ISO-10303-21;
HEADER;
/* Generated by software containing ST-Developer
 * from STEP Tools, Inc. (www.steptools.com) 
 */

FILE_DESCRIPTION(
/* description */ (''),
/* implementation_level */ '2;1');

FILE_NAME(
/* name */ 'link_2.step',
/* time_stamp */ '2026-09-21T22:45:34+05:30',
/* author */ (''),
/* organization */ (''),
/* preprocessor_version */ 'ST-DEVELOPER v20.2',
/* originating_system */ 'Autodesk Translation Framework v15.15.0.0',
/* authorisation */ '');

FILE_SCHEMA (('AUTOMOTIVE_DESIGN { 1 0 10303 214 3 1 1 }'));
ENDSEC;

DATA;
#10=MECHANICAL_DESIGN_GEOMETRIC_PRESENTATION_REPRESENTATION('',(#72,#73),
#9259);
#11=SHAPE_REPRESENTATION_RELATIONSHIP('SRR','None',#9266,#12);
#12=ADVANCED_BREP_SHAPE_REPRESENTATION('',(#74,#75),#9258);
#13=B_SPLINE_SURFACE_WITH_KNOTS('',3,1,((#6810,#6811),(#6812,#6813),(#6814,
#6815),(#6816,#6817)),.UNSPECIFIED.,.F.,.F.,.F.,(4,4),(2,2),(0.,0.987934198265749),
(0.,2.17784718568352),.UNSPECIFIED.);
#14=B_SPLINE_SURFACE_WITH_KNOTS('',3,1,((#6857,#6858),(#6859,#6860),(#6861,
#6862),(#6863,#6864)),.UNSPECIFIED.,.F.,.F.,.F.,(4,4),(2,2),(-1.17093834628434E-16,
0.987934198137675),(0.,2.17784718568353),.UNSPECIFIED.);
#15=B_SPLINE_SURFACE_WITH_KNOTS('',3,1,((#7727,#7728),(#7729,#7730),(#7731,
#7732),(#7733,#7734)),.UNSPECIFIED.,.F.,.F.,.F.,(4,4),(2,2),(0.,0.987934198372169),
(0.,2.17784718568353),.UNSPECIFIED.);
#16=B_SPLINE_SURFACE_WITH_KNOTS('',3,1,((#7813,#7814),(#7815,#7816),(#7817,
#7818),(#7819,#7820)),.UNSPECIFIED.,.F.,.F.,.F.,(4,4),(2,2),(0.,0.987934198244091),
(0.,2.17784718568353),.UNSPECIFIED.);
#17=B_SPLINE_SURFACE_WITH_KNOTS('',3,1,((#8926,#8927),(#8928,#8929),(#8930,
#8931),(#8932,#8933),(#8934,#8935),(#8936,#8937),(#8938,#8939),(#8940,#8941),
(#8942,#8943),(#8944,#8945),(#8946,#8947),(#8948,#8949),(#8950,#8951)),
 .UNSPECIFIED.,.F.,.F.,.F.,(4,1,1,1,1,1,1,1,1,1,4),(2,2),(0.0611251513364039,
0.177910737010709,0.294696322685013,0.411481908359318,0.528267494033622,
0.586660286870775,0.645053079707927,0.703445872545079,0.761838665382232,
0.878624251056536,0.995409836730841),(0.,4.68000000000002),
 .UNSPECIFIED.);
#18=B_SPLINE_SURFACE_WITH_KNOTS('',3,1,((#9230,#9231),(#9232,#9233),(#9234,
#9235),(#9236,#9237),(#9238,#9239),(#9240,#9241),(#9242,#9243),(#9244,#9245),
(#9246,#9247),(#9248,#9249),(#9250,#9251),(#9252,#9253),(#9254,#9255)),
 .UNSPECIFIED.,.F.,.F.,.F.,(4,1,1,1,1,1,1,1,1,1,4),(2,2),(0.0611251513363968,
0.177910737009952,0.294696322683507,0.411481908357062,0.528267494030618,
0.586660286867395,0.645053079704173,0.70344587254095,0.761838665377728,
0.878624251051283,0.995409836724838),(0.,4.68000000005057),
 .UNSPECIFIED.);
#19=SPHERICAL_SURFACE('',#1782,0.5);
#20=SPHERICAL_SURFACE('',#1785,0.5);
#21=SPHERICAL_SURFACE('',#1791,0.5);
#22=SPHERICAL_SURFACE('',#1794,0.5);
#23=CONICAL_SURFACE('',#1777,9.34916011637799,0.959931088596879);
#24=CONICAL_SURFACE('',#1780,9.34916011637799,0.959931088596879);
#25=FACE_BOUND('',#309,.T.);
#26=FACE_BOUND('',#311,.T.);
#27=FACE_BOUND('',#312,.T.);
#28=FACE_BOUND('',#313,.T.);
#29=FACE_BOUND('',#321,.T.);
#30=FACE_BOUND('',#322,.T.);
#31=FACE_BOUND('',#323,.T.);
#32=FACE_BOUND('',#333,.T.);
#33=FACE_BOUND('',#334,.T.);
#34=FACE_BOUND('',#335,.T.);
#35=FACE_BOUND('',#336,.T.);
#36=FACE_BOUND('',#337,.T.);
#37=FACE_BOUND('',#338,.T.);
#38=FACE_BOUND('',#352,.T.);
#39=FACE_BOUND('',#362,.T.);
#40=FACE_BOUND('',#397,.T.);
#41=FACE_BOUND('',#404,.T.);
#42=(
BOUNDED_CURVE()
B_SPLINE_CURVE(2,(#2577,#2578,#2579),.UNSPECIFIED.,.F.,.F.)
B_SPLINE_CURVE_WITH_KNOTS((3,3),(-1.00002222048546,1.42927456912273E-5),
 .UNSPECIFIED.)
CURVE()
GEOMETRIC_REPRESENTATION_ITEM()
RATIONAL_B_SPLINE_CURVE((1.00001162025975,0.738519982825412,1.00000747436869))
REPRESENTATION_ITEM('')
);
#43=(
BOUNDED_CURVE()
B_SPLINE_CURVE(2,(#2671,#2672,#2673),.UNSPECIFIED.,.F.,.F.)
B_SPLINE_CURVE_WITH_KNOTS((3,3),(-1.00000267103037,2.16150818529794E-6),
 .UNSPECIFIED.)
CURVE()
GEOMETRIC_REPRESENTATION_ITEM()
RATIONAL_B_SPLINE_CURVE((1.00000156154271,0.707688444647895,1.00000126366426))
REPRESENTATION_ITEM('')
);
#44=(
BOUNDED_CURVE()
B_SPLINE_CURVE(2,(#3514,#3515,#3516),.UNSPECIFIED.,.F.,.F.)
B_SPLINE_CURVE_WITH_KNOTS((3,3),(-0.999997285176522,-1.6494072889071E-5),
 .UNSPECIFIED.)
CURVE()
GEOMETRIC_REPRESENTATION_ITEM()
RATIONAL_B_SPLINE_CURVE((0.999998406649407,0.706551028989732,0.999990319636286))
REPRESENTATION_ITEM('')
);
#45=(
BOUNDED_CURVE()
B_SPLINE_CURVE(2,(#4077,#4078,#4079),.UNSPECIFIED.,.F.,.F.)
B_SPLINE_CURVE_WITH_KNOTS((3,3),(-1.00000245308555,2.976333571854E-6),
 .UNSPECIFIED.)
CURVE()
GEOMETRIC_REPRESENTATION_ITEM()
RATIONAL_B_SPLINE_CURVE((1.00000143420484,0.707672424015897,1.00000174012449))
REPRESENTATION_ITEM('')
);
#46=(
BOUNDED_SURFACE()
B_SPLINE_SURFACE(3,2,((#2311,#2312,#2313),(#2314,#2315,#2316),(#2317,#2318,
#2319),(#2320,#2321,#2322),(#2323,#2324,#2325),(#2326,#2327,#2328),(#2329,
#2330,#2331),(#2332,#2333,#2334),(#2335,#2336,#2337),(#2338,#2339,#2340),
(#2341,#2342,#2343),(#2344,#2345,#2346),(#2347,#2348,#2349),(#2350,#2351,
#2352),(#2353,#2354,#2355),(#2356,#2357,#2358),(#2359,#2360,#2361),(#2362,
#2363,#2364),(#2365,#2366,#2367),(#2368,#2369,#2370),(#2371,#2372,#2373),
(#2374,#2375,#2376),(#2377,#2378,#2379),(#2380,#2381,#2382),(#2383,#2384,
#2385),(#2386,#2387,#2388),(#2389,#2390,#2391),(#2392,#2393,#2394),(#2395,
#2396,#2397),(#2398,#2399,#2400),(#2401,#2402,#2403),(#2404,#2405,#2406),
(#2407,#2408,#2409),(#2410,#2411,#2412),(#2413,#2414,#2415),(#2416,#2417,
#2418),(#2419,#2420,#2421),(#2422,#2423,#2424),(#2425,#2426,#2427),(#2428,
#2429,#2430),(#2431,#2432,#2433),(#2434,#2435,#2436),(#2437,#2438,#2439),
(#2440,#2441,#2442),(#2443,#2444,#2445),(#2446,#2447,#2448),(#2449,#2450,
#2451),(#2452,#2453,#2454),(#2455,#2456,#2457),(#2458,#2459,#2460),(#2461,
#2462,#2463),(#2464,#2465,#2466),(#2467,#2468,#2469),(#2470,#2471,#2472),
(#2473,#2474,#2475),(#2476,#2477,#2478),(#2479,#2480,#2481),(#2482,#2483,
#2484),(#2485,#2486,#2487),(#2488,#2489,#2490),(#2491,#2492,#2493),(#2494,
#2495,#2496),(#2497,#2498,#2499),(#2500,#2501,#2502),(#2503,#2504,#2505),
(#2506,#2507,#2508),(#2509,#2510,#2511),(#2512,#2513,#2514),(#2515,#2516,
#2517),(#2518,#2519,#2520),(#2521,#2522,#2523),(#2524,#2525,#2526),(#2527,
#2528,#2529),(#2530,#2531,#2532),(#2533,#2534,#2535),(#2536,#2537,#2538),
(#2539,#2540,#2541),(#2542,#2543,#2544),(#2545,#2546,#2547),(#2548,#2549,
#2550),(#2551,#2552,#2553),(#2554,#2555,#2556),(#2557,#2558,#2559),(#2560,
#2561,#2562),(#2563,#2564,#2565),(#2566,#2567,#2568),(#2569,#2570,#2571),
(#2572,#2573,#2574)),.UNSPECIFIED.,.T.,.F.,.F.)
B_SPLINE_SURFACE_WITH_KNOTS((4,1,1,1,1,1,1,1,1,1,1,1,1,1,1,1,1,1,1,1,1,
1,1,1,1,1,1,1,1,1,1,1,1,1,1,1,1,1,1,1,1,1,1,1,1,1,1,1,1,1,1,1,1,1,1,1,1,
1,1,1,1,1,1,1,1,1,1,1,1,1,1,1,1,1,1,1,1,1,1,1,1,1,1,1,1,4),(3,3),(-0.111307931746899,
-0.110438338530126,-0.109568745313354,-0.107829558879808,-0.106090372446263,
-0.10522077922949,-0.104351186012718,-0.102611999579172,-0.100872813145627,
-0.0991336267120819,-0.0982640334953093,-0.0973944402785366,-0.0956552538449913,
-0.093916067411446,-0.0921768809779007,-0.0904376945443554,-0.0886985081108101,
-0.0878289148940375,-0.0869593216772648,-0.0860897284604922,-0.0852201352437195,
-0.0834809488101742,-0.0817417623766289,-0.0808721691598563,-0.0800025759430836,
-0.0765242030759931,-0.0756546098592204,-0.0747850166424478,-0.0730458302089025,
-0.0713066437753572,-0.0704370505585845,-0.0695674573418119,-0.0686978641250392,
-0.0678282709082666,-0.0660890844747213,-0.064349898041176,-0.0626107116076307,
-0.0608715251740854,-0.0591323387405401,-0.0582627455237674,-0.0573931523069948,
-0.0556539658734495,-0.0539147794399042,-0.0530451862231315,-0.0521755930063589,
-0.0504364065728136,-0.0486972201392683,-0.0478276269224957,-0.046958033705723,
-0.0452188472721777,-0.0434796608386324,-0.0417404744050871,-0.0408708811883145,
-0.0400012879715418,-0.0382621015379965,-0.0365229151044512,-0.0356533218876786,
-0.0347837286709059,-0.0339141354541333,-0.0330445422373606,-0.0313053558038154,
-0.0295661693702701,-0.0286965761534974,-0.0278269829367248,-0.0260877965031795,
-0.0243486100696342,-0.0234790168528615,-0.0226094236360889,-0.0217398304193162,
-0.0208702372025436,-0.0191310507689983,-0.0182614575522256,-0.017391864335453,
-0.0165222711186803,-0.0156526779019077,-0.0139134914683624,-0.0121743050348171,
-0.0113047118180444,-0.0104351186012718,-0.00869593216772649,-0.00695674573418119,
-0.00521755930063589,-0.0034783728670906,-0.0017391864335453,-0.000869593216772657,
0.),(-0.000177855140861536,1.00003034107209),.UNSPECIFIED.)
GEOMETRIC_REPRESENTATION_ITEM()
RATIONAL_B_SPLINE_SURFACE(((1.00009302427641,0.738475090139619,1.00001586707016),
(1.0000936997223,0.736576167272286,1.00001598228038),(1.00009506347176,
0.732742173928344,1.00001621489395),(1.00009783664328,0.724945785098363,
1.00001668791141),(1.00010106061862,0.715882023540606,1.00001723782208),
(1.00010374196451,0.708343789770051,1.00001769517693),(1.0001055493258,
0.703262643020794,1.00001800345698),(1.0001071425561,0.698783496005149,
1.00001827521289),(1.00010870094886,0.694402289897613,1.00001854102659),
(1.00011001970968,0.690694775938506,1.00001876596648),(1.00011074967732,
0.688642572692372,1.00001889047643),(1.0001111572616,0.6874967057707,1.00001895999772),
(1.0001114537795,0.68666308662285,1.00001901057452),(1.00011164925353,0.686113538387096,
1.00001904391636),(1.00011167990976,0.686027352630635,1.00001904914537),
(1.00011156263669,0.686357049662326,1.0000190291422),(1.00011135263454,
0.686947441729954,1.00001899332232),(1.00011113709476,0.687553402060883,
1.00001895655788),(1.00011095667485,0.688060627716822,1.00001892578382),
(1.00011082035686,0.688443866940545,1.00001890253217),(1.00011068825025,
0.68881526642794,1.00001887999886),(1.00011052250328,0.689281241152657,
1.00001885172755),(1.00011034005103,0.689794180465851,1.00001882060682),
(1.00011020322924,0.690178836044196,1.00001879726925),(1.00011012689438,
0.690393440962316,1.00001878424888),(1.00011004942926,0.69061122343667,
1.00001877103572),(1.00011006614872,0.690564218981704,1.00001877388755),
(1.00011017485099,0.690258617568369,1.0000187924288),(1.00011027096007,
0.689988420154287,1.00001880882204),(1.00011042927558,0.689543337957833,
1.00001883582578),(1.00011062761301,0.688985739644829,1.00001886965602),
(1.00011080151782,0.688496830284017,1.00001889931881),(1.00011093719703,
0.688115386925383,1.0000189224615),(1.00011107387798,0.687731127318962,
1.00001894577505),(1.00011125037107,0.687234941348188,1.00001897587932),
(1.00011145187374,0.686668444416743,1.00001901024946),(1.00011162743421,
0.68617488039491,1.00001904019466),(1.00011168800981,0.686004580443652,
1.00001905052699),(1.00011157632865,0.686318556609931,1.00001903147763),
(1.00011128914373,0.687125937362646,1.00001898249274),(1.00011090170642,
0.688215163888836,1.0000189164079),(1.00011039019096,0.689653218966363,
1.00001882915915),(1.00010950367835,0.692145526770146,1.00001867794746),
(1.00010820517776,0.695796081908889,1.00001845646334),(1.00010685291024,
0.699597795331873,1.00001822580824),(1.00010529616053,0.703974382209816,
1.0000179602748),(1.00010294233008,0.710591851558097,1.00001755878398),
(1.00009999831315,0.718868548704493,1.00001705662556),(1.00009735162184,
0.726309355912097,1.00001660518172),(1.00009454239726,0.734207102944964,
1.00001612601472),(1.00009124852948,0.743467357467208,1.00001556418255),
(1.0000870126863,0.755375845738338,1.00001484167845),(1.00008307275207,
0.766452426867601,1.00001416964729),(1.00007966418292,0.776035148435493,
1.0000135882506),(1.00007620578228,0.785757964368249,1.0000129983542),(1.00007199042691,
0.797608853985651,1.00001227934469),(1.00006859597218,0.807151894821375,
1.00001170035549),(1.00006646073297,0.813154825058005,1.00001133614959),
(1.00006509691609,0.816989007926636,1.00001110352453),(1.00006394156354,
0.820237122087935,1.00001090645705),(1.00006262875456,0.823927903302433,
1.00001068253236),(1.0000613075577,0.827642265861581,1.00001045717696),
(1.00006027382318,0.830548467746128,1.00001028085375),(1.00005959041038,
0.832469788465242,1.00001016428463),(1.00005900043487,0.834128423163595,
1.00001006365301),(1.00005845486709,0.83566221166517,1.00000997059599),
(1.00005814594105,0.836530714562471,1.00000991790274),(1.00005804141207,
0.836824583368017,1.00000990007333),(1.00005803555769,0.836841042136483,
1.00000989907475),(1.00005810350767,0.836650010154252,1.00000991066492),
(1.00005828992315,0.836125928769713,1.00000994246165),(1.00005861832178,
0.835202681350969,1.00000999847632),(1.00005909052291,0.833875153092509,
1.00001007901925),(1.00005951980351,0.832668289953761,1.00001015224127),
(1.00006002524969,0.831247297791193,1.00001023845479),(1.00006079451631,
0.829084610885032,1.00001036966793),(1.00006195026018,0.825835396568163,
1.00001056680216),(1.00006344204212,0.821641457607892,1.00001082125411),
(1.00006496237232,0.817367259156832,1.00001108057552),(1.00006673599107,
0.812380974896548,1.00001138310013),(1.0000695650007,0.804427604929193,
1.00001186564185),(1.00007418005777,0.791453009123749,1.00001265282813),
(1.00007947956171,0.776554185463205,1.00001355675992),(1.00008446869349,
0.762527930303081,1.0000144077518),(1.00008820470627,0.752024646174662,
1.00001504500026),(1.00009101079642,0.744135711132343,1.00001552363263),
(1.00009234883052,0.740374013006952,1.00001575185994),(1.00009302427641,
0.738475090139619,1.00001586707016)))
REPRESENTATION_ITEM('')
SURFACE()
);
#47=(
BOUNDED_SURFACE()
B_SPLINE_SURFACE(3,2,((#3263,#3264,#3265),(#3266,#3267,#3268),(#3269,#3270,
#3271),(#3272,#3273,#3274),(#3275,#3276,#3277),(#3278,#3279,#3280),(#3281,
#3282,#3283),(#3284,#3285,#3286),(#3287,#3288,#3289),(#3290,#3291,#3292),
(#3293,#3294,#3295),(#3296,#3297,#3298),(#3299,#3300,#3301),(#3302,#3303,
#3304),(#3305,#3306,#3307),(#3308,#3309,#3310),(#3311,#3312,#3313),(#3314,
#3315,#3316),(#3317,#3318,#3319),(#3320,#3321,#3322),(#3323,#3324,#3325),
(#3326,#3327,#3328),(#3329,#3330,#3331),(#3332,#3333,#3334),(#3335,#3336,
#3337),(#3338,#3339,#3340),(#3341,#3342,#3343),(#3344,#3345,#3346),(#3347,
#3348,#3349),(#3350,#3351,#3352),(#3353,#3354,#3355),(#3356,#3357,#3358),
(#3359,#3360,#3361),(#3362,#3363,#3364),(#3365,#3366,#3367),(#3368,#3369,
#3370),(#3371,#3372,#3373),(#3374,#3375,#3376),(#3377,#3378,#3379),(#3380,
#3381,#3382),(#3383,#3384,#3385),(#3386,#3387,#3388),(#3389,#3390,#3391),
(#3392,#3393,#3394),(#3395,#3396,#3397),(#3398,#3399,#3400),(#3401,#3402,
#3403),(#3404,#3405,#3406),(#3407,#3408,#3409),(#3410,#3411,#3412),(#3413,
#3414,#3415),(#3416,#3417,#3418),(#3419,#3420,#3421),(#3422,#3423,#3424),
(#3425,#3426,#3427),(#3428,#3429,#3430),(#3431,#3432,#3433),(#3434,#3435,
#3436),(#3437,#3438,#3439),(#3440,#3441,#3442),(#3443,#3444,#3445),(#3446,
#3447,#3448),(#3449,#3450,#3451),(#3452,#3453,#3454),(#3455,#3456,#3457),
(#3458,#3459,#3460),(#3461,#3462,#3463),(#3464,#3465,#3466),(#3467,#3468,
#3469),(#3470,#3471,#3472),(#3473,#3474,#3475),(#3476,#3477,#3478),(#3479,
#3480,#3481),(#3482,#3483,#3484),(#3485,#3486,#3487),(#3488,#3489,#3490),
(#3491,#3492,#3493),(#3494,#3495,#3496),(#3497,#3498,#3499),(#3500,#3501,
#3502),(#3503,#3504,#3505),(#3506,#3507,#3508),(#3509,#3510,#3511)),
 .UNSPECIFIED.,.T.,.F.,.F.)
B_SPLINE_SURFACE_WITH_KNOTS((4,1,1,1,1,1,1,1,1,1,1,1,1,1,1,1,1,1,1,1,1,
1,1,1,1,1,1,1,1,1,1,1,1,1,1,1,1,1,1,1,1,1,1,1,1,1,1,1,1,1,1,1,1,1,1,1,1,
1,1,1,1,1,1,1,1,1,1,1,1,1,1,1,1,1,1,1,1,1,1,1,4),(3,3),(-0.111683668655841,
-0.110811139994467,-0.109938611333093,-0.108193554010346,-0.106448496687598,
-0.105575968026225,-0.104703439364851,-0.102958382042103,-0.101213324719356,
-0.100340796057982,-0.0994682673966082,-0.0977232100738607,-0.0959781527511132,
-0.0942330954283657,-0.0933605667669919,-0.0924880381056182,-0.0907429807828707,
-0.0889979234601232,-0.0872528661373757,-0.0863803374760019,-0.0855078088146281,
-0.0837627514918806,-0.0820176941691331,-0.0811451655077594,-0.0802726368463856,
-0.0785275795236381,-0.0767825222008906,-0.0750374648781431,-0.0732924075553955,
-0.071547350232648,-0.0698022929099005,-0.068057235587153,-0.0663121782644055,
-0.0654396496030317,-0.064567120941658,-0.0628220636189105,-0.061077006296163,
-0.0593319489734154,-0.0584594203120417,-0.0575868916506679,-0.0558418343279204,
-0.0540967770051729,-0.0532242483437991,-0.0523517196824254,-0.0506066623596779,
-0.0488616050369304,-0.0471165477141828,-0.0462440190528091,-0.0453714903914353,
-0.0436264330686878,-0.0418813757459403,-0.0401363184231928,-0.0383912611004453,
-0.0366462037776978,-0.035773675116324,-0.0349011464549503,-0.0331560891322027,
-0.0314110318094552,-0.0296659744867077,-0.028793445825334,-0.0279209171639602,
-0.0261758598412127,-0.0244308025184652,-0.0226857451957177,-0.0209406878729702,
-0.0191956305502227,-0.0183231018888489,-0.0174505732274751,-0.0165780445661014,
-0.0157055159047276,-0.0139604585819801,-0.0122154012592326,-0.0113428725978588,
-0.0104703439364851,-0.00698022929099006,-0.0061077006296163,-0.00523517196824254,
-0.00349011464549502,-0.0017450573227475,-0.000872528661373759,0.),(-0.000116820495614937,
1.00009288198771),.UNSPECIFIED.)
GEOMETRIC_REPRESENTATION_ITEM()
RATIONAL_B_SPLINE_SURFACE(((1.00006857103504,0.706483847548567,1.00005451835787),
(1.00006825951195,0.707817312338651,1.00005427067709),(1.00006759752576,
0.710650923330264,1.00005374435574),(1.00006613095198,0.716928546107112,
1.0000525783358),(1.00006402581462,0.725939520173523,1.00005090461698),
(1.00006171973449,0.735810623425361,1.00004907113581),(1.0000599772003,
0.743269486096552,1.00004768570969),(1.00005813838648,0.751140470618864,
1.00004622373512),(1.0000557045842,0.761558284524213,1.00004428870666),
(1.00005299220149,0.773168553137536,1.00004213218896),(1.00005072626881,
0.782867806488103,1.00004033062758),(1.00004846286881,0.79255621878675,
1.00003853107984),(1.00004589612667,0.803543077572081,1.00003649035569),
(1.00004361740348,0.813297080300734,1.00003467862503),(1.00004226789111,
0.81907362541558,1.0000336056764),(1.00004138985075,0.822832049506734,1.00003290757816),
(1.00004062282605,0.82611527453701,1.00003229774448),(1.00003985022442,
0.829422371427069,1.00003168347678),(1.00003913251135,0.832494519596655,
1.00003111284899),(1.00003868895776,0.834393136729762,1.00003076019552),
(1.00003842506504,0.835522721190284,1.00003055038393),(1.00003822748349,
0.836368462813039,1.00003039329396),(1.00003809927762,0.836917243986548,
1.0000302913621),(1.00003812711948,0.836798067765453,1.00003031349816),
(1.0000382462823,0.836287995061964,1.00003040824022),(1.00003842903916,
0.835505710108944,1.00003055354361),(1.00003877304591,0.834033200061321,
1.00003082705098),(1.00003937174545,0.831470485554312,1.0000313030554),
(1.00004017957499,0.828012596699965,1.00003194533154),(1.00004120541373,
0.823621526324528,1.00003276093894),(1.00004254021604,0.817907947161507,
1.00003382219213),(1.00004440794785,0.809913180065981,1.00003530715836),
(1.00004702670955,0.798703653225782,1.00003738924138),(1.00004977311406,
0.786947755352169,1.00003957280859),(1.00005204418426,0.777226511010747,
1.00004137845463),(1.00005429466164,0.767593413558061,1.00004316772807),
(1.00005691018936,0.756397729659886,1.00004524723986),(1.00005971666545,
0.744384697281063,1.00004747856782),(1.00006186232643,0.735200263126302,
1.00004918450552),(1.00006370139948,0.727328168961438,1.0000506466862),
(1.000065472125,0.719748634226421,1.00005205452622),(1.00006744157692,0.711318457417838,
1.00005362036644),(1.00006902167937,0.704554878716796,1.00005487664893),
(1.00007006670042,0.700081699093846,1.00005570750749),(1.00007097665872,
0.696186651272425,1.00005643098254),(1.00007185134724,0.692442574678913,
1.00005712641584),(1.00007256899772,0.689370694439474,1.00005769699386),
(1.00007294866221,0.687745552563724,1.00005799885141),(1.00007314826346,
0.68689116571402,1.00005815754717),(1.00007328394827,0.686310371161626,
1.00005826542527),(1.00007335381629,0.686011303302042,1.00005832097482),
(1.00007332341956,0.686141415520158,1.00005829680748),(1.00007321236885,
0.68661676460949,1.00005820851506),(1.00007305564016,0.687287636794823,
1.00005808390573),(1.00007290807824,0.687919270952827,1.00005796658456),
(1.00007278960529,0.688426390696835,1.00005787239099),(1.00007267316281,
0.68892481904687,1.00005777981177),(1.00007254041663,0.689493034888684,
1.00005767427007),(1.00007241308633,0.69003806818978,1.00005757303435),
(1.00007234031632,0.6903495579389,1.00005751517753),(1.0000723054482,0.690498809833926,
1.00005748745514),(1.00007228729392,0.690576518654364,1.00005747302133),
(1.00007229569698,0.690540549606408,1.0000574797023),(1.00007235422317,
0.690290030105284,1.00005752623437),(1.0000724596176,0.689838892576379,
1.00005761002968),(1.00007260131456,0.689232363193074,1.00005772268782),
(1.00007274085513,0.688635064195112,1.0000578336315),(1.00007285878674,
0.688130261667052,1.00005792739467),(1.00007294865608,0.687745578798899,
1.00005799884654),(1.00007303630955,0.687370380879555,1.00005806853666),
(1.00007314603414,0.686900708235654,1.00005815577472),(1.00007326340738,
0.686398295781458,1.00005824909395),(1.00007333267894,0.686101781034404,
1.00005830416928),(1.0000733417153,0.686063101193608,1.00005831135376),
(1.00007329782887,0.686250955697122,1.00005827646124),(1.00007309364209,
0.687124970766099,1.00005811411969),(1.00007259858154,0.689244061817029,
1.0000577205149),(1.0000721769247,0.691048950612358,1.00005738527074),(1.00007147308012,
0.69406173515566,1.00005682566929),(1.00007047643951,0.698327823853602,
1.00005603327627),(1.00006946666434,0.702650134589761,1.00005523044044),
(1.00006888255814,0.705150382758483,1.00005476603866),(1.00006857103504,
0.706483847548567,1.00005451835787)))
REPRESENTATION_ITEM('')
SURFACE()
);
#48=(
BOUNDED_SURFACE()
B_SPLINE_SURFACE(3,2,((#5010,#5011,#5012),(#5013,#5014,#5015),(#5016,#5017,
#5018),(#5019,#5020,#5021),(#5022,#5023,#5024),(#5025,#5026,#5027),(#5028,
#5029,#5030),(#5031,#5032,#5033)),.UNSPECIFIED.,.F.,.F.,.F.)
B_SPLINE_SURFACE_WITH_KNOTS((4,1,1,1,1,4),(3,3),(-1.92445885616177E-18,
0.000103008599638845,0.000206017199277692,0.000412034398555387,0.000618051597833081,
0.000824068797110775),(-8.92724417907937E-5,1.),.UNSPECIFIED.)
GEOMETRIC_REPRESENTATION_ITEM()
RATIONAL_B_SPLINE_SURFACE(((1.00001766011941,0.901088627956275,1.),(1.00001766011737,
0.901088639336625,1.),(1.00001711603358,0.904135961562838,1.),(1.00001407382945,
0.921174837560547,1.),(1.00000793534264,0.95555547445011,1.),(1.00000158830394,
0.991104175566038,1.),(0.999999999999821,1.00000000100046,1.),(1.,1.,1.)))
REPRESENTATION_ITEM('')
SURFACE()
);
#49=(
BOUNDED_SURFACE()
B_SPLINE_SURFACE(3,2,((#5151,#5152,#5153),(#5154,#5155,#5156),(#5157,#5158,
#5159),(#5160,#5161,#5162),(#5163,#5164,#5165),(#5166,#5167,#5168),(#5169,
#5170,#5171),(#5172,#5173,#5174)),.UNSPECIFIED.,.F.,.F.,.F.)
B_SPLINE_SURFACE_WITH_KNOTS((4,1,1,1,1,4),(3,3),(0.,0.000103008599639481,
0.000206017199278962,0.000412034398557923,0.000618051597836885,0.000824068797115846),
(0.,1.),.UNSPECIFIED.)
GEOMETRIC_REPRESENTATION_ITEM()
RATIONAL_B_SPLINE_SURFACE(((1.,0.901097457217267,1.),(1.,0.901097468596776,
1.),(1.,0.904144518805506,1.),(1.,0.921181873839123,1.),(1.,0.955559441762997,
1.),(1.,0.99110496964631,1.),(1.,1.00000000100037,1.),(1.,1.,1.)))
REPRESENTATION_ITEM('')
SURFACE()
);
#50=(
BOUNDED_SURFACE()
B_SPLINE_SURFACE(3,2,((#5376,#5377,#5378),(#5379,#5380,#5381),(#5382,#5383,
#5384),(#5385,#5386,#5387),(#5388,#5389,#5390),(#5391,#5392,#5393),(#5394,
#5395,#5396),(#5397,#5398,#5399)),.UNSPECIFIED.,.F.,.F.,.F.)
B_SPLINE_SURFACE_WITH_KNOTS((4,1,1,1,1,4),(3,3),(-4.49943901581484E-18,
0.000103008599639467,0.000206017199278938,0.00041203439855788,0.000618051597836822,
0.000824068797115764),(0.,1.),.UNSPECIFIED.)
GEOMETRIC_REPRESENTATION_ITEM()
RATIONAL_B_SPLINE_SURFACE(((1.,0.901097457217274,1.),(1.,0.901097468596869,
1.),(1.,0.904144518805471,1.),(1.,0.921181873839119,1.),(1.,0.955559441762996,
1.),(1.,0.9911049696463,1.),(1.,1.00000000100037,1.),(1.,1.,1.)))
REPRESENTATION_ITEM('')
SURFACE()
);
#51=(
BOUNDED_SURFACE()
B_SPLINE_SURFACE(3,2,((#5894,#5895,#5896),(#5897,#5898,#5899),(#5900,#5901,
#5902),(#5903,#5904,#5905),(#5906,#5907,#5908),(#5909,#5910,#5911),(#5912,
#5913,#5914),(#5915,#5916,#5917)),.UNSPECIFIED.,.F.,.F.,.F.)
B_SPLINE_SURFACE_WITH_KNOTS((4,1,1,1,1,4),(3,3),(0.,0.000103008599640145,
0.000206017199280291,0.000412034398560582,0.000618051597840873,0.000824068797121164),
(0.,1.00008863158264),.UNSPECIFIED.)
GEOMETRIC_REPRESENTATION_ITEM()
RATIONAL_B_SPLINE_SURFACE(((1.,0.901088691317893,1.00001753333166),(1.,
0.901088702697104,1.00001753332964),(1.,0.904136022972984,1.000016993152),
(1.,0.921174888055447,1.00001397278885),(1.,0.955555502921899,1.00000787837223),
(1.,0.991104181264878,1.00000157690099),(1.,1.00000000100046,0.999999999999822),
(1.,1.,1.)))
REPRESENTATION_ITEM('')
SURFACE()
);
#52=(
BOUNDED_SURFACE()
B_SPLINE_SURFACE(3,2,((#6136,#6137,#6138),(#6139,#6140,#6141),(#6142,#6143,
#6144),(#6145,#6146,#6147),(#6148,#6149,#6150),(#6151,#6152,#6153),(#6154,
#6155,#6156),(#6157,#6158,#6159),(#6160,#6161,#6162),(#6163,#6164,#6165),
(#6166,#6167,#6168),(#6169,#6170,#6171),(#6172,#6173,#6174),(#6175,#6176,
#6177),(#6178,#6179,#6180),(#6181,#6182,#6183),(#6184,#6185,#6186),(#6187,
#6188,#6189),(#6190,#6191,#6192),(#6193,#6194,#6195),(#6196,#6197,#6198)),
 .UNSPECIFIED.,.F.,.F.,.F.)
B_SPLINE_SURFACE_WITH_KNOTS((4,1,1,1,1,1,1,1,1,1,1,1,1,1,1,1,1,1,4),(3,
3),(0.00408489675412963,0.00646118598028594,0.00764933059336409,0.00883747520644224,
0.0112137644325986,0.0124019090456767,0.0135900536587549,0.014778198271833,
0.0159663428849112,0.0171544874979893,0.0183426321110675,0.0195307767241456,
0.0207189213372238,0.0213129936437629,0.0219070659503019,0.022501138256841,
0.0227981744101106,0.0229466924867453,0.0230952105633801),(0.,1.),
 .UNSPECIFIED.)
GEOMETRIC_REPRESENTATION_ITEM()
RATIONAL_B_SPLINE_SURFACE(((1.,0.707106781186547,1.),(1.,0.707106781186547,
1.),(1.,0.707106781186561,1.),(1.,0.707106781186536,1.),(1.,0.70710678118656,
1.),(1.,0.707106781186544,1.),(1.,0.707106781186547,1.),(1.,0.707106781186547,
1.),(1.,0.707106781186546,1.),(1.,0.707106781186547,1.),(1.,0.707106781186547,
1.),(1.,0.707106781186547,1.),(1.,0.707106781186548,1.),(1.,0.707106781186548,
1.),(1.,0.707106781186548,1.),(1.,0.707106781186552,1.),(1.,0.707106781186533,
1.),(1.,0.707106781186556,1.),(1.,0.707106781186538,1.),(1.,0.707106781186548,
1.),(1.,0.707106781186548,1.)))
REPRESENTATION_ITEM('')
SURFACE()
);
#53=(
BOUNDED_SURFACE()
B_SPLINE_SURFACE(3,2,((#6296,#6297,#6298),(#6299,#6300,#6301),(#6302,#6303,
#6304),(#6305,#6306,#6307),(#6308,#6309,#6310),(#6311,#6312,#6313),(#6314,
#6315,#6316),(#6317,#6318,#6319),(#6320,#6321,#6322),(#6323,#6324,#6325),
(#6326,#6327,#6328),(#6329,#6330,#6331),(#6332,#6333,#6334),(#6335,#6336,
#6337),(#6338,#6339,#6340),(#6341,#6342,#6343),(#6344,#6345,#6346),(#6347,
#6348,#6349),(#6350,#6351,#6352),(#6353,#6354,#6355),(#6356,#6357,#6358)),
 .UNSPECIFIED.,.F.,.F.,.F.)
B_SPLINE_SURFACE_WITH_KNOTS((4,1,1,1,1,1,1,1,1,1,1,1,1,1,1,1,1,1,4),(3,
3),(0.00408489675336269,0.00646118597980123,0.0076493305930205,0.00883747520623977,
0.0112137644326783,0.0124019090458976,0.0135900536591169,0.0147781982723361,
0.0159663428855554,0.0171544874987747,0.0183426321119939,0.0195307767252132,
0.0207189213384325,0.0213129936450421,0.0219070659516518,0.0225011382582614,
0.0227981744115662,0.0229466924882186,0.023095210564871),(0.,1.),
 .UNSPECIFIED.)
GEOMETRIC_REPRESENTATION_ITEM()
RATIONAL_B_SPLINE_SURFACE(((1.,0.707106781186555,1.),(1.,0.707106781186555,
1.),(1.,0.707106781186553,1.),(1.,0.707106781186547,1.),(1.,0.707106781186549,
1.),(1.,0.707106781186543,1.),(1.,0.707106781186555,1.),(1.,0.707106781186546,
1.),(1.,0.707106781186548,1.),(1.,0.707106781186548,1.),(1.,0.707106781186547,
1.),(1.,0.70710678118655,1.),(1.,0.707106781186546,1.),(1.,0.707106781186548,
1.),(1.,0.707106781186547,1.),(1.,0.707106781186551,1.),(1.,0.707106781186539,
1.),(1.,0.70710678118656,1.),(1.,0.707106781186545,1.),(1.,0.707106781186548,
1.),(1.,0.707106781186548,1.)))
REPRESENTATION_ITEM('')
SURFACE()
);
#54=(
BOUNDED_SURFACE()
B_SPLINE_SURFACE(3,2,((#6463,#6464,#6465),(#6466,#6467,#6468),(#6469,#6470,
#6471),(#6472,#6473,#6474),(#6475,#6476,#6477),(#6478,#6479,#6480),(#6481,
#6482,#6483),(#6484,#6485,#6486),(#6487,#6488,#6489),(#6490,#6491,#6492),
(#6493,#6494,#6495),(#6496,#6497,#6498),(#6499,#6500,#6501),(#6502,#6503,
#6504),(#6505,#6506,#6507),(#6508,#6509,#6510),(#6511,#6512,#6513),(#6514,
#6515,#6516),(#6517,#6518,#6519),(#6520,#6521,#6522),(#6523,#6524,#6525)),
 .UNSPECIFIED.,.F.,.F.,.F.)
B_SPLINE_SURFACE_WITH_KNOTS((4,1,1,1,1,1,1,1,1,1,1,1,1,1,1,1,1,1,4),(3,
3),(0.00408489675336265,0.00646118597980118,0.00764933059302045,0.00883747520623972,
0.0112137644326783,0.0124019090458975,0.0135900536591168,0.0147781982723361,
0.0159663428855553,0.0171544874987746,0.0183426321119939,0.0195307767252131,
0.0207189213384324,0.021312993645042,0.0219070659516517,0.0225011382582613,
0.0227981744115661,0.0229466924882185,0.0230952105648709),(0.,1.),
 .UNSPECIFIED.)
GEOMETRIC_REPRESENTATION_ITEM()
RATIONAL_B_SPLINE_SURFACE(((1.,0.707106781186548,1.),(1.,0.707106781186548,
1.),(1.,0.707106781186543,1.),(1.,0.707106781186545,1.),(1.,0.707106781186543,
1.),(1.,0.707106781186554,1.),(1.,0.707106781186547,1.),(1.,0.707106781186548,
1.),(1.,0.707106781186548,1.),(1.,0.707106781186548,1.),(1.,0.707106781186547,
1.),(1.,0.707106781186549,1.),(1.,0.707106781186547,1.),(1.,0.707106781186547,
1.),(1.,0.707106781186548,1.),(1.,0.707106781186548,1.),(1.,0.707106781186547,
1.),(1.,0.707106781186546,1.),(1.,0.707106781186548,1.),(1.,0.707106781186543,
1.),(1.,0.707106781186543,1.)))
REPRESENTATION_ITEM('')
SURFACE()
);
#55=(
BOUNDED_SURFACE()
B_SPLINE_SURFACE(3,2,((#6626,#6627,#6628),(#6629,#6630,#6631),(#6632,#6633,
#6634),(#6635,#6636,#6637),(#6638,#6639,#6640),(#6641,#6642,#6643),(#6644,
#6645,#6646),(#6647,#6648,#6649),(#6650,#6651,#6652),(#6653,#6654,#6655),
(#6656,#6657,#6658),(#6659,#6660,#6661),(#6662,#6663,#6664),(#6665,#6666,
#6667),(#6668,#6669,#6670),(#6671,#6672,#6673),(#6674,#6675,#6676),(#6677,
#6678,#6679),(#6680,#6681,#6682),(#6683,#6684,#6685),(#6686,#6687,#6688)),
 .UNSPECIFIED.,.F.,.F.,.F.)
B_SPLINE_SURFACE_WITH_KNOTS((4,1,1,1,1,1,1,1,1,1,1,1,1,1,1,1,1,1,4),(3,
3),(0.00408489675259593,0.00646118597931669,0.00764933059267707,0.00883747520603745,
0.0112137644327582,0.0124019090461186,0.013590053659479,0.0147781982728393,
0.0159663428861997,0.0171544874995601,0.0183426321129205,0.0195307767262809,
0.0207189213396412,0.0213129936463214,0.0219070659530016,0.0225011382596818,
0.0227981744130219,0.022946692489692,0.023095210566362),(0.,1.),
 .UNSPECIFIED.)
GEOMETRIC_REPRESENTATION_ITEM()
RATIONAL_B_SPLINE_SURFACE(((1.,0.707106781186547,1.),(1.,0.707106781186547,
1.),(1.,0.707106781186545,1.),(1.,0.707106781186551,1.),(1.,0.707106781186552,
1.),(1.,0.707106781186546,1.),(1.,0.707106781186548,1.),(1.,0.707106781186546,
1.),(1.,0.707106781186553,1.),(1.,0.707106781186546,1.),(1.,0.707106781186551,
1.),(1.,0.707106781186537,1.),(1.,0.707106781186551,1.),(1.,0.70710678118655,
1.),(1.,0.70710678118654,1.),(1.,0.707106781186549,1.),(1.,0.707106781186549,
1.),(1.,0.707106781186543,1.),(1.,0.707106781186557,1.),(1.,0.707106781186548,
1.),(1.,0.707106781186548,1.)))
REPRESENTATION_ITEM('')
SURFACE()
);
#56=(
BOUNDED_SURFACE()
B_SPLINE_SURFACE(3,2,((#6947,#6948,#6949),(#6950,#6951,#6952),(#6953,#6954,
#6955),(#6956,#6957,#6958),(#6959,#6960,#6961),(#6962,#6963,#6964),(#6965,
#6966,#6967),(#6968,#6969,#6970),(#6971,#6972,#6973),(#6974,#6975,#6976),
(#6977,#6978,#6979),(#6980,#6981,#6982),(#6983,#6984,#6985),(#6986,#6987,
#6988),(#6989,#6990,#6991),(#6992,#6993,#6994),(#6995,#6996,#6997),(#6998,
#6999,#7000),(#7001,#7002,#7003),(#7004,#7005,#7006),(#7007,#7008,#7009),
(#7010,#7011,#7012),(#7013,#7014,#7015),(#7016,#7017,#7018),(#7019,#7020,
#7021),(#7022,#7023,#7024),(#7025,#7026,#7027),(#7028,#7029,#7030),(#7031,
#7032,#7033),(#7034,#7035,#7036),(#7037,#7038,#7039),(#7040,#7041,#7042),
(#7043,#7044,#7045),(#7046,#7047,#7048),(#7049,#7050,#7051),(#7052,#7053,
#7054),(#7055,#7056,#7057),(#7058,#7059,#7060),(#7061,#7062,#7063),(#7064,
#7065,#7066),(#7067,#7068,#7069),(#7070,#7071,#7072),(#7073,#7074,#7075),
(#7076,#7077,#7078),(#7079,#7080,#7081),(#7082,#7083,#7084),(#7085,#7086,
#7087),(#7088,#7089,#7090),(#7091,#7092,#7093),(#7094,#7095,#7096),(#7097,
#7098,#7099),(#7100,#7101,#7102),(#7103,#7104,#7105),(#7106,#7107,#7108),
(#7109,#7110,#7111),(#7112,#7113,#7114),(#7115,#7116,#7117),(#7118,#7119,
#7120),(#7121,#7122,#7123),(#7124,#7125,#7126),(#7127,#7128,#7129),(#7130,
#7131,#7132),(#7133,#7134,#7135),(#7136,#7137,#7138),(#7139,#7140,#7141),
(#7142,#7143,#7144),(#7145,#7146,#7147),(#7148,#7149,#7150),(#7151,#7152,
#7153),(#7154,#7155,#7156),(#7157,#7158,#7159),(#7160,#7161,#7162),(#7163,
#7164,#7165),(#7166,#7167,#7168),(#7169,#7170,#7171),(#7172,#7173,#7174),
(#7175,#7176,#7177),(#7178,#7179,#7180),(#7181,#7182,#7183),(#7184,#7185,
#7186),(#7187,#7188,#7189),(#7190,#7191,#7192),(#7193,#7194,#7195)),
 .UNSPECIFIED.,.T.,.F.,.F.)
B_SPLINE_SURFACE_WITH_KNOTS((4,1,1,1,1,1,1,1,1,1,1,1,1,1,1,1,1,1,1,1,1,
1,1,1,1,1,1,1,1,1,1,1,1,1,1,1,1,1,1,1,1,1,1,1,1,1,1,1,1,1,1,1,1,1,1,1,1,
1,1,1,1,1,1,1,1,1,1,1,1,1,1,1,1,1,1,1,1,1,1,1,4),(3,3),(0.,0.000872528661373756,
0.00174505732274751,0.00349011464549503,0.00523517196824254,0.0061077006296163,
0.00698022929099005,0.00872528661373756,0.0104703439364851,0.0113428725978588,
0.0122154012592326,0.0139604585819801,0.0157055159047276,0.0174505732274751,
0.0183231018888489,0.0191956305502226,0.0209406878729702,0.0226857451957177,
0.0244308025184652,0.0253033311798389,0.0261758598412127,0.0279209171639602,
0.0296659744867077,0.0305385031480815,0.0314110318094552,0.0331560891322027,
0.0349011464549503,0.0366462037776978,0.0383912611004453,0.0401363184231928,
0.0418813757459403,0.0436264330686878,0.0453714903914353,0.0462440190528091,
0.0471165477141828,0.0488616050369304,0.0506066623596779,0.0523517196824254,
0.0532242483437991,0.0540967770051729,0.0558418343279204,0.0575868916506679,
0.0584594203120417,0.0593319489734154,0.061077006296163,0.0628220636189105,
0.064567120941658,0.0654396496030317,0.0663121782644055,0.068057235587153,
0.0698022929099005,0.071547350232648,0.0732924075553955,0.0750374648781431,
0.0759099935395168,0.0767825222008906,0.0785275795236381,0.0802726368463856,
0.0820176941691331,0.0828902228305069,0.0837627514918806,0.0855078088146281,
0.0872528661373757,0.0889979234601232,0.0907429807828707,0.0924880381056182,
0.0933605667669919,0.0942330954283657,0.0951056240897395,0.0959781527511132,
0.0977232100738607,0.0994682673966082,0.100340796057982,0.101213324719356,
0.104703439364851,0.105575968026225,0.106448496687598,0.108193554010346,
0.109938611333093,0.110811139994467,0.111683668655841),(-0.000116820495614937,
1.00009288198771),.UNSPECIFIED.)
GEOMETRIC_REPRESENTATION_ITEM()
RATIONAL_B_SPLINE_SURFACE(((1.00006857103504,0.706483847548567,1.00005451835787),
(1.00006825951195,0.707817312338651,1.00005427067709),(1.00006759752576,
0.710650923330264,1.00005374435574),(1.00006613095198,0.716928546107112,
1.0000525783358),(1.00006402581462,0.725939520173523,1.00005090461698),
(1.00006171973449,0.735810623425361,1.00004907113581),(1.0000599772003,
0.743269486096552,1.00004768570969),(1.00005813838648,0.751140470618864,
1.00004622373512),(1.0000557045842,0.761558284524213,1.00004428870666),
(1.00005299220149,0.773168553137536,1.00004213218896),(1.00005072626881,
0.782867806488103,1.00004033062758),(1.00004846286881,0.79255621878675,
1.00003853107984),(1.00004589612667,0.803543077572081,1.00003649035569),
(1.00004361740348,0.813297080300734,1.00003467862503),(1.00004226789111,
0.81907362541558,1.0000336056764),(1.00004138985075,0.822832049506734,1.00003290757816),
(1.00004062282605,0.82611527453701,1.00003229774448),(1.00003985022442,
0.829422371427069,1.00003168347678),(1.00003913251135,0.832494519596655,
1.00003111284899),(1.00003868895776,0.834393136729762,1.00003076019552),
(1.00003842506504,0.835522721190284,1.00003055038393),(1.00003822748349,
0.836368462813039,1.00003039329396),(1.00003809927762,0.836917243986548,
1.0000302913621),(1.00003812711948,0.836798067765453,1.00003031349816),
(1.0000382462823,0.836287995061964,1.00003040824022),(1.00003842903916,
0.835505710108944,1.00003055354361),(1.00003877304591,0.834033200061321,
1.00003082705098),(1.00003937174545,0.831470485554312,1.0000313030554),
(1.00004017957499,0.828012596699965,1.00003194533154),(1.00004120541373,
0.823621526324528,1.00003276093894),(1.00004254021604,0.817907947161507,
1.00003382219213),(1.00004440794785,0.809913180065981,1.00003530715836),
(1.00004702670955,0.798703653225782,1.00003738924138),(1.00004977311406,
0.786947755352169,1.00003957280859),(1.00005204418426,0.777226511010747,
1.00004137845463),(1.00005429466164,0.767593413558061,1.00004316772807),
(1.00005691018936,0.756397729659886,1.00004524723986),(1.00005971666545,
0.744384697281063,1.00004747856782),(1.00006186232643,0.735200263126302,
1.00004918450552),(1.00006370139948,0.727328168961438,1.0000506466862),
(1.000065472125,0.719748634226421,1.00005205452622),(1.00006744157692,0.711318457417838,
1.00005362036644),(1.00006902167937,0.704554878716796,1.00005487664893),
(1.00007006670042,0.700081699093846,1.00005570750749),(1.00007097665872,
0.696186651272425,1.00005643098254),(1.00007185134724,0.692442574678913,
1.00005712641584),(1.00007256899772,0.689370694439474,1.00005769699386),
(1.00007294866221,0.687745552563724,1.00005799885141),(1.00007314826346,
0.68689116571402,1.00005815754717),(1.00007328394827,0.686310371161626,
1.00005826542527),(1.00007335381629,0.686011303302042,1.00005832097482),
(1.00007332341956,0.686141415520158,1.00005829680748),(1.00007321236885,
0.68661676460949,1.00005820851506),(1.00007305564016,0.687287636794823,
1.00005808390573),(1.00007290807824,0.687919270952827,1.00005796658456),
(1.00007278960529,0.688426390696835,1.00005787239099),(1.00007267316281,
0.68892481904687,1.00005777981177),(1.00007254041663,0.689493034888684,
1.00005767427007),(1.00007241308633,0.69003806818978,1.00005757303435),
(1.00007234031632,0.6903495579389,1.00005751517753),(1.0000723054482,0.690498809833926,
1.00005748745514),(1.00007228729392,0.690576518654364,1.00005747302133),
(1.00007229569698,0.690540549606408,1.0000574797023),(1.00007235422317,
0.690290030105284,1.00005752623437),(1.0000724596176,0.689838892576379,
1.00005761002968),(1.00007260131456,0.689232363193074,1.00005772268782),
(1.00007274085513,0.688635064195112,1.0000578336315),(1.00007285878674,
0.688130261667052,1.00005792739467),(1.00007294865608,0.687745578798899,
1.00005799884654),(1.00007303630955,0.687370380879555,1.00005806853666),
(1.00007314603414,0.686900708235654,1.00005815577472),(1.00007326340738,
0.686398295781458,1.00005824909395),(1.00007333267894,0.686101781034404,
1.00005830416928),(1.0000733417153,0.686063101193608,1.00005831135376),
(1.00007329782887,0.686250955697122,1.00005827646124),(1.00007309364209,
0.687124970766099,1.00005811411969),(1.00007259858154,0.689244061817029,
1.0000577205149),(1.0000721769247,0.691048950612358,1.00005738527074),(1.00007147308012,
0.69406173515566,1.00005682566929),(1.00007047643951,0.698327823853602,
1.00005603327627),(1.00006946666434,0.702650134589761,1.00005523044044),
(1.00006888255814,0.705150382758483,1.00005476603866),(1.00006857103504,
0.706483847548567,1.00005451835787)))
REPRESENTATION_ITEM('')
SURFACE()
);
#57=(
BOUNDED_SURFACE()
B_SPLINE_SURFACE(3,2,((#7200,#7201,#7202),(#7203,#7204,#7205),(#7206,#7207,
#7208),(#7209,#7210,#7211),(#7212,#7213,#7214),(#7215,#7216,#7217),(#7218,
#7219,#7220),(#7221,#7222,#7223)),.UNSPECIFIED.,.F.,.F.,.F.)
B_SPLINE_SURFACE_WITH_KNOTS((4,1,1,1,1,4),(3,3),(-6.93889390390723E-18,
0.00273014731882461,0.00409522097823692,0.00546029463764923,0.00819044195647384,
0.0109205892752985),(0.,1.),.UNSPECIFIED.)
GEOMETRIC_REPRESENTATION_ITEM()
RATIONAL_B_SPLINE_SURFACE(((1.,0.707106781186508,1.),(1.,0.707106781186508,
1.),(1.,0.707106781186515,1.),(1.,0.707106781186527,1.),(1.,0.707106781186557,
1.),(1.,0.707106781186564,1.),(1.,0.707106781186508,1.),(1.,0.707106781186508,
1.)))
REPRESENTATION_ITEM('')
SURFACE()
);
#58=(
BOUNDED_SURFACE()
B_SPLINE_SURFACE(3,2,((#7271,#7272,#7273),(#7274,#7275,#7276),(#7277,#7278,
#7279),(#7280,#7281,#7282),(#7283,#7284,#7285),(#7286,#7287,#7288),(#7289,
#7290,#7291),(#7292,#7293,#7294)),.UNSPECIFIED.,.F.,.F.,.F.)
B_SPLINE_SURFACE_WITH_KNOTS((4,1,1,1,1,4),(3,3),(-1.11056996932035E-14,
0.00273014731881683,0.00546029463764476,0.00682536829705873,0.00819044195647269,
0.0109205892753006),(0.,1.),.UNSPECIFIED.)
GEOMETRIC_REPRESENTATION_ITEM()
RATIONAL_B_SPLINE_SURFACE(((1.,0.707106781186566,1.),(1.,0.707106781186566,
1.),(1.,0.707106781186535,1.),(1.,0.707106781186548,1.),(1.,0.707106781186549,
1.),(1.,0.707106781186537,1.),(1.,0.707106781186568,1.),(1.,0.707106781186568,
1.)))
REPRESENTATION_ITEM('')
SURFACE()
);
#59=(
BOUNDED_SURFACE()
B_SPLINE_SURFACE(3,2,((#7331,#7332,#7333),(#7334,#7335,#7336),(#7337,#7338,
#7339),(#7340,#7341,#7342),(#7343,#7344,#7345),(#7346,#7347,#7348),(#7349,
#7350,#7351),(#7352,#7353,#7354),(#7355,#7356,#7357),(#7358,#7359,#7360),
(#7361,#7362,#7363),(#7364,#7365,#7366),(#7367,#7368,#7369),(#7370,#7371,
#7372),(#7373,#7374,#7375),(#7376,#7377,#7378),(#7379,#7380,#7381),(#7382,
#7383,#7384),(#7385,#7386,#7387),(#7388,#7389,#7390),(#7391,#7392,#7393),
(#7394,#7395,#7396),(#7397,#7398,#7399),(#7400,#7401,#7402),(#7403,#7404,
#7405),(#7406,#7407,#7408),(#7409,#7410,#7411),(#7412,#7413,#7414),(#7415,
#7416,#7417),(#7418,#7419,#7420),(#7421,#7422,#7423),(#7424,#7425,#7426),
(#7427,#7428,#7429),(#7430,#7431,#7432),(#7433,#7434,#7435),(#7436,#7437,
#7438),(#7439,#7440,#7441),(#7442,#7443,#7444),(#7445,#7446,#7447),(#7448,
#7449,#7450),(#7451,#7452,#7453),(#7454,#7455,#7456),(#7457,#7458,#7459)),
 .UNSPECIFIED.,.F.,.F.,.F.)
B_SPLINE_SURFACE_WITH_KNOTS((4,1,1,1,1,1,1,1,1,1,1,1,1,1,1,1,1,1,1,1,1,
1,1,1,1,1,1,1,1,1,1,1,1,1,1,1,1,1,1,1,4),(3,3),(-2.34357002787384E-5,0.00191412509189129,
0.00382825018378258,0.00574237527567387,0.00669943782161951,0.00765650036756516,
0.00957062545945645,0.0114847505513477,0.0124418130972934,0.013398875643239,
0.0153130007351303,0.0172271258270216,0.0191412509189129,0.0200983134648585,
0.0210553760108042,0.0229695011026955,0.0248836261945868,0.0267977512864781,
0.0287118763783693,0.0306260014702606,0.0315830640162063,0.0325401265621519,
0.0334971891080976,0.0344542516540432,0.0363683767459345,0.0382825018378258,
0.0392395643837714,0.0401966269297171,0.0421107520216084,0.0440248771134997,
0.0449819396594453,0.045939002205391,0.0478531272972822,0.0497672523891735,
0.0516813774810648,0.0526384400270105,0.0535955025729561,0.0555096276648474,
0.0574237527567387,0.05933787784863,0.0612754386408002),(-2.34357010918859E-5,
1.),.UNSPECIFIED.)
GEOMETRIC_REPRESENTATION_ITEM()
RATIONAL_B_SPLINE_SURFACE(((1.0000137332581,0.707001338585726,0.999999999999999),
(1.00001360568023,0.709723208768779,1.),(1.00001339210034,0.714279929403369,
1.),(1.00001316763785,0.719068830198874,1.),(1.00001304267455,0.721734918503519,
1.),(1.00001297129738,0.723257748225774,1.),(1.00001291780804,0.724398941775873,
1.),(1.00001287955586,0.725215050889798,1.),(1.00001286906877,0.725438792801489,
1.),(1.00001287290947,0.725356851422776,1.),(1.00001288378256,0.725124874478533,
1.),(1.00001290776626,0.724613182983948,1.),(1.00001294655418,0.723785643848224,
1.),(1.00001298318088,0.723004214145062,1.),(1.00001301302601,0.722367469173755,
1.),(1.00001304210647,0.721747038554027,1.),(1.00001307627253,0.721018106625342,
1.),(1.00001311122603,0.72027237461702,1.),(1.00001313817139,0.719697496223711,
1.),(1.0000131546823,0.719345236493085,1.),(1.00001315942137,0.719244128510095,
1.),(1.00001315761777,0.719282608301497,1.),(1.00001315343047,0.719371944060743,
1.),(1.000013146471,0.719520424307027,1.),(1.00001313375168,0.719791790472801,
1.),(1.00001311172401,0.720261750246241,1.),(1.00001308270991,0.720880765161327,
1.),(1.00001305605693,0.721449405721963,1.),(1.00001302793157,0.722049459632516,
1.),(1.0000129910876,0.722835524456251,1.),(1.00001295460127,0.723613959295305,
1.),(1.00001292767416,0.724188448549784,1.),(1.00001290304842,0.724713837891001,
1.),(1.00001287911238,0.72522451255162,1.),(1.00001286704127,0.725482049391302,
1.),(1.00001287700342,0.725269507255027,1.),(1.00001290225161,0.724730837749213,
1.),(1.00001294047271,0.723915391771423,1.),(1.00001301595522,0.72230497468511,
1.),(1.00001316402114,0.71914599254134,1.),(1.00001339078929,0.714307900548777,
1.),(1.00001360569068,0.70972298576873,1.),(1.00001373325801,0.707001340444837,
1.)))
REPRESENTATION_ITEM('')
SURFACE()
);
#60=(
BOUNDED_SURFACE()
B_SPLINE_SURFACE(3,2,((#7873,#7874,#7875),(#7876,#7877,#7878),(#7879,#7880,
#7881),(#7882,#7883,#7884),(#7885,#7886,#7887),(#7888,#7889,#7890),(#7891,
#7892,#7893),(#7894,#7895,#7896),(#7897,#7898,#7899),(#7900,#7901,#7902),
(#7903,#7904,#7905),(#7906,#7907,#7908),(#7909,#7910,#7911),(#7912,#7913,
#7914),(#7915,#7916,#7917),(#7918,#7919,#7920),(#7921,#7922,#7923),(#7924,
#7925,#7926),(#7927,#7928,#7929),(#7930,#7931,#7932),(#7933,#7934,#7935),
(#7936,#7937,#7938),(#7939,#7940,#7941),(#7942,#7943,#7944),(#7945,#7946,
#7947),(#7948,#7949,#7950),(#7951,#7952,#7953),(#7954,#7955,#7956),(#7957,
#7958,#7959),(#7960,#7961,#7962),(#7963,#7964,#7965),(#7966,#7967,#7968),
(#7969,#7970,#7971),(#7972,#7973,#7974),(#7975,#7976,#7977),(#7978,#7979,
#7980),(#7981,#7982,#7983),(#7984,#7985,#7986),(#7987,#7988,#7989),(#7990,
#7991,#7992),(#7993,#7994,#7995),(#7996,#7997,#7998),(#7999,#8000,#8001),
(#8002,#8003,#8004),(#8005,#8006,#8007),(#8008,#8009,#8010),(#8011,#8012,
#8013),(#8014,#8015,#8016),(#8017,#8018,#8019),(#8020,#8021,#8022),(#8023,
#8024,#8025),(#8026,#8027,#8028),(#8029,#8030,#8031),(#8032,#8033,#8034),
(#8035,#8036,#8037),(#8038,#8039,#8040),(#8041,#8042,#8043),(#8044,#8045,
#8046),(#8047,#8048,#8049),(#8050,#8051,#8052),(#8053,#8054,#8055),(#8056,
#8057,#8058),(#8059,#8060,#8061),(#8062,#8063,#8064),(#8065,#8066,#8067),
(#8068,#8069,#8070),(#8071,#8072,#8073),(#8074,#8075,#8076),(#8077,#8078,
#8079),(#8080,#8081,#8082),(#8083,#8084,#8085),(#8086,#8087,#8088),(#8089,
#8090,#8091),(#8092,#8093,#8094),(#8095,#8096,#8097),(#8098,#8099,#8100),
(#8101,#8102,#8103),(#8104,#8105,#8106),(#8107,#8108,#8109),(#8110,#8111,
#8112),(#8113,#8114,#8115),(#8116,#8117,#8118),(#8119,#8120,#8121),(#8122,
#8123,#8124),(#8125,#8126,#8127),(#8128,#8129,#8130),(#8131,#8132,#8133),
(#8134,#8135,#8136)),.UNSPECIFIED.,.T.,.F.,.F.)
B_SPLINE_SURFACE_WITH_KNOTS((4,1,1,1,1,1,1,1,1,1,1,1,1,1,1,1,1,1,1,1,1,
1,1,1,1,1,1,1,1,1,1,1,1,1,1,1,1,1,1,1,1,1,1,1,1,1,1,1,1,1,1,1,1,1,1,1,1,
1,1,1,1,1,1,1,1,1,1,1,1,1,1,1,1,1,1,1,1,1,1,1,1,1,1,1,1,4),(3,3),(0.,0.000869593216772648,
0.0017391864335453,0.00347837286709059,0.00521755930063589,0.00608715251740854,
0.00695674573418119,0.00869593216772648,0.0104351186012718,0.0121743050348171,
0.0130438982515897,0.0139134914683624,0.0156526779019077,0.017391864335453,
0.0191310507689983,0.0208702372025436,0.0226094236360889,0.0234790168528615,
0.0243486100696342,0.0252182032864068,0.0260877965031794,0.0278269829367247,
0.02956616937027,0.0304357625870427,0.0313053558038153,0.0347837286709059,
0.0356533218876786,0.0365229151044512,0.0382621015379965,0.0400012879715418,
0.0408708811883145,0.0417404744050871,0.0426100676218598,0.0434796608386324,
0.0452188472721777,0.046958033705723,0.0486972201392683,0.0504364065728136,
0.0521755930063589,0.0530451862231315,0.0539147794399042,0.0556539658734495,
0.0573931523069948,0.0582627455237674,0.0591323387405401,0.0608715251740854,
0.0626107116076307,0.0634803048244033,0.064349898041176,0.0660890844747213,
0.0678282709082666,0.0695674573418119,0.0704370505585845,0.0713066437753572,
0.0730458302089025,0.0747850166424477,0.0756546098592204,0.076524203075993,
0.0773937962927657,0.0782633895095383,0.0800025759430836,0.0817417623766289,
0.0826113555934016,0.0834809488101742,0.0852201352437195,0.0869593216772648,
0.0878289148940375,0.0886985081108101,0.0895681013275828,0.0904376945443554,
0.0921768809779007,0.0930464741946734,0.093916067411446,0.0947856606282187,
0.0956552538449913,0.0973944402785366,0.0991336267120819,0.100003219928855,
0.100872813145627,0.102611999579172,0.104351186012718,0.106090372446263,
0.107829558879808,0.109568745313354,0.110438338530126,0.111307931746899),
(-0.000177855140861536,1.00003034107209),.UNSPECIFIED.)
GEOMETRIC_REPRESENTATION_ITEM()
RATIONAL_B_SPLINE_SURFACE(((1.00009302427641,0.738475090139619,1.00001586707016),
(1.0000936997223,0.736576167272286,1.00001598228038),(1.00009506347176,
0.732742173928344,1.00001621489395),(1.00009783664328,0.724945785098363,
1.00001668791141),(1.00010106061862,0.715882023540606,1.00001723782208),
(1.00010374196451,0.708343789770051,1.00001769517693),(1.0001055493258,
0.703262643020794,1.00001800345698),(1.0001071425561,0.698783496005149,
1.00001827521289),(1.00010870094886,0.694402289897613,1.00001854102659),
(1.00011001970968,0.690694775938506,1.00001876596648),(1.00011074967732,
0.688642572692372,1.00001889047643),(1.0001111572616,0.6874967057707,1.00001895999772),
(1.0001114537795,0.68666308662285,1.00001901057452),(1.00011164925353,0.686113538387096,
1.00001904391636),(1.00011167990976,0.686027352630635,1.00001904914537),
(1.00011156263669,0.686357049662326,1.0000190291422),(1.00011135263454,
0.686947441729954,1.00001899332232),(1.00011113709476,0.687553402060883,
1.00001895655788),(1.00011095667485,0.688060627716822,1.00001892578382),
(1.00011082035686,0.688443866940545,1.00001890253217),(1.00011068825025,
0.68881526642794,1.00001887999886),(1.00011052250328,0.689281241152657,
1.00001885172755),(1.00011034005103,0.689794180465851,1.00001882060682),
(1.00011020322924,0.690178836044196,1.00001879726925),(1.00011012689438,
0.690393440962316,1.00001878424888),(1.00011004942926,0.69061122343667,
1.00001877103572),(1.00011006614872,0.690564218981704,1.00001877388755),
(1.00011017485099,0.690258617568369,1.0000187924288),(1.00011027096007,
0.689988420154287,1.00001880882204),(1.00011042927558,0.689543337957833,
1.00001883582578),(1.00011062761301,0.688985739644829,1.00001886965602),
(1.00011080151782,0.688496830284017,1.00001889931881),(1.00011093719703,
0.688115386925383,1.0000189224615),(1.00011107387798,0.687731127318962,
1.00001894577505),(1.00011125037107,0.687234941348188,1.00001897587932),
(1.00011145187374,0.686668444416743,1.00001901024946),(1.00011162743421,
0.68617488039491,1.00001904019466),(1.00011168800981,0.686004580443652,
1.00001905052699),(1.00011157632865,0.686318556609931,1.00001903147763),
(1.00011128914373,0.687125937362646,1.00001898249274),(1.00011090170642,
0.688215163888836,1.0000189164079),(1.00011039019096,0.689653218966363,
1.00001882915915),(1.00010950367835,0.692145526770146,1.00001867794746),
(1.00010820517776,0.695796081908889,1.00001845646334),(1.00010685291024,
0.699597795331873,1.00001822580824),(1.00010529616053,0.703974382209816,
1.0000179602748),(1.00010294233008,0.710591851558097,1.00001755878398),
(1.00009999831315,0.718868548704493,1.00001705662556),(1.00009735162184,
0.726309355912097,1.00001660518172),(1.00009454239726,0.734207102944964,
1.00001612601472),(1.00009124852948,0.743467357467208,1.00001556418255),
(1.0000870126863,0.755375845738338,1.00001484167845),(1.00008307275207,
0.766452426867601,1.00001416964729),(1.00007966418292,0.776035148435493,
1.0000135882506),(1.00007620578228,0.785757964368249,1.0000129983542),(1.00007199042691,
0.797608853985651,1.00001227934469),(1.00006859597218,0.807151894821375,
1.00001170035549),(1.00006646073297,0.813154825058005,1.00001133614959),
(1.00006509691609,0.816989007926636,1.00001110352453),(1.00006394156354,
0.820237122087935,1.00001090645705),(1.00006262875456,0.823927903302433,
1.00001068253236),(1.0000613075577,0.827642265861581,1.00001045717696),
(1.00006027382318,0.830548467746128,1.00001028085375),(1.00005959041038,
0.832469788465242,1.00001016428463),(1.00005900043487,0.834128423163595,
1.00001006365301),(1.00005845486709,0.83566221166517,1.00000997059599),
(1.00005814594105,0.836530714562471,1.00000991790274),(1.00005804141207,
0.836824583368017,1.00000990007333),(1.00005803555769,0.836841042136483,
1.00000989907475),(1.00005810350767,0.836650010154252,1.00000991066492),
(1.00005828992315,0.836125928769713,1.00000994246165),(1.00005861832178,
0.835202681350969,1.00000999847632),(1.00005909052291,0.833875153092509,
1.00001007901925),(1.00005951980351,0.832668289953761,1.00001015224127),
(1.00006002524969,0.831247297791193,1.00001023845479),(1.00006079451631,
0.829084610885032,1.00001036966793),(1.00006195026018,0.825835396568163,
1.00001056680216),(1.00006344204212,0.821641457607892,1.00001082125411),
(1.00006496237232,0.817367259156832,1.00001108057552),(1.00006673599107,
0.812380974896548,1.00001138310013),(1.0000695650007,0.804427604929193,
1.00001186564185),(1.00007418005777,0.791453009123749,1.00001265282813),
(1.00007947956171,0.776554185463205,1.00001355675992),(1.00008446869349,
0.762527930303081,1.0000144077518),(1.00008820470627,0.752024646174662,
1.00001504500026),(1.00009101079642,0.744135711132343,1.00001552363263),
(1.00009234883052,0.740374013006952,1.00001575185994),(1.00009302427641,
0.738475090139619,1.00001586707016)))
REPRESENTATION_ITEM('')
SURFACE()
);
#61=(
BOUNDED_SURFACE()
B_SPLINE_SURFACE(3,2,((#8168,#8169,#8170),(#8171,#8172,#8173),(#8174,#8175,
#8176),(#8177,#8178,#8179),(#8180,#8181,#8182),(#8183,#8184,#8185),(#8186,
#8187,#8188),(#8189,#8190,#8191)),.UNSPECIFIED.,.F.,.F.,.F.)
B_SPLINE_SURFACE_WITH_KNOTS((4,1,1,1,1,4),(3,3),(0.,0.00273014731918773,
0.0040952209787816,0.00546029463837546,0.0081904419575632,0.0109205892767509),
(0.,1.),.UNSPECIFIED.)
GEOMETRIC_REPRESENTATION_ITEM()
RATIONAL_B_SPLINE_SURFACE(((1.,0.707106781189373,1.),(1.,0.707106781189373,
1.),(1.,0.70710678118986,1.),(1.,0.707106781190272,1.),(1.,0.707106781190407,
1.),(1.,0.707106781190599,1.),(1.,0.707106781191307,1.),(1.,0.707106781191307,
1.)))
REPRESENTATION_ITEM('')
SURFACE()
);
#62=(
BOUNDED_SURFACE()
B_SPLINE_SURFACE(3,2,((#8237,#8238,#8239),(#8240,#8241,#8242),(#8243,#8244,
#8245),(#8246,#8247,#8248),(#8249,#8250,#8251),(#8252,#8253,#8254),(#8255,
#8256,#8257),(#8258,#8259,#8260)),.UNSPECIFIED.,.F.,.F.,.F.)
B_SPLINE_SURFACE_WITH_KNOTS((4,1,1,1,1,4),(3,3),(-1.04083408558608E-14,
0.0027301473181109,0.00546029463623221,0.00682536829529287,0.00819044195435352,
0.0109205892724748),(0.,1.),.UNSPECIFIED.)
GEOMETRIC_REPRESENTATION_ITEM()
RATIONAL_B_SPLINE_SURFACE(((1.,0.707106781181769,1.),(1.,0.707106781181769,
1.),(1.,0.707106781182514,1.),(1.,0.707106781182669,1.),(1.,0.707106781182855,
1.),(1.,0.707106781183221,1.),(1.,0.707106781183702,1.),(1.,0.707106781183702,
1.)))
REPRESENTATION_ITEM('')
SURFACE()
);
#63=(
BOUNDED_SURFACE()
B_SPLINE_SURFACE(3,2,((#8294,#8295,#8296),(#8297,#8298,#8299),(#8300,#8301,
#8302),(#8303,#8304,#8305),(#8306,#8307,#8308),(#8309,#8310,#8311),(#8312,
#8313,#8314),(#8315,#8316,#8317),(#8318,#8319,#8320),(#8321,#8322,#8323),
(#8324,#8325,#8326),(#8327,#8328,#8329),(#8330,#8331,#8332),(#8333,#8334,
#8335),(#8336,#8337,#8338),(#8339,#8340,#8341),(#8342,#8343,#8344),(#8345,
#8346,#8347),(#8348,#8349,#8350),(#8351,#8352,#8353),(#8354,#8355,#8356),
(#8357,#8358,#8359),(#8360,#8361,#8362),(#8363,#8364,#8365),(#8366,#8367,
#8368),(#8369,#8370,#8371),(#8372,#8373,#8374),(#8375,#8376,#8377),(#8378,
#8379,#8380),(#8381,#8382,#8383),(#8384,#8385,#8386),(#8387,#8388,#8389),
(#8390,#8391,#8392),(#8393,#8394,#8395),(#8396,#8397,#8398),(#8399,#8400,
#8401),(#8402,#8403,#8404),(#8405,#8406,#8407),(#8408,#8409,#8410),(#8411,
#8412,#8413),(#8414,#8415,#8416),(#8417,#8418,#8419),(#8420,#8421,#8422)),
 .UNSPECIFIED.,.F.,.F.,.F.)
B_SPLINE_SURFACE_WITH_KNOTS((4,1,1,1,1,1,1,1,1,1,1,1,1,1,1,1,1,1,1,1,1,
1,1,1,1,1,1,1,1,1,1,1,1,1,1,1,1,1,1,1,4),(3,3),(-2.34357002463992E-5,0.00191412509189232,
0.00382825018378468,0.00574237527567705,0.00669943782162323,0.00765650036756941,
0.00957062545946177,0.0114847505513541,0.0124418130973003,0.0133988756432465,
0.0153130007351389,0.0172271258270312,0.0191412509189236,0.0200983134648698,
0.0210553760108159,0.0229695011027083,0.0248836261946007,0.026797751286493,
0.0287118763783854,0.0306260014702778,0.0315830640162239,0.0325401265621701,
0.0334971891081163,0.0344542516540625,0.0363683767459548,0.0382825018378472,
0.0392395643837934,0.0401966269297396,0.0421107520216319,0.0440248771135243,
0.0449819396594705,0.0459390022054166,0.047853127297309,0.0497672523892014,
0.0516813774810937,0.0526384400270399,0.0535955025729861,0.0555096276648785,
0.0574237527567708,0.0593378778486632,0.0612754386408021),(-2.3435701059461E-5,
1.),.UNSPECIFIED.)
GEOMETRIC_REPRESENTATION_ITEM()
RATIONAL_B_SPLINE_SURFACE(((1.00001373325808,0.707001338579749,1.),(1.0000136056802,
0.709723208854317,1.),(1.00001339210032,0.71427992936138,1.),(1.00001316763783,
0.719068830209143,1.),(1.00001304267453,0.721734918502026,1.),(1.00001297129737,
0.723257748226255,1.),(1.00001291780802,0.724398941776315,1.),(1.00001287955585,
0.725215050890651,1.),(1.00001286906875,0.725438792802685,1.),(1.00001287290946,
0.725356851424009,1.),(1.00001288378254,0.725124874479928,1.),(1.00001290776624,
0.724613182985395,1.),(1.00001294655416,0.723785643849845,1.),(1.00001298318086,
0.723004214146562,1.),(1.00001301302599,0.722367469175397,1.),(1.00001304210645,
0.721747038555589,1.),(1.00001307627251,0.721018106626946,1.),(1.00001311122601,
0.720272374618557,1.),(1.00001313817137,0.719697496225172,1.),(1.00001315468228,
0.719345236494455,1.),(1.00001315942135,0.719244128511406,1.),(1.00001315761775,
0.719282608302739,1.),(1.00001315343046,0.719371944061904,1.),(1.00001314647098,
0.719520424308161,1.),(1.00001313375167,0.719791790473937,1.),(1.00001311172399,
0.720261750247284,1.),(1.0000130827099,0.720880765162301,1.),(1.00001305605692,
0.721449405722931,1.),(1.00001302793155,0.722049459633462,1.),(1.00001299108759,
0.722835524457118,1.),(1.00001295460125,0.723613959296267,1.),(1.00001292767414,
0.724188448550749,1.),(1.0000129030484,0.72471383789198,1.),(1.00001287911236,
0.725224512552618,1.),(1.00001286704125,0.725482049392491,1.),(1.0000128770034,
0.725269507256175,1.),(1.00001290225159,0.724730837750698,1.),(1.00001294047269,
0.72391539177245,1.),(1.0000130159552,0.72230497469072,1.),(1.00001316402112,
0.719145992529319,1.),(1.00001339078927,0.714307900603679,1.),(1.00001360569067,
0.70972298565685,1.),(1.00001373325799,0.707001340452097,1.)))
REPRESENTATION_ITEM('')
SURFACE()
);
#64=(
BOUNDED_SURFACE()
B_SPLINE_SURFACE(3,2,((#8696,#8697,#8698),(#8699,#8700,#8701),(#8702,#8703,
#8704),(#8705,#8706,#8707),(#8708,#8709,#8710),(#8711,#8712,#8713),(#8714,
#8715,#8716),(#8717,#8718,#8719),(#8720,#8721,#8722),(#8723,#8724,#8725)),
 .UNSPECIFIED.,.F.,.F.,.F.)
B_SPLINE_SURFACE_WITH_KNOTS((4,1,1,1,1,1,1,4),(3,3),(0.0047956642093919,
0.00626170746621521,0.00772775072303853,0.00919379397986184,0.0106598372366852,
0.0121258804935085,0.0135919237503318,0.0165240102639784),(0.,1.),
 .UNSPECIFIED.)
GEOMETRIC_REPRESENTATION_ITEM()
RATIONAL_B_SPLINE_SURFACE(((1.,0.58716977206463,1.),(1.,0.587229106815534,
1.),(1.,0.587862423084263,1.),(1.,0.591733644230821,1.),(1.,0.599242387342686,
1.),(1.,0.609765350937557,1.),(1.,0.621793349850516,1.),(1.,0.638373570796121,
1.),(1.,0.650652191784112,1.),(1.,0.658497861277348,1.)))
REPRESENTATION_ITEM('')
SURFACE()
);
#65=(
BOUNDED_SURFACE()
B_SPLINE_SURFACE(3,2,((#8786,#8787,#8788),(#8789,#8790,#8791),(#8792,#8793,
#8794),(#8795,#8796,#8797),(#8798,#8799,#8800),(#8801,#8802,#8803),(#8804,
#8805,#8806),(#8807,#8808,#8809),(#8810,#8811,#8812),(#8813,#8814,#8815),
(#8816,#8817,#8818),(#8819,#8820,#8821)),.UNSPECIFIED.,.F.,.F.,.F.)
B_SPLINE_SURFACE_WITH_KNOTS((4,1,1,1,1,1,1,1,1,4),(3,3),(0.0151773889869041,
0.0171016644384365,0.0180638021642027,0.0190259398899689,0.0199880776157351,
0.0209502153415013,0.0219123530672675,0.0223934219301506,0.0226339563615922,
0.0228744907930337),(0.,1.),.UNSPECIFIED.)
GEOMETRIC_REPRESENTATION_ITEM()
RATIONAL_B_SPLINE_SURFACE(((1.,0.707106781186548,1.),(1.,0.707106781186548,
1.),(1.,0.707106781186548,1.),(1.,0.707106781186547,1.),(1.,0.707106781186548,
1.),(1.,0.707106781186546,1.),(1.,0.707106781186555,1.),(1.,0.707106781186551,
1.),(1.,0.707106781186541,1.),(1.,0.707106781186545,1.),(1.,0.707106781186558,
1.),(1.,0.707106781186557,1.)))
REPRESENTATION_ITEM('')
SURFACE()
);
#66=(
BOUNDED_SURFACE()
B_SPLINE_SURFACE(3,2,((#8825,#8826,#8827),(#8828,#8829,#8830),(#8831,#8832,
#8833),(#8834,#8835,#8836),(#8837,#8838,#8839),(#8840,#8841,#8842),(#8843,
#8844,#8845),(#8846,#8847,#8848),(#8849,#8850,#8851),(#8852,#8853,#8854),
(#8855,#8856,#8857),(#8858,#8859,#8860)),.UNSPECIFIED.,.F.,.F.,.F.)
B_SPLINE_SURFACE_WITH_KNOTS((4,1,1,1,1,1,1,1,1,4),(3,3),(0.0756106936453875,
0.0758507353478512,0.0760907770503148,0.0765708604552422,0.0775310272650969,
0.0784911940749516,0.0794513608848064,0.0804115276946611,0.0813716945045158,
0.0832920281242252),(0.,1.),.UNSPECIFIED.)
GEOMETRIC_REPRESENTATION_ITEM()
RATIONAL_B_SPLINE_SURFACE(((1.,0.707106781186547,1.),(1.,0.707106781186547,
1.),(1.,0.707106781186548,1.),(1.,0.707106781186548,1.),(1.,0.707106781186548,
1.),(1.,0.707106781186546,1.),(1.,0.707106781186554,1.),(1.,0.707106781186524,
1.),(1.,0.707106781186576,1.),(1.,0.707106781186531,1.),(1.,0.707106781186548,
1.),(1.,0.707106781186548,1.)))
REPRESENTATION_ITEM('')
SURFACE()
);
#67=(
BOUNDED_SURFACE()
B_SPLINE_SURFACE(3,2,((#8895,#8896,#8897),(#8898,#8899,#8900),(#8901,#8902,
#8903),(#8904,#8905,#8906),(#8907,#8908,#8909),(#8910,#8911,#8912),(#8913,
#8914,#8915),(#8916,#8917,#8918)),.UNSPECIFIED.,.F.,.F.,.F.)
B_SPLINE_SURFACE_WITH_KNOTS((4,1,1,1,1,4),(3,3),(0.0352652059781839,0.0383381738004237,
0.0412585255145769,0.0427187013716534,0.04417887722873,0.0471821735437084),
(-6.86347280728659E-5,1.00015261610809),.UNSPECIFIED.)
GEOMETRIC_REPRESENTATION_ITEM()
RATIONAL_B_SPLINE_SURFACE(((1.00005667415608,0.587069056343299,1.00012603117562),
(1.00005667381075,0.587071572418536,1.00012603040769),(1.00005635497814,
0.589394603935933,1.0001253213923),(1.00005413618947,0.605560817286753,
1.00012038728188),(1.00005192386593,0.621679925384651,1.0001154675485),
(1.00004959845739,0.63862297682779,1.00011029633834),(1.00004788713717,
0.651091747844902,1.00010649072897),(1.00004679060916,0.659081109742957,
1.00010405228572)))
REPRESENTATION_ITEM('')
SURFACE()
);
#68=(
BOUNDED_SURFACE()
B_SPLINE_SURFACE(3,2,((#9004,#9005,#9006),(#9007,#9008,#9009),(#9010,#9011,
#9012),(#9013,#9014,#9015),(#9016,#9017,#9018),(#9019,#9020,#9021),(#9022,
#9023,#9024),(#9025,#9026,#9027),(#9028,#9029,#9030)),.UNSPECIFIED.,.F.,
 .F.,.F.)
B_SPLINE_SURFACE_WITH_KNOTS((4,1,1,1,1,1,4),(3,3),(0.00755985030882799,
0.00900066817492961,0.0104414860410312,0.0118823039071329,0.0133231217732345,
0.0162047575054377,0.0191418275004328),(-5.54342627924614E-5,1.),
 .UNSPECIFIED.)
GEOMETRIC_REPRESENTATION_ITEM()
RATIONAL_B_SPLINE_SURFACE(((1.00003786388684,0.658479386847381,1.),(1.000038298975,
0.654555025470284,1.),(1.00003919873067,0.646439506072861,1.),(1.00004058427449,
0.633942326927141,1.),(1.00004198071599,0.621346854165443,1.),(1.000043763053,
0.605270722524848,1.),(1.00004550042415,0.589600169161847,1.),(1.00004576448196,
0.587218448853358,1.),(1.00004577303457,0.587141306988826,1.)))
REPRESENTATION_ITEM('')
SURFACE()
);
#69=(
BOUNDED_SURFACE()
B_SPLINE_SURFACE(3,2,((#9065,#9066,#9067),(#9068,#9069,#9070),(#9071,#9072,
#9073),(#9074,#9075,#9076),(#9077,#9078,#9079),(#9080,#9081,#9082),(#9083,
#9084,#9085),(#9086,#9087,#9088),(#9089,#9090,#9091),(#9092,#9093,#9094),
(#9095,#9096,#9097),(#9098,#9099,#9100)),.UNSPECIFIED.,.F.,.F.,.F.)
B_SPLINE_SURFACE_WITH_KNOTS((4,1,1,1,1,1,1,1,1,4),(3,3),(0.0151773889869039,
0.0171016644384364,0.0180638021642026,0.0190259398899688,0.0199880776157351,
0.0209502153415013,0.0219123530672675,0.0223934219301506,0.0226339563615922,
0.0228744907930338),(0.,1.),.UNSPECIFIED.)
GEOMETRIC_REPRESENTATION_ITEM()
RATIONAL_B_SPLINE_SURFACE(((1.,0.707106781186551,1.),(1.,0.707106781186551,
1.),(1.,0.70710678118656,1.),(1.,0.707106781186526,1.),(1.,0.707106781186572,
1.),(1.,0.707106781186521,1.),(1.,0.707106781186563,1.),(1.,0.707106781186522,
1.),(1.,0.707106781186556,1.),(1.,0.707106781186542,1.),(1.,0.707106781186557,
1.),(1.,0.707106781186557,1.)))
REPRESENTATION_ITEM('')
SURFACE()
);
#70=(
BOUNDED_SURFACE()
B_SPLINE_SURFACE(3,2,((#9104,#9105,#9106),(#9107,#9108,#9109),(#9110,#9111,
#9112),(#9113,#9114,#9115),(#9116,#9117,#9118),(#9119,#9120,#9121),(#9122,
#9123,#9124),(#9125,#9126,#9127),(#9128,#9129,#9130),(#9131,#9132,#9133),
(#9134,#9135,#9136),(#9137,#9138,#9139)),.UNSPECIFIED.,.F.,.F.,.F.)
B_SPLINE_SURFACE_WITH_KNOTS((4,1,1,1,1,1,1,1,1,4),(3,3),(0.0756106936453875,
0.0758507353478512,0.0760907770503148,0.0765708604552422,0.0775310272650968,
0.0784911940749515,0.0794513608848062,0.0804115276946608,0.0813716945045155,
0.0832920281242249),(0.,1.),.UNSPECIFIED.)
GEOMETRIC_REPRESENTATION_ITEM()
RATIONAL_B_SPLINE_SURFACE(((1.,0.707106781186547,1.),(1.,0.707106781186547,
1.),(1.,0.707106781186546,1.),(1.,0.707106781186556,1.),(1.,0.707106781186555,
1.),(1.,0.707106781186545,1.),(1.,0.707106781186549,1.),(1.,0.707106781186546,
1.),(1.,0.70710678118655,1.),(1.,0.707106781186539,1.),(1.,0.707106781186559,
1.),(1.,0.707106781186559,1.)))
REPRESENTATION_ITEM('')
SURFACE()
);
#71=(
BOUNDED_SURFACE()
B_SPLINE_SURFACE(3,2,((#9154,#9155,#9156),(#9157,#9158,#9159),(#9160,#9161,
#9162),(#9163,#9164,#9165),(#9166,#9167,#9168),(#9169,#9170,#9171),(#9172,
#9173,#9174),(#9175,#9176,#9177),(#9178,#9179,#9180),(#9181,#9182,#9183)),
 .UNSPECIFIED.,.F.,.F.,.F.)
B_SPLINE_SURFACE_WITH_KNOTS((4,1,1,1,1,1,1,4),(3,3),(0.00476682943990967,
0.00623282904364197,0.00769882864737426,0.00916482825110655,0.0106308278548388,
0.0120968274585711,0.0135628270623034,0.016494826269768),(0.,1.),
 .UNSPECIFIED.)
GEOMETRIC_REPRESENTATION_ITEM()
RATIONAL_B_SPLINE_SURFACE(((1.,0.587169772064112,1.),(1.,0.587229104724635,
1.),(1.,0.587862469287573,1.),(1.,0.591734068565015,1.),(1.,0.599243107048124,
1.),(1.,0.609765274244237,1.),(1.,0.621794413444258,1.),(1.,0.638374708977251,
1.),(1.,0.650652798269762,1.),(1.,0.658497814990919,1.)))
REPRESENTATION_ITEM('')
SURFACE()
);
#72=STYLED_ITEM('',(#9276),#74);
#73=STYLED_ITEM('',(#9276),#75);
#74=MANIFOLD_SOLID_BREP('Body1',#1650);
#75=MANIFOLD_SOLID_BREP('Body2',#1651);
#76=TOROIDAL_SURFACE('',#1700,21.1,0.1);
#77=TOROIDAL_SURFACE('',#1729,16.5,0.5);
#78=TOROIDAL_SURFACE('',#1737,19.,1.);
#79=TOROIDAL_SURFACE('',#1745,16.5,0.5);
#80=TOROIDAL_SURFACE('',#1753,19.,1.);
#81=CYLINDRICAL_SURFACE('',#1687,21.);
#82=CYLINDRICAL_SURFACE('',#1693,3.);
#83=CYLINDRICAL_SURFACE('',#1694,3.);
#84=CYLINDRICAL_SURFACE('',#1695,1.);
#85=CYLINDRICAL_SURFACE('',#1696,1.);
#86=CYLINDRICAL_SURFACE('',#1697,1.);
#87=CYLINDRICAL_SURFACE('',#1698,1.);
#88=CYLINDRICAL_SURFACE('',#1699,1.);
#89=CYLINDRICAL_SURFACE('',#1709,1.5);
#90=CYLINDRICAL_SURFACE('',#1712,1.5);
#91=CYLINDRICAL_SURFACE('',#1714,1.5);
#92=CYLINDRICAL_SURFACE('',#1717,1.5);
#93=CYLINDRICAL_SURFACE('',#1719,3.75000000000001);
#94=CYLINDRICAL_SURFACE('',#1721,3.75000000000001);
#95=CYLINDRICAL_SURFACE('',#1733,1.);
#96=CYLINDRICAL_SURFACE('',#1735,1.);
#97=CYLINDRICAL_SURFACE('',#1744,5.75);
#98=CYLINDRICAL_SURFACE('',#1749,1.);
#99=CYLINDRICAL_SURFACE('',#1751,1.);
#100=CYLINDRICAL_SURFACE('',#1758,0.5);
#101=CYLINDRICAL_SURFACE('',#1760,1.);
#102=CYLINDRICAL_SURFACE('',#1761,0.5);
#103=CYLINDRICAL_SURFACE('',#1763,17.);
#104=CYLINDRICAL_SURFACE('',#1766,20.);
#105=CYLINDRICAL_SURFACE('',#1767,0.5);
#106=CYLINDRICAL_SURFACE('',#1769,1.);
#107=CYLINDRICAL_SURFACE('',#1770,0.5);
#108=CYLINDRICAL_SURFACE('',#1772,17.);
#109=CYLINDRICAL_SURFACE('',#1775,20.);
#110=CYLINDRICAL_SURFACE('',#1800,11.3485673258169);
#111=CYLINDRICAL_SURFACE('',#1802,11.3485673258169);
#112=CYLINDRICAL_SURFACE('',#1804,0.5);
#113=CYLINDRICAL_SURFACE('',#1807,0.5);
#114=B_SPLINE_CURVE_WITH_KNOTS('',3,(#2209,#2210,#2211,#2212,#2213,#2214,
#2215,#2216,#2217,#2218),.UNSPECIFIED.,.F.,.F.,(4,2,2,2,4),(-0.0446574760882207,
-0.0409047797173549,-0.0371714574081575,-0.0334616984975149,-0.0297714428523512),
 .UNSPECIFIED.);
#115=B_SPLINE_CURVE_WITH_KNOTS('',3,(#2254,#2255,#2256,#2257,#2258,#2259,
#2260,#2261,#2262,#2263),.UNSPECIFIED.,.F.,.F.,(4,2,2,2,4),(-0.0297714452340841,
-0.0260811895889219,-0.0223714306782792,-0.0186381083690828,-0.0148854119982158),
 .UNSPECIFIED.);
#116=B_SPLINE_CURVE_WITH_KNOTS('',3,(#2581,#2582,#2583,#2584,#2585,#2586,
#2587,#2588,#2589,#2590,#2591,#2592,#2593,#2594,#2595,#2596,#2597,#2598,
#2599,#2600,#2601,#2602,#2603,#2604,#2605,#2606,#2607,#2608,#2609,#2610,
#2611,#2612,#2613,#2614,#2615,#2616,#2617,#2618,#2619,#2620,#2621,#2622,
#2623),.UNSPECIFIED.,.F.,.F.,(4,1,1,1,1,1,1,1,1,1,1,1,1,1,1,1,1,1,1,1,1,
1,1,1,1,1,1,1,1,1,1,1,1,1,1,1,1,1,1,1,4),(0.0542779675701896,0.0549960321024506,
0.0567146581056522,0.057573971107253,0.0584332841088537,0.0601519101120553,
0.0618705361152569,0.0635891621184585,0.0644484751200593,0.0653077881216601,
0.0670264141248617,0.0687450401280632,0.069604353129664,0.0704636661312648,
0.0713229791328656,0.0721822921344664,0.073900918137668,0.0756195441408696,
0.0764788571424704,0.0773381701440712,0.0790567961472727,0.0807754221504743,
0.0816347351520751,0.0824940481536759,0.0833533611552767,0.0842126741568775,
0.085931300160079,0.0876499261632806,0.0885092391648814,0.0893685521664822,
0.0910871781696838,0.0928058041728854,0.0936651171744862,0.0945244301760869,
0.0962430561792885,0.0979616821824901,0.0996803081856917,0.101398934188893,
0.103117560192095,0.104836186195296,0.104961651386086),.UNSPECIFIED.);
#117=B_SPLINE_CURVE_WITH_KNOTS('',3,(#2625,#2626,#2627,#2628,#2629,#2630,
#2631,#2632,#2633,#2634,#2635,#2636,#2637,#2638,#2639,#2640,#2641,#2642,
#2643,#2644,#2645,#2646,#2647,#2648,#2649,#2650,#2651,#2652,#2653,#2654,
#2655,#2656,#2657,#2658,#2659,#2660,#2661,#2662,#2663,#2664,#2665,#2666,
#2667,#2668,#2669),.UNSPECIFIED.,.F.,.F.,(4,1,1,1,1,1,1,1,1,1,1,1,1,1,1,
1,1,1,1,1,1,1,1,1,1,1,1,1,1,1,1,1,1,1,1,1,1,1,1,1,1,1,4),(0.,0.00171862600320158,
0.00343725200640316,0.00515587800960474,0.00687450401280632,0.00773381701440711,
0.0085931300160079,0.0103117560192095,0.0120303820224111,0.0128896950240119,
0.0137490080256126,0.0154676340288142,0.0171862600320158,0.0180455730336166,
0.0189048860352174,0.0197641990368182,0.020623512038419,0.0223421380416206,
0.0240607640448221,0.0249200770464229,0.0257793900480237,0.0274980160512253,
0.0292166420544269,0.0300759550560277,0.0309352680576285,0.03265389406083,
0.0343725200640316,0.0352318330656324,0.0360911460672332,0.036950459068834,
0.0378097720704348,0.0395283980736364,0.0412470240768379,0.0429656500800395,
0.0446842760832411,0.0464029020864427,0.0472622150880435,0.0481215280896443,
0.0498401540928459,0.0515587800960474,0.0524180930976482,0.053277406099249,
0.0542779675701896),.UNSPECIFIED.);
#118=B_SPLINE_CURVE_WITH_KNOTS('',3,(#2674,#2675,#2676,#2677,#2678,#2679,
#2680,#2681,#2682,#2683,#2684,#2685,#2686,#2687,#2688,#2689,#2690,#2691,
#2692,#2693,#2694,#2695,#2696,#2697,#2698,#2699,#2700,#2701,#2702,#2703,
#2704,#2705,#2706,#2707,#2708,#2709,#2710,#2711,#2712,#2713,#2714,#2715,
#2716,#2717,#2718,#2719,#2720,#2721,#2722,#2723,#2724,#2725,#2726,#2727,
#2728,#2729,#2730,#2731,#2732,#2733,#2734,#2735,#2736,#2737,#2738,#2739,
#2740,#2741,#2742,#2743,#2744,#2745,#2746,#2747,#2748,#2749,#2750,#2751,
#2752,#2753,#2754,#2755,#2756,#2757,#2758,#2759,#2760,#2761,#2762,#2763,
#2764,#2765,#2766,#2767,#2768,#2769,#2770,#2771,#2772,#2773,#2774,#2775,
#2776,#2777,#2778,#2779,#2780,#2781,#2782,#2783,#2784,#2785,#2786,#2787,
#2788,#2789,#2790,#2791,#2792,#2793,#2794,#2795,#2796,#2797,#2798,#2799,
#2800,#2801,#2802,#2803,#2804,#2805,#2806,#2807,#2808,#2809,#2810,#2811,
#2812,#2813,#2814,#2815,#2816,#2817,#2818,#2819,#2820,#2821,#2822,#2823,
#2824,#2825,#2826,#2827,#2828,#2829,#2830,#2831,#2832,#2833,#2834,#2835,
#2836,#2837,#2838,#2839,#2840,#2841,#2842,#2843,#2844,#2845,#2846,#2847,
#2848,#2849,#2850,#2851,#2852,#2853,#2854,#2855,#2856,#2857,#2858,#2859,
#2860,#2861,#2862,#2863,#2864,#2865,#2866,#2867,#2868,#2869,#2870,#2871,
#2872,#2873,#2874,#2875,#2876,#2877,#2878,#2879,#2880,#2881,#2882,#2883,
#2884,#2885,#2886,#2887,#2888,#2889,#2890,#2891,#2892,#2893,#2894,#2895,
#2896,#2897,#2898,#2899,#2900,#2901,#2902,#2903,#2904,#2905,#2906,#2907,
#2908,#2909,#2910,#2911,#2912,#2913,#2914,#2915,#2916,#2917,#2918,#2919,
#2920,#2921,#2922,#2923,#2924,#2925,#2926,#2927,#2928,#2929,#2930,#2931,
#2932,#2933,#2934,#2935,#2936,#2937,#2938,#2939,#2940,#2941,#2942,#2943,
#2944,#2945,#2946,#2947,#2948,#2949,#2950,#2951,#2952,#2953,#2954,#2955,
#2956,#2957,#2958,#2959,#2960,#2961,#2962,#2963,#2964,#2965,#2966,#2967,
#2968,#2969,#2970,#2971,#2972,#2973,#2974,#2975,#2976,#2977,#2978,#2979,
#2980,#2981,#2982,#2983,#2984,#2985,#2986,#2987,#2988,#2989,#2990,#2991,
#2992,#2993,#2994,#2995,#2996,#2997,#2998,#2999,#3000,#3001,#3002,#3003,
#3004,#3005,#3006,#3007,#3008,#3009,#3010,#3011,#3012,#3013,#3014,#3015,
#3016,#3017,#3018,#3019,#3020,#3021,#3022,#3023,#3024,#3025,#3026,#3027,
#3028,#3029,#3030,#3031,#3032,#3033,#3034,#3035,#3036,#3037,#3038,#3039,
#3040,#3041,#3042,#3043,#3044,#3045,#3046,#3047,#3048,#3049,#3050,#3051,
#3052,#3053,#3054,#3055,#3056,#3057,#3058,#3059,#3060,#3061,#3062,#3063,
#3064,#3065,#3066,#3067,#3068,#3069,#3070,#3071,#3072,#3073,#3074,#3075,
#3076,#3077,#3078,#3079,#3080,#3081,#3082,#3083,#3084,#3085,#3086,#3087,
#3088,#3089,#3090,#3091,#3092,#3093,#3094,#3095,#3096,#3097,#3098,#3099,
#3100,#3101,#3102,#3103,#3104,#3105,#3106,#3107,#3108,#3109,#3110,#3111,
#3112,#3113,#3114,#3115,#3116,#3117,#3118,#3119,#3120,#3121,#3122,#3123,
#3124,#3125,#3126,#3127,#3128,#3129,#3130,#3131,#3132,#3133,#3134,#3135,
#3136,#3137,#3138,#3139,#3140,#3141,#3142,#3143,#3144,#3145,#3146,#3147,
#3148,#3149,#3150,#3151,#3152,#3153,#3154,#3155,#3156,#3157,#3158,#3159,
#3160,#3161,#3162,#3163,#3164,#3165,#3166,#3167,#3168,#3169,#3170,#3171,
#3172,#3173,#3174,#3175,#3176,#3177,#3178,#3179,#3180,#3181,#3182,#3183,
#3184,#3185,#3186,#3187,#3188,#3189,#3190,#3191,#3192,#3193,#3194,#3195,
#3196,#3197,#3198,#3199,#3200,#3201,#3202,#3203,#3204,#3205,#3206,#3207,
#3208,#3209,#3210,#3211,#3212,#3213,#3214,#3215,#3216,#3217,#3218,#3219,
#3220,#3221,#3222,#3223,#3224,#3225,#3226,#3227,#3228,#3229,#3230,#3231,
#3232,#3233,#3234,#3235,#3236,#3237,#3238,#3239,#3240,#3241,#3242,#3243,
#3244,#3245,#3246,#3247,#3248,#3249,#3250,#3251,#3252,#3253,#3254,#3255,
#3256,#3257,#3258,#3259,#3260,#3261,#3262),.UNSPECIFIED.,.F.,.F.,(4,3,3,
3,3,3,3,3,3,3,3,3,3,3,3,3,3,3,3,3,3,3,3,3,3,3,3,3,3,3,3,3,3,3,3,3,3,3,3,
3,3,3,3,3,3,3,3,3,3,3,3,3,3,3,3,3,3,3,3,3,3,3,3,3,3,3,3,3,3,3,3,3,3,3,3,
3,3,3,3,3,3,3,3,3,3,3,3,3,3,3,3,3,3,3,3,3,3,3,3,3,3,3,3,3,3,3,3,3,3,3,3,
3,3,3,3,3,3,3,3,3,3,3,3,3,3,3,3,3,3,3,3,3,3,3,3,3,3,3,3,3,3,3,3,3,3,3,3,
3,3,3,3,3,3,3,3,3,3,3,3,3,3,3,3,3,3,3,3,3,3,3,3,3,3,3,3,3,3,3,3,3,3,3,3,
3,3,3,3,3,3,3,3,3,3,3,3,3,4),(0.0050776279338882,0.00523851853805947,0.00597218064260569,
0.00662352845893949,0.00683801186346984,0.00698469138407929,0.0075589266904578,
0.00810791171885894,0.00865689674726008,0.00873086423009912,0.00918352854689003,
0.00963685211052543,0.010092998932379,0.0104770370761189,0.0108823303045409,
0.0113087684626244,0.0117856786363495,0.0118252968362615,0.0122232099221388,
0.0127859933234942,0.0132780592608139,0.0137252219901081,0.0139693827681586,
0.0144093848896182,0.0148480407347069,0.0150288575338116,0.0154698489432521,
0.0157155556141784,0.0162098614940833,0.0165886420371883,0.017067057365647,
0.0174617284601982,0.0183435466914948,0.0191354044375904,0.0192079013062181,
0.0196291419931,0.0203475454709751,0.0209540741522379,0.0216392523368398,
0.0218271605752478,0.0227002469982577,0.0233730079059272,0.0240508300275834,
0.0244464198442775,0.025168438194067,0.0258934867680841,0.0261925926902974,
0.0269356798467165,0.0270656791133073,0.0278051873447835,0.0279387655363172,
0.0286754335560625,0.0288118519593271,0.0295556004027911,0.029684938382337,
0.0304178834411114,0.0311485083752456,0.0314311112283568,0.03211416079261,
0.0327874305778398,0.0331772840743766,0.0340503704973866,0.0347651722175788,
0.0349234569203965,0.0356255366295456,0.0363687953273098,0.0366696297664163,
0.0367565186091839,0.0375449744999418,0.0384158026124361,0.039234844354159,
0.039288889035446,0.0397627720417342,0.0401619754584559,0.0406085070443634,
0.0410350618814659,0.0413722677904964,0.0418177912461741,0.0419081483044758,
0.0423460222451255,0.0427982621694961,0.043290240703544,0.0436543211504956,
0.0443883882679023,0.0445923778375284,0.045088513296755,0.0454004939965154,
0.045850439739638,0.0462735804195253,0.046666873276286,0.0470478245825109,
0.0471466668425352,0.0476431247633578,0.047753233057756,0.0482734899695684,
0.0488152998350182,0.0488928396885551,0.0495684778564189,0.0502752424305636,
0.0506390125345749,0.0515119032118202,0.0516386874127303,0.0521882825709488,
0.0523851853805947,0.0528217285920997,0.0532582718036046,0.053859370004952,
0.0540428367314492,0.0541313582266145,0.0548246206968657,0.0555033208591599,
0.0558775310726344,0.0565710198083024,0.0569647890556557,0.0576237039186542,
0.058393117071511,0.0584967903416641,0.0590327744169807,0.059369876764674,
0.0600078476753168,0.0606422104825327,0.0611160496106938,0.0618766351574289,
0.0626309027215412,0.0628622224567136,0.0634570983907055,0.0637353088797236,
0.0643647631620156,0.0646083953027335,0.0653076543298196,0.0660802640489476,
0.0663545681487533,0.0671408937189846,0.0679340053217612,0.0681007409947731,
0.069001637401899,0.0698469138407929,0.0706303153361966,0.071427325582363,
0.0715930866868128,0.0725232242298751,0.0733392595328326,0.0742123459558425,
0.0750854323788524,0.076007121584124,0.0768316052248722,0.0778007143901497,
0.0785777780708921,0.0796103188314327,0.0803239509169119,0.0811970373399218,
0.0820701237629317,0.0830934050826161,0.0838162966089515,0.0848414991793053,
0.0855624694549714,0.0864355558779813,0.0873086423009912,0.0883368123617427,
0.089054815147011,0.090039317125226,0.0908009879930308,0.0916740744160408,
0.0925471608390507,0.0934202472620606,0.0942933336850705,0.0952279596914013,
0.0960395065310903,0.096836632428485,0.0976187213989129,0.0977856793771101,
0.0985344115281561,0.09865876580012,0.09953185222313,0.100356132562182,
0.101173895993009,0.10127802506915,0.102074149186604,0.102830179494137,
0.102870273304059,0.10302419791517,0.103713343380598,0.10389728433818,0.104465304279539,
0.104770370761189,0.105490798232,0.106212734368511,0.106516543607209,0.107210600237472,
0.107910025377781,0.108262716453229,0.10892074510496,0.109588654482135,
0.110008889299249,0.110700548741522,0.111230688359745,0.111755062145269),
 .UNSPECIFIED.);
#119=B_SPLINE_CURVE_WITH_KNOTS('',3,(#3518,#3519,#3520,#3521,#3522,#3523,
#3524,#3525,#3526,#3527,#3528,#3529,#3530,#3531,#3532,#3533,#3534,#3535,
#3536,#3537,#3538,#3539,#3540,#3541,#3542,#3543,#3544,#3545,#3546,#3547,
#3548,#3549,#3550,#3551,#3552,#3553,#3554,#3555,#3556,#3557,#3558,#3559,
#3560,#3561,#3562,#3563,#3564,#3565,#3566,#3567,#3568,#3569,#3570,#3571,
#3572,#3573,#3574,#3575,#3576,#3577,#3578,#3579,#3580,#3581,#3582,#3583,
#3584,#3585,#3586,#3587,#3588,#3589,#3590,#3591,#3592,#3593,#3594,#3595,
#3596,#3597,#3598,#3599,#3600,#3601,#3602,#3603,#3604,#3605,#3606,#3607,
#3608,#3609,#3610,#3611,#3612,#3613,#3614,#3615,#3616,#3617,#3618,#3619,
#3620,#3621,#3622,#3623,#3624,#3625,#3626,#3627,#3628,#3629,#3630,#3631,
#3632,#3633,#3634,#3635,#3636,#3637,#3638,#3639,#3640,#3641,#3642,#3643,
#3644,#3645,#3646,#3647,#3648,#3649,#3650,#3651,#3652,#3653,#3654,#3655,
#3656,#3657,#3658,#3659,#3660,#3661,#3662,#3663,#3664,#3665,#3666,#3667,
#3668,#3669,#3670,#3671,#3672,#3673,#3674,#3675,#3676,#3677,#3678,#3679,
#3680,#3681,#3682,#3683,#3684,#3685,#3686,#3687,#3688,#3689,#3690,#3691,
#3692,#3693,#3694,#3695,#3696,#3697,#3698,#3699,#3700,#3701,#3702,#3703,
#3704,#3705,#3706,#3707,#3708,#3709,#3710,#3711,#3712,#3713,#3714,#3715,
#3716,#3717,#3718,#3719,#3720,#3721,#3722,#3723,#3724,#3725,#3726,#3727,
#3728,#3729,#3730,#3731,#3732,#3733,#3734,#3735,#3736,#3737,#3738,#3739,
#3740,#3741,#3742,#3743,#3744,#3745,#3746,#3747,#3748,#3749,#3750,#3751,
#3752,#3753,#3754,#3755,#3756,#3757,#3758,#3759,#3760,#3761,#3762,#3763,
#3764,#3765,#3766,#3767,#3768,#3769,#3770,#3771,#3772,#3773,#3774,#3775,
#3776,#3777,#3778,#3779,#3780,#3781,#3782,#3783,#3784,#3785,#3786,#3787,
#3788,#3789,#3790,#3791,#3792,#3793,#3794),.UNSPECIFIED.,.F.,.F.,(4,3,3,
3,3,3,3,3,3,3,3,3,3,3,3,3,3,3,3,3,3,3,3,3,3,3,3,3,3,3,3,3,3,3,3,3,3,3,3,
3,3,3,3,3,3,3,3,3,3,3,3,3,3,3,3,3,3,3,3,3,3,3,3,3,3,3,3,3,3,3,3,3,3,3,3,
3,3,3,3,3,3,3,3,3,3,3,3,3,3,3,3,3,4),(0.0550797537425776,0.0559837945516448,
0.0560633965329631,0.0568675808837516,0.0569128419349777,0.0574022892184114,
0.0577622873369923,0.0585368259367675,0.0593135144773915,0.0594611781410215,
0.0604103552171844,0.0611600689450507,0.0618652092048807,0.0620095143470653,
0.0626482494750476,0.0628589597490799,0.0633859743721698,0.0637084051510945,
0.0643618373014809,0.0645578505531091,0.0654638912532031,0.0662567413571383,
0.0671061867591529,0.0679556321611675,0.0685411403061933,0.0691266434807303,
0.0696545229651966,0.0703724738084412,0.0710928841008003,0.0713534137692258,
0.0722778667728875,0.073052304573255,0.0737765340328107,0.0739017499752696,
0.0743830927110201,0.0747511953772842,0.0755067990057849,0.0762664954188789,
0.0764500861813134,0.0773455279543363,0.0781489769853426,0.0788752741862145,
0.0789984223873572,0.0797313689378916,0.0798478677893718,0.0803560830254916,
0.0806973131913863,0.0813350999839492,0.0815467585934009,0.0824626907597665,
0.0832456493974301,0.0840232395835077,0.0847973995144661,0.0849445402014593,
0.0855271168681145,0.0861097130212297,0.0866434310054885,0.0873706289685516,
0.0881006929831644,0.0883423218095177,0.089287044886562,0.0900412126135469,
0.0906942454000326,0.0908906580155615,0.0913694787671001,0.091740103417576,
0.0925895488195906,0.0934389942216052,0.0942884396236198,0.0951378850256344,
0.0960191540894285,0.0968367758296636,0.097316760365454,0.0976862212316782,
0.0983266363879737,0.0985356666336928,0.0994979523456272,0.100234557437722,
0.100988829816471,0.101741117841033,0.101933448241751,0.102508937164731,
0.103084800352321,0.10363233904578,0.104398200257622,0.105169567925157,
0.10533122984981,0.106326821003801,0.107030120653839,0.107707843934914,
0.107879566055853,0.108433952399653,0.10849327899743),.UNSPECIFIED.);
#120=B_SPLINE_CURVE_WITH_KNOTS('',3,(#3796,#3797,#3798,#3799,#3800,#3801,
#3802,#3803,#3804,#3805,#3806,#3807,#3808,#3809,#3810,#3811,#3812,#3813,
#3814,#3815,#3816,#3817,#3818,#3819,#3820,#3821,#3822,#3823,#3824,#3825,
#3826,#3827,#3828,#3829,#3830,#3831,#3832,#3833,#3834,#3835,#3836,#3837,
#3838,#3839,#3840,#3841,#3842,#3843,#3844,#3845,#3846,#3847,#3848,#3849,
#3850,#3851,#3852,#3853,#3854,#3855,#3856,#3857,#3858,#3859,#3860,#3861,
#3862,#3863,#3864,#3865,#3866,#3867,#3868,#3869,#3870,#3871,#3872,#3873,
#3874,#3875,#3876,#3877,#3878,#3879,#3880,#3881,#3882,#3883,#3884,#3885,
#3886,#3887,#3888,#3889,#3890,#3891,#3892,#3893,#3894,#3895,#3896,#3897,
#3898,#3899,#3900,#3901,#3902,#3903,#3904,#3905,#3906,#3907,#3908,#3909,
#3910,#3911,#3912,#3913,#3914,#3915,#3916,#3917,#3918,#3919,#3920,#3921,
#3922,#3923,#3924,#3925,#3926,#3927,#3928,#3929,#3930,#3931,#3932,#3933,
#3934,#3935,#3936,#3937,#3938,#3939,#3940,#3941,#3942,#3943,#3944,#3945,
#3946,#3947,#3948,#3949,#3950,#3951,#3952,#3953,#3954,#3955,#3956,#3957,
#3958,#3959,#3960,#3961,#3962,#3963,#3964,#3965,#3966,#3967,#3968,#3969,
#3970,#3971,#3972,#3973,#3974,#3975,#3976,#3977,#3978,#3979,#3980,#3981,
#3982,#3983,#3984,#3985,#3986,#3987,#3988,#3989,#3990,#3991,#3992,#3993,
#3994,#3995,#3996,#3997,#3998,#3999,#4000,#4001,#4002,#4003,#4004,#4005,
#4006,#4007,#4008,#4009,#4010,#4011,#4012,#4013,#4014,#4015,#4016,#4017,
#4018,#4019,#4020,#4021,#4022,#4023,#4024,#4025,#4026,#4027,#4028,#4029,
#4030,#4031,#4032,#4033,#4034,#4035,#4036,#4037,#4038,#4039,#4040,#4041,
#4042,#4043,#4044,#4045,#4046,#4047,#4048,#4049,#4050,#4051,#4052,#4053,
#4054,#4055,#4056,#4057,#4058,#4059,#4060,#4061,#4062,#4063,#4064,#4065,
#4066,#4067,#4068,#4069,#4070,#4071,#4072,#4073,#4074,#4075),
 .UNSPECIFIED.,.F.,.F.,(4,3,3,3,3,3,3,3,3,3,3,3,3,3,3,3,3,3,3,3,3,3,3,3,
3,3,3,3,3,3,3,3,3,3,3,3,3,3,3,3,3,3,3,3,3,3,3,3,3,3,3,3,3,3,3,3,3,3,3,3,
3,3,3,3,3,3,3,3,3,3,3,3,3,3,3,3,3,3,3,3,3,3,3,3,3,3,3,3,3,3,3,3,3,4),(0.,
0.000612942346438239,0.000849445402014593,0.00154990814375223,0.00169889080402919,
0.00256627894600819,0.00339778160805837,0.00415646493332111,0.00491406240398021,
0.00509667241208756,0.00561226290900827,0.00594611781410215,0.0066750525773016,
0.00679556321611675,0.0077788282618331,0.00849445402014593,0.00941056289716595,
0.0101933448241751,0.0109462954284343,0.0110427902261897,0.0115653425455771,
0.0118922356282043,0.0126304572771643,0.0133707717208199,0.0135911264322335,
0.0144417771478586,0.0152900172362627,0.0160266575147464,0.0167568045736789,
0.0169889080402919,0.0175591720792689,0.0181281127291465,0.018687798844321,
0.0194572633614016,0.0202271913872262,0.0203866896483502,0.0213055140373366,
0.0220855804523794,0.0227912327967328,0.022935025854394,0.0236174500169239,
0.0237844712564086,0.0242715688551719,0.0246339166584232,0.0252558876869589,
0.0254833620604378,0.0264319587812456,0.027182252864467,0.0279335605901827,
0.0286809648398147,0.0288811436684962,0.0293478704362716,0.0297305890705108,
0.03043642959564,0.0305800344725254,0.0314917642227233,0.0322789252765545,
0.0330238593166797,0.0337677769076171,0.0339778160805837,0.0344716516973924,
0.0348272614825983,0.0356767068846129,0.0365261522866275,0.0373755976886421,
0.0381802149577663,0.0389867489860305,0.0390744884926713,0.0397085239209992,
0.0403437764591412,0.0407733792967005,0.0414827669784907,0.042195859031277,
0.0424722701007297,0.0433217155027442,0.0441711609047588,0.0448838906106961,
0.0450206063067734,0.0455374787229153,0.045870051708788,0.0467331720634923,
0.0475689425128172,0.0486783884349415,0.0492678333168464,0.0499983388032348,
0.0507252083131879,0.0509667241208756,0.0515956510059958,0.0522235013539722,
0.0526656149249048,0.0534651536529409,0.0542638199401987,0.054364505728934,
0.0550797537425776),.UNSPECIFIED.);
#121=B_SPLINE_CURVE_WITH_KNOTS('',3,(#4080,#4081,#4082,#4083,#4084,#4085,
#4086,#4087,#4088,#4089,#4090,#4091,#4092,#4093,#4094,#4095,#4096,#4097,
#4098,#4099,#4100,#4101,#4102,#4103,#4104,#4105,#4106,#4107,#4108,#4109,
#4110,#4111,#4112,#4113,#4114,#4115,#4116,#4117,#4118,#4119,#4120,#4121,
#4122,#4123,#4124,#4125,#4126,#4127,#4128,#4129,#4130,#4131,#4132,#4133,
#4134,#4135,#4136,#4137,#4138,#4139,#4140,#4141,#4142,#4143,#4144,#4145,
#4146,#4147,#4148,#4149,#4150,#4151,#4152,#4153,#4154,#4155,#4156,#4157,
#4158,#4159,#4160,#4161,#4162,#4163,#4164,#4165,#4166,#4167,#4168,#4169,
#4170,#4171,#4172,#4173,#4174,#4175,#4176,#4177,#4178,#4179,#4180,#4181,
#4182,#4183,#4184,#4185,#4186,#4187,#4188,#4189,#4190,#4191,#4192,#4193,
#4194,#4195,#4196,#4197,#4198,#4199,#4200,#4201,#4202,#4203,#4204,#4205,
#4206,#4207,#4208,#4209,#4210,#4211,#4212,#4213,#4214,#4215,#4216,#4217,
#4218,#4219,#4220,#4221,#4222,#4223,#4224,#4225,#4226,#4227,#4228,#4229,
#4230,#4231,#4232,#4233,#4234,#4235,#4236,#4237,#4238,#4239,#4240,#4241,
#4242,#4243,#4244,#4245,#4246,#4247,#4248,#4249,#4250,#4251,#4252,#4253,
#4254,#4255,#4256,#4257,#4258,#4259,#4260,#4261,#4262,#4263,#4264,#4265,
#4266,#4267,#4268,#4269,#4270,#4271,#4272,#4273,#4274,#4275,#4276,#4277,
#4278,#4279,#4280,#4281,#4282,#4283,#4284,#4285,#4286,#4287,#4288,#4289,
#4290,#4291,#4292,#4293,#4294,#4295,#4296,#4297,#4298,#4299,#4300,#4301,
#4302,#4303,#4304,#4305,#4306,#4307,#4308,#4309,#4310,#4311,#4312,#4313,
#4314,#4315,#4316,#4317,#4318,#4319,#4320,#4321,#4322,#4323,#4324,#4325,
#4326,#4327,#4328,#4329,#4330,#4331,#4332,#4333,#4334,#4335,#4336,#4337,
#4338,#4339,#4340,#4341,#4342,#4343,#4344,#4345,#4346,#4347,#4348,#4349,
#4350,#4351,#4352,#4353,#4354,#4355,#4356,#4357,#4358,#4359,#4360,#4361,
#4362,#4363,#4364,#4365,#4366,#4367,#4368,#4369,#4370,#4371,#4372,#4373,
#4374,#4375,#4376,#4377,#4378,#4379,#4380,#4381,#4382,#4383,#4384,#4385,
#4386,#4387,#4388,#4389,#4390,#4391,#4392,#4393,#4394,#4395,#4396,#4397,
#4398,#4399,#4400,#4401,#4402,#4403,#4404,#4405,#4406,#4407,#4408,#4409,
#4410,#4411,#4412,#4413,#4414,#4415,#4416,#4417,#4418,#4419,#4420,#4421,
#4422,#4423,#4424,#4425,#4426,#4427,#4428,#4429,#4430,#4431,#4432,#4433,
#4434,#4435,#4436,#4437,#4438,#4439,#4440,#4441,#4442,#4443,#4444,#4445,
#4446,#4447,#4448,#4449,#4450,#4451,#4452,#4453,#4454,#4455,#4456,#4457,
#4458,#4459,#4460,#4461,#4462,#4463,#4464,#4465,#4466,#4467,#4468,#4469,
#4470,#4471,#4472,#4473,#4474,#4475,#4476,#4477,#4478,#4479,#4480,#4481,
#4482,#4483,#4484,#4485,#4486,#4487,#4488,#4489,#4490,#4491,#4492,#4493,
#4494,#4495,#4496,#4497,#4498,#4499,#4500,#4501,#4502,#4503,#4504,#4505,
#4506,#4507,#4508,#4509,#4510,#4511,#4512,#4513,#4514,#4515,#4516,#4517,
#4518,#4519,#4520,#4521,#4522,#4523,#4524,#4525,#4526,#4527,#4528,#4529,
#4530,#4531,#4532,#4533,#4534,#4535,#4536,#4537,#4538,#4539,#4540,#4541,
#4542,#4543,#4544,#4545,#4546,#4547,#4548,#4549,#4550,#4551,#4552,#4553,
#4554,#4555,#4556,#4557,#4558,#4559,#4560,#4561,#4562,#4563,#4564,#4565,
#4566,#4567,#4568,#4569,#4570,#4571,#4572,#4573,#4574,#4575,#4576,#4577,
#4578,#4579,#4580,#4581,#4582,#4583,#4584,#4585,#4586,#4587,#4588,#4589,
#4590,#4591,#4592,#4593,#4594,#4595,#4596,#4597,#4598,#4599,#4600,#4601,
#4602,#4603,#4604,#4605,#4606,#4607,#4608,#4609,#4610,#4611,#4612,#4613,
#4614,#4615,#4616,#4617,#4618,#4619,#4620,#4621,#4622,#4623,#4624,#4625,
#4626,#4627,#4628,#4629,#4630,#4631,#4632,#4633,#4634,#4635,#4636,#4637,
#4638,#4639,#4640,#4641,#4642,#4643,#4644,#4645,#4646,#4647,#4648,#4649,
#4650,#4651,#4652,#4653,#4654,#4655,#4656,#4657,#4658,#4659,#4660,#4661,
#4662,#4663,#4664,#4665,#4666,#4667,#4668,#4669,#4670,#4671,#4672,#4673,
#4674,#4675,#4676,#4677,#4678,#4679,#4680,#4681,#4682,#4683,#4684,#4685,
#4686,#4687,#4688,#4689,#4690,#4691,#4692,#4693,#4694,#4695,#4696,#4697,
#4698,#4699,#4700,#4701,#4702,#4703,#4704),.UNSPECIFIED.,.F.,.F.,(4,3,3,
3,3,3,3,3,3,3,3,3,3,3,3,3,3,3,3,3,3,3,3,3,3,3,3,3,3,3,3,3,3,3,3,3,3,3,3,
3,3,3,3,3,3,3,3,3,3,3,3,3,3,3,3,3,3,3,3,3,3,3,3,3,3,3,3,3,3,3,3,3,3,3,3,
3,3,3,3,3,3,3,3,3,3,3,3,3,3,3,3,3,3,3,3,3,3,3,3,3,3,3,3,3,3,3,3,3,3,3,3,
3,3,3,3,3,3,3,3,3,3,3,3,3,3,3,3,3,3,3,3,3,3,3,3,3,3,3,3,3,3,3,3,3,3,3,3,
3,3,3,3,3,3,3,3,3,3,3,3,3,3,3,3,3,3,3,3,3,3,3,3,3,3,3,3,3,3,3,3,3,3,3,3,
3,3,3,3,3,3,3,3,3,3,3,3,3,3,3,3,3,3,3,3,3,3,3,3,3,4),(0.000242844569334492,
0.000526771243295913,0.000882085792867268,0.00144538268801969,0.00176417158573454,
0.0024676518199379,0.00315845548323477,0.00352834317146907,0.00422883876779096,
0.00492402074340063,0.00529251475720361,0.00600273133198619,0.00673430702150512,
0.00705668634293814,0.00774135332771654,0.00843070587674006,0.00882085792867267,
0.00897944901624468,0.0098082585281276,0.0105850295144072,0.0113360354120929,
0.0114671153072745,0.0121217495444182,0.0123492011001417,0.0131400642472615,
0.0139417319290509,0.0141133726858763,0.0149954584787435,0.0158775442716108,
0.016847609979735,0.0176417158573453,0.0185238016502126,0.0193551883334885,
0.0194058874430799,0.0203667107028935,0.0211700590288144,0.0221871220478066,
0.022934230614549,0.0240320942786898,0.0246984022002835,0.025705407919911,
0.026462573786018,0.0275047115736381,0.0282267453717526,0.0291088311646198,
0.0299909169574871,0.0308730027503544,0.0317550885432216,0.0327781350005613,
0.0335192601289562,0.0344477803925815,0.0352834317146907,0.036165517507558,
0.0370476033004252,0.0380047128505727,0.0388117748861598,0.039693860679027,
0.0405759464718943,0.0414580322647616,0.04219151204368,0.0423401180576288,
0.0431754878456469,0.0440014214303056,0.0441042896433634,0.0449244520002336,
0.0457393280159311,0.0458684612290979,0.0465375352527848,0.0467505470219652,
0.0469087410207933,0.0476326328148324,0.0483440633063876,0.0485147186076997,
0.0491990821701418,0.049396804400567,0.0501450648260432,0.0508982185700056,
0.0511609759863015,0.0517906601974347,0.0524228234751013,0.0529251475720361,
0.0534535323624408,0.0538072333649033,0.0545645529332106,0.0546893191577706,
0.0553497596536533,0.0560592265090788,0.0564534907435051,0.0570853570806173,
0.0577397253447108,0.0582176623292397,0.058291810617174,0.058801164904677,
0.0593042788931644,0.0598000532514779,0.0599818339149742,0.0605517823041203,
0.060719517448436,0.0617460055007087,0.0624578478014289,0.0628154136645236,
0.0634648402678339,0.0635101770864433,0.0640475673099069,0.0645655489748254,
0.0646490269616123,0.0651448356531807,0.0652743486721778,0.0656563054752006,
0.0660506855934631,0.0661564344650451,0.0666234257673776,0.0670385202579123,
0.0675315375802836,0.0678396003314174,0.0686207483656273,0.0688026918436469,
0.069298882032321,0.0697667225661965,0.0702087476118691,0.0705668634293814,
0.0710039860565086,0.0710784766661263,0.0715144005477966,0.0719537000072159,
0.0723310350151159,0.0728984610765838,0.0735220616394924,0.0740952066008505,
0.0750912439765188,0.0757334562525771,0.075859378186585,0.0766880910805926,
0.0767414639794523,0.0776235497723195,0.078282149605878,0.078941693627157,
0.0793877213580541,0.0801138817992068,0.0808383739105495,0.0811518929437886,
0.0818998092789926,0.0820339787366559,0.0827901769132989,0.0829160645295231,
0.0836503371932355,0.0843960575406328,0.0846802361152577,0.0854275732188675,
0.0861707828750043,0.0864444077009922,0.0871482921922398,0.0873264934938595,
0.0880866036450637,0.0882085792867268,0.0890056230598553,0.089090665079594,
0.0898061846205502,0.0899727508724613,0.0906766029200847,0.0913968666121665,
0.0917369224581958,0.0923890883288681,0.0930412541995404,0.0935010940439304,
0.0941816238496366,0.0947827872905227,0.0952652656296649,0.0958262019354487,
0.0963604583933191,0.0968641362321817,0.0970294372153994,0.0974757933515438,
0.0976992071990869,0.0981429629827375,0.0985877244804765,0.098793608801134,
0.0992513087874816,0.0997337451193214,0.100293349640258,0.100557780386869,
0.100946442791706,0.101390023249372,0.101439866179736,0.101886322420593,
0.102321951972603,0.102780217346162,0.103234885290202,0.103685987516571,
0.104086123558338,0.10414972589404,0.104690126387536,0.105270210765804,
0.105850295144072,0.105985103358793,0.106732380936939,0.107190239590873,
0.107614466729807,0.108063117104175,0.108597364162115,0.109169923496653,
0.109378638315541,0.110026669672567,0.110504455710252,0.111142809901276,
0.111814049263501,0.112024895694143,0.112752951846906,0.11290698148701),
 .UNSPECIFIED.);
#122=B_SPLINE_CURVE_WITH_KNOTS('',3,(#4710,#4711,#4712,#4713,#4714,#4715),
 .UNSPECIFIED.,.F.,.F.,(4,2,4),(1.85752261515509E-8,0.0034883931922815,
0.00698160784561114),.UNSPECIFIED.);
#123=B_SPLINE_CURVE_WITH_KNOTS('',3,(#4717,#4718,#4719,#4720,#4721,#4722,
#4723,#4724,#4725,#4726,#4727,#4728,#4729,#4730,#4731,#4732,#4733,#4734,
#4735,#4736,#4737,#4738,#4739,#4740,#4741,#4742,#4743,#4744,#4745,#4746,
#4747,#4748,#4749,#4750,#4751,#4752,#4753,#4754,#4755,#4756,#4757,#4758,
#4759,#4760,#4761,#4762,#4763,#4764,#4765,#4766,#4767,#4768,#4769,#4770,
#4771,#4772,#4773,#4774),.UNSPECIFIED.,.F.,.F.,(4,3,3,3,3,3,3,3,3,3,3,3,
3,3,3,3,3,3,3,4),(1.27300842342536E-5,0.00152501524353361,0.00186606633984615,
0.00189843802083439,0.00282065781787783,0.00284129236706205,0.00362547419303159,
0.00377865490920534,0.00378414671328971,0.0047373139396305,0.00566985540574503,
0.00569509433295401,0.0066127097519727,0.00665211262773811,0.00708413692508653,
0.00713039602932926,0.00731985051164344,0.00736946735675648,0.0074377073049219,
0.00755556383170412),.UNSPECIFIED.);
#124=B_SPLINE_CURVE_WITH_KNOTS('',3,(#4778,#4779,#4780,#4781,#4782,#4783,
#4784,#4785,#4786,#4787,#4788,#4789,#4790,#4791,#4792,#4793,#4794,#4795,
#4796,#4797,#4798,#4799,#4800,#4801,#4802,#4803,#4804,#4805,#4806,#4807,
#4808,#4809,#4810,#4811,#4812,#4813,#4814,#4815,#4816,#4817,#4818,#4819,
#4820,#4821,#4822,#4823,#4824,#4825,#4826),.UNSPECIFIED.,.F.,.F.,(4,3,3,
3,3,3,3,3,3,3,3,3,3,3,3,3,4),(2.64972830847535E-10,0.000117851086752537,
0.000185485616107685,0.000423866781714316,0.000900965777158685,0.0018563833413662,
0.00188561738804059,0.00281372828088906,0.00377123477608119,0.00377310542620559,
0.0044849357595579,0.00471404347010148,0.00473255818488222,0.00565685216412178,
0.00568822054323218,0.00711977316212818,0.00754246955216237),
 .UNSPECIFIED.);
#125=B_SPLINE_CURVE_WITH_KNOTS('',3,(#4828,#4829,#4830,#4831,#4832,#4833),
 .UNSPECIFIED.,.F.,.F.,(4,2,4),(9.94187371570463E-7,0.00349403437110593,
0.00698212101393848),.UNSPECIFIED.);
#126=B_SPLINE_CURVE_WITH_KNOTS('',3,(#4837,#4838,#4839,#4840,#4841,#4842),
 .UNSPECIFIED.,.F.,.F.,(4,2,4),(4.05002958083212E-8,0.0034884293814559,
0.00698163549023863),.UNSPECIFIED.);
#127=B_SPLINE_CURVE_WITH_KNOTS('',3,(#4844,#4845,#4846,#4847,#4848,#4849,
#4850,#4851,#4852,#4853,#4854,#4855,#4856,#4857,#4858,#4859,#4860,#4861,
#4862,#4863,#4864,#4865,#4866,#4867,#4868,#4869,#4870,#4871,#4872,#4873,
#4874,#4875,#4876,#4877,#4878,#4879,#4880,#4881,#4882,#4883,#4884,#4885,
#4886,#4887,#4888,#4889,#4890,#4891,#4892,#4893,#4894,#4895,#4896,#4897,
#4898,#4899,#4900,#4901),.UNSPECIFIED.,.F.,.F.,(4,3,3,3,3,3,3,3,3,3,3,3,
3,3,3,3,3,3,3,4),(1.27296617251583E-5,0.00152501485714841,0.00186606633984797,
0.00189843801123472,0.00282065781786993,0.00284129235266258,0.00362547417009776,
0.00377865490921934,0.00378414669409045,0.00473731393962486,0.00566985537694619,
0.00569509433284599,0.00661270971837405,0.00665211262752128,0.00708413688908799,
0.00713039602904573,0.00731985047444495,0.00736946735643486,0.00743770726712344,
0.00755556379330546),.UNSPECIFIED.);
#128=B_SPLINE_CURVE_WITH_KNOTS('',3,(#4905,#4906,#4907,#4908,#4909,#4910,
#4911,#4912,#4913,#4914,#4915,#4916,#4917,#4918,#4919,#4920,#4921,#4922,
#4923,#4924,#4925,#4926,#4927,#4928,#4929,#4930,#4931,#4932,#4933,#4934,
#4935,#4936,#4937,#4938,#4939,#4940,#4941,#4942,#4943,#4944,#4945,#4946,
#4947,#4948,#4949,#4950,#4951,#4952,#4953),.UNSPECIFIED.,.F.,.F.,(4,3,3,
3,3,3,3,3,3,3,3,3,3,3,3,3,4),(2.64972828005815E-10,0.000117851086163168,
0.000185485578050878,0.000423866743640542,0.000900965739061311,0.00185638330324562,
0.00188561737861069,0.00281372824275144,0.00377123475722139,0.00377310538813393,
0.00448493571654843,0.00471404344652673,0.00473255814691873,0.00565685213583208,
0.00568822050534454,0.0071197732372376,0.00754246875801085),
 .UNSPECIFIED.);
#129=B_SPLINE_CURVE_WITH_KNOTS('',3,(#4954,#4955,#4956,#4957,#4958,#4959),
 .UNSPECIFIED.,.F.,.F.,(4,2,4),(9.94004844442878E-7,0.0034940378944126,
0.00698224229892062),.UNSPECIFIED.);
#130=B_SPLINE_CURVE_WITH_KNOTS('',3,(#5038,#5039,#5040,#5041,#5042,#5043,
#5044,#5045,#5046,#5047,#5048,#5049,#5050,#5051,#5052,#5053,#5054,#5055,
#5056,#5057,#5058,#5059,#5060,#5061,#5062,#5063,#5064,#5065,#5066,#5067,
#5068,#5069,#5070,#5071,#5072,#5073,#5074,#5075,#5076,#5077,#5078,#5079,
#5080,#5081,#5082,#5083),.UNSPECIFIED.,.F.,.F.,(4,3,3,3,3,3,3,3,3,3,3,3,
3,3,3,4),(4.33680868994202E-19,0.000116332148014388,0.000238396763657415,
0.000373517632709397,0.000396448315142861,0.000516519931186494,0.000638435813751343,
0.000762989258456651,0.000792896630285721,0.000947743950824443,0.0010949328230783,
0.00118934494542858,0.00131400963409889,0.00143567198735587,0.00155399538121443,
0.00158579326057144),.UNSPECIFIED.);
#131=B_SPLINE_CURVE_WITH_KNOTS('',3,(#5084,#5085,#5086,#5087,#5088,#5089,
#5090,#5091,#5092,#5093,#5094,#5095,#5096,#5097,#5098,#5099,#5100,#5101,
#5102,#5103,#5104,#5105,#5106,#5107,#5108,#5109,#5110,#5111,#5112,#5113,
#5114,#5115,#5116,#5117,#5118,#5119,#5120,#5121,#5122,#5123,#5124,#5125,
#5126,#5127,#5128,#5129,#5130,#5131,#5132,#5133,#5134,#5135,#5136,#5137,
#5138,#5139,#5140,#5141),.UNSPECIFIED.,.F.,.F.,(4,3,3,3,3,3,3,3,3,3,3,3,
3,3,3,3,3,3,3,4),(2.16840434497101E-19,9.3149194762287E-5,9.91327627974484E-5,
0.000205060922498817,0.000247831906993621,0.000342595751090876,0.000396531051189793,
0.000410425919674255,0.000542531455415375,0.000594796576784689,0.000751363095744878,
0.000793062102379585,0.000811624229306181,0.000974824180894072,0.00114456359808992,
0.00118959315356938,0.00120211145207295,0.00136451670583955,0.001534628198403,
0.00158612420475822),.UNSPECIFIED.);
#132=B_SPLINE_CURVE_WITH_KNOTS('',3,(#5179,#5180,#5181,#5182,#5183,#5184,
#5185,#5186,#5187,#5188,#5189,#5190,#5191,#5192,#5193,#5194,#5195,#5196,
#5197,#5198,#5199,#5200,#5201,#5202,#5203,#5204,#5205,#5206,#5207,#5208,
#5209,#5210,#5211,#5212,#5213,#5214,#5215,#5216,#5217,#5218,#5219,#5220,
#5221,#5222,#5223,#5224,#5225,#5226,#5227,#5228,#5229,#5230,#5231,#5232,
#5233,#5234,#5235,#5236),.UNSPECIFIED.,.F.,.F.,(4,3,3,3,3,3,3,3,3,3,3,3,
3,3,3,3,3,3,3,4),(8.67361737988404E-19,9.31491947506262E-5,9.91327627976299E-5,
0.00020506092250007,0.000247831906994073,0.000342595751089302,0.000396531051190517,
0.000410425919676558,0.000542531455419879,0.000594796576785775,0.000751363095759563,
0.000793062102381033,0.000811624229309603,0.000974824180703575,0.00114456359782026,
0.00118959315357155,0.00120211145207632,0.00136451670620541,0.00153462820016342,
0.00158612420476207),.UNSPECIFIED.);
#133=B_SPLINE_CURVE_WITH_KNOTS('',3,(#5237,#5238,#5239,#5240,#5241,#5242,
#5243,#5244,#5245,#5246,#5247,#5248,#5249,#5250,#5251,#5252,#5253,#5254,
#5255,#5256,#5257,#5258,#5259,#5260,#5261,#5262,#5263,#5264,#5265,#5266,
#5267,#5268,#5269,#5270,#5271,#5272,#5273,#5274,#5275,#5276,#5277,#5278,
#5279,#5280,#5281,#5282,#5283,#5284,#5285,#5286,#5287,#5288,#5289,#5290,
#5291,#5292,#5293,#5294),.UNSPECIFIED.,.F.,.F.,(4,3,3,3,3,3,3,3,3,3,3,3,
3,3,3,3,3,3,3,4),(2.16840434497101E-18,9.31912193276935E-5,9.91120787859012E-5,
0.000205060676437539,0.00024778019696475,0.000342490173612709,0.000396448315143598,
0.000410406539044182,0.000542342234177387,0.000594672472715396,0.000751000887022835,
0.000792896630287194,0.000811496993829364,0.000973754801272418,0.00114280972551192,
0.00118934494543079,0.00120184193064516,0.00136395382906442,0.0015337321644387,
0.00158579326057439),.UNSPECIFIED.);
#134=B_SPLINE_CURVE_WITH_KNOTS('',3,(#5304,#5305,#5306,#5307,#5308,#5309,
#5310,#5311,#5312,#5313,#5314,#5315,#5316,#5317,#5318,#5319,#5320,#5321,
#5322,#5323,#5324,#5325,#5326,#5327,#5328,#5329,#5330,#5331,#5332,#5333,
#5334,#5335,#5336,#5337,#5338,#5339,#5340,#5341,#5342,#5343,#5344,#5345,
#5346,#5347,#5348,#5349,#5350,#5351,#5352,#5353,#5354,#5355,#5356,#5357,
#5358,#5359,#5360,#5361),.UNSPECIFIED.,.F.,.F.,(4,3,3,3,3,3,3,3,3,3,3,3,
3,3,3,3,3,3,3,4),(0.,9.31491947693627E-5,9.91327627976339E-5,0.000205060922500031,
0.000247831906994085,0.000342595751090046,0.000396531051190536,0.000410425919676517,
0.000542531455414023,0.000594796576785803,0.000751363095749135,0.000793062102381071,
0.000811624229309532,0.000974824180889139,0.00114456359813547,0.00118959315357161,
0.00120211145207615,0.00136451667103785,0.00153462811840533,0.00158612143733717),
 .UNSPECIFIED.);
#135=B_SPLINE_CURVE_WITH_KNOTS('',3,(#5402,#5403,#5404,#5405,#5406,#5407,
#5408,#5409,#5410,#5411,#5412,#5413,#5414,#5415,#5416,#5417,#5418,#5419,
#5420,#5421,#5422,#5423,#5424,#5425,#5426,#5427,#5428,#5429,#5430,#5431,
#5432,#5433,#5434,#5435,#5436,#5437,#5438,#5439,#5440,#5441,#5442,#5443,
#5444,#5445,#5446,#5447,#5448,#5449,#5450,#5451,#5452,#5453,#5454,#5455,
#5456),.UNSPECIFIED.,.F.,.F.,(4,3,3,3,3,3,3,3,3,3,3,3,3,3,3,3,3,3,4),(1.73472347597681E-18,
0.000161939549673258,0.000205678748450451,0.000366955824539263,0.000396448315143602,
0.000410407021740947,0.000548719995870284,0.000693073114279444,0.000792896630287203,
0.000811496993829313,0.000973697656390216,0.00114276800816514,0.0011893449454308,
0.00120184176160659,0.00128705017292637,0.00137195241894734,0.00140869515427233,
0.00143881968737453,0.0015857932605744),.UNSPECIFIED.);
#136=B_SPLINE_CURVE_WITH_KNOTS('',3,(#5462,#5463,#5464,#5465,#5466,#5467,
#5468,#5469,#5470,#5471,#5472,#5473,#5474,#5475,#5476,#5477,#5478,#5479,
#5480,#5481,#5482,#5483,#5484,#5485,#5486,#5487,#5488,#5489,#5490,#5491,
#5492,#5493,#5494,#5495,#5496,#5497,#5498,#5499,#5500,#5501,#5502,#5503,
#5504,#5505,#5506,#5507,#5508,#5509,#5510,#5511,#5512,#5513,#5514,#5515,
#5516,#5517,#5518,#5519,#5520,#5521,#5522,#5523,#5524,#5525,#5526,#5527,
#5528,#5529,#5530,#5531,#5532,#5533,#5534,#5535,#5536,#5537,#5538,#5539,
#5540,#5541,#5542,#5543,#5544,#5545,#5546,#5547,#5548,#5549,#5550,#5551,
#5552,#5553,#5554,#5555,#5556,#5557,#5558,#5559,#5560,#5561,#5562,#5563,
#5564,#5565,#5566,#5567),.UNSPECIFIED.,.F.,.F.,(4,3,3,3,3,3,3,3,3,3,3,3,
3,3,3,3,3,3,3,3,3,3,3,3,3,3,3,3,3,3,3,3,3,3,3,4),(0.,2.04801065317331E-5,
0.000168796565783376,0.000465527909019119,0.00105940486222616,0.00165387359900702,
0.00224898184256673,0.00232182575660395,0.00329846827444579,0.00344058551814585,
0.00348273863490593,0.00463237902366487,0.00464365151320791,0.00582419759156253,
0.00696547726981186,0.00701603628635878,0.00812639014811384,0.00820776144940027,
0.0090650495225836,0.00928730302641581,0.00939998133569793,0.0102113974772347,
0.0104482159047178,0.0105913648436402,0.0116091287830198,0.0117833724221943,
0.0131234877259484,0.0139309545396237,0.0141668637341075,0.0153587476741763,
0.0162527802962277,0.0165509067545945,0.0173161581783527,0.0174136931745297,
0.0182826718761031,0.0185746060528316),.UNSPECIFIED.);
#137=B_SPLINE_CURVE_WITH_KNOTS('',3,(#5574,#5575,#5576,#5577,#5578,#5579,
#5580,#5581,#5582,#5583,#5584,#5585,#5586,#5587,#5588,#5589,#5590,#5591,
#5592,#5593,#5594,#5595,#5596,#5597,#5598,#5599,#5600,#5601,#5602,#5603,
#5604,#5605,#5606,#5607,#5608,#5609,#5610,#5611,#5612,#5613,#5614,#5615,
#5616,#5617,#5618,#5619,#5620,#5621,#5622,#5623,#5624,#5625,#5626,#5627,
#5628,#5629,#5630,#5631,#5632,#5633,#5634,#5635,#5636,#5637,#5638,#5639,
#5640,#5641,#5642,#5643,#5644,#5645,#5646,#5647,#5648,#5649,#5650,#5651,
#5652,#5653,#5654,#5655,#5656,#5657,#5658,#5659,#5660,#5661,#5662,#5663,
#5664,#5665,#5666,#5667,#5668,#5669,#5670,#5671,#5672,#5673,#5674,#5675,
#5676,#5677,#5678,#5679),.UNSPECIFIED.,.F.,.F.,(4,3,3,3,3,3,3,3,3,3,3,3,
3,3,3,3,3,3,3,3,3,3,3,3,3,3,3,3,3,3,3,3,3,3,3,4),(0.,0.000868711226438073,
0.0011605555402081,0.00192557141611812,0.00202307639611952,0.00232111108041619,
0.0032148685255843,0.0044063855993802,0.00464222216083239,0.00598192493500502,
0.0067891432639171,0.00696333324124858,0.007980783938097,0.00812388878145668,
0.00893505523439553,0.00917180073397402,0.00928444432166477,0.0101414686043376,
0.0103636536504417,0.0104449998618729,0.0115550119961402,0.011605555402081,
0.0127464838385818,0.0139266664824972,0.0139379355603519,0.0150872220227053,
0.0151293622273919,0.0161057041351177,0.0162477775629134,0.0163205991230202,
0.0169155241900917,0.017509809947118,0.0181035041026762,0.0184001441108451,
0.0185484149177146,0.0185688886433295),.UNSPECIFIED.);
#138=B_SPLINE_CURVE_WITH_KNOTS('',3,(#5682,#5683,#5684,#5685,#5686,#5687,
#5688,#5689,#5690,#5691,#5692,#5693,#5694,#5695,#5696,#5697,#5698,#5699,
#5700,#5701,#5702,#5703,#5704,#5705,#5706,#5707,#5708,#5709,#5710,#5711,
#5712,#5713,#5714,#5715,#5716,#5717,#5718,#5719,#5720,#5721,#5722,#5723,
#5724,#5725,#5726,#5727,#5728,#5729,#5730,#5731,#5732,#5733,#5734,#5735,
#5736,#5737,#5738,#5739,#5740,#5741,#5742,#5743,#5744,#5745,#5746,#5747,
#5748,#5749,#5750,#5751,#5752,#5753,#5754,#5755,#5756,#5757,#5758,#5759,
#5760,#5761,#5762,#5763,#5764,#5765,#5766,#5767,#5768,#5769,#5770,#5771,
#5772,#5773,#5774,#5775,#5776,#5777,#5778,#5779,#5780,#5781,#5782,#5783,
#5784,#5785,#5786,#5787),.UNSPECIFIED.,.F.,.F.,(4,3,3,3,3,3,3,3,3,3,3,3,
3,3,3,3,3,3,3,3,3,3,3,3,3,3,3,3,3,3,3,3,3,3,3,4),(0.,2.04800679857107E-5,
0.000168796527213798,0.000465527870398755,0.00105940482350271,0.00165387356020401,
0.00224898180373861,0.00232182575162971,0.00329846827147808,0.00344058547927133,
0.00348273862744457,0.00463237898469493,0.00464365150325942,0.00582419755253007,
0.00696547725488914,0.00701603624724791,0.00812639013070399,0.00820776141024404,
0.00906504952634178,0.00928730300651885,0.00939998129639158,0.0102113974720258,
0.0104482158823337,0.010591364804346,0.0116091287581486,0.0117833723828034,
0.0131234876680651,0.0139309545097783,0.0141668636945885,0.0153587476345826,
0.016252780261408,0.0165509067149314,0.0173161581386205,0.0174136931372228,
0.0182826718378887,0.0185746060130377),.UNSPECIFIED.);
#139=B_SPLINE_CURVE_WITH_KNOTS('',3,(#5788,#5789,#5790,#5791,#5792,#5793,
#5794,#5795,#5796,#5797,#5798,#5799,#5800,#5801,#5802,#5803,#5804,#5805,
#5806,#5807,#5808,#5809,#5810,#5811,#5812,#5813,#5814,#5815,#5816,#5817,
#5818,#5819,#5820,#5821,#5822,#5823,#5824,#5825,#5826,#5827,#5828,#5829,
#5830,#5831,#5832,#5833,#5834,#5835,#5836,#5837,#5838,#5839,#5840,#5841,
#5842,#5843,#5844,#5845,#5846,#5847,#5848,#5849,#5850,#5851,#5852,#5853,
#5854,#5855,#5856,#5857,#5858,#5859,#5860,#5861,#5862,#5863,#5864,#5865,
#5866,#5867,#5868,#5869,#5870,#5871,#5872,#5873,#5874,#5875,#5876,#5877,
#5878,#5879,#5880,#5881,#5882,#5883,#5884,#5885,#5886,#5887,#5888,#5889,
#5890,#5891,#5892,#5893),.UNSPECIFIED.,.F.,.F.,(4,3,3,3,3,3,3,3,3,3,3,3,
3,3,3,3,3,3,3,3,3,3,3,3,3,3,3,3,3,3,3,3,3,3,3,4),(0.,0.000868711228472804,
0.00116055554276056,0.00192557141817681,0.00202307639636587,0.00232111108552113,
0.00321486852596692,0.00440638559990623,0.00464222217104226,0.00598192496369001,
0.00678914326470715,0.00696333325656338,0.00798078393905171,0.00812388879932395,
0.00893505521821682,0.00917180073498439,0.00928444434208451,0.0101414685818872,
0.0103636536516701,0.0104449998848451,0.0115550119974818,0.0116055554276056,
0.0127464838400699,0.0139266665131268,0.0139379355619704,0.0150872220558873,
0.0151293622291736,0.016105704135037,0.0162477775986479,0.0163205991249161,
0.0169155241920464,0.0175098099491859,0.018103504104881,0.018400144113118,
0.0185484149200198,0.018568888684169),.UNSPECIFIED.);
#140=B_SPLINE_CURVE_WITH_KNOTS('',3,(#5919,#5920,#5921,#5922,#5923,#5924,
#5925,#5926,#5927,#5928,#5929,#5930,#5931,#5932,#5933,#5934,#5935,#5936,
#5937,#5938,#5939,#5940,#5941,#5942,#5943,#5944,#5945,#5946,#5947,#5948,
#5949,#5950,#5951,#5952,#5953,#5954,#5955,#5956,#5957,#5958,#5959,#5960,
#5961,#5962,#5963,#5964),.UNSPECIFIED.,.F.,.F.,(4,3,3,3,3,3,3,3,3,3,3,3,
3,3,3,4),(2.38524477946811E-18,0.00011633214801318,0.000238396763654656,
0.000373517632705374,0.000396448315144361,0.000516519931188208,0.000638435813753772,
0.000762989258460477,0.00079289663028872,0.000947743950819716,0.00109493282307489,
0.00118934494543308,0.0013140096341241,0.00143567198739717,0.00155399538126612,
0.00158579326057744),.UNSPECIFIED.);
#141=B_SPLINE_CURVE_WITH_KNOTS('',3,(#5967,#5968,#5969,#5970,#5971,#5972,
#5973,#5974,#5975,#5976,#5977,#5978,#5979,#5980,#5981,#5982,#5983,#5984,
#5985,#5986,#5987,#5988,#5989,#5990,#5991,#5992,#5993,#5994,#5995,#5996,
#5997,#5998,#5999,#6000,#6001,#6002,#6003,#6004,#6005,#6006,#6007,#6008,
#6009,#6010,#6011,#6012,#6013,#6014,#6015,#6016,#6017,#6018,#6019,#6020,
#6021,#6022,#6023,#6024),.UNSPECIFIED.,.F.,.F.,(4,3,3,3,3,3,3,3,3,3,3,3,
3,3,3,3,3,3,3,4),(8.67361737988404E-19,9.31491947556433E-5,9.91327627978195E-5,
0.00020506092250137,0.000247831906994548,0.000342595751088983,0.000396531051191275,
0.000410425919679003,0.000542531455419638,0.000594796576786913,0.000751363095762608,
0.00079306210238255,0.000811624229313291,0.000974824180614911,0.00114456359767867,
0.00118959315357382,0.00120211145208014,0.00136451670635426,0.00153462820098983,
0.00158612420476508),.UNSPECIFIED.);
#142=B_SPLINE_CURVE_WITH_KNOTS('',3,(#6028,#6029,#6030,#6031,#6032,#6033,
#6034,#6035,#6036,#6037,#6038,#6039,#6040,#6041,#6042,#6043,#6044,#6045,
#6046),.UNSPECIFIED.,.F.,.F.,(4,2,2,2,3,2,2,2,4),(-0.873883859185992,-0.655466797664502,
-0.437049736143012,-0.218524868071506,0.,0.218524868071506,0.437049736143012,
0.655466797664502,0.873883859185992),.UNSPECIFIED.);
#143=B_SPLINE_CURVE_WITH_KNOTS('',3,(#6050,#6051,#6052,#6053,#6054,#6055,
#6056,#6057,#6058,#6059,#6060,#6061,#6062,#6063,#6064,#6065,#6066,#6067,
#6068),.UNSPECIFIED.,.F.,.F.,(4,2,2,2,3,2,2,2,4),(-0.873883859185993,-0.655466797664503,
-0.437049736143012,-0.218524868071506,0.,0.218524868071506,0.437049736143012,
0.655466797664503,0.873883859185993),.UNSPECIFIED.);
#144=B_SPLINE_CURVE_WITH_KNOTS('',3,(#6069,#6070,#6071,#6072,#6073,#6074,
#6075,#6076,#6077,#6078,#6079,#6080,#6081,#6082,#6083,#6084,#6085,#6086),
 .UNSPECIFIED.,.F.,.F.,(4,2,2,2,2,2,2,2,4),(-2.62165157755798,-2.40323451603649,
-2.184817454515,-1.96629258644349,-1.74776771837199,-1.52924285030048,-1.31071798222897,
-1.09230092070748,-0.873883859185993),.UNSPECIFIED.);
#145=B_SPLINE_CURVE_WITH_KNOTS('',3,(#6087,#6088,#6089,#6090,#6091,#6092,
#6093,#6094,#6095,#6096,#6097,#6098,#6099,#6100,#6101,#6102,#6103,#6104),
 .UNSPECIFIED.,.F.,.F.,(4,2,2,2,2,2,2,2,4),(0.873883859185992,1.09230092070748,
1.31071798222897,1.52924285030048,1.74776771837198,1.96629258644349,2.184817454515,
2.40323451603649,2.62165157755798),.UNSPECIFIED.);
#146=B_SPLINE_CURVE_WITH_KNOTS('',3,(#6199,#6200,#6201,#6202,#6203,#6204,
#6205,#6206,#6207,#6208,#6209,#6210,#6211,#6212,#6213,#6214,#6215,#6216,
#6217,#6218,#6219,#6220,#6221,#6222,#6223,#6224,#6225,#6226,#6227,#6228,
#6229,#6230,#6231,#6232,#6233,#6234,#6235,#6236,#6237,#6238,#6239,#6240,
#6241,#6242,#6243,#6244),.UNSPECIFIED.,.F.,.F.,(4,3,3,3,3,3,3,3,3,3,3,3,
3,3,3,4),(9.6034716097422E-14,0.000116467148371074,0.000238750341808744,
0.000372161445817156,0.000390597252405528,0.000511120915442196,0.000632929773318433,
0.000756264636944864,0.000781194504715021,0.000942445999259931,0.00108180246008938,
0.00117179175702451,0.00128230352793023,0.00139170695747293,0.00149998084111918,
0.00156238900930227),.UNSPECIFIED.);
#147=B_SPLINE_CURVE_WITH_KNOTS('',3,(#6245,#6246,#6247,#6248),
 .UNSPECIFIED.,.F.,.F.,(4,4),(0.,0.987934198265749),.UNSPECIFIED.);
#148=B_SPLINE_CURVE_WITH_KNOTS('',3,(#6250,#6251,#6252,#6253,#6254,#6255,
#6256,#6257,#6258,#6259,#6260,#6261,#6262,#6263,#6264,#6265,#6266,#6267,
#6268,#6269,#6270,#6271,#6272,#6273,#6274,#6275,#6276,#6277,#6278,#6279,
#6280,#6281,#6282,#6283,#6284,#6285,#6286,#6287,#6288,#6289,#6290,#6291,
#6292,#6293,#6294,#6295),.UNSPECIFIED.,.F.,.F.,(4,3,3,3,3,3,3,3,3,3,3,3,
3,3,3,4),(2.16840434497101E-19,0.000116467148529774,0.000238750342272426,
0.00037216144653213,0.000390597252335256,0.000511120915526746,0.000632929773632714,
0.000756264637581289,0.000781194504670511,0.000942445997769633,0.00108180245810837,
0.00117179175700577,0.00128230352799658,0.00139170695761632,0.00149998084132707,
0.00156238900930589),.UNSPECIFIED.);
#149=B_SPLINE_CURVE_WITH_KNOTS('',3,(#6359,#6360,#6361,#6362),
 .UNSPECIFIED.,.F.,.F.,(4,4),(-0.987934198137675,1.17093834628434E-16),
 .UNSPECIFIED.);
#150=B_SPLINE_CURVE_WITH_KNOTS('',3,(#6371,#6372,#6373,#6374),
 .UNSPECIFIED.,.F.,.F.,(4,4),(0.10849327899743,0.108729011457868),
 .UNSPECIFIED.);
#151=B_SPLINE_CURVE_WITH_KNOTS('',3,(#6380,#6381,#6382,#6383,#6384,#6385,
#6386,#6387,#6388,#6389,#6390,#6391,#6392,#6393,#6394,#6395),
 .UNSPECIFIED.,.F.,.F.,(4,3,3,3,3,4),(0.,0.00273014731882792,0.00409522517076338,
0.00546029463765583,0.00819044195648375,0.0109205892753117),
 .UNSPECIFIED.);
#152=B_SPLINE_CURVE_WITH_KNOTS('',3,(#6399,#6400,#6401,#6402,#6403,#6404,
#6405,#6406,#6407,#6408,#6409,#6410,#6411,#6412,#6413,#6414),
 .UNSPECIFIED.,.F.,.F.,(4,3,3,3,3,4),(0.,0.00273014731882792,0.00546029463765583,
0.00682536410429282,0.00819044195648375,0.0109205892753117),
 .UNSPECIFIED.);
#153=B_SPLINE_CURVE_WITH_KNOTS('',3,(#6416,#6417,#6418,#6419,#6420,#6421,
#6422,#6423,#6424,#6425,#6426,#6427,#6428,#6429,#6430,#6431,#6432,#6433,
#6434,#6435,#6436,#6437,#6438,#6439,#6440,#6441,#6442,#6443,#6444,#6445,
#6446,#6447,#6448,#6449,#6450,#6451,#6452,#6453,#6454,#6455,#6456,#6457,
#6458),.UNSPECIFIED.,.F.,.F.,(4,1,1,1,1,1,1,1,1,1,1,1,1,1,1,1,1,1,1,1,1,
1,1,1,1,1,1,1,1,1,1,1,1,1,1,1,1,1,1,1,4),(0.,0.00196278868066358,0.00392557736132717,
0.00588836604199075,0.00686976038232254,0.00785115472265434,0.00981394340331792,
0.0117767320839815,0.0127581264243133,0.0137395207646451,0.0157023094453087,
0.0176650981259723,0.0196278868066358,0.0206092811469676,0.0215906754872994,
0.023553464167963,0.0255162528486266,0.0274790415292902,0.0294418302099538,
0.0314046188906173,0.0323860132309491,0.0333674075712809,0.0343488019116127,
0.0353301962519445,0.0372929849326081,0.0392557736132717,0.0402371679536035,
0.0412185622939353,0.0431813509745988,0.0451441396552624,0.0461255339955942,
0.047106928335926,0.0490697170165896,0.0510325056972532,0.0529952943779168,
0.0539766887182486,0.0549580830585804,0.0569208717392439,0.0588836604199075,
0.0608464491005711,0.0628092377812347),.UNSPECIFIED.);
#154=B_SPLINE_CURVE_WITH_KNOTS('',3,(#6527,#6528,#6529,#6530),
 .UNSPECIFIED.,.F.,.F.,(4,4),(0.,0.987934198372169),.UNSPECIFIED.);
#155=B_SPLINE_CURVE_WITH_KNOTS('',3,(#6531,#6532,#6533,#6534,#6535,#6536,
#6537,#6538,#6539,#6540,#6541,#6542,#6543,#6544,#6545,#6546,#6547,#6548,
#6549,#6550,#6551,#6552,#6553,#6554,#6555,#6556,#6557,#6558,#6559,#6560,
#6561,#6562,#6563,#6564,#6565,#6566,#6567,#6568,#6569,#6570,#6571,#6572,
#6573,#6574,#6575,#6576),.UNSPECIFIED.,.F.,.F.,(4,3,3,3,3,3,3,3,3,3,3,3,
3,3,3,4),(2.16840434497101E-19,0.000116467148529232,0.000238750342270953,
0.00037216144652807,0.000390597252326586,0.000511120915517706,0.000632929773623077,
0.00075626463757111,0.000781194504653171,0.000942445997748983,0.00108180245808763,
0.00117179175697976,0.00128230352796941,0.0013917069575883,0.00149998084129853,
0.00156238900930586),.UNSPECIFIED.);
#156=B_SPLINE_CURVE_WITH_KNOTS('',3,(#6580,#6581,#6582,#6583,#6584,#6585,
#6586,#6587,#6588,#6589,#6590,#6591,#6592,#6593,#6594,#6595,#6596,#6597,
#6598,#6599,#6600,#6601,#6602,#6603,#6604,#6605,#6606,#6607,#6608,#6609,
#6610,#6611,#6612,#6613,#6614,#6615,#6616,#6617,#6618,#6619,#6620,#6621,
#6622,#6623,#6624,#6625),.UNSPECIFIED.,.F.,.F.,(4,3,3,3,3,3,3,3,3,3,3,3,
3,3,3,4),(9.60368537060545E-14,0.000116467149472536,0.000238750344379068,
0.000372161450950916,0.000390597252394413,0.000511120916559392,0.00063292977589712,
0.000756264641340311,0.000781194504692789,0.000942445995323195,0.00108180245489227,
0.00117179175699116,0.00128230352809042,0.00139170695780755,0.00149998084160088,
0.00156238900928954),.UNSPECIFIED.);
#157=B_SPLINE_CURVE_WITH_KNOTS('',3,(#6689,#6690,#6691,#6692),
 .UNSPECIFIED.,.F.,.F.,(4,4),(-0.987934198244091,0.),.UNSPECIFIED.);
#158=B_SPLINE_CURVE_WITH_KNOTS('',3,(#6701,#6702,#6703,#6704,#6705,#6706,
#6707),.UNSPECIFIED.,.F.,.F.,(4,1,1,1,4),(0.104961651386086,0.105695499196897,
0.106554812198498,0.1082734382017,0.109992064204901),.UNSPECIFIED.);
#159=B_SPLINE_CURVE_WITH_KNOTS('',3,(#6711,#6712,#6713,#6714,#6715,#6716,
#6717,#6718,#6719,#6720,#6721,#6722,#6723,#6724,#6725,#6726),
 .UNSPECIFIED.,.F.,.F.,(4,3,3,3,3,4),(0.,0.00273014731918771,0.00409522517130815,
0.00546029463837543,0.00819044195756314,0.0109205892767509),
 .UNSPECIFIED.);
#160=B_SPLINE_CURVE_WITH_KNOTS('',3,(#6730,#6731,#6732,#6733,#6734,#6735,
#6736,#6737,#6738,#6739,#6740,#6741,#6742,#6743,#6744,#6745),
 .UNSPECIFIED.,.F.,.F.,(4,3,3,3,3,4),(0.,0.00273014731812132,0.00546029463624264,
0.00682536410254282,0.00819044195436396,0.0109205892724853),
 .UNSPECIFIED.);
#161=B_SPLINE_CURVE_WITH_KNOTS('',3,(#6747,#6748,#6749,#6750,#6751,#6752,
#6753,#6754,#6755,#6756,#6757,#6758,#6759,#6760,#6761,#6762,#6763,#6764,
#6765,#6766,#6767,#6768,#6769,#6770,#6771,#6772,#6773,#6774,#6775,#6776,
#6777,#6778,#6779,#6780,#6781,#6782,#6783,#6784,#6785,#6786,#6787,#6788,
#6789),.UNSPECIFIED.,.F.,.F.,(4,1,1,1,1,1,1,1,1,1,1,1,1,1,1,1,1,1,1,1,1,
1,1,1,1,1,1,1,1,1,1,1,1,1,1,1,1,1,1,1,4),(3.76484363943763E-17,0.00196278868066468,
0.00392557736132933,0.00588836604199397,0.00686976038232629,0.00785115472265862,
0.00981394340332326,0.0117767320839879,0.0127581264243202,0.0137395207646525,
0.0157023094453172,0.0176650981259818,0.0196278868066465,0.0206092811469788,
0.0215906754873111,0.0235534641679758,0.0255162528486404,0.0274790415293051,
0.0294418302099697,0.0314046188906344,0.0323860132309667,0.033367407571299,
0.0343488019116313,0.0353301962519636,0.0372929849326283,0.0392557736132929,
0.0402371679536253,0.0412185622939576,0.0431813509746222,0.0451441396552869,
0.0461255339956192,0.0471069283359515,0.0490697170166162,0.0510325056972808,
0.0529952943779454,0.0539766887182778,0.0549580830586101,0.0569208717392747,
0.0588836604199394,0.060846449100604,0.0628092377812687),.UNSPECIFIED.);
#162=B_SPLINE_CURVE_WITH_KNOTS('',3,(#6819,#6820,#6821,#6822,#6823,#6824,
#6825,#6826,#6827,#6828),.UNSPECIFIED.,.F.,.F.,(4,1,1,1,1,1,1,4),(0.000248394283730059,
0.00165820058214147,0.00306800688055288,0.00447781317896429,0.0058876194773757,
0.0072974257757871,0.00870723207419851,0.0115268446710213),
 .UNSPECIFIED.);
#163=B_SPLINE_CURVE_WITH_KNOTS('',3,(#6829,#6830,#6831,#6832,#6833,#6834,
#6835,#6836,#6837,#6838,#6839,#6840,#6841,#6842,#6843,#6844,#6845,#6846,
#6847,#6848,#6849,#6850,#6851,#6852,#6853,#6854,#6855,#6856),
 .UNSPECIFIED.,.F.,.F.,(4,3,3,3,3,3,3,3,3,4),(3.46944695195361E-18,0.00102997231748661,
0.00180788436720272,0.00263697299813389,0.00343811642988289,0.00419557395272419,
0.00495999764334702,0.00542482708030177,0.00659685749361646,0.0072532687152155),
 .UNSPECIFIED.);
#164=B_SPLINE_CURVE_WITH_KNOTS('',3,(#6866,#6867,#6868,#6869,#6870,#6871,
#6872,#6873,#6874,#6875,#6876,#6877,#6878,#6879,#6880,#6881,#6882,#6883,
#6884,#6885,#6886,#6887,#6888,#6889,#6890,#6891,#6892,#6893,#6894,#6895,
#6896,#6897,#6898,#6899,#6900,#6901,#6902),.UNSPECIFIED.,.F.,.F.,(4,3,3,
3,3,3,3,3,3,3,3,3,4),(-5.97607502130415E-8,0.000524555514468965,0.000837158960236896,
0.0010269221085606,0.00169635851599938,0.00197980883813985,0.00312252972795544,
0.00363879450575805,0.00437897587453092,0.00509739389349229,0.00555100895629962,
0.00647512017490612,0.00725264795037639),.UNSPECIFIED.);
#165=B_SPLINE_CURVE_WITH_KNOTS('',3,(#6903,#6904,#6905,#6906,#6907,#6908,
#6909,#6910,#6911,#6912,#6913,#6914,#6915,#6916,#6917,#6918,#6919,#6920,
#6921,#6922,#6923,#6924,#6925,#6926,#6927,#6928,#6929,#6930,#6931,#6932,
#6933,#6934,#6935,#6936,#6937,#6938,#6939,#6940,#6941,#6942),
 .UNSPECIFIED.,.F.,.F.,(4,3,3,3,3,3,3,3,3,3,3,3,3,4),(0.,0.00128616589355502,
0.00257559544110719,0.00280197828663821,0.00358784701281722,0.00437555277825459,
0.00516761874927835,0.00560395657327641,0.00651380415341247,0.00745986950666354,
0.00840593485991462,0.0093180276116317,0.0102629703790923,0.0112079131465528),
 .UNSPECIFIED.);
#166=B_SPLINE_CURVE_WITH_KNOTS('',3,(#7196,#7197,#7198,#7199),
 .UNSPECIFIED.,.F.,.F.,(4,4),(-1.38777878078145E-17,0.000242844569334492),
 .UNSPECIFIED.);
#167=B_SPLINE_CURVE_WITH_KNOTS('',3,(#7228,#7229,#7230,#7231,#7232,#7233,
#7234,#7235,#7236,#7237,#7238,#7239,#7240,#7241,#7242,#7243,#7244,#7245,
#7246,#7247,#7248,#7249,#7250,#7251,#7252,#7253,#7254,#7255,#7256,#7257,
#7258,#7259,#7260,#7261,#7262,#7263,#7264,#7265,#7266,#7267,#7268,#7269,
#7270),.UNSPECIFIED.,.F.,.F.,(4,3,3,3,3,3,3,3,3,3,3,3,3,3,4),(1.04372128693154E-16,
0.00135662561996628,0.00271086044729292,0.00406863872922034,0.00474752787018405,
0.00510051002090756,0.0053452463665851,0.00542641701114777,0.00678413910946564,
0.0074619030021781,0.00781649495737133,0.00806156986329459,0.00813966689489056,
0.0102192965146248,0.0108511682811542),.UNSPECIFIED.);
#168=B_SPLINE_CURVE_WITH_KNOTS('',3,(#7297,#7298,#7299,#7300,#7301,#7302,
#7303,#7304,#7305,#7306,#7307,#7308,#7309,#7310,#7311,#7312,#7313,#7314,
#7315,#7316,#7317,#7318,#7319,#7320,#7321,#7322,#7323,#7324,#7325,#7326,
#7327,#7328,#7329,#7330),.UNSPECIFIED.,.F.,.F.,(4,3,3,3,3,3,3,3,3,3,3,4),
(3.60964205219194E-17,0.00166054954832245,0.0027106748950292,0.00291253550468389,
0.00406561427110094,0.00542308941194571,0.00562402226773521,0.00735450442579367,
0.00813812223802888,0.00813931853358295,0.00960999248444241,0.0108508296507052),
 .UNSPECIFIED.);
#169=B_SPLINE_CURVE_WITH_KNOTS('',3,(#7460,#7461,#7462,#7463,#7464,#7465,
#7466,#7467,#7468,#7469,#7470,#7471,#7472,#7473,#7474,#7475,#7476,#7477,
#7478,#7479,#7480,#7481,#7482,#7483,#7484,#7485,#7486,#7487,#7488,#7489,
#7490,#7491,#7492,#7493,#7494,#7495,#7496,#7497,#7498,#7499,#7500,#7501,
#7502,#7503,#7504,#7505,#7506,#7507,#7508,#7509,#7510,#7511,#7512,#7513,
#7514,#7515,#7516,#7517,#7518,#7519,#7520,#7521,#7522,#7523,#7524,#7525,
#7526,#7527,#7528,#7529,#7530,#7531,#7532,#7533,#7534,#7535,#7536,#7537,
#7538,#7539,#7540,#7541,#7542,#7543,#7544,#7545,#7546,#7547,#7548,#7549,
#7550,#7551,#7552,#7553,#7554,#7555,#7556,#7557,#7558,#7559,#7560,#7561,
#7562,#7563,#7564,#7565,#7566,#7567,#7568,#7569,#7570,#7571,#7572,#7573,
#7574,#7575,#7576,#7577,#7578,#7579,#7580,#7581,#7582,#7583,#7584,#7585,
#7586,#7587,#7588,#7589,#7590,#7591,#7592,#7593,#7594,#7595,#7596,#7597,
#7598,#7599,#7600,#7601,#7602,#7603,#7604,#7605,#7606,#7607,#7608,#7609,
#7610,#7611,#7612,#7613,#7614,#7615,#7616,#7617,#7618,#7619,#7620,#7621,
#7622,#7623,#7624,#7625,#7626,#7627,#7628,#7629,#7630,#7631,#7632,#7633,
#7634,#7635,#7636,#7637,#7638,#7639,#7640,#7641,#7642,#7643,#7644,#7645,
#7646,#7647,#7648,#7649,#7650,#7651,#7652,#7653,#7654,#7655,#7656,#7657,
#7658,#7659,#7660,#7661,#7662,#7663,#7664,#7665,#7666,#7667,#7668,#7669,
#7670,#7671,#7672,#7673,#7674,#7675,#7676,#7677,#7678,#7679,#7680,#7681,
#7682,#7683,#7684,#7685,#7686,#7687,#7688,#7689,#7690,#7691,#7692,#7693,
#7694,#7695,#7696,#7697,#7698,#7699,#7700,#7701,#7702,#7703,#7704,#7705,
#7706,#7707,#7708,#7709,#7710,#7711,#7712,#7713,#7714,#7715,#7716,#7717,
#7718,#7719,#7720,#7721,#7722,#7723,#7724),.UNSPECIFIED.,.F.,.F.,(4,3,3,
3,3,3,3,3,3,3,3,3,3,3,3,3,3,3,3,3,3,3,3,3,3,3,3,3,3,3,3,3,3,3,3,3,3,3,3,
3,3,3,3,3,3,3,3,3,3,3,3,3,3,3,3,3,3,3,3,3,3,3,3,3,3,3,3,3,3,3,3,3,3,3,3,
3,3,3,3,3,3,3,3,3,3,3,3,3,4),(0.,0.000404429797045693,0.00107608060244117,
0.00173258272297989,0.00193180919840919,0.00284162055673754,0.00386361839681838,
0.00452971841544094,0.00519389599616216,0.00579542759522757,0.00658663011041315,
0.00737389173122356,0.00772723679363676,0.00847013927941644,0.00869314139284135,
0.00874558470948613,0.00937223910829967,0.00965904599204594,0.010414032143571,
0.0111761166325847,0.0115908551904551,0.0124471892564014,0.0133105999838885,
0.0135226643888643,0.0144885689880689,0.0154544735872735,0.0162379704151624,
0.0164203781864781,0.0172214683968526,0.0173862827856827,0.0183521873848873,
0.0193180919840919,0.0203364845630368,0.0212499011825011,0.0222158057817057,
0.0231817103809103,0.0241829763367105,0.0251135195793195,0.0262159234781998,
0.0270453287777286,0.0280112333769332,0.0289771379761378,0.0299430425753424,
0.030908947174547,0.0320268770857301,0.0328407563729562,0.0339154307325859,
0.0347725655713654,0.0359566653836314,0.0367043747697746,0.0377895939983757,
0.0386361839681838,0.0396625894582689,0.040567993166593,0.0414438006389439,
0.0415338977657976,0.0424998023650022,0.0435548834109231,0.0444316115634113,
0.0453975161626159,0.0463634207618205,0.0471906116189921,0.0480052676533897,
0.0482952299602297,0.0490028013449396,0.0492611345594343,0.050111681642771,
0.0502270391586389,0.0510733766651982,0.0519160368247078,0.0521588483570481,
0.0529123233030603,0.0530592677617599,0.0538088506791863,0.0540906575554573,
0.0548814401846486,0.0550565621546619,0.0556680517980401,0.0560224667538665,
0.0567268390749315,0.0574357414450381,0.0579542759522757,0.0586467571855482,
0.0593504937985028,0.0598860851506849,0.0605142419038557,0.0611540858914999,
0.061413022273749,0.061817894349094),.UNSPECIFIED.);
#170=B_SPLINE_CURVE_WITH_KNOTS('',3,(#7738,#7739,#7740,#7741,#7742,#7743,
#7744,#7745,#7746,#7747,#7748,#7749,#7750,#7751,#7752,#7753,#7754,#7755,
#7756,#7757,#7758,#7759,#7760,#7761,#7762,#7763,#7764,#7765,#7766,#7767,
#7768,#7769,#7770,#7771,#7772,#7773,#7774,#7775,#7776,#7777,#7778,#7779,
#7780),.UNSPECIFIED.,.F.,.F.,(4,3,3,3,3,3,3,3,3,3,3,3,3,3,4),(0.000245396581570023,
0.00152158798696694,0.00278869658369804,0.00303111005540599,0.00394483248261587,
0.00488082800592891,0.00581682352924196,0.00658154723324057,0.0073430022319964,
0.00810109619387439,0.00860253700307793,0.00956993035902787,0.00999539373999591,
0.0107220084960557,0.0113882504769139),.UNSPECIFIED.);
#171=B_SPLINE_CURVE_WITH_KNOTS('',3,(#7781,#7782,#7783,#7784,#7785,#7786,
#7787,#7788,#7789,#7790,#7791,#7792,#7793,#7794,#7795,#7796,#7797,#7798,
#7799,#7800,#7801,#7802,#7803,#7804,#7805,#7806,#7807,#7808),
 .UNSPECIFIED.,.F.,.F.,(4,3,3,3,3,3,3,3,3,4),(0.,0.00102997231748319,0.00180788436720466,
0.00263697299813685,0.00343811642989858,0.00419557395270972,0.00495999764334603,
0.00542482708028343,0.00659685749355515,0.00725326871525496),
 .UNSPECIFIED.);
#172=B_SPLINE_CURVE_WITH_KNOTS('',3,(#7822,#7823,#7824,#7825,#7826,#7827,
#7828,#7829,#7830,#7831,#7832,#7833,#7834,#7835,#7836,#7837,#7838,#7839,
#7840,#7841,#7842,#7843,#7844,#7845,#7846,#7847,#7848,#7849,#7850,#7851,
#7852,#7853,#7854,#7855,#7856,#7857,#7858),.UNSPECIFIED.,.F.,.F.,(4,3,3,
3,3,3,3,3,3,3,3,3,4),(-5.97607896766993E-8,0.000524555514338006,0.000837158960112217,
0.00102692210874261,0.00169635851619734,0.00197980883846175,0.0031225297283582,
0.00363879450611045,0.00437897587487273,0.00509739389374859,0.00555100895649771,
0.00647512017511901,0.00725264795037616),.UNSPECIFIED.);
#173=B_SPLINE_CURVE_WITH_KNOTS('',3,(#7859,#7860,#7861,#7862,#7863,#7864,
#7865,#7866,#7867,#7868),.UNSPECIFIED.,.F.,.F.,(4,1,1,1,1,1,1,4),(3.46944695195361E-18,
0.00279394920675141,0.00419092381012712,0.00558789841350283,0.00698487301687853,
0.00838184762025424,0.00977882222362994,0.0111757968270056),
 .UNSPECIFIED.);
#174=B_SPLINE_CURVE_WITH_KNOTS('',3,(#8137,#8138,#8139,#8140,#8141,#8142,
#8143,#8144,#8145,#8146,#8147,#8148,#8149,#8150,#8151,#8152,#8153,#8154,
#8155,#8156,#8157,#8158,#8159,#8160,#8161,#8162,#8163,#8164,#8165,#8166,
#8167),.UNSPECIFIED.,.F.,.F.,(4,3,3,3,3,3,3,3,3,3,4),(0.,0.000777140412276668,
0.00154215781290061,0.00174617284601982,0.00237066385291444,0.00301149309927129,
0.00349234569203965,0.00407035377678774,0.00436543211504956,0.00477900616440639,
0.0050776279338882),.UNSPECIFIED.);
#175=B_SPLINE_CURVE_WITH_KNOTS('',3,(#8194,#8195,#8196,#8197,#8198,#8199,
#8200,#8201,#8202,#8203,#8204,#8205,#8206,#8207,#8208,#8209,#8210,#8211,
#8212,#8213,#8214,#8215,#8216,#8217,#8218,#8219,#8220,#8221,#8222,#8223,
#8224,#8225,#8226,#8227,#8228,#8229,#8230,#8231,#8232,#8233,#8234,#8235,
#8236),.UNSPECIFIED.,.F.,.F.,(4,3,3,3,3,3,3,3,3,3,3,3,3,3,4),(4.35066434406066E-17,
0.00135662561893,0.00271086044764041,0.00406863872974708,0.00474752787080041,
0.00510051002141153,0.00534524636706856,0.00542641701185375,0.00678413911035372,
0.0074619030031574,0.00781649495823654,0.00806156986414117,0.00813966689596107,
0.0102192965319659,0.0108511682825867),.UNSPECIFIED.);
#176=B_SPLINE_CURVE_WITH_KNOTS('',3,(#8262,#8263,#8264,#8265,#8266,#8267,
#8268,#8269,#8270,#8271,#8272,#8273,#8274,#8275,#8276,#8277,#8278,#8279,
#8280,#8281,#8282,#8283,#8284,#8285,#8286,#8287,#8288,#8289,#8290,#8291,
#8292),.UNSPECIFIED.,.F.,.F.,(4,3,3,3,3,3,3,3,3,3,4),(0.,0.00166054953295564,
0.00271067489432354,0.0029125355073846,0.00406561427002816,0.00542308941053933,
0.00562402763556772,0.00734508566935453,0.00813931853147361,0.0096099921964069,
0.0108508296478925),.UNSPECIFIED.);
#177=B_SPLINE_CURVE_WITH_KNOTS('',3,(#8423,#8424,#8425,#8426,#8427,#8428,
#8429,#8430,#8431,#8432,#8433,#8434,#8435,#8436,#8437,#8438,#8439,#8440,
#8441,#8442,#8443,#8444,#8445,#8446,#8447,#8448,#8449,#8450,#8451,#8452,
#8453,#8454,#8455,#8456,#8457,#8458,#8459,#8460,#8461,#8462,#8463,#8464,
#8465,#8466,#8467,#8468,#8469,#8470,#8471,#8472,#8473,#8474,#8475,#8476,
#8477,#8478,#8479,#8480,#8481,#8482,#8483,#8484,#8485,#8486,#8487,#8488,
#8489,#8490,#8491,#8492,#8493,#8494,#8495,#8496,#8497,#8498,#8499,#8500,
#8501,#8502,#8503,#8504,#8505,#8506,#8507,#8508,#8509,#8510,#8511,#8512,
#8513,#8514,#8515,#8516,#8517,#8518,#8519,#8520,#8521,#8522,#8523,#8524,
#8525,#8526,#8527,#8528,#8529,#8530,#8531,#8532,#8533,#8534,#8535,#8536,
#8537,#8538,#8539,#8540,#8541,#8542,#8543,#8544,#8545,#8546,#8547,#8548,
#8549,#8550,#8551,#8552,#8553,#8554,#8555,#8556,#8557,#8558,#8559,#8560,
#8561,#8562,#8563,#8564,#8565,#8566,#8567,#8568,#8569,#8570,#8571,#8572,
#8573,#8574,#8575,#8576,#8577,#8578,#8579,#8580,#8581,#8582,#8583,#8584,
#8585,#8586,#8587,#8588,#8589,#8590,#8591,#8592,#8593,#8594,#8595,#8596,
#8597,#8598,#8599,#8600,#8601,#8602,#8603,#8604,#8605,#8606,#8607,#8608,
#8609,#8610,#8611,#8612,#8613,#8614,#8615,#8616,#8617,#8618,#8619,#8620,
#8621,#8622,#8623,#8624,#8625,#8626,#8627,#8628,#8629,#8630,#8631,#8632,
#8633,#8634,#8635,#8636,#8637,#8638,#8639,#8640,#8641,#8642,#8643,#8644,
#8645,#8646,#8647,#8648,#8649,#8650,#8651,#8652,#8653,#8654,#8655,#8656,
#8657,#8658,#8659,#8660,#8661,#8662,#8663,#8664,#8665,#8666,#8667,#8668,
#8669,#8670,#8671,#8672,#8673,#8674,#8675,#8676,#8677,#8678,#8679,#8680,
#8681,#8682,#8683,#8684,#8685,#8686,#8687),.UNSPECIFIED.,.F.,.F.,(4,3,3,
3,3,3,3,3,3,3,3,3,3,3,3,3,3,3,3,3,3,3,3,3,3,3,3,3,3,3,3,3,3,3,3,3,3,3,3,
3,3,3,3,3,3,3,3,3,3,3,3,3,3,3,3,3,3,3,3,3,3,3,3,3,3,3,3,3,3,3,3,3,3,3,3,
3,3,3,3,3,3,3,3,3,3,3,3,3,4),(0.,0.000404429796815115,0.00107608060229219,
0.00173258272281861,0.00193180919840982,0.00284162055665537,0.00386361839681963,
0.00452971841544664,0.00519389599616204,0.00579542759522945,0.00658663011032216,
0.00737389173118257,0.00772723679363927,0.00847013927938405,0.00869314139284418,
0.00874558470908559,0.00937223910790375,0.00965904599204908,0.0104140321434466,
0.0111761166325662,0.0115908551904589,0.0124471892568373,0.0133105999844273,
0.0135226643888687,0.0144885689880736,0.0154544735872785,0.0162379704151707,
0.0164203781864834,0.0172214683968626,0.0173862827856884,0.0183521873848933,
0.0193180919840982,0.0203364845630457,0.021249901182508,0.0222158057817129,
0.0231817103809178,0.0241829763367208,0.0251135195793276,0.0262159234782052,
0.0270453287777374,0.0280112333769423,0.0289771379761472,0.0299430425753522,
0.0309089471745571,0.0320268770857339,0.0328407563729669,0.0339154307325788,
0.0347725655713767,0.0359566653836548,0.0367043747697865,0.0377895939983702,
0.0386361839681963,0.0396625894582549,0.0405679931666061,0.0414438006389599,
0.0415338977658111,0.042499802365016,0.0435548834109303,0.0444316115634258,
0.0453975161626307,0.0463634207618356,0.0471906116191209,0.0480052676535051,
0.0482952299602454,0.0490028013449407,0.0492611345594503,0.0501116816427843,
0.0502270391586552,0.0510733766649921,0.0519160368245923,0.052158848357065,
0.0529123233030768,0.0530592677608245,0.0538088506782352,0.0540906575554749,
0.0548814401846266,0.0550565621546798,0.0556680517980457,0.0560224667538847,
0.0567268390750487,0.0574357414451446,0.0579542759522945,0.0586467571855255,
0.0593504937984784,0.0598860851507043,0.0605142419038822,0.0611540858915152,
0.0614130222726536,0.0618178943491141),.UNSPECIFIED.);
#178=B_SPLINE_CURVE_WITH_KNOTS('',3,(#8726,#8727,#8728,#8729,#8730,#8731,
#8732,#8733,#8734,#8735,#8736,#8737,#8738,#8739,#8740,#8741,#8742,#8743,
#8744,#8745,#8746,#8747,#8748,#8749,#8750,#8751,#8752,#8753,#8754,#8755,
#8756,#8757,#8758,#8759,#8760,#8761,#8762,#8763,#8764,#8765,#8766,#8767,
#8768,#8769,#8770,#8771),.UNSPECIFIED.,.F.,.F.,(4,3,3,3,3,3,3,3,3,3,3,3,
3,3,3,4),(0.,0.00198461542541628,0.00282913139919556,0.00288475741807703,
0.00428218403471698,0.00432713612711554,0.00573685572777448,0.00576951483615406,
0.00684493346385729,0.00719133863467561,0.00721189354519257,0.0086430312696723,
0.00865427225423109,0.0100919009350284,0.0100966509632696,0.0115390296722512),
 .UNSPECIFIED.);
#179=B_SPLINE_CURVE_WITH_KNOTS('',3,(#8772,#8773,#8774,#8775,#8776,#8777,
#8778,#8779,#8780,#8781,#8782,#8783,#8784,#8785),.UNSPECIFIED.,.F.,.F.,
(4,2,2,2,2,2,4),(4.05513740148338E-11,0.00980315106145928,0.0201582878846324,
0.0396834722749424,0.0590734506119152,0.0761816145474623,0.0793908276264413),
 .UNSPECIFIED.);
#180=B_SPLINE_CURVE_WITH_KNOTS('',3,(#8861,#8862,#8863,#8864,#8865,#8866,
#8867,#8868,#8869,#8870,#8871,#8872,#8873,#8874,#8875,#8876,#8877,#8878,
#8879,#8880,#8881,#8882,#8883,#8884,#8885,#8886,#8887,#8888,#8889,#8890,
#8891,#8892,#8893,#8894),.UNSPECIFIED.,.F.,.F.,(4,3,3,3,3,3,3,3,3,3,3,4),
(3.12250225675825E-17,6.70268008098752E-5,0.000136792391835338,0.000213391168361765,
0.000296763443869301,0.000394025403443639,0.000473933802402498,0.000552463053523685,
0.000626311080134888,0.000698177229180594,0.000767855865836916,0.000788050806887246),
 .UNSPECIFIED.);
#181=B_SPLINE_CURVE_WITH_KNOTS('',3,(#8919,#8920,#8921,#8922,#8923,#8924,
#8925),.UNSPECIFIED.,.F.,.F.,(4,1,1,1,4),(0.000654943786497536,0.00356060157286306,
0.00646625935922858,0.0093719171455941,0.0122775749319596),
 .UNSPECIFIED.);
#182=B_SPLINE_CURVE_WITH_KNOTS('',3,(#8952,#8953,#8954,#8955,#8956,#8957,
#8958,#8959,#8960,#8961,#8962,#8963,#8964,#8965,#8966,#8967,#8968,#8969,
#8970,#8971,#8972,#8973,#8974,#8975,#8976,#8977,#8978,#8979,#8980,#8981,
#8982,#8983,#8984,#8985,#8986,#8987,#8988,#8989,#8990,#8991,#8992,#8993,
#8994,#8995,#8996,#8997,#8998,#8999,#9000,#9001,#9002,#9003),
 .UNSPECIFIED.,.F.,.F.,(4,3,3,3,3,3,3,3,3,3,3,3,3,3,3,3,3,4),(2.54857579497486E-10,
0.000643348483409862,0.00130966950380793,0.00140075447659326,0.00146001329297294,
0.00287533442294287,0.00292002658594587,0.0043496452837246,0.0043800398789188,
0.00554770057884,0.00582279851647895,0.00584005317189173,0.00750793841212442,
0.0087589916458499,0.00876007975783758,0.0100939317004191,0.0114517663022526,
0.0116801063437285),.UNSPECIFIED.);
#183=B_SPLINE_CURVE_WITH_KNOTS('',3,(#9031,#9032,#9033,#9034,#9035,#9036,
#9037,#9038,#9039,#9040,#9041,#9042,#9043,#9044,#9045,#9046,#9047,#9048,
#9049,#9050,#9051,#9052,#9053,#9054,#9055,#9056,#9057,#9058,#9059,#9060,
#9061,#9062,#9063,#9064),.UNSPECIFIED.,.F.,.F.,(4,3,3,3,3,3,3,3,3,3,3,4),
(5.73171107870097E-11,6.81036121104642E-5,0.000139156642448475,0.000217301441035585,
0.000302338920241308,0.000394025403443712,0.0004757468619322,0.000553822848171003,
0.000627099255722615,0.000698181400881558,0.00076698427453117,0.000788050806887411),
 .UNSPECIFIED.);
#184=B_SPLINE_CURVE_WITH_KNOTS('',3,(#9140,#9141,#9142,#9143,#9144,#9145,
#9146,#9147,#9148,#9149,#9150,#9151,#9152,#9153),.UNSPECIFIED.,.F.,.F.,
(4,2,2,2,2,2,4),(-0.0761991087023948,-0.0663916267461074,-0.0560319149701889,
-0.0364981097443167,-0.017099566538886,1.65767399806782E-12,0.00322695482702793),
 .UNSPECIFIED.);
#185=B_SPLINE_CURVE_WITH_KNOTS('',3,(#9184,#9185,#9186,#9187,#9188,#9189,
#9190,#9191,#9192,#9193,#9194,#9195,#9196,#9197,#9198,#9199,#9200,#9201,
#9202,#9203,#9204,#9205,#9206,#9207,#9208,#9209,#9210,#9211,#9212,#9213,
#9214,#9215,#9216,#9217,#9218,#9219,#9220,#9221,#9222,#9223,#9224,#9225,
#9226,#9227,#9228,#9229),.UNSPECIFIED.,.F.,.F.,(4,3,3,3,3,3,3,3,3,3,3,3,
3,3,3,4),(0.000655252911686967,0.00211137997610159,0.00211618532109912,
0.00356750704056718,0.00357888214067271,0.00502363410503278,0.00504443268436504,
0.00612837381350815,0.00647976116949837,0.00651280666873344,0.00793588823396397,
0.00798136401424568,0.00939201529842957,0.0094482626779553,0.0114495052279738,
0.0123042694273608),.UNSPECIFIED.);
#186=FACE_OUTER_BOUND('',#287,.T.);
#187=FACE_OUTER_BOUND('',#288,.T.);
#188=FACE_OUTER_BOUND('',#289,.T.);
#189=FACE_OUTER_BOUND('',#290,.T.);
#190=FACE_OUTER_BOUND('',#291,.T.);
#191=FACE_OUTER_BOUND('',#292,.T.);
#192=FACE_OUTER_BOUND('',#293,.T.);
#193=FACE_OUTER_BOUND('',#294,.T.);
#194=FACE_OUTER_BOUND('',#295,.T.);
#195=FACE_OUTER_BOUND('',#296,.T.);
#196=FACE_OUTER_BOUND('',#297,.T.);
#197=FACE_OUTER_BOUND('',#298,.T.);
#198=FACE_OUTER_BOUND('',#299,.T.);
#199=FACE_OUTER_BOUND('',#300,.T.);
#200=FACE_OUTER_BOUND('',#301,.T.);
#201=FACE_OUTER_BOUND('',#302,.T.);
#202=FACE_OUTER_BOUND('',#303,.T.);
#203=FACE_OUTER_BOUND('',#304,.T.);
#204=FACE_OUTER_BOUND('',#305,.T.);
#205=FACE_OUTER_BOUND('',#306,.T.);
#206=FACE_OUTER_BOUND('',#307,.T.);
#207=FACE_OUTER_BOUND('',#308,.T.);
#208=FACE_OUTER_BOUND('',#310,.T.);
#209=FACE_OUTER_BOUND('',#314,.T.);
#210=FACE_OUTER_BOUND('',#315,.T.);
#211=FACE_OUTER_BOUND('',#316,.T.);
#212=FACE_OUTER_BOUND('',#317,.T.);
#213=FACE_OUTER_BOUND('',#318,.T.);
#214=FACE_OUTER_BOUND('',#319,.T.);
#215=FACE_OUTER_BOUND('',#320,.T.);
#216=FACE_OUTER_BOUND('',#324,.T.);
#217=FACE_OUTER_BOUND('',#325,.T.);
#218=FACE_OUTER_BOUND('',#326,.T.);
#219=FACE_OUTER_BOUND('',#327,.T.);
#220=FACE_OUTER_BOUND('',#328,.T.);
#221=FACE_OUTER_BOUND('',#329,.T.);
#222=FACE_OUTER_BOUND('',#330,.T.);
#223=FACE_OUTER_BOUND('',#331,.T.);
#224=FACE_OUTER_BOUND('',#332,.T.);
#225=FACE_OUTER_BOUND('',#339,.T.);
#226=FACE_OUTER_BOUND('',#340,.T.);
#227=FACE_OUTER_BOUND('',#341,.T.);
#228=FACE_OUTER_BOUND('',#342,.T.);
#229=FACE_OUTER_BOUND('',#343,.T.);
#230=FACE_OUTER_BOUND('',#344,.T.);
#231=FACE_OUTER_BOUND('',#345,.T.);
#232=FACE_OUTER_BOUND('',#346,.T.);
#233=FACE_OUTER_BOUND('',#347,.T.);
#234=FACE_OUTER_BOUND('',#348,.T.);
#235=FACE_OUTER_BOUND('',#349,.T.);
#236=FACE_OUTER_BOUND('',#350,.T.);
#237=FACE_OUTER_BOUND('',#351,.T.);
#238=FACE_OUTER_BOUND('',#353,.T.);
#239=FACE_OUTER_BOUND('',#354,.T.);
#240=FACE_OUTER_BOUND('',#355,.T.);
#241=FACE_OUTER_BOUND('',#356,.T.);
#242=FACE_OUTER_BOUND('',#357,.T.);
#243=FACE_OUTER_BOUND('',#358,.T.);
#244=FACE_OUTER_BOUND('',#359,.T.);
#245=FACE_OUTER_BOUND('',#360,.T.);
#246=FACE_OUTER_BOUND('',#361,.T.);
#247=FACE_OUTER_BOUND('',#363,.T.);
#248=FACE_OUTER_BOUND('',#364,.T.);
#249=FACE_OUTER_BOUND('',#365,.T.);
#250=FACE_OUTER_BOUND('',#366,.T.);
#251=FACE_OUTER_BOUND('',#367,.T.);
#252=FACE_OUTER_BOUND('',#368,.T.);
#253=FACE_OUTER_BOUND('',#369,.T.);
#254=FACE_OUTER_BOUND('',#370,.T.);
#255=FACE_OUTER_BOUND('',#371,.T.);
#256=FACE_OUTER_BOUND('',#372,.T.);
#257=FACE_OUTER_BOUND('',#373,.T.);
#258=FACE_OUTER_BOUND('',#374,.T.);
#259=FACE_OUTER_BOUND('',#375,.T.);
#260=FACE_OUTER_BOUND('',#376,.T.);
#261=FACE_OUTER_BOUND('',#377,.T.);
#262=FACE_OUTER_BOUND('',#378,.T.);
#263=FACE_OUTER_BOUND('',#379,.T.);
#264=FACE_OUTER_BOUND('',#380,.T.);
#265=FACE_OUTER_BOUND('',#381,.T.);
#266=FACE_OUTER_BOUND('',#382,.T.);
#267=FACE_OUTER_BOUND('',#383,.T.);
#268=FACE_OUTER_BOUND('',#384,.T.);
#269=FACE_OUTER_BOUND('',#385,.T.);
#270=FACE_OUTER_BOUND('',#386,.T.);
#271=FACE_OUTER_BOUND('',#387,.T.);
#272=FACE_OUTER_BOUND('',#388,.T.);
#273=FACE_OUTER_BOUND('',#389,.T.);
#274=FACE_OUTER_BOUND('',#390,.T.);
#275=FACE_OUTER_BOUND('',#391,.T.);
#276=FACE_OUTER_BOUND('',#392,.T.);
#277=FACE_OUTER_BOUND('',#393,.T.);
#278=FACE_OUTER_BOUND('',#394,.T.);
#279=FACE_OUTER_BOUND('',#395,.T.);
#280=FACE_OUTER_BOUND('',#396,.T.);
#281=FACE_OUTER_BOUND('',#398,.T.);
#282=FACE_OUTER_BOUND('',#399,.T.);
#283=FACE_OUTER_BOUND('',#400,.T.);
#284=FACE_OUTER_BOUND('',#401,.T.);
#285=FACE_OUTER_BOUND('',#402,.T.);
#286=FACE_OUTER_BOUND('',#403,.T.);
#287=EDGE_LOOP('',(#1044,#1045,#1046,#1047));
#288=EDGE_LOOP('',(#1048,#1049,#1050,#1051));
#289=EDGE_LOOP('',(#1052,#1053,#1054,#1055,#1056,#1057,#1058,#1059,#1060,
#1061,#1062,#1063,#1064,#1065,#1066,#1067,#1068));
#290=EDGE_LOOP('',(#1069,#1070,#1071,#1072));
#291=EDGE_LOOP('',(#1073,#1074,#1075,#1076,#1077,#1078,#1079,#1080,#1081,
#1082,#1083,#1084,#1085,#1086,#1087,#1088,#1089));
#292=EDGE_LOOP('',(#1090,#1091,#1092,#1093));
#293=EDGE_LOOP('',(#1094,#1095,#1096,#1097));
#294=EDGE_LOOP('',(#1098,#1099,#1100,#1101));
#295=EDGE_LOOP('',(#1102,#1103,#1104,#1105));
#296=EDGE_LOOP('',(#1106,#1107,#1108,#1109));
#297=EDGE_LOOP('',(#1110,#1111,#1112,#1113));
#298=EDGE_LOOP('',(#1114,#1115,#1116,#1117));
#299=EDGE_LOOP('',(#1118,#1119,#1120,#1121));
#300=EDGE_LOOP('',(#1122,#1123,#1124,#1125));
#301=EDGE_LOOP('',(#1126,#1127,#1128,#1129));
#302=EDGE_LOOP('',(#1130,#1131,#1132,#1133));
#303=EDGE_LOOP('',(#1134,#1135,#1136,#1137));
#304=EDGE_LOOP('',(#1138,#1139,#1140,#1141));
#305=EDGE_LOOP('',(#1142,#1143,#1144,#1145));
#306=EDGE_LOOP('',(#1146,#1147,#1148,#1149,#1150));
#307=EDGE_LOOP('',(#1151,#1152,#1153,#1154,#1155));
#308=EDGE_LOOP('',(#1156,#1157,#1158,#1159,#1160,#1161,#1162,#1163,#1164,
#1165,#1166,#1167));
#309=EDGE_LOOP('',(#1168,#1169,#1170,#1171));
#310=EDGE_LOOP('',(#1172));
#311=EDGE_LOOP('',(#1173));
#312=EDGE_LOOP('',(#1174));
#313=EDGE_LOOP('',(#1175));
#314=EDGE_LOOP('',(#1176,#1177,#1178,#1179));
#315=EDGE_LOOP('',(#1180,#1181,#1182,#1183));
#316=EDGE_LOOP('',(#1184,#1185,#1186,#1187));
#317=EDGE_LOOP('',(#1188,#1189,#1190,#1191));
#318=EDGE_LOOP('',(#1192,#1193,#1194,#1195));
#319=EDGE_LOOP('',(#1196,#1197,#1198,#1199));
#320=EDGE_LOOP('',(#1200));
#321=EDGE_LOOP('',(#1201));
#322=EDGE_LOOP('',(#1202));
#323=EDGE_LOOP('',(#1203));
#324=EDGE_LOOP('',(#1204,#1205,#1206));
#325=EDGE_LOOP('',(#1207,#1208,#1209,#1210));
#326=EDGE_LOOP('',(#1211,#1212,#1213));
#327=EDGE_LOOP('',(#1214,#1215,#1216,#1217,#1218));
#328=EDGE_LOOP('',(#1219,#1220,#1221,#1222));
#329=EDGE_LOOP('',(#1223,#1224,#1225,#1226));
#330=EDGE_LOOP('',(#1227,#1228,#1229,#1230));
#331=EDGE_LOOP('',(#1231,#1232,#1233));
#332=EDGE_LOOP('',(#1234,#1235,#1236,#1237,#1238,#1239,#1240,#1241,#1242,
#1243,#1244,#1245));
#333=EDGE_LOOP('',(#1246));
#334=EDGE_LOOP('',(#1247));
#335=EDGE_LOOP('',(#1248));
#336=EDGE_LOOP('',(#1249));
#337=EDGE_LOOP('',(#1250));
#338=EDGE_LOOP('',(#1251));
#339=EDGE_LOOP('',(#1252,#1253,#1254));
#340=EDGE_LOOP('',(#1255,#1256,#1257,#1258,#1259,#1260));
#341=EDGE_LOOP('',(#1261,#1262,#1263,#1264,#1265));
#342=EDGE_LOOP('',(#1266,#1267,#1268,#1269));
#343=EDGE_LOOP('',(#1270,#1271,#1272,#1273));
#344=EDGE_LOOP('',(#1274,#1275,#1276,#1277));
#345=EDGE_LOOP('',(#1278,#1279,#1280,#1281));
#346=EDGE_LOOP('',(#1282,#1283,#1284,#1285));
#347=EDGE_LOOP('',(#1286,#1287,#1288,#1289));
#348=EDGE_LOOP('',(#1290,#1291,#1292,#1293));
#349=EDGE_LOOP('',(#1294,#1295,#1296,#1297));
#350=EDGE_LOOP('',(#1298,#1299,#1300,#1301));
#351=EDGE_LOOP('',(#1302,#1303,#1304,#1305,#1306,#1307,#1308));
#352=EDGE_LOOP('',(#1309,#1310));
#353=EDGE_LOOP('',(#1311,#1312,#1313,#1314));
#354=EDGE_LOOP('',(#1315,#1316,#1317,#1318));
#355=EDGE_LOOP('',(#1319,#1320,#1321,#1322));
#356=EDGE_LOOP('',(#1323,#1324,#1325,#1326));
#357=EDGE_LOOP('',(#1327,#1328,#1329,#1330));
#358=EDGE_LOOP('',(#1331,#1332,#1333,#1334));
#359=EDGE_LOOP('',(#1335,#1336,#1337,#1338));
#360=EDGE_LOOP('',(#1339,#1340,#1341,#1342));
#361=EDGE_LOOP('',(#1343,#1344,#1345,#1346,#1347,#1348,#1349));
#362=EDGE_LOOP('',(#1350,#1351));
#363=EDGE_LOOP('',(#1352,#1353,#1354,#1355));
#364=EDGE_LOOP('',(#1356,#1357,#1358,#1359));
#365=EDGE_LOOP('',(#1360,#1361,#1362,#1363));
#366=EDGE_LOOP('',(#1364,#1365,#1366,#1367));
#367=EDGE_LOOP('',(#1368,#1369,#1370,#1371));
#368=EDGE_LOOP('',(#1372,#1373,#1374,#1375));
#369=EDGE_LOOP('',(#1376,#1377,#1378,#1379));
#370=EDGE_LOOP('',(#1380,#1381,#1382));
#371=EDGE_LOOP('',(#1383,#1384,#1385,#1386,#1387));
#372=EDGE_LOOP('',(#1388,#1389,#1390,#1391,#1392));
#373=EDGE_LOOP('',(#1393,#1394,#1395));
#374=EDGE_LOOP('',(#1396,#1397,#1398,#1399));
#375=EDGE_LOOP('',(#1400,#1401,#1402,#1403));
#376=EDGE_LOOP('',(#1404,#1405,#1406,#1407));
#377=EDGE_LOOP('',(#1408,#1409,#1410,#1411));
#378=EDGE_LOOP('',(#1412,#1413,#1414));
#379=EDGE_LOOP('',(#1415,#1416,#1417,#1418,#1419));
#380=EDGE_LOOP('',(#1420,#1421,#1422,#1423));
#381=EDGE_LOOP('',(#1424,#1425,#1426,#1427,#1428));
#382=EDGE_LOOP('',(#1429,#1430,#1431));
#383=EDGE_LOOP('',(#1432,#1433,#1434,#1435));
#384=EDGE_LOOP('',(#1436,#1437,#1438,#1439));
#385=EDGE_LOOP('',(#1440,#1441,#1442,#1443));
#386=EDGE_LOOP('',(#1444,#1445,#1446,#1447));
#387=EDGE_LOOP('',(#1448,#1449,#1450,#1451));
#388=EDGE_LOOP('',(#1452,#1453,#1454,#1455));
#389=EDGE_LOOP('',(#1456,#1457,#1458,#1459));
#390=EDGE_LOOP('',(#1460,#1461,#1462,#1463));
#391=EDGE_LOOP('',(#1464,#1465,#1466,#1467,#1468));
#392=EDGE_LOOP('',(#1469,#1470,#1471,#1472));
#393=EDGE_LOOP('',(#1473,#1474,#1475,#1476));
#394=EDGE_LOOP('',(#1477,#1478,#1479,#1480));
#395=EDGE_LOOP('',(#1481,#1482,#1483,#1484,#1485));
#396=EDGE_LOOP('',(#1486,#1487,#1488,#1489,#1490,#1491));
#397=EDGE_LOOP('',(#1492,#1493));
#398=EDGE_LOOP('',(#1494,#1495,#1496,#1497,#1498));
#399=EDGE_LOOP('',(#1499,#1500,#1501,#1502));
#400=EDGE_LOOP('',(#1503,#1504,#1505,#1506));
#401=EDGE_LOOP('',(#1507,#1508,#1509,#1510));
#402=EDGE_LOOP('',(#1511,#1512,#1513,#1514,#1515));
#403=EDGE_LOOP('',(#1516,#1517,#1518,#1519,#1520,#1521));
#404=EDGE_LOOP('',(#1522,#1523));
#405=CIRCLE('',#1666,21.1);
#406=CIRCLE('',#1669,3.);
#407=CIRCLE('',#1670,3.);
#408=CIRCLE('',#1671,1.);
#409=CIRCLE('',#1672,1.);
#410=CIRCLE('',#1673,1.);
#411=CIRCLE('',#1674,1.);
#412=CIRCLE('',#1675,1.);
#413=CIRCLE('',#1677,21.);
#414=CIRCLE('',#1679,1.);
#415=CIRCLE('',#1680,1.);
#416=CIRCLE('',#1681,1.);
#417=CIRCLE('',#1682,1.);
#418=CIRCLE('',#1683,1.);
#419=CIRCLE('',#1684,3.);
#420=CIRCLE('',#1685,3.);
#421=CIRCLE('',#1688,21.);
#422=CIRCLE('',#1702,11.3485673258169);
#423=CIRCLE('',#1703,11.3485673258169);
#424=CIRCLE('',#1705,16.5);
#425=CIRCLE('',#1706,1.5);
#426=CIRCLE('',#1707,1.5);
#427=CIRCLE('',#1708,3.75000000000001);
#428=CIRCLE('',#1710,1.5);
#429=CIRCLE('',#1711,1.5);
#430=CIRCLE('',#1713,1.5);
#431=CIRCLE('',#1715,1.5);
#432=CIRCLE('',#1716,1.5);
#433=CIRCLE('',#1718,1.5);
#434=CIRCLE('',#1720,3.75000000000001);
#435=CIRCLE('',#1722,3.75000000000001);
#436=CIRCLE('',#1723,3.75000000000001);
#437=CIRCLE('',#1725,16.5);
#438=CIRCLE('',#1726,0.5);
#439=CIRCLE('',#1728,0.5);
#440=CIRCLE('',#1730,0.5);
#441=CIRCLE('',#1731,17.);
#442=CIRCLE('',#1732,17.);
#443=CIRCLE('',#1734,1.);
#444=CIRCLE('',#1736,1.);
#445=CIRCLE('',#1738,19.);
#446=CIRCLE('',#1739,20.);
#447=CIRCLE('',#1740,0.5);
#448=CIRCLE('',#1742,19.);
#449=CIRCLE('',#1743,0.5);
#450=CIRCLE('',#1746,0.5);
#451=CIRCLE('',#1747,17.);
#452=CIRCLE('',#1748,17.);
#453=CIRCLE('',#1750,1.);
#454=CIRCLE('',#1752,1.);
#455=CIRCLE('',#1754,20.);
#456=CIRCLE('',#1756,9.34916011637799);
#457=CIRCLE('',#1757,9.34916011637799);
#458=CIRCLE('',#1759,0.5);
#459=CIRCLE('',#1762,0.5);
#460=CIRCLE('',#1768,0.5);
#461=CIRCLE('',#1771,0.5);
#462=CIRCLE('',#1778,11.3485673258169);
#463=CIRCLE('',#1781,11.3485673258169);
#464=CIRCLE('',#1783,0.5);
#465=CIRCLE('',#1784,0.5);
#466=CIRCLE('',#1786,0.5);
#467=CIRCLE('',#1787,0.5);
#468=CIRCLE('',#1788,0.5);
#469=CIRCLE('',#1789,0.5);
#470=CIRCLE('',#1790,0.5);
#471=CIRCLE('',#1792,0.5);
#472=CIRCLE('',#1795,0.5);
#473=CIRCLE('',#1796,0.5);
#474=CIRCLE('',#1797,0.5);
#475=CIRCLE('',#1798,0.5);
#476=CIRCLE('',#1803,0.500024833888623);
#477=CIRCLE('',#1805,0.50002481980225);
#478=CIRCLE('',#1806,0.500024832903834);
#479=CIRCLE('',#1808,0.500024818883705);
#480=LINE('',#2192,#569);
#481=LINE('',#2196,#570);
#482=LINE('',#2197,#571);
#483=LINE('',#2201,#572);
#484=LINE('',#2203,#573);
#485=LINE('',#2205,#574);
#486=LINE('',#2206,#575);
#487=LINE('',#2220,#576);
#488=LINE('',#2222,#577);
#489=LINE('',#2226,#578);
#490=LINE('',#2231,#579);
#491=LINE('',#2237,#580);
#492=LINE('',#2241,#581);
#493=LINE('',#2243,#582);
#494=LINE('',#2248,#583);
#495=LINE('',#2249,#584);
#496=LINE('',#2253,#585);
#497=LINE('',#2267,#586);
#498=LINE('',#2269,#587);
#499=LINE('',#2273,#588);
#500=LINE('',#2279,#589);
#501=LINE('',#2284,#590);
#502=LINE('',#2287,#591);
#503=LINE('',#2288,#592);
#504=LINE('',#2292,#593);
#505=LINE('',#2293,#594);
#506=LINE('',#2295,#595);
#507=LINE('',#2296,#596);
#508=LINE('',#2298,#597);
#509=LINE('',#2300,#598);
#510=LINE('',#2301,#599);
#511=LINE('',#2305,#600);
#512=LINE('',#4708,#601);
#513=LINE('',#4776,#602);
#514=LINE('',#4835,#603);
#515=LINE('',#4903,#604);
#516=LINE('',#4964,#605);
#517=LINE('',#4967,#606);
#518=LINE('',#4981,#607);
#519=LINE('',#4985,#608);
#520=LINE('',#4991,#609);
#521=LINE('',#4995,#610);
#522=LINE('',#4999,#611);
#523=LINE('',#5005,#612);
#524=LINE('',#5145,#613);
#525=LINE('',#5147,#614);
#526=LINE('',#5149,#615);
#527=LINE('',#5150,#616);
#528=LINE('',#5363,#617);
#529=LINE('',#5366,#618);
#530=LINE('',#5371,#619);
#531=LINE('',#5372,#620);
#532=LINE('',#5460,#621);
#533=LINE('',#5569,#622);
#534=LINE('',#5572,#623);
#535=LINE('',#5681,#624);
#536=LINE('',#6048,#625);
#537=LINE('',#6114,#626);
#538=LINE('',#6117,#627);
#539=LINE('',#6126,#628);
#540=LINE('',#6129,#629);
#541=LINE('',#6132,#630);
#542=LINE('',#6134,#631);
#543=LINE('',#6365,#632);
#544=LINE('',#6367,#633);
#545=LINE('',#6370,#634);
#546=LINE('',#6377,#635);
#547=LINE('',#6379,#636);
#548=LINE('',#6398,#637);
#549=LINE('',#6461,#638);
#550=LINE('',#6579,#639);
#551=LINE('',#6695,#640);
#552=LINE('',#6697,#641);
#553=LINE('',#6700,#642);
#554=LINE('',#6710,#643);
#555=LINE('',#6729,#644);
#556=LINE('',#6792,#645);
#557=LINE('',#6794,#646);
#558=LINE('',#6795,#647);
#559=LINE('',#6798,#648);
#560=LINE('',#6802,#649);
#561=LINE('',#6803,#650);
#562=LINE('',#7736,#651);
#563=LINE('',#7811,#652);
#564=LINE('',#7812,#653);
#565=LINE('',#8689,#654);
#566=LINE('',#8690,#655);
#567=LINE('',#8692,#656);
#568=LINE('',#8694,#657);
#569=VECTOR('',#1813,0.898968690368829);
#570=VECTOR('',#1816,0.898968690368811);
#571=VECTOR('',#1817,5.99999999999999);
#572=VECTOR('',#1820,2.);
#573=VECTOR('',#1821,6.);
#574=VECTOR('',#1822,2.);
#575=VECTOR('',#1823,6.);
#576=VECTOR('',#1826,10.9);
#577=VECTOR('',#1827,7.21539030917349);
#578=VECTOR('',#1830,5.);
#579=VECTOR('',#1835,1.);
#580=VECTOR('',#1840,2.);
#581=VECTOR('',#1843,3.21539030917347);
#582=VECTOR('',#1844,6.);
#583=VECTOR('',#1849,7.21539030917348);
#584=VECTOR('',#1850,6.);
#585=VECTOR('',#1855,10.9);
#586=VECTOR('',#1858,6.);
#587=VECTOR('',#1859,3.21539030917347);
#588=VECTOR('',#1862,2.);
#589=VECTOR('',#1867,1.);
#590=VECTOR('',#1872,5.);
#591=VECTOR('',#1877,5.99999999999999);
#592=VECTOR('',#1878,5.99999999999998);
#593=VECTOR('',#1885,6.00000000000003);
#594=VECTOR('',#1886,6.00000000000003);
#595=VECTOR('',#1889,6.00000000000001);
#596=VECTOR('',#1890,5.99999999999999);
#597=VECTOR('',#1893,6.00000000000001);
#598=VECTOR('',#1896,6.00000000000003);
#599=VECTOR('',#1897,6.00000000000003);
#600=VECTOR('',#1904,6.);
#601=VECTOR('',#1917,26.1079252772167);
#602=VECTOR('',#1918,67.6084153836931);
#603=VECTOR('',#1919,26.1079252772167);
#604=VECTOR('',#1920,67.608415459266);
#605=VECTOR('',#1923,57.4585462037865);
#606=VECTOR('',#1926,57.4585462037865);
#607=VECTOR('',#1941,1.5);
#608=VECTOR('',#1946,1.5);
#609=VECTOR('',#1953,1.5);
#610=VECTOR('',#1958,1.5);
#611=VECTOR('',#1963,3.75000000000001);
#612=VECTOR('',#1970,3.75000000000001);
#613=VECTOR('',#1981,18.1487265473627);
#614=VECTOR('',#1982,67.6234710933515);
#615=VECTOR('',#1983,18.1487265473627);
#616=VECTOR('',#1984,67.6234710933515);
#617=VECTOR('',#1997,10.1122922410295);
#618=VECTOR('',#2000,10.3514893842571);
#619=VECTOR('',#2005,10.1122922410295);
#620=VECTOR('',#2006,10.3514893842571);
#621=VECTOR('',#2017,67.5935240531312);
#622=VECTOR('',#2018,10.1122922383365);
#623=VECTOR('',#2021,10.112292242369);
#624=VECTOR('',#2022,67.5935241295549);
#625=VECTOR('',#2027,5.75);
#626=VECTOR('',#2040,10.3514893855816);
#627=VECTOR('',#2043,10.3514893815791);
#628=VECTOR('',#2054,57.4585462037865);
#629=VECTOR('',#2057,57.4585462037865);
#630=VECTOR('',#2060,14.279440792728);
#631=VECTOR('',#2061,14.2794407927279);
#632=VECTOR('',#2068,14.2794407921473);
#633=VECTOR('',#2069,14.2794407921473);
#634=VECTOR('',#2074,17.);
#635=VECTOR('',#2077,14.2794407921473);
#636=VECTOR('',#2078,10.8000819937959);
#637=VECTOR('',#2081,10.8000819937959);
#638=VECTOR('',#2086,14.2794407921475);
#639=VECTOR('',#2091,67.6234710941938);
#640=VECTOR('',#2094,14.2794407915665);
#641=VECTOR('',#2095,14.2794407915665);
#642=VECTOR('',#2100,17.);
#643=VECTOR('',#2103,10.8000819937999);
#644=VECTOR('',#2106,10.8000819941187);
#645=VECTOR('',#2111,2.44082551386952);
#646=VECTOR('',#2112,57.4585462037865);
#647=VECTOR('',#2113,2.44082551386952);
#648=VECTOR('',#2116,2.4408255138695);
#649=VECTOR('',#2121,57.4585462037865);
#650=VECTOR('',#2122,2.4408255138695);
#651=VECTOR('',#2149,18.1487265473627);
#652=VECTOR('',#2152,18.1487265473627);
#653=VECTOR('',#2153,67.6234710941938);
#654=VECTOR('',#2166,0.600000000000009);
#655=VECTOR('',#2167,0.600000000000009);
#656=VECTOR('',#2170,0.600000000000009);
#657=VECTOR('',#2173,0.600000000000009);
#658=VERTEX_POINT('',#2190);
#659=VERTEX_POINT('',#2191);
#660=VERTEX_POINT('',#2193);
#661=VERTEX_POINT('',#2195);
#662=VERTEX_POINT('',#2199);
#663=VERTEX_POINT('',#2200);
#664=VERTEX_POINT('',#2202);
#665=VERTEX_POINT('',#2204);
#666=VERTEX_POINT('',#2208);
#667=VERTEX_POINT('',#2219);
#668=VERTEX_POINT('',#2221);
#669=VERTEX_POINT('',#2223);
#670=VERTEX_POINT('',#2225);
#671=VERTEX_POINT('',#2228);
#672=VERTEX_POINT('',#2230);
#673=VERTEX_POINT('',#2232);
#674=VERTEX_POINT('',#2234);
#675=VERTEX_POINT('',#2236);
#676=VERTEX_POINT('',#2238);
#677=VERTEX_POINT('',#2240);
#678=VERTEX_POINT('',#2242);
#679=VERTEX_POINT('',#2246);
#680=VERTEX_POINT('',#2247);
#681=VERTEX_POINT('',#2252);
#682=VERTEX_POINT('',#2264);
#683=VERTEX_POINT('',#2266);
#684=VERTEX_POINT('',#2268);
#685=VERTEX_POINT('',#2270);
#686=VERTEX_POINT('',#2272);
#687=VERTEX_POINT('',#2274);
#688=VERTEX_POINT('',#2276);
#689=VERTEX_POINT('',#2278);
#690=VERTEX_POINT('',#2281);
#691=VERTEX_POINT('',#2283);
#692=VERTEX_POINT('',#2575);
#693=VERTEX_POINT('',#2576);
#694=VERTEX_POINT('',#2580);
#695=VERTEX_POINT('',#2624);
#696=VERTEX_POINT('',#2670);
#697=VERTEX_POINT('',#3512);
#698=VERTEX_POINT('',#3513);
#699=VERTEX_POINT('',#3517);
#700=VERTEX_POINT('',#3795);
#701=VERTEX_POINT('',#4076);
#702=VERTEX_POINT('',#4706);
#703=VERTEX_POINT('',#4707);
#704=VERTEX_POINT('',#4709);
#705=VERTEX_POINT('',#4716);
#706=VERTEX_POINT('',#4775);
#707=VERTEX_POINT('',#4777);
#708=VERTEX_POINT('',#4827);
#709=VERTEX_POINT('',#4834);
#710=VERTEX_POINT('',#4836);
#711=VERTEX_POINT('',#4843);
#712=VERTEX_POINT('',#4902);
#713=VERTEX_POINT('',#4904);
#714=VERTEX_POINT('',#4960);
#715=VERTEX_POINT('',#4961);
#716=VERTEX_POINT('',#4963);
#717=VERTEX_POINT('',#4965);
#718=VERTEX_POINT('',#4969);
#719=VERTEX_POINT('',#4971);
#720=VERTEX_POINT('',#4973);
#721=VERTEX_POINT('',#4975);
#722=VERTEX_POINT('',#4978);
#723=VERTEX_POINT('',#4980);
#724=VERTEX_POINT('',#4984);
#725=VERTEX_POINT('',#4988);
#726=VERTEX_POINT('',#4990);
#727=VERTEX_POINT('',#4994);
#728=VERTEX_POINT('',#4998);
#729=VERTEX_POINT('',#5002);
#730=VERTEX_POINT('',#5004);
#731=VERTEX_POINT('',#5008);
#732=VERTEX_POINT('',#5034);
#733=VERTEX_POINT('',#5035);
#734=VERTEX_POINT('',#5037);
#735=VERTEX_POINT('',#5143);
#736=VERTEX_POINT('',#5144);
#737=VERTEX_POINT('',#5146);
#738=VERTEX_POINT('',#5148);
#739=VERTEX_POINT('',#5175);
#740=VERTEX_POINT('',#5176);
#741=VERTEX_POINT('',#5178);
#742=VERTEX_POINT('',#5296);
#743=VERTEX_POINT('',#5298);
#744=VERTEX_POINT('',#5302);
#745=VERTEX_POINT('',#5303);
#746=VERTEX_POINT('',#5362);
#747=VERTEX_POINT('',#5364);
#748=VERTEX_POINT('',#5368);
#749=VERTEX_POINT('',#5369);
#750=VERTEX_POINT('',#5400);
#751=VERTEX_POINT('',#5458);
#752=VERTEX_POINT('',#5459);
#753=VERTEX_POINT('',#5461);
#754=VERTEX_POINT('',#5568);
#755=VERTEX_POINT('',#5570);
#756=VERTEX_POINT('',#5573);
#757=VERTEX_POINT('',#5680);
#758=VERTEX_POINT('',#5918);
#759=VERTEX_POINT('',#5965);
#760=VERTEX_POINT('',#6026);
#761=VERTEX_POINT('',#6027);
#762=VERTEX_POINT('',#6047);
#763=VERTEX_POINT('',#6049);
#764=VERTEX_POINT('',#6106);
#765=VERTEX_POINT('',#6108);
#766=VERTEX_POINT('',#6112);
#767=VERTEX_POINT('',#6116);
#768=VERTEX_POINT('',#6122);
#769=VERTEX_POINT('',#6123);
#770=VERTEX_POINT('',#6125);
#771=VERTEX_POINT('',#6127);
#772=VERTEX_POINT('',#6131);
#773=VERTEX_POINT('',#6133);
#774=VERTEX_POINT('',#6364);
#775=VERTEX_POINT('',#6366);
#776=VERTEX_POINT('',#6376);
#777=VERTEX_POINT('',#6378);
#778=VERTEX_POINT('',#6397);
#779=VERTEX_POINT('',#6460);
#780=VERTEX_POINT('',#6526);
#781=VERTEX_POINT('',#6578);
#782=VERTEX_POINT('',#6694);
#783=VERTEX_POINT('',#6696);
#784=VERTEX_POINT('',#6709);
#785=VERTEX_POINT('',#6728);
#786=VERTEX_POINT('',#6791);
#787=VERTEX_POINT('',#6793);
#788=VERTEX_POINT('',#6797);
#789=VERTEX_POINT('',#6801);
#790=VERTEX_POINT('',#6807);
#791=VERTEX_POINT('',#6818);
#792=VERTEX_POINT('',#6865);
#793=VERTEX_POINT('',#6944);
#794=VERTEX_POINT('',#7224);
#795=VERTEX_POINT('',#7226);
#796=VERTEX_POINT('',#7295);
#797=VERTEX_POINT('',#7735);
#798=VERTEX_POINT('',#7737);
#799=VERTEX_POINT('',#7810);
#800=VERTEX_POINT('',#7821);
#801=VERTEX_POINT('',#7870);
#802=VERTEX_POINT('',#8192);
#803=VERTEX_POINT('',#8261);
#804=EDGE_CURVE('',#658,#659,#480,.T.);
#805=EDGE_CURVE('',#659,#660,#405,.T.);
#806=EDGE_CURVE('',#661,#660,#481,.T.);
#807=EDGE_CURVE('',#661,#658,#482,.F.);
#808=EDGE_CURVE('',#662,#663,#483,.T.);
#809=EDGE_CURVE('',#663,#664,#484,.T.);
#810=EDGE_CURVE('',#665,#664,#485,.T.);
#811=EDGE_CURVE('',#665,#662,#486,.F.);
#812=EDGE_CURVE('',#660,#666,#114,.T.);
#813=EDGE_CURVE('',#666,#667,#487,.T.);
#814=EDGE_CURVE('',#668,#667,#488,.T.);
#815=EDGE_CURVE('',#668,#669,#406,.F.);
#816=EDGE_CURVE('',#670,#669,#489,.T.);
#817=EDGE_CURVE('',#670,#665,#407,.F.);
#818=EDGE_CURVE('',#664,#671,#408,.F.);
#819=EDGE_CURVE('',#672,#671,#490,.T.);
#820=EDGE_CURVE('',#672,#673,#409,.F.);
#821=EDGE_CURVE('',#673,#674,#410,.T.);
#822=EDGE_CURVE('',#675,#674,#491,.T.);
#823=EDGE_CURVE('',#675,#676,#411,.T.);
#824=EDGE_CURVE('',#677,#676,#492,.T.);
#825=EDGE_CURVE('',#678,#677,#493,.T.);
#826=EDGE_CURVE('',#678,#661,#412,.F.);
#827=EDGE_CURVE('',#679,#680,#494,.T.);
#828=EDGE_CURVE('',#679,#668,#495,.F.);
#829=EDGE_CURVE('',#667,#680,#413,.F.);
#830=EDGE_CURVE('',#680,#681,#496,.F.);
#831=EDGE_CURVE('',#681,#659,#115,.T.);
#832=EDGE_CURVE('',#658,#682,#414,.F.);
#833=EDGE_CURVE('',#683,#682,#497,.T.);
#834=EDGE_CURVE('',#684,#683,#498,.T.);
#835=EDGE_CURVE('',#684,#685,#415,.T.);
#836=EDGE_CURVE('',#686,#685,#499,.T.);
#837=EDGE_CURVE('',#686,#687,#416,.T.);
#838=EDGE_CURVE('',#687,#688,#417,.F.);
#839=EDGE_CURVE('',#689,#688,#500,.T.);
#840=EDGE_CURVE('',#689,#663,#418,.F.);
#841=EDGE_CURVE('',#662,#690,#419,.F.);
#842=EDGE_CURVE('',#691,#690,#501,.T.);
#843=EDGE_CURVE('',#691,#679,#420,.F.);
#844=EDGE_CURVE('',#669,#691,#502,.T.);
#845=EDGE_CURVE('',#690,#670,#503,.T.);
#846=EDGE_CURVE('',#666,#681,#421,.F.);
#847=EDGE_CURVE('',#674,#686,#504,.F.);
#848=EDGE_CURVE('',#685,#675,#505,.T.);
#849=EDGE_CURVE('',#676,#684,#506,.F.);
#850=EDGE_CURVE('',#683,#677,#507,.T.);
#851=EDGE_CURVE('',#682,#678,#508,.T.);
#852=EDGE_CURVE('',#671,#689,#509,.F.);
#853=EDGE_CURVE('',#688,#672,#510,.T.);
#854=EDGE_CURVE('',#673,#687,#511,.F.);
#855=EDGE_CURVE('',#692,#693,#42,.T.);
#856=EDGE_CURVE('',#694,#692,#116,.T.);
#857=EDGE_CURVE('',#695,#694,#117,.T.);
#858=EDGE_CURVE('',#695,#696,#43,.T.);
#859=EDGE_CURVE('',#693,#696,#118,.T.);
#860=EDGE_CURVE('',#697,#698,#44,.T.);
#861=EDGE_CURVE('',#699,#697,#119,.T.);
#862=EDGE_CURVE('',#700,#699,#120,.T.);
#863=EDGE_CURVE('',#700,#701,#45,.T.);
#864=EDGE_CURVE('',#698,#701,#121,.T.);
#865=EDGE_CURVE('',#702,#703,#512,.T.);
#866=EDGE_CURVE('',#703,#704,#122,.T.);
#867=EDGE_CURVE('',#704,#705,#123,.T.);
#868=EDGE_CURVE('',#705,#706,#513,.F.);
#869=EDGE_CURVE('',#706,#707,#124,.T.);
#870=EDGE_CURVE('',#707,#708,#125,.T.);
#871=EDGE_CURVE('',#709,#708,#514,.T.);
#872=EDGE_CURVE('',#709,#710,#126,.T.);
#873=EDGE_CURVE('',#710,#711,#127,.T.);
#874=EDGE_CURVE('',#711,#712,#515,.T.);
#875=EDGE_CURVE('',#712,#713,#128,.T.);
#876=EDGE_CURVE('',#713,#702,#129,.T.);
#877=EDGE_CURVE('',#714,#715,#422,.T.);
#878=EDGE_CURVE('',#716,#714,#516,.T.);
#879=EDGE_CURVE('',#717,#716,#423,.T.);
#880=EDGE_CURVE('',#715,#717,#517,.T.);
#881=EDGE_CURVE('',#718,#718,#424,.T.);
#882=EDGE_CURVE('',#719,#719,#425,.T.);
#883=EDGE_CURVE('',#720,#720,#426,.T.);
#884=EDGE_CURVE('',#721,#721,#427,.T.);
#885=EDGE_CURVE('',#722,#722,#428,.T.);
#886=EDGE_CURVE('',#722,#723,#518,.T.);
#887=EDGE_CURVE('',#723,#723,#429,.T.);
#888=EDGE_CURVE('',#719,#724,#519,.T.);
#889=EDGE_CURVE('',#724,#724,#430,.T.);
#890=EDGE_CURVE('',#725,#725,#431,.T.);
#891=EDGE_CURVE('',#725,#726,#520,.T.);
#892=EDGE_CURVE('',#726,#726,#432,.T.);
#893=EDGE_CURVE('',#720,#727,#521,.T.);
#894=EDGE_CURVE('',#727,#727,#433,.T.);
#895=EDGE_CURVE('',#721,#728,#522,.T.);
#896=EDGE_CURVE('',#728,#728,#434,.T.);
#897=EDGE_CURVE('',#729,#729,#435,.T.);
#898=EDGE_CURVE('',#729,#730,#523,.T.);
#899=EDGE_CURVE('',#730,#730,#436,.T.);
#900=EDGE_CURVE('',#731,#731,#437,.T.);
#901=EDGE_CURVE('',#732,#733,#438,.T.);
#902=EDGE_CURVE('',#732,#734,#130,.T.);
#903=EDGE_CURVE('',#734,#733,#131,.F.);
#904=EDGE_CURVE('',#735,#736,#524,.T.);
#905=EDGE_CURVE('',#736,#737,#525,.F.);
#906=EDGE_CURVE('',#738,#737,#526,.T.);
#907=EDGE_CURVE('',#738,#735,#527,.F.);
#908=EDGE_CURVE('',#739,#740,#439,.T.);
#909=EDGE_CURVE('',#739,#741,#132,.T.);
#910=EDGE_CURVE('',#740,#741,#133,.T.);
#911=EDGE_CURVE('',#718,#742,#440,.T.);
#912=EDGE_CURVE('',#743,#742,#441,.F.);
#913=EDGE_CURVE('',#742,#743,#442,.F.);
#914=EDGE_CURVE('',#744,#745,#134,.T.);
#915=EDGE_CURVE('',#746,#745,#528,.F.);
#916=EDGE_CURVE('',#747,#746,#443,.T.);
#917=EDGE_CURVE('',#744,#747,#529,.T.);
#918=EDGE_CURVE('',#748,#749,#444,.T.);
#919=EDGE_CURVE('',#741,#749,#530,.F.);
#920=EDGE_CURVE('',#748,#739,#531,.T.);
#921=EDGE_CURVE('',#749,#746,#445,.F.);
#922=EDGE_CURVE('',#747,#748,#446,.T.);
#923=EDGE_CURVE('',#750,#744,#447,.T.);
#924=EDGE_CURVE('',#745,#750,#135,.F.);
#925=EDGE_CURVE('',#751,#752,#532,.F.);
#926=EDGE_CURVE('',#752,#753,#136,.T.);
#927=EDGE_CURVE('',#753,#754,#533,.F.);
#928=EDGE_CURVE('',#754,#755,#448,.F.);
#929=EDGE_CURVE('',#755,#734,#534,.F.);
#930=EDGE_CURVE('',#734,#756,#137,.T.);
#931=EDGE_CURVE('',#756,#757,#535,.T.);
#932=EDGE_CURVE('',#757,#741,#138,.T.);
#933=EDGE_CURVE('',#745,#751,#139,.T.);
#934=EDGE_CURVE('',#753,#758,#140,.F.);
#935=EDGE_CURVE('',#759,#758,#449,.T.);
#936=EDGE_CURVE('',#753,#759,#141,.F.);
#937=EDGE_CURVE('',#760,#761,#142,.T.);
#938=EDGE_CURVE('',#761,#762,#536,.T.);
#939=EDGE_CURVE('',#762,#763,#143,.T.);
#940=EDGE_CURVE('',#763,#762,#144,.T.);
#941=EDGE_CURVE('',#761,#760,#145,.T.);
#942=EDGE_CURVE('',#731,#764,#450,.T.);
#943=EDGE_CURVE('',#765,#764,#451,.F.);
#944=EDGE_CURVE('',#764,#765,#452,.F.);
#945=EDGE_CURVE('',#755,#766,#453,.T.);
#946=EDGE_CURVE('',#733,#766,#537,.T.);
#947=EDGE_CURVE('',#767,#759,#538,.T.);
#948=EDGE_CURVE('',#754,#767,#454,.T.);
#949=EDGE_CURVE('',#766,#767,#455,.T.);
#950=EDGE_CURVE('',#768,#769,#456,.T.);
#951=EDGE_CURVE('',#769,#770,#539,.T.);
#952=EDGE_CURVE('',#770,#771,#457,.T.);
#953=EDGE_CURVE('',#771,#768,#540,.T.);
#954=EDGE_CURVE('',#732,#772,#541,.F.);
#955=EDGE_CURVE('',#773,#733,#542,.T.);
#956=EDGE_CURVE('',#772,#773,#458,.T.);
#957=EDGE_CURVE('',#737,#756,#146,.T.);
#958=EDGE_CURVE('',#737,#732,#147,.T.);
#959=EDGE_CURVE('',#736,#757,#148,.T.);
#960=EDGE_CURVE('',#740,#736,#149,.T.);
#961=EDGE_CURVE('',#739,#774,#543,.T.);
#962=EDGE_CURVE('',#775,#740,#544,.T.);
#963=EDGE_CURVE('',#774,#775,#459,.T.);
#964=EDGE_CURVE('',#699,#743,#545,.T.);
#965=EDGE_CURVE('',#697,#700,#150,.T.);
#966=EDGE_CURVE('',#776,#744,#546,.T.);
#967=EDGE_CURVE('',#777,#747,#547,.T.);
#968=EDGE_CURVE('',#777,#776,#151,.T.);
#969=EDGE_CURVE('',#778,#748,#548,.T.);
#970=EDGE_CURVE('',#774,#778,#152,.T.);
#971=EDGE_CURVE('',#778,#777,#153,.T.);
#972=EDGE_CURVE('',#750,#779,#549,.F.);
#973=EDGE_CURVE('',#779,#776,#460,.T.);
#974=EDGE_CURVE('',#780,#750,#154,.T.);
#975=EDGE_CURVE('',#751,#780,#155,.F.);
#976=EDGE_CURVE('',#781,#780,#550,.T.);
#977=EDGE_CURVE('',#752,#781,#156,.F.);
#978=EDGE_CURVE('',#758,#781,#157,.T.);
#979=EDGE_CURVE('',#759,#782,#551,.T.);
#980=EDGE_CURVE('',#783,#758,#552,.T.);
#981=EDGE_CURVE('',#782,#783,#461,.T.);
#982=EDGE_CURVE('',#694,#765,#553,.T.);
#983=EDGE_CURVE('',#692,#695,#158,.T.);
#984=EDGE_CURVE('',#784,#766,#554,.T.);
#985=EDGE_CURVE('',#784,#773,#159,.T.);
#986=EDGE_CURVE('',#785,#767,#555,.T.);
#987=EDGE_CURVE('',#782,#785,#160,.T.);
#988=EDGE_CURVE('',#785,#784,#161,.T.);
#989=EDGE_CURVE('',#769,#786,#556,.T.);
#990=EDGE_CURVE('',#787,#786,#557,.T.);
#991=EDGE_CURVE('',#787,#770,#558,.T.);
#992=EDGE_CURVE('',#788,#771,#559,.T.);
#993=EDGE_CURVE('',#788,#787,#462,.F.);
#994=EDGE_CURVE('',#789,#788,#560,.T.);
#995=EDGE_CURVE('',#768,#789,#561,.T.);
#996=EDGE_CURVE('',#786,#789,#463,.F.);
#997=EDGE_CURVE('',#773,#790,#464,.T.);
#998=EDGE_CURVE('',#772,#790,#465,.T.);
#999=EDGE_CURVE('',#772,#791,#162,.T.);
#1000=EDGE_CURVE('',#791,#738,#163,.T.);
#1001=EDGE_CURVE('',#735,#792,#164,.T.);
#1002=EDGE_CURVE('',#792,#775,#165,.T.);
#1003=EDGE_CURVE('',#793,#775,#466,.F.);
#1004=EDGE_CURVE('',#793,#774,#467,.T.);
#1005=EDGE_CURVE('',#701,#698,#166,.T.);
#1006=EDGE_CURVE('',#794,#776,#468,.T.);
#1007=EDGE_CURVE('',#795,#777,#469,.T.);
#1008=EDGE_CURVE('',#794,#795,#167,.T.);
#1009=EDGE_CURVE('',#796,#778,#470,.T.);
#1010=EDGE_CURVE('',#796,#793,#168,.T.);
#1011=EDGE_CURVE('',#795,#796,#169,.T.);
#1012=EDGE_CURVE('',#779,#794,#471,.F.);
#1013=EDGE_CURVE('',#797,#780,#562,.T.);
#1014=EDGE_CURVE('',#779,#798,#170,.T.);
#1015=EDGE_CURVE('',#798,#797,#171,.T.);
#1016=EDGE_CURVE('',#799,#781,#563,.T.);
#1017=EDGE_CURVE('',#797,#799,#564,.T.);
#1018=EDGE_CURVE('',#799,#800,#172,.T.);
#1019=EDGE_CURVE('',#800,#783,#173,.T.);
#1020=EDGE_CURVE('',#801,#783,#472,.T.);
#1021=EDGE_CURVE('',#782,#801,#473,.T.);
#1022=EDGE_CURVE('',#696,#693,#174,.T.);
#1023=EDGE_CURVE('',#784,#802,#474,.T.);
#1024=EDGE_CURVE('',#790,#802,#175,.T.);
#1025=EDGE_CURVE('',#803,#801,#176,.T.);
#1026=EDGE_CURVE('',#785,#803,#475,.T.);
#1027=EDGE_CURVE('',#802,#803,#177,.T.);
#1028=EDGE_CURVE('',#787,#717,#565,.T.);
#1029=EDGE_CURVE('',#786,#715,#566,.T.);
#1030=EDGE_CURVE('',#788,#716,#567,.T.);
#1031=EDGE_CURVE('',#789,#714,#568,.T.);
#1032=EDGE_CURVE('',#702,#790,#178,.T.);
#1033=EDGE_CURVE('',#791,#713,#179,.F.);
#1034=EDGE_CURVE('',#712,#738,#476,.F.);
#1035=EDGE_CURVE('',#711,#735,#477,.F.);
#1036=EDGE_CURVE('',#710,#792,#180,.T.);
#1037=EDGE_CURVE('',#793,#709,#181,.T.);
#1038=EDGE_CURVE('',#708,#794,#182,.T.);
#1039=EDGE_CURVE('',#798,#707,#183,.F.);
#1040=EDGE_CURVE('',#797,#706,#478,.T.);
#1041=EDGE_CURVE('',#799,#705,#479,.T.);
#1042=EDGE_CURVE('',#800,#704,#184,.F.);
#1043=EDGE_CURVE('',#801,#703,#185,.T.);
#1044=ORIENTED_EDGE('',*,*,#804,.T.);
#1045=ORIENTED_EDGE('',*,*,#805,.T.);
#1046=ORIENTED_EDGE('',*,*,#806,.F.);
#1047=ORIENTED_EDGE('',*,*,#807,.T.);
#1048=ORIENTED_EDGE('',*,*,#808,.T.);
#1049=ORIENTED_EDGE('',*,*,#809,.T.);
#1050=ORIENTED_EDGE('',*,*,#810,.F.);
#1051=ORIENTED_EDGE('',*,*,#811,.T.);
#1052=ORIENTED_EDGE('',*,*,#806,.T.);
#1053=ORIENTED_EDGE('',*,*,#812,.T.);
#1054=ORIENTED_EDGE('',*,*,#813,.T.);
#1055=ORIENTED_EDGE('',*,*,#814,.F.);
#1056=ORIENTED_EDGE('',*,*,#815,.T.);
#1057=ORIENTED_EDGE('',*,*,#816,.F.);
#1058=ORIENTED_EDGE('',*,*,#817,.T.);
#1059=ORIENTED_EDGE('',*,*,#810,.T.);
#1060=ORIENTED_EDGE('',*,*,#818,.T.);
#1061=ORIENTED_EDGE('',*,*,#819,.F.);
#1062=ORIENTED_EDGE('',*,*,#820,.T.);
#1063=ORIENTED_EDGE('',*,*,#821,.T.);
#1064=ORIENTED_EDGE('',*,*,#822,.F.);
#1065=ORIENTED_EDGE('',*,*,#823,.T.);
#1066=ORIENTED_EDGE('',*,*,#824,.F.);
#1067=ORIENTED_EDGE('',*,*,#825,.F.);
#1068=ORIENTED_EDGE('',*,*,#826,.T.);
#1069=ORIENTED_EDGE('',*,*,#827,.F.);
#1070=ORIENTED_EDGE('',*,*,#828,.T.);
#1071=ORIENTED_EDGE('',*,*,#814,.T.);
#1072=ORIENTED_EDGE('',*,*,#829,.T.);
#1073=ORIENTED_EDGE('',*,*,#830,.T.);
#1074=ORIENTED_EDGE('',*,*,#831,.T.);
#1075=ORIENTED_EDGE('',*,*,#804,.F.);
#1076=ORIENTED_EDGE('',*,*,#832,.T.);
#1077=ORIENTED_EDGE('',*,*,#833,.F.);
#1078=ORIENTED_EDGE('',*,*,#834,.F.);
#1079=ORIENTED_EDGE('',*,*,#835,.T.);
#1080=ORIENTED_EDGE('',*,*,#836,.F.);
#1081=ORIENTED_EDGE('',*,*,#837,.T.);
#1082=ORIENTED_EDGE('',*,*,#838,.T.);
#1083=ORIENTED_EDGE('',*,*,#839,.F.);
#1084=ORIENTED_EDGE('',*,*,#840,.T.);
#1085=ORIENTED_EDGE('',*,*,#808,.F.);
#1086=ORIENTED_EDGE('',*,*,#841,.T.);
#1087=ORIENTED_EDGE('',*,*,#842,.F.);
#1088=ORIENTED_EDGE('',*,*,#843,.T.);
#1089=ORIENTED_EDGE('',*,*,#827,.T.);
#1090=ORIENTED_EDGE('',*,*,#816,.T.);
#1091=ORIENTED_EDGE('',*,*,#844,.T.);
#1092=ORIENTED_EDGE('',*,*,#842,.T.);
#1093=ORIENTED_EDGE('',*,*,#845,.T.);
#1094=ORIENTED_EDGE('',*,*,#813,.F.);
#1095=ORIENTED_EDGE('',*,*,#846,.T.);
#1096=ORIENTED_EDGE('',*,*,#830,.F.);
#1097=ORIENTED_EDGE('',*,*,#829,.F.);
#1098=ORIENTED_EDGE('',*,*,#822,.T.);
#1099=ORIENTED_EDGE('',*,*,#847,.T.);
#1100=ORIENTED_EDGE('',*,*,#836,.T.);
#1101=ORIENTED_EDGE('',*,*,#848,.T.);
#1102=ORIENTED_EDGE('',*,*,#824,.T.);
#1103=ORIENTED_EDGE('',*,*,#849,.T.);
#1104=ORIENTED_EDGE('',*,*,#834,.T.);
#1105=ORIENTED_EDGE('',*,*,#850,.T.);
#1106=ORIENTED_EDGE('',*,*,#833,.T.);
#1107=ORIENTED_EDGE('',*,*,#851,.T.);
#1108=ORIENTED_EDGE('',*,*,#825,.T.);
#1109=ORIENTED_EDGE('',*,*,#850,.F.);
#1110=ORIENTED_EDGE('',*,*,#819,.T.);
#1111=ORIENTED_EDGE('',*,*,#852,.T.);
#1112=ORIENTED_EDGE('',*,*,#839,.T.);
#1113=ORIENTED_EDGE('',*,*,#853,.T.);
#1114=ORIENTED_EDGE('',*,*,#815,.F.);
#1115=ORIENTED_EDGE('',*,*,#828,.F.);
#1116=ORIENTED_EDGE('',*,*,#843,.F.);
#1117=ORIENTED_EDGE('',*,*,#844,.F.);
#1118=ORIENTED_EDGE('',*,*,#841,.F.);
#1119=ORIENTED_EDGE('',*,*,#811,.F.);
#1120=ORIENTED_EDGE('',*,*,#817,.F.);
#1121=ORIENTED_EDGE('',*,*,#845,.F.);
#1122=ORIENTED_EDGE('',*,*,#853,.F.);
#1123=ORIENTED_EDGE('',*,*,#838,.F.);
#1124=ORIENTED_EDGE('',*,*,#854,.F.);
#1125=ORIENTED_EDGE('',*,*,#820,.F.);
#1126=ORIENTED_EDGE('',*,*,#837,.F.);
#1127=ORIENTED_EDGE('',*,*,#847,.F.);
#1128=ORIENTED_EDGE('',*,*,#821,.F.);
#1129=ORIENTED_EDGE('',*,*,#854,.T.);
#1130=ORIENTED_EDGE('',*,*,#835,.F.);
#1131=ORIENTED_EDGE('',*,*,#849,.F.);
#1132=ORIENTED_EDGE('',*,*,#823,.F.);
#1133=ORIENTED_EDGE('',*,*,#848,.F.);
#1134=ORIENTED_EDGE('',*,*,#840,.F.);
#1135=ORIENTED_EDGE('',*,*,#852,.F.);
#1136=ORIENTED_EDGE('',*,*,#818,.F.);
#1137=ORIENTED_EDGE('',*,*,#809,.F.);
#1138=ORIENTED_EDGE('',*,*,#832,.F.);
#1139=ORIENTED_EDGE('',*,*,#807,.F.);
#1140=ORIENTED_EDGE('',*,*,#826,.F.);
#1141=ORIENTED_EDGE('',*,*,#851,.F.);
#1142=ORIENTED_EDGE('',*,*,#831,.F.);
#1143=ORIENTED_EDGE('',*,*,#846,.F.);
#1144=ORIENTED_EDGE('',*,*,#812,.F.);
#1145=ORIENTED_EDGE('',*,*,#805,.F.);
#1146=ORIENTED_EDGE('',*,*,#855,.F.);
#1147=ORIENTED_EDGE('',*,*,#856,.F.);
#1148=ORIENTED_EDGE('',*,*,#857,.F.);
#1149=ORIENTED_EDGE('',*,*,#858,.T.);
#1150=ORIENTED_EDGE('',*,*,#859,.F.);
#1151=ORIENTED_EDGE('',*,*,#860,.F.);
#1152=ORIENTED_EDGE('',*,*,#861,.F.);
#1153=ORIENTED_EDGE('',*,*,#862,.F.);
#1154=ORIENTED_EDGE('',*,*,#863,.T.);
#1155=ORIENTED_EDGE('',*,*,#864,.F.);
#1156=ORIENTED_EDGE('',*,*,#865,.T.);
#1157=ORIENTED_EDGE('',*,*,#866,.T.);
#1158=ORIENTED_EDGE('',*,*,#867,.T.);
#1159=ORIENTED_EDGE('',*,*,#868,.T.);
#1160=ORIENTED_EDGE('',*,*,#869,.T.);
#1161=ORIENTED_EDGE('',*,*,#870,.T.);
#1162=ORIENTED_EDGE('',*,*,#871,.F.);
#1163=ORIENTED_EDGE('',*,*,#872,.T.);
#1164=ORIENTED_EDGE('',*,*,#873,.T.);
#1165=ORIENTED_EDGE('',*,*,#874,.T.);
#1166=ORIENTED_EDGE('',*,*,#875,.T.);
#1167=ORIENTED_EDGE('',*,*,#876,.T.);
#1168=ORIENTED_EDGE('',*,*,#877,.F.);
#1169=ORIENTED_EDGE('',*,*,#878,.F.);
#1170=ORIENTED_EDGE('',*,*,#879,.F.);
#1171=ORIENTED_EDGE('',*,*,#880,.F.);
#1172=ORIENTED_EDGE('',*,*,#881,.T.);
#1173=ORIENTED_EDGE('',*,*,#882,.F.);
#1174=ORIENTED_EDGE('',*,*,#883,.F.);
#1175=ORIENTED_EDGE('',*,*,#884,.F.);
#1176=ORIENTED_EDGE('',*,*,#885,.T.);
#1177=ORIENTED_EDGE('',*,*,#886,.T.);
#1178=ORIENTED_EDGE('',*,*,#887,.F.);
#1179=ORIENTED_EDGE('',*,*,#886,.F.);
#1180=ORIENTED_EDGE('',*,*,#882,.T.);
#1181=ORIENTED_EDGE('',*,*,#888,.T.);
#1182=ORIENTED_EDGE('',*,*,#889,.F.);
#1183=ORIENTED_EDGE('',*,*,#888,.F.);
#1184=ORIENTED_EDGE('',*,*,#890,.T.);
#1185=ORIENTED_EDGE('',*,*,#891,.T.);
#1186=ORIENTED_EDGE('',*,*,#892,.F.);
#1187=ORIENTED_EDGE('',*,*,#891,.F.);
#1188=ORIENTED_EDGE('',*,*,#883,.T.);
#1189=ORIENTED_EDGE('',*,*,#893,.T.);
#1190=ORIENTED_EDGE('',*,*,#894,.F.);
#1191=ORIENTED_EDGE('',*,*,#893,.F.);
#1192=ORIENTED_EDGE('',*,*,#884,.T.);
#1193=ORIENTED_EDGE('',*,*,#895,.T.);
#1194=ORIENTED_EDGE('',*,*,#896,.F.);
#1195=ORIENTED_EDGE('',*,*,#895,.F.);
#1196=ORIENTED_EDGE('',*,*,#897,.T.);
#1197=ORIENTED_EDGE('',*,*,#898,.T.);
#1198=ORIENTED_EDGE('',*,*,#899,.F.);
#1199=ORIENTED_EDGE('',*,*,#898,.F.);
#1200=ORIENTED_EDGE('',*,*,#900,.T.);
#1201=ORIENTED_EDGE('',*,*,#885,.F.);
#1202=ORIENTED_EDGE('',*,*,#890,.F.);
#1203=ORIENTED_EDGE('',*,*,#897,.F.);
#1204=ORIENTED_EDGE('',*,*,#901,.F.);
#1205=ORIENTED_EDGE('',*,*,#902,.T.);
#1206=ORIENTED_EDGE('',*,*,#903,.T.);
#1207=ORIENTED_EDGE('',*,*,#904,.T.);
#1208=ORIENTED_EDGE('',*,*,#905,.T.);
#1209=ORIENTED_EDGE('',*,*,#906,.F.);
#1210=ORIENTED_EDGE('',*,*,#907,.T.);
#1211=ORIENTED_EDGE('',*,*,#908,.F.);
#1212=ORIENTED_EDGE('',*,*,#909,.T.);
#1213=ORIENTED_EDGE('',*,*,#910,.F.);
#1214=ORIENTED_EDGE('',*,*,#881,.F.);
#1215=ORIENTED_EDGE('',*,*,#911,.T.);
#1216=ORIENTED_EDGE('',*,*,#912,.F.);
#1217=ORIENTED_EDGE('',*,*,#913,.F.);
#1218=ORIENTED_EDGE('',*,*,#911,.F.);
#1219=ORIENTED_EDGE('',*,*,#914,.T.);
#1220=ORIENTED_EDGE('',*,*,#915,.F.);
#1221=ORIENTED_EDGE('',*,*,#916,.F.);
#1222=ORIENTED_EDGE('',*,*,#917,.F.);
#1223=ORIENTED_EDGE('',*,*,#918,.T.);
#1224=ORIENTED_EDGE('',*,*,#919,.F.);
#1225=ORIENTED_EDGE('',*,*,#909,.F.);
#1226=ORIENTED_EDGE('',*,*,#920,.F.);
#1227=ORIENTED_EDGE('',*,*,#916,.T.);
#1228=ORIENTED_EDGE('',*,*,#921,.F.);
#1229=ORIENTED_EDGE('',*,*,#918,.F.);
#1230=ORIENTED_EDGE('',*,*,#922,.F.);
#1231=ORIENTED_EDGE('',*,*,#914,.F.);
#1232=ORIENTED_EDGE('',*,*,#923,.F.);
#1233=ORIENTED_EDGE('',*,*,#924,.F.);
#1234=ORIENTED_EDGE('',*,*,#925,.T.);
#1235=ORIENTED_EDGE('',*,*,#926,.T.);
#1236=ORIENTED_EDGE('',*,*,#927,.T.);
#1237=ORIENTED_EDGE('',*,*,#928,.T.);
#1238=ORIENTED_EDGE('',*,*,#929,.T.);
#1239=ORIENTED_EDGE('',*,*,#930,.T.);
#1240=ORIENTED_EDGE('',*,*,#931,.T.);
#1241=ORIENTED_EDGE('',*,*,#932,.T.);
#1242=ORIENTED_EDGE('',*,*,#919,.T.);
#1243=ORIENTED_EDGE('',*,*,#921,.T.);
#1244=ORIENTED_EDGE('',*,*,#915,.T.);
#1245=ORIENTED_EDGE('',*,*,#933,.T.);
#1246=ORIENTED_EDGE('',*,*,#899,.T.);
#1247=ORIENTED_EDGE('',*,*,#896,.T.);
#1248=ORIENTED_EDGE('',*,*,#894,.T.);
#1249=ORIENTED_EDGE('',*,*,#892,.T.);
#1250=ORIENTED_EDGE('',*,*,#889,.T.);
#1251=ORIENTED_EDGE('',*,*,#887,.T.);
#1252=ORIENTED_EDGE('',*,*,#934,.T.);
#1253=ORIENTED_EDGE('',*,*,#935,.F.);
#1254=ORIENTED_EDGE('',*,*,#936,.F.);
#1255=ORIENTED_EDGE('',*,*,#937,.T.);
#1256=ORIENTED_EDGE('',*,*,#938,.T.);
#1257=ORIENTED_EDGE('',*,*,#939,.T.);
#1258=ORIENTED_EDGE('',*,*,#940,.T.);
#1259=ORIENTED_EDGE('',*,*,#938,.F.);
#1260=ORIENTED_EDGE('',*,*,#941,.T.);
#1261=ORIENTED_EDGE('',*,*,#900,.F.);
#1262=ORIENTED_EDGE('',*,*,#942,.T.);
#1263=ORIENTED_EDGE('',*,*,#943,.F.);
#1264=ORIENTED_EDGE('',*,*,#944,.F.);
#1265=ORIENTED_EDGE('',*,*,#942,.F.);
#1266=ORIENTED_EDGE('',*,*,#945,.T.);
#1267=ORIENTED_EDGE('',*,*,#946,.F.);
#1268=ORIENTED_EDGE('',*,*,#903,.F.);
#1269=ORIENTED_EDGE('',*,*,#929,.F.);
#1270=ORIENTED_EDGE('',*,*,#936,.T.);
#1271=ORIENTED_EDGE('',*,*,#947,.F.);
#1272=ORIENTED_EDGE('',*,*,#948,.F.);
#1273=ORIENTED_EDGE('',*,*,#927,.F.);
#1274=ORIENTED_EDGE('',*,*,#948,.T.);
#1275=ORIENTED_EDGE('',*,*,#949,.F.);
#1276=ORIENTED_EDGE('',*,*,#945,.F.);
#1277=ORIENTED_EDGE('',*,*,#928,.F.);
#1278=ORIENTED_EDGE('',*,*,#950,.T.);
#1279=ORIENTED_EDGE('',*,*,#951,.T.);
#1280=ORIENTED_EDGE('',*,*,#952,.T.);
#1281=ORIENTED_EDGE('',*,*,#953,.T.);
#1282=ORIENTED_EDGE('',*,*,#954,.F.);
#1283=ORIENTED_EDGE('',*,*,#901,.T.);
#1284=ORIENTED_EDGE('',*,*,#955,.F.);
#1285=ORIENTED_EDGE('',*,*,#956,.F.);
#1286=ORIENTED_EDGE('',*,*,#957,.T.);
#1287=ORIENTED_EDGE('',*,*,#930,.F.);
#1288=ORIENTED_EDGE('',*,*,#902,.F.);
#1289=ORIENTED_EDGE('',*,*,#958,.F.);
#1290=ORIENTED_EDGE('',*,*,#959,.T.);
#1291=ORIENTED_EDGE('',*,*,#931,.F.);
#1292=ORIENTED_EDGE('',*,*,#957,.F.);
#1293=ORIENTED_EDGE('',*,*,#905,.F.);
#1294=ORIENTED_EDGE('',*,*,#910,.T.);
#1295=ORIENTED_EDGE('',*,*,#932,.F.);
#1296=ORIENTED_EDGE('',*,*,#959,.F.);
#1297=ORIENTED_EDGE('',*,*,#960,.F.);
#1298=ORIENTED_EDGE('',*,*,#961,.F.);
#1299=ORIENTED_EDGE('',*,*,#908,.T.);
#1300=ORIENTED_EDGE('',*,*,#962,.F.);
#1301=ORIENTED_EDGE('',*,*,#963,.F.);
#1302=ORIENTED_EDGE('',*,*,#862,.T.);
#1303=ORIENTED_EDGE('',*,*,#964,.T.);
#1304=ORIENTED_EDGE('',*,*,#912,.T.);
#1305=ORIENTED_EDGE('',*,*,#913,.T.);
#1306=ORIENTED_EDGE('',*,*,#964,.F.);
#1307=ORIENTED_EDGE('',*,*,#861,.T.);
#1308=ORIENTED_EDGE('',*,*,#965,.T.);
#1309=ORIENTED_EDGE('',*,*,#937,.F.);
#1310=ORIENTED_EDGE('',*,*,#941,.F.);
#1311=ORIENTED_EDGE('',*,*,#966,.T.);
#1312=ORIENTED_EDGE('',*,*,#917,.T.);
#1313=ORIENTED_EDGE('',*,*,#967,.F.);
#1314=ORIENTED_EDGE('',*,*,#968,.T.);
#1315=ORIENTED_EDGE('',*,*,#969,.T.);
#1316=ORIENTED_EDGE('',*,*,#920,.T.);
#1317=ORIENTED_EDGE('',*,*,#961,.T.);
#1318=ORIENTED_EDGE('',*,*,#970,.T.);
#1319=ORIENTED_EDGE('',*,*,#967,.T.);
#1320=ORIENTED_EDGE('',*,*,#922,.T.);
#1321=ORIENTED_EDGE('',*,*,#969,.F.);
#1322=ORIENTED_EDGE('',*,*,#971,.T.);
#1323=ORIENTED_EDGE('',*,*,#972,.F.);
#1324=ORIENTED_EDGE('',*,*,#923,.T.);
#1325=ORIENTED_EDGE('',*,*,#966,.F.);
#1326=ORIENTED_EDGE('',*,*,#973,.F.);
#1327=ORIENTED_EDGE('',*,*,#924,.T.);
#1328=ORIENTED_EDGE('',*,*,#974,.F.);
#1329=ORIENTED_EDGE('',*,*,#975,.F.);
#1330=ORIENTED_EDGE('',*,*,#933,.F.);
#1331=ORIENTED_EDGE('',*,*,#975,.T.);
#1332=ORIENTED_EDGE('',*,*,#976,.F.);
#1333=ORIENTED_EDGE('',*,*,#977,.F.);
#1334=ORIENTED_EDGE('',*,*,#925,.F.);
#1335=ORIENTED_EDGE('',*,*,#977,.T.);
#1336=ORIENTED_EDGE('',*,*,#978,.F.);
#1337=ORIENTED_EDGE('',*,*,#934,.F.);
#1338=ORIENTED_EDGE('',*,*,#926,.F.);
#1339=ORIENTED_EDGE('',*,*,#979,.F.);
#1340=ORIENTED_EDGE('',*,*,#935,.T.);
#1341=ORIENTED_EDGE('',*,*,#980,.F.);
#1342=ORIENTED_EDGE('',*,*,#981,.F.);
#1343=ORIENTED_EDGE('',*,*,#857,.T.);
#1344=ORIENTED_EDGE('',*,*,#982,.T.);
#1345=ORIENTED_EDGE('',*,*,#943,.T.);
#1346=ORIENTED_EDGE('',*,*,#944,.T.);
#1347=ORIENTED_EDGE('',*,*,#982,.F.);
#1348=ORIENTED_EDGE('',*,*,#856,.T.);
#1349=ORIENTED_EDGE('',*,*,#983,.T.);
#1350=ORIENTED_EDGE('',*,*,#940,.F.);
#1351=ORIENTED_EDGE('',*,*,#939,.F.);
#1352=ORIENTED_EDGE('',*,*,#955,.T.);
#1353=ORIENTED_EDGE('',*,*,#946,.T.);
#1354=ORIENTED_EDGE('',*,*,#984,.F.);
#1355=ORIENTED_EDGE('',*,*,#985,.T.);
#1356=ORIENTED_EDGE('',*,*,#986,.T.);
#1357=ORIENTED_EDGE('',*,*,#947,.T.);
#1358=ORIENTED_EDGE('',*,*,#979,.T.);
#1359=ORIENTED_EDGE('',*,*,#987,.T.);
#1360=ORIENTED_EDGE('',*,*,#984,.T.);
#1361=ORIENTED_EDGE('',*,*,#949,.T.);
#1362=ORIENTED_EDGE('',*,*,#986,.F.);
#1363=ORIENTED_EDGE('',*,*,#988,.T.);
#1364=ORIENTED_EDGE('',*,*,#989,.T.);
#1365=ORIENTED_EDGE('',*,*,#990,.F.);
#1366=ORIENTED_EDGE('',*,*,#991,.T.);
#1367=ORIENTED_EDGE('',*,*,#951,.F.);
#1368=ORIENTED_EDGE('',*,*,#992,.T.);
#1369=ORIENTED_EDGE('',*,*,#952,.F.);
#1370=ORIENTED_EDGE('',*,*,#991,.F.);
#1371=ORIENTED_EDGE('',*,*,#993,.F.);
#1372=ORIENTED_EDGE('',*,*,#992,.F.);
#1373=ORIENTED_EDGE('',*,*,#994,.F.);
#1374=ORIENTED_EDGE('',*,*,#995,.F.);
#1375=ORIENTED_EDGE('',*,*,#953,.F.);
#1376=ORIENTED_EDGE('',*,*,#995,.T.);
#1377=ORIENTED_EDGE('',*,*,#996,.F.);
#1378=ORIENTED_EDGE('',*,*,#989,.F.);
#1379=ORIENTED_EDGE('',*,*,#950,.F.);
#1380=ORIENTED_EDGE('',*,*,#997,.T.);
#1381=ORIENTED_EDGE('',*,*,#998,.F.);
#1382=ORIENTED_EDGE('',*,*,#956,.T.);
#1383=ORIENTED_EDGE('',*,*,#906,.T.);
#1384=ORIENTED_EDGE('',*,*,#958,.T.);
#1385=ORIENTED_EDGE('',*,*,#954,.T.);
#1386=ORIENTED_EDGE('',*,*,#999,.T.);
#1387=ORIENTED_EDGE('',*,*,#1000,.T.);
#1388=ORIENTED_EDGE('',*,*,#962,.T.);
#1389=ORIENTED_EDGE('',*,*,#960,.T.);
#1390=ORIENTED_EDGE('',*,*,#904,.F.);
#1391=ORIENTED_EDGE('',*,*,#1001,.T.);
#1392=ORIENTED_EDGE('',*,*,#1002,.T.);
#1393=ORIENTED_EDGE('',*,*,#963,.T.);
#1394=ORIENTED_EDGE('',*,*,#1003,.F.);
#1395=ORIENTED_EDGE('',*,*,#1004,.T.);
#1396=ORIENTED_EDGE('',*,*,#860,.T.);
#1397=ORIENTED_EDGE('',*,*,#1005,.F.);
#1398=ORIENTED_EDGE('',*,*,#863,.F.);
#1399=ORIENTED_EDGE('',*,*,#965,.F.);
#1400=ORIENTED_EDGE('',*,*,#1006,.T.);
#1401=ORIENTED_EDGE('',*,*,#968,.F.);
#1402=ORIENTED_EDGE('',*,*,#1007,.F.);
#1403=ORIENTED_EDGE('',*,*,#1008,.F.);
#1404=ORIENTED_EDGE('',*,*,#1009,.T.);
#1405=ORIENTED_EDGE('',*,*,#970,.F.);
#1406=ORIENTED_EDGE('',*,*,#1004,.F.);
#1407=ORIENTED_EDGE('',*,*,#1010,.F.);
#1408=ORIENTED_EDGE('',*,*,#1007,.T.);
#1409=ORIENTED_EDGE('',*,*,#971,.F.);
#1410=ORIENTED_EDGE('',*,*,#1009,.F.);
#1411=ORIENTED_EDGE('',*,*,#1011,.F.);
#1412=ORIENTED_EDGE('',*,*,#1012,.F.);
#1413=ORIENTED_EDGE('',*,*,#973,.T.);
#1414=ORIENTED_EDGE('',*,*,#1006,.F.);
#1415=ORIENTED_EDGE('',*,*,#1013,.T.);
#1416=ORIENTED_EDGE('',*,*,#974,.T.);
#1417=ORIENTED_EDGE('',*,*,#972,.T.);
#1418=ORIENTED_EDGE('',*,*,#1014,.T.);
#1419=ORIENTED_EDGE('',*,*,#1015,.T.);
#1420=ORIENTED_EDGE('',*,*,#1016,.T.);
#1421=ORIENTED_EDGE('',*,*,#976,.T.);
#1422=ORIENTED_EDGE('',*,*,#1013,.F.);
#1423=ORIENTED_EDGE('',*,*,#1017,.T.);
#1424=ORIENTED_EDGE('',*,*,#980,.T.);
#1425=ORIENTED_EDGE('',*,*,#978,.T.);
#1426=ORIENTED_EDGE('',*,*,#1016,.F.);
#1427=ORIENTED_EDGE('',*,*,#1018,.T.);
#1428=ORIENTED_EDGE('',*,*,#1019,.T.);
#1429=ORIENTED_EDGE('',*,*,#981,.T.);
#1430=ORIENTED_EDGE('',*,*,#1020,.F.);
#1431=ORIENTED_EDGE('',*,*,#1021,.F.);
#1432=ORIENTED_EDGE('',*,*,#855,.T.);
#1433=ORIENTED_EDGE('',*,*,#1022,.F.);
#1434=ORIENTED_EDGE('',*,*,#858,.F.);
#1435=ORIENTED_EDGE('',*,*,#983,.F.);
#1436=ORIENTED_EDGE('',*,*,#1023,.T.);
#1437=ORIENTED_EDGE('',*,*,#1024,.F.);
#1438=ORIENTED_EDGE('',*,*,#997,.F.);
#1439=ORIENTED_EDGE('',*,*,#985,.F.);
#1440=ORIENTED_EDGE('',*,*,#1021,.T.);
#1441=ORIENTED_EDGE('',*,*,#1025,.F.);
#1442=ORIENTED_EDGE('',*,*,#1026,.F.);
#1443=ORIENTED_EDGE('',*,*,#987,.F.);
#1444=ORIENTED_EDGE('',*,*,#1026,.T.);
#1445=ORIENTED_EDGE('',*,*,#1027,.F.);
#1446=ORIENTED_EDGE('',*,*,#1023,.F.);
#1447=ORIENTED_EDGE('',*,*,#988,.F.);
#1448=ORIENTED_EDGE('',*,*,#1028,.F.);
#1449=ORIENTED_EDGE('',*,*,#990,.T.);
#1450=ORIENTED_EDGE('',*,*,#1029,.T.);
#1451=ORIENTED_EDGE('',*,*,#880,.T.);
#1452=ORIENTED_EDGE('',*,*,#1030,.F.);
#1453=ORIENTED_EDGE('',*,*,#993,.T.);
#1454=ORIENTED_EDGE('',*,*,#1028,.T.);
#1455=ORIENTED_EDGE('',*,*,#879,.T.);
#1456=ORIENTED_EDGE('',*,*,#1031,.F.);
#1457=ORIENTED_EDGE('',*,*,#994,.T.);
#1458=ORIENTED_EDGE('',*,*,#1030,.T.);
#1459=ORIENTED_EDGE('',*,*,#878,.T.);
#1460=ORIENTED_EDGE('',*,*,#1029,.F.);
#1461=ORIENTED_EDGE('',*,*,#996,.T.);
#1462=ORIENTED_EDGE('',*,*,#1031,.T.);
#1463=ORIENTED_EDGE('',*,*,#877,.T.);
#1464=ORIENTED_EDGE('',*,*,#999,.F.);
#1465=ORIENTED_EDGE('',*,*,#998,.T.);
#1466=ORIENTED_EDGE('',*,*,#1032,.F.);
#1467=ORIENTED_EDGE('',*,*,#876,.F.);
#1468=ORIENTED_EDGE('',*,*,#1033,.F.);
#1469=ORIENTED_EDGE('',*,*,#1033,.T.);
#1470=ORIENTED_EDGE('',*,*,#875,.F.);
#1471=ORIENTED_EDGE('',*,*,#1034,.T.);
#1472=ORIENTED_EDGE('',*,*,#1000,.F.);
#1473=ORIENTED_EDGE('',*,*,#1035,.T.);
#1474=ORIENTED_EDGE('',*,*,#907,.F.);
#1475=ORIENTED_EDGE('',*,*,#1034,.F.);
#1476=ORIENTED_EDGE('',*,*,#874,.F.);
#1477=ORIENTED_EDGE('',*,*,#1036,.T.);
#1478=ORIENTED_EDGE('',*,*,#1001,.F.);
#1479=ORIENTED_EDGE('',*,*,#1035,.F.);
#1480=ORIENTED_EDGE('',*,*,#873,.F.);
#1481=ORIENTED_EDGE('',*,*,#1037,.F.);
#1482=ORIENTED_EDGE('',*,*,#1003,.T.);
#1483=ORIENTED_EDGE('',*,*,#1002,.F.);
#1484=ORIENTED_EDGE('',*,*,#1036,.F.);
#1485=ORIENTED_EDGE('',*,*,#872,.F.);
#1486=ORIENTED_EDGE('',*,*,#1011,.T.);
#1487=ORIENTED_EDGE('',*,*,#1010,.T.);
#1488=ORIENTED_EDGE('',*,*,#1037,.T.);
#1489=ORIENTED_EDGE('',*,*,#871,.T.);
#1490=ORIENTED_EDGE('',*,*,#1038,.T.);
#1491=ORIENTED_EDGE('',*,*,#1008,.T.);
#1492=ORIENTED_EDGE('',*,*,#1005,.T.);
#1493=ORIENTED_EDGE('',*,*,#864,.T.);
#1494=ORIENTED_EDGE('',*,*,#1014,.F.);
#1495=ORIENTED_EDGE('',*,*,#1012,.T.);
#1496=ORIENTED_EDGE('',*,*,#1038,.F.);
#1497=ORIENTED_EDGE('',*,*,#870,.F.);
#1498=ORIENTED_EDGE('',*,*,#1039,.F.);
#1499=ORIENTED_EDGE('',*,*,#1039,.T.);
#1500=ORIENTED_EDGE('',*,*,#869,.F.);
#1501=ORIENTED_EDGE('',*,*,#1040,.F.);
#1502=ORIENTED_EDGE('',*,*,#1015,.F.);
#1503=ORIENTED_EDGE('',*,*,#1040,.T.);
#1504=ORIENTED_EDGE('',*,*,#868,.F.);
#1505=ORIENTED_EDGE('',*,*,#1041,.F.);
#1506=ORIENTED_EDGE('',*,*,#1017,.F.);
#1507=ORIENTED_EDGE('',*,*,#1041,.T.);
#1508=ORIENTED_EDGE('',*,*,#867,.F.);
#1509=ORIENTED_EDGE('',*,*,#1042,.F.);
#1510=ORIENTED_EDGE('',*,*,#1018,.F.);
#1511=ORIENTED_EDGE('',*,*,#1043,.F.);
#1512=ORIENTED_EDGE('',*,*,#1020,.T.);
#1513=ORIENTED_EDGE('',*,*,#1019,.F.);
#1514=ORIENTED_EDGE('',*,*,#1042,.T.);
#1515=ORIENTED_EDGE('',*,*,#866,.F.);
#1516=ORIENTED_EDGE('',*,*,#1027,.T.);
#1517=ORIENTED_EDGE('',*,*,#1025,.T.);
#1518=ORIENTED_EDGE('',*,*,#1043,.T.);
#1519=ORIENTED_EDGE('',*,*,#865,.F.);
#1520=ORIENTED_EDGE('',*,*,#1032,.T.);
#1521=ORIENTED_EDGE('',*,*,#1024,.T.);
#1522=ORIENTED_EDGE('',*,*,#1022,.T.);
#1523=ORIENTED_EDGE('',*,*,#859,.T.);
#1524=PLANE('',#1665);
#1525=PLANE('',#1667);
#1526=PLANE('',#1668);
#1527=PLANE('',#1676);
#1528=PLANE('',#1678);
#1529=PLANE('',#1686);
#1530=PLANE('',#1689);
#1531=PLANE('',#1690);
#1532=PLANE('',#1691);
#1533=PLANE('',#1692);
#1534=PLANE('',#1701);
#1535=PLANE('',#1704);
#1536=PLANE('',#1724);
#1537=PLANE('',#1727);
#1538=PLANE('',#1741);
#1539=PLANE('',#1755);
#1540=PLANE('',#1764);
#1541=PLANE('',#1765);
#1542=PLANE('',#1773);
#1543=PLANE('',#1774);
#1544=PLANE('',#1776);
#1545=PLANE('',#1779);
#1546=PLANE('',#1793);
#1547=PLANE('',#1799);
#1548=PLANE('',#1801);
#1549=ADVANCED_FACE('',(#186),#1524,.F.);
#1550=ADVANCED_FACE('',(#187),#1525,.F.);
#1551=ADVANCED_FACE('',(#188),#1526,.F.);
#1552=ADVANCED_FACE('',(#189),#1527,.F.);
#1553=ADVANCED_FACE('',(#190),#1528,.F.);
#1554=ADVANCED_FACE('',(#191),#1529,.T.);
#1555=ADVANCED_FACE('',(#192),#81,.F.);
#1556=ADVANCED_FACE('',(#193),#1530,.F.);
#1557=ADVANCED_FACE('',(#194),#1531,.F.);
#1558=ADVANCED_FACE('',(#195),#1532,.F.);
#1559=ADVANCED_FACE('',(#196),#1533,.F.);
#1560=ADVANCED_FACE('',(#197),#82,.T.);
#1561=ADVANCED_FACE('',(#198),#83,.T.);
#1562=ADVANCED_FACE('',(#199),#84,.T.);
#1563=ADVANCED_FACE('',(#200),#85,.F.);
#1564=ADVANCED_FACE('',(#201),#86,.F.);
#1565=ADVANCED_FACE('',(#202),#87,.T.);
#1566=ADVANCED_FACE('',(#203),#88,.T.);
#1567=ADVANCED_FACE('',(#204),#76,.T.);
#1568=ADVANCED_FACE('',(#205),#46,.T.);
#1569=ADVANCED_FACE('',(#206),#47,.T.);
#1570=ADVANCED_FACE('',(#207,#25),#1534,.F.);
#1571=ADVANCED_FACE('',(#208,#26,#27,#28),#1535,.T.);
#1572=ADVANCED_FACE('',(#209),#89,.F.);
#1573=ADVANCED_FACE('',(#210),#90,.F.);
#1574=ADVANCED_FACE('',(#211),#91,.F.);
#1575=ADVANCED_FACE('',(#212),#92,.F.);
#1576=ADVANCED_FACE('',(#213),#93,.F.);
#1577=ADVANCED_FACE('',(#214),#94,.F.);
#1578=ADVANCED_FACE('',(#215,#29,#30,#31),#1536,.T.);
#1579=ADVANCED_FACE('',(#216),#48,.T.);
#1580=ADVANCED_FACE('',(#217),#1537,.T.);
#1581=ADVANCED_FACE('',(#218),#49,.T.);
#1582=ADVANCED_FACE('',(#219),#77,.F.);
#1583=ADVANCED_FACE('',(#220),#95,.T.);
#1584=ADVANCED_FACE('',(#221),#96,.T.);
#1585=ADVANCED_FACE('',(#222),#78,.T.);
#1586=ADVANCED_FACE('',(#223),#50,.T.);
#1587=ADVANCED_FACE('',(#224,#32,#33,#34,#35,#36,#37),#1538,.F.);
#1588=ADVANCED_FACE('',(#225),#51,.T.);
#1589=ADVANCED_FACE('',(#226),#97,.F.);
#1590=ADVANCED_FACE('',(#227),#79,.F.);
#1591=ADVANCED_FACE('',(#228),#98,.T.);
#1592=ADVANCED_FACE('',(#229),#99,.T.);
#1593=ADVANCED_FACE('',(#230),#80,.T.);
#1594=ADVANCED_FACE('',(#231),#1539,.T.);
#1595=ADVANCED_FACE('',(#232),#100,.T.);
#1596=ADVANCED_FACE('',(#233),#52,.T.);
#1597=ADVANCED_FACE('',(#234),#101,.T.);
#1598=ADVANCED_FACE('',(#235),#53,.T.);
#1599=ADVANCED_FACE('',(#236),#102,.T.);
#1600=ADVANCED_FACE('',(#237,#38),#103,.F.);
#1601=ADVANCED_FACE('',(#238),#1540,.F.);
#1602=ADVANCED_FACE('',(#239),#1541,.F.);
#1603=ADVANCED_FACE('',(#240),#104,.T.);
#1604=ADVANCED_FACE('',(#241),#105,.T.);
#1605=ADVANCED_FACE('',(#242),#54,.T.);
#1606=ADVANCED_FACE('',(#243),#106,.T.);
#1607=ADVANCED_FACE('',(#244),#55,.T.);
#1608=ADVANCED_FACE('',(#245),#107,.T.);
#1609=ADVANCED_FACE('',(#246,#39),#108,.F.);
#1610=ADVANCED_FACE('',(#247),#1542,.F.);
#1611=ADVANCED_FACE('',(#248),#1543,.F.);
#1612=ADVANCED_FACE('',(#249),#109,.T.);
#1613=ADVANCED_FACE('',(#250),#1544,.T.);
#1614=ADVANCED_FACE('',(#251),#23,.T.);
#1615=ADVANCED_FACE('',(#252),#1545,.T.);
#1616=ADVANCED_FACE('',(#253),#24,.T.);
#1617=ADVANCED_FACE('',(#254),#19,.T.);
#1618=ADVANCED_FACE('',(#255),#13,.F.);
#1619=ADVANCED_FACE('',(#256),#14,.T.);
#1620=ADVANCED_FACE('',(#257),#20,.T.);
#1621=ADVANCED_FACE('',(#258),#56,.T.);
#1622=ADVANCED_FACE('',(#259),#57,.T.);
#1623=ADVANCED_FACE('',(#260),#58,.T.);
#1624=ADVANCED_FACE('',(#261),#59,.T.);
#1625=ADVANCED_FACE('',(#262),#21,.T.);
#1626=ADVANCED_FACE('',(#263),#15,.F.);
#1627=ADVANCED_FACE('',(#264),#1546,.F.);
#1628=ADVANCED_FACE('',(#265),#16,.T.);
#1629=ADVANCED_FACE('',(#266),#22,.T.);
#1630=ADVANCED_FACE('',(#267),#60,.T.);
#1631=ADVANCED_FACE('',(#268),#61,.T.);
#1632=ADVANCED_FACE('',(#269),#62,.T.);
#1633=ADVANCED_FACE('',(#270),#63,.T.);
#1634=ADVANCED_FACE('',(#271),#1547,.F.);
#1635=ADVANCED_FACE('',(#272),#110,.T.);
#1636=ADVANCED_FACE('',(#273),#1548,.F.);
#1637=ADVANCED_FACE('',(#274),#111,.T.);
#1638=ADVANCED_FACE('',(#275),#64,.T.);
#1639=ADVANCED_FACE('',(#276),#65,.T.);
#1640=ADVANCED_FACE('',(#277),#112,.T.);
#1641=ADVANCED_FACE('',(#278),#66,.T.);
#1642=ADVANCED_FACE('',(#279),#67,.T.);
#1643=ADVANCED_FACE('',(#280,#40),#17,.F.);
#1644=ADVANCED_FACE('',(#281),#68,.T.);
#1645=ADVANCED_FACE('',(#282),#69,.T.);
#1646=ADVANCED_FACE('',(#283),#113,.T.);
#1647=ADVANCED_FACE('',(#284),#70,.T.);
#1648=ADVANCED_FACE('',(#285),#71,.T.);
#1649=ADVANCED_FACE('',(#286,#41),#18,.T.);
#1650=CLOSED_SHELL('',(#1549,#1550,#1551,#1552,#1553,#1554,#1555,#1556,
#1557,#1558,#1559,#1560,#1561,#1562,#1563,#1564,#1565,#1566,#1567));
#1651=CLOSED_SHELL('',(#1568,#1569,#1570,#1571,#1572,#1573,#1574,#1575,
#1576,#1577,#1578,#1579,#1580,#1581,#1582,#1583,#1584,#1585,#1586,#1587,
#1588,#1589,#1590,#1591,#1592,#1593,#1594,#1595,#1596,#1597,#1598,#1599,
#1600,#1601,#1602,#1603,#1604,#1605,#1606,#1607,#1608,#1609,#1610,#1611,
#1612,#1613,#1614,#1615,#1616,#1617,#1618,#1619,#1620,#1621,#1622,#1623,
#1624,#1625,#1626,#1627,#1628,#1629,#1630,#1631,#1632,#1633,#1634,#1635,
#1636,#1637,#1638,#1639,#1640,#1641,#1642,#1643,#1644,#1645,#1646,#1647,
#1648,#1649));
#1652=DERIVED_UNIT_ELEMENT(#1654,1.);
#1653=DERIVED_UNIT_ELEMENT(#9261,-3.);
#1654=(
MASS_UNIT()
NAMED_UNIT(*)
SI_UNIT(.KILO.,.GRAM.)
);
#1655=DERIVED_UNIT((#1652,#1653));
#1656=MEASURE_REPRESENTATION_ITEM('density measure',
POSITIVE_RATIO_MEASURE(7850.),#1655);
#1657=PROPERTY_DEFINITION_REPRESENTATION(#1662,#1659);
#1658=PROPERTY_DEFINITION_REPRESENTATION(#1663,#1660);
#1659=REPRESENTATION('material name',(#1661),#9258);
#1660=REPRESENTATION('density',(#1656),#9258);
#1661=DESCRIPTIVE_REPRESENTATION_ITEM('Steel','Steel');
#1662=PROPERTY_DEFINITION('material property','material name',#9268);
#1663=PROPERTY_DEFINITION('material property','density of part',#9268);
#1664=AXIS2_PLACEMENT_3D('',#2188,#1809,#1810);
#1665=AXIS2_PLACEMENT_3D('',#2189,#1811,#1812);
#1666=AXIS2_PLACEMENT_3D('',#2194,#1814,#1815);
#1667=AXIS2_PLACEMENT_3D('',#2198,#1818,#1819);
#1668=AXIS2_PLACEMENT_3D('',#2207,#1824,#1825);
#1669=AXIS2_PLACEMENT_3D('',#2224,#1828,#1829);
#1670=AXIS2_PLACEMENT_3D('',#2227,#1831,#1832);
#1671=AXIS2_PLACEMENT_3D('',#2229,#1833,#1834);
#1672=AXIS2_PLACEMENT_3D('',#2233,#1836,#1837);
#1673=AXIS2_PLACEMENT_3D('',#2235,#1838,#1839);
#1674=AXIS2_PLACEMENT_3D('',#2239,#1841,#1842);
#1675=AXIS2_PLACEMENT_3D('',#2244,#1845,#1846);
#1676=AXIS2_PLACEMENT_3D('',#2245,#1847,#1848);
#1677=AXIS2_PLACEMENT_3D('',#2250,#1851,#1852);
#1678=AXIS2_PLACEMENT_3D('',#2251,#1853,#1854);
#1679=AXIS2_PLACEMENT_3D('',#2265,#1856,#1857);
#1680=AXIS2_PLACEMENT_3D('',#2271,#1860,#1861);
#1681=AXIS2_PLACEMENT_3D('',#2275,#1863,#1864);
#1682=AXIS2_PLACEMENT_3D('',#2277,#1865,#1866);
#1683=AXIS2_PLACEMENT_3D('',#2280,#1868,#1869);
#1684=AXIS2_PLACEMENT_3D('',#2282,#1870,#1871);
#1685=AXIS2_PLACEMENT_3D('',#2285,#1873,#1874);
#1686=AXIS2_PLACEMENT_3D('',#2286,#1875,#1876);
#1687=AXIS2_PLACEMENT_3D('',#2289,#1879,#1880);
#1688=AXIS2_PLACEMENT_3D('',#2290,#1881,#1882);
#1689=AXIS2_PLACEMENT_3D('',#2291,#1883,#1884);
#1690=AXIS2_PLACEMENT_3D('',#2294,#1887,#1888);
#1691=AXIS2_PLACEMENT_3D('',#2297,#1891,#1892);
#1692=AXIS2_PLACEMENT_3D('',#2299,#1894,#1895);
#1693=AXIS2_PLACEMENT_3D('',#2302,#1898,#1899);
#1694=AXIS2_PLACEMENT_3D('',#2303,#1900,#1901);
#1695=AXIS2_PLACEMENT_3D('',#2304,#1902,#1903);
#1696=AXIS2_PLACEMENT_3D('',#2306,#1905,#1906);
#1697=AXIS2_PLACEMENT_3D('',#2307,#1907,#1908);
#1698=AXIS2_PLACEMENT_3D('',#2308,#1909,#1910);
#1699=AXIS2_PLACEMENT_3D('',#2309,#1911,#1912);
#1700=AXIS2_PLACEMENT_3D('',#2310,#1913,#1914);
#1701=AXIS2_PLACEMENT_3D('',#4705,#1915,#1916);
#1702=AXIS2_PLACEMENT_3D('',#4962,#1921,#1922);
#1703=AXIS2_PLACEMENT_3D('',#4966,#1924,#1925);
#1704=AXIS2_PLACEMENT_3D('',#4968,#1927,#1928);
#1705=AXIS2_PLACEMENT_3D('',#4970,#1929,#1930);
#1706=AXIS2_PLACEMENT_3D('',#4972,#1931,#1932);
#1707=AXIS2_PLACEMENT_3D('',#4974,#1933,#1934);
#1708=AXIS2_PLACEMENT_3D('',#4976,#1935,#1936);
#1709=AXIS2_PLACEMENT_3D('',#4977,#1937,#1938);
#1710=AXIS2_PLACEMENT_3D('',#4979,#1939,#1940);
#1711=AXIS2_PLACEMENT_3D('',#4982,#1942,#1943);
#1712=AXIS2_PLACEMENT_3D('',#4983,#1944,#1945);
#1713=AXIS2_PLACEMENT_3D('',#4986,#1947,#1948);
#1714=AXIS2_PLACEMENT_3D('',#4987,#1949,#1950);
#1715=AXIS2_PLACEMENT_3D('',#4989,#1951,#1952);
#1716=AXIS2_PLACEMENT_3D('',#4992,#1954,#1955);
#1717=AXIS2_PLACEMENT_3D('',#4993,#1956,#1957);
#1718=AXIS2_PLACEMENT_3D('',#4996,#1959,#1960);
#1719=AXIS2_PLACEMENT_3D('',#4997,#1961,#1962);
#1720=AXIS2_PLACEMENT_3D('',#5000,#1964,#1965);
#1721=AXIS2_PLACEMENT_3D('',#5001,#1966,#1967);
#1722=AXIS2_PLACEMENT_3D('',#5003,#1968,#1969);
#1723=AXIS2_PLACEMENT_3D('',#5006,#1971,#1972);
#1724=AXIS2_PLACEMENT_3D('',#5007,#1973,#1974);
#1725=AXIS2_PLACEMENT_3D('',#5009,#1975,#1976);
#1726=AXIS2_PLACEMENT_3D('',#5036,#1977,#1978);
#1727=AXIS2_PLACEMENT_3D('',#5142,#1979,#1980);
#1728=AXIS2_PLACEMENT_3D('',#5177,#1985,#1986);
#1729=AXIS2_PLACEMENT_3D('',#5295,#1987,#1988);
#1730=AXIS2_PLACEMENT_3D('',#5297,#1989,#1990);
#1731=AXIS2_PLACEMENT_3D('',#5299,#1991,#1992);
#1732=AXIS2_PLACEMENT_3D('',#5300,#1993,#1994);
#1733=AXIS2_PLACEMENT_3D('',#5301,#1995,#1996);
#1734=AXIS2_PLACEMENT_3D('',#5365,#1998,#1999);
#1735=AXIS2_PLACEMENT_3D('',#5367,#2001,#2002);
#1736=AXIS2_PLACEMENT_3D('',#5370,#2003,#2004);
#1737=AXIS2_PLACEMENT_3D('',#5373,#2007,#2008);
#1738=AXIS2_PLACEMENT_3D('',#5374,#2009,#2010);
#1739=AXIS2_PLACEMENT_3D('',#5375,#2011,#2012);
#1740=AXIS2_PLACEMENT_3D('',#5401,#2013,#2014);
#1741=AXIS2_PLACEMENT_3D('',#5457,#2015,#2016);
#1742=AXIS2_PLACEMENT_3D('',#5571,#2019,#2020);
#1743=AXIS2_PLACEMENT_3D('',#5966,#2023,#2024);
#1744=AXIS2_PLACEMENT_3D('',#6025,#2025,#2026);
#1745=AXIS2_PLACEMENT_3D('',#6105,#2028,#2029);
#1746=AXIS2_PLACEMENT_3D('',#6107,#2030,#2031);
#1747=AXIS2_PLACEMENT_3D('',#6109,#2032,#2033);
#1748=AXIS2_PLACEMENT_3D('',#6110,#2034,#2035);
#1749=AXIS2_PLACEMENT_3D('',#6111,#2036,#2037);
#1750=AXIS2_PLACEMENT_3D('',#6113,#2038,#2039);
#1751=AXIS2_PLACEMENT_3D('',#6115,#2041,#2042);
#1752=AXIS2_PLACEMENT_3D('',#6118,#2044,#2045);
#1753=AXIS2_PLACEMENT_3D('',#6119,#2046,#2047);
#1754=AXIS2_PLACEMENT_3D('',#6120,#2048,#2049);
#1755=AXIS2_PLACEMENT_3D('',#6121,#2050,#2051);
#1756=AXIS2_PLACEMENT_3D('',#6124,#2052,#2053);
#1757=AXIS2_PLACEMENT_3D('',#6128,#2055,#2056);
#1758=AXIS2_PLACEMENT_3D('',#6130,#2058,#2059);
#1759=AXIS2_PLACEMENT_3D('',#6135,#2062,#2063);
#1760=AXIS2_PLACEMENT_3D('',#6249,#2064,#2065);
#1761=AXIS2_PLACEMENT_3D('',#6363,#2066,#2067);
#1762=AXIS2_PLACEMENT_3D('',#6368,#2070,#2071);
#1763=AXIS2_PLACEMENT_3D('',#6369,#2072,#2073);
#1764=AXIS2_PLACEMENT_3D('',#6375,#2075,#2076);
#1765=AXIS2_PLACEMENT_3D('',#6396,#2079,#2080);
#1766=AXIS2_PLACEMENT_3D('',#6415,#2082,#2083);
#1767=AXIS2_PLACEMENT_3D('',#6459,#2084,#2085);
#1768=AXIS2_PLACEMENT_3D('',#6462,#2087,#2088);
#1769=AXIS2_PLACEMENT_3D('',#6577,#2089,#2090);
#1770=AXIS2_PLACEMENT_3D('',#6693,#2092,#2093);
#1771=AXIS2_PLACEMENT_3D('',#6698,#2096,#2097);
#1772=AXIS2_PLACEMENT_3D('',#6699,#2098,#2099);
#1773=AXIS2_PLACEMENT_3D('',#6708,#2101,#2102);
#1774=AXIS2_PLACEMENT_3D('',#6727,#2104,#2105);
#1775=AXIS2_PLACEMENT_3D('',#6746,#2107,#2108);
#1776=AXIS2_PLACEMENT_3D('',#6790,#2109,#2110);
#1777=AXIS2_PLACEMENT_3D('',#6796,#2114,#2115);
#1778=AXIS2_PLACEMENT_3D('',#6799,#2117,#2118);
#1779=AXIS2_PLACEMENT_3D('',#6800,#2119,#2120);
#1780=AXIS2_PLACEMENT_3D('',#6804,#2123,#2124);
#1781=AXIS2_PLACEMENT_3D('',#6805,#2125,#2126);
#1782=AXIS2_PLACEMENT_3D('',#6806,#2127,#2128);
#1783=AXIS2_PLACEMENT_3D('',#6808,#2129,#2130);
#1784=AXIS2_PLACEMENT_3D('',#6809,#2131,#2132);
#1785=AXIS2_PLACEMENT_3D('',#6943,#2133,#2134);
#1786=AXIS2_PLACEMENT_3D('',#6945,#2135,#2136);
#1787=AXIS2_PLACEMENT_3D('',#6946,#2137,#2138);
#1788=AXIS2_PLACEMENT_3D('',#7225,#2139,#2140);
#1789=AXIS2_PLACEMENT_3D('',#7227,#2141,#2142);
#1790=AXIS2_PLACEMENT_3D('',#7296,#2143,#2144);
#1791=AXIS2_PLACEMENT_3D('',#7725,#2145,#2146);
#1792=AXIS2_PLACEMENT_3D('',#7726,#2147,#2148);
#1793=AXIS2_PLACEMENT_3D('',#7809,#2150,#2151);
#1794=AXIS2_PLACEMENT_3D('',#7869,#2154,#2155);
#1795=AXIS2_PLACEMENT_3D('',#7871,#2156,#2157);
#1796=AXIS2_PLACEMENT_3D('',#7872,#2158,#2159);
#1797=AXIS2_PLACEMENT_3D('',#8193,#2160,#2161);
#1798=AXIS2_PLACEMENT_3D('',#8293,#2162,#2163);
#1799=AXIS2_PLACEMENT_3D('',#8688,#2164,#2165);
#1800=AXIS2_PLACEMENT_3D('',#8691,#2168,#2169);
#1801=AXIS2_PLACEMENT_3D('',#8693,#2171,#2172);
#1802=AXIS2_PLACEMENT_3D('',#8695,#2174,#2175);
#1803=AXIS2_PLACEMENT_3D('',#8822,#2176,#2177);
#1804=AXIS2_PLACEMENT_3D('',#8823,#2178,#2179);
#1805=AXIS2_PLACEMENT_3D('',#8824,#2180,#2181);
#1806=AXIS2_PLACEMENT_3D('',#9101,#2182,#2183);
#1807=AXIS2_PLACEMENT_3D('',#9102,#2184,#2185);
#1808=AXIS2_PLACEMENT_3D('',#9103,#2186,#2187);
#1809=DIRECTION('axis',(0.,0.,1.));
#1810=DIRECTION('refdir',(1.,0.,0.));
#1811=DIRECTION('center_axis',(-2.21479213186678E-16,1.85843126098376E-16,
-1.));
#1812=DIRECTION('ref_axis',(-1.,0.,2.21479213186678E-16));
#1813=DIRECTION('',(0.642787609686541,0.766044443118977,0.));
#1814=DIRECTION('center_axis',(-2.21479213186678E-16,1.85843126098376E-16,
-1.));
#1815=DIRECTION('ref_axis',(-1.,0.,2.21479213186678E-16));
#1816=DIRECTION('',(0.642787609686534,0.766044443118982,0.));
#1817=DIRECTION('',(-0.766044443118976,0.642787609686541,3.7007434154172E-16));
#1818=DIRECTION('center_axis',(-2.21479213186678E-16,1.85843126098376E-16,
-1.));
#1819=DIRECTION('ref_axis',(-1.,0.,2.21479213186678E-16));
#1820=DIRECTION('',(0.642787609686543,0.766044443118975,0.));
#1821=DIRECTION('',(-0.766044443118977,0.642787609686541,3.70074341541719E-16));
#1822=DIRECTION('',(0.642787609686542,0.766044443118976,0.));
#1823=DIRECTION('',(-0.766044443118977,0.642787609686541,3.70074341541719E-16));
#1824=DIRECTION('center_axis',(0.766044443118977,-0.642787609686541,0.));
#1825=DIRECTION('ref_axis',(0.,0.,-1.));
#1826=DIRECTION('',(0.,0.,-1.));
#1827=DIRECTION('',(0.642787609686542,0.766044443118976,0.));
#1828=DIRECTION('center_axis',(0.766044443118977,-0.642787609686541,0.));
#1829=DIRECTION('ref_axis',(0.642787609686541,0.766044443118977,0.));
#1830=DIRECTION('',(0.,0.,-1.));
#1831=DIRECTION('center_axis',(0.766044443118977,-0.642787609686541,0.));
#1832=DIRECTION('ref_axis',(0.642787609686541,0.766044443118977,0.));
#1833=DIRECTION('center_axis',(0.766044443118977,-0.642787609686541,0.));
#1834=DIRECTION('ref_axis',(0.64278760968654,0.766044443118977,0.));
#1835=DIRECTION('',(0.,0.,1.));
#1836=DIRECTION('center_axis',(0.766044443118977,-0.642787609686541,0.));
#1837=DIRECTION('ref_axis',(0.64278760968654,0.766044443118977,0.));
#1838=DIRECTION('center_axis',(0.766044443118977,-0.642787609686541,0.));
#1839=DIRECTION('ref_axis',(0.64278760968654,0.766044443118977,0.));
#1840=DIRECTION('',(0.,-2.22044604925031E-15,1.));
#1841=DIRECTION('center_axis',(0.766044443118977,-0.642787609686541,0.));
#1842=DIRECTION('ref_axis',(0.64278760968654,0.766044443118977,0.));
#1843=DIRECTION('',(-0.642787609686541,-0.766044443118977,0.));
#1844=DIRECTION('',(0.,0.,-1.));
#1845=DIRECTION('center_axis',(0.766044443118977,-0.642787609686541,0.));
#1846=DIRECTION('ref_axis',(0.64278760968654,0.766044443118977,0.));
#1847=DIRECTION('center_axis',(-8.30547049450043E-17,6.96911722868911E-17,
1.));
#1848=DIRECTION('ref_axis',(1.,0.,8.30547049450043E-17));
#1849=DIRECTION('',(0.642787609686541,0.766044443118977,0.));
#1850=DIRECTION('',(0.766044443118977,-0.642787609686541,1.0842021724855E-16));
#1851=DIRECTION('center_axis',(8.30547049450043E-17,-6.96911722868911E-17,
-1.));
#1852=DIRECTION('ref_axis',(-1.,0.,-8.30547049450043E-17));
#1853=DIRECTION('center_axis',(-0.766044443118977,0.642787609686541,-3.23544799300053E-16));
#1854=DIRECTION('ref_axis',(-4.22357739431839E-16,0.,1.));
#1855=DIRECTION('',(0.,0.,-1.));
#1856=DIRECTION('center_axis',(-0.766044443118977,0.642787609686541,-3.23544799300053E-16));
#1857=DIRECTION('ref_axis',(-0.64278760968654,-0.766044443118977,0.));
#1858=DIRECTION('',(0.,0.,1.));
#1859=DIRECTION('',(0.642787609686541,0.766044443118977,0.));
#1860=DIRECTION('center_axis',(-0.766044443118977,0.642787609686541,-3.23544799300053E-16));
#1861=DIRECTION('ref_axis',(-0.64278760968654,-0.766044443118977,0.));
#1862=DIRECTION('',(0.,0.,-1.));
#1863=DIRECTION('center_axis',(-0.766044443118977,0.642787609686541,-3.23544799300053E-16));
#1864=DIRECTION('ref_axis',(-0.64278760968654,-0.766044443118977,0.));
#1865=DIRECTION('center_axis',(-0.766044443118977,0.642787609686541,-3.23544799300053E-16));
#1866=DIRECTION('ref_axis',(-0.64278760968654,-0.766044443118977,0.));
#1867=DIRECTION('',(0.,0.,-1.));
#1868=DIRECTION('center_axis',(-0.766044443118977,0.642787609686541,-3.23544799300053E-16));
#1869=DIRECTION('ref_axis',(-0.64278760968654,-0.766044443118977,0.));
#1870=DIRECTION('center_axis',(-0.766044443118977,0.642787609686541,-3.23544799300053E-16));
#1871=DIRECTION('ref_axis',(-0.642787609686541,-0.766044443118977,0.));
#1872=DIRECTION('',(0.,8.88178419700125E-16,1.));
#1873=DIRECTION('center_axis',(-0.766044443118977,0.642787609686541,-3.23544799300053E-16));
#1874=DIRECTION('ref_axis',(-0.642787609686541,-0.766044443118977,0.));
#1875=DIRECTION('center_axis',(-0.64278760968654,-0.766044443118977,0.));
#1876=DIRECTION('ref_axis',(0.,0.,1.));
#1877=DIRECTION('',(0.766044443118976,-0.642787609686541,1.8503717077086E-16));
#1878=DIRECTION('',(-0.766044443118977,0.64278760968654,1.8503717077086E-16));
#1879=DIRECTION('center_axis',(0.,0.,-1.));
#1880=DIRECTION('ref_axis',(-1.,0.,0.));
#1881=DIRECTION('center_axis',(-2.21479213186678E-16,1.85843126098376E-16,
-1.));
#1882=DIRECTION('ref_axis',(-1.,0.,2.21479213186678E-16));
#1883=DIRECTION('center_axis',(-0.642787609686541,-0.766044443118977,-1.22196701785516E-15));
#1884=DIRECTION('ref_axis',(-1.90104320531484E-15,0.,1.));
#1885=DIRECTION('',(-0.766044443118977,0.64278760968654,0.));
#1886=DIRECTION('',(-0.766044443118977,0.64278760968654,0.));
#1887=DIRECTION('center_axis',(0.,0.,-1.));
#1888=DIRECTION('ref_axis',(-1.,0.,0.));
#1889=DIRECTION('',(-0.766044443118976,0.642787609686541,0.));
#1890=DIRECTION('',(-0.766044443118976,0.642787609686542,0.));
#1891=DIRECTION('center_axis',(0.642787609686541,0.766044443118977,0.));
#1892=DIRECTION('ref_axis',(0.,0.,-1.));
#1893=DIRECTION('',(-0.766044443118976,0.642787609686542,1.85037170770859E-16));
#1894=DIRECTION('center_axis',(-0.642787609686541,-0.766044443118977,0.));
#1895=DIRECTION('ref_axis',(0.,0.,1.));
#1896=DIRECTION('',(-0.766044443118977,0.64278760968654,1.85037170770859E-16));
#1897=DIRECTION('',(-0.766044443118977,0.64278760968654,0.));
#1898=DIRECTION('center_axis',(-0.766044443118977,0.64278760968654,-1.0842021724855E-16));
#1899=DIRECTION('ref_axis',(-0.64278760968654,-0.766044443118977,0.));
#1900=DIRECTION('center_axis',(0.766044443118977,-0.64278760968654,-2.89120579329468E-16));
#1901=DIRECTION('ref_axis',(0.64278760968654,0.766044443118977,0.));
#1902=DIRECTION('center_axis',(-0.766044443118977,0.642787609686541,0.));
#1903=DIRECTION('ref_axis',(-0.642787609686541,-0.766044443118977,0.));
#1904=DIRECTION('',(-0.766044443118977,0.642787609686541,0.));
#1905=DIRECTION('center_axis',(0.766044443118977,-0.642787609686541,0.));
#1906=DIRECTION('ref_axis',(0.642787609686541,0.766044443118977,0.));
#1907=DIRECTION('center_axis',(0.766044443118977,-0.642787609686541,0.));
#1908=DIRECTION('ref_axis',(0.642787609686541,0.766044443118977,0.));
#1909=DIRECTION('center_axis',(-0.766044443118977,0.642787609686541,2.89120579329468E-16));
#1910=DIRECTION('ref_axis',(-0.642787609686541,-0.766044443118977,0.));
#1911=DIRECTION('center_axis',(-0.766044443118977,0.642787609686541,2.89120579329468E-16));
#1912=DIRECTION('ref_axis',(-0.642787609686541,-0.766044443118977,0.));
#1913=DIRECTION('center_axis',(-2.21479213186678E-16,1.85843126098376E-16,
-1.));
#1914=DIRECTION('ref_axis',(-1.,0.,2.51371250858526E-16));
#1915=DIRECTION('center_axis',(0.,0.,-1.));
#1916=DIRECTION('ref_axis',(-1.,0.,0.));
#1917=DIRECTION('',(1.,-3.38381705686154E-11,0.));
#1918=DIRECTION('',(5.25483944363737E-16,-1.,0.));
#1919=DIRECTION('',(1.,0.,0.));
#1920=DIRECTION('',(0.,-1.,0.));
#1921=DIRECTION('center_axis',(0.,0.,1.));
#1922=DIRECTION('ref_axis',(1.,0.,0.));
#1923=DIRECTION('',(0.,-1.,0.));
#1924=DIRECTION('center_axis',(0.,0.,1.));
#1925=DIRECTION('ref_axis',(1.,0.,0.));
#1926=DIRECTION('',(0.,1.,0.));
#1927=DIRECTION('center_axis',(0.,0.,1.));
#1928=DIRECTION('ref_axis',(1.,0.,0.));
#1929=DIRECTION('center_axis',(0.,0.,1.));
#1930=DIRECTION('ref_axis',(1.,0.,0.));
#1931=DIRECTION('center_axis',(0.,0.,1.));
#1932=DIRECTION('ref_axis',(1.,0.,0.));
#1933=DIRECTION('center_axis',(0.,0.,1.));
#1934=DIRECTION('ref_axis',(1.,0.,0.));
#1935=DIRECTION('center_axis',(0.,0.,1.));
#1936=DIRECTION('ref_axis',(1.,0.,0.));
#1937=DIRECTION('center_axis',(0.,0.,-1.));
#1938=DIRECTION('ref_axis',(-1.,0.,0.));
#1939=DIRECTION('center_axis',(0.,0.,1.));
#1940=DIRECTION('ref_axis',(1.,0.,0.));
#1941=DIRECTION('',(0.,0.,-1.));
#1942=DIRECTION('center_axis',(0.,0.,1.));
#1943=DIRECTION('ref_axis',(1.,0.,0.));
#1944=DIRECTION('center_axis',(0.,0.,-1.));
#1945=DIRECTION('ref_axis',(-1.,0.,0.));
#1946=DIRECTION('',(0.,0.,-1.));
#1947=DIRECTION('center_axis',(0.,0.,1.));
#1948=DIRECTION('ref_axis',(1.,0.,0.));
#1949=DIRECTION('center_axis',(0.,0.,-1.));
#1950=DIRECTION('ref_axis',(-1.,0.,0.));
#1951=DIRECTION('center_axis',(0.,0.,1.));
#1952=DIRECTION('ref_axis',(1.,0.,0.));
#1953=DIRECTION('',(0.,0.,-1.));
#1954=DIRECTION('center_axis',(0.,0.,1.));
#1955=DIRECTION('ref_axis',(1.,0.,0.));
#1956=DIRECTION('center_axis',(0.,0.,-1.));
#1957=DIRECTION('ref_axis',(-1.,0.,0.));
#1958=DIRECTION('',(0.,0.,-1.));
#1959=DIRECTION('center_axis',(0.,0.,1.));
#1960=DIRECTION('ref_axis',(1.,0.,0.));
#1961=DIRECTION('center_axis',(0.,0.,-1.));
#1962=DIRECTION('ref_axis',(-1.,0.,0.));
#1963=DIRECTION('',(0.,0.,-1.));
#1964=DIRECTION('center_axis',(0.,0.,1.));
#1965=DIRECTION('ref_axis',(1.,0.,0.));
#1966=DIRECTION('center_axis',(0.,0.,-1.));
#1967=DIRECTION('ref_axis',(-1.,0.,0.));
#1968=DIRECTION('center_axis',(0.,0.,1.));
#1969=DIRECTION('ref_axis',(1.,0.,0.));
#1970=DIRECTION('',(0.,0.,-1.));
#1971=DIRECTION('center_axis',(0.,0.,1.));
#1972=DIRECTION('ref_axis',(1.,0.,0.));
#1973=DIRECTION('center_axis',(0.,0.,1.));
#1974=DIRECTION('ref_axis',(1.,0.,0.));
#1975=DIRECTION('center_axis',(0.,0.,1.));
#1976=DIRECTION('ref_axis',(1.,0.,0.));
#1977=DIRECTION('center_axis',(5.39114320697846E-29,-2.2198446206217E-15,
1.));
#1978=DIRECTION('ref_axis',(0.,-1.,-2.2198446206217E-15));
#1979=DIRECTION('center_axis',(-1.,0.,0.));
#1980=DIRECTION('ref_axis',(0.,0.,1.));
#1981=DIRECTION('',(0.,0.,-1.));
#1982=DIRECTION('',(0.,1.,0.));
#1983=DIRECTION('',(0.,2.20224977120026E-15,-1.));
#1984=DIRECTION('',(0.,-1.,0.));
#1985=DIRECTION('center_axis',(0.,2.21984462053601E-15,1.));
#1986=DIRECTION('ref_axis',(0.,-1.,2.21984462053601E-15));
#1987=DIRECTION('center_axis',(0.,0.,1.));
#1988=DIRECTION('ref_axis',(1.,0.,0.));
#1989=DIRECTION('center_axis',(0.,1.,0.));
#1990=DIRECTION('ref_axis',(-1.,0.,0.));
#1991=DIRECTION('center_axis',(0.,0.,1.));
#1992=DIRECTION('ref_axis',(1.,0.,0.));
#1993=DIRECTION('center_axis',(0.,0.,1.));
#1994=DIRECTION('ref_axis',(1.,0.,0.));
#1995=DIRECTION('center_axis',(0.,1.,0.));
#1996=DIRECTION('ref_axis',(0.,0.,1.));
#1997=DIRECTION('',(0.,1.,0.));
#1998=DIRECTION('center_axis',(0.,1.,0.));
#1999=DIRECTION('ref_axis',(0.,0.,1.));
#2000=DIRECTION('',(0.,1.,0.));
#2001=DIRECTION('center_axis',(2.31296463463574E-16,-1.,0.));
#2002=DIRECTION('ref_axis',(1.,2.31296463463574E-16,0.));
#2003=DIRECTION('center_axis',(0.,-1.,0.));
#2004=DIRECTION('ref_axis',(0.,0.,-1.));
#2005=DIRECTION('',(0.,-1.,0.));
#2006=DIRECTION('',(0.,-1.,0.));
#2007=DIRECTION('center_axis',(0.,0.,1.));
#2008=DIRECTION('ref_axis',(1.,0.,0.));
#2009=DIRECTION('center_axis',(0.,0.,1.));
#2010=DIRECTION('ref_axis',(1.,0.,0.));
#2011=DIRECTION('center_axis',(0.,0.,1.));
#2012=DIRECTION('ref_axis',(1.,0.,0.));
#2013=DIRECTION('center_axis',(1.73472347597662E-15,1.38507927614879E-15,
1.));
#2014=DIRECTION('ref_axis',(1.,0.,-1.73472347597662E-15));
#2015=DIRECTION('center_axis',(0.,0.,1.));
#2016=DIRECTION('ref_axis',(1.,0.,0.));
#2017=DIRECTION('',(-5.25599712186618E-16,1.,0.));
#2018=DIRECTION('',(0.,1.,0.));
#2019=DIRECTION('center_axis',(0.,0.,1.));
#2020=DIRECTION('ref_axis',(1.,0.,0.));
#2021=DIRECTION('',(0.,-1.,0.));
#2022=DIRECTION('',(0.,1.,0.));
#2023=DIRECTION('center_axis',(0.,-1.10992231022504E-14,1.));
#2024=DIRECTION('ref_axis',(0.,-1.,-1.10992231022504E-14));
#2025=DIRECTION('center_axis',(0.,-1.,0.));
#2026=DIRECTION('ref_axis',(0.,0.,-1.));
#2027=DIRECTION('',(0.,-1.,0.));
#2028=DIRECTION('center_axis',(0.,0.,1.));
#2029=DIRECTION('ref_axis',(1.,0.,0.));
#2030=DIRECTION('center_axis',(-1.22464679914735E-16,1.,0.));
#2031=DIRECTION('ref_axis',(-1.,-1.22464679914735E-16,0.));
#2032=DIRECTION('center_axis',(0.,0.,1.));
#2033=DIRECTION('ref_axis',(1.,0.,0.));
#2034=DIRECTION('center_axis',(0.,0.,1.));
#2035=DIRECTION('ref_axis',(1.,0.,0.));
#2036=DIRECTION('center_axis',(2.31296463463574E-16,-1.,0.));
#2037=DIRECTION('ref_axis',(1.,2.31296463463574E-16,0.));
#2038=DIRECTION('center_axis',(-2.31296463463574E-16,1.,0.));
#2039=DIRECTION('ref_axis',(-1.,-2.31296463463574E-16,0.));
#2040=DIRECTION('',(0.,-1.,0.));
#2041=DIRECTION('center_axis',(0.,1.,0.));
#2042=DIRECTION('ref_axis',(0.,0.,1.));
#2043=DIRECTION('',(0.,1.,0.));
#2044=DIRECTION('center_axis',(0.,-1.,0.));
#2045=DIRECTION('ref_axis',(0.,0.,-1.));
#2046=DIRECTION('center_axis',(0.,0.,1.));
#2047=DIRECTION('ref_axis',(1.,0.,0.));
#2048=DIRECTION('center_axis',(0.,0.,1.));
#2049=DIRECTION('ref_axis',(1.,0.,0.));
#2050=DIRECTION('center_axis',(0.,0.,1.));
#2051=DIRECTION('ref_axis',(1.,0.,0.));
#2052=DIRECTION('center_axis',(0.,0.,1.));
#2053=DIRECTION('ref_axis',(1.,0.,0.));
#2054=DIRECTION('',(0.,1.,0.));
#2055=DIRECTION('center_axis',(0.,0.,1.));
#2056=DIRECTION('ref_axis',(1.,0.,0.));
#2057=DIRECTION('',(0.,-1.,0.));
#2058=DIRECTION('center_axis',(3.81335498376951E-26,2.25387512072323E-15,
-1.));
#2059=DIRECTION('ref_axis',(0.,1.,2.25387512072323E-15));
#2060=DIRECTION('',(0.,2.33249265305379E-15,-1.));
#2061=DIRECTION('',(0.,2.17699314285022E-15,-1.));
#2062=DIRECTION('center_axis',(2.8449465006018E-13,2.22713312069724E-13,
1.));
#2063=DIRECTION('ref_axis',(1.,0.,-2.8449465006018E-13));
#2064=DIRECTION('center_axis',(0.,-1.,0.));
#2065=DIRECTION('ref_axis',(0.,0.,-1.));
#2066=DIRECTION('center_axis',(0.,0.,-1.));
#2067=DIRECTION('ref_axis',(-1.,0.,0.));
#2068=DIRECTION('',(0.,0.,1.));
#2069=DIRECTION('',(0.,0.,-1.));
#2070=DIRECTION('center_axis',(0.,0.,1.));
#2071=DIRECTION('ref_axis',(1.,0.,0.));
#2072=DIRECTION('center_axis',(0.,0.,-1.));
#2073=DIRECTION('ref_axis',(-1.,0.,0.));
#2074=DIRECTION('',(0.,0.,-1.));
#2075=DIRECTION('center_axis',(-1.,0.,0.));
#2076=DIRECTION('ref_axis',(0.,0.,1.));
#2077=DIRECTION('',(0.,0.,-1.));
#2078=DIRECTION('',(0.,0.,-1.));
#2079=DIRECTION('center_axis',(1.,2.31296463463574E-16,0.));
#2080=DIRECTION('ref_axis',(0.,0.,-1.));
#2081=DIRECTION('',(0.,0.,-1.));
#2082=DIRECTION('center_axis',(0.,0.,-1.));
#2083=DIRECTION('ref_axis',(-1.,0.,0.));
#2084=DIRECTION('center_axis',(0.,0.,-1.));
#2085=DIRECTION('ref_axis',(-1.,0.,0.));
#2086=DIRECTION('',(0.,0.,-1.));
#2087=DIRECTION('center_axis',(-1.52655665885939E-13,-1.21886976301091E-13,
1.));
#2088=DIRECTION('ref_axis',(1.,0.,1.52655665885939E-13));
#2089=DIRECTION('center_axis',(-4.62592926927149E-16,1.,0.));
#2090=DIRECTION('ref_axis',(-1.,-4.62592926927149E-16,0.));
#2091=DIRECTION('',(-5.25366950455985E-16,1.,0.));
#2092=DIRECTION('center_axis',(3.81335498376951E-26,2.25387512072323E-15,
-1.));
#2093=DIRECTION('ref_axis',(0.,1.,2.25387512072323E-15));
#2094=DIRECTION('',(0.,-2.17699314302729E-15,1.));
#2095=DIRECTION('',(0.,2.33249265324352E-15,-1.));
#2096=DIRECTION('center_axis',(0.,-4.43968924090019E-15,1.));
#2097=DIRECTION('ref_axis',(0.,-1.,-4.43968924090019E-15));
#2098=DIRECTION('center_axis',(0.,0.,-1.));
#2099=DIRECTION('ref_axis',(-1.,0.,0.));
#2100=DIRECTION('',(0.,0.,-1.));
#2101=DIRECTION('center_axis',(1.,2.31296463463574E-16,0.));
#2102=DIRECTION('ref_axis',(0.,0.,-1.));
#2103=DIRECTION('',(0.,0.,-1.));
#2104=DIRECTION('center_axis',(-1.,0.,0.));
#2105=DIRECTION('ref_axis',(0.,0.,1.));
#2106=DIRECTION('',(0.,0.,-1.));
#2107=DIRECTION('center_axis',(0.,0.,-1.));
#2108=DIRECTION('ref_axis',(-1.,0.,0.));
#2109=DIRECTION('center_axis',(0.573576436351048,0.,0.81915204428899));
#2110=DIRECTION('ref_axis',(0.81915204428899,0.,-0.573576436351048));
#2111=DIRECTION('',(0.819152044288992,0.,-0.573576436351046));
#2112=DIRECTION('',(0.,-1.,0.));
#2113=DIRECTION('',(-0.819152044288992,0.,0.573576436351046));
#2114=DIRECTION('center_axis',(0.,0.,-1.));
#2115=DIRECTION('ref_axis',(-1.,0.,0.));
#2116=DIRECTION('',(0.81915204428899,0.,0.573576436351049));
#2117=DIRECTION('center_axis',(0.,0.,1.));
#2118=DIRECTION('ref_axis',(1.,0.,0.));
#2119=DIRECTION('center_axis',(-0.573576436351048,0.,0.81915204428899));
#2120=DIRECTION('ref_axis',(0.81915204428899,0.,0.573576436351048));
#2121=DIRECTION('',(0.,1.,0.));
#2122=DIRECTION('',(-0.81915204428899,0.,-0.573576436351049));
#2123=DIRECTION('center_axis',(0.,0.,-1.));
#2124=DIRECTION('ref_axis',(-1.,0.,0.));
#2125=DIRECTION('center_axis',(0.,0.,1.));
#2126=DIRECTION('ref_axis',(1.,0.,0.));
#2127=DIRECTION('center_axis',(0.,0.,1.));
#2128=DIRECTION('ref_axis',(-0.943785374499957,-0.330558870520784,0.));
#2129=DIRECTION('center_axis',(0.,0.917695104009855,0.397285408838963));
#2130=DIRECTION('ref_axis',(0.,-0.397285408838963,0.917695104009855));
#2131=DIRECTION('center_axis',(0.754423089727746,0.602364469959983,0.26077355505394));
#2132=DIRECTION('ref_axis',(-0.623953254844715,0.781461666218303,0.));
#2133=DIRECTION('center_axis',(0.,0.,1.));
#2134=DIRECTION('ref_axis',(-0.943785375113155,0.330558868770028,0.));
#2135=DIRECTION('center_axis',(-0.754423089766072,0.602364469930772,-0.260773555010537));
#2136=DIRECTION('ref_axis',(-0.623953254806879,-0.781461666248513,0.));
#2137=DIRECTION('center_axis',(-1.19803311865612E-13,-0.917695104020814,
0.397285408813649));
#2138=DIRECTION('ref_axis',(0.,-0.397285408813649,-0.917695104020814));
#2139=DIRECTION('center_axis',(0.,0.917695104020863,-0.397285408813535));
#2140=DIRECTION('ref_axis',(0.,0.397285408813535,0.917695104020863));
#2141=DIRECTION('center_axis',(2.86088891092931E-14,0.972039238075304,-0.234818482326205));
#2142=DIRECTION('ref_axis',(0.,0.234818482326205,0.972039238075304));
#2143=DIRECTION('center_axis',(-1.62938053553824E-15,-0.972039238075297,
0.234818482326232));
#2144=DIRECTION('ref_axis',(0.,-0.234818482326232,-0.972039238075297));
#2145=DIRECTION('center_axis',(0.,0.,1.));
#2146=DIRECTION('ref_axis',(1.,0.,0.));
#2147=DIRECTION('center_axis',(0.754423089766073,0.602364469930771,-0.260773555010535));
#2148=DIRECTION('ref_axis',(-0.623953254806878,0.781461666248514,0.));
#2149=DIRECTION('',(0.,0.,-1.));
#2150=DIRECTION('center_axis',(-1.,-4.62592926927149E-16,0.));
#2151=DIRECTION('ref_axis',(0.,0.,1.));
#2152=DIRECTION('',(0.,2.20224977120026E-15,-1.));
#2153=DIRECTION('',(5.25366950455984E-16,-1.,0.));
#2154=DIRECTION('center_axis',(0.,0.,1.));
#2155=DIRECTION('ref_axis',(1.,0.,0.));
#2156=DIRECTION('center_axis',(-0.754423089804396,0.602364469901561,0.260773554967138));
#2157=DIRECTION('ref_axis',(-0.623953254769045,-0.781461666278721,0.));
#2158=DIRECTION('center_axis',(0.,-0.917695104031798,-0.397285408788277));
#2159=DIRECTION('ref_axis',(0.,0.397285408788277,-0.917695104031798));
#2160=DIRECTION('center_axis',(-3.12631663024639E-16,0.972039238075226,
0.234818482326529));
#2161=DIRECTION('ref_axis',(0.,-0.234818482326529,0.972039238075226));
#2162=DIRECTION('center_axis',(0.,-0.972039238069444,-0.234818482350462));
#2163=DIRECTION('ref_axis',(0.,0.234818482350462,-0.972039238069444));
#2164=DIRECTION('center_axis',(-1.,0.,0.));
#2165=DIRECTION('ref_axis',(0.,0.,1.));
#2166=DIRECTION('',(0.,0.,-1.));
#2167=DIRECTION('',(0.,0.,-1.));
#2168=DIRECTION('center_axis',(0.,0.,-1.));
#2169=DIRECTION('ref_axis',(-1.,0.,0.));
#2170=DIRECTION('',(0.,0.,-1.));
#2171=DIRECTION('center_axis',(1.,0.,0.));
#2172=DIRECTION('ref_axis',(0.,0.,-1.));
#2173=DIRECTION('',(0.,0.,-1.));
#2174=DIRECTION('center_axis',(0.,0.,-1.));
#2175=DIRECTION('ref_axis',(-1.,0.,0.));
#2176=DIRECTION('center_axis',(-0.0150111677180034,0.999887325170544,-4.2509257956295E-5));
#2177=DIRECTION('ref_axis',(4.88153676045713E-5,4.3246906377886E-5,0.999999997873383));
#2178=DIRECTION('center_axis',(0.,1.,0.));
#2179=DIRECTION('ref_axis',(0.,0.,1.));
#2180=DIRECTION('center_axis',(0.0150111092122732,0.999887326043175,4.26432615276797E-5));
#2181=DIRECTION('ref_axis',(4.87877634200197E-5,-4.33805077344435E-5,0.999999997868943));
#2182=DIRECTION('center_axis',(0.0150111151390531,-0.99988732595441,-4.26382532416E-5));
#2183=DIRECTION('ref_axis',(-4.88143247468295E-5,-4.33758979267582E-5,0.999999997867847));
#2184=DIRECTION('center_axis',(4.62592926927149E-16,-1.,0.));
#2185=DIRECTION('ref_axis',(1.,4.62592926927149E-16,0.));
#2186=DIRECTION('center_axis',(-0.0150110566320741,-0.999887326827039,4.27722618848981E-5));
#2187=DIRECTION('ref_axis',(-4.87865881881896E-5,4.35095023810373E-5,0.999999997863396));
#2188=CARTESIAN_POINT('',(0.,0.,0.));
#2189=CARTESIAN_POINT('Origin',(-117.928282570926,-25.6757405657479,11.));
#2190=CARTESIAN_POINT('',(-112.004743861764,-18.6163420282331,11.));
#2191=CARTESIAN_POINT('',(-111.426897926098,-17.9276920584381,11.));
#2192=CARTESIAN_POINT('',(-112.004743861764,-18.6163420282331,11.));
#2193=CARTESIAN_POINT('',(-116.023164584812,-14.0709664003189,11.));
#2194=CARTESIAN_POINT('Origin',(-100.3,-1.85843126098377E-17,11.));
#2195=CARTESIAN_POINT('',(-116.601010520478,-14.7596163701139,11.));
#2196=CARTESIAN_POINT('',(-116.601010520478,-14.7596163701139,11.));
#2197=CARTESIAN_POINT('',(-112.004743861764,-18.6163420282331,11.));
#2198=CARTESIAN_POINT('Origin',(-117.928282570926,-25.6757405657479,11.));
#2199=CARTESIAN_POINT('',(-115.999919741866,-23.377607236391,11.));
#2200=CARTESIAN_POINT('',(-114.714344522493,-21.845518350153,11.));
#2201=CARTESIAN_POINT('',(-115.999919741866,-23.377607236391,11.));
#2202=CARTESIAN_POINT('',(-119.310611181207,-17.9887926920338,11.));
#2203=CARTESIAN_POINT('',(-114.714344522493,-21.845518350153,11.));
#2204=CARTESIAN_POINT('',(-120.59618640058,-19.5208815782717,11.));
#2205=CARTESIAN_POINT('',(-120.59618640058,-19.5208815782717,11.));
#2206=CARTESIAN_POINT('',(-115.999919741866,-23.377607236391,11.));
#2207=CARTESIAN_POINT('Origin',(-122.52454922964,-21.8190149076287,11.));
#2208=CARTESIAN_POINT('',(-115.958222910791,-13.9935719269949,10.9));
#2209=CARTESIAN_POINT('Ctrl Pts',(-116.023164584812,-14.0709664003189,11.));
#2210=CARTESIAN_POINT('Ctrl Pts',(-116.015123962379,-14.0613839596468,11.));
#2211=CARTESIAN_POINT('Ctrl Pts',(-116.00565791567,-14.0501027644738,10.9970927201709));
#2212=CARTESIAN_POINT('Ctrl Pts',(-115.990826188508,-14.0324270003449,10.9875922368228));
#2213=CARTESIAN_POINT('Ctrl Pts',(-115.982826008201,-14.0228927567225,10.9793400588658));
#2214=CARTESIAN_POINT('Ctrl Pts',(-115.971514063352,-14.0094117058094,10.9618514710485));
#2215=CARTESIAN_POINT('Ctrl Pts',(-115.96618642565,-14.0030624744381,10.9495429164497));
#2216=CARTESIAN_POINT('Ctrl Pts',(-115.960087602574,-13.9957941801261,10.9267740101751));
#2217=CARTESIAN_POINT('Ctrl Pts',(-115.958222910791,-13.9935719269949,10.9123008521505));
#2218=CARTESIAN_POINT('Ctrl Pts',(-115.958222910791,-13.9935719269949,10.9));
#2219=CARTESIAN_POINT('',(-115.958222910791,-13.9935719269949,0.));
#2220=CARTESIAN_POINT('',(-115.958222910791,-13.9935719269949,10.9));
#2221=CARTESIAN_POINT('',(-120.59618640058,-19.5208815782717,0.));
#2222=CARTESIAN_POINT('',(-120.59618640058,-19.5208815782717,0.));
#2223=CARTESIAN_POINT('',(-122.52454922964,-21.8190149076287,3.));
#2224=CARTESIAN_POINT('Origin',(-120.59618640058,-19.5208815782717,3.));
#2225=CARTESIAN_POINT('',(-122.52454922964,-21.8190149076287,8.));
#2226=CARTESIAN_POINT('',(-122.52454922964,-21.8190149076287,8.));
#2227=CARTESIAN_POINT('Origin',(-120.59618640058,-19.5208815782717,8.));
#2228=CARTESIAN_POINT('',(-118.66782357152,-17.2227482489148,10.));
#2229=CARTESIAN_POINT('Origin',(-119.310611181207,-17.9887926920338,10.));
#2230=CARTESIAN_POINT('',(-118.66782357152,-17.2227482489148,9.));
#2231=CARTESIAN_POINT('',(-118.66782357152,-17.2227482489148,9.));
#2232=CARTESIAN_POINT('',(-119.310611181207,-17.9887926920338,8.));
#2233=CARTESIAN_POINT('Origin',(-119.310611181207,-17.9887926920338,9.));
#2234=CARTESIAN_POINT('',(-119.953398790894,-18.7548371351528,7.));
#2235=CARTESIAN_POINT('Origin',(-119.310611181207,-17.9887926920338,7.));
#2236=CARTESIAN_POINT('',(-119.953398790894,-18.7548371351528,5.));
#2237=CARTESIAN_POINT('',(-119.953398790894,-18.7548371351528,5.));
#2238=CARTESIAN_POINT('',(-119.310611181207,-17.9887926920338,4.));
#2239=CARTESIAN_POINT('Origin',(-119.310611181207,-17.9887926920338,5.));
#2240=CARTESIAN_POINT('',(-117.243798130164,-15.5256608132328,4.));
#2241=CARTESIAN_POINT('',(-117.243798130164,-15.5256608132328,4.));
#2242=CARTESIAN_POINT('',(-117.243798130164,-15.5256608132328,10.));
#2243=CARTESIAN_POINT('',(-117.243798130164,-15.5256608132328,10.));
#2244=CARTESIAN_POINT('Origin',(-116.601010520478,-14.7596163701139,10.));
#2245=CARTESIAN_POINT('Origin',(-122.52454922964,-21.8190149076287,0.));
#2246=CARTESIAN_POINT('',(-115.999919741866,-23.377607236391,6.50521303491303E-16));
#2247=CARTESIAN_POINT('',(-111.361956252077,-17.8502975851141,0.));
#2248=CARTESIAN_POINT('',(-115.999919741866,-23.377607236391,6.50521303491303E-16));
#2249=CARTESIAN_POINT('',(-120.59618640058,-19.5208815782717,-1.92592994438724E-31));
#2250=CARTESIAN_POINT('Origin',(-100.3,0.,0.));
#2251=CARTESIAN_POINT('Origin',(-117.928282570926,-25.6757405657479,11.));
#2252=CARTESIAN_POINT('',(-111.361956252077,-17.8502975851141,10.9));
#2253=CARTESIAN_POINT('',(-111.361956252077,-17.8502975851141,10.9));
#2254=CARTESIAN_POINT('Ctrl Pts',(-111.361956252077,-17.8502975851141,10.9));
#2255=CARTESIAN_POINT('Ctrl Pts',(-111.361956252077,-17.8502975851141,10.9123008521505));
#2256=CARTESIAN_POINT('Ctrl Pts',(-111.36382094386,-17.8525198382453,10.9267740101751));
#2257=CARTESIAN_POINT('Ctrl Pts',(-111.369919766936,-17.8597881325573,10.9495429164497));
#2258=CARTESIAN_POINT('Ctrl Pts',(-111.375247404638,-17.8661373639286,10.9618514710485));
#2259=CARTESIAN_POINT('Ctrl Pts',(-111.386559349487,-17.8796184148418,10.9793400588658));
#2260=CARTESIAN_POINT('Ctrl Pts',(-111.394559529794,-17.8891526584641,10.9875922368228));
#2261=CARTESIAN_POINT('Ctrl Pts',(-111.409391256956,-17.9068284225931,10.9970927201709));
#2262=CARTESIAN_POINT('Ctrl Pts',(-111.418857303665,-17.9181096177661,11.));
#2263=CARTESIAN_POINT('Ctrl Pts',(-111.426897926098,-17.9276920584381,11.));
#2264=CARTESIAN_POINT('',(-112.64753147145,-19.3823864713521,10.));
#2265=CARTESIAN_POINT('Origin',(-112.004743861764,-18.6163420282331,10.));
#2266=CARTESIAN_POINT('',(-112.64753147145,-19.3823864713521,4.));
#2267=CARTESIAN_POINT('',(-112.64753147145,-19.3823864713521,4.));
#2268=CARTESIAN_POINT('',(-114.714344522493,-21.845518350153,4.));
#2269=CARTESIAN_POINT('',(-114.714344522493,-21.845518350153,4.));
#2270=CARTESIAN_POINT('',(-115.35713213218,-22.611562793272,5.));
#2271=CARTESIAN_POINT('Origin',(-114.714344522493,-21.845518350153,5.));
#2272=CARTESIAN_POINT('',(-115.35713213218,-22.611562793272,7.));
#2273=CARTESIAN_POINT('',(-115.35713213218,-22.611562793272,7.));
#2274=CARTESIAN_POINT('',(-114.714344522493,-21.845518350153,8.));
#2275=CARTESIAN_POINT('Origin',(-114.714344522493,-21.845518350153,7.));
#2276=CARTESIAN_POINT('',(-114.071556912807,-21.0794739070341,9.));
#2277=CARTESIAN_POINT('Origin',(-114.714344522493,-21.845518350153,9.));
#2278=CARTESIAN_POINT('',(-114.071556912807,-21.0794739070341,10.));
#2279=CARTESIAN_POINT('',(-114.071556912807,-21.0794739070341,10.));
#2280=CARTESIAN_POINT('Origin',(-114.714344522493,-21.845518350153,10.));
#2281=CARTESIAN_POINT('',(-117.928282570926,-25.6757405657479,8.));
#2282=CARTESIAN_POINT('Origin',(-115.999919741866,-23.377607236391,8.));
#2283=CARTESIAN_POINT('',(-117.928282570926,-25.6757405657479,3.));
#2284=CARTESIAN_POINT('',(-117.928282570926,-25.6757405657479,3.));
#2285=CARTESIAN_POINT('Origin',(-115.999919741866,-23.377607236391,3.));
#2286=CARTESIAN_POINT('Origin',(-120.226415900283,-23.7473777366883,0.));
#2287=CARTESIAN_POINT('',(-122.52454922964,-21.8190149076287,3.));
#2288=CARTESIAN_POINT('',(-117.928282570926,-25.6757405657479,8.));
#2289=CARTESIAN_POINT('Origin',(-100.3,0.,5.));
#2290=CARTESIAN_POINT('Origin',(-100.3,0.,10.9));
#2291=CARTESIAN_POINT('Origin',(-89.513915570711,-44.296596278435,4.));
#2292=CARTESIAN_POINT('',(-115.35713213218,-22.611562793272,7.));
#2293=CARTESIAN_POINT('',(-115.35713213218,-22.611562793272,5.));
#2294=CARTESIAN_POINT('Origin',(-86.8043149099816,-41.0674199565151,4.));
#2295=CARTESIAN_POINT('',(-114.714344522493,-21.845518350153,4.));
#2296=CARTESIAN_POINT('',(-112.64753147145,-19.3823864713521,4.));
#2297=CARTESIAN_POINT('Origin',(-86.8043149099816,-41.0674199565151,4.));
#2298=CARTESIAN_POINT('',(-112.64753147145,-19.3823864713521,10.));
#2299=CARTESIAN_POINT('Origin',(-88.2283403513379,-42.7645073921971,8.));
#2300=CARTESIAN_POINT('',(-114.071556912807,-21.0794739070341,10.));
#2301=CARTESIAN_POINT('',(-114.071556912807,-21.0794739070341,9.));
#2302=CARTESIAN_POINT('Origin',(-118.298053071223,-21.4492444073314,3.));
#2303=CARTESIAN_POINT('Origin',(-118.298053071223,-21.4492444073314,8.));
#2304=CARTESIAN_POINT('Origin',(-88.8711279610244,-43.530551835316,9.));
#2305=CARTESIAN_POINT('',(-114.714344522493,-21.845518350153,8.));
#2306=CARTESIAN_POINT('Origin',(-88.8711279610244,-43.530551835316,7.));
#2307=CARTESIAN_POINT('Origin',(-88.8711279610244,-43.530551835316,5.));
#2308=CARTESIAN_POINT('Origin',(-114.714344522493,-21.845518350153,10.));
#2309=CARTESIAN_POINT('Origin',(-86.161527300295,-40.3013755133961,9.99999999999999));
#2310=CARTESIAN_POINT('Origin',(-100.3,0.,10.9));
#2311=CARTESIAN_POINT('Ctrl Pts',(-119.238178167009,4.8257945451244,13.7306695410445));
#2312=CARTESIAN_POINT('Ctrl Pts',(-118.798688388271,4.70843505673087,13.6912941825122));
#2313=CARTESIAN_POINT('Ctrl Pts',(-118.75877788522,4.84279646456906,13.2567494807602));
#2314=CARTESIAN_POINT('Ctrl Pts',(-119.317886467565,4.55886933746521,13.6408547217136));
#2315=CARTESIAN_POINT('Ctrl Pts',(-118.87424047493,4.44634018749716,13.603456251177));
#2316=CARTESIAN_POINT('Ctrl Pts',(-118.836208125042,4.58226776444572,13.1665086471172));
#2317=CARTESIAN_POINT('Ctrl Pts',(-119.464316924301,4.02180157344402,13.4622542344462));
#2318=CARTESIAN_POINT('Ctrl Pts',(-119.012461945183,3.91908760489295,13.4288903782763));
#2319=CARTESIAN_POINT('Ctrl Pts',(-118.978453551876,4.05772972191204,12.9869416561703));
#2320=CARTESIAN_POINT('Ctrl Pts',(-119.704003866846,2.943553403931,13.1179923488905));
#2321=CARTESIAN_POINT('Ctrl Pts',(-119.236375088659,2.86138774428052,13.0931490553292));
#2322=CARTESIAN_POINT('Ctrl Pts',(-119.211289971363,3.00172935606479,12.6398569988427));
#2323=CARTESIAN_POINT('Ctrl Pts',(-119.906162455551,1.57889969826334,12.7155665695487));
#2324=CARTESIAN_POINT('Ctrl Pts',(-119.420673126935,1.5263215536538,12.7016537929444));
#2325=CARTESIAN_POINT('Ctrl Pts',(-119.407670186293,1.66337518199835,12.2335707559504));
#2326=CARTESIAN_POINT('Ctrl Pts',(-119.976615794669,0.188285478305291,12.3553595658948));
#2327=CARTESIAN_POINT('Ctrl Pts',(-119.477903082237,0.176064581558647,12.3527983758676));
#2328=CARTESIAN_POINT('Ctrl Pts',(-119.47610908917,0.299578391693865,11.8699264473478));
#2329=CARTESIAN_POINT('Ctrl Pts',(-119.950658240763,-0.940104046307584,
12.0917003999211));
#2330=CARTESIAN_POINT('Ctrl Pts',(-119.44541438299,-0.918858521961675,12.0967489055883));
#2331=CARTESIAN_POINT('Ctrl Pts',(-119.450892779283,-0.806400547557912,
11.6039051837862));
#2332=CARTESIAN_POINT('Ctrl Pts',(-119.867490373178,-2.08144456589275,11.8434239255363));
#2333=CARTESIAN_POINT('Ctrl Pts',(-119.357967523592,-2.02904514101354,11.8545492688622));
#2334=CARTESIAN_POINT('Ctrl Pts',(-119.370101166088,-1.9245834135304,11.3535138648419));
#2335=CARTESIAN_POINT('Ctrl Pts',(-119.65877151836,-3.48714769341436,11.5696180306069));
#2336=CARTESIAN_POINT('Ctrl Pts',(-119.148525023072,-3.39346921174448,11.5871788796297));
#2337=CARTESIAN_POINT('Ctrl Pts',(-119.167346583338,-3.30078535464403,11.0775789993983));
#2338=CARTESIAN_POINT('Ctrl Pts',(-119.243370940846,-5.14408431040373,11.2896069604435));
#2339=CARTESIAN_POINT('Ctrl Pts',(-118.740062093734,-4.99861174466577,11.3130204339333));
#2340=CARTESIAN_POINT('Ctrl Pts',(-118.763817105208,-4.92150817384159,10.7956396022032));
#2341=CARTESIAN_POINT('Ctrl Pts',(-118.758804036296,-6.4963251041537,11.0910714975408));
#2342=CARTESIAN_POINT('Ctrl Pts',(-118.267482325136,-6.30736975113791,11.1179088024353));
#2343=CARTESIAN_POINT('Ctrl Pts',(-118.293098252701,-6.24317165811251,10.5958904466862));
#2344=CARTESIAN_POINT('Ctrl Pts',(-118.283499524908,-7.56199140875233,10.9498825736857));
#2345=CARTESIAN_POINT('Ctrl Pts',(-117.80514599614,-7.33930165876409,10.9785871780444));
#2346=CARTESIAN_POINT('Ctrl Pts',(-117.83137716855,-7.28422809956695,10.4539053650399));
#2347=CARTESIAN_POINT('Ctrl Pts',(-117.758920856295,-8.59515469857002,10.8221986049037));
#2348=CARTESIAN_POINT('Ctrl Pts',(-117.29517935884,-8.34046202825905,10.8521997572772));
#2349=CARTESIAN_POINT('Ctrl Pts',(-117.321790080319,-8.29322789330097,10.3255401089395));
#2350=CARTESIAN_POINT('Ctrl Pts',(-117.011089553952,-9.83006136136453,10.6848031286003));
#2351=CARTESIAN_POINT('Ctrl Pts',(-116.569388711113,-9.53676348664174,10.7157239619369));
#2352=CARTESIAN_POINT('Ctrl Pts',(-116.595330670076,-9.4987574307751,10.1874696784612));
#2353=CARTESIAN_POINT('Ctrl Pts',(-115.970632236778,-11.2184468489557,10.5493169741641));
#2354=CARTESIAN_POINT('Ctrl Pts',(-115.560658607144,-10.8820158099024,10.580441309312));
#2355=CARTESIAN_POINT('Ctrl Pts',(-115.584608154038,-10.8535192312924,10.0513770961233));
#2356=CARTESIAN_POINT('Ctrl Pts',(-114.775447558206,-12.5181217692007,10.4377878068104));
#2357=CARTESIAN_POINT('Ctrl Pts',(-114.402337819004,-12.141861064591,10.4684464929657));
#2358=CARTESIAN_POINT('Ctrl Pts',(-114.423580190872,-12.1212568327673,9.93938911169352));
#2359=CARTESIAN_POINT('Ctrl Pts',(-113.471840256343,-13.6766662997224,10.3498714321915));
#2360=CARTESIAN_POINT('Ctrl Pts',(-113.138997891724,-13.2654381011212,10.3796429585615));
#2361=CARTESIAN_POINT('Ctrl Pts',(-113.157228166928,-13.2509973187335,9.85113690169868));
#2362=CARTESIAN_POINT('Ctrl Pts',(-112.297071039474,-14.5290484234439,10.2920855645808));
#2363=CARTESIAN_POINT('Ctrl Pts',(-112.000187178649,-14.0926127331145,10.320925044252));
#2364=CARTESIAN_POINT('Ctrl Pts',(-112.016032157196,-14.0819933113,9.79314361723431));
#2365=CARTESIAN_POINT('Ctrl Pts',(-111.30478658074,-15.1415149451651,10.2535377556012));
#2366=CARTESIAN_POINT('Ctrl Pts',(-111.038106367718,-14.6871332345449,10.2815988901573));
#2367=CARTESIAN_POINT('Ctrl Pts',(-111.052105733694,-14.6790118812892,9.75446250392759));
#2368=CARTESIAN_POINT('Ctrl Pts',(-110.531212928674,-15.5669648357182,10.2280552140489));
#2369=CARTESIAN_POINT('Ctrl Pts',(-110.288152441535,-15.100115027692,10.2555336397546));
#2370=CARTESIAN_POINT('Ctrl Pts',(-110.300639705265,-15.0936958725474,9.72889398275623));
#2371=CARTESIAN_POINT('Ctrl Pts',(-109.739185277645,-15.9518555636458,10.206050566102));
#2372=CARTESIAN_POINT('Ctrl Pts',(-109.520231604079,-15.4737925066666,10.2329642951135));
#2373=CARTESIAN_POINT('Ctrl Pts',(-109.531247059649,-15.4688190879204,9.70681671572));
#2374=CARTESIAN_POINT('Ctrl Pts',(-108.666276689461,-16.4084593949494,10.1810354151653));
#2375=CARTESIAN_POINT('Ctrl Pts',(-108.480061006538,-15.9170876206318,10.207245372893));
#2376=CARTESIAN_POINT('Ctrl Pts',(-108.48900067629,-15.9138067748372,9.68172061601419));
#2377=CARTESIAN_POINT('Ctrl Pts',(-107.290208558698,-16.8762947648399,10.15694648974));
#2378=CARTESIAN_POINT('Ctrl Pts',(-107.14572380533,-16.3714488091744,10.1823783450925));
#2379=CARTESIAN_POINT('Ctrl Pts',(-107.152258588719,-16.3697000827434,9.65755587449768));
#2380=CARTESIAN_POINT('Ctrl Pts',(-105.870479225259,-17.2068665065138,10.140907121196));
#2381=CARTESIAN_POINT('Ctrl Pts',(-105.768463193316,-16.6926578869978,10.1657518329539));
#2382=CARTESIAN_POINT('Ctrl Pts',(-105.773102977842,-16.6918084452495,9.64146724746323));
#2383=CARTESIAN_POINT('Ctrl Pts',(-104.703859107626,-17.3870499733125,10.1323853201571));
#2384=CARTESIAN_POINT('Ctrl Pts',(-104.636753666433,-16.86772338672,10.1569044145048));
#2385=CARTESIAN_POINT('Ctrl Pts',(-104.639823116527,-16.8673732069256,9.63291953955053));
#2386=CARTESIAN_POINT('Ctrl Pts',(-102.955739684028,-17.5672087127402,10.1240082730081));
#2387=CARTESIAN_POINT('Ctrl Pts',(-102.941279622909,-17.0427453269643,10.1481985827631));
#2388=CARTESIAN_POINT('Ctrl Pts',(-102.94166240456,-17.0429102366704,9.62451719773529));
#2389=CARTESIAN_POINT('Ctrl Pts',(-101.212199035883,-17.529665056015,10.125681367957));
#2390=CARTESIAN_POINT('Ctrl Pts',(-101.249247461803,-17.0062356889956,10.1499441446795));
#2391=CARTESIAN_POINT('Ctrl Pts',(-101.247949421237,-17.0063315365167,9.62619525738913));
#2392=CARTESIAN_POINT('Ctrl Pts',(-99.4724510199994,-17.2740437844517,10.1377197628042));
#2393=CARTESIAN_POINT('Ctrl Pts',(-99.5620544363298,-16.7579335762875,10.1624430518734));
#2394=CARTESIAN_POINT('Ctrl Pts',(-99.5579209008824,-16.7572640056256,9.63827018636607));
#2395=CARTESIAN_POINT('Ctrl Pts',(-98.3150929523874,-17.0437149919024,10.148797575962));
#2396=CARTESIAN_POINT('Ctrl Pts',(-98.4393556121361,-16.5341552795532,10.1739313048403));
#2397=CARTESIAN_POINT('Ctrl Pts',(-98.4336383934789,-16.532834629496,9.64938190523238));
#2398=CARTESIAN_POINT('Ctrl Pts',(-96.9117362546103,-16.6524174751353,10.1682374037918));
#2399=CARTESIAN_POINT('Ctrl Pts',(-97.0780459757309,-16.1539689719938,10.1940513907255));
#2400=CARTESIAN_POINT('Ctrl Pts',(-97.070387517139,-16.1515436173353,9.66888201458089));
#2401=CARTESIAN_POINT('Ctrl Pts',(-95.5572674213537,-16.1257284390864,10.1962251351896));
#2402=CARTESIAN_POINT('Ctrl Pts',(-95.7647820416016,-15.6425206277434,10.2228848518391));
#2403=CARTESIAN_POINT('Ctrl Pts',(-95.7546274646752,-15.6382764596244,9.69695903814871));
#2404=CARTESIAN_POINT('Ctrl Pts',(-94.5051165568094,-15.6233009580678,10.2247748198314));
#2405=CARTESIAN_POINT('Ctrl Pts',(-94.744826158265,-15.1548071231806,10.2521726515629));
#2406=CARTESIAN_POINT('Ctrl Pts',(-94.7325455873009,-15.1486039152881,9.72560266902035));
#2407=CARTESIAN_POINT('Ctrl Pts',(-93.7300896004147,-15.2043851181538,10.2496930673601));
#2408=CARTESIAN_POINT('Ctrl Pts',(-93.9934491398596,-14.7481552659354,10.277671000237));
#2409=CARTESIAN_POINT('Ctrl Pts',(-93.9796677862058,-14.7402932609617,9.75060471408411));
#2410=CARTESIAN_POINT('Ctrl Pts',(-92.9762608797948,-14.7463299247888,10.2783181888923));
#2411=CARTESIAN_POINT('Ctrl Pts',(-93.2626935673604,-14.3035934754208,10.3068802594715));
#2412=CARTESIAN_POINT('Ctrl Pts',(-93.2473824123195,-14.2937969514387,9.77932846251923));
#2413=CARTESIAN_POINT('Ctrl Pts',(-92.0118804873454,-14.0920125203529,10.3213916393485));
#2414=CARTESIAN_POINT('Ctrl Pts',(-92.3277345912975,-13.6685552655176,10.3507153521524));
#2415=CARTESIAN_POINT('Ctrl Pts',(-92.3105626040943,-13.6559313773625,9.82255434149734));
#2416=CARTESIAN_POINT('Ctrl Pts',(-90.8756455649744,-13.1903163446208,10.3855438378881));
#2417=CARTESIAN_POINT('Ctrl Pts',(-91.2263602828093,-12.7937058957885,10.4157368100909));
#2418=CARTESIAN_POINT('Ctrl Pts',(-91.2067996453585,-12.7767743363762,9.88694289584531));
#2419=CARTESIAN_POINT('Ctrl Pts',(-89.6237690469167,-11.9772261729939,10.4824891713859));
#2420=CARTESIAN_POINT('Ctrl Pts',(-90.0131614876694,-11.6174704432149,10.5134134492852));
#2421=CARTESIAN_POINT('Ctrl Pts',(-89.9907000161568,-11.5937035484564,9.98426998865491));
#2422=CARTESIAN_POINT('Ctrl Pts',(-88.4865004776656,-10.6281773314221,10.604745415381));
#2423=CARTESIAN_POINT('Ctrl Pts',(-88.910852821243,-10.3100187130284,10.6358781085045));
#2424=CARTESIAN_POINT('Ctrl Pts',(-88.8859329945793,-10.2776115224748,10.1070470507458));
#2425=CARTESIAN_POINT('Ctrl Pts',(-87.5078379563198,-9.19777561299827,10.752478520824));
#2426=CARTESIAN_POINT('Ctrl Pts',(-87.9617422712993,-8.92428308034352,10.7830408195046));
#2427=CARTESIAN_POINT('Ctrl Pts',(-87.9352392457741,-8.88159835872964,10.2554679846486));
#2428=CARTESIAN_POINT('Ctrl Pts',(-86.8147141504456,-7.93347520913196,10.9016054205091));
#2429=CARTESIAN_POINT('Ctrl Pts',(-87.2885615313043,-7.69955755260735,10.9308470920192));
#2430=CARTESIAN_POINT('Ctrl Pts',(-87.2619238308523,-7.64710190098599,10.4053602245397));
#2431=CARTESIAN_POINT('Ctrl Pts',(-86.3357637667073,-6.88034059751162,11.0397216946782));
#2432=CARTESIAN_POINT('Ctrl Pts',(-86.8224032147752,-6.6789626123917,11.0672891693768));
#2433=CARTESIAN_POINT('Ctrl Pts',(-86.7966609990482,-6.61833461319125,10.5442488613391));
#2434=CARTESIAN_POINT('Ctrl Pts',(-85.9073795903833,-5.79721098909395,11.1920895834018));
#2435=CARTESIAN_POINT('Ctrl Pts',(-86.40512018501,-5.63018895730039,11.2173255939902));
#2436=CARTESIAN_POINT('Ctrl Pts',(-86.3805193027066,-5.559920923819,10.6975188377035));
#2437=CARTESIAN_POINT('Ctrl Pts',(-85.4803357620532,-4.4224400230858,11.4066232418665));
#2438=CARTESIAN_POINT('Ctrl Pts',(-85.9876065034889,-4.29965710673904,11.4277272763341));
#2439=CARTESIAN_POINT('Ctrl Pts',(-85.9656795424895,-4.21580496351031,10.913432842845));
#2440=CARTESIAN_POINT('Ctrl Pts',(-85.1925801728742,-3.01997490108164,11.6588721134033));
#2441=CARTESIAN_POINT('Ctrl Pts',(-85.7026419870902,-2.9393156495616,11.6745068870147));
#2442=CARTESIAN_POINT('Ctrl Pts',(-85.6861470767197,-2.84347169997211,11.1675142486223));
#2443=CARTESIAN_POINT('Ctrl Pts',(-85.0464718725213,-1.88041191564678,11.8878650108853));
#2444=CARTESIAN_POINT('Ctrl Pts',(-85.5550160020038,-1.83201394950665,11.8982017631865));
#2445=CARTESIAN_POINT('Ctrl Pts',(-85.5442138402237,-1.72760754561253,11.3983382367338));
#2446=CARTESIAN_POINT('Ctrl Pts',(-84.9584213487704,-0.749181145993032,
12.1321850657038));
#2447=CARTESIAN_POINT('Ctrl Pts',(-85.4632728817827,-0.735160194937728,
12.1358436603047));
#2448=CARTESIAN_POINT('Ctrl Pts',(-85.4586791789702,-0.619383411675504,
11.6447275830534));
#2449=CARTESIAN_POINT('Ctrl Pts',(-84.9531464477658,0.651710792164895,12.4681356069525));
#2450=CARTESIAN_POINT('Ctrl Pts',(-85.4482690674185,0.623599976176169,12.4615754157822));
#2451=CARTESIAN_POINT('Ctrl Pts',(-85.4535541794858,0.753935989861696,11.9837413075296));
#2452=CARTESIAN_POINT('Ctrl Pts',(-85.0826078316915,2.0344811771017,12.848174195073));
#2453=CARTESIAN_POINT('Ctrl Pts',(-85.5623804445425,1.97382955534127,12.8311372414557));
#2454=CARTESIAN_POINT('Ctrl Pts',(-85.5793147812943,2.11029608049346,12.3674873427248));
#2455=CARTESIAN_POINT('Ctrl Pts',(-85.2659701924448,3.13058163361067,13.1783474457545));
#2456=CARTESIAN_POINT('Ctrl Pts',(-85.7312898901031,3.04719477604498,13.1527516441312));
#2457=CARTESIAN_POINT('Ctrl Pts',(-85.7574362380297,3.18484334308158,12.7006894612986));
#2458=CARTESIAN_POINT('Ctrl Pts',(-85.5037048558198,4.22277448399837,13.5257609074692));
#2459=CARTESIAN_POINT('Ctrl Pts',(-85.9519703189239,4.11284249014834,13.4897217637822));
#2460=CARTESIAN_POINT('Ctrl Pts',(-85.9883758960811,4.25471626747582,13.0510246549327));
#2461=CARTESIAN_POINT('Ctrl Pts',(-85.8942581663074,5.55125960267791,13.9733899737407));
#2462=CARTESIAN_POINT('Ctrl Pts',(-86.3196940019288,5.41090938546545,13.9255090932264));
#2463=CARTESIAN_POINT('Ctrl Pts',(-86.3677666579851,5.55021472779076,13.5003946530049));
#2464=CARTESIAN_POINT('Ctrl Pts',(-86.5088893153458,7.08357515356482,14.5139233537177));
#2465=CARTESIAN_POINT('Ctrl Pts',(-86.9044684845086,6.91445993116317,14.4527161065925));
#2466=CARTESIAN_POINT('Ctrl Pts',(-86.9648314743039,7.0473507421914,14.0440264098632));
#2467=CARTESIAN_POINT('Ctrl Pts',(-87.1402352331901,8.30470776384291,14.9756689842396));
#2468=CARTESIAN_POINT('Ctrl Pts',(-87.5097878721386,8.11990758996542,14.9041944651576));
#2469=CARTESIAN_POINT('Ctrl Pts',(-87.5781339716903,8.24307656679591,14.5094451113101));
#2470=CARTESIAN_POINT('Ctrl Pts',(-87.7190752358523,9.24937845032906,15.3553437820547));
#2471=CARTESIAN_POINT('Ctrl Pts',(-88.0674290762614,9.05539887302085,15.2759173543973));
#2472=CARTESIAN_POINT('Ctrl Pts',(-88.1404314878071,9.16944486914094,14.8927106697512));
#2473=CARTESIAN_POINT('Ctrl Pts',(-88.337553055917,10.1574908488654,15.7358575246472));
#2474=CARTESIAN_POINT('Ctrl Pts',(-88.6608771252856,9.95057388449452,15.6464702707378));
#2475=CARTESIAN_POINT('Ctrl Pts',(-88.7412332826072,10.0603467939865,15.2769903647923));
#2476=CARTESIAN_POINT('Ctrl Pts',(-89.1839366439088,11.2288889701273,16.2127251272657));
#2477=CARTESIAN_POINT('Ctrl Pts',(-89.4761029882729,11.0097075635739,16.1122797710209));
#2478=CARTESIAN_POINT('Ctrl Pts',(-89.5634276159788,11.1107492391784,15.7582850960192));
#2479=CARTESIAN_POINT('Ctrl Pts',(-90.129862295785,12.2237726923342,16.678803560501));
#2480=CARTESIAN_POINT('Ctrl Pts',(-90.3974871803051,11.9979307309775,16.5723958810748));
#2481=CARTESIAN_POINT('Ctrl Pts',(-90.4823208692582,12.0816366923757,16.2265206908571));
#2482=CARTESIAN_POINT('Ctrl Pts',(-90.9497528708573,12.9742462672548,17.0338356142596));
#2483=CARTESIAN_POINT('Ctrl Pts',(-91.1974381306582,12.7404904667993,16.9232146432479));
#2484=CARTESIAN_POINT('Ctrl Pts',(-91.2787808116422,12.8113842960581,16.5819007649532));
#2485=CARTESIAN_POINT('Ctrl Pts',(-91.5995817573616,13.5151256608084,17.2897501946369));
#2486=CARTESIAN_POINT('Ctrl Pts',(-91.8311464489285,13.274054994372,17.1759605182422));
#2487=CARTESIAN_POINT('Ctrl Pts',(-91.9100388342343,13.3363533529715,16.8375933081818));
#2488=CARTESIAN_POINT('Ctrl Pts',(-92.2779252319208,14.0267464941203,17.5306475296275));
#2489=CARTESIAN_POINT('Ctrl Pts',(-92.4933703592837,13.7782938629648,17.4141212107956));
#2490=CARTESIAN_POINT('Ctrl Pts',(-92.5689966118554,13.8322615666645,17.077959901982));
#2491=CARTESIAN_POINT('Ctrl Pts',(-93.2103647748718,14.6621166668681,17.8275680373415));
#2492=CARTESIAN_POINT('Ctrl Pts',(-93.403324000296,14.4033902757008,17.7075464312343));
#2493=CARTESIAN_POINT('Ctrl Pts',(-93.4747887083412,14.4475967796492,17.3739755078958));
#2494=CARTESIAN_POINT('Ctrl Pts',(-94.4327218154787,15.3719500200779,18.1547023447423));
#2495=CARTESIAN_POINT('Ctrl Pts',(-94.597781713587,15.1018604541995,18.0313291543455));
#2496=CARTESIAN_POINT('Ctrl Pts',(-94.6622131956585,15.1345413544853,17.6998725857195));
#2497=CARTESIAN_POINT('Ctrl Pts',(-95.7305390214319,15.9656489330837,18.4234618928015));
#2498=CARTESIAN_POINT('Ctrl Pts',(-95.8688278503345,15.6867832243715,18.2978342752048));
#2499=CARTESIAN_POINT('Ctrl Pts',(-95.9229418858628,15.7089914776932,17.9675676813775));
#2500=CARTESIAN_POINT('Ctrl Pts',(-96.8157868587875,16.3676630356967,18.6035606221016));
#2501=CARTESIAN_POINT('Ctrl Pts',(-96.931765069519,16.0826255620053,18.4763420198944));
#2502=CARTESIAN_POINT('Ctrl Pts',(-96.9771758843648,16.097984331236,18.1469589748197));
#2503=CARTESIAN_POINT('Ctrl Pts',(-97.9342307927747,16.7191006349599,18.7599713085134));
#2504=CARTESIAN_POINT('Ctrl Pts',(-98.0262986975499,16.4283172169917,18.6312227971162));
#2505=CARTESIAN_POINT('Ctrl Pts',(-98.063657050869,16.4380532604605,18.3027618852228));
#2506=CARTESIAN_POINT('Ctrl Pts',(-99.347435410541,17.048399463788,18.9052156965167));
#2507=CARTESIAN_POINT('Ctrl Pts',(-99.410183117111,16.7524598011062,18.7751510784318));
#2508=CARTESIAN_POINT('Ctrl Pts',(-99.4364754205415,16.7567283971501,18.4474549930998));
#2509=CARTESIAN_POINT('Ctrl Pts',(-100.787062044809,17.2360875166283,18.9874437085797));
#2510=CARTESIAN_POINT('Ctrl Pts',(-100.821040962256,16.9373158643772,18.8566779338848));
#2511=CARTESIAN_POINT('Ctrl Pts',(-100.834960943547,16.9383780923812,18.529378444734));
#2512=CARTESIAN_POINT('Ctrl Pts',(-101.952469602673,17.2996813513632,19.0152611468001));
#2513=CARTESIAN_POINT('Ctrl Pts',(-101.962846837998,16.9999142254298,18.8842420613775));
#2514=CARTESIAN_POINT('Ctrl Pts',(-101.967063830572,16.99992732923,18.5570934624792));
#2515=CARTESIAN_POINT('Ctrl Pts',(-102.836854605763,17.3032465105034,19.0168190544072));
#2516=CARTESIAN_POINT('Ctrl Pts',(-102.829261611635,17.0034240773132,18.8857860002259));
#2517=CARTESIAN_POINT('Ctrl Pts',(-102.826175124778,17.0033779134804,18.5586456559577));
#2518=CARTESIAN_POINT('Ctrl Pts',(-103.718638748744,17.2618956551998,18.9987361035441));
#2519=CARTESIAN_POINT('Ctrl Pts',(-103.693116384812,16.9627215401974,18.8678681717403));
#2520=CARTESIAN_POINT('Ctrl Pts',(-103.682759884417,16.9633563794879,18.5406292182158));
#2521=CARTESIAN_POINT('Ctrl Pts',(-104.879893065093,17.1486115926678,18.9491223708072));
#2522=CARTESIAN_POINT('Ctrl Pts',(-104.830884084046,16.8512040260472,18.8187029627053));
#2523=CARTESIAN_POINT('Ctrl Pts',(-104.810828234749,16.8537163569456,18.4911989951822));
#2524=CARTESIAN_POINT('Ctrl Pts',(-106.024128087119,16.9494882010943,18.8616756162023));
#2525=CARTESIAN_POINT('Ctrl Pts',(-105.951933562534,16.6551245375982,18.7320174943646));
#2526=CARTESIAN_POINT('Ctrl Pts',(-105.922363672409,16.6610059926179,18.4040791800062));
#2527=CARTESIAN_POINT('Ctrl Pts',(-107.150001134565,16.6656020214844,18.736110916051));
#2528=CARTESIAN_POINT('Ctrl Pts',(-107.054073023545,16.3758382366637,18.6076607266916));
#2529=CARTESIAN_POINT('Ctrl Pts',(-107.016061689889,16.3862864137792,18.2789947269));
#2530=CARTESIAN_POINT('Ctrl Pts',(-107.98663123943,16.4095521929566,18.6222511589582));
#2531=CARTESIAN_POINT('Ctrl Pts',(-107.873253315637,16.1238497682055,18.4948585453126));
#2532=CARTESIAN_POINT('Ctrl Pts',(-107.828782774365,16.1385174899269,18.1655764605938));
#2533=CARTESIAN_POINT('Ctrl Pts',(-108.809842543189,16.111524585095,18.4888763389702));
#2534=CARTESIAN_POINT('Ctrl Pts',(-108.679110713704,15.8305612047022,18.3627336268582));
#2535=CARTESIAN_POINT('Ctrl Pts',(-108.628468519936,15.850141951984,18.0327250537946));
#2536=CARTESIAN_POINT('Ctrl Pts',(-109.87263457161,15.6656335717911,18.2878609858712));
#2537=CARTESIAN_POINT('Ctrl Pts',(-109.719901820921,15.3914833641466,18.1634977811412));
#2538=CARTESIAN_POINT('Ctrl Pts',(-109.660888443551,15.4187010165283,17.8325028593529));
#2539=CARTESIAN_POINT('Ctrl Pts',(-111.144806024952,15.0174394921925,17.992249531044));
#2540=CARTESIAN_POINT('Ctrl Pts',(-110.965607810718,14.7527648788977,17.8703759249982));
#2541=CARTESIAN_POINT('Ctrl Pts',(-110.896704278066,14.7914992748926,17.5380514277645));
#2542=CARTESIAN_POINT('Ctrl Pts',(-112.342125804142,14.2527647299544,17.6369282445641));
#2543=CARTESIAN_POINT('Ctrl Pts',(-112.135067027095,14.000143663354,17.5188026624986));
#2544=CARTESIAN_POINT('Ctrl Pts',(-112.059806972894,14.051287834744,17.1839820443248));
#2545=CARTESIAN_POINT('Ctrl Pts',(-113.254329258636,13.5721914702001,17.3166830881177));
#2546=CARTESIAN_POINT('Ctrl Pts',(-113.024513799652,13.3303133915877,17.2025762014394));
#2547=CARTESIAN_POINT('Ctrl Pts',(-112.945941206778,13.391693607324,16.8644797762728));
#2548=CARTESIAN_POINT('Ctrl Pts',(-114.120400026403,12.8589750241512,16.9793934947701));
#2549=CARTESIAN_POINT('Ctrl Pts',(-113.870493403685,12.6257848577341,16.8689194980465));
#2550=CARTESIAN_POINT('Ctrl Pts',(-113.787261646909,12.6995815924284,16.5275448748817));
#2551=CARTESIAN_POINT('Ctrl Pts',(-115.125180989547,11.9050713287669,16.5274953665421));
#2552=CARTESIAN_POINT('Ctrl Pts',(-114.851127055116,11.6801704222114,16.4219756941529));
#2553=CARTESIAN_POINT('Ctrl Pts',(-114.763328375872,11.7714328247125,16.0749083696869));
#2554=CARTESIAN_POINT('Ctrl Pts',(-116.212815537975,10.6645566321622,15.9564195759552));
#2555=CARTESIAN_POINT('Ctrl Pts',(-115.905647115609,10.4496979241161,15.860696580428));
#2556=CARTESIAN_POINT('Ctrl Pts',(-115.819879992563,10.5579701053352,15.4998224666863));
#2557=CARTESIAN_POINT('Ctrl Pts',(-117.1858974314,9.31849020842831,15.377694987615));
#2558=CARTESIAN_POINT('Ctrl Pts',(-116.842982072464,9.11659403783128,15.2949602407139));
#2559=CARTESIAN_POINT('Ctrl Pts',(-116.765151989026,9.23708512055834,14.9152093830809));
#2560=CARTESIAN_POINT('Ctrl Pts',(-118.015923477211,7.90201959164991,14.8182910776174));
#2561=CARTESIAN_POINT('Ctrl Pts',(-117.638294879329,7.71956024669878,14.7495256606012));
#2562=CARTESIAN_POINT('Ctrl Pts',(-117.57145609724,7.84831661192594,14.3506408990892));
#2563=CARTESIAN_POINT('Ctrl Pts',(-118.594216465471,6.65637554173439,14.3623400477019));
#2564=CARTESIAN_POINT('Ctrl Pts',(-118.188657531597,6.49854781656249,14.3060859440765));
#2565=CARTESIAN_POINT('Ctrl Pts',(-118.133221105831,6.62992466342922,13.891564822464));
#2566=CARTESIAN_POINT('Ctrl Pts',(-118.986066751491,5.62335386743387,14.0011435116314));
#2567=CARTESIAN_POINT('Ctrl Pts',(-118.56048143885,5.48776714485816,13.9545816768903));
#2568=CARTESIAN_POINT('Ctrl Pts',(-118.513872051719,5.62090209690855,13.5283867198525));
#2569=CARTESIAN_POINT('Ctrl Pts',(-119.158469758786,5.09272011333736,13.8204844816944));
#2570=CARTESIAN_POINT('Ctrl Pts',(-118.723523855963,4.96918547591135,13.7786815376427));
#2571=CARTESIAN_POINT('Ctrl Pts',(-118.681347627557,5.1033252247226,13.3469903351963));
#2572=CARTESIAN_POINT('Ctrl Pts',(-119.238178167009,4.8257945451244,13.7306695410445));
#2573=CARTESIAN_POINT('Ctrl Pts',(-118.798688388271,4.70843505673087,13.6912941825122));
#2574=CARTESIAN_POINT('Ctrl Pts',(-118.75877788522,4.84279646456906,13.2567494807602));
#2575=CARTESIAN_POINT('',(-118.758773042208,4.84279339699907,13.2567547298811));
#2576=CARTESIAN_POINT('',(-119.238072054146,4.82583076144752,13.7304678057228));
#2577=CARTESIAN_POINT('Ctrl Pts',(-118.758778363818,4.84279485344451,13.2567546914034));
#2578=CARTESIAN_POINT('Ctrl Pts',(-118.798684382111,4.70846609831717,13.6911983946283));
#2579=CARTESIAN_POINT('Ctrl Pts',(-119.238072025352,4.825766205384,13.7306600199338));
#2580=CARTESIAN_POINT('',(-85.4631431636243,-1.71490522928031E-7,11.8000785058951));
#2581=CARTESIAN_POINT('Ctrl Pts',(-85.4631431636243,-1.71490522928031E-7,
11.8000785058951));
#2582=CARTESIAN_POINT('Ctrl Pts',(-85.4631445717851,0.229166654095116,11.8570645824306));
#2583=CARTESIAN_POINT('Ctrl Pts',(-85.4788923154167,1.0047901806849,12.0555326834726));
#2584=CARTESIAN_POINT('Ctrl Pts',(-85.5712773297872,2.04452826299133,12.3481538764671));
#2585=CARTESIAN_POINT('Ctrl Pts',(-85.7448034364275,3.11770775696217,12.6793601620714));
#2586=CARTESIAN_POINT('Ctrl Pts',(-85.971002239365,4.18668288559016,13.0279145749182));
#2587=CARTESIAN_POINT('Ctrl Pts',(-86.344515041591,5.48208207810041,13.4763816559642));
#2588=CARTESIAN_POINT('Ctrl Pts',(-86.9339644224662,6.97877602364858,14.0183946476122));
#2589=CARTESIAN_POINT('Ctrl Pts',(-87.5402616008358,8.17414330232787,14.4819953540493));
#2590=CARTESIAN_POINT('Ctrl Pts',(-88.0967561331528,9.1008170500849,14.8638034071434));
#2591=CARTESIAN_POINT('Ctrl Pts',(-88.6923634761638,9.99327211744645,15.2471429366212));
#2592=CARTESIAN_POINT('Ctrl Pts',(-89.5075424526468,11.0453263597088,15.7274045899448));
#2593=CARTESIAN_POINT('Ctrl Pts',(-90.4188477929359,12.0182514800542,16.1957818123647));
#2594=CARTESIAN_POINT('Ctrl Pts',(-91.2091346278804,12.7501817061866,16.5520821338494));
#2595=CARTESIAN_POINT('Ctrl Pts',(-91.835033968231,13.2766192496073,16.8085619161722));
#2596=CARTESIAN_POINT('Ctrl Pts',(-92.4908237551431,13.7760026365332,17.0507921658361));
#2597=CARTESIAN_POINT('Ctrl Pts',(-93.3919758702233,14.3956926597878,17.3491940912785));
#2598=CARTESIAN_POINT('Ctrl Pts',(-94.5740650708521,15.0887247005469,17.6783501200971));
#2599=CARTESIAN_POINT('Ctrl Pts',(-95.8300504051945,15.669937546055,17.9494676701967));
#2600=CARTESIAN_POINT('Ctrl Pts',(-96.8802327595855,16.0646053534864,18.1316304756568));
#2601=CARTESIAN_POINT('Ctrl Pts',(-97.9646845328743,16.4112694059598,18.2905716659929));
#2602=CARTESIAN_POINT('Ctrl Pts',(-99.3372723798174,16.738550263148,18.439252345643));
#2603=CARTESIAN_POINT('Ctrl Pts',(-100.734915503722,16.9284746244077,18.5249326913064));
#2604=CARTESIAN_POINT('Ctrl Pts',(-101.866917439198,16.9966990500129,18.5556572366916));
#2605=CARTESIAN_POINT('Ctrl Pts',(-102.725233345234,17.0052450475432,18.5595024519673));
#2606=CARTESIAN_POINT('Ctrl Pts',(-103.584217077207,16.9701888558675,18.5437227867569));
#2607=CARTESIAN_POINT('Ctrl Pts',(-104.714281636602,16.8669080868113,18.4971699276575));
#2608=CARTESIAN_POINT('Ctrl Pts',(-106.105772897238,16.6338229860589,18.3918316420517));
#2609=CARTESIAN_POINT('Ctrl Pts',(-107.469190028705,16.2635760338708,18.2231170911639));
#2610=CARTESIAN_POINT('Ctrl Pts',(-108.539459696911,15.8845069100608,18.0486224431551));
#2611=CARTESIAN_POINT('Ctrl Pts',(-109.575113353883,15.4584721905942,17.8510803112707));
#2612=CARTESIAN_POINT('Ctrl Pts',(-110.814711770188,14.8379071085238,17.5600353234826));
#2613=CARTESIAN_POINT('Ctrl Pts',(-111.980336562625,14.1051984517542,17.2099351533212));
#2614=CARTESIAN_POINT('Ctrl Pts',(-112.869731288824,13.4509982884726,16.8933043637524));
#2615=CARTESIAN_POINT('Ctrl Pts',(-113.714723072317,12.7638755683239,16.5589370520462));
#2616=CARTESIAN_POINT('Ctrl Pts',(-114.694744464514,11.8425193942814,16.1093797629946));
#2617=CARTESIAN_POINT('Ctrl Pts',(-115.755490911572,10.6386868692265,15.5371454298902));
#2618=CARTESIAN_POINT('Ctrl Pts',(-116.706695915189,9.32680894981969,14.9534341269207));
#2619=CARTESIAN_POINT('Ctrl Pts',(-117.520348736574,7.94564599888917,14.3888084929709));
#2620=CARTESIAN_POINT('Ctrl Pts',(-118.202066526185,6.49244048804911,13.8385620800669));
#2621=CARTESIAN_POINT('Ctrl Pts',(-118.579675296179,5.43840036772103,13.4634868151089));
#2622=CARTESIAN_POINT('Ctrl Pts',(-118.747485268549,4.88078231179182,13.2699179579625));
#2623=CARTESIAN_POINT('Ctrl Pts',(-118.758773042208,4.84279339699916,13.2567547298812));
#2624=CARTESIAN_POINT('',(-119.462743525077,0.118291585996378,11.8296453319133));
#2625=CARTESIAN_POINT('Ctrl Pts',(-119.462743525077,0.118291585996376,11.8296453319133));
#2626=CARTESIAN_POINT('Ctrl Pts',(-119.466521619368,-0.437029595648379,
11.690193941808));
#2627=CARTESIAN_POINT('Ctrl Pts',(-119.419392355178,-1.55749384604023,11.4285485760957));
#2628=CARTESIAN_POINT('Ctrl Pts',(-119.184734083751,-3.21161638062273,11.0942968587207));
#2629=CARTESIAN_POINT('Ctrl Pts',(-118.790012340624,-4.83374311960289,10.8099318353264));
#2630=CARTESIAN_POINT('Ctrl Pts',(-118.326800126975,-6.15698534880042,10.6083979568765));
#2631=CARTESIAN_POINT('Ctrl Pts',(-117.870825018651,-7.20044569775077,10.4649971537789));
#2632=CARTESIAN_POINT('Ctrl Pts',(-117.366033146443,-8.21350541074998,10.3351528898081));
#2633=CARTESIAN_POINT('Ctrl Pts',(-116.645926959259,-9.42327446442967,10.1955885799126));
#2634=CARTESIAN_POINT('Ctrl Pts',(-115.808365707612,-10.5578142292265,10.0808534503046));
#2635=CARTESIAN_POINT('Ctrl Pts',(-115.066200289657,-11.4196555019727,10.001408859679));
#2636=CARTESIAN_POINT('Ctrl Pts',(-114.276109537746,-12.2484548495857,9.92969699294879));
#2637=CARTESIAN_POINT('Ctrl Pts',(-113.225395010714,-13.195767573963,9.85523304798213));
#2638=CARTESIAN_POINT('Ctrl Pts',(-112.087564683657,-14.0332246377449,9.79646195831223));
#2639=CARTESIAN_POINT('Ctrl Pts',(-111.126364354408,-14.6353015021921,9.7572516478031));
#2640=CARTESIAN_POINT('Ctrl Pts',(-110.377342724747,-15.0536332451246,9.73133216539691));
#2641=CARTESIAN_POINT('Ctrl Pts',(-109.60828723412,-15.4334144846051,9.70888007414455));
#2642=CARTESIAN_POINT('Ctrl Pts',(-108.567152851707,-15.8840259096286,9.68336435370839));
#2643=CARTESIAN_POINT('Ctrl Pts',(-107.23139566331,-16.3468569313,9.65874901782056));
#2644=CARTESIAN_POINT('Ctrl Pts',(-105.853528259805,-16.6756679283797,9.6422845459338));
#2645=CARTESIAN_POINT('Ctrl Pts',(-104.72068148234,-16.8567464774406,9.63345583707743));
#2646=CARTESIAN_POINT('Ctrl Pts',(-103.587237074667,-16.9794405188192,9.62756683907343));
#2647=CARTESIAN_POINT('Ctrl Pts',(-102.173185171943,-17.0256467478712,9.62539126108285));
#2648=CARTESIAN_POINT('Ctrl Pts',(-100.761671117505,-16.9312965136317,9.62985372512967));
#2649=CARTESIAN_POINT('Ctrl Pts',(-99.6343066457947,-16.7703215768476,9.63765490696605));
#2650=CARTESIAN_POINT('Ctrl Pts',(-98.5077544176399,-16.5507792560792,9.64850129699249));
#2651=CARTESIAN_POINT('Ctrl Pts',(-97.1410042695977,-16.1750045410583,9.66767055449054));
#2652=CARTESIAN_POINT('Ctrl Pts',(-95.8222077595309,-15.6671178472678,9.69536113591389));
#2653=CARTESIAN_POINT('Ctrl Pts',(-94.7975107201015,-15.1815791785798,9.72365705553898));
#2654=CARTESIAN_POINT('Ctrl Pts',(-94.0431028577219,-14.7766319875224,9.74835273334034));
#2655=CARTESIAN_POINT('Ctrl Pts',(-93.3076801295476,-14.3325216577562,9.77680072251556));
#2656=CARTESIAN_POINT('Ctrl Pts',(-92.3671803096361,-13.6978834332636,9.81961763577263));
#2657=CARTESIAN_POINT('Ctrl Pts',(-91.2587994002078,-12.8224320336724,9.88343791403946));
#2658=CARTESIAN_POINT('Ctrl Pts',(-90.0377271976029,-11.6441225874091,9.97989720212874));
#2659=CARTESIAN_POINT('Ctrl Pts',(-88.9267075725174,-10.3313579641825,10.1017359842852));
#2660=CARTESIAN_POINT('Ctrl Pts',(-87.9696516264932,-8.93772254426707,10.2491383657433));
#2661=CARTESIAN_POINT('Ctrl Pts',(-87.2913571397715,-7.70532790275826,10.397996134272));
#2662=CARTESIAN_POINT('Ctrl Pts',(-86.822208620558,-6.67848447501578,10.5358878494812));
#2663=CARTESIAN_POINT('Ctrl Pts',(-86.4018698348076,-5.62136162739068,10.688144654336));
#2664=CARTESIAN_POINT('Ctrl Pts',(-85.9816292974566,-4.27778900838025,10.9028079763925));
#2665=CARTESIAN_POINT('Ctrl Pts',(-85.6970542575999,-2.90701357352248,11.1552208585841));
#2666=CARTESIAN_POINT('Ctrl Pts',(-85.5508930703483,-1.79185200501374,11.3846227003594));
#2667=CARTESIAN_POINT('Ctrl Pts',(-85.4798812023793,-0.915058283003443,
11.5784867297314));
#2668=CARTESIAN_POINT('Ctrl Pts',(-85.4631412014727,-0.319324529952764,
11.7206732853338));
#2669=CARTESIAN_POINT('Ctrl Pts',(-85.4631431636243,-1.71490522928031E-7,
11.8000785058951));
#2670=CARTESIAN_POINT('',(-119.962731420351,0.00325936234178502,12.3153732582539));
#2671=CARTESIAN_POINT('Ctrl Pts',(-119.462742043545,0.118291575675473,11.829645331909));
#2672=CARTESIAN_POINT('Ctrl Pts',(-119.46356485847,-2.53598398627962E-5,
12.3145985468493));
#2673=CARTESIAN_POINT('Ctrl Pts',(-119.962731425566,0.00325263077260907,
12.3153976150603));
#2674=CARTESIAN_POINT('Ctrl Pts',(-119.238072054146,4.82583076144753,13.7304678057228));
#2675=CARTESIAN_POINT('Ctrl Pts',(-119.223358705242,4.87512902824028,13.7470229641973));
#2676=CARTESIAN_POINT('Ctrl Pts',(-119.208433004914,4.92434204710642,13.7635908542244));
#2677=CARTESIAN_POINT('Ctrl Pts',(-119.193297737333,4.97345703140737,13.7801674859304));
#2678=CARTESIAN_POINT('Ctrl Pts',(-119.124280827837,5.19742164968074,13.8557570243397));
#2679=CARTESIAN_POINT('Ctrl Pts',(-119.050906249409,5.41937677710712,13.9315390735874));
#2680=CARTESIAN_POINT('Ctrl Pts',(-118.973262953109,5.63920461349732,14.0074941512787));
#2681=CARTESIAN_POINT('Ctrl Pts',(-118.904330959505,5.83436854566021,14.0749273384192));
#2682=CARTESIAN_POINT('Ctrl Pts',(-118.832034383253,6.02785534557594,14.1424967718855));
#2683=CARTESIAN_POINT('Ctrl Pts',(-118.756435468963,6.21962496318614,14.210192289077));
#2684=CARTESIAN_POINT('Ctrl Pts',(-118.731541376883,6.28277309915753,14.2324838583961));
#2685=CARTESIAN_POINT('Ctrl Pts',(-118.706289202389,6.34573543416496,14.2547891379008));
#2686=CARTESIAN_POINT('Ctrl Pts',(-118.680681167992,6.40851182668577,14.2771078967097));
#2687=CARTESIAN_POINT('Ctrl Pts',(-118.663168511396,6.45144293914506,14.2923711048346));
#2688=CARTESIAN_POINT('Ctrl Pts',(-118.645489425176,6.49428710711956,14.3076406153688));
#2689=CARTESIAN_POINT('Ctrl Pts',(-118.627644620171,6.53704373066673,14.3229170492295));
#2690=CARTESIAN_POINT('Ctrl Pts',(-118.557784035501,6.70443153450124,14.3827227238181));
#2691=CARTESIAN_POINT('Ctrl Pts',(-118.485383574576,6.87050128867425,14.4426428959266));
#2692=CARTESIAN_POINT('Ctrl Pts',(-118.410464087013,7.03518982783596,14.5027065799022));
#2693=CARTESIAN_POINT('Ctrl Pts',(-118.33883895956,7.19263668166881,14.5601291432434));
#2694=CARTESIAN_POINT('Ctrl Pts',(-118.264911468142,7.34882091854432,14.6176828248429));
#2695=CARTESIAN_POINT('Ctrl Pts',(-118.188699831146,7.50373107658491,14.6754094100632));
#2696=CARTESIAN_POINT('Ctrl Pts',(-118.112488194149,7.6586412346255,14.7331359952834));
#2697=CARTESIAN_POINT('Ctrl Pts',(-118.033992411573,7.8122767634408,14.7910353039193));
#2698=CARTESIAN_POINT('Ctrl Pts',(-117.953230701803,7.96467693788856,14.8491678035978));
#2699=CARTESIAN_POINT('Ctrl Pts',(-117.942349275038,7.98521057123911,14.8570002843576));
#2700=CARTESIAN_POINT('Ctrl Pts',(-117.931426713735,8.00572186126156,14.8648370285825));
#2701=CARTESIAN_POINT('Ctrl Pts',(-117.920463062454,8.02621101194025,14.8726781873806));
#2702=CARTESIAN_POINT('Ctrl Pts',(-117.853367988698,8.15159999420126,14.920664311201));
#2703=CARTESIAN_POINT('Ctrl Pts',(-117.784734027873,8.27618610614861,14.9688263193244));
#2704=CARTESIAN_POINT('Ctrl Pts',(-117.714543020061,8.39991421822972,15.0171574200733));
#2705=CARTESIAN_POINT('Ctrl Pts',(-117.644249788153,8.52382252425242,15.0655589087995));
#2706=CARTESIAN_POINT('Ctrl Pts',(-117.572394970682,8.6468703305481,15.114129989687));
#2707=CARTESIAN_POINT('Ctrl Pts',(-117.498960328268,8.76905294025934,15.162877191215));
#2708=CARTESIAN_POINT('Ctrl Pts',(-117.425068341532,8.89199649223048,15.2119279859121));
#2709=CARTESIAN_POINT('Ctrl Pts',(-117.349576790563,9.01406403847681,15.2611571091049));
#2710=CARTESIAN_POINT('Ctrl Pts',(-117.272467093077,9.13530210861668,15.3105846299679));
#2711=CARTESIAN_POINT('Ctrl Pts',(-117.207547063673,9.23737460189403,15.3521985412185));
#2712=CARTESIAN_POINT('Ctrl Pts',(-117.141480050533,9.33886005968948,15.3939533243375));
#2713=CARTESIAN_POINT('Ctrl Pts',(-117.074254964252,9.43981396624489,15.4358681465632));
#2714=CARTESIAN_POINT('Ctrl Pts',(-117.003309219163,9.54635529651797,15.4801027984995));
#2715=CARTESIAN_POINT('Ctrl Pts',(-116.931073663417,9.65231159392558,15.5245192659664));
#2716=CARTESIAN_POINT('Ctrl Pts',(-116.857612372537,9.75753721758182,15.5690441921779));
#2717=CARTESIAN_POINT('Ctrl Pts',(-116.780318464381,9.86825266503666,15.6158920696921));
#2718=CARTESIAN_POINT('Ctrl Pts',(-116.701667586816,9.97815969392458,15.6628602166237));
#2719=CARTESIAN_POINT('Ctrl Pts',(-116.621734376517,10.0871472821404,15.709873727326));
#2720=CARTESIAN_POINT('Ctrl Pts',(-116.53234049727,10.2090343333917,15.7624516243352));
#2721=CARTESIAN_POINT('Ctrl Pts',(-116.441342775273,10.3297720074873,15.8150865982044));
#2722=CARTESIAN_POINT('Ctrl Pts',(-116.348845608933,10.4492690113287,15.8676826060683));
#2723=CARTESIAN_POINT('Ctrl Pts',(-116.341161622662,10.4591959461015,15.8720518966998));
#2724=CARTESIAN_POINT('Ctrl Pts',(-116.333467288624,10.4691143475871,15.8764209208501));
#2725=CARTESIAN_POINT('Ctrl Pts',(-116.325762666669,10.4790241777756,15.880789624423));
#2726=CARTESIAN_POINT('Ctrl Pts',(-116.248379799592,10.5785554820642,15.924667547292));
#2727=CARTESIAN_POINT('Ctrl Pts',(-116.16995913075,10.6772211884658,15.9685132575825));
#2728=CARTESIAN_POINT('Ctrl Pts',(-116.090561298686,10.7749894102246,16.01227202969));
#2729=CARTESIAN_POINT('Ctrl Pts',(-115.978265966929,10.9132666731213,16.0741617022839));
#2730=CARTESIAN_POINT('Ctrl Pts',(-115.864015966157,11.0496250231091,16.1358219124286));
#2731=CARTESIAN_POINT('Ctrl Pts',(-115.747804969727,11.1841743944526,16.1971698552181));
#2732=CARTESIAN_POINT('Ctrl Pts',(-115.646196655147,11.3018167456067,16.2508090224335));
#2733=CARTESIAN_POINT('Ctrl Pts',(-115.543089205796,11.418077447677,16.304209595855));
#2734=CARTESIAN_POINT('Ctrl Pts',(-115.438478392854,11.532996065617,16.3572979158602));
#2735=CARTESIAN_POINT('Ctrl Pts',(-115.343413782441,11.6374278479198,16.4055416902545));
#2736=CARTESIAN_POINT('Ctrl Pts',(-115.247107666608,11.7407517095389,16.453527598507));
#2737=CARTESIAN_POINT('Ctrl Pts',(-115.149556871799,11.8429572449675,16.5011834568268));
#2738=CARTESIAN_POINT('Ctrl Pts',(-115.096291972022,11.8987637364671,16.5272046135194));
#2739=CARTESIAN_POINT('Ctrl Pts',(-115.04265598335,11.9542360514562,16.5531270637181));
#2740=CARTESIAN_POINT('Ctrl Pts',(-114.988648389156,12.0093662358261,16.578936653106));
#2741=CARTESIAN_POINT('Ctrl Pts',(-114.891321307345,12.1087163373163,16.6254481123802));
#2742=CARTESIAN_POINT('Ctrl Pts',(-114.792787412758,12.2069421414604,16.6715863530041));
#2743=CARTESIAN_POINT('Ctrl Pts',(-114.693024307712,12.3041148328081,16.717328758389));
#2744=CARTESIAN_POINT('Ctrl Pts',(-114.593566448264,12.4009902044569,16.7629312055407));
#2745=CARTESIAN_POINT('Ctrl Pts',(-114.492886888889,12.4968189237988,16.8081402312168));
#2746=CARTESIAN_POINT('Ctrl Pts',(-114.390963436865,12.5916219368076,16.8529180405526));
#2747=CARTESIAN_POINT('Ctrl Pts',(-114.348949925465,12.6307003568256,16.8713757454839));
#2748=CARTESIAN_POINT('Ctrl Pts',(-114.306725059022,12.6696039088514,16.8897599999315));
#2749=CARTESIAN_POINT('Ctrl Pts',(-114.264287283164,12.7083315950406,16.9080673996066));
#2750=CARTESIAN_POINT('Ctrl Pts',(-114.160786421066,12.802783974474,16.9527170451366));
#2751=CARTESIAN_POINT('Ctrl Pts',(-114.056019139517,12.8961937655281,16.9969106004052));
#2752=CARTESIAN_POINT('Ctrl Pts',(-113.94996288942,12.9885109778701,17.0405876958751));
#2753=CARTESIAN_POINT('Ctrl Pts',(-113.890871651849,13.0399472517479,17.0649232123815));
#2754=CARTESIAN_POINT('Ctrl Pts',(-113.831380270601,13.0910434454726,17.0890981269668));
#2755=CARTESIAN_POINT('Ctrl Pts',(-113.771484845454,13.1417842059894,17.1130999789749));
#2756=CARTESIAN_POINT('Ctrl Pts',(-113.650988886926,13.2438630635953,17.1613862405222));
#2757=CARTESIAN_POINT('Ctrl Pts',(-113.528857670661,13.3445713815778,17.2090035016072));
#2758=CARTESIAN_POINT('Ctrl Pts',(-113.405023997764,13.443918244556,17.2559231384749));
#2759=CARTESIAN_POINT('Ctrl Pts',(-113.31013177054,13.5200465291759,17.2918770816861));
#2760=CARTESIAN_POINT('Ctrl Pts',(-113.214239866019,13.5953741295546,17.3274210653645));
#2761=CARTESIAN_POINT('Ctrl Pts',(-113.117318047265,13.6698851953403,17.3625372503246));
#2762=CARTESIAN_POINT('Ctrl Pts',(-112.994901823418,13.7639957209746,17.4068904291447));
#2763=CARTESIAN_POINT('Ctrl Pts',(-112.870842605836,13.856803681777,17.4505608620582));
#2764=CARTESIAN_POINT('Ctrl Pts',(-112.745452183903,13.9480802194679,17.4934280515302));
#2765=CARTESIAN_POINT('Ctrl Pts',(-112.642010734337,14.0233792512806,17.5287915517838));
#2766=CARTESIAN_POINT('Ctrl Pts',(-112.537663332753,14.0976349845041,17.5636080782507));
#2767=CARTESIAN_POINT('Ctrl Pts',(-112.432585025083,14.1706933716374,17.5978025361728));
#2768=CARTESIAN_POINT('Ctrl Pts',(-112.197807336278,14.3339285784025,17.6742036124647));
#2769=CARTESIAN_POINT('Ctrl Pts',(-111.959380855661,14.4912260732973,17.7475151506657));
#2770=CARTESIAN_POINT('Ctrl Pts',(-111.717202007463,14.6426283964819,17.8177719725355));
#2771=CARTESIAN_POINT('Ctrl Pts',(-111.499729528351,14.7785851029046,17.880861401444));
#2772=CARTESIAN_POINT('Ctrl Pts',(-111.279231239843,14.9097828804156,17.9414868354385));
#2773=CARTESIAN_POINT('Ctrl Pts',(-111.055632141733,15.0362576848056,17.9996993921371));
#2774=CARTESIAN_POINT('Ctrl Pts',(-111.03516099711,15.0478368192193,18.0050289201947));
#2775=CARTESIAN_POINT('Ctrl Pts',(-111.014663861711,15.0593763960616,18.0103382467873));
#2776=CARTESIAN_POINT('Ctrl Pts',(-110.99414067798,15.070876463747,18.0156274256917));
#2777=CARTESIAN_POINT('Ctrl Pts',(-110.874891389352,15.1376972313563,18.0463600269322));
#2778=CARTESIAN_POINT('Ctrl Pts',(-110.754762669194,15.2031875000774,18.0764139097428));
#2779=CARTESIAN_POINT('Ctrl Pts',(-110.633756801708,15.2673241745369,18.1057850631002));
#2780=CARTESIAN_POINT('Ctrl Pts',(-110.427387761982,15.3767058449831,18.1558759953826));
#2781=CARTESIAN_POINT('Ctrl Pts',(-110.218467497193,15.4821480034094,18.2039799523427));
#2782=CARTESIAN_POINT('Ctrl Pts',(-110.007007337833,15.5835632938591,18.2500927936409));
#2783=CARTESIAN_POINT('Ctrl Pts',(-109.828477228296,15.6691854884485,18.2890246219007));
#2784=CARTESIAN_POINT('Ctrl Pts',(-109.648136689655,15.7519376659548,18.3265374783594));
#2785=CARTESIAN_POINT('Ctrl Pts',(-109.465992540544,15.8317936936234,18.3626414174813));
#2786=CARTESIAN_POINT('Ctrl Pts',(-109.260229480562,15.9220047747441,18.4034270097025));
#2787=CARTESIAN_POINT('Ctrl Pts',(-109.052164729065,16.0085043658129,18.442407681304));
#2788=CARTESIAN_POINT('Ctrl Pts',(-108.841485063033,16.0912770694713,18.4796070147617));
#2789=CARTESIAN_POINT('Ctrl Pts',(-108.783706742295,16.1139772564917,18.4898088299641));
#2790=CARTESIAN_POINT('Ctrl Pts',(-108.725731749759,16.1363974168772,18.4998767823026));
#2791=CARTESIAN_POINT('Ctrl Pts',(-108.667553624711,16.1585378748189,18.5098116182331));
#2792=CARTESIAN_POINT('Ctrl Pts',(-108.397238009357,16.2614100713329,18.555972289203));
#2793=CARTESIAN_POINT('Ctrl Pts',(-108.122537064134,16.3582340210777,18.5992543286899));
#2794=CARTESIAN_POINT('Ctrl Pts',(-107.846201404852,16.4479466723774,18.6392429462442));
#2795=CARTESIAN_POINT('Ctrl Pts',(-107.633269644535,16.5170751837449,18.670056366237));
#2796=CARTESIAN_POINT('Ctrl Pts',(-107.419367265138,16.5820036481132,18.6989247170769));
#2797=CARTESIAN_POINT('Ctrl Pts',(-107.204534433015,16.642714487235,18.7258659323875));
#2798=CARTESIAN_POINT('Ctrl Pts',(-106.988085402741,16.7038820570386,18.7530098278095));
#2799=CARTESIAN_POINT('Ctrl Pts',(-106.770691867395,16.7607682921774,18.7781975089421));
#2800=CARTESIAN_POINT('Ctrl Pts',(-106.552394906688,16.8134052004329,18.8014656686342));
#2801=CARTESIAN_POINT('Ctrl Pts',(-106.424992669564,16.8441250961443,18.8150454069363));
#2802=CARTESIAN_POINT('Ctrl Pts',(-106.297282715781,16.8733985640874,18.8279716772771));
#2803=CARTESIAN_POINT('Ctrl Pts',(-106.169273211454,16.9012396615016,18.8402545447148));
#2804=CARTESIAN_POINT('Ctrl Pts',(-105.935634206679,16.9520543750332,18.8626728560661));
#2805=CARTESIAN_POINT('Ctrl Pts',(-105.700997326366,16.9980879567988,18.882943840834));
#2806=CARTESIAN_POINT('Ctrl Pts',(-105.465373983215,17.0392799359749,18.9010608400013));
#2807=CARTESIAN_POINT('Ctrl Pts',(-105.228761757215,17.0806447929363,18.9192538740366));
#2808=CARTESIAN_POINT('Ctrl Pts',(-104.99115477087,17.1171273189218,18.9352748203891));
#2809=CARTESIAN_POINT('Ctrl Pts',(-104.752564581176,17.1487160235902,18.949134451425));
#2810=CARTESIAN_POINT('Ctrl Pts',(-104.654138432534,17.1617473831155,18.9548519962504));
#2811=CARTESIAN_POINT('Ctrl Pts',(-104.555544959533,17.1739464815354,18.960201926238));
#2812=CARTESIAN_POINT('Ctrl Pts',(-104.456784973544,17.1853149451584,18.9651858451986));
#2813=CARTESIAN_POINT('Ctrl Pts',(-104.211429493407,17.213558315413,18.977567700231));
#2814=CARTESIAN_POINT('Ctrl Pts',(-103.96504628666,17.2366527706171,18.9876811003507));
#2815=CARTESIAN_POINT('Ctrl Pts',(-103.717295382771,17.2545096327325,18.9954976280143));
#2816=CARTESIAN_POINT('Ctrl Pts',(-103.673952639562,17.2576335986879,18.9968650892263));
#2817=CARTESIAN_POINT('Ctrl Pts',(-103.630568037026,17.2605973863287,18.9981622950793));
#2818=CARTESIAN_POINT('Ctrl Pts',(-103.587139754857,17.2634006766246,18.9993891470685));
#2819=CARTESIAN_POINT('Ctrl Pts',(-103.340095498491,17.2793473531206,19.0063681644786));
#2820=CARTESIAN_POINT('Ctrl Pts',(-103.091637783152,17.2900964990738,19.0110692244366));
#2821=CARTESIAN_POINT('Ctrl Pts',(-102.843109766739,17.2955224955843,19.0134422276692));
#2822=CARTESIAN_POINT('Ctrl Pts',(-102.798217875662,17.2965025993482,19.0138708658734));
#2823=CARTESIAN_POINT('Ctrl Pts',(-102.75332369083,17.2973091512332,19.0142235896208));
#2824=CARTESIAN_POINT('Ctrl Pts',(-102.708435128224,17.2979415843345,19.0145001630483));
#2825=CARTESIAN_POINT('Ctrl Pts',(-102.460879983592,17.3014293785249,19.0160254329803));
#2826=CARTESIAN_POINT('Ctrl Pts',(-102.213495832917,17.299617597392,19.0152333327826));
#2827=CARTESIAN_POINT('Ctrl Pts',(-101.967067758468,17.292605871085,19.0121666315828));
#2828=CARTESIAN_POINT('Ctrl Pts',(-101.921433465225,17.2913074184832,19.0115987306155));
#2829=CARTESIAN_POINT('Ctrl Pts',(-101.875831958463,17.2898307817115,19.0109528739462));
#2830=CARTESIAN_POINT('Ctrl Pts',(-101.830268223796,17.2881767771265,19.0102293960356));
#2831=CARTESIAN_POINT('Ctrl Pts',(-101.58185630923,17.2791592010069,19.0062850193457));
#2832=CARTESIAN_POINT('Ctrl Pts',(-101.334567129729,17.2648654121487,19.0000319984198));
#2833=CARTESIAN_POINT('Ctrl Pts',(-101.088176760039,17.2453693126912,18.9914962125502));
#2834=CARTESIAN_POINT('Ctrl Pts',(-101.045329433265,17.2419789377129,18.9900118379502));
#2835=CARTESIAN_POINT('Ctrl Pts',(-101.002509287639,17.2384313588024,18.9884584710322));
#2836=CARTESIAN_POINT('Ctrl Pts',(-100.959715145548,17.2347271159296,18.9868362999021));
#2837=CARTESIAN_POINT('Ctrl Pts',(-100.717205133406,17.21373555166,18.9776436225583));
#2838=CARTESIAN_POINT('Ctrl Pts',(-100.47553019165,17.1877263106214,18.9662476143662));
#2839=CARTESIAN_POINT('Ctrl Pts',(-100.234716802177,17.1566970191105,18.9526358266327));
#2840=CARTESIAN_POINT('Ctrl Pts',(-99.9946657032356,17.125765950274,18.939067126773));
#2841=CARTESIAN_POINT('Ctrl Pts',(-99.7554707107536,17.0898465417535,18.9232966340819));
#2842=CARTESIAN_POINT('Ctrl Pts',(-99.5171580559393,17.0489854998102,18.9053290668974));
#2843=CARTESIAN_POINT('Ctrl Pts',(-99.4249796576441,17.0331806093736,18.8983792825243));
#2844=CARTESIAN_POINT('Ctrl Pts',(-99.3329332669459,17.0166369176428,18.8911009737474));
#2845=CARTESIAN_POINT('Ctrl Pts',(-99.2410204018192,16.9993591011074,18.8834951063403));
#2846=CARTESIAN_POINT('Ctrl Pts',(-99.0188675049786,16.9575987121878,18.8651117660414));
#2847=CARTESIAN_POINT('Ctrl Pts',(-98.7974946462068,16.9115529144201,18.8448166032923));
#2848=CARTESIAN_POINT('Ctrl Pts',(-98.5768740567144,16.8611323561147,18.8225521296181));
#2849=CARTESIAN_POINT('Ctrl Pts',(-98.3594122725654,16.8114337101627,18.8006064346154));
#2850=CARTESIAN_POINT('Ctrl Pts',(-98.1426813702024,16.7574846176984,18.7767473757562));
#2851=CARTESIAN_POINT('Ctrl Pts',(-97.9266547566054,16.6992472197102,18.7509369500636));
#2852=CARTESIAN_POINT('Ctrl Pts',(-97.801565628141,16.6655251461329,18.7359915523581));
#2853=CARTESIAN_POINT('Ctrl Pts',(-97.6767126428411,16.6303661313742,18.7203921968744));
#2854=CARTESIAN_POINT('Ctrl Pts',(-97.5520906376765,16.5937703596001,18.7041342431929));
#2855=CARTESIAN_POINT('Ctrl Pts',(-97.2729966147063,16.5118132352976,18.6677241590169));
#2856=CARTESIAN_POINT('Ctrl Pts',(-96.9950610655818,16.4226081977507,18.6279919332932));
#2857=CARTESIAN_POINT('Ctrl Pts',(-96.7214903675889,16.3272470003032,18.585367562254));
#2858=CARTESIAN_POINT('Ctrl Pts',(-96.4975161992066,16.2491741472859,18.55047070332));
#2859=CARTESIAN_POINT('Ctrl Pts',(-96.2764677062552,16.1669767374729,18.5136364761487));
#2860=CARTESIAN_POINT('Ctrl Pts',(-96.0580640809203,16.0807283589552,18.4748656842304));
#2861=CARTESIAN_POINT('Ctrl Pts',(-96.0097010846461,16.0616296374825,18.4662803337711));
#2862=CARTESIAN_POINT('Ctrl Pts',(-95.9614677796145,16.0423324653761,18.4576000994605));
#2863=CARTESIAN_POINT('Ctrl Pts',(-95.9133611167425,16.0228379577059,18.4488251183091));
#2864=CARTESIAN_POINT('Ctrl Pts',(-95.6999816095884,15.9363690947558,18.4099032509085));
#2865=CARTESIAN_POINT('Ctrl Pts',(-95.4890936733962,15.8460312424253,18.369123481477));
#2866=CARTESIAN_POINT('Ctrl Pts',(-95.2806735332594,15.7518633621176,18.3264706390549));
#2867=CARTESIAN_POINT('Ctrl Pts',(-95.0600289541223,15.6521722655418,18.2813160850898));
#2868=CARTESIAN_POINT('Ctrl Pts',(-94.8421501472848,15.5481888823251,18.2340621959362));
#2869=CARTESIAN_POINT('Ctrl Pts',(-94.6270089042754,15.4400140571341,18.1847153110784));
#2870=CARTESIAN_POINT('Ctrl Pts',(-94.5399303468846,15.3962302266055,18.1647421274849));
#2871=CARTESIAN_POINT('Ctrl Pts',(-94.4533002656499,15.3517603178366,18.1444263366937));
#2872=CARTESIAN_POINT('Ctrl Pts',(-94.367116790138,15.3066131038312,18.1237694195629));
#2873=CARTESIAN_POINT('Ctrl Pts',(-94.3422247515962,15.2935734093375,18.1178031624084));
#2874=CARTESIAN_POINT('Ctrl Pts',(-94.3173699691386,15.2804770904702,18.1118083926604));
#2875=CARTESIAN_POINT('Ctrl Pts',(-94.2925524412979,15.267324173984,18.1057850631002));
#2876=CARTESIAN_POINT('Ctrl Pts',(-94.0673506156457,15.1479705935488,18.051127531449));
#2877=CARTESIAN_POINT('Ctrl Pts',(-93.8452164475664,15.023952530776,17.9941157575472));
#2878=CARTESIAN_POINT('Ctrl Pts',(-93.6261488407247,14.8953199854699,17.9347322018396));
#2879=CARTESIAN_POINT('Ctrl Pts',(-93.3841946200628,14.7532488335549,17.8691446777483));
#2880=CARTESIAN_POINT('Ctrl Pts',(-93.1459811755344,14.6055527598756,17.8006644241128));
#2881=CARTESIAN_POINT('Ctrl Pts',(-92.9115070300444,14.4523301361526,17.7293027153302));
#2882=CARTESIAN_POINT('Ctrl Pts',(-92.6909765835008,14.3082193491846,17.6621847417428));
#2883=CARTESIAN_POINT('Ctrl Pts',(-92.4737539228293,14.1592111356794,17.5925130447289));
#2884=CARTESIAN_POINT('Ctrl Pts',(-92.259539999272,14.0050645116569,17.5201792346621));
#2885=CARTESIAN_POINT('Ctrl Pts',(-92.2454050380897,13.9948931067792,17.5154062694856));
#2886=CARTESIAN_POINT('Ctrl Pts',(-92.2312831771124,13.9846993088971,17.5106217196875));
#2887=CARTESIAN_POINT('Ctrl Pts',(-92.2171743304225,13.9744830379668,17.5058255562717));
#2888=CARTESIAN_POINT('Ctrl Pts',(-92.0934629396716,13.8849031372955,17.4637710879322));
#2889=CARTESIAN_POINT('Ctrl Pts',(-91.9707521402586,13.7935878252408,17.4208194131397));
#2890=CARTESIAN_POINT('Ctrl Pts',(-91.8492861632634,13.7007509262245,17.3770814338585));
#2891=CARTESIAN_POINT('Ctrl Pts',(-91.7469621035514,13.6225442659447,17.3402361565688));
#2892=CARTESIAN_POINT('Ctrl Pts',(-91.6455214361819,13.5432571598017,17.3028327027636));
#2893=CARTESIAN_POINT('Ctrl Pts',(-91.5451101670108,13.4629896867218,17.2649295514601));
#2894=CARTESIAN_POINT('Ctrl Pts',(-91.4327944868643,13.3732059810974,17.222532734315));
#2895=CARTESIAN_POINT('Ctrl Pts',(-91.3217667575191,13.2821941133438,17.1795098024498));
#2896=CARTESIAN_POINT('Ctrl Pts',(-91.2121111816716,13.1900921060082,17.1359493895519));
#2897=CARTESIAN_POINT('Ctrl Pts',(-91.1073613324578,13.1021105208846,17.0943377647214));
#2898=CARTESIAN_POINT('Ctrl Pts',(-91.0038636093491,13.0131339312739,17.0522356180835));
#2899=CARTESIAN_POINT('Ctrl Pts',(-90.9016914120074,12.923240075565,17.0097073663863));
#2900=CARTESIAN_POINT('Ctrl Pts',(-90.8209208622785,12.8521759668176,16.9760873566579));
#2901=CARTESIAN_POINT('Ctrl Pts',(-90.7409786909851,12.7805378484292,16.9422008293159));
#2902=CARTESIAN_POINT('Ctrl Pts',(-90.6618377411685,12.708331594242,16.9080673996066));
#2903=CARTESIAN_POINT('Ctrl Pts',(-90.5572750733632,12.6129311904367,16.8629696028273));
#2904=CARTESIAN_POINT('Ctrl Pts',(-90.4541110372865,12.5165408433399,16.8174413566678));
#2905=CARTESIAN_POINT('Ctrl Pts',(-90.3522829993452,12.4191308466489,16.7715147779269));
#2906=CARTESIAN_POINT('Ctrl Pts',(-90.3316311529749,12.3993750276499,16.7622003624904));
#2907=CARTESIAN_POINT('Ctrl Pts',(-90.3110342592839,12.3795771040389,16.7528695134039));
#2908=CARTESIAN_POINT('Ctrl Pts',(-90.2904917957775,12.3597365769807,16.7435224230172));
#2909=CARTESIAN_POINT('Ctrl Pts',(-90.1909421909625,12.2635885844405,16.6982260468607));
#2910=CARTESIAN_POINT('Ctrl Pts',(-90.0926708303743,12.1664029668066,16.6525302611702));
#2911=CARTESIAN_POINT('Ctrl Pts',(-89.9956622290345,12.068240423646,16.6065166444626));
#2912=CARTESIAN_POINT('Ctrl Pts',(-89.8954709217644,11.966857315464,16.558993390375));
#2913=CARTESIAN_POINT('Ctrl Pts',(-89.7966265914267,11.8644318472467,16.5111310732255));
#2914=CARTESIAN_POINT('Ctrl Pts',(-89.699112178376,11.7609760132433,16.4629997974395));
#2915=CARTESIAN_POINT('Ctrl Pts',(-89.5930291118532,11.6484294493313,16.4106391958496));
#2916=CARTESIAN_POINT('Ctrl Pts',(-89.4885199525944,11.5346632981595,16.3579603472959));
#2917=CARTESIAN_POINT('Ctrl Pts',(-89.3855627370884,11.4196319325662,16.3050300093777));
#2918=CARTESIAN_POINT('Ctrl Pts',(-89.3093709798386,11.3345049034374,16.2658598022388));
#2919=CARTESIAN_POINT('Ctrl Pts',(-89.2340291432368,11.2486835326273,16.226551324535));
#2920=CARTESIAN_POINT('Ctrl Pts',(-89.1595283259434,11.1621327493137,16.1871245362669));
#2921=CARTESIAN_POINT('Ctrl Pts',(-89.0093181164885,10.9876271296126,16.107631366406));
#2922=CARTESIAN_POINT('Ctrl Pts',(-88.8625267786744,10.8103098963487,16.0277299702555));
#2923=CARTESIAN_POINT('Ctrl Pts',(-88.7191642455198,10.6300191140653,15.9476200543576));
#2924=CARTESIAN_POINT('Ctrl Pts',(-88.6793252979014,10.5799181924828,15.9253583471113));
#2925=CARTESIAN_POINT('Ctrl Pts',(-88.6397511314713,10.5295875588191,15.9030802614274));
#2926=CARTESIAN_POINT('Ctrl Pts',(-88.6004419593856,10.4790241768374,15.880789624423));
#2927=CARTESIAN_POINT('Ctrl Pts',(-88.5048357272614,10.3560458952247,15.8265752082305));
#2928=CARTESIAN_POINT('Ctrl Pts',(-88.4107970444675,10.2316878217295,15.7722863161706));
#2929=CARTESIAN_POINT('Ctrl Pts',(-88.3183289777282,10.1059283623672,15.7179796034154));
#2930=CARTESIAN_POINT('Ctrl Pts',(-88.2601830588459,10.0268480962752,15.6838303687014));
#2931=CARTESIAN_POINT('Ctrl Pts',(-88.2026581876568,9.94721436498016,15.6496740980188));
#2932=CARTESIAN_POINT('Ctrl Pts',(-88.1457551266914,9.86703272871955,15.6155261693108));
#2933=CARTESIAN_POINT('Ctrl Pts',(-88.063688222964,9.75139292811725,15.5662772408661));
#2934=CARTESIAN_POINT('Ctrl Pts',(-87.9829146889811,9.6346008585316,15.5170406698547));
#2935=CARTESIAN_POINT('Ctrl Pts',(-87.9034651563843,9.51661896436755,15.4678301271064));
#2936=CARTESIAN_POINT('Ctrl Pts',(-87.8287487494539,9.4056657223955,15.4215512527434));
#2937=CARTESIAN_POINT('Ctrl Pts',(-87.7552032907795,9.29366004918607,15.3752953143808));
#2938=CARTESIAN_POINT('Ctrl Pts',(-87.6828542571196,9.18061207879683,15.329082030328));
#2939=CARTESIAN_POINT('Ctrl Pts',(-87.61560863531,9.07553837319797,15.2861285744934));
#2940=CARTESIAN_POINT('Ctrl Pts',(-87.5493966028904,8.96957185929608,15.2432152765747));
#2941=CARTESIAN_POINT('Ctrl Pts',(-87.4843242106537,8.86285283467196,15.2004032865216));
#2942=CARTESIAN_POINT('Ctrl Pts',(-87.4212937935088,8.7594826586549,15.1589347389687));
#2943=CARTESIAN_POINT('Ctrl Pts',(-87.3593326148215,8.65540632557263,15.1175611762804));
#2944=CARTESIAN_POINT('Ctrl Pts',(-87.2985370517565,8.55079960139107,15.0763486440294));
#2945=CARTESIAN_POINT('Ctrl Pts',(-87.2827629337666,8.52365816661215,15.0656555718114));
#2946=CARTESIAN_POINT('Ctrl Pts',(-87.2670672854346,8.49648129043026,15.0549733991739));
#2947=CARTESIAN_POINT('Ctrl Pts',(-87.2514517901855,8.46927261041413,15.0443034071781));
#2948=CARTESIAN_POINT('Ctrl Pts',(-87.1730193838229,8.33261077461825,14.9907109251758));
#2949=CARTESIAN_POINT('Ctrl Pts',(-87.0966090642173,8.19515549731238,14.9374294899284));
#2950=CARTESIAN_POINT('Ctrl Pts',(-87.0222000090399,8.05683657560537,14.8844081491645));
#2951=CARTESIAN_POINT('Ctrl Pts',(-87.0056969907381,8.02615913062289,14.8726486643153));
#2952=CARTESIAN_POINT('Ctrl Pts',(-86.9892924142619,7.99543939803738,14.8609020340346));
#2953=CARTESIAN_POINT('Ctrl Pts',(-86.9729860524458,7.96467693684025,14.8491678035978));
#2954=CARTESIAN_POINT('Ctrl Pts',(-86.8959392006376,7.81932564291955,14.7937240741045));
#2955=CARTESIAN_POINT('Ctrl Pts',(-86.821085012216,7.67301645812669,14.7385557258387));
#2956=CARTESIAN_POINT('Ctrl Pts',(-86.7483995244923,7.52574425297359,14.6836168911218));
#2957=CARTESIAN_POINT('Ctrl Pts',(-86.6727028572697,7.37237092559095,14.626402076729));
#2958=CARTESIAN_POINT('Ctrl Pts',(-86.5993583005379,7.21795333350072,14.5694362372143));
#2959=CARTESIAN_POINT('Ctrl Pts',(-86.5283387883832,7.06253829887116,14.5126868268696));
#2960=CARTESIAN_POINT('Ctrl Pts',(-86.518174996762,7.04029643915051,14.5045652675422));
#2961=CARTESIAN_POINT('Ctrl Pts',(-86.5080588249246,7.0180342320286,14.4964481711013));
#2962=CARTESIAN_POINT('Ctrl Pts',(-86.4979901935375,6.99575189427382,14.4883354716795));
#2963=CARTESIAN_POINT('Ctrl Pts',(-86.4102578681205,6.80159628048734,14.4176460245913));
#2964=CARTESIAN_POINT('Ctrl Pts',(-86.3261349981805,6.60584117591647,14.3472639856297));
#2965=CARTESIAN_POINT('Ctrl Pts',(-86.24564018598,6.40851182558822,14.2771078967097));
#2966=CARTESIAN_POINT('Ctrl Pts',(-86.1614370068648,6.20209158338677,14.203719742121));
#2967=CARTESIAN_POINT('Ctrl Pts',(-86.0812038723394,5.99394836263537,14.1305808694055));
#2968=CARTESIAN_POINT('Ctrl Pts',(-86.0049620759289,5.78409179086708,14.0576876800299));
#2969=CARTESIAN_POINT('Ctrl Pts',(-85.9657205983211,5.6760790950808,14.0201697227767));
#2970=CARTESIAN_POINT('Ctrl Pts',(-85.9275364809695,5.56761353311945,13.9827169213197));
#2971=CARTESIAN_POINT('Ctrl Pts',(-85.8904126272566,5.45870148359657,13.9453290092882));
#2972=CARTESIAN_POINT('Ctrl Pts',(-85.8013314590901,5.19735974160105,13.8556142155377));
#2973=CARTESIAN_POINT('Ctrl Pts',(-85.7183552051911,4.93333944644726,13.7662375846576));
#2974=CARTESIAN_POINT('Ctrl Pts',(-85.6415324875618,4.66682389154953,13.6772131389519));
#2975=CARTESIAN_POINT('Ctrl Pts',(-85.6303742668128,4.62811347506937,13.6642826615113));
#2976=CARTESIAN_POINT('Ctrl Pts',(-85.6193458641882,4.58935050461745,13.6513596081411));
#2977=CARTESIAN_POINT('Ctrl Pts',(-85.6084474286751,4.55053561456953,13.638444013375));
#2978=CARTESIAN_POINT('Ctrl Pts',(-85.5612039444934,4.38227746028855,13.5824563721863));
#2979=CARTESIAN_POINT('Ctrl Pts',(-85.5164027039519,4.21304026569524,13.526612000828));
#2980=CARTESIAN_POINT('Ctrl Pts',(-85.4740558432294,4.04269327025544,13.4710757801661));
#2981=CARTESIAN_POINT('Ctrl Pts',(-85.4588842833435,3.98166325295041,13.4511788838381));
#2982=CARTESIAN_POINT('Ctrl Pts',(-85.4440277591797,3.92049115441615,13.4313211979889));
#2983=CARTESIAN_POINT('Ctrl Pts',(-85.4294868288343,3.85917209398737,13.4115092043932));
#2984=CARTESIAN_POINT('Ctrl Pts',(-85.3972488712213,3.72322472170668,13.3675850403543));
#2985=CARTESIAN_POINT('Ctrl Pts',(-85.3665621541254,3.58659442141499,13.3239000247819));
#2986=CARTESIAN_POINT('Ctrl Pts',(-85.3375095315778,3.44954073790563,13.2806085127748));
#2987=CARTESIAN_POINT('Ctrl Pts',(-85.3084569090302,3.31248705439628,13.2373170007676));
#2988=CARTESIAN_POINT('Ctrl Pts',(-85.281038381031,3.17500998967102,13.1944190672808));
#2989=CARTESIAN_POINT('Ctrl Pts',(-85.2553368016111,3.03742412205224,13.1520607967454));
#2990=CARTESIAN_POINT('Ctrl Pts',(-85.2199470102825,2.84797525335639,13.0937355735831));
#2991=CARTESIAN_POINT('Ctrl Pts',(-85.1878125388119,2.65829365706635,13.0364246004405));
#2992=CARTESIAN_POINT('Ctrl Pts',(-85.1588838686379,2.46823521948323,12.9801590331418));
#2993=CARTESIAN_POINT('Ctrl Pts',(-85.1500542823792,2.41022573067027,12.9629857003591));
#2994=CARTESIAN_POINT('Ctrl Pts',(-85.141523344641,2.35218094859503,12.9459094408054));
#2995=CARTESIAN_POINT('Ctrl Pts',(-85.1332896474201,2.29409619985271,12.928930358382));
#2996=CARTESIAN_POINT('Ctrl Pts',(-85.1293169423816,2.26607068861619,12.9207380622019));
#2997=CARTESIAN_POINT('Ctrl Pts',(-85.1254134349167,2.23803586850292,12.9125683837522));
#2998=CARTESIAN_POINT('Ctrl Pts',(-85.1215789668721,2.20999122733306,12.9044212713806));
#2999=CARTESIAN_POINT('Ctrl Pts',(-85.0915490539819,1.99035759847929,12.8406165735773));
#3000=CARTESIAN_POINT('Ctrl Pts',(-85.0657535718459,1.7701104492147,12.7781962579042));
#3001=CARTESIAN_POINT('Ctrl Pts',(-85.0442210899287,1.54929679760444,12.7171963273359));
#3002=CARTESIAN_POINT('Ctrl Pts',(-85.0231409080366,1.33312144178237,12.6574777293255));
#3003=CARTESIAN_POINT('Ctrl Pts',(-85.0061465146322,1.11640424458044,12.5991196578226));
#3004=CARTESIAN_POINT('Ctrl Pts',(-84.9932647163867,0.899160152681544,12.5421167140083));
#3005=CARTESIAN_POINT('Ctrl Pts',(-84.9861621683998,0.779379780549666,12.5106873952038));
#3006=CARTESIAN_POINT('Ctrl Pts',(-84.9803098544762,0.659438611509951,12.4796694141508));
#3007=CARTESIAN_POINT('Ctrl Pts',(-84.9757122678177,0.539333585232932,12.449057858192));
#3008=CARTESIAN_POINT('Ctrl Pts',(-84.9671919911281,0.316754190494149,12.3923283289749));
#3009=CARTESIAN_POINT('Ctrl Pts',(-84.962980916752,0.0936115131992535,12.3369952679195));
#3010=CARTESIAN_POINT('Ctrl Pts',(-84.9631429675506,-0.130061434538009,
12.2830292699708));
#3011=CARTESIAN_POINT('Ctrl Pts',(-84.9632349814763,-0.257064980167291,
12.2523868827163));
#3012=CARTESIAN_POINT('Ctrl Pts',(-84.964736922564,-0.384240255713493,12.2221847814266));
#3013=CARTESIAN_POINT('Ctrl Pts',(-84.9676604929016,-0.51158810183286,12.1924144366771));
#3014=CARTESIAN_POINT('Ctrl Pts',(-84.9725526574407,-0.724685973601401,
12.1425981476604));
#3015=CARTESIAN_POINT('Ctrl Pts',(-84.9814255395645,-0.938264461259256,
12.0939914614242));
#3016=CARTESIAN_POINT('Ctrl Pts',(-84.9943339702372,-1.15236541895066,12.0465448679787));
#3017=CARTESIAN_POINT('Ctrl Pts',(-85.0094071107901,-1.40237054425223,11.9911416055769));
#3018=CARTESIAN_POINT('Ctrl Pts',(-85.0299827909946,-1.65305818867093,11.937327376663));
#3019=CARTESIAN_POINT('Ctrl Pts',(-85.0562222017684,-1.9043097117429,11.8850568167652));
#3020=CARTESIAN_POINT('Ctrl Pts',(-85.0597577866641,-1.93816417203008,11.8780137088365));
#3021=CARTESIAN_POINT('Ctrl Pts',(-85.0633962008809,-1.97202894238676,11.870998599203));
#3022=CARTESIAN_POINT('Ctrl Pts',(-85.0671378387508,-2.00590380212925,11.8640113517285));
#3023=CARTESIAN_POINT('Ctrl Pts',(-85.0864818635983,-2.1810346275459,11.8278877359588));
#3024=CARTESIAN_POINT('Ctrl Pts',(-85.1085848738482,-2.35642625425321,11.7925122193373));
#3025=CARTESIAN_POINT('Ctrl Pts',(-85.1333772764934,-2.53154032793628,11.7579608612857));
#3026=CARTESIAN_POINT('Ctrl Pts',(-85.1489702344218,-2.6416767444293,11.7362300964148));
#3027=CARTESIAN_POINT('Ctrl Pts',(-85.1656270265645,-2.75170231475834,11.7148251825469));
#3028=CARTESIAN_POINT('Ctrl Pts',(-85.1833303390068,-2.86147269846501,11.6937633894182));
#3029=CARTESIAN_POINT('Ctrl Pts',(-85.2168341055557,-3.06921468582925,11.6539036511695));
#3030=CARTESIAN_POINT('Ctrl Pts',(-85.2540860988586,-3.27608299901296,11.6152638169786));
#3031=CARTESIAN_POINT('Ctrl Pts',(-85.2950856018097,-3.48208907761086,11.5777655566634));
#3032=CARTESIAN_POINT('Ctrl Pts',(-85.3358532282841,-3.68693006979848,11.5404793712238));
#3033=CARTESIAN_POINT('Ctrl Pts',(-85.3803260954994,-3.89091851509063,11.5043217446936));
#3034=CARTESIAN_POINT('Ctrl Pts',(-85.4285034984482,-4.09411705648666,11.4692125637763));
#3035=CARTESIAN_POINT('Ctrl Pts',(-85.46448974851,-4.2458967929458,11.4429876598457));
#3036=CARTESIAN_POINT('Ctrl Pts',(-85.5025429020913,-4.3972368666936,11.4173476540002));
#3037=CARTESIAN_POINT('Ctrl Pts',(-85.5426626653777,-4.54818237081224,11.3922586578478));
#3038=CARTESIAN_POINT('Ctrl Pts',(-85.6070611294989,-4.79047339735287,11.3519869142929));
#3039=CARTESIAN_POINT('Ctrl Pts',(-85.6767842643908,-5.03172353780836,11.3131391151324));
#3040=CARTESIAN_POINT('Ctrl Pts',(-85.7518866652733,-5.27180899085364,11.2756331211877));
#3041=CARTESIAN_POINT('Ctrl Pts',(-85.8263652104097,-5.50990011765015,11.2384386795976));
#3042=CARTESIAN_POINT('Ctrl Pts',(-85.9061340244412,-5.74684577560094,11.2025636950716));
#3043=CARTESIAN_POINT('Ctrl Pts',(-85.9912463533337,-5.98257651752216,11.1679248995396));
#3044=CARTESIAN_POINT('Ctrl Pts',(-86.017348710529,-6.05487072104845,11.1573018297029));
#3045=CARTESIAN_POINT('Ctrl Pts',(-86.0439536434753,-6.12705102674315,11.1467950133671));
#3046=CARTESIAN_POINT('Ctrl Pts',(-86.0710626880213,-6.19911641646343,11.1364020193242));
#3047=CARTESIAN_POINT('Ctrl Pts',(-86.1407779597509,-6.38444416632615,11.1096747622069));
#3048=CARTESIAN_POINT('Ctrl Pts',(-86.2138271433657,-6.56899351711767,11.0837042836514));
#3049=CARTESIAN_POINT('Ctrl Pts',(-86.2899053656644,-6.75204248369474,11.0585428607556));
#3050=CARTESIAN_POINT('Ctrl Pts',(-86.3254854895523,-6.83765048965982,11.0467754125059));
#3051=CARTESIAN_POINT('Ctrl Pts',(-86.3617281334805,-6.92292957733569,11.0351848033568));
#3052=CARTESIAN_POINT('Ctrl Pts',(-86.398602111386,-7.00780206093362,11.0237757538774));
#3053=CARTESIAN_POINT('Ctrl Pts',(-86.4820298907618,-7.1998269857955,10.9979626543173));
#3054=CARTESIAN_POINT('Ctrl Pts',(-86.5686894409081,-7.38978313866538,10.9730760978941));
#3055=CARTESIAN_POINT('Ctrl Pts',(-86.6586022536202,-7.57783815495696,10.9490286275465));
#3056=CARTESIAN_POINT('Ctrl Pts',(-86.6934032735755,-7.65062540493009,10.9397209830607));
#3057=CARTESIAN_POINT('Ctrl Pts',(-86.7286916647661,-7.72312840142195,10.9305390765416));
#3058=CARTESIAN_POINT('Ctrl Pts',(-86.7644686733808,-7.79535894791911,10.9214779751191));
#3059=CARTESIAN_POINT('Ctrl Pts',(-86.8671537959687,-8.00267092868114,10.895471320388));
#3060=CARTESIAN_POINT('Ctrl Pts',(-86.9738640118474,-8.20774432021275,10.870458802402));
#3061=CARTESIAN_POINT('Ctrl Pts',(-87.0845568074746,-8.41051689389309,10.8463721285766));
#3062=CARTESIAN_POINT('Ctrl Pts',(-87.2068610272648,-8.63455985240996,10.819758817088));
#3063=CARTESIAN_POINT('Ctrl Pts',(-87.3340271764979,-8.85579322276053,10.794275683743));
#3064=CARTESIAN_POINT('Ctrl Pts',(-87.465997910439,-9.07418312962167,10.7698325158058));
#3065=CARTESIAN_POINT('Ctrl Pts',(-87.5128522438472,-9.15171936211408,10.7611543164363));
#3066=CARTESIAN_POINT('Ctrl Pts',(-87.5603121971285,-9.22889765448354,10.7526072286953));
#3067=CARTESIAN_POINT('Ctrl Pts',(-87.6083752039681,-9.30571806499687,10.7441873003072));
#3068=CARTESIAN_POINT('Ctrl Pts',(-87.7461535721621,-9.52593297664085,10.7200505666757));
#3069=CARTESIAN_POINT('Ctrl Pts',(-87.8888875385276,-9.74320125564231,10.696958724304));
#3070=CARTESIAN_POINT('Ctrl Pts',(-88.0367298627243,-9.95754004543339,10.6748231163465));
#3071=CARTESIAN_POINT('Ctrl Pts',(-88.18584807424,-10.1737285906671,10.6524964768855));
#3072=CARTESIAN_POINT('Ctrl Pts',(-88.3401631948597,-10.3869369061493,10.6311426033864));
#3073=CARTESIAN_POINT('Ctrl Pts',(-88.4998319734459,-10.5972354188329,10.6106744700432));
#3074=CARTESIAN_POINT('Ctrl Pts',(-88.5333991046836,-10.6414464276278,10.6063714589962));
#3075=CARTESIAN_POINT('Ctrl Pts',(-88.5672028491755,-10.6855290162458,10.6021076096815));
#3076=CARTESIAN_POINT('Ctrl Pts',(-88.601244663343,-10.7294841294125,10.5978821380415));
#3077=CARTESIAN_POINT('Ctrl Pts',(-88.7851773966422,-10.9669798183157,10.5750513175571));
#3078=CARTESIAN_POINT('Ctrl Pts',(-88.9760603208871,-11.2007159947211,10.5533460700094));
#3079=CARTESIAN_POINT('Ctrl Pts',(-89.1728409527836,-11.4294717796696,10.5327660189872));
#3080=CARTESIAN_POINT('Ctrl Pts',(-89.357472649011,-11.6441045318354,10.5134565488832));
#3081=CARTESIAN_POINT('Ctrl Pts',(-89.5472963018968,-11.8543517449387,10.4951374286686));
#3082=CARTESIAN_POINT('Ctrl Pts',(-89.7414425768963,-12.0591643011473,10.4777994350049));
#3083=CARTESIAN_POINT('Ctrl Pts',(-89.9213771819123,-12.2489844066518,10.461730597003));
#3084=CARTESIAN_POINT('Ctrl Pts',(-90.1050247320986,-12.43416146671,10.4465007781274));
#3085=CARTESIAN_POINT('Ctrl Pts',(-90.2923953748977,-12.6147947024365,10.4320249746137));
#3086=CARTESIAN_POINT('Ctrl Pts',(-90.483020900912,-12.7985657834428,10.4172977066807));
#3087=CARTESIAN_POINT('Ctrl Pts',(-90.6774999934123,-12.9776338852502,10.4033508604646));
#3088=CARTESIAN_POINT('Ctrl Pts',(-90.8758433379053,-13.1521569650043,10.3901010369717));
#3089=CARTESIAN_POINT('Ctrl Pts',(-90.9170945162955,-13.1884540372078,10.3873453567449));
#3090=CARTESIAN_POINT('Ctrl Pts',(-90.9585128433436,-13.2245546928198,10.3846198475322));
#3091=CARTESIAN_POINT('Ctrl Pts',(-91.0000984151779,-13.2604606309527,10.3819237924061));
#3092=CARTESIAN_POINT('Ctrl Pts',(-91.2334481008064,-13.461940110636,10.3667953815567));
#3093=CARTESIAN_POINT('Ctrl Pts',(-91.4720637963495,-13.6572711380985,10.3525949385765));
#3094=CARTESIAN_POINT('Ctrl Pts',(-91.7158913009791,-13.8463202615392,10.3392346096633));
#3095=CARTESIAN_POINT('Ctrl Pts',(-91.9298078911585,-14.0121782681013,10.3275132248707));
#3096=CARTESIAN_POINT('Ctrl Pts',(-92.1477360298202,-14.1732019176279,10.3164385540205));
#3097=CARTESIAN_POINT('Ctrl Pts',(-92.3696391161083,-14.329333903674,10.3059549825975));
#3098=CARTESIAN_POINT('Ctrl Pts',(-92.607056016039,-14.4963814771312,10.2947384778202));
#3099=CARTESIAN_POINT('Ctrl Pts',(-92.8490230897699,-14.6578191645253,10.2841989807075));
#3100=CARTESIAN_POINT('Ctrl Pts',(-93.0961417028277,-14.8138419827576,10.2742590445301));
#3101=CARTESIAN_POINT('Ctrl Pts',(-93.3432603158854,-14.9698648009898,10.2643191083527));
#3102=CARTESIAN_POINT('Ctrl Pts',(-93.5955304682699,-15.1204728601145,10.2549803984521));
#3103=CARTESIAN_POINT('Ctrl Pts',(-93.8506693416843,-15.2642549216686,10.2462674844029));
#3104=CARTESIAN_POINT('Ctrl Pts',(-94.1200112295819,-15.4160410112853,10.2370695417776));
#3105=CARTESIAN_POINT('Ctrl Pts',(-94.3925501190518,-15.5602309092254,10.2285665942136));
#3106=CARTESIAN_POINT('Ctrl Pts',(-94.6680420998645,-15.6968324113679,10.2206866979514));
#3107=CARTESIAN_POINT('Ctrl Pts',(-94.9144794347473,-15.819027293519,10.2136378516355));
#3108=CARTESIAN_POINT('Ctrl Pts',(-95.1632798144772,-15.9351508288133,10.2070876732234));
#3109=CARTESIAN_POINT('Ctrl Pts',(-95.4142686477375,-16.0452435523722,10.2009896150193));
#3110=CARTESIAN_POINT('Ctrl Pts',(-95.7092842995631,-16.1746480210096,10.1938218753531));
#3111=CARTESIAN_POINT('Ctrl Pts',(-96.0073235117651,-16.2957168361811,10.1872788115824));
#3112=CARTESIAN_POINT('Ctrl Pts',(-96.308400569775,-16.408467863708,10.1812980082438));
#3113=CARTESIAN_POINT('Ctrl Pts',(-96.5498140815514,-16.4988753550379,10.1765024029367));
#3114=CARTESIAN_POINT('Ctrl Pts',(-96.7931807341021,-16.5839361270522,10.1720684505357));
#3115=CARTESIAN_POINT('Ctrl Pts',(-97.0385078919582,-16.6636832780593,10.1679675480968));
#3116=CARTESIAN_POINT('Ctrl Pts',(-97.3644918446659,-16.7696490901187,10.1625183821813));
#3117=CARTESIAN_POINT('Ctrl Pts',(-97.6939373362205,-16.866228365135,10.1576572338654));
#3118=CARTESIAN_POINT('Ctrl Pts',(-98.0270801907873,-16.9532519737306,10.1533398021542));
#3119=CARTESIAN_POINT('Ctrl Pts',(-98.2573291447777,-17.0133976276953,10.1503558446063));
#3120=CARTESIAN_POINT('Ctrl Pts',(-98.4893442440223,-17.0689798318052,10.1476317705533));
#3121=CARTESIAN_POINT('Ctrl Pts',(-98.7232033441101,-17.1199571303684,10.1451551912289));
#3122=CARTESIAN_POINT('Ctrl Pts',(-99.0093160474746,-17.1823248239782,10.1421252436864));
#3123=CARTESIAN_POINT('Ctrl Pts',(-99.2981888637508,-17.2377926239585,10.1394660950353));
#3124=CARTESIAN_POINT('Ctrl Pts',(-99.5870828287598,-17.2858020806506,10.1371824662101));
#3125=CARTESIAN_POINT('Ctrl Pts',(-99.8759767937687,-17.3338115373428,10.1348988373848));
#3126=CARTESIAN_POINT('Ctrl Pts',(-100.16489190751,-17.3743626401204,10.1329904869174));
#3127=CARTESIAN_POINT('Ctrl Pts',(-100.453978757196,-17.4076681999641,10.1314309365871));
#3128=CARTESIAN_POINT('Ctrl Pts',(-100.792796502213,-17.4467032328445,10.1296031006729));
#3129=CARTESIAN_POINT('Ctrl Pts',(-101.131850152056,-17.4757935521795,10.1282538608186));
#3130=CARTESIAN_POINT('Ctrl Pts',(-101.471100180959,-17.4949946472726,10.1273648943634));
#3131=CARTESIAN_POINT('Ctrl Pts',(-101.710761519914,-17.5085591565352,10.1267368888431));
#3132=CARTESIAN_POINT('Ctrl Pts',(-101.950520864574,-17.5171894197111,10.1263387703445));
#3133=CARTESIAN_POINT('Ctrl Pts',(-102.190364279694,-17.5209204421496,10.1261666155169));
#3134=CARTESIAN_POINT('Ctrl Pts',(-102.530509483651,-17.526211766857,10.1259224660625));
#3135=CARTESIAN_POINT('Ctrl Pts',(-102.870823777066,-17.5216471274764,10.1261324502318));
#3136=CARTESIAN_POINT('Ctrl Pts',(-103.211365850767,-17.5071107725396,10.1268043882163));
#3137=CARTESIAN_POINT('Ctrl Pts',(-103.450850924109,-17.4968881295917,10.1272769263546));
#3138=CARTESIAN_POINT('Ctrl Pts',(-103.690448647524,-17.4817349497665,10.1279780971095));
#3139=CARTESIAN_POINT('Ctrl Pts',(-103.930179433374,-17.4616262473098,10.1289131336062));
#3140=CARTESIAN_POINT('Ctrl Pts',(-104.220490561818,-17.4372748479639,10.1300454516751));
#3141=CARTESIAN_POINT('Ctrl Pts',(-104.51099682528,-17.405648770283,10.1315208837564));
#3142=CARTESIAN_POINT('Ctrl Pts',(-104.801386579105,-17.3665989723423,10.1333591376948));
#3143=CARTESIAN_POINT('Ctrl Pts',(-105.091776332931,-17.3275491744016,10.1351973916332));
#3144=CARTESIAN_POINT('Ctrl Pts',(-105.382049577121,-17.2810756632285,10.1373986309138));
#3145=CARTESIAN_POINT('Ctrl Pts',(-105.669735118926,-17.2276497485406,10.1399588744064));
#3146=CARTESIAN_POINT('Ctrl Pts',(-106.008521352683,-17.1647339540642,10.1429738860226));
#3147=CARTESIAN_POINT('Ctrl Pts',(-106.343718947515,-17.0921845175953,10.1464859896694));
#3148=CARTESIAN_POINT('Ctrl Pts',(-106.675696139382,-17.0100869697643,10.1505301090344));
#3149=CARTESIAN_POINT('Ctrl Pts',(-106.907526025803,-16.9527557263674,10.1533542420052));
#3150=CARTESIAN_POINT('Ctrl Pts',(-107.137785431651,-16.8907692578464,10.1564379918263));
#3151=CARTESIAN_POINT('Ctrl Pts',(-107.366599760445,-16.8241715941765,10.1597955959108));
#3152=CARTESIAN_POINT('Ctrl Pts',(-107.680342497887,-16.7328550519947,10.1643994330142));
#3153=CARTESIAN_POINT('Ctrl Pts',(-107.99136834609,-16.6328687495967,10.1695176992254));
#3154=CARTESIAN_POINT('Ctrl Pts',(-108.299543535617,-16.5241944396711,10.1752020952118));
#3155=CARTESIAN_POINT('Ctrl Pts',(-108.537966686852,-16.4401173552358,10.1795998911733));
#3156=CARTESIAN_POINT('Ctrl Pts',(-108.774683572137,-16.350841012452,10.1843366967139));
#3157=CARTESIAN_POINT('Ctrl Pts',(-109.009632246058,-16.2563781797691,10.1894396622217));
#3158=CARTESIAN_POINT('Ctrl Pts',(-109.278948700153,-16.1480975297133,10.195289078407));
#3159=CARTESIAN_POINT('Ctrl Pts',(-109.545941807898,-16.0329935080666,10.2016196748093));
#3160=CARTESIAN_POINT('Ctrl Pts',(-109.810928935449,-15.9107932455413,10.2084959543409));
#3161=CARTESIAN_POINT('Ctrl Pts',(-110.075916062999,-15.7885929830159,10.2153722338725));
#3162=CARTESIAN_POINT('Ctrl Pts',(-110.338897210355,-15.6592965138177,10.2227948151839));
#3163=CARTESIAN_POINT('Ctrl Pts',(-110.598524723663,-15.5234274994009,10.230789940838));
#3164=CARTESIAN_POINT('Ctrl Pts',(-110.858152236971,-15.3875584849842,10.238785066492));
#3165=CARTESIAN_POINT('Ctrl Pts',(-111.114426116231,-15.2451169521385,10.2473532046438));
#3166=CARTESIAN_POINT('Ctrl Pts',(-111.365923826129,-15.0970242767009,10.2564969558496));
#3167=CARTESIAN_POINT('Ctrl Pts',(-111.617421536028,-14.9489316012634,10.2656407070553));
#3168=CARTESIAN_POINT('Ctrl Pts',(-111.864143076564,-14.7951877186027,10.2753590401015));
#3169=CARTESIAN_POINT('Ctrl Pts',(-112.106549332417,-14.635663784235,10.2857218806911));
#3170=CARTESIAN_POINT('Ctrl Pts',(-112.366041617312,-14.4648957894949,10.2968151471297));
#3171=CARTESIAN_POINT('Ctrl Pts',(-112.620588852005,-14.2875148096952,10.3086463688869));
#3172=CARTESIAN_POINT('Ctrl Pts',(-112.870117221965,-14.1036010058474,10.3212960870343));
#3173=CARTESIAN_POINT('Ctrl Pts',(-113.086785663333,-13.943906469983,10.3322799872424));
#3174=CARTESIAN_POINT('Ctrl Pts',(-113.299670053971,-13.7792871281746,10.3438811087358));
#3175=CARTESIAN_POINT('Ctrl Pts',(-113.508722069191,-13.6098271612599,10.3561559069493));
#3176=CARTESIAN_POINT('Ctrl Pts',(-113.714059293224,-13.4433784467888,10.3682125857049));
#3177=CARTESIAN_POINT('Ctrl Pts',(-113.915699132028,-13.2722678089335,10.3809182250475));
#3178=CARTESIAN_POINT('Ctrl Pts',(-114.113702508422,-13.096296774104,10.3943540142667));
#3179=CARTESIAN_POINT('Ctrl Pts',(-114.307970763024,-12.9236452445216,10.4075363517013));
#3180=CARTESIAN_POINT('Ctrl Pts',(-114.498738457131,-12.7463148738257,10.4214215640806));
#3181=CARTESIAN_POINT('Ctrl Pts',(-114.686063130459,-12.5641682719285,10.4360923772742));
#3182=CARTESIAN_POINT('Ctrl Pts',(-114.726052632815,-12.525284168536,10.4392242579194));
#3183=CARTESIAN_POINT('Ctrl Pts',(-114.765885228403,-12.4861807651664,10.4423919621648));
#3184=CARTESIAN_POINT('Ctrl Pts',(-114.805561477009,-12.4468570341155,10.445596330463));
#3185=CARTESIAN_POINT('Ctrl Pts',(-114.983491775905,-12.2705076194018,10.4599664947074));
#3186=CARTESIAN_POINT('Ctrl Pts',(-115.158277744823,-12.0897068838848,10.4750767776625));
#3187=CARTESIAN_POINT('Ctrl Pts',(-115.328794058056,-11.9055640473653,10.4908999966832));
#3188=CARTESIAN_POINT('Ctrl Pts',(-115.357114508782,-11.8749804156343,10.4935280191057));
#3189=CARTESIAN_POINT('Ctrl Pts',(-115.385317182285,-11.8443044780966,10.4961756874544));
#3190=CARTESIAN_POINT('Ctrl Pts',(-115.413396922945,-11.8135411755254,10.498842852567));
#3191=CARTESIAN_POINT('Ctrl Pts',(-115.610543671064,-11.597553245415,10.5175689132878));
#3192=CARTESIAN_POINT('Ctrl Pts',(-115.801630581731,-11.3772664355106,10.5372552005373));
#3193=CARTESIAN_POINT('Ctrl Pts',(-115.986569265848,-11.1530681803804,10.5579635445964));
#3194=CARTESIAN_POINT('Ctrl Pts',(-116.161169760403,-10.9414027496932,10.5775142791083));
#3195=CARTESIAN_POINT('Ctrl Pts',(-116.330290195448,-10.7262659913414,10.5979739624777));
#3196=CARTESIAN_POINT('Ctrl Pts',(-116.493992945323,-10.5076422526976,10.619431052198));
#3197=CARTESIAN_POINT('Ctrl Pts',(-116.656401431891,-10.2907469925496,10.6407184983179));
#3198=CARTESIAN_POINT('Ctrl Pts',(-116.813477561024,-10.0704196290792,10.6629876852942));
#3199=CARTESIAN_POINT('Ctrl Pts',(-116.965282239302,-9.8466962116847,10.6863288824669));
#3200=CARTESIAN_POINT('Ctrl Pts',(-116.984612133874,-9.81820861749027,10.6893010101092));
#3201=CARTESIAN_POINT('Ctrl Pts',(-117.003856557439,-9.78966602906343,10.6922905239356));
#3202=CARTESIAN_POINT('Ctrl Pts',(-117.023015635744,-9.76106858163795,10.695297614283));
#3203=CARTESIAN_POINT('Ctrl Pts',(-117.169497337801,-9.54242535117093,10.7182884756032));
#3204=CARTESIAN_POINT('Ctrl Pts',(-117.310990230163,-9.32057683003851,10.7423057142959));
#3205=CARTESIAN_POINT('Ctrl Pts',(-117.447460464213,-9.09548656606821,10.767450430763));
#3206=CARTESIAN_POINT('Ctrl Pts',(-117.577057885967,-8.88173213034515,10.7913288277448));
#3207=CARTESIAN_POINT('Ctrl Pts',(-117.702125805416,-8.66505461154289,10.8162240796684));
#3208=CARTESIAN_POINT('Ctrl Pts',(-117.822635234695,-8.44547549817205,10.8422259771673));
#3209=CARTESIAN_POINT('Ctrl Pts',(-117.829026092447,-8.43383077553773,10.8436049101618));
#3210=CARTESIAN_POINT('Ctrl Pts',(-117.835404129925,-8.42217790466123,10.8449869561008));
#3211=CARTESIAN_POINT('Ctrl Pts',(-117.841769342808,-8.41051689285232,10.8463721285766));
#3212=CARTESIAN_POINT('Ctrl Pts',(-117.866206105478,-8.36574896704708,10.8516899603084));
#3213=CARTESIAN_POINT('Ctrl Pts',(-117.890453849272,-8.32086104681719,10.8570538730873));
#3214=CARTESIAN_POINT('Ctrl Pts',(-117.914512329552,-8.27585360216564,10.8624646378499));
#3215=CARTESIAN_POINT('Ctrl Pts',(-118.022226050386,-8.07434796789234,10.8866895098423));
#3216=CARTESIAN_POINT('Ctrl Pts',(-118.126145987459,-7.87043040298462,10.9118547217928));
#3217=CARTESIAN_POINT('Ctrl Pts',(-118.226206316279,-7.66403544789484,10.938047885531));
#3218=CARTESIAN_POINT('Ctrl Pts',(-118.25291358437,-7.60894622858796,10.9450391462471));
#3219=CARTESIAN_POINT('Ctrl Pts',(-118.279345886898,-7.55368080198285,10.9521036556677));
#3220=CARTESIAN_POINT('Ctrl Pts',(-118.305501972191,-7.49823855286979,10.9592431115605));
#3221=CARTESIAN_POINT('Ctrl Pts',(-118.386273423148,-7.32702979379822,10.9812901497562));
#3222=CARTESIAN_POINT('Ctrl Pts',(-118.464410842072,-7.15412489312502,11.0040543897932));
#3223=CARTESIAN_POINT('Ctrl Pts',(-118.539614280577,-6.98026657296907,11.0274816865005));
#3224=CARTESIAN_POINT('Ctrl Pts',(-118.58000379285,-6.88689248136828,11.0400637852274));
#3225=CARTESIAN_POINT('Ctrl Pts',(-118.619547015467,-6.79324252190847,11.0528370054515));
#3226=CARTESIAN_POINT('Ctrl Pts',(-118.658197482002,-6.69942557886253,11.0657920291992));
#3227=CARTESIAN_POINT('Ctrl Pts',(-118.749472202519,-6.47787287785072,11.096385868753));
#3228=CARTESIAN_POINT('Ctrl Pts',(-118.835768126717,-6.2554233295341,11.1279875781627));
#3229=CARTESIAN_POINT('Ctrl Pts',(-118.917194327138,-6.03199834379298,11.1606782308706));
#3230=CARTESIAN_POINT('Ctrl Pts',(-118.99879104426,-5.80810547804142,11.1934373419154));
#3231=CARTESIAN_POINT('Ctrl Pts',(-119.075497620622,-5.58323308687276,11.2272900552959));
#3232=CARTESIAN_POINT('Ctrl Pts',(-119.147423815437,-5.35735449539039,11.2623182466031));
#3233=CARTESIAN_POINT('Ctrl Pts',(-119.177692202603,-5.26229899193803,11.2770590077255));
#3234=CARTESIAN_POINT('Ctrl Pts',(-119.20711401182,-5.16706593151196,11.2920079345017));
#3235=CARTESIAN_POINT('Ctrl Pts',(-119.23569742298,-5.07165608172973,11.3071710777907));
#3236=CARTESIAN_POINT('Ctrl Pts',(-119.300996642043,-4.85369089042261,11.3418114994593));
#3237=CARTESIAN_POINT('Ctrl Pts',(-119.361920255954,-4.6348031465377,11.3775694240372));
#3238=CARTESIAN_POINT('Ctrl Pts',(-119.418474933574,-4.41497464659183,11.4145259340282));
#3239=CARTESIAN_POINT('Ctrl Pts',(-119.475467060161,-4.19344577889651,11.4517683016662));
#3240=CARTESIAN_POINT('Ctrl Pts',(-119.528022401846,-3.97096157003885,11.4902280085898));
#3241=CARTESIAN_POINT('Ctrl Pts',(-119.576147783443,-3.74755642263508,11.5299852811937));
#3242=CARTESIAN_POINT('Ctrl Pts',(-119.600415416408,-3.63490247704827,11.5500332240305));
#3243=CARTESIAN_POINT('Ctrl Pts',(-119.623556614008,-3.52201519163871,11.5704110513632));
#3244=CARTESIAN_POINT('Ctrl Pts',(-119.645572251329,-3.40890396779597,11.5911286000221));
#3245=CARTESIAN_POINT('Ctrl Pts',(-119.686647631887,-3.19786821639138,11.629782089039));
#3246=CARTESIAN_POINT('Ctrl Pts',(-119.723804967388,-2.9860555146769,11.669617330742));
#3247=CARTESIAN_POINT('Ctrl Pts',(-119.757001455035,-2.77346952531093,11.7107117963815));
#3248=CARTESIAN_POINT('Ctrl Pts',(-119.790696409396,-2.55769141993479,11.7524233219792));
#3249=CARTESIAN_POINT('Ctrl Pts',(-119.820310673471,-2.34111668788184,11.795432381842));
#3250=CARTESIAN_POINT('Ctrl Pts',(-119.845799487229,-2.12380284420348,11.8398132691403));
#3251=CARTESIAN_POINT('Ctrl Pts',(-119.861836523621,-1.98707345175108,11.8677368089116));
#3252=CARTESIAN_POINT('Ctrl Pts',(-119.87624043157,-1.85005254489138,11.896203267779));
#3253=CARTESIAN_POINT('Ctrl Pts',(-119.889000062642,-1.71276479796303,11.9252291979482));
#3254=CARTESIAN_POINT('Ctrl Pts',(-119.910000986296,-1.48680454287633,11.9730026280752));
#3255=CARTESIAN_POINT('Ctrl Pts',(-119.926547650536,-1.26007324550774,12.0223042738996));
#3256=CARTESIAN_POINT('Ctrl Pts',(-119.938630341607,-1.03320981972154,12.0730828556679));
#3257=CARTESIAN_POINT('Ctrl Pts',(-119.947891421323,-0.859324692757791,
12.1120033652531));
#3258=CARTESIAN_POINT('Ctrl Pts',(-119.95452998908,-0.685361214823224,12.1517911699725));
#3259=CARTESIAN_POINT('Ctrl Pts',(-119.958541670856,-0.511588100648849,
12.1924144366771));
#3260=CARTESIAN_POINT('Ctrl Pts',(-119.962509721322,-0.339704954078722,
12.2325958821114));
#3261=CARTESIAN_POINT('Ctrl Pts',(-119.963907715437,-0.16800814717189,12.2735947228604));
#3262=CARTESIAN_POINT('Ctrl Pts',(-119.962731420351,0.00325936234178537,
12.3153732582539));
#3263=CARTESIAN_POINT('Ctrl Pts',(-119.962830514363,120.235716401313,12.2576609428908));
#3264=CARTESIAN_POINT('Ctrl Pts',(-119.461898654695,120.232503180634,12.2585147807696));
#3265=CARTESIAN_POINT('Ctrl Pts',(-119.462759592908,120.115960136119,11.7713179422976));
#3266=CARTESIAN_POINT('Ctrl Pts',(-119.964784512374,119.95226387369,12.3254692287329));
#3267=CARTESIAN_POINT('Ctrl Pts',(-119.465679995818,119.957334095126,12.3243590212708));
#3268=CARTESIAN_POINT('Ctrl Pts',(-119.464657656974,119.838100756492,11.8397434385303));
#3269=CARTESIAN_POINT('Ctrl Pts',(-119.954597356148,119.386719181276,12.4655569944779));
#3270=CARTESIAN_POINT('Ctrl Pts',(-119.459838797567,119.408196746449,12.4602648786166));
#3271=CARTESIAN_POINT('Ctrl Pts',(-119.454761406523,119.283604777148,11.9811338779046));
#3272=CARTESIAN_POINT('Ctrl Pts',(-119.879637677345,118.271312171777,12.7613734654953));
#3273=CARTESIAN_POINT('Ctrl Pts',(-119.395900144816,118.324064563789,12.7470284029851));
#3274=CARTESIAN_POINT('Ctrl Pts',(-119.381943332789,118.189730076481,12.2797698106171));
#3275=CARTESIAN_POINT('Ctrl Pts',(-119.686173054052,116.900546552837,13.1618214749546));
#3276=CARTESIAN_POINT('Ctrl Pts',(-119.220958312849,116.990053207026,13.1345736753551));
#3277=CARTESIAN_POINT('Ctrl Pts',(-119.194006556915,116.84516761317,12.6841292997403));
#3278=CARTESIAN_POINT('Ctrl Pts',(-119.364215144892,115.55891641233,13.5993066347385));
#3279=CARTESIAN_POINT('Ctrl Pts',(-118.919701327904,115.673152621468,13.5613556432209));
#3280=CARTESIAN_POINT('Ctrl Pts',(-118.881248238421,115.532043197828,13.1249442512327));
#3281=CARTESIAN_POINT('Ctrl Pts',(-119.026857988648,114.493821069833,13.9608537936287));
#3282=CARTESIAN_POINT('Ctrl Pts',(-118.599203045632,114.627087173945,13.9152399690473));
#3283=CARTESIAN_POINT('Ctrl Pts',(-118.553530899395,114.493488576956,13.4878542886446));
#3284=CARTESIAN_POINT('Ctrl Pts',(-118.640969165561,113.454470611684,14.322694747265));
#3285=CARTESIAN_POINT('Ctrl Pts',(-118.233229420706,113.610314395375,14.2673625290531));
#3286=CARTESIAN_POINT('Ctrl Pts',(-118.178668795221,113.478368617253,13.8516502359496));
#3287=CARTESIAN_POINT('Ctrl Pts',(-118.071205468221,112.204373893227,14.7780133453159));
#3288=CARTESIAN_POINT('Ctrl Pts',(-117.691185550786,112.385205255769,14.7102044182851));
#3289=CARTESIAN_POINT('Ctrl Pts',(-117.625186163667,112.255848872504,14.3100056474479));
#3290=CARTESIAN_POINT('Ctrl Pts',(-117.387710997157,111.019753280601,15.2432117509368));
#3291=CARTESIAN_POINT('Ctrl Pts',(-117.034365935563,111.213447861209,15.1652164896946));
#3292=CARTESIAN_POINT('Ctrl Pts',(-116.961222616807,111.094554423221,14.7794393110167));
#3293=CARTESIAN_POINT('Ctrl Pts',(-116.773529640546,110.111668481309,15.6227464566606));
#3294=CARTESIAN_POINT('Ctrl Pts',(-116.441452187983,110.31280224474,15.5371001783784));
#3295=CARTESIAN_POINT('Ctrl Pts',(-116.364591627245,110.203684809894,15.1627307105703));
#3296=CARTESIAN_POINT('Ctrl Pts',(-116.111295004721,109.226412480599,16.0077144224854));
#3297=CARTESIAN_POINT('Ctrl Pts',(-115.804560390248,109.439169675573,15.9125135816393));
#3298=CARTESIAN_POINT('Ctrl Pts',(-115.721280725629,109.335493816782,15.5513861934097));
#3299=CARTESIAN_POINT('Ctrl Pts',(-115.212868336174,108.18705721509,16.4842010172014));
#3300=CARTESIAN_POINT('Ctrl Pts',(-114.936341659734,108.411127538507,16.3793031525372));
#3301=CARTESIAN_POINT('Ctrl Pts',(-114.848527287211,108.318434397761,16.031391737677));
#3302=CARTESIAN_POINT('Ctrl Pts',(-114.023035200893,107.041107016745,17.0266658538954));
#3303=CARTESIAN_POINT('Ctrl Pts',(-113.777615531872,107.276988166944,16.9146733822167));
#3304=CARTESIAN_POINT('Ctrl Pts',(-113.692694791284,107.202999939657,16.5749539041071));
#3305=CARTESIAN_POINT('Ctrl Pts',(-112.933103080321,106.170591992203,17.4383283691944));
#3306=CARTESIAN_POINT('Ctrl Pts',(-112.712089171378,106.416779092835,17.3224470933476));
#3307=CARTESIAN_POINT('Ctrl Pts',(-112.63390873721,106.358851832801,16.9858858486409));
#3308=CARTESIAN_POINT('Ctrl Pts',(-111.997445290688,105.527935732628,17.738812664936));
#3309=CARTESIAN_POINT('Ctrl Pts',(-111.797029232881,105.783101698988,17.6200286705548));
#3310=CARTESIAN_POINT('Ctrl Pts',(-111.724988568508,105.736420750667,17.2854740940027));
#3311=CARTESIAN_POINT('Ctrl Pts',(-111.020785406411,104.925223800275,18.0181592149381));
#3312=CARTESIAN_POINT('Ctrl Pts',(-110.84328312208,105.190295088706,17.896249507573));
#3313=CARTESIAN_POINT('Ctrl Pts',(-110.77623812108,105.152991257159,17.5638375354949));
#3314=CARTESIAN_POINT('Ctrl Pts',(-109.757131003991,104.268326263016,18.3182058991182));
#3315=CARTESIAN_POINT('Ctrl Pts',(-109.607861836864,104.543953405005,18.1933226740038));
#3316=CARTESIAN_POINT('Ctrl Pts',(-109.548694483137,104.517367684226,17.8627069740216));
#3317=CARTESIAN_POINT('Ctrl Pts',(-108.164443264529,103.628704554229,18.6055805522158));
#3318=CARTESIAN_POINT('Ctrl Pts',(-108.048688110697,103.914232540587,18.478121606996));
#3319=CARTESIAN_POINT('Ctrl Pts',(-108.001520156291,103.898477623397,18.1489466695207));
#3320=CARTESIAN_POINT('Ctrl Pts',(-106.774862693511,103.223954459456,18.7850901055753));
#3321=CARTESIAN_POINT('Ctrl Pts',(-106.687126622184,103.515539917432,18.6561306820587));
#3322=CARTESIAN_POINT('Ctrl Pts',(-106.6516489376,103.506810049771,18.3277638429316));
#3323=CARTESIAN_POINT('Ctrl Pts',(-105.622696302256,102.981390073417,18.8920085952045));
#3324=CARTESIAN_POINT('Ctrl Pts',(-105.55829140661,103.276728399169,18.7620988214135));
#3325=CARTESIAN_POINT('Ctrl Pts',(-105.532407468442,103.272068278269,18.4342779402923));
#3326=CARTESIAN_POINT('Ctrl Pts',(-104.469983897004,102.799038804793,18.9720950779793));
#3327=CARTESIAN_POINT('Ctrl Pts',(-104.429452206869,103.09729031898,18.8414321177005));
#3328=CARTESIAN_POINT('Ctrl Pts',(-104.412635626275,103.095589744071,18.5140651453952));
#3329=CARTESIAN_POINT('Ctrl Pts',(-103.020835492495,102.680221954114,19.0240417020129));
#3330=CARTESIAN_POINT('Ctrl Pts',(-103.009645063438,102.980293358496,18.8929233935894));
#3331=CARTESIAN_POINT('Ctrl Pts',(-103.004898903643,102.980592157206,18.5658209389846));
#3332=CARTESIAN_POINT('Ctrl Pts',(-101.565054185227,102.706059038739,19.0127634016759));
#3333=CARTESIAN_POINT('Ctrl Pts',(-101.58312297179,103.005742195388,18.8817407554483));
#3334=CARTESIAN_POINT('Ctrl Pts',(-101.590718822499,103.005599296491,18.5545838156755));
#3335=CARTESIAN_POINT('Ctrl Pts',(-100.390772295152,102.816349715101,18.9644731065239));
#3336=CARTESIAN_POINT('Ctrl Pts',(-100.432937094301,103.11428685815,18.8338984046379));
#3337=CARTESIAN_POINT('Ctrl Pts',(-100.449993882962,103.112342539823,18.5064719297804));
#3338=CARTESIAN_POINT('Ctrl Pts',(-99.2306892152786,102.985113088302,18.8904023852131));
#3339=CARTESIAN_POINT('Ctrl Pts',(-99.296308438405,103.280429087798,18.7604915683056));
#3340=CARTESIAN_POINT('Ctrl Pts',(-99.3230619754854,103.275672324979,18.4326773119038));
#3341=CARTESIAN_POINT('Ctrl Pts',(-97.8155140862322,103.301446428268,18.7509728536513));
#3342=CARTESIAN_POINT('Ctrl Pts',(-97.9095094466992,103.592012635997,18.6222358811372));
#3343=CARTESIAN_POINT('Ctrl Pts',(-97.9483276316088,103.581803317379,18.2937754400679));
#3344=CARTESIAN_POINT('Ctrl Pts',(-96.1702953515124,103.844269490579,18.5092277856706));
#3345=CARTESIAN_POINT('Ctrl Pts',(-96.2983466054696,104.126485123618,18.3826158813159));
#3346=CARTESIAN_POINT('Ctrl Pts',(-96.3501235000787,104.107060654757,18.0529720869552));
#3347=CARTESIAN_POINT('Ctrl Pts',(-94.5745369411514,104.554432755305,18.1883022195752));
#3348=CARTESIAN_POINT('Ctrl Pts',(-94.7364498026762,104.825690799007,18.0645768176133));
#3349=CARTESIAN_POINT('Ctrl Pts',(-94.7999662211537,104.794194421711,17.7333194662052));
#3350=CARTESIAN_POINT('Ctrl Pts',(-93.0913168238337,105.399552679918,17.7994792155387));
#3351=CARTESIAN_POINT('Ctrl Pts',(-93.2857910150595,105.657924782963,17.6794111132285));
#3352=CARTESIAN_POINT('Ctrl Pts',(-93.3591311966892,105.612042925924,17.3459756706015));
#3353=CARTESIAN_POINT('Ctrl Pts',(-91.7100287685595,106.372468038535,17.3435738988923));
#3354=CARTESIAN_POINT('Ctrl Pts',(-91.9359558736637,106.616974055052,17.2280395993648));
#3355=CARTESIAN_POINT('Ctrl Pts',(-92.0173152403241,106.554322861094,16.8914405262605));
#3356=CARTESIAN_POINT('Ctrl Pts',(-90.4249463732709,107.4757205515,16.8202314487461));
#3357=CARTESIAN_POINT('Ctrl Pts',(-90.682242441452,107.706787498723,16.7106648006744));
#3358=CARTESIAN_POINT('Ctrl Pts',(-90.7689555247642,107.625364721433,16.3684359659139));
#3359=CARTESIAN_POINT('Ctrl Pts',(-89.2744875062973,108.667414910046,16.2604567672479));
#3360=CARTESIAN_POINT('Ctrl Pts',(-89.5638352563586,108.887476793819,16.1591302010408));
#3361=CARTESIAN_POINT('Ctrl Pts',(-89.6513720074941,108.787762962327,15.8063383412121));
#3362=CARTESIAN_POINT('Ctrl Pts',(-88.4179211894256,109.734895456978,15.7826760166316));
#3363=CARTESIAN_POINT('Ctrl Pts',(-88.7383791292697,109.94284550255,15.6922334155524));
#3364=CARTESIAN_POINT('Ctrl Pts',(-88.8192826369895,109.834056162611,15.3242422933275));
#3365=CARTESIAN_POINT('Ctrl Pts',(-87.7930416412971,110.637296491391,15.402023709333));
#3366=CARTESIAN_POINT('Ctrl Pts',(-88.1385595176054,110.832597517658,15.3214691400504));
#3367=CARTESIAN_POINT('Ctrl Pts',(-88.2122593172062,110.719355920924,14.9398199190228));
#3368=CARTESIAN_POINT('Ctrl Pts',(-87.2070407040292,111.576836719645,15.0218041255166));
#3369=CARTESIAN_POINT('Ctrl Pts',(-87.5738061224408,111.763302857178,14.9491633184019));
#3370=CARTESIAN_POINT('Ctrl Pts',(-87.643003435854,111.640805052024,14.5559564574779));
#3371=CARTESIAN_POINT('Ctrl Pts',(-86.5647869123246,112.795617205187,14.5580723463358));
#3372=CARTESIAN_POINT('Ctrl Pts',(-86.9577806336474,112.966826390784,14.495714733137));
#3373=CARTESIAN_POINT('Ctrl Pts',(-87.0191020723463,112.834425683462,14.0884552137279));
#3374=CARTESIAN_POINT('Ctrl Pts',(-85.9394836827639,114.320238608827,14.01757524019));
#3375=CARTESIAN_POINT('Ctrl Pts',(-86.3626513922455,114.463077235241,13.9686310472455));
#3376=CARTESIAN_POINT('Ctrl Pts',(-86.4116668368324,114.324436214527,13.5447184752728));
#3377=CARTESIAN_POINT('Ctrl Pts',(-85.5398631753325,115.64142118584,13.5709128830122));
#3378=CARTESIAN_POINT('Ctrl Pts',(-85.9859401180711,115.754078846348,13.5336912748881));
#3379=CARTESIAN_POINT('Ctrl Pts',(-86.0234653457236,115.612515516332,13.096423893452));
#3380=CARTESIAN_POINT('Ctrl Pts',(-85.2943633666356,116.725254356936,13.2232131634916));
#3381=CARTESIAN_POINT('Ctrl Pts',(-85.7575908779591,116.811860747485,13.1963218369085));
#3382=CARTESIAN_POINT('Ctrl Pts',(-85.7849804270609,116.673858047086,12.7459128422818));
#3383=CARTESIAN_POINT('Ctrl Pts',(-85.1002881361737,117.828224590582,12.887682774957));
#3384=CARTESIAN_POINT('Ctrl Pts',(-85.578335776841,117.892302201399,12.8694276849308));
#3385=CARTESIAN_POINT('Ctrl Pts',(-85.5964505486295,117.755025973414,12.4073382598543));
#3386=CARTESIAN_POINT('Ctrl Pts',(-84.9596916962797,119.21330001261,12.5029656185148));
#3387=CARTESIAN_POINT('Ctrl Pts',(-85.4535585580446,119.245076524309,12.4953324433464));
#3388=CARTESIAN_POINT('Ctrl Pts',(-85.4598712012919,119.113662722479,12.018861895533));
#3389=CARTESIAN_POINT('Ctrl Pts',(-84.9540987647504,120.616361654662,12.1627473158857));
#3390=CARTESIAN_POINT('Ctrl Pts',(-85.4582225638694,120.606115150952,12.1655257770477));
#3391=CARTESIAN_POINT('Ctrl Pts',(-85.4544376204602,120.489201852464,11.6755174822423));
#3392=CARTESIAN_POINT('Ctrl Pts',(-85.0333393956242,121.747247941715,11.9157611003721));
#3393=CARTESIAN_POINT('Ctrl Pts',(-85.5415581611716,121.702733322595,11.9253488640508));
#3394=CARTESIAN_POINT('Ctrl Pts',(-85.5314135483855,121.597171830684,11.4264204915344));
#3395=CARTESIAN_POINT('Ctrl Pts',(-85.1705352478105,122.887436420351,11.6840496282088));
#3396=CARTESIAN_POINT('Ctrl Pts',(-85.6806651657533,122.810793873289,11.6990450704238));
#3397=CARTESIAN_POINT('Ctrl Pts',(-85.6646886250823,122.713733923128,11.1928381947593));
#3398=CARTESIAN_POINT('Ctrl Pts',(-85.4467785463699,124.288733254871,11.4291761250222));
#3399=CARTESIAN_POINT('Ctrl Pts',(-85.9546084625573,124.170101903381,11.4497684522198));
#3400=CARTESIAN_POINT('Ctrl Pts',(-85.9330377548331,124.085024295147,10.9360943370121));
#3401=CARTESIAN_POINT('Ctrl Pts',(-85.9422013231648,125.930014263798,11.1700795361737));
#3402=CARTESIAN_POINT('Ctrl Pts',(-86.4396071624895,125.759732960477,11.1955730081366));
#3403=CARTESIAN_POINT('Ctrl Pts',(-86.414303144797,125.689814971063,10.6753134419403));
#3404=CARTESIAN_POINT('Ctrl Pts',(-86.4932547946048,127.263392207569,10.9870636319142));
#3405=CARTESIAN_POINT('Ctrl Pts',(-86.975962199913,127.050333266546,11.015286619238));
#3406=CARTESIAN_POINT('Ctrl Pts',(-86.9496096277047,126.992615921979,10.4912386280697));
#3407=CARTESIAN_POINT('Ctrl Pts',(-87.0198953560008,128.306624320611,10.8577156166854));
#3408=CARTESIAN_POINT('Ctrl Pts',(-87.4876471559302,128.060652773111,10.8873406104095));
#3409=CARTESIAN_POINT('Ctrl Pts',(-87.4612008834161,128.011466137703,10.3611983208939));
#3410=CARTESIAN_POINT('Ctrl Pts',(-87.5934609671162,129.313677464901,10.7411393410635));
#3411=CARTESIAN_POINT('Ctrl Pts',(-88.0446867697076,129.036481927139,10.7716816980365));
#3412=CARTESIAN_POINT('Ctrl Pts',(-88.0183762904102,128.994712954784,10.2440303198503));
#3413=CARTESIAN_POINT('Ctrl Pts',(-88.4002740536676,130.51256907395,10.6160304353099));
#3414=CARTESIAN_POINT('Ctrl Pts',(-88.8272602731908,130.197995638549,10.6470998085573));
#3415=CARTESIAN_POINT('Ctrl Pts',(-88.802133922789,130.164825872793,10.1183345706825));
#3416=CARTESIAN_POINT('Ctrl Pts',(-89.5081763657988,131.852022165621,10.4931881696322));
#3417=CARTESIAN_POINT('Ctrl Pts',(-89.9011355630637,131.49609549214,10.5241123980433));
#3418=CARTESIAN_POINT('Ctrl Pts',(-89.8783768988316,131.471604570944,9.99496484375652));
#3419=CARTESIAN_POINT('Ctrl Pts',(-90.7657899879587,133.094015386884,10.3927688114859));
#3420=CARTESIAN_POINT('Ctrl Pts',(-91.1198951727229,132.700296928822,10.4229926415157));
#3421=CARTESIAN_POINT('Ctrl Pts',(-91.1000530617234,132.68290073611,9.89414730027499));
#3422=CARTESIAN_POINT('Ctrl Pts',(-92.1227942113823,134.188065897393,10.3142650889158));
#3423=CARTESIAN_POINT('Ctrl Pts',(-92.4350387395308,133.761566953746,10.3434725219527));
#3424=CARTESIAN_POINT('Ctrl Pts',(-92.4182796522493,133.749625726459,9.81535313494269));
#3425=CARTESIAN_POINT('Ctrl Pts',(-93.3381892633085,134.98386263216,10.2630260910496));
#3426=CARTESIAN_POINT('Ctrl Pts',(-93.6133413933672,134.533997109369,10.2912612371071));
#3427=CARTESIAN_POINT('Ctrl Pts',(-93.5989436854643,134.525383728244,9.763935195017));
#3428=CARTESIAN_POINT('Ctrl Pts',(-94.3600782135123,135.548700243844,10.2291244723719));
#3429=CARTESIAN_POINT('Ctrl Pts',(-94.6042090380234,135.08237998017,10.2565822247282));
#3430=CARTESIAN_POINT('Ctrl Pts',(-94.5916312253829,135.075931752615,9.72991915124945));
#3431=CARTESIAN_POINT('Ctrl Pts',(-95.4197055951384,136.066615793633,10.1994570672545));
#3432=CARTESIAN_POINT('Ctrl Pts',(-95.6313883784669,135.585110092718,10.22616263335));
#3433=CARTESIAN_POINT('Ctrl Pts',(-95.6209787701511,135.580706910565,9.70015384230472));
#3434=CARTESIAN_POINT('Ctrl Pts',(-96.7772173447525,136.607115186412,10.1705609374317));
#3435=CARTESIAN_POINT('Ctrl Pts',(-96.9475864725329,136.10995960268,10.1964045399832));
#3436=CARTESIAN_POINT('Ctrl Pts',(-96.9396983548711,136.10743850218,9.67116537858183));
#3437=CARTESIAN_POINT('Ctrl Pts',(-98.4532376491095,137.088556228659,10.1465283089193));
#3438=CARTESIAN_POINT('Ctrl Pts',(-98.5731643841777,136.577662472108,10.1715419654327));
#3439=CARTESIAN_POINT('Ctrl Pts',(-98.5678248131754,136.576572031219,9.64705817774878));
#3440=CARTESIAN_POINT('Ctrl Pts',(-99.8895892943446,137.350929986845,10.1340736531749));
#3441=CARTESIAN_POINT('Ctrl Pts',(-99.9666075817357,136.832620777683,10.1586125453389));
#3442=CARTESIAN_POINT('Ctrl Pts',(-99.9631313651929,136.832222109441,9.63456566598373));
#3443=CARTESIAN_POINT('Ctrl Pts',(-101.063988817964,137.474693668552,10.1283028090042));
#3444=CARTESIAN_POINT('Ctrl Pts',(-101.105878494828,136.952872813474,10.1526154872146));
#3445=CARTESIAN_POINT('Ctrl Pts',(-101.103971316147,136.952811551119,9.6287774034476));
#3446=CARTESIAN_POINT('Ctrl Pts',(-102.232246691457,137.538576622372,10.125354109745));
#3447=CARTESIAN_POINT('Ctrl Pts',(-102.2391251201,137.014941744442,10.1495492179333));
#3448=CARTESIAN_POINT('Ctrl Pts',(-102.238845116144,137.015055302272,9.62581984017502));
#3449=CARTESIAN_POINT('Ctrl Pts',(-103.687381787538,137.509170502644,10.1267024800121));
#3450=CARTESIAN_POINT('Ctrl Pts',(-103.650828146109,136.98636654028,10.1509521627785));
#3451=CARTESIAN_POINT('Ctrl Pts',(-103.652398355231,136.986403953026,9.62717225335266));
#3452=CARTESIAN_POINT('Ctrl Pts',(-105.42077827154,137.302032285495,10.1363286814456));
#3453=CARTESIAN_POINT('Ctrl Pts',(-105.332405398627,136.785080879285,10.1609591803236));
#3454=CARTESIAN_POINT('Ctrl Pts',(-105.336261403373,136.784579149831,9.63682746898684));
#3455=CARTESIAN_POINT('Ctrl Pts',(-107.151452522698,136.916030093568,10.1549697489728));
#3456=CARTESIAN_POINT('Ctrl Pts',(-107.011150733761,136.410044069368,10.1802866709315));
#3457=CARTESIAN_POINT('Ctrl Pts',(-107.017480015434,136.40846071198,9.6555255910177));
#3458=CARTESIAN_POINT('Ctrl Pts',(-108.81064042588,136.365910322044,10.1831469740136));
#3459=CARTESIAN_POINT('Ctrl Pts',(-108.620277648236,135.875678839982,10.2093879723122));
#3460=CARTESIAN_POINT('Ctrl Pts',(-108.629255077879,135.872385736388,9.68379120387787));
#3461=CARTESIAN_POINT('Ctrl Pts',(-110.138275089768,135.774618206847,10.2158112848156));
#3462=CARTESIAN_POINT('Ctrl Pts',(-109.907378619896,135.301593705071,10.24295781121));
#3463=CARTESIAN_POINT('Ctrl Pts',(-109.918951345467,135.296127695066,9.71656143465427));
#3464=CARTESIAN_POINT('Ctrl Pts',(-111.165593521946,135.221782492813,10.2486360671718));
#3465=CARTESIAN_POINT('Ctrl Pts',(-110.903166901584,134.765037901834,10.2765440641932));
#3466=CARTESIAN_POINT('Ctrl Pts',(-110.916913202092,134.757287520329,9.74949641507032));
#3467=CARTESIAN_POINT('Ctrl Pts',(-111.92104939087,134.764965792353,10.2771227181195));
#3468=CARTESIAN_POINT('Ctrl Pts',(-111.635506091774,134.321672215182,10.3056155829968));
#3469=CARTESIAN_POINT('Ctrl Pts',(-111.650781227122,134.311998817163,9.77808104945215));
#3470=CARTESIAN_POINT('Ctrl Pts',(-112.650061193388,134.27224794229,10.3094949066539));
#3471=CARTESIAN_POINT('Ctrl Pts',(-112.342149026853,133.843557126363,10.3385575535069));
#3472=CARTESIAN_POINT('Ctrl Pts',(-112.358960851329,133.831669992223,9.81056760675011));
#3473=CARTESIAN_POINT('Ctrl Pts',(-113.581012209276,133.572815555425,10.3580183693376));
#3474=CARTESIAN_POINT('Ctrl Pts',(-113.244634955534,133.164868209733,10.3878015171593));
#3475=CARTESIAN_POINT('Ctrl Pts',(-113.263309098752,133.149753099521,9.85926757754895));
#3476=CARTESIAN_POINT('Ctrl Pts',(-114.672076212024,132.617796665771,10.4298647654614));
#3477=CARTESIAN_POINT('Ctrl Pts',(-114.302156307192,132.238507393888,10.460414236055));
#3478=CARTESIAN_POINT('Ctrl Pts',(-114.32319495774,132.218493113312,9.93138703214869));
#3479=CARTESIAN_POINT('Ctrl Pts',(-115.664943537408,131.558088832193,10.519746119072));
#3480=CARTESIAN_POINT('Ctrl Pts',(-115.264303045404,131.211317269356,10.5507122554888));
#3481=CARTESIAN_POINT('Ctrl Pts',(-115.287690185302,131.18485386252,10.0216354253913));
#3482=CARTESIAN_POINT('Ctrl Pts',(-116.401075684855,130.642863880238,10.6055096456352));
#3483=CARTESIAN_POINT('Ctrl Pts',(-115.977990110334,130.32429084962,10.6365035559825));
#3484=CARTESIAN_POINT('Ctrl Pts',(-116.002786674295,130.291898271837,10.1077732533496));
#3485=CARTESIAN_POINT('Ctrl Pts',(-117.425735055102,129.22819316102,10.7471012512333));
#3486=CARTESIAN_POINT('Ctrl Pts',(-116.971591826876,128.953501402952,10.7777508371085));
#3487=CARTESIAN_POINT('Ctrl Pts',(-116.998165435381,128.911371696397,10.2500120733499));
#3488=CARTESIAN_POINT('Ctrl Pts',(-118.258059419551,127.713482633888,10.9230307920542));
#3489=CARTESIAN_POINT('Ctrl Pts',(-117.778942879983,127.488409108875,10.9519348633845));
#3490=CARTESIAN_POINT('Ctrl Pts',(-117.806705275722,127.43246203851,10.4268224790426));
#3491=CARTESIAN_POINT('Ctrl Pts',(-118.899682037882,126.100998727752,11.1491876973641));
#3492=CARTESIAN_POINT('Ctrl Pts',(-118.405174826903,125.923954893033,11.1750926350509));
#3493=CARTESIAN_POINT('Ctrl Pts',(-118.42999281568,125.856790855395,10.6543149434854));
#3494=CARTESIAN_POINT('Ctrl Pts',(-119.274413689709,125.000978724481,11.3148398308356));
#3495=CARTESIAN_POINT('Ctrl Pts',(-118.771003312501,124.858828227611,11.3378404801575));
#3496=CARTESIAN_POINT('Ctrl Pts',(-118.794016026828,124.781499176592,10.8210054112798));
#3497=CARTESIAN_POINT('Ctrl Pts',(-119.632406667944,123.616978402894,11.5462001609209));
#3498=CARTESIAN_POINT('Ctrl Pts',(-119.122431805234,123.519284860283,11.5642439207851));
#3499=CARTESIAN_POINT('Ctrl Pts',(-119.141778796552,123.427829016103,11.0539449018244));
#3500=CARTESIAN_POINT('Ctrl Pts',(-119.851151910691,122.21571594459,11.8162251953513));
#3501=CARTESIAN_POINT('Ctrl Pts',(-119.341429872521,122.159228077964,11.8280038110706));
#3502=CARTESIAN_POINT('Ctrl Pts',(-119.354272893379,122.056066180805,11.3260517075069));
#3503=CARTESIAN_POINT('Ctrl Pts',(-119.942873397622,121.087433880918,12.0587073819617));
#3504=CARTESIAN_POINT('Ctrl Pts',(-119.43696045178,121.061966519508,12.0645914325164));
#3505=CARTESIAN_POINT('Ctrl Pts',(-119.443373044942,120.950760691804,11.5705809827334));
#3506=CARTESIAN_POINT('Ctrl Pts',(-119.96087651757,120.519168752344,12.1898526992936));
#3507=CARTESIAN_POINT('Ctrl Pts',(-119.458103012268,120.508712975459,12.1924215126043));
#3508=CARTESIAN_POINT('Ctrl Pts',(-119.460861529782,120.393819378112,11.7028924799585));
#3509=CARTESIAN_POINT('Ctrl Pts',(-119.962830514363,120.235716401313,12.2576609428908));
#3510=CARTESIAN_POINT('Ctrl Pts',(-119.461898654695,120.232503180634,12.2585147807696));
#3511=CARTESIAN_POINT('Ctrl Pts',(-119.462759592908,120.115960136119,11.7713179422976));
#3512=CARTESIAN_POINT('',(-119.462759481113,120.115975889744,11.7713837313285));
#3513=CARTESIAN_POINT('',(-119.96273617708,120.235712989528,12.257649370042));
#3514=CARTESIAN_POINT('Ctrl Pts',(-119.46275948122,120.115975874509,11.7713837349731));
#3515=CARTESIAN_POINT('Ctrl Pts',(-119.461966574908,120.232481631021,12.2584227622862));
#3516=CARTESIAN_POINT('Ctrl Pts',(-119.9627361768,120.235715794115,12.2576610950334));
#3517=CARTESIAN_POINT('',(-85.4631550859216,120.,11.8001062843577));
#3518=CARTESIAN_POINT('Ctrl Pts',(-85.4631550859216,120.,11.8001062843577));
#3519=CARTESIAN_POINT('Ctrl Pts',(-85.4631550859216,120.292618131524,11.7273393640283));
#3520=CARTESIAN_POINT('Ctrl Pts',(-85.4707062024672,120.586127218683,11.6570274276607));
#3521=CARTESIAN_POINT('Ctrl Pts',(-85.4859706306008,120.88045895419,11.5890924171474));
#3522=CARTESIAN_POINT('Ctrl Pts',(-85.4873146835583,120.906375250309,11.5831106501924));
#3523=CARTESIAN_POINT('Ctrl Pts',(-85.4887185692843,120.932297912243,11.5771473116241));
#3524=CARTESIAN_POINT('Ctrl Pts',(-85.4901824165527,120.958226885896,11.571202348155));
#3525=CARTESIAN_POINT('Ctrl Pts',(-85.504971031681,121.220176079855,11.5111429563081));
#3526=CARTESIAN_POINT('Ctrl Pts',(-85.5258755199182,121.482772868859,11.4529589612761));
#3527=CARTESIAN_POINT('Ctrl Pts',(-85.5530603107318,121.746051171673,11.3965548604995));
#3528=CARTESIAN_POINT('Ctrl Pts',(-85.5545903233569,121.760868983955,11.3933803285752));
#3529=CARTESIAN_POINT('Ctrl Pts',(-85.5561402425771,121.775688949883,11.3902114347439));
#3530=CARTESIAN_POINT('Ctrl Pts',(-85.5577101022669,121.790511073583,11.3870481619793));
#3531=CARTESIAN_POINT('Ctrl Pts',(-85.5746863664002,121.950795644602,11.3528409303874));
#3532=CARTESIAN_POINT('Ctrl Pts',(-85.593998885873,122.111333067281,11.3192910255496));
#3533=CARTESIAN_POINT('Ctrl Pts',(-85.615610660636,122.271617669862,11.2864693002578));
#3534=CARTESIAN_POINT('Ctrl Pts',(-85.6315065467043,122.389510152504,11.2623282747509));
#3535=CARTESIAN_POINT('Ctrl Pts',(-85.6486452267106,122.507265909329,11.2385811865341));
#3536=CARTESIAN_POINT('Ctrl Pts',(-85.6669941048597,122.624685942785,11.2152562285167));
#3537=CARTESIAN_POINT('Ctrl Pts',(-85.7064718511466,122.877316008346,11.1650724097961));
#3538=CARTESIAN_POINT('Ctrl Pts',(-85.7515417167363,123.128395073452,11.1168426249709));
#3539=CARTESIAN_POINT('Ctrl Pts',(-85.802154459735,123.378025774651,11.0704017775706));
#3540=CARTESIAN_POINT('Ctrl Pts',(-85.8529076920568,123.62834939321,11.0238320210689));
#3541=CARTESIAN_POINT('Ctrl Pts',(-85.909234687246,123.877217033138,10.9790611471326));
#3542=CARTESIAN_POINT('Ctrl Pts',(-85.9711376705414,124.124725635821,10.9359226806622));
#3543=CARTESIAN_POINT('Ctrl Pts',(-85.9829066368966,124.171781856095,10.9277212155069));
#3544=CARTESIAN_POINT('Ctrl Pts',(-85.9948772981278,124.218788923329,10.9195787544334));
#3545=CARTESIAN_POINT('Ctrl Pts',(-86.007049877362,124.265747456755,10.9114941534324));
#3546=CARTESIAN_POINT('Ctrl Pts',(-86.0852948083273,124.567595334309,10.8595266094111));
#3547=CARTESIAN_POINT('Ctrl Pts',(-86.1718772344011,124.867432707273,10.8099497714202));
#3548=CARTESIAN_POINT('Ctrl Pts',(-86.2668141945743,125.165127465152,10.7625759439318));
#3549=CARTESIAN_POINT('Ctrl Pts',(-86.3418007741191,125.40026361867,10.7251574161338));
#3550=CARTESIAN_POINT('Ctrl Pts',(-86.4220005232586,125.634062850257,10.6891132879109));
#3551=CARTESIAN_POINT('Ctrl Pts',(-86.5074423427314,125.866449595522,10.654351068451));
#3552=CARTESIAN_POINT('Ctrl Pts',(-86.5878043056299,126.085020022934,10.6216556014333));
#3553=CARTESIAN_POINT('Ctrl Pts',(-86.6728012012243,126.302342673494,10.590094145273));
#3554=CARTESIAN_POINT('Ctrl Pts',(-86.7625622140481,126.518541514148,10.5595746358996));
#3555=CARTESIAN_POINT('Ctrl Pts',(-86.7809315746648,126.562786051325,10.5533288967319));
#3556=CARTESIAN_POINT('Ctrl Pts',(-86.7995006120468,126.606983439023,10.5471267948903));
#3557=CARTESIAN_POINT('Ctrl Pts',(-86.8182706675946,126.651134605252,10.5409675413166));
#3558=CARTESIAN_POINT('Ctrl Pts',(-86.9013522102966,126.846560079253,10.5137049534412));
#3559=CARTESIAN_POINT('Ctrl Pts',(-86.9883762539389,127.041078343657,10.4872818473154));
#3560=CARTESIAN_POINT('Ctrl Pts',(-87.0792118003477,127.234244189011,10.4617050923064));
#3561=CARTESIAN_POINT('Ctrl Pts',(-87.1091772461753,127.297967047557,10.453267658978));
#3562=CARTESIAN_POINT('Ctrl Pts',(-87.1395570820872,127.361542866665,10.4449223300529));
#3563=CARTESIAN_POINT('Ctrl Pts',(-87.1703454379113,127.424956098841,10.4366693521414));
#3564=CARTESIAN_POINT('Ctrl Pts',(-87.2473512403796,127.583561087647,10.4160275487771));
#3565=CARTESIAN_POINT('Ctrl Pts',(-87.3269167134585,127.741148222158,10.3959634629806));
#3566=CARTESIAN_POINT('Ctrl Pts',(-87.4088243503611,127.89728599611,10.3764927064734));
#3567=CARTESIAN_POINT('Ctrl Pts',(-87.4589359450101,127.992812043907,10.3645803782158));
#3568=CARTESIAN_POINT('Ctrl Pts',(-87.5099233060841,128.087796026512,10.3528901371132));
#3569=CARTESIAN_POINT('Ctrl Pts',(-87.5617281624983,128.182143707237,10.3414255582994));
#3570=CARTESIAN_POINT('Ctrl Pts',(-87.6667149098554,128.373346941945,10.3181916585688));
#3571=CARTESIAN_POINT('Ctrl Pts',(-87.7750532081281,128.561940283456,10.2958845609221));
#3572=CARTESIAN_POINT('Ctrl Pts',(-87.8868026482258,128.748139780095,10.2744080691011));
#3573=CARTESIAN_POINT('Ctrl Pts',(-87.920324676654,128.803994957662,10.267965660363));
#3574=CARTESIAN_POINT('Ctrl Pts',(-87.9541539781813,128.859634572205,10.2615979936466));
#3575=CARTESIAN_POINT('Ctrl Pts',(-87.9882929758748,128.915064043243,10.2553024723046));
#3576=CARTESIAN_POINT('Ctrl Pts',(-88.1460951709499,129.171278132485,10.2262024062794));
#3577=CARTESIAN_POINT('Ctrl Pts',(-88.3105107592413,129.423003326936,10.1986438030201));
#3578=CARTESIAN_POINT('Ctrl Pts',(-88.4814768017118,129.670195052679,10.1724820978535));
#3579=CARTESIAN_POINT('Ctrl Pts',(-88.6310842581186,129.886505407641,10.1495887436606));
#3580=CARTESIAN_POINT('Ctrl Pts',(-88.7857085736093,130.099344123741,10.1277650635799));
#3581=CARTESIAN_POINT('Ctrl Pts',(-88.9453346443075,130.308662886538,10.1069141869377));
#3582=CARTESIAN_POINT('Ctrl Pts',(-89.1163551576722,130.532923260258,10.0845749311267));
#3583=CARTESIAN_POINT('Ctrl Pts',(-89.2931113993369,130.75313899391,10.0633523170663));
#3584=CARTESIAN_POINT('Ctrl Pts',(-89.4756720991789,130.969288293644,10.0431554252697));
#3585=CARTESIAN_POINT('Ctrl Pts',(-89.6582327990208,131.185437593377,10.0229585334731));
#3586=CARTESIAN_POINT('Ctrl Pts',(-89.8465983255046,131.397520900885,10.0037873639402));
#3587=CARTESIAN_POINT('Ctrl Pts',(-90.040875598462,131.605471655019,9.98555099718432));
#3588=CARTESIAN_POINT('Ctrl Pts',(-90.174787590263,131.748808542852,9.97298098238884));
#3589=CARTESIAN_POINT('Ctrl Pts',(-90.3115155480831,131.890179994936,9.96085510252883));
#3590=CARTESIAN_POINT('Ctrl Pts',(-90.4507599369184,132.02922951748,9.94916799002151));
#3591=CARTESIAN_POINT('Ctrl Pts',(-90.5900031436818,132.168277859605,9.93748097672828));
#3592=CARTESIAN_POINT('Ctrl Pts',(-90.7317625461372,132.305004097808,9.92623272333822));
#3593=CARTESIAN_POINT('Ctrl Pts',(-90.8757010461673,132.43908794392,9.91541786240523));
#3594=CARTESIAN_POINT('Ctrl Pts',(-91.0054734957375,132.55997560882,9.90566737178083));
#3595=CARTESIAN_POINT('Ctrl Pts',(-91.1370166328985,132.678715771475,9.89626916474201));
#3596=CARTESIAN_POINT('Ctrl Pts',(-91.2700593518435,132.795100933082,9.88721930774233));
#3597=CARTESIAN_POINT('Ctrl Pts',(-91.4510062063148,132.953392413194,9.87491090657246));
#3598=CARTESIAN_POINT('Ctrl Pts',(-91.6347234301364,133.107337365035,9.86324687600058));
#3599=CARTESIAN_POINT('Ctrl Pts',(-91.8212719295436,133.257085761433,9.85216442970647));
#3600=CARTESIAN_POINT('Ctrl Pts',(-92.0084594790279,133.407347143594,9.84104401881773));
#3601=CARTESIAN_POINT('Ctrl Pts',(-92.1984980413075,133.553383434566,9.83050918364137));
#3602=CARTESIAN_POINT('Ctrl Pts',(-92.3914853608327,133.695308282355,9.82049649039212));
#3603=CARTESIAN_POINT('Ctrl Pts',(-92.4612774264092,133.7466340809,9.81687549319103));
#3604=CARTESIAN_POINT('Ctrl Pts',(-92.5314554617235,133.797421791235,9.81332278379025));
#3605=CARTESIAN_POINT('Ctrl Pts',(-92.602025129936,133.847675472481,9.80983536197422));
#3606=CARTESIAN_POINT('Ctrl Pts',(-92.8524317041304,134.025993615109,9.79746073457632));
#3607=CARTESIAN_POINT('Ctrl Pts',(-93.1077592800928,134.197584869894,9.78590813384215));
#3608=CARTESIAN_POINT('Ctrl Pts',(-93.3679477741711,134.362353705305,9.775104292542));
#3609=CARTESIAN_POINT('Ctrl Pts',(-93.5859142951699,134.500384750646,9.7660536398221));
#3610=CARTESIAN_POINT('Ctrl Pts',(-93.8072927796203,134.63362727158,9.7575284544291));
#3611=CARTESIAN_POINT('Ctrl Pts',(-94.032059330744,134.761999335016,9.74948566239454));
#3612=CARTESIAN_POINT('Ctrl Pts',(-94.2422538199196,134.882048782604,9.74196430054243));
#3613=CARTESIAN_POINT('Ctrl Pts',(-94.4554108550636,134.997841347541,9.73486481059886));
#3614=CARTESIAN_POINT('Ctrl Pts',(-94.671685197112,135.109367854804,9.72815579909486));
#3615=CARTESIAN_POINT('Ctrl Pts',(-94.7090780360969,135.128650274942,9.72699584186396));
#3616=CARTESIAN_POINT('Ctrl Pts',(-94.7465641036392,135.14780505235,9.72584755713458));
#3617=CARTESIAN_POINT('Ctrl Pts',(-94.7841442514197,135.166831989694,9.72471078265488));
#3618=CARTESIAN_POINT('Ctrl Pts',(-94.9286061369221,135.239973459495,9.72034090668506));
#3619=CARTESIAN_POINT('Ctrl Pts',(-95.0744610402586,135.311222300603,9.71614111897395));
#3620=CARTESIAN_POINT('Ctrl Pts',(-95.2212611480638,135.380343695536,9.71211365977251));
#3621=CARTESIAN_POINT('Ctrl Pts',(-95.333525252365,135.433203680493,9.70903369541403));
#3622=CARTESIAN_POINT('Ctrl Pts',(-95.4463416015816,135.484820386207,9.70605451380788));
#3623=CARTESIAN_POINT('Ctrl Pts',(-95.5595011450294,135.535107410778,9.70317711689077));
#3624=CARTESIAN_POINT('Ctrl Pts',(-95.7917835202058,135.6383314885,9.69727068982445));
#3625=CARTESIAN_POINT('Ctrl Pts',(-96.0255099684497,135.735963524592,9.6917931396012));
#3626=CARTESIAN_POINT('Ctrl Pts',(-96.2607268312561,135.828135826614,9.68670621736499));
#3627=CARTESIAN_POINT('Ctrl Pts',(-96.4972177641118,135.920807386928,9.68159174142712));
#3628=CARTESIAN_POINT('Ctrl Pts',(-96.7352156934612,136.007960095936,9.67687213666953));
#3629=CARTESIAN_POINT('Ctrl Pts',(-96.9747935354962,136.089682641115,9.67250852933002));
#3630=CARTESIAN_POINT('Ctrl Pts',(-97.0326907137947,136.109431983246,9.67145400546415));
#3631=CARTESIAN_POINT('Ctrl Pts',(-97.09068026316,136.128863981421,9.67042027226167));
#3632=CARTESIAN_POINT('Ctrl Pts',(-97.1487633972367,136.147979470486,9.66940678108089));
#3633=CARTESIAN_POINT('Ctrl Pts',(-97.4320568694721,136.24121295998,9.66446360023765));
#3634=CARTESIAN_POINT('Ctrl Pts',(-97.7175685446631,136.326918622247,9.66000195337147));
#3635=CARTESIAN_POINT('Ctrl Pts',(-98.00523614003,136.405089413711,9.65598884356719));
#3636=CARTESIAN_POINT('Ctrl Pts',(-98.2633503555072,136.475229369816,9.65238801849882));
#3637=CARTESIAN_POINT('Ctrl Pts',(-98.5232008102326,136.539302551238,9.64914830407896));
#3638=CARTESIAN_POINT('Ctrl Pts',(-98.7847509035677,136.59726913294,9.64624586414816));
#3639=CARTESIAN_POINT('Ctrl Pts',(-99.0211854418471,136.649669427681,9.64362213331261));
#3640=CARTESIAN_POINT('Ctrl Pts',(-99.2590086290727,136.697081589661,9.64127401285791));
#3641=CARTESIAN_POINT('Ctrl Pts',(-99.498363914628,136.73947470235,9.6391901954791));
#3642=CARTESIAN_POINT('Ctrl Pts',(-99.5389480898317,136.746662717893,9.63883687130079));
#3643=CARTESIAN_POINT('Ctrl Pts',(-99.5795763227586,136.753706318431,9.63849114565316));
#3644=CARTESIAN_POINT('Ctrl Pts',(-99.6202493232499,136.760605204603,9.63815296341734));
#3645=CARTESIAN_POINT('Ctrl Pts',(-99.8623246043609,136.801665608047,9.63614018937036));
#3646=CARTESIAN_POINT('Ctrl Pts',(-100.105986410625,136.837595377018,9.63439462752408));
#3647=CARTESIAN_POINT('Ctrl Pts',(-100.35077720925,136.86825004872,9.63291337589199));
#3648=CARTESIAN_POINT('Ctrl Pts',(-100.389685703835,136.873122483201,9.63267793701345));
#3649=CARTESIAN_POINT('Ctrl Pts',(-100.428622693005,136.877861751937,9.63244917561533));
#3650=CARTESIAN_POINT('Ctrl Pts',(-100.467586309465,136.882467392488,9.63222708004449));
#3651=CARTESIAN_POINT('Ctrl Pts',(-100.637561406112,136.902559064384,9.63125820909391));
#3652=CARTESIAN_POINT('Ctrl Pts',(-100.808044751319,136.92010356635,9.63041619271707));
#3653=CARTESIAN_POINT('Ctrl Pts',(-100.978548411709,136.935050723954,9.6297001101167));
#3654=CARTESIAN_POINT('Ctrl Pts',(-101.093029419332,136.945086670746,9.62921931188959));
#3655=CARTESIAN_POINT('Ctrl Pts',(-101.2075194396,136.953952764279,9.62879528664365));
#3656=CARTESIAN_POINT('Ctrl Pts',(-101.321869817399,136.961646970028,9.62842775566204));
#3657=CARTESIAN_POINT('Ctrl Pts',(-101.535599926793,136.976028063192,9.62774081051664));
#3658=CARTESIAN_POINT('Ctrl Pts',(-101.748841942723,136.986322631833,9.62725122602091));
#3659=CARTESIAN_POINT('Ctrl Pts',(-101.961821604452,136.992606178581,9.62695287349718));
#3660=CARTESIAN_POINT('Ctrl Pts',(-102.032501931434,136.994691462853,9.62685386097288));
#3661=CARTESIAN_POINT('Ctrl Pts',(-102.103153423062,136.996334575242,9.62677590956252));
#3662=CARTESIAN_POINT('Ctrl Pts',(-102.173784471161,136.997537017089,9.6267187952661));
#3663=CARTESIAN_POINT('Ctrl Pts',(-102.479433502237,137.002740467915,9.6264716386709));
#3664=CARTESIAN_POINT('Ctrl Pts',(-102.784699088127,136.99969510585,9.62661468660981));
#3665=CARTESIAN_POINT('Ctrl Pts',(-103.089490760588,136.988457953053,9.62714965564073));
#3666=CARTESIAN_POINT('Ctrl Pts',(-103.350033278259,136.978852191657,9.62760695874572));
#3667=CARTESIAN_POINT('Ctrl Pts',(-103.610229868685,136.963259660602,9.62835064644605));
#3668=CARTESIAN_POINT('Ctrl Pts',(-103.870024861732,136.941685790792,9.62938179096437));
#3669=CARTESIAN_POINT('Ctrl Pts',(-104.128038538659,136.920259844856,9.63040586531428));
#3670=CARTESIAN_POINT('Ctrl Pts',(-104.385650059481,136.892936855409,9.63171346803086));
#3671=CARTESIAN_POINT('Ctrl Pts',(-104.642935901402,136.859672464092,9.63332177225062));
#3672=CARTESIAN_POINT('Ctrl Pts',(-104.89908675462,136.826554815045,9.63492298161003));
#3673=CARTESIAN_POINT('Ctrl Pts',(-105.154915234234,136.78754798145,9.63682224529997));
#3674=CARTESIAN_POINT('Ctrl Pts',(-105.410484841591,136.742557967985,9.63903651018576));
#3675=CARTESIAN_POINT('Ctrl Pts',(-105.459059672317,136.734006942255,9.63945736438327));
#3676=CARTESIAN_POINT('Ctrl Pts',(-105.507625105398,136.725239631912,9.63988959790266));
#3677=CARTESIAN_POINT('Ctrl Pts',(-105.5561815073,136.716255189385,9.64033332710178));
#3678=CARTESIAN_POINT('Ctrl Pts',(-105.748431709085,136.680682930713,9.64209019179371));
#3679=CARTESIAN_POINT('Ctrl Pts',(-105.940543084761,136.641701858567,9.64402726498478));
#3680=CARTESIAN_POINT('Ctrl Pts',(-106.132053683236,136.599372972574,9.6461478261326));
#3681=CARTESIAN_POINT('Ctrl Pts',(-106.323570687501,136.557042670733,9.64826845821054));
#3682=CARTESIAN_POINT('Ctrl Pts',(-106.514486591228,136.511364378162,9.65057259052032));
#3683=CARTESIAN_POINT('Ctrl Pts',(-106.704349705834,136.462450248855,9.65306350284865));
#3684=CARTESIAN_POINT('Ctrl Pts',(-106.87828384232,136.4176398766,9.65534543468038));
#3685=CARTESIAN_POINT('Ctrl Pts',(-107.0513343925,136.370114478402,9.65778412059559));
#3686=CARTESIAN_POINT('Ctrl Pts',(-107.223164669743,136.319997204716,9.66038208220634));
#3687=CARTESIAN_POINT('Ctrl Pts',(-107.457285743587,136.251711742329,9.66392183999448));
#3688=CARTESIAN_POINT('Ctrl Pts',(-107.689148288311,136.178623019231,9.6677572840422));
#3689=CARTESIAN_POINT('Ctrl Pts',(-107.918902076403,136.100770937314,9.67191047168616));
#3690=CARTESIAN_POINT('Ctrl Pts',(-108.149561376108,136.022612022744,9.67608002798142));
#3691=CARTESIAN_POINT('Ctrl Pts',(-108.378095660894,135.939652014508,9.68056983740719));
#3692=CARTESIAN_POINT('Ctrl Pts',(-108.604644675896,135.851880191833,9.6854022191282));
#3693=CARTESIAN_POINT('Ctrl Pts',(-108.679625460473,135.822830407054,9.68700158945788));
#3694=CARTESIAN_POINT('Ctrl Pts',(-108.754388655676,135.793253126162,9.68863848540457));
#3695=CARTESIAN_POINT('Ctrl Pts',(-108.828938930439,135.763146768488,9.69031371614119));
#3696=CARTESIAN_POINT('Ctrl Pts',(-109.120416425206,135.645436595863,9.69686355193748));
#3697=CARTESIAN_POINT('Ctrl Pts',(-109.408631041305,135.519645663583,9.7039993972211));
#3698=CARTESIAN_POINT('Ctrl Pts',(-109.693451747523,135.385798977799,9.71179279230255));
#3699=CARTESIAN_POINT('Ctrl Pts',(-109.920822698679,135.278949835193,9.7180142207792));
#3700=CARTESIAN_POINT('Ctrl Pts',(-110.146030529889,135.166965980498,9.72465468926234));
#3701=CARTESIAN_POINT('Ctrl Pts',(-110.368996016287,135.04983983914,9.73175059269801));
#3702=CARTESIAN_POINT('Ctrl Pts',(-110.562061521033,134.948420476145,9.73789492561948));
#3703=CARTESIAN_POINT('Ctrl Pts',(-110.753447435397,134.84314801814,9.74438073474309));
#3704=CARTESIAN_POINT('Ctrl Pts',(-110.943312376714,134.73387024252,9.75124959496602));
#3705=CARTESIAN_POINT('Ctrl Pts',(-111.000418038931,134.701002775261,9.7533155414698));
#3706=CARTESIAN_POINT('Ctrl Pts',(-111.057385910846,134.667772680803,9.75541613974959));
#3707=CARTESIAN_POINT('Ctrl Pts',(-111.1142197729,134.634175063245,9.75755252099228));
#3708=CARTESIAN_POINT('Ctrl Pts',(-111.252771120371,134.552269751586,9.76276065728967));
#3709=CARTESIAN_POINT('Ctrl Pts',(-111.390524371109,134.46817594467,9.7681814524406));
#3710=CARTESIAN_POINT('Ctrl Pts',(-111.527037520991,134.382142928063,9.77380936907653));
#3711=CARTESIAN_POINT('Ctrl Pts',(-111.632703656591,134.315550248847,9.77816558093533));
#3712=CARTESIAN_POINT('Ctrl Pts',(-111.737627275217,134.247796664552,9.78264588594889));
#3713=CARTESIAN_POINT('Ctrl Pts',(-111.84161477599,134.179015968739,9.78724771616201));
#3714=CARTESIAN_POINT('Ctrl Pts',(-112.079946749551,134.021375494123,9.7977947844975));
#3715=CARTESIAN_POINT('Ctrl Pts',(-112.313371699042,133.85834841444,9.80898021726373));
#3716=CARTESIAN_POINT('Ctrl Pts',(-112.541979672291,133.690043643364,9.82086814805303));
#3717=CARTESIAN_POINT('Ctrl Pts',(-112.770587645539,133.521738872288,9.83275607884233));
#3718=CARTESIAN_POINT('Ctrl Pts',(-112.9943791013,133.348156069008,9.84534650765469));
#3719=CARTESIAN_POINT('Ctrl Pts',(-113.213419337682,133.169351484311,9.85870356808245));
#3720=CARTESIAN_POINT('Ctrl Pts',(-113.432459574064,132.990546899614,9.8720606285102));
#3721=CARTESIAN_POINT('Ctrl Pts',(-113.646744599889,132.806523528471,9.88618432055334));
#3722=CARTESIAN_POINT('Ctrl Pts',(-113.856300181294,132.617299427206,9.901162626888));
#3723=CARTESIAN_POINT('Ctrl Pts',(-114.0658557627,132.428075325942,9.91614093322266));
#3724=CARTESIAN_POINT('Ctrl Pts',(-114.270682297662,132.233650135134,9.93197385384883));
#3725=CARTESIAN_POINT('Ctrl Pts',(-114.470769606243,132.034001559388,9.94874937144265));
#3726=CARTESIAN_POINT('Ctrl Pts',(-114.678352994996,131.826873340178,9.96615336780251));
#3727=CARTESIAN_POINT('Ctrl Pts',(-114.880831649957,131.614125867009,9.98457191110916));
#3728=CARTESIAN_POINT('Ctrl Pts',(-115.078110225586,131.395740731706,10.0041363021014));
#3729=CARTESIAN_POINT('Ctrl Pts',(-115.261140878701,131.193127884276,10.0222877067823));
#3730=CARTESIAN_POINT('Ctrl Pts',(-115.439695281241,130.985661719337,10.041425424341));
#3731=CARTESIAN_POINT('Ctrl Pts',(-115.613662442219,130.773307582723,10.0616543121298));
#3732=CARTESIAN_POINT('Ctrl Pts',(-115.71578979879,130.648645166511,10.0735296731152));
#3733=CARTESIAN_POINT('Ctrl Pts',(-115.816332819795,130.522293839084,10.0857810811093));
#3734=CARTESIAN_POINT('Ctrl Pts',(-115.914970166272,130.394646268347,10.0983899243907));
#3735=CARTESIAN_POINT('Ctrl Pts',(-115.990894777908,130.296391473579,10.1080953915744));
#3736=CARTESIAN_POINT('Ctrl Pts',(-116.065691071483,130.19736938152,10.1180126362608));
#3737=CARTESIAN_POINT('Ctrl Pts',(-116.139229252461,130.097771803289,10.1281331703567));
#3738=CARTESIAN_POINT('Ctrl Pts',(-116.266698681486,129.925131601146,10.1456758765465));
#3739=CARTESIAN_POINT('Ctrl Pts',(-116.390395665682,129.750766906881,10.1638293856065));
#3740=CARTESIAN_POINT('Ctrl Pts',(-116.51051281386,129.574536065174,10.1826519598125));
#3741=CARTESIAN_POINT('Ctrl Pts',(-116.549718814456,129.517014665527,10.1887956109624));
#3742=CARTESIAN_POINT('Ctrl Pts',(-116.588543123757,129.459294180647,10.1950105414187));
#3743=CARTESIAN_POINT('Ctrl Pts',(-116.626991519272,129.40136891571,10.2012987771377));
#3744=CARTESIAN_POINT('Ctrl Pts',(-116.803991462626,129.134705808577,10.2302471207844));
#3745=CARTESIAN_POINT('Ctrl Pts',(-116.973027396716,128.863704715914,10.2607490134701));
#3746=CARTESIAN_POINT('Ctrl Pts',(-117.134105678511,128.588551025044,10.2929594457094));
#3747=CARTESIAN_POINT('Ctrl Pts',(-117.257406981986,128.37792791458,10.3176157074743));
#3748=CARTESIAN_POINT('Ctrl Pts',(-117.376044824774,128.164870684301,10.343273089835));
#3749=CARTESIAN_POINT('Ctrl Pts',(-117.490006320112,127.949449162395,10.370001110774));
#3750=CARTESIAN_POINT('Ctrl Pts',(-117.606701153066,127.728860809822,10.3973701965286));
#3751=CARTESIAN_POINT('Ctrl Pts',(-117.718492336018,127.505799941392,10.4258618947562));
#3752=CARTESIAN_POINT('Ctrl Pts',(-117.825422714085,127.280160253777,10.4556093608464));
#3753=CARTESIAN_POINT('Ctrl Pts',(-117.932071777671,127.055114183363,10.4852785667344));
#3754=CARTESIAN_POINT('Ctrl Pts',(-118.033885746319,126.827502452944,10.5161969417805));
#3755=CARTESIAN_POINT('Ctrl Pts',(-118.130859177816,126.597200049175,10.5484965932134));
#3756=CARTESIAN_POINT('Ctrl Pts',(-118.155651462593,126.538320800593,10.5567543411773));
#3757=CARTESIAN_POINT('Ctrl Pts',(-118.180127106686,126.479265600488,10.5651023725949));
#3758=CARTESIAN_POINT('Ctrl Pts',(-118.204285493993,126.420032202108,10.5735428950535));
#3759=CARTESIAN_POINT('Ctrl Pts',(-118.276571956456,126.242794674858,10.5987985341048));
#3760=CARTESIAN_POINT('Ctrl Pts',(-118.346015048545,126.063956905276,10.6248822635236));
#3761=CARTESIAN_POINT('Ctrl Pts',(-118.412423895475,125.883946332235,10.6517756508992));
#3762=CARTESIAN_POINT('Ctrl Pts',(-118.478875930866,125.70381869076,10.6786865281739));
#3763=CARTESIAN_POINT('Ctrl Pts',(-118.5422896651,125.522516980718,10.7064081168571));
#3764=CARTESIAN_POINT('Ctrl Pts',(-118.602522766648,125.340487886545,10.7349219485527));
#3765=CARTESIAN_POINT('Ctrl Pts',(-118.659793233722,125.167412103021,10.7620332945956));
#3766=CARTESIAN_POINT('Ctrl Pts',(-118.714188574167,124.99367906661,10.7898608655366));
#3767=CARTESIAN_POINT('Ctrl Pts',(-118.765628460885,124.8196848298,10.8183887863048));
#3768=CARTESIAN_POINT('Ctrl Pts',(-118.83757920053,124.576313103474,10.8582917707548));
#3769=CARTESIAN_POINT('Ctrl Pts',(-118.903760013958,124.33242818168,10.8995649601935));
#3770=CARTESIAN_POINT('Ctrl Pts',(-118.964320233221,124.087976122919,10.9423154420676));
#3771=CARTESIAN_POINT('Ctrl Pts',(-119.025315873626,123.84176648144,10.9853732950825));
#3772=CARTESIAN_POINT('Ctrl Pts',(-119.080609951703,123.59498111332,11.0299297600324));
#3773=CARTESIAN_POINT('Ctrl Pts',(-119.130307086566,123.347543007553,11.0760942508513));
#3774=CARTESIAN_POINT('Ctrl Pts',(-119.140722527619,123.295685349922,11.0857693263703));
#3775=CARTESIAN_POINT('Ctrl Pts',(-119.150891962752,123.243798958252,11.0955150313125));
#3776=CARTESIAN_POINT('Ctrl Pts',(-119.160816081724,123.191883028757,11.1053323728681));
#3777=CARTESIAN_POINT('Ctrl Pts',(-119.221933534587,122.872160000177,11.1657922395281));
#3778=CARTESIAN_POINT('Ctrl Pts',(-119.273748777371,122.551328415817,11.2289690559952));
#3779=CARTESIAN_POINT('Ctrl Pts',(-119.316314849756,122.229575290202,11.2950906810099));
#3780=CARTESIAN_POINT('Ctrl Pts',(-119.346384124369,122.002284338754,11.3417999306314));
#3781=CARTESIAN_POINT('Ctrl Pts',(-119.37183685406,121.774533033031,11.3899787012956));
#3782=CARTESIAN_POINT('Ctrl Pts',(-119.39267660494,121.546383243929,11.4397073167216));
#3783=CARTESIAN_POINT('Ctrl Pts',(-119.412758492287,121.326530406467,11.4876274890238));
#3784=CARTESIAN_POINT('Ctrl Pts',(-119.428560106942,121.106308217217,11.536986831688));
#3785=CARTESIAN_POINT('Ctrl Pts',(-119.440076941298,120.885507942627,11.5879230317937));
#3786=CARTESIAN_POINT('Ctrl Pts',(-119.442995086915,120.829561374883,11.600829290969));
#3787=CARTESIAN_POINT('Ctrl Pts',(-119.445637880913,120.773577683679,11.6138367873409));
#3788=CARTESIAN_POINT('Ctrl Pts',(-119.448004717966,120.717553466191,11.6269477607375));
#3789=CARTESIAN_POINT('Ctrl Pts',(-119.455645796081,120.536685323358,11.6692751240687));
#3790=CARTESIAN_POINT('Ctrl Pts',(-119.460406187649,120.355394483769,11.7126809783193));
#3791=CARTESIAN_POINT('Ctrl Pts',(-119.462262978072,120.17415760399,11.757091709404));
#3792=CARTESIAN_POINT('Ctrl Pts',(-119.46246167896,120.154762884785,11.7618442391326));
#3793=CARTESIAN_POINT('Ctrl Pts',(-119.462627177546,120.135368785075,11.7666082765119));
#3794=CARTESIAN_POINT('Ctrl Pts',(-119.462759481113,120.115975889744,11.7713837313285));
#3795=CARTESIAN_POINT('',(-119.462765422956,119.884898353585,11.828844243496));
#3796=CARTESIAN_POINT('Ctrl Pts',(-119.462765422956,119.884898353585,11.828844243496));
#3797=CARTESIAN_POINT('Ctrl Pts',(-119.461410127074,119.68473178254,11.8791053418779));
#3798=CARTESIAN_POINT('Ctrl Pts',(-119.456517493303,119.484940693146,11.9305469112005));
#3799=CARTESIAN_POINT('Ctrl Pts',(-119.448153976415,119.285988312463,11.9830563969867));
#3800=CARTESIAN_POINT('Ctrl Pts',(-119.444926923641,119.209222779425,12.0033171179295));
#3801=CARTESIAN_POINT('Ctrl Pts',(-119.441183677589,119.132582058099,12.0237368295062));
#3802=CARTESIAN_POINT('Ctrl Pts',(-119.436930111842,119.056092499536,12.0443090660374));
#3803=CARTESIAN_POINT('Ctrl Pts',(-119.424332116787,118.829549608686,12.1052388716556));
#3804=CARTESIAN_POINT('Ctrl Pts',(-119.407262796545,118.604333032192,12.1675066198421));
#3805=CARTESIAN_POINT('Ctrl Pts',(-119.385814920667,118.380251835163,12.2311541824131));
#3806=CARTESIAN_POINT('Ctrl Pts',(-119.381253133986,118.332591608769,12.244691495145));
#3807=CARTESIAN_POINT('Ctrl Pts',(-119.37649308396,118.284982729386,12.2582912276289));
#3808=CARTESIAN_POINT('Ctrl Pts',(-119.371535360894,118.237423341546,12.2719537827431));
#3809=CARTESIAN_POINT('Ctrl Pts',(-119.342671128032,117.960529044078,12.3514981959862));
#3810=CARTESIAN_POINT('Ctrl Pts',(-119.30711042217,117.685311477509,12.4331720797233));
#3811=CARTESIAN_POINT('Ctrl Pts',(-119.264968623923,117.411745407762,12.516800829987));
#3812=CARTESIAN_POINT('Ctrl Pts',(-119.224570311183,117.149497281194,12.5969697014562));
#3813=CARTESIAN_POINT('Ctrl Pts',(-119.178123795556,116.888766392897,12.6789350324505));
#3814=CARTESIAN_POINT('Ctrl Pts',(-119.125685761227,116.629529484698,12.7625430058778));
#3815=CARTESIAN_POINT('Ctrl Pts',(-119.077840018728,116.392995401863,12.8388289616459));
#3816=CARTESIAN_POINT('Ctrl Pts',(-119.025008409028,116.157709020631,12.9164824473043));
#3817=CARTESIAN_POINT('Ctrl Pts',(-118.967166504945,115.923530071158,12.9951187572354));
#3818=CARTESIAN_POINT('Ctrl Pts',(-118.909407386255,115.689686286941,13.0736425200784));
#3819=CARTESIAN_POINT('Ctrl Pts',(-118.846652199036,115.45694637299,13.1531462959011));
#3820=CARTESIAN_POINT('Ctrl Pts',(-118.778826578866,115.225184429288,13.2332470285365));
#3821=CARTESIAN_POINT('Ctrl Pts',(-118.762478006533,115.169320923855,13.2525543731389));
#3822=CARTESIAN_POINT('Ctrl Pts',(-118.745834620413,115.113514316166,13.2718964006117));
#3823=CARTESIAN_POINT('Ctrl Pts',(-118.728894954183,115.057763002641,13.2912677465612));
#3824=CARTESIAN_POINT('Ctrl Pts',(-118.681066628562,114.900351874179,13.3459618018741));
#3825=CARTESIAN_POINT('Ctrl Pts',(-118.630871989103,114.743382403838,13.4008895805133));
#3826=CARTESIAN_POINT('Ctrl Pts',(-118.578459557936,114.58733321049,13.4559219662293));
#3827=CARTESIAN_POINT('Ctrl Pts',(-118.544521486274,114.486288313529,13.4915565095733));
#3828=CARTESIAN_POINT('Ctrl Pts',(-118.509654556666,114.385628980047,13.5272349127307));
#3829=CARTESIAN_POINT('Ctrl Pts',(-118.473910112784,114.285481343996,13.5629221215489));
#3830=CARTESIAN_POINT('Ctrl Pts',(-118.395866126192,114.066820206311,13.6408411417944));
#3831=CARTESIAN_POINT('Ctrl Pts',(-118.313645991497,113.850594703849,13.7188021402336));
#3832=CARTESIAN_POINT('Ctrl Pts',(-118.227270888695,113.636616233736,13.7969571455998));
#3833=CARTESIAN_POINT('Ctrl Pts',(-118.21299098418,113.601240390207,13.8098780681553));
#3834=CARTESIAN_POINT('Ctrl Pts',(-118.198597403283,113.565925989917,13.822804293333));
#3835=CARTESIAN_POINT('Ctrl Pts',(-118.184090109349,113.530672215046,13.8357365080999));
#3836=CARTESIAN_POINT('Ctrl Pts',(-118.065722841752,113.243031182678,13.9412524597952));
#3837=CARTESIAN_POINT('Ctrl Pts',(-117.939789750644,112.959425695287,14.0471671493395));
#3838=CARTESIAN_POINT('Ctrl Pts',(-117.806439938029,112.679917353807,14.1536949970524));
#3839=CARTESIAN_POINT('Ctrl Pts',(-117.709387204191,112.476489631345,14.231226555947));
#3840=CARTESIAN_POINT('Ctrl Pts',(-117.608404696678,112.275232255007,14.3090829052876));
#3841=CARTESIAN_POINT('Ctrl Pts',(-117.503533124518,112.07617337039,14.3873467082393));
#3842=CARTESIAN_POINT('Ctrl Pts',(-117.369281698983,111.821347982778,14.487536177107));
#3843=CARTESIAN_POINT('Ctrl Pts',(-117.228660105402,111.570126350506,14.5883933752624));
#3844=CARTESIAN_POINT('Ctrl Pts',(-117.081685169393,111.322524664476,14.6899623181226));
#3845=CARTESIAN_POINT('Ctrl Pts',(-116.956100398285,111.11095797215,14.7767493090696));
#3846=CARTESIAN_POINT('Ctrl Pts',(-116.825876116507,110.902034424321,14.8640559508665));
#3847=CARTESIAN_POINT('Ctrl Pts',(-116.690997386722,110.695780340966,14.9519097025891));
#3848=CARTESIAN_POINT('Ctrl Pts',(-116.561258799781,110.497386469908,15.0364154035557));
#3849=CARTESIAN_POINT('Ctrl Pts',(-116.427216077395,110.301462072231,15.1214273090043));
#3850=CARTESIAN_POINT('Ctrl Pts',(-116.288735071267,110.107915383054,15.2068583284904));
#3851=CARTESIAN_POINT('Ctrl Pts',(-116.270987961956,110.083111300923,15.2178067876599));
#3852=CARTESIAN_POINT('Ctrl Pts',(-116.253167905519,110.058346315436,15.2287621302932));
#3853=CARTESIAN_POINT('Ctrl Pts',(-116.235274573018,110.033620274486,15.2397241730817));
#3854=CARTESIAN_POINT('Ctrl Pts',(-116.138376060174,109.899720309428,15.2990873824737));
#3855=CARTESIAN_POINT('Ctrl Pts',(-116.039324597768,109.766964285099,15.3586470801346));
#3856=CARTESIAN_POINT('Ctrl Pts',(-115.938410362575,109.635758820395,15.4181440114437));
#3857=CARTESIAN_POINT('Ctrl Pts',(-115.875281439021,109.553680610762,15.4553635099722));
#3858=CARTESIAN_POINT('Ctrl Pts',(-115.81142439395,109.472208602679,15.4925584456489));
#3859=CARTESIAN_POINT('Ctrl Pts',(-115.746918482186,109.391436005186,15.5296653505402));
#3860=CARTESIAN_POINT('Ctrl Pts',(-115.601244978889,109.209027495245,15.6134637603949));
#3861=CARTESIAN_POINT('Ctrl Pts',(-115.452267984513,109.030180627858,15.6968132216002));
#3862=CARTESIAN_POINT('Ctrl Pts',(-115.299932052124,108.854724897071,15.779440682395));
#3863=CARTESIAN_POINT('Ctrl Pts',(-115.147164260508,108.678771764422,15.8623023849138));
#3864=CARTESIAN_POINT('Ctrl Pts',(-114.991018211795,108.506228721924,15.9444379876018));
#3865=CARTESIAN_POINT('Ctrl Pts',(-114.831396178879,108.336955274608,16.0255721098739));
#3866=CARTESIAN_POINT('Ctrl Pts',(-114.783884655498,108.286571006203,16.0497216942191));
#3867=CARTESIAN_POINT('Ctrl Pts',(-114.736064908273,108.236476637479,16.0737825517892));
#3868=CARTESIAN_POINT('Ctrl Pts',(-114.68793369791,108.186669060428,16.0977474206606));
#3869=CARTESIAN_POINT('Ctrl Pts',(-114.502129417729,107.994393384584,16.1902606813236));
#3870=CARTESIAN_POINT('Ctrl Pts',(-114.311689336931,107.806392135188,16.2813434745817));
#3871=CARTESIAN_POINT('Ctrl Pts',(-114.116547076244,107.622663650046,16.3706273585336));
#3872=CARTESIAN_POINT('Ctrl Pts',(-113.921957821905,107.439455826181,16.4596582242288));
#3873=CARTESIAN_POINT('Ctrl Pts',(-113.722692645917,107.260496276043,16.5469003618945));
#3874=CARTESIAN_POINT('Ctrl Pts',(-113.518655417635,107.085825136096,16.6319884531021));
#3875=CARTESIAN_POINT('Ctrl Pts',(-113.341462612534,106.934134831743,16.7058818189777));
#3876=CARTESIAN_POINT('Ctrl Pts',(-113.160676060781,106.785681878466,16.7781506523609));
#3877=CARTESIAN_POINT('Ctrl Pts',(-112.976111186269,106.640443344476,16.848709352161));
#3878=CARTESIAN_POINT('Ctrl Pts',(-112.793173184854,106.496485036012,16.9186461023577));
#3879=CARTESIAN_POINT('Ctrl Pts',(-112.606522858397,106.355684529293,16.9869027345245));
#3880=CARTESIAN_POINT('Ctrl Pts',(-112.415957114654,106.218065020584,17.0533958913049));
#3881=CARTESIAN_POINT('Ctrl Pts',(-112.355378948654,106.174317717004,17.074533129353));
#3882=CARTESIAN_POINT('Ctrl Pts',(-112.294404965429,106.130892217333,17.0954921656465));
#3883=CARTESIAN_POINT('Ctrl Pts',(-112.233028221319,106.087790293478,17.1162703225107));
#3884=CARTESIAN_POINT('Ctrl Pts',(-112.08222931036,105.981891499534,17.167320984652));
#3885=CARTESIAN_POINT('Ctrl Pts',(-111.928993663098,105.877947750621,17.2172797592879));
#3886=CARTESIAN_POINT('Ctrl Pts',(-111.773676294785,105.776280556081,17.2660222494935));
#3887=CARTESIAN_POINT('Ctrl Pts',(-111.618719365317,105.67484929656,17.3146516249385));
#3888=CARTESIAN_POINT('Ctrl Pts',(-111.461690573797,105.575684215361,17.3620703545689));
#3889=CARTESIAN_POINT('Ctrl Pts',(-111.302973456116,105.47906300606,17.4081549055005));
#3890=CARTESIAN_POINT('Ctrl Pts',(-111.146838071827,105.38401346216,17.4534898332931));
#3891=CARTESIAN_POINT('Ctrl Pts',(-110.989069126864,105.291425735316,17.4975336335617));
#3892=CARTESIAN_POINT('Ctrl Pts',(-110.83005798265,105.201522513558,17.5401687041497));
#3893=CARTESIAN_POINT('Ctrl Pts',(-110.611447175671,105.077922271855,17.5987840121075));
#3894=CARTESIAN_POINT('Ctrl Pts',(-110.39048880387,104.959382405115,17.6547366595736));
#3895=CARTESIAN_POINT('Ctrl Pts',(-110.16710342482,104.845819718917,17.7081192911965));
#3896=CARTESIAN_POINT('Ctrl Pts',(-109.943583483262,104.732188625018,17.7615340793594));
#3897=CARTESIAN_POINT('Ctrl Pts',(-109.717633225652,104.623540511352,17.8123757545029));
#3898=CARTESIAN_POINT('Ctrl Pts',(-109.489148502813,104.519837969007,17.8607371287977));
#3899=CARTESIAN_POINT('Ctrl Pts',(-109.441815616148,104.498354954201,17.8707556692935));
#3900=CARTESIAN_POINT('Ctrl Pts',(-109.394373889678,104.477084342805,17.8806677670579));
#3901=CARTESIAN_POINT('Ctrl Pts',(-109.346822289443,104.456026060522,17.890474247221));
#3902=CARTESIAN_POINT('Ctrl Pts',(-109.072890964279,104.33471524989,17.9469666069525));
#3903=CARTESIAN_POINT('Ctrl Pts',(-108.795322927281,104.220450725451,17.9999539553747));
#3904=CARTESIAN_POINT('Ctrl Pts',(-108.51415409395,104.113357465945,18.0494358850596));
#3905=CARTESIAN_POINT('Ctrl Pts',(-108.275446494906,104.022437094197,18.0914452091061));
#3906=CARTESIAN_POINT('Ctrl Pts',(-108.034143142043,103.936686334354,18.1309279241733));
#3907=CARTESIAN_POINT('Ctrl Pts',(-107.790262908967,103.856211032052,18.1678837809465));
#3908=CARTESIAN_POINT('Ctrl Pts',(-107.56964751662,103.78341263356,18.2013142510536));
#3909=CARTESIAN_POINT('Ctrl Pts',(-107.346922294893,103.714928246482,18.2326769650905));
#3910=CARTESIAN_POINT('Ctrl Pts',(-107.121904801534,103.650808855259,18.2619764332286));
#3911=CARTESIAN_POINT('Ctrl Pts',(-107.076052260043,103.637743039786,18.2679468804965));
#3912=CARTESIAN_POINT('Ctrl Pts',(-107.030104513489,103.624858645739,18.2738316545127));
#3913=CARTESIAN_POINT('Ctrl Pts',(-106.984059989706,103.612156369707,18.2796307934395));
#3914=CARTESIAN_POINT('Ctrl Pts',(-106.765538344137,103.551872930267,18.3071527933877));
#3915=CARTESIAN_POINT('Ctrl Pts',(-106.544835698884,103.49569567034,18.3327460043881));
#3916=CARTESIAN_POINT('Ctrl Pts',(-106.32237436545,103.443840223273,18.3563278106293));
#3917=CARTESIAN_POINT('Ctrl Pts',(-106.267927630285,103.431148760223,18.3620993860277));
#3918=CARTESIAN_POINT('Ctrl Pts',(-106.213375644235,103.418715953676,18.3677504761194));
#3919=CARTESIAN_POINT('Ctrl Pts',(-106.158724778207,103.406544523534,18.3732798697068));
#3920=CARTESIAN_POINT('Ctrl Pts',(-105.999342021292,103.371047993787,18.3894056890775));
#3921=CARTESIAN_POINT('Ctrl Pts',(-105.839116199162,103.337778399387,18.4044964457051));
#3922=CARTESIAN_POINT('Ctrl Pts',(-105.678537763619,103.306848283324,18.4185187338211));
#3923=CARTESIAN_POINT('Ctrl Pts',(-105.559084817195,103.283839630359,18.4289497959086));
#3924=CARTESIAN_POINT('Ctrl Pts',(-105.439437031273,103.262124544794,18.4387895945695));
#3925=CARTESIAN_POINT('Ctrl Pts',(-105.319799771141,103.241730962226,18.4480243782936));
#3926=CARTESIAN_POINT('Ctrl Pts',(-105.114442075943,103.206725320102,18.4638759106601));
#3927=CARTESIAN_POINT('Ctrl Pts',(-104.909116371286,103.175605112746,18.4779448379346));
#3928=CARTESIAN_POINT('Ctrl Pts',(-104.70358472676,103.148279760676,18.4902836860366));
#3929=CARTESIAN_POINT('Ctrl Pts',(-104.628415337956,103.138286019718,18.4947963909902));
#3930=CARTESIAN_POINT('Ctrl Pts',(-104.553218290367,103.128800368505,18.499077681415));
#3931=CARTESIAN_POINT('Ctrl Pts',(-104.477981605258,103.119820081025,18.5031301268819));
#3932=CARTESIAN_POINT('Ctrl Pts',(-104.16423517445,103.082371153811,18.5200293336912));
#3933=CARTESIAN_POINT('Ctrl Pts',(-103.849801399526,103.053707673715,18.5329489385884));
#3934=CARTESIAN_POINT('Ctrl Pts',(-103.534816066021,103.033811779196,18.5419106534387));
#3935=CARTESIAN_POINT('Ctrl Pts',(-103.285677916113,103.018075089821,18.5489989360357));
#3936=CARTESIAN_POINT('Ctrl Pts',(-103.036194346996,103.007824436071,18.5536111451435));
#3937=CARTESIAN_POINT('Ctrl Pts',(-102.786430811506,103.003074018951,18.5557580242882));
#3938=CARTESIAN_POINT('Ctrl Pts',(-102.536329847082,102.998317184049,18.5579078038528));
#3939=CARTESIAN_POINT('Ctrl Pts',(-102.285952554477,102.999072930206,18.5575855876647));
#3940=CARTESIAN_POINT('Ctrl Pts',(-102.035189533594,103.005387751231,18.5547473249144));
#3941=CARTESIAN_POINT('Ctrl Pts',(-101.785729370943,103.011669763125,18.5519238085729));
#3942=CARTESIAN_POINT('Ctrl Pts',(-101.53588705666,103.023453276824,18.5466103223713));
#3943=CARTESIAN_POINT('Ctrl Pts',(-101.285562236672,103.040835071225,18.5387634985471));
#3944=CARTESIAN_POINT('Ctrl Pts',(-101.218517221502,103.045490473232,18.5366618674649));
#3945=CARTESIAN_POINT('Ctrl Pts',(-101.151437654871,103.050547744725,18.5343785098943));
#3946=CARTESIAN_POINT('Ctrl Pts',(-101.084321759092,103.056009364473,18.5319125926248));
#3947=CARTESIAN_POINT('Ctrl Pts',(-100.927837752719,103.068743399078,18.5261631854353));
#3948=CARTESIAN_POINT('Ctrl Pts',(-100.771155380863,103.083680070476,18.5194213615952));
#3949=CARTESIAN_POINT('Ctrl Pts',(-100.614788960992,103.100782779424,18.5117069118897));
#3950=CARTESIAN_POINT('Ctrl Pts',(-100.48656759726,103.114807099138,18.5053810187569));
#3951=CARTESIAN_POINT('Ctrl Pts',(-100.358558694196,103.130286915687,18.4984011228168));
#3952=CARTESIAN_POINT('Ctrl Pts',(-100.231042905491,103.147176046313,18.4907781363046));
#3953=CARTESIAN_POINT('Ctrl Pts',(-99.9958680192697,103.178324341074,18.4767192107091));
#3954=CARTESIAN_POINT('Ctrl Pts',(-99.7623673374293,103.214255564268,18.4604728957043));
#3955=CARTESIAN_POINT('Ctrl Pts',(-99.5303763686154,103.254887011569,18.4420709709201));
#3956=CARTESIAN_POINT('Ctrl Pts',(-99.4831772728862,103.263153572895,18.4383270570344));
#3957=CARTESIAN_POINT('Ctrl Pts',(-99.4360406667769,103.271614862302,18.4344939163433));
#3958=CARTESIAN_POINT('Ctrl Pts',(-99.388965167785,103.280270446349,18.4305718164779));
#3959=CARTESIAN_POINT('Ctrl Pts',(-99.0900885984982,103.335223687855,18.4056708854778));
#3960=CARTESIAN_POINT('Ctrl Pts',(-98.7936746752202,103.398004636781,18.3771841664075));
#3961=CARTESIAN_POINT('Ctrl Pts',(-98.4997835103372,103.46846390217,18.345121639004));
#3962=CARTESIAN_POINT('Ctrl Pts',(-98.2460463925006,103.529296390727,18.3174397816839));
#3963=CARTESIAN_POINT('Ctrl Pts',(-97.9941894292284,103.595853265796,18.2870924827331));
#3964=CARTESIAN_POINT('Ctrl Pts',(-97.744251604641,103.668069620086,18.254086164761));
#3965=CARTESIAN_POINT('Ctrl Pts',(-97.5077216181232,103.736411950162,18.22285046061));
#3966=CARTESIAN_POINT('Ctrl Pts',(-97.2729137671893,103.809819522814,18.1892333699598));
#3967=CARTESIAN_POINT('Ctrl Pts',(-97.0397050659537,103.888321320207,18.1531623531427));
#3968=CARTESIAN_POINT('Ctrl Pts',(-96.8068145738241,103.966716003299,18.1171405545835));
#3969=CARTESIAN_POINT('Ctrl Pts',(-96.5755184757788,104.050191160539,18.0786715219655));
#3970=CARTESIAN_POINT('Ctrl Pts',(-96.3457120121274,104.138824437045,18.0376830121535));
#3971=CARTESIAN_POINT('Ctrl Pts',(-96.2808279978821,104.163849332707,18.026110234729));
#3972=CARTESIAN_POINT('Ctrl Pts',(-96.2160628613784,104.189285709457,18.0143366121429));
#3973=CARTESIAN_POINT('Ctrl Pts',(-96.1514145679898,104.215135995698,18.0023605183859));
#3974=CARTESIAN_POINT('Ctrl Pts',(-95.9994161127004,104.275914144224,17.9742028106407));
#3975=CARTESIAN_POINT('Ctrl Pts',(-95.8480648576847,104.338984694326,17.9449258520949));
#3976=CARTESIAN_POINT('Ctrl Pts',(-95.6978259915666,104.404156892137,17.9146086850815));
#3977=CARTESIAN_POINT('Ctrl Pts',(-95.589639362066,104.451087227812,17.8927773693911));
#3978=CARTESIAN_POINT('Ctrl Pts',(-95.4820291798807,104.499106325563,17.8704066635998));
#3979=CARTESIAN_POINT('Ctrl Pts',(-95.3751623029802,104.548127676266,17.8475260820853));
#3980=CARTESIAN_POINT('Ctrl Pts',(-95.1198893015408,104.665225019163,17.7928712171984));
#3981=CARTESIAN_POINT('Ctrl Pts',(-94.8688530189733,104.788035171674,17.7353070565886));
#3982=CARTESIAN_POINT('Ctrl Pts',(-94.6221676100878,104.916269844504,17.6749226717069));
#3983=CARTESIAN_POINT('Ctrl Pts',(-94.3754822012023,105.044504517334,17.6145382868251));
#3984=CARTESIAN_POINT('Ctrl Pts',(-94.1331432050063,105.178161809284,17.5513336776713));
#3985=CARTESIAN_POINT('Ctrl Pts',(-93.8950604823724,105.31709310577,17.4853232801715));
#3986=CARTESIAN_POINT('Ctrl Pts',(-93.6569777597385,105.456024402256,17.4193128826717));
#3987=CARTESIAN_POINT('Ctrl Pts',(-93.4231508810806,105.600229956886,17.350496696826));
#3988=CARTESIAN_POINT('Ctrl Pts',(-93.1935028611766,105.749612369052,17.2788891585602));
#3989=CARTESIAN_POINT('Ctrl Pts',(-92.9759741510363,105.891111361509,17.2110605944742));
#3990=CARTESIAN_POINT('Ctrl Pts',(-92.7621993958206,106.037251598538,17.1407275223466));
#3991=CARTESIAN_POINT('Ctrl Pts',(-92.5520788067693,106.188028128148,17.0679016525894));
#3992=CARTESIAN_POINT('Ctrl Pts',(-92.3414576684816,106.339163837585,16.994902297056));
#3993=CARTESIAN_POINT('Ctrl Pts',(-92.1345077500808,106.494958206346,16.9193982530623));
#3994=CARTESIAN_POINT('Ctrl Pts',(-91.9311562234482,106.655450552347,16.8414013149095));
#3995=CARTESIAN_POINT('Ctrl Pts',(-91.9090344505333,106.672909851973,16.8329163500683));
#3996=CARTESIAN_POINT('Ctrl Pts',(-91.8869552924722,106.690424790047,16.824401883406));
#3997=CARTESIAN_POINT('Ctrl Pts',(-91.8649186781322,106.707995446713,16.8158579301067));
#3998=CARTESIAN_POINT('Ctrl Pts',(-91.7056746300759,106.834966970163,16.7541164262263));
#3999=CARTESIAN_POINT('Ctrl Pts',(-91.5486528237629,106.964853230766,16.6908351308417));
#4000=CARTESIAN_POINT('Ctrl Pts',(-91.3942030179295,107.097352980241,16.6262882227895));
#4001=CARTESIAN_POINT('Ctrl Pts',(-91.2394567264959,107.230107079455,16.5616174089241));
#4002=CARTESIAN_POINT('Ctrl Pts',(-91.0872925376805,107.365484509865,16.4956761187258));
#4003=CARTESIAN_POINT('Ctrl Pts',(-90.938026654138,107.503143810106,16.428740113025));
#4004=CARTESIAN_POINT('Ctrl Pts',(-90.8370824732486,107.596238795878,16.38347323685));
#4005=CARTESIAN_POINT('Ctrl Pts',(-90.7374630671714,107.690376579743,16.3377514351018));
#4006=CARTESIAN_POINT('Ctrl Pts',(-90.639256329231,107.785442366114,16.2916599971245));
#4007=CARTESIAN_POINT('Ctrl Pts',(-90.4770910824659,107.942421072758,16.2155508668339));
#4008=CARTESIAN_POINT('Ctrl Pts',(-90.3187718328502,108.101926406416,16.1384338595442));
#4009=CARTESIAN_POINT('Ctrl Pts',(-90.1640963523721,108.264023079918,16.0605638651365));
#4010=CARTESIAN_POINT('Ctrl Pts',(-90.0086131677592,108.426966210486,15.9822872392688));
#4011=CARTESIAN_POINT('Ctrl Pts',(-89.8568116394837,108.592528071735,15.9032497416621));
#4012=CARTESIAN_POINT('Ctrl Pts',(-89.7085199286154,108.760814887012,15.8237102761344));
#4013=CARTESIAN_POINT('Ctrl Pts',(-89.6510386115374,108.826046771737,15.792878928843));
#4014=CARTESIAN_POINT('Ctrl Pts',(-89.594085028059,108.89168849425,15.7619721599704));
#4015=CARTESIAN_POINT('Ctrl Pts',(-89.5376506477471,108.957747737951,15.7310050483574));
#4016=CARTESIAN_POINT('Ctrl Pts',(-89.3642208174352,109.160755963828,15.6358392844629));
#4017=CARTESIAN_POINT('Ctrl Pts',(-89.1956970850685,109.367698818424,15.5401036383501));
#4018=CARTESIAN_POINT('Ctrl Pts',(-89.0320416539258,109.578618518792,15.4441599894751));
#4019=CARTESIAN_POINT('Ctrl Pts',(-88.8683862227831,109.78953821916,15.3482163406001));
#4020=CARTESIAN_POINT('Ctrl Pts',(-88.7095987976572,110.004435142387,15.2520646889628));
#4021=CARTESIAN_POINT('Ctrl Pts',(-88.5556843784683,110.223382050968,15.1560669140194));
#4022=CARTESIAN_POINT('Ctrl Pts',(-88.4265420245656,110.407090109661,15.0755196937463));
#4023=CARTESIAN_POINT('Ctrl Pts',(-88.3008292910492,110.59364875426,14.9950808041926));
#4024=CARTESIAN_POINT('Ctrl Pts',(-88.1784932174487,110.783252455264,14.9147429577678));
#4025=CARTESIAN_POINT('Ctrl Pts',(-88.1550267317413,110.819622206301,14.8993325651549));
#4026=CARTESIAN_POINT('Ctrl Pts',(-88.1316846258778,110.856104071516,14.8839258904089));
#4027=CARTESIAN_POINT('Ctrl Pts',(-88.1084667225051,110.892699522405,14.8685228820939));
#4028=CARTESIAN_POINT('Ctrl Pts',(-88.0206882584493,111.031053637287,14.8102896992769));
#4029=CARTESIAN_POINT('Ctrl Pts',(-87.934688390943,111.171034244071,14.7521089215512));
#4030=CARTESIAN_POINT('Ctrl Pts',(-87.8507448353677,111.312223145735,14.6941526800938));
#4031=CARTESIAN_POINT('Ctrl Pts',(-87.796732746406,111.403068803449,14.6568616975041));
#4032=CARTESIAN_POINT('Ctrl Pts',(-87.7435711111992,111.494414110652,14.6196636744035));
#4033=CARTESIAN_POINT('Ctrl Pts',(-87.6913241339665,111.586141769268,14.5826044640691));
#4034=CARTESIAN_POINT('Ctrl Pts',(-87.55572854612,111.824200819774,14.4864253992393));
#4035=CARTESIAN_POINT('Ctrl Pts',(-87.4262846686069,112.064831992901,14.3911813055088));
#4036=CARTESIAN_POINT('Ctrl Pts',(-87.3028979062093,112.308017014776,14.2967371466423));
#4037=CARTESIAN_POINT('Ctrl Pts',(-87.1834209302722,112.543496173497,14.2052856628929));
#4038=CARTESIAN_POINT('Ctrl Pts',(-87.0696232993264,112.781370430717,14.1145842217446));
#4039=CARTESIAN_POINT('Ctrl Pts',(-86.9614577156264,113.021649289425,14.0245102212748));
#4040=CARTESIAN_POINT('Ctrl Pts',(-86.8178729958662,113.340608161662,13.9049412264731));
#4041=CARTESIAN_POINT('Ctrl Pts',(-86.6842160611138,113.663802359559,13.786477864499));
#4042=CARTESIAN_POINT('Ctrl Pts',(-86.5605929069815,113.990963792342,13.6686173061829));
#4043=CARTESIAN_POINT('Ctrl Pts',(-86.4949123415433,114.164783559728,13.6059983884939));
#4044=CARTESIAN_POINT('Ctrl Pts',(-86.4320648732442,114.339723554493,13.5435496278773));
#4045=CARTESIAN_POINT('Ctrl Pts',(-86.3720720844462,114.515745461813,13.4811956138624));
#4046=CARTESIAN_POINT('Ctrl Pts',(-86.2977223654037,114.733891335955,13.403919602594));
#4047=CARTESIAN_POINT('Ctrl Pts',(-86.2277549878535,114.953693430189,13.3267891118339));
#4048=CARTESIAN_POINT('Ctrl Pts',(-86.1621561214689,115.175330813319,13.2500174195913));
#4049=CARTESIAN_POINT('Ctrl Pts',(-86.0968837631486,115.395865031151,13.1736278464006));
#4050=CARTESIAN_POINT('Ctrl Pts',(-86.0359364507877,115.61821668236,13.0975935088896));
#4051=CARTESIAN_POINT('Ctrl Pts',(-85.9793511834713,115.84257184,13.0221245162184));
#4052=CARTESIAN_POINT('Ctrl Pts',(-85.960549684231,115.917117981177,12.9970485507656));
#4053=CARTESIAN_POINT('Ctrl Pts',(-85.9422301865974,115.99188536941,12.9720350006974));
#4054=CARTESIAN_POINT('Ctrl Pts',(-85.9243953193806,116.066880959767,12.9470915734923));
#4055=CARTESIAN_POINT('Ctrl Pts',(-85.8779518687736,116.262175601109,12.882136852199));
#4056=CARTESIAN_POINT('Ctrl Pts',(-85.834798899896,116.459020779427,12.8176576509601));
#4057=CARTESIAN_POINT('Ctrl Pts',(-85.7950957499977,116.656977718573,12.7539590178009));
#4058=CARTESIAN_POINT('Ctrl Pts',(-85.7554605601701,116.854595813884,12.6903694178953));
#4059=CARTESIAN_POINT('Ctrl Pts',(-85.7192634758018,117.053321587303,12.6275577161523));
#4060=CARTESIAN_POINT('Ctrl Pts',(-85.6866127828283,117.252705266536,12.5658273968203));
#4061=CARTESIAN_POINT('Ctrl Pts',(-85.6636211344038,117.393105332722,12.5223587390381));
#4062=CARTESIAN_POINT('Ctrl Pts',(-85.642386934527,117.533831341718,12.4794262910161));
#4063=CARTESIAN_POINT('Ctrl Pts',(-85.6229327300274,117.674723456438,12.4371360194215));
#4064=CARTESIAN_POINT('Ctrl Pts',(-85.5877508425144,117.929519304381,12.3606563269125));
#4065=CARTESIAN_POINT('Ctrl Pts',(-85.5583820091946,118.184861766469,12.2862768586963));
#4066=CARTESIAN_POINT('Ctrl Pts',(-85.5348056892986,118.440837819259,12.2139356350672));
#4067=CARTESIAN_POINT('Ctrl Pts',(-85.5112550954146,118.696534556065,12.1416733487443));
#4068=CARTESIAN_POINT('Ctrl Pts',(-85.4934843468558,118.952863947416,12.0714448612514));
#4069=CARTESIAN_POINT('Ctrl Pts',(-85.481524786395,119.209916225834,12.0031883955542));
#4070=CARTESIAN_POINT('Ctrl Pts',(-85.4800170756063,119.242322140309,11.9945834798408));
#4071=CARTESIAN_POINT('Ctrl Pts',(-85.4786017899456,119.274739543071,11.9860099054527));
#4072=CARTESIAN_POINT('Ctrl Pts',(-85.47727905112,119.307168613333,11.9774675486143));
#4073=CARTESIAN_POINT('Ctrl Pts',(-85.4678826275586,119.537537053412,11.9167846673733));
#4074=CARTESIAN_POINT('Ctrl Pts',(-85.4631550859216,119.768489945112,11.8576771314948));
#4075=CARTESIAN_POINT('Ctrl Pts',(-85.4631550859216,120.,11.8001062843577));
#4076=CARTESIAN_POINT('',(-119.96275396228,119.999994485396,12.3145796296468));
#4077=CARTESIAN_POINT('Ctrl Pts',(-119.462763377495,119.884897660087,11.8288444160181));
#4078=CARTESIAN_POINT('Ctrl Pts',(-119.463563028441,120.003189003533,12.3138278265398));
#4079=CARTESIAN_POINT('Ctrl Pts',(-119.962753962367,120.000000389661,12.3146038341976));
#4080=CARTESIAN_POINT('Ctrl Pts',(-119.96273617708,120.235712989528,12.257649370042));
#4081=CARTESIAN_POINT('Ctrl Pts',(-119.962099000306,120.327642608918,12.2356620238792));
#4082=CARTESIAN_POINT('Ctrl Pts',(-119.960725485007,120.419626878193,12.2139123840468));
#4083=CARTESIAN_POINT('Ctrl Pts',(-119.958617475423,120.511588100806,12.1924144366207));
#4084=CARTESIAN_POINT('Ctrl Pts',(-119.955979447563,120.626671195798,12.1655112457376));
#4085=CARTESIAN_POINT('Ctrl Pts',(-119.952191143819,120.741718508042,12.13900228816));
#4086=CARTESIAN_POINT('Ctrl Pts',(-119.9472561786,120.856568383841,12.1129135046565));
#4087=CARTESIAN_POINT('Ctrl Pts',(-119.939432545739,121.038645302799,12.0715537270633));
#4088=CARTESIAN_POINT('Ctrl Pts',(-119.92872697939,121.220242294157,12.0312449430978));
#4089=CARTESIAN_POINT('Ctrl Pts',(-119.915155692093,121.401475270518,11.9919121974844));
#4090=CARTESIAN_POINT('Ctrl Pts',(-119.9074752384,121.504041184268,11.9696524571484));
#4091=CARTESIAN_POINT('Ctrl Pts',(-119.898876947711,121.606491433864,11.9477052012298));
#4092=CARTESIAN_POINT('Ctrl Pts',(-119.889363758679,121.708854412204,11.9260560835378));
#4093=CARTESIAN_POINT('Ctrl Pts',(-119.868370742624,121.934741613712,11.8782823797062));
#4094=CARTESIAN_POINT('Ctrl Pts',(-119.84292249519,122.160213065895,11.8319589685218));
#4095=CARTESIAN_POINT('Ctrl Pts',(-119.813025854281,122.385171960074,11.7870199813965));
#4096=CARTESIAN_POINT('Ctrl Pts',(-119.783667944768,122.60607714068,11.7428907856897));
#4097=CARTESIAN_POINT('Ctrl Pts',(-119.75002051562,122.826487941587,11.7000963130413));
#4098=CARTESIAN_POINT('Ctrl Pts',(-119.71209004171,123.046362073575,11.6585650027875));
#4099=CARTESIAN_POINT('Ctrl Pts',(-119.691780341497,123.164092680265,11.6363272510857));
#4100=CARTESIAN_POINT('Ctrl Pts',(-119.670242684446,123.281670283347,11.614451516321));
#4101=CARTESIAN_POINT('Ctrl Pts',(-119.647478064537,123.399094519171,11.5929260561179));
#4102=CARTESIAN_POINT('Ctrl Pts',(-119.604366286271,123.621473264701,11.5521610061832));
#4103=CARTESIAN_POINT('Ctrl Pts',(-119.556854003366,123.843297873193,11.5126526585826));
#4104=CARTESIAN_POINT('Ctrl Pts',(-119.504848174663,124.06456626574,11.4743248656283));
#4105=CARTESIAN_POINT('Ctrl Pts',(-119.453236837018,124.284156223305,11.4362878087695));
#4106=CARTESIAN_POINT('Ctrl Pts',(-119.397199866744,124.503198327099,11.3994133221406));
#4107=CARTESIAN_POINT('Ctrl Pts',(-119.336646323961,124.721741800103,11.3636239851707));
#4108=CARTESIAN_POINT('Ctrl Pts',(-119.304548803005,124.837584794287,11.3446531877478));
#4109=CARTESIAN_POINT('Ctrl Pts',(-119.271182249229,124.953288557207,11.3259872503403));
#4110=CARTESIAN_POINT('Ctrl Pts',(-119.23653311853,125.068866369625,11.3076144897049));
#4111=CARTESIAN_POINT('Ctrl Pts',(-119.169752150584,125.291625152622,11.272203767579));
#4112=CARTESIAN_POINT('Ctrl Pts',(-119.098206827199,125.513869563189,11.2378913089022));
#4113=CARTESIAN_POINT('Ctrl Pts',(-119.022148697687,125.734889251168,11.2047125187303));
#4114=CARTESIAN_POINT('Ctrl Pts',(-118.943803189405,125.962555904371,11.1705359067514));
#4115=CARTESIAN_POINT('Ctrl Pts',(-118.860669356341,126.188922956356,11.1375621972579));
#4116=CARTESIAN_POINT('Ctrl Pts',(-118.773022132535,126.413159630265,11.1058179481649));
#4117=CARTESIAN_POINT('Ctrl Pts',(-118.734399126139,126.511972737112,11.0918293894572));
#4118=CARTESIAN_POINT('Ctrl Pts',(-118.694899686671,126.610371471075,11.0780794165759));
#4119=CARTESIAN_POINT('Ctrl Pts',(-118.654547340358,126.708281657987,11.0645695792239));
#4120=CARTESIAN_POINT('Ctrl Pts',(-118.568847304896,126.916222639293,11.0358774796079));
#4121=CARTESIAN_POINT('Ctrl Pts',(-118.479300235483,127.122003996054,11.0082614358721));
#4122=CARTESIAN_POINT('Ctrl Pts',(-118.38591718949,127.325675870391,10.9816337192224));
#4123=CARTESIAN_POINT('Ctrl Pts',(-118.291895070384,127.530741586804,10.9548237740152));
#4124=CARTESIAN_POINT('Ctrl Pts',(-118.19398429152,127.733668871155,10.9290156686565));
#4125=CARTESIAN_POINT('Ctrl Pts',(-118.092196138842,127.934561822692,10.9041223062013));
#4126=CARTESIAN_POINT('Ctrl Pts',(-118.034587217709,128.048260970352,10.8900334391112));
#4127=CARTESIAN_POINT('Ctrl Pts',(-117.975736293442,128.16130943628,10.8762376329366));
#4128=CARTESIAN_POINT('Ctrl Pts',(-117.915645412087,128.273733461757,10.8627195437161));
#4129=CARTESIAN_POINT('Ctrl Pts',(-117.891219350042,128.319432179427,10.8572246386893));
#4130=CARTESIAN_POINT('Ctrl Pts',(-117.866588409482,128.365027009884,10.8517757191595));
#4131=CARTESIAN_POINT('Ctrl Pts',(-117.841752566948,128.410516893134,10.8463721285246));
#4132=CARTESIAN_POINT('Ctrl Pts',(-117.711958498173,128.648250605095,10.8181325383619));
#4133=CARTESIAN_POINT('Ctrl Pts',(-117.576568167395,128.883113805711,10.7911308400722));
#4134=CARTESIAN_POINT('Ctrl Pts',(-117.43557822648,129.114986310198,10.7652740405148));
#4135=CARTESIAN_POINT('Ctrl Pts',(-117.303440631665,129.332300218181,10.7410407137898));
#4136=CARTESIAN_POINT('Ctrl Pts',(-117.166384518128,129.546987689528,10.7178129948715));
#4137=CARTESIAN_POINT('Ctrl Pts',(-117.024407129624,129.758991324962,10.6955160635658));
#4138=CARTESIAN_POINT('Ctrl Pts',(-116.887139057068,129.963962910351,10.6739587098455));
#4139=CARTESIAN_POINT('Ctrl Pts',(-116.745270767338,130.166414522172,10.6532722426214));
#4140=CARTESIAN_POINT('Ctrl Pts',(-116.598531213759,130.366524691691,10.6333725934635));
#4141=CARTESIAN_POINT('Ctrl Pts',(-116.57291942381,130.401451741034,10.629899326564));
#4142=CARTESIAN_POINT('Ctrl Pts',(-116.547159236175,130.4363075887,10.6264500409227));
#4143=CARTESIAN_POINT('Ctrl Pts',(-116.521249209661,130.471093344929,10.6230243045721));
#4144=CARTESIAN_POINT('Ctrl Pts',(-116.391850338702,130.64481904833,10.6059156221199));
#4145=CARTESIAN_POINT('Ctrl Pts',(-116.258714238177,130.816788948831,10.589396210503));
#4146=CARTESIAN_POINT('Ctrl Pts',(-116.122563748979,130.986079968121,10.5735102758366));
#4147=CARTESIAN_POINT('Ctrl Pts',(-116.075258492359,131.04489984573,10.5679907347723));
#4148=CARTESIAN_POINT('Ctrl Pts',(-116.02758933776,131.103395865093,10.5625475923768));
#4149=CARTESIAN_POINT('Ctrl Pts',(-115.979586604074,131.161527874681,10.5571824682417));
#4150=CARTESIAN_POINT('Ctrl Pts',(-115.81267812586,131.363656472593,10.5385275993196));
#4151=CARTESIAN_POINT('Ctrl Pts',(-115.641736689913,131.561410867162,10.5208125100917));
#4152=CARTESIAN_POINT('Ctrl Pts',(-115.466832065557,131.754810632089,10.5039492668813));
#4153=CARTESIAN_POINT('Ctrl Pts',(-115.289537946779,131.95085256649,10.4868556431093));
#4154=CARTESIAN_POINT('Ctrl Pts',(-115.108171612115,132.142420138778,10.4706372719983));
#4155=CARTESIAN_POINT('Ctrl Pts',(-114.922805729633,132.329586942585,10.4552079120411));
#4156=CARTESIAN_POINT('Ctrl Pts',(-114.883118037237,132.369660220563,10.4519044147435));
#4157=CARTESIAN_POINT('Ctrl Pts',(-114.843247002411,132.409531953127,10.4486371063889));
#4158=CARTESIAN_POINT('Ctrl Pts',(-114.803193338372,132.449203168655,10.4454051734508));
#4159=CARTESIAN_POINT('Ctrl Pts',(-114.597351971468,132.653079079307,10.4287958192336));
#4160=CARTESIAN_POINT('Ctrl Pts',(-114.386687229205,132.851647187033,10.4131209262504));
#4161=CARTESIAN_POINT('Ctrl Pts',(-114.171194510453,133.044880908008,10.3982899855469));
#4162=CARTESIAN_POINT('Ctrl Pts',(-113.955701791701,133.238114628983,10.3834590448433));
#4163=CARTESIAN_POINT('Ctrl Pts',(-113.73538109646,133.426014148938,10.3694720449834));
#4164=CARTESIAN_POINT('Ctrl Pts',(-113.510227823601,133.608606267264,10.3562443477332));
#4165=CARTESIAN_POINT('Ctrl Pts',(-113.262617590177,133.809410263876,10.3416973097879));
#4166=CARTESIAN_POINT('Ctrl Pts',(-113.00916269357,134.003789313726,10.3280692088055));
#4167=CARTESIAN_POINT('Ctrl Pts',(-112.749769381996,134.191583290861,10.3152727792298));
#4168=CARTESIAN_POINT('Ctrl Pts',(-112.537427319382,134.34531339365,10.3047974888928));
#4169=CARTESIAN_POINT('Ctrl Pts',(-112.32110578839,134.494631698385,10.294879620535));
#4170=CARTESIAN_POINT('Ctrl Pts',(-112.100753359637,134.639476172656,10.2854742753123));
#4171=CARTESIAN_POINT('Ctrl Pts',(-111.855987828607,134.800368134966,10.2750269009358));
#4172=CARTESIAN_POINT('Ctrl Pts',(-111.60624874611,134.955730843437,10.2652138930726));
#4173=CARTESIAN_POINT('Ctrl Pts',(-111.35397377461,135.104055236289,10.2560630102743));
#4174=CARTESIAN_POINT('Ctrl Pts',(-111.116198658489,135.243854478063,10.247438087211));
#4175=CARTESIAN_POINT('Ctrl Pts',(-110.87617078347,135.377401656366,10.2393996581983));
#4176=CARTESIAN_POINT('Ctrl Pts',(-110.633595341614,135.505027027279,10.2318738423834));
#4177=CARTESIAN_POINT('Ctrl Pts',(-110.618802755735,135.512809798878,10.2314149077282));
#4178=CARTESIAN_POINT('Ctrl Pts',(-110.604000696145,135.520570564688,10.2309578816201));
#4179=CARTESIAN_POINT('Ctrl Pts',(-110.58918909599,135.528309405678,10.2305027481831));
#4180=CARTESIAN_POINT('Ctrl Pts',(-110.308487323145,135.674971910938,10.2218772950699));
#4181=CARTESIAN_POINT('Ctrl Pts',(-110.024358973557,135.813763683872,10.213930509676));
#4182=CARTESIAN_POINT('Ctrl Pts',(-109.73694936678,135.944674433501,10.2065932102871));
#4183=CARTESIAN_POINT('Ctrl Pts',(-109.496644998521,136.05412945604,10.2004584637344));
#4184=CARTESIAN_POINT('Ctrl Pts',(-109.254046801246,136.158076105364,10.1947499268146));
#4185=CARTESIAN_POINT('Ctrl Pts',(-109.009239713577,136.256536004014,10.1894311364727));
#4186=CARTESIAN_POINT('Ctrl Pts',(-108.69930661529,136.381189181894,10.1826973887471));
#4187=CARTESIAN_POINT('Ctrl Pts',(-108.385833037314,136.497043871635,10.1765883320921));
#4188=CARTESIAN_POINT('Ctrl Pts',(-108.068452531607,136.604012905113,10.1710472638007));
#4189=CARTESIAN_POINT('Ctrl Pts',(-107.835312902791,136.682589630247,10.1669769362871));
#4190=CARTESIAN_POINT('Ctrl Pts',(-107.600065096913,136.756372764795,10.1632132564627));
#4191=CARTESIAN_POINT('Ctrl Pts',(-107.362563862696,136.825345448189,10.159736418881));
#4192=CARTESIAN_POINT('Ctrl Pts',(-107.013559732851,136.926699664012,10.1546272636431));
#4193=CARTESIAN_POINT('Ctrl Pts',(-106.659689591379,137.017660780027,10.1501375189156));
#4194=CARTESIAN_POINT('Ctrl Pts',(-106.303677399824,137.097546669691,10.146245481771));
#4195=CARTESIAN_POINT('Ctrl Pts',(-106.08760891048,137.146030468587,10.1438833531522));
#4196=CARTESIAN_POINT('Ctrl Pts',(-105.870751410694,137.190435668494,10.1417415215718));
#4197=CARTESIAN_POINT('Ctrl Pts',(-105.65371384911,137.230619166187,10.1398166027571));
#4198=CARTESIAN_POINT('Ctrl Pts',(-105.325700240376,137.291349364195,10.1369074308961));
#4199=CARTESIAN_POINT('Ctrl Pts',(-104.997275353618,137.342437518932,10.1344930414246));
#4200=CARTESIAN_POINT('Ctrl Pts',(-104.668319939503,137.384067451545,10.13253774193));
#4201=CARTESIAN_POINT('Ctrl Pts',(-104.420978930228,137.415368926173,10.1310675556078));
#4202=CARTESIAN_POINT('Ctrl Pts',(-104.173337986772,137.44132434922,10.1298571033697));
#4203=CARTESIAN_POINT('Ctrl Pts',(-103.925346417858,137.462030937075,10.1288943163634));
#4204=CARTESIAN_POINT('Ctrl Pts',(-103.584019112251,137.490530792421,10.127569168512));
#4205=CARTESIAN_POINT('Ctrl Pts',(-103.242027587058,137.509083930686,10.1267129726085));
#4206=CARTESIAN_POINT('Ctrl Pts',(-102.899485213539,137.517606108782,10.1263195767476));
#4207=CARTESIAN_POINT('Ctrl Pts',(-102.662158466629,137.523510606913,10.1260470167168));
#4208=CARTESIAN_POINT('Ctrl Pts',(-102.424567298196,137.52460103916,10.1259967860979));
#4209=CARTESIAN_POINT('Ctrl Pts',(-102.186749413343,137.520863882873,10.1261692252227));
#4210=CARTESIAN_POINT('Ctrl Pts',(-101.896214845478,137.516298317557,10.1263798886329));
#4211=CARTESIAN_POINT('Ctrl Pts',(-101.605341909384,137.504520430793,10.1269230385187));
#4212=CARTESIAN_POINT('Ctrl Pts',(-101.313602783051,137.485356436417,10.127811401425));
#4213=CARTESIAN_POINT('Ctrl Pts',(-101.021863656718,137.466192442041,10.1286997643312));
#4214=CARTESIAN_POINT('Ctrl Pts',(-100.729258340145,137.439642340955,10.1299333617067));
#4215=CARTESIAN_POINT('Ctrl Pts',(-100.43798146161,137.405817452103,10.1315176091689));
#4216=CARTESIAN_POINT('Ctrl Pts',(-100.146704583076,137.371992563252,10.1331018566311));
#4217=CARTESIAN_POINT('Ctrl Pts',(-99.8567561425814,137.330892889376,10.1350368101511));
#4218=CARTESIAN_POINT('Ctrl Pts',(-99.5690004659346,137.282788754864,10.1373258264043));
#4219=CARTESIAN_POINT('Ctrl Pts',(-99.2812447892877,137.234684620353,10.1396148426576));
#4220=CARTESIAN_POINT('Ctrl Pts',(-98.9956818764887,137.179576022455,10.1422578729826));
#4221=CARTESIAN_POINT('Ctrl Pts',(-98.7120374885754,137.117518079219,10.1452737034828));
#4222=CARTESIAN_POINT('Ctrl Pts',(-98.3830656487096,137.045543040633,10.1487714751669));
#4223=CARTESIAN_POINT('Ctrl Pts',(-98.0566745027364,136.964228495394,10.1527700570212));
#4224=CARTESIAN_POINT('Ctrl Pts',(-97.7329524744328,136.873619218492,10.1573102674523));
#4225=CARTESIAN_POINT('Ctrl Pts',(-97.4984386573237,136.807979176932,10.1605993302456));
#4226=CARTESIAN_POINT('Ctrl Pts',(-97.2653255884559,136.737462318208,10.164172805343));
#4227=CARTESIAN_POINT('Ctrl Pts',(-97.0336468847256,136.662102575985,10.1680488416555));
#4228=CARTESIAN_POINT('Ctrl Pts',(-96.7433877060495,136.567687955518,10.1729049423609));
#4229=CARTESIAN_POINT('Ctrl Pts',(-96.4553799623877,136.465674187736,10.1782353850107));
#4230=CARTESIAN_POINT('Ctrl Pts',(-96.1694922177235,136.35583748015,10.1840986160967));
#4231=CARTESIAN_POINT('Ctrl Pts',(-95.9121984556351,136.256986444253,10.1893754172618));
#4232=CARTESIAN_POINT('Ctrl Pts',(-95.6566218232183,136.151799508822,10.1950838327295));
#4233=CARTESIAN_POINT('Ctrl Pts',(-95.4026665094352,136.040149305669,10.2012718709782));
#4234=CARTESIAN_POINT('Ctrl Pts',(-95.134599711257,135.922295057891,10.2078037587171));
#4235=CARTESIAN_POINT('Ctrl Pts',(-94.8683394207882,135.797228542913,10.2148716052532));
#4236=CARTESIAN_POINT('Ctrl Pts',(-94.6063824053002,135.666068342186,10.2224644814084));
#4237=CARTESIAN_POINT('Ctrl Pts',(-94.3444253898122,135.534908141459,10.2300573575636));
#4238=CARTESIAN_POINT('Ctrl Pts',(-94.0867716493049,135.397654206891,10.238174507572));
#4239=CARTESIAN_POINT('Ctrl Pts',(-93.8333034481456,135.254457331786,10.246861526514));
#4240=CARTESIAN_POINT('Ctrl Pts',(-93.5582770981579,135.099081179237,10.2562873996648));
#4241=CARTESIAN_POINT('Ctrl Pts',(-93.2881785481783,134.936718344704,10.2663832917836));
#4242=CARTESIAN_POINT('Ctrl Pts',(-93.0229810867778,134.767408871388,10.2772247628951));
#4243=CARTESIAN_POINT('Ctrl Pts',(-92.7993590332757,134.624642300772,10.2863666001515));
#4244=CARTESIAN_POINT('Ctrl Pts',(-92.5792218217494,134.476937227941,10.2960386854287));
#4245=CARTESIAN_POINT('Ctrl Pts',(-92.362553436978,134.324346281886,10.3062899687521));
#4246=CARTESIAN_POINT('Ctrl Pts',(-92.1257437550168,134.157570619421,10.3174942021065));
#4247=CARTESIAN_POINT('Ctrl Pts',(-91.8930777933067,133.984962379276,10.3293897099553));
#4248=CARTESIAN_POINT('Ctrl Pts',(-91.6645695352185,133.806434232383,10.3420592978508));
#4249=CARTESIAN_POINT('Ctrl Pts',(-91.4360612771303,133.627906085491,10.3547288857462));
#4250=CARTESIAN_POINT('Ctrl Pts',(-91.211710722664,133.443457789481,10.3681725512204));
#4251=CARTESIAN_POINT('Ctrl Pts',(-90.9915318551905,133.253057565349,10.3824798736589));
#4252=CARTESIAN_POINT('Ctrl Pts',(-90.7713529877171,133.062657341216,10.3967871960975));
#4253=CARTESIAN_POINT('Ctrl Pts',(-90.5553458072364,132.866291453831,10.4119592053993));
#4254=CARTESIAN_POINT('Ctrl Pts',(-90.343814128696,132.663992541148,10.4280919500361));
#4255=CARTESIAN_POINT('Ctrl Pts',(-90.1679194367458,132.49577516031,10.441506792521));
#4256=CARTESIAN_POINT('Ctrl Pts',(-89.9951192868284,132.32345367955,10.4555877693648));
#4257=CARTESIAN_POINT('Ctrl Pts',(-89.8264266050389,132.148114597463,10.4703021709878));
#4258=CARTESIAN_POINT('Ctrl Pts',(-89.7922487752696,132.112590179712,10.4732833691553));
#4259=CARTESIAN_POINT('Ctrl Pts',(-89.7582395505905,132.076941726059,10.4762905396892));
#4260=CARTESIAN_POINT('Ctrl Pts',(-89.7244073550816,132.041178009188,10.479323365911));
#4261=CARTESIAN_POINT('Ctrl Pts',(-89.5342239752879,131.840136827963,10.4963720124));
#4262=CARTESIAN_POINT('Ctrl Pts',(-89.3496346873342,131.635476082493,10.5142285891033));
#4263=CARTESIAN_POINT('Ctrl Pts',(-89.1704521311479,131.427106249863,10.5329788582432));
#4264=CARTESIAN_POINT('Ctrl Pts',(-88.9932935924241,131.221090129496,10.5515173273453));
#4265=CARTESIAN_POINT('Ctrl Pts',(-88.8214203281927,131.011448185433,10.570929443735));
#4266=CARTESIAN_POINT('Ctrl Pts',(-88.6546512561,130.79814485299,10.5913028947525));
#4267=CARTESIAN_POINT('Ctrl Pts',(-88.6338805346302,130.771578391649,10.593840363308));
#4268=CARTESIAN_POINT('Ctrl Pts',(-88.6131889901807,130.744955200455,10.5963927500381));
#4269=CARTESIAN_POINT('Ctrl Pts',(-88.5925762728994,130.71827526751,10.5989602292396));
#4270=CARTESIAN_POINT('Ctrl Pts',(-88.4282322614276,130.505557693879,10.6194305935093));
#4271=CARTESIAN_POINT('Ctrl Pts',(-88.2688991206899,130.289229964089,10.6408599336878));
#4272=CARTESIAN_POINT('Ctrl Pts',(-88.1146365025973,130.069320427172,10.6633382973498));
#4273=CARTESIAN_POINT('Ctrl Pts',(-87.9613681813321,129.850828313072,10.6856717771381));
#4274=CARTESIAN_POINT('Ctrl Pts',(-87.8131052294447,129.62880038041,10.7090408511563));
#4275=CARTESIAN_POINT('Ctrl Pts',(-87.6699061528091,129.403315919736,10.7335372622846));
#4276=CARTESIAN_POINT('Ctrl Pts',(-87.647213428355,129.367583449563,10.7374192028732));
#4277=CARTESIAN_POINT('Ctrl Pts',(-87.6246478713157,129.331764282964,10.7413294599834));
#4278=CARTESIAN_POINT('Ctrl Pts',(-87.6022097145211,129.295858855858,10.7452684052702));
#4279=CARTESIAN_POINT('Ctrl Pts',(-87.4859515692888,129.109823149036,10.765677143715));
#4280=CARTESIAN_POINT('Ctrl Pts',(-87.3731135546172,128.921461493287,10.7868563265683));
#4281=CARTESIAN_POINT('Ctrl Pts',(-87.2636438081364,128.730575969323,10.8088915241187));
#4282=CARTESIAN_POINT('Ctrl Pts',(-87.228792142186,128.66980412386,10.8159068262352));
#4283=CARTESIAN_POINT('Ctrl Pts',(-87.1942818778141,128.608776855892,10.8230089258857));
#4284=CARTESIAN_POINT('Ctrl Pts',(-87.160111341463,128.54748889044,10.8302006758282));
#4285=CARTESIAN_POINT('Ctrl Pts',(-87.1347344629541,128.501973150291,10.8355416562179));
#4286=CARTESIAN_POINT('Ctrl Pts',(-87.1095449562235,128.456313033785,10.8409321586005));
#4287=CARTESIAN_POINT('Ctrl Pts',(-87.0845477746741,128.410516893134,10.8463721285246));
#4288=CARTESIAN_POINT('Ctrl Pts',(-86.9701612952136,128.20095489545,10.871265295251));
#4289=CARTESIAN_POINT('Ctrl Pts',(-86.8598020180762,127.988547634901,10.8971949682715));
#4290=CARTESIAN_POINT('Ctrl Pts',(-86.7539445726118,127.774072840908,10.9241507616681));
#4291=CARTESIAN_POINT('Ctrl Pts',(-86.6499093907219,127.56329008391,10.9506425295046));
#4292=CARTESIAN_POINT('Ctrl Pts',(-86.550222382634,127.350509565364,10.9781257351634));
#4293=CARTESIAN_POINT('Ctrl Pts',(-86.4551581263182,127.136510801236,11.0065709042069));
#4294=CARTESIAN_POINT('Ctrl Pts',(-86.4323544659492,127.085177573316,11.0133942256018));
#4295=CARTESIAN_POINT('Ctrl Pts',(-86.4098168016328,127.033774016338,11.0202728547624));
#4296=CARTESIAN_POINT('Ctrl Pts',(-86.3875489232679,126.982310445473,11.0272063005481));
#4297=CARTESIAN_POINT('Ctrl Pts',(-86.2982500591329,126.775930729036,11.0550108728139));
#4298=CARTESIAN_POINT('Ctrl Pts',(-86.213289834038,126.568594225158,11.0836950107819));
#4299=CARTESIAN_POINT('Ctrl Pts',(-86.1325311662549,126.360144353358,11.1133403813623));
#4300=CARTESIAN_POINT('Ctrl Pts',(-86.1091988546057,126.29992026218,11.1219053446576));
#4301=CARTESIAN_POINT('Ctrl Pts',(-86.0862172524621,126.239603568467,11.1305505577032));
#4302=CARTESIAN_POINT('Ctrl Pts',(-86.0635830539566,126.179191306895,11.139278021478));
#4303=CARTESIAN_POINT('Ctrl Pts',(-85.9779261454359,125.950567016897,11.1723062537785));
#4304=CARTESIAN_POINT('Ctrl Pts',(-85.8972446473591,125.720585259053,11.206510358609));
#4305=CARTESIAN_POINT('Ctrl Pts',(-85.821525306512,125.489284969502,11.2419746862166));
#4306=CARTESIAN_POINT('Ctrl Pts',(-85.7453107920092,125.256472070245,11.2776709360855));
#4307=CARTESIAN_POINT('Ctrl Pts',(-85.6741235479245,125.022323361651,11.3146440761035));
#4308=CARTESIAN_POINT('Ctrl Pts',(-85.6079500593278,124.786931405361,11.3529780672652));
#4309=CARTESIAN_POINT('Ctrl Pts',(-85.5848637040778,124.704808754112,11.3663518844369));
#4310=CARTESIAN_POINT('Ctrl Pts',(-85.5623875960866,124.622535247596,11.3798913093787));
#4311=CARTESIAN_POINT('Ctrl Pts',(-85.5405211614653,124.540116299123,11.3935998001424));
#4312=CARTESIAN_POINT('Ctrl Pts',(-85.4881194107216,124.342603660723,11.4264514711402));
#4313=CARTESIAN_POINT('Ctrl Pts',(-85.4392189885502,124.144268548363,11.460271290322));
#4314=CARTESIAN_POINT('Ctrl Pts',(-85.3938349288282,123.945001720943,11.4951415683392));
#4315=CARTESIAN_POINT('Ctrl Pts',(-85.3482721920779,123.74495038009,11.5301491306297));
#4316=CARTESIAN_POINT('Ctrl Pts',(-85.3062535601159,123.543959975129,11.5662155526965));
#4317=CARTESIAN_POINT('Ctrl Pts',(-85.2677942450843,123.341972663781,11.6034227228259));
#4318=CARTESIAN_POINT('Ctrl Pts',(-85.2372340379757,123.181471259556,11.6329879614202));
#4319=CARTESIAN_POINT('Ctrl Pts',(-85.2089212090292,123.020341445852,11.6632734775575));
#4320=CARTESIAN_POINT('Ctrl Pts',(-85.1828633905304,122.858577616992,11.6943189405595));
#4321=CARTESIAN_POINT('Ctrl Pts',(-85.1554536862183,122.688421442264,11.7269750495566));
#4322=CARTESIAN_POINT('Ctrl Pts',(-85.130539042803,122.51753566209,11.7604790698645));
#4323=CARTESIAN_POINT('Ctrl Pts',(-85.108197780223,122.346498676058,11.7947582042741));
#4324=CARTESIAN_POINT('Ctrl Pts',(-85.0932425295907,122.232006445176,11.8177046713648));
#4325=CARTESIAN_POINT('Ctrl Pts',(-85.0794404030027,122.117445430984,11.8409982983911));
#4326=CARTESIAN_POINT('Ctrl Pts',(-85.0668148930157,122.00297618206,11.8646152958578));
#4327=CARTESIAN_POINT('Ctrl Pts',(-85.0397820440658,121.757882722962,11.9151823403436));
#4328=CARTESIAN_POINT('Ctrl Pts',(-85.0181433169022,121.513230494742,11.9672266943006));
#4329=CARTESIAN_POINT('Ctrl Pts',(-85.0017671323858,121.269109090279,12.0207995529703));
#4330=CARTESIAN_POINT('Ctrl Pts',(-84.9990692030039,121.228890789784,12.0296255276246));
#4331=CARTESIAN_POINT('Ctrl Pts',(-84.9965141075363,121.188687004841,12.0384929501033));
#4332=CARTESIAN_POINT('Ctrl Pts',(-84.9941012576264,121.148498260308,12.0474020016955));
#4333=CARTESIAN_POINT('Ctrl Pts',(-84.9813290206161,120.935762205645,12.0945613869553));
#4334=CARTESIAN_POINT('Ctrl Pts',(-84.9725425517802,120.723464687893,12.1428836496148));
#4335=CARTESIAN_POINT('Ctrl Pts',(-84.9676862006964,120.511588100806,12.1924144366207));
#4336=CARTESIAN_POINT('Ctrl Pts',(-84.9624693489834,120.283983317459,12.2456220335548));
#4337=CARTESIAN_POINT('Ctrl Pts',(-84.9617877594174,120.056864190979,12.3002247750726));
#4338=CARTESIAN_POINT('Ctrl Pts',(-84.9655724455616,119.830263157575,12.3562624956313));
#4339=CARTESIAN_POINT('Ctrl Pts',(-84.9676756676836,119.704336650548,12.3874037234788));
#4340=CARTESIAN_POINT('Ctrl Pts',(-84.971158181341,119.578571058627,12.41898773266));
#4341=CARTESIAN_POINT('Ctrl Pts',(-84.9760081471384,119.45297798158,12.4510180457946));
#4342=CARTESIAN_POINT('Ctrl Pts',(-84.9837809295921,119.251696631077,12.5023513265483));
#4343=CARTESIAN_POINT('Ctrl Pts',(-84.995065981356,119.050864200762,12.5548297471072));
#4344=CARTESIAN_POINT('Ctrl Pts',(-85.0098745719841,118.850398826709,12.6084932327493));
#4345=CARTESIAN_POINT('Ctrl Pts',(-85.0252105238679,118.642794510533,12.6640677742027));
#4346=CARTESIAN_POINT('Ctrl Pts',(-85.0443254426306,118.435584391495,12.7209139556966));
#4347=CARTESIAN_POINT('Ctrl Pts',(-85.0672318452005,118.228726880358,12.7790481679863));
#4348=CARTESIAN_POINT('Ctrl Pts',(-85.0839622057197,118.077642452024,12.82150818881));
#4349=CARTESIAN_POINT('Ctrl Pts',(-85.1027151477211,117.926747266393,12.8646547784353));
#4350=CARTESIAN_POINT('Ctrl Pts',(-85.1234955480951,117.776037605422,12.9084820694807));
#4351=CARTESIAN_POINT('Ctrl Pts',(-85.1267194691563,117.752656147828,12.9152815403336));
#4352=CARTESIAN_POINT('Ctrl Pts',(-85.1299921894422,117.729277890983,12.9220977449181));
#4353=CARTESIAN_POINT('Ctrl Pts',(-85.1333134925246,117.705903799061,12.9289303583304));
#4354=CARTESIAN_POINT('Ctrl Pts',(-85.1561288536369,117.545337799921,12.9758663164401));
#4355=CARTESIAN_POINT('Ctrl Pts',(-85.181236771978,117.384972243793,13.0235779267479));
#4356=CARTESIAN_POINT('Ctrl Pts',(-85.2085670905715,117.225084882967,13.0719436667155));
#4357=CARTESIAN_POINT('Ctrl Pts',(-85.23556257472,117.067156364866,13.1197168590459));
#4358=CARTESIAN_POINT('Ctrl Pts',(-85.2647263377026,116.909694525427,13.1681282585922));
#4359=CARTESIAN_POINT('Ctrl Pts',(-85.2959907696433,116.752919157183,13.2170446643391));
#4360=CARTESIAN_POINT('Ctrl Pts',(-85.3267991034167,116.598430891365,13.2652474577916));
#4361=CARTESIAN_POINT('Ctrl Pts',(-85.3596472624004,116.444609282446,13.3139406221297));
#4362=CARTESIAN_POINT('Ctrl Pts',(-85.3944705527223,116.291616448724,13.3629809989025));
#4363=CARTESIAN_POINT('Ctrl Pts',(-85.4072388629701,116.235520084808,13.3809621471373));
#4364=CARTESIAN_POINT('Ctrl Pts',(-85.4202727091061,116.17953466355,13.3989898211463));
#4365=CARTESIAN_POINT('Ctrl Pts',(-85.4335689021341,116.123666493086,13.4170564279685));
#4366=CARTESIAN_POINT('Ctrl Pts',(-85.4752572954555,115.948499491558,13.4737018007908));
#4367=CARTESIAN_POINT('Ctrl Pts',(-85.5195246904033,115.774593804981,13.5306983103802));
#4368=CARTESIAN_POINT('Ctrl Pts',(-85.5663632938416,115.601772104738,13.5878966464768));
#4369=CARTESIAN_POINT('Ctrl Pts',(-85.5801478400512,115.550910880488,13.6047300498911));
#4370=CARTESIAN_POINT('Ctrl Pts',(-85.5941550832603,115.500143337206,13.621580669962));
#4371=CARTESIAN_POINT('Ctrl Pts',(-85.608384824824,115.449464384314,13.6384440133315));
#4372=CARTESIAN_POINT('Ctrl Pts',(-85.6954665140052,115.139324610936,13.74164254433));
#4373=CARTESIAN_POINT('Ctrl Pts',(-85.7908809170275,114.832501607164,13.8453186845335));
#4374=CARTESIAN_POINT('Ctrl Pts',(-85.8945825070676,114.529077874768,13.9495250919219));
#4375=CARTESIAN_POINT('Ctrl Pts',(-85.966496815548,114.318661545728,14.0217894778745));
#4376=CARTESIAN_POINT('Ctrl Pts',(-86.0423964782349,114.109807630147,14.0943335707061));
#4377=CARTESIAN_POINT('Ctrl Pts',(-86.122274180453,113.902566457454,14.1671567778979));
#4378=CARTESIAN_POINT('Ctrl Pts',(-86.1623975891163,113.798467040058,14.2037366396264));
#4379=CARTESIAN_POINT('Ctrl Pts',(-86.2035247201653,113.69477389801,14.2403869401825));
#4380=CARTESIAN_POINT('Ctrl Pts',(-86.2456546465314,113.591488173284,14.277107896675));
#4381=CARTESIAN_POINT('Ctrl Pts',(-86.3221728430417,113.403896167721,14.34380208789));
#4382=CARTESIAN_POINT('Ctrl Pts',(-86.4019990003022,113.21765059502,14.4107276403767));
#4383=CARTESIAN_POINT('Ctrl Pts',(-86.4851275639541,113.032785024331,14.4779519580055));
#4384=CARTESIAN_POINT('Ctrl Pts',(-86.490930813455,113.019879459942,14.482644923583));
#4385=CARTESIAN_POINT('Ctrl Pts',(-86.4967501572691,113.006980601515,14.4873393545174));
#4386=CARTESIAN_POINT('Ctrl Pts',(-86.5025855935067,112.994088451224,14.4920352780993));
#4387=CARTESIAN_POINT('Ctrl Pts',(-86.5717546812353,112.841274121981,14.5476973977716));
#4388=CARTESIAN_POINT('Ctrl Pts',(-86.6431847602698,112.689362143919,14.6035838725362));
#4389=CARTESIAN_POINT('Ctrl Pts',(-86.716894736944,112.538425231542,14.6597159785498));
#4390=CARTESIAN_POINT('Ctrl Pts',(-86.7879425803394,112.392939605349,14.7138207993277));
#4391=CARTESIAN_POINT('Ctrl Pts',(-86.8611086122112,112.248360042892,14.7681537883491));
#4392=CARTESIAN_POINT('Ctrl Pts',(-86.9364097635046,112.104705493596,14.8227505094773));
#4393=CARTESIAN_POINT('Ctrl Pts',(-86.9485453060121,112.081554109329,14.8315493235544));
#4394=CARTESIAN_POINT('Ctrl Pts',(-86.9607363030881,112.058426646395,14.8403550242186));
#4395=CARTESIAN_POINT('Ctrl Pts',(-86.9729828256011,112.035323062032,14.8491678035698));
#4396=CARTESIAN_POINT('Ctrl Pts',(-87.0457197534687,111.898101761253,14.9015103763534));
#4397=CARTESIAN_POINT('Ctrl Pts',(-87.1204154192236,111.761726747104,14.954101458364));
#4398=CARTESIAN_POINT('Ctrl Pts',(-87.1970846712929,111.626152910321,15.0069824300513));
#4399=CARTESIAN_POINT('Ctrl Pts',(-87.2171118843463,111.590738894397,15.0207957705739));
#4400=CARTESIAN_POINT('Ctrl Pts',(-87.237273762391,111.555379283787,15.0346289714913));
#4401=CARTESIAN_POINT('Ctrl Pts',(-87.257570570081,111.520072704378,15.048482944549));
#4402=CARTESIAN_POINT('Ctrl Pts',(-87.3174294463305,111.415947356198,15.0893407617727));
#4403=CARTESIAN_POINT('Ctrl Pts',(-87.3784618926469,111.312295815702,15.1303750296807));
#4404=CARTESIAN_POINT('Ctrl Pts',(-87.4405667085923,111.209311430099,15.1715146075445));
#4405=CARTESIAN_POINT('Ctrl Pts',(-87.5046915113538,111.102977431458,15.2139922685124));
#4406=CARTESIAN_POINT('Ctrl Pts',(-87.5699595768094,110.997354571957,15.2565822651452));
#4407=CARTESIAN_POINT('Ctrl Pts',(-87.63625950509,110.8926013089,15.2992181463612));
#4408=CARTESIAN_POINT('Ctrl Pts',(-87.6540371319961,110.864512825607,15.3106505084877));
#4409=CARTESIAN_POINT('Ctrl Pts',(-87.6718889485696,110.836486578411,15.3220862303795));
#4410=CARTESIAN_POINT('Ctrl Pts',(-87.6898128071439,110.808525011701,15.3335241583765));
#4411=CARTESIAN_POINT('Ctrl Pts',(-87.7689652929644,110.685045599976,15.3840345119281));
#4412=CARTESIAN_POINT('Ctrl Pts',(-87.8495226996617,110.562845971055,15.4345811743704));
#4413=CARTESIAN_POINT('Ctrl Pts',(-87.9314872249345,110.441887512098,15.4851586887344));
#4414=CARTESIAN_POINT('Ctrl Pts',(-88.0043430205138,110.334371184395,15.5301155165224));
#4415=CARTESIAN_POINT('Ctrl Pts',(-88.0783105658688,110.22783434091,15.5750969979462));
#4416=CARTESIAN_POINT('Ctrl Pts',(-88.1533914044144,110.122216146871,15.6201063277295));
#4417=CARTESIAN_POINT('Ctrl Pts',(-88.2425666520392,109.996770976177,15.6735649492181));
#4418=CARTESIAN_POINT('Ctrl Pts',(-88.3333124070088,109.8726073109,15.727069715765));
#4419=CARTESIAN_POINT('Ctrl Pts',(-88.4256183417094,109.74975149231,15.7805574710052));
#4420=CARTESIAN_POINT('Ctrl Pts',(-88.4832958692515,109.672984815461,15.8139793900404));
#4421=CARTESIAN_POINT('Ctrl Pts',(-88.5415825529717,109.596727403274,15.8473948843133));
#4422=CARTESIAN_POINT('Ctrl Pts',(-88.6004758732734,109.520975822061,15.8807896244038));
#4423=CARTESIAN_POINT('Ctrl Pts',(-88.7498103877915,109.328894181112,15.9654679423067));
#4424=CARTESIAN_POINT('Ctrl Pts',(-88.903045371977,109.140067912325,16.0500157788036));
#4425=CARTESIAN_POINT('Ctrl Pts',(-89.0601397474323,108.954353431171,16.1341925572552));
#4426=CARTESIAN_POINT('Ctrl Pts',(-89.0967298632565,108.911097176095,16.1537988484692));
#4427=CARTESIAN_POINT('Ctrl Pts',(-89.1335293542169,108.868009634737,16.1733848068311));
#4428=CARTESIAN_POINT('Ctrl Pts',(-89.1705377012468,108.825089228453,16.1929469054043));
#4429=CARTESIAN_POINT('Ctrl Pts',(-89.2714656316963,108.708038127065,16.2462960085849));
#4430=CARTESIAN_POINT('Ctrl Pts',(-89.3739469162215,108.592296857878,16.2994371638245));
#4431=CARTESIAN_POINT('Ctrl Pts',(-89.4780339730344,108.477770293577,16.3523251428249));
#4432=CARTESIAN_POINT('Ctrl Pts',(-89.5761740518599,108.369787164913,16.402191385439));
#4433=CARTESIAN_POINT('Ctrl Pts',(-89.6757416543174,108.26288330068,16.45183265499));
#4434=CARTESIAN_POINT('Ctrl Pts',(-89.7767807174905,108.157019587888,16.5011942589687));
#4435=CARTESIAN_POINT('Ctrl Pts',(-89.8722444348897,108.056997445526,16.5478320846236));
#4436=CARTESIAN_POINT('Ctrl Pts',(-89.9690217026686,107.957903603942,16.5942202653408));
#4437=CARTESIAN_POINT('Ctrl Pts',(-90.067149578515,107.859747984192,16.6402965485727));
#4438=CARTESIAN_POINT('Ctrl Pts',(-90.1466499254377,107.780225159967,16.6776262112221));
#4439=CARTESIAN_POINT('Ctrl Pts',(-90.2270367802223,107.701318859709,16.7147508771517));
#4440=CARTESIAN_POINT('Ctrl Pts',(-90.3083298493098,107.623058145114,16.7516289690158));
#4441=CARTESIAN_POINT('Ctrl Pts',(-90.4075576359337,107.527531705086,16.7966430332117));
#4442=CARTESIAN_POINT('Ctrl Pts',(-90.5081355988585,107.432975573633,16.8412854697232));
#4443=CARTESIAN_POINT('Ctrl Pts',(-90.6099738381828,107.339413361245,16.8855007208318));
#4444=CARTESIAN_POINT('Ctrl Pts',(-90.6273282189878,107.323469308466,16.8930354966706));
#4445=CARTESIAN_POINT('Ctrl Pts',(-90.6447191982084,107.307554235853,16.9005578298643));
#4446=CARTESIAN_POINT('Ctrl Pts',(-90.6621463309534,107.291668404711,16.9080673995927));
#4447=CARTESIAN_POINT('Ctrl Pts',(-90.7641310427386,107.198703489937,16.9520138889892));
#4448=CARTESIAN_POINT('Ctrl Pts',(-90.867353892107,107.106735963707,16.9955245328853));
#4449=CARTESIAN_POINT('Ctrl Pts',(-90.9717257167431,107.015847208493,17.0385257527414));
#4450=CARTESIAN_POINT('Ctrl Pts',(-91.0769057448837,106.924254655959,17.0818599526591));
#4451=CARTESIAN_POINT('Ctrl Pts',(-91.1832526113729,106.833757629905,17.1246767975918));
#4452=CARTESIAN_POINT('Ctrl Pts',(-91.290675066529,106.744490380369,17.1668852027787));
#4453=CARTESIAN_POINT('Ctrl Pts',(-91.382945275599,106.667814532979,17.2031399910857));
#4454=CARTESIAN_POINT('Ctrl Pts',(-91.4760090434083,106.592046886581,17.2389455993871));
#4455=CARTESIAN_POINT('Ctrl Pts',(-91.5698085429586,106.517301874389,17.2742353454636));
#4456=CARTESIAN_POINT('Ctrl Pts',(-91.7108616641458,106.404902369984,17.3273031001304));
#4457=CARTESIAN_POINT('Ctrl Pts',(-91.8535785191775,106.294739050037,17.3792397342271));
#4458=CARTESIAN_POINT('Ctrl Pts',(-91.9979867596626,106.186758085962,17.4300439830095));
#4459=CARTESIAN_POINT('Ctrl Pts',(-92.1566912432427,106.068087135589,17.4858777916593));
#4460=CARTESIAN_POINT('Ctrl Pts',(-92.3174385794187,105.952052946731,17.5403435661568));
#4461=CARTESIAN_POINT('Ctrl Pts',(-92.4802654720781,105.838648506832,17.5934298025836));
#4462=CARTESIAN_POINT('Ctrl Pts',(-92.6299180199624,105.734419634713,17.6422208248103));
#4463=CARTESIAN_POINT('Ctrl Pts',(-92.7813272236767,105.632413910039,17.6898461506399));
#4464=CARTESIAN_POINT('Ctrl Pts',(-92.934521579359,105.532655544121,17.736294487736));
#4465=CARTESIAN_POINT('Ctrl Pts',(-93.2007496966567,105.359290919655,17.817014520022));
#4466=CARTESIAN_POINT('Ctrl Pts',(-93.4723691637008,105.192642662892,17.8942107637083));
#4467=CARTESIAN_POINT('Ctrl Pts',(-93.7495210970039,105.032923772184,17.9678335929342));
#4468=CARTESIAN_POINT('Ctrl Pts',(-93.9282195858844,104.929942262818,18.0153031818091));
#4469=CARTESIAN_POINT('Ctrl Pts',(-94.1092180582055,104.829842980376,18.0612877229456));
#4470=CARTESIAN_POINT('Ctrl Pts',(-94.2925543396465,104.732675825082,18.1057850630916));
#4471=CARTESIAN_POINT('Ctrl Pts',(-94.3285020472715,104.7136237506,18.114509890284));
#4472=CARTESIAN_POINT('Ctrl Pts',(-94.3645396331475,104.694684352634,18.1231775759441));
#4473=CARTESIAN_POINT('Ctrl Pts',(-94.4006673824126,104.675857924266,18.1317881567602));
#4474=CARTESIAN_POINT('Ctrl Pts',(-94.6384300238728,104.551958112377,18.1884558009116));
#4475=CARTESIAN_POINT('Ctrl Pts',(-94.8800977967137,104.432962285563,18.2426445558668));
#4476=CARTESIAN_POINT('Ctrl Pts',(-95.1255756241664,104.31915830473,18.2942755190102));
#4477=CARTESIAN_POINT('Ctrl Pts',(-95.1413855184636,104.311828808106,18.2976007890691));
#4478=CARTESIAN_POINT('Ctrl Pts',(-95.1572112166723,104.304520830717,18.3009154586792));
#4479=CARTESIAN_POINT('Ctrl Pts',(-95.1730526933931,104.29723444224,18.3042195106538));
#4480=CARTESIAN_POINT('Ctrl Pts',(-95.4348623730626,104.176813406576,18.3588250757996));
#4481=CARTESIAN_POINT('Ctrl Pts',(-95.7009817436,104.062294127109,18.4105274350215));
#4482=CARTESIAN_POINT('Ctrl Pts',(-95.9690440574074,103.95471046354,18.4589285355212));
#4483=CARTESIAN_POINT('Ctrl Pts',(-96.1691898898021,103.874384282692,18.4950666946333));
#4484=CARTESIAN_POINT('Ctrl Pts',(-96.3704188549754,103.797900264345,18.5293760356116));
#4485=CARTESIAN_POINT('Ctrl Pts',(-96.5728001395234,103.725257125363,18.5618851850283));
#4486=CARTESIAN_POINT('Ctrl Pts',(-96.7754715637192,103.652509843081,18.5944409404994));
#4487=CARTESIAN_POINT('Ctrl Pts',(-96.9792986136545,103.583614510825,18.6251913673725));
#4488=CARTESIAN_POINT('Ctrl Pts',(-97.1843507739159,103.518520738068,18.6541840598567));
#4489=CARTESIAN_POINT('Ctrl Pts',(-97.3230207440865,103.474499980057,18.6737908554975));
#4490=CARTESIAN_POINT('Ctrl Pts',(-97.4622510022901,103.432216781841,18.6925941685427));
#4491=CARTESIAN_POINT('Ctrl Pts',(-97.6020630388374,103.391642910422,18.7106134330246));
#4492=CARTESIAN_POINT('Ctrl Pts',(-97.8296855903176,103.325586164781,18.7399498983136));
#4493=CARTESIAN_POINT('Ctrl Pts',(-98.0588501937362,103.264072939281,18.7672026251303));
#4494=CARTESIAN_POINT('Ctrl Pts',(-98.2895278825904,103.207199724053,18.7923551383146));
#4495=CARTESIAN_POINT('Ctrl Pts',(-98.5196755970162,103.150457173173,18.8174498644243));
#4496=CARTESIAN_POINT('Ctrl Pts',(-98.7513294523357,103.098333372645,18.840454032169));
#4497=CARTESIAN_POINT('Ctrl Pts',(-98.9844606812366,103.050875194874,18.8613690584791));
#4498=CARTESIAN_POINT('Ctrl Pts',(-99.0853466348012,103.03033799125,18.8704198938522));
#4499=CARTESIAN_POINT('Ctrl Pts',(-99.1865092512049,103.01067387878,18.8790797269172));
#4500=CARTESIAN_POINT('Ctrl Pts',(-99.2879461991911,102.991883807864,18.8873496884699));
#4501=CARTESIAN_POINT('Ctrl Pts',(-99.5299294357697,102.947059093931,18.907078121774));
#4502=CARTESIAN_POINT('Ctrl Pts',(-99.7734738561042,102.907231243061,18.9245780985971));
#4503=CARTESIAN_POINT('Ctrl Pts',(-100.018786385672,102.872513345986,18.9398178215087));
#4504=CARTESIAN_POINT('Ctrl Pts',(-100.062793245131,102.866285267788,18.9425516906085));
#4505=CARTESIAN_POINT('Ctrl Pts',(-100.106857004343,102.860221505978,18.9452128670004));
#4506=CARTESIAN_POINT('Ctrl Pts',(-100.150978857889,102.854322545064,18.9478012260646));
#4507=CARTESIAN_POINT('Ctrl Pts',(-100.399655909906,102.82107516101,18.9623895864779));
#4508=CARTESIAN_POINT('Ctrl Pts',(-100.650178392484,102.793067078107,18.9746633299507));
#4509=CARTESIAN_POINT('Ctrl Pts',(-100.900556189291,102.770509960791,18.9845427342201));
#4510=CARTESIAN_POINT('Ctrl Pts',(-100.942237675665,102.766754778862,18.9861874018371));
#4511=CARTESIAN_POINT('Ctrl Pts',(-100.983915152258,102.763150552761,18.9877657517434));
#4512=CARTESIAN_POINT('Ctrl Pts',(-101.025579437423,102.759698124129,18.9892774627648));
#4513=CARTESIAN_POINT('Ctrl Pts',(-101.268597349491,102.739560925222,18.9980949152812));
#4514=CARTESIAN_POINT('Ctrl Pts',(-101.51116647431,102.724574763822,19.0046514348203));
#4515=CARTESIAN_POINT('Ctrl Pts',(-101.753366332509,102.71469815952,19.0089718305632));
#4516=CARTESIAN_POINT('Ctrl Pts',(-101.999342209485,102.704667573943,19.0133595834696));
#4517=CARTESIAN_POINT('Ctrl Pts',(-102.244937215979,102.699907060615,19.0154409645135));
#4518=CARTESIAN_POINT('Ctrl Pts',(-102.490234650208,102.700322149586,19.0152594461467));
#4519=CARTESIAN_POINT('Ctrl Pts',(-102.583712420342,102.700480331394,19.0151902732579));
#4520=CARTESIAN_POINT('Ctrl Pts',(-102.677146976609,102.701389604464,19.0147926558501));
#4521=CARTESIAN_POINT('Ctrl Pts',(-102.770542928807,102.703042871863,19.0140696391915));
#4522=CARTESIAN_POINT('Ctrl Pts',(-103.016157013176,102.707390659418,19.012168239073));
#4523=CARTESIAN_POINT('Ctrl Pts',(-103.261504114598,102.716887722448,19.0080150436377));
#4524=CARTESIAN_POINT('Ctrl Pts',(-103.50652893567,102.731570939649,19.0015896833587));
#4525=CARTESIAN_POINT('Ctrl Pts',(-103.750200515918,102.746173063314,18.9951998095247));
#4526=CARTESIAN_POINT('Ctrl Pts',(-103.993553365813,102.765904243958,18.9865627838607));
#4527=CARTESIAN_POINT('Ctrl Pts',(-104.236533099105,102.790751876696,18.9756753532903));
#4528=CARTESIAN_POINT('Ctrl Pts',(-104.325990073582,102.799899940271,18.9716669671362));
#4529=CARTESIAN_POINT('Ctrl Pts',(-104.41539647341,102.809741040085,18.9673537120273));
#4530=CARTESIAN_POINT('Ctrl Pts',(-104.504749584514,102.820272862738,18.9627360067418));
#4531=CARTESIAN_POINT('Ctrl Pts',(-104.734605442528,102.847365384783,18.9508572193404));
#4532=CARTESIAN_POINT('Ctrl Pts',(-104.964108664164,102.879046053484,18.9369564728153));
#4533=CARTESIAN_POINT('Ctrl Pts',(-105.193559156369,102.91543618196,18.9209675126089));
#4534=CARTESIAN_POINT('Ctrl Pts',(-105.251648767487,102.924649012106,18.916919613336));
#4535=CARTESIAN_POINT('Ctrl Pts',(-105.309734998952,102.934163446595,18.9127379567824));
#4536=CARTESIAN_POINT('Ctrl Pts',(-105.367822717245,102.943980946596,18.908421644705));
#4537=CARTESIAN_POINT('Ctrl Pts',(-105.615593434593,102.985857079608,18.8900105972215));
#4538=CARTESIAN_POINT('Ctrl Pts',(-105.86339120348,103.033253016841,18.869147387549));
#4539=CARTESIAN_POINT('Ctrl Pts',(-106.109637321932,103.085902606287,18.8459262692499));
#4540=CARTESIAN_POINT('Ctrl Pts',(-106.149152684617,103.094351338942,18.8421999530046));
#4541=CARTESIAN_POINT('Ctrl Pts',(-106.188628090838,103.102935255529,18.8384129550186));
#4542=CARTESIAN_POINT('Ctrl Pts',(-106.228057016957,103.111653141256,18.8345657060115));
#4543=CARTESIAN_POINT('Ctrl Pts',(-106.485703376637,103.168619732612,18.809426048429));
#4544=CARTESIAN_POINT('Ctrl Pts',(-106.741365080513,103.231311584058,18.781711861299));
#4545=CARTESIAN_POINT('Ctrl Pts',(-106.994256282893,103.299360031614,18.7515541968521));
#4546=CARTESIAN_POINT('Ctrl Pts',(-107.021238964836,103.306620583187,18.748336470572));
#4547=CARTESIAN_POINT('Ctrl Pts',(-107.048190106815,103.313942069917,18.7450909441483));
#4548=CARTESIAN_POINT('Ctrl Pts',(-107.075108754298,103.321324012428,18.7418177885955));
#4549=CARTESIAN_POINT('Ctrl Pts',(-107.301594653263,103.383433592287,18.7142783820073));
#4550=CARTESIAN_POINT('Ctrl Pts',(-107.525780245862,103.449824714402,18.6847825675554));
#4551=CARTESIAN_POINT('Ctrl Pts',(-107.747873222119,103.520458718833,18.6533208662752));
#4552=CARTESIAN_POINT('Ctrl Pts',(-107.799574388213,103.536901653934,18.6459968766969));
#4553=CARTESIAN_POINT('Ctrl Pts',(-107.851162152327,103.553574308186,18.638566430846));
#4554=CARTESIAN_POINT('Ctrl Pts',(-107.902639134525,103.570475815442,18.6310295514722));
#4555=CARTESIAN_POINT('Ctrl Pts',(-108.120163266273,103.641895808109,18.5991812753716));
#4556=CARTESIAN_POINT('Ctrl Pts',(-108.335709255402,103.717387676145,18.5654392326612));
#4557=CARTESIAN_POINT('Ctrl Pts',(-108.549260756279,103.796913558694,18.5297911252636));
#4558=CARTESIAN_POINT('Ctrl Pts',(-108.76779161513,103.878293737916,18.4933118146803));
#4559=CARTESIAN_POINT('Ctrl Pts',(-108.984233890824,103.963898185412,18.4548364658862));
#4560=CARTESIAN_POINT('Ctrl Pts',(-109.198570067471,104.053634990228,18.414372282494));
#4561=CARTESIAN_POINT('Ctrl Pts',(-109.299763936725,104.096002147447,18.3952680540446));
#4562=CARTESIAN_POINT('Ctrl Pts',(-109.400488348527,104.13928969626,18.375720802185));
#4563=CARTESIAN_POINT('Ctrl Pts',(-109.500741459526,104.183484287874,18.3557328302675));
#4564=CARTESIAN_POINT('Ctrl Pts',(-109.693008871441,104.26824155541,18.3173994998433));
#4565=CARTESIAN_POINT('Ctrl Pts',(-109.883542823357,104.356329915978,18.2774476080203));
#4566=CARTESIAN_POINT('Ctrl Pts',(-110.072401364885,104.447839870026,18.2358088787181));
#4567=CARTESIAN_POINT('Ctrl Pts',(-110.261259906413,104.539349824074,18.1941701494159));
#4568=CARTESIAN_POINT('Ctrl Pts',(-110.448443037553,104.634280941411,18.1508446369167));
#4569=CARTESIAN_POINT('Ctrl Pts',(-110.634008807914,104.732675825082,18.1057850630916));
#4570=CARTESIAN_POINT('Ctrl Pts',(-110.764850575024,104.802053708885,18.0740137172611));
#4571=CARTESIAN_POINT('Ctrl Pts',(-110.89488825341,104.873152579455,18.0413807167448));
#4572=CARTESIAN_POINT('Ctrl Pts',(-111.024142192159,104.945975425109,18.0078753919046));
#4573=CARTESIAN_POINT('Ctrl Pts',(-111.215428699618,105.053747984639,17.95828992757));
#4574=CARTESIAN_POINT('Ctrl Pts',(-111.404998671082,105.165350837556,17.9067679050425));
#4575=CARTESIAN_POINT('Ctrl Pts',(-111.592266992231,105.280306479589,17.8535058951279));
#4576=CARTESIAN_POINT('Ctrl Pts',(-111.757695262039,105.381855491453,17.8064555339531));
#4577=CARTESIAN_POINT('Ctrl Pts',(-111.92132743329,105.486020519594,17.7580475433297));
#4578=CARTESIAN_POINT('Ctrl Pts',(-112.082760160723,105.592511303801,17.7084096651309));
#4579=CARTESIAN_POINT('Ctrl Pts',(-112.212321921997,105.67797807241,17.6685715788417));
#4580=CARTESIAN_POINT('Ctrl Pts',(-112.34046696534,105.76494340844,17.6279412114545));
#4581=CARTESIAN_POINT('Ctrl Pts',(-112.466986777944,105.85328123533,17.5865791996439));
#4582=CARTESIAN_POINT('Ctrl Pts',(-112.614080544717,105.955984072445,17.5384911255844));
#4583=CARTESIAN_POINT('Ctrl Pts',(-112.75897753189,106.060557948532,17.4894063493647));
#4584=CARTESIAN_POINT('Ctrl Pts',(-112.901759624569,106.166917717678,17.4393775502624));
#4585=CARTESIAN_POINT('Ctrl Pts',(-113.037750563817,106.268218690601,17.3917282740001));
#4586=CARTESIAN_POINT('Ctrl Pts',(-113.171823005876,106.371139289009,17.3432227770806));
#4587=CARTESIAN_POINT('Ctrl Pts',(-113.304047698654,106.475651280162,17.293896589593));
#4588=CARTESIAN_POINT('Ctrl Pts',(-113.42870439961,106.574181439347,17.2473936280525));
#4589=CARTESIAN_POINT('Ctrl Pts',(-113.551718813144,106.674125821795,17.2001613121939));
#4590=CARTESIAN_POINT('Ctrl Pts',(-113.673150221247,106.775506327623,17.1522188558989));
#4591=CARTESIAN_POINT('Ctrl Pts',(-113.71300254272,106.808778185147,17.1364847207991));
#4592=CARTESIAN_POINT('Ctrl Pts',(-113.752684362933,106.842205119452,17.1206740048286));
#4593=CARTESIAN_POINT('Ctrl Pts',(-113.7921977774,106.87578912639,17.1047870959403));
#4594=CARTESIAN_POINT('Ctrl Pts',(-113.898894390235,106.966474779199,17.0618882629835));
#4595=CARTESIAN_POINT('Ctrl Pts',(-114.00436308596,107.058331521534,17.018421046669));
#4596=CARTESIAN_POINT('Ctrl Pts',(-114.108616090162,107.151280230172,16.9744548373215));
#4597=CARTESIAN_POINT('Ctrl Pts',(-114.160797662007,107.197803682948,16.9524485083012));
#4598=CARTESIAN_POINT('Ctrl Pts',(-114.212674668464,107.244601477871,16.9303169354133));
#4599=CARTESIAN_POINT('Ctrl Pts',(-114.264248642581,107.291668404711,16.9080673995927));
#4600=CARTESIAN_POINT('Ctrl Pts',(-114.366687455358,107.385155094251,16.8638742561842));
#4601=CARTESIAN_POINT('Ctrl Pts',(-114.467930748103,107.479700455074,16.8192166806396));
#4602=CARTESIAN_POINT('Ctrl Pts',(-114.567990533973,107.575300849045,16.7741401953758));
#4603=CARTESIAN_POINT('Ctrl Pts',(-114.668277092181,107.671117908728,16.7289615501898));
#4604=CARTESIAN_POINT('Ctrl Pts',(-114.767374772909,107.767994788409,16.6833621071027));
#4605=CARTESIAN_POINT('Ctrl Pts',(-114.865295671179,107.865977995223,16.6373722258122));
#4606=CARTESIAN_POINT('Ctrl Pts',(-114.910624184822,107.911335352083,16.6160830730534));
#4607=CARTESIAN_POINT('Ctrl Pts',(-114.9557005314,107.956930481563,16.5947100371624));
#4608=CARTESIAN_POINT('Ctrl Pts',(-115.000525910674,108.002771601244,16.5732550063062));
#4609=CARTESIAN_POINT('Ctrl Pts',(-115.100176896314,108.104680672247,16.5255584779906));
#4610=CARTESIAN_POINT('Ctrl Pts',(-115.198587565807,108.207786014228,16.47746551181));
#4611=CARTESIAN_POINT('Ctrl Pts',(-115.295772729613,108.312066087644,16.4290537808604));
#4612=CARTESIAN_POINT('Ctrl Pts',(-115.398210254922,108.421981966175,16.3780256432287));
#4613=CARTESIAN_POINT('Ctrl Pts',(-115.499286230386,108.533203476218,16.3266432924966));
#4614=CARTESIAN_POINT('Ctrl Pts',(-115.599017999867,108.645763183099,16.2749753131354));
#4615=CARTESIAN_POINT('Ctrl Pts',(-115.714702382239,108.776327397875,16.2150427729638));
#4616=CARTESIAN_POINT('Ctrl Pts',(-115.828578140821,108.908692696015,16.1547260555276));
#4617=CARTESIAN_POINT('Ctrl Pts',(-115.940672344443,109.042979329741,16.0941015052145));
#4618=CARTESIAN_POINT('Ctrl Pts',(-115.993640383202,109.106433990108,16.065454497368));
#4619=CARTESIAN_POINT('Ctrl Pts',(-116.046210625698,109.170318512489,16.0367383376074));
#4620=CARTESIAN_POINT('Ctrl Pts',(-116.098385927956,109.234648778132,16.0079592205022));
#4621=CARTESIAN_POINT('Ctrl Pts',(-116.175073600279,109.32920191187,15.9656594463398));
#4622=CARTESIAN_POINT('Ctrl Pts',(-116.250908069258,109.424685494656,15.9232387773506));
#4623=CARTESIAN_POINT('Ctrl Pts',(-116.325768371901,109.520975822061,15.8807896244038));
#4624=CARTESIAN_POINT('Ctrl Pts',(-116.411206445907,109.630871986359,15.8323424001357));
#4625=CARTESIAN_POINT('Ctrl Pts',(-116.495375603953,109.741821314222,15.7838576086819));
#4626=CARTESIAN_POINT('Ctrl Pts',(-116.578096020189,109.85360636582,15.735473923801));
#4627=CARTESIAN_POINT('Ctrl Pts',(-116.587390902042,109.866167096226,15.7300372897145));
#4628=CARTESIAN_POINT('Ctrl Pts',(-116.596667492226,109.878738323305,15.7246019374295));
#4629=CARTESIAN_POINT('Ctrl Pts',(-116.605925535621,109.891319693599,15.7191680685597));
#4630=CARTESIAN_POINT('Ctrl Pts',(-116.688852266086,110.004014337459,15.6704954754517));
#4631=CARTESIAN_POINT('Ctrl Pts',(-116.770290940145,110.117524728959,15.6219419565362));
#4632=CARTESIAN_POINT('Ctrl Pts',(-116.850253339167,110.231877179886,15.5735247646692));
#4633=CARTESIAN_POINT('Ctrl Pts',(-116.928276627623,110.343456551861,15.5262817032616));
#4634=CARTESIAN_POINT('Ctrl Pts',(-117.004894373046,110.455838101515,15.479168281935));
#4635=CARTESIAN_POINT('Ctrl Pts',(-117.080117520315,110.5689992799,15.4322099611574));
#4636=CARTESIAN_POINT('Ctrl Pts',(-117.159249350387,110.688040445601,15.3828116310543));
#4637=CARTESIAN_POINT('Ctrl Pts',(-117.236837887036,110.807900438221,15.3336028606062));
#4638=CARTESIAN_POINT('Ctrl Pts',(-117.312881948901,110.928653058637,15.2845603687412));
#4639=CARTESIAN_POINT('Ctrl Pts',(-117.388329057192,111.048457758772,15.2359028653961));
#4640=CARTESIAN_POINT('Ctrl Pts',(-117.462255844088,111.169141212868,15.1874090080696));
#4641=CARTESIAN_POINT('Ctrl Pts',(-117.534661155831,111.290726236531,15.1390685225902));
#4642=CARTESIAN_POINT('Ctrl Pts',(-117.606498631415,111.411357733839,15.0911071457011));
#4643=CARTESIAN_POINT('Ctrl Pts',(-117.676838402501,111.532876750278,15.0432967263887));
#4644=CARTESIAN_POINT('Ctrl Pts',(-117.745679342265,111.655255993609,14.9956399191992));
#4645=CARTESIAN_POINT('Ctrl Pts',(-117.806742532687,111.763808652316,14.9533674472906));
#4646=CARTESIAN_POINT('Ctrl Pts',(-117.866626439771,111.873037469817,14.9112160052783));
#4647=CARTESIAN_POINT('Ctrl Pts',(-117.925330277096,111.982890138461,14.8691960415335));
#4648=CARTESIAN_POINT('Ctrl Pts',(-117.934661356476,112.000351415576,14.8625168935405));
#4649=CARTESIAN_POINT('Ctrl Pts',(-117.943962620605,112.017829017745,14.8558408439885));
#4650=CARTESIAN_POINT('Ctrl Pts',(-117.953234043085,112.035323062032,14.8491678035698));
#4651=CARTESIAN_POINT('Ctrl Pts',(-118.032009157683,112.183962102751,14.7924699748571));
#4652=CARTESIAN_POINT('Ctrl Pts',(-118.108629962447,112.333792374221,14.7359878471146));
#4653=CARTESIAN_POINT('Ctrl Pts',(-118.183080265246,112.484845267692,14.6796675599975));
#4654=CARTESIAN_POINT('Ctrl Pts',(-118.262997767416,112.646990611468,14.6192114369378));
#4655=CARTESIAN_POINT('Ctrl Pts',(-118.340414284802,112.810544825728,14.5589417412732));
#4656=CARTESIAN_POINT('Ctrl Pts',(-118.415309789742,112.975486012676,14.4988138916956));
#4657=CARTESIAN_POINT('Ctrl Pts',(-118.490205294682,113.140427199625,14.4386860421179));
#4658=CARTESIAN_POINT('Ctrl Pts',(-118.562579787176,113.306754747764,14.378700238375));
#4659=CARTESIAN_POINT('Ctrl Pts',(-118.632413239561,113.47439327525,14.31883165301));
#4660=CARTESIAN_POINT('Ctrl Pts',(-118.648642125213,113.513351487978,14.3049185441361));
#4661=CARTESIAN_POINT('Ctrl Pts',(-118.664733776811,113.552382788364,14.2910109519335));
#4662=CARTESIAN_POINT('Ctrl Pts',(-118.680687999047,113.591488173284,14.277107896675));
#4663=CARTESIAN_POINT('Ctrl Pts',(-118.769126471273,113.808259661551,14.2000395853415));
#4664=CARTESIAN_POINT('Ctrl Pts',(-118.853342044247,114.027309422173,14.1231112331012));
#4665=CARTESIAN_POINT('Ctrl Pts',(-118.93330145075,114.248887117418,14.0462394352839));
#4666=CARTESIAN_POINT('Ctrl Pts',(-118.982292759068,114.384648269972,13.9991399117556));
#4667=CARTESIAN_POINT('Ctrl Pts',(-119.029686285266,114.521347214165,13.9520657793115));
#4668=CARTESIAN_POINT('Ctrl Pts',(-119.075392908343,114.658700544643,13.9051107005357));
#4669=CARTESIAN_POINT('Ctrl Pts',(-119.117742200579,114.785964733954,13.8616046565714));
#4670=CARTESIAN_POINT('Ctrl Pts',(-119.158643307354,114.913790168083,13.8182009285797));
#4671=CARTESIAN_POINT('Ctrl Pts',(-119.198025339299,115.04191219137,13.7749816358159));
#4672=CARTESIAN_POINT('Ctrl Pts',(-119.239674639295,115.177410344215,13.7292741595635));
#4673=CARTESIAN_POINT('Ctrl Pts',(-119.279624919879,115.313278841442,13.683759542567));
#4674=CARTESIAN_POINT('Ctrl Pts',(-119.317883677524,115.449464384314,13.6384440133315));
#4675=CARTESIAN_POINT('Ctrl Pts',(-119.363441710861,115.61163236582,13.5844828677354));
#4676=CARTESIAN_POINT('Ctrl Pts',(-119.406601208971,115.774253025457,13.5308071012805));
#4677=CARTESIAN_POINT('Ctrl Pts',(-119.447374829681,115.93739739082,13.4775696091939));
#4678=CARTESIAN_POINT('Ctrl Pts',(-119.491072435113,116.112241272274,13.42051431504));
#4679=CARTESIAN_POINT('Ctrl Pts',(-119.53202969806,116.287686160598,13.3639624457767));
#4680=CARTESIAN_POINT('Ctrl Pts',(-119.570262199485,116.463778254412,13.3080582141487));
#4681=CARTESIAN_POINT('Ctrl Pts',(-119.584199077515,116.527969032993,13.2876794675709));
#4682=CARTESIAN_POINT('Ctrl Pts',(-119.597773884272,116.592245478765,13.2673863786064));
#4683=CARTESIAN_POINT('Ctrl Pts',(-119.610987374487,116.656608814766,13.247184616345));
#4684=CARTESIAN_POINT('Ctrl Pts',(-119.652013479105,116.856448290439,13.1844608697404));
#4685=CARTESIAN_POINT('Ctrl Pts',(-119.68955642459,117.057123521493,13.1226227136822));
#4686=CARTESIAN_POINT('Ctrl Pts',(-119.723565128817,117.258672261497,13.0617952487372));
#4687=CARTESIAN_POINT('Ctrl Pts',(-119.748639353795,117.407271820519,13.0169478611171));
#4688=CARTESIAN_POINT('Ctrl Pts',(-119.771792385493,117.556345461453,12.9726486044503));
#4689=CARTESIAN_POINT('Ctrl Pts',(-119.793003750922,117.705903799061,12.9289303583304));
#4690=CARTESIAN_POINT('Ctrl Pts',(-119.821343557762,117.905723768847,12.8705198493711));
#4691=CARTESIAN_POINT('Ctrl Pts',(-119.846217344272,118.106407832052,12.8131472527874));
#4692=CARTESIAN_POINT('Ctrl Pts',(-119.867576282778,118.307970982319,12.7568455476183));
#4693=CARTESIAN_POINT('Ctrl Pts',(-119.890035538881,118.519917770381,12.6976434287925));
#4694=CARTESIAN_POINT('Ctrl Pts',(-119.908608480392,118.732837351896,12.6396243725086));
#4695=CARTESIAN_POINT('Ctrl Pts',(-119.923224573337,118.946817999291,12.5827811341455));
#4696=CARTESIAN_POINT('Ctrl Pts',(-119.927815709079,119.014032555332,12.5649258136898));
#4697=CARTESIAN_POINT('Ctrl Pts',(-119.932016429274,119.081352112981,12.547186284907));
#4698=CARTESIAN_POINT('Ctrl Pts',(-119.935824547847,119.148780323599,12.5295617469929));
#4699=CARTESIAN_POINT('Ctrl Pts',(-119.948974043189,119.381611031053,12.4687039310512));
#4700=CARTESIAN_POINT('Ctrl Pts',(-119.957442423267,119.615728983074,12.409222879417));
#4701=CARTESIAN_POINT('Ctrl Pts',(-119.961088611417,119.850728849882,12.3512056403232));
#4702=CARTESIAN_POINT('Ctrl Pts',(-119.961860009401,119.900446093218,12.3389313474358));
#4703=CARTESIAN_POINT('Ctrl Pts',(-119.962415571655,119.950202660498,12.3267224610149));
#4704=CARTESIAN_POINT('Ctrl Pts',(-119.96275396228,119.999994485396,12.3145796296468));
#4705=CARTESIAN_POINT('Origin',(-225.8,101.229273101786,19.6487265473627));
#4706=CARTESIAN_POINT('',(-115.517117725924,18.7707271095962,19.6487264813434));
#4707=CARTESIAN_POINT('',(-89.4091924487097,18.7707271089402,19.6487264812724));
#4708=CARTESIAN_POINT('',(-115.517117725925,18.770726897979,19.6487265473627));
#4709=CARTESIAN_POINT('',(-89.3409367565805,18.7826913000138,19.6487265473627));
#4710=CARTESIAN_POINT('Ctrl Pts',(-89.4091924487116,18.7707274485006,19.6487265473627));
#4711=CARTESIAN_POINT('Ctrl Pts',(-89.3975628453467,18.7707275134771,19.6487265473627));
#4712=CARTESIAN_POINT('Ctrl Pts',(-89.3859861422388,18.7716607403565,19.6487265473613));
#4713=CARTESIAN_POINT('Ctrl Pts',(-89.3630512985341,18.7756220227395,19.6487265473613));
#4714=CARTESIAN_POINT('Ctrl Pts',(-89.3518489046688,18.7786249768695,19.6487265473627));
#4715=CARTESIAN_POINT('Ctrl Pts',(-89.3409367567705,18.7826913005237,19.6487265473627));
#4716=CARTESIAN_POINT('',(-90.5174514636176,26.1957912250768,19.6487265473627));
#4717=CARTESIAN_POINT('Ctrl Pts',(-89.3409367569592,18.7826912998704,19.6487265473627));
#4718=CARTESIAN_POINT('Ctrl Pts',(-89.5203513197945,19.2565139740923,19.6487265473627));
#4719=CARTESIAN_POINT('Ctrl Pts',(-89.6784823433343,19.7361139489452,19.6487265473646));
#4720=CARTESIAN_POINT('Ctrl Pts',(-89.815974298639,20.221119618737,19.6487265473608));
#4721=CARTESIAN_POINT('Ctrl Pts',(-89.8469815341477,20.3304982728772,19.6487265473599));
#4722=CARTESIAN_POINT('Ctrl Pts',(-89.8769388931714,20.4401519568207,19.6487265473586));
#4723=CARTESIAN_POINT('Ctrl Pts',(-89.9058534466217,20.5500765791759,19.6487265473562));
#4724=CARTESIAN_POINT('Ctrl Pts',(-89.9085979406589,20.5605103377714,19.6487265473559));
#4725=CARTESIAN_POINT('Ctrl Pts',(-89.9113330396493,20.5709465373822,19.6487265473557));
#4726=CARTESIAN_POINT('Ctrl Pts',(-89.9140587524193,20.5813851966012,19.6487265473555));
#4727=CARTESIAN_POINT('Ctrl Pts',(-89.9917101502077,20.8787666699259,19.6487265473484));
#4728=CARTESIAN_POINT('Ctrl Pts',(-90.0617405280444,21.1781255351923,19.6487265473565));
#4729=CARTESIAN_POINT('Ctrl Pts',(-90.1243329499456,21.4797714772283,19.6487265473605));
#4730=CARTESIAN_POINT('Ctrl Pts',(-90.1257334473243,21.4865207663317,19.6487265473606));
#4731=CARTESIAN_POINT('Ctrl Pts',(-90.1271302215957,21.4932711997131,19.6487265473607));
#4732=CARTESIAN_POINT('Ctrl Pts',(-90.1285232710814,21.5000227533353,19.6487265473608));
#4733=CARTESIAN_POINT('Ctrl Pts',(-90.1814638068593,21.7566043534638,19.648726547364));
#4734=CARTESIAN_POINT('Ctrl Pts',(-90.2290343874315,22.0148425186125,19.6487265473603));
#4735=CARTESIAN_POINT('Ctrl Pts',(-90.2711896887826,22.2737689284999,19.6487265473601));
#4736=CARTESIAN_POINT('Ctrl Pts',(-90.279424232147,22.3243471637884,19.64872654736));
#4737=CARTESIAN_POINT('Ctrl Pts',(-90.2874520079364,22.3749517438212,19.6487265473602));
#4738=CARTESIAN_POINT('Ctrl Pts',(-90.2952724771894,22.4255755513446,19.6487265473605));
#4739=CARTESIAN_POINT('Ctrl Pts',(-90.2955528550729,22.4273905058628,19.6487265473605));
#4740=CARTESIAN_POINT('Ctrl Pts',(-90.2958329664874,22.4292054850971,19.6487265473605));
#4741=CARTESIAN_POINT('Ctrl Pts',(-90.2961128115142,22.4310204890189,19.6487265473606));
#4742=CARTESIAN_POINT('Ctrl Pts',(-90.3446832091294,22.7460357785925,19.6487265473627));
#4743=CARTESIAN_POINT('Ctrl Pts',(-90.3852551562763,23.0619774003851,19.6487265473626));
#4744=CARTESIAN_POINT('Ctrl Pts',(-90.4181462188059,23.3782834390091,19.6487265473627));
#4745=CARTESIAN_POINT('Ctrl Pts',(-90.4503255456079,23.6877448733177,19.6487265473627));
#4746=CARTESIAN_POINT('Ctrl Pts',(-90.475152602727,23.9975548676133,19.6487265473627));
#4747=CARTESIAN_POINT('Ctrl Pts',(-90.4929775479485,24.3079421610308,19.6487265473626));
#4748=CARTESIAN_POINT('Ctrl Pts',(-90.4934599742119,24.316342690755,19.6487265473626));
#4749=CARTESIAN_POINT('Ctrl Pts',(-90.4939372588639,24.3247434984094,19.6487265473626));
#4750=CARTESIAN_POINT('Ctrl Pts',(-90.4944094095084,24.3331445885249,19.6487265473626));
#4751=CARTESIAN_POINT('Ctrl Pts',(-90.5115754605025,24.6385842675851,19.6487265473624));
#4752=CARTESIAN_POINT('Ctrl Pts',(-90.5219562898727,24.9443970883216,19.6487265473469));
#4753=CARTESIAN_POINT('Ctrl Pts',(-90.5258233762276,25.2506074232737,19.6487265473595));
#4754=CARTESIAN_POINT('Ctrl Pts',(-90.525989430895,25.2637562517874,19.64872654736));
#4755=CARTESIAN_POINT('Ctrl Pts',(-90.5261434452769,25.2769058160702,19.6487265473604));
#4756=CARTESIAN_POINT('Ctrl Pts',(-90.5262854403356,25.2900561136524,19.6487265473608));
#4757=CARTESIAN_POINT('Ctrl Pts',(-90.5278423144024,25.4342397033649,19.6487265473646));
#4758=CARTESIAN_POINT('Ctrl Pts',(-90.5279542863929,25.5785114368676,19.6487265473627));
#4759=CARTESIAN_POINT('Ctrl Pts',(-90.5266828983753,25.7228745554904,19.6487265473627));
#4760=CARTESIAN_POINT('Ctrl Pts',(-90.5265467642013,25.7383322707027,19.6487265473627));
#4761=CARTESIAN_POINT('Ctrl Pts',(-90.5263938730476,25.7537910470252,19.6487265473637));
#4762=CARTESIAN_POINT('Ctrl Pts',(-90.5262247373182,25.7692508662086,19.6487265473576));
#4763=CARTESIAN_POINT('Ctrl Pts',(-90.5255320407655,25.8325666629148,19.6487265473327));
#4764=CARTESIAN_POINT('Ctrl Pts',(-90.5245668707353,25.89589987434,19.6487265470055));
#4765=CARTESIAN_POINT('Ctrl Pts',(-90.5233313771494,25.9592509201546,19.6487265472231));
#4766=CARTESIAN_POINT('Ctrl Pts',(-90.5230078097513,25.9758421297661,19.6487265472801));
#4767=CARTESIAN_POINT('Ctrl Pts',(-90.5226642277686,25.9924344528062,19.6487265473189));
#4768=CARTESIAN_POINT('Ctrl Pts',(-90.5222996462983,26.0090279938011,19.648726547339));
#4769=CARTESIAN_POINT('Ctrl Pts',(-90.5217982234331,26.0318497265169,19.6487265473665));
#4770=CARTESIAN_POINT('Ctrl Pts',(-90.5212570787538,26.05467376401,19.6487265473627));
#4771=CARTESIAN_POINT('Ctrl Pts',(-90.5206819177809,26.0774999920331,19.6487265473627));
#4772=CARTESIAN_POINT('Ctrl Pts',(-90.5196885630609,26.1169229404185,19.6487265473627));
#4773=CARTESIAN_POINT('Ctrl Pts',(-90.5185998197288,26.156352893646,19.6487265473627));
#4774=CARTESIAN_POINT('Ctrl Pts',(-90.5174514636176,26.1957912250768,19.6487265473627));
#4775=CARTESIAN_POINT('',(-90.517451620205,93.8042085396653,19.6487265473627));
#4776=CARTESIAN_POINT('',(-90.5174795743194,93.8042077104014,19.6487265473627));
#4777=CARTESIAN_POINT('',(-89.3409364806906,101.217309416117,19.64872654981));
#4778=CARTESIAN_POINT('Ctrl Pts',(-90.5174516279517,93.8042088056808,19.6487265473627));
#4779=CARTESIAN_POINT('Ctrl Pts',(-90.5186001120416,93.8436471338036,19.6487265473627));
#4780=CARTESIAN_POINT('Ctrl Pts',(-90.5196889736135,93.8830771129151,19.6487265475788));
#4781=CARTESIAN_POINT('Ctrl Pts',(-90.5206676222695,93.9225004036375,19.6487265471467));
#4782=CARTESIAN_POINT('Ctrl Pts',(-90.5212292682577,93.9451254110271,19.6487265468987));
#4783=CARTESIAN_POINT('Ctrl Pts',(-90.5217601214984,93.9677481166935,19.6487265464587));
#4784=CARTESIAN_POINT('Ctrl Pts',(-90.5222533543459,93.990368411402,19.6487265459153));
#4785=CARTESIAN_POINT('Ctrl Pts',(-90.5239917773411,94.0700947327113,19.648726544));
#4786=CARTESIAN_POINT('Ctrl Pts',(-90.5252628871126,94.1497911439203,19.6487265409948));
#4787=CARTESIAN_POINT('Ctrl Pts',(-90.5261209096988,94.2294594092807,19.6487265389247));
#4788=CARTESIAN_POINT('Ctrl Pts',(-90.527838166651,94.388908454995,19.6487265347818));
#4789=CARTESIAN_POINT('Ctrl Pts',(-90.5279006806665,94.5482447425844,19.648726534871));
#4790=CARTESIAN_POINT('Ctrl Pts',(-90.5262137053312,94.7074789587058,19.6487265374256));
#4791=CARTESIAN_POINT('Ctrl Pts',(-90.5228354423689,95.0263544297462,19.6487265425413));
#4792=CARTESIAN_POINT('Ctrl Pts',(-90.5124417261429,95.3448217960562,19.6487265473588));
#4793=CARTESIAN_POINT('Ctrl Pts',(-90.4946331096406,95.662864468178,19.6487265473625));
#4794=CARTESIAN_POINT('Ctrl Pts',(-90.4940881982369,95.6725959977935,19.6487265473626));
#4795=CARTESIAN_POINT('Ctrl Pts',(-90.4935363442428,95.6823271282746,19.6487265473626));
#4796=CARTESIAN_POINT('Ctrl Pts',(-90.4929775331477,95.6920578658523,19.6487265473626));
#4797=CARTESIAN_POINT('Ctrl Pts',(-90.4752366206363,96.0009854543583,19.6487265473627));
#4798=CARTESIAN_POINT('Ctrl Pts',(-90.4505604837117,96.3093222924874,19.6487265473627));
#4799=CARTESIAN_POINT('Ctrl Pts',(-90.4186017649278,96.6173324502066,19.6487265473627));
#4800=CARTESIAN_POINT('Ctrl Pts',(-90.3856308332757,96.9350980629947,19.6487265473627));
#4801=CARTESIAN_POINT('Ctrl Pts',(-90.3449090174073,97.2525151591054,19.6487265473627));
#4802=CARTESIAN_POINT('Ctrl Pts',(-90.2961139639796,97.5689797072383,19.6487265473627));
#4803=CARTESIAN_POINT('Ctrl Pts',(-90.2960186346286,97.5695979740065,19.6487265473627));
#4804=CARTESIAN_POINT('Ctrl Pts',(-90.2959232743382,97.5702162379269,19.6487265473627));
#4805=CARTESIAN_POINT('Ctrl Pts',(-90.2958278831048,97.570834499,19.6487265473627));
#4806=CARTESIAN_POINT('Ctrl Pts',(-90.2595290731202,97.8060986886953,19.6487265473627));
#4807=CARTESIAN_POINT('Ctrl Pts',(-90.218753716943,98.0409518566477,19.6487265473637));
#4808=CARTESIAN_POINT('Ctrl Pts',(-90.1735484186598,98.2746757789694,19.6487265473615));
#4809=CARTESIAN_POINT('Ctrl Pts',(-90.1589987684007,98.3499015037431,19.6487265473607));
#4810=CARTESIAN_POINT('Ctrl Pts',(-90.1439898451546,98.4250100993095,19.6487265473595));
#4811=CARTESIAN_POINT('Ctrl Pts',(-90.1285221774426,98.4999770348579,19.6487265473565));
#4812=CARTESIAN_POINT('Ctrl Pts',(-90.1272722000615,98.5060352832965,19.6487265473563));
#4813=CARTESIAN_POINT('Ctrl Pts',(-90.1260192234964,98.512092630157,19.648726547356));
#4814=CARTESIAN_POINT('Ctrl Pts',(-90.1247632492457,98.5181490556297,19.6487265473558));
#4815=CARTESIAN_POINT('Ctrl Pts',(-90.0620623407156,98.8204987092127,19.6487265473433));
#4816=CARTESIAN_POINT('Ctrl Pts',(-89.9918885421329,99.120550071263,19.6487265473365));
#4817=CARTESIAN_POINT('Ctrl Pts',(-89.9140579281495,99.4186145973609,19.6487265473494));
#4818=CARTESIAN_POINT('Ctrl Pts',(-89.9114165388722,99.4287302112933,19.6487265473499));
#4819=CARTESIAN_POINT('Ctrl Pts',(-89.9087663360209,99.4388435137099,19.6487265473503));
#4820=CARTESIAN_POINT('Ctrl Pts',(-89.906107311265,99.4489545239545,19.6487265473507));
#4821=CARTESIAN_POINT('Ctrl Pts',(-89.784757915442,99.9103887327291,19.6487265473692));
#4822=CARTESIAN_POINT('Ctrl Pts',(-89.6450387605401,100.36705102969,19.6487265473627));
#4823=CARTESIAN_POINT('Ctrl Pts',(-89.4864116187779,100.818631375483,19.6487265473627));
#4824=CARTESIAN_POINT('Ctrl Pts',(-89.4395735778291,100.951970087213,19.6487265473627));
#4825=CARTESIAN_POINT('Ctrl Pts',(-89.3910867388104,101.08486556454,19.6487265473627));
#4826=CARTESIAN_POINT('Ctrl Pts',(-89.3409364785095,101.21730940643,19.6487265473627));
#4827=CARTESIAN_POINT('',(-89.4091910258274,101.229272860014,19.648726514908));
#4828=CARTESIAN_POINT('Ctrl Pts',(-89.3409364760219,101.217309428646,19.6487265473627));
#4829=CARTESIAN_POINT('Ctrl Pts',(-89.3518486380611,101.221375638543,19.6487265473627));
#4830=CARTESIAN_POINT('Ctrl Pts',(-89.3630510486129,101.224378463936,19.6487265473613));
#4831=CARTESIAN_POINT('Ctrl Pts',(-89.3859855043954,101.228339443077,19.6487265473613));
#4832=CARTESIAN_POINT('Ctrl Pts',(-89.3975619113322,101.229272570916,19.6487265473627));
#4833=CARTESIAN_POINT('Ctrl Pts',(-89.4091910258285,101.229272624395,19.6487265473627));
#4834=CARTESIAN_POINT('',(-115.517117724529,101.2292729691,19.6487265473627));
#4835=CARTESIAN_POINT('',(-115.51711772453,101.229273101786,19.6487265473627));
#4836=CARTESIAN_POINT('',(-115.585373567475,101.217309095835,19.6487265473627));
#4837=CARTESIAN_POINT('Ctrl Pts',(-115.517117724528,101.229272703728,19.6487265473627));
#4838=CARTESIAN_POINT('Ctrl Pts',(-115.528747411511,101.229272641827,19.6487265473627));
#4839=CARTESIAN_POINT('Ctrl Pts',(-115.540323975944,101.228339422138,19.6487265473613));
#4840=CARTESIAN_POINT('Ctrl Pts',(-115.563258905243,101.224378101056,19.6487265473613));
#4841=CARTESIAN_POINT('Ctrl Pts',(-115.574461302704,101.221375126739,19.6487265473627));
#4842=CARTESIAN_POINT('Ctrl Pts',(-115.585373450137,101.217308780957,19.6487265473627));
#4843=CARTESIAN_POINT('',(-114.408858708258,93.8042088120346,19.6487265473627));
#4844=CARTESIAN_POINT('Ctrl Pts',(-115.585373566657,101.217309096145,19.6487265473627));
#4845=CARTESIAN_POINT('Ctrl Pts',(-115.405958987636,100.743486413836,19.6487265473627));
#4846=CARTESIAN_POINT('Ctrl Pts',(-115.247827949097,100.263886430519,19.6487265473646));
#4847=CARTESIAN_POINT('Ctrl Pts',(-115.110335979941,99.7788807519118,19.6487265473608));
#4848=CARTESIAN_POINT('Ctrl Pts',(-115.07932870692,99.6695019744779,19.6487265473599));
#4849=CARTESIAN_POINT('Ctrl Pts',(-115.049371312771,99.5598481666128,19.6487265473586));
#4850=CARTESIAN_POINT('Ctrl Pts',(-115.020456726559,99.449923419722,19.6487265473562));
#4851=CARTESIAN_POINT('Ctrl Pts',(-115.017712233335,99.4394896642213,19.6487265473559));
#4852=CARTESIAN_POINT('Ctrl Pts',(-115.014977135153,99.4290534677067,19.6487265473557));
#4853=CARTESIAN_POINT('Ctrl Pts',(-115.012251423185,99.4186148115855,19.6487265473554));
#4854=CARTESIAN_POINT('Ctrl Pts',(-114.934600024421,99.1212333352127,19.6487265473483));
#4855=CARTESIAN_POINT('Ctrl Pts',(-114.864569645766,98.8218744668555,19.6487265473565));
#4856=CARTESIAN_POINT('Ctrl Pts',(-114.801977223202,98.5202285216774,19.6487265473605));
#4857=CARTESIAN_POINT('Ctrl Pts',(-114.8005767268,98.5134792372812,19.6487265473606));
#4858=CARTESIAN_POINT('Ctrl Pts',(-114.799179953499,98.5067288086086,19.6487265473607));
#4859=CARTESIAN_POINT('Ctrl Pts',(-114.79778690498,98.4999772596967,19.6487265473608));
#4860=CARTESIAN_POINT('Ctrl Pts',(-114.74484636957,98.2433956624159,19.648726547364));
#4861=CARTESIAN_POINT('Ctrl Pts',(-114.697275789251,97.9851575001497,19.6487265473603));
#4862=CARTESIAN_POINT('Ctrl Pts',(-114.655120488035,97.7262310931347,19.6487265473601));
#4863=CARTESIAN_POINT('Ctrl Pts',(-114.646885943374,97.6756528502798,19.64872654736));
#4864=CARTESIAN_POINT('Ctrl Pts',(-114.638858166349,97.6250482626718,19.6487265473602));
#4865=CARTESIAN_POINT('Ctrl Pts',(-114.631037695923,97.5744244475674,19.6487265473605));
#4866=CARTESIAN_POINT('Ctrl Pts',(-114.630757319021,97.5726094993989,19.6487265473605));
#4867=CARTESIAN_POINT('Ctrl Pts',(-114.630477208585,97.5707945265146,19.6487265473605));
#4868=CARTESIAN_POINT('Ctrl Pts',(-114.630197364536,97.5689795289429,19.6487265473605));
#4869=CARTESIAN_POINT('Ctrl Pts',(-114.581626965611,97.2539642330738,19.6487265473627));
#4870=CARTESIAN_POINT('Ctrl Pts',(-114.541055017481,96.9380226049202,19.6487265473626));
#4871=CARTESIAN_POINT('Ctrl Pts',(-114.508163954276,96.6217165599066,19.6487265473627));
#4872=CARTESIAN_POINT('Ctrl Pts',(-114.475984628455,96.3122551351332,19.6487265473627));
#4873=CARTESIAN_POINT('Ctrl Pts',(-114.451157571863,96.002445150381,19.6487265473627));
#4874=CARTESIAN_POINT('Ctrl Pts',(-114.433332626747,95.6920578665385,19.6487265473626));
#4875=CARTESIAN_POINT('Ctrl Pts',(-114.432850199923,95.6836573272646,19.6487265473626));
#4876=CARTESIAN_POINT('Ctrl Pts',(-114.432372914722,95.6752565100599,19.6487265473626));
#4877=CARTESIAN_POINT('Ctrl Pts',(-114.431900763541,95.6668554103935,19.6487265473626));
#4878=CARTESIAN_POINT('Ctrl Pts',(-114.414734713161,95.3614157424496,19.6487265473624));
#4879=CARTESIAN_POINT('Ctrl Pts',(-114.404353883911,95.0556029328552,19.6487265473468));
#4880=CARTESIAN_POINT('Ctrl Pts',(-114.400486797213,94.7493926090694,19.6487265473595));
#4881=CARTESIAN_POINT('Ctrl Pts',(-114.400320742384,94.7362437694157,19.64872654736));
#4882=CARTESIAN_POINT('Ctrl Pts',(-114.400166727861,94.7230941939916,19.6487265473604));
#4883=CARTESIAN_POINT('Ctrl Pts',(-114.400024732682,94.709943885267,19.6487265473608));
#4884=CARTESIAN_POINT('Ctrl Pts',(-114.398467858739,94.5657603074778,19.6487265473646));
#4885=CARTESIAN_POINT('Ctrl Pts',(-114.398355886634,94.4214885859117,19.6487265473627));
#4886=CARTESIAN_POINT('Ctrl Pts',(-114.399627274313,94.277125479239,19.6487265473627));
#4887=CARTESIAN_POINT('Ctrl Pts',(-114.399763408567,94.2616677520917,19.6487265473627));
#4888=CARTESIAN_POINT('Ctrl Pts',(-114.399916299826,94.2462089638324,19.6487265473637));
#4889=CARTESIAN_POINT('Ctrl Pts',(-114.400085435686,94.2307491327107,19.6487265473576));
#4890=CARTESIAN_POINT('Ctrl Pts',(-114.400778132103,94.1674333483318,19.6487265473327));
#4891=CARTESIAN_POINT('Ctrl Pts',(-114.401743301886,94.1041001492404,19.6487265470055));
#4892=CARTESIAN_POINT('Ctrl Pts',(-114.402978795124,94.0407491157662,19.6487265472231));
#4893=CARTESIAN_POINT('Ctrl Pts',(-114.403302362735,94.0241578938225,19.6487265472801));
#4894=CARTESIAN_POINT('Ctrl Pts',(-114.403645944957,94.0075655584487,19.6487265473189));
#4895=CARTESIAN_POINT('Ctrl Pts',(-114.404010526697,93.990972005118,19.648726547339));
#4896=CARTESIAN_POINT('Ctrl Pts',(-114.404511949284,93.9681502849317,19.6487265473665));
#4897=CARTESIAN_POINT('Ctrl Pts',(-114.405053093642,93.9453262599706,19.6487265473627));
#4898=CARTESIAN_POINT('Ctrl Pts',(-114.405628254263,93.9225000444821,19.6487265473627));
#4899=CARTESIAN_POINT('Ctrl Pts',(-114.406621608917,93.8830770962951,19.6487265473627));
#4900=CARTESIAN_POINT('Ctrl Pts',(-114.407710352192,93.8436471432664,19.6487265473627));
#4901=CARTESIAN_POINT('Ctrl Pts',(-114.408858708258,93.8042088120346,19.6487265473627));
#4902=CARTESIAN_POINT('',(-114.408858551671,26.195791421872,19.6487265473627));
#4903=CARTESIAN_POINT('',(-114.408830597524,93.8042077104019,19.6487265473627));
#4904=CARTESIAN_POINT('',(-115.585373425868,18.7826913045206,19.6487265473627));
#4905=CARTESIAN_POINT('Ctrl Pts',(-114.408858543924,26.1957911558555,19.6487265473627));
#4906=CARTESIAN_POINT('Ctrl Pts',(-114.40771005988,26.1563528279318,19.6487265473627));
#4907=CARTESIAN_POINT('Ctrl Pts',(-114.406621198364,26.1169228490188,19.6487265475788));
#4908=CARTESIAN_POINT('Ctrl Pts',(-114.405642549781,26.0774995584946,19.6487265471467));
#4909=CARTESIAN_POINT('Ctrl Pts',(-114.405080904142,26.0548745636392,19.6487265468987));
#4910=CARTESIAN_POINT('Ctrl Pts',(-114.404550051221,26.0322518705046,19.6487265464587));
#4911=CARTESIAN_POINT('Ctrl Pts',(-114.404056818651,26.0096315883252,19.6487265459153));
#4912=CARTESIAN_POINT('Ctrl Pts',(-114.40231839567,25.9299052670152,19.648726544));
#4913=CARTESIAN_POINT('Ctrl Pts',(-114.401047285911,25.850208855806,19.6487265409948));
#4914=CARTESIAN_POINT('Ctrl Pts',(-114.400189263334,25.7705405904461,19.6487265389247));
#4915=CARTESIAN_POINT('Ctrl Pts',(-114.398472006399,25.6110915447294,19.6487265347817));
#4916=CARTESIAN_POINT('Ctrl Pts',(-114.39840949239,25.4517552571409,19.648726534871));
#4917=CARTESIAN_POINT('Ctrl Pts',(-114.400096467727,25.2925210410218,19.6487265374256));
#4918=CARTESIAN_POINT('Ctrl Pts',(-114.403474730692,24.973645569978,19.6487265425413));
#4919=CARTESIAN_POINT('Ctrl Pts',(-114.4138684469,24.6551782036697,19.6487265473588));
#4920=CARTESIAN_POINT('Ctrl Pts',(-114.431677063408,24.3371355315501,19.6487265473625));
#4921=CARTESIAN_POINT('Ctrl Pts',(-114.432221975347,24.3274039923838,19.6487265473626));
#4922=CARTESIAN_POINT('Ctrl Pts',(-114.43277382989,24.3176728523527,19.6487265473626));
#4923=CARTESIAN_POINT('Ctrl Pts',(-114.433332641547,24.3079421052257,19.6487265473626));
#4924=CARTESIAN_POINT('Ctrl Pts',(-114.451073553951,23.9990145262946,19.6487265473627));
#4925=CARTESIAN_POINT('Ctrl Pts',(-114.475749690349,23.6906776977079,19.6487265473627));
#4926=CARTESIAN_POINT('Ctrl Pts',(-114.507708408154,23.3826675495241,19.6487265473627));
#4927=CARTESIAN_POINT('Ctrl Pts',(-114.54067934048,23.0649019303469,19.6487265473627));
#4928=CARTESIAN_POINT('Ctrl Pts',(-114.581401157332,22.7474848278751,19.6487265473627));
#4929=CARTESIAN_POINT('Ctrl Pts',(-114.63019621207,22.431020273447,19.6487265473627));
#4930=CARTESIAN_POINT('Ctrl Pts',(-114.630291540443,22.4304020130286,19.6487265473627));
#4931=CARTESIAN_POINT('Ctrl Pts',(-114.630386899754,22.429783755458,19.6487265473627));
#4932=CARTESIAN_POINT('Ctrl Pts',(-114.630482290008,22.4291655007347,19.6487265473627));
#4933=CARTESIAN_POINT('Ctrl Pts',(-114.666781099743,22.1939013127058,19.6487265473626));
#4934=CARTESIAN_POINT('Ctrl Pts',(-114.707556455609,21.9590481464141,19.6487265473637));
#4935=CARTESIAN_POINT('Ctrl Pts',(-114.752761753521,21.7253242257214,19.6487265473614));
#4936=CARTESIAN_POINT('Ctrl Pts',(-114.767311404995,21.6500984945689,19.6487265473607));
#4937=CARTESIAN_POINT('Ctrl Pts',(-114.782320329535,21.574989892642,19.6487265473595));
#4938=CARTESIAN_POINT('Ctrl Pts',(-114.797787998618,21.5000229507571,19.6487265473565));
#4939=CARTESIAN_POINT('Ctrl Pts',(-114.799037975033,21.4939647070285,19.6487265473563));
#4940=CARTESIAN_POINT('Ctrl Pts',(-114.800290950627,21.4879073648767,19.648726547356));
#4941=CARTESIAN_POINT('Ctrl Pts',(-114.801546923901,21.4818509441112,19.6487265473558));
#4942=CARTESIAN_POINT('Ctrl Pts',(-114.864247833094,21.1795012873861,19.6487265473433));
#4943=CARTESIAN_POINT('Ctrl Pts',(-114.934421632493,20.8794499222446,19.6487265473365));
#4944=CARTESIAN_POINT('Ctrl Pts',(-115.012252247453,20.581385393099,19.6487265473494));
#4945=CARTESIAN_POINT('Ctrl Pts',(-115.014893635928,20.5712697822642,19.6487265473499));
#4946=CARTESIAN_POINT('Ctrl Pts',(-115.017543837971,20.5611564829437,19.6487265473503));
#4947=CARTESIAN_POINT('Ctrl Pts',(-115.020202861913,20.5510454757938,19.6487265473507));
#4948=CARTESIAN_POINT('Ctrl Pts',(-115.14155226732,20.0896112306435,19.6487265473692));
#4949=CARTESIAN_POINT('Ctrl Pts',(-115.281271434707,19.6329488980607,19.6487265473627));
#4950=CARTESIAN_POINT('Ctrl Pts',(-115.439898591972,19.1813685174704,19.6487265473627));
#4951=CARTESIAN_POINT('Ctrl Pts',(-115.48673653748,19.0480300801973,19.6487265473627));
#4952=CARTESIAN_POINT('Ctrl Pts',(-115.53522327428,18.9151348755054,19.6487265473627));
#4953=CARTESIAN_POINT('Ctrl Pts',(-115.585373425492,18.782691304378,19.6487265473627));
#4954=CARTESIAN_POINT('Ctrl Pts',(-115.585373425678,18.7826913050309,19.6487265473627));
#4955=CARTESIAN_POINT('Ctrl Pts',(-115.574461278065,18.7786249806293,19.6487265473627));
#4956=CARTESIAN_POINT('Ctrl Pts',(-115.563258876053,18.7756220237469,19.6487265473613));
#4957=CARTESIAN_POINT('Ctrl Pts',(-115.540324031399,18.7716607407415,19.6487265473613));
#4958=CARTESIAN_POINT('Ctrl Pts',(-115.528747330333,18.7707275138639,19.6487265473627));
#4959=CARTESIAN_POINT('Ctrl Pts',(-115.517117725922,18.770727448792,19.6487265473627));
#4960=CARTESIAN_POINT('',(-113.811722411739,31.2707268979996,19.6487265473627));
#4961=CARTESIAN_POINT('',(-91.1145877601047,31.2707268979996,19.6487265473627));
#4962=CARTESIAN_POINT('Origin',(-102.463155085922,31.2707268979996,19.6487265473627));
#4963=CARTESIAN_POINT('',(-113.811722411739,88.7292731017861,19.6487265473627));
#4964=CARTESIAN_POINT('',(-113.811722411739,88.7292731017861,19.6487265473627));
#4965=CARTESIAN_POINT('',(-91.1145877601047,88.7292731017861,19.6487265473627));
#4966=CARTESIAN_POINT('Origin',(-102.463155085922,88.7292731017861,19.6487265473627));
#4967=CARTESIAN_POINT('',(-91.1145877601047,31.2707268979996,19.6487265473627));
#4968=CARTESIAN_POINT('Origin',(-102.463155085922,120.,5.8));
#4969=CARTESIAN_POINT('',(-118.963155085922,120.,5.8));
#4970=CARTESIAN_POINT('Origin',(-102.463155085922,120.,5.8));
#4971=CARTESIAN_POINT('',(-100.963155085922,127.25,5.8));
#4972=CARTESIAN_POINT('Origin',(-102.463155085922,127.25,5.8));
#4973=CARTESIAN_POINT('',(-100.963155085922,112.75,5.8));
#4974=CARTESIAN_POINT('Origin',(-102.463155085922,112.75,5.8));
#4975=CARTESIAN_POINT('',(-98.7131550859216,120.,5.8));
#4976=CARTESIAN_POINT('Origin',(-102.463155085922,120.,5.8));
#4977=CARTESIAN_POINT('Origin',(-102.463155085922,-7.25,5.8));
#4978=CARTESIAN_POINT('',(-100.963155085922,-7.25,5.8));
#4979=CARTESIAN_POINT('Origin',(-102.463155085922,-7.25,5.8));
#4980=CARTESIAN_POINT('',(-100.963155085922,-7.25,0.));
#4981=CARTESIAN_POINT('',(-100.963155085922,-7.25,5.8));
#4982=CARTESIAN_POINT('Origin',(-102.463155085922,-7.25,0.));
#4983=CARTESIAN_POINT('Origin',(-102.463155085922,127.25,5.8));
#4984=CARTESIAN_POINT('',(-100.963155085922,127.25,0.));
#4985=CARTESIAN_POINT('',(-100.963155085922,127.25,5.8));
#4986=CARTESIAN_POINT('Origin',(-102.463155085922,127.25,0.));
#4987=CARTESIAN_POINT('Origin',(-102.463155085922,7.25,5.8));
#4988=CARTESIAN_POINT('',(-100.963155085922,7.25,5.8));
#4989=CARTESIAN_POINT('Origin',(-102.463155085922,7.25,5.8));
#4990=CARTESIAN_POINT('',(-100.963155085922,7.25,0.));
#4991=CARTESIAN_POINT('',(-100.963155085922,7.25,5.8));
#4992=CARTESIAN_POINT('Origin',(-102.463155085922,7.25,0.));
#4993=CARTESIAN_POINT('Origin',(-102.463155085922,112.75,5.8));
#4994=CARTESIAN_POINT('',(-100.963155085922,112.75,0.));
#4995=CARTESIAN_POINT('',(-100.963155085922,112.75,5.8));
#4996=CARTESIAN_POINT('Origin',(-102.463155085922,112.75,0.));
#4997=CARTESIAN_POINT('Origin',(-102.463155085922,120.,5.8));
#4998=CARTESIAN_POINT('',(-98.7131550859216,120.,0.));
#4999=CARTESIAN_POINT('',(-98.7131550859216,120.,5.8));
#5000=CARTESIAN_POINT('Origin',(-102.463155085922,120.,0.));
#5001=CARTESIAN_POINT('Origin',(-102.463155085922,0.,5.8));
#5002=CARTESIAN_POINT('',(-98.7131550859216,0.,5.8));
#5003=CARTESIAN_POINT('Origin',(-102.463155085922,0.,5.8));
#5004=CARTESIAN_POINT('',(-98.7131550859216,0.,0.));
#5005=CARTESIAN_POINT('',(-98.7131550859216,-4.59242549680258E-16,5.8));
#5006=CARTESIAN_POINT('Origin',(-102.463155085922,0.,0.));
#5007=CARTESIAN_POINT('Origin',(-102.463155085922,120.,5.8));
#5008=CARTESIAN_POINT('',(-118.963155085922,-2.02066721859313E-15,5.8));
#5009=CARTESIAN_POINT('Origin',(-102.463155085922,0.,5.8));
#5010=CARTESIAN_POINT('Ctrl Pts',(-122.275101462284,10.742244370546,1.));
#5011=CARTESIAN_POINT('Ctrl Pts',(-122.463155085922,10.5921179519132,1.));
#5012=CARTESIAN_POINT('Ctrl Pts',(-122.463155085922,10.3514893855816,1.));
#5013=CARTESIAN_POINT('Ctrl Pts',(-122.27510145243,10.7422443784269,0.930291668643852));
#5014=CARTESIAN_POINT('Ctrl Pts',(-122.463155019894,10.5921179199861,0.922218494268422));
#5015=CARTESIAN_POINT('Ctrl Pts',(-122.463155085922,10.3514893727108,0.930290370024941));
#5016=CARTESIAN_POINT('Ctrl Pts',(-122.263562343788,10.7331885089045,0.793797415284764));
#5017=CARTESIAN_POINT('Ctrl Pts',(-122.445582592029,10.5836196619685,0.770698032066427));
#5018=CARTESIAN_POINT('Ctrl Pts',(-122.448878205809,10.3480538652396,0.793793687043563));
#5019=CARTESIAN_POINT('Ctrl Pts',(-122.195424462307,10.6797667297466,0.530325943809589));
#5020=CARTESIAN_POINT('Ctrl Pts',(-122.345270585899,10.5351393934027,0.488217534005247));
#5021=CARTESIAN_POINT('Ctrl Pts',(-122.364607663791,10.3277857274184,0.530319019431342));
#5022=CARTESIAN_POINT('Ctrl Pts',(-122.036059099151,10.5551182647899,0.254746058673905));
#5023=CARTESIAN_POINT('Ctrl Pts',(-122.129185278866,10.4308839907787,0.219351433165073));
#5024=CARTESIAN_POINT('Ctrl Pts',(-122.167700092615,10.2804862610834,0.254740021091124));
#5025=CARTESIAN_POINT('Ctrl Pts',(-121.768500860811,10.3472401291843,0.0468999057257895));
#5026=CARTESIAN_POINT('Ctrl Pts',(-121.806261866757,10.275837096533,0.0383963253208243));
#5027=CARTESIAN_POINT('Ctrl Pts',(-121.837995110358,10.2015629373498,0.046898401229808));
#5028=CARTESIAN_POINT('Ctrl Pts',(-121.564305482471,10.1899012110836,-1.84754335158687E-13));
#5029=CARTESIAN_POINT('Ctrl Pts',(-121.57574599707,10.1658447856184,-9.46053473287242E-14));
#5030=CARTESIAN_POINT('Ctrl Pts',(-121.587186619879,10.1417884116186,-4.45645148380106E-15));
#5031=CARTESIAN_POINT('Ctrl Pts',(-121.46315508592,10.11229224237,-4.33680868994202E-16));
#5032=CARTESIAN_POINT('Ctrl Pts',(-121.46315508592,10.11229224237,-4.33680868994202E-16));
#5033=CARTESIAN_POINT('Ctrl Pts',(-121.46315508592,10.11229224237,-4.33680868994202E-16));
#5034=CARTESIAN_POINT('',(-122.275131647015,10.7422201356168,1.));
#5035=CARTESIAN_POINT('',(-122.463155085922,10.3514893855816,1.));
#5036=CARTESIAN_POINT('Origin',(-121.963155085922,10.3514893855816,1.));
#5037=CARTESIAN_POINT('',(-121.463155085922,10.112292242369,0.));
#5038=CARTESIAN_POINT('Ctrl Pts',(-122.275131448029,10.7422198863953,1.));
#5039=CARTESIAN_POINT('Ctrl Pts',(-122.275131448027,10.7422198863934,0.960719972885424));
#5040=CARTESIAN_POINT('Ctrl Pts',(-122.273258342818,10.7407505235728,0.921565667325693));
#5041=CARTESIAN_POINT('Ctrl Pts',(-122.269561638222,10.7378487690092,0.882803961162565));
#5042=CARTESIAN_POINT('Ctrl Pts',(-122.26568277212,10.734804025475,0.842132204943597));
#5043=CARTESIAN_POINT('Ctrl Pts',(-122.259797137767,10.730183472789,0.801892711622182));
#5044=CARTESIAN_POINT('Ctrl Pts',(-122.251973115482,10.7240468618349,0.762338043787564));
#5045=CARTESIAN_POINT('Ctrl Pts',(-122.243312221537,10.7172538678064,0.718552536704117));
#5046=CARTESIAN_POINT('Ctrl Pts',(-122.23227732844,10.7086046619037,0.67560548014905));
#5047=CARTESIAN_POINT('Ctrl Pts',(-122.218956083781,10.6981778133564,0.633776456683887));
#5048=CARTESIAN_POINT('Ctrl Pts',(-122.216695402415,10.6964083253824,0.626677863695911));
#5049=CARTESIAN_POINT('Ctrl Pts',(-122.21436883922,10.6945876062604,0.619611358401504));
#5050=CARTESIAN_POINT('Ctrl Pts',(-122.211976773816,10.6927159896629,0.612578189104346));
#5051=CARTESIAN_POINT('Ctrl Pts',(-122.199451234747,10.6829156694973,0.575750501752755));
#5052=CARTESIAN_POINT('Ctrl Pts',(-122.185131497716,10.6717201632974,0.539851495052735));
#5053=CARTESIAN_POINT('Ctrl Pts',(-122.16914289556,10.6592209795651,0.505168966202422));
#5054=CARTESIAN_POINT('Ctrl Pts',(-122.152908712935,10.6465298118581,0.469953723385751));
#5055=CARTESIAN_POINT('Ctrl Pts',(-122.1349543038,10.6324950387172,0.435992937260947));
#5056=CARTESIAN_POINT('Ctrl Pts',(-122.115435122542,10.6172437470672,0.40355087728792));
#5057=CARTESIAN_POINT('Ctrl Pts',(-122.095493657884,10.6016625047282,0.37040695675872));
#5058=CARTESIAN_POINT('Ctrl Pts',(-122.073919240921,10.5848119198483,0.338848416967233));
#5059=CARTESIAN_POINT('Ctrl Pts',(-122.050898481416,10.5668536948388,0.309114462512814));
#5060=CARTESIAN_POINT('Ctrl Pts',(-122.045370810816,10.5625416237113,0.301974841172586));
#5061=CARTESIAN_POINT('Ctrl Pts',(-122.039759832711,10.5581657922746,0.294940221081349));
#5062=CARTESIAN_POINT('Ctrl Pts',(-122.034068280491,10.553728621651,0.288013539820483));
#5063=CARTESIAN_POINT('Ctrl Pts',(-122.004599906744,10.5307548884265,0.252150206873647));
#5064=CARTESIAN_POINT('Ctrl Pts',(-121.972972432828,10.5061354101184,0.219185087987629));
#5065=CARTESIAN_POINT('Ctrl Pts',(-121.939541040095,10.4801508823507,0.189417201799734));
#5066=CARTESIAN_POINT('Ctrl Pts',(-121.907763099235,10.4554514989524,0.16112157755429));
#5067=CARTESIAN_POINT('Ctrl Pts',(-121.874354641374,10.4295180641343,0.13571397612602));
#5068=CARTESIAN_POINT('Ctrl Pts',(-121.839637721711,10.4026092871767,0.11341480569691));
#5069=CARTESIAN_POINT('Ctrl Pts',(-121.817369067725,10.3853490506962,0.0991113330591711));
#5070=CARTESIAN_POINT('Ctrl Pts',(-121.794562428798,10.367687902849,0.0860861863754462));
#5071=CARTESIAN_POINT('Ctrl Pts',(-121.771308645498,10.3497003330565,0.0743897863418072));
#5072=CARTESIAN_POINT('Ctrl Pts',(-121.740603630259,10.325948989137,0.0589454977011262));
#5073=CARTESIAN_POINT('Ctrl Pts',(-121.709118685731,10.30162641067,0.0458200210461339));
#5074=CARTESIAN_POINT('Ctrl Pts',(-121.677109622892,10.2769285227494,0.0351119063614349));
#5075=CARTESIAN_POINT('Ctrl Pts',(-121.645871443483,10.2528254411395,0.0246616782705322));
#5076=CARTESIAN_POINT('Ctrl Pts',(-121.614134330175,10.2283652301496,0.0165142675134138));
#5077=CARTESIAN_POINT('Ctrl Pts',(-121.582153021034,10.2037469875096,0.0107183910585534));
#5078=CARTESIAN_POINT('Ctrl Pts',(-121.551049422129,10.1798043796114,0.00508157938949512));
#5079=CARTESIAN_POINT('Ctrl Pts',(-121.519715236713,10.1557127756437,0.00166933192476009));
#5080=CARTESIAN_POINT('Ctrl Pts',(-121.488396378727,10.1316656983393,0.000479394737208704));
#5081=CARTESIAN_POINT('Ctrl Pts',(-121.479979841343,10.1252033578158,0.000159614532311826));
#5082=CARTESIAN_POINT('Ctrl Pts',(-121.471564457809,10.1187442686189,4.51071258061218E-8));
#5083=CARTESIAN_POINT('Ctrl Pts',(-121.463155085922,10.112292242369,9.56266799851706E-12));
#5084=CARTESIAN_POINT('Ctrl Pts',(-122.463155085922,10.3514893855816,1.));
#5085=CARTESIAN_POINT('Ctrl Pts',(-122.463155085922,10.3514893855816,0.968546968206244));
#5086=CARTESIAN_POINT('Ctrl Pts',(-122.461697692242,10.3511386778987,0.937194931692526));
#5087=CARTESIAN_POINT('Ctrl Pts',(-122.458768963948,10.3504340427458,0.906057449866268));
#5088=CARTESIAN_POINT('Ctrl Pts',(-122.458580833014,10.3503887795271,0.904057290429287));
#5089=CARTESIAN_POINT('Ctrl Pts',(-122.458386647863,10.3503420599773,0.902058012650572));
#5090=CARTESIAN_POINT('Ctrl Pts',(-122.458186411782,10.3502938849233,0.900059645155364));
#5091=CARTESIAN_POINT('Ctrl Pts',(-122.45464159713,10.3494410334484,0.864682193118301));
#5092=CARTESIAN_POINT('Ctrl Pts',(-122.449199405537,10.3481332356558,0.829626649414717));
#5093=CARTESIAN_POINT('Ctrl Pts',(-122.441913492891,10.3463849200338,0.794982974556049));
#5094=CARTESIAN_POINT('Ctrl Pts',(-122.438971634392,10.3456789965044,0.780994776475384));
#5095=CARTESIAN_POINT('Ctrl Pts',(-122.435729824721,10.3449014042347,0.767073651187296));
#5096=CARTESIAN_POINT('Ctrl Pts',(-122.432200282868,10.3440551885479,0.753249107875492));
#5097=CARTESIAN_POINT('Ctrl Pts',(-122.424380192735,10.3421803041522,0.722619303988822));
#5098=CARTESIAN_POINT('Ctrl Pts',(-122.415136703057,10.3399572712387,0.692401433911809));
#5099=CARTESIAN_POINT('Ctrl Pts',(-122.404511615387,10.3373999576232,0.662702014964163));
#5100=CARTESIAN_POINT('Ctrl Pts',(-122.398464295362,10.335944450213,0.645798447058445));
#5101=CARTESIAN_POINT('Ctrl Pts',(-122.391968532622,10.3343804410369,0.629063052999879));
#5102=CARTESIAN_POINT('Ctrl Pts',(-122.385025510679,10.3327088868097,0.612518977314453));
#5103=CARTESIAN_POINT('Ctrl Pts',(-122.383236842097,10.3322782592595,0.608256875213892));
#5104=CARTESIAN_POINT('Ctrl Pts',(-122.381418322283,10.3318405181175,0.604007150759604));
#5105=CARTESIAN_POINT('Ctrl Pts',(-122.379570116639,10.3313957005875,0.599770701510261));
#5106=CARTESIAN_POINT('Ctrl Pts',(-122.361998291686,10.3271665955632,0.559492637824349));
#5107=CARTESIAN_POINT('Ctrl Pts',(-122.341738744773,10.322296752258,0.520414605182234));
#5108=CARTESIAN_POINT('Ctrl Pts',(-122.319029468156,10.316841657227,0.482870391671147));
#5109=CARTESIAN_POINT('Ctrl Pts',(-122.310044961247,10.3146834493799,0.468016715291394));
#5110=CARTESIAN_POINT('Ctrl Pts',(-122.300677584217,10.312433778936,0.453403110408334));
#5111=CARTESIAN_POINT('Ctrl Pts',(-122.290944219326,10.3100966269594,0.439050116702845));
#5112=CARTESIAN_POINT('Ctrl Pts',(-122.261786742623,10.3030954043531,0.396053980804742));
#5113=CARTESIAN_POINT('Ctrl Pts',(-122.229346179522,10.2953095129935,0.35540211338745));
#5114=CARTESIAN_POINT('Ctrl Pts',(-122.194079101619,10.2868524168211,0.317588057143861));
#5115=CARTESIAN_POINT('Ctrl Pts',(-122.184686275329,10.2846000035226,0.307516883609067));
#5116=CARTESIAN_POINT('Ctrl Pts',(-122.175093228059,10.282300040363,0.297647071746175));
#5117=CARTESIAN_POINT('Ctrl Pts',(-122.165309170169,10.2799548002438,0.287988075472942));
#5118=CARTESIAN_POINT('Ctrl Pts',(-122.160953840412,10.2789108270589,0.283688416337704));
#5119=CARTESIAN_POINT('Ctrl Pts',(-122.156560463881,10.2778577863877,0.279430334245805));
#5120=CARTESIAN_POINT('Ctrl Pts',(-122.152129865804,10.2767958827721,0.275214685124605));
#5121=CARTESIAN_POINT('Ctrl Pts',(-122.113175634181,10.2674595271194,0.238150304775736));
#5122=CARTESIAN_POINT('Ctrl Pts',(-122.071339970831,10.2574370760973,0.204366968559103));
#5123=CARTESIAN_POINT('Ctrl Pts',(-122.027140279048,10.2468562004283,0.174181019639614));
#5124=CARTESIAN_POINT('Ctrl Pts',(-121.98116949382,10.2358513462479,0.142785511692184));
#5125=CARTESIAN_POINT('Ctrl Pts',(-121.932641692663,10.2242425003489,0.115281790664701));
#5126=CARTESIAN_POINT('Ctrl Pts',(-121.882191893369,10.2121855686653,0.0920109032148071));
#5127=CARTESIAN_POINT('Ctrl Pts',(-121.868808248757,10.2089870289087,0.0858374537309313));
#5128=CARTESIAN_POINT('Ctrl Pts',(-121.855289604914,10.2057570147534,0.0799618039131342));
#5129=CARTESIAN_POINT('Ctrl Pts',(-121.841648365786,10.2024985612512,0.0743901075486346));
#5130=CARTESIAN_POINT('Ctrl Pts',(-121.837856076442,10.2015927052381,0.0728411658031643));
#5131=CARTESIAN_POINT('Ctrl Pts',(-121.834054292702,10.2006846493662,0.0713157060513956));
#5132=CARTESIAN_POINT('Ctrl Pts',(-121.830243294033,10.1997744613054,0.0698138638966632));
#5133=CARTESIAN_POINT('Ctrl Pts',(-121.780801574318,10.1879662013449,0.0503298217013918));
#5134=CARTESIAN_POINT('Ctrl Pts',(-121.72980585362,10.1757983044522,0.0348240666938109));
#5135=CARTESIAN_POINT('Ctrl Pts',(-121.677983974911,10.1634442755794,0.0234306874556408));
#5136=CARTESIAN_POINT('Ctrl Pts',(-121.623703113116,10.1505040397066,0.0114966846903604));
#5137=CARTESIAN_POINT('Ctrl Pts',(-121.568516920202,10.1373598397294,0.00407504050570485));
#5138=CARTESIAN_POINT('Ctrl Pts',(-121.513292867768,10.1242191469911,0.00127327322853895));
#5139=CARTESIAN_POINT('Ctrl Pts',(-121.496575489581,10.1202412076611,0.000425124621195702));
#5140=CARTESIAN_POINT('Ctrl Pts',(-121.479854783117,10.1162636283488,1.47622412946322E-14));
#5141=CARTESIAN_POINT('Ctrl Pts',(-121.463155085921,10.1122922423702,-4.16333634234434E-16));
#5142=CARTESIAN_POINT('Origin',(-114.908830597524,93.8117355465479,25.8));
#5143=CARTESIAN_POINT('',(-114.908851591022,93.8117361619493,19.1487265484776));
#5144=CARTESIAN_POINT('',(-114.908830597524,93.8117355465479,1.));
#5145=CARTESIAN_POINT('',(-114.908830597524,93.8117355465479,19.1487265473627));
#5146=CARTESIAN_POINT('',(-114.908830597524,26.1882646078043,1.));
#5147=CARTESIAN_POINT('',(-114.908830597524,26.1882644531964,1.));
#5148=CARTESIAN_POINT('',(-114.908851454093,26.1882638417582,19.148726548471));
#5149=CARTESIAN_POINT('',(-114.908830598668,26.1882644531964,19.1487265473627));
#5150=CARTESIAN_POINT('',(-114.908830597524,93.8117355465479,19.1487265473627));
#5151=CARTESIAN_POINT('Ctrl Pts',(-122.463155085922,109.648510615743,1.));
#5152=CARTESIAN_POINT('Ctrl Pts',(-122.463155085922,109.407905886532,1.));
#5153=CARTESIAN_POINT('Ctrl Pts',(-122.275131713325,109.257779782619,1.));
#5154=CARTESIAN_POINT('Ctrl Pts',(-122.463155085922,109.648510628614,0.930290370024297));
#5155=CARTESIAN_POINT('Ctrl Pts',(-122.4631550199,109.407905918457,0.922219293882468));
#5156=CARTESIAN_POINT('Ctrl Pts',(-122.275131703465,109.257779774746,0.930290370024296));
#5157=CARTESIAN_POINT('Ctrl Pts',(-122.448878205809,109.651946136085,0.793793687042392));
#5158=CARTESIAN_POINT('Ctrl Pts',(-122.445582917398,109.416403596306,0.770700312256729));
#5159=CARTESIAN_POINT('Ctrl Pts',(-122.263591723318,109.26683563589,0.79379368704238));
#5160=CARTESIAN_POINT('Ctrl Pts',(-122.36460766379,109.672214273908,0.530319019428883));
#5161=CARTESIAN_POINT('Ctrl Pts',(-122.345272459702,109.464880700923,0.488221613699792));
#5162=CARTESIAN_POINT('Ctrl Pts',(-122.195449104591,109.320257057138,0.530319019428887));
#5163=CARTESIAN_POINT('Ctrl Pts',(-122.167700092612,109.719513740246,0.254740021089));
#5164=CARTESIAN_POINT('Ctrl Pts',(-122.129188876739,109.569130060076,0.219354739178598));
#5165=CARTESIAN_POINT('Ctrl Pts',(-122.036074985531,109.444902930463,0.254740021088979));
#5166=CARTESIAN_POINT('Ctrl Pts',(-121.837995110359,109.798437063983,0.0468984012292665));
#5167=CARTESIAN_POINT('Ctrl Pts',(-121.806264724887,109.724169594388,0.0383970904956385));
#5168=CARTESIAN_POINT('Ctrl Pts',(-121.768507542338,109.652772506372,0.0468984012292616));
#5169=CARTESIAN_POINT('Ctrl Pts',(-121.587186619871,109.858211589723,4.45645148348495E-15));
#5170=CARTESIAN_POINT('Ctrl Pts',(-121.575747018179,109.834157363008,3.84883300902882E-15));
#5171=CARTESIAN_POINT('Ctrl Pts',(-121.564307524681,109.810103084836,3.24122503157001E-15));
#5172=CARTESIAN_POINT('Ctrl Pts',(-121.463155085922,109.88770775897,4.33680868994202E-16));
#5173=CARTESIAN_POINT('Ctrl Pts',(-121.463155085922,109.88770775897,4.33680868994202E-16));
#5174=CARTESIAN_POINT('Ctrl Pts',(-121.463155085922,109.88770775897,4.33680868994202E-16));
#5175=CARTESIAN_POINT('',(-122.463155085922,109.648510615743,0.999999999999999));
#5176=CARTESIAN_POINT('',(-122.275131712134,109.257779781667,1.));
#5177=CARTESIAN_POINT('Origin',(-121.963155085922,109.648510615743,1.));
#5178=CARTESIAN_POINT('',(-121.463155085922,109.88770775897,0.));
#5179=CARTESIAN_POINT('Ctrl Pts',(-122.463155085922,109.648510615743,1.));
#5180=CARTESIAN_POINT('Ctrl Pts',(-122.463155085922,109.648510615743,0.968546968210185));
#5181=CARTESIAN_POINT('Ctrl Pts',(-122.461697692242,109.648861323426,0.937194931700392));
#5182=CARTESIAN_POINT('Ctrl Pts',(-122.458768963949,109.649565958579,0.906057449877988));
#5183=CARTESIAN_POINT('Ctrl Pts',(-122.458580833015,109.649611221798,0.904057290437045));
#5184=CARTESIAN_POINT('Ctrl Pts',(-122.458386647864,109.649657941347,0.902058012654372));
#5185=CARTESIAN_POINT('Ctrl Pts',(-122.458186411782,109.649706116402,0.900059645155209));
#5186=CARTESIAN_POINT('Ctrl Pts',(-122.45464159713,109.650558967876,0.864682193117796));
#5187=CARTESIAN_POINT('Ctrl Pts',(-122.449199405537,109.651866765669,0.829626649413858));
#5188=CARTESIAN_POINT('Ctrl Pts',(-122.441913492891,109.653615081291,0.794982974554843));
#5189=CARTESIAN_POINT('Ctrl Pts',(-122.438971634392,109.65432100482,0.780994776474441));
#5190=CARTESIAN_POINT('Ctrl Pts',(-122.435729824721,109.65509859709,0.767073651186614));
#5191=CARTESIAN_POINT('Ctrl Pts',(-122.432200282868,109.655944812777,0.753249107875071));
#5192=CARTESIAN_POINT('Ctrl Pts',(-122.424380192735,109.657819697173,0.722619303989064));
#5193=CARTESIAN_POINT('Ctrl Pts',(-122.415136703058,109.660042730086,0.692401433912704));
#5194=CARTESIAN_POINT('Ctrl Pts',(-122.404511615388,109.662600043702,0.662702014965692));
#5195=CARTESIAN_POINT('Ctrl Pts',(-122.398464295363,109.664055551112,0.645798447059254));
#5196=CARTESIAN_POINT('Ctrl Pts',(-122.391968532622,109.665619560289,0.629063052999983));
#5197=CARTESIAN_POINT('Ctrl Pts',(-122.385025510679,109.667291114516,0.612518977313872));
#5198=CARTESIAN_POINT('Ctrl Pts',(-122.383236842096,109.667721742066,0.608256875212832));
#5199=CARTESIAN_POINT('Ctrl Pts',(-122.381418322282,109.668159483208,0.604007150758068));
#5200=CARTESIAN_POINT('Ctrl Pts',(-122.379570116638,109.668604300738,0.599770701508252));
#5201=CARTESIAN_POINT('Ctrl Pts',(-122.361998291685,109.672833405763,0.559492637821751));
#5202=CARTESIAN_POINT('Ctrl Pts',(-122.341738744772,109.677703249069,0.520414605179117));
#5203=CARTESIAN_POINT('Ctrl Pts',(-122.319029468154,109.6831583441,0.482870391667572));
#5204=CARTESIAN_POINT('Ctrl Pts',(-122.310044961245,109.685316551947,0.468016715288857));
#5205=CARTESIAN_POINT('Ctrl Pts',(-122.300677584216,109.687566222391,0.453403110406804));
#5206=CARTESIAN_POINT('Ctrl Pts',(-122.290944219326,109.689903374368,0.439050116702288));
#5207=CARTESIAN_POINT('Ctrl Pts',(-122.26178674262,109.696904596975,0.396053980800553));
#5208=CARTESIAN_POINT('Ctrl Pts',(-122.229346179516,109.704690488336,0.355402113380028));
#5209=CARTESIAN_POINT('Ctrl Pts',(-122.194079101609,109.71314758451,0.317588057133664));
#5210=CARTESIAN_POINT('Ctrl Pts',(-122.184686275322,109.715399997808,0.307516883602203));
#5211=CARTESIAN_POINT('Ctrl Pts',(-122.175093228055,109.717699960967,0.297647071742513));
#5212=CARTESIAN_POINT('Ctrl Pts',(-122.165309170168,109.720045201085,0.287988075472344));
#5213=CARTESIAN_POINT('Ctrl Pts',(-122.160953840411,109.72108917427,0.283688416336647));
#5214=CARTESIAN_POINT('Ctrl Pts',(-122.156560463879,109.722142214942,0.279430334244296));
#5215=CARTESIAN_POINT('Ctrl Pts',(-122.152129865802,109.723204118557,0.27521468512265));
#5216=CARTESIAN_POINT('Ctrl Pts',(-122.113175634225,109.732540474199,0.238150304817846));
#5217=CARTESIAN_POINT('Ctrl Pts',(-122.071339970929,109.742562925209,0.204366968637337));
#5218=CARTESIAN_POINT('Ctrl Pts',(-122.027140279203,109.753143800864,0.174181019745219));
#5219=CARTESIAN_POINT('Ctrl Pts',(-121.981169494003,109.764148655039,0.142785511803595));
#5220=CARTESIAN_POINT('Ctrl Pts',(-121.932641692875,109.775757500931,0.115281790778074));
#5221=CARTESIAN_POINT('Ctrl Pts',(-121.88219189361,109.787814432609,0.09201090332585));
#5222=CARTESIAN_POINT('Ctrl Pts',(-121.86880824892,109.791012972385,0.0858374538012083));
#5223=CARTESIAN_POINT('Ctrl Pts',(-121.855289604996,109.79424298656,0.0799618039462149));
#5224=CARTESIAN_POINT('Ctrl Pts',(-121.841648365785,109.797501440082,0.0743901075481964));
#5225=CARTESIAN_POINT('Ctrl Pts',(-121.837856076441,109.798407296095,0.0728411658026107));
#5226=CARTESIAN_POINT('Ctrl Pts',(-121.834054292701,109.799315351967,0.0713157060507313));
#5227=CARTESIAN_POINT('Ctrl Pts',(-121.830243294032,109.800225540028,0.0698138638958925));
#5228=CARTESIAN_POINT('Ctrl Pts',(-121.780801574206,109.812033800016,0.0503298216576106));
#5229=CARTESIAN_POINT('Ctrl Pts',(-121.72980585339,109.824201696937,0.0348240666247744));
#5230=CARTESIAN_POINT('Ctrl Pts',(-121.677983974563,109.836555725839,0.023430687379691));
#5231=CARTESIAN_POINT('Ctrl Pts',(-121.623703112319,109.84949596182,0.0114966845359736));
#5232=CARTESIAN_POINT('Ctrl Pts',(-121.568516918944,109.862640161909,0.00407504034681276));
#5233=CARTESIAN_POINT('Ctrl Pts',(-121.513292866057,109.875780854756,0.00127327314182768));
#5234=CARTESIAN_POINT('Ctrl Pts',(-121.496575488441,109.87975879395,0.000425124592218924));
#5235=CARTESIAN_POINT('Ctrl Pts',(-121.479854782547,109.883736373127,9.84713025582079E-16));
#5236=CARTESIAN_POINT('Ctrl Pts',(-121.463155085922,109.88770775897,4.44089209850063E-16));
#5237=CARTESIAN_POINT('Ctrl Pts',(-122.275131713325,109.257779782619,1.));
#5238=CARTESIAN_POINT('Ctrl Pts',(-122.275131713325,109.257779782619,0.968533589028882));
#5239=CARTESIAN_POINT('Ctrl Pts',(-122.273952696053,109.258704994314,0.937167957327222));
#5240=CARTESIAN_POINT('Ctrl Pts',(-122.271582999614,109.26056396561,0.906016730783868));
#5241=CARTESIAN_POINT('Ctrl Pts',(-122.271432442086,109.26068207446,0.904037552534623));
#5242=CARTESIAN_POINT('Ctrl Pts',(-122.271277091653,109.260803942012,0.902059236173675));
#5243=CARTESIAN_POINT('Ctrl Pts',(-122.271116950784,109.260929566169,0.900081809414221));
#5244=CARTESIAN_POINT('Ctrl Pts',(-122.268251370111,109.263177500519,0.864697488336895));
#5245=CARTESIAN_POINT('Ctrl Pts',(-122.263853658766,109.266631018798,0.829634448735676));
#5246=CARTESIAN_POINT('Ctrl Pts',(-122.257965289196,109.27125467439,0.794982720858838));
#5247=CARTESIAN_POINT('Ctrl Pts',(-122.255591040454,109.273118977971,0.781010802087386));
#5248=CARTESIAN_POINT('Ctrl Pts',(-122.252974956919,109.275173116464,0.767105684617143));
#5249=CARTESIAN_POINT('Ctrl Pts',(-122.250126713911,109.277409215062,0.753296799944038));
#5250=CARTESIAN_POINT('Ctrl Pts',(-122.243812105849,109.282366687509,0.722682244144164));
#5251=CARTESIAN_POINT('Ctrl Pts',(-122.23634189886,109.288220963764,0.69247845963405));
#5252=CARTESIAN_POINT('Ctrl Pts',(-122.227751918895,109.294947241679,0.662791604479439));
#5253=CARTESIAN_POINT('Ctrl Pts',(-122.2228580379,109.29877933486,0.645878417624862));
#5254=CARTESIAN_POINT('Ctrl Pts',(-122.217599975905,109.302895026749,0.629133243424932));
#5255=CARTESIAN_POINT('Ctrl Pts',(-122.211979015112,109.307293841315,0.612579229020966));
#5256=CARTESIAN_POINT('Ctrl Pts',(-122.210524950405,109.30843175372,0.608296934765673));
#5257=CARTESIAN_POINT('Ctrl Pts',(-122.209046506812,109.309588753096,0.604027109953038));
#5258=CARTESIAN_POINT('Ctrl Pts',(-122.207543813308,109.310764727453,0.599770665740148));
#5259=CARTESIAN_POINT('Ctrl Pts',(-122.193340078401,109.321880252995,0.559537973527785));
#5260=CARTESIAN_POINT('Ctrl Pts',(-122.176966238012,109.334693826794,0.520500802455608));
#5261=CARTESIAN_POINT('Ctrl Pts',(-122.15860800805,109.349049500615,0.482992557013568));
#5262=CARTESIAN_POINT('Ctrl Pts',(-122.151326502071,109.354743455043,0.468115495660744));
#5263=CARTESIAN_POINT('Ctrl Pts',(-122.143733281659,109.360679647001,0.453478954983241));
#5264=CARTESIAN_POINT('Ctrl Pts',(-122.135841701264,109.366846981992,0.439103608298363));
#5265=CARTESIAN_POINT('Ctrl Pts',(-122.1122668374,109.385270932019,0.39615950532558));
#5266=CARTESIAN_POINT('Ctrl Pts',(-122.086030416978,109.405756975365,0.355551985846162));
#5267=CARTESIAN_POINT('Ctrl Pts',(-122.057494997527,109.428010869942,0.31777354926537));
#5268=CARTESIAN_POINT('Ctrl Pts',(-122.049847554722,109.433974875001,0.307648993937859));
#5269=CARTESIAN_POINT('Ctrl Pts',(-122.042035210064,109.440065671016,0.297727697536303));
#5270=CARTESIAN_POINT('Ctrl Pts',(-122.034065412314,109.446277203923,0.288019272301715));
#5271=CARTESIAN_POINT('Ctrl Pts',(-122.03052707825,109.449034924905,0.283709043511982));
#5272=CARTESIAN_POINT('Ctrl Pts',(-122.026957517174,109.451816549362,0.279440571116423));
#5273=CARTESIAN_POINT('Ctrl Pts',(-122.023357392132,109.454621537325,0.275214720606991));
#5274=CARTESIAN_POINT('Ctrl Pts',(-121.991952178226,109.479090478258,0.238351073469779));
#5275=CARTESIAN_POINT('Ctrl Pts',(-121.958217766028,109.505339950356,0.204731834827906));
#5276=CARTESIAN_POINT('Ctrl Pts',(-121.922562344688,109.533040698286,0.174669922131876));
#5277=CARTESIAN_POINT('Ctrl Pts',(-121.885413287589,109.561901853977,0.143348690485715));
#5278=CARTESIAN_POINT('Ctrl Pts',(-121.846179133454,109.592338232907,0.115889416358125));
#5279=CARTESIAN_POINT('Ctrl Pts',(-121.805364280368,109.623944100148,0.0926299660096161));
#5280=CARTESIAN_POINT('Ctrl Pts',(-121.794129303493,109.632644148309,0.0862274099052678));
#5281=CARTESIAN_POINT('Ctrl Pts',(-121.782774782176,109.641432633388,0.0801429743341616));
#5282=CARTESIAN_POINT('Ctrl Pts',(-121.771311731004,109.650300709002,0.0743834489898579));
#5283=CARTESIAN_POINT('Ctrl Pts',(-121.768233340459,109.652682221542,0.0728367344112003));
#5284=CARTESIAN_POINT('Ctrl Pts',(-121.765147112374,109.655069493345,0.0713134418843217));
#5285=CARTESIAN_POINT('Ctrl Pts',(-121.76205326952,109.657462344388,0.0698137061299638));
#5286=CARTESIAN_POINT('Ctrl Pts',(-121.721919690911,109.688502600784,0.0503590131703651));
#5287=CARTESIAN_POINT('Ctrl Pts',(-121.680502216916,109.720483496711,0.0348715865901662));
#5288=CARTESIAN_POINT('Ctrl Pts',(-121.638388402248,109.752946563165,0.0234838617095591));
#5289=CARTESIAN_POINT('Ctrl Pts',(-121.594282982349,109.78694484113,0.0115575997091622));
#5290=CARTESIAN_POINT('Ctrl Pts',(-121.549414690835,109.821471254301,0.00412841012558115));
#5291=CARTESIAN_POINT('Ctrl Pts',(-121.504484329706,109.855981524628,0.00130137998308301));
#5292=CARTESIAN_POINT('Ctrl Pts',(-121.49070681301,109.866563808269,0.00043449500802063));
#5293=CARTESIAN_POINT('Ctrl Pts',(-121.476923582065,109.877144497524,8.12417710708921E-16));
#5294=CARTESIAN_POINT('Ctrl Pts',(-121.463155085922,109.88770775897,4.30211422042248E-16));
#5295=CARTESIAN_POINT('Origin',(-102.463155085922,120.,6.3));
#5296=CARTESIAN_POINT('',(-119.463155085922,120.,6.3));
#5297=CARTESIAN_POINT('Origin',(-118.963155085922,120.,6.3));
#5298=CARTESIAN_POINT('',(-85.4631550859216,120.,6.3));
#5299=CARTESIAN_POINT('Origin',(-102.463155085922,120.,6.3));
#5300=CARTESIAN_POINT('Origin',(-102.463155085922,120.,6.3));
#5301=CARTESIAN_POINT('Origin',(-83.4631550859216,120.,1.));
#5302=CARTESIAN_POINT('',(-82.4631550859216,109.648510615743,1.));
#5303=CARTESIAN_POINT('',(-83.4631527070132,109.88770580066,1.22045605024649E-11));
#5304=CARTESIAN_POINT('Ctrl Pts',(-82.4631550859217,109.648510615743,1.));
#5305=CARTESIAN_POINT('Ctrl Pts',(-82.4631550859217,109.648510615743,0.968546968203858));
#5306=CARTESIAN_POINT('Ctrl Pts',(-82.4646124796016,109.648861323426,0.937194931687762));
#5307=CARTESIAN_POINT('Ctrl Pts',(-82.467541207896,109.649565958579,0.90605744985917));
#5308=CARTESIAN_POINT('Ctrl Pts',(-82.4677293388297,109.649611221797,0.904057290424494));
#5309=CARTESIAN_POINT('Ctrl Pts',(-82.4679235239803,109.649657941347,0.902058012648083));
#5310=CARTESIAN_POINT('Ctrl Pts',(-82.4681237600617,109.649706116401,0.900059645155176));
#5311=CARTESIAN_POINT('Ctrl Pts',(-82.4716685747137,109.650558967876,0.86468219311777));
#5312=CARTESIAN_POINT('Ctrl Pts',(-82.477110766306,109.651866765669,0.829626649413856));
#5313=CARTESIAN_POINT('Ctrl Pts',(-82.4843966789527,109.653615081291,0.794982974554871));
#5314=CARTESIAN_POINT('Ctrl Pts',(-82.487338537451,109.65432100482,0.780994776474459));
#5315=CARTESIAN_POINT('Ctrl Pts',(-82.4905803471225,109.65509859709,0.767073651186624));
#5316=CARTESIAN_POINT('Ctrl Pts',(-82.4941098889751,109.655944812777,0.753249107875067));
#5317=CARTESIAN_POINT('Ctrl Pts',(-82.5019299791086,109.657819697173,0.722619303988826));
#5318=CARTESIAN_POINT('Ctrl Pts',(-82.5111734687857,109.660042730086,0.692401433912241));
#5319=CARTESIAN_POINT('Ctrl Pts',(-82.5217985564556,109.662600043702,0.662702014965008));
#5320=CARTESIAN_POINT('Ctrl Pts',(-82.5278458764809,109.664055551112,0.645798447058802));
#5321=CARTESIAN_POINT('Ctrl Pts',(-82.5343416392216,109.665619560289,0.629063052999757));
#5322=CARTESIAN_POINT('Ctrl Pts',(-82.5412846611642,109.667291114516,0.612518977313862));
#5323=CARTESIAN_POINT('Ctrl Pts',(-82.5430733297469,109.667721742066,0.608256875212838));
#5324=CARTESIAN_POINT('Ctrl Pts',(-82.5448918495614,109.668159483208,0.60400715075809));
#5325=CARTESIAN_POINT('Ctrl Pts',(-82.5467400552055,109.668604300738,0.59977070150829));
#5326=CARTESIAN_POINT('Ctrl Pts',(-82.5643118801578,109.672833405763,0.559492637823539));
#5327=CARTESIAN_POINT('Ctrl Pts',(-82.5845714270697,109.677703249068,0.520414605182521));
#5328=CARTESIAN_POINT('Ctrl Pts',(-82.6072807036865,109.683158344099,0.482870391672444));
#5329=CARTESIAN_POINT('Ctrl Pts',(-82.6162652105962,109.685316551947,0.468016715291984));
#5330=CARTESIAN_POINT('Ctrl Pts',(-82.6256325876258,109.687566222391,0.453403110408239));
#5331=CARTESIAN_POINT('Ctrl Pts',(-82.6353659525172,109.689903374368,0.43905011670209));
#5332=CARTESIAN_POINT('Ctrl Pts',(-82.6645234292214,109.696904596975,0.396053980803176));
#5333=CARTESIAN_POINT('Ctrl Pts',(-82.6969639923225,109.704690488335,0.355402113385197));
#5334=CARTESIAN_POINT('Ctrl Pts',(-82.7322310702268,109.713147584508,0.317588057141065));
#5335=CARTESIAN_POINT('Ctrl Pts',(-82.7416238965167,109.715399997807,0.307516883606999));
#5336=CARTESIAN_POINT('Ctrl Pts',(-82.7512169437856,109.717699960966,0.297647071744809));
#5337=CARTESIAN_POINT('Ctrl Pts',(-82.761001001675,109.720045201085,0.287988075472253));
#5338=CARTESIAN_POINT('Ctrl Pts',(-82.7653563314319,109.72108917427,0.283688416336598));
#5339=CARTESIAN_POINT('Ctrl Pts',(-82.7697497079641,109.722142214942,0.279430334244291));
#5340=CARTESIAN_POINT('Ctrl Pts',(-82.7741803060417,109.723204118557,0.275214685122692));
#5341=CARTESIAN_POINT('Ctrl Pts',(-82.8131345376624,109.73254047421,0.238150304775916));
#5342=CARTESIAN_POINT('Ctrl Pts',(-82.8549702010099,109.742562925232,0.204366968561059));
#5343=CARTESIAN_POINT('Ctrl Pts',(-82.8991698927913,109.753143800901,0.174181019642931));
#5344=CARTESIAN_POINT('Ctrl Pts',(-82.9451406780325,109.764148655085,0.142785511685986));
#5345=CARTESIAN_POINT('Ctrl Pts',(-82.9936684792041,109.775757500988,0.11528179065125));
#5346=CARTESIAN_POINT('Ctrl Pts',(-83.0441182785145,109.787814432676,0.092010903196634));
#5347=CARTESIAN_POINT('Ctrl Pts',(-83.057501923113,109.79101297243,0.0858374537192801));
#5348=CARTESIAN_POINT('Ctrl Pts',(-83.0710205669433,109.794242986583,0.0799618039074328));
#5349=CARTESIAN_POINT('Ctrl Pts',(-83.0846618060586,109.797501440082,0.0743901075482933));
#5350=CARTESIAN_POINT('Ctrl Pts',(-83.088454095402,109.798407296096,0.0728411658027033));
#5351=CARTESIAN_POINT('Ctrl Pts',(-83.0922558791423,109.799315351968,0.0713157060508169));
#5352=CARTESIAN_POINT('Ctrl Pts',(-83.0960668778115,109.800225540029,0.0698138638959696));
#5353=CARTESIAN_POINT('Ctrl Pts',(-83.1455085869311,109.81203379746,0.0503298258763182));
#5354=CARTESIAN_POINT('Ctrl Pts',(-83.1965042963663,109.824201691668,0.0348240733376923));
#5355=CARTESIAN_POINT('Ctrl Pts',(-83.2483261636155,109.836555717815,0.0234306947800958));
#5356=CARTESIAN_POINT('Ctrl Pts',(-83.3026070106191,109.849495950167,0.0114966933407982));
#5357=CARTESIAN_POINT('Ctrl Pts',(-83.3577931884351,109.862640146558,0.00407504805548614));
#5358=CARTESIAN_POINT('Ctrl Pts',(-83.4130172261626,109.875780835809,0.00127327718134902));
#5359=CARTESIAN_POINT('Ctrl Pts',(-83.4297337319087,109.879758567543,0.000425171522214663));
#5360=CARTESIAN_POINT('Ctrl Pts',(-83.4464535656223,109.883735939306,4.56904666560025E-8));
#5361=CARTESIAN_POINT('Ctrl Pts',(-83.4631523935687,109.887707118696,3.68348407331354E-12));
#5362=CARTESIAN_POINT('',(-83.4631550859216,120.,0.));
#5363=CARTESIAN_POINT('',(-83.4631550859216,109.88770775897,0.));
#5364=CARTESIAN_POINT('',(-82.4631550859216,120.,1.));
#5365=CARTESIAN_POINT('Origin',(-83.4631550859216,120.,1.));
#5366=CARTESIAN_POINT('',(-82.4631550859216,109.648510615743,1.));
#5367=CARTESIAN_POINT('Origin',(-121.463155085922,120.,1.));
#5368=CARTESIAN_POINT('',(-122.463155085922,120.,1.));
#5369=CARTESIAN_POINT('',(-121.463155085922,120.,0.));
#5370=CARTESIAN_POINT('Origin',(-121.463155085922,120.,1.));
#5371=CARTESIAN_POINT('',(-121.463155085922,120.,0.));
#5372=CARTESIAN_POINT('',(-122.463155085922,120.,1.));
#5373=CARTESIAN_POINT('Origin',(-102.463155085922,120.,1.));
#5374=CARTESIAN_POINT('Origin',(-102.463155085922,120.,0.));
#5375=CARTESIAN_POINT('Origin',(-102.463155085922,120.,1.));
#5376=CARTESIAN_POINT('Ctrl Pts',(-82.6511784585182,109.257779782619,1.));
#5377=CARTESIAN_POINT('Ctrl Pts',(-82.4631550859217,109.407905886532,1.));
#5378=CARTESIAN_POINT('Ctrl Pts',(-82.4631550859216,109.648510615743,1.));
#5379=CARTESIAN_POINT('Ctrl Pts',(-82.6511784683793,109.257779774745,0.930290370024605));
#5380=CARTESIAN_POINT('Ctrl Pts',(-82.4631551519416,109.407905918457,0.922219293882823));
#5381=CARTESIAN_POINT('Ctrl Pts',(-82.4631550859216,109.648510628613,0.930290370024606));
#5382=CARTESIAN_POINT('Ctrl Pts',(-82.6627184485245,109.266835635891,0.793793687042281));
#5383=CARTESIAN_POINT('Ctrl Pts',(-82.4807272544456,109.416403596306,0.770700312252207));
#5384=CARTESIAN_POINT('Ctrl Pts',(-82.4774319660347,109.651946136085,0.793793687042287));
#5385=CARTESIAN_POINT('Ctrl Pts',(-82.730861067256,109.320257057135,0.530319019429009));
#5386=CARTESIAN_POINT('Ctrl Pts',(-82.5810377121436,109.464880700921,0.488221613721515));
#5387=CARTESIAN_POINT('Ctrl Pts',(-82.5617025080536,109.672214273908,0.530319019429012));
#5388=CARTESIAN_POINT('Ctrl Pts',(-82.8902351862808,109.444902930487,0.254740021088977));
#5389=CARTESIAN_POINT('Ctrl Pts',(-82.7971212950868,109.569130060088,0.219354739012107));
#5390=CARTESIAN_POINT('Ctrl Pts',(-82.7586100792299,109.719513740246,0.254740021089016));
#5391=CARTESIAN_POINT('Ctrl Pts',(-83.1578026296201,109.652772506286,0.0468984012294175));
#5392=CARTESIAN_POINT('Ctrl Pts',(-83.1200454470166,109.724169594345,0.0383970910816656));
#5393=CARTESIAN_POINT('Ctrl Pts',(-83.0883150614892,109.798437063983,0.0468984012293353));
#5394=CARTESIAN_POINT('Ctrl Pts',(-83.3620026469152,109.810103085022,-1.79602017336639E-13));
#5395=CARTESIAN_POINT('Ctrl Pts',(-83.3505631535349,109.8341573631,-9.30266893926128E-14));
#5396=CARTESIAN_POINT('Ctrl Pts',(-83.3391235519602,109.858211589722,-6.45145237023894E-15));
#5397=CARTESIAN_POINT('Ctrl Pts',(-83.4631550859228,109.88770775897,4.33680868994202E-16));
#5398=CARTESIAN_POINT('Ctrl Pts',(-83.4631550859228,109.88770775897,4.33680868994202E-16));
#5399=CARTESIAN_POINT('Ctrl Pts',(-83.4631550859228,109.88770775897,4.33680868994202E-16));
#5400=CARTESIAN_POINT('',(-82.6511784585181,109.257779782619,1.));
#5401=CARTESIAN_POINT('Origin',(-82.9631550859217,109.648510615743,1.));
#5402=CARTESIAN_POINT('Ctrl Pts',(-82.6511784585182,109.257779782619,1.));
#5403=CARTESIAN_POINT('Ctrl Pts',(-82.6511784585182,109.257779782619,0.94532042332681));
#5404=CARTESIAN_POINT('Ctrl Pts',(-82.6547259469678,109.260573045207,0.891347506463202));
#5405=CARTESIAN_POINT('Ctrl Pts',(-82.6618163398555,109.266142808737,0.83803583452652));
#5406=CARTESIAN_POINT('Ctrl Pts',(-82.663731425482,109.267647178699,0.823636573686979));
#5407=CARTESIAN_POINT('Ctrl Pts',(-82.6659047464179,109.269353921229,0.809285491863758));
#5408=CARTESIAN_POINT('Ctrl Pts',(-82.6683357057949,109.271262313919,0.794981568470314));
#5409=CARTESIAN_POINT('Ctrl Pts',(-82.6772992449398,109.278299022447,0.742239520010661));
#5410=CARTESIAN_POINT('Ctrl Pts',(-82.6897689814518,109.288079782609,0.69013807983219));
#5411=CARTESIAN_POINT('Ctrl Pts',(-82.7054199900233,109.300333166359,0.63992645908395));
#5412=CARTESIAN_POINT('Ctrl Pts',(-82.7082820658647,109.302573923781,0.630744337302856));
#5413=CARTESIAN_POINT('Ctrl Pts',(-82.7112504116139,109.304897286175,0.621625412013595));
#5414=CARTESIAN_POINT('Ctrl Pts',(-82.7143228911184,109.307301489069,0.612577300575472));
#5415=CARTESIAN_POINT('Ctrl Pts',(-82.7157770863746,109.308439391027,0.608294856799555));
#5416=CARTESIAN_POINT('Ctrl Pts',(-82.717255624472,109.309596325732,0.604025042799551));
#5417=CARTESIAN_POINT('Ctrl Pts',(-82.7187583764815,109.310772184981,0.599768745450694));
#5418=CARTESIAN_POINT('Ctrl Pts',(-82.7336487317131,109.32242345,0.557594268826108));
#5419=CARTESIAN_POINT('Ctrl Pts',(-82.7509199482525,109.335935550128,0.516746470179711));
#5420=CARTESIAN_POINT('Ctrl Pts',(-82.7703623070086,109.351135413866,0.477588750054995));
#5421=CARTESIAN_POINT('Ctrl Pts',(-82.790653715919,109.366999057489,0.436721007564618));
#5422=CARTESIAN_POINT('Ctrl Pts',(-82.8133099632781,109.384701014155,0.397694606834114));
#5423=CARTESIAN_POINT('Ctrl Pts',(-82.8380472554631,109.404008502758,0.360925195813446));
#5424=CARTESIAN_POINT('Ctrl Pts',(-82.8551536644525,109.417360077139,0.335498298701227));
#5425=CARTESIAN_POINT('Ctrl Pts',(-82.873254262145,109.431478649017,0.311150765601699));
#5426=CARTESIAN_POINT('Ctrl Pts',(-82.8922438856553,109.446278339657,0.288018938511978));
#5427=CARTESIAN_POINT('Ctrl Pts',(-82.8957822693443,109.449036002753,0.283708727747326));
#5428=CARTESIAN_POINT('Ctrl Pts',(-82.8993518768895,109.451817572356,0.279440272394498));
#5429=CARTESIAN_POINT('Ctrl Pts',(-82.9029520456846,109.454622508093,0.275214438057621));
#5430=CARTESIAN_POINT('Ctrl Pts',(-82.9343465806666,109.479082375983,0.238363914799717));
#5431=CARTESIAN_POINT('Ctrl Pts',(-82.968068479939,109.505321710103,0.204755451912622));
#5432=CARTESIAN_POINT('Ctrl Pts',(-83.0037101809561,109.533011392938,0.174701695345046));
#5433=CARTESIAN_POINT('Ctrl Pts',(-83.0408614159367,109.561873817686,0.143375071182027));
#5434=CARTESIAN_POINT('Ctrl Pts',(-83.0800982878117,109.592311849566,0.115910987324403));
#5435=CARTESIAN_POINT('Ctrl Pts',(-83.1209162980002,109.623919608538,0.0926473996395269));
#5436=CARTESIAN_POINT('Ctrl Pts',(-83.1321611903181,109.632627182583,0.0862385488102862));
#5437=CARTESIAN_POINT('Ctrl Pts',(-83.1435258519879,109.641423355661,0.0801483816035287));
#5438=CARTESIAN_POINT('Ctrl Pts',(-83.154999237399,109.650299260622,0.0743837052483516));
#5439=CARTESIAN_POINT('Ctrl Pts',(-83.1580776018604,109.652680708591,0.0728370148699647));
#5440=CARTESIAN_POINT('Ctrl Pts',(-83.1611638406695,109.655067961579,0.071313721655052));
#5441=CARTESIAN_POINT('Ctrl Pts',(-83.1642577268281,109.657460832644,0.0698139659074368));
#5442=CARTESIAN_POINT('Ctrl Pts',(-83.1853531098977,109.673776407674,0.0595880169277567));
#5443=CARTESIAN_POINT('Ctrl Pts',(-83.2068042735091,109.690353301208,0.0504566653364303));
#5444=CARTESIAN_POINT('Ctrl Pts',(-83.2285252476164,109.707123571538,0.0424417002047729));
#5445=CARTESIAN_POINT('Ctrl Pts',(-83.2501681753381,109.723833584028,0.034455533922391));
#5446=CARTESIAN_POINT('Ctrl Pts',(-83.2720780730433,109.740734949892,0.0275779065745313));
#5447=CARTESIAN_POINT('Ctrl Pts',(-83.2941709590183,109.757762358695,0.0218256009948242));
#5448=CARTESIAN_POINT('Ctrl Pts',(-83.3037319906752,109.765131228239,0.0193362034661479));
#5449=CARTESIAN_POINT('Ctrl Pts',(-83.313328360282,109.772524527277,0.0170571812668615));
#5450=CARTESIAN_POINT('Ctrl Pts',(-83.3229577560627,109.779940420821,0.0149891317519345));
#5451=CARTESIAN_POINT('Ctrl Pts',(-83.330852678675,109.786020543289,0.0132935849855224));
#5452=CARTESIAN_POINT('Ctrl Pts',(-83.3387688620646,109.792115128533,0.0117401903745048));
#5453=CARTESIAN_POINT('Ctrl Pts',(-83.346695135542,109.798215549468,0.0103309338522857));
#5454=CARTESIAN_POINT('Ctrl Pts',(-83.385366365107,109.827978688358,0.00345535951813707));
#5455=CARTESIAN_POINT('Ctrl Pts',(-83.4243270614955,109.857918692212,4.04772231184014E-7));
#5456=CARTESIAN_POINT('Ctrl Pts',(-83.4631482622221,109.887702523791,3.55712403976582E-11));
#5457=CARTESIAN_POINT('Origin',(-102.463155085922,120.,0.));
#5458=CARTESIAN_POINT('',(-91.0174795743194,93.7967620453332,0.));
#5459=CARTESIAN_POINT('',(-91.0174795743194,26.203237992202,0.));
#5460=CARTESIAN_POINT('',(-91.0174795743194,26.203237992202,0.));
#5461=CARTESIAN_POINT('',(-83.4631550859216,10.1122922383365,0.));
#5462=CARTESIAN_POINT('Ctrl Pts',(-91.0174795743194,26.203237992202,1.33897904613737E-11));
#5463=CARTESIAN_POINT('Ctrl Pts',(-91.0176798288876,26.1964008606134,1.31536103252066E-11));
#5464=CARTESIAN_POINT('Ctrl Pts',(-91.017877877506,26.189563824058,1.292264383449E-11));
#5465=CARTESIAN_POINT('Ctrl Pts',(-91.0180731907278,26.182726881399,1.26967269461858E-11));
#5466=CARTESIAN_POINT('Ctrl Pts',(-91.0194876445766,26.1332139003156,1.10606420505086E-11));
#5467=CARTESIAN_POINT('Ctrl Pts',(-91.0207586353309,26.083705843242,9.6887018398274E-12));
#5468=CARTESIAN_POINT('Ctrl Pts',(-91.0218673054773,26.034202729828,8.52124383016371E-12));
#5469=CARTESIAN_POINT('Ctrl Pts',(-91.024085381498,25.9351636520898,6.18555307050852E-12));
#5470=CARTESIAN_POINT('Ctrl Pts',(-91.0256537498639,25.8361443646979,4.66017737493652E-12));
#5471=CARTESIAN_POINT('Ctrl Pts',(-91.0265762803632,25.7371462943396,3.58879354731641E-12));
#5472=CARTESIAN_POINT('Ctrl Pts',(-91.028422629307,25.5390119423813,1.44453013272715E-12));
#5473=CARTESIAN_POINT('Ctrl Pts',(-91.0276819214723,25.3409625709444,9.95364919895505E-13));
#5474=CARTESIAN_POINT('Ctrl Pts',(-91.0242677259896,25.1430003707687,8.20740610259674E-13));
#5475=CARTESIAN_POINT('Ctrl Pts',(-91.0208501283463,24.9448409061973,6.45942291854058E-13));
#5476=CARTESIAN_POINT('Ctrl Pts',(-91.0147537162274,24.7467687990652,7.55842672669375E-13));
#5477=CARTESIAN_POINT('Ctrl Pts',(-91.0059099571202,24.5488093418772,1.67444812849738E-12));
#5478=CARTESIAN_POINT('Ctrl Pts',(-90.9970566842345,24.3506369274604,2.59404178501578E-12));
#5479=CARTESIAN_POINT('Ctrl Pts',(-90.98545012323,24.1525773589856,4.33349483038013E-12));
#5480=CARTESIAN_POINT('Ctrl Pts',(-90.9709821798185,23.9545719020118,9.19814214650887E-12));
#5481=CARTESIAN_POINT('Ctrl Pts',(-90.9692112387543,23.9303351473662,9.79359676296294E-12));
#5482=CARTESIAN_POINT('Ctrl Pts',(-90.9673974280625,23.9060992040996,1.04379613680031E-11));
#5483=CARTESIAN_POINT('Ctrl Pts',(-90.9655407512531,23.8818649623221,1.11371738299258E-11));
#5484=CARTESIAN_POINT('Ctrl Pts',(-90.94064766941,23.5569484443072,2.05117472358747E-11));
#5485=CARTESIAN_POINT('Ctrl Pts',(-90.9080500787117,23.2322720916818,2.85030821233143E-11));
#5486=CARTESIAN_POINT('Ctrl Pts',(-90.8677001370794,22.909668055725,1.62805832474878E-11));
#5487=CARTESIAN_POINT('Ctrl Pts',(-90.8618285695576,22.8627239635325,1.45020124607089E-11));
#5488=CARTESIAN_POINT('Ctrl Pts',(-90.8557927563885,22.8158237549459,1.24617459184043E-11));
#5489=CARTESIAN_POINT('Ctrl Pts',(-90.8495924579737,22.7689730874431,1.03744843137913E-11));
#5490=CARTESIAN_POINT('Ctrl Pts',(-90.8477533996284,22.7550768028957,9.75538574533207E-12));
#5491=CARTESIAN_POINT('Ctrl Pts',(-90.8458998703181,22.7411848768492,9.13304211953211E-12));
#5492=CARTESIAN_POINT('Ctrl Pts',(-90.8440318561384,22.7272972682512,8.51544595508156E-12));
#5493=CARTESIAN_POINT('Ctrl Pts',(-90.7930855747537,22.3485410344357,-8.328231314055E-12));
#5494=CARTESIAN_POINT('Ctrl Pts',(-90.7313740936739,21.9731265637337,-1.99307148150425E-11));
#5495=CARTESIAN_POINT('Ctrl Pts',(-90.658680859488,21.6006274677843,1.99265516699446E-11));
#5496=CARTESIAN_POINT('Ctrl Pts',(-90.657968085537,21.5969750281128,2.03173613736217E-11));
#5497=CARTESIAN_POINT('Ctrl Pts',(-90.6572542557127,21.5933228687547,2.07177756679057E-11));
#5498=CARTESIAN_POINT('Ctrl Pts',(-90.6565393697671,21.5896709898026,2.11281527464624E-11));
#5499=CARTESIAN_POINT('Ctrl Pts',(-90.5816707441342,21.2072167538461,6.41061523167503E-11));
#5500=CARTESIAN_POINT('Ctrl Pts',(-90.4952379279564,20.8278670238977,8.68143433625571E-11));
#5501=CARTESIAN_POINT('Ctrl Pts',(-90.3969625714952,20.4517479328222,6.35848493661418E-11));
#5502=CARTESIAN_POINT('Ctrl Pts',(-90.3019559730588,20.0881390207123,4.11279966263709E-11));
#5503=CARTESIAN_POINT('Ctrl Pts',(-90.1958815115959,19.7275494119504,1.0041224012329E-11));
#5504=CARTESIAN_POINT('Ctrl Pts',(-90.0786037005466,19.3702142487888,3.38794594659877E-12));
#5505=CARTESIAN_POINT('Ctrl Pts',(-90.0734082599351,19.3543841987394,3.09320382314968E-12));
#5506=CARTESIAN_POINT('Ctrl Pts',(-90.0681907571995,19.3385603874079,2.88916080142816E-12));
#5507=CARTESIAN_POINT('Ctrl Pts',(-90.062951187213,19.3227428503988,2.74854399802127E-12));
#5508=CARTESIAN_POINT('Ctrl Pts',(-89.9478821616319,18.975365379454,-3.39617547716154E-13));
#5509=CARTESIAN_POINT('Ctrl Pts',(-89.8221669263408,18.6310154719259,5.75921213562872E-11));
#5510=CARTESIAN_POINT('Ctrl Pts',(-89.6852905258607,18.2891714690235,2.2656000169092E-11));
#5511=CARTESIAN_POINT('Ctrl Pts',(-89.6752596598403,18.2641197334361,2.00957374088859E-11));
#5512=CARTESIAN_POINT('Ctrl Pts',(-89.6651692755718,18.2390827515399,1.78887094365557E-11));
#5513=CARTESIAN_POINT('Ctrl Pts',(-89.6550190708413,18.2140600404937,1.59798620043342E-11));
#5514=CARTESIAN_POINT('Ctrl Pts',(-89.5480814980336,17.9504330442498,-4.1308172068747E-12));
#5515=CARTESIAN_POINT('Ctrl Pts',(-89.4345082789542,17.6883890823119,-7.77382131677435E-12));
#5516=CARTESIAN_POINT('Ctrl Pts',(-89.3147274612227,17.4290089461839,1.30745793208563E-11));
#5517=CARTESIAN_POINT('Ctrl Pts',(-89.2836740647443,17.3617641706152,1.84795653879145E-11));
#5518=CARTESIAN_POINT('Ctrl Pts',(-89.2522031867903,17.2946985193124,2.7064629576154E-11));
#5519=CARTESIAN_POINT('Ctrl Pts',(-89.2203217656023,17.2278310626576,4.38594583817783E-11));
#5520=CARTESIAN_POINT('Ctrl Pts',(-89.2041584899956,17.1939305309137,5.23741179118664E-11));
#5521=CARTESIAN_POINT('Ctrl Pts',(-89.1878893363842,17.1600794588871,5.99542566493733E-11));
#5522=CARTESIAN_POINT('Ctrl Pts',(-89.1715157636878,17.1262816356373,6.56447029723887E-11));
#5523=CARTESIAN_POINT('Ctrl Pts',(-89.0536068132864,16.8828976204841,1.06622598615841E-10));
#5524=CARTESIAN_POINT('Ctrl Pts',(-88.9302791478395,16.6422768793248,3.05570214858368E-11));
#5525=CARTESIAN_POINT('Ctrl Pts',(-88.8021046471821,16.4051704857378,1.15498061133553E-11));
#5526=CARTESIAN_POINT('Ctrl Pts',(-88.7646958724052,16.3359690483975,6.00239508106068E-12));
#5527=CARTESIAN_POINT('Ctrl Pts',(-88.7268745365211,16.2670668027765,3.52792913309456E-12));
#5528=CARTESIAN_POINT('Ctrl Pts',(-88.6886555571957,16.1984819738838,2.50548024445958E-12));
#5529=CARTESIAN_POINT('Ctrl Pts',(-88.665553443077,16.1570247039133,1.88744356941682E-12));
#5530=CARTESIAN_POINT('Ctrl Pts',(-88.6423044330343,16.1156805061102,1.74507797910745E-12));
#5531=CARTESIAN_POINT('Ctrl Pts',(-88.6189108948613,16.0744515978091,1.82483375466079E-12));
#5532=CARTESIAN_POINT('Ctrl Pts',(-88.4525869266486,15.781321264852,2.39188338092061E-12));
#5533=CARTESIAN_POINT('Ctrl Pts',(-88.2789594365863,15.4940173203195,3.96817735998164E-11));
#5534=CARTESIAN_POINT('Ctrl Pts',(-88.098085013767,15.2118886315426,2.1144333466744E-11));
#5535=CARTESIAN_POINT('Ctrl Pts',(-88.0671188766833,15.1635875201101,1.79706790417942E-11));
#5536=CARTESIAN_POINT('Ctrl Pts',(-88.0359413875409,15.1154405034037,1.53921434501568E-11));
#5537=CARTESIAN_POINT('Ctrl Pts',(-88.0045529105863,15.0674446390013,1.32757141726531E-11));
#5538=CARTESIAN_POINT('Ctrl Pts',(-87.7631427877967,14.6983063869117,-3.00183419314586E-12));
#5539=CARTESIAN_POINT('Ctrl Pts',(-87.5092558921966,14.3381064682372,-5.30569412779532E-12));
#5540=CARTESIAN_POINT('Ctrl Pts',(-87.2434282129359,13.9864135548349,1.11721010459357E-11));
#5541=CARTESIAN_POINT('Ctrl Pts',(-87.0832576451064,13.7745061500156,2.11005547603691E-11));
#5542=CARTESIAN_POINT('Ctrl Pts',(-86.9187511214854,13.5656878355308,3.920808129986E-11));
#5543=CARTESIAN_POINT('Ctrl Pts',(-86.7500186735933,13.3598697167465,1.28769227431211E-10));
#5544=CARTESIAN_POINT('Ctrl Pts',(-86.7007218663544,13.2997379741284,1.54935377523158E-10));
#5545=CARTESIAN_POINT('Ctrl Pts',(-86.6510764040216,13.2398760483539,1.76681392281227E-10));
#5546=CARTESIAN_POINT('Ctrl Pts',(-86.6010853897911,13.1802814748933,1.90884085600467E-10));
#5547=CARTESIAN_POINT('Ctrl Pts',(-86.3485158062297,12.8791918324212,2.62640348046972E-10));
#5548=CARTESIAN_POINT('Ctrl Pts',(-86.0871276039263,12.5849246580933,1.21484277026565E-10));
#5549=CARTESIAN_POINT('Ctrl Pts',(-85.8167193128762,12.2966800607933,6.13690479634932E-11));
#5550=CARTESIAN_POINT('Ctrl Pts',(-85.613885945176,12.0804676726128,1.62765905037747E-11));
#5551=CARTESIAN_POINT('Ctrl Pts',(-85.405976977634,11.8676444739485,4.07032110662943E-12));
#5552=CARTESIAN_POINT('Ctrl Pts',(-85.193936158824,11.6588471814415,1.77027131208158E-11));
#5553=CARTESIAN_POINT('Ctrl Pts',(-85.1232284723461,11.5892210897348,2.22486062459823E-11));
#5554=CARTESIAN_POINT('Ctrl Pts',(-85.0520026992628,11.5199868978526,3.81479670594063E-11));
#5555=CARTESIAN_POINT('Ctrl Pts',(-84.9803112456537,11.4511871682332,7.88258403089029E-11));
#5556=CARTESIAN_POINT('Ctrl Pts',(-84.7962887095585,11.274587307443,1.83240592995263E-10));
#5557=CARTESIAN_POINT('Ctrl Pts',(-84.6091956782059,11.1008530680566,5.51013734353669E-10));
#5558=CARTESIAN_POINT('Ctrl Pts',(-84.4195030488623,10.930162421208,4.44197465483698E-10));
#5559=CARTESIAN_POINT('Ctrl Pts',(-84.3953258055363,10.9084070724808,4.30583215248527E-10));
#5560=CARTESIAN_POINT('Ctrl Pts',(-84.371106375867,10.8867011122315,4.09341049712546E-10));
#5561=CARTESIAN_POINT('Ctrl Pts',(-84.3468457719806,10.8650448622375,3.81126740115426E-10));
#5562=CARTESIAN_POINT('Ctrl Pts',(-84.1306982465703,10.6721005782532,1.29754052562098E-10));
#5563=CARTESIAN_POINT('Ctrl Pts',(-83.9113141737937,10.4831638406054,9.69650550552874E-11));
#5564=CARTESIAN_POINT('Ctrl Pts',(-83.6886633012631,10.2978488212496,4.89044766720629E-11));
#5565=CARTESIAN_POINT('Ctrl Pts',(-83.613863540288,10.2355920737446,3.27584821177645E-11));
#5566=CARTESIAN_POINT('Ctrl Pts',(-83.5386947916639,10.1737444217839,1.88633948598661E-11));
#5567=CARTESIAN_POINT('Ctrl Pts',(-83.4631550859217,10.1122922383365,9.56244891220589E-12));
#5568=CARTESIAN_POINT('',(-83.4631550859216,-1.00988238923566E-14,0.));
#5569=CARTESIAN_POINT('',(-83.4631550859216,-1.38777878078145E-14,0.));
#5570=CARTESIAN_POINT('',(-121.463155085922,-6.20119413524297E-15,0.));
#5571=CARTESIAN_POINT('Origin',(-102.463155085922,0.,0.));
#5572=CARTESIAN_POINT('',(-121.463155085922,10.112292242369,0.));
#5573=CARTESIAN_POINT('',(-113.908830597524,26.2032379157786,0.));
#5574=CARTESIAN_POINT('Ctrl Pts',(-121.463155085922,10.112292242369,9.56244595350985E-12));
#5575=CARTESIAN_POINT('Ctrl Pts',(-121.238301675108,10.2952123757888,3.72480469493907E-11));
#5576=CARTESIAN_POINT('Ctrl Pts',(-121.016732707917,10.4816335779555,7.52204993706157E-11));
#5577=CARTESIAN_POINT('Ctrl Pts',(-120.798406707196,10.6719282365797,1.99988743542681E-10));
#5578=CARTESIAN_POINT('Ctrl Pts',(-120.725059891914,10.7358578974038,2.4190474680419E-10));
#5579=CARTESIAN_POINT('Ctrl Pts',(-120.652079358267,10.8002250581717,2.96678846104363E-10));
#5580=CARTESIAN_POINT('Ctrl Pts',(-120.57946440375,10.8650448629618,3.81127742909608E-10));
#5581=CARTESIAN_POINT('Ctrl Pts',(-120.38911773461,11.034957989235,6.02494902419095E-10));
#5582=CARTESIAN_POINT('Ctrl Pts',(-120.201308301164,11.2079344842649,2.70375860566728E-10));
#5583=CARTESIAN_POINT('Ctrl Pts',(-120.016511177691,11.383801544084,1.26379830787704E-10));
#5584=CARTESIAN_POINT('Ctrl Pts',(-119.992957888934,11.4062166529602,1.08026839110003E-10));
#5585=CARTESIAN_POINT('Ctrl Pts',(-119.969453490509,11.4286786641954,9.21340505719399E-11));
#5586=CARTESIAN_POINT('Ctrl Pts',(-119.945998926695,11.4511871720835,7.88257764078797E-11));
#5587=CARTESIAN_POINT('Ctrl Pts',(-119.874307475432,11.5199868994649,3.81477094576839E-11));
#5588=CARTESIAN_POINT('Ctrl Pts',(-119.803081704665,11.5892210890802,2.22477939178431E-11));
#5589=CARTESIAN_POINT('Ctrl Pts',(-119.732374020468,11.6588471784953,1.7701438473628E-11));
#5590=CARTESIAN_POINT('Ctrl Pts',(-119.520333199346,11.8676444731442,4.06777047517168E-12));
#5591=CARTESIAN_POINT('Ctrl Pts',(-119.312424229576,12.0804676740403,1.62721673216427E-11));
#5592=CARTESIAN_POINT('Ctrl Pts',(-119.109590859755,12.2966800645236,6.13637790286098E-11));
#5593=CARTESIAN_POINT('Ctrl Pts',(-118.8391825688,12.5849246617796,1.21478074395759E-10));
#5594=CARTESIAN_POINT('Ctrl Pts',(-118.577794366588,12.8791918360595,2.6263462449949E-10));
#5595=CARTESIAN_POINT('Ctrl Pts',(-118.32522478311,13.1802814784862,1.90879067298704E-10));
#5596=CARTESIAN_POINT('Ctrl Pts',(-118.27523377299,13.2398760470579,1.76676417200399E-10));
#5597=CARTESIAN_POINT('Ctrl Pts',(-118.22558831471,13.2997379678999,1.54930501706241E-10));
#5598=CARTESIAN_POINT('Ctrl Pts',(-118.176291511466,13.3598697055411,1.28764513131216E-10));
#5599=CARTESIAN_POINT('Ctrl Pts',(-117.896254083612,13.7014565029309,-1.98750670385382E-11));
#5600=CARTESIAN_POINT('Ctrl Pts',(-117.627854642949,14.0513055689288,4.03461787480495E-12));
#5601=CARTESIAN_POINT('Ctrl Pts',(-117.371604084351,14.4098293451105,3.03500693495675E-12));
#5602=CARTESIAN_POINT('Ctrl Pts',(-117.217204054969,14.6258526071832,2.43270597090536E-12));
#5603=CARTESIAN_POINT('Ctrl Pts',(-117.067215400374,14.845025789057,3.46757808975144E-12));
#5604=CARTESIAN_POINT('Ctrl Pts',(-116.921757262801,15.0674446422704,1.32757369335146E-11));
#5605=CARTESIAN_POINT('Ctrl Pts',(-116.890368791084,15.1154404986722,1.53922488541964E-11));
#5606=CARTESIAN_POINT('Ctrl Pts',(-116.859191307109,15.1635875073278,1.79709535774379E-11));
#5607=CARTESIAN_POINT('Ctrl Pts',(-116.828225175122,15.2118886106581,2.11446668126006E-11));
#5608=CARTESIAN_POINT('Ctrl Pts',(-116.6473507468,15.4940173071241,3.96824540737262E-11));
#5609=CARTESIAN_POINT('Ctrl Pts',(-116.473723251625,15.7813212596499,2.39246607386999E-12));
#5610=CARTESIAN_POINT('Ctrl Pts',(-116.307399278737,16.0744516008882,1.82486982711158E-12));
#5611=CARTESIAN_POINT('Ctrl Pts',(-116.284005746097,16.115680499445,1.74504239295376E-12));
#5612=CARTESIAN_POINT('Ctrl Pts',(-116.260756741518,16.1570246874485,1.88731668302208E-12));
#5613=CARTESIAN_POINT('Ctrl Pts',(-116.237654632795,16.1984819475655,2.50526099053446E-12));
#5614=CARTESIAN_POINT('Ctrl Pts',(-116.106704099264,16.4334756616015,6.00786643979211E-12));
#5615=CARTESIAN_POINT('Ctrl Pts',(-115.980425040449,16.6721979341954,6.25014258722688E-11));
#5616=CARTESIAN_POINT('Ctrl Pts',(-115.859402465561,16.9139053810732,7.65684531141521E-11));
#5617=CARTESIAN_POINT('Ctrl Pts',(-115.82408104682,16.9844496572271,8.06740289548421E-11));
#5618=CARTESIAN_POINT('Ctrl Pts',(-115.789207095195,17.0552480363619,7.76041250734256E-11));
#5619=CARTESIAN_POINT('Ctrl Pts',(-115.754794410099,17.1262816385059,6.56448013999987E-11));
#5620=CARTESIAN_POINT('Ctrl Pts',(-115.738420843048,17.1600794501068,5.99543291602037E-11));
#5621=CARTESIAN_POINT('Ctrl Pts',(-115.72215169501,17.1939305104486,5.23746164203539E-11));
#5622=CARTESIAN_POINT('Ctrl Pts',(-115.705988424902,17.2278310304763,4.38602077978329E-11));
#5623=CARTESIAN_POINT('Ctrl Pts',(-115.583013693243,17.4857557774998,-2.09198217776833E-11));
#5624=CARTESIAN_POINT('Ctrl Pts',(-115.466143552265,17.7466275392841,-1.25931784047662E-12));
#5625=CARTESIAN_POINT('Ctrl Pts',(-115.355793355279,18.0093608905954,5.90763701084678E-12));
#5626=CARTESIAN_POINT('Ctrl Pts',(-115.327184873465,18.0774749720216,7.7656826068262E-12));
#5627=CARTESIAN_POINT('Ctrl Pts',(-115.299014858901,18.1457142758491,1.0771616241694E-11));
#5628=CARTESIAN_POINT('Ctrl Pts',(-115.271291103109,18.214060043131,1.59849210102719E-11));
#5629=CARTESIAN_POINT('Ctrl Pts',(-115.261140903805,18.2390827408023,1.78937195256994E-11));
#5630=CARTESIAN_POINT('Ctrl Pts',(-115.251050524899,18.2641197093079,2.01004502813817E-11));
#5631=CARTESIAN_POINT('Ctrl Pts',(-115.241019664178,18.2891714314879,2.26604883199048E-11));
#5632=CARTESIAN_POINT('Ctrl Pts',(-115.104143257503,18.6310154475146,5.75935631003292E-11));
#5633=CARTESIAN_POINT('Ctrl Pts',(-114.978428016923,18.9753653683119,-3.46973603661618E-13));
#5634=CARTESIAN_POINT('Ctrl Pts',(-114.863358986869,19.3227428527916,2.73802427089471E-12));
#5635=CARTESIAN_POINT('Ctrl Pts',(-114.858119421897,19.3385603746643,2.87872933292874E-12));
#5636=CARTESIAN_POINT('Ctrl Pts',(-114.852901924134,19.3543841708474,3.08265002686831E-12));
#5637=CARTESIAN_POINT('Ctrl Pts',(-114.847706488453,19.3702142057367,3.37727097312453E-12));
#5638=CARTESIAN_POINT('Ctrl Pts',(-114.73042867152,19.7275493836845,1.002782032364E-11));
#5639=CARTESIAN_POINT('Ctrl Pts',(-114.624354205122,20.0881390075221,4.11175543943218E-11));
#5640=CARTESIAN_POINT('Ctrl Pts',(-114.529347602684,20.4517479349568,6.35796470624025E-11));
#5641=CARTESIAN_POINT('Ctrl Pts',(-114.431072251078,20.8278670074616,8.68144620224762E-11));
#5642=CARTESIAN_POINT('Ctrl Pts',(-114.344639438586,21.2072167185145,6.41141110113035E-11));
#5643=CARTESIAN_POINT('Ctrl Pts',(-114.269770815511,21.5896709352559,2.11334856866472E-11));
#5644=CARTESIAN_POINT('Ctrl Pts',(-114.269055925874,21.593322833008,2.07230814025872E-11));
#5645=CARTESIAN_POINT('Ctrl Pts',(-114.268342092368,21.596975011169,2.03224974224724E-11));
#5646=CARTESIAN_POINT('Ctrl Pts',(-114.267629314747,21.6006274696463,1.99316588367439E-11));
#5647=CARTESIAN_POINT('Ctrl Pts',(-114.194936084554,21.9731265451108,-1.99283405958298E-11));
#5648=CARTESIAN_POINT('Ctrl Pts',(-114.133224606257,22.3485409950145,-8.3384384119313E-12));
#5649=CARTESIAN_POINT('Ctrl Pts',(-114.082278326478,22.7272972077325,8.50496546336516E-12));
#5650=CARTESIAN_POINT('Ctrl Pts',(-114.080410309471,22.7411848370165,9.12255255777094E-12));
#5651=CARTESIAN_POINT('Ctrl Pts',(-114.078556777376,22.7550767837616,9.74493385358516E-12));
#5652=CARTESIAN_POINT('Ctrl Pts',(-114.076717716289,22.7689730890204,1.03640572986372E-11));
#5653=CARTESIAN_POINT('Ctrl Pts',(-114.034108706128,23.0909351033876,2.4708467564095E-11));
#5654=CARTESIAN_POINT('Ctrl Pts',(-113.999263354182,23.4152361841125,2.45993995002732E-11));
#5655=CARTESIAN_POINT('Ctrl Pts',(-113.97212623395,23.7400440659713,1.5272686297723E-11));
#5656=CARTESIAN_POINT('Ctrl Pts',(-113.968177347129,23.787308829253,1.39154997381094E-11));
#5657=CARTESIAN_POINT('Ctrl Pts',(-113.964391771529,23.8345843243019,1.25099462708657E-11));
#5658=CARTESIAN_POINT('Ctrl Pts',(-113.960769428164,23.8818648960586,1.11465722667204E-11));
#5659=CARTESIAN_POINT('Ctrl Pts',(-113.958912749548,23.9060991603506,1.04476463881408E-11));
#5660=CARTESIAN_POINT('Ctrl Pts',(-113.957098937131,23.9303351261361,9.80353567798654E-12));
#5661=CARTESIAN_POINT('Ctrl Pts',(-113.95532799442,23.9545719033026,9.20841428537432E-12));
#5662=CARTESIAN_POINT('Ctrl Pts',(-113.940860051007,24.1525773602056,4.34639667248754E-12));
#5663=CARTESIAN_POINT('Ctrl Pts',(-113.929253489996,24.350636928639,2.60743218013032E-12));
#5664=CARTESIAN_POINT('Ctrl Pts',(-113.920400217102,24.5488093430323,1.68474042601822E-12));
#5665=CARTESIAN_POINT('Ctrl Pts',(-113.911556457988,24.7467688001605,7.63175514786237E-13));
#5666=CARTESIAN_POINT('Ctrl Pts',(-113.905460045859,24.9448409072505,6.46747301336545E-13));
#5667=CARTESIAN_POINT('Ctrl Pts',(-113.902042448204,25.143000371788,8.20816078452896E-13));
#5668=CARTESIAN_POINT('Ctrl Pts',(-113.898628252709,25.340962571914,9.94683811910301E-13));
#5669=CARTESIAN_POINT('Ctrl Pts',(-113.89788754486,25.5390119433093,1.44887597674153E-12));
#5670=CARTESIAN_POINT('Ctrl Pts',(-113.899733893786,25.7371462952238,3.59912496305998E-12));
#5671=CARTESIAN_POINT('Ctrl Pts',(-113.900656424277,25.8361443655605,4.67349952614256E-12));
#5672=CARTESIAN_POINT('Ctrl Pts',(-113.902224792634,25.9351636529304,6.20216458324963E-12));
#5673=CARTESIAN_POINT('Ctrl Pts',(-113.904442868645,26.034202730645,8.53160672657526E-12));
#5674=CARTESIAN_POINT('Ctrl Pts',(-113.905551538786,26.0837058440483,9.69596918056384E-12));
#5675=CARTESIAN_POINT('Ctrl Pts',(-113.906822529535,26.1332139011109,1.10623203568129E-11));
#5676=CARTESIAN_POINT('Ctrl Pts',(-113.908236983379,26.1827268821825,1.26965647169298E-11));
#5677=CARTESIAN_POINT('Ctrl Pts',(-113.908432295865,26.1895637991066,1.29224209452853E-11));
#5678=CARTESIAN_POINT('Ctrl Pts',(-113.908630343727,26.1964008099264,1.31530962127819E-11));
#5679=CARTESIAN_POINT('Ctrl Pts',(-113.908830597524,26.2032379157786,1.33891459396113E-11));
#5680=CARTESIAN_POINT('',(-113.908830597524,93.7967620453335,0.));
#5681=CARTESIAN_POINT('',(-113.908830597524,26.2032379157786,0.));
#5682=CARTESIAN_POINT('Ctrl Pts',(-113.908830597524,93.7967620453335,1.33891579752872E-11));
#5683=CARTESIAN_POINT('Ctrl Pts',(-113.908630343341,93.8035991640537,1.31531070124439E-11));
#5684=CARTESIAN_POINT('Ctrl Pts',(-113.908432295101,93.810436187741,1.29223249654875E-11));
#5685=CARTESIAN_POINT('Ctrl Pts',(-113.908236982247,93.8172731175324,1.26966622414418E-11));
#5686=CARTESIAN_POINT('Ctrl Pts',(-113.906822528401,93.8667860986099,1.10624149218736E-11));
#5687=CARTESIAN_POINT('Ctrl Pts',(-113.905551537649,93.916294155678,9.69596919750512E-12));
#5688=CARTESIAN_POINT('Ctrl Pts',(-113.904442867505,93.9657972690867,8.53160891212145E-12));
#5689=CARTESIAN_POINT('Ctrl Pts',(-113.90222479149,94.064836346813,6.20211565674523E-12));
#5690=CARTESIAN_POINT('Ctrl Pts',(-113.900656423128,94.163855634194,4.67334907429305E-12));
#5691=CARTESIAN_POINT('Ctrl Pts',(-113.899733892633,94.2628537045415,3.59918380630129E-12));
#5692=CARTESIAN_POINT('Ctrl Pts',(-113.897887543698,94.4609880564779,1.44935362780405E-12));
#5693=CARTESIAN_POINT('Ctrl Pts',(-113.89862825154,94.6590374278939,9.97053665747077E-13));
#5694=CARTESIAN_POINT('Ctrl Pts',(-113.902042447029,94.8569996280448,8.20737459314589E-13));
#5695=CARTESIAN_POINT('Ctrl Pts',(-113.905460044678,95.0551590925993,6.44245558172334E-13));
#5696=CARTESIAN_POINT('Ctrl Pts',(-113.911556456802,95.2532311997103,7.53898752519955E-13));
#5697=CARTESIAN_POINT('Ctrl Pts',(-113.920400215913,95.4511906568684,1.67444512341668E-12));
#5698=CARTESIAN_POINT('Ctrl Pts',(-113.929253488802,95.6493630712735,2.59598178305059E-12));
#5699=CARTESIAN_POINT('Ctrl Pts',(-113.94086004981,95.8474226397276,4.33956620716628E-12));
#5700=CARTESIAN_POINT('Ctrl Pts',(-113.955327993222,96.045428096666,9.20376570166378E-12));
#5701=CARTESIAN_POINT('Ctrl Pts',(-113.95709893511,96.0696648625722,9.79916577947921E-12));
#5702=CARTESIAN_POINT('Ctrl Pts',(-113.958912746665,96.0939008170984,1.04434073379449E-11));
#5703=CARTESIAN_POINT('Ctrl Pts',(-113.960769424377,96.1181350701333,1.11424366793887E-11));
#5704=CARTESIAN_POINT('Ctrl Pts',(-113.985662506807,96.4430515887441,2.05145505919429E-11));
#5705=CARTESIAN_POINT('Ctrl Pts',(-114.018260098131,96.7677279419275,2.84926963335303E-11));
#5706=CARTESIAN_POINT('Ctrl Pts',(-114.058610040422,97.0903319783916,1.62664082985956E-11));
#5707=CARTESIAN_POINT('Ctrl Pts',(-114.064481606544,97.1372760587007,1.44872865811931E-11));
#5708=CARTESIAN_POINT('Ctrl Pts',(-114.07051741823,97.1841762554251,1.24466681283303E-11));
#5709=CARTESIAN_POINT('Ctrl Pts',(-114.076717715079,97.2310269110915,1.03593160023871E-11));
#5710=CARTESIAN_POINT('Ctrl Pts',(-114.078556774795,97.2449232059947,9.74018996676582E-12));
#5711=CARTESIAN_POINT('Ctrl Pts',(-114.080410305498,97.2588151423907,9.11784186625384E-12));
#5712=CARTESIAN_POINT('Ctrl Pts',(-114.082278321091,97.2727027613318,8.50026283767909E-12));
#5713=CARTESIAN_POINT('Ctrl Pts',(-114.133224601673,97.6514589845984,-8.34293407191188E-12));
#5714=CARTESIAN_POINT('Ctrl Pts',(-114.194936081362,98.0268734449012,-1.99288185653327E-11));
#5715=CARTESIAN_POINT('Ctrl Pts',(-114.267629313551,98.3993725306079,1.99324086442314E-11));
#5716=CARTESIAN_POINT('Ctrl Pts',(-114.268342089337,98.4030249796825,2.03232582006944E-11));
#5717=CARTESIAN_POINT('Ctrl Pts',(-114.269055921002,98.4066771484422,2.07237111837999E-11));
#5718=CARTESIAN_POINT('Ctrl Pts',(-114.269770808794,98.4103290367944,2.11341258054983E-11));
#5719=CARTESIAN_POINT('Ctrl Pts',(-114.344639433148,98.7927832631432,6.4115945479326E-11));
#5720=CARTESIAN_POINT('Ctrl Pts',(-114.431072247482,99.1721329836437,8.68147977583773E-11));
#5721=CARTESIAN_POINT('Ctrl Pts',(-114.529347601516,99.5482520654337,6.35805327074403E-11));
#5722=CARTESIAN_POINT('Ctrl Pts',(-114.624354201953,99.9118609852062,4.11190665763672E-11));
#5723=CARTESIAN_POINT('Ctrl Pts',(-114.730428665884,100.272450601506,1.00319549346311E-11));
#5724=CARTESIAN_POINT('Ctrl Pts',(-114.847706479875,100.629785772061,3.38300706824744E-12));
#5725=CARTESIAN_POINT('Ctrl Pts',(-114.852901918021,100.64561581453,3.08845692100876E-12));
#5726=CARTESIAN_POINT('Ctrl Pts',(-114.858119418271,100.661439618287,2.88461495036521E-12));
#5727=CARTESIAN_POINT('Ctrl Pts',(-114.86335898575,100.677257147728,2.74420833837665E-12));
#5728=CARTESIAN_POINT('Ctrl Pts',(-114.978428013567,101.02463462544,-3.39338615607601E-13));
#5729=CARTESIAN_POINT('Ctrl Pts',(-115.104143251503,101.368984539603,5.76014260547868E-11));
#5730=CARTESIAN_POINT('Ctrl Pts',(-115.241019655081,101.710828549068,2.26673656062571E-11));
#5731=CARTESIAN_POINT('Ctrl Pts',(-115.251050518451,101.735880277951,2.01072545996846E-11));
#5732=CARTESIAN_POINT('Ctrl Pts',(-115.261140900038,101.760917253152,1.79003405111795E-11));
#5733=CARTESIAN_POINT('Ctrl Pts',(-115.271291102056,101.785939957511,1.59915646598178E-11));
#5734=CARTESIAN_POINT('Ctrl Pts',(-115.37822868021,102.049566966949,-4.11836679162619E-12));
#5735=CARTESIAN_POINT('Ctrl Pts',(-115.491801905312,102.311610941951,-7.7652951908894E-12));
#5736=CARTESIAN_POINT('Ctrl Pts',(-115.611582729657,102.570991090801,1.30797198240593E-11));
#5737=CARTESIAN_POINT('Ctrl Pts',(-115.642636122991,102.638235859145,1.84838273165365E-11));
#5738=CARTESIAN_POINT('Ctrl Pts',(-115.674106997709,102.705301503255,2.70680480577581E-11));
#5739=CARTESIAN_POINT('Ctrl Pts',(-115.705988415572,102.772168952757,4.38621561936723E-11));
#5740=CARTESIAN_POINT('Ctrl Pts',(-115.722151688429,102.806069478642,5.23764497974666E-11));
#5741=CARTESIAN_POINT('Ctrl Pts',(-115.738420839254,102.839920544826,5.99562557339683E-11));
#5742=CARTESIAN_POINT('Ctrl Pts',(-115.754794409127,102.873718362252,6.56464149157498E-11));
#5743=CARTESIAN_POINT('Ctrl Pts',(-115.872703364465,103.117102387612,1.06622251585313E-10));
#5744=CARTESIAN_POINT('Ctrl Pts',(-115.996031035291,103.357723138722,3.05569451512705E-11));
#5745=CARTESIAN_POINT('Ctrl Pts',(-116.124205541718,103.594829541951,1.15504432562783E-11));
#5746=CARTESIAN_POINT('Ctrl Pts',(-116.161614313894,103.664030974178,6.0032410936287E-12));
#5747=CARTESIAN_POINT('Ctrl Pts',(-116.199435647116,103.732933214729,3.52902043547177E-12));
#5748=CARTESIAN_POINT('Ctrl Pts',(-116.237654623721,103.801518038599,2.50680707104723E-12));
#5749=CARTESIAN_POINT('Ctrl Pts',(-116.260756735142,103.842975303642,1.88891279081087E-12));
#5750=CARTESIAN_POINT('Ctrl Pts',(-116.284005742453,103.884319496546,1.74668604303591E-12));
#5751=CARTESIAN_POINT('Ctrl Pts',(-116.30739927786,103.925548399974,1.82656715705314E-12));
#5752=CARTESIAN_POINT('Ctrl Pts',(-116.47372324841,104.218678737072,2.39450799302634E-12));
#5753=CARTESIAN_POINT('Ctrl Pts',(-116.647350741029,104.505982685602,3.96846201501236E-11));
#5754=CARTESIAN_POINT('Ctrl Pts',(-116.828225166599,104.788111378223,2.11466343093873E-11));
#5755=CARTESIAN_POINT('Ctrl Pts',(-116.859191301135,104.836412485604,1.79728867674136E-11));
#5756=CARTESIAN_POINT('Ctrl Pts',(-116.890368787693,104.884559498285,1.53942359428793E-11));
#5757=CARTESIAN_POINT('Ctrl Pts',(-116.921757262029,104.932555358687,1.32776689219053E-11));
#5758=CARTESIAN_POINT('Ctrl Pts',(-117.163167381462,105.301693605676,-3.00093996669299E-12));
#5759=CARTESIAN_POINT('Ctrl Pts',(-117.417054273355,105.661893519488,-5.3071895812845E-12));
#5760=CARTESIAN_POINT('Ctrl Pts',(-117.682881948586,106.013586428257,1.11692469963776E-11));
#5761=CARTESIAN_POINT('Ctrl Pts',(-117.843052521758,106.225493840567,2.10968825903958E-11));
#5762=CARTESIAN_POINT('Ctrl Pts',(-118.007559051026,106.434312162326,3.92039659528404E-11));
#5763=CARTESIAN_POINT('Ctrl Pts',(-118.176291504858,106.64013028818,1.28765573611874E-10));
#5764=CARTESIAN_POINT('Ctrl Pts',(-118.225588310099,106.700262028309,1.5493185656203E-10));
#5765=CARTESIAN_POINT('Ctrl Pts',(-118.275233770406,106.760123951617,1.76678079996298E-10));
#5766=CARTESIAN_POINT('Ctrl Pts',(-118.325224782581,106.819718522634,1.90881070630775E-10));
#5767=CARTESIAN_POINT('Ctrl Pts',(-118.577794366101,107.120808165083,2.62638838140921E-10));
#5768=CARTESIAN_POINT('Ctrl Pts',(-118.839182568359,107.415075339387,1.21486517999378E-10));
#5769=CARTESIAN_POINT('Ctrl Pts',(-119.109590859361,107.703319936665,6.13712241752778E-11));
#5770=CARTESIAN_POINT('Ctrl Pts',(-119.312424228122,107.919532325997,1.62787178946677E-11));
#5771=CARTESIAN_POINT('Ctrl Pts',(-119.520333196777,108.132355525777,4.0702456075691E-12));
#5772=CARTESIAN_POINT('Ctrl Pts',(-119.732374016744,108.341152819355,1.77010147876829E-11));
#5773=CARTESIAN_POINT('Ctrl Pts',(-119.803081702081,108.410778909916,2.22463666602356E-11));
#5774=CARTESIAN_POINT('Ctrl Pts',(-119.874307474006,108.480013100665,3.81452504716768E-11));
#5775=CARTESIAN_POINT('Ctrl Pts',(-119.945998926442,108.548812829165,7.88227992811766E-11));
#5776=CARTESIAN_POINT('Ctrl Pts',(-120.130021462499,108.725412689936,1.83236720859596E-10));
#5777=CARTESIAN_POINT('Ctrl Pts',(-120.317114493815,108.899146929305,5.51009939969679E-10));
#5778=CARTESIAN_POINT('Ctrl Pts',(-120.506807123122,109.069837576138,4.44194368309715E-10));
#5779=CARTESIAN_POINT('Ctrl Pts',(-120.530984367047,109.091592925406,4.30580206597552E-10));
#5780=CARTESIAN_POINT('Ctrl Pts',(-120.555203797317,109.113298886194,4.09338140837215E-10));
#5781=CARTESIAN_POINT('Ctrl Pts',(-120.579464401806,109.134955136724,3.81123942847403E-10));
#5782=CARTESIAN_POINT('Ctrl Pts',(-120.795611926988,109.327899420484,1.29752256162209E-10));
#5783=CARTESIAN_POINT('Ctrl Pts',(-121.014995999528,109.516836157918,9.6964842097415E-11));
#5784=CARTESIAN_POINT('Ctrl Pts',(-121.237646871816,109.702151177067,4.89054830236452E-11));
#5785=CARTESIAN_POINT('Ctrl Pts',(-121.312446632383,109.764407924231,3.2759898167951E-11));
#5786=CARTESIAN_POINT('Ctrl Pts',(-121.387615380595,109.826255575855,1.88651802471879E-11));
#5787=CARTESIAN_POINT('Ctrl Pts',(-121.463155085922,109.88770775897,9.56451753823829E-12));
#5788=CARTESIAN_POINT('Ctrl Pts',(-83.4631550859204,109.887707758969,9.56478562189955E-12));
#5789=CARTESIAN_POINT('Ctrl Pts',(-83.6880084972701,109.704787625132,3.72495294853381E-11));
#5790=CARTESIAN_POINT('Ctrl Pts',(-83.9095774649817,109.518366422533,7.52199566350209E-11));
#5791=CARTESIAN_POINT('Ctrl Pts',(-84.1279034662097,109.328071763457,1.99986757882961E-10));
#5792=CARTESIAN_POINT('Ctrl Pts',(-84.2012502816199,109.264142102518,2.41902276369E-10));
#5793=CARTESIAN_POINT('Ctrl Pts',(-84.2742308153945,109.199774941632,2.96675794708538E-10));
#5794=CARTESIAN_POINT('Ctrl Pts',(-84.3468457700369,109.134955136724,3.81124335979951E-10));
#5795=CARTESIAN_POINT('Ctrl Pts',(-84.5371924390465,108.96504201055,6.02490562990544E-10));
#5796=CARTESIAN_POINT('Ctrl Pts',(-84.7250018723643,108.792065515624,2.70371221576646E-10));
#5797=CARTESIAN_POINT('Ctrl Pts',(-84.909798995714,108.616198455911,1.26376401746194E-10));
#5798=CARTESIAN_POINT('Ctrl Pts',(-84.9333522840321,108.593783347451,1.08023564611583E-10));
#5799=CARTESIAN_POINT('Ctrl Pts',(-84.956856682021,108.571321336633,9.21308681405519E-11));
#5800=CARTESIAN_POINT('Ctrl Pts',(-84.9803112454006,108.548812829164,7.88228028661528E-11));
#5801=CARTESIAN_POINT('Ctrl Pts',(-85.0520026978366,108.480013100664,3.81452378911563E-11));
#5802=CARTESIAN_POINT('Ctrl Pts',(-85.1232284697616,108.410778909915,2.22463508037455E-11));
#5803=CARTESIAN_POINT('Ctrl Pts',(-85.1939361550985,108.341152819354,1.77009997527244E-11));
#5804=CARTESIAN_POINT('Ctrl Pts',(-85.4059769750636,108.132355525776,4.07023303626367E-12));
#5805=CARTESIAN_POINT('Ctrl Pts',(-85.6138859437215,107.919532325996,1.6278681142922E-11));
#5806=CARTESIAN_POINT('Ctrl Pts',(-85.8167193124822,107.703319936665,6.13711899841474E-11));
#5807=CARTESIAN_POINT('Ctrl Pts',(-86.0871276034862,107.415075339387,1.21486487222154E-10));
#5808=CARTESIAN_POINT('Ctrl Pts',(-86.3485158057426,107.120808165083,2.62638849177196E-10));
#5809=CARTESIAN_POINT('Ctrl Pts',(-86.601085389262,106.819718522633,1.9088107922107E-10));
#5810=CARTESIAN_POINT('Ctrl Pts',(-86.6510764014374,106.760123951617,1.76678088089776E-10));
#5811=CARTESIAN_POINT('Ctrl Pts',(-86.7007218617436,106.700262028309,1.54931917287087E-10));
#5812=CARTESIAN_POINT('Ctrl Pts',(-86.7500186669848,106.640130288179,1.28765633727664E-10));
#5813=CARTESIAN_POINT('Ctrl Pts',(-87.0300560985504,106.298543485969,-1.98756180873854E-11));
#5814=CARTESIAN_POINT('Ctrl Pts',(-87.2984555426044,105.948694414916,4.0345231259065E-12));
#5815=CARTESIAN_POINT('Ctrl Pts',(-87.5547061042466,105.590170633435,3.03568619095913E-12));
#5816=CARTESIAN_POINT('Ctrl Pts',(-87.7091061279972,105.374147378613,2.43385162134695E-12));
#5817=CARTESIAN_POINT('Ctrl Pts',(-87.8590947772609,105.154974204206,3.46941354448168E-12));
#5818=CARTESIAN_POINT('Ctrl Pts',(-88.004552909814,104.932555358687,1.32778517105447E-11));
#5819=CARTESIAN_POINT('Ctrl Pts',(-88.0359413841499,104.884559498285,1.53944188071647E-11));
#5820=CARTESIAN_POINT('Ctrl Pts',(-88.0671188707087,104.836412485604,1.79728381235025E-11));
#5821=CARTESIAN_POINT('Ctrl Pts',(-88.0980850052441,104.788111378223,2.11465858623856E-11));
#5822=CARTESIAN_POINT('Ctrl Pts',(-88.2789594308146,104.505982685601,3.9684572853714E-11));
#5823=CARTESIAN_POINT('Ctrl Pts',(-88.4525869234334,104.218678737072,2.39448296129929E-12));
#5824=CARTESIAN_POINT('Ctrl Pts',(-88.6189108939835,103.925548399975,1.8265403511554E-12));
#5825=CARTESIAN_POINT('Ctrl Pts',(-88.6423044293904,103.884319496546,1.74665900210519E-12));
#5826=CARTESIAN_POINT('Ctrl Pts',(-88.6655534367008,103.842975303642,1.88910299916381E-12));
#5827=CARTESIAN_POINT('Ctrl Pts',(-88.688655548122,103.801518038599,2.50699696261773E-12));
#5828=CARTESIAN_POINT('Ctrl Pts',(-88.8196060759707,103.566524334272,6.00931648411014E-12));
#5829=CARTESIAN_POINT('Ctrl Pts',(-88.9458851294995,103.327802071685,6.25024809267726E-11));
#5830=CARTESIAN_POINT('Ctrl Pts',(-89.0669076995482,103.086094635061,7.65698100468485E-11));
#5831=CARTESIAN_POINT('Ctrl Pts',(-89.1022291209229,103.015550353817,8.06754744635503E-11));
#5832=CARTESIAN_POINT('Ctrl Pts',(-89.1371030751185,102.944751969555,7.76055965152841E-11));
#5833=CARTESIAN_POINT('Ctrl Pts',(-89.1715157627163,102.873718362252,6.56464667424937E-11));
#5834=CARTESIAN_POINT('Ctrl Pts',(-89.1878893325898,102.839920544826,5.99563082390564E-11));
#5835=CARTESIAN_POINT('Ctrl Pts',(-89.2041584834145,102.806069478642,5.23764879876164E-11));
#5836=CARTESIAN_POINT('Ctrl Pts',(-89.2203217562715,102.772168952756,4.38621952186472E-11));
#5837=CARTESIAN_POINT('Ctrl Pts',(-89.34329648151,102.514244218507,-2.0916938507935E-11));
#5838=CARTESIAN_POINT('Ctrl Pts',(-89.4601666166511,102.253372469851,-1.2547250439745E-12));
#5839=CARTESIAN_POINT('Ctrl Pts',(-89.5705168084732,101.990639131809,5.91338902800718E-12));
#5840=CARTESIAN_POINT('Ctrl Pts',(-89.5991252934283,101.922525043157,7.77173544497829E-12));
#5841=CARTESIAN_POINT('Ctrl Pts',(-89.6272953110409,101.854285732073,1.07780482733488E-11));
#5842=CARTESIAN_POINT('Ctrl Pts',(-89.6550190697876,101.785939957511,1.59915788834021E-11));
#5843=CARTESIAN_POINT('Ctrl Pts',(-89.6651692718049,101.760917253152,1.7900352848659E-11));
#5844=CARTESIAN_POINT('Ctrl Pts',(-89.675259653392,101.735880277951,2.01072671146314E-11));
#5845=CARTESIAN_POINT('Ctrl Pts',(-89.6852905167626,101.710828549068,2.26673758547072E-11));
#5846=CARTESIAN_POINT('Ctrl Pts',(-89.8221669203406,101.368984539603,5.76014053766482E-11));
#5847=CARTESIAN_POINT('Ctrl Pts',(-89.947882158276,101.02463462544,-3.39501576493549E-13));
#5848=CARTESIAN_POINT('Ctrl Pts',(-90.0629511860934,100.677257147728,2.74414091222531E-12));
#5849=CARTESIAN_POINT('Ctrl Pts',(-90.0681907535726,100.661439618287,2.88455187430492E-12));
#5850=CARTESIAN_POINT('Ctrl Pts',(-90.0734082538221,100.64561581453,3.08851979944144E-12));
#5851=CARTESIAN_POINT('Ctrl Pts',(-90.0786036919686,100.629785772061,3.38307487092084E-12));
#5852=CARTESIAN_POINT('Ctrl Pts',(-90.1958815059596,100.272450601506,1.00321338928912E-11));
#5853=CARTESIAN_POINT('Ctrl Pts',(-90.3019559698901,99.9118609852061,4.11194497271741E-11));
#5854=CARTESIAN_POINT('Ctrl Pts',(-90.3969625703272,99.5482520654338,6.35805491470829E-11));
#5855=CARTESIAN_POINT('Ctrl Pts',(-90.4952379243609,99.1721329836436,8.68144348699664E-11));
#5856=CARTESIAN_POINT('Ctrl Pts',(-90.5816707386957,98.7927832631431,6.4114602869517E-11));
#5857=CARTESIAN_POINT('Ctrl Pts',(-90.6565393630497,98.4103290367942,2.11341524719118E-11));
#5858=CARTESIAN_POINT('Ctrl Pts',(-90.6572542508412,98.4066771484421,2.07237509248393E-11));
#5859=CARTESIAN_POINT('Ctrl Pts',(-90.657968082506,98.4030249796824,2.03231662354429E-11));
#5860=CARTESIAN_POINT('Ctrl Pts',(-90.658680858292,98.3993725306079,1.99323301934773E-11));
#5861=CARTESIAN_POINT('Ctrl Pts',(-90.7313740904817,98.026873444901,-1.99275187423955E-11));
#5862=CARTESIAN_POINT('Ctrl Pts',(-90.7930855701701,97.6514589845983,-8.33792265965407E-12));
#5863=CARTESIAN_POINT('Ctrl Pts',(-90.8440318507519,97.2727027613317,8.50541885888407E-12));
#5864=CARTESIAN_POINT('Ctrl Pts',(-90.8458998663454,97.2588151423905,9.12311421225371E-12));
#5865=CARTESIAN_POINT('Ctrl Pts',(-90.847753397048,97.2449232059946,9.74527401477967E-12));
#5866=CARTESIAN_POINT('Ctrl Pts',(-90.8495924567639,97.2310269110915,1.03643955569311E-11));
#5867=CARTESIAN_POINT('Ctrl Pts',(-90.8922014668366,96.9090648973608,2.47089892494252E-11));
#5868=CARTESIAN_POINT('Ctrl Pts',(-90.9270468187215,96.5847638172569,2.4600015501365E-11));
#5869=CARTESIAN_POINT('Ctrl Pts',(-90.9541839389285,96.2599559359909,1.52703588759866E-11));
#5870=CARTESIAN_POINT('Ctrl Pts',(-90.9581328267485,96.2126911607903,1.39127436562488E-11));
#5871=CARTESIAN_POINT('Ctrl Pts',(-90.9619184032655,96.1654156538165,1.25065881333643E-11));
#5872=CARTESIAN_POINT('Ctrl Pts',(-90.9655407474664,96.1181350701331,1.11426409060842E-11));
#5873=CARTESIAN_POINT('Ctrl Pts',(-90.9673974251786,96.0939008170983,1.04435327382712E-11));
#5874=CARTESIAN_POINT('Ctrl Pts',(-90.9692112367334,96.0696648625721,9.79922158953615E-12));
#5875=CARTESIAN_POINT('Ctrl Pts',(-90.9709821786208,96.045428096666,9.20376522466698E-12));
#5876=CARTESIAN_POINT('Ctrl Pts',(-90.9854501220332,95.8474226397276,4.33910589013116E-12));
#5877=CARTESIAN_POINT('Ctrl Pts',(-90.9970566830408,95.6493630712735,2.59586485721245E-12));
#5878=CARTESIAN_POINT('Ctrl Pts',(-91.0059099559308,95.4511906568684,1.67443963646916E-12));
#5879=CARTESIAN_POINT('Ctrl Pts',(-91.0147537150414,95.2532311997103,7.54004582798372E-13));
#5880=CARTESIAN_POINT('Ctrl Pts',(-91.0208501271653,95.0551590925993,6.44281612607379E-13));
#5881=CARTESIAN_POINT('Ctrl Pts',(-91.0242677248147,94.8569996280448,8.20788317621769E-13));
#5882=CARTESIAN_POINT('Ctrl Pts',(-91.0276819203033,94.6590374278939,9.97119312925388E-13));
#5883=CARTESIAN_POINT('Ctrl Pts',(-91.0284226281453,94.4609880564779,1.44947036875015E-12));
#5884=CARTESIAN_POINT('Ctrl Pts',(-91.02657627921,94.2628537045415,3.58871665885933E-12));
#5885=CARTESIAN_POINT('Ctrl Pts',(-91.0256537487149,94.163855634194,4.6576769299052E-12));
#5886=CARTESIAN_POINT('Ctrl Pts',(-91.0240853803535,94.064836346813,6.17819207383247E-12));
#5887=CARTESIAN_POINT('Ctrl Pts',(-91.021867304338,93.9657972690867,8.51054016920971E-12));
#5888=CARTESIAN_POINT('Ctrl Pts',(-91.0207586341941,93.916294155678,9.6766604685952E-12));
#5889=CARTESIAN_POINT('Ctrl Pts',(-91.0194876434425,93.8667860986099,1.10471167310231E-11));
#5890=CARTESIAN_POINT('Ctrl Pts',(-91.0180731895962,93.8172731175324,1.26862119138883E-11));
#5891=CARTESIAN_POINT('Ctrl Pts',(-91.0178778767422,93.810436187741,1.29125440482668E-11));
#5892=CARTESIAN_POINT('Ctrl Pts',(-91.0176798285021,93.8035991640536,1.31438985500042E-11));
#5893=CARTESIAN_POINT('Ctrl Pts',(-91.0174795743194,93.7967620453332,1.33806296290062E-11));
#5894=CARTESIAN_POINT('Ctrl Pts',(-82.4631550859216,10.351489381579,1.));
#5895=CARTESIAN_POINT('Ctrl Pts',(-82.4631550859216,10.5921177768194,1.));
#5896=CARTESIAN_POINT('Ctrl Pts',(-82.6512084924295,10.7422441932048,1.));
#5897=CARTESIAN_POINT('Ctrl Pts',(-82.4631550859216,10.3514893687087,0.930290370023771));
#5898=CARTESIAN_POINT('Ctrl Pts',(-82.4631551519491,10.5921177448943,0.922218500005256));
#5899=CARTESIAN_POINT('Ctrl Pts',(-82.6512085022847,10.7422442010871,0.930291659319637));
#5900=CARTESIAN_POINT('Ctrl Pts',(-82.4774319660349,10.3480538612364,0.793793687041106));
#5901=CARTESIAN_POINT('Ctrl Pts',(-82.4807275774801,10.5836194910375,0.770698048429956));
#5902=CARTESIAN_POINT('Ctrl Pts',(-82.662747617182,10.7331883316219,0.793797388516509));
#5903=CARTESIAN_POINT('Ctrl Pts',(-82.5617025080546,10.3277857234125,0.530319019426302));
#5904=CARTESIAN_POINT('Ctrl Pts',(-82.5810395724976,10.5351392451757,0.488217563262993));
#5905=CARTESIAN_POINT('Ctrl Pts',(-82.7308855326661,10.6797665550223,0.530325894092871));
#5906=CARTESIAN_POINT('Ctrl Pts',(-82.7586100792348,10.2804862570714,0.25474002108664));
#5907=CARTESIAN_POINT('Ctrl Pts',(-82.7971248671804,10.4308838859352,0.219351456993889));
#5908=CARTESIAN_POINT('Ctrl Pts',(-82.8902509587093,10.5551181086804,0.254746015324009));
#5909=CARTESIAN_POINT('Ctrl Pts',(-83.0883150614832,10.2015629333257,0.0468984012285692));
#5910=CARTESIAN_POINT('Ctrl Pts',(-83.1200482845159,10.2758370444466,0.0383963304322973));
#5911=CARTESIAN_POINT('Ctrl Pts',(-83.1578092629696,10.3472400343842,0.046899894923273));
#5912=CARTESIAN_POINT('Ctrl Pts',(-83.3391235519794,10.1417884075934,-6.50521303491303E-16));
#5913=CARTESIAN_POINT('Ctrl Pts',(-83.3505641675813,10.1658447662762,-1.38124515359384E-15));
#5914=CARTESIAN_POINT('Ctrl Pts',(-83.3620046749666,10.1899011764239,-2.11196848391059E-15));
#5915=CARTESIAN_POINT('Ctrl Pts',(-83.4631550859217,10.1122922383365,-6.50521303491303E-16));
#5916=CARTESIAN_POINT('Ctrl Pts',(-83.4631550859217,10.1122922383365,-6.50521303491303E-16));
#5917=CARTESIAN_POINT('Ctrl Pts',(-83.4631550859217,10.1122922383365,-6.50521303491303E-16));
#5918=CARTESIAN_POINT('',(-82.6511785257737,10.7422201323694,1.));
#5919=CARTESIAN_POINT('Ctrl Pts',(-82.6511787238522,10.742219882423,1.));
#5920=CARTESIAN_POINT('Ctrl Pts',(-82.6511787238539,10.7422198824209,0.960719972885843));
#5921=CARTESIAN_POINT('Ctrl Pts',(-82.6530518290633,10.7407505196002,0.921565667326535));
#5922=CARTESIAN_POINT('Ctrl Pts',(-82.6567485336585,10.7378487650364,0.882803961163833));
#5923=CARTESIAN_POINT('Ctrl Pts',(-82.6606273997609,10.7348040215018,0.842132204945405));
#5924=CARTESIAN_POINT('Ctrl Pts',(-82.6665130341133,10.7301834688154,0.801892711624533));
#5925=CARTESIAN_POINT('Ctrl Pts',(-82.6743370563974,10.7240468578608,0.762338043790456));
#5926=CARTESIAN_POINT('Ctrl Pts',(-82.6829979503424,10.7172538638317,0.718552536707461));
#5927=CARTESIAN_POINT('Ctrl Pts',(-82.6940328434382,10.7086046579283,0.67560548015285));
#5928=CARTESIAN_POINT('Ctrl Pts',(-82.7073540880966,10.6981778093802,0.633776456688146));
#5929=CARTESIAN_POINT('Ctrl Pts',(-82.7096147694635,10.6964083214056,0.626677863698472));
#5930=CARTESIAN_POINT('Ctrl Pts',(-82.7119413326588,10.694587602283,0.619611358402382));
#5931=CARTESIAN_POINT('Ctrl Pts',(-82.7143333980629,10.6927159856849,0.612578189103559));
#5932=CARTESIAN_POINT('Ctrl Pts',(-82.7268589371314,10.6829156655182,0.575750501752054));
#5933=CARTESIAN_POINT('Ctrl Pts',(-82.7411786741619,10.6717201593172,0.539851495052151));
#5934=CARTESIAN_POINT('Ctrl Pts',(-82.7571672763176,10.6592209755836,0.505168966201978));
#5935=CARTESIAN_POINT('Ctrl Pts',(-82.7734014589415,10.6465298078753,0.469953723385305));
#5936=CARTESIAN_POINT('Ctrl Pts',(-82.7913558680766,10.632495034733,0.435992937260532));
#5937=CARTESIAN_POINT('Ctrl Pts',(-82.8108750493335,10.6172437430814,0.40355087728756));
#5938=CARTESIAN_POINT('Ctrl Pts',(-82.8308165139913,10.6016625007408,0.370406956758238));
#5939=CARTESIAN_POINT('Ctrl Pts',(-82.8523909309531,10.5848119158591,0.33884841696667));
#5940=CARTESIAN_POINT('Ctrl Pts',(-82.8754116904576,10.5668536908477,0.309114462512202));
#5941=CARTESIAN_POINT('Ctrl Pts',(-82.8809393610563,10.5625416197199,0.30197484117224));
#5942=CARTESIAN_POINT('Ctrl Pts',(-82.8865503391616,10.5581657882829,0.294940221081262));
#5943=CARTESIAN_POINT('Ctrl Pts',(-82.8922418913804,10.553728617659,0.288013539820649));
#5944=CARTESIAN_POINT('Ctrl Pts',(-82.9217102651245,10.5307548844335,0.252150206875917));
#5945=CARTESIAN_POINT('Ctrl Pts',(-82.9533377390373,10.5061354061244,0.219185087991689));
#5946=CARTESIAN_POINT('Ctrl Pts',(-82.9867691317674,10.4801508783557,0.189417201805209));
#5947=CARTESIAN_POINT('Ctrl Pts',(-83.0185470726254,10.4554514949551,0.161121577559446));
#5948=CARTESIAN_POINT('Ctrl Pts',(-83.0519555304853,10.4295180601345,0.135713976130861));
#5949=CARTESIAN_POINT('Ctrl Pts',(-83.0866724501465,10.4026092831745,0.113414805701424));
#5950=CARTESIAN_POINT('Ctrl Pts',(-83.1089411041332,10.3853490466911,0.099111333062404));
#5951=CARTESIAN_POINT('Ctrl Pts',(-83.1317477430603,10.3676878988411,0.0860861863775849));
#5952=CARTESIAN_POINT('Ctrl Pts',(-83.1550015263609,10.3497003290456,0.0743897863430437));
#5953=CARTESIAN_POINT('Ctrl Pts',(-83.1857065416032,10.3259489851202,0.0589454976999));
#5954=CARTESIAN_POINT('Ctrl Pts',(-83.2171914861352,10.3016264066472,0.0458200210431636));
#5955=CARTESIAN_POINT('Ctrl Pts',(-83.2492005489787,10.2769285187205,0.0351119063574513));
#5956=CARTESIAN_POINT('Ctrl Pts',(-83.2804387283901,10.2528254371054,0.0246616782659134));
#5957=CARTESIAN_POINT('Ctrl Pts',(-83.3121758417007,10.2283652261101,0.0165142675087005));
#5958=CARTESIAN_POINT('Ctrl Pts',(-83.344157150844,10.2037469834646,0.0107183910542988));
#5959=CARTESIAN_POINT('Ctrl Pts',(-83.3752607497503,10.1798043755622,0.00508157938593754));
#5960=CARTESIAN_POINT('Ctrl Pts',(-83.4065949351678,10.1557127715901,0.0016693319222252));
#5961=CARTESIAN_POINT('Ctrl Pts',(-83.4379137931542,10.1316656942811,0.000479394736036175));
#5962=CARTESIAN_POINT('Ctrl Pts',(-83.4463303305257,10.1252033537662,0.000159614531992992));
#5963=CARTESIAN_POINT('Ctrl Pts',(-83.4547457140466,10.1187442645779,4.51071964062265E-8));
#5964=CARTESIAN_POINT('Ctrl Pts',(-83.4631550859216,10.1122922383365,9.56244899681737E-12));
#5965=CARTESIAN_POINT('',(-82.4631550859216,10.3514893815791,1.));
#5966=CARTESIAN_POINT('Origin',(-82.9631550859216,10.3514893815791,1.));
#5967=CARTESIAN_POINT('Ctrl Pts',(-82.4631550859217,10.3514893815791,1.));
#5968=CARTESIAN_POINT('Ctrl Pts',(-82.4631550859217,10.3514893815791,0.968546968208496));
#5969=CARTESIAN_POINT('Ctrl Pts',(-82.4646124796011,10.3511386738963,0.937194931697005));
#5970=CARTESIAN_POINT('Ctrl Pts',(-82.4675412078947,10.3504340387435,0.90605744987294));
#5971=CARTESIAN_POINT('Ctrl Pts',(-82.4677293388288,10.3503887755247,0.904057290433611));
#5972=CARTESIAN_POINT('Ctrl Pts',(-82.4679235239798,10.3503420559749,0.902058012652552));
#5973=CARTESIAN_POINT('Ctrl Pts',(-82.4681237600618,10.3502938809208,0.900059645155002));
#5974=CARTESIAN_POINT('Ctrl Pts',(-82.4716685747138,10.3494410294458,0.864682193117215));
#5975=CARTESIAN_POINT('Ctrl Pts',(-82.4771107663061,10.3481332316529,0.829626649412937));
#5976=CARTESIAN_POINT('Ctrl Pts',(-82.4843966789529,10.3463849160306,0.794982974553588));
#5977=CARTESIAN_POINT('Ctrl Pts',(-82.4873385374512,10.3456789925011,0.780994776473468));
#5978=CARTESIAN_POINT('Ctrl Pts',(-82.4905803471227,10.3449014002313,0.76707365118592));
#5979=CARTESIAN_POINT('Ctrl Pts',(-82.4941098889751,10.3440551845444,0.75324910787465));
#5980=CARTESIAN_POINT('Ctrl Pts',(-82.5019299791086,10.3421803001485,0.722619303988911));
#5981=CARTESIAN_POINT('Ctrl Pts',(-82.5111734687855,10.3399572672349,0.692401433912813));
#5982=CARTESIAN_POINT('Ctrl Pts',(-82.5217985564552,10.3373999536191,0.662702014966058));
#5983=CARTESIAN_POINT('Ctrl Pts',(-82.5278458764806,10.3359444462087,0.645798447059287));
#5984=CARTESIAN_POINT('Ctrl Pts',(-82.5343416392216,10.3343804370323,0.629063052999692));
#5985=CARTESIAN_POINT('Ctrl Pts',(-82.5412846611644,10.3327088828048,0.612518977313265));
#5986=CARTESIAN_POINT('Ctrl Pts',(-82.5430733297474,10.3322782552544,0.608256875211711));
#5987=CARTESIAN_POINT('Ctrl Pts',(-82.544891849562,10.3318405141123,0.604007150756436));
#5988=CARTESIAN_POINT('Ctrl Pts',(-82.5467400552064,10.331395696582,0.599770701506114));
#5989=CARTESIAN_POINT('Ctrl Pts',(-82.5643118801593,10.3271665915573,0.5594926378205));
#5990=CARTESIAN_POINT('Ctrl Pts',(-82.5845714270719,10.3222967482515,0.520414605178725));
#5991=CARTESIAN_POINT('Ctrl Pts',(-82.6072807036896,10.3168416532198,0.48287039166798));
#5992=CARTESIAN_POINT('Ctrl Pts',(-82.6162652105986,10.3146834453726,0.468016715288888));
#5993=CARTESIAN_POINT('Ctrl Pts',(-82.6256325876275,10.3124337749285,0.453403110406472));
#5994=CARTESIAN_POINT('Ctrl Pts',(-82.6353659525181,10.3100966229517,0.439050116701607));
#5995=CARTESIAN_POINT('Ctrl Pts',(-82.6645234292247,10.3030954003439,0.396053980799436));
#5996=CARTESIAN_POINT('Ctrl Pts',(-82.6969639923285,10.2953095089825,0.355402113378535));
#5997=CARTESIAN_POINT('Ctrl Pts',(-82.7322310702359,10.286852412808,0.31758805713184));
#5998=CARTESIAN_POINT('Ctrl Pts',(-82.7416238965231,10.28459999951,0.307516883600782));
#5999=CARTESIAN_POINT('Ctrl Pts',(-82.7512169437892,10.2823000363509,0.297647071741479));
#6000=CARTESIAN_POINT('Ctrl Pts',(-82.7610010016758,10.2799547962322,0.287988075471679));
#6001=CARTESIAN_POINT('Ctrl Pts',(-82.7653563314332,10.2789108230469,0.283688416335487));
#6002=CARTESIAN_POINT('Ctrl Pts',(-82.7697497079658,10.2778577823754,0.279430334242647));
#6003=CARTESIAN_POINT('Ctrl Pts',(-82.774180306044,10.2767958787594,0.275214685120523));
#6004=CARTESIAN_POINT('Ctrl Pts',(-82.8131345375982,10.2674595231219,0.238150304836817));
#6005=CARTESIAN_POINT('Ctrl Pts',(-82.8549702008692,10.2574370721175,0.204366968673625));
#6006=CARTESIAN_POINT('Ctrl Pts',(-82.8991698925671,10.2468561964678,0.174181019794653));
#6007=CARTESIAN_POINT('Ctrl Pts',(-82.9451406777504,10.2358513422967,0.142785511858726));
#6008=CARTESIAN_POINT('Ctrl Pts',(-82.9936684788597,10.2242424964076,0.115281790836371));
#6009=CARTESIAN_POINT('Ctrl Pts',(-83.0441182781056,10.2121855647342,0.0920109033844779));
#6010=CARTESIAN_POINT('Ctrl Pts',(-83.0575019228379,10.2089870249483,0.0858374538382752));
#6011=CARTESIAN_POINT('Ctrl Pts',(-83.0710205668048,10.2057570107631,0.0799618039636092));
#6012=CARTESIAN_POINT('Ctrl Pts',(-83.0846618060593,10.2024985572305,0.0743901075478636));
#6013=CARTESIAN_POINT('Ctrl Pts',(-83.0884540954032,10.2015927012171,0.0728411658021075));
#6014=CARTESIAN_POINT('Ctrl Pts',(-83.0922558791441,10.2006846453449,0.0713157060500632));
#6015=CARTESIAN_POINT('Ctrl Pts',(-83.0960668778139,10.1997744572838,0.0698138638950651));
#6016=CARTESIAN_POINT('Ctrl Pts',(-83.1455085976841,10.1879661972856,0.0503298216397204));
#6017=CARTESIAN_POINT('Ctrl Pts',(-83.1965043185473,10.1757983003553,0.0348240665968897));
#6018=CARTESIAN_POINT('Ctrl Pts',(-83.2483261974223,10.1634442714423,0.0234306873491212));
#6019=CARTESIAN_POINT('Ctrl Pts',(-83.3026070598837,10.1505040354101,0.0114966844657142));
#6020=CARTESIAN_POINT('Ctrl Pts',(-83.3577932534828,10.137359835267,0.00407504027275334));
#6021=CARTESIAN_POINT('Ctrl Pts',(-83.4130173065891,10.1242191423641,0.0012732731011963));
#6022=CARTESIAN_POINT('Ctrl Pts',(-83.4297346839382,10.120241203232,0.000425124578646672));
#6023=CARTESIAN_POINT('Ctrl Pts',(-83.4464553895633,10.1162636241178,-3.67171328025522E-16));
#6024=CARTESIAN_POINT('Ctrl Pts',(-83.4631550859217,10.1122922383365,-6.66133814775094E-16));
#6025=CARTESIAN_POINT('Origin',(-102.463155085922,141.001,12.5));
#6026=CARTESIAN_POINT('',(-102.463155085922,103.,6.75));
#6027=CARTESIAN_POINT('',(-102.463155085922,103.,18.25));
#6028=CARTESIAN_POINT('Ctrl Pts',(-102.463155085922,103.,6.74999999999999));
#6029=CARTESIAN_POINT('Ctrl Pts',(-103.19121195766,103.,6.74999999999999));
#6030=CARTESIAN_POINT('Ctrl Pts',(-103.963969427171,103.051348882933,6.89667030913058));
#6031=CARTESIAN_POINT('Ctrl Pts',(-105.379067064221,103.236746267026,7.48530121952826));
#6032=CARTESIAN_POINT('Ctrl Pts',(-106.021840548187,103.368445817414,7.92695747861997));
#6033=CARTESIAN_POINT('Ctrl Pts',(-107.036447941077,103.61836093032,8.94156487150963));
#6034=CARTESIAN_POINT('Ctrl Pts',(-107.477911662513,103.753518852356,9.5842389701202));
#6035=CARTESIAN_POINT('Ctrl Pts',(-108.066398748967,103.946975409767,10.9989668405277));
#6036=CARTESIAN_POINT('Ctrl Pts',(-108.213155085922,104.001953244224,11.771583773095));
#6037=CARTESIAN_POINT('Ctrl Pts',(-108.213155085922,104.001953244224,12.5));
#6038=CARTESIAN_POINT('Ctrl Pts',(-108.213155085922,104.001953244224,13.228416226905));
#6039=CARTESIAN_POINT('Ctrl Pts',(-108.066398748967,103.946975409767,14.0010331594723));
#6040=CARTESIAN_POINT('Ctrl Pts',(-107.477911662513,103.753518852356,15.4157610298798));
#6041=CARTESIAN_POINT('Ctrl Pts',(-107.036447941077,103.61836093032,16.0584351284904));
#6042=CARTESIAN_POINT('Ctrl Pts',(-106.021840548187,103.368445817414,17.07304252138));
#6043=CARTESIAN_POINT('Ctrl Pts',(-105.379067064221,103.236746267026,17.5146987804717));
#6044=CARTESIAN_POINT('Ctrl Pts',(-103.963969427171,103.051348882933,18.1033296908694));
#6045=CARTESIAN_POINT('Ctrl Pts',(-103.19121195766,103.,18.25));
#6046=CARTESIAN_POINT('Ctrl Pts',(-102.463155085922,103.,18.25));
#6047=CARTESIAN_POINT('',(-102.463155085922,17.,18.25));
#6048=CARTESIAN_POINT('',(-102.463155085922,141.001,18.25));
#6049=CARTESIAN_POINT('',(-102.463155085922,17.,6.75));
#6050=CARTESIAN_POINT('Ctrl Pts',(-102.463155085922,17.,18.25));
#6051=CARTESIAN_POINT('Ctrl Pts',(-103.19121195766,17.,18.25));
#6052=CARTESIAN_POINT('Ctrl Pts',(-103.963969427171,16.9486511170668,18.1033296908694));
#6053=CARTESIAN_POINT('Ctrl Pts',(-105.379067064221,16.7632537329741,17.5146987804717));
#6054=CARTESIAN_POINT('Ctrl Pts',(-106.021840548187,16.6315541825863,17.07304252138));
#6055=CARTESIAN_POINT('Ctrl Pts',(-107.036447941077,16.3816390696799,16.0584351284904));
#6056=CARTESIAN_POINT('Ctrl Pts',(-107.477911662513,16.2464811476437,15.4157610298798));
#6057=CARTESIAN_POINT('Ctrl Pts',(-108.066398748967,16.0530245902331,14.0010331594723));
#6058=CARTESIAN_POINT('Ctrl Pts',(-108.213155085922,15.9980467557761,13.228416226905));
#6059=CARTESIAN_POINT('Ctrl Pts',(-108.213155085922,15.9980467557761,12.5));
#6060=CARTESIAN_POINT('Ctrl Pts',(-108.213155085922,15.9980467557761,11.771583773095));
#6061=CARTESIAN_POINT('Ctrl Pts',(-108.066398748967,16.0530245902331,10.9989668405277));
#6062=CARTESIAN_POINT('Ctrl Pts',(-107.477911662513,16.2464811476437,9.58423897012019));
#6063=CARTESIAN_POINT('Ctrl Pts',(-107.036447941077,16.3816390696799,8.94156487150963));
#6064=CARTESIAN_POINT('Ctrl Pts',(-106.021840548187,16.6315541825863,7.92695747861997));
#6065=CARTESIAN_POINT('Ctrl Pts',(-105.379067064221,16.7632537329741,7.48530121952826));
#6066=CARTESIAN_POINT('Ctrl Pts',(-103.963969427171,16.9486511170668,6.89667030913058));
#6067=CARTESIAN_POINT('Ctrl Pts',(-103.19121195766,17.,6.74999999999999));
#6068=CARTESIAN_POINT('Ctrl Pts',(-102.463155085922,17.,6.75));
#6069=CARTESIAN_POINT('Ctrl Pts',(-102.463155085922,17.,6.75));
#6070=CARTESIAN_POINT('Ctrl Pts',(-101.735098214183,17.,6.75));
#6071=CARTESIAN_POINT('Ctrl Pts',(-100.962340744673,16.9486511170668,6.8966703091306));
#6072=CARTESIAN_POINT('Ctrl Pts',(-99.5472431076224,16.763253732974,7.48530121952829));
#6073=CARTESIAN_POINT('Ctrl Pts',(-98.9044696236564,16.6315541825863,7.92695747861997));
#6074=CARTESIAN_POINT('Ctrl Pts',(-97.8898622307667,16.3816390696799,8.94156487150963));
#6075=CARTESIAN_POINT('Ctrl Pts',(-97.4483985093306,16.2464811476437,9.5842389701202));
#6076=CARTESIAN_POINT('Ctrl Pts',(-96.8599114228762,16.0530245902331,10.9989668405277));
#6077=CARTESIAN_POINT('Ctrl Pts',(-96.7131550859216,15.9980467557761,11.771583773095));
#6078=CARTESIAN_POINT('Ctrl Pts',(-96.7131550859216,15.9980467557761,13.228416226905));
#6079=CARTESIAN_POINT('Ctrl Pts',(-96.8599114228762,16.0530245902331,14.0010331594723));
#6080=CARTESIAN_POINT('Ctrl Pts',(-97.4483985093306,16.2464811476437,15.4157610298798));
#6081=CARTESIAN_POINT('Ctrl Pts',(-97.8898622307667,16.3816390696799,16.0584351284904));
#6082=CARTESIAN_POINT('Ctrl Pts',(-98.9044696236564,16.6315541825863,17.07304252138));
#6083=CARTESIAN_POINT('Ctrl Pts',(-99.5472431076224,16.763253732974,17.5146987804717));
#6084=CARTESIAN_POINT('Ctrl Pts',(-100.962340744673,16.9486511170668,18.1033296908694));
#6085=CARTESIAN_POINT('Ctrl Pts',(-101.735098214183,17.,18.25));
#6086=CARTESIAN_POINT('Ctrl Pts',(-102.463155085922,17.,18.25));
#6087=CARTESIAN_POINT('Ctrl Pts',(-102.463155085922,103.,18.25));
#6088=CARTESIAN_POINT('Ctrl Pts',(-101.735098214183,103.,18.25));
#6089=CARTESIAN_POINT('Ctrl Pts',(-100.962340744673,103.051348882933,18.1033296908694));
#6090=CARTESIAN_POINT('Ctrl Pts',(-99.5472431076224,103.236746267026,17.5146987804717));
#6091=CARTESIAN_POINT('Ctrl Pts',(-98.9044696236564,103.368445817414,17.07304252138));
#6092=CARTESIAN_POINT('Ctrl Pts',(-97.8898622307667,103.61836093032,16.0584351284904));
#6093=CARTESIAN_POINT('Ctrl Pts',(-97.4483985093306,103.753518852356,15.4157610298798));
#6094=CARTESIAN_POINT('Ctrl Pts',(-96.8599114228762,103.946975409767,14.0010331594723));
#6095=CARTESIAN_POINT('Ctrl Pts',(-96.7131550859216,104.001953244224,13.228416226905));
#6096=CARTESIAN_POINT('Ctrl Pts',(-96.7131550859216,104.001953244224,11.771583773095));
#6097=CARTESIAN_POINT('Ctrl Pts',(-96.8599114228762,103.946975409767,10.9989668405277));
#6098=CARTESIAN_POINT('Ctrl Pts',(-97.4483985093306,103.753518852356,9.5842389701202));
#6099=CARTESIAN_POINT('Ctrl Pts',(-97.8898622307667,103.61836093032,8.94156487150963));
#6100=CARTESIAN_POINT('Ctrl Pts',(-98.9044696236564,103.368445817414,7.92695747861997));
#6101=CARTESIAN_POINT('Ctrl Pts',(-99.5472431076224,103.236746267026,7.48530121952828));
#6102=CARTESIAN_POINT('Ctrl Pts',(-100.962340744673,103.051348882933,6.89667030913059));
#6103=CARTESIAN_POINT('Ctrl Pts',(-101.735098214183,103.,6.75));
#6104=CARTESIAN_POINT('Ctrl Pts',(-102.463155085922,103.,6.75));
#6105=CARTESIAN_POINT('Origin',(-102.463155085922,0.,6.3));
#6106=CARTESIAN_POINT('',(-119.463155085922,-2.0818995585505E-15,6.3));
#6107=CARTESIAN_POINT('Origin',(-118.963155085922,-2.02066721859313E-15,
6.3));
#6108=CARTESIAN_POINT('',(-85.4631550859216,0.,6.3));
#6109=CARTESIAN_POINT('Origin',(-102.463155085922,0.,6.3));
#6110=CARTESIAN_POINT('Origin',(-102.463155085922,0.,6.3));
#6111=CARTESIAN_POINT('Origin',(-121.463155085922,120.,1.));
#6112=CARTESIAN_POINT('',(-122.463155085922,-6.43249059870654E-15,1.));
#6113=CARTESIAN_POINT('Origin',(-121.463155085922,-6.20119413524297E-15,
1.));
#6114=CARTESIAN_POINT('',(-122.463155085922,10.3514893855816,1.));
#6115=CARTESIAN_POINT('Origin',(-83.4631550859216,120.,1.));
#6116=CARTESIAN_POINT('',(-82.4631550859216,-1.00988238923566E-14,1.));
#6117=CARTESIAN_POINT('',(-82.4631550859216,-1.38777878078145E-14,1.));
#6118=CARTESIAN_POINT('Origin',(-83.4631550859216,-1.00988238923566E-14,
1.));
#6119=CARTESIAN_POINT('Origin',(-102.463155085922,0.,1.));
#6120=CARTESIAN_POINT('Origin',(-102.463155085922,0.,1.));
#6121=CARTESIAN_POINT('Origin',(-102.463155085922,31.2707268979996,21.6487265473627));
#6122=CARTESIAN_POINT('',(-111.8123152023,31.2707268979996,21.6487265473627));
#6123=CARTESIAN_POINT('',(-93.1139949695436,31.2707268979996,21.6487265473627));
#6124=CARTESIAN_POINT('Origin',(-102.463155085922,31.2707268979996,21.6487265473627));
#6125=CARTESIAN_POINT('',(-93.1139949695436,88.7292731017861,21.6487265473627));
#6126=CARTESIAN_POINT('',(-93.1139949695436,31.2707268979996,21.6487265473627));
#6127=CARTESIAN_POINT('',(-111.8123152023,88.7292731017861,21.6487265473627));
#6128=CARTESIAN_POINT('Origin',(-102.463155085922,88.7292731017861,21.6487265473627));
#6129=CARTESIAN_POINT('',(-111.8123152023,88.7292731017861,21.6487265473627));
#6130=CARTESIAN_POINT('Origin',(-121.963155085922,10.3514893855815,15.27944079272));
#6131=CARTESIAN_POINT('',(-122.275131713344,10.7422202186908,15.279440792728));
#6132=CARTESIAN_POINT('',(-122.275131713344,10.7422202186907,15.279440792728));
#6133=CARTESIAN_POINT('',(-122.463155085922,10.3514893855815,15.2794407927279));
#6134=CARTESIAN_POINT('',(-122.463155085922,10.3514893855816,15.2794407927279));
#6135=CARTESIAN_POINT('Origin',(-121.963155085922,10.3514893855816,15.2794407927278));
#6136=CARTESIAN_POINT('Ctrl Pts',(-122.360066367344,10.6746977947479,1.));
#6137=CARTESIAN_POINT('Ctrl Pts',(-122.360066367344,10.6746977947479,-1.30104260698261E-15));
#6138=CARTESIAN_POINT('Ctrl Pts',(-121.739414299031,9.89061169609615,-1.30104260698261E-15));
#6139=CARTESIAN_POINT('Ctrl Pts',(-121.762067022175,11.1480508245581,1.));
#6140=CARTESIAN_POINT('Ctrl Pts',(-121.762067021864,11.1480508241734,-1.30104260698261E-15));
#6141=CARTESIAN_POINT('Ctrl Pts',(-121.118254868511,10.3822973482337,-1.30104260698261E-15));
#6142=CARTESIAN_POINT('Ctrl Pts',(-120.898723877044,11.8959559915862,1.00000000000001));
#6143=CARTESIAN_POINT('Ctrl Pts',(-120.898723877114,11.8959559916727,4.78535377849848E-14));
#6144=CARTESIAN_POINT('Ctrl Pts',(-120.218831376477,11.1612385159915,1.49466053220976E-14));
#6145=CARTESIAN_POINT('Ctrl Pts',(-119.829891015613,12.9755144644151,0.999999999999994));
#6146=CARTESIAN_POINT('Ctrl Pts',(-119.8298910156,12.9755144643992,-3.76888520158723E-14));
#6147=CARTESIAN_POINT('Ctrl Pts',(-119.100500116607,12.2907043624645,-1.14669019313424E-14));
#6148=CARTESIAN_POINT('Ctrl Pts',(-118.833345745717,14.0975127634195,1.00000000000001));
#6149=CARTESIAN_POINT('Ctrl Pts',(-118.833345745724,14.0975127634288,3.95016962321002E-14));
#6150=CARTESIAN_POINT('Ctrl Pts',(-118.054830159844,13.4679151891784,5.28254893860635E-15));
#6151=CARTESIAN_POINT('Ctrl Pts',(-117.942993582905,15.2909265409927,1.));
#6152=CARTESIAN_POINT('Ctrl Pts',(-117.942993582903,15.2909265409913,-8.66263093278415E-15));
#6153=CARTESIAN_POINT('Ctrl Pts',(-117.116706184016,14.7250032787389,-1.51857570073557E-15));
#6154=CARTESIAN_POINT('Ctrl Pts',(-117.167467829137,16.5607645530892,1.));
#6155=CARTESIAN_POINT('Ctrl Pts',(-117.167467829137,16.5607645530895,7.30530949907889E-16));
#6156=CARTESIAN_POINT('Ctrl Pts',(-116.297315488507,16.0665909309196,-6.14693668838251E-16));
#6157=CARTESIAN_POINT('Ctrl Pts',(-116.643784618307,17.556422531096,1.));
#6158=CARTESIAN_POINT('Ctrl Pts',(-116.643784618307,17.556422531096,7.90131448514357E-16));
#6159=CARTESIAN_POINT('Ctrl Pts',(-115.743265237829,17.1199400321629,1.14929465414903E-15));
#6160=CARTESIAN_POINT('Ctrl Pts',(-116.185742230873,18.5872795827733,0.999999999999997));
#6161=CARTESIAN_POINT('Ctrl Pts',(-116.185742230873,18.5872795827733,-6.49314195793053E-15));
#6162=CARTESIAN_POINT('Ctrl Pts',(-115.258328150608,18.2113087959795,-6.58457016172309E-15));
#6163=CARTESIAN_POINT('Ctrl Pts',(-115.801115271262,19.6337327020205,0.999999999999996));
#6164=CARTESIAN_POINT('Ctrl Pts',(-115.801115271262,19.6337327020204,-6.04258618437475E-15));
#6165=CARTESIAN_POINT('Ctrl Pts',(-114.851137334996,19.3191722908017,-6.03603657483919E-15));
#6166=CARTESIAN_POINT('Ctrl Pts',(-115.485501008235,20.7011852438874,1.));
#6167=CARTESIAN_POINT('Ctrl Pts',(-115.485501008235,20.7011852438874,2.0405493418122E-15));
#6168=CARTESIAN_POINT('Ctrl Pts',(-114.517263090578,20.4484547379995,2.10577910746255E-15));
#6169=CARTESIAN_POINT('Ctrl Pts',(-115.238013213988,21.7887929418437,1.));
#6170=CARTESIAN_POINT('Ctrl Pts',(-115.238013213988,21.7887929418437,4.82474031091169E-16));
#6171=CARTESIAN_POINT('Ctrl Pts',(-114.25583045769,21.5974792628533,2.1500535895421E-16));
#6172=CARTESIAN_POINT('Ctrl Pts',(-115.057142787519,22.8963889478353,1.));
#6173=CARTESIAN_POINT('Ctrl Pts',(-115.057142787519,22.8963889478353,-6.73176452290596E-17));
#6174=CARTESIAN_POINT('Ctrl Pts',(-114.065153786307,22.7653857741502,9.37327277668421E-16));
#6175=CARTESIAN_POINT('Ctrl Pts',(-114.960998470349,23.8386858565809,1.));
#6176=CARTESIAN_POINT('Ctrl Pts',(-114.960998470349,23.838685856581,6.31632388556238E-15));
#6177=CARTESIAN_POINT('Ctrl Pts',(-113.964053643903,23.7565747863138,1.18943451153017E-15));
#6178=CARTESIAN_POINT('Ctrl Pts',(-114.916780278311,24.593267417842,1.00000000000001));
#6179=CARTESIAN_POINT('Ctrl Pts',(-114.916780278311,24.5932674178419,6.85867703279E-15));
#6180=CARTESIAN_POINT('Ctrl Pts',(-113.917643830865,24.5488030024777,1.58861489214685E-14));
#6181=CARTESIAN_POINT('Ctrl Pts',(-114.899344185243,25.1602934642807,1.));
#6182=CARTESIAN_POINT('Ctrl Pts',(-114.899344185244,25.1602934642809,3.63696804735313E-14));
#6183=CARTESIAN_POINT('Ctrl Pts',(-113.899363823741,25.1430117179748,1.84809197717204E-15));
#6184=CARTESIAN_POINT('Ctrl Pts',(-114.897555320458,25.6325845526773,0.999999999999992));
#6185=CARTESIAN_POINT('Ctrl Pts',(-114.897555320455,25.6325845526765,-1.14381005991931E-13));
#6186=CARTESIAN_POINT('Ctrl Pts',(-113.897517206825,25.6381288062255,-1.25855356606888E-14));
#6187=CARTESIAN_POINT('Ctrl Pts',(-114.902839580226,25.9652029730166,1.00000000000001));
#6188=CARTESIAN_POINT('Ctrl Pts',(-114.902839580231,25.9652029730178,1.26473808453244E-13));
#6189=CARTESIAN_POINT('Ctrl Pts',(-113.903005810921,25.98469527103,2.13408474553231E-14));
#6190=CARTESIAN_POINT('Ctrl Pts',(-114.907644628082,26.1527610390598,0.999999999999999));
#6191=CARTESIAN_POINT('Ctrl Pts',(-114.907644628073,26.1527610390578,-1.83411635882936E-13));
#6192=CARTESIAN_POINT('Ctrl Pts',(-113.908088689721,26.1827274212459,-2.70691836268547E-15));
#6193=CARTESIAN_POINT('Ctrl Pts',(-114.910744843617,26.2514695622125,1.));
#6194=CARTESIAN_POINT('Ctrl Pts',(-114.910744843636,26.251469562217,3.44985204677384E-13));
#6195=CARTESIAN_POINT('Ctrl Pts',(-113.911203156442,26.2817419192445,1.30104260698261E-15));
#6196=CARTESIAN_POINT('Ctrl Pts',(-114.91224423672,26.3009769695846,1.));
#6197=CARTESIAN_POINT('Ctrl Pts',(-114.91224423672,26.3009769695846,1.30104260698261E-15));
#6198=CARTESIAN_POINT('Ctrl Pts',(-113.912702549546,26.3312493266165,1.30104260698261E-15));
#6199=CARTESIAN_POINT('Ctrl Pts',(-114.90881949827,26.1882647830379,1.));
#6200=CARTESIAN_POINT('Ctrl Pts',(-114.90881949827,26.1882647830379,0.960619067738548));
#6201=CARTESIAN_POINT('Ctrl Pts',(-114.906491459205,26.188300217036,0.921383418162188));
#6202=CARTESIAN_POINT('Ctrl Pts',(-114.901897264433,26.188369999656,0.882540726052895));
#6203=CARTESIAN_POINT('Ctrl Pts',(-114.897073648364,26.1884432670257,0.841758338030278));
#6204=CARTESIAN_POINT('Ctrl Pts',(-114.88975369207,26.1885543462923,0.801408798123375));
#6205=CARTESIAN_POINT('Ctrl Pts',(-114.880016261687,26.1887017188253,0.761720055380665));
#6206=CARTESIAN_POINT('Ctrl Pts',(-114.869392713994,26.1888625024274,0.718419591619798));
#6207=CARTESIAN_POINT('Ctrl Pts',(-114.855893755254,26.1890664250031,0.675904185180711));
#6208=CARTESIAN_POINT('Ctrl Pts',(-114.83959785727,26.1893121574699,0.634414674225553));
#6209=CARTESIAN_POINT('Ctrl Pts',(-114.83734596058,26.1893461147351,0.628681323878889));
#6210=CARTESIAN_POINT('Ctrl Pts',(-114.835040592603,26.1893808721015,0.622967510436666));
#6211=CARTESIAN_POINT('Ctrl Pts',(-114.832681898373,26.1894164277938,0.617273828502259));
#6212=CARTESIAN_POINT('Ctrl Pts',(-114.817261988902,26.1896488723177,0.580051513350978));
#6213=CARTESIAN_POINT('Ctrl Pts',(-114.799566625099,26.1899153575588,0.543710046839834));
#6214=CARTESIAN_POINT('Ctrl Pts',(-114.779727934142,26.1902143957672,0.508553090124843));
#6215=CARTESIAN_POINT('Ctrl Pts',(-114.759677694825,26.1905166227466,0.473021239897602));
#6216=CARTESIAN_POINT('Ctrl Pts',(-114.737438567169,26.190852088399,0.43869965937453));
#6217=CARTESIAN_POINT('Ctrl Pts',(-114.713190811264,26.1912179343637,0.405871238401935));
#6218=CARTESIAN_POINT('Ctrl Pts',(-114.688639282583,26.1915883635997,0.37263154718145));
#6219=CARTESIAN_POINT('Ctrl Pts',(-114.662028833013,26.1919899279936,0.340922948295689));
#6220=CARTESIAN_POINT('Ctrl Pts',(-114.633585635068,26.1924184901736,0.311002992801185));
#6221=CARTESIAN_POINT('Ctrl Pts',(-114.627836367238,26.1925051161135,0.30495522567164));
#6222=CARTESIAN_POINT('Ctrl Pts',(-114.622012334925,26.1925928416364,0.298980413135009));
#6223=CARTESIAN_POINT('Ctrl Pts',(-114.616115577845,26.1926816274617,0.293080490888986));
#6224=CARTESIAN_POINT('Ctrl Pts',(-114.577974144406,26.1932559123779,0.254918584510607));
#6225=CARTESIAN_POINT('Ctrl Pts',(-114.536791684152,26.1938745517215,0.219896867974446));
#6226=CARTESIAN_POINT('Ctrl Pts',(-114.493035525027,26.1945308573053,0.188399737512582));
#6227=CARTESIAN_POINT('Ctrl Pts',(-114.455220660164,26.1950980484725,0.161179347153804));
#6228=CARTESIAN_POINT('Ctrl Pts',(-114.415482806109,26.1956933923914,0.136590741006639));
#6229=CARTESIAN_POINT('Ctrl Pts',(-114.374156815917,26.1963116129865,0.114864698392109));
#6230=CARTESIAN_POINT('Ctrl Pts',(-114.347470598569,26.1967108283252,0.100835127833071));
#6231=CARTESIAN_POINT('Ctrl Pts',(-114.320122842474,26.1971195628125,0.0879989974981059));
#6232=CARTESIAN_POINT('Ctrl Pts',(-114.292214722279,26.1975360813143,0.0764139550744156));
#6233=CARTESIAN_POINT('Ctrl Pts',(-114.257942026632,26.1980475887803,0.0621868903248973));
#6234=CARTESIAN_POINT('Ctrl Pts',(-114.222813240346,26.1985712100861,0.0498454033769002));
#6235=CARTESIAN_POINT('Ctrl Pts',(-114.187092466157,26.1991032298146,0.039496649169503));
#6236=CARTESIAN_POINT('Ctrl Pts',(-114.151729941692,26.1996299138268,0.0292516843797369));
#6237=CARTESIAN_POINT('Ctrl Pts',(-114.11578788417,26.2001648090387,0.0209601091170557));
#6238=CARTESIAN_POINT('Ctrl Pts',(-114.079545047632,26.2007037069272,0.0146804964678863));
#6239=CARTESIAN_POINT('Ctrl Pts',(-114.043676403636,26.2012370409142,0.00846571826429918));
#6240=CARTESIAN_POINT('Ctrl Pts',(-114.007513916282,26.2017742726032,0.00422180218776751));
#6241=CARTESIAN_POINT('Ctrl Pts',(-113.971339547398,26.2023110438776,0.00195593944133595));
#6242=CARTESIAN_POINT('Ctrl Pts',(-113.950488941312,26.2026204343866,0.000649914954201868));
#6243=CARTESIAN_POINT('Ctrl Pts',(-113.92963454945,26.2029296684754,1.07666683206344E-7));
#6244=CARTESIAN_POINT('Ctrl Pts',(-113.908830597524,26.2032379157772,1.33891459396115E-11));
#6245=CARTESIAN_POINT('Ctrl Pts',(-114.908830598668,26.1882644531964,1.00000000000001));
#6246=CARTESIAN_POINT('Ctrl Pts',(-114.720275736476,19.9625039390108,0.999999999999992));
#6247=CARTESIAN_POINT('Ctrl Pts',(-117.175709441368,14.8138225275089,0.999999999999981));
#6248=CARTESIAN_POINT('Ctrl Pts',(-122.275131713344,10.7422202186908,0.999999999999972));
#6249=CARTESIAN_POINT('Origin',(-113.908830597524,120.,1.));
#6250=CARTESIAN_POINT('Ctrl Pts',(-114.908819497126,93.8117352166894,1.));
#6251=CARTESIAN_POINT('Ctrl Pts',(-114.908819497126,93.8117352166894,0.960619067674946));
#6252=CARTESIAN_POINT('Ctrl Pts',(-114.906491458127,93.8116997802316,0.921383418034037));
#6253=CARTESIAN_POINT('Ctrl Pts',(-114.90189726345,93.8116299938897,0.882540725858665));
#6254=CARTESIAN_POINT('Ctrl Pts',(-114.897073647479,93.8115567226121,0.841758337754151));
#6255=CARTESIAN_POINT('Ctrl Pts',(-114.889753691314,93.8114456380461,0.801408797763896));
#6256=CARTESIAN_POINT('Ctrl Pts',(-114.880016261048,93.8112982602076,0.761720054935827));
#6257=CARTESIAN_POINT('Ctrl Pts',(-114.869392713489,93.8111374708172,0.718419591108267));
#6258=CARTESIAN_POINT('Ctrl Pts',(-114.855893754873,93.8109335424458,0.67590418459906));
#6259=CARTESIAN_POINT('Ctrl Pts',(-114.839597856944,93.8106878059779,0.634414673569937));
#6260=CARTESIAN_POINT('Ctrl Pts',(-114.837345960363,93.8106538481613,0.628681323468056));
#6261=CARTESIAN_POINT('Ctrl Pts',(-114.835040592497,93.8106190902779,0.622967510268806));
#6262=CARTESIAN_POINT('Ctrl Pts',(-114.832681898381,93.8105835341076,0.617273828575485));
#6263=CARTESIAN_POINT('Ctrl Pts',(-114.817261988983,93.8103510864491,0.580051513367054));
#6264=CARTESIAN_POINT('Ctrl Pts',(-114.799566625197,93.8100845997394,0.543710046804621));
#6265=CARTESIAN_POINT('Ctrl Pts',(-114.779727934223,93.8097855610763,0.508553090044422));
#6266=CARTESIAN_POINT('Ctrl Pts',(-114.759677694878,93.8094833336372,0.473021239750122));
#6267=CARTESIAN_POINT('Ctrl Pts',(-114.737438567155,93.8091478685608,0.438699659167647));
#6268=CARTESIAN_POINT('Ctrl Pts',(-114.713190811168,93.8087820235337,0.405871238143628));
#6269=CARTESIAN_POINT('Ctrl Pts',(-114.688639282385,93.8084115952468,0.372631546846944));
#6270=CARTESIAN_POINT('Ctrl Pts',(-114.662028832695,93.8080100321727,0.340922947895375));
#6271=CARTESIAN_POINT('Ctrl Pts',(-114.633585634632,93.8075814709809,0.311002992346038));
#6272=CARTESIAN_POINT('Ctrl Pts',(-114.62783636695,93.8074948452434,0.304955225386394));
#6273=CARTESIAN_POINT('Ctrl Pts',(-114.62201233479,93.8074071199093,0.298980413015746));
#6274=CARTESIAN_POINT('Ctrl Pts',(-114.616115577867,93.8073183342536,0.293080490931616));
#6275=CARTESIAN_POINT('Ctrl Pts',(-114.577974144747,93.8067440504234,0.254918584900204));
#6276=CARTESIAN_POINT('Ctrl Pts',(-114.536791684887,93.8061254113607,0.219896868649144));
#6277=CARTESIAN_POINT('Ctrl Pts',(-114.493035526206,93.8054691056777,0.188399738403624));
#6278=CARTESIAN_POINT('Ctrl Pts',(-114.455220661521,93.8049019144219,0.161179348083606));
#6279=CARTESIAN_POINT('Ctrl Pts',(-114.415482807659,93.8043065701302,0.136590741952552));
#6280=CARTESIAN_POINT('Ctrl Pts',(-114.374156817667,93.8036883491545,0.114864699330798));
#6281=CARTESIAN_POINT('Ctrl Pts',(-114.347470599772,93.8032891335599,0.100835128411773));
#6282=CARTESIAN_POINT('Ctrl Pts',(-114.320122843098,93.8028803988131,0.087998997767551));
#6283=CARTESIAN_POINT('Ctrl Pts',(-114.292214722298,93.8024638801231,0.0764139550893873));
#6284=CARTESIAN_POINT('Ctrl Pts',(-114.257942026629,93.8019523724366,0.0621868903266343));
#6285=CARTESIAN_POINT('Ctrl Pts',(-114.222813240317,93.8014287510175,0.0498454033689097));
#6286=CARTESIAN_POINT('Ctrl Pts',(-114.1870924661,93.8008967312373,0.0394966491551613));
#6287=CARTESIAN_POINT('Ctrl Pts',(-114.15172994161,93.8003700471741,0.0292516843597836));
#6288=CARTESIAN_POINT('Ctrl Pts',(-114.115787884061,93.7998351519716,0.0209601090945415));
#6289=CARTESIAN_POINT('Ctrl Pts',(-114.079545047496,93.7992962541089,0.0146804964457128));
#6290=CARTESIAN_POINT('Ctrl Pts',(-114.043676403476,93.7987629201474,0.00846571824313622));
#6291=CARTESIAN_POINT('Ctrl Pts',(-114.007513916099,93.7982256884998,0.00422180217002979));
#6292=CARTESIAN_POINT('Ctrl Pts',(-113.971339547193,93.7976889172397,0.00195593942928274));
#6293=CARTESIAN_POINT('Ctrl Pts',(-113.950488941176,93.7973795267402,0.000649914950478021));
#6294=CARTESIAN_POINT('Ctrl Pts',(-113.929634549382,93.7970702926518,1.07666958146984E-7));
#6295=CARTESIAN_POINT('Ctrl Pts',(-113.908830597524,93.796762045333,1.33891579483146E-11));
#6296=CARTESIAN_POINT('Ctrl Pts',(-121.739414299064,110.109388305248,1.30104260698261E-15));
#6297=CARTESIAN_POINT('Ctrl Pts',(-122.360066367339,109.325302206566,2.08166817117217E-14));
#6298=CARTESIAN_POINT('Ctrl Pts',(-122.360066367339,109.325302206566,1.));
#6299=CARTESIAN_POINT('Ctrl Pts',(-121.118254868448,109.617702653091,1.30104260698261E-15));
#6300=CARTESIAN_POINT('Ctrl Pts',(-121.762067020326,108.851949175843,-2.31698570628203E-11));
#6301=CARTESIAN_POINT('Ctrl Pts',(-121.762067022064,108.851949176719,1.));
#6302=CARTESIAN_POINT('Ctrl Pts',(-120.218831376272,108.838761485277,1.30100699670601E-15));
#6303=CARTESIAN_POINT('Ctrl Pts',(-120.898723877195,108.10404400985,5.23251039712109E-12));
#6304=CARTESIAN_POINT('Ctrl Pts',(-120.898723876804,108.104044009653,1.));
#6305=CARTESIAN_POINT('Ctrl Pts',(-119.100500116212,107.709295638725,1.30110195744361E-15));
#6306=CARTESIAN_POINT('Ctrl Pts',(-119.829891015113,107.024485536703,-9.65038909087131E-13));
#6307=CARTESIAN_POINT('Ctrl Pts',(-119.829891015185,107.024485536739,1.));
#6308=CARTESIAN_POINT('Ctrl Pts',(-118.054830159269,106.532084811919,1.3007221144932E-15));
#6309=CARTESIAN_POINT('Ctrl Pts',(-118.833345745157,105.902487237664,5.68131398257519E-13));
#6310=CARTESIAN_POINT('Ctrl Pts',(-118.833345745114,105.902487237643,1.));
#6311=CARTESIAN_POINT('Ctrl Pts',(-117.116706183278,105.274996722252,1.30304865256441E-15));
#6312=CARTESIAN_POINT('Ctrl Pts',(-117.942993582138,104.709073459961,-1.01151640170328E-13));
#6313=CARTESIAN_POINT('Ctrl Pts',(-117.942993582144,104.709073459964,1.));
#6314=CARTESIAN_POINT('Ctrl Pts',(-116.297315487627,103.933409069945,1.2976121503368E-15));
#6315=CARTESIAN_POINT('Ctrl Pts',(-117.167467828241,103.439235447747,3.88856485546401E-14));
#6316=CARTESIAN_POINT('Ctrl Pts',(-117.16746782824,103.439235447747,1.));
#6317=CARTESIAN_POINT('Ctrl Pts',(-115.743265236853,102.880059968598,1.31411751354092E-15));
#6318=CARTESIAN_POINT('Ctrl Pts',(-116.64378461732,102.44357746964,-8.73563459655486E-15));
#6319=CARTESIAN_POINT('Ctrl Pts',(-116.64378461732,102.44357746964,1.));
#6320=CARTESIAN_POINT('Ctrl Pts',(-115.25832814955,101.788691204664,1.25217343739514E-15));
#6321=CARTESIAN_POINT('Ctrl Pts',(-116.185742229808,101.412720417852,3.86314547347443E-15));
#6322=CARTESIAN_POINT('Ctrl Pts',(-116.185742229808,101.412720417852,1.));
#6323=CARTESIAN_POINT('Ctrl Pts',(-114.851137333874,100.680827709719,1.48344437877416E-15));
#6324=CARTESIAN_POINT('Ctrl Pts',(-115.801115270136,100.366267298489,1.08930834455272E-15));
#6325=CARTESIAN_POINT('Ctrl Pts',(-115.801115270136,100.366267298489,1.));
#6326=CARTESIAN_POINT('Ctrl Pts',(-114.517263089409,99.5515452623916,6.20304689403844E-16));
#6327=CARTESIAN_POINT('Ctrl Pts',(-115.485501007065,99.2988147565007,-4.14123209789702E-16));
#6328=CARTESIAN_POINT('Ctrl Pts',(-115.485501007065,99.2988147565007,1.));
#6329=CARTESIAN_POINT('Ctrl Pts',(-114.255830456491,98.4025207374021,3.84159250550609E-15));
#6330=CARTESIAN_POINT('Ctrl Pts',(-115.238013212791,98.2112070584169,8.37344013650167E-15));
#6331=CARTESIAN_POINT('Ctrl Pts',(-115.238013212791,98.2112070584169,1.));
#6332=CARTESIAN_POINT('Ctrl Pts',(-114.065153785096,97.2346142259617,-8.18041906953257E-15));
#6333=CARTESIAN_POINT('Ctrl Pts',(-115.05714278631,97.1036110522903,-9.66087041053017E-15));
#6334=CARTESIAN_POINT('Ctrl Pts',(-115.05714278631,97.1036110522903,0.999999999999995));
#6335=CARTESIAN_POINT('Ctrl Pts',(-113.964053642697,96.2434252136769,3.18769419419233E-15));
#6336=CARTESIAN_POINT('Ctrl Pts',(-114.960998469146,96.1613141434301,4.099250414855E-15));
#6337=CARTESIAN_POINT('Ctrl Pts',(-114.960998469146,96.16131414343,1.));
#6338=CARTESIAN_POINT('Ctrl Pts',(-113.917643829674,95.4511969974233,-1.98637914691848E-16));
#6339=CARTESIAN_POINT('Ctrl Pts',(-114.916780277121,95.4067325820838,-1.54334884368515E-15));
#6340=CARTESIAN_POINT('Ctrl Pts',(-114.916780277121,95.4067325820839,1.));
#6341=CARTESIAN_POINT('Ctrl Pts',(-113.899363822563,94.8569882818581,6.25969613369171E-15));
#6342=CARTESIAN_POINT('Ctrl Pts',(-114.899344184066,94.8397065355806,1.5194178237364E-14));
#6343=CARTESIAN_POINT('Ctrl Pts',(-114.899344184065,94.8397065355804,1.));
#6344=CARTESIAN_POINT('Ctrl Pts',(-113.897517205661,94.361871193551,-1.31516264595342E-14));
#6345=CARTESIAN_POINT('Ctrl Pts',(-114.897555319294,94.3674154471297,-4.03235606803359E-14));
#6346=CARTESIAN_POINT('Ctrl Pts',(-114.897555319295,94.3674154471302,0.999999999999991));
#6347=CARTESIAN_POINT('Ctrl Pts',(-113.903005809769,94.015304728707,2.13896483862579E-14));
#6348=CARTESIAN_POINT('Ctrl Pts',(-114.902839579074,94.0347970267538,5.92254186382761E-14));
#6349=CARTESIAN_POINT('Ctrl Pts',(-114.902839579074,94.034797026753,1.00000000000001));
#6350=CARTESIAN_POINT('Ctrl Pts',(-113.908088688576,93.8172725784688,-2.71667854887239E-15));
#6351=CARTESIAN_POINT('Ctrl Pts',(-114.907644626935,93.8472389606873,-2.74680407047781E-14));
#6352=CARTESIAN_POINT('Ctrl Pts',(-114.907644626936,93.8472389606886,0.999999999999998));
#6353=CARTESIAN_POINT('Ctrl Pts',(-113.911203155302,93.7182580804586,1.30104260698261E-15));
#6354=CARTESIAN_POINT('Ctrl Pts',(-114.910744842478,93.7485304375274,4.42615628707362E-14));
#6355=CARTESIAN_POINT('Ctrl Pts',(-114.910744842476,93.7485304375243,1.));
#6356=CARTESIAN_POINT('Ctrl Pts',(-113.912702548407,93.6687506730812,1.30104260698261E-15));
#6357=CARTESIAN_POINT('Ctrl Pts',(-114.91224423558,93.699023030147,1.30104260698261E-15));
#6358=CARTESIAN_POINT('Ctrl Pts',(-114.91224423558,93.699023030147,1.));
#6359=CARTESIAN_POINT('Ctrl Pts',(-122.275131709694,109.257779779719,1.));
#6360=CARTESIAN_POINT('Ctrl Pts',(-117.175709439202,105.186177470977,1.));
#6361=CARTESIAN_POINT('Ctrl Pts',(-114.720275735145,100.03749605992,1.));
#6362=CARTESIAN_POINT('Ctrl Pts',(-114.908830597524,93.8117355465479,1.));
#6363=CARTESIAN_POINT('Origin',(-121.963155085922,109.648510615743,15.2794407921474));
#6364=CARTESIAN_POINT('',(-122.463155085922,109.648510615743,15.2794407921473));
#6365=CARTESIAN_POINT('',(-122.463155085922,109.648510615743,0.999999999999999));
#6366=CARTESIAN_POINT('',(-122.275131711963,109.257779781531,15.2794407921473));
#6367=CARTESIAN_POINT('',(-122.275131713325,109.257779782619,15.2794407921473));
#6368=CARTESIAN_POINT('Origin',(-121.963155085922,109.648510615743,15.2794407921473));
#6369=CARTESIAN_POINT('Origin',(-102.463155085922,120.,21.6));
#6370=CARTESIAN_POINT('',(-85.4631550859216,120.,21.6));
#6371=CARTESIAN_POINT('Ctrl Pts',(-119.462759481113,120.115975889744,11.7713837313285));
#6372=CARTESIAN_POINT('Ctrl Pts',(-119.463285185374,120.038918800635,11.7903588580982));
#6373=CARTESIAN_POINT('Ctrl Pts',(-119.463286658329,119.961880729764,11.809514248669));
#6374=CARTESIAN_POINT('Ctrl Pts',(-119.462765422956,119.884898353585,11.828844243496));
#6375=CARTESIAN_POINT('Origin',(-82.4631550859216,120.,5.8));
#6376=CARTESIAN_POINT('',(-82.4631550859216,109.648510615743,15.2794407921473));
#6377=CARTESIAN_POINT('',(-82.4631550859216,109.648510615743,15.2794407921473));
#6378=CARTESIAN_POINT('',(-82.4631550859216,120.,11.8000819937959));
#6379=CARTESIAN_POINT('',(-82.4631550859216,120.,11.8000819937959));
#6380=CARTESIAN_POINT('Ctrl Pts',(-82.4631550859216,120.,11.8000819937959));
#6381=CARTESIAN_POINT('Ctrl Pts',(-82.4631550859216,119.112020658764,12.0145938705581));
#6382=CARTESIAN_POINT('Ctrl Pts',(-82.4631550575933,118.231435540653,12.2511514149748));
#6383=CARTESIAN_POINT('Ctrl Pts',(-82.4631551142463,117.358426503491,12.5101736590758));
#6384=CARTESIAN_POINT('Ctrl Pts',(-82.4631551425729,116.921920644284,12.6396851788911));
#6385=CARTESIAN_POINT('Ctrl Pts',(-82.4631551753272,116.487274973394,12.7747397007308));
#6386=CARTESIAN_POINT('Ctrl Pts',(-82.4631551773624,116.054102930894,12.9141828789151));
#6387=CARTESIAN_POINT('Ctrl Pts',(-82.4631551793976,115.620933549171,13.0536252005644));
#6388=CARTESIAN_POINT('Ctrl Pts',(-82.463155148775,115.189237756409,13.1974561168532));
#6389=CARTESIAN_POINT('Ctrl Pts',(-82.4631551173472,114.758314799189,13.3435793880954));
#6390=CARTESIAN_POINT('Ctrl Pts',(-82.4631550544914,113.896466237771,13.6358268281532));
#6391=CARTESIAN_POINT('Ctrl Pts',(-82.4631550839599,113.037817310395,13.937600251314));
#6392=CARTESIAN_POINT('Ctrl Pts',(-82.4631550878832,112.185373215032,14.2578364449226));
#6393=CARTESIAN_POINT('Ctrl Pts',(-82.4631550918064,111.332929119669,14.5780726385311));
#6394=CARTESIAN_POINT('Ctrl Pts',(-82.4631550859218,110.486634452847,14.916603102591));
#6395=CARTESIAN_POINT('Ctrl Pts',(-82.4631550859218,109.648510615755,15.2794407921421));
#6396=CARTESIAN_POINT('Origin',(-122.463155085922,120.,5.8));
#6397=CARTESIAN_POINT('',(-122.463155085922,120.,11.8000819937959));
#6398=CARTESIAN_POINT('',(-122.463155085922,120.,11.8000819937959));
#6399=CARTESIAN_POINT('Ctrl Pts',(-122.463155085922,109.648510615753,15.2794407921429));
#6400=CARTESIAN_POINT('Ctrl Pts',(-122.463155085922,110.486634452847,14.916603102591));
#6401=CARTESIAN_POINT('Ctrl Pts',(-122.463155080037,111.332929119668,14.5780726385316));
#6402=CARTESIAN_POINT('Ctrl Pts',(-122.46315508396,112.185373214999,14.2578364448326));
#6403=CARTESIAN_POINT('Ctrl Pts',(-122.463155087883,113.037817310329,13.9376002511336));
#6404=CARTESIAN_POINT('Ctrl Pts',(-122.463155117352,113.896466237752,13.6358268280974));
#6405=CARTESIAN_POINT('Ctrl Pts',(-122.463155054496,114.758314799179,13.3435793880666));
#6406=CARTESIAN_POINT('Ctrl Pts',(-122.463155023068,115.189237756323,13.1974561168651));
#6407=CARTESIAN_POINT('Ctrl Pts',(-122.463154992446,115.620933549239,13.0536252005153));
#6408=CARTESIAN_POINT('Ctrl Pts',(-122.463154994481,116.054102930883,12.9141828788953));
#6409=CARTESIAN_POINT('Ctrl Pts',(-122.463154996516,116.487274973465,12.7747397006881));
#6410=CARTESIAN_POINT('Ctrl Pts',(-122.46315502927,116.921920644203,12.6396851789177));
#6411=CARTESIAN_POINT('Ctrl Pts',(-122.463155057597,117.358426503493,12.5101736590805));
#6412=CARTESIAN_POINT('Ctrl Pts',(-122.46315511425,118.231435540654,12.2511514149841));
#6413=CARTESIAN_POINT('Ctrl Pts',(-122.463155085922,119.112020658764,12.0145938705581));
#6414=CARTESIAN_POINT('Ctrl Pts',(-122.463155085922,120.,11.8000819937959));
#6415=CARTESIAN_POINT('Origin',(-102.463155085922,120.,5.8));
#6416=CARTESIAN_POINT('Ctrl Pts',(-122.463155085922,120.,11.8000819937959));
#6417=CARTESIAN_POINT('Ctrl Pts',(-122.463155085922,120.646009494924,11.6479249726143));
#6418=CARTESIAN_POINT('Ctrl Pts',(-122.400725431875,121.932166024261,11.3685210539056));
#6419=CARTESIAN_POINT('Ctrl Pts',(-122.122116355333,123.843253134312,11.0137008090088));
#6420=CARTESIAN_POINT('Ctrl Pts',(-121.735176108488,125.416759951726,10.7638738798406));
#6421=CARTESIAN_POINT('Ctrl Pts',(-121.327566233085,126.667747630679,10.5868707186264));
#6422=CARTESIAN_POINT('Ctrl Pts',(-120.860324052525,127.892519190459,10.4266831857276));
#6423=CARTESIAN_POINT('Ctrl Pts',(-120.169526849796,129.367778294151,10.2554431473809));
#6424=CARTESIAN_POINT('Ctrl Pts',(-119.337207102582,130.771104917515,10.1154222958326));
#6425=CARTESIAN_POINT('Ctrl Pts',(-118.585705113421,131.848677796764,10.018952729739));
#6426=CARTESIAN_POINT('Ctrl Pts',(-117.774187315743,132.897233974294,9.93185085131534));
#6427=CARTESIAN_POINT('Ctrl Pts',(-116.676663439808,134.1158056191,9.84164428156145));
#6428=CARTESIAN_POINT('Ctrl Pts',(-115.22830948665,135.438117956565,9.75662250948702));
#6429=CARTESIAN_POINT('Ctrl Pts',(-113.911328061917,136.422815764297,9.7013382688382));
#6430=CARTESIAN_POINT('Ctrl Pts',(-112.791611887791,137.13625078814,9.66479357028936));
#6431=CARTESIAN_POINT('Ctrl Pts',(-111.648920608939,137.786928461419,9.63345455153078));
#6432=CARTESIAN_POINT('Ctrl Pts',(-110.170423872998,138.48988537859,9.60256919295851));
#6433=CARTESIAN_POINT('Ctrl Pts',(-108.322215061976,139.156786761743,9.57605294314093));
#6434=CARTESIAN_POINT('Ctrl Pts',(-106.387366279158,139.644699097189,9.55817290243773));
#6435=CARTESIAN_POINT('Ctrl Pts',(-104.441607168365,139.934013808659,9.54816498440119));
#6436=CARTESIAN_POINT('Ctrl Pts',(-102.807122090812,140.015846767009,9.54541129865613));
#6437=CARTESIAN_POINT('Ctrl Pts',(-101.493520881625,139.98465603471,9.5464636133784));
#6438=CARTESIAN_POINT('Ctrl Pts',(-100.502045278184,139.91191050429,9.54893977624072));
#6439=CARTESIAN_POINT('Ctrl Pts',(-99.5171240305651,139.790061422265,9.55314804030352));
#6440=CARTESIAN_POINT('Ctrl Pts',(-98.2232988278597,139.564653818887,9.56110588535556));
#6441=CARTESIAN_POINT('Ctrl Pts',(-96.6363249420524,139.165815893172,9.57571928287849));
#6442=CARTESIAN_POINT('Ctrl Pts',(-95.0931248286757,138.613130244646,9.59764323431252));
#6443=CARTESIAN_POINT('Ctrl Pts',(-93.880504200016,138.073964139176,9.62084100958072));
#6444=CARTESIAN_POINT('Ctrl Pts',(-92.7021795130664,137.478018644372,9.64793181718157));
#6445=CARTESIAN_POINT('Ctrl Pts',(-91.2997754382632,136.633094306491,9.68961836415229));
#6446=CARTESIAN_POINT('Ctrl Pts',(-89.9873586734359,135.655892993437,9.74433849787514));
#6447=CARTESIAN_POINT('Ctrl Pts',(-88.9932176236631,134.794902611601,9.79796577545899));
#6448=CARTESIAN_POINT('Ctrl Pts',(-88.0343398669979,133.877222548117,9.85928357197487));
#6449=CARTESIAN_POINT('Ctrl Pts',(-86.936705469269,132.657357349614,9.94965393889172));
#6450=CARTESIAN_POINT('Ctrl Pts',(-85.7752533634245,131.081057869708,10.0847556258295));
#6451=CARTESIAN_POINT('Ctrl Pts',(-84.9372199973658,129.674929906079,10.2245734312392));
#6452=CARTESIAN_POINT('Ctrl Pts',(-84.3465455392342,128.491991522713,10.3570819520953));
#6453=CARTESIAN_POINT('Ctrl Pts',(-83.8205700261814,127.293744987224,10.5021111358098));
#6454=CARTESIAN_POINT('Ctrl Pts',(-83.2786015255175,125.762558660642,10.7095352130098));
#6455=CARTESIAN_POINT('Ctrl Pts',(-82.8104618054877,123.878345876041,11.0075307523198));
#6456=CARTESIAN_POINT('Ctrl Pts',(-82.5254154059638,121.938817902401,11.3669245472288));
#6457=CARTESIAN_POINT('Ctrl Pts',(-82.4631550859216,120.64603637621,11.6479186411648));
#6458=CARTESIAN_POINT('Ctrl Pts',(-82.4631550859216,120.,11.8000819937959));
#6459=CARTESIAN_POINT('Origin',(-82.9631550859217,109.648510615743,15.2794407921427));
#6460=CARTESIAN_POINT('',(-82.6511784585186,109.257779782618,15.2794407921475));
#6461=CARTESIAN_POINT('',(-82.6511784585182,109.257779782619,15.2794407921475));
#6462=CARTESIAN_POINT('Origin',(-82.9631550859217,109.648510615743,15.2794407921472));
#6463=CARTESIAN_POINT('Ctrl Pts',(-82.5662438045042,109.325302206566,1.));
#6464=CARTESIAN_POINT('Ctrl Pts',(-82.5662438045042,109.325302206566,1.30104260698261E-15));
#6465=CARTESIAN_POINT('Ctrl Pts',(-83.1868958727792,110.109388305248,1.30104260698261E-15));
#6466=CARTESIAN_POINT('Ctrl Pts',(-83.1642431497999,108.851949176702,1.));
#6467=CARTESIAN_POINT('Ctrl Pts',(-83.164243149438,108.851949176201,-1.71769758051944E-11));
#6468=CARTESIAN_POINT('Ctrl Pts',(-83.8080553034559,109.617702653097,1.30104260698261E-15));
#6469=CARTESIAN_POINT('Ctrl Pts',(-84.0275862950345,108.104044009657,1.));
#6470=CARTESIAN_POINT('Ctrl Pts',(-84.0275862951159,108.104044009769,3.85304588462048E-12));
#6471=CARTESIAN_POINT('Ctrl Pts',(-84.7074787955579,108.838761485276,1.30104167712807E-15));
#6472=CARTESIAN_POINT('Ctrl Pts',(-85.096419156659,107.024485536738,1.));
#6473=CARTESIAN_POINT('Ctrl Pts',(-85.096419156644,107.024485536717,-7.20804348835311E-13));
#6474=CARTESIAN_POINT('Ctrl Pts',(-85.8258100556339,107.709295638725,1.30104415674016E-15));
#6475=CARTESIAN_POINT('Ctrl Pts',(-86.0929644267284,105.902487237643,1.));
#6476=CARTESIAN_POINT('Ctrl Pts',(-86.0929644267371,105.902487237655,4.05860716304278E-13));
#6477=CARTESIAN_POINT('Ctrl Pts',(-86.8714800125724,106.532084811918,1.3010342382918E-15));
#6478=CARTESIAN_POINT('Ctrl Pts',(-86.9833165896991,104.709073459964,1.));
#6479=CARTESIAN_POINT('Ctrl Pts',(-86.9833165896977,104.709073459962,-4.88806012774761E-14));
#6480=CARTESIAN_POINT('Ctrl Pts',(-87.8096039885656,105.274996722252,1.30109498878802E-15));
#6481=CARTESIAN_POINT('Ctrl Pts',(-87.7588423436031,103.439235447747,1.));
#6482=CARTESIAN_POINT('Ctrl Pts',(-87.7588423436033,103.439235447747,1.07472466026586E-14));
#6483=CARTESIAN_POINT('Ctrl Pts',(-88.6289946842163,103.933409069945,1.30095303099584E-15));
#6484=CARTESIAN_POINT('Ctrl Pts',(-88.2825255545234,102.44357746964,1.));
#6485=CARTESIAN_POINT('Ctrl Pts',(-88.2825255545233,102.44357746964,-1.20909146129585E-15));
#6486=CARTESIAN_POINT('Ctrl Pts',(-89.18304493499,102.880059968598,1.30138401857231E-15));
#6487=CARTESIAN_POINT('Ctrl Pts',(-88.7405679420355,101.412720417852,1.));
#6488=CARTESIAN_POINT('Ctrl Pts',(-88.7405679420355,101.412720417852,1.8953748844205E-15));
#6489=CARTESIAN_POINT('Ctrl Pts',(-89.6679820222935,101.788691204664,1.29976653661055E-15));
#6490=CARTESIAN_POINT('Ctrl Pts',(-89.1251949017069,100.366267298489,1.));
#6491=CARTESIAN_POINT('Ctrl Pts',(-89.1251949017069,100.366267298489,1.43384756550948E-15));
#6492=CARTESIAN_POINT('Ctrl Pts',(-90.0751728379693,100.680827709719,1.30580547688112E-15));
#6493=CARTESIAN_POINT('Ctrl Pts',(-89.4408091647779,99.2988147565007,1.));
#6494=CARTESIAN_POINT('Ctrl Pts',(-89.4408091647779,99.2988147565008,1.75490495437229E-16));
#6495=CARTESIAN_POINT('Ctrl Pts',(-90.4090470824342,99.5515452623916,1.28326719776059E-15));
#6496=CARTESIAN_POINT('Ctrl Pts',(-89.6882969590527,98.2112070584169,1.));
#6497=CARTESIAN_POINT('Ctrl Pts',(-89.6882969590527,98.2112070584169,5.67044609463724E-15));
#6498=CARTESIAN_POINT('Ctrl Pts',(-90.6704797153521,98.4025207374021,1.36738137397215E-15));
#6499=CARTESIAN_POINT('Ctrl Pts',(-89.869167385533,97.1036110522903,1.));
#6500=CARTESIAN_POINT('Ctrl Pts',(-89.869167385533,97.1036110522903,5.61492051700689E-16));
#6501=CARTESIAN_POINT('Ctrl Pts',(-90.8611563867471,97.2346142259617,1.05346294824643E-15));
#6502=CARTESIAN_POINT('Ctrl Pts',(-89.9653117026977,96.1613141434301,1.));
#6503=CARTESIAN_POINT('Ctrl Pts',(-89.9653117026976,96.1613141434301,1.78312566314886E-18));
#6504=CARTESIAN_POINT('Ctrl Pts',(-90.9622565291457,96.2434252136769,2.02976255382254E-15));
#6505=CARTESIAN_POINT('Ctrl Pts',(-90.0095298947225,95.4067325820838,1.));
#6506=CARTESIAN_POINT('Ctrl Pts',(-90.0095298947225,95.4067325820839,5.35013266957497E-16));
#6507=CARTESIAN_POINT('Ctrl Pts',(-91.0086663421696,95.4511969974232,3.88626344179519E-17));
#6508=CARTESIAN_POINT('Ctrl Pts',(-90.0269659877779,94.8397065355805,1.));
#6509=CARTESIAN_POINT('Ctrl Pts',(-90.0269659877778,94.8397065355804,5.53111191307894E-15));
#6510=CARTESIAN_POINT('Ctrl Pts',(-91.0269463492805,94.8569882818581,6.11876753025246E-15));
#6511=CARTESIAN_POINT('Ctrl Pts',(-90.0287548525483,94.3674154471302,0.999999999999991));
#6512=CARTESIAN_POINT('Ctrl Pts',(-90.0287548525485,94.3674154471304,-1.03716169064827E-14));
#6513=CARTESIAN_POINT('Ctrl Pts',(-91.0287929661819,94.3618711935511,-1.29032696729014E-14));
#6514=CARTESIAN_POINT('Ctrl Pts',(-90.0234705927698,94.034797026753,0.999999999999996));
#6515=CARTESIAN_POINT('Ctrl Pts',(-90.0234705927696,94.0347970267527,-9.83575797369425E-15));
#6516=CARTESIAN_POINT('Ctrl Pts',(-91.0233043620742,94.015304728707,-6.26770119539253E-15));
#6517=CARTESIAN_POINT('Ctrl Pts',(-90.018665544907,93.8472389606887,0.99999999999999));
#6518=CARTESIAN_POINT('Ctrl Pts',(-90.0186655449073,93.8472389606892,-7.57382752313356E-15));
#6519=CARTESIAN_POINT('Ctrl Pts',(-91.0182214832669,93.8172725784688,-1.38385540019198E-14));
#6520=CARTESIAN_POINT('Ctrl Pts',(-90.0155653293677,93.7485304375244,1.));
#6521=CARTESIAN_POINT('Ctrl Pts',(-90.015565329367,93.7485304375235,-1.25767452008319E-14));
#6522=CARTESIAN_POINT('Ctrl Pts',(-91.0151070165412,93.7182580804586,1.30104260698261E-15));
#6523=CARTESIAN_POINT('Ctrl Pts',(-90.0140659362631,93.699023030147,1.));
#6524=CARTESIAN_POINT('Ctrl Pts',(-90.014065936263,93.699023030147,-1.25767452008319E-14));
#6525=CARTESIAN_POINT('Ctrl Pts',(-91.0136076234366,93.6687506730813,1.30104260698261E-15));
#6526=CARTESIAN_POINT('',(-90.0174795743194,93.8117355465479,0.999999999999996));
#6527=CARTESIAN_POINT('Ctrl Pts',(-90.0174795743194,93.8117355465479,1.00000000000001));
#6528=CARTESIAN_POINT('Ctrl Pts',(-90.2060344367429,100.037496061398,1.00000000000001));
#6529=CARTESIAN_POINT('Ctrl Pts',(-87.7506007314758,105.186177473421,1.00000000000001));
#6530=CARTESIAN_POINT('Ctrl Pts',(-82.6511784585182,109.257779782619,1.00000000000001));
#6531=CARTESIAN_POINT('Ctrl Pts',(-90.0174906747168,93.8117352166894,0.999999999999996));
#6532=CARTESIAN_POINT('Ctrl Pts',(-90.0174906747168,93.8117352166894,0.960619067675126));
#6533=CARTESIAN_POINT('Ctrl Pts',(-90.0198187137166,93.8116997802316,0.921383418034407));
#6534=CARTESIAN_POINT('Ctrl Pts',(-90.0244129083934,93.8116299938897,0.882540725859223));
#6535=CARTESIAN_POINT('Ctrl Pts',(-90.0292365243644,93.8115567226121,0.841758337755028));
#6536=CARTESIAN_POINT('Ctrl Pts',(-90.0365564805293,93.8114456380461,0.801408797765088));
#6537=CARTESIAN_POINT('Ctrl Pts',(-90.0462939107948,93.8112982602076,0.761720054937317));
#6538=CARTESIAN_POINT('Ctrl Pts',(-90.0569174583535,93.8111374708172,0.718419591110592));
#6539=CARTESIAN_POINT('Ctrl Pts',(-90.070416416969,93.8109335424457,0.675904184602183));
#6540=CARTESIAN_POINT('Ctrl Pts',(-90.0867123148975,93.8106878059779,0.634414673573799));
#6541=CARTESIAN_POINT('Ctrl Pts',(-90.0889642114784,93.8106538481614,0.628681323473342));
#6542=CARTESIAN_POINT('Ctrl Pts',(-90.0912695793437,93.8106190902779,0.622967510275506));
#6543=CARTESIAN_POINT('Ctrl Pts',(-90.0936282734587,93.8105835341076,0.617273828583589));
#6544=CARTESIAN_POINT('Ctrl Pts',(-90.1090481828566,93.8103510864492,0.580051513375142));
#6545=CARTESIAN_POINT('Ctrl Pts',(-90.126743546642,93.8100845997395,0.543710046812665));
#6546=CARTESIAN_POINT('Ctrl Pts',(-90.1465822376154,93.8097855610765,0.508553090052395));
#6547=CARTESIAN_POINT('Ctrl Pts',(-90.1666324769609,93.8094833336374,0.473021239758087));
#6548=CARTESIAN_POINT('Ctrl Pts',(-90.188871604683,93.8091478685611,0.438699659175572));
#6549=CARTESIAN_POINT('Ctrl Pts',(-90.2131193606701,93.8087820235341,0.405871238151476));
#6550=CARTESIAN_POINT('Ctrl Pts',(-90.2376708894523,93.8084115952471,0.372631546854698));
#6551=CARTESIAN_POINT('Ctrl Pts',(-90.2642813391416,93.808010032173,0.340922947903002));
#6552=CARTESIAN_POINT('Ctrl Pts',(-90.2927245372044,93.8075814709812,0.311002992353501));
#6553=CARTESIAN_POINT('Ctrl Pts',(-90.2984738048842,93.8074948452437,0.304955225395535));
#6554=CARTESIAN_POINT('Ctrl Pts',(-90.3042978370427,93.8074071199097,0.298980413026522));
#6555=CARTESIAN_POINT('Ctrl Pts',(-90.3101945939638,93.8073183342539,0.293080490943982));
#6556=CARTESIAN_POINT('Ctrl Pts',(-90.3483360270822,93.8067440504237,0.254918584912681));
#6557=CARTESIAN_POINT('Ctrl Pts',(-90.389518486941,93.8061254113609,0.219896868661542));
#6558=CARTESIAN_POINT('Ctrl Pts',(-90.4332746456205,93.8054691056779,0.188399738415745));
#6559=CARTESIAN_POINT('Ctrl Pts',(-90.4710895103049,93.804901914422,0.161179348094946));
#6560=CARTESIAN_POINT('Ctrl Pts',(-90.510827364166,93.8043065701302,0.136590741963068));
#6561=CARTESIAN_POINT('Ctrl Pts',(-90.5521533541579,93.8036883491544,0.114864699340458));
#6562=CARTESIAN_POINT('Ctrl Pts',(-90.5788395720509,93.8032891335599,0.100835128421692));
#6563=CARTESIAN_POINT('Ctrl Pts',(-90.6061873287229,93.8028803988131,0.0879989977775784));
#6564=CARTESIAN_POINT('Ctrl Pts',(-90.6340954495209,93.8024638801233,0.0764139550993621));
#6565=CARTESIAN_POINT('Ctrl Pts',(-90.6683681451898,93.8019523724369,0.0621868903358601));
#6566=CARTESIAN_POINT('Ctrl Pts',(-90.7034969315006,93.8014287510181,0.0498454033773254));
#6567=CARTESIAN_POINT('Ctrl Pts',(-90.7392177057173,93.8008967312381,0.0394966491627114));
#6568=CARTESIAN_POINT('Ctrl Pts',(-90.7745802302063,93.8003700471751,0.0292516843664485));
#6569=CARTESIAN_POINT('Ctrl Pts',(-90.8105222877555,93.7998351519728,0.0209601091002778));
#6570=CARTESIAN_POINT('Ctrl Pts',(-90.8467651243198,93.7992962541102,0.0146804964504825));
#6571=CARTESIAN_POINT('Ctrl Pts',(-90.8826337683391,93.7987629201488,0.00846571824693065));
#6572=CARTESIAN_POINT('Ctrl Pts',(-90.9187962557164,93.7982256885012,0.00422180217282349));
#6573=CARTESIAN_POINT('Ctrl Pts',(-90.9549706246221,93.7976889172409,0.00195593943105644));
#6574=CARTESIAN_POINT('Ctrl Pts',(-90.9758212306488,93.7973795267411,0.000649914951060937));
#6575=CARTESIAN_POINT('Ctrl Pts',(-90.9966756224523,93.7970702926524,1.07666950130679E-7));
#6576=CARTESIAN_POINT('Ctrl Pts',(-91.0174795743194,93.7967620453332,1.33807406515467E-11));
#6577=CARTESIAN_POINT('Origin',(-91.0174795743194,93.8117355465479,1.));
#6578=CARTESIAN_POINT('',(-90.0174795754635,26.1882644523541,1.));
#6579=CARTESIAN_POINT('',(-90.0174795743194,26.1882644523541,1.));
#6580=CARTESIAN_POINT('Ctrl Pts',(-90.0174906758605,26.1882647822296,1.));
#6581=CARTESIAN_POINT('Ctrl Pts',(-90.0174906758605,26.1882647822296,0.960619067411176));
#6582=CARTESIAN_POINT('Ctrl Pts',(-90.0198187148186,26.1883002211476,0.921383417495242));
#6583=CARTESIAN_POINT('Ctrl Pts',(-90.02441290945,26.1883700112123,0.882540725041936));
#6584=CARTESIAN_POINT('Ctrl Pts',(-90.0292365253844,26.1884432863988,0.841758336553937));
#6585=CARTESIAN_POINT('Ctrl Pts',(-90.03655648152,26.188554376266,0.801408796178987));
#6586=CARTESIAN_POINT('Ctrl Pts',(-90.0462939118049,26.1887017594123,0.76172005297664));
#6587=CARTESIAN_POINT('Ctrl Pts',(-90.0569174594678,26.1888625545949,0.718419588402434));
#6588=CARTESIAN_POINT('Ctrl Pts',(-90.0704164182904,26.1890664887674,0.675904181171304));
#6589=CARTESIAN_POINT('Ctrl Pts',(-90.086712316578,26.1893122292429,0.634414669465223));
#6590=CARTESIAN_POINT('Ctrl Pts',(-90.0889642126374,26.1893461876046,0.628681320724959));
#6591=CARTESIAN_POINT('Ctrl Pts',(-90.0912695799571,26.1893809459985,0.622967508878266));
#6592=CARTESIAN_POINT('Ctrl Pts',(-90.0936282735025,26.1894165026399,0.617273828528041));
#6593=CARTESIAN_POINT('Ctrl Pts',(-90.1090481829438,26.189648953435,0.58005151299723));
#6594=CARTESIAN_POINT('Ctrl Pts',(-90.1267435468569,26.1899154416156,0.543710046138943));
#6595=CARTESIAN_POINT('Ctrl Pts',(-90.1465822380177,26.190214480736,0.508553089112076));
#6596=CARTESIAN_POINT('Ctrl Pts',(-90.1666324775934,26.1905167086379,0.473021238475954));
#6597=CARTESIAN_POINT('Ctrl Pts',(-90.1888716056156,26.1908521731418,0.438699657586349));
#6598=CARTESIAN_POINT('Ctrl Pts',(-90.2131193619469,26.1912180172351,0.405871236293037));
#6599=CARTESIAN_POINT('Ctrl Pts',(-90.237670891127,26.1915884445774,0.372631544657003));
#6600=CARTESIAN_POINT('Ctrl Pts',(-90.2642813412679,26.1919900063364,0.340922945410975));
#6601=CARTESIAN_POINT('Ctrl Pts',(-90.2927245398087,26.1924185665452,0.311002989616151));
#6602=CARTESIAN_POINT('Ctrl Pts',(-90.2984738066554,26.19250519207,0.304955223586677));
#6603=CARTESIAN_POINT('Ctrl Pts',(-90.3042978379576,26.1925929172045,0.298980412124558));
#6604=CARTESIAN_POINT('Ctrl Pts',(-90.3101945940002,26.1926817026798,0.293080490926412));
#6605=CARTESIAN_POINT('Ctrl Pts',(-90.3483360265586,26.1932559854201,0.25491858548988));
#6606=CARTESIAN_POINT('Ctrl Pts',(-90.3895184857457,26.1938746241974,0.219896869729233));
#6607=CARTESIAN_POINT('Ctrl Pts',(-90.4332746436751,26.1945309299745,0.188399739857657));
#6608=CARTESIAN_POINT('Ctrl Pts',(-90.4710895080808,26.1950981213172,0.161179349594408));
#6609=CARTESIAN_POINT('Ctrl Pts',(-90.5108273616419,26.1956934659799,0.136590743484722));
#6610=CARTESIAN_POINT('Ctrl Pts',(-90.5521533513253,26.1963116873344,0.114864700847846));
#6611=CARTESIAN_POINT('Ctrl Pts',(-90.5788395701174,26.1967109031899,0.100835129342449));
#6612=CARTESIAN_POINT('Ctrl Pts',(-90.6061873277395,26.1971196382017,0.0879989981947505));
#6613=CARTESIAN_POINT('Ctrl Pts',(-90.6340954495294,26.1975361570856,0.0764139551025525));
#6614=CARTESIAN_POINT('Ctrl Pts',(-90.668368145229,26.1980476649923,0.0621868903235296));
#6615=CARTESIAN_POINT('Ctrl Pts',(-90.7034969315743,26.1985712865247,0.0498454033539985));
#6616=CARTESIAN_POINT('Ctrl Pts',(-90.7392177058274,26.1991033063565,0.0394966491327361));
#6617=CARTESIAN_POINT('Ctrl Pts',(-90.7745802303493,26.1996299904708,0.0292516843308524));
#6618=CARTESIAN_POINT('Ctrl Pts',(-90.810522287933,26.2001648856639,0.0209601090629554));
#6619=CARTESIAN_POINT('Ctrl Pts',(-90.846765124532,26.200703783501,0.0146804964151266));
#6620=CARTESIAN_POINT('Ctrl Pts',(-90.882633768581,26.201237117437,0.0084657182143328));
#6621=CARTESIAN_POINT('Ctrl Pts',(-90.918796255988,26.2017743490433,0.00422180214608613));
#6622=CARTESIAN_POINT('Ctrl Pts',(-90.9549706249218,26.2023111202894,0.00195593941307541));
#6623=CARTESIAN_POINT('Ctrl Pts',(-90.9758212308423,26.2026205107792,0.000649914945798123));
#6624=CARTESIAN_POINT('Ctrl Pts',(-90.996675622539,26.202929744867,1.07667653328996E-7));
#6625=CARTESIAN_POINT('Ctrl Pts',(-91.0174795742994,26.2032379922026,1.3389893741988E-11));
#6626=CARTESIAN_POINT('Ctrl Pts',(-83.1868958727463,9.89061169205518,-1.30104260698261E-15));
#6627=CARTESIAN_POINT('Ctrl Pts',(-82.5662438045092,10.6746977907669,-1.3010426069826E-15));
#6628=CARTESIAN_POINT('Ctrl Pts',(-82.5662438045092,10.6746977907669,1.));
#6629=CARTESIAN_POINT('Ctrl Pts',(-83.8080553034814,10.3822973442394,-1.30104260698261E-15));
#6630=CARTESIAN_POINT('Ctrl Pts',(-83.1642431502109,11.1480508202478,-1.3010426069826E-15));
#6631=CARTESIAN_POINT('Ctrl Pts',(-83.1642431498895,11.1480508206504,1.));
#6632=CARTESIAN_POINT('Ctrl Pts',(-84.707478795772,11.1612385120982,1.08871304817582E-14));
#6633=CARTESIAN_POINT('Ctrl Pts',(-84.0275862952065,11.895955987845,4.33328494046315E-16));
#6634=CARTESIAN_POINT('Ctrl Pts',(-84.0275862952787,11.8959559877545,1.00000000000001));
#6635=CARTESIAN_POINT('Ctrl Pts',(-85.825810056027,12.2907043587323,-4.70111053077676E-15));
#6636=CARTESIAN_POINT('Ctrl Pts',(-85.0964191570991,12.9755144607366,8.81876496112853E-15));
#6637=CARTESIAN_POINT('Ctrl Pts',(-85.0964191570858,12.9755144607534,0.999999999999998));
#6638=CARTESIAN_POINT('Ctrl Pts',(-86.8714800131478,13.4679151856306,1.03806387989951E-14));
#6639=CARTESIAN_POINT('Ctrl Pts',(-86.0929644273234,14.0975127599508,2.1247191206185E-14));
#6640=CARTESIAN_POINT('Ctrl Pts',(-86.0929644273312,14.0975127599411,1.00000000000001));
#6641=CARTESIAN_POINT('Ctrl Pts',(-87.8096039893032,14.7250032754044,-1.81832519055461E-15));
#6642=CARTESIAN_POINT('Ctrl Pts',(-86.9833165904605,15.2909265377232,-4.46151852420996E-15));
#6643=CARTESIAN_POINT('Ctrl Pts',(-86.9833165904593,15.2909265377248,1.));
#6644=CARTESIAN_POINT('Ctrl Pts',(-88.6289946850966,16.0665909278365,-1.36465452675211E-15));
#6645=CARTESIAN_POINT('Ctrl Pts',(-87.7588423444993,16.560764550064,5.4429570534723E-16));
#6646=CARTESIAN_POINT('Ctrl Pts',(-87.7588423444996,16.5607645500637,1.));
#6647=CARTESIAN_POINT('Ctrl Pts',(-89.1830449359655,17.119940029288,4.56144041764724E-15));
#6648=CARTESIAN_POINT('Ctrl Pts',(-88.2825255555104,17.5564225282694,-1.56920306853346E-15));
#6649=CARTESIAN_POINT('Ctrl Pts',(-88.2825255555104,17.5564225282695,1.));
#6650=CARTESIAN_POINT('Ctrl Pts',(-89.6679820233512,18.2113087933396,-1.94831923578021E-14));
#6651=CARTESIAN_POINT('Ctrl Pts',(-88.7405679431003,18.5872795801691,3.13043135482138E-15));
#6652=CARTESIAN_POINT('Ctrl Pts',(-88.7405679431002,18.5872795801691,0.999999999999988));
#6653=CARTESIAN_POINT('Ctrl Pts',(-90.0751728390913,19.3191722884068,1.09212838783959E-14));
#6654=CARTESIAN_POINT('Ctrl Pts',(-89.1251949028323,19.6337326996472,3.35894632605635E-15));
#6655=CARTESIAN_POINT('Ctrl Pts',(-89.1251949028323,19.6337326996472,1.00000000000001));
#6656=CARTESIAN_POINT('Ctrl Pts',(-90.4090470836034,20.4484547358637,9.62516462576608E-15));
#6657=CARTESIAN_POINT('Ctrl Pts',(-89.4408091659476,20.7011852417575,1.72608911225009E-14));
#6658=CARTESIAN_POINT('Ctrl Pts',(-89.4408091659476,20.7011852417575,1.00000000000001));
#6659=CARTESIAN_POINT('Ctrl Pts',(-90.6704797165507,21.5974792609889,-1.55948345999126E-14));
#6660=CARTESIAN_POINT('Ctrl Pts',(-89.6882969602501,21.7887929399688,-3.85754030345133E-14));
#6661=CARTESIAN_POINT('Ctrl Pts',(-89.6882969602501,21.7887929399688,0.99999999999999));
#6662=CARTESIAN_POINT('Ctrl Pts',(-90.8611563879576,22.7653857725728,2.54322790272495E-14));
#6663=CARTESIAN_POINT('Ctrl Pts',(-89.8691673867416,22.8963889462306,2.7753142029012E-14));
#6664=CARTESIAN_POINT('Ctrl Pts',(-89.8691673867416,22.8963889462306,1.00000000000002));
#6665=CARTESIAN_POINT('Ctrl Pts',(-90.9622565303509,23.7565747849789,-1.11613417837832E-14));
#6666=CARTESIAN_POINT('Ctrl Pts',(-89.965311703901,23.8386858552054,6.39732406135237E-16));
#6667=CARTESIAN_POINT('Ctrl Pts',(-89.965311703901,23.8386858552053,0.999999999999993));
#6668=CARTESIAN_POINT('Ctrl Pts',(-91.0086663433613,24.5488030013222,1.99353333553386E-15));
#6669=CARTESIAN_POINT('Ctrl Pts',(-90.009529895913,24.5932674166367,-2.03630941101634E-14));
#6670=CARTESIAN_POINT('Ctrl Pts',(-90.0095298959131,24.5932674166367,1.));
#6671=CARTESIAN_POINT('Ctrl Pts',(-91.0269463504586,25.1430117169555,7.70474530371412E-15));
#6672=CARTESIAN_POINT('Ctrl Pts',(-90.0269659889554,25.1602934632049,1.06028794586014E-14));
#6673=CARTESIAN_POINT('Ctrl Pts',(-90.0269659889553,25.1602934632048,1.00000000000001));
#6674=CARTESIAN_POINT('Ctrl Pts',(-91.0287929673451,25.6381288053189,-1.95544248731266E-14));
#6675=CARTESIAN_POINT('Ctrl Pts',(-90.0287548537118,25.6325845517087,-1.01013268255222E-14));
#6676=CARTESIAN_POINT('Ctrl Pts',(-90.0287548537119,25.6325845517087,0.999999999999987));
#6677=CARTESIAN_POINT('Ctrl Pts',(-91.023304363226,25.9846952702023,3.09892773457825E-15));
#6678=CARTESIAN_POINT('Ctrl Pts',(-90.0234705939222,25.9652029721238,-1.11152379115535E-14));
#6679=CARTESIAN_POINT('Ctrl Pts',(-90.0234705939221,25.9652029721238,1.));
#6680=CARTESIAN_POINT('Ctrl Pts',(-91.0182214844111,26.182727420463,9.41465581463483E-16));
#6681=CARTESIAN_POINT('Ctrl Pts',(-90.0186655460522,26.1527610382092,2.59887592031928E-14));
#6682=CARTESIAN_POINT('Ctrl Pts',(-90.0186655460525,26.1527610382093,1.));
#6683=CARTESIAN_POINT('Ctrl Pts',(-91.0151070176826,26.2817419184844,1.30104260698261E-15));
#6684=CARTESIAN_POINT('Ctrl Pts',(-90.01556533051,26.251469561385,1.30104260698261E-15));
#6685=CARTESIAN_POINT('Ctrl Pts',(-90.0155653305094,26.2514695613848,1.));
#6686=CARTESIAN_POINT('Ctrl Pts',(-91.0136076245754,26.3312493258675,1.30104260698261E-15));
#6687=CARTESIAN_POINT('Ctrl Pts',(-90.014065937403,26.3009769687679,1.30104260698261E-15));
#6688=CARTESIAN_POINT('Ctrl Pts',(-90.014065937403,26.3009769687679,1.));
#6689=CARTESIAN_POINT('Ctrl Pts',(-82.6511784621683,10.7422202176177,0.999999999999999));
#6690=CARTESIAN_POINT('Ctrl Pts',(-87.7506007336415,14.813822526739,1.00000000000001));
#6691=CARTESIAN_POINT('Ctrl Pts',(-90.2060344380732,19.9625039383178,1.00000000000002));
#6692=CARTESIAN_POINT('Ctrl Pts',(-90.0174795754636,26.1882644523541,1.00000000000003));
#6693=CARTESIAN_POINT('Origin',(-82.9631550859216,10.351489381579,15.2794407915666));
#6694=CARTESIAN_POINT('',(-82.4631550859216,10.351489381579,15.2794407915665));
#6695=CARTESIAN_POINT('',(-82.4631550859216,10.3514893815791,1.));
#6696=CARTESIAN_POINT('',(-82.6511784588976,10.7422202150063,15.2794407914558));
#6697=CARTESIAN_POINT('',(-82.6511784585371,10.7422202147184,15.2794407915665));
#6698=CARTESIAN_POINT('Origin',(-82.9631550859216,10.351489381579,15.2794407915665));
#6699=CARTESIAN_POINT('Origin',(-102.463155085922,0.,21.6));
#6700=CARTESIAN_POINT('',(-85.4631550859216,-2.0818995585505E-15,21.6));
#6701=CARTESIAN_POINT('Ctrl Pts',(-118.758773042208,4.84279339699916,13.2567547298812));
#6702=CARTESIAN_POINT('Ctrl Pts',(-118.824795402168,4.62059565609382,13.1797628084574));
#6703=CARTESIAN_POINT('Ctrl Pts',(-118.958517199791,4.13445087474182,13.0130974521363));
#6704=CARTESIAN_POINT('Ctrl Pts',(-119.190294795072,3.11689323898896,12.6763296820481));
#6705=CARTESIAN_POINT('Ctrl Pts',(-119.396723789435,1.7744332438283,12.2652569167278));
#6706=CARTESIAN_POINT('Ctrl Pts',(-119.458965430787,0.67361276764113,11.9690967220187));
#6707=CARTESIAN_POINT('Ctrl Pts',(-119.462743525077,0.118291585996376,11.8296453319133));
#6708=CARTESIAN_POINT('Origin',(-122.463155085922,120.,5.8));
#6709=CARTESIAN_POINT('',(-122.463155085922,-6.43249059870654E-15,11.8000819937999));
#6710=CARTESIAN_POINT('',(-122.463155085922,-6.43249059870654E-15,11.8000819937999));
#6711=CARTESIAN_POINT('Ctrl Pts',(-122.463155085922,-4.73579508941668E-15,
11.8000819937999));
#6712=CARTESIAN_POINT('Ctrl Pts',(-122.463155085922,0.887979341353513,12.0145938705908));
#6713=CARTESIAN_POINT('Ctrl Pts',(-122.46315511425,1.76856445958053,12.251151415045));
#6714=CARTESIAN_POINT('Ctrl Pts',(-122.463155057597,2.64157349685517,12.5101736591847));
#6715=CARTESIAN_POINT('Ctrl Pts',(-122.46315502927,3.0780793561211,12.6396851790198));
#6716=CARTESIAN_POINT('Ctrl Pts',(-122.463154996516,3.51272502706863,12.7747397008818));
#6717=CARTESIAN_POINT('Ctrl Pts',(-122.463154994481,3.94589706962606,12.9141828790878));
#6718=CARTESIAN_POINT('Ctrl Pts',(-122.463154992446,4.37906645140439,13.0536252007578));
#6719=CARTESIAN_POINT('Ctrl Pts',(-122.463155023068,4.81076224422084,13.1974561170666));
#6720=CARTESIAN_POINT('Ctrl Pts',(-122.463155054496,5.2416852014951,13.3435793883313));
#6721=CARTESIAN_POINT('Ctrl Pts',(-122.463155117352,6.10353376302385,13.6358268284352));
#6722=CARTESIAN_POINT('Ctrl Pts',(-122.463155087883,6.96218269050923,13.9376002516438));
#6723=CARTESIAN_POINT('Ctrl Pts',(-122.46315508396,7.81462678597979,14.2578364453088));
#6724=CARTESIAN_POINT('Ctrl Pts',(-122.463155080037,8.66707088145036,14.5780726389739));
#6725=CARTESIAN_POINT('Ctrl Pts',(-122.463155085922,9.51336554837619,14.9166031031));
#6726=CARTESIAN_POINT('Ctrl Pts',(-122.463155085922,10.3514893855815,15.2794407927279));
#6727=CARTESIAN_POINT('Origin',(-82.4631550859216,120.,5.8));
#6728=CARTESIAN_POINT('',(-82.4631550859216,-1.00988238923566E-14,11.8000819941187));
#6729=CARTESIAN_POINT('',(-82.4631550859216,-1.00988238923566E-14,11.8000819941187));
#6730=CARTESIAN_POINT('Ctrl Pts',(-82.4631550859216,10.3514893815694,15.2794407915623));
#6731=CARTESIAN_POINT('Ctrl Pts',(-82.4631550859216,9.51336554468404,14.916603102128));
#6732=CARTESIAN_POINT('Ctrl Pts',(-82.4631550918064,8.6670708780759,14.5780726381745));
#6733=CARTESIAN_POINT('Ctrl Pts',(-82.4631550878832,7.81462678296068,14.2578364445727));
#6734=CARTESIAN_POINT('Ctrl Pts',(-82.4631550839599,6.96218268784545,13.9376002509708));
#6735=CARTESIAN_POINT('Ctrl Pts',(-82.4631550544914,6.10353376064663,13.6358268280102));
#6736=CARTESIAN_POINT('Ctrl Pts',(-82.4631551173472,5.24168519944306,13.3435793880537));
#6737=CARTESIAN_POINT('Ctrl Pts',(-82.4631551487749,4.81076224240523,13.1974561168877));
#6738=CARTESIAN_POINT('Ctrl Pts',(-82.4631551793976,4.37906644961157,13.0536252005788));
#6739=CARTESIAN_POINT('Ctrl Pts',(-82.4631551773624,3.94589706807537,12.9141828789912));
#6740=CARTESIAN_POINT('Ctrl Pts',(-82.4631551753272,3.51272502561164,12.7747397008196));
#6741=CARTESIAN_POINT('Ctrl Pts',(-82.4631551425731,3.07807935497678,12.6396851790761));
#6742=CARTESIAN_POINT('Ctrl Pts',(-82.4631551142464,2.64157349580705,12.5101736592689));
#6743=CARTESIAN_POINT('Ctrl Pts',(-82.4631550575934,1.7685644588744,12.2511514152294));
#6744=CARTESIAN_POINT('Ctrl Pts',(-82.4631550859216,0.887979340998604,12.014593870847));
#6745=CARTESIAN_POINT('Ctrl Pts',(-82.4631550859216,3.05311331771918E-14,
11.8000819941187));
#6746=CARTESIAN_POINT('Origin',(-102.463155085922,0.,5.8));
#6747=CARTESIAN_POINT('Ctrl Pts',(-82.4631550859216,2.91590633898228E-14,
11.8000819941187));
#6748=CARTESIAN_POINT('Ctrl Pts',(-82.4631550859216,-0.6460094949203,11.6479249729213));
#6749=CARTESIAN_POINT('Ctrl Pts',(-82.525584739968,-1.93216602425133,11.3685210541821));
#6750=CARTESIAN_POINT('Ctrl Pts',(-82.804193816507,-3.84325313429644,11.0137008092445));
#6751=CARTESIAN_POINT('Ctrl Pts',(-83.19113406335,-5.41675995170693,10.7638738800463));
#6752=CARTESIAN_POINT('Ctrl Pts',(-83.5987439387511,-6.66774763065881,10.5868707188102));
#6753=CARTESIAN_POINT('Ctrl Pts',(-84.065986119309,-7.89251919043714,10.4266831858912));
#6754=CARTESIAN_POINT('Ctrl Pts',(-84.7567833220356,-9.36777829412937,10.2554431475222));
#6755=CARTESIAN_POINT('Ctrl Pts',(-85.5891030692475,-10.7711049174934,10.1154222959548));
#6756=CARTESIAN_POINT('Ctrl Pts',(-86.3406050584068,-11.8486777967432,10.0189527298475));
#6757=CARTESIAN_POINT('Ctrl Pts',(-87.1521228560839,-12.8972339742742,9.9318508514112));
#6758=CARTESIAN_POINT('Ctrl Pts',(-88.2496467320175,-14.1158056190813,9.84164428164364));
#6759=CARTESIAN_POINT('Ctrl Pts',(-89.6980006851739,-15.4381179565488,9.75662250955547));
#6760=CARTESIAN_POINT('Ctrl Pts',(-91.0149821099066,-16.4228157642829,9.70133826889711));
#6761=CARTESIAN_POINT('Ctrl Pts',(-92.1346982840318,-17.136250788128,9.66479357034164));
#6762=CARTESIAN_POINT('Ctrl Pts',(-93.2773895628831,-17.7869284614078,9.63345455157713));
#6763=CARTESIAN_POINT('Ctrl Pts',(-94.755886298824,-18.4898853785814,9.60256919299864));
#6764=CARTESIAN_POINT('Ctrl Pts',(-96.6040951098465,-19.1567867617369,9.57605294317508));
#6765=CARTESIAN_POINT('Ctrl Pts',(-98.538943892665,-19.6446990971845,9.55817290246717));
#6766=CARTESIAN_POINT('Ctrl Pts',(-100.484703003458,-19.9340138086569,9.54816498442707));
#6767=CARTESIAN_POINT('Ctrl Pts',(-102.119188081013,-20.015846767009,9.5454112986798));
#6768=CARTESIAN_POINT('Ctrl Pts',(-103.4327892902,-19.9846560347113,9.54646361340063));
#6769=CARTESIAN_POINT('Ctrl Pts',(-104.424264893642,-19.9119105042921,9.54893977626203));
#6770=CARTESIAN_POINT('Ctrl Pts',(-105.409186141261,-19.7900614222675,9.55314804032404));
#6771=CARTESIAN_POINT('Ctrl Pts',(-106.703011343968,-19.5646538188908,9.56110588537517));
#6772=CARTESIAN_POINT('Ctrl Pts',(-108.289985229776,-19.1658158931768,9.5757192828972));
#6773=CARTESIAN_POINT('Ctrl Pts',(-109.833185343154,-18.6131302446517,9.59764323433052));
#6774=CARTESIAN_POINT('Ctrl Pts',(-111.045805971815,-18.0739641391818,9.62084100959819));
#6775=CARTESIAN_POINT('Ctrl Pts',(-112.224130658765,-17.4780186443785,9.6479318171985));
#6776=CARTESIAN_POINT('Ctrl Pts',(-113.62653473357,-16.6330943064981,9.68961836416855));
#6777=CARTESIAN_POINT('Ctrl Pts',(-114.938951498398,-15.655892993444,9.74433849789064));
#6778=CARTESIAN_POINT('Ctrl Pts',(-115.933092548173,-14.7949026116082,9.7979657754738));
#6779=CARTESIAN_POINT('Ctrl Pts',(-116.891970304839,-13.8772225481242,9.85928357198892));
#6780=CARTESIAN_POINT('Ctrl Pts',(-117.989604702569,-12.6573573496213,9.94965393890462));
#6781=CARTESIAN_POINT('Ctrl Pts',(-119.151056808414,-11.0810578697148,10.0847556258409));
#6782=CARTESIAN_POINT('Ctrl Pts',(-119.989090174474,-9.67492990608456,10.2245734312492));
#6783=CARTESIAN_POINT('Ctrl Pts',(-120.579764632607,-8.4919915227177,10.357081952104));
#6784=CARTESIAN_POINT('Ctrl Pts',(-121.10574014566,-7.29374498722902,10.5021111358172));
#6785=CARTESIAN_POINT('Ctrl Pts',(-121.647708646325,-5.76255866064608,10.7095352130158));
#6786=CARTESIAN_POINT('Ctrl Pts',(-122.115848366355,-3.87834587604311,11.0075307523243));
#6787=CARTESIAN_POINT('Ctrl Pts',(-122.400894765879,-1.93881790240157,11.3669245472325));
#6788=CARTESIAN_POINT('Ctrl Pts',(-122.463155085922,-0.646036376210681,
11.6479186411685));
#6789=CARTESIAN_POINT('Ctrl Pts',(-122.463155085922,-5.97416061042653E-15,
11.8000819937999));
#6790=CARTESIAN_POINT('Origin',(-93.1139949695436,31.2707268979996,21.6487265473627));
#6791=CARTESIAN_POINT('',(-91.1145877601047,31.2707268979996,20.2487265473627));
#6792=CARTESIAN_POINT('',(-93.1139949695436,31.2707268979996,21.6487265473627));
#6793=CARTESIAN_POINT('',(-91.1145877601047,88.7292731017861,20.2487265473627));
#6794=CARTESIAN_POINT('',(-91.1145877601047,88.7292731017861,20.2487265473627));
#6795=CARTESIAN_POINT('',(-91.1145877601047,88.7292731017861,20.2487265473627));
#6796=CARTESIAN_POINT('Origin',(-102.463155085922,88.7292731017861,21.6487265473627));
#6797=CARTESIAN_POINT('',(-113.811722411739,88.7292731017861,20.2487265473627));
#6798=CARTESIAN_POINT('',(-113.811722411739,88.7292731017861,20.2487265473627));
#6799=CARTESIAN_POINT('Origin',(-102.463155085922,88.7292731017861,20.2487265473627));
#6800=CARTESIAN_POINT('Origin',(-111.8123152023,31.2707268979996,21.6487265473627));
#6801=CARTESIAN_POINT('',(-113.811722411739,31.2707268979996,20.2487265473627));
#6802=CARTESIAN_POINT('',(-113.811722411739,31.2707268979996,20.2487265473627));
#6803=CARTESIAN_POINT('',(-111.8123152023,31.2707268979996,21.6487265473627));
#6804=CARTESIAN_POINT('Origin',(-102.463155085922,31.2707268979996,21.6487265473627));
#6805=CARTESIAN_POINT('Origin',(-102.463155085922,31.2707268979996,20.2487265473627));
#6806=CARTESIAN_POINT('Origin',(-121.963155085922,10.3514893855815,15.2794407927279));
#6807=CARTESIAN_POINT('',(-121.963155085928,10.1528466812429,15.7382883447679));
#6808=CARTESIAN_POINT('Origin',(-121.963155085922,10.3514893855815,15.2794407927279));
#6809=CARTESIAN_POINT('Origin',(-121.963155085922,10.3514893855815,15.2794407927279));
#6810=CARTESIAN_POINT('Ctrl Pts',(-114.908830598668,26.1882644531964,19.1487265473627));
#6811=CARTESIAN_POINT('Ctrl Pts',(-114.908830598668,26.1882644531964,-2.62974530947254));
#6812=CARTESIAN_POINT('Ctrl Pts',(-114.720275736476,19.9625039390108,19.1487265473627));
#6813=CARTESIAN_POINT('Ctrl Pts',(-114.720275736476,19.9625039390108,-2.62974530947255));
#6814=CARTESIAN_POINT('Ctrl Pts',(-117.175709441368,14.8138225275089,19.1487265473627));
#6815=CARTESIAN_POINT('Ctrl Pts',(-117.175709441368,14.813822527509,-2.62974530947256));
#6816=CARTESIAN_POINT('Ctrl Pts',(-122.275131713344,10.7422202186907,19.1487265473627));
#6817=CARTESIAN_POINT('Ctrl Pts',(-122.275131713344,10.7422202186908,-2.62974530947257));
#6818=CARTESIAN_POINT('',(-116.020207714337,19.0470017712849,19.1487265473627));
#6819=CARTESIAN_POINT('Ctrl Pts',(-122.275131713344,10.7422202186908,15.279440792728));
#6820=CARTESIAN_POINT('Ctrl Pts',(-121.921074000261,11.0249154192759,15.4042110594866));
#6821=CARTESIAN_POINT('Ctrl Pts',(-121.231625908508,11.6062145363541,15.667198427847));
#6822=CARTESIAN_POINT('Ctrl Pts',(-120.263149237248,12.5223316161026,16.0999731809178));
#6823=CARTESIAN_POINT('Ctrl Pts',(-119.361031585177,13.4863702173071,16.566788348233));
#6824=CARTESIAN_POINT('Ctrl Pts',(-118.524474609059,14.5064721221657,17.0619163345682));
#6825=CARTESIAN_POINT('Ctrl Pts',(-117.766128428965,15.5747699219125,17.572693381309));
#6826=CARTESIAN_POINT('Ctrl Pts',(-116.869021141003,17.0542184317238,18.263469122938));
#6827=CARTESIAN_POINT('Ctrl Pts',(-116.323981242791,18.231330660604,18.7918488064768));
#6828=CARTESIAN_POINT('Ctrl Pts',(-116.020207714337,19.0470017712849,19.1487265473627));
#6829=CARTESIAN_POINT('Ctrl Pts',(-116.020207714337,19.0470017712849,19.1487265473627));
#6830=CARTESIAN_POINT('Ctrl Pts',(-115.899806666266,19.3702941170881,19.1487265473627));
#6831=CARTESIAN_POINT('Ctrl Pts',(-115.789603198248,19.6961731291215,19.1487265473627));
#6832=CARTESIAN_POINT('Ctrl Pts',(-115.68930383073,20.0247449833874,19.1487265473627));
#6833=CARTESIAN_POINT('Ctrl Pts',(-115.6135502544,20.2729069973479,19.1487265473627));
#6834=CARTESIAN_POINT('Ctrl Pts',(-115.543447379122,20.5226055261684,19.1487265473627));
#6835=CARTESIAN_POINT('Ctrl Pts',(-115.478887000312,20.7738937441094,19.1487265473627));
#6836=CARTESIAN_POINT('Ctrl Pts',(-115.410079381122,21.0417134862742,19.1487265473627));
#6837=CARTESIAN_POINT('Ctrl Pts',(-115.347573397026,21.3113398589257,19.1487265473627));
#6838=CARTESIAN_POINT('Ctrl Pts',(-115.291320003317,21.58245249225,19.1487265473627));
#6839=CARTESIAN_POINT('Ctrl Pts',(-115.236962682274,21.8444270234989,19.1487265473627));
#6840=CARTESIAN_POINT('Ctrl Pts',(-115.188443245782,22.1077892215199,19.1487265473627));
#6841=CARTESIAN_POINT('Ctrl Pts',(-115.145674450014,22.3722326217773,19.1487265473627));
#6842=CARTESIAN_POINT('Ctrl Pts',(-115.10523781306,22.6222560694556,19.1487265473627));
#6843=CARTESIAN_POINT('Ctrl Pts',(-115.069940984837,22.8732505065229,19.1487265473627));
#6844=CARTESIAN_POINT('Ctrl Pts',(-115.039678845598,23.1249169748051,19.1487265473627));
#6845=CARTESIAN_POINT('Ctrl Pts',(-115.009138392219,23.3788979634269,19.1487265473627));
#6846=CARTESIAN_POINT('Ctrl Pts',(-114.983725931573,23.633561697169,19.1487265473627));
#6847=CARTESIAN_POINT('Ctrl Pts',(-114.963296070769,23.8885795133779,19.1487265473627));
#6848=CARTESIAN_POINT('Ctrl Pts',(-114.950873116312,24.0436503064157,19.1487265473627));
#6849=CARTESIAN_POINT('Ctrl Pts',(-114.940291780309,24.1988517217769,19.1487265473627));
#6850=CARTESIAN_POINT('Ctrl Pts',(-114.931512597392,24.3541071022505,19.1487265473627));
#6851=CARTESIAN_POINT('Ctrl Pts',(-114.909376586708,24.7455711819309,19.1487265473627));
#6852=CARTESIAN_POINT('Ctrl Pts',(-114.898690746719,25.1373788440782,19.1487265473627));
#6853=CARTESIAN_POINT('Ctrl Pts',(-114.898745780808,25.529403336594,19.1487265473627));
#6854=CARTESIAN_POINT('Ctrl Pts',(-114.898776603382,25.7489618677597,19.1487265473627));
#6855=CARTESIAN_POINT('Ctrl Pts',(-114.902177448934,25.9685886992575,19.1487265473627));
#6856=CARTESIAN_POINT('Ctrl Pts',(-114.90883059147,26.1882642155286,19.1487265473627));
#6857=CARTESIAN_POINT('Ctrl Pts',(-114.908830597524,93.8117355465479,19.1487265473627));
#6858=CARTESIAN_POINT('Ctrl Pts',(-114.908830597524,93.8117355465479,-2.62974530947254));
#6859=CARTESIAN_POINT('Ctrl Pts',(-114.720275735145,100.03749605992,19.1487265473627));
#6860=CARTESIAN_POINT('Ctrl Pts',(-114.720275735145,100.03749605992,-2.62974530947254));
#6861=CARTESIAN_POINT('Ctrl Pts',(-117.175709439202,105.186177470977,19.1487265473627));
#6862=CARTESIAN_POINT('Ctrl Pts',(-117.175709439202,105.186177470977,-2.62974530947254));
#6863=CARTESIAN_POINT('Ctrl Pts',(-122.275131709694,109.257779779719,19.1487265473627));
#6864=CARTESIAN_POINT('Ctrl Pts',(-122.275131709694,109.257779779719,-2.62974530947254));
#6865=CARTESIAN_POINT('',(-116.020207823441,100.952998187349,19.1487265473627));
#6866=CARTESIAN_POINT('Ctrl Pts',(-114.908830590281,93.811735785688,19.1487265473627));
#6867=CARTESIAN_POINT('Ctrl Pts',(-114.90353681183,93.9865273987095,19.1487265473627));
#6868=CARTESIAN_POINT('Ctrl Pts',(-114.900286209721,94.1619587822857,19.1487265473627));
#6869=CARTESIAN_POINT('Ctrl Pts',(-114.899176568951,94.3374539814949,19.1487265473627));
#6870=CARTESIAN_POINT('Ctrl Pts',(-114.898515365313,94.4420266208746,19.1487265473627));
#6871=CARTESIAN_POINT('Ctrl Pts',(-114.89861337265,94.5466223121931,19.1487265473627));
#6872=CARTESIAN_POINT('Ctrl Pts',(-114.899482576228,94.6511227448939,19.1487265473627));
#6873=CARTESIAN_POINT('Ctrl Pts',(-114.900010218548,94.714558805433,19.1487265473627));
#6874=CARTESIAN_POINT('Ctrl Pts',(-114.90082181163,94.7779549338597,19.1487265473627));
#6875=CARTESIAN_POINT('Ctrl Pts',(-114.901919300538,94.8413072719456,19.1487265473627));
#6876=CARTESIAN_POINT('Ctrl Pts',(-114.905790963919,95.0647983026632,19.1487265473627));
#6877=CARTESIAN_POINT('Ctrl Pts',(-114.913217166963,95.28778526705,19.1487265473627));
#6878=CARTESIAN_POINT('Ctrl Pts',(-114.924317427166,95.5105917946872,19.1487265473627));
#6879=CARTESIAN_POINT('Ctrl Pts',(-114.929017458857,95.604931722023,19.1487265473627));
#6880=CARTESIAN_POINT('Ctrl Pts',(-114.934377081481,95.6992434809951,19.1487265473627));
#6881=CARTESIAN_POINT('Ctrl Pts',(-114.940406684694,95.7935314267071,19.1487265473627));
#6882=CARTESIAN_POINT('Ctrl Pts',(-114.964714836812,96.1736502581458,19.1487265473627));
#6883=CARTESIAN_POINT('Ctrl Pts',(-114.999913226499,96.5533261261306,19.1487265473627));
#6884=CARTESIAN_POINT('Ctrl Pts',(-115.046614495966,96.9320347872643,19.1487265473627));
#6885=CARTESIAN_POINT('Ctrl Pts',(-115.067713454356,97.1031298854065,19.1487265473627));
#6886=CARTESIAN_POINT('Ctrl Pts',(-115.091159606119,97.2740277469644,19.1487265473627));
#6887=CARTESIAN_POINT('Ctrl Pts',(-115.117006202338,97.444681622354,19.1487265473627));
#6888=CARTESIAN_POINT('Ctrl Pts',(-115.154063095989,97.6893522342246,19.1487265473627));
#6889=CARTESIAN_POINT('Ctrl Pts',(-115.196058099404,97.9335210985073,19.1487265473627));
#6890=CARTESIAN_POINT('Ctrl Pts',(-115.243083356957,98.1768108418713,19.1487265473627));
#6891=CARTESIAN_POINT('Ctrl Pts',(-115.288725943758,98.4129472036266,19.1487265473627));
#6892=CARTESIAN_POINT('Ctrl Pts',(-115.339107172505,98.6482554445207,19.1487265473627));
#6893=CARTESIAN_POINT('Ctrl Pts',(-115.39426740756,98.8824083884124,19.1487265473627));
#6894=CARTESIAN_POINT('Ctrl Pts',(-115.429096034945,99.0302544885193,19.1487265473627));
#6895=CARTESIAN_POINT('Ctrl Pts',(-115.465828600836,99.1776385856921,19.1487265473627));
#6896=CARTESIAN_POINT('Ctrl Pts',(-115.504467782019,99.3244878334644,19.1487265473627));
#6897=CARTESIAN_POINT('Ctrl Pts',(-115.583184085193,99.6236512617475,19.1487265473627));
#6898=CARTESIAN_POINT('Ctrl Pts',(-115.669821459345,99.9206185021914,19.1487265473627));
#6899=CARTESIAN_POINT('Ctrl Pts',(-115.764436897508,100.215104224829,19.1487265473627));
#6900=CARTESIAN_POINT('Ctrl Pts',(-115.844044340507,100.462878328444,19.1487265473627));
#6901=CARTESIAN_POINT('Ctrl Pts',(-115.929298792499,100.708896049809,19.1487265473627));
#6902=CARTESIAN_POINT('Ctrl Pts',(-116.020207712951,100.952998228497,19.1487265473627));
#6903=CARTESIAN_POINT('Ctrl Pts',(-116.020207712951,100.952998228497,19.1487265473627));
#6904=CARTESIAN_POINT('Ctrl Pts',(-116.159420010799,101.326801206642,18.9851778319205));
#6905=CARTESIAN_POINT('Ctrl Pts',(-116.311248122936,101.694410481973,18.8224873788336));
#6906=CARTESIAN_POINT('Ctrl Pts',(-116.475589756986,102.056065537076,18.6605463927967));
#6907=CARTESIAN_POINT('Ctrl Pts',(-116.640348408959,102.418638294143,18.4981944804951));
#6908=CARTESIAN_POINT('Ctrl Pts',(-116.817684181121,102.775226570247,18.336595843624));
#6909=CARTESIAN_POINT('Ctrl Pts',(-117.007542481473,103.126051925988,18.1756408565682));
#6910=CARTESIAN_POINT('Ctrl Pts',(-117.04087556459,103.18764570788,18.1473822766083));
#6911=CARTESIAN_POINT('Ctrl Pts',(-117.074594764784,103.249061803412,18.1191435366382));
#6912=CARTESIAN_POINT('Ctrl Pts',(-117.108699939965,103.310301349146,18.0909240433913));
#6913=CARTESIAN_POINT('Ctrl Pts',(-117.227093144685,103.52288920528,17.9929624811568));
#6914=CARTESIAN_POINT('Ctrl Pts',(-117.3501402461,103.733345209279,17.8952328557895));
#6915=CARTESIAN_POINT('Ctrl Pts',(-117.47763974414,103.94141789961,17.7979445203139));
#6916=CARTESIAN_POINT('Ctrl Pts',(-117.605437283793,104.149976978682,17.7004287645508));
#6917=CARTESIAN_POINT('Ctrl Pts',(-117.737708043325,104.356141595497,17.6033563642009));
#6918=CARTESIAN_POINT('Ctrl Pts',(-117.874200486523,104.559678327141,17.5069381438684));
#6919=CARTESIAN_POINT('Ctrl Pts',(-118.011448459436,104.764341700272,17.4099862175745));
#6920=CARTESIAN_POINT('Ctrl Pts',(-118.152964968979,104.966348020687,17.3136957335368));
#6921=CARTESIAN_POINT('Ctrl Pts',(-118.298445362681,105.165479894663,17.2182810367208));
#6922=CARTESIAN_POINT('Ctrl Pts',(-118.378588432507,105.275178798237,17.1657184438192));
#6923=CARTESIAN_POINT('Ctrl Pts',(-118.459933582764,105.384005729154,17.1134216305011));
#6924=CARTESIAN_POINT('Ctrl Pts',(-118.542423635675,105.491926887925,17.061426430974));
#6925=CARTESIAN_POINT('Ctrl Pts',(-118.714431128261,105.716963086377,16.9530065235846));
#6926=CARTESIAN_POINT('Ctrl Pts',(-118.891429550671,105.938087504888,16.8458980390895));
#6927=CARTESIAN_POINT('Ctrl Pts',(-119.073374466274,106.155599135088,16.7404185049557));
#6928=CARTESIAN_POINT('Ctrl Pts',(-119.262561957245,106.381769124164,16.6307402083931));
#6929=CARTESIAN_POINT('Ctrl Pts',(-119.45709732857,106.604033079905,16.5228231287046));
#6930=CARTESIAN_POINT('Ctrl Pts',(-119.656985624722,106.822704733454,16.4170242416938));
#6931=CARTESIAN_POINT('Ctrl Pts',(-119.856873920874,107.041376387003,16.3112253546831));
#6932=CARTESIAN_POINT('Ctrl Pts',(-120.062115224984,107.256455704496,16.2075446603502));
#6933=CARTESIAN_POINT('Ctrl Pts',(-120.272769288397,107.468234131193,16.1063391344988));
#6934=CARTESIAN_POINT('Ctrl Pts',(-120.475858899171,107.672407730086,16.0087678343284));
#6935=CARTESIAN_POINT('Ctrl Pts',(-120.683961882371,107.873483884628,15.913497130892));
#6936=CARTESIAN_POINT('Ctrl Pts',(-120.896706259391,108.071302528519,15.820775139749));
#6937=CARTESIAN_POINT('Ctrl Pts',(-121.117112857299,108.276245826733,15.7247136649153));
#6938=CARTESIAN_POINT('Ctrl Pts',(-121.342501423974,108.477692651691,15.6313877977684));
#6939=CARTESIAN_POINT('Ctrl Pts',(-121.572403997126,108.675487143015,15.5410734394532));
#6940=CARTESIAN_POINT('Ctrl Pts',(-121.802306570278,108.873281634339,15.450759081138));
#6941=CARTESIAN_POINT('Ctrl Pts',(-122.036723032733,109.067423839762,15.3634562316544));
#6942=CARTESIAN_POINT('Ctrl Pts',(-122.275131709694,109.257779779719,15.2794407921473));
#6943=CARTESIAN_POINT('Origin',(-121.963155085922,109.648510615743,15.2794407921473));
#6944=CARTESIAN_POINT('',(-121.963155085965,109.847153320106,15.7382883441765));
#6945=CARTESIAN_POINT('Origin',(-121.963155085922,109.648510615743,15.2794407921473));
#6946=CARTESIAN_POINT('Origin',(-121.963155085922,109.648510615743,15.2794407921473));
#6947=CARTESIAN_POINT('Ctrl Pts',(-119.962830514363,120.235716401313,12.2576609428908));
#6948=CARTESIAN_POINT('Ctrl Pts',(-119.461898654695,120.232503180634,12.2585147807696));
#6949=CARTESIAN_POINT('Ctrl Pts',(-119.462759592908,120.115960136119,11.7713179422976));
#6950=CARTESIAN_POINT('Ctrl Pts',(-119.964784512374,119.95226387369,12.3254692287329));
#6951=CARTESIAN_POINT('Ctrl Pts',(-119.465679995818,119.957334095126,12.3243590212708));
#6952=CARTESIAN_POINT('Ctrl Pts',(-119.464657656974,119.838100756492,11.8397434385303));
#6953=CARTESIAN_POINT('Ctrl Pts',(-119.954597356148,119.386719181276,12.4655569944779));
#6954=CARTESIAN_POINT('Ctrl Pts',(-119.459838797567,119.408196746449,12.4602648786166));
#6955=CARTESIAN_POINT('Ctrl Pts',(-119.454761406523,119.283604777148,11.9811338779046));
#6956=CARTESIAN_POINT('Ctrl Pts',(-119.879637677345,118.271312171777,12.7613734654953));
#6957=CARTESIAN_POINT('Ctrl Pts',(-119.395900144816,118.324064563789,12.7470284029851));
#6958=CARTESIAN_POINT('Ctrl Pts',(-119.381943332789,118.189730076481,12.2797698106171));
#6959=CARTESIAN_POINT('Ctrl Pts',(-119.686173054052,116.900546552837,13.1618214749546));
#6960=CARTESIAN_POINT('Ctrl Pts',(-119.220958312849,116.990053207026,13.1345736753551));
#6961=CARTESIAN_POINT('Ctrl Pts',(-119.194006556915,116.84516761317,12.6841292997403));
#6962=CARTESIAN_POINT('Ctrl Pts',(-119.364215144892,115.55891641233,13.5993066347385));
#6963=CARTESIAN_POINT('Ctrl Pts',(-118.919701327904,115.673152621468,13.5613556432209));
#6964=CARTESIAN_POINT('Ctrl Pts',(-118.881248238421,115.532043197828,13.1249442512327));
#6965=CARTESIAN_POINT('Ctrl Pts',(-119.026857988648,114.493821069833,13.9608537936287));
#6966=CARTESIAN_POINT('Ctrl Pts',(-118.599203045632,114.627087173945,13.9152399690473));
#6967=CARTESIAN_POINT('Ctrl Pts',(-118.553530899395,114.493488576956,13.4878542886446));
#6968=CARTESIAN_POINT('Ctrl Pts',(-118.640969165561,113.454470611684,14.322694747265));
#6969=CARTESIAN_POINT('Ctrl Pts',(-118.233229420706,113.610314395375,14.2673625290531));
#6970=CARTESIAN_POINT('Ctrl Pts',(-118.178668795221,113.478368617253,13.8516502359496));
#6971=CARTESIAN_POINT('Ctrl Pts',(-118.071205468221,112.204373893227,14.7780133453159));
#6972=CARTESIAN_POINT('Ctrl Pts',(-117.691185550786,112.385205255769,14.7102044182851));
#6973=CARTESIAN_POINT('Ctrl Pts',(-117.625186163667,112.255848872504,14.3100056474479));
#6974=CARTESIAN_POINT('Ctrl Pts',(-117.387710997157,111.019753280601,15.2432117509368));
#6975=CARTESIAN_POINT('Ctrl Pts',(-117.034365935563,111.213447861209,15.1652164896946));
#6976=CARTESIAN_POINT('Ctrl Pts',(-116.961222616807,111.094554423221,14.7794393110167));
#6977=CARTESIAN_POINT('Ctrl Pts',(-116.773529640546,110.111668481309,15.6227464566606));
#6978=CARTESIAN_POINT('Ctrl Pts',(-116.441452187983,110.31280224474,15.5371001783784));
#6979=CARTESIAN_POINT('Ctrl Pts',(-116.364591627245,110.203684809894,15.1627307105703));
#6980=CARTESIAN_POINT('Ctrl Pts',(-116.111295004721,109.226412480599,16.0077144224854));
#6981=CARTESIAN_POINT('Ctrl Pts',(-115.804560390248,109.439169675573,15.9125135816393));
#6982=CARTESIAN_POINT('Ctrl Pts',(-115.721280725629,109.335493816782,15.5513861934097));
#6983=CARTESIAN_POINT('Ctrl Pts',(-115.212868336174,108.18705721509,16.4842010172014));
#6984=CARTESIAN_POINT('Ctrl Pts',(-114.936341659734,108.411127538507,16.3793031525372));
#6985=CARTESIAN_POINT('Ctrl Pts',(-114.848527287211,108.318434397761,16.031391737677));
#6986=CARTESIAN_POINT('Ctrl Pts',(-114.023035200893,107.041107016745,17.0266658538954));
#6987=CARTESIAN_POINT('Ctrl Pts',(-113.777615531872,107.276988166944,16.9146733822167));
#6988=CARTESIAN_POINT('Ctrl Pts',(-113.692694791284,107.202999939657,16.5749539041071));
#6989=CARTESIAN_POINT('Ctrl Pts',(-112.933103080321,106.170591992203,17.4383283691944));
#6990=CARTESIAN_POINT('Ctrl Pts',(-112.712089171378,106.416779092835,17.3224470933476));
#6991=CARTESIAN_POINT('Ctrl Pts',(-112.63390873721,106.358851832801,16.9858858486409));
#6992=CARTESIAN_POINT('Ctrl Pts',(-111.997445290688,105.527935732628,17.738812664936));
#6993=CARTESIAN_POINT('Ctrl Pts',(-111.797029232881,105.783101698988,17.6200286705548));
#6994=CARTESIAN_POINT('Ctrl Pts',(-111.724988568508,105.736420750667,17.2854740940027));
#6995=CARTESIAN_POINT('Ctrl Pts',(-111.020785406411,104.925223800275,18.0181592149381));
#6996=CARTESIAN_POINT('Ctrl Pts',(-110.84328312208,105.190295088706,17.896249507573));
#6997=CARTESIAN_POINT('Ctrl Pts',(-110.77623812108,105.152991257159,17.5638375354949));
#6998=CARTESIAN_POINT('Ctrl Pts',(-109.757131003991,104.268326263016,18.3182058991182));
#6999=CARTESIAN_POINT('Ctrl Pts',(-109.607861836864,104.543953405005,18.1933226740038));
#7000=CARTESIAN_POINT('Ctrl Pts',(-109.548694483137,104.517367684226,17.8627069740216));
#7001=CARTESIAN_POINT('Ctrl Pts',(-108.164443264529,103.628704554229,18.6055805522158));
#7002=CARTESIAN_POINT('Ctrl Pts',(-108.048688110697,103.914232540587,18.478121606996));
#7003=CARTESIAN_POINT('Ctrl Pts',(-108.001520156291,103.898477623397,18.1489466695207));
#7004=CARTESIAN_POINT('Ctrl Pts',(-106.774862693511,103.223954459456,18.7850901055753));
#7005=CARTESIAN_POINT('Ctrl Pts',(-106.687126622184,103.515539917432,18.6561306820587));
#7006=CARTESIAN_POINT('Ctrl Pts',(-106.6516489376,103.506810049771,18.3277638429316));
#7007=CARTESIAN_POINT('Ctrl Pts',(-105.622696302256,102.981390073417,18.8920085952045));
#7008=CARTESIAN_POINT('Ctrl Pts',(-105.55829140661,103.276728399169,18.7620988214135));
#7009=CARTESIAN_POINT('Ctrl Pts',(-105.532407468442,103.272068278269,18.4342779402923));
#7010=CARTESIAN_POINT('Ctrl Pts',(-104.469983897004,102.799038804793,18.9720950779793));
#7011=CARTESIAN_POINT('Ctrl Pts',(-104.429452206869,103.09729031898,18.8414321177005));
#7012=CARTESIAN_POINT('Ctrl Pts',(-104.412635626275,103.095589744071,18.5140651453952));
#7013=CARTESIAN_POINT('Ctrl Pts',(-103.020835492495,102.680221954114,19.0240417020129));
#7014=CARTESIAN_POINT('Ctrl Pts',(-103.009645063438,102.980293358496,18.8929233935894));
#7015=CARTESIAN_POINT('Ctrl Pts',(-103.004898903643,102.980592157206,18.5658209389846));
#7016=CARTESIAN_POINT('Ctrl Pts',(-101.565054185227,102.706059038739,19.0127634016759));
#7017=CARTESIAN_POINT('Ctrl Pts',(-101.58312297179,103.005742195388,18.8817407554483));
#7018=CARTESIAN_POINT('Ctrl Pts',(-101.590718822499,103.005599296491,18.5545838156755));
#7019=CARTESIAN_POINT('Ctrl Pts',(-100.390772295152,102.816349715101,18.9644731065239));
#7020=CARTESIAN_POINT('Ctrl Pts',(-100.432937094301,103.11428685815,18.8338984046379));
#7021=CARTESIAN_POINT('Ctrl Pts',(-100.449993882962,103.112342539823,18.5064719297804));
#7022=CARTESIAN_POINT('Ctrl Pts',(-99.2306892152786,102.985113088302,18.8904023852131));
#7023=CARTESIAN_POINT('Ctrl Pts',(-99.296308438405,103.280429087798,18.7604915683056));
#7024=CARTESIAN_POINT('Ctrl Pts',(-99.3230619754854,103.275672324979,18.4326773119038));
#7025=CARTESIAN_POINT('Ctrl Pts',(-97.8155140862322,103.301446428268,18.7509728536513));
#7026=CARTESIAN_POINT('Ctrl Pts',(-97.9095094466992,103.592012635997,18.6222358811372));
#7027=CARTESIAN_POINT('Ctrl Pts',(-97.9483276316088,103.581803317379,18.2937754400679));
#7028=CARTESIAN_POINT('Ctrl Pts',(-96.1702953515124,103.844269490579,18.5092277856706));
#7029=CARTESIAN_POINT('Ctrl Pts',(-96.2983466054696,104.126485123618,18.3826158813159));
#7030=CARTESIAN_POINT('Ctrl Pts',(-96.3501235000787,104.107060654757,18.0529720869552));
#7031=CARTESIAN_POINT('Ctrl Pts',(-94.5745369411514,104.554432755305,18.1883022195752));
#7032=CARTESIAN_POINT('Ctrl Pts',(-94.7364498026762,104.825690799007,18.0645768176133));
#7033=CARTESIAN_POINT('Ctrl Pts',(-94.7999662211537,104.794194421711,17.7333194662052));
#7034=CARTESIAN_POINT('Ctrl Pts',(-93.0913168238337,105.399552679918,17.7994792155387));
#7035=CARTESIAN_POINT('Ctrl Pts',(-93.2857910150595,105.657924782963,17.6794111132285));
#7036=CARTESIAN_POINT('Ctrl Pts',(-93.3591311966892,105.612042925924,17.3459756706015));
#7037=CARTESIAN_POINT('Ctrl Pts',(-91.7100287685595,106.372468038535,17.3435738988923));
#7038=CARTESIAN_POINT('Ctrl Pts',(-91.9359558736637,106.616974055052,17.2280395993648));
#7039=CARTESIAN_POINT('Ctrl Pts',(-92.0173152403241,106.554322861094,16.8914405262605));
#7040=CARTESIAN_POINT('Ctrl Pts',(-90.4249463732709,107.4757205515,16.8202314487461));
#7041=CARTESIAN_POINT('Ctrl Pts',(-90.682242441452,107.706787498723,16.7106648006744));
#7042=CARTESIAN_POINT('Ctrl Pts',(-90.7689555247642,107.625364721433,16.3684359659139));
#7043=CARTESIAN_POINT('Ctrl Pts',(-89.2744875062973,108.667414910046,16.2604567672479));
#7044=CARTESIAN_POINT('Ctrl Pts',(-89.5638352563586,108.887476793819,16.1591302010408));
#7045=CARTESIAN_POINT('Ctrl Pts',(-89.6513720074941,108.787762962327,15.8063383412121));
#7046=CARTESIAN_POINT('Ctrl Pts',(-88.4179211894256,109.734895456978,15.7826760166316));
#7047=CARTESIAN_POINT('Ctrl Pts',(-88.7383791292697,109.94284550255,15.6922334155524));
#7048=CARTESIAN_POINT('Ctrl Pts',(-88.8192826369895,109.834056162611,15.3242422933275));
#7049=CARTESIAN_POINT('Ctrl Pts',(-87.7930416412971,110.637296491391,15.402023709333));
#7050=CARTESIAN_POINT('Ctrl Pts',(-88.1385595176054,110.832597517658,15.3214691400504));
#7051=CARTESIAN_POINT('Ctrl Pts',(-88.2122593172062,110.719355920924,14.9398199190228));
#7052=CARTESIAN_POINT('Ctrl Pts',(-87.2070407040292,111.576836719645,15.0218041255166));
#7053=CARTESIAN_POINT('Ctrl Pts',(-87.5738061224408,111.763302857178,14.9491633184019));
#7054=CARTESIAN_POINT('Ctrl Pts',(-87.643003435854,111.640805052024,14.5559564574779));
#7055=CARTESIAN_POINT('Ctrl Pts',(-86.5647869123246,112.795617205187,14.5580723463358));
#7056=CARTESIAN_POINT('Ctrl Pts',(-86.9577806336474,112.966826390784,14.495714733137));
#7057=CARTESIAN_POINT('Ctrl Pts',(-87.0191020723463,112.834425683462,14.0884552137279));
#7058=CARTESIAN_POINT('Ctrl Pts',(-85.9394836827639,114.320238608827,14.01757524019));
#7059=CARTESIAN_POINT('Ctrl Pts',(-86.3626513922455,114.463077235241,13.9686310472455));
#7060=CARTESIAN_POINT('Ctrl Pts',(-86.4116668368324,114.324436214527,13.5447184752728));
#7061=CARTESIAN_POINT('Ctrl Pts',(-85.5398631753325,115.64142118584,13.5709128830122));
#7062=CARTESIAN_POINT('Ctrl Pts',(-85.9859401180711,115.754078846348,13.5336912748881));
#7063=CARTESIAN_POINT('Ctrl Pts',(-86.0234653457236,115.612515516332,13.096423893452));
#7064=CARTESIAN_POINT('Ctrl Pts',(-85.2943633666356,116.725254356936,13.2232131634916));
#7065=CARTESIAN_POINT('Ctrl Pts',(-85.7575908779591,116.811860747485,13.1963218369085));
#7066=CARTESIAN_POINT('Ctrl Pts',(-85.7849804270609,116.673858047086,12.7459128422818));
#7067=CARTESIAN_POINT('Ctrl Pts',(-85.1002881361737,117.828224590582,12.887682774957));
#7068=CARTESIAN_POINT('Ctrl Pts',(-85.578335776841,117.892302201399,12.8694276849308));
#7069=CARTESIAN_POINT('Ctrl Pts',(-85.5964505486295,117.755025973414,12.4073382598543));
#7070=CARTESIAN_POINT('Ctrl Pts',(-84.9596916962797,119.21330001261,12.5029656185148));
#7071=CARTESIAN_POINT('Ctrl Pts',(-85.4535585580446,119.245076524309,12.4953324433464));
#7072=CARTESIAN_POINT('Ctrl Pts',(-85.4598712012919,119.113662722479,12.018861895533));
#7073=CARTESIAN_POINT('Ctrl Pts',(-84.9540987647504,120.616361654662,12.1627473158857));
#7074=CARTESIAN_POINT('Ctrl Pts',(-85.4582225638694,120.606115150952,12.1655257770477));
#7075=CARTESIAN_POINT('Ctrl Pts',(-85.4544376204602,120.489201852464,11.6755174822423));
#7076=CARTESIAN_POINT('Ctrl Pts',(-85.0333393956242,121.747247941715,11.9157611003721));
#7077=CARTESIAN_POINT('Ctrl Pts',(-85.5415581611716,121.702733322595,11.9253488640508));
#7078=CARTESIAN_POINT('Ctrl Pts',(-85.5314135483855,121.597171830684,11.4264204915344));
#7079=CARTESIAN_POINT('Ctrl Pts',(-85.1705352478105,122.887436420351,11.6840496282088));
#7080=CARTESIAN_POINT('Ctrl Pts',(-85.6806651657533,122.810793873289,11.6990450704238));
#7081=CARTESIAN_POINT('Ctrl Pts',(-85.6646886250823,122.713733923128,11.1928381947593));
#7082=CARTESIAN_POINT('Ctrl Pts',(-85.4467785463699,124.288733254871,11.4291761250222));
#7083=CARTESIAN_POINT('Ctrl Pts',(-85.9546084625573,124.170101903381,11.4497684522198));
#7084=CARTESIAN_POINT('Ctrl Pts',(-85.9330377548331,124.085024295147,10.9360943370121));
#7085=CARTESIAN_POINT('Ctrl Pts',(-85.9422013231648,125.930014263798,11.1700795361737));
#7086=CARTESIAN_POINT('Ctrl Pts',(-86.4396071624895,125.759732960477,11.1955730081366));
#7087=CARTESIAN_POINT('Ctrl Pts',(-86.414303144797,125.689814971063,10.6753134419403));
#7088=CARTESIAN_POINT('Ctrl Pts',(-86.4932547946048,127.263392207569,10.9870636319142));
#7089=CARTESIAN_POINT('Ctrl Pts',(-86.975962199913,127.050333266546,11.015286619238));
#7090=CARTESIAN_POINT('Ctrl Pts',(-86.9496096277047,126.992615921979,10.4912386280697));
#7091=CARTESIAN_POINT('Ctrl Pts',(-87.0198953560008,128.306624320611,10.8577156166854));
#7092=CARTESIAN_POINT('Ctrl Pts',(-87.4876471559302,128.060652773111,10.8873406104095));
#7093=CARTESIAN_POINT('Ctrl Pts',(-87.4612008834161,128.011466137703,10.3611983208939));
#7094=CARTESIAN_POINT('Ctrl Pts',(-87.5934609671162,129.313677464901,10.7411393410635));
#7095=CARTESIAN_POINT('Ctrl Pts',(-88.0446867697076,129.036481927139,10.7716816980365));
#7096=CARTESIAN_POINT('Ctrl Pts',(-88.0183762904102,128.994712954784,10.2440303198503));
#7097=CARTESIAN_POINT('Ctrl Pts',(-88.4002740536676,130.51256907395,10.6160304353099));
#7098=CARTESIAN_POINT('Ctrl Pts',(-88.8272602731908,130.197995638549,10.6470998085573));
#7099=CARTESIAN_POINT('Ctrl Pts',(-88.802133922789,130.164825872793,10.1183345706825));
#7100=CARTESIAN_POINT('Ctrl Pts',(-89.5081763657988,131.852022165621,10.4931881696322));
#7101=CARTESIAN_POINT('Ctrl Pts',(-89.9011355630637,131.49609549214,10.5241123980433));
#7102=CARTESIAN_POINT('Ctrl Pts',(-89.8783768988316,131.471604570944,9.99496484375652));
#7103=CARTESIAN_POINT('Ctrl Pts',(-90.7657899879587,133.094015386884,10.3927688114859));
#7104=CARTESIAN_POINT('Ctrl Pts',(-91.1198951727229,132.700296928822,10.4229926415157));
#7105=CARTESIAN_POINT('Ctrl Pts',(-91.1000530617234,132.68290073611,9.89414730027499));
#7106=CARTESIAN_POINT('Ctrl Pts',(-92.1227942113823,134.188065897393,10.3142650889158));
#7107=CARTESIAN_POINT('Ctrl Pts',(-92.4350387395308,133.761566953746,10.3434725219527));
#7108=CARTESIAN_POINT('Ctrl Pts',(-92.4182796522493,133.749625726459,9.81535313494269));
#7109=CARTESIAN_POINT('Ctrl Pts',(-93.3381892633085,134.98386263216,10.2630260910496));
#7110=CARTESIAN_POINT('Ctrl Pts',(-93.6133413933672,134.533997109369,10.2912612371071));
#7111=CARTESIAN_POINT('Ctrl Pts',(-93.5989436854643,134.525383728244,9.763935195017));
#7112=CARTESIAN_POINT('Ctrl Pts',(-94.3600782135123,135.548700243844,10.2291244723719));
#7113=CARTESIAN_POINT('Ctrl Pts',(-94.6042090380234,135.08237998017,10.2565822247282));
#7114=CARTESIAN_POINT('Ctrl Pts',(-94.5916312253829,135.075931752615,9.72991915124945));
#7115=CARTESIAN_POINT('Ctrl Pts',(-95.4197055951384,136.066615793633,10.1994570672545));
#7116=CARTESIAN_POINT('Ctrl Pts',(-95.6313883784669,135.585110092718,10.22616263335));
#7117=CARTESIAN_POINT('Ctrl Pts',(-95.6209787701511,135.580706910565,9.70015384230472));
#7118=CARTESIAN_POINT('Ctrl Pts',(-96.7772173447525,136.607115186412,10.1705609374317));
#7119=CARTESIAN_POINT('Ctrl Pts',(-96.9475864725329,136.10995960268,10.1964045399832));
#7120=CARTESIAN_POINT('Ctrl Pts',(-96.9396983548711,136.10743850218,9.67116537858183));
#7121=CARTESIAN_POINT('Ctrl Pts',(-98.4532376491095,137.088556228659,10.1465283089193));
#7122=CARTESIAN_POINT('Ctrl Pts',(-98.5731643841777,136.577662472108,10.1715419654327));
#7123=CARTESIAN_POINT('Ctrl Pts',(-98.5678248131754,136.576572031219,9.64705817774878));
#7124=CARTESIAN_POINT('Ctrl Pts',(-99.8895892943446,137.350929986845,10.1340736531749));
#7125=CARTESIAN_POINT('Ctrl Pts',(-99.9666075817357,136.832620777683,10.1586125453389));
#7126=CARTESIAN_POINT('Ctrl Pts',(-99.9631313651929,136.832222109441,9.63456566598373));
#7127=CARTESIAN_POINT('Ctrl Pts',(-101.063988817964,137.474693668552,10.1283028090042));
#7128=CARTESIAN_POINT('Ctrl Pts',(-101.105878494828,136.952872813474,10.1526154872146));
#7129=CARTESIAN_POINT('Ctrl Pts',(-101.103971316147,136.952811551119,9.6287774034476));
#7130=CARTESIAN_POINT('Ctrl Pts',(-102.232246691457,137.538576622372,10.125354109745));
#7131=CARTESIAN_POINT('Ctrl Pts',(-102.2391251201,137.014941744442,10.1495492179333));
#7132=CARTESIAN_POINT('Ctrl Pts',(-102.238845116144,137.015055302272,9.62581984017502));
#7133=CARTESIAN_POINT('Ctrl Pts',(-103.687381787538,137.509170502644,10.1267024800121));
#7134=CARTESIAN_POINT('Ctrl Pts',(-103.650828146109,136.98636654028,10.1509521627785));
#7135=CARTESIAN_POINT('Ctrl Pts',(-103.652398355231,136.986403953026,9.62717225335266));
#7136=CARTESIAN_POINT('Ctrl Pts',(-105.42077827154,137.302032285495,10.1363286814456));
#7137=CARTESIAN_POINT('Ctrl Pts',(-105.332405398627,136.785080879285,10.1609591803236));
#7138=CARTESIAN_POINT('Ctrl Pts',(-105.336261403373,136.784579149831,9.63682746898684));
#7139=CARTESIAN_POINT('Ctrl Pts',(-107.151452522698,136.916030093568,10.1549697489728));
#7140=CARTESIAN_POINT('Ctrl Pts',(-107.011150733761,136.410044069368,10.1802866709315));
#7141=CARTESIAN_POINT('Ctrl Pts',(-107.017480015434,136.40846071198,9.6555255910177));
#7142=CARTESIAN_POINT('Ctrl Pts',(-108.81064042588,136.365910322044,10.1831469740136));
#7143=CARTESIAN_POINT('Ctrl Pts',(-108.620277648236,135.875678839982,10.2093879723122));
#7144=CARTESIAN_POINT('Ctrl Pts',(-108.629255077879,135.872385736388,9.68379120387787));
#7145=CARTESIAN_POINT('Ctrl Pts',(-110.138275089768,135.774618206847,10.2158112848156));
#7146=CARTESIAN_POINT('Ctrl Pts',(-109.907378619896,135.301593705071,10.24295781121));
#7147=CARTESIAN_POINT('Ctrl Pts',(-109.918951345467,135.296127695066,9.71656143465427));
#7148=CARTESIAN_POINT('Ctrl Pts',(-111.165593521946,135.221782492813,10.2486360671718));
#7149=CARTESIAN_POINT('Ctrl Pts',(-110.903166901584,134.765037901834,10.2765440641932));
#7150=CARTESIAN_POINT('Ctrl Pts',(-110.916913202092,134.757287520329,9.74949641507032));
#7151=CARTESIAN_POINT('Ctrl Pts',(-111.92104939087,134.764965792353,10.2771227181195));
#7152=CARTESIAN_POINT('Ctrl Pts',(-111.635506091774,134.321672215182,10.3056155829968));
#7153=CARTESIAN_POINT('Ctrl Pts',(-111.650781227122,134.311998817163,9.77808104945215));
#7154=CARTESIAN_POINT('Ctrl Pts',(-112.650061193388,134.27224794229,10.3094949066539));
#7155=CARTESIAN_POINT('Ctrl Pts',(-112.342149026853,133.843557126363,10.3385575535069));
#7156=CARTESIAN_POINT('Ctrl Pts',(-112.358960851329,133.831669992223,9.81056760675011));
#7157=CARTESIAN_POINT('Ctrl Pts',(-113.581012209276,133.572815555425,10.3580183693376));
#7158=CARTESIAN_POINT('Ctrl Pts',(-113.244634955534,133.164868209733,10.3878015171593));
#7159=CARTESIAN_POINT('Ctrl Pts',(-113.263309098752,133.149753099521,9.85926757754895));
#7160=CARTESIAN_POINT('Ctrl Pts',(-114.672076212024,132.617796665771,10.4298647654614));
#7161=CARTESIAN_POINT('Ctrl Pts',(-114.302156307192,132.238507393888,10.460414236055));
#7162=CARTESIAN_POINT('Ctrl Pts',(-114.32319495774,132.218493113312,9.93138703214869));
#7163=CARTESIAN_POINT('Ctrl Pts',(-115.664943537408,131.558088832193,10.519746119072));
#7164=CARTESIAN_POINT('Ctrl Pts',(-115.264303045404,131.211317269356,10.5507122554888));
#7165=CARTESIAN_POINT('Ctrl Pts',(-115.287690185302,131.18485386252,10.0216354253913));
#7166=CARTESIAN_POINT('Ctrl Pts',(-116.401075684855,130.642863880238,10.6055096456352));
#7167=CARTESIAN_POINT('Ctrl Pts',(-115.977990110334,130.32429084962,10.6365035559825));
#7168=CARTESIAN_POINT('Ctrl Pts',(-116.002786674295,130.291898271837,10.1077732533496));
#7169=CARTESIAN_POINT('Ctrl Pts',(-117.425735055102,129.22819316102,10.7471012512333));
#7170=CARTESIAN_POINT('Ctrl Pts',(-116.971591826876,128.953501402952,10.7777508371085));
#7171=CARTESIAN_POINT('Ctrl Pts',(-116.998165435381,128.911371696397,10.2500120733499));
#7172=CARTESIAN_POINT('Ctrl Pts',(-118.258059419551,127.713482633888,10.9230307920542));
#7173=CARTESIAN_POINT('Ctrl Pts',(-117.778942879983,127.488409108875,10.9519348633845));
#7174=CARTESIAN_POINT('Ctrl Pts',(-117.806705275722,127.43246203851,10.4268224790426));
#7175=CARTESIAN_POINT('Ctrl Pts',(-118.899682037882,126.100998727752,11.1491876973641));
#7176=CARTESIAN_POINT('Ctrl Pts',(-118.405174826903,125.923954893033,11.1750926350509));
#7177=CARTESIAN_POINT('Ctrl Pts',(-118.42999281568,125.856790855395,10.6543149434854));
#7178=CARTESIAN_POINT('Ctrl Pts',(-119.274413689709,125.000978724481,11.3148398308356));
#7179=CARTESIAN_POINT('Ctrl Pts',(-118.771003312501,124.858828227611,11.3378404801575));
#7180=CARTESIAN_POINT('Ctrl Pts',(-118.794016026828,124.781499176592,10.8210054112798));
#7181=CARTESIAN_POINT('Ctrl Pts',(-119.632406667944,123.616978402894,11.5462001609209));
#7182=CARTESIAN_POINT('Ctrl Pts',(-119.122431805234,123.519284860283,11.5642439207851));
#7183=CARTESIAN_POINT('Ctrl Pts',(-119.141778796552,123.427829016103,11.0539449018244));
#7184=CARTESIAN_POINT('Ctrl Pts',(-119.851151910691,122.21571594459,11.8162251953513));
#7185=CARTESIAN_POINT('Ctrl Pts',(-119.341429872521,122.159228077964,11.8280038110706));
#7186=CARTESIAN_POINT('Ctrl Pts',(-119.354272893379,122.056066180805,11.3260517075069));
#7187=CARTESIAN_POINT('Ctrl Pts',(-119.942873397622,121.087433880918,12.0587073819617));
#7188=CARTESIAN_POINT('Ctrl Pts',(-119.43696045178,121.061966519508,12.0645914325164));
#7189=CARTESIAN_POINT('Ctrl Pts',(-119.443373044942,120.950760691804,11.5705809827334));
#7190=CARTESIAN_POINT('Ctrl Pts',(-119.96087651757,120.519168752344,12.1898526992936));
#7191=CARTESIAN_POINT('Ctrl Pts',(-119.458103012268,120.508712975459,12.1924215126043));
#7192=CARTESIAN_POINT('Ctrl Pts',(-119.460861529782,120.393819378112,11.7028924799585));
#7193=CARTESIAN_POINT('Ctrl Pts',(-119.962830514363,120.235716401313,12.2576609428908));
#7194=CARTESIAN_POINT('Ctrl Pts',(-119.461898654695,120.232503180634,12.2585147807696));
#7195=CARTESIAN_POINT('Ctrl Pts',(-119.462759592908,120.115960136119,11.7713179422976));
#7196=CARTESIAN_POINT('Ctrl Pts',(-119.96275396228,119.999994485396,12.3145796296468));
#7197=CARTESIAN_POINT('Ctrl Pts',(-119.963287472101,120.078496741621,12.2954351282891));
#7198=CARTESIAN_POINT('Ctrl Pts',(-119.963281159054,120.157084910953,12.2764553086853));
#7199=CARTESIAN_POINT('Ctrl Pts',(-119.96273617708,120.235712989528,12.257649370042));
#7200=CARTESIAN_POINT('Ctrl Pts',(-82.9631550859217,120.117409241163,12.2861016128336));
#7201=CARTESIAN_POINT('Ctrl Pts',(-82.4631550859216,120.117409241163,12.2861016128336));
#7202=CARTESIAN_POINT('Ctrl Pts',(-82.4631550859216,120.,11.8000819937959));
#7203=CARTESIAN_POINT('Ctrl Pts',(-82.9631550858456,119.237484609299,12.4986676888954));
#7204=CARTESIAN_POINT('Ctrl Pts',(-82.4631550926674,119.237484619084,12.4986676895906));
#7205=CARTESIAN_POINT('Ctrl Pts',(-82.4631550859216,119.112020658679,12.014593870328));
#7206=CARTESIAN_POINT('Ctrl Pts',(-82.9631550859375,117.929405214513,12.8500779722189));
#7207=CARTESIAN_POINT('Ctrl Pts',(-82.4631550844611,117.929405212387,12.8500779720695));
#7208=CARTESIAN_POINT('Ctrl Pts',(-82.4631550859215,117.791164540256,12.3694238112569));
#7209=CARTESIAN_POINT('Ctrl Pts',(-82.9631550859202,116.206715761912,13.3851306625129));
#7210=CARTESIAN_POINT('Ctrl Pts',(-82.4631550861069,116.206715762194,13.3851306625303));
#7211=CARTESIAN_POINT('Ctrl Pts',(-82.4631550859216,116.052521525635,12.9094659339712));
#7212=CARTESIAN_POINT('Ctrl Pts',(-82.9631550859138,114.488427289043,13.9577664941342));
#7213=CARTESIAN_POINT('Ctrl Pts',(-82.4631550862698,114.488427289476,13.9577664941798));
#7214=CARTESIAN_POINT('Ctrl Pts',(-82.4631550859217,114.325788261172,13.4849409221794));
#7215=CARTESIAN_POINT('Ctrl Pts',(-82.9631550859993,112.352737869937,14.7084455345623));
#7216=CARTESIAN_POINT('Ctrl Pts',(-82.4631550818618,112.352737864624,14.7084455340655));
#7217=CARTESIAN_POINT('Ctrl Pts',(-82.4631550859216,112.179166160881,14.2393745819102));
#7218=CARTESIAN_POINT('Ctrl Pts',(-82.963155085757,110.677379912881,15.3788695024796));
#7219=CARTESIAN_POINT('Ctrl Pts',(-82.4631550945748,110.677379924221,15.3788695035363));
#7220=CARTESIAN_POINT('Ctrl Pts',(-82.4631550859218,110.486634452666,14.9166031020446));
#7221=CARTESIAN_POINT('Ctrl Pts',(-82.9631550859218,109.847153320162,15.7382883441525));
#7222=CARTESIAN_POINT('Ctrl Pts',(-82.4631550859218,109.847153320162,15.7382883441526));
#7223=CARTESIAN_POINT('Ctrl Pts',(-82.4631550859218,109.648510615755,15.2794407921421));
#7224=CARTESIAN_POINT('',(-82.9631550859216,109.847153320073,15.738288344191));
#7225=CARTESIAN_POINT('Origin',(-82.9631550859216,109.648510615743,15.2794407921473));
#7226=CARTESIAN_POINT('',(-82.9631550859216,120.117409241163,12.2861016128336));
#7227=CARTESIAN_POINT('Origin',(-82.9631550859217,120.,11.8000819937959));
#7228=CARTESIAN_POINT('Ctrl Pts',(-82.9631550859217,109.847153320162,15.7382883441525));
#7229=CARTESIAN_POINT('Ctrl Pts',(-82.9631550858394,110.262162414711,15.5586240340056));
#7230=CARTESIAN_POINT('Ctrl Pts',(-82.9631550858284,110.679582973674,15.3847762162454));
#7231=CARTESIAN_POINT('Ctrl Pts',(-82.9631550858409,111.099058168269,15.2161233754251));
#7232=CARTESIAN_POINT('Ctrl Pts',(-82.9631550858534,111.517794118232,15.0477677529122));
#7233=CARTESIAN_POINT('Ctrl Pts',(-82.9631550858891,111.938577623081,14.8845875381124));
#7234=CARTESIAN_POINT('Ctrl Pts',(-82.9631550858999,112.361036264494,14.725915718456));
#7235=CARTESIAN_POINT('Ctrl Pts',(-82.9631550859108,112.78460029988,14.5668287223634));
#7236=CARTESIAN_POINT('Ctrl Pts',(-82.9631550859162,113.209844021875,14.4122693861552));
#7237=CARTESIAN_POINT('Ctrl Pts',(-82.9631550859183,113.636295472426,14.2611362750385));
#7238=CARTESIAN_POINT('Ctrl Pts',(-82.9631550859194,113.849521197701,14.1855697194801));
#7239=CARTESIAN_POINT('Ctrl Pts',(-82.9631550859197,114.063049039773,14.1108600674235));
#7240=CARTESIAN_POINT('Ctrl Pts',(-82.9631550859194,114.276820895176,14.0368713799666));
#7241=CARTESIAN_POINT('Ctrl Pts',(-82.9631550859192,114.387969600806,13.9984016439642));
#7242=CARTESIAN_POINT('Ctrl Pts',(-82.9631550859189,114.499184280619,13.9601268286402));
#7243=CARTESIAN_POINT('Ctrl Pts',(-82.9631550859185,114.610456811552,13.9220279189789));
#7244=CARTESIAN_POINT('Ctrl Pts',(-82.9631550859182,114.687606413987,13.895612453195));
#7245=CARTESIAN_POINT('Ctrl Pts',(-82.9631550859178,114.764783827161,13.8692815499043));
#7246=CARTESIAN_POINT('Ctrl Pts',(-82.9631550859174,114.841986350138,13.8430288860216));
#7247=CARTESIAN_POINT('Ctrl Pts',(-82.9631550859173,114.867591776805,13.8343217786121));
#7248=CARTESIAN_POINT('Ctrl Pts',(-82.9631550859172,114.893199933043,13.8256232888537));
#7249=CARTESIAN_POINT('Ctrl Pts',(-82.963155085917,114.918810818725,13.8169331529556));
#7250=CARTESIAN_POINT('Ctrl Pts',(-82.9631550859147,115.347198022444,13.6715753131877));
#7251=CARTESIAN_POINT('Ctrl Pts',(-82.9631550859138,115.776782099649,13.5284060054106));
#7252=CARTESIAN_POINT('Ctrl Pts',(-82.9631550859146,116.207265884378,13.3898285551788));
#7253=CARTESIAN_POINT('Ctrl Pts',(-82.9631550859151,116.422159908751,13.3206518125836));
#7254=CARTESIAN_POINT('Ctrl Pts',(-82.9631550859159,116.637278010712,13.2526197476989));
#7255=CARTESIAN_POINT('Ctrl Pts',(-82.9631550859162,116.852769930896,13.185842209141));
#7256=CARTESIAN_POINT('Ctrl Pts',(-82.9631550859163,116.965510816221,13.1509055915152));
#7257=CARTESIAN_POINT('Ctrl Pts',(-82.9631550859163,117.078354033276,13.1163123630378));
#7258=CARTESIAN_POINT('Ctrl Pts',(-82.963155085916,117.191321097582,13.0820782824498));
#7259=CARTESIAN_POINT('Ctrl Pts',(-82.9631550859158,117.269397862302,13.0584175254682));
#7260=CARTESIAN_POINT('Ctrl Pts',(-82.9631550859154,117.347533787787,13.0349283277776));
#7261=CARTESIAN_POINT('Ctrl Pts',(-82.9631550859149,117.425735990325,13.0116158968856));
#7262=CARTESIAN_POINT('Ctrl Pts',(-82.9631550859147,117.450656370726,13.0041870185796));
#7263=CARTESIAN_POINT('Ctrl Pts',(-82.9631550859145,117.475583529307,12.9967760764449));
#7264=CARTESIAN_POINT('Ctrl Pts',(-82.9631550859143,117.500517551956,12.9893832819476));
#7265=CARTESIAN_POINT('Ctrl Pts',(-82.9631550859086,118.164480457837,12.7925220940771));
#7266=CARTESIAN_POINT('Ctrl Pts',(-82.9631550858712,118.832329346458,12.6088246822378));
#7267=CARTESIAN_POINT('Ctrl Pts',(-82.9631550858884,119.504051865558,12.4381154558601));
#7268=CARTESIAN_POINT('Ctrl Pts',(-82.9631550858937,119.708147099985,12.3862474023325));
#7269=CARTESIAN_POINT('Ctrl Pts',(-82.963155085904,119.912599800386,12.3355780538717));
#7270=CARTESIAN_POINT('Ctrl Pts',(-82.9631550859217,120.117409241163,12.2861016128336));
#7271=CARTESIAN_POINT('Ctrl Pts',(-121.963155085922,109.84715332016,15.7382883441534));
#7272=CARTESIAN_POINT('Ctrl Pts',(-122.463155085922,109.84715332016,15.7382883441533));
#7273=CARTESIAN_POINT('Ctrl Pts',(-122.463155085922,109.648510615753,15.2794407921429));
#7274=CARTESIAN_POINT('Ctrl Pts',(-121.963155085763,110.677379898988,15.3788695084939));
#7275=CARTESIAN_POINT('Ctrl Pts',(-122.463155085258,110.677379898328,15.3788695079047));
#7276=CARTESIAN_POINT('Ctrl Pts',(-122.463155085922,110.486634438628,14.9166031081012));
#7277=CARTESIAN_POINT('Ctrl Pts',(-121.963155085997,112.352737876535,14.7084455317053));
#7278=CARTESIAN_POINT('Ctrl Pts',(-122.463155086206,112.352737876817,14.7084455319808));
#7279=CARTESIAN_POINT('Ctrl Pts',(-122.463155085922,112.179166167549,14.2393745790331));
#7280=CARTESIAN_POINT('Ctrl Pts',(-121.963155085913,114.488427288218,13.9577664944907));
#7281=CARTESIAN_POINT('Ctrl Pts',(-122.46315508597,114.488427288266,13.9577664944694));
#7282=CARTESIAN_POINT('Ctrl Pts',(-122.463155085922,114.325788260338,13.4849409225384));
#7283=CARTESIAN_POINT('Ctrl Pts',(-121.963155085922,116.206715762058,13.385130662449));
#7284=CARTESIAN_POINT('Ctrl Pts',(-122.463155085778,116.206715761915,13.3851306624322));
#7285=CARTESIAN_POINT('Ctrl Pts',(-122.463155085922,116.052521525785,12.9094659339069));
#7286=CARTESIAN_POINT('Ctrl Pts',(-121.963155085929,117.929405214424,12.8500779722579));
#7287=CARTESIAN_POINT('Ctrl Pts',(-122.463155086734,117.929405215233,12.8500779723801));
#7288=CARTESIAN_POINT('Ctrl Pts',(-122.463155085922,117.791164540157,12.3694238112962));
#7289=CARTESIAN_POINT('Ctrl Pts',(-121.963155085884,119.237484609278,12.4986676889006));
#7290=CARTESIAN_POINT('Ctrl Pts',(-122.463155082291,119.237484605663,12.4986676883401));
#7291=CARTESIAN_POINT('Ctrl Pts',(-122.463155085922,119.112020658697,12.014593870333));
#7292=CARTESIAN_POINT('Ctrl Pts',(-121.963155085922,120.117409241163,12.2861016128336));
#7293=CARTESIAN_POINT('Ctrl Pts',(-122.463155085922,120.117409241163,12.2861016128335));
#7294=CARTESIAN_POINT('Ctrl Pts',(-122.463155085922,120.,11.8000819937959));
#7295=CARTESIAN_POINT('',(-121.963155085922,120.117409241163,12.2861016128336));
#7296=CARTESIAN_POINT('Origin',(-121.963155085922,120.,11.8000819937959));
#7297=CARTESIAN_POINT('Ctrl Pts',(-121.963155085922,120.117409241163,12.2861016128336));
#7298=CARTESIAN_POINT('Ctrl Pts',(-121.963155085922,119.579346278908,12.4160831230893));
#7299=CARTESIAN_POINT('Ctrl Pts',(-121.963155085922,119.043408716095,12.5543834015662));
#7300=CARTESIAN_POINT('Ctrl Pts',(-121.963155085923,118.509853697399,12.7010597079629));
#7301=CARTESIAN_POINT('Ctrl Pts',(-121.963155085923,118.172435491744,12.793817257573));
#7302=CARTESIAN_POINT('Ctrl Pts',(-121.963155085924,117.835969716053,12.8899236420928));
#7303=CARTESIAN_POINT('Ctrl Pts',(-121.963155085925,117.500517551952,12.9893832819486));
#7304=CARTESIAN_POINT('Ctrl Pts',(-121.963155085926,117.436035175094,13.0085019363076));
#7305=CARTESIAN_POINT('Ctrl Pts',(-121.963155085926,117.371599795919,13.0277416391094));
#7306=CARTESIAN_POINT('Ctrl Pts',(-121.963155085926,117.307208075299,13.0470992726162));
#7307=CARTESIAN_POINT('Ctrl Pts',(-121.963155085927,116.939386310032,13.15767496246));
#7308=CARTESIAN_POINT('Ctrl Pts',(-121.963155085927,116.572982183067,13.2721004688212));
#7309=CARTESIAN_POINT('Ctrl Pts',(-121.963155085926,116.207265884374,13.3898285551804));
#7310=CARTESIAN_POINT('Ctrl Pts',(-121.963155085925,115.776722196868,13.5284252887828));
#7311=CARTESIAN_POINT('Ctrl Pts',(-121.963155085924,115.347132852892,13.6715974261698));
#7312=CARTESIAN_POINT('Ctrl Pts',(-121.963155085926,114.918810818719,13.8169331529578));
#7313=CARTESIAN_POINT('Ctrl Pts',(-121.963155085926,114.855410785131,13.8384456814403));
#7314=CARTESIAN_POINT('Ctrl Pts',(-121.963155085926,114.792029104017,13.8600088513751));
#7315=CARTESIAN_POINT('Ctrl Pts',(-121.963155085927,114.728666526441,13.8816264030746));
#7316=CARTESIAN_POINT('Ctrl Pts',(-121.963155085932,114.182972744546,14.0678019659004));
#7317=CARTESIAN_POINT('Ctrl Pts',(-121.963155085947,113.638711125371,14.2580023749562));
#7318=CARTESIAN_POINT('Ctrl Pts',(-121.963155085949,113.096801915477,14.4544883714118));
#7319=CARTESIAN_POINT('Ctrl Pts',(-121.96315508595,112.85140804793,14.5434635312888));
#7320=CARTESIAN_POINT('Ctrl Pts',(-121.963155085949,112.606496800544,14.6337281145266));
#7321=CARTESIAN_POINT('Ctrl Pts',(-121.963155085943,112.36215531863,14.7254954233871));
#7322=CARTESIAN_POINT('Ctrl Pts',(-121.963155085943,112.361782299252,14.7256355182418));
#7323=CARTESIAN_POINT('Ctrl Pts',(-121.963155085942,112.361409281204,14.7257756165991));
#7324=CARTESIAN_POINT('Ctrl Pts',(-121.963155085942,112.361036264485,14.7259157184595));
#7325=CARTESIAN_POINT('Ctrl Pts',(-121.963155085931,111.902465662938,14.8981508787886));
#7326=CARTESIAN_POINT('Ctrl Pts',(-121.963155085926,111.445906136947,15.0756835047564));
#7327=CARTESIAN_POINT('Ctrl Pts',(-121.963155085924,110.991684336776,15.2594257435782));
#7328=CARTESIAN_POINT('Ctrl Pts',(-121.963155085922,110.608448276158,15.4144527628637));
#7329=CARTESIAN_POINT('Ctrl Pts',(-121.963155085922,110.226875942224,15.5739001323371));
#7330=CARTESIAN_POINT('Ctrl Pts',(-121.963155085922,109.84715332016,15.7382883441534));
#7331=CARTESIAN_POINT('Ctrl Pts',(-121.963124854911,120.094508368908,12.2916390803968));
#7332=CARTESIAN_POINT('Ctrl Pts',(-122.463280496573,120.093952268718,12.2917907426078));
#7333=CARTESIAN_POINT('Ctrl Pts',(-122.463141078446,119.976296774923,11.8056701850022));
#7334=CARTESIAN_POINT('Ctrl Pts',(-121.963877685349,120.725653295206,12.1388828896671));
#7335=CARTESIAN_POINT('Ctrl Pts',(-122.460214720783,120.738052889617,12.1358910091501));
#7336=CARTESIAN_POINT('Ctrl Pts',(-122.463913147551,120.629557802452,11.6515139461208));
#7337=CARTESIAN_POINT('Ctrl Pts',(-121.90351079727,121.975325157677,11.8601582796922));
#7338=CARTESIAN_POINT('Ctrl Pts',(-122.392522251307,122.015464759302,11.8513991395184));
#7339=CARTESIAN_POINT('Ctrl Pts',(-122.401998247509,121.922453566605,11.3703688517202));
#7340=CARTESIAN_POINT('Ctrl Pts',(-121.631185714618,123.830849925621,11.5067266085961));
#7341=CARTESIAN_POINT('Ctrl Pts',(-122.107120630471,123.917529489452,11.4910674334828));
#7342=CARTESIAN_POINT('Ctrl Pts',(-122.122690131082,123.840150200101,11.0142413218831));
#7343=CARTESIAN_POINT('Ctrl Pts',(-121.254354038004,125.354249151892,11.2585704618643));
#7344=CARTESIAN_POINT('Ctrl Pts',(-121.717224368112,125.479879889347,11.2389295799859));
#7345=CARTESIAN_POINT('Ctrl Pts',(-121.736195711485,125.413090887537,10.7644293491801));
#7346=CARTESIAN_POINT('Ctrl Pts',(-120.857278805111,126.566367961546,11.082611184777));
#7347=CARTESIAN_POINT('Ctrl Pts',(-121.308244096361,126.722146858256,11.0608059693475));
#7348=CARTESIAN_POINT('Ctrl Pts',(-121.328938682334,126.663855511051,10.5874005362349));
#7349=CARTESIAN_POINT('Ctrl Pts',(-120.402013956869,127.753723240271,10.9232810709186));
#7350=CARTESIAN_POINT('Ctrl Pts',(-120.840579158116,127.93799468537,10.8999766994237));
#7351=CARTESIAN_POINT('Ctrl Pts',(-120.861999969375,127.888604098535,10.4271626516609));
#7352=CARTESIAN_POINT('Ctrl Pts',(-119.728833719625,129.184745100483,10.7528546272626));
#7353=CARTESIAN_POINT('Ctrl Pts',(-120.149960544967,129.404158973561,10.7283979937535));
#7354=CARTESIAN_POINT('Ctrl Pts',(-120.17155810967,129.363937117379,10.2558558087842));
#7355=CARTESIAN_POINT('Ctrl Pts',(-118.917589982805,130.546892487417,10.6134083949813));
#7356=CARTESIAN_POINT('Ctrl Pts',(-119.318440850311,130.800245884548,10.588578934865));
#7357=CARTESIAN_POINT('Ctrl Pts',(-119.339512548836,130.767496387152,10.1157648819864));
#7358=CARTESIAN_POINT('Ctrl Pts',(-118.185050673609,131.593239416244,10.5173012206445));
#7359=CARTESIAN_POINT('Ctrl Pts',(-118.568121508851,131.87251350021,10.4925564869418));
#7360=CARTESIAN_POINT('Ctrl Pts',(-118.588189558875,131.845299121263,10.0192438169396));
#7361=CARTESIAN_POINT('Ctrl Pts',(-117.393923031921,132.611705896473,10.4305022156017));
#7362=CARTESIAN_POINT('Ctrl Pts',(-117.757845448779,132.916456110033,10.4060320339526));
#7363=CARTESIAN_POINT('Ctrl Pts',(-117.776775921292,132.894170012225,9.93208877527863));
#7364=CARTESIAN_POINT('Ctrl Pts',(-116.323861658682,133.795721123474,10.3405795990199));
#7365=CARTESIAN_POINT('Ctrl Pts',(-116.661857465433,134.130481935466,10.3167437852577));
#7366=CARTESIAN_POINT('Ctrl Pts',(-116.67927616488,134.113192689953,9.84182317609269));
#7367=CARTESIAN_POINT('Ctrl Pts',(-114.911670782697,135.080920918616,10.2558036636081));
#7368=CARTESIAN_POINT('Ctrl Pts',(-115.215732003274,135.448337586486,10.2330429457823));
#7369=CARTESIAN_POINT('Ctrl Pts',(-115.230874072278,135.436011930748,9.75674801552276));
#7370=CARTESIAN_POINT('Ctrl Pts',(-113.627528495492,136.038216243364,10.2006678073042));
#7371=CARTESIAN_POINT('Ctrl Pts',(-113.900940674057,136.42996302949,10.1789458243543));
#7372=CARTESIAN_POINT('Ctrl Pts',(-113.913803983097,136.421100056553,9.7014302962814));
#7373=CARTESIAN_POINT('Ctrl Pts',(-112.535640453956,136.731937772257,10.1642151768759));
#7374=CARTESIAN_POINT('Ctrl Pts',(-112.782939889601,137.141449488809,10.1433400316254));
#7375=CARTESIAN_POINT('Ctrl Pts',(-112.793917897143,137.134865520796,9.664862173255));
#7376=CARTESIAN_POINT('Ctrl Pts',(-111.421322421411,137.364694958263,10.132952942754));
#7377=CARTESIAN_POINT('Ctrl Pts',(-111.641389743575,137.790771014787,10.1128913953448));
#7378=CARTESIAN_POINT('Ctrl Pts',(-111.651026655141,137.785851075406,9.63350351118059));
#7379=CARTESIAN_POINT('Ctrl Pts',(-109.979518193981,138.048367768472,10.1021408614566));
#7380=CARTESIAN_POINT('Ctrl Pts',(-110.164231106157,138.49238888764,10.0830448009378));
#7381=CARTESIAN_POINT('Ctrl Pts',(-110.172251855429,138.489139514979,9.60259995842106));
#7382=CARTESIAN_POINT('Ctrl Pts',(-108.177151773971,138.697047506706,10.0756856476231));
#7383=CARTESIAN_POINT('Ctrl Pts',(-108.317800296797,139.158073647873,10.0575874322389));
#7384=CARTESIAN_POINT('Ctrl Pts',(-108.323669379487,139.156358155491,9.57606906158653));
#7385=CARTESIAN_POINT('Ctrl Pts',(-106.290243870015,139.171677502532,10.0578455913769));
#7386=CARTESIAN_POINT('Ctrl Pts',(-106.384569050631,139.645207720373,10.0405191241141));
#7387=CARTESIAN_POINT('Ctrl Pts',(-106.38837761504,139.644513836814,9.55817938477849));
#7388=CARTESIAN_POINT('Ctrl Pts',(-104.392662168722,139.453135020584,10.0478596805038));
#7389=CARTESIAN_POINT('Ctrl Pts',(-104.44026458129,139.934103671647,10.0310071867827));
#7390=CARTESIAN_POINT('Ctrl Pts',(-104.442138355409,139.933977103639,9.54816621284));
#7391=CARTESIAN_POINT('Ctrl Pts',(-102.798649843041,139.532749048454,10.0451119697636));
#7392=CARTESIAN_POINT('Ctrl Pts',(-102.806971473955,140.015826232468,10.0283956152676));
#7393=CARTESIAN_POINT('Ctrl Pts',(-102.807252560434,140.015853730215,9.54541106522074));
#7394=CARTESIAN_POINT('Ctrl Pts',(-101.517573273129,139.502408387557,10.0461618522884));
#7395=CARTESIAN_POINT('Ctrl Pts',(-101.494166956711,139.984677614089,10.0293938355088));
#7396=CARTESIAN_POINT('Ctrl Pts',(-101.493326776297,139.984650731049,9.54646379162842));
#7397=CARTESIAN_POINT('Ctrl Pts',(-100.550642635034,139.431640517983,10.048632475302));
#7398=CARTESIAN_POINT('Ctrl Pts',(-100.503313277492,139.912024830009,10.0317446091784));
#7399=CARTESIAN_POINT('Ctrl Pts',(-100.501602217522,139.911870957362,9.54894112568385));
#7400=CARTESIAN_POINT('Ctrl Pts',(-99.5901170278645,139.313105561318,10.0528312987559));
#7401=CARTESIAN_POINT('Ctrl Pts',(-99.5190442561197,139.790336248956,10.0357443335133));
#7402=CARTESIAN_POINT('Ctrl Pts',(-99.51644692704,139.789964570485,9.55315140701648));
#7403=CARTESIAN_POINT('Ctrl Pts',(-98.3283408421361,139.093832296396,10.0607712418852));
#7404=CARTESIAN_POINT('Ctrl Pts',(-98.2262444101535,139.565258345334,10.043320049541));
#7405=CARTESIAN_POINT('Ctrl Pts',(-98.222316431382,139.564450258666,9.56111317191574));
#7406=CARTESIAN_POINT('Ctrl Pts',(-96.7806885795777,138.705861193003,10.0753515480144));
#7407=CARTESIAN_POINT('Ctrl Pts',(-96.6408011543157,139.167115078985,10.0572677730458));
#7408=CARTESIAN_POINT('Ctrl Pts',(-96.6349794666836,139.165423072721,9.57573403335255));
#7409=CARTESIAN_POINT('Ctrl Pts',(-95.2757390003449,138.168274494343,10.0972249873942));
#7410=CARTESIAN_POINT('Ctrl Pts',(-95.098809189197,138.615346515559,10.0783160918649));
#7411=CARTESIAN_POINT('Ctrl Pts',(-95.0914401488707,138.612473787151,9.5976699871499));
#7412=CARTESIAN_POINT('Ctrl Pts',(-94.0931862015847,137.64388073533,10.1203682204912));
#7413=CARTESIAN_POINT('Ctrl Pts',(-93.8871904741325,138.07711722621,10.1007080959657));
#7414=CARTESIAN_POINT('Ctrl Pts',(-93.8785644705935,138.073047158272,9.62088143547082));
#7415=CARTESIAN_POINT('Ctrl Pts',(-92.9441418256985,137.064328046075,10.1473928771163));
#7416=CARTESIAN_POINT('Ctrl Pts',(-92.7104685214454,137.48257493733,10.1269321238422));
#7417=CARTESIAN_POINT('Ctrl Pts',(-92.7000564517656,137.476841974861,9.64798750107312));
#7418=CARTESIAN_POINT('Ctrl Pts',(-91.5765979242666,136.242728932311,10.1889747533143));
#7419=CARTESIAN_POINT('Ctrl Pts',(-91.310148508755,136.639922973142,10.1674635458322));
#7420=CARTESIAN_POINT('Ctrl Pts',(-91.2974461743572,136.631547886011,9.68969880786011));
#7421=CARTESIAN_POINT('Ctrl Pts',(-90.2968569109162,135.292695384694,10.2435489362032));
#7422=CARTESIAN_POINT('Ctrl Pts',(-89.9993087821584,135.665327185215,10.2210254598436));
#7423=CARTESIAN_POINT('Ctrl Pts',(-89.9848901971171,135.653936400344,9.74445276185431));
#7424=CARTESIAN_POINT('Ctrl Pts',(-89.327489911225,134.455791735304,10.2970251392601));
#7425=CARTESIAN_POINT('Ctrl Pts',(-89.0065075675024,134.806953041976,10.2737646721825));
#7426=CARTESIAN_POINT('Ctrl Pts',(-88.9906668092976,134.792584794588,9.79811496973772));
#7427=CARTESIAN_POINT('Ctrl Pts',(-88.3925566767642,133.563930718974,10.3581614612971));
#7428=CARTESIAN_POINT('Ctrl Pts',(-88.0493567778928,133.892682871132,10.3342105995344));
#7429=CARTESIAN_POINT('Ctrl Pts',(-88.0317601456705,133.874549674589,9.85947204235668));
#7430=CARTESIAN_POINT('Ctrl Pts',(-87.3224533395896,132.378741177873,10.4482406605493));
#7431=CARTESIAN_POINT('Ctrl Pts',(-86.9536233183685,132.677789632319,10.4236320628242));
#7432=CARTESIAN_POINT('Ctrl Pts',(-86.9342173594246,132.654315841821,9.94989503437509));
#7433=CARTESIAN_POINT('Ctrl Pts',(-86.1902222344042,130.84786126371,10.5828566330639));
#7434=CARTESIAN_POINT('Ctrl Pts',(-85.7938405915242,131.108625122277,10.5579617134902));
#7435=CARTESIAN_POINT('Ctrl Pts',(-85.7729537220044,131.077606622952,10.0850727703129));
#7436=CARTESIAN_POINT('Ctrl Pts',(-85.3733633830917,129.482914970265,10.7221081334498));
#7437=CARTESIAN_POINT('Ctrl Pts',(-84.9566736321156,129.709799697151,10.697559398917));
#7438=CARTESIAN_POINT('Ctrl Pts',(-84.935149067948,129.671179406072,10.2249662378557));
#7439=CARTESIAN_POINT('Ctrl Pts',(-84.7977118504383,128.335240978033,10.8540079673431));
#7440=CARTESIAN_POINT('Ctrl Pts',(-84.3664145974887,128.534202323703,10.8301854864336));
#7441=CARTESIAN_POINT('Ctrl Pts',(-84.3447367414634,128.488128921455,10.3575317749794));
#7442=CARTESIAN_POINT('Ctrl Pts',(-84.2851929130022,127.173211261008,10.9983087881733));
#7443=CARTESIAN_POINT('Ctrl Pts',(-83.8402093171937,127.343453198557,10.9756443260072));
#7444=CARTESIAN_POINT('Ctrl Pts',(-83.8190758334347,127.28991058218,10.5026057378461));
#7445=CARTESIAN_POINT('Ctrl Pts',(-83.7571855583211,125.689212424357,11.2045681588575));
#7446=CARTESIAN_POINT('Ctrl Pts',(-83.2968864201855,125.822071895299,11.1842887793634));
#7447=CARTESIAN_POINT('Ctrl Pts',(-83.2775293312888,125.758926925262,10.7100698735145));
#7448=CARTESIAN_POINT('Ctrl Pts',(-83.3012446615375,123.864902988936,11.500583582868));
#7449=CARTESIAN_POINT('Ctrl Pts',(-82.8255502104948,123.952366719799,11.4848254842661));
#7450=CARTESIAN_POINT('Ctrl Pts',(-82.8098971799571,123.87533222146,11.008053632692));
#7451=CARTESIAN_POINT('Ctrl Pts',(-83.0226070944113,121.981637170647,11.8585943439392));
#7452=CARTESIAN_POINT('Ctrl Pts',(-82.5336145783858,122.02180693756,11.8498212976313));
#7453=CARTESIAN_POINT('Ctrl Pts',(-82.5241147138294,121.928989229996,11.3687904681477));
#7454=CARTESIAN_POINT('Ctrl Pts',(-82.9624346897,120.725603395987,12.138895371317));
#7455=CARTESIAN_POINT('Ctrl Pts',(-82.4660975651186,120.738001940039,12.1359038141407));
#7456=CARTESIAN_POINT('Ctrl Pts',(-82.4623992841566,120.629506125832,11.6515265432536));
#7457=CARTESIAN_POINT('Ctrl Pts',(-82.9631852773196,120.094508767648,12.291638976526));
#7458=CARTESIAN_POINT('Ctrl Pts',(-82.4630296340329,120.093952681436,12.291790634068));
#7459=CARTESIAN_POINT('Ctrl Pts',(-82.4631690527626,119.97629718816,11.8056700801617));
#7460=CARTESIAN_POINT('Ctrl Pts',(-82.9631550859216,120.117405103555,12.2860844815819));
#7461=CARTESIAN_POINT('Ctrl Pts',(-82.9631550859216,120.248772567277,12.2543560913431));
#7462=CARTESIAN_POINT('Ctrl Pts',(-82.9644997426775,120.380172278975,12.2231357596786));
#7463=CARTESIAN_POINT('Ctrl Pts',(-82.9671957179733,120.511588100806,12.1924144366207));
#7464=CARTESIAN_POINT('Ctrl Pts',(-82.9716730190821,120.729834983748,12.1413944536092));
#7465=CARTESIAN_POINT('Ctrl Pts',(-82.9798773127359,120.948123583072,12.0917515347236));
#7466=CARTESIAN_POINT('Ctrl Pts',(-82.9918391124146,121.16641959083,12.0434321753904));
#7467=CARTESIAN_POINT('Ctrl Pts',(-83.0035311208085,121.379792061832,11.9962026304981));
#7468=CARTESIAN_POINT('Ctrl Pts',(-83.0188130500434,121.59317142251,11.9502372905294));
#7469=CARTESIAN_POINT('Ctrl Pts',(-83.0377133951755,121.806574098366,11.9054737605922));
#7470=CARTESIAN_POINT('Ctrl Pts',(-83.0434490189111,121.87133468577,11.8918895237434));
#7471=CARTESIAN_POINT('Ctrl Pts',(-83.0495178697517,121.936097774098,11.8784158933329));
#7472=CARTESIAN_POINT('Ctrl Pts',(-83.0559207440439,122.000864766345,11.8650509564394));
#7473=CARTESIAN_POINT('Ctrl Pts',(-83.0851608726187,122.29663742941,11.8040170433371));
#7474=CARTESIAN_POINT('Ctrl Pts',(-83.1213670347915,122.592420298571,11.7452686569464));
#7475=CARTESIAN_POINT('Ctrl Pts',(-83.1643809757805,122.887274866733,11.6888181015082));
#7476=CARTESIAN_POINT('Ctrl Pts',(-83.2126988544063,123.218487187882,11.6254067743126));
#7477=CARTESIAN_POINT('Ctrl Pts',(-83.2696069213411,123.5485268651,11.5648951447063));
#7478=CARTESIAN_POINT('Ctrl Pts',(-83.3348808644789,123.876027201674,11.5072471537621));
#7479=CARTESIAN_POINT('Ctrl Pts',(-83.3774239825116,124.089479688299,11.4696743465256));
#7480=CARTESIAN_POINT('Ctrl Pts',(-83.423520879157,124.301886942216,11.4333096965647));
#7481=CARTESIAN_POINT('Ctrl Pts',(-83.4731629701053,124.513258263893,11.398072146756));
#7482=CARTESIAN_POINT('Ctrl Pts',(-83.5226617885203,124.724019544692,11.362936296391));
#7483=CARTESIAN_POINT('Ctrl Pts',(-83.5756853671273,124.933750840343,11.3289209338666));
#7484=CARTESIAN_POINT('Ctrl Pts',(-83.6322251957279,125.142513153155,11.295944176203));
#7485=CARTESIAN_POINT('Ctrl Pts',(-83.6834321236583,125.33158476818,11.2660778236715));
#7486=CARTESIAN_POINT('Ctrl Pts',(-83.7375232704525,125.519862202671,11.2370633241991));
#7487=CARTESIAN_POINT('Ctrl Pts',(-83.7944923139956,125.707427686251,11.2088398468416));
#7488=CARTESIAN_POINT('Ctrl Pts',(-83.869424454899,125.954135062225,11.1717171315808));
#7489=CARTESIAN_POINT('Ctrl Pts',(-83.9493354984494,126.199585978546,11.1359670371778));
#7490=CARTESIAN_POINT('Ctrl Pts',(-84.0342522430172,126.443670427512,11.1015043738572));
#7491=CARTESIAN_POINT('Ctrl Pts',(-84.1187460264409,126.686539118169,11.0672133653449));
#7492=CARTESIAN_POINT('Ctrl Pts',(-84.2081957693564,126.928054889977,11.0341968756312));
#7493=CARTESIAN_POINT('Ctrl Pts',(-84.302627871686,127.168161021641,11.0023697085196));
#7494=CARTESIAN_POINT('Ctrl Pts',(-84.3450116437504,127.275927377622,10.9880847846109));
#7495=CARTESIAN_POINT('Ctrl Pts',(-84.3883990950679,127.383410463587,10.9740394393139));
#7496=CARTESIAN_POINT('Ctrl Pts',(-84.4327926125841,127.490608569859,10.9602259756098));
#7497=CARTESIAN_POINT('Ctrl Pts',(-84.5261292911556,127.715990917291,10.9311833834964));
#7498=CARTESIAN_POINT('Ctrl Pts',(-84.623913225701,127.940094321142,10.9031676334492));
#7499=CARTESIAN_POINT('Ctrl Pts',(-84.7263033560128,128.163025003798,10.8760970502149));
#7500=CARTESIAN_POINT('Ctrl Pts',(-84.7570385007868,128.229943629501,10.8679710883444));
#7501=CARTESIAN_POINT('Ctrl Pts',(-84.7881886920329,128.296756942012,10.859930309392));
#7502=CARTESIAN_POINT('Ctrl Pts',(-84.8197582287184,128.363468728287,10.8519725532597));
#7503=CARTESIAN_POINT('Ctrl Pts',(-84.8271824238675,128.379157312031,10.8501011309748));
#7504=CARTESIAN_POINT('Ctrl Pts',(-84.8346298108064,128.394840177433,10.8482343129951));
#7505=CARTESIAN_POINT('Ctrl Pts',(-84.8421001612728,128.410516893134,10.8463721285246));
#7506=CARTESIAN_POINT('Ctrl Pts',(-84.9313646906726,128.597840721638,10.824120559317));
#7507=CARTESIAN_POINT('Ctrl Pts',(-85.0239080167687,128.784290835719,10.8025312690791));
#7508=CARTESIAN_POINT('Ctrl Pts',(-85.1193406929877,128.969102483351,10.7816494965879));
#7509=CARTESIAN_POINT('Ctrl Pts',(-85.163018274324,129.05368698932,10.772092337001));
#7510=CARTESIAN_POINT('Ctrl Pts',(-85.2073010893966,129.137927559293,10.7626832657646));
#7511=CARTESIAN_POINT('Ctrl Pts',(-85.2521518018157,129.221747307866,10.7534260398591));
#7512=CARTESIAN_POINT('Ctrl Pts',(-85.3702161464372,129.442393160471,10.7290574568291));
#7513=CARTESIAN_POINT('Ctrl Pts',(-85.4922157079082,129.660159034769,10.7057359810466));
#7514=CARTESIAN_POINT('Ctrl Pts',(-85.6181184456144,129.875065371217,10.6833729593769));
#7515=CARTESIAN_POINT('Ctrl Pts',(-85.7452049138051,130.091992244998,10.6607996818306));
#7516=CARTESIAN_POINT('Ctrl Pts',(-85.8762682981467,130.30600559001,10.6392029199526));
#7517=CARTESIAN_POINT('Ctrl Pts',(-86.0112756457695,130.517179554673,10.6184954182274));
#7518=CARTESIAN_POINT('Ctrl Pts',(-86.0847488019118,130.632103801034,10.6072260648598));
#7519=CARTESIAN_POINT('Ctrl Pts',(-86.1593900457375,130.746188022526,10.5962201568591));
#7520=CARTESIAN_POINT('Ctrl Pts',(-86.2351940658697,130.859450613294,10.5854641773691));
#7521=CARTESIAN_POINT('Ctrl Pts',(-86.391710896878,131.093310265434,10.5632557005465));
#7522=CARTESIAN_POINT('Ctrl Pts',(-86.5531848976208,131.323650937592,10.5421138185464));
#7523=CARTESIAN_POINT('Ctrl Pts',(-86.7196151801543,131.550420884144,10.521947615763));
#7524=CARTESIAN_POINT('Ctrl Pts',(-86.8874208263765,131.779064835508,10.5016147614387));
#7525=CARTESIAN_POINT('Ctrl Pts',(-87.0602650093268,132.004078838928,10.4822737361886));
#7526=CARTESIAN_POINT('Ctrl Pts',(-87.2381468188655,132.225462652696,10.463835696691));
#7527=CARTESIAN_POINT('Ctrl Pts',(-87.2818368019697,132.279837268673,10.4593070850459));
#7528=CARTESIAN_POINT('Ctrl Pts',(-87.3258306822387,132.333993137555,10.454832968435));
#7529=CARTESIAN_POINT('Ctrl Pts',(-87.3701284461874,132.387930732215,10.4504120742623));
#7530=CARTESIAN_POINT('Ctrl Pts',(-87.5718945744418,132.633604072625,10.4302759179166));
#7531=CARTESIAN_POINT('Ctrl Pts',(-87.7799650522893,132.874736225811,10.411244235694));
#7532=CARTESIAN_POINT('Ctrl Pts',(-87.9944328042851,133.11119837766,10.393217102937));
#7533=CARTESIAN_POINT('Ctrl Pts',(-88.2089005562809,133.347660529508,10.3751899701801));
#7534=CARTESIAN_POINT('Ctrl Pts',(-88.429765582425,133.579452793338,10.3581673505588));
#7535=CARTESIAN_POINT('Ctrl Pts',(-88.6571208072724,133.806502356595,10.3420544633043));
#7536=CARTESIAN_POINT('Ctrl Pts',(-88.8415407775455,133.990674388422,10.3289844395541));
#7537=CARTESIAN_POINT('Ctrl Pts',(-89.0302311031172,134.171714729083,10.3165153842918));
#7538=CARTESIAN_POINT('Ctrl Pts',(-89.2219875252991,134.348485996277,10.3046703234971));
#7539=CARTESIAN_POINT('Ctrl Pts',(-89.2666307967976,134.389640537985,10.3019126465497));
#7540=CARTESIAN_POINT('Ctrl Pts',(-89.3114402556697,134.430563467891,10.2991887521802));
#7541=CARTESIAN_POINT('Ctrl Pts',(-89.3564007056079,134.471240044476,10.2964988619568));
#7542=CARTESIAN_POINT('Ctrl Pts',(-89.5538559787012,134.649881596087,10.284685523581));
#7543=CARTESIAN_POINT('Ctrl Pts',(-89.7542234935623,134.823779805746,10.2735265717535));
#7544=CARTESIAN_POINT('Ctrl Pts',(-89.9576570229089,134.993214047842,10.2629437117941));
#7545=CARTESIAN_POINT('Ctrl Pts',(-89.9995109519328,135.028073044615,10.2607664194322));
#7546=CARTESIAN_POINT('Ctrl Pts',(-90.0414946591137,135.062743265594,10.2586135353106));
#7547=CARTESIAN_POINT('Ctrl Pts',(-90.0836094835741,135.097227411337,10.2564844137373));
#7548=CARTESIAN_POINT('Ctrl Pts',(-90.3304259352795,135.29932381329,10.2440065692086));
#7549=CARTESIAN_POINT('Ctrl Pts',(-90.5817457623666,135.495033863064,10.2323437824289));
#7550=CARTESIAN_POINT('Ctrl Pts',(-90.8374903735241,135.684321703397,10.2214089022984));
#7551=CARTESIAN_POINT('Ctrl Pts',(-91.0932349846816,135.873609543729,10.2104740221679));
#7552=CARTESIAN_POINT('Ctrl Pts',(-91.3534043799096,136.05647537366,10.2002670484607));
#7553=CARTESIAN_POINT('Ctrl Pts',(-91.6179199678966,136.232937063871,10.1907077441888));
#7554=CARTESIAN_POINT('Ctrl Pts',(-91.8968095311548,136.418987814563,10.1806289801593));
#7555=CARTESIAN_POINT('Ctrl Pts',(-92.1805304718616,136.597915873743,10.1712704485816));
#7556=CARTESIAN_POINT('Ctrl Pts',(-92.4692058562665,136.769673637787,10.1625524699192));
#7557=CARTESIAN_POINT('Ctrl Pts',(-92.7281245671813,136.923726602668,10.1547331409464));
#7558=CARTESIAN_POINT('Ctrl Pts',(-92.9910289565979,137.07201211801,10.1474292108038));
#7559=CARTESIAN_POINT('Ctrl Pts',(-93.2580078218681,137.214531141876,10.1405880625574));
#7560=CARTESIAN_POINT('Ctrl Pts',(-93.5403281873616,137.365239786423,10.1333537990086));
#7561=CARTESIAN_POINT('Ctrl Pts',(-93.8272047488493,137.50948951386,10.1266378922023));
#7562=CARTESIAN_POINT('Ctrl Pts',(-94.118160008786,137.646831196071,10.1204045391242));
#7563=CARTESIAN_POINT('Ctrl Pts',(-94.4091152687227,137.784172878282,10.1141711860462));
#7564=CARTESIAN_POINT('Ctrl Pts',(-94.7041492271085,137.914606533021,10.1084206771184));
#7565=CARTESIAN_POINT('Ctrl Pts',(-95.0009459996287,138.03721726748,10.103139324704));
#7566=CARTESIAN_POINT('Ctrl Pts',(-95.3086083757688,138.164316728783,10.0976646242238));
#7567=CARTESIAN_POINT('Ctrl Pts',(-95.6181650004259,138.28302160192,10.0926926316955));
#7568=CARTESIAN_POINT('Ctrl Pts',(-95.9298111109093,138.393517818589,10.0881617330217));
#7569=CARTESIAN_POINT('Ctrl Pts',(-96.2194446298718,138.496209323439,10.0839508666486));
#7570=CARTESIAN_POINT('Ctrl Pts',(-96.5108828846999,138.591811595708,10.0801210958749));
#7571=CARTESIAN_POINT('Ctrl Pts',(-96.8042825952927,138.680513700994,10.0766292713777));
#7572=CARTESIAN_POINT('Ctrl Pts',(-97.1518698648333,138.785598067017,10.0724925469745));
#7573=CARTESIAN_POINT('Ctrl Pts',(-97.5022100118338,138.880992301459,10.0688303329559));
#7574=CARTESIAN_POINT('Ctrl Pts',(-97.855180835583,138.96659651453,10.0655983111055));
#7575=CARTESIAN_POINT('Ctrl Pts',(-98.1207421893608,139.031001754802,10.0631666650875));
#7576=CARTESIAN_POINT('Ctrl Pts',(-98.3877926285786,139.089866465927,10.0609786990207));
#7577=CARTESIAN_POINT('Ctrl Pts',(-98.6562801114817,139.143167290327,10.0590186636591));
#7578=CARTESIAN_POINT('Ctrl Pts',(-98.9689538967978,139.205240092923,10.056736055661));
#7579=CARTESIAN_POINT('Ctrl Pts',(-99.2835766506441,139.259758784419,10.0547627596032));
#7580=CARTESIAN_POINT('Ctrl Pts',(-99.6005456644245,139.30666373225,10.0530802213423));
#7581=CARTESIAN_POINT('Ctrl Pts',(-99.917514678205,139.353568680081,10.0513976830814));
#7582=CARTESIAN_POINT('Ctrl Pts',(-100.23682995192,139.392859886301,10.0500059483904));
#7583=CARTESIAN_POINT('Ctrl Pts',(-100.557177777056,139.424231982179,10.0489007950222));
#7584=CARTESIAN_POINT('Ctrl Pts',(-100.877525602192,139.455604078057,10.0477956416541));
#7585=CARTESIAN_POINT('Ctrl Pts',(-101.198905978749,139.479057061158,10.0469770035654));
#7586=CARTESIAN_POINT('Ctrl Pts',(-101.51928140484,139.494554673432,10.04643700642));
#7587=CARTESIAN_POINT('Ctrl Pts',(-101.839656830931,139.510052285706,10.0458970092746));
#7588=CARTESIAN_POINT('Ctrl Pts',(-102.159027306555,139.517594527167,10.0456356519467));
#7589=CARTESIAN_POINT('Ctrl Pts',(-102.477914698386,139.517344140313,10.045644345363));
#7590=CARTESIAN_POINT('Ctrl Pts',(-102.846992300792,139.517054344662,10.0456544070503));
#7591=CARTESIAN_POINT('Ctrl Pts',(-103.215422785686,139.506334333608,10.0460257231273));
#7592=CARTESIAN_POINT('Ctrl Pts',(-103.583091322604,139.485234470899,10.0467619949679));
#7593=CARTESIAN_POINT('Ctrl Pts',(-103.850762671021,139.469873274236,10.047298018197));
#7594=CARTESIAN_POINT('Ctrl Pts',(-104.11803017309,139.44901164749,10.0480276592728));
#7595=CARTESIAN_POINT('Ctrl Pts',(-104.384849519666,139.422686148319,10.048955257058));
#7596=CARTESIAN_POINT('Ctrl Pts',(-104.73716701308,139.387925048721,10.0501800892555));
#7597=CARTESIAN_POINT('Ctrl Pts',(-105.088703126105,139.34363723428,10.0517496668564));
#7598=CARTESIAN_POINT('Ctrl Pts',(-105.439598873112,139.289593660111,10.0536933464445));
#7599=CARTESIAN_POINT('Ctrl Pts',(-105.719465017534,139.246489784209,10.0552435792898));
#7600=CARTESIAN_POINT('Ctrl Pts',(-105.998923807193,139.197180850989,10.0570319351443));
#7601=CARTESIAN_POINT('Ctrl Pts',(-106.278046787233,139.141574181673,10.0590772541963));
#7602=CARTESIAN_POINT('Ctrl Pts',(-106.663644774049,139.064755641906,10.0619027861848));
#7603=CARTESIAN_POINT('Ctrl Pts',(-107.048601888623,138.975911843227,10.0652187344307));
#7604=CARTESIAN_POINT('Ctrl Pts',(-107.430107758117,138.875746570935,10.0690514846951));
#7605=CARTESIAN_POINT('Ctrl Pts',(-107.67101271945,138.812496401074,10.0714717057928));
#7606=CARTESIAN_POINT('Ctrl Pts',(-107.910541533743,138.744733073801,10.0740981862477));
#7607=CARTESIAN_POINT('Ctrl Pts',(-108.147986585228,138.672644211258,10.0769392352986));
#7608=CARTESIAN_POINT('Ctrl Pts',(-108.492612372177,138.568015031458,10.0810627104301));
#7609=CARTESIAN_POINT('Ctrl Pts',(-108.832848633615,138.454275209689,10.085637551329));
#7610=CARTESIAN_POINT('Ctrl Pts',(-109.169048021654,138.331472959741,10.0907169701531));
#7611=CARTESIAN_POINT('Ctrl Pts',(-109.431320401528,138.235673742093,10.0946794736874));
#7612=CARTESIAN_POINT('Ctrl Pts',(-109.691136057188,138.134360364678,10.0989492066485));
#7613=CARTESIAN_POINT('Ctrl Pts',(-109.948662410972,138.027577519889,10.1035548209438));
#7614=CARTESIAN_POINT('Ctrl Pts',(-110.260887304714,137.898114022746,10.1091386666856));
#7615=CARTESIAN_POINT('Ctrl Pts',(-110.569747123371,137.760611897701,10.1152158431707));
#7616=CARTESIAN_POINT('Ctrl Pts',(-110.875091823888,137.615049299104,10.1218500067987));
#7617=CARTESIAN_POINT('Ctrl Pts',(-111.144439783185,137.48664691054,10.1277020763838));
#7618=CARTESIAN_POINT('Ctrl Pts',(-111.411052558585,137.351973120873,10.1339876516516));
#7619=CARTESIAN_POINT('Ctrl Pts',(-111.674827162282,137.211046291386,10.1407553782991));
#7620=CARTESIAN_POINT('Ctrl Pts',(-111.92997938533,137.074726140293,10.1473018785114));
#7621=CARTESIAN_POINT('Ctrl Pts',(-112.182475954809,136.932547381324,10.1542995422389));
#7622=CARTESIAN_POINT('Ctrl Pts',(-112.432668896723,136.784151660346,10.1618182599379));
#7623=CARTESIAN_POINT('Ctrl Pts',(-112.458407048014,136.768885716037,10.1625917345698));
#7624=CARTESIAN_POINT('Ctrl Pts',(-112.484120820251,136.75355402346,10.1633707302234));
#7625=CARTESIAN_POINT('Ctrl Pts',(-112.509810596683,136.738156224045,10.1641553276936));
#7626=CARTESIAN_POINT('Ctrl Pts',(-112.785223077354,136.573080979226,10.1725667646776));
#7627=CARTESIAN_POINT('Ctrl Pts',(-113.057877636481,136.400401574801,10.1816232540221));
#7628=CARTESIAN_POINT('Ctrl Pts',(-113.325244485785,136.22168140173,10.1913178963423));
#7629=CARTESIAN_POINT('Ctrl Pts',(-113.61729578696,136.02646101735,10.2019075895349));
#7630=CARTESIAN_POINT('Ctrl Pts',(-113.90303793907,135.824042902203,10.2132562725532));
#7631=CARTESIAN_POINT('Ctrl Pts',(-114.182439352885,135.614635958942,10.2254507283781));
#7632=CARTESIAN_POINT('Ctrl Pts',(-114.414610223819,135.440627561016,10.2355838103506));
#7633=CARTESIAN_POINT('Ctrl Pts',(-114.642402869608,135.261794330343,10.2463010141638));
#7634=CARTESIAN_POINT('Ctrl Pts',(-114.865799165318,135.07828334868,10.2576552941619));
#7635=CARTESIAN_POINT('Ctrl Pts',(-115.111918226122,134.876106538582,10.2701644753029));
#7636=CARTESIAN_POINT('Ctrl Pts',(-115.3527011025,134.668257108024,10.2834461621499));
#7637=CARTESIAN_POINT('Ctrl Pts',(-115.588164570511,134.454719116061,10.2975923440676));
#7638=CARTESIAN_POINT('Ctrl Pts',(-115.823628038522,134.241181124099,10.3117385259853));
#7639=CARTESIAN_POINT('Ctrl Pts',(-116.053772098167,134.021954369113,10.3267492151425));
#7640=CARTESIAN_POINT('Ctrl Pts',(-116.278613525504,133.797082526144,10.3427232840007));
#7641=CARTESIAN_POINT('Ctrl Pts',(-116.47116543297,133.604504571041,10.3564033138112));
#7642=CARTESIAN_POINT('Ctrl Pts',(-116.659828371299,133.407795174937,10.3707891444895));
#7643=CARTESIAN_POINT('Ctrl Pts',(-116.84458862029,133.206813097851,10.3859630547561));
#7644=CARTESIAN_POINT('Ctrl Pts',(-117.026549107948,133.008876599298,10.400907027428));
#7645=CARTESIAN_POINT('Ctrl Pts',(-117.204724288775,132.806795864428,10.4166153962573));
#7646=CARTESIAN_POINT('Ctrl Pts',(-117.379101056896,132.60048627394,10.4331724579918));
#7647=CARTESIAN_POINT('Ctrl Pts',(-117.441167361948,132.527054049474,10.4390656492435));
#7648=CARTESIAN_POINT('Ctrl Pts',(-117.502752454739,132.453086554884,10.4450664111865));
#7649=CARTESIAN_POINT('Ctrl Pts',(-117.563855744294,132.378581569784,10.4511787148324));
#7650=CARTESIAN_POINT('Ctrl Pts',(-117.712961121721,132.196773126992,10.4660940712508));
#7651=CARTESIAN_POINT('Ctrl Pts',(-117.859197521654,132.011743209866,10.4816764701415));
#7652=CARTESIAN_POINT('Ctrl Pts',(-118.00181512021,131.824448208323,10.4978977168917));
#7653=CARTESIAN_POINT('Ctrl Pts',(-118.053884584118,131.756067093918,10.5038200689068));
#7654=CARTESIAN_POINT('Ctrl Pts',(-118.105471673104,131.687383564702,10.5098274937823));
#7655=CARTESIAN_POINT('Ctrl Pts',(-118.156539895878,131.61844243362,10.5159183252787));
#7656=CARTESIAN_POINT('Ctrl Pts',(-118.324679049089,131.391457769345,10.5359720337204));
#7657=CARTESIAN_POINT('Ctrl Pts',(-118.487193602661,131.161692375004,10.5569278781768));
#7658=CARTESIAN_POINT('Ctrl Pts',(-118.64429389088,130.929097404096,10.5788718133051));
#7659=CARTESIAN_POINT('Ctrl Pts',(-118.665600999382,130.897551145726,10.5818480128528));
#7660=CARTESIAN_POINT('Ctrl Pts',(-118.686808513556,130.865952916091,10.5848423946227));
#7661=CARTESIAN_POINT('Ctrl Pts',(-118.707916958151,130.834302667313,10.5878551790524));
#7662=CARTESIAN_POINT('Ctrl Pts',(-118.862782189358,130.602095927843,10.6099589183957));
#7663=CARTESIAN_POINT('Ctrl Pts',(-119.012314861201,130.367101887702,10.6330513005041));
#7664=CARTESIAN_POINT('Ctrl Pts',(-119.156536150035,130.129333430201,10.6572209320635));
#7665=CARTESIAN_POINT('Ctrl Pts',(-119.300130795566,129.892598079622,10.6812855462715));
#7666=CARTESIAN_POINT('Ctrl Pts',(-119.438460113867,129.653112343309,10.7064181253515));
#7667=CARTESIAN_POINT('Ctrl Pts',(-119.571545006458,129.410940595281,10.7327092117711));
#7668=CARTESIAN_POINT('Ctrl Pts',(-119.609893261489,129.341159091356,10.740284957353));
#7669=CARTESIAN_POINT('Ctrl Pts',(-119.647806073198,129.271154898651,10.7479569100628));
#7670=CARTESIAN_POINT('Ctrl Pts',(-119.685283941652,129.200930361038,10.7557272728016));
#7671=CARTESIAN_POINT('Ctrl Pts',(-119.801582515437,128.98301472426,10.779839692787));
#7672=CARTESIAN_POINT('Ctrl Pts',(-119.913692848715,128.762983654156,10.804898334675));
#7673=CARTESIAN_POINT('Ctrl Pts',(-120.021601502444,128.540773287247,10.8309889452614));
#7674=CARTESIAN_POINT('Ctrl Pts',(-120.042646102261,128.4974372981,10.8360771975915));
#7675=CARTESIAN_POINT('Ctrl Pts',(-120.063530896579,128.45401858081,10.8412047089727));
#7676=CARTESIAN_POINT('Ctrl Pts',(-120.084255785713,128.410516893134,10.8463721285247));
#7677=CARTESIAN_POINT('Ctrl Pts',(-120.189976157876,128.188609090352,10.8727318120243));
#7678=CARTESIAN_POINT('Ctrl Pts',(-120.291535551511,127.964538109613,10.9001297972878));
#7679=CARTESIAN_POINT('Ctrl Pts',(-120.388920734758,127.738302692132,10.9286535547065));
#7680=CARTESIAN_POINT('Ctrl Pts',(-120.425532847505,127.653249131252,10.9393771061519));
#7681=CARTESIAN_POINT('Ctrl Pts',(-120.46155497909,127.567890175742,10.9502597944033));
#7682=CARTESIAN_POINT('Ctrl Pts',(-120.496986426413,127.48222766607,10.9613063300442));
#7683=CARTESIAN_POINT('Ctrl Pts',(-120.596411158135,127.241848774264,10.9923041843663));
#7684=CARTESIAN_POINT('Ctrl Pts',(-120.691184674279,126.999051165525,11.0245954984689));
#7685=CARTESIAN_POINT('Ctrl Pts',(-120.781138156961,126.754009955623,11.0582724403047));
#7686=CARTESIAN_POINT('Ctrl Pts',(-120.801058714792,126.699744601494,11.0657303335115));
#7687=CARTESIAN_POINT('Ctrl Pts',(-120.820742889166,126.645369419737,11.0732561761368));
#7688=CARTESIAN_POINT('Ctrl Pts',(-120.840188846634,126.590886656721,11.0808509594016));
#7689=CARTESIAN_POINT('Ctrl Pts',(-120.908090101947,126.400644134182,11.1073703693292));
#7690=CARTESIAN_POINT('Ctrl Pts',(-120.973086869674,126.209080229085,11.1347329963965));
#7691=CARTESIAN_POINT('Ctrl Pts',(-121.034988953867,126.01688129022,11.1628915433891));
#7692=CARTESIAN_POINT('Ctrl Pts',(-121.070866952247,125.905484181266,11.1792120327001));
#7693=CARTESIAN_POINT('Ctrl Pts',(-121.105705360581,125.793872817778,11.195799736042));
#7694=CARTESIAN_POINT('Ctrl Pts',(-121.139467147474,125.682172881539,11.2126441429821));
#7695=CARTESIAN_POINT('Ctrl Pts',(-121.206566088436,125.460177894992,11.246121099353));
#7696=CARTESIAN_POINT('Ctrl Pts',(-121.269412537377,125.237872169453,11.2806048221827));
#7697=CARTESIAN_POINT('Ctrl Pts',(-121.328086186443,125.015154896728,11.3161723987746));
#7698=CARTESIAN_POINT('Ctrl Pts',(-121.387137184958,124.791005256294,11.3519687220981));
#7699=CARTESIAN_POINT('Ctrl Pts',(-121.441961537716,124.56643876838,11.3888629986708));
#7700=CARTESIAN_POINT('Ctrl Pts',(-121.492640484351,124.341405676164,11.4269329359832));
#7701=CARTESIAN_POINT('Ctrl Pts',(-121.529710162389,124.176802723057,11.4547796141963));
#7702=CARTESIAN_POINT('Ctrl Pts',(-121.564561901651,124.01195123503,11.4832553056343));
#7703=CARTESIAN_POINT('Ctrl Pts',(-121.597227495879,123.846849358346,11.5123895482206));
#7704=CARTESIAN_POINT('Ctrl Pts',(-121.640851036185,123.626362679859,11.5512971155186));
#7705=CARTESIAN_POINT('Ctrl Pts',(-121.680575698353,123.405429643009,11.5913789459875));
#7706=CARTESIAN_POINT('Ctrl Pts',(-121.71640363398,123.18404007053,11.6327107658179));
#7707=CARTESIAN_POINT('Ctrl Pts',(-121.752813905992,122.959052099169,11.6747143804966));
#7708=CARTESIAN_POINT('Ctrl Pts',(-121.785199749596,122.733592681128,11.7180091527709));
#7709=CARTESIAN_POINT('Ctrl Pts',(-121.813563423015,122.507705174959,11.7626684655988));
#7710=CARTESIAN_POINT('Ctrl Pts',(-121.835150104623,122.335789443074,11.7966572354094));
#7711=CARTESIAN_POINT('Ctrl Pts',(-121.854407047274,122.163626901831,11.8314362867927));
#7712=CARTESIAN_POINT('Ctrl Pts',(-121.87133524646,121.991256539492,11.867034457313));
#7713=CARTESIAN_POINT('Ctrl Pts',(-121.89118911937,121.789095681761,11.9087850029887));
#7714=CARTESIAN_POINT('Ctrl Pts',(-121.907839743988,121.586659384972,11.9516597995495));
#7715=CARTESIAN_POINT('Ctrl Pts',(-121.92127109353,121.383899789307,11.9957293948555));
#7716=CARTESIAN_POINT('Ctrl Pts',(-121.934952341415,121.177367729327,12.0406189315072));
#7717=CARTESIAN_POINT('Ctrl Pts',(-121.945293406712,120.970500341505,12.0867484089768));
#7718=CARTESIAN_POINT('Ctrl Pts',(-121.952277351326,120.763300407572,12.1341824469854));
#7719=CARTESIAN_POINT('Ctrl Pts',(-121.955103661157,120.679449340232,12.1533783735465));
#7720=CARTESIAN_POINT('Ctrl Pts',(-121.957380170755,120.595544401933,12.1727878146984));
#7721=CARTESIAN_POINT('Ctrl Pts',(-121.95910575753,120.511588100806,12.1924144366207));
#7722=CARTESIAN_POINT('Ctrl Pts',(-121.961803879335,120.380314304592,12.2231025580839));
#7723=CARTESIAN_POINT('Ctrl Pts',(-121.963155085922,120.248914589597,12.2543217895498));
#7724=CARTESIAN_POINT('Ctrl Pts',(-121.963155085922,120.117405103555,12.2860844815819));
#7725=CARTESIAN_POINT('Origin',(-82.9631550859216,109.648510615743,15.2794407921473));
#7726=CARTESIAN_POINT('Origin',(-82.9631550859216,109.648510615743,15.2794407921473));
#7727=CARTESIAN_POINT('Ctrl Pts',(-90.0174795743194,93.8117355465479,19.1487265473627));
#7728=CARTESIAN_POINT('Ctrl Pts',(-90.0174795743194,93.8117355465479,-2.62974530947254));
#7729=CARTESIAN_POINT('Ctrl Pts',(-90.2060344367429,100.037496061398,19.1487265473627));
#7730=CARTESIAN_POINT('Ctrl Pts',(-90.2060344367429,100.037496061398,-2.62974530947254));
#7731=CARTESIAN_POINT('Ctrl Pts',(-87.7506007314758,105.186177473421,19.1487265473627));
#7732=CARTESIAN_POINT('Ctrl Pts',(-87.7506007314758,105.186177473421,-2.62974530947254));
#7733=CARTESIAN_POINT('Ctrl Pts',(-82.6511784585182,109.257779782619,19.1487265473627));
#7734=CARTESIAN_POINT('Ctrl Pts',(-82.6511784585182,109.257779782619,-2.62974530947254));
#7735=CARTESIAN_POINT('',(-90.0174587188936,93.8117361579694,19.1487265484709));
#7736=CARTESIAN_POINT('',(-90.0174795743194,93.8117355465479,19.1487265473627));
#7737=CARTESIAN_POINT('',(-88.9060999461294,100.952997295296,19.1487265540235));
#7738=CARTESIAN_POINT('Ctrl Pts',(-82.6511784585187,109.257779782618,15.2794407921475));
#7739=CARTESIAN_POINT('Ctrl Pts',(-82.9753451594236,108.998950876652,15.3936774384418));
#7740=CARTESIAN_POINT('Ctrl Pts',(-83.2906444258716,108.734323437119,15.5134001550475));
#7741=CARTESIAN_POINT('Ctrl Pts',(-83.5968590043532,108.463609665911,15.6382475520464));
#7742=CARTESIAN_POINT('Ctrl Pts',(-83.9008942166243,108.194822597373,15.7622063950129));
#7743=CARTESIAN_POINT('Ctrl Pts',(-84.1959736239132,107.920035535206,15.891217232014));
#7744=CARTESIAN_POINT('Ctrl Pts',(-84.4818369144574,107.638947365727,16.0249263345121));
#7745=CARTESIAN_POINT('Ctrl Pts',(-84.5365260807005,107.585171738922,16.0505065316785));
#7746=CARTESIAN_POINT('Ctrl Pts',(-84.5908777915925,107.531165431308,16.0762586872398));
#7747=CARTESIAN_POINT('Ctrl Pts',(-84.6448900221387,107.476926252059,16.1021803243509));
#7748=CARTESIAN_POINT('Ctrl Pts',(-84.8484768362132,107.272484006485,16.1998860376992));
#7749=CARTESIAN_POINT('Ctrl Pts',(-85.047232523309,107.064746796628,16.2999996457639));
#7750=CARTESIAN_POINT('Ctrl Pts',(-85.241175538916,106.853436564977,16.4022090063518));
#7751=CARTESIAN_POINT('Ctrl Pts',(-85.4398461515443,106.636975389279,16.5069098444862));
#7752=CARTESIAN_POINT('Ctrl Pts',(-85.6334669067878,106.416764998718,16.6138098534761));
#7753=CARTESIAN_POINT('Ctrl Pts',(-85.8220047778912,106.192484966539,16.7225735036453));
#7754=CARTESIAN_POINT('Ctrl Pts',(-86.0105426489946,105.96820493436,16.8313371538145));
#7755=CARTESIAN_POINT('Ctrl Pts',(-86.1939977503895,105.739855307179,16.9419644451631));
#7756=CARTESIAN_POINT('Ctrl Pts',(-86.3722819789991,105.507093221851,17.0541198480145));
#7757=CARTESIAN_POINT('Ctrl Pts',(-86.5179431197536,105.316922778073,17.1457526528259));
#7758=CARTESIAN_POINT('Ctrl Pts',(-86.6601601776554,105.123784935121,17.2384054962361));
#7759=CARTESIAN_POINT('Ctrl Pts',(-86.798587766152,104.927890758265,17.3318652946505));
#7760=CARTESIAN_POINT('Ctrl Pts',(-86.9364236651509,104.732833903856,17.4249256121393));
#7761=CARTESIAN_POINT('Ctrl Pts',(-87.0705023763432,104.535044210275,17.5187860009415));
#7762=CARTESIAN_POINT('Ctrl Pts',(-87.200530591754,104.334749466536,17.6132360981884));
#7763=CARTESIAN_POINT('Ctrl Pts',(-87.3299848669741,104.135338817091,17.7072692958675));
#7764=CARTESIAN_POINT('Ctrl Pts',(-87.4554243057862,103.933445175268,17.801887007574));
#7765=CARTESIAN_POINT('Ctrl Pts',(-87.5766072872725,103.729312807492,17.8968816437661));
#7766=CARTESIAN_POINT('Ctrl Pts',(-87.656763699741,103.594289571812,17.9597157905045));
#7767=CARTESIAN_POINT('Ctrl Pts',(-87.7350588290962,103.458287259333,18.0227148474841));
#7768=CARTESIAN_POINT('Ctrl Pts',(-87.8114343679762,103.321381291495,18.0858187394828));
#7769=CARTESIAN_POINT('Ctrl Pts',(-87.9587801513937,103.057258545109,18.2075604978991));
#7770=CARTESIAN_POINT('Ctrl Pts',(-88.0989844601796,102.789782102614,18.3296924437039));
#7771=CARTESIAN_POINT('Ctrl Pts',(-88.2320826544477,102.518702695144,18.4523289994317));
#7772=CARTESIAN_POINT('Ctrl Pts',(-88.2906197607713,102.399480911674,18.5062650362147));
#7773=CARTESIAN_POINT('Ctrl Pts',(-88.3477817233075,102.279561960771,18.5602986784234));
#7774=CARTESIAN_POINT('Ctrl Pts',(-88.4035685904999,102.158923431423,18.6144396600013));
#7775=CARTESIAN_POINT('Ctrl Pts',(-88.4988425029201,101.952894570903,18.7069026964971));
#7776=CARTESIAN_POINT('Ctrl Pts',(-88.5901006752911,101.744766466283,18.7996788041737));
#7777=CARTESIAN_POINT('Ctrl Pts',(-88.6771826177503,101.534825711445,18.8926409367389));
#7778=CARTESIAN_POINT('Ctrl Pts',(-88.7570291187429,101.342328458672,18.977879056153));
#7779=CARTESIAN_POINT('Ctrl Pts',(-88.8333650788557,101.148307477036,19.0632735719181));
#7780=CARTESIAN_POINT('Ctrl Pts',(-88.9061024588923,100.952998228497,19.1487265473627));
#7781=CARTESIAN_POINT('Ctrl Pts',(-88.9061024588923,100.952998228497,19.1487265473627));
#7782=CARTESIAN_POINT('Ctrl Pts',(-89.0265035069517,100.629705882691,19.1487265473627));
#7783=CARTESIAN_POINT('Ctrl Pts',(-89.1367069749584,100.303826870655,19.1487265473627));
#7784=CARTESIAN_POINT('Ctrl Pts',(-89.2370063424648,99.9752550163867,19.1487265473627));
#7785=CARTESIAN_POINT('Ctrl Pts',(-89.3127599187874,99.727093002422,19.1487265473627));
#7786=CARTESIAN_POINT('Ctrl Pts',(-89.3828627940569,99.4773944735974,19.1487265473627));
#7787=CARTESIAN_POINT('Ctrl Pts',(-89.447423172859,99.2261062556525,19.1487265473627));
#7788=CARTESIAN_POINT('Ctrl Pts',(-89.51623079204,98.958286513485,19.1487265473627));
#7789=CARTESIAN_POINT('Ctrl Pts',(-89.5787367761267,98.688660140831,19.1487265473627));
#7790=CARTESIAN_POINT('Ctrl Pts',(-89.6349901698273,98.4175475075045,19.1487265473627));
#7791=CARTESIAN_POINT('Ctrl Pts',(-89.6893474908616,98.1555729762496,19.1487265473627));
#7792=CARTESIAN_POINT('Ctrl Pts',(-89.7378669273458,97.8922107782228,19.1487265473627));
#7793=CARTESIAN_POINT('Ctrl Pts',(-89.7806357231054,97.6277673779597,19.1487265473627));
#7794=CARTESIAN_POINT('Ctrl Pts',(-89.8210723600487,97.3777439302899,19.1487265473627));
#7795=CARTESIAN_POINT('Ctrl Pts',(-89.856369188262,97.1267494932314,19.1487265473627));
#7796=CARTESIAN_POINT('Ctrl Pts',(-89.8866313274913,96.8750830249583,19.1487265473627));
#7797=CARTESIAN_POINT('Ctrl Pts',(-89.9171717808628,96.621102036331,19.1487265473627));
#7798=CARTESIAN_POINT('Ctrl Pts',(-89.9425842415009,96.3664383025835,19.1487265473627));
#7799=CARTESIAN_POINT('Ctrl Pts',(-89.963014102296,96.1114204863694,19.1487265473627));
#7800=CARTESIAN_POINT('Ctrl Pts',(-89.9754370567472,95.956349693337,19.1487265473627));
#7801=CARTESIAN_POINT('Ctrl Pts',(-89.9860183927445,95.8011482779812,19.1487265473627));
#7802=CARTESIAN_POINT('Ctrl Pts',(-89.9947975756562,95.6458928975131,19.1487265473627));
#7803=CARTESIAN_POINT('Ctrl Pts',(-90.0169335863269,95.2544288178463,19.1487265473627));
#7804=CARTESIAN_POINT('Ctrl Pts',(-90.0276194263025,94.8626211557131,19.1487265473627));
#7805=CARTESIAN_POINT('Ctrl Pts',(-90.0275643922014,94.4705966632117,19.1487265473627));
#7806=CARTESIAN_POINT('Ctrl Pts',(-90.0275335696211,94.2510381320123,19.1487265473627));
#7807=CARTESIAN_POINT('Ctrl Pts',(-90.0241327240615,94.0314113004809,19.1487265473627));
#7808=CARTESIAN_POINT('Ctrl Pts',(-90.0174795815163,93.8117357841762,19.1487265473627));
#7809=CARTESIAN_POINT('Origin',(-90.0174795743194,93.8117355465479,25.8));
#7810=CARTESIAN_POINT('',(-90.0174585819645,26.1882638369695,19.1487265484775));
#7811=CARTESIAN_POINT('',(-90.0174795754635,26.1882644523541,19.1487265473627));
#7812=CARTESIAN_POINT('',(-90.0174795743194,93.8117355465479,19.1487265473627));
#7813=CARTESIAN_POINT('Ctrl Pts',(-90.0174795754636,26.1882644523541,19.1487265473627));
#7814=CARTESIAN_POINT('Ctrl Pts',(-90.0174795754636,26.1882644523542,-2.62974530947254));
#7815=CARTESIAN_POINT('Ctrl Pts',(-90.2060344380732,19.9625039383178,19.1487265473627));
#7816=CARTESIAN_POINT('Ctrl Pts',(-90.2060344380732,19.9625039383178,-2.62974530947256));
#7817=CARTESIAN_POINT('Ctrl Pts',(-87.7506007336415,14.8138225267389,19.1487265473627));
#7818=CARTESIAN_POINT('Ctrl Pts',(-87.7506007336415,14.813822526739,-2.62974530947256));
#7819=CARTESIAN_POINT('Ctrl Pts',(-82.6511784621683,10.7422202176177,19.1487265473627));
#7820=CARTESIAN_POINT('Ctrl Pts',(-82.6511784621683,10.7422202176177,-2.62974530947258));
#7821=CARTESIAN_POINT('',(-88.9061024602781,19.0470017703674,19.1487265473627));
#7822=CARTESIAN_POINT('Ctrl Pts',(-90.017479582705,26.1882642132534,19.1487265473627));
#7823=CARTESIAN_POINT('Ctrl Pts',(-90.0227733611618,26.0134726002627,19.1487265473627));
#7824=CARTESIAN_POINT('Ctrl Pts',(-90.0260239632769,25.8380412167173,19.1487265473627));
#7825=CARTESIAN_POINT('Ctrl Pts',(-90.0271336040535,25.6625460175387,19.1487265473627));
#7826=CARTESIAN_POINT('Ctrl Pts',(-90.0277948076952,25.557973378157,19.1487265473627));
#7827=CARTESIAN_POINT('Ctrl Pts',(-90.0276968003627,25.4533776868364,19.1487265473627));
#7828=CARTESIAN_POINT('Ctrl Pts',(-90.0268275967893,25.3488772541335,19.1487265473627));
#7829=CARTESIAN_POINT('Ctrl Pts',(-90.0262999544708,25.2854411934917,19.1487265473627));
#7830=CARTESIAN_POINT('Ctrl Pts',(-90.0254883613896,25.2220450649626,19.1487265473627));
#7831=CARTESIAN_POINT('Ctrl Pts',(-90.0243908724806,25.1586927267744,19.1487265473627));
#7832=CARTESIAN_POINT('Ctrl Pts',(-90.0205192091058,24.9352016960517,19.1487265473627));
#7833=CARTESIAN_POINT('Ctrl Pts',(-90.0130930060671,24.7122147316595,19.1487265473627));
#7834=CARTESIAN_POINT('Ctrl Pts',(-90.0019927458692,24.4894082040167,19.1487265473627));
#7835=CARTESIAN_POINT('Ctrl Pts',(-89.997292714178,24.3950682766395,19.1487265473627));
#7836=CARTESIAN_POINT('Ctrl Pts',(-89.9919330915539,24.300756517626,19.1487265473627));
#7837=CARTESIAN_POINT('Ctrl Pts',(-89.9859034883401,24.2064685718725,19.1487265473627));
#7838=CARTESIAN_POINT('Ctrl Pts',(-89.9615953362267,23.8263497404062,19.1487265473627));
#7839=CARTESIAN_POINT('Ctrl Pts',(-89.926396946543,23.4466738723938,19.1487265473627));
#7840=CARTESIAN_POINT('Ctrl Pts',(-89.8796956770772,23.0679652112325,19.1487265473627));
#7841=CARTESIAN_POINT('Ctrl Pts',(-89.8585967186922,22.8968701131066,19.1487265473627));
#7842=CARTESIAN_POINT('Ctrl Pts',(-89.835150566933,22.7259722515649,19.1487265473627));
#7843=CARTESIAN_POINT('Ctrl Pts',(-89.8093039707197,22.5553183761915,19.1487265473627));
#7844=CARTESIAN_POINT('Ctrl Pts',(-89.7722470770725,22.3106477643236,19.1487265473627));
#7845=CARTESIAN_POINT('Ctrl Pts',(-89.7302520736622,22.0664789000437,19.1487265473627));
#7846=CARTESIAN_POINT('Ctrl Pts',(-89.683226816113,21.8231891566824,19.1487265473627));
#7847=CARTESIAN_POINT('Ctrl Pts',(-89.637584229321,21.5870527949544,19.1487265473627));
#7848=CARTESIAN_POINT('Ctrl Pts',(-89.5872030005843,21.3517445540875,19.1487265473627));
#7849=CARTESIAN_POINT('Ctrl Pts',(-89.5320427655397,21.1175916102225,19.1487265473627));
#7850=CARTESIAN_POINT('Ctrl Pts',(-89.4972141381618,20.9697455101339,19.1487265473627));
#7851=CARTESIAN_POINT('Ctrl Pts',(-89.4604815722788,20.8223614129793,19.1487265473627));
#7852=CARTESIAN_POINT('Ctrl Pts',(-89.4218423911046,20.675512165225,19.1487265473627));
#7853=CARTESIAN_POINT('Ctrl Pts',(-89.3431260879355,20.3763487369354,19.1487265473627));
#7854=CARTESIAN_POINT('Ctrl Pts',(-89.2564887137889,20.0793814964848,19.1487265473627));
#7855=CARTESIAN_POINT('Ctrl Pts',(-89.1618732756306,19.7848957738401,19.1487265473627));
#7856=CARTESIAN_POINT('Ctrl Pts',(-89.0822658326585,19.5371216702917,19.1487265473627));
#7857=CARTESIAN_POINT('Ctrl Pts',(-88.9970113806971,19.2911039489922,19.1487265473627));
#7858=CARTESIAN_POINT('Ctrl Pts',(-88.9061024602781,19.0470017703674,19.1487265473627));
#7859=CARTESIAN_POINT('Ctrl Pts',(-88.9061024602781,19.0470017703674,19.1487265473627));
#7860=CARTESIAN_POINT('Ctrl Pts',(-88.6023381242648,18.2313553424084,18.7918596058312));
#7861=CARTESIAN_POINT('Ctrl Pts',(-88.0573039072636,17.0542481992766,18.2634826824779));
#7862=CARTESIAN_POINT('Ctrl Pts',(-87.160195956398,15.5747876346507,17.5727019898147));
#7863=CARTESIAN_POINT('Ctrl Pts',(-86.4017865649595,14.5064088272955,17.0618857893514));
#7864=CARTESIAN_POINT('Ctrl Pts',(-85.5653164855921,13.4864172514277,16.5668111612002));
#7865=CARTESIAN_POINT('Ctrl Pts',(-84.6632148109333,12.5223852932636,16.0999990310636));
#7866=CARTESIAN_POINT('Ctrl Pts',(-83.6947293336522,11.6062527791836,15.667215758854));
#7867=CARTESIAN_POINT('Ctrl Pts',(-83.005226236751,11.0249074828121,15.4042075572131));
#7868=CARTESIAN_POINT('Ctrl Pts',(-82.6511784585371,10.7422202147184,15.2794407915665));
#7869=CARTESIAN_POINT('Origin',(-82.9631550859216,10.351489381579,15.2794407915665));
#7870=CARTESIAN_POINT('',(-82.9631550859253,10.1528466772601,15.738288343615));
#7871=CARTESIAN_POINT('Origin',(-82.9631550859095,10.3514893815694,15.2794407915623));
#7872=CARTESIAN_POINT('Origin',(-82.9631550859216,10.351489381579,15.2794407915665));
#7873=CARTESIAN_POINT('Ctrl Pts',(-119.238178167009,4.8257945451244,13.7306695410445));
#7874=CARTESIAN_POINT('Ctrl Pts',(-118.798688388271,4.70843505673087,13.6912941825122));
#7875=CARTESIAN_POINT('Ctrl Pts',(-118.75877788522,4.84279646456906,13.2567494807602));
#7876=CARTESIAN_POINT('Ctrl Pts',(-119.317886467565,4.55886933746521,13.6408547217136));
#7877=CARTESIAN_POINT('Ctrl Pts',(-118.87424047493,4.44634018749716,13.603456251177));
#7878=CARTESIAN_POINT('Ctrl Pts',(-118.836208125042,4.58226776444572,13.1665086471172));
#7879=CARTESIAN_POINT('Ctrl Pts',(-119.464316924301,4.02180157344402,13.4622542344462));
#7880=CARTESIAN_POINT('Ctrl Pts',(-119.012461945183,3.91908760489295,13.4288903782763));
#7881=CARTESIAN_POINT('Ctrl Pts',(-118.978453551876,4.05772972191204,12.9869416561703));
#7882=CARTESIAN_POINT('Ctrl Pts',(-119.704003866846,2.943553403931,13.1179923488905));
#7883=CARTESIAN_POINT('Ctrl Pts',(-119.236375088659,2.86138774428052,13.0931490553292));
#7884=CARTESIAN_POINT('Ctrl Pts',(-119.211289971363,3.00172935606479,12.6398569988427));
#7885=CARTESIAN_POINT('Ctrl Pts',(-119.906162455551,1.57889969826334,12.7155665695487));
#7886=CARTESIAN_POINT('Ctrl Pts',(-119.420673126935,1.5263215536538,12.7016537929444));
#7887=CARTESIAN_POINT('Ctrl Pts',(-119.407670186293,1.66337518199835,12.2335707559504));
#7888=CARTESIAN_POINT('Ctrl Pts',(-119.976615794669,0.188285478305291,12.3553595658948));
#7889=CARTESIAN_POINT('Ctrl Pts',(-119.477903082237,0.176064581558647,12.3527983758676));
#7890=CARTESIAN_POINT('Ctrl Pts',(-119.47610908917,0.299578391693865,11.8699264473478));
#7891=CARTESIAN_POINT('Ctrl Pts',(-119.950658240763,-0.940104046307584,
12.0917003999211));
#7892=CARTESIAN_POINT('Ctrl Pts',(-119.44541438299,-0.918858521961675,12.0967489055883));
#7893=CARTESIAN_POINT('Ctrl Pts',(-119.450892779283,-0.806400547557912,
11.6039051837862));
#7894=CARTESIAN_POINT('Ctrl Pts',(-119.867490373178,-2.08144456589275,11.8434239255363));
#7895=CARTESIAN_POINT('Ctrl Pts',(-119.357967523592,-2.02904514101354,11.8545492688622));
#7896=CARTESIAN_POINT('Ctrl Pts',(-119.370101166088,-1.9245834135304,11.3535138648419));
#7897=CARTESIAN_POINT('Ctrl Pts',(-119.65877151836,-3.48714769341436,11.5696180306069));
#7898=CARTESIAN_POINT('Ctrl Pts',(-119.148525023072,-3.39346921174448,11.5871788796297));
#7899=CARTESIAN_POINT('Ctrl Pts',(-119.167346583338,-3.30078535464403,11.0775789993983));
#7900=CARTESIAN_POINT('Ctrl Pts',(-119.243370940846,-5.14408431040373,11.2896069604435));
#7901=CARTESIAN_POINT('Ctrl Pts',(-118.740062093734,-4.99861174466577,11.3130204339333));
#7902=CARTESIAN_POINT('Ctrl Pts',(-118.763817105208,-4.92150817384159,10.7956396022032));
#7903=CARTESIAN_POINT('Ctrl Pts',(-118.758804036296,-6.4963251041537,11.0910714975408));
#7904=CARTESIAN_POINT('Ctrl Pts',(-118.267482325136,-6.30736975113791,11.1179088024353));
#7905=CARTESIAN_POINT('Ctrl Pts',(-118.293098252701,-6.24317165811251,10.5958904466862));
#7906=CARTESIAN_POINT('Ctrl Pts',(-118.283499524908,-7.56199140875233,10.9498825736857));
#7907=CARTESIAN_POINT('Ctrl Pts',(-117.80514599614,-7.33930165876409,10.9785871780444));
#7908=CARTESIAN_POINT('Ctrl Pts',(-117.83137716855,-7.28422809956695,10.4539053650399));
#7909=CARTESIAN_POINT('Ctrl Pts',(-117.758920856295,-8.59515469857002,10.8221986049037));
#7910=CARTESIAN_POINT('Ctrl Pts',(-117.29517935884,-8.34046202825905,10.8521997572772));
#7911=CARTESIAN_POINT('Ctrl Pts',(-117.321790080319,-8.29322789330097,10.3255401089395));
#7912=CARTESIAN_POINT('Ctrl Pts',(-117.011089553952,-9.83006136136453,10.6848031286003));
#7913=CARTESIAN_POINT('Ctrl Pts',(-116.569388711113,-9.53676348664174,10.7157239619369));
#7914=CARTESIAN_POINT('Ctrl Pts',(-116.595330670076,-9.4987574307751,10.1874696784612));
#7915=CARTESIAN_POINT('Ctrl Pts',(-115.970632236778,-11.2184468489557,10.5493169741641));
#7916=CARTESIAN_POINT('Ctrl Pts',(-115.560658607144,-10.8820158099024,10.580441309312));
#7917=CARTESIAN_POINT('Ctrl Pts',(-115.584608154038,-10.8535192312924,10.0513770961233));
#7918=CARTESIAN_POINT('Ctrl Pts',(-114.775447558206,-12.5181217692007,10.4377878068104));
#7919=CARTESIAN_POINT('Ctrl Pts',(-114.402337819004,-12.141861064591,10.4684464929657));
#7920=CARTESIAN_POINT('Ctrl Pts',(-114.423580190872,-12.1212568327673,9.93938911169352));
#7921=CARTESIAN_POINT('Ctrl Pts',(-113.471840256343,-13.6766662997224,10.3498714321915));
#7922=CARTESIAN_POINT('Ctrl Pts',(-113.138997891724,-13.2654381011212,10.3796429585615));
#7923=CARTESIAN_POINT('Ctrl Pts',(-113.157228166928,-13.2509973187335,9.85113690169868));
#7924=CARTESIAN_POINT('Ctrl Pts',(-112.297071039474,-14.5290484234439,10.2920855645808));
#7925=CARTESIAN_POINT('Ctrl Pts',(-112.000187178649,-14.0926127331145,10.320925044252));
#7926=CARTESIAN_POINT('Ctrl Pts',(-112.016032157196,-14.0819933113,9.79314361723431));
#7927=CARTESIAN_POINT('Ctrl Pts',(-111.30478658074,-15.1415149451651,10.2535377556012));
#7928=CARTESIAN_POINT('Ctrl Pts',(-111.038106367718,-14.6871332345449,10.2815988901573));
#7929=CARTESIAN_POINT('Ctrl Pts',(-111.052105733694,-14.6790118812892,9.75446250392759));
#7930=CARTESIAN_POINT('Ctrl Pts',(-110.531212928674,-15.5669648357182,10.2280552140489));
#7931=CARTESIAN_POINT('Ctrl Pts',(-110.288152441535,-15.100115027692,10.2555336397546));
#7932=CARTESIAN_POINT('Ctrl Pts',(-110.300639705265,-15.0936958725474,9.72889398275623));
#7933=CARTESIAN_POINT('Ctrl Pts',(-109.739185277645,-15.9518555636458,10.206050566102));
#7934=CARTESIAN_POINT('Ctrl Pts',(-109.520231604079,-15.4737925066666,10.2329642951135));
#7935=CARTESIAN_POINT('Ctrl Pts',(-109.531247059649,-15.4688190879204,9.70681671572));
#7936=CARTESIAN_POINT('Ctrl Pts',(-108.666276689461,-16.4084593949494,10.1810354151653));
#7937=CARTESIAN_POINT('Ctrl Pts',(-108.480061006538,-15.9170876206318,10.207245372893));
#7938=CARTESIAN_POINT('Ctrl Pts',(-108.48900067629,-15.9138067748372,9.68172061601419));
#7939=CARTESIAN_POINT('Ctrl Pts',(-107.290208558698,-16.8762947648399,10.15694648974));
#7940=CARTESIAN_POINT('Ctrl Pts',(-107.14572380533,-16.3714488091744,10.1823783450925));
#7941=CARTESIAN_POINT('Ctrl Pts',(-107.152258588719,-16.3697000827434,9.65755587449768));
#7942=CARTESIAN_POINT('Ctrl Pts',(-105.870479225259,-17.2068665065138,10.140907121196));
#7943=CARTESIAN_POINT('Ctrl Pts',(-105.768463193316,-16.6926578869978,10.1657518329539));
#7944=CARTESIAN_POINT('Ctrl Pts',(-105.773102977842,-16.6918084452495,9.64146724746323));
#7945=CARTESIAN_POINT('Ctrl Pts',(-104.703859107626,-17.3870499733125,10.1323853201571));
#7946=CARTESIAN_POINT('Ctrl Pts',(-104.636753666433,-16.86772338672,10.1569044145048));
#7947=CARTESIAN_POINT('Ctrl Pts',(-104.639823116527,-16.8673732069256,9.63291953955053));
#7948=CARTESIAN_POINT('Ctrl Pts',(-102.955739684028,-17.5672087127402,10.1240082730081));
#7949=CARTESIAN_POINT('Ctrl Pts',(-102.941279622909,-17.0427453269643,10.1481985827631));
#7950=CARTESIAN_POINT('Ctrl Pts',(-102.94166240456,-17.0429102366704,9.62451719773529));
#7951=CARTESIAN_POINT('Ctrl Pts',(-101.212199035883,-17.529665056015,10.125681367957));
#7952=CARTESIAN_POINT('Ctrl Pts',(-101.249247461803,-17.0062356889956,10.1499441446795));
#7953=CARTESIAN_POINT('Ctrl Pts',(-101.247949421237,-17.0063315365167,9.62619525738913));
#7954=CARTESIAN_POINT('Ctrl Pts',(-99.4724510199994,-17.2740437844517,10.1377197628042));
#7955=CARTESIAN_POINT('Ctrl Pts',(-99.5620544363298,-16.7579335762875,10.1624430518734));
#7956=CARTESIAN_POINT('Ctrl Pts',(-99.5579209008824,-16.7572640056256,9.63827018636607));
#7957=CARTESIAN_POINT('Ctrl Pts',(-98.3150929523874,-17.0437149919024,10.148797575962));
#7958=CARTESIAN_POINT('Ctrl Pts',(-98.4393556121361,-16.5341552795532,10.1739313048403));
#7959=CARTESIAN_POINT('Ctrl Pts',(-98.4336383934789,-16.532834629496,9.64938190523238));
#7960=CARTESIAN_POINT('Ctrl Pts',(-96.9117362546103,-16.6524174751353,10.1682374037918));
#7961=CARTESIAN_POINT('Ctrl Pts',(-97.0780459757309,-16.1539689719938,10.1940513907255));
#7962=CARTESIAN_POINT('Ctrl Pts',(-97.070387517139,-16.1515436173353,9.66888201458089));
#7963=CARTESIAN_POINT('Ctrl Pts',(-95.5572674213537,-16.1257284390864,10.1962251351896));
#7964=CARTESIAN_POINT('Ctrl Pts',(-95.7647820416016,-15.6425206277434,10.2228848518391));
#7965=CARTESIAN_POINT('Ctrl Pts',(-95.7546274646752,-15.6382764596244,9.69695903814871));
#7966=CARTESIAN_POINT('Ctrl Pts',(-94.5051165568094,-15.6233009580678,10.2247748198314));
#7967=CARTESIAN_POINT('Ctrl Pts',(-94.744826158265,-15.1548071231806,10.2521726515629));
#7968=CARTESIAN_POINT('Ctrl Pts',(-94.7325455873009,-15.1486039152881,9.72560266902035));
#7969=CARTESIAN_POINT('Ctrl Pts',(-93.7300896004147,-15.2043851181538,10.2496930673601));
#7970=CARTESIAN_POINT('Ctrl Pts',(-93.9934491398596,-14.7481552659354,10.277671000237));
#7971=CARTESIAN_POINT('Ctrl Pts',(-93.9796677862058,-14.7402932609617,9.75060471408411));
#7972=CARTESIAN_POINT('Ctrl Pts',(-92.9762608797948,-14.7463299247888,10.2783181888923));
#7973=CARTESIAN_POINT('Ctrl Pts',(-93.2626935673604,-14.3035934754208,10.3068802594715));
#7974=CARTESIAN_POINT('Ctrl Pts',(-93.2473824123195,-14.2937969514387,9.77932846251923));
#7975=CARTESIAN_POINT('Ctrl Pts',(-92.0118804873454,-14.0920125203529,10.3213916393485));
#7976=CARTESIAN_POINT('Ctrl Pts',(-92.3277345912975,-13.6685552655176,10.3507153521524));
#7977=CARTESIAN_POINT('Ctrl Pts',(-92.3105626040943,-13.6559313773625,9.82255434149734));
#7978=CARTESIAN_POINT('Ctrl Pts',(-90.8756455649744,-13.1903163446208,10.3855438378881));
#7979=CARTESIAN_POINT('Ctrl Pts',(-91.2263602828093,-12.7937058957885,10.4157368100909));
#7980=CARTESIAN_POINT('Ctrl Pts',(-91.2067996453585,-12.7767743363762,9.88694289584531));
#7981=CARTESIAN_POINT('Ctrl Pts',(-89.6237690469167,-11.9772261729939,10.4824891713859));
#7982=CARTESIAN_POINT('Ctrl Pts',(-90.0131614876694,-11.6174704432149,10.5134134492852));
#7983=CARTESIAN_POINT('Ctrl Pts',(-89.9907000161568,-11.5937035484564,9.98426998865491));
#7984=CARTESIAN_POINT('Ctrl Pts',(-88.4865004776656,-10.6281773314221,10.604745415381));
#7985=CARTESIAN_POINT('Ctrl Pts',(-88.910852821243,-10.3100187130284,10.6358781085045));
#7986=CARTESIAN_POINT('Ctrl Pts',(-88.8859329945793,-10.2776115224748,10.1070470507458));
#7987=CARTESIAN_POINT('Ctrl Pts',(-87.5078379563198,-9.19777561299827,10.752478520824));
#7988=CARTESIAN_POINT('Ctrl Pts',(-87.9617422712993,-8.92428308034352,10.7830408195046));
#7989=CARTESIAN_POINT('Ctrl Pts',(-87.9352392457741,-8.88159835872964,10.2554679846486));
#7990=CARTESIAN_POINT('Ctrl Pts',(-86.8147141504456,-7.93347520913196,10.9016054205091));
#7991=CARTESIAN_POINT('Ctrl Pts',(-87.2885615313043,-7.69955755260735,10.9308470920192));
#7992=CARTESIAN_POINT('Ctrl Pts',(-87.2619238308523,-7.64710190098599,10.4053602245397));
#7993=CARTESIAN_POINT('Ctrl Pts',(-86.3357637667073,-6.88034059751162,11.0397216946782));
#7994=CARTESIAN_POINT('Ctrl Pts',(-86.8224032147752,-6.6789626123917,11.0672891693768));
#7995=CARTESIAN_POINT('Ctrl Pts',(-86.7966609990482,-6.61833461319125,10.5442488613391));
#7996=CARTESIAN_POINT('Ctrl Pts',(-85.9073795903833,-5.79721098909395,11.1920895834018));
#7997=CARTESIAN_POINT('Ctrl Pts',(-86.40512018501,-5.63018895730039,11.2173255939902));
#7998=CARTESIAN_POINT('Ctrl Pts',(-86.3805193027066,-5.559920923819,10.6975188377035));
#7999=CARTESIAN_POINT('Ctrl Pts',(-85.4803357620532,-4.4224400230858,11.4066232418665));
#8000=CARTESIAN_POINT('Ctrl Pts',(-85.9876065034889,-4.29965710673904,11.4277272763341));
#8001=CARTESIAN_POINT('Ctrl Pts',(-85.9656795424895,-4.21580496351031,10.913432842845));
#8002=CARTESIAN_POINT('Ctrl Pts',(-85.1925801728742,-3.01997490108164,11.6588721134033));
#8003=CARTESIAN_POINT('Ctrl Pts',(-85.7026419870902,-2.9393156495616,11.6745068870147));
#8004=CARTESIAN_POINT('Ctrl Pts',(-85.6861470767197,-2.84347169997211,11.1675142486223));
#8005=CARTESIAN_POINT('Ctrl Pts',(-85.0464718725213,-1.88041191564678,11.8878650108853));
#8006=CARTESIAN_POINT('Ctrl Pts',(-85.5550160020038,-1.83201394950665,11.8982017631865));
#8007=CARTESIAN_POINT('Ctrl Pts',(-85.5442138402237,-1.72760754561253,11.3983382367338));
#8008=CARTESIAN_POINT('Ctrl Pts',(-84.9584213487704,-0.749181145993032,
12.1321850657038));
#8009=CARTESIAN_POINT('Ctrl Pts',(-85.4632728817827,-0.735160194937728,
12.1358436603047));
#8010=CARTESIAN_POINT('Ctrl Pts',(-85.4586791789702,-0.619383411675504,
11.6447275830534));
#8011=CARTESIAN_POINT('Ctrl Pts',(-84.9531464477658,0.651710792164895,12.4681356069525));
#8012=CARTESIAN_POINT('Ctrl Pts',(-85.4482690674185,0.623599976176169,12.4615754157822));
#8013=CARTESIAN_POINT('Ctrl Pts',(-85.4535541794858,0.753935989861696,11.9837413075296));
#8014=CARTESIAN_POINT('Ctrl Pts',(-85.0826078316915,2.0344811771017,12.848174195073));
#8015=CARTESIAN_POINT('Ctrl Pts',(-85.5623804445425,1.97382955534127,12.8311372414557));
#8016=CARTESIAN_POINT('Ctrl Pts',(-85.5793147812943,2.11029608049346,12.3674873427248));
#8017=CARTESIAN_POINT('Ctrl Pts',(-85.2659701924448,3.13058163361067,13.1783474457545));
#8018=CARTESIAN_POINT('Ctrl Pts',(-85.7312898901031,3.04719477604498,13.1527516441312));
#8019=CARTESIAN_POINT('Ctrl Pts',(-85.7574362380297,3.18484334308158,12.7006894612986));
#8020=CARTESIAN_POINT('Ctrl Pts',(-85.5037048558198,4.22277448399837,13.5257609074692));
#8021=CARTESIAN_POINT('Ctrl Pts',(-85.9519703189239,4.11284249014834,13.4897217637822));
#8022=CARTESIAN_POINT('Ctrl Pts',(-85.9883758960811,4.25471626747582,13.0510246549327));
#8023=CARTESIAN_POINT('Ctrl Pts',(-85.8942581663074,5.55125960267791,13.9733899737407));
#8024=CARTESIAN_POINT('Ctrl Pts',(-86.3196940019288,5.41090938546545,13.9255090932264));
#8025=CARTESIAN_POINT('Ctrl Pts',(-86.3677666579851,5.55021472779076,13.5003946530049));
#8026=CARTESIAN_POINT('Ctrl Pts',(-86.5088893153458,7.08357515356482,14.5139233537177));
#8027=CARTESIAN_POINT('Ctrl Pts',(-86.9044684845086,6.91445993116317,14.4527161065925));
#8028=CARTESIAN_POINT('Ctrl Pts',(-86.9648314743039,7.0473507421914,14.0440264098632));
#8029=CARTESIAN_POINT('Ctrl Pts',(-87.1402352331901,8.30470776384291,14.9756689842396));
#8030=CARTESIAN_POINT('Ctrl Pts',(-87.5097878721386,8.11990758996542,14.9041944651576));
#8031=CARTESIAN_POINT('Ctrl Pts',(-87.5781339716903,8.24307656679591,14.5094451113101));
#8032=CARTESIAN_POINT('Ctrl Pts',(-87.7190752358523,9.24937845032906,15.3553437820547));
#8033=CARTESIAN_POINT('Ctrl Pts',(-88.0674290762614,9.05539887302085,15.2759173543973));
#8034=CARTESIAN_POINT('Ctrl Pts',(-88.1404314878071,9.16944486914094,14.8927106697512));
#8035=CARTESIAN_POINT('Ctrl Pts',(-88.337553055917,10.1574908488654,15.7358575246472));
#8036=CARTESIAN_POINT('Ctrl Pts',(-88.6608771252856,9.95057388449452,15.6464702707378));
#8037=CARTESIAN_POINT('Ctrl Pts',(-88.7412332826072,10.0603467939865,15.2769903647923));
#8038=CARTESIAN_POINT('Ctrl Pts',(-89.1839366439088,11.2288889701273,16.2127251272657));
#8039=CARTESIAN_POINT('Ctrl Pts',(-89.4761029882729,11.0097075635739,16.1122797710209));
#8040=CARTESIAN_POINT('Ctrl Pts',(-89.5634276159788,11.1107492391784,15.7582850960192));
#8041=CARTESIAN_POINT('Ctrl Pts',(-90.129862295785,12.2237726923342,16.678803560501));
#8042=CARTESIAN_POINT('Ctrl Pts',(-90.3974871803051,11.9979307309775,16.5723958810748));
#8043=CARTESIAN_POINT('Ctrl Pts',(-90.4823208692582,12.0816366923757,16.2265206908571));
#8044=CARTESIAN_POINT('Ctrl Pts',(-90.9497528708573,12.9742462672548,17.0338356142596));
#8045=CARTESIAN_POINT('Ctrl Pts',(-91.1974381306582,12.7404904667993,16.9232146432479));
#8046=CARTESIAN_POINT('Ctrl Pts',(-91.2787808116422,12.8113842960581,16.5819007649532));
#8047=CARTESIAN_POINT('Ctrl Pts',(-91.5995817573616,13.5151256608084,17.2897501946369));
#8048=CARTESIAN_POINT('Ctrl Pts',(-91.8311464489285,13.274054994372,17.1759605182422));
#8049=CARTESIAN_POINT('Ctrl Pts',(-91.9100388342343,13.3363533529715,16.8375933081818));
#8050=CARTESIAN_POINT('Ctrl Pts',(-92.2779252319208,14.0267464941203,17.5306475296275));
#8051=CARTESIAN_POINT('Ctrl Pts',(-92.4933703592837,13.7782938629648,17.4141212107956));
#8052=CARTESIAN_POINT('Ctrl Pts',(-92.5689966118554,13.8322615666645,17.077959901982));
#8053=CARTESIAN_POINT('Ctrl Pts',(-93.2103647748718,14.6621166668681,17.8275680373415));
#8054=CARTESIAN_POINT('Ctrl Pts',(-93.403324000296,14.4033902757008,17.7075464312343));
#8055=CARTESIAN_POINT('Ctrl Pts',(-93.4747887083412,14.4475967796492,17.3739755078958));
#8056=CARTESIAN_POINT('Ctrl Pts',(-94.4327218154787,15.3719500200779,18.1547023447423));
#8057=CARTESIAN_POINT('Ctrl Pts',(-94.597781713587,15.1018604541995,18.0313291543455));
#8058=CARTESIAN_POINT('Ctrl Pts',(-94.6622131956585,15.1345413544853,17.6998725857195));
#8059=CARTESIAN_POINT('Ctrl Pts',(-95.7305390214319,15.9656489330837,18.4234618928015));
#8060=CARTESIAN_POINT('Ctrl Pts',(-95.8688278503345,15.6867832243715,18.2978342752048));
#8061=CARTESIAN_POINT('Ctrl Pts',(-95.9229418858628,15.7089914776932,17.9675676813775));
#8062=CARTESIAN_POINT('Ctrl Pts',(-96.8157868587875,16.3676630356967,18.6035606221016));
#8063=CARTESIAN_POINT('Ctrl Pts',(-96.931765069519,16.0826255620053,18.4763420198944));
#8064=CARTESIAN_POINT('Ctrl Pts',(-96.9771758843648,16.097984331236,18.1469589748197));
#8065=CARTESIAN_POINT('Ctrl Pts',(-97.9342307927747,16.7191006349599,18.7599713085134));
#8066=CARTESIAN_POINT('Ctrl Pts',(-98.0262986975499,16.4283172169917,18.6312227971162));
#8067=CARTESIAN_POINT('Ctrl Pts',(-98.063657050869,16.4380532604605,18.3027618852228));
#8068=CARTESIAN_POINT('Ctrl Pts',(-99.347435410541,17.048399463788,18.9052156965167));
#8069=CARTESIAN_POINT('Ctrl Pts',(-99.410183117111,16.7524598011062,18.7751510784318));
#8070=CARTESIAN_POINT('Ctrl Pts',(-99.4364754205415,16.7567283971501,18.4474549930998));
#8071=CARTESIAN_POINT('Ctrl Pts',(-100.787062044809,17.2360875166283,18.9874437085797));
#8072=CARTESIAN_POINT('Ctrl Pts',(-100.821040962256,16.9373158643772,18.8566779338848));
#8073=CARTESIAN_POINT('Ctrl Pts',(-100.834960943547,16.9383780923812,18.529378444734));
#8074=CARTESIAN_POINT('Ctrl Pts',(-101.952469602673,17.2996813513632,19.0152611468001));
#8075=CARTESIAN_POINT('Ctrl Pts',(-101.962846837998,16.9999142254298,18.8842420613775));
#8076=CARTESIAN_POINT('Ctrl Pts',(-101.967063830572,16.99992732923,18.5570934624792));
#8077=CARTESIAN_POINT('Ctrl Pts',(-102.836854605763,17.3032465105034,19.0168190544072));
#8078=CARTESIAN_POINT('Ctrl Pts',(-102.829261611635,17.0034240773132,18.8857860002259));
#8079=CARTESIAN_POINT('Ctrl Pts',(-102.826175124778,17.0033779134804,18.5586456559577));
#8080=CARTESIAN_POINT('Ctrl Pts',(-103.718638748744,17.2618956551998,18.9987361035441));
#8081=CARTESIAN_POINT('Ctrl Pts',(-103.693116384812,16.9627215401974,18.8678681717403));
#8082=CARTESIAN_POINT('Ctrl Pts',(-103.682759884417,16.9633563794879,18.5406292182158));
#8083=CARTESIAN_POINT('Ctrl Pts',(-104.879893065093,17.1486115926678,18.9491223708072));
#8084=CARTESIAN_POINT('Ctrl Pts',(-104.830884084046,16.8512040260472,18.8187029627053));
#8085=CARTESIAN_POINT('Ctrl Pts',(-104.810828234749,16.8537163569456,18.4911989951822));
#8086=CARTESIAN_POINT('Ctrl Pts',(-106.024128087119,16.9494882010943,18.8616756162023));
#8087=CARTESIAN_POINT('Ctrl Pts',(-105.951933562534,16.6551245375982,18.7320174943646));
#8088=CARTESIAN_POINT('Ctrl Pts',(-105.922363672409,16.6610059926179,18.4040791800062));
#8089=CARTESIAN_POINT('Ctrl Pts',(-107.150001134565,16.6656020214844,18.736110916051));
#8090=CARTESIAN_POINT('Ctrl Pts',(-107.054073023545,16.3758382366637,18.6076607266916));
#8091=CARTESIAN_POINT('Ctrl Pts',(-107.016061689889,16.3862864137792,18.2789947269));
#8092=CARTESIAN_POINT('Ctrl Pts',(-107.98663123943,16.4095521929566,18.6222511589582));
#8093=CARTESIAN_POINT('Ctrl Pts',(-107.873253315637,16.1238497682055,18.4948585453126));
#8094=CARTESIAN_POINT('Ctrl Pts',(-107.828782774365,16.1385174899269,18.1655764605938));
#8095=CARTESIAN_POINT('Ctrl Pts',(-108.809842543189,16.111524585095,18.4888763389702));
#8096=CARTESIAN_POINT('Ctrl Pts',(-108.679110713704,15.8305612047022,18.3627336268582));
#8097=CARTESIAN_POINT('Ctrl Pts',(-108.628468519936,15.850141951984,18.0327250537946));
#8098=CARTESIAN_POINT('Ctrl Pts',(-109.87263457161,15.6656335717911,18.2878609858712));
#8099=CARTESIAN_POINT('Ctrl Pts',(-109.719901820921,15.3914833641466,18.1634977811412));
#8100=CARTESIAN_POINT('Ctrl Pts',(-109.660888443551,15.4187010165283,17.8325028593529));
#8101=CARTESIAN_POINT('Ctrl Pts',(-111.144806024952,15.0174394921925,17.992249531044));
#8102=CARTESIAN_POINT('Ctrl Pts',(-110.965607810718,14.7527648788977,17.8703759249982));
#8103=CARTESIAN_POINT('Ctrl Pts',(-110.896704278066,14.7914992748926,17.5380514277645));
#8104=CARTESIAN_POINT('Ctrl Pts',(-112.342125804142,14.2527647299544,17.6369282445641));
#8105=CARTESIAN_POINT('Ctrl Pts',(-112.135067027095,14.000143663354,17.5188026624986));
#8106=CARTESIAN_POINT('Ctrl Pts',(-112.059806972894,14.051287834744,17.1839820443248));
#8107=CARTESIAN_POINT('Ctrl Pts',(-113.254329258636,13.5721914702001,17.3166830881177));
#8108=CARTESIAN_POINT('Ctrl Pts',(-113.024513799652,13.3303133915877,17.2025762014394));
#8109=CARTESIAN_POINT('Ctrl Pts',(-112.945941206778,13.391693607324,16.8644797762728));
#8110=CARTESIAN_POINT('Ctrl Pts',(-114.120400026403,12.8589750241512,16.9793934947701));
#8111=CARTESIAN_POINT('Ctrl Pts',(-113.870493403685,12.6257848577341,16.8689194980465));
#8112=CARTESIAN_POINT('Ctrl Pts',(-113.787261646909,12.6995815924284,16.5275448748817));
#8113=CARTESIAN_POINT('Ctrl Pts',(-115.125180989547,11.9050713287669,16.5274953665421));
#8114=CARTESIAN_POINT('Ctrl Pts',(-114.851127055116,11.6801704222114,16.4219756941529));
#8115=CARTESIAN_POINT('Ctrl Pts',(-114.763328375872,11.7714328247125,16.0749083696869));
#8116=CARTESIAN_POINT('Ctrl Pts',(-116.212815537975,10.6645566321622,15.9564195759552));
#8117=CARTESIAN_POINT('Ctrl Pts',(-115.905647115609,10.4496979241161,15.860696580428));
#8118=CARTESIAN_POINT('Ctrl Pts',(-115.819879992563,10.5579701053352,15.4998224666863));
#8119=CARTESIAN_POINT('Ctrl Pts',(-117.1858974314,9.31849020842831,15.377694987615));
#8120=CARTESIAN_POINT('Ctrl Pts',(-116.842982072464,9.11659403783128,15.2949602407139));
#8121=CARTESIAN_POINT('Ctrl Pts',(-116.765151989026,9.23708512055834,14.9152093830809));
#8122=CARTESIAN_POINT('Ctrl Pts',(-118.015923477211,7.90201959164991,14.8182910776174));
#8123=CARTESIAN_POINT('Ctrl Pts',(-117.638294879329,7.71956024669878,14.7495256606012));
#8124=CARTESIAN_POINT('Ctrl Pts',(-117.57145609724,7.84831661192594,14.3506408990892));
#8125=CARTESIAN_POINT('Ctrl Pts',(-118.594216465471,6.65637554173439,14.3623400477019));
#8126=CARTESIAN_POINT('Ctrl Pts',(-118.188657531597,6.49854781656249,14.3060859440765));
#8127=CARTESIAN_POINT('Ctrl Pts',(-118.133221105831,6.62992466342922,13.891564822464));
#8128=CARTESIAN_POINT('Ctrl Pts',(-118.986066751491,5.62335386743387,14.0011435116314));
#8129=CARTESIAN_POINT('Ctrl Pts',(-118.56048143885,5.48776714485816,13.9545816768903));
#8130=CARTESIAN_POINT('Ctrl Pts',(-118.513872051719,5.62090209690855,13.5283867198525));
#8131=CARTESIAN_POINT('Ctrl Pts',(-119.158469758786,5.09272011333736,13.8204844816944));
#8132=CARTESIAN_POINT('Ctrl Pts',(-118.723523855963,4.96918547591135,13.7786815376427));
#8133=CARTESIAN_POINT('Ctrl Pts',(-118.681347627557,5.1033252247226,13.3469903351963));
#8134=CARTESIAN_POINT('Ctrl Pts',(-119.238178167009,4.8257945451244,13.7306695410445));
#8135=CARTESIAN_POINT('Ctrl Pts',(-118.798688388271,4.70843505673087,13.6912941825122));
#8136=CARTESIAN_POINT('Ctrl Pts',(-118.75877788522,4.84279646456906,13.2567494807602));
#8137=CARTESIAN_POINT('Ctrl Pts',(-119.962731420351,0.00325936234178537,
12.3153732582539));
#8138=CARTESIAN_POINT('Ctrl Pts',(-119.960988109618,0.257083841420614,12.3772905186441));
#8139=CARTESIAN_POINT('Ctrl Pts',(-119.953590557079,0.509929573326589,12.4409119406519));
#8140=CARTESIAN_POINT('Ctrl Pts',(-119.940684607975,0.761632740072481,12.5062295654743));
#8141=CARTESIAN_POINT('Ctrl Pts',(-119.927979985387,1.00940946009744,12.5705282671853));
#8142=CARTESIAN_POINT('Ctrl Pts',(-119.909937482396,1.25607746303956,12.6364713023149));
#8143=CARTESIAN_POINT('Ctrl Pts',(-119.886696224817,1.50146090217123,12.7040062342685));
#8144=CARTESIAN_POINT('Ctrl Pts',(-119.880498240391,1.5668998195351,12.722016466935));
#8145=CARTESIAN_POINT('Ctrl Pts',(-119.873930529081,1.63224734387598,12.7401396321382));
#8146=CARTESIAN_POINT('Ctrl Pts',(-119.866995729529,1.69750012675167,12.7583740900652));
#8147=CARTESIAN_POINT('Ctrl Pts',(-119.84576827443,1.89723921194399,12.81418985431));
#8148=CARTESIAN_POINT('Ctrl Pts',(-119.821101294004,2.09609313562538,12.87105095905));
#8149=CARTESIAN_POINT('Ctrl Pts',(-119.793029145824,2.29409620102554,12.928930358382));
#8150=CARTESIAN_POINT('Ctrl Pts',(-119.76422256036,2.49727951956154,12.988324026896));
#8151=CARTESIAN_POINT('Ctrl Pts',(-119.731830301055,2.69956546175231,13.0487910327662));
#8152=CARTESIAN_POINT('Ctrl Pts',(-119.695889493289,2.90099894512267,13.1102481769398));
#8153=CARTESIAN_POINT('Ctrl Pts',(-119.668920951046,3.0521465609652,13.1563631557552));
#8154=CARTESIAN_POINT('Ctrl Pts',(-119.639954433954,3.20281390873371,13.2030348450948));
#8155=CARTESIAN_POINT('Ctrl Pts',(-119.609005626843,3.35302425679541,13.2502090393002));
#8156=CARTESIAN_POINT('Ctrl Pts',(-119.571803663096,3.53358436377671,13.3069147034731));
#8157=CARTESIAN_POINT('Ctrl Pts',(-119.531737448198,3.71348622365097,13.3643486767946));
#8158=CARTESIAN_POINT('Ctrl Pts',(-119.488783471334,3.89288753688598,13.4224119006137));
#8159=CARTESIAN_POINT('Ctrl Pts',(-119.466855078896,3.98447352467445,13.4520536998389));
#8160=CARTESIAN_POINT('Ctrl Pts',(-119.444174079508,4.07592914521057,13.4818587469765));
#8161=CARTESIAN_POINT('Ctrl Pts',(-119.42073734509,4.16727686955998,13.5118086853457));
#8162=CARTESIAN_POINT('Ctrl Pts',(-119.387889033641,4.29530744097114,13.5537857323982));
#8163=CARTESIAN_POINT('Ctrl Pts',(-119.353556149541,4.42312031050221,13.5960467671877));
#8164=CARTESIAN_POINT('Ctrl Pts',(-119.317785982144,4.55053561571019,13.638444013375));
#8165=CARTESIAN_POINT('Ctrl Pts',(-119.291958078533,4.64253603004819,13.6690570092758));
#8166=CARTESIAN_POINT('Ctrl Pts',(-119.265380835212,4.73433047939024,13.6997405252632));
#8167=CARTESIAN_POINT('Ctrl Pts',(-119.238072054146,4.82583076144753,13.7304678057228));
#8168=CARTESIAN_POINT('Ctrl Pts',(-121.963155085926,-0.1174092411633,12.2861016128375));
#8169=CARTESIAN_POINT('Ctrl Pts',(-122.463155085922,-0.117409241162362,
12.2861016128336));
#8170=CARTESIAN_POINT('Ctrl Pts',(-122.463155085922,-4.6286397747027E-15,
11.8000819937999));
#8171=CARTESIAN_POINT('Ctrl Pts',(-121.963155085945,0.762515390809118,12.4986676889258));
#8172=CARTESIAN_POINT('Ctrl Pts',(-122.463155079306,0.762515390855207,12.4986676880908));
#8173=CARTESIAN_POINT('Ctrl Pts',(-122.463155085922,0.887979341431512,12.0145938703766));
#8174=CARTESIAN_POINT('Ctrl Pts',(-121.963155085923,2.07059478577948,12.8500779723038));
#8175=CARTESIAN_POINT('Ctrl Pts',(-122.463155087359,2.07059478576708,12.8500779724765));
#8176=CARTESIAN_POINT('Ctrl Pts',(-122.463155085922,2.20883546003938,12.3694238113386));
#8177=CARTESIAN_POINT('Ctrl Pts',(-121.963155085927,3.79328423860383,13.3851306626842));
#8178=CARTESIAN_POINT('Ctrl Pts',(-122.46315508573,3.79328423861207,13.3851306626605));
#8179=CARTESIAN_POINT('Ctrl Pts',(-122.463155085921,3.94747847488481,12.9094659341447));
#8180=CARTESIAN_POINT('Ctrl Pts',(-121.96315508593,5.51157271170135,13.9577664943942));
#8181=CARTESIAN_POINT('Ctrl Pts',(-122.46315508563,5.5115727116758,13.9577664943235));
#8182=CARTESIAN_POINT('Ctrl Pts',(-122.463155085922,5.67421173957363,13.4849409224395));
#8183=CARTESIAN_POINT('Ctrl Pts',(-121.963155085903,7.64726213108502,14.7084455349416));
#8184=CARTESIAN_POINT('Ctrl Pts',(-122.463155089503,7.64726213129799,14.7084455356185));
#8185=CARTESIAN_POINT('Ctrl Pts',(-122.463155085922,7.82083384014752,14.2393745822929));
#8186=CARTESIAN_POINT('Ctrl Pts',(-121.963155085979,9.32262008833073,15.3788695029839));
#8187=CARTESIAN_POINT('Ctrl Pts',(-122.463155078277,9.32262008788882,15.3788695015281));
#8188=CARTESIAN_POINT('Ctrl Pts',(-122.463155085922,9.5133655485597,14.9166031025531));
#8189=CARTESIAN_POINT('Ctrl Pts',(-121.963155085928,10.1528466811621,15.7382883447329));
#8190=CARTESIAN_POINT('Ctrl Pts',(-122.463155085922,10.1528466811648,15.7382883447267));
#8191=CARTESIAN_POINT('Ctrl Pts',(-122.463155085922,10.3514893855816,15.279440792728));
#8192=CARTESIAN_POINT('',(-121.963155085926,-0.11740924116327,12.2861016128375));
#8193=CARTESIAN_POINT('Origin',(-121.963155085922,-6.27167833373888E-15,
11.8000819937999));
#8194=CARTESIAN_POINT('Ctrl Pts',(-121.963155085928,10.1528466811621,15.7382883447329));
#8195=CARTESIAN_POINT('Ctrl Pts',(-121.963155085954,9.73783758692913,15.558624034709));
#8196=CARTESIAN_POINT('Ctrl Pts',(-121.963155085957,9.32041702828874,15.384776217064));
#8197=CARTESIAN_POINT('Ctrl Pts',(-121.963155085953,8.90094183402015,15.2161233763526));
#8198=CARTESIAN_POINT('Ctrl Pts',(-121.963155085949,8.48220588363566,15.0477677536478));
#8199=CARTESIAN_POINT('Ctrl Pts',(-121.963155085938,8.06142237836159,14.8845875386683));
#8200=CARTESIAN_POINT('Ctrl Pts',(-121.963155085934,7.63896373651971,14.7259157188427));
#8201=CARTESIAN_POINT('Ctrl Pts',(-121.963155085931,7.2153997010803,14.5668287227219));
#8202=CARTESIAN_POINT('Ctrl Pts',(-121.963155085929,6.79015597903128,14.4122693864878));
#8203=CARTESIAN_POINT('Ctrl Pts',(-121.963155085928,6.36370452842614,14.2611362753466));
#8204=CARTESIAN_POINT('Ctrl Pts',(-121.963155085928,6.15047880312357,14.185569719776));
#8205=CARTESIAN_POINT('Ctrl Pts',(-121.963155085928,5.93695096102421,14.1108600677075));
#8206=CARTESIAN_POINT('Ctrl Pts',(-121.963155085928,5.72317910559372,14.0368713802391));
#8207=CARTESIAN_POINT('Ctrl Pts',(-121.963155085928,5.6120303999996,13.998401644248));
#8208=CARTESIAN_POINT('Ctrl Pts',(-121.963155085928,5.50081572022236,13.9601268289351));
#8209=CARTESIAN_POINT('Ctrl Pts',(-121.963155085928,5.38954318932438,13.922027919285));
#8210=CARTESIAN_POINT('Ctrl Pts',(-121.963155085928,5.31239358689595,13.8956124535025));
#8211=CARTESIAN_POINT('Ctrl Pts',(-121.963155085928,5.23521617372951,13.8692815502134));
#8212=CARTESIAN_POINT('Ctrl Pts',(-121.963155085928,5.15801365075844,13.8430288863322));
#8213=CARTESIAN_POINT('Ctrl Pts',(-121.963155085928,5.13240822402142,13.8343217788985));
#8214=CARTESIAN_POINT('Ctrl Pts',(-121.963155085928,5.10680006771346,13.8256232891161));
#8215=CARTESIAN_POINT('Ctrl Pts',(-121.963155085928,5.08118918196109,13.816933153194));
#8216=CARTESIAN_POINT('Ctrl Pts',(-121.963155085929,4.65280197818601,13.6715753134034));
#8217=CARTESIAN_POINT('Ctrl Pts',(-121.963155085929,4.22321790092387,13.5284060056041));
#8218=CARTESIAN_POINT('Ctrl Pts',(-121.963155085929,3.79273411613798,13.3898285553504));
#8219=CARTESIAN_POINT('Ctrl Pts',(-121.963155085928,3.5778400917366,13.3206518127442));
#8220=CARTESIAN_POINT('Ctrl Pts',(-121.963155085928,3.36272198974732,13.2526197478486));
#8221=CARTESIAN_POINT('Ctrl Pts',(-121.963155085928,3.14723006953598,13.18584220928));
#8222=CARTESIAN_POINT('Ctrl Pts',(-121.963155085928,3.03448918424714,13.1509055916645));
#8223=CARTESIAN_POINT('Ctrl Pts',(-121.963155085928,2.92164596722933,13.1163123631972));
#8224=CARTESIAN_POINT('Ctrl Pts',(-121.963155085928,2.8086789029599,13.0820782826191));
#8225=CARTESIAN_POINT('Ctrl Pts',(-121.963155085928,2.73060213824601,13.0584175256384));
#8226=CARTESIAN_POINT('Ctrl Pts',(-121.963155085928,2.65246621276768,13.0349283279488));
#8227=CARTESIAN_POINT('Ctrl Pts',(-121.963155085928,2.57426401023592,13.0116158970577));
#8228=CARTESIAN_POINT('Ctrl Pts',(-121.963155085928,2.549343629763,13.0041870187301));
#8229=CARTESIAN_POINT('Ctrl Pts',(-121.963155085928,2.52441647111095,12.9967760765739));
#8230=CARTESIAN_POINT('Ctrl Pts',(-121.963155085928,2.49948244839089,12.9893832820553));
#8231=CARTESIAN_POINT('Ctrl Pts',(-121.96315508593,1.83551953731611,12.7925220926399));
#8232=CARTESIAN_POINT('Ctrl Pts',(-121.963155085938,1.16767064344084,12.6088246794617));
#8233=CARTESIAN_POINT('Ctrl Pts',(-121.963155085934,0.495948119026291,12.4381154519467));
#8234=CARTESIAN_POINT('Ctrl Pts',(-121.963155085933,0.291852889719656,12.3862473997852));
#8235=CARTESIAN_POINT('Ctrl Pts',(-121.96315508593,0.0874001944573346,12.33557805263));
#8236=CARTESIAN_POINT('Ctrl Pts',(-121.963155085926,-0.11740924116327,12.2861016128375));
#8237=CARTESIAN_POINT('Ctrl Pts',(-82.9631550859283,10.1528466771753,15.7382883435783));
#8238=CARTESIAN_POINT('Ctrl Pts',(-82.4631550859216,10.1528466771726,15.7382883435845));
#8239=CARTESIAN_POINT('Ctrl Pts',(-82.4631550859216,10.3514893815694,15.2794407915623));
#8240=CARTESIAN_POINT('Ctrl Pts',(-82.9631550860297,9.32262009767028,15.3788695076529));
#8241=CARTESIAN_POINT('Ctrl Pts',(-82.4631550946911,9.32262009898818,15.3788695086775));
#8242=CARTESIAN_POINT('Ctrl Pts',(-82.4631550859216,9.5133655579959,14.9166031072637));
#8243=CARTESIAN_POINT('Ctrl Pts',(-82.9631550858792,7.64726212184696,14.7084455316378));
#8244=CARTESIAN_POINT('Ctrl Pts',(-82.4631550818031,7.64726212121796,14.7084455311644));
#8245=CARTESIAN_POINT('Ctrl Pts',(-82.4631550859217,7.82083383083939,14.2393745789603));
#8246=CARTESIAN_POINT('Ctrl Pts',(-82.9631550859332,5.51157271024013,13.9577664944185));
#8247=CARTESIAN_POINT('Ctrl Pts',(-82.4631550862859,5.51157271031478,13.9577664944683));
#8248=CARTESIAN_POINT('Ctrl Pts',(-82.4631550859217,5.67421173811824,13.4849409224664));
#8249=CARTESIAN_POINT('Ctrl Pts',(-82.9631550859257,3.79328423690838,13.3851306625504));
#8250=CARTESIAN_POINT('Ctrl Pts',(-82.4631550860897,3.79328423689503,13.3851306625709));
#8251=CARTESIAN_POINT('Ctrl Pts',(-82.4631550859216,3.94747847318312,12.9094659340088));
#8252=CARTESIAN_POINT('Ctrl Pts',(-82.9631550859271,2.07059478497018,12.850077972475));
#8253=CARTESIAN_POINT('Ctrl Pts',(-82.4631550845488,2.07059478496422,12.8500779723421));
#8254=CARTESIAN_POINT('Ctrl Pts',(-82.4631550859217,2.20883545924743,12.3694238115155));
#8255=CARTESIAN_POINT('Ctrl Pts',(-82.9631550859256,0.762515390495402,12.4986676891919));
#8256=CARTESIAN_POINT('Ctrl Pts',(-82.4631550922819,0.762515390556166,12.4986676898375));
#8257=CARTESIAN_POINT('Ctrl Pts',(-82.4631550859216,0.887979341072367,12.0145938706276));
#8258=CARTESIAN_POINT('Ctrl Pts',(-82.9631550859256,-0.117409241175277,
12.2861016131534));
#8259=CARTESIAN_POINT('Ctrl Pts',(-82.4631550859216,-0.117409241176222,
12.2861016131573));
#8260=CARTESIAN_POINT('Ctrl Pts',(-82.4631550859216,3.01679254494092E-14,
11.8000819941187));
#8261=CARTESIAN_POINT('',(-82.9631550859256,-0.117409241175201,12.2861016131534));
#8262=CARTESIAN_POINT('Ctrl Pts',(-82.9631550859256,-0.117409241175202,
12.2861016131534));
#8263=CARTESIAN_POINT('Ctrl Pts',(-82.9631550859256,0.420653716097906,12.4160831222198));
#8264=CARTESIAN_POINT('Ctrl Pts',(-82.9631550859258,0.956591273966907,12.5543833993532));
#8265=CARTESIAN_POINT('Ctrl Pts',(-82.963155085926,1.49014628776598,12.7010597042515));
#8266=CARTESIAN_POINT('Ctrl Pts',(-82.9631550859261,1.82756449815691,12.7938172550674));
#8267=CARTESIAN_POINT('Ctrl Pts',(-82.9631550859262,2.16403027855824,12.8899236408866));
#8268=CARTESIAN_POINT('Ctrl Pts',(-82.9631550859263,2.49948244734127,12.9893832821354));
#8269=CARTESIAN_POINT('Ctrl Pts',(-82.9631550859263,2.56396482528803,13.0085019368178));
#8270=CARTESIAN_POINT('Ctrl Pts',(-82.9631550859263,2.62840020554893,13.0277416399473));
#8271=CARTESIAN_POINT('Ctrl Pts',(-82.9631550859262,2.69279192725529,13.0470992737858));
#8272=CARTESIAN_POINT('Ctrl Pts',(-82.9631550859259,3.06061369131183,13.1576749632962));
#8273=CARTESIAN_POINT('Ctrl Pts',(-82.9631550859248,3.42701781708636,13.2721004692995));
#8274=CARTESIAN_POINT('Ctrl Pts',(-82.9631550859247,3.79273411458257,13.3898285552745));
#8275=CARTESIAN_POINT('Ctrl Pts',(-82.9631550859245,4.22327780198232,13.5284252888442));
#8276=CARTESIAN_POINT('Ctrl Pts',(-82.9631550859257,4.65286714583596,13.6715974261899));
#8277=CARTESIAN_POINT('Ctrl Pts',(-82.9631550859246,5.08118917990333,13.8169331529438));
#8278=CARTESIAN_POINT('Ctrl Pts',(-82.9631550859244,5.14459090763857,13.8384462562748));
#8279=CARTESIAN_POINT('Ctrl Pts',(-82.9631550859242,5.2079742819318,13.8600100037687));
#8280=CARTESIAN_POINT('Ctrl Pts',(-82.9631550859238,5.27133855162083,13.8816281360255));
#8281=CARTESIAN_POINT('Ctrl Pts',(-82.9631550859208,5.81406050205078,14.0667898203731));
#8282=CARTESIAN_POINT('Ctrl Pts',(-82.9631550859116,6.35536582498412,14.255932677311));
#8283=CARTESIAN_POINT('Ctrl Pts',(-82.9631550859101,6.89434928223803,14.451280598486));
#8284=CARTESIAN_POINT('Ctrl Pts',(-82.9631550859094,7.14307905513692,14.5414296437233));
#8285=CARTESIAN_POINT('Ctrl Pts',(-82.9631550859104,7.39131411601098,14.632900659179));
#8286=CARTESIAN_POINT('Ctrl Pts',(-82.9631550859143,7.63896373348142,14.7259157181977));
#8287=CARTESIAN_POINT('Ctrl Pts',(-82.9631550859216,8.09753424587856,14.8981508450294));
#8288=CARTESIAN_POINT('Ctrl Pts',(-82.9631550859251,8.5540936835013,15.0756834354367));
#8289=CARTESIAN_POINT('Ctrl Pts',(-82.9631550859267,9.00831539627422,15.2594256361187));
#8290=CARTESIAN_POINT('Ctrl Pts',(-82.9631550859281,9.39155154575143,15.4144526889998));
#8291=CARTESIAN_POINT('Ctrl Pts',(-82.9631550859282,9.77312396782221,15.5739000939856));
#8292=CARTESIAN_POINT('Ctrl Pts',(-82.9631550859283,10.1528466771753,15.7382883435783));
#8293=CARTESIAN_POINT('Origin',(-82.9631550859216,2.91590633898228E-14,
11.8000819941187));
#8294=CARTESIAN_POINT('Ctrl Pts',(-82.9631853169368,-0.0945083689539839,
12.2916390807091));
#8295=CARTESIAN_POINT('Ctrl Pts',(-82.4630296752665,-0.093952268766987,
12.2917907429282));
#8296=CARTESIAN_POINT('Ctrl Pts',(-82.4631690933972,0.0237032250419538,
11.8056701853173));
#8297=CARTESIAN_POINT('Ctrl Pts',(-82.962432486486,-0.725653295190767,12.1388828899779));
#8298=CARTESIAN_POINT('Ctrl Pts',(-82.466095451173,-0.738052889463679,12.1358910093689));
#8299=CARTESIAN_POINT('Ctrl Pts',(-82.4623970242936,-0.629557802417799,
11.6515139464365));
#8300=CARTESIAN_POINT('Ctrl Pts',(-83.0227993745835,-1.97532515770885,11.8601582799598));
#8301=CARTESIAN_POINT('Ctrl Pts',(-82.5337879204909,-2.01546475946916,11.8513991398159));
#8302=CARTESIAN_POINT('Ctrl Pts',(-82.5243119243351,-1.92245356662966,11.370368851989));
#8303=CARTESIAN_POINT('Ctrl Pts',(-83.2951244572237,-3.83084992560946,11.5067266088317));
#8304=CARTESIAN_POINT('Ctrl Pts',(-82.8191895413796,-3.91752948937309,11.4910674337176));
#8305=CARTESIAN_POINT('Ctrl Pts',(-82.8036200407582,-3.84015020007844,11.0142413221206));
#8306=CARTESIAN_POINT('Ctrl Pts',(-83.6719561338372,-5.35424915188247,11.2585704620688));
#8307=CARTESIAN_POINT('Ctrl Pts',(-83.2090858037276,-5.47987988934689,11.2389295801904));
#8308=CARTESIAN_POINT('Ctrl Pts',(-83.1901144603525,-5.41309088751768,10.7644293493859));
#8309=CARTESIAN_POINT('Ctrl Pts',(-84.0690313667278,-6.56636796153265,11.08261118496));
#8310=CARTESIAN_POINT('Ctrl Pts',(-83.6180660754769,-6.7221468582394,11.0608059695303));
#8311=CARTESIAN_POINT('Ctrl Pts',(-83.5973714895014,-6.66385551103009,10.587400536419));
#8312=CARTESIAN_POINT('Ctrl Pts',(-84.5242962149668,-7.75372324025654,10.9232810710815));
#8313=CARTESIAN_POINT('Ctrl Pts',(-84.08573101372,-7.93799468535548,10.8999766995859));
#8314=CARTESIAN_POINT('Ctrl Pts',(-84.0643102024588,-7.88860409851225,10.4271626518247));
#8315=CARTESIAN_POINT('Ctrl Pts',(-85.1974764522075,-9.18474510046641,10.7528546274034));
#8316=CARTESIAN_POINT('Ctrl Pts',(-84.7763496268666,-9.40415897354244,10.7283979938934));
#8317=CARTESIAN_POINT('Ctrl Pts',(-84.754752062161,-9.36393711735597,10.2558558089257));
#8318=CARTESIAN_POINT('Ctrl Pts',(-86.0087201890259,-10.5468924874001,10.6134083951031));
#8319=CARTESIAN_POINT('Ctrl Pts',(-85.6078693215212,-10.8002458845298,10.5885789349853));
#8320=CARTESIAN_POINT('Ctrl Pts',(-85.5867976229933,-10.7674963871288,10.1157648821087));
#8321=CARTESIAN_POINT('Ctrl Pts',(-86.7412594982196,-11.5932394162279,10.5173012207527));
#8322=CARTESIAN_POINT('Ctrl Pts',(-86.3581886629794,-11.8725135001919,10.4925564870484));
#8323=CARTESIAN_POINT('Ctrl Pts',(-86.338120612952,-11.8452991212414,10.0192438170482));
#8324=CARTESIAN_POINT('Ctrl Pts',(-87.5323871399069,-12.6117058964573,10.4305022156973));
#8325=CARTESIAN_POINT('Ctrl Pts',(-87.1684647230497,-12.9164561100149,10.4060320340464));
#8326=CARTESIAN_POINT('Ctrl Pts',(-87.1495342505336,-12.8941700122042,9.93208877537461));
#8327=CARTESIAN_POINT('Ctrl Pts',(-88.6024485131437,-13.7957211234591,10.3405795991019));
#8328=CARTESIAN_POINT('Ctrl Pts',(-88.2644527063933,-14.1304819354491,10.3167437853378));
#8329=CARTESIAN_POINT('Ctrl Pts',(-88.2470340069444,-14.1131926899338,9.84182317617496));
#8330=CARTESIAN_POINT('Ctrl Pts',(-90.0146393891278,-15.0809209186029,10.2558036636764));
#8331=CARTESIAN_POINT('Ctrl Pts',(-89.7105781685511,-15.4483375864704,10.2330429458484));
#8332=CARTESIAN_POINT('Ctrl Pts',(-89.6954360995447,-15.4360119307313,9.75674801559128));
#8333=CARTESIAN_POINT('Ctrl Pts',(-91.298781676331,-16.0382162433529,10.200667807363));
#8334=CARTESIAN_POINT('Ctrl Pts',(-91.0253694977669,-16.4299630294772,10.1789458244111));
#8335=CARTESIAN_POINT('Ctrl Pts',(-91.0125061887248,-16.4211000565383,9.70143029634037));
#8336=CARTESIAN_POINT('Ctrl Pts',(-92.390669717867,-16.7319377722474,10.1642151769281));
#8337=CARTESIAN_POINT('Ctrl Pts',(-92.1433702822228,-17.1414494887971,10.1433400316753));
#8338=CARTESIAN_POINT('Ctrl Pts',(-92.1323922746783,-17.1348655207831,9.66486217330733));
#8339=CARTESIAN_POINT('Ctrl Pts',(-93.5049877504119,-17.3646949582545,10.1329529428003));
#8340=CARTESIAN_POINT('Ctrl Pts',(-93.2849204282484,-17.7907710147771,10.112891395389));
#8341=CARTESIAN_POINT('Ctrl Pts',(-93.2752835166804,-17.785851075395,9.633503511227));
#8342=CARTESIAN_POINT('Ctrl Pts',(-94.9467919778407,-18.0483677684655,10.1021408614966));
#8343=CARTESIAN_POINT('Ctrl Pts',(-94.7620790656655,-18.4923888876317,10.0830448009757));
#8344=CARTESIAN_POINT('Ctrl Pts',(-94.7540583163916,-18.4891395149692,9.60259995846121));
#8345=CARTESIAN_POINT('Ctrl Pts',(-96.7491583978516,-18.697047506702,10.0756856476572));
#8346=CARTESIAN_POINT('Ctrl Pts',(-96.6085098750258,-19.1580736478666,10.0575874322709));
#8347=CARTESIAN_POINT('Ctrl Pts',(-96.6026407923345,-19.1563581554845,9.5760690616207));
#8348=CARTESIAN_POINT('Ctrl Pts',(-98.6360663018087,-19.1716775025306,10.0578455914063));
#8349=CARTESIAN_POINT('Ctrl Pts',(-98.5417411211925,-19.645207720369,10.0405191241415));
#8350=CARTESIAN_POINT('Ctrl Pts',(-98.5379325567817,-19.6445138368102,9.55817938480794));
#8351=CARTESIAN_POINT('Ctrl Pts',(-100.533648003101,-19.4531350205838,10.0478596805297));
#8352=CARTESIAN_POINT('Ctrl Pts',(-100.486045590533,-19.9341036716448,10.0310071868067));
#8353=CARTESIAN_POINT('Ctrl Pts',(-100.484171816414,-19.9339771036374,9.5481662128659));
#8354=CARTESIAN_POINT('Ctrl Pts',(-102.127660328783,-19.5327490484553,10.0451119697872));
#8355=CARTESIAN_POINT('Ctrl Pts',(-102.119338697869,-20.015826232468,10.0283956152894));
#8356=CARTESIAN_POINT('Ctrl Pts',(-102.119057611389,-20.0158537302148,9.5454110652444));
#8357=CARTESIAN_POINT('Ctrl Pts',(-103.408736898696,-19.5024083875597,10.0461618523106));
#8358=CARTESIAN_POINT('Ctrl Pts',(-103.432143215115,-19.98467761409,10.0293938355293));
#8359=CARTESIAN_POINT('Ctrl Pts',(-103.432983395528,-19.9846507310495,9.54646379165065));
#8360=CARTESIAN_POINT('Ctrl Pts',(-104.375667536793,-19.4316405179859,10.0486324753232));
#8361=CARTESIAN_POINT('Ctrl Pts',(-104.422996894334,-19.9120248300106,10.0317446091981));
#8362=CARTESIAN_POINT('Ctrl Pts',(-104.424707954304,-19.9118709573642,9.54894112570516));
#8363=CARTESIAN_POINT('Ctrl Pts',(-105.336193143962,-19.3131055613227,10.0528312987764));
#8364=CARTESIAN_POINT('Ctrl Pts',(-105.407265915706,-19.7903362489584,10.0357443335322));
#8365=CARTESIAN_POINT('Ctrl Pts',(-105.409863244786,-19.7899645704876,9.55315140703699));
#8366=CARTESIAN_POINT('Ctrl Pts',(-106.597969329691,-19.0938322964012,10.0607712419047));
#8367=CARTESIAN_POINT('Ctrl Pts',(-106.700065761673,-19.565258345338,10.043320049559));
#8368=CARTESIAN_POINT('Ctrl Pts',(-106.703993740444,-19.5644502586693,9.56111317193535));
#8369=CARTESIAN_POINT('Ctrl Pts',(-108.145621592251,-18.705861193009,10.0753515480331));
#8370=CARTESIAN_POINT('Ctrl Pts',(-108.285509017512,-19.1671150789894,10.057267773063));
#8371=CARTESIAN_POINT('Ctrl Pts',(-108.291330705144,-19.1654230727257,9.57573403337126));
#8372=CARTESIAN_POINT('Ctrl Pts',(-109.650571171485,-18.1682744943499,10.0972249874121));
#8373=CARTESIAN_POINT('Ctrl Pts',(-109.827500982632,-18.6153465155643,10.0783160918815));
#8374=CARTESIAN_POINT('Ctrl Pts',(-109.834870022958,-18.6124737871562,9.5976699871679));
#8375=CARTESIAN_POINT('Ctrl Pts',(-110.833123970247,-17.6438807353371,10.1203682205086));
#8376=CARTESIAN_POINT('Ctrl Pts',(-111.039119697698,-18.0771172262155,10.1007080959818));
#8377=CARTESIAN_POINT('Ctrl Pts',(-111.047745701237,-18.0730471582784,9.62088143548827));
#8378=CARTESIAN_POINT('Ctrl Pts',(-111.982168346134,-17.0643280460826,10.1473928771332));
#8379=CARTESIAN_POINT('Ctrl Pts',(-112.215841650386,-17.4825749373366,10.1269321238578));
#8380=CARTESIAN_POINT('Ctrl Pts',(-112.226253720066,-17.4768419748674,9.64798750109003));
#8381=CARTESIAN_POINT('Ctrl Pts',(-113.349712247567,-16.2427289323188,10.1889747533305));
#8382=CARTESIAN_POINT('Ctrl Pts',(-113.616161663078,-16.6399229731495,10.1674635458472));
#8383=CARTESIAN_POINT('Ctrl Pts',(-113.628863997475,-16.6315478860188,9.68969880787634));
#8384=CARTESIAN_POINT('Ctrl Pts',(-114.629453260919,-15.2926953847019,10.2435489362186));
#8385=CARTESIAN_POINT('Ctrl Pts',(-114.927001389676,-15.665327185222,10.2210254598578));
#8386=CARTESIAN_POINT('Ctrl Pts',(-114.941419974717,-15.6539364003514,9.74445276186979));
#8387=CARTESIAN_POINT('Ctrl Pts',(-115.598820260612,-14.4557917353114,10.2970251392749));
#8388=CARTESIAN_POINT('Ctrl Pts',(-115.919802604333,-14.8069530419828,10.273764672196));
#8389=CARTESIAN_POINT('Ctrl Pts',(-115.935643362538,-14.7925847945948,9.7981149697525));
#8390=CARTESIAN_POINT('Ctrl Pts',(-116.533753495074,-13.5639307189821,10.358161461311));
#8391=CARTESIAN_POINT('Ctrl Pts',(-116.876953393944,-13.8926828711388,10.3342105995471));
#8392=CARTESIAN_POINT('Ctrl Pts',(-116.894550026166,-13.874549674596,9.85947204237069));
#8393=CARTESIAN_POINT('Ctrl Pts',(-117.603856832249,-12.3787411778804,10.4482406605621));
#8394=CARTESIAN_POINT('Ctrl Pts',(-117.972686853469,-12.677789632326,10.4236320628357));
#8395=CARTESIAN_POINT('Ctrl Pts',(-117.992092812413,-12.6543158418283,9.94989503438796));
#8396=CARTESIAN_POINT('Ctrl Pts',(-118.736087937436,-10.8478612637177,10.5828566330752));
#8397=CARTESIAN_POINT('Ctrl Pts',(-119.132469580315,-11.1086251222833,10.5579617135));
#8398=CARTESIAN_POINT('Ctrl Pts',(-119.153356449834,-11.0776066229589,10.0850727703242));
#8399=CARTESIAN_POINT('Ctrl Pts',(-119.55294678875,-9.48291497027057,10.7221081334597));
#8400=CARTESIAN_POINT('Ctrl Pts',(-119.969636539725,-9.70979969715732,10.6975593989253));
#8401=CARTESIAN_POINT('Ctrl Pts',(-119.991161103892,-9.67117940607785,10.2249662378657));
#8402=CARTESIAN_POINT('Ctrl Pts',(-120.128598321405,-8.33524097803822,10.8540079673518));
#8403=CARTESIAN_POINT('Ctrl Pts',(-120.559895574353,-8.53420232370693,10.8301854864405));
#8404=CARTESIAN_POINT('Ctrl Pts',(-120.581573430377,-8.48812892145998,10.3575317749881));
#8405=CARTESIAN_POINT('Ctrl Pts',(-120.641117258842,-7.17321126101363,10.9983087881807));
#8406=CARTESIAN_POINT('Ctrl Pts',(-121.086100854648,-7.34345319856592,10.9756443260124));
#8407=CARTESIAN_POINT('Ctrl Pts',(-121.107234338407,-7.28991058218488,10.5026057378536));
#8408=CARTESIAN_POINT('Ctrl Pts',(-121.16912461352,-5.68921242436302,11.2045681588631));
#8409=CARTESIAN_POINT('Ctrl Pts',(-121.629423751653,-5.82207189527153,11.1842887793671));
#8410=CARTESIAN_POINT('Ctrl Pts',(-121.648780840553,-5.75892692526645,10.7100698735202));
#8411=CARTESIAN_POINT('Ctrl Pts',(-121.625065510319,-3.86490298893343,11.5005835828736));
#8412=CARTESIAN_POINT('Ctrl Pts',(-122.10075996137,-3.95236671988021,11.4848254842731));
#8413=CARTESIAN_POINT('Ctrl Pts',(-122.116412991886,-3.87533222146097,11.0080536326975));
#8414=CARTESIAN_POINT('Ctrl Pts',(-121.903703077392,-1.98163717067653,11.8585943439364));
#8415=CARTESIAN_POINT('Ctrl Pts',(-122.392695593353,-2.02180693741382,11.8498212975831));
#8416=CARTESIAN_POINT('Ctrl Pts',(-122.402195458013,-1.92898923001297,11.3687904681454));
#8417=CARTESIAN_POINT('Ctrl Pts',(-121.963875482238,-0.725603395968084,
12.1388953713257));
#8418=CARTESIAN_POINT('Ctrl Pts',(-122.460212606962,-0.738001940197874,
12.1359038142844));
#8419=CARTESIAN_POINT('Ctrl Pts',(-122.463910887686,-0.629506125841501,
11.6515265432613));
#8420=CARTESIAN_POINT('Ctrl Pts',(-121.963124894524,-0.0945087676816769,
12.2916389765219));
#8421=CARTESIAN_POINT('Ctrl Pts',(-122.463280537801,-0.0939526814664828,
12.2917906340537));
#8422=CARTESIAN_POINT('Ctrl Pts',(-122.463141119081,0.0237028118065518,
11.8056700801576));
#8423=CARTESIAN_POINT('Ctrl Pts',(-121.963155085926,-0.117405103555511,
12.2860844815859));
#8424=CARTESIAN_POINT('Ctrl Pts',(-121.963155085926,-0.248772567201992,
12.2543560913651));
#8425=CARTESIAN_POINT('Ctrl Pts',(-121.961810429171,-0.380172278825513,
12.2231357597181));
#8426=CARTESIAN_POINT('Ctrl Pts',(-121.959114453878,-0.511588100581135,
12.1924144366771));
#8427=CARTESIAN_POINT('Ctrl Pts',(-121.954637152772,-0.729834983549913,
12.1413944536584));
#8428=CARTESIAN_POINT('Ctrl Pts',(-121.946432859119,-0.948123582900762,
12.091751534766));
#8429=CARTESIAN_POINT('Ctrl Pts',(-121.93447105944,-1.16641959068492,12.0434321754263));
#8430=CARTESIAN_POINT('Ctrl Pts',(-121.922779051048,-1.37979206168339,11.9962026305344));
#8431=CARTESIAN_POINT('Ctrl Pts',(-121.907497121815,-1.59317142235726,11.950237290566));
#8432=CARTESIAN_POINT('Ctrl Pts',(-121.888596776685,-1.80657409820896,11.9054737606291));
#8433=CARTESIAN_POINT('Ctrl Pts',(-121.882861152945,-1.87133468566537,11.8918895237691));
#8434=CARTESIAN_POINT('Ctrl Pts',(-121.8767923021,-1.93609777404618,11.8784158933476));
#8435=CARTESIAN_POINT('Ctrl Pts',(-121.870389427803,-2.00086476634555,11.8650509564432));
#8436=CARTESIAN_POINT('Ctrl Pts',(-121.84114929923,-2.296637429384,11.8040170433466));
#8437=CARTESIAN_POINT('Ctrl Pts',(-121.804943137061,-2.59242029851797,11.7452686569611));
#8438=CARTESIAN_POINT('Ctrl Pts',(-121.761929196078,-2.88727486665339,11.6888181015278));
#8439=CARTESIAN_POINT('Ctrl Pts',(-121.713611317449,-3.21848718782958,11.6254067743267));
#8440=CARTESIAN_POINT('Ctrl Pts',(-121.65670325051,-3.54852686507536,11.5648951447154));
#8441=CARTESIAN_POINT('Ctrl Pts',(-121.591429307367,-3.876027201676,11.5072471537668));
#8442=CARTESIAN_POINT('Ctrl Pts',(-121.548886189334,-4.08947968830257,11.4696743465302));
#8443=CARTESIAN_POINT('Ctrl Pts',(-121.502789292688,-4.3018869422208,11.4333096965692));
#8444=CARTESIAN_POINT('Ctrl Pts',(-121.453147201739,-4.51325826389932,11.3980721467605));
#8445=CARTESIAN_POINT('Ctrl Pts',(-121.403648383325,-4.72401954469681,11.3629362963959));
#8446=CARTESIAN_POINT('Ctrl Pts',(-121.350624804718,-4.93375084034613,11.328920933872));
#8447=CARTESIAN_POINT('Ctrl Pts',(-121.294084976118,-5.14251315315647,11.2959441762089));
#8448=CARTESIAN_POINT('Ctrl Pts',(-121.242878048187,-5.33158476818232,11.2660778236774));
#8449=CARTESIAN_POINT('Ctrl Pts',(-121.188786901393,-5.51986220267388,11.2370633242051));
#8450=CARTESIAN_POINT('Ctrl Pts',(-121.131817857849,-5.7074276862548,11.2088398468478));
#8451=CARTESIAN_POINT('Ctrl Pts',(-121.056885716955,-5.95413506219959,11.1717171315915));
#8452=CARTESIAN_POINT('Ctrl Pts',(-120.976974673414,-6.19958597849213,11.1359670371928));
#8453=CARTESIAN_POINT('Ctrl Pts',(-120.892057928857,-6.44367042742973,11.1015043738762));
#8454=CARTESIAN_POINT('Ctrl Pts',(-120.807564145429,-6.68653911810233,11.0672133653617));
#8455=CARTESIAN_POINT('Ctrl Pts',(-120.718114402509,-6.92805488992611,11.034196875646));
#8456=CARTESIAN_POINT('Ctrl Pts',(-120.623682300174,-7.16816102160522,11.0023697085325));
#8457=CARTESIAN_POINT('Ctrl Pts',(-120.581298528104,-7.27592737759965,10.9880847846221));
#8458=CARTESIAN_POINT('Ctrl Pts',(-120.537911076782,-7.38341046357786,10.9740394393234));
#8459=CARTESIAN_POINT('Ctrl Pts',(-120.49351755926,-7.49060856986274,10.9602259756178));
#8460=CARTESIAN_POINT('Ctrl Pts',(-120.400180880693,-7.71599091728392,10.9311833835059));
#8461=CARTESIAN_POINT('Ctrl Pts',(-120.302396946152,-7.94009432112496,10.9031676334603));
#8462=CARTESIAN_POINT('Ctrl Pts',(-120.200006815845,-8.16302500377043,10.8760970502274));
#8463=CARTESIAN_POINT('Ctrl Pts',(-120.169271671067,-8.22994362948374,10.8679710883557));
#8464=CARTESIAN_POINT('Ctrl Pts',(-120.138121479816,-8.29675694200588,10.8599303094021));
#8465=CARTESIAN_POINT('Ctrl Pts',(-120.106551943125,-8.36346872829091,10.8519725532686));
#8466=CARTESIAN_POINT('Ctrl Pts',(-120.099127748033,-8.37915731191413,10.8501011309981));
#8467=CARTESIAN_POINT('Ctrl Pts',(-120.091680361152,-8.39484017719531,10.8482343130327));
#8468=CARTESIAN_POINT('Ctrl Pts',(-120.084210010743,-8.41051689277643,10.8463721285766));
#8469=CARTESIAN_POINT('Ctrl Pts',(-119.994945481347,-8.59784072128316,10.8241205593681));
#8470=CARTESIAN_POINT('Ctrl Pts',(-119.902402155254,-8.78429083536695,10.8025312691294));
#8471=CARTESIAN_POINT('Ctrl Pts',(-119.806969479038,-8.96910248300181,10.7816494966373));
#8472=CARTESIAN_POINT('Ctrl Pts',(-119.763291897642,-9.05368698908983,10.7720923370368));
#8473=CARTESIAN_POINT('Ctrl Pts',(-119.719009082509,-9.1379275591808,10.7626832657872));
#8474=CARTESIAN_POINT('Ctrl Pts',(-119.674158370028,-9.22174730787057,10.7534260398689));
#8475=CARTESIAN_POINT('Ctrl Pts',(-119.556094025426,-9.44239316043782,10.7290574568433));
#8476=CARTESIAN_POINT('Ctrl Pts',(-119.434094463976,-9.6601590346998,10.7057359810648));
#8477=CARTESIAN_POINT('Ctrl Pts',(-119.308191726292,-9.87506537111268,10.6833729593987));
#8478=CARTESIAN_POINT('Ctrl Pts',(-119.181105258085,-10.0919922449243,10.6607996818492));
#8479=CARTESIAN_POINT('Ctrl Pts',(-119.050041873726,-10.3060055899673,10.6392029199683));
#8480=CARTESIAN_POINT('Ctrl Pts',(-118.915034526084,-10.5171795546592,10.6184954182403));
#8481=CARTESIAN_POINT('Ctrl Pts',(-118.841561369938,-10.6321038010272,10.6072260648722));
#8482=CARTESIAN_POINT('Ctrl Pts',(-118.766920126108,-10.746188022525,10.596220156871));
#8483=CARTESIAN_POINT('Ctrl Pts',(-118.691116105972,-10.8594506132997,10.5854641773805));
#8484=CARTESIAN_POINT('Ctrl Pts',(-118.534599274885,-11.0933102655573,10.563255700547));
#8485=CARTESIAN_POINT('Ctrl Pts',(-118.373125274058,-11.3236509378297,10.542113818537));
#8486=CARTESIAN_POINT('Ctrl Pts',(-118.206694991435,-11.5504208844929,10.5219476157447));
#8487=CARTESIAN_POINT('Ctrl Pts',(-118.038889345188,-11.7790648358799,10.5016147614192));
#8488=CARTESIAN_POINT('Ctrl Pts',(-117.866045162211,-12.0040788393227,10.4822737361681));
#8489=CARTESIAN_POINT('Ctrl Pts',(-117.688163352645,-12.2254626531124,10.4638356966696));
#8490=CARTESIAN_POINT('Ctrl Pts',(-117.644473369649,-12.2798372689518,10.4593070850363));
#8491=CARTESIAN_POINT('Ctrl Pts',(-117.60047948949,-12.3339931376966,10.4548329684368));
#8492=CARTESIAN_POINT('Ctrl Pts',(-117.556181725653,-12.387930732221,10.4504120742753));
#8493=CARTESIAN_POINT('Ctrl Pts',(-117.354415597399,-12.6336040726306,10.4302759179298));
#8494=CARTESIAN_POINT('Ctrl Pts',(-117.146345119551,-12.8747362258168,10.4112442357075));
#8495=CARTESIAN_POINT('Ctrl Pts',(-116.931877367555,-13.1111983776652,10.3932171029508));
#8496=CARTESIAN_POINT('Ctrl Pts',(-116.717409615559,-13.3476605295137,10.375189970194));
#8497=CARTESIAN_POINT('Ctrl Pts',(-116.496544589415,-13.5794527933428,10.3581673505729));
#8498=CARTESIAN_POINT('Ctrl Pts',(-116.269189364568,-13.8065023566007,10.3420544633186));
#8499=CARTESIAN_POINT('Ctrl Pts',(-116.084769394294,-13.990674388428,10.3289844395686));
#8500=CARTESIAN_POINT('Ctrl Pts',(-115.896079068721,-14.1717147290899,10.3165153843063));
#8501=CARTESIAN_POINT('Ctrl Pts',(-115.704322646538,-14.3484859962847,10.3046703235118));
#8502=CARTESIAN_POINT('Ctrl Pts',(-115.65967937504,-14.3896405379921,10.3019126465644));
#8503=CARTESIAN_POINT('Ctrl Pts',(-115.614869916169,-14.4305634678976,10.2991887521951));
#8504=CARTESIAN_POINT('Ctrl Pts',(-115.569909466231,-14.4712400444819,10.2964988619717));
#8505=CARTESIAN_POINT('Ctrl Pts',(-115.372454193137,-14.6498815960938,10.284685523596));
#8506=CARTESIAN_POINT('Ctrl Pts',(-115.172086678274,-14.8237798057535,10.2735265717686));
#8507=CARTESIAN_POINT('Ctrl Pts',(-114.968653148926,-14.9932140478508,10.2629437118093));
#8508=CARTESIAN_POINT('Ctrl Pts',(-114.926799219903,-15.0280730446225,10.2607664194474));
#8509=CARTESIAN_POINT('Ctrl Pts',(-114.884815512724,-15.0627432656011,10.258613535326));
#8510=CARTESIAN_POINT('Ctrl Pts',(-114.842700688264,-15.0972274113429,10.2564844137527));
#8511=CARTESIAN_POINT('Ctrl Pts',(-114.595884236559,-15.2993238132953,10.2440065692241));
#8512=CARTESIAN_POINT('Ctrl Pts',(-114.344564409471,-15.4950338630695,10.2323437824446));
#8513=CARTESIAN_POINT('Ctrl Pts',(-114.088819798314,-15.6843217034023,10.2214089023143));
#8514=CARTESIAN_POINT('Ctrl Pts',(-113.833075187156,-15.8736095437351,10.2104740221839));
#8515=CARTESIAN_POINT('Ctrl Pts',(-113.572905791928,-16.0564753736661,10.2002670484768));
#8516=CARTESIAN_POINT('Ctrl Pts',(-113.30839020394,-16.232937063877,10.1907077442051));
#8517=CARTESIAN_POINT('Ctrl Pts',(-113.029500640681,-16.4189878145694,10.1806289801757));
#8518=CARTESIAN_POINT('Ctrl Pts',(-112.745779699974,-16.5979158737495,10.1712704485981));
#8519=CARTESIAN_POINT('Ctrl Pts',(-112.457104315568,-16.7696736377935,10.1625524699359));
#8520=CARTESIAN_POINT('Ctrl Pts',(-112.198185604654,-16.9237266026744,10.1547331409632));
#8521=CARTESIAN_POINT('Ctrl Pts',(-111.935281215238,-17.0720121180154,10.1474292108208));
#8522=CARTESIAN_POINT('Ctrl Pts',(-111.668302349968,-17.214531141881,10.1405880625745));
#8523=CARTESIAN_POINT('Ctrl Pts',(-111.385981984474,-17.3652397864281,10.1333537990259));
#8524=CARTESIAN_POINT('Ctrl Pts',(-111.099105422987,-17.5094895138651,10.1266378922197));
#8525=CARTESIAN_POINT('Ctrl Pts',(-110.80815016305,-17.646831196076,10.1204045391417));
#8526=CARTESIAN_POINT('Ctrl Pts',(-110.517194903113,-17.7841728782869,10.1141711860638));
#8527=CARTESIAN_POINT('Ctrl Pts',(-110.222160944727,-17.9146065330263,10.1084206771361));
#8528=CARTESIAN_POINT('Ctrl Pts',(-109.925364172207,-18.0372172674847,10.1031393247219));
#8529=CARTESIAN_POINT('Ctrl Pts',(-109.617701796065,-18.1643167287879,10.0976646242418));
#8530=CARTESIAN_POINT('Ctrl Pts',(-109.308145171407,-18.2830216019252,10.0926926317136));
#8531=CARTESIAN_POINT('Ctrl Pts',(-108.996499060923,-18.3935178185949,10.08816173304));
#8532=CARTESIAN_POINT('Ctrl Pts',(-108.706865541961,-18.496209323444,10.083950866667));
#8533=CARTESIAN_POINT('Ctrl Pts',(-108.415427287133,-18.5918115957129,10.0801210958935));
#8534=CARTESIAN_POINT('Ctrl Pts',(-108.122027576541,-18.6805137009987,10.0766292713964));
#8535=CARTESIAN_POINT('Ctrl Pts',(-107.774440307001,-18.7855980670211,10.0724925469934));
#8536=CARTESIAN_POINT('Ctrl Pts',(-107.424100160001,-18.8809923014622,10.068830332975));
#8537=CARTESIAN_POINT('Ctrl Pts',(-107.071129336253,-18.9665965145336,10.0655983111248));
#8538=CARTESIAN_POINT('Ctrl Pts',(-106.805567982474,-19.0310017548053,10.063166665107));
#8539=CARTESIAN_POINT('Ctrl Pts',(-106.538517543255,-19.0898664659306,10.0609786990404));
#8540=CARTESIAN_POINT('Ctrl Pts',(-106.270030060351,-19.143167290331,10.0590186636789));
#8541=CARTESIAN_POINT('Ctrl Pts',(-105.957356275035,-19.2052400929268,10.056736055681));
#8542=CARTESIAN_POINT('Ctrl Pts',(-105.642733521188,-19.2597587844227,10.0547627596234));
#8543=CARTESIAN_POINT('Ctrl Pts',(-105.325764507408,-19.3066637322536,10.0530802213628));
#8544=CARTESIAN_POINT('Ctrl Pts',(-105.008795493627,-19.3535686800845,10.0513976831021));
#8545=CARTESIAN_POINT('Ctrl Pts',(-104.689480219913,-19.3928598863035,10.0500059484114));
#8546=CARTESIAN_POINT('Ctrl Pts',(-104.369132394777,-19.4242319821815,10.0489007950435));
#8547=CARTESIAN_POINT('Ctrl Pts',(-104.048784569641,-19.4556040780595,10.0477956416756));
#8548=CARTESIAN_POINT('Ctrl Pts',(-103.727404193083,-19.4790570611605,10.0469770035873));
#8549=CARTESIAN_POINT('Ctrl Pts',(-103.407028766992,-19.4945546734346,10.0464370064422));
#8550=CARTESIAN_POINT('Ctrl Pts',(-103.086653340901,-19.5100522857087,10.0458970092971));
#8551=CARTESIAN_POINT('Ctrl Pts',(-102.767282865276,-19.5175945271687,10.0456356519696));
#8552=CARTESIAN_POINT('Ctrl Pts',(-102.448395473445,-19.5173441403153,10.0456443453862));
#8553=CARTESIAN_POINT('Ctrl Pts',(-102.079317871041,-19.5170543446636,10.045654407074));
#8554=CARTESIAN_POINT('Ctrl Pts',(-101.710887386149,-19.5063343336096,10.0460257231515));
#8555=CARTESIAN_POINT('Ctrl Pts',(-101.343218849233,-19.485234470901,10.0467619949926));
#8556=CARTESIAN_POINT('Ctrl Pts',(-101.075547500813,-19.4698732742371,10.047298018222));
#8557=CARTESIAN_POINT('Ctrl Pts',(-100.808279998742,-19.4490116474909,10.0480276592983));
#8558=CARTESIAN_POINT('Ctrl Pts',(-100.541460652164,-19.4226861483194,10.048955257084));
#8559=CARTESIAN_POINT('Ctrl Pts',(-100.189143158755,-19.3879250487222,10.050180089282));
#8560=CARTESIAN_POINT('Ctrl Pts',(-99.8376070457362,-19.3436372342821,10.0517496668835));
#8561=CARTESIAN_POINT('Ctrl Pts',(-99.4867112987355,-19.2895936601139,10.0536933464721));
#8562=CARTESIAN_POINT('Ctrl Pts',(-99.2068451543075,-19.246489784211,10.055243579318));
#8563=CARTESIAN_POINT('Ctrl Pts',(-98.9273863646422,-19.19718085099,10.0570319351732));
#8564=CARTESIAN_POINT('Ctrl Pts',(-98.6482633845969,-19.141574181672,10.0590772542258));
#8565=CARTESIAN_POINT('Ctrl Pts',(-98.2626653977764,-19.064755641904,10.0619027862152));
#8566=CARTESIAN_POINT('Ctrl Pts',(-97.8777082831992,-18.9759118432241,10.065218734462));
#8567=CARTESIAN_POINT('Ctrl Pts',(-97.4962024137015,-18.8757465709306,10.0690514847274));
#8568=CARTESIAN_POINT('Ctrl Pts',(-97.2552974523715,-18.8124964010701,10.0714717058257));
#8569=CARTESIAN_POINT('Ctrl Pts',(-97.0157686380831,-18.7447330737982,10.0740981862812));
#8570=CARTESIAN_POINT('Ctrl Pts',(-96.7783235866007,-18.6726442112555,10.0769392353327));
#8571=CARTESIAN_POINT('Ctrl Pts',(-96.4336977996572,-18.5680150314577,10.0810627104652));
#8572=CARTESIAN_POINT('Ctrl Pts',(-96.0934615382254,-18.4542752096903,10.0856375513651));
#8573=CARTESIAN_POINT('Ctrl Pts',(-95.7572621501909,-18.3314729597436,10.0907169701901));
#8574=CARTESIAN_POINT('Ctrl Pts',(-95.4949897703113,-18.2356737420937,10.0946794737254));
#8575=CARTESIAN_POINT('Ctrl Pts',(-95.2351741146465,-18.1343603646768,10.0989492066875));
#8576=CARTESIAN_POINT('Ctrl Pts',(-94.9776477608564,-18.0275775198858,10.1035548209839));
#8577=CARTESIAN_POINT('Ctrl Pts',(-94.6654228671227,-17.8981140227455,10.1091386667268));
#8578=CARTESIAN_POINT('Ctrl Pts',(-94.356563048474,-17.7606118977043,10.1152158432129));
#8579=CARTESIAN_POINT('Ctrl Pts',(-94.0512183479645,-17.6150492991115,10.1218500068421));
#8580=CARTESIAN_POINT('Ctrl Pts',(-93.7818703886595,-17.4866469105431,10.1277020764285));
#8581=CARTESIAN_POINT('Ctrl Pts',(-93.5152576132518,-17.3519731208721,10.1339876516976));
#8582=CARTESIAN_POINT('Ctrl Pts',(-93.2514830095468,-17.2110462913812,10.1407553783467));
#8583=CARTESIAN_POINT('Ctrl Pts',(-92.9963307864986,-17.0747261402876,10.1473018785602));
#8584=CARTESIAN_POINT('Ctrl Pts',(-92.7438342170183,-16.9325473813177,10.1542995422891));
#8585=CARTESIAN_POINT('Ctrl Pts',(-92.4936412751041,-16.7841516603383,10.1618182599895));
#8586=CARTESIAN_POINT('Ctrl Pts',(-92.4679031238134,-16.7688857160306,10.1625917346215));
#8587=CARTESIAN_POINT('Ctrl Pts',(-92.4421893515773,-16.7535540234538,10.1633707302752));
#8588=CARTESIAN_POINT('Ctrl Pts',(-92.4164995751461,-16.7381562240389,10.1641553277455));
#8589=CARTESIAN_POINT('Ctrl Pts',(-92.1410870944746,-16.5730809792199,10.1725667647311));
#8590=CARTESIAN_POINT('Ctrl Pts',(-91.8684325353479,-16.4004015747948,10.1816232540773));
#8591=CARTESIAN_POINT('Ctrl Pts',(-91.6010656860441,-16.2216814017231,10.1913178963991));
#8592=CARTESIAN_POINT('Ctrl Pts',(-91.3090143848716,-16.0264610173439,10.2019075895935));
#8593=CARTESIAN_POINT('Ctrl Pts',(-91.0232722327636,-15.8240429021986,10.2132562726138));
#8594=CARTESIAN_POINT('Ctrl Pts',(-90.7438708189495,-15.614635958939,10.2254507284407));
#8595=CARTESIAN_POINT('Ctrl Pts',(-90.5116999480137,-15.440627561011,10.235583810415));
#8596=CARTESIAN_POINT('Ctrl Pts',(-90.2839073022232,-15.2617943303363,10.24630101423));
#8597=CARTESIAN_POINT('Ctrl Pts',(-90.0605110065117,-15.0782833486713,10.2576552942301));
#8598=CARTESIAN_POINT('Ctrl Pts',(-89.8143919457073,-14.8761065385731,10.2701644753732));
#8599=CARTESIAN_POINT('Ctrl Pts',(-89.5736090693296,-14.6682571080147,10.2834461622224));
#8600=CARTESIAN_POINT('Ctrl Pts',(-89.3381456013187,-14.4547191160522,10.2975923441423));
#8601=CARTESIAN_POINT('Ctrl Pts',(-89.1026821333078,-14.2411811240896,10.3117385260622));
#8602=CARTESIAN_POINT('Ctrl Pts',(-88.8725380736636,-14.0219543691028,10.3267492152219));
#8603=CARTESIAN_POINT('Ctrl Pts',(-88.6476966463262,-13.7970825261338,10.3427232840825));
#8604=CARTESIAN_POINT('Ctrl Pts',(-88.4551447388339,-13.6045045710045,10.3564033138971));
#8605=CARTESIAN_POINT('Ctrl Pts',(-88.2664818004802,-13.4077951748727,10.3707891445796));
#8606=CARTESIAN_POINT('Ctrl Pts',(-88.0817215514653,-13.206813097758,10.3859630548508));
#8607=CARTESIAN_POINT('Ctrl Pts',(-87.8997610638117,-13.0088765992068,10.400907027525));
#8608=CARTESIAN_POINT('Ctrl Pts',(-87.7215858829879,-12.8067958643389,10.4166153963565));
#8609=CARTESIAN_POINT('Ctrl Pts',(-87.5472091148716,-12.6004862738537,10.4331724580934));
#8610=CARTESIAN_POINT('Ctrl Pts',(-87.4851428098412,-12.5270540494119,10.439065649344));
#8611=CARTESIAN_POINT('Ctrl Pts',(-87.4235577170722,-12.4530865548478,10.4450664112859));
#8612=CARTESIAN_POINT('Ctrl Pts',(-87.3624544275379,-12.3785815697734,10.4511787149305));
#8613=CARTESIAN_POINT('Ctrl Pts',(-87.2133490501138,-12.1967731269849,10.4660940713509));
#8614=CARTESIAN_POINT('Ctrl Pts',(-87.067112650184,-12.0117432098627,10.4816764702435));
#8615=CARTESIAN_POINT('Ctrl Pts',(-86.9244950516314,-11.8244482083233,10.4978977169956));
#8616=CARTESIAN_POINT('Ctrl Pts',(-86.8724255877205,-11.7560670939145,10.5038200690119));
#8617=CARTESIAN_POINT('Ctrl Pts',(-86.8208384987312,-11.6873835646944,10.5098274938887));
#8618=CARTESIAN_POINT('Ctrl Pts',(-86.7697702759546,-11.618442433609,10.5159183253862));
#8619=CARTESIAN_POINT('Ctrl Pts',(-86.6016311227444,-11.3914577693346,10.5359720338307));
#8620=CARTESIAN_POINT('Ctrl Pts',(-86.4391165691732,-11.1616923749943,10.55692787829));
#8621=CARTESIAN_POINT('Ctrl Pts',(-86.2820162809553,-10.9290974040873,10.5788718134213));
#8622=CARTESIAN_POINT('Ctrl Pts',(-86.2607091724524,-10.8975511457159,10.5818480129695));
#8623=CARTESIAN_POINT('Ctrl Pts',(-86.2395016582781,-10.8659529160805,10.5848423947399));
#8624=CARTESIAN_POINT('Ctrl Pts',(-86.218393213682,-10.8343026673013,10.5878551791701));
#8625=CARTESIAN_POINT('Ctrl Pts',(-86.0635279825161,-10.6020959278923,10.6099589185107));
#8626=CARTESIAN_POINT('Ctrl Pts',(-85.9139953107123,-10.3671018878137,10.6330513006159));
#8627=CARTESIAN_POINT('Ctrl Pts',(-85.769774021913,-10.1293334303771,10.6572209321717));
#8628=CARTESIAN_POINT('Ctrl Pts',(-85.6261793763639,-9.89259807977372,10.6812855463849));
#8629=CARTESIAN_POINT('Ctrl Pts',(-85.4878500580464,-9.65311234343636,10.7064181254705));
#8630=CARTESIAN_POINT('Ctrl Pts',(-85.3547651654399,-9.41094059538347,10.7327092118962));
#8631=CARTESIAN_POINT('Ctrl Pts',(-85.3164169103876,-9.34115909142078,10.7402849574831));
#8632=CARTESIAN_POINT('Ctrl Pts',(-85.278504098658,-9.27115489867773,10.7479569101981));
#8633=CARTESIAN_POINT('Ctrl Pts',(-85.2410262301839,-9.20093036102629,10.7557272729421));
#8634=CARTESIAN_POINT('Ctrl Pts',(-85.1247276563986,-8.98301472424925,10.7798396929307));
#8635=CARTESIAN_POINT('Ctrl Pts',(-85.0126173231216,-8.76298365414528,10.804898334822));
#8636=CARTESIAN_POINT('Ctrl Pts',(-84.9047086693933,-8.54077328723632,10.8309889454117));
#8637=CARTESIAN_POINT('Ctrl Pts',(-84.8836640697124,-8.49743729837007,10.8360771977096));
#8638=CARTESIAN_POINT('Ctrl Pts',(-84.8627792755292,-8.45401858136183,10.8412047090579));
#8639=CARTESIAN_POINT('Ctrl Pts',(-84.8420543865267,-8.41051689396897,10.8463721285766));
#8640=CARTESIAN_POINT('Ctrl Pts',(-84.7363340143559,-8.18860909119758,10.8727318120764));
#8641=CARTESIAN_POINT('Ctrl Pts',(-84.6347746207132,-7.9645381104688,10.9001297973401));
#8642=CARTESIAN_POINT('Ctrl Pts',(-84.5373894374573,-7.73830269299844,10.9286535547589));
#8643=CARTESIAN_POINT('Ctrl Pts',(-84.5007773245806,-7.65324913182796,10.9393771062415));
#8644=CARTESIAN_POINT('Ctrl Pts',(-84.46475519287,-7.5678901760256,10.9502597945311));
#8645=CARTESIAN_POINT('Ctrl Pts',(-84.4293237454249,-7.48222766605947,10.9613063302114));
#8646=CARTESIAN_POINT('Ctrl Pts',(-84.3298990137087,-7.24184877426565,10.9923041845359));
#8647=CARTESIAN_POINT('Ctrl Pts',(-84.2351254975696,-6.99905116553978,11.0245954986408));
#8648=CARTESIAN_POINT('Ctrl Pts',(-84.145172014892,-6.75400995565098,11.058272440479));
#8649=CARTESIAN_POINT('Ctrl Pts',(-84.1252514570561,-6.69974460150937,11.0657303336884));
#8650=CARTESIAN_POINT('Ctrl Pts',(-84.1055672826774,-6.64536941974019,11.0732561763163));
#8651=CARTESIAN_POINT('Ctrl Pts',(-84.0861213252057,-6.59088665671129,11.0808509595838));
#8652=CARTESIAN_POINT('Ctrl Pts',(-84.0182200698938,-6.40064413417678,11.1073703695142));
#8653=CARTESIAN_POINT('Ctrl Pts',(-83.9532233021685,-6.20908022908415,11.1347329965842));
#8654=CARTESIAN_POINT('Ctrl Pts',(-83.8913212179772,-6.01688129022317,11.1628915435797));
#8655=CARTESIAN_POINT('Ctrl Pts',(-83.8554432195956,-5.90548418126517,11.1792120328932));
#8656=CARTESIAN_POINT('Ctrl Pts',(-83.8206048112609,-5.79387281777342,11.1957997362378));
#8657=CARTESIAN_POINT('Ctrl Pts',(-83.7868430243671,-5.68217288153148,11.2126441431805));
#8658=CARTESIAN_POINT('Ctrl Pts',(-83.7197440833963,-5.46017789495323,11.2461210995602));
#8659=CARTESIAN_POINT('Ctrl Pts',(-83.6568976344467,-5.23787216938386,11.280604822399));
#8660=CARTESIAN_POINT('Ctrl Pts',(-83.5982239853747,-5.01515489662777,11.3161723990005));
#8661=CARTESIAN_POINT('Ctrl Pts',(-83.5391729868622,-4.79100525619729,11.351968722328));
#8662=CARTESIAN_POINT('Ctrl Pts',(-83.4843486341059,-4.56643876828767,11.3888629989049));
#8663=CARTESIAN_POINT('Ctrl Pts',(-83.4336696874733,-4.34140567607561,11.4269329362215));
#8664=CARTESIAN_POINT('Ctrl Pts',(-83.396600009442,-4.17680272299649,11.4547796144334));
#8665=CARTESIAN_POINT('Ctrl Pts',(-83.3617482701867,-4.01195123499772,11.48325530587));
#8666=CARTESIAN_POINT('Ctrl Pts',(-83.3290826759646,-3.84684935834204,11.5123895484548));
#8667=CARTESIAN_POINT('Ctrl Pts',(-83.2854591356617,-3.62636267986872,11.551297115755));
#8668=CARTESIAN_POINT('Ctrl Pts',(-83.245734473496,-3.40542964303296,11.5913789462261));
#8669=CARTESIAN_POINT('Ctrl Pts',(-83.2099065378715,-3.1840400705687,11.6327107660585));
#8670=CARTESIAN_POINT('Ctrl Pts',(-83.1734962658589,-2.95905209920932,11.6747143807418));
#8671=CARTESIAN_POINT('Ctrl Pts',(-83.1411104222553,-2.73359268116938,11.7180091530207));
#8672=CARTESIAN_POINT('Ctrl Pts',(-83.1127467488358,-2.50770517500182,11.7626684658534));
#8673=CARTESIAN_POINT('Ctrl Pts',(-83.0911600672261,-2.3357894431038,11.7966572356705));
#8674=CARTESIAN_POINT('Ctrl Pts',(-83.0719031245732,-2.16362690184734,11.8314362870605));
#8675=CARTESIAN_POINT('Ctrl Pts',(-83.0549749253859,-1.99125653949443,11.8670344575877));
#8676=CARTESIAN_POINT('Ctrl Pts',(-83.0351210524762,-1.7890956817627,11.9087850032685));
#8677=CARTESIAN_POINT('Ctrl Pts',(-83.0184704278581,-1.5866593849718,11.9516597998345));
#8678=CARTESIAN_POINT('Ctrl Pts',(-83.0050390783157,-1.3838997893063,11.9957293951458));
#8679=CARTESIAN_POINT('Ctrl Pts',(-82.9913578304313,-1.1773677293306,12.0406189318016));
#8680=CARTESIAN_POINT('Ctrl Pts',(-82.9810167651347,-0.970500341513239,
12.0867484092754));
#8681=CARTESIAN_POINT('Ctrl Pts',(-82.9740328205209,-0.763300407584668,
12.1341824472882));
#8682=CARTESIAN_POINT('Ctrl Pts',(-82.9712065107028,-0.679449340604984,
12.153378373769));
#8683=CARTESIAN_POINT('Ctrl Pts',(-82.9689300011118,-0.595544402666835,
12.1727878148388));
#8684=CARTESIAN_POINT('Ctrl Pts',(-82.967204414339,-0.511588101900546,12.1924144366771));
#8685=CARTESIAN_POINT('Ctrl Pts',(-82.9645062925194,-0.380314305326421,
12.2231025582251));
#8686=CARTESIAN_POINT('Ctrl Pts',(-82.9631550859256,-0.248914589970395,
12.2543217897788));
#8687=CARTESIAN_POINT('Ctrl Pts',(-82.9631550859257,-0.117405103567425,
12.2860844819017));
#8688=CARTESIAN_POINT('Origin',(-91.1145877601047,31.2707268979996,21.6487265473627));
#8689=CARTESIAN_POINT('',(-91.1145877601047,88.7292731017861,20.2487265473627));
#8690=CARTESIAN_POINT('',(-91.1145877601047,31.2707268979996,20.2487265473627));
#8691=CARTESIAN_POINT('Origin',(-102.463155085922,88.7292731017861,21.6487265473627));
#8692=CARTESIAN_POINT('',(-113.811722411739,88.7292731017861,20.2487265473627));
#8693=CARTESIAN_POINT('Origin',(-113.811722411739,31.2707268979996,21.6487265473627));
#8694=CARTESIAN_POINT('',(-113.811722411739,31.2707268979996,20.2487265473627));
#8695=CARTESIAN_POINT('Origin',(-102.463155085922,31.2707268979996,21.6487265473627));
#8696=CARTESIAN_POINT('Ctrl Pts',(-121.963155085928,10.152846681162,15.7382883447329));
#8697=CARTESIAN_POINT('Ctrl Pts',(-122.415598930271,10.6300650343872,15.9448840732401));
#8698=CARTESIAN_POINT('Ctrl Pts',(-122.275131713344,10.7422202186906,15.2794407927279));
#8699=CARTESIAN_POINT('Ctrl Pts',(-121.594395280847,10.4445063640158,15.8645526517375));
#8700=CARTESIAN_POINT('Ctrl Pts',(-122.057014425236,10.9122222878307,16.0704604315087));
#8701=CARTESIAN_POINT('Ctrl Pts',(-121.913426216672,11.0310217449845,15.4069061453207));
#8702=CARTESIAN_POINT('Ctrl Pts',(-120.876297966831,11.0452109689995,16.1310350071117));
#8703=CARTESIAN_POINT('Ctrl Pts',(-121.360039864037,11.491231819697,16.3339120449482));
#8704=CARTESIAN_POINT('Ctrl Pts',(-121.209699211904,11.6250780994001,15.6758137537273));
#8705=CARTESIAN_POINT('Ctrl Pts',(-119.868651740914,11.9961459040833,16.5710145851135));
#8706=CARTESIAN_POINT('Ctrl Pts',(-120.379272662498,12.4048610076117,16.7631942040552));
#8707=CARTESIAN_POINT('Ctrl Pts',(-120.223986055698,12.5610217749129,16.118483294584));
#8708=CARTESIAN_POINT('Ctrl Pts',(-118.931187250826,13.0025375743018,17.0472737187153));
#8709=CARTESIAN_POINT('Ctrl Pts',(-119.461396957734,13.3704148195491,17.2219378030698));
#8710=CARTESIAN_POINT('Ctrl Pts',(-119.308542540484,13.5455907810435,16.5956016973824));
#8711=CARTESIAN_POINT('Ctrl Pts',(-118.062583399056,14.0737918110367,17.5539429616864));
#8712=CARTESIAN_POINT('Ctrl Pts',(-118.604725157061,14.3992294762466,17.706674623443));
#8713=CARTESIAN_POINT('Ctrl Pts',(-118.461760389174,14.5881319813358,17.1013651013534));
#8714=CARTESIAN_POINT('Ctrl Pts',(-117.279570370668,15.1953262062586,18.0750296391916));
#8715=CARTESIAN_POINT('Ctrl Pts',(-117.827674766374,15.4783879767019,18.2047711449801));
#8716=CARTESIAN_POINT('Ctrl Pts',(-117.699538839424,15.6760357735319,17.6205854290559));
#8717=CARTESIAN_POINT('Ctrl Pts',(-116.357358096914,16.7478444466262,18.77808289831));
#8718=CARTESIAN_POINT('Ctrl Pts',(-116.914128486916,16.9650500727789,18.8737069726227));
#8719=CARTESIAN_POINT('Ctrl Pts',(-116.802837808817,17.1796145259355,18.3208137324452));
#8720=CARTESIAN_POINT('Ctrl Pts',(-115.802208271582,17.9799398945026,19.3135950690294));
#8721=CARTESIAN_POINT('Ctrl Pts',(-116.350938394578,18.163029966924,19.3923433677031));
#8722=CARTESIAN_POINT('Ctrl Pts',(-116.263642592885,18.3719820312125,18.854365661916));
#8723=CARTESIAN_POINT('Ctrl Pts',(-115.495025139587,18.8316310011042,19.6745534913249));
#8724=CARTESIAN_POINT('Ctrl Pts',(-116.03717332282,18.9979172890357,19.7450279105933));
#8725=CARTESIAN_POINT('Ctrl Pts',(-115.965197115543,19.1968513247486,19.214191682619));
#8726=CARTESIAN_POINT('Ctrl Pts',(-115.517117725925,18.7707269820174,19.6487263493047));
#8727=CARTESIAN_POINT('Ctrl Pts',(-115.729936125691,18.1873708259571,19.4012009070763));
#8728=CARTESIAN_POINT('Ctrl Pts',(-115.972033521925,17.6191169298915,19.155890146414));
#8729=CARTESIAN_POINT('Ctrl Pts',(-116.242485872405,17.065695135601,18.9126459388897));
#8730=CARTESIAN_POINT('Ctrl Pts',(-116.357571811576,16.8301968423144,18.8091379160492));
#8731=CARTESIAN_POINT('Ctrl Pts',(-116.477792781525,16.5973845398294,18.7060041480824));
#8732=CARTESIAN_POINT('Ctrl Pts',(-116.603080214115,16.3672384712453,18.6032334368812));
#8733=CARTESIAN_POINT('Ctrl Pts',(-116.611332563753,16.3520793624137,18.5964642037356));
#8734=CARTESIAN_POINT('Ctrl Pts',(-116.619606894824,16.3369318212797,18.5896965457591));
#8735=CARTESIAN_POINT('Ctrl Pts',(-116.627903207011,16.3217958223126,18.5829304686158));
#8736=CARTESIAN_POINT('Ctrl Pts',(-116.836321636057,15.941552039792,18.4129543229128));
#8737=CARTESIAN_POINT('Ctrl Pts',(-117.058599593157,15.5686022996464,18.2439808134157));
#8738=CARTESIAN_POINT('Ctrl Pts',(-117.294796457573,15.2024688277142,18.0760636273425));
#8739=CARTESIAN_POINT('Ctrl Pts',(-117.302394383036,15.1906911318664,18.0706621065944));
#8740=CARTESIAN_POINT('Ctrl Pts',(-117.310006714112,15.1789204910042,18.0652616790612));
#8741=CARTESIAN_POINT('Ctrl Pts',(-117.317633423255,15.1671569373707,18.0598623834511));
#8742=CARTESIAN_POINT('Ctrl Pts',(-117.556810751688,14.7982461426613,17.8905378326862));
#8743=CARTESIAN_POINT('Ctrl Pts',(-117.810156476984,14.4362568209896,17.7223048316487));
#8744=CARTESIAN_POINT('Ctrl Pts',(-118.07685084143,14.0821732647165,17.5563465363945));
#8745=CARTESIAN_POINT('Ctrl Pts',(-118.083029375196,14.0739701772129,17.5525017647472));
#8746=CARTESIAN_POINT('Ctrl Pts',(-118.089215075227,14.0657713335106,17.548658213959));
#8747=CARTESIAN_POINT('Ctrl Pts',(-118.095407910923,14.0575767594358,17.544815913406));
#8748=CARTESIAN_POINT('Ctrl Pts',(-118.299329303634,13.7877409297582,17.418294345826));
#8749=CARTESIAN_POINT('Ctrl Pts',(-118.511003839794,13.5225149515709,17.2931192796534));
#8750=CARTESIAN_POINT('Ctrl Pts',(-118.729470537265,13.2627023626661,17.1702825599149));
#8751=CARTESIAN_POINT('Ctrl Pts',(-118.79984126705,13.1790136279521,17.1307153869204));
#8752=CARTESIAN_POINT('Ctrl Pts',(-118.870917002864,13.0958868266614,17.0913909537461));
#8753=CARTESIAN_POINT('Ctrl Pts',(-118.942666328562,13.0133496393783,17.0523428449303));
#8754=CARTESIAN_POINT('Ctrl Pts',(-118.946923773582,13.0084520667037,17.050025817212));
#8755=CARTESIAN_POINT('Ctrl Pts',(-118.951183590372,13.0035565701785,17.0477097625051));
#8756=CARTESIAN_POINT('Ctrl Pts',(-118.955445780911,12.9986631443245,17.0453946830838));
#8757=CARTESIAN_POINT('Ctrl Pts',(-119.252201228451,12.657957874128,16.884207044136));
#8758=CARTESIAN_POINT('Ctrl Pts',(-119.560414143388,12.3273327697645,16.7277655237477));
#8759=CARTESIAN_POINT('Ctrl Pts',(-119.88034872833,12.0053887188031,16.5770611896653));
#8760=CARTESIAN_POINT('Ctrl Pts',(-119.882861679856,12.0028599837668,16.5758774705421));
#8761=CARTESIAN_POINT('Ctrl Pts',(-119.885375354502,12.0003317841823,16.5746941054165));
#8762=CARTESIAN_POINT('Ctrl Pts',(-119.887889752238,11.9978041196631,16.5735110946238));
#8763=CARTESIAN_POINT('Ctrl Pts',(-120.209460365671,11.6745367946974,16.4222138273433));
#8764=CARTESIAN_POINT('Ctrl Pts',(-120.542860102363,11.3600185880643,16.2767106635997));
#8765=CARTESIAN_POINT('Ctrl Pts',(-120.887881421096,11.0535241250423,16.1377444165988));
#8766=CARTESIAN_POINT('Ctrl Pts',(-120.889021396272,11.0525114453604,16.1372852621547));
#8767=CARTESIAN_POINT('Ctrl Pts',(-120.890161498281,11.0514988532372,16.1368261790578));
#8768=CARTESIAN_POINT('Ctrl Pts',(-120.891301727052,11.0504863486918,16.1363671673207));
#8769=CARTESIAN_POINT('Ctrl Pts',(-121.23754002714,10.7430323874196,15.9969850998497));
#8770=CARTESIAN_POINT('Ctrl Pts',(-121.59547473834,10.4436525994576,15.8641830429209));
#8771=CARTESIAN_POINT('Ctrl Pts',(-121.963155085885,10.1528466811965,15.7382883447478));
#8772=CARTESIAN_POINT('Ctrl Pts',(-115.585373425678,18.7826913050309,19.6487265473627));
#8773=CARTESIAN_POINT('Ctrl Pts',(-115.615993685945,18.7941016996794,19.6487265473361));
#8774=CARTESIAN_POINT('Ctrl Pts',(-115.646314773251,18.8060566263721,19.6455232727815));
#8775=CARTESIAN_POINT('Ctrl Pts',(-115.70715709184,18.8314048320501,19.6324536264317));
#8776=CARTESIAN_POINT('Ctrl Pts',(-115.737407490618,18.8447636877476,19.6222623005494));
#8777=CARTESIAN_POINT('Ctrl Pts',(-115.820431608371,18.8836670832779,19.5833454175757));
#8778=CARTESIAN_POINT('Ctrl Pts',(-115.868562208695,18.9091195904982,19.5466097125239));
#8779=CARTESIAN_POINT('Ctrl Pts',(-115.947248652199,18.9571239679315,19.4552832304968));
#8780=CARTESIAN_POINT('Ctrl Pts',(-115.977188200866,18.9792444761077,19.4016778930055));
#8781=CARTESIAN_POINT('Ctrl Pts',(-116.013403951699,19.015333727097,19.2912084849635));
#8782=CARTESIAN_POINT('Ctrl Pts',(-116.021823667829,19.0297007805695,19.2361745030511));
#8783=CARTESIAN_POINT('Ctrl Pts',(-116.021293418491,19.0431355338119,19.1697737305768));
#8784=CARTESIAN_POINT('Ctrl Pts',(-116.020910660805,19.0451135298962,19.1592417783682));
#8785=CARTESIAN_POINT('Ctrl Pts',(-116.020207822296,19.0470010992138,19.1487319155226));
#8786=CARTESIAN_POINT('Ctrl Pts',(-115.601500916756,18.7402654456142,19.6487265473627));
#8787=CARTESIAN_POINT('Ctrl Pts',(-116.068641625047,18.9185336667231,19.6487265473627));
#8788=CARTESIAN_POINT('Ctrl Pts',(-116.068641625047,18.9185336667231,19.1487265473627));
#8789=CARTESIAN_POINT('Ctrl Pts',(-115.375502534479,19.3324800521203,19.6487265473627));
#8790=CARTESIAN_POINT('Ctrl Pts',(-115.849081755586,19.4938765529518,19.6487265473316));
#8791=CARTESIAN_POINT('Ctrl Pts',(-115.849081755748,19.4938765529572,19.1487265473737));
#8792=CARTESIAN_POINT('Ctrl Pts',(-115.085048706692,20.2382326858734,19.6487265473627));
#8793=CARTESIAN_POINT('Ctrl Pts',(-115.566854317494,20.3739144275799,19.6487265473697));
#8794=CARTESIAN_POINT('Ctrl Pts',(-115.566854317458,20.3739144275788,19.1487265473602));
#8795=CARTESIAN_POINT('Ctrl Pts',(-114.793683186034,21.4785859592062,19.6487265473627));
#8796=CARTESIAN_POINT('Ctrl Pts',(-115.283499567569,21.5801107925899,19.6487265473614));
#8797=CARTESIAN_POINT('Ctrl Pts',(-115.283499567575,21.5801107925901,19.1487265473632));
#8798=CARTESIAN_POINT('Ctrl Pts',(-114.62232600304,22.42843761469,19.6487265473627));
#8799=CARTESIAN_POINT('Ctrl Pts',(-115.116719707926,22.504526943887,19.6487265473629));
#8800=CARTESIAN_POINT('Ctrl Pts',(-115.116719707925,22.5045269438871,19.1487265473626));
#8801=CARTESIAN_POINT('Ctrl Pts',(-114.499905507148,23.3826564268425,19.6487265473627));
#8802=CARTESIAN_POINT('Ctrl Pts',(-114.997450792858,23.4341052610808,19.6487265473631));
#8803=CARTESIAN_POINT('Ctrl Pts',(-114.997450792855,23.4341052610801,19.1487265473627));
#8804=CARTESIAN_POINT('Ctrl Pts',(-114.424302107454,24.3369419429362,19.6487265473627));
#8805=CARTESIAN_POINT('Ctrl Pts',(-114.923707303064,24.3646749458399,19.6487265473607));
#8806=CARTESIAN_POINT('Ctrl Pts',(-114.923707303075,24.3646749458426,19.1487265473627));
#8807=CARTESIAN_POINT('Ctrl Pts',(-114.398171865562,25.1331476935264,19.6487265473627));
#8808=CARTESIAN_POINT('Ctrl Pts',(-114.898190394729,25.1422300755577,19.6487265473684));
#8809=CARTESIAN_POINT('Ctrl Pts',(-114.898190394694,25.1422300755497,19.1487265473627));
#8810=CARTESIAN_POINT('Ctrl Pts',(-114.398389495258,25.6908359313208,19.6487265473627));
#8811=CARTESIAN_POINT('Ctrl Pts',(-114.898391269524,25.6868861718504,19.6487265473547));
#8812=CARTESIAN_POINT('Ctrl Pts',(-114.898391269573,25.6868861718616,19.1487265473627));
#8813=CARTESIAN_POINT('Ctrl Pts',(-114.403544331295,26.0096227017366,19.6487265473627));
#8814=CARTESIAN_POINT('Ctrl Pts',(-114.903446828775,25.9990872273913,19.6487265473766));
#8815=CARTESIAN_POINT('Ctrl Pts',(-114.90344682869,25.9990872273717,19.1487265473627));
#8816=CARTESIAN_POINT('Ctrl Pts',(-114.408019553285,26.1690549394198,19.6487265473627));
#8817=CARTESIAN_POINT('Ctrl Pts',(-114.907790396682,26.1539187608606,19.6487265473319));
#8818=CARTESIAN_POINT('Ctrl Pts',(-114.907790396871,26.1539187609039,19.1487265473627));
#8819=CARTESIAN_POINT('Ctrl Pts',(-114.41043396663,26.2487747573104,19.6487265473627));
#8820=CARTESIAN_POINT('Ctrl Pts',(-114.910204810217,26.2336385787944,19.6487265473627));
#8821=CARTESIAN_POINT('Ctrl Pts',(-114.910204810217,26.2336385787944,19.1487265473627));
#8822=CARTESIAN_POINT('Origin',(-114.408882960567,26.1957697973448,19.1487017145374));
#8823=CARTESIAN_POINT('Origin',(-114.408830597524,101.229273101786,19.1487265473627));
#8824=CARTESIAN_POINT('Origin',(-114.408883111141,93.8042302358311,19.148701728626));
#8825=CARTESIAN_POINT('Ctrl Pts',(-114.410438402752,93.7510787315048,19.6487265473627));
#8826=CARTESIAN_POINT('Ctrl Pts',(-114.910209246339,93.7662149100377,19.6487265473627));
#8827=CARTESIAN_POINT('Ctrl Pts',(-114.910209246339,93.7662149100377,19.1487265473627));
#8828=CARTESIAN_POINT('Ctrl Pts',(-114.408016193376,93.831055960928,19.6487265473627));
#8829=CARTESIAN_POINT('Ctrl Pts',(-114.907787036968,93.8461921394695,19.6487265473639));
#8830=CARTESIAN_POINT('Ctrl Pts',(-114.907787036963,93.8461921394609,19.1487265473627));
#8831=CARTESIAN_POINT('Ctrl Pts',(-114.403528030495,93.9909938797001,19.6487265473627));
#8832=CARTESIAN_POINT('Ctrl Pts',(-114.903430921345,94.0015146631903,19.6487265473622));
#8833=CARTESIAN_POINT('Ctrl Pts',(-114.903430921348,94.0015146631941,19.1487265473627));
#8834=CARTESIAN_POINT('Ctrl Pts',(-114.398372720663,94.310693875169,19.6487265473627));
#8835=CARTESIAN_POINT('Ctrl Pts',(-114.898374856082,94.3146098717532,19.648726547363));
#8836=CARTESIAN_POINT('Ctrl Pts',(-114.898374856081,94.314609871751,19.1487265473627));
#8837=CARTESIAN_POINT('Ctrl Pts',(-114.398205306115,94.8697537323577,19.6487265473627));
#8838=CARTESIAN_POINT('Ctrl Pts',(-114.898223100565,94.8606038877669,19.6487265473625));
#8839=CARTESIAN_POINT('Ctrl Pts',(-114.898223100566,94.8606038877685,19.1487265473627));
#8840=CARTESIAN_POINT('Ctrl Pts',(-114.424519263947,95.6672340066106,19.6487265473627));
#8841=CARTESIAN_POINT('Ctrl Pts',(-114.923919292735,95.6394003148065,19.6487265473629));
#8842=CARTESIAN_POINT('Ctrl Pts',(-114.923919292734,95.6394003148054,19.1487265473627));
#8843=CARTESIAN_POINT('Ctrl Pts',(-114.500383423104,96.6219388476346,19.6487265473627));
#8844=CARTESIAN_POINT('Ctrl Pts',(-114.997916683248,96.5703734864684,19.6487265473623));
#8845=CARTESIAN_POINT('Ctrl Pts',(-114.99791668325,96.5703734864705,19.1487265473627));
#8846=CARTESIAN_POINT('Ctrl Pts',(-114.622929522703,97.5753100919183,19.6487265473627));
#8847=CARTESIAN_POINT('Ctrl Pts',(-115.117307322933,97.4991216124727,19.6487265473641));
#8848=CARTESIAN_POINT('Ctrl Pts',(-115.117307322925,97.4991216124651,19.1487265473627));
#8849=CARTESIAN_POINT('Ctrl Pts',(-114.794115896811,98.5233688237532,19.6487265473627));
#8850=CARTESIAN_POINT('Ctrl Pts',(-115.283920459886,98.4217904459493,19.6487265473575));
#8851=CARTESIAN_POINT('Ctrl Pts',(-115.283920459913,98.4217904459778,19.1487265473627));
#8852=CARTESIAN_POINT('Ctrl Pts',(-115.0852434067,99.7623271239023,19.6487265473627));
#8853=CARTESIAN_POINT('Ctrl Pts',(-115.567043473275,99.6266293176821,19.6487265473901));
#8854=CARTESIAN_POINT('Ctrl Pts',(-115.567043473128,99.6266293175311,19.1487265473627));
#8855=CARTESIAN_POINT('Ctrl Pts',(-115.37552355889,100.667574540356,19.6487265473627));
#8856=CARTESIAN_POINT('Ctrl Pts',(-115.849102180372,100.506176483258,19.6487265472414));
#8857=CARTESIAN_POINT('Ctrl Pts',(-115.849102181021,100.506176483927,19.1487265473627));
#8858=CARTESIAN_POINT('Ctrl Pts',(-115.601499141331,101.259729905421,19.6487265473627));
#8859=CARTESIAN_POINT('Ctrl Pts',(-116.068639900169,101.081461816767,19.6487265473627));
#8860=CARTESIAN_POINT('Ctrl Pts',(-116.068639900169,101.081461816767,19.1487265473627));
#8861=CARTESIAN_POINT('Ctrl Pts',(-115.5853736853,101.217309409473,19.6487265473627));
#8862=CARTESIAN_POINT('Ctrl Pts',(-115.606613092112,101.2093947103,19.6487265473623));
#8863=CARTESIAN_POINT('Ctrl Pts',(-115.627730355658,101.201196224989,19.647181296808));
#8864=CARTESIAN_POINT('Ctrl Pts',(-115.648502953692,101.192816648936,19.6441204351706));
#8865=CARTESIAN_POINT('Ctrl Pts',(-115.670124343368,101.184094674012,19.6409345032956));
#8866=CARTESIAN_POINT('Ctrl Pts',(-115.691371672288,101.175176774442,19.6361075359973));
#8867=CARTESIAN_POINT('Ctrl Pts',(-115.712027635995,101.166165486869,19.6297172144259));
#8868=CARTESIAN_POINT('Ctrl Pts',(-115.734706746496,101.156271589422,19.6227009932948));
#8869=CARTESIAN_POINT('Ctrl Pts',(-115.756672471445,101.146265337426,19.6138012724286));
#8870=CARTESIAN_POINT('Ctrl Pts',(-115.777687531206,101.136262314799,19.6031565802356));
#8871=CARTESIAN_POINT('Ctrl Pts',(-115.800560916809,101.125374741964,19.5915705960926));
#8872=CARTESIAN_POINT('Ctrl Pts',(-115.8223086218,101.114490825268,19.5779186124678));
#8873=CARTESIAN_POINT('Ctrl Pts',(-115.842682112115,101.103736066278,19.5623992155204));
#8874=CARTESIAN_POINT('Ctrl Pts',(-115.86644979243,101.091189582118,19.5442943125496));
#8875=CARTESIAN_POINT('Ctrl Pts',(-115.888348918215,101.078818339688,19.5236477910253));
#8876=CARTESIAN_POINT('Ctrl Pts',(-115.908042750247,101.066796137485,19.5007876722556));
#8877=CARTESIAN_POINT('Ctrl Pts',(-115.924222792208,101.056918946709,19.4820062750999));
#8878=CARTESIAN_POINT('Ctrl Pts',(-115.938899735051,101.047282677964,19.4617433486089));
#8879=CARTESIAN_POINT('Ctrl Pts',(-115.951896498047,101.038023492189,19.4402504542693));
#8880=CARTESIAN_POINT('Ctrl Pts',(-115.964668948483,101.028924111719,19.4191285081548));
#8881=CARTESIAN_POINT('Ctrl Pts',(-115.975818448521,101.020188980599,19.396818564153));
#8882=CARTESIAN_POINT('Ctrl Pts',(-115.985209848095,101.011932781164,19.3735958385137));
#8883=CARTESIAN_POINT('Ctrl Pts',(-115.994041414879,101.004168743854,19.3517574478948));
#8884=CARTESIAN_POINT('Ctrl Pts',(-116.001317956516,100.996828304464,19.3291121525177));
#8885=CARTESIAN_POINT('Ctrl Pts',(-116.006960220697,100.98999297751,19.3059198076641));
#8886=CARTESIAN_POINT('Ctrl Pts',(-116.012451062053,100.983341091899,19.2833498814459));
#8887=CARTESIAN_POINT('Ctrl Pts',(-116.016393638059,100.97716773572,19.2602622871779));
#8888=CARTESIAN_POINT('Ctrl Pts',(-116.018753585467,100.971532666565,19.2369219623265));
#8889=CARTESIAN_POINT('Ctrl Pts',(-116.021041699135,100.966069121609,19.2142920866985));
#8890=CARTESIAN_POINT('Ctrl Pts',(-116.021841690353,100.961111700087,19.1914253363359));
#8891=CARTESIAN_POINT('Ctrl Pts',(-116.021165738981,100.956698217608,19.1685792192591));
#8892=CARTESIAN_POINT('Ctrl Pts',(-116.020969828171,100.955419059134,19.161957735118));
#8893=CARTESIAN_POINT('Ctrl Pts',(-116.020650240932,100.95418547752,19.1553380500545));
#8894=CARTESIAN_POINT('Ctrl Pts',(-116.020208044422,100.952998105052,19.1487265473628));
#8895=CARTESIAN_POINT('Ctrl Pts',(-122.388530487297,109.347792826781,15.2397771899898));
#8896=CARTESIAN_POINT('Ctrl Pts',(-122.528140522623,109.457897167903,15.9060244904074));
#8897=CARTESIAN_POINT('Ctrl Pts',(-122.078685625037,109.938139596669,15.6990161793818));
#8898=CARTESIAN_POINT('Ctrl Pts',(-121.625371957105,108.745557679953,15.5039343914536));
#8899=CARTESIAN_POINT('Ctrl Pts',(-121.771350788874,108.869048491415,16.1666995299193));
#8900=CARTESIAN_POINT('Ctrl Pts',(-121.300785179471,109.330108322205,15.9606639567861));
#8901=CARTESIAN_POINT('Ctrl Pts',(-120.214079779617,107.493338567865,16.0860352595102));
#8902=CARTESIAN_POINT('Ctrl Pts',(-120.384004593527,107.660996371245,16.7294215302304));
#8903=CARTESIAN_POINT('Ctrl Pts',(-119.859375048716,108.062707548844,16.5375666293642));
#8904=CARTESIAN_POINT('Ctrl Pts',(-118.722661951107,105.782742580586,16.9243572605568));
#8905=CARTESIAN_POINT('Ctrl Pts',(-118.878129874332,105.978563380661,17.5325172683236));
#8906=CARTESIAN_POINT('Ctrl Pts',(-118.330505610489,106.308659448632,17.3762938027987));
#8907=CARTESIAN_POINT('Ctrl Pts',(-117.701094151643,104.326927786965,17.6191392541603));
#8908=CARTESIAN_POINT('Ctrl Pts',(-117.829380252845,104.524655799353,18.2035618288154));
#8909=CARTESIAN_POINT('Ctrl Pts',(-117.281079055837,104.807798939481,18.0736080595833));
#8910=CARTESIAN_POINT('Ctrl Pts',(-116.785157052999,102.790301942014,18.3347556600246));
#8911=CARTESIAN_POINT('Ctrl Pts',(-116.896661941954,103.005979952802,18.8868858417876));
#8912=CARTESIAN_POINT('Ctrl Pts',(-116.339073397477,103.221155801817,18.7921081132916));
#8913=CARTESIAN_POINT('Ctrl Pts',(-116.241361685232,101.577307862876,18.876918838646));
#8914=CARTESIAN_POINT('Ctrl Pts',(-116.328094713997,101.786792174729,19.4141365772795));
#8915=CARTESIAN_POINT('Ctrl Pts',(-115.779167275344,101.967719991153,19.3362624163739));
#8916=CARTESIAN_POINT('Ctrl Pts',(-115.940247760784,100.733724514535,19.2443992429543));
#8917=CARTESIAN_POINT('Ctrl Pts',(-116.011330393886,100.932695925924,19.7744623384275));
#8918=CARTESIAN_POINT('Ctrl Pts',(-115.469243210928,101.096740542339,19.7048897819595));
#8919=CARTESIAN_POINT('Ctrl Pts',(-121.963155085921,109.84715332015,15.7382883441578));
#8920=CARTESIAN_POINT('Ctrl Pts',(-121.229300169075,109.266732434545,15.9895621580977));
#8921=CARTESIAN_POINT('Ctrl Pts',(-119.835438893595,108.032894713004,16.5518658675463));
#8922=CARTESIAN_POINT('Ctrl Pts',(-118.050818078659,105.989367470771,17.5292063535417));
#8923=CARTESIAN_POINT('Ctrl Pts',(-116.56708065033,103.70831834937,18.579505150342));
#8924=CARTESIAN_POINT('Ctrl Pts',(-115.825944385782,102.075799635732,19.2895409418829));
#8925=CARTESIAN_POINT('Ctrl Pts',(-115.51711772453,101.229273101786,19.6487265473627));
#8926=CARTESIAN_POINT('Ctrl Pts',(-121.963155085922,101.229273098268,19.6487265488555));
#8927=CARTESIAN_POINT('Ctrl Pts',(-75.1631550859216,101.229273098268,19.6487265488555));
#8928=CARTESIAN_POINT('Ctrl Pts',(-121.963155085922,102.622778474504,19.0574549794506));
#8929=CARTESIAN_POINT('Ctrl Pts',(-75.1631550859216,102.622778474504,19.0574549794506));
#8930=CARTESIAN_POINT('Ctrl Pts',(-121.963155085922,104.890081651931,18.0482514338437));
#8931=CARTESIAN_POINT('Ctrl Pts',(-75.1631550859216,104.890081651931,18.0482514338437));
#8932=CARTESIAN_POINT('Ctrl Pts',(-121.963155085922,107.346601456978,16.879647890921));
#8933=CARTESIAN_POINT('Ctrl Pts',(-75.1631550859215,107.346601456978,16.879647890921));
#8934=CARTESIAN_POINT('Ctrl Pts',(-121.963155085922,109.473522948426,15.8815614000285));
#8935=CARTESIAN_POINT('Ctrl Pts',(-75.1631550859215,109.473522948426,15.8815614000285));
#8936=CARTESIAN_POINT('Ctrl Pts',(-121.963155085922,111.483221892804,15.0459637794944));
#8937=CARTESIAN_POINT('Ctrl Pts',(-75.1631550859216,111.483221892804,15.0459637794944));
#8938=CARTESIAN_POINT('Ctrl Pts',(-121.963155085922,113.541465189364,14.2884563276138));
#8939=CARTESIAN_POINT('Ctrl Pts',(-75.1631550859215,113.541465189364,14.2884563276138));
#8940=CARTESIAN_POINT('Ctrl Pts',(-121.963155085922,115.385285565305,13.6522351530705));
#8941=CARTESIAN_POINT('Ctrl Pts',(-75.1631550859215,115.385285565305,13.6522351530705));
#8942=CARTESIAN_POINT('Ctrl Pts',(-121.963155085922,117.6141788553,12.9332671400935));
#8943=CARTESIAN_POINT('Ctrl Pts',(-75.1631550859216,117.6141788553,12.9332671400935));
#8944=CARTESIAN_POINT('Ctrl Pts',(-121.963155085922,121.319836125381,11.9399488686858));
#8945=CARTESIAN_POINT('Ctrl Pts',(-75.1631550859216,121.319836125381,11.9399488686858));
#8946=CARTESIAN_POINT('Ctrl Pts',(-121.963155085922,127.724402107158,10.7603410306716));
#8947=CARTESIAN_POINT('Ctrl Pts',(-75.1631550859215,127.724402107158,10.7603410306716));
#8948=CARTESIAN_POINT('Ctrl Pts',(-121.963155085922,135.592514036485,10.1607791516724));
#8949=CARTESIAN_POINT('Ctrl Pts',(-75.1631550859216,135.592514036485,10.1607791516724));
#8950=CARTESIAN_POINT('Ctrl Pts',(-121.963155085922,140.425901816992,10.0163097599404));
#8951=CARTESIAN_POINT('Ctrl Pts',(-75.1631550859216,140.425901816992,10.0163097599404));
#8952=CARTESIAN_POINT('Ctrl Pts',(-89.409191046852,101.229272842236,19.6487264549307));
#8953=CARTESIAN_POINT('Ctrl Pts',(-89.340895987766,101.416452730553,19.5693038651435));
#8954=CARTESIAN_POINT('Ctrl Pts',(-89.2693887590085,101.60253402623,19.4899174788103));
#8955=CARTESIAN_POINT('Ctrl Pts',(-89.1947959583354,101.787315485196,19.4106488474304));
#8956=CARTESIAN_POINT('Ctrl Pts',(-89.1175395847992,101.978695153042,19.328549677801));
#8957=CARTESIAN_POINT('Ctrl Pts',(-89.0369731354468,102.168681821463,19.2465763189484));
#8958=CARTESIAN_POINT('Ctrl Pts',(-88.9531832645459,102.357050366515,19.1648136539824));
#8959=CARTESIAN_POINT('Ctrl Pts',(-88.9417293288647,102.382800032629,19.1536368339733));
#8960=CARTESIAN_POINT('Ctrl Pts',(-88.9302150821488,102.408519440983,19.1424639496875));
#8961=CARTESIAN_POINT('Ctrl Pts',(-88.9186406745012,102.434207992266,19.1312952184501));
#8962=CARTESIAN_POINT('Ctrl Pts',(-88.9111105004613,102.45092066283,19.1240289727309));
#8963=CARTESIAN_POINT('Ctrl Pts',(-88.9035548620668,102.467620272505,19.1167644848743));
#8964=CARTESIAN_POINT('Ctrl Pts',(-88.8959736462485,102.484307111242,19.1095016296672));
#8965=CARTESIAN_POINT('Ctrl Pts',(-88.7149059909351,102.88285093813,18.9360376108682));
#8966=CARTESIAN_POINT('Ctrl Pts',(-88.51941199806,103.273876500655,18.7636065087908));
#8967=CARTESIAN_POINT('Ctrl Pts',(-88.3093917897621,103.658132040207,18.5919004868429));
#8968=CARTESIAN_POINT('Ctrl Pts',(-88.3027598974061,103.670265831503,18.5864784569169));
#8969=CARTESIAN_POINT('Ctrl Pts',(-88.2961135198419,103.682392870478,18.5810571506823));
#8970=CARTESIAN_POINT('Ctrl Pts',(-88.2894526942628,103.694513104651,18.5756366012944));
#8971=CARTESIAN_POINT('Ctrl Pts',(-88.0763853430608,104.082216724968,18.4022433655126));
#8972=CARTESIAN_POINT('Ctrl Pts',(-87.8485098404037,104.463041940178,18.2295867243622));
#8973=CARTESIAN_POINT('Ctrl Pts',(-87.6071096974759,104.835258703073,18.0587545456663));
#8974=CARTESIAN_POINT('Ctrl Pts',(-87.601977378183,104.843172266214,18.0551225458011));
#8975=CARTESIAN_POINT('Ctrl Pts',(-87.596838945596,104.851081938091,18.0514913706872));
#8976=CARTESIAN_POINT('Ctrl Pts',(-87.5916944211277,104.858987702196,18.0478610352448));
#8977=CARTESIAN_POINT('Ctrl Pts',(-87.3940586571696,105.162701240397,17.908395449456));
#8978=CARTESIAN_POINT('Ctrl Pts',(-87.1874275558927,105.460653655926,17.7701665955049));
#8979=CARTESIAN_POINT('Ctrl Pts',(-86.972871044126,105.752073665477,17.6339425367622));
#8980=CARTESIAN_POINT('Ctrl Pts',(-86.9223220671003,105.820731490151,17.6018484895621));
#8981=CARTESIAN_POINT('Ctrl Pts',(-86.8713330372228,105.889026561151,17.5698657832793));
#8982=CARTESIAN_POINT('Ctrl Pts',(-86.8199177048581,105.956948468616,17.5380045944072));
#8983=CARTESIAN_POINT('Ctrl Pts',(-86.8166928393775,105.961208657254,17.536006201254));
#8984=CARTESIAN_POINT('Ctrl Pts',(-86.8134662967848,105.96546737781,17.5340082861747));
#8985=CARTESIAN_POINT('Ctrl Pts',(-86.8102380768233,105.969724632379,17.532010850847));
#8986=CARTESIAN_POINT('Ctrl Pts',(-86.4981889343074,106.381243256779,17.3389329352535));
#8987=CARTESIAN_POINT('Ctrl Pts',(-86.1705020544139,106.779029428881,17.1503507207908));
#8988=CARTESIAN_POINT('Ctrl Pts',(-85.8272466850936,107.164565585962,16.967991884608));
#8989=CARTESIAN_POINT('Ctrl Pts',(-85.5697764890495,107.453749904162,16.8312075266668));
#8990=CARTESIAN_POINT('Ctrl Pts',(-85.3035465042348,107.73604183373,16.6979253186876));
#8991=CARTESIAN_POINT('Ctrl Pts',(-85.0285765490234,108.012066673577,16.568891306759));
#8992=CARTESIAN_POINT('Ctrl Pts',(-85.0283373920504,108.012306748044,16.5687790785569));
#8993=CARTESIAN_POINT('Ctrl Pts',(-85.0280982284652,108.012546817769,16.5686668535694));
#8994=CARTESIAN_POINT('Ctrl Pts',(-85.0278590582681,108.012786882754,16.5685546317968));
#8995=CARTESIAN_POINT('Ctrl Pts',(-84.7346745003642,108.307068307658,16.4309886173278));
#8996=CARTESIAN_POINT('Ctrl Pts',(-84.4315606357596,108.59423173095,16.2982507445092));
#8997=CARTESIAN_POINT('Ctrl Pts',(-84.1188492396918,108.874654327845,16.1707040742122));
#8998=CARTESIAN_POINT('Ctrl Pts',(-83.8005152924122,109.160118923309,16.0408641146565));
#8999=CARTESIAN_POINT('Ctrl Pts',(-83.4722355980369,109.43859836782,15.9164039584521));
#9000=CARTESIAN_POINT('Ctrl Pts',(-83.1343998587916,109.710522750646,15.7976898918987));
#9001=CARTESIAN_POINT('Ctrl Pts',(-83.0775877650306,109.756250871559,15.7777263596364));
#9002=CARTESIAN_POINT('Ctrl Pts',(-83.0205055208012,109.801793686469,15.7579252807954));
#9003=CARTESIAN_POINT('Ctrl Pts',(-82.9631550859631,109.847153320117,15.7382883441719));
#9004=CARTESIAN_POINT('Ctrl Pts',(-88.9611356775318,100.803086161096,19.2141738636146));
#9005=CARTESIAN_POINT('Ctrl Pts',(-88.8891092469514,101.002020716626,19.7450541183041));
#9006=CARTESIAN_POINT('Ctrl Pts',(-89.4313029056234,101.168319446877,19.6745744920432));
#9007=CARTESIAN_POINT('Ctrl Pts',(-88.8118645486021,101.215659573084,19.0342003451954));
#9008=CARTESIAN_POINT('Ctrl Pts',(-88.7331150276085,101.417102209764,19.5697099125801));
#9009=CARTESIAN_POINT('Ctrl Pts',(-89.2776610645494,101.594308364373,19.4940346908613));
#9010=CARTESIAN_POINT('Ctrl Pts',(-88.4783800103264,102.036722762135,18.6715607000613));
#9011=CARTESIAN_POINT('Ctrl Pts',(-88.3851141242956,102.242829312893,19.2167481492137));
#9012=CARTESIAN_POINT('Ctrl Pts',(-88.9343669919555,102.442381194106,19.1301693575059));
#9013=CARTESIAN_POINT('Ctrl Pts',(-87.8864227128747,103.220646779302,18.1345603589574));
#9014=CARTESIAN_POINT('Ctrl Pts',(-87.7748382194842,103.423787705657,18.6989357708351));
#9015=CARTESIAN_POINT('Ctrl Pts',(-88.3251391362066,103.665478295871,18.5911147551985));
#9016=CARTESIAN_POINT('Ctrl Pts',(-87.2021653700515,104.362550416998,17.602354809144));
#9017=CARTESIAN_POINT('Ctrl Pts',(-87.0733714437106,104.560064991334,18.187262540148));
#9018=CARTESIAN_POINT('Ctrl Pts',(-87.6214354617592,104.844501641118,18.0567728548943));
#9019=CARTESIAN_POINT('Ctrl Pts',(-86.1772056112398,105.815796633817,16.9082545206158));
#9020=CARTESIAN_POINT('Ctrl Pts',(-86.0214849559391,106.01103525147,17.5169973507747));
#9021=CARTESIAN_POINT('Ctrl Pts',(-86.5685708447099,106.342596288,17.3601672900267));
#9022=CARTESIAN_POINT('Ctrl Pts',(-84.7083916225799,107.492463636759,16.0867790567332));
#9023=CARTESIAN_POINT('Ctrl Pts',(-84.5397794386915,107.658887351777,16.7303087594446));
#9024=CARTESIAN_POINT('Ctrl Pts',(-85.0629802027099,108.061494257574,16.5384163923665));
#9025=CARTESIAN_POINT('Ctrl Pts',(-83.3436775974157,108.70726758046,15.5218159876664));
#9026=CARTESIAN_POINT('Ctrl Pts',(-83.197197411695,108.831942038016,16.1838541280862));
#9027=CARTESIAN_POINT('Ctrl Pts',(-83.6691012932486,109.291258743822,15.9784149829981));
#9028=CARTESIAN_POINT('Ctrl Pts',(-82.6096751796362,109.290847618073,15.2648155142188));
#9029=CARTESIAN_POINT('Ctrl Pts',(-82.4695090780593,109.402210985037,15.9305323996806));
#9030=CARTESIAN_POINT('Ctrl Pts',(-82.9208344976362,109.880554047774,15.7238440188665));
#9031=CARTESIAN_POINT('Ctrl Pts',(-89.3409364824558,101.21730941138,19.6487265547046));
#9032=CARTESIAN_POINT('Ctrl Pts',(-89.3193558553579,101.209267592715,19.6487266323418));
#9033=CARTESIAN_POINT('Ctrl Pts',(-89.2978996864763,101.200957699022,19.647127002911));
#9034=CARTESIAN_POINT('Ctrl Pts',(-89.2768040997163,101.192461751969,19.6439651768992));
#9035=CARTESIAN_POINT('Ctrl Pts',(-89.2547948907903,101.183597856604,19.6406664163539));
#9036=CARTESIAN_POINT('Ctrl Pts',(-89.2331786528574,101.174531971687,19.6356680929552));
#9037=CARTESIAN_POINT('Ctrl Pts',(-89.2121835523654,101.165360551667,19.6290537506911));
#9038=CARTESIAN_POINT('Ctrl Pts',(-89.1890929411492,101.155273736695,19.6217792341566));
#9039=CARTESIAN_POINT('Ctrl Pts',(-89.1667539632753,101.145059742029,19.6125509299547));
#9040=CARTESIAN_POINT('Ctrl Pts',(-89.1454151409906,101.134842254577,19.6015139211373));
#9041=CARTESIAN_POINT('Ctrl Pts',(-89.1221941500979,101.123723544279,19.5895034044454));
#9042=CARTESIAN_POINT('Ctrl Pts',(-89.1001568518431,101.112600781848,19.5753519180678));
#9043=CARTESIAN_POINT('Ctrl Pts',(-89.0795638819489,101.101622808248,19.5592686661368));
#9044=CARTESIAN_POINT('Ctrl Pts',(-89.0573607662649,101.089786476769,19.5419278792064));
#9045=CARTESIAN_POINT('Ctrl Pts',(-89.0368352292834,101.078117724174,19.5223410471637));
#9046=CARTESIAN_POINT('Ctrl Pts',(-89.0182657560533,101.06679615331,19.5007890989934));
#9047=CARTESIAN_POINT('Ctrl Pts',(-89.0017145220795,101.056705077165,19.4815795429473));
#9048=CARTESIAN_POINT('Ctrl Pts',(-88.9867292898018,101.046899066996,19.4608205263237));
#9049=CARTESIAN_POINT('Ctrl Pts',(-88.9735052767629,101.037485654787,19.4387830285742));
#9050=CARTESIAN_POINT('Ctrl Pts',(-88.9608711672017,101.028492160842,19.4177285906964));
#9051=CARTESIAN_POINT('Ctrl Pts',(-88.9498448957241,101.019857072794,19.3955070130534));
#9052=CARTESIAN_POINT('Ctrl Pts',(-88.9405628428789,101.011677954983,19.37238844356));
#9053=CARTESIAN_POINT('Ctrl Pts',(-88.9318513872834,101.004001633505,19.3506910459116));
#9054=CARTESIAN_POINT('Ctrl Pts',(-88.9246766700939,100.996727209455,19.3282037555082));
#9055=CARTESIAN_POINT('Ctrl Pts',(-88.9191163500308,100.989936385247,19.3051800619504));
#9056=CARTESIAN_POINT('Ctrl Pts',(-88.91372253378,100.983348912305,19.282845813012));
#9057=CARTESIAN_POINT('Ctrl Pts',(-88.9098484188791,100.977216907064,19.260007194993));
#9058=CARTESIAN_POINT('Ctrl Pts',(-88.9075237522188,100.971611148355,19.2369208297069));
#9059=CARTESIAN_POINT('Ctrl Pts',(-88.9052736267317,100.966185140077,19.2145747360394));
#9060=CARTESIAN_POINT('Ctrl Pts',(-88.9044754830643,100.961252606332,19.1919972168388));
#9061=CARTESIAN_POINT('Ctrl Pts',(-88.9051109296861,100.956868006183,19.1694370536763));
#9062=CARTESIAN_POINT('Ctrl Pts',(-88.9053054950597,100.955525499454,19.1625294292993));
#9063=CARTESIAN_POINT('Ctrl Pts',(-88.9056341145205,100.954234265605,19.1556235067263));
#9064=CARTESIAN_POINT('Ctrl Pts',(-88.9060953217537,100.952995578287,19.1487265673449));
#9065=CARTESIAN_POINT('Ctrl Pts',(-89.3248092564835,101.259734554154,19.6487265473627));
#9066=CARTESIAN_POINT('Ctrl Pts',(-88.8576685481864,101.081466333061,19.6487265473627));
#9067=CARTESIAN_POINT('Ctrl Pts',(-88.8576685481864,101.081466333061,19.1487265473627));
#9068=CARTESIAN_POINT('Ctrl Pts',(-89.5508076387386,100.667519947686,19.6487265473627));
#9069=CARTESIAN_POINT('Ctrl Pts',(-89.0772284169813,100.506123446369,19.6487265472741));
#9070=CARTESIAN_POINT('Ctrl Pts',(-89.0772284174538,100.506123446851,19.1487265473627));
#9071=CARTESIAN_POINT('Ctrl Pts',(-89.8412614664971,99.7617673138667,19.6487265473627));
#9072=CARTESIAN_POINT('Ctrl Pts',(-89.3594558558354,99.6260855722894,19.6487265473827));
#9073=CARTESIAN_POINT('Ctrl Pts',(-89.3594558557288,99.6260855721808,19.1487265473627));
#9074=CARTESIAN_POINT('Ctrl Pts',(-90.1326269871125,98.5214140405362,19.6487265473627));
#9075=CARTESIAN_POINT('Ctrl Pts',(-89.6428106055474,98.4198892071479,19.648726547359));
#9076=CARTESIAN_POINT('Ctrl Pts',(-89.6428106055675,98.4198892071684,19.1487265473627));
#9077=CARTESIAN_POINT('Ctrl Pts',(-90.3039841700752,97.5715623850442,19.6487265473627));
#9078=CARTESIAN_POINT('Ctrl Pts',(-89.8095904651925,97.4954730558694,19.6487265473637));
#9079=CARTESIAN_POINT('Ctrl Pts',(-89.8095904651871,97.495473055864,19.1487265473627));
#9080=CARTESIAN_POINT('Ctrl Pts',(-90.4264046659339,96.6173435728882,19.6487265473627));
#9081=CARTESIAN_POINT('Ctrl Pts',(-89.9288593802242,96.5658947386659,19.6487265473625));
#9082=CARTESIAN_POINT('Ctrl Pts',(-89.9288593802256,96.5658947386674,19.1487265473627));
#9083=CARTESIAN_POINT('Ctrl Pts',(-90.5020080655957,95.6630580567917,19.6487265473627));
#9084=CARTESIAN_POINT('Ctrl Pts',(-90.002602869974,95.6353250539024,19.6487265473628));
#9085=CARTESIAN_POINT('Ctrl Pts',(-90.0026028699737,95.6353250539022,19.1487265473627));
#9086=CARTESIAN_POINT('Ctrl Pts',(-90.5281383074607,94.8668523062009,19.6487265473627));
#9087=CARTESIAN_POINT('Ctrl Pts',(-90.0281197783289,94.8577699241947,19.6487265473627));
#9088=CARTESIAN_POINT('Ctrl Pts',(-90.0281197783287,94.8577699241945,19.1487265473627));
#9089=CARTESIAN_POINT('Ctrl Pts',(-90.5279206777466,94.309164068406,19.6487265473627));
#9090=CARTESIAN_POINT('Ctrl Pts',(-90.0279189034314,94.3131138278818,19.6487265473627));
#9091=CARTESIAN_POINT('Ctrl Pts',(-90.0279189034316,94.3131138278821,19.1487265473627));
#9092=CARTESIAN_POINT('Ctrl Pts',(-90.5227658416979,93.9903772979912,19.6487265473627));
#9093=CARTESIAN_POINT('Ctrl Pts',(-90.0228633443043,94.0009127723734,19.6487265473627));
#9094=CARTESIAN_POINT('Ctrl Pts',(-90.0228633443038,94.0009127723729,19.1487265473627));
#9095=CARTESIAN_POINT('Ctrl Pts',(-90.5182906197047,93.8309450603065,19.6487265473627));
#9096=CARTESIAN_POINT('Ctrl Pts',(-90.0185197761169,93.8460812388383,19.6487265473627));
#9097=CARTESIAN_POINT('Ctrl Pts',(-90.0185197761179,93.8460812388394,19.1487265473627));
#9098=CARTESIAN_POINT('Ctrl Pts',(-90.5158762063557,93.751225242417,19.6487265473627));
#9099=CARTESIAN_POINT('Ctrl Pts',(-90.016105362769,93.7663614209499,19.6487265473627));
#9100=CARTESIAN_POINT('Ctrl Pts',(-90.016105362769,93.7663614209499,19.1487265473627));
#9101=CARTESIAN_POINT('Origin',(-90.5174272118305,93.8042302286914,19.148701715525));
#9102=CARTESIAN_POINT('Origin',(-90.5174795743194,93.8117355465479,19.1487265473627));
#9103=CARTESIAN_POINT('Origin',(-90.5174270613227,26.1957697367793,19.1487017295474));
#9104=CARTESIAN_POINT('Ctrl Pts',(-90.5158717702335,26.2489212674141,19.6487265473627));
#9105=CARTESIAN_POINT('Ctrl Pts',(-90.0161009266473,26.2337850888643,19.6487265473627));
#9106=CARTESIAN_POINT('Ctrl Pts',(-90.0161009266473,26.2337850888643,19.1487265473627));
#9107=CARTESIAN_POINT('Ctrl Pts',(-90.5182939796133,26.1689440379896,19.6487265473627));
#9108=CARTESIAN_POINT('Ctrl Pts',(-90.0185231360283,26.1538078594398,19.648726547363));
#9109=CARTESIAN_POINT('Ctrl Pts',(-90.0185231360258,26.1538078594398,19.1487265473627));
#9110=CARTESIAN_POINT('Ctrl Pts',(-90.5227821424976,26.0090061192195,19.6487265473627));
#9111=CARTESIAN_POINT('Ctrl Pts',(-90.022879251645,25.9984853357086,19.6487265473626));
#9112=CARTESIAN_POINT('Ctrl Pts',(-90.0228792516461,25.9984853357086,19.1487265473627));
#9113=CARTESIAN_POINT('Ctrl Pts',(-90.5279374523417,25.6893061237501,19.6487265473627));
#9114=CARTESIAN_POINT('Ctrl Pts',(-90.027935316924,25.6853901271511,19.6487265473628));
#9115=CARTESIAN_POINT('Ctrl Pts',(-90.0279353169233,25.6853901271511,19.1487265473627));
#9116=CARTESIAN_POINT('Ctrl Pts',(-90.5281048669075,25.1302462665618,19.6487265473627));
#9117=CARTESIAN_POINT('Ctrl Pts',(-90.0280870724559,25.139396111134,19.6487265473626));
#9118=CARTESIAN_POINT('Ctrl Pts',(-90.0280870724567,25.1393961111341,19.1487265473627));
#9119=CARTESIAN_POINT('Ctrl Pts',(-90.5017909091035,24.3327659923079,19.6487265473627));
#9120=CARTESIAN_POINT('Ctrl Pts',(-90.0023908803183,24.3605996840967,19.6487265473633));
#9121=CARTESIAN_POINT('Ctrl Pts',(-90.0023908803153,24.3605996840962,19.1487265473627));
#9122=CARTESIAN_POINT('Ctrl Pts',(-90.4259267499789,23.3780611512813,19.6487265473627));
#9123=CARTESIAN_POINT('Ctrl Pts',(-89.9283934898204,23.4296265124266,19.6487265473606));
#9124=CARTESIAN_POINT('Ctrl Pts',(-89.9283934898305,23.4296265124285,19.1487265473627));
#9125=CARTESIAN_POINT('Ctrl Pts',(-90.303380650412,22.4246899069938,19.6487265473627));
#9126=CARTESIAN_POINT('Ctrl Pts',(-89.8090028502247,22.5008783864374,19.6487265473703));
#9127=CARTESIAN_POINT('Ctrl Pts',(-89.809002850187,22.5008783864302,19.1487265473626));
#9128=CARTESIAN_POINT('Ctrl Pts',(-90.1321942763364,21.4766311751522,19.6487265473627));
#9129=CARTESIAN_POINT('Ctrl Pts',(-89.6423897130894,21.5782095528844,19.6487265473343));
#9130=CARTESIAN_POINT('Ctrl Pts',(-89.6423897132301,21.5782095529116,19.148726547363));
#9131=CARTESIAN_POINT('Ctrl Pts',(-89.8410667664868,20.2376728749975,19.6487265473627));
#9132=CARTESIAN_POINT('Ctrl Pts',(-89.3592667008028,20.373370681494,19.6487265475133));
#9133=CARTESIAN_POINT('Ctrl Pts',(-89.3592667000561,20.3733706813494,19.148726547361));
#9134=CARTESIAN_POINT('Ctrl Pts',(-89.5507866143406,19.3324254585157,19.6487265473627));
#9135=CARTESIAN_POINT('Ctrl Pts',(-89.0772079888807,19.4938235142995,19.6487265466948));
#9136=CARTESIAN_POINT('Ctrl Pts',(-89.0772079921921,19.4938235149411,19.1487265473704));
#9137=CARTESIAN_POINT('Ctrl Pts',(-89.3248110319083,18.7402700934576,19.6487265473627));
#9138=CARTESIAN_POINT('Ctrl Pts',(-88.8576702730645,18.9185381820963,19.6487265473627));
#9139=CARTESIAN_POINT('Ctrl Pts',(-88.8576702730645,18.9185381820963,19.1487265473627));
#9140=CARTESIAN_POINT('Ctrl Pts',(-89.3409367567705,18.7826913005237,19.6487265473627));
#9141=CARTESIAN_POINT('Ctrl Pts',(-89.3103164912524,18.7941016947254,19.648726547333));
#9142=CARTESIAN_POINT('Ctrl Pts',(-89.279995398777,18.8060566212035,19.6455232718639));
#9143=CARTESIAN_POINT('Ctrl Pts',(-89.219153069276,18.8314048258798,19.6324536213848));
#9144=CARTESIAN_POINT('Ctrl Pts',(-89.1889026648832,18.844763680771,19.6222622920893));
#9145=CARTESIAN_POINT('Ctrl Pts',(-89.1058785466568,18.8836670627182,19.5833454024504));
#9146=CARTESIAN_POINT('Ctrl Pts',(-89.0577479493471,18.9091195552296,19.5466096975206));
#9147=CARTESIAN_POINT('Ctrl Pts',(-88.9790614868728,18.9571238672819,19.4552832021485));
#9148=CARTESIAN_POINT('Ctrl Pts',(-88.9491219269035,18.9792443432006,19.4016778520041));
#9149=CARTESIAN_POINT('Ctrl Pts',(-88.9129220902798,19.0153173174424,19.2912572413652));
#9150=CARTESIAN_POINT('Ctrl Pts',(-88.9045032296321,19.0296765209538,19.2362813054627));
#9151=CARTESIAN_POINT('Ctrl Pts',(-88.9050112736109,19.0431118434969,19.169873597475));
#9152=CARTESIAN_POINT('Ctrl Pts',(-88.905396009103,19.0451042338636,19.1592952024725));
#9153=CARTESIAN_POINT('Ctrl Pts',(-88.9061025064447,19.0470015646482,19.1487309402741));
#9154=CARTESIAN_POINT('Ctrl Pts',(-82.6511784585253,10.7422202147089,15.2794407915623));
#9155=CARTESIAN_POINT('Ctrl Pts',(-82.5107112416338,10.6300650304565,15.9448840720916));
#9156=CARTESIAN_POINT('Ctrl Pts',(-82.9631550859162,10.1528466771753,15.7382883435782));
#9157=CARTESIAN_POINT('Ctrl Pts',(-83.012871330652,11.0310116609543,15.4069016952046));
#9158=CARTESIAN_POINT('Ctrl Pts',(-82.8692832323254,10.9122124367933,16.070456047839));
#9159=CARTESIAN_POINT('Ctrl Pts',(-83.331902020262,10.4444961802328,15.8645482435506));
#9160=CARTESIAN_POINT('Ctrl Pts',(-83.7166661254889,11.6251247147745,15.6758348582671));
#9161=CARTESIAN_POINT('Ctrl Pts',(-83.5663248515643,11.4912771880827,16.3339326962625));
#9162=CARTESIAN_POINT('Ctrl Pts',(-84.0500684974861,11.0452581008034,16.1310559179238));
#9163=CARTESIAN_POINT('Ctrl Pts',(-84.7023977400942,12.561095488312,16.1185187872593));
#9164=CARTESIAN_POINT('Ctrl Pts',(-84.5471107333437,12.4049327458337,16.7632283143759));
#9165=CARTESIAN_POINT('Ctrl Pts',(-85.0577337584418,11.9962209864326,16.5710499232187));
#9166=CARTESIAN_POINT('Ctrl Pts',(-85.6178293616627,13.5456648897108,16.5956376702091));
#9167=CARTESIAN_POINT('Ctrl Pts',(-85.4649762429494,13.3704887168094,17.2219726873874));
#9168=CARTESIAN_POINT('Ctrl Pts',(-85.9951862213535,13.0026136566368,17.0473097345799));
#9169=CARTESIAN_POINT('Ctrl Pts',(-86.4645444014107,14.5881242877797,17.1013614740605));
#9170=CARTESIAN_POINT('Ctrl Pts',(-86.321579434988,14.3992216418321,17.7066710414562));
#9171=CARTESIAN_POINT('Ctrl Pts',(-86.8637212480377,14.0737838920171,17.5539393267079));
#9172=CARTESIAN_POINT('Ctrl Pts',(-87.2268364409087,15.6761318631518,17.620631047601));
#9173=CARTESIAN_POINT('Ctrl Pts',(-87.0987011176907,15.4784823525118,18.2048144606157));
#9174=CARTESIAN_POINT('Ctrl Pts',(-87.6468067027165,15.1954253057076,18.075075427507));
#9175=CARTESIAN_POINT('Ctrl Pts',(-88.1235249487585,17.1797201272286,18.3208616689303));
#9176=CARTESIAN_POINT('Ctrl Pts',(-88.0122365904252,16.9651560445245,18.8737534795852));
#9177=CARTESIAN_POINT('Ctrl Pts',(-88.5690062207169,16.747953604201,18.7781310325817));
#9178=CARTESIAN_POINT('Ctrl Pts',(-88.6626904617481,18.3720460491464,18.8543935536826));
#9179=CARTESIAN_POINT('Ctrl Pts',(-88.5753961797737,18.1630956628629,19.3923710884927));
#9180=CARTESIAN_POINT('Ctrl Pts',(-89.1241254528116,17.9800059917147,19.3136230479225));
#9181=CARTESIAN_POINT('Ctrl Pts',(-88.9611112983468,19.1968464574231,19.2141895597836));
#9182=CARTESIAN_POINT('Ctrl Pts',(-88.8891350227585,18.9979124212877,19.7450258546804));
#9183=CARTESIAN_POINT('Ctrl Pts',(-89.4312832227796,18.831625975572,19.6745513618088));
#9184=CARTESIAN_POINT('Ctrl Pts',(-82.9631550859671,10.1528466772155,15.7382883435957));
#9185=CARTESIAN_POINT('Ctrl Pts',(-83.3308232957697,10.4436429954286,15.8641788857193));
#9186=CARTESIAN_POINT('Ctrl Pts',(-83.6887883284996,10.7430479964324,15.9969920945465));
#9187=CARTESIAN_POINT('Ctrl Pts',(-84.0350432825806,11.0505173073054,16.1363812037384));
#9188=CARTESIAN_POINT('Ctrl Pts',(-84.0361859538159,11.0515319825704,16.13684119983));
#9189=CARTESIAN_POINT('Ctrl Pts',(-84.03732849761,11.0525467456755,16.1373012675372));
#9190=CARTESIAN_POINT('Ctrl Pts',(-84.0384709138901,11.0535615965994,16.1377614068465));
#9191=CARTESIAN_POINT('Ctrl Pts',(-84.3835061945423,11.3600692851503,16.2767337748971));
#9192=CARTESIAN_POINT('Ctrl Pts',(-84.716906443513,11.6745908707608,16.4222389415224));
#9193=CARTESIAN_POINT('Ctrl Pts',(-85.0384726972357,11.9978566712937,16.5735356923771));
#9194=CARTESIAN_POINT('Ctrl Pts',(-85.0409930538717,12.0003903485566,16.57472151883));
#9195=CARTESIAN_POINT('Ctrl Pts',(-85.0435126836641,12.0029245631295,16.5759077011486));
#9196=CARTESIAN_POINT('Ctrl Pts',(-85.0460315865865,12.0054593154034,16.5770942389955));
#9197=CARTESIAN_POINT('Ctrl Pts',(-85.3659575574753,12.3273983131178,16.7277964630854));
#9198=CARTESIAN_POINT('Ctrl Pts',(-85.6741572691587,12.658013241703,16.8842331883321));
#9199=CARTESIAN_POINT('Ctrl Pts',(-85.9708895959517,12.9986921326339,17.0454083975873));
#9200=CARTESIAN_POINT('Ctrl Pts',(-85.9751613401621,13.003596529454,17.0477286680966));
#9201=CARTESIAN_POINT('Ctrl Pts',(-85.9794306976472,13.0085030033151,17.0500499168918));
#9202=CARTESIAN_POINT('Ctrl Pts',(-85.9836976703964,13.0134115597143,17.0523721416752));
#9203=CARTESIAN_POINT('Ctrl Pts',(-86.2060757081392,13.2692264440279,17.1733974729527));
#9204=CARTESIAN_POINT('Ctrl Pts',(-86.4219790793843,13.5306944396956,17.2970718775402));
#9205=CARTESIAN_POINT('Ctrl Pts',(-86.6304767230297,13.7970243556036,17.4224119404858));
#9206=CARTESIAN_POINT('Ctrl Pts',(-86.6980665890851,13.8833620380255,17.4630441410121));
#9207=CARTESIAN_POINT('Ctrl Pts',(-86.7648779368371,13.9702109495398,17.5038515379258));
#9208=CARTESIAN_POINT('Ctrl Pts',(-86.8308782313993,14.0575448915286,17.5448009785405));
#9209=CARTESIAN_POINT('Ctrl Pts',(-86.8370850929903,14.0657580319959,17.5486519842339));
#9210=CARTESIAN_POINT('Ctrl Pts',(-86.8432847983619,14.0739754770326,17.5525042531402));
#9211=CARTESIAN_POINT('Ctrl Pts',(-86.8494773170948,14.0821972011921,17.5563577559438));
#9212=CARTESIAN_POINT('Ctrl Pts',(-87.1161538526356,14.4362600647166,17.7223061885086));
#9213=CARTESIAN_POINT('Ctrl Pts',(-87.3695060525208,14.7982574650867,17.8905429474842));
#9214=CARTESIAN_POINT('Ctrl Pts',(-87.6086812489485,15.1671638723962,18.0598655559848));
#9215=CARTESIAN_POINT('Ctrl Pts',(-87.6163242955225,15.1789525900166,18.0652764037739));
#9216=CARTESIAN_POINT('Ctrl Pts',(-87.6239528947656,15.1907484144764,18.0706883833632));
#9217=CARTESIAN_POINT('Ctrl Pts',(-87.6315670178152,15.2025513118897,18.0761014551184));
#9218=CARTESIAN_POINT('Ctrl Pts',(-87.8677558724415,15.5686752638056,18.2440140577313));
#9219=CARTESIAN_POINT('Ctrl Pts',(-88.0900179962344,15.9416033290645,18.4129774107385));
#9220=CARTESIAN_POINT('Ctrl Pts',(-88.2984217912769,16.3218228914224,18.5829425769394));
#9221=CARTESIAN_POINT('Ctrl Pts',(-88.3067315468386,16.3369835156439,18.5897196559501));
#9222=CARTESIAN_POINT('Ctrl Pts',(-88.3150192481114,16.352155716177,18.5964983194452));
#9223=CARTESIAN_POINT('Ctrl Pts',(-88.3232848953729,16.3673395193277,18.6032785620504));
#9224=CARTESIAN_POINT('Ctrl Pts',(-88.6173708624451,16.9075686498678,18.8445148670203));
#9225=CARTESIAN_POINT('Ctrl Pts',(-88.8835429017044,17.4624837913657,19.0877498277788));
#9226=CARTESIAN_POINT('Ctrl Pts',(-89.120899855317,18.0323409987285,19.3331274479977));
#9227=CARTESIAN_POINT('Ctrl Pts',(-89.2222789842096,18.2757365529615,19.4379323378858));
#9228=CARTESIAN_POINT('Ctrl Pts',(-89.3184008217578,18.5218582067026,19.5431281581784));
#9229=CARTESIAN_POINT('Ctrl Pts',(-89.4091924487081,18.7707269812245,19.6487263490919));
#9230=CARTESIAN_POINT('Ctrl Pts',(-121.963155085637,18.7707269017155,19.6487265488556));
#9231=CARTESIAN_POINT('Ctrl Pts',(-75.1631550851312,18.7707269001319,19.6487265488556));
#9232=CARTESIAN_POINT('Ctrl Pts',(-121.963155085684,17.3772215254887,19.0574549794544));
#9233=CARTESIAN_POINT('Ctrl Pts',(-75.1631550851783,17.3772215239051,19.0574549794544));
#9234=CARTESIAN_POINT('Ctrl Pts',(-121.963155085761,15.1099183480728,18.0482514338528));
#9235=CARTESIAN_POINT('Ctrl Pts',(-75.1631550852551,15.1099183464892,18.0482514338528));
#9236=CARTESIAN_POINT('Ctrl Pts',(-121.963155085844,12.653398543034,16.8796478909349));
#9237=CARTESIAN_POINT('Ctrl Pts',(-75.1631550853382,12.6533985414504,16.8796478909349));
#9238=CARTESIAN_POINT('Ctrl Pts',(-121.963155085916,10.526477051598,15.8815614000471));
#9239=CARTESIAN_POINT('Ctrl Pts',(-75.1631550854102,10.5264770500144,15.8815614000471));
#9240=CARTESIAN_POINT('Ctrl Pts',(-121.963155085984,8.51677810724293,15.0459637795199));
#9241=CARTESIAN_POINT('Ctrl Pts',(-75.1631550854781,8.5167781056593,15.0459637795199));
#9242=CARTESIAN_POINT('Ctrl Pts',(-121.963155086054,6.45853481071587,14.288456327648));
#9243=CARTESIAN_POINT('Ctrl Pts',(-75.1631550855478,6.45853480913224,14.288456327648));
#9244=CARTESIAN_POINT('Ctrl Pts',(-121.963155086116,4.61471443480641,13.6522351531141));
#9245=CARTESIAN_POINT('Ctrl Pts',(-75.1631550856102,4.61471443322278,13.6522351531141));
#9246=CARTESIAN_POINT('Ctrl Pts',(-121.963155086191,2.38582114485673,12.9332671401457));
#9247=CARTESIAN_POINT('Ctrl Pts',(-75.1631550856856,2.3858211432731,12.9332671401457));
#9248=CARTESIAN_POINT('Ctrl Pts',(-121.963155086317,-1.31983612513821,11.9399488687445));
#9249=CARTESIAN_POINT('Ctrl Pts',(-75.1631550858109,-1.31983612672184,11.9399488687445));
#9250=CARTESIAN_POINT('Ctrl Pts',(-121.963155086533,-7.72440210675468,10.7603410307278));
#9251=CARTESIAN_POINT('Ctrl Pts',(-75.1631550860277,-7.72440210833831,10.7603410307278));
#9252=CARTESIAN_POINT('Ctrl Pts',(-121.9631550868,-15.5925140358806,10.1607791517095));
#9253=CARTESIAN_POINT('Ctrl Pts',(-75.163155086294,-15.5925140374642,10.1607791517095));
#9254=CARTESIAN_POINT('Ctrl Pts',(-121.963155086963,-20.4259018162639,10.0163097599625));
#9255=CARTESIAN_POINT('Ctrl Pts',(-75.1631550864575,-20.4259018178475,10.0163097599625));
#9256=UNCERTAINTY_MEASURE_WITH_UNIT(LENGTH_MEASURE(0.01),#9260,
'DISTANCE_ACCURACY_VALUE',
'Maximum model space distance between geometric entities at asserted c
onnectivities');
#9257=UNCERTAINTY_MEASURE_WITH_UNIT(LENGTH_MEASURE(0.01),#9260,
'DISTANCE_ACCURACY_VALUE',
'Maximum model space distance between geometric entities at asserted c
onnectivities');
#9258=(
GEOMETRIC_REPRESENTATION_CONTEXT(3)
GLOBAL_UNCERTAINTY_ASSIGNED_CONTEXT((#9256))
GLOBAL_UNIT_ASSIGNED_CONTEXT((#9260,#9262,#9263))
REPRESENTATION_CONTEXT('','3D')
);
#9259=(
GEOMETRIC_REPRESENTATION_CONTEXT(3)
GLOBAL_UNCERTAINTY_ASSIGNED_CONTEXT((#9257))
GLOBAL_UNIT_ASSIGNED_CONTEXT((#9260,#9262,#9263))
REPRESENTATION_CONTEXT('','3D')
);
#9260=(
LENGTH_UNIT()
NAMED_UNIT(*)
SI_UNIT(.MILLI.,.METRE.)
);
#9261=(
LENGTH_UNIT()
NAMED_UNIT(*)
SI_UNIT($,.METRE.)
);
#9262=(
NAMED_UNIT(*)
PLANE_ANGLE_UNIT()
SI_UNIT($,.RADIAN.)
);
#9263=(
NAMED_UNIT(*)
SI_UNIT($,.STERADIAN.)
SOLID_ANGLE_UNIT()
);
#9264=SHAPE_DEFINITION_REPRESENTATION(#9265,#9266);
#9265=PRODUCT_DEFINITION_SHAPE('',$,#9268);
#9266=SHAPE_REPRESENTATION('',(#1664),#9258);
#9267=PRODUCT_DEFINITION_CONTEXT('part definition',#9272,'design');
#9268=PRODUCT_DEFINITION('2026-09-14-20-54-50-856','link_2',#9269,#9267);
#9269=PRODUCT_DEFINITION_FORMATION('',$,#9274);
#9270=PRODUCT_RELATED_PRODUCT_CATEGORY('link_2','link_2',(#9274));
#9271=APPLICATION_PROTOCOL_DEFINITION('international standard',
'automotive_design',2009,#9272);
#9272=APPLICATION_CONTEXT(
'Core Data for Automotive Mechanical Design Process');
#9273=PRODUCT_CONTEXT('part definition',#9272,'mechanical');
#9274=PRODUCT('2026-09-14-20-54-50-856','link_2',$,(#9273));
#9275=PRESENTATION_STYLE_ASSIGNMENT((#9277));
#9276=PRESENTATION_STYLE_ASSIGNMENT((#9278));
#9277=SURFACE_STYLE_USAGE(.BOTH.,#9279);
#9278=SURFACE_STYLE_USAGE(.BOTH.,#9280);
#9279=SURFACE_SIDE_STYLE('',(#9281));
#9280=SURFACE_SIDE_STYLE('',(#9282));
#9281=SURFACE_STYLE_FILL_AREA(#9283);
#9282=SURFACE_STYLE_FILL_AREA(#9284);
#9283=FILL_AREA_STYLE('Steel - Satin',(#9285));
#9284=FILL_AREA_STYLE('ABS (White)',(#9286));
#9285=FILL_AREA_STYLE_COLOUR('Steel - Satin',#9287);
#9286=FILL_AREA_STYLE_COLOUR('ABS (White)',#9288);
#9287=COLOUR_RGB('Steel - Satin',0.627450980392157,0.627450980392157,0.627450980392157);
#9288=COLOUR_RGB('ABS (White)',0.964705882352941,0.964705882352941,0.952941176470588);
ENDSEC;
END-ISO-10303-21;
