ISO-10303-21;
HEADER;
/* Generated by software containing ST-Developer
 * from STEP Tools, Inc. (www.steptools.com) 
 */

FILE_DESCRIPTION(
/* description */ (''),
/* implementation_level */ '2;1');

FILE_NAME(
/* name */ 'Gripper_Assembled.step',
/* time_stamp */ '2026-09-21T22:48:11+05:30',
/* author */ (''),
/* organization */ (''),
/* preprocessor_version */ 'ST-DEVELOPER v20.2',
/* originating_system */ 'Autodesk Translation Framework v15.15.0.0',
/* authorisation */ '');

FILE_SCHEMA (('AUTOMOTIVE_DESIGN { 1 0 10303 214 3 1 1 }'));
ENDSEC;

DATA;
#10=MECHANICAL_DESIGN_GEOMETRIC_PRESENTATION_REPRESENTATION('',(#61,#62,
#63,#64,#65,#66,#67,#68,#69,#70,#71),#7529);
#11=ITEM_DEFINED_TRANSFORMATION($,$,#4308,#4837);
#12=ITEM_DEFINED_TRANSFORMATION($,$,#4424,#4838);
#13=ITEM_DEFINED_TRANSFORMATION($,$,#4424,#4839);
#14=ITEM_DEFINED_TRANSFORMATION($,$,#4453,#4840);
#15=ITEM_DEFINED_TRANSFORMATION($,$,#4515,#4841);
#16=ITEM_DEFINED_TRANSFORMATION($,$,#4661,#4842);
#17=ITEM_DEFINED_TRANSFORMATION($,$,#4817,#4843);
#18=ITEM_DEFINED_TRANSFORMATION($,$,#4817,#4844);
#19=(
REPRESENTATION_RELATIONSHIP($,$,#7557,#7556)
REPRESENTATION_RELATIONSHIP_WITH_TRANSFORMATION(#11)
SHAPE_REPRESENTATION_RELATIONSHIP()
);
#20=(
REPRESENTATION_RELATIONSHIP($,$,#7558,#7556)
REPRESENTATION_RELATIONSHIP_WITH_TRANSFORMATION(#12)
SHAPE_REPRESENTATION_RELATIONSHIP()
);
#21=(
REPRESENTATION_RELATIONSHIP($,$,#7558,#7556)
REPRESENTATION_RELATIONSHIP_WITH_TRANSFORMATION(#13)
SHAPE_REPRESENTATION_RELATIONSHIP()
);
#22=(
REPRESENTATION_RELATIONSHIP($,$,#7559,#7556)
REPRESENTATION_RELATIONSHIP_WITH_TRANSFORMATION(#14)
SHAPE_REPRESENTATION_RELATIONSHIP()
);
#23=(
REPRESENTATION_RELATIONSHIP($,$,#7560,#7556)
REPRESENTATION_RELATIONSHIP_WITH_TRANSFORMATION(#15)
SHAPE_REPRESENTATION_RELATIONSHIP()
);
#24=(
REPRESENTATION_RELATIONSHIP($,$,#7561,#7556)
REPRESENTATION_RELATIONSHIP_WITH_TRANSFORMATION(#16)
SHAPE_REPRESENTATION_RELATIONSHIP()
);
#25=(
REPRESENTATION_RELATIONSHIP($,$,#7562,#7556)
REPRESENTATION_RELATIONSHIP_WITH_TRANSFORMATION(#17)
SHAPE_REPRESENTATION_RELATIONSHIP()
);
#26=(
REPRESENTATION_RELATIONSHIP($,$,#7562,#7556)
REPRESENTATION_RELATIONSHIP_WITH_TRANSFORMATION(#18)
SHAPE_REPRESENTATION_RELATIONSHIP()
);
#27=CONTEXT_DEPENDENT_SHAPE_REPRESENTATION(#19,#7548);
#28=CONTEXT_DEPENDENT_SHAPE_REPRESENTATION(#20,#7549);
#29=CONTEXT_DEPENDENT_SHAPE_REPRESENTATION(#21,#7550);
#30=CONTEXT_DEPENDENT_SHAPE_REPRESENTATION(#22,#7551);
#31=CONTEXT_DEPENDENT_SHAPE_REPRESENTATION(#23,#7552);
#32=CONTEXT_DEPENDENT_SHAPE_REPRESENTATION(#24,#7553);
#33=CONTEXT_DEPENDENT_SHAPE_REPRESENTATION(#25,#7554);
#34=CONTEXT_DEPENDENT_SHAPE_REPRESENTATION(#26,#7555);
#35=NEXT_ASSEMBLY_USAGE_OCCURRENCE('Gripper base:1','Gripper base:1',
'Gripper base:1',#7564,#7565,'Gripper base:1');
#36=NEXT_ASSEMBLY_USAGE_OCCURRENCE('grip link:1','grip link:1',
'grip link:1',#7564,#7566,'grip link:1');
#37=NEXT_ASSEMBLY_USAGE_OCCURRENCE('grip link:4','grip link:4',
'grip link:4',#7564,#7566,'grip link:4');
#38=NEXT_ASSEMBLY_USAGE_OCCURRENCE('Servo_Motor_Micro_9g:1',
'Servo_Motor_Micro_9g:1','Servo_Motor_Micro_9g:1',#7564,#7567,
'Servo_Motor_Micro_9g:1');
#39=NEXT_ASSEMBLY_USAGE_OCCURRENCE('gear1:1','gear1:1','gear1:1',#7564,
#7568,'gear1:1');
#40=NEXT_ASSEMBLY_USAGE_OCCURRENCE('gear2:1','gear2:1','gear2:1',#7564,
#7569,'gear2:1');
#41=NEXT_ASSEMBLY_USAGE_OCCURRENCE('Finger:1','Finger:1','Finger:1',#7564,
#7570,'Finger:1');
#42=NEXT_ASSEMBLY_USAGE_OCCURRENCE('Finger:2','Finger:2','Finger:2',#7564,
#7570,'Finger:2');
#43=B_SPLINE_SURFACE_WITH_KNOTS('',3,1,((#7488,#7489),(#7490,#7491),(#7492,
#7493),(#7494,#7495)),.UNSPECIFIED.,.F.,.F.,.F.,(4,4),(2,2),(0.,1.),(0.,
1.02),.UNSPECIFIED.);
#44=B_SPLINE_SURFACE_WITH_KNOTS('',3,1,((#7498,#7499),(#7500,#7501),(#7502,
#7503),(#7504,#7505)),.UNSPECIFIED.,.F.,.F.,.F.,(4,4),(2,2),(0.,1.),(0.,
1.02),.UNSPECIFIED.);
#45=B_SPLINE_CURVE_WITH_KNOTS('',2,(#7457,#7458,#7459),.UNSPECIFIED.,.F.,
 .F.,(3,3),(0.,1.),.UNSPECIFIED.);
#46=B_SPLINE_CURVE_WITH_KNOTS('',3,(#7464,#7465,#7466,#7467),
 .UNSPECIFIED.,.F.,.F.,(4,4),(0.,1.),.UNSPECIFIED.);
#47=B_SPLINE_CURVE_WITH_KNOTS('',3,(#7470,#7471,#7472,#7473),
 .UNSPECIFIED.,.F.,.F.,(4,4),(0.,1.),.UNSPECIFIED.);
#48=B_SPLINE_CURVE_WITH_KNOTS('',2,(#7479,#7480,#7481),.UNSPECIFIED.,.F.,
 .F.,(3,3),(0.,1.),.UNSPECIFIED.);
#49=SHAPE_REPRESENTATION_RELATIONSHIP('SRR','None',#7557,#55);
#50=SHAPE_REPRESENTATION_RELATIONSHIP('SRR','None',#7558,#56);
#51=SHAPE_REPRESENTATION_RELATIONSHIP('SRR','None',#7559,#57);
#52=SHAPE_REPRESENTATION_RELATIONSHIP('SRR','None',#7560,#58);
#53=SHAPE_REPRESENTATION_RELATIONSHIP('SRR','None',#7561,#59);
#54=SHAPE_REPRESENTATION_RELATIONSHIP('SRR','None',#7562,#60);
#55=ADVANCED_BREP_SHAPE_REPRESENTATION('',(#72),#7523);
#56=ADVANCED_BREP_SHAPE_REPRESENTATION('',(#73),#7524);
#57=ADVANCED_BREP_SHAPE_REPRESENTATION('',(#74,#75,#76,#77,#78,#79),#7525);
#58=ADVANCED_BREP_SHAPE_REPRESENTATION('',(#80),#7526);
#59=ADVANCED_BREP_SHAPE_REPRESENTATION('',(#81),#7527);
#60=ADVANCED_BREP_SHAPE_REPRESENTATION('',(#82),#7528);
#61=STYLED_ITEM('',(#7596),#72);
#62=STYLED_ITEM('',(#7597),#73);
#63=STYLED_ITEM('',(#7598),#74);
#64=STYLED_ITEM('',(#7598),#75);
#65=STYLED_ITEM('',(#7598),#76);
#66=STYLED_ITEM('',(#7599),#77);
#67=STYLED_ITEM('',(#7600),#78);
#68=STYLED_ITEM('',(#7601),#79);
#69=STYLED_ITEM('',(#7597),#80);
#70=STYLED_ITEM('',(#7597),#81);
#71=STYLED_ITEM('',(#7602),#82);
#72=MANIFOLD_SOLID_BREP('Body1',#4229);
#73=MANIFOLD_SOLID_BREP('Body1',#4230);
#74=MANIFOLD_SOLID_BREP('Body1',#4231);
#75=MANIFOLD_SOLID_BREP('Body2',#4232);
#76=MANIFOLD_SOLID_BREP('Body3',#4233);
#77=MANIFOLD_SOLID_BREP('Body4',#4234);
#78=MANIFOLD_SOLID_BREP('Body5',#4235);
#79=MANIFOLD_SOLID_BREP('Body6',#4236);
#80=MANIFOLD_SOLID_BREP('Body1',#4237);
#81=MANIFOLD_SOLID_BREP('Body1',#4238);
#82=MANIFOLD_SOLID_BREP('Body1',#4239);
#83=ELLIPSE('',#4405,5.65685424949238,4.);
#84=ELLIPSE('',#4407,5.65685424949238,4.);
#85=ELLIPSE('',#4409,6.1463629715289,4.);
#86=CYLINDRICAL_SURFACE('',#4325,5.4);
#87=CYLINDRICAL_SURFACE('',#4335,1.75);
#88=CYLINDRICAL_SURFACE('',#4337,1.75);
#89=CYLINDRICAL_SURFACE('',#4340,1.75);
#90=CYLINDRICAL_SURFACE('',#4383,2.49999999999999);
#91=CYLINDRICAL_SURFACE('',#4385,10.);
#92=CYLINDRICAL_SURFACE('',#4386,10.);
#93=CYLINDRICAL_SURFACE('',#4387,0.999999999999998);
#94=CYLINDRICAL_SURFACE('',#4390,1.);
#95=CYLINDRICAL_SURFACE('',#4393,1.29999999999999);
#96=CYLINDRICAL_SURFACE('',#4395,1.3);
#97=CYLINDRICAL_SURFACE('',#4402,3.5);
#98=CYLINDRICAL_SURFACE('',#4403,3.5);
#99=CYLINDRICAL_SURFACE('',#4404,4.);
#100=CYLINDRICAL_SURFACE('',#4406,4.);
#101=CYLINDRICAL_SURFACE('',#4408,4.);
#102=CYLINDRICAL_SURFACE('',#4410,4.);
#103=CYLINDRICAL_SURFACE('',#4411,4.);
#104=CYLINDRICAL_SURFACE('',#4412,4.);
#105=CYLINDRICAL_SURFACE('',#4413,4.);
#106=CYLINDRICAL_SURFACE('',#4414,4.);
#107=CYLINDRICAL_SURFACE('',#4415,4.);
#108=CYLINDRICAL_SURFACE('',#4416,4.);
#109=CYLINDRICAL_SURFACE('',#4417,4.);
#110=CYLINDRICAL_SURFACE('',#4418,4.);
#111=CYLINDRICAL_SURFACE('',#4419,4.);
#112=CYLINDRICAL_SURFACE('',#4420,4.);
#113=CYLINDRICAL_SURFACE('',#4421,4.);
#114=CYLINDRICAL_SURFACE('',#4423,8.);
#115=CYLINDRICAL_SURFACE('',#4425,4.00000000000001);
#116=CYLINDRICAL_SURFACE('',#4429,4.);
#117=CYLINDRICAL_SURFACE('',#4432,1.75);
#118=CYLINDRICAL_SURFACE('',#4436,1.75);
#119=CYLINDRICAL_SURFACE('',#4449,3.);
#120=CYLINDRICAL_SURFACE('',#4450,3.);
#121=CYLINDRICAL_SURFACE('',#4451,3.);
#122=CYLINDRICAL_SURFACE('',#4452,3.);
#123=CYLINDRICAL_SURFACE('',#4464,1.);
#124=CYLINDRICAL_SURFACE('',#4475,1.);
#125=CYLINDRICAL_SURFACE('',#4491,1.3);
#126=CYLINDRICAL_SURFACE('',#4493,6.2);
#127=CYLINDRICAL_SURFACE('',#4497,2.5);
#128=CYLINDRICAL_SURFACE('',#4500,0.6);
#129=CYLINDRICAL_SURFACE('',#4505,0.6);
#130=CYLINDRICAL_SURFACE('',#4510,0.6);
#131=CYLINDRICAL_SURFACE('',#4612,4.);
#132=CYLINDRICAL_SURFACE('',#4614,5.4);
#133=CYLINDRICAL_SURFACE('',#4615,14.625);
#134=CYLINDRICAL_SURFACE('',#4616,5.4);
#135=CYLINDRICAL_SURFACE('',#4617,12.09275);
#136=CYLINDRICAL_SURFACE('',#4618,5.4);
#137=CYLINDRICAL_SURFACE('',#4619,14.625);
#138=CYLINDRICAL_SURFACE('',#4620,5.4);
#139=CYLINDRICAL_SURFACE('',#4621,12.09275);
#140=CYLINDRICAL_SURFACE('',#4622,5.4);
#141=CYLINDRICAL_SURFACE('',#4623,14.625);
#142=CYLINDRICAL_SURFACE('',#4624,5.4);
#143=CYLINDRICAL_SURFACE('',#4625,12.09275);
#144=CYLINDRICAL_SURFACE('',#4626,5.4);
#145=CYLINDRICAL_SURFACE('',#4627,14.625);
#146=CYLINDRICAL_SURFACE('',#4628,5.4);
#147=CYLINDRICAL_SURFACE('',#4629,12.09275);
#148=CYLINDRICAL_SURFACE('',#4630,5.4);
#149=CYLINDRICAL_SURFACE('',#4631,14.625);
#150=CYLINDRICAL_SURFACE('',#4632,5.4);
#151=CYLINDRICAL_SURFACE('',#4633,12.09275);
#152=CYLINDRICAL_SURFACE('',#4634,5.4);
#153=CYLINDRICAL_SURFACE('',#4635,14.625);
#154=CYLINDRICAL_SURFACE('',#4636,5.4);
#155=CYLINDRICAL_SURFACE('',#4637,12.09275);
#156=CYLINDRICAL_SURFACE('',#4638,5.4);
#157=CYLINDRICAL_SURFACE('',#4639,14.625);
#158=CYLINDRICAL_SURFACE('',#4640,5.4);
#159=CYLINDRICAL_SURFACE('',#4641,12.09275);
#160=CYLINDRICAL_SURFACE('',#4642,5.4);
#161=CYLINDRICAL_SURFACE('',#4643,14.625);
#162=CYLINDRICAL_SURFACE('',#4644,5.4);
#163=CYLINDRICAL_SURFACE('',#4645,12.09275);
#164=CYLINDRICAL_SURFACE('',#4646,5.4);
#165=CYLINDRICAL_SURFACE('',#4647,14.625);
#166=CYLINDRICAL_SURFACE('',#4648,5.4);
#167=CYLINDRICAL_SURFACE('',#4649,12.09275);
#168=CYLINDRICAL_SURFACE('',#4650,5.4);
#169=CYLINDRICAL_SURFACE('',#4651,14.625);
#170=CYLINDRICAL_SURFACE('',#4652,5.4);
#171=CYLINDRICAL_SURFACE('',#4653,12.09275);
#172=CYLINDRICAL_SURFACE('',#4654,5.4);
#173=CYLINDRICAL_SURFACE('',#4655,14.625);
#174=CYLINDRICAL_SURFACE('',#4656,5.4);
#175=CYLINDRICAL_SURFACE('',#4657,12.09275);
#176=CYLINDRICAL_SURFACE('',#4659,1.75);
#177=CYLINDRICAL_SURFACE('',#4660,1.75);
#178=CYLINDRICAL_SURFACE('',#4764,5.4);
#179=CYLINDRICAL_SURFACE('',#4765,14.625);
#180=CYLINDRICAL_SURFACE('',#4766,5.4);
#181=CYLINDRICAL_SURFACE('',#4767,12.09275);
#182=CYLINDRICAL_SURFACE('',#4768,5.4);
#183=CYLINDRICAL_SURFACE('',#4769,14.625);
#184=CYLINDRICAL_SURFACE('',#4770,5.4);
#185=CYLINDRICAL_SURFACE('',#4771,12.09275);
#186=CYLINDRICAL_SURFACE('',#4772,5.4);
#187=CYLINDRICAL_SURFACE('',#4773,14.625);
#188=CYLINDRICAL_SURFACE('',#4774,5.4);
#189=CYLINDRICAL_SURFACE('',#4775,12.09275);
#190=CYLINDRICAL_SURFACE('',#4776,5.4);
#191=CYLINDRICAL_SURFACE('',#4777,14.625);
#192=CYLINDRICAL_SURFACE('',#4778,5.4);
#193=CYLINDRICAL_SURFACE('',#4779,12.09275);
#194=CYLINDRICAL_SURFACE('',#4780,5.4);
#195=CYLINDRICAL_SURFACE('',#4781,14.625);
#196=CYLINDRICAL_SURFACE('',#4782,5.4);
#197=CYLINDRICAL_SURFACE('',#4783,12.09275);
#198=CYLINDRICAL_SURFACE('',#4784,5.4);
#199=CYLINDRICAL_SURFACE('',#4785,14.625);
#200=CYLINDRICAL_SURFACE('',#4786,5.4);
#201=CYLINDRICAL_SURFACE('',#4787,12.09275);
#202=CYLINDRICAL_SURFACE('',#4788,5.4);
#203=CYLINDRICAL_SURFACE('',#4789,14.625);
#204=CYLINDRICAL_SURFACE('',#4790,5.4);
#205=CYLINDRICAL_SURFACE('',#4791,12.09275);
#206=CYLINDRICAL_SURFACE('',#4792,5.4);
#207=CYLINDRICAL_SURFACE('',#4793,14.625);
#208=CYLINDRICAL_SURFACE('',#4794,5.4);
#209=CYLINDRICAL_SURFACE('',#4795,12.09275);
#210=CYLINDRICAL_SURFACE('',#4796,5.4);
#211=CYLINDRICAL_SURFACE('',#4797,14.625);
#212=CYLINDRICAL_SURFACE('',#4798,5.4);
#213=CYLINDRICAL_SURFACE('',#4799,12.09275);
#214=CYLINDRICAL_SURFACE('',#4800,5.4);
#215=CYLINDRICAL_SURFACE('',#4801,14.625);
#216=CYLINDRICAL_SURFACE('',#4802,5.4);
#217=CYLINDRICAL_SURFACE('',#4803,12.09275);
#218=CYLINDRICAL_SURFACE('',#4804,12.09275);
#219=CYLINDRICAL_SURFACE('',#4807,4.);
#220=CYLINDRICAL_SURFACE('',#4808,1.75);
#221=CYLINDRICAL_SURFACE('',#4809,14.6250000000001);
#222=CYLINDRICAL_SURFACE('',#4810,5.4);
#223=CYLINDRICAL_SURFACE('',#4811,12.09275);
#224=CYLINDRICAL_SURFACE('',#4813,5.4);
#225=CYLINDRICAL_SURFACE('',#4814,2.4);
#226=CYLINDRICAL_SURFACE('',#4815,1.3);
#227=CYLINDRICAL_SURFACE('',#4816,1.3);
#228=CYLINDRICAL_SURFACE('',#4818,5.);
#229=CYLINDRICAL_SURFACE('',#4822,5.);
#230=CYLINDRICAL_SURFACE('',#4826,1.75);
#231=CYLINDRICAL_SURFACE('',#4829,1.75);
#232=FACE_BOUND('',#505,.T.);
#233=FACE_BOUND('',#506,.T.);
#234=FACE_BOUND('',#507,.T.);
#235=FACE_BOUND('',#522,.T.);
#236=FACE_BOUND('',#523,.T.);
#237=FACE_BOUND('',#524,.T.);
#238=FACE_BOUND('',#525,.T.);
#239=FACE_BOUND('',#533,.T.);
#240=FACE_BOUND('',#534,.T.);
#241=FACE_BOUND('',#535,.T.);
#242=FACE_BOUND('',#537,.T.);
#243=FACE_BOUND('',#539,.T.);
#244=FACE_BOUND('',#541,.T.);
#245=FACE_BOUND('',#542,.T.);
#246=FACE_BOUND('',#543,.T.);
#247=FACE_BOUND('',#556,.T.);
#248=FACE_BOUND('',#557,.T.);
#249=FACE_BOUND('',#558,.T.);
#250=FACE_BOUND('',#587,.T.);
#251=FACE_BOUND('',#588,.T.);
#252=FACE_BOUND('',#590,.T.);
#253=FACE_BOUND('',#591,.T.);
#254=FACE_BOUND('',#627,.T.);
#255=FACE_BOUND('',#640,.T.);
#256=FACE_BOUND('',#641,.T.);
#257=FACE_BOUND('',#643,.T.);
#258=FACE_BOUND('',#644,.T.);
#259=FACE_BOUND('',#695,.T.);
#260=FACE_BOUND('',#696,.T.);
#261=FACE_BOUND('',#697,.T.);
#262=FACE_BOUND('',#698,.T.);
#263=FACE_BOUND('',#700,.T.);
#264=FACE_BOUND('',#701,.T.);
#265=FACE_BOUND('',#702,.T.);
#266=FACE_BOUND('',#703,.T.);
#267=FACE_BOUND('',#764,.T.);
#268=FACE_BOUND('',#765,.T.);
#269=FACE_BOUND('',#767,.T.);
#270=FACE_BOUND('',#768,.T.);
#271=FACE_OUTER_BOUND('',#503,.T.);
#272=FACE_OUTER_BOUND('',#504,.T.);
#273=FACE_OUTER_BOUND('',#508,.T.);
#274=FACE_OUTER_BOUND('',#509,.T.);
#275=FACE_OUTER_BOUND('',#510,.T.);
#276=FACE_OUTER_BOUND('',#511,.T.);
#277=FACE_OUTER_BOUND('',#512,.T.);
#278=FACE_OUTER_BOUND('',#513,.T.);
#279=FACE_OUTER_BOUND('',#514,.T.);
#280=FACE_OUTER_BOUND('',#515,.T.);
#281=FACE_OUTER_BOUND('',#516,.T.);
#282=FACE_OUTER_BOUND('',#517,.T.);
#283=FACE_OUTER_BOUND('',#518,.T.);
#284=FACE_OUTER_BOUND('',#519,.T.);
#285=FACE_OUTER_BOUND('',#520,.T.);
#286=FACE_OUTER_BOUND('',#521,.T.);
#287=FACE_OUTER_BOUND('',#526,.T.);
#288=FACE_OUTER_BOUND('',#527,.T.);
#289=FACE_OUTER_BOUND('',#528,.T.);
#290=FACE_OUTER_BOUND('',#529,.T.);
#291=FACE_OUTER_BOUND('',#530,.T.);
#292=FACE_OUTER_BOUND('',#531,.T.);
#293=FACE_OUTER_BOUND('',#532,.T.);
#294=FACE_OUTER_BOUND('',#536,.T.);
#295=FACE_OUTER_BOUND('',#538,.T.);
#296=FACE_OUTER_BOUND('',#540,.T.);
#297=FACE_OUTER_BOUND('',#544,.T.);
#298=FACE_OUTER_BOUND('',#545,.T.);
#299=FACE_OUTER_BOUND('',#546,.T.);
#300=FACE_OUTER_BOUND('',#547,.T.);
#301=FACE_OUTER_BOUND('',#548,.T.);
#302=FACE_OUTER_BOUND('',#549,.T.);
#303=FACE_OUTER_BOUND('',#550,.T.);
#304=FACE_OUTER_BOUND('',#551,.T.);
#305=FACE_OUTER_BOUND('',#552,.T.);
#306=FACE_OUTER_BOUND('',#553,.T.);
#307=FACE_OUTER_BOUND('',#554,.T.);
#308=FACE_OUTER_BOUND('',#555,.T.);
#309=FACE_OUTER_BOUND('',#559,.T.);
#310=FACE_OUTER_BOUND('',#560,.T.);
#311=FACE_OUTER_BOUND('',#561,.T.);
#312=FACE_OUTER_BOUND('',#562,.T.);
#313=FACE_OUTER_BOUND('',#563,.T.);
#314=FACE_OUTER_BOUND('',#564,.T.);
#315=FACE_OUTER_BOUND('',#565,.T.);
#316=FACE_OUTER_BOUND('',#566,.T.);
#317=FACE_OUTER_BOUND('',#567,.T.);
#318=FACE_OUTER_BOUND('',#568,.T.);
#319=FACE_OUTER_BOUND('',#569,.T.);
#320=FACE_OUTER_BOUND('',#570,.T.);
#321=FACE_OUTER_BOUND('',#571,.T.);
#322=FACE_OUTER_BOUND('',#572,.T.);
#323=FACE_OUTER_BOUND('',#573,.T.);
#324=FACE_OUTER_BOUND('',#574,.T.);
#325=FACE_OUTER_BOUND('',#575,.T.);
#326=FACE_OUTER_BOUND('',#576,.T.);
#327=FACE_OUTER_BOUND('',#577,.T.);
#328=FACE_OUTER_BOUND('',#578,.T.);
#329=FACE_OUTER_BOUND('',#579,.T.);
#330=FACE_OUTER_BOUND('',#580,.T.);
#331=FACE_OUTER_BOUND('',#581,.T.);
#332=FACE_OUTER_BOUND('',#582,.T.);
#333=FACE_OUTER_BOUND('',#583,.T.);
#334=FACE_OUTER_BOUND('',#584,.T.);
#335=FACE_OUTER_BOUND('',#585,.T.);
#336=FACE_OUTER_BOUND('',#586,.T.);
#337=FACE_OUTER_BOUND('',#589,.T.);
#338=FACE_OUTER_BOUND('',#592,.T.);
#339=FACE_OUTER_BOUND('',#593,.T.);
#340=FACE_OUTER_BOUND('',#594,.T.);
#341=FACE_OUTER_BOUND('',#595,.T.);
#342=FACE_OUTER_BOUND('',#596,.T.);
#343=FACE_OUTER_BOUND('',#597,.T.);
#344=FACE_OUTER_BOUND('',#598,.T.);
#345=FACE_OUTER_BOUND('',#599,.T.);
#346=FACE_OUTER_BOUND('',#600,.T.);
#347=FACE_OUTER_BOUND('',#601,.T.);
#348=FACE_OUTER_BOUND('',#602,.T.);
#349=FACE_OUTER_BOUND('',#603,.T.);
#350=FACE_OUTER_BOUND('',#604,.T.);
#351=FACE_OUTER_BOUND('',#605,.T.);
#352=FACE_OUTER_BOUND('',#606,.T.);
#353=FACE_OUTER_BOUND('',#607,.T.);
#354=FACE_OUTER_BOUND('',#608,.T.);
#355=FACE_OUTER_BOUND('',#609,.T.);
#356=FACE_OUTER_BOUND('',#610,.T.);
#357=FACE_OUTER_BOUND('',#611,.T.);
#358=FACE_OUTER_BOUND('',#612,.T.);
#359=FACE_OUTER_BOUND('',#613,.T.);
#360=FACE_OUTER_BOUND('',#614,.T.);
#361=FACE_OUTER_BOUND('',#615,.T.);
#362=FACE_OUTER_BOUND('',#616,.T.);
#363=FACE_OUTER_BOUND('',#617,.T.);
#364=FACE_OUTER_BOUND('',#618,.T.);
#365=FACE_OUTER_BOUND('',#619,.T.);
#366=FACE_OUTER_BOUND('',#620,.T.);
#367=FACE_OUTER_BOUND('',#621,.T.);
#368=FACE_OUTER_BOUND('',#622,.T.);
#369=FACE_OUTER_BOUND('',#623,.T.);
#370=FACE_OUTER_BOUND('',#624,.T.);
#371=FACE_OUTER_BOUND('',#625,.T.);
#372=FACE_OUTER_BOUND('',#626,.T.);
#373=FACE_OUTER_BOUND('',#628,.T.);
#374=FACE_OUTER_BOUND('',#629,.T.);
#375=FACE_OUTER_BOUND('',#630,.T.);
#376=FACE_OUTER_BOUND('',#631,.T.);
#377=FACE_OUTER_BOUND('',#632,.T.);
#378=FACE_OUTER_BOUND('',#633,.T.);
#379=FACE_OUTER_BOUND('',#634,.T.);
#380=FACE_OUTER_BOUND('',#635,.T.);
#381=FACE_OUTER_BOUND('',#636,.T.);
#382=FACE_OUTER_BOUND('',#637,.T.);
#383=FACE_OUTER_BOUND('',#638,.T.);
#384=FACE_OUTER_BOUND('',#639,.T.);
#385=FACE_OUTER_BOUND('',#642,.T.);
#386=FACE_OUTER_BOUND('',#645,.T.);
#387=FACE_OUTER_BOUND('',#646,.T.);
#388=FACE_OUTER_BOUND('',#647,.T.);
#389=FACE_OUTER_BOUND('',#648,.T.);
#390=FACE_OUTER_BOUND('',#649,.T.);
#391=FACE_OUTER_BOUND('',#650,.T.);
#392=FACE_OUTER_BOUND('',#651,.T.);
#393=FACE_OUTER_BOUND('',#652,.T.);
#394=FACE_OUTER_BOUND('',#653,.T.);
#395=FACE_OUTER_BOUND('',#654,.T.);
#396=FACE_OUTER_BOUND('',#655,.T.);
#397=FACE_OUTER_BOUND('',#656,.T.);
#398=FACE_OUTER_BOUND('',#657,.T.);
#399=FACE_OUTER_BOUND('',#658,.T.);
#400=FACE_OUTER_BOUND('',#659,.T.);
#401=FACE_OUTER_BOUND('',#660,.T.);
#402=FACE_OUTER_BOUND('',#661,.T.);
#403=FACE_OUTER_BOUND('',#662,.T.);
#404=FACE_OUTER_BOUND('',#663,.T.);
#405=FACE_OUTER_BOUND('',#664,.T.);
#406=FACE_OUTER_BOUND('',#665,.T.);
#407=FACE_OUTER_BOUND('',#666,.T.);
#408=FACE_OUTER_BOUND('',#667,.T.);
#409=FACE_OUTER_BOUND('',#668,.T.);
#410=FACE_OUTER_BOUND('',#669,.T.);
#411=FACE_OUTER_BOUND('',#670,.T.);
#412=FACE_OUTER_BOUND('',#671,.T.);
#413=FACE_OUTER_BOUND('',#672,.T.);
#414=FACE_OUTER_BOUND('',#673,.T.);
#415=FACE_OUTER_BOUND('',#674,.T.);
#416=FACE_OUTER_BOUND('',#675,.T.);
#417=FACE_OUTER_BOUND('',#676,.T.);
#418=FACE_OUTER_BOUND('',#677,.T.);
#419=FACE_OUTER_BOUND('',#678,.T.);
#420=FACE_OUTER_BOUND('',#679,.T.);
#421=FACE_OUTER_BOUND('',#680,.T.);
#422=FACE_OUTER_BOUND('',#681,.T.);
#423=FACE_OUTER_BOUND('',#682,.T.);
#424=FACE_OUTER_BOUND('',#683,.T.);
#425=FACE_OUTER_BOUND('',#684,.T.);
#426=FACE_OUTER_BOUND('',#685,.T.);
#427=FACE_OUTER_BOUND('',#686,.T.);
#428=FACE_OUTER_BOUND('',#687,.T.);
#429=FACE_OUTER_BOUND('',#688,.T.);
#430=FACE_OUTER_BOUND('',#689,.T.);
#431=FACE_OUTER_BOUND('',#690,.T.);
#432=FACE_OUTER_BOUND('',#691,.T.);
#433=FACE_OUTER_BOUND('',#692,.T.);
#434=FACE_OUTER_BOUND('',#693,.T.);
#435=FACE_OUTER_BOUND('',#694,.T.);
#436=FACE_OUTER_BOUND('',#699,.T.);
#437=FACE_OUTER_BOUND('',#704,.T.);
#438=FACE_OUTER_BOUND('',#705,.T.);
#439=FACE_OUTER_BOUND('',#706,.T.);
#440=FACE_OUTER_BOUND('',#707,.T.);
#441=FACE_OUTER_BOUND('',#708,.T.);
#442=FACE_OUTER_BOUND('',#709,.T.);
#443=FACE_OUTER_BOUND('',#710,.T.);
#444=FACE_OUTER_BOUND('',#711,.T.);
#445=FACE_OUTER_BOUND('',#712,.T.);
#446=FACE_OUTER_BOUND('',#713,.T.);
#447=FACE_OUTER_BOUND('',#714,.T.);
#448=FACE_OUTER_BOUND('',#715,.T.);
#449=FACE_OUTER_BOUND('',#716,.T.);
#450=FACE_OUTER_BOUND('',#717,.T.);
#451=FACE_OUTER_BOUND('',#718,.T.);
#452=FACE_OUTER_BOUND('',#719,.T.);
#453=FACE_OUTER_BOUND('',#720,.T.);
#454=FACE_OUTER_BOUND('',#721,.T.);
#455=FACE_OUTER_BOUND('',#722,.T.);
#456=FACE_OUTER_BOUND('',#723,.T.);
#457=FACE_OUTER_BOUND('',#724,.T.);
#458=FACE_OUTER_BOUND('',#725,.T.);
#459=FACE_OUTER_BOUND('',#726,.T.);
#460=FACE_OUTER_BOUND('',#727,.T.);
#461=FACE_OUTER_BOUND('',#728,.T.);
#462=FACE_OUTER_BOUND('',#729,.T.);
#463=FACE_OUTER_BOUND('',#730,.T.);
#464=FACE_OUTER_BOUND('',#731,.T.);
#465=FACE_OUTER_BOUND('',#732,.T.);
#466=FACE_OUTER_BOUND('',#733,.T.);
#467=FACE_OUTER_BOUND('',#734,.T.);
#468=FACE_OUTER_BOUND('',#735,.T.);
#469=FACE_OUTER_BOUND('',#736,.T.);
#470=FACE_OUTER_BOUND('',#737,.T.);
#471=FACE_OUTER_BOUND('',#738,.T.);
#472=FACE_OUTER_BOUND('',#739,.T.);
#473=FACE_OUTER_BOUND('',#740,.T.);
#474=FACE_OUTER_BOUND('',#741,.T.);
#475=FACE_OUTER_BOUND('',#742,.T.);
#476=FACE_OUTER_BOUND('',#743,.T.);
#477=FACE_OUTER_BOUND('',#744,.T.);
#478=FACE_OUTER_BOUND('',#745,.T.);
#479=FACE_OUTER_BOUND('',#746,.T.);
#480=FACE_OUTER_BOUND('',#747,.T.);
#481=FACE_OUTER_BOUND('',#748,.T.);
#482=FACE_OUTER_BOUND('',#749,.T.);
#483=FACE_OUTER_BOUND('',#750,.T.);
#484=FACE_OUTER_BOUND('',#751,.T.);
#485=FACE_OUTER_BOUND('',#752,.T.);
#486=FACE_OUTER_BOUND('',#753,.T.);
#487=FACE_OUTER_BOUND('',#754,.T.);
#488=FACE_OUTER_BOUND('',#755,.T.);
#489=FACE_OUTER_BOUND('',#756,.T.);
#490=FACE_OUTER_BOUND('',#757,.T.);
#491=FACE_OUTER_BOUND('',#758,.T.);
#492=FACE_OUTER_BOUND('',#759,.T.);
#493=FACE_OUTER_BOUND('',#760,.T.);
#494=FACE_OUTER_BOUND('',#761,.T.);
#495=FACE_OUTER_BOUND('',#762,.T.);
#496=FACE_OUTER_BOUND('',#763,.T.);
#497=FACE_OUTER_BOUND('',#766,.T.);
#498=FACE_OUTER_BOUND('',#769,.T.);
#499=FACE_OUTER_BOUND('',#770,.T.);
#500=FACE_OUTER_BOUND('',#771,.T.);
#501=FACE_OUTER_BOUND('',#772,.T.);
#502=FACE_OUTER_BOUND('',#773,.T.);
#503=EDGE_LOOP('',(#2697,#2698,#2699,#2700,#2701,#2702));
#504=EDGE_LOOP('',(#2703,#2704,#2705,#2706,#2707,#2708,#2709,#2710,#2711,
#2712,#2713,#2714,#2715,#2716,#2717,#2718));
#505=EDGE_LOOP('',(#2719));
#506=EDGE_LOOP('',(#2720));
#507=EDGE_LOOP('',(#2721));
#508=EDGE_LOOP('',(#2722,#2723,#2724,#2725));
#509=EDGE_LOOP('',(#2726,#2727,#2728,#2729));
#510=EDGE_LOOP('',(#2730,#2731,#2732,#2733,#2734,#2735));
#511=EDGE_LOOP('',(#2736,#2737,#2738,#2739));
#512=EDGE_LOOP('',(#2740,#2741,#2742,#2743));
#513=EDGE_LOOP('',(#2744,#2745,#2746,#2747));
#514=EDGE_LOOP('',(#2748,#2749,#2750,#2751));
#515=EDGE_LOOP('',(#2752,#2753,#2754,#2755));
#516=EDGE_LOOP('',(#2756,#2757,#2758,#2759));
#517=EDGE_LOOP('',(#2760,#2761,#2762,#2763));
#518=EDGE_LOOP('',(#2764,#2765,#2766,#2767));
#519=EDGE_LOOP('',(#2768,#2769,#2770,#2771,#2772,#2773));
#520=EDGE_LOOP('',(#2774,#2775,#2776,#2777));
#521=EDGE_LOOP('',(#2778,#2779,#2780,#2781,#2782,#2783,#2784,#2785,#2786,
#2787,#2788,#2789,#2790,#2791,#2792,#2793,#2794,#2795,#2796,#2797,#2798,
#2799,#2800,#2801));
#522=EDGE_LOOP('',(#2802));
#523=EDGE_LOOP('',(#2803));
#524=EDGE_LOOP('',(#2804));
#525=EDGE_LOOP('',(#2805));
#526=EDGE_LOOP('',(#2806,#2807,#2808,#2809));
#527=EDGE_LOOP('',(#2810,#2811,#2812,#2813));
#528=EDGE_LOOP('',(#2814,#2815,#2816,#2817));
#529=EDGE_LOOP('',(#2818,#2819,#2820,#2821));
#530=EDGE_LOOP('',(#2822,#2823,#2824,#2825));
#531=EDGE_LOOP('',(#2826,#2827,#2828,#2829));
#532=EDGE_LOOP('',(#2830,#2831,#2832,#2833,#2834,#2835,#2836,#2837,#2838));
#533=EDGE_LOOP('',(#2839,#2840,#2841,#2842));
#534=EDGE_LOOP('',(#2843));
#535=EDGE_LOOP('',(#2844));
#536=EDGE_LOOP('',(#2845,#2846,#2847,#2848));
#537=EDGE_LOOP('',(#2849));
#538=EDGE_LOOP('',(#2850,#2851,#2852,#2853,#2854,#2855,#2856,#2857,#2858,
#2859));
#539=EDGE_LOOP('',(#2860,#2861,#2862,#2863));
#540=EDGE_LOOP('',(#2864,#2865,#2866,#2867,#2868,#2869,#2870,#2871,#2872,
#2873));
#541=EDGE_LOOP('',(#2874));
#542=EDGE_LOOP('',(#2875));
#543=EDGE_LOOP('',(#2876));
#544=EDGE_LOOP('',(#2877,#2878,#2879,#2880));
#545=EDGE_LOOP('',(#2881,#2882,#2883,#2884));
#546=EDGE_LOOP('',(#2885,#2886,#2887,#2888));
#547=EDGE_LOOP('',(#2889,#2890,#2891,#2892));
#548=EDGE_LOOP('',(#2893,#2894,#2895,#2896));
#549=EDGE_LOOP('',(#2897,#2898,#2899,#2900));
#550=EDGE_LOOP('',(#2901));
#551=EDGE_LOOP('',(#2902,#2903,#2904,#2905));
#552=EDGE_LOOP('',(#2906));
#553=EDGE_LOOP('',(#2907,#2908,#2909,#2910));
#554=EDGE_LOOP('',(#2911,#2912,#2913,#2914));
#555=EDGE_LOOP('',(#2915,#2916,#2917,#2918));
#556=EDGE_LOOP('',(#2919));
#557=EDGE_LOOP('',(#2920));
#558=EDGE_LOOP('',(#2921));
#559=EDGE_LOOP('',(#2922,#2923,#2924,#2925));
#560=EDGE_LOOP('',(#2926,#2927,#2928,#2929));
#561=EDGE_LOOP('',(#2930,#2931,#2932,#2933));
#562=EDGE_LOOP('',(#2934,#2935,#2936,#2937));
#563=EDGE_LOOP('',(#2938,#2939,#2940,#2941));
#564=EDGE_LOOP('',(#2942,#2943,#2944,#2945));
#565=EDGE_LOOP('',(#2946,#2947,#2948,#2949));
#566=EDGE_LOOP('',(#2950,#2951,#2952,#2953));
#567=EDGE_LOOP('',(#2954,#2955,#2956,#2957));
#568=EDGE_LOOP('',(#2958,#2959,#2960,#2961));
#569=EDGE_LOOP('',(#2962,#2963,#2964,#2965));
#570=EDGE_LOOP('',(#2966,#2967,#2968,#2969));
#571=EDGE_LOOP('',(#2970,#2971,#2972,#2973));
#572=EDGE_LOOP('',(#2974,#2975,#2976,#2977));
#573=EDGE_LOOP('',(#2978,#2979,#2980,#2981));
#574=EDGE_LOOP('',(#2982,#2983,#2984,#2985));
#575=EDGE_LOOP('',(#2986,#2987,#2988,#2989));
#576=EDGE_LOOP('',(#2990,#2991,#2992,#2993));
#577=EDGE_LOOP('',(#2994,#2995,#2996,#2997));
#578=EDGE_LOOP('',(#2998,#2999,#3000,#3001,#3002));
#579=EDGE_LOOP('',(#3003,#3004,#3005,#3006));
#580=EDGE_LOOP('',(#3007,#3008,#3009,#3010));
#581=EDGE_LOOP('',(#3011,#3012,#3013,#3014));
#582=EDGE_LOOP('',(#3015,#3016,#3017,#3018));
#583=EDGE_LOOP('',(#3019,#3020,#3021,#3022));
#584=EDGE_LOOP('',(#3023,#3024,#3025,#3026));
#585=EDGE_LOOP('',(#3027,#3028,#3029,#3030));
#586=EDGE_LOOP('',(#3031,#3032,#3033,#3034,#3035,#3036,#3037,#3038));
#587=EDGE_LOOP('',(#3039));
#588=EDGE_LOOP('',(#3040));
#589=EDGE_LOOP('',(#3041,#3042,#3043,#3044,#3045,#3046,#3047,#3048));
#590=EDGE_LOOP('',(#3049));
#591=EDGE_LOOP('',(#3050));
#592=EDGE_LOOP('',(#3051,#3052,#3053,#3054));
#593=EDGE_LOOP('',(#3055,#3056,#3057,#3058));
#594=EDGE_LOOP('',(#3059,#3060,#3061,#3062));
#595=EDGE_LOOP('',(#3063,#3064,#3065,#3066));
#596=EDGE_LOOP('',(#3067,#3068,#3069,#3070));
#597=EDGE_LOOP('',(#3071,#3072,#3073,#3074,#3075,#3076,#3077,#3078));
#598=EDGE_LOOP('',(#3079,#3080,#3081,#3082));
#599=EDGE_LOOP('',(#3083,#3084,#3085,#3086,#3087,#3088,#3089,#3090));
#600=EDGE_LOOP('',(#3091,#3092,#3093,#3094));
#601=EDGE_LOOP('',(#3095,#3096,#3097,#3098));
#602=EDGE_LOOP('',(#3099,#3100,#3101,#3102));
#603=EDGE_LOOP('',(#3103,#3104,#3105,#3106));
#604=EDGE_LOOP('',(#3107,#3108,#3109,#3110));
#605=EDGE_LOOP('',(#3111,#3112,#3113,#3114));
#606=EDGE_LOOP('',(#3115,#3116,#3117,#3118,#3119,#3120,#3121,#3122));
#607=EDGE_LOOP('',(#3123,#3124,#3125,#3126,#3127,#3128,#3129,#3130));
#608=EDGE_LOOP('',(#3131,#3132,#3133,#3134));
#609=EDGE_LOOP('',(#3135,#3136,#3137,#3138));
#610=EDGE_LOOP('',(#3139,#3140,#3141,#3142));
#611=EDGE_LOOP('',(#3143,#3144,#3145,#3146));
#612=EDGE_LOOP('',(#3147,#3148,#3149,#3150));
#613=EDGE_LOOP('',(#3151,#3152,#3153,#3154));
#614=EDGE_LOOP('',(#3155,#3156,#3157,#3158));
#615=EDGE_LOOP('',(#3159,#3160,#3161,#3162));
#616=EDGE_LOOP('',(#3163,#3164,#3165,#3166,#3167,#3168));
#617=EDGE_LOOP('',(#3169,#3170,#3171));
#618=EDGE_LOOP('',(#3172,#3173,#3174,#3175));
#619=EDGE_LOOP('',(#3176,#3177,#3178,#3179,#3180));
#620=EDGE_LOOP('',(#3181,#3182,#3183,#3184,#3185));
#621=EDGE_LOOP('',(#3186,#3187,#3188,#3189,#3190));
#622=EDGE_LOOP('',(#3191,#3192,#3193));
#623=EDGE_LOOP('',(#3194,#3195,#3196,#3197));
#624=EDGE_LOOP('',(#3198,#3199,#3200,#3201));
#625=EDGE_LOOP('',(#3202,#3203,#3204,#3205,#3206,#3207,#3208));
#626=EDGE_LOOP('',(#3209,#3210));
#627=EDGE_LOOP('',(#3211));
#628=EDGE_LOOP('',(#3212,#3213,#3214,#3215));
#629=EDGE_LOOP('',(#3216));
#630=EDGE_LOOP('',(#3217,#3218,#3219,#3220));
#631=EDGE_LOOP('',(#3221));
#632=EDGE_LOOP('',(#3222));
#633=EDGE_LOOP('',(#3223,#3224,#3225,#3226));
#634=EDGE_LOOP('',(#3227));
#635=EDGE_LOOP('',(#3228));
#636=EDGE_LOOP('',(#3229,#3230,#3231,#3232));
#637=EDGE_LOOP('',(#3233));
#638=EDGE_LOOP('',(#3234));
#639=EDGE_LOOP('',(#3235,#3236,#3237,#3238,#3239,#3240,#3241,#3242,#3243,
#3244,#3245,#3246,#3247,#3248,#3249,#3250,#3251,#3252,#3253,#3254,#3255,
#3256,#3257,#3258,#3259,#3260,#3261,#3262,#3263,#3264,#3265,#3266,#3267,
#3268,#3269,#3270,#3271,#3272,#3273,#3274,#3275,#3276,#3277,#3278,#3279,
#3280,#3281));
#640=EDGE_LOOP('',(#3282));
#641=EDGE_LOOP('',(#3283));
#642=EDGE_LOOP('',(#3284,#3285,#3286,#3287,#3288,#3289,#3290,#3291,#3292,
#3293,#3294,#3295,#3296,#3297,#3298,#3299,#3300,#3301,#3302,#3303,#3304,
#3305,#3306,#3307,#3308,#3309,#3310,#3311,#3312,#3313,#3314,#3315,#3316,
#3317,#3318,#3319,#3320,#3321,#3322,#3323,#3324,#3325,#3326,#3327,#3328,
#3329,#3330));
#643=EDGE_LOOP('',(#3331));
#644=EDGE_LOOP('',(#3332));
#645=EDGE_LOOP('',(#3333,#3334,#3335,#3336));
#646=EDGE_LOOP('',(#3337,#3338,#3339,#3340));
#647=EDGE_LOOP('',(#3341,#3342,#3343,#3344));
#648=EDGE_LOOP('',(#3345,#3346,#3347,#3348));
#649=EDGE_LOOP('',(#3349,#3350,#3351,#3352));
#650=EDGE_LOOP('',(#3353,#3354,#3355,#3356));
#651=EDGE_LOOP('',(#3357,#3358,#3359,#3360));
#652=EDGE_LOOP('',(#3361,#3362,#3363,#3364));
#653=EDGE_LOOP('',(#3365,#3366,#3367,#3368));
#654=EDGE_LOOP('',(#3369,#3370,#3371,#3372));
#655=EDGE_LOOP('',(#3373,#3374,#3375,#3376));
#656=EDGE_LOOP('',(#3377,#3378,#3379,#3380));
#657=EDGE_LOOP('',(#3381,#3382,#3383,#3384));
#658=EDGE_LOOP('',(#3385,#3386,#3387,#3388));
#659=EDGE_LOOP('',(#3389,#3390,#3391,#3392));
#660=EDGE_LOOP('',(#3393,#3394,#3395,#3396));
#661=EDGE_LOOP('',(#3397,#3398,#3399,#3400));
#662=EDGE_LOOP('',(#3401,#3402,#3403,#3404));
#663=EDGE_LOOP('',(#3405,#3406,#3407,#3408));
#664=EDGE_LOOP('',(#3409,#3410,#3411,#3412));
#665=EDGE_LOOP('',(#3413,#3414,#3415,#3416));
#666=EDGE_LOOP('',(#3417,#3418,#3419,#3420));
#667=EDGE_LOOP('',(#3421,#3422,#3423,#3424));
#668=EDGE_LOOP('',(#3425,#3426,#3427,#3428));
#669=EDGE_LOOP('',(#3429,#3430,#3431,#3432));
#670=EDGE_LOOP('',(#3433,#3434,#3435,#3436));
#671=EDGE_LOOP('',(#3437,#3438,#3439,#3440));
#672=EDGE_LOOP('',(#3441,#3442,#3443,#3444));
#673=EDGE_LOOP('',(#3445,#3446,#3447,#3448));
#674=EDGE_LOOP('',(#3449,#3450,#3451,#3452));
#675=EDGE_LOOP('',(#3453,#3454,#3455,#3456));
#676=EDGE_LOOP('',(#3457,#3458,#3459,#3460));
#677=EDGE_LOOP('',(#3461,#3462,#3463,#3464));
#678=EDGE_LOOP('',(#3465,#3466,#3467,#3468));
#679=EDGE_LOOP('',(#3469,#3470,#3471,#3472));
#680=EDGE_LOOP('',(#3473,#3474,#3475,#3476));
#681=EDGE_LOOP('',(#3477,#3478,#3479,#3480));
#682=EDGE_LOOP('',(#3481,#3482,#3483,#3484));
#683=EDGE_LOOP('',(#3485,#3486,#3487,#3488));
#684=EDGE_LOOP('',(#3489,#3490,#3491,#3492));
#685=EDGE_LOOP('',(#3493,#3494,#3495,#3496));
#686=EDGE_LOOP('',(#3497,#3498,#3499,#3500));
#687=EDGE_LOOP('',(#3501,#3502,#3503,#3504));
#688=EDGE_LOOP('',(#3505,#3506,#3507,#3508));
#689=EDGE_LOOP('',(#3509,#3510,#3511,#3512));
#690=EDGE_LOOP('',(#3513,#3514,#3515,#3516));
#691=EDGE_LOOP('',(#3517,#3518,#3519,#3520));
#692=EDGE_LOOP('',(#3521,#3522,#3523,#3524));
#693=EDGE_LOOP('',(#3525,#3526,#3527,#3528));
#694=EDGE_LOOP('',(#3529,#3530,#3531,#3532,#3533,#3534,#3535,#3536,#3537,
#3538,#3539,#3540,#3541,#3542,#3543,#3544,#3545,#3546,#3547,#3548,#3549,
#3550,#3551,#3552,#3553,#3554,#3555,#3556,#3557,#3558,#3559,#3560,#3561,
#3562,#3563,#3564,#3565,#3566,#3567,#3568,#3569,#3570,#3571,#3572,#3573,
#3574,#3575,#3576,#3577));
#695=EDGE_LOOP('',(#3578));
#696=EDGE_LOOP('',(#3579));
#697=EDGE_LOOP('',(#3580));
#698=EDGE_LOOP('',(#3581));
#699=EDGE_LOOP('',(#3582,#3583,#3584,#3585,#3586,#3587,#3588,#3589,#3590,
#3591,#3592,#3593,#3594,#3595,#3596,#3597,#3598,#3599,#3600,#3601,#3602,
#3603,#3604,#3605,#3606,#3607,#3608,#3609,#3610,#3611,#3612,#3613,#3614,
#3615,#3616,#3617,#3618,#3619,#3620,#3621,#3622,#3623,#3624,#3625,#3626,
#3627,#3628,#3629,#3630));
#700=EDGE_LOOP('',(#3631));
#701=EDGE_LOOP('',(#3632));
#702=EDGE_LOOP('',(#3633));
#703=EDGE_LOOP('',(#3634));
#704=EDGE_LOOP('',(#3635,#3636,#3637,#3638));
#705=EDGE_LOOP('',(#3639,#3640,#3641,#3642));
#706=EDGE_LOOP('',(#3643,#3644,#3645,#3646));
#707=EDGE_LOOP('',(#3647,#3648,#3649,#3650));
#708=EDGE_LOOP('',(#3651,#3652,#3653,#3654));
#709=EDGE_LOOP('',(#3655,#3656,#3657,#3658));
#710=EDGE_LOOP('',(#3659,#3660,#3661,#3662));
#711=EDGE_LOOP('',(#3663,#3664,#3665,#3666));
#712=EDGE_LOOP('',(#3667,#3668,#3669,#3670));
#713=EDGE_LOOP('',(#3671,#3672,#3673,#3674));
#714=EDGE_LOOP('',(#3675,#3676,#3677,#3678));
#715=EDGE_LOOP('',(#3679,#3680,#3681,#3682));
#716=EDGE_LOOP('',(#3683,#3684,#3685,#3686));
#717=EDGE_LOOP('',(#3687,#3688,#3689,#3690));
#718=EDGE_LOOP('',(#3691,#3692,#3693,#3694));
#719=EDGE_LOOP('',(#3695,#3696,#3697,#3698));
#720=EDGE_LOOP('',(#3699,#3700,#3701,#3702));
#721=EDGE_LOOP('',(#3703,#3704,#3705,#3706));
#722=EDGE_LOOP('',(#3707,#3708,#3709,#3710));
#723=EDGE_LOOP('',(#3711,#3712,#3713,#3714));
#724=EDGE_LOOP('',(#3715,#3716,#3717,#3718));
#725=EDGE_LOOP('',(#3719,#3720,#3721,#3722));
#726=EDGE_LOOP('',(#3723,#3724,#3725,#3726));
#727=EDGE_LOOP('',(#3727,#3728,#3729,#3730));
#728=EDGE_LOOP('',(#3731,#3732,#3733,#3734));
#729=EDGE_LOOP('',(#3735,#3736,#3737,#3738));
#730=EDGE_LOOP('',(#3739,#3740,#3741,#3742));
#731=EDGE_LOOP('',(#3743,#3744,#3745,#3746));
#732=EDGE_LOOP('',(#3747,#3748,#3749,#3750));
#733=EDGE_LOOP('',(#3751,#3752,#3753,#3754));
#734=EDGE_LOOP('',(#3755,#3756,#3757,#3758));
#735=EDGE_LOOP('',(#3759,#3760,#3761,#3762));
#736=EDGE_LOOP('',(#3763,#3764,#3765,#3766));
#737=EDGE_LOOP('',(#3767,#3768,#3769,#3770));
#738=EDGE_LOOP('',(#3771,#3772,#3773,#3774));
#739=EDGE_LOOP('',(#3775,#3776,#3777,#3778));
#740=EDGE_LOOP('',(#3779,#3780,#3781,#3782));
#741=EDGE_LOOP('',(#3783,#3784,#3785,#3786));
#742=EDGE_LOOP('',(#3787,#3788,#3789,#3790));
#743=EDGE_LOOP('',(#3791,#3792,#3793,#3794));
#744=EDGE_LOOP('',(#3795,#3796,#3797,#3798));
#745=EDGE_LOOP('',(#3799,#3800,#3801,#3802));
#746=EDGE_LOOP('',(#3803,#3804,#3805,#3806));
#747=EDGE_LOOP('',(#3807,#3808,#3809,#3810));
#748=EDGE_LOOP('',(#3811,#3812,#3813,#3814));
#749=EDGE_LOOP('',(#3815,#3816,#3817,#3818));
#750=EDGE_LOOP('',(#3819,#3820,#3821,#3822));
#751=EDGE_LOOP('',(#3823,#3824,#3825,#3826));
#752=EDGE_LOOP('',(#3827,#3828,#3829,#3830));
#753=EDGE_LOOP('',(#3831,#3832,#3833,#3834));
#754=EDGE_LOOP('',(#3835,#3836,#3837,#3838));
#755=EDGE_LOOP('',(#3839,#3840,#3841,#3842));
#756=EDGE_LOOP('',(#3843,#3844,#3845,#3846));
#757=EDGE_LOOP('',(#3847,#3848,#3849,#3850));
#758=EDGE_LOOP('',(#3851,#3852,#3853,#3854));
#759=EDGE_LOOP('',(#3855,#3856,#3857,#3858));
#760=EDGE_LOOP('',(#3859,#3860,#3861,#3862));
#761=EDGE_LOOP('',(#3863,#3864,#3865,#3866));
#762=EDGE_LOOP('',(#3867,#3868,#3869,#3870));
#763=EDGE_LOOP('',(#3871,#3872,#3873,#3874,#3875,#3876,#3877,#3878,#3879));
#764=EDGE_LOOP('',(#3880));
#765=EDGE_LOOP('',(#3881));
#766=EDGE_LOOP('',(#3882,#3883,#3884,#3885,#3886,#3887,#3888,#3889,#3890));
#767=EDGE_LOOP('',(#3891));
#768=EDGE_LOOP('',(#3892));
#769=EDGE_LOOP('',(#3893,#3894,#3895,#3896));
#770=EDGE_LOOP('',(#3897,#3898,#3899,#3900));
#771=EDGE_LOOP('',(#3901,#3902,#3903,#3904));
#772=EDGE_LOOP('',(#3905,#3906,#3907,#3908));
#773=EDGE_LOOP('',(#3909,#3910,#3911,#3912));
#774=CIRCLE('',#4310,4.);
#775=CIRCLE('',#4311,4.);
#776=CIRCLE('',#4313,4.);
#777=CIRCLE('',#4314,4.);
#778=CIRCLE('',#4315,4.);
#779=CIRCLE('',#4316,4.);
#780=CIRCLE('',#4317,4.);
#781=CIRCLE('',#4318,4.);
#782=CIRCLE('',#4319,4.);
#783=CIRCLE('',#4320,4.);
#784=CIRCLE('',#4321,1.75);
#785=CIRCLE('',#4322,1.75);
#786=CIRCLE('',#4323,1.75);
#787=CIRCLE('',#4326,5.4);
#788=CIRCLE('',#4327,5.4);
#789=CIRCLE('',#4336,1.75);
#790=CIRCLE('',#4338,1.75);
#791=CIRCLE('',#4341,1.75);
#792=CIRCLE('',#4343,4.);
#793=CIRCLE('',#4344,4.);
#794=CIRCLE('',#4345,4.);
#795=CIRCLE('',#4346,4.);
#796=CIRCLE('',#4347,4.);
#797=CIRCLE('',#4348,4.);
#798=CIRCLE('',#4349,4.);
#799=CIRCLE('',#4350,4.);
#800=CIRCLE('',#4351,4.);
#801=CIRCLE('',#4352,4.);
#802=CIRCLE('',#4353,4.);
#803=CIRCLE('',#4361,4.);
#804=CIRCLE('',#4362,4.);
#805=CIRCLE('',#4363,4.);
#806=CIRCLE('',#4364,4.);
#807=CIRCLE('',#4365,1.);
#808=CIRCLE('',#4366,0.999999999999998);
#809=CIRCLE('',#4369,8.);
#810=CIRCLE('',#4370,10.);
#811=CIRCLE('',#4371,10.);
#812=CIRCLE('',#4372,3.5);
#813=CIRCLE('',#4373,3.5);
#814=CIRCLE('',#4375,8.);
#815=CIRCLE('',#4376,10.);
#816=CIRCLE('',#4377,10.);
#817=CIRCLE('',#4378,1.3);
#818=CIRCLE('',#4379,1.29999999999999);
#819=CIRCLE('',#4380,2.49999999999999);
#820=CIRCLE('',#4384,2.49999999999999);
#821=CIRCLE('',#4388,0.999999999999998);
#822=CIRCLE('',#4391,1.);
#823=CIRCLE('',#4394,1.29999999999999);
#824=CIRCLE('',#4396,1.3);
#825=CIRCLE('',#4398,3.5);
#826=CIRCLE('',#4399,3.5);
#827=CIRCLE('',#4426,4.00000000000001);
#828=CIRCLE('',#4427,4.00000000000001);
#829=CIRCLE('',#4430,4.);
#830=CIRCLE('',#4431,4.);
#831=CIRCLE('',#4433,1.75);
#832=CIRCLE('',#4434,1.75);
#833=CIRCLE('',#4437,1.75);
#834=CIRCLE('',#4438,1.75);
#835=CIRCLE('',#4440,3.);
#836=CIRCLE('',#4441,3.);
#837=CIRCLE('',#4442,3.);
#838=CIRCLE('',#4443,3.);
#839=CIRCLE('',#4445,3.);
#840=CIRCLE('',#4446,3.);
#841=CIRCLE('',#4447,3.);
#842=CIRCLE('',#4448,3.);
#843=CIRCLE('',#4456,1.);
#844=CIRCLE('',#4459,1.);
#845=CIRCLE('',#4467,1.);
#846=CIRCLE('',#4469,1.);
#847=CIRCLE('',#4479,1.3);
#848=CIRCLE('',#4480,6.2);
#849=CIRCLE('',#4481,6.2);
#850=CIRCLE('',#4483,6.2);
#851=CIRCLE('',#4489,6.2);
#852=CIRCLE('',#4492,1.3);
#853=CIRCLE('',#4494,6.2);
#854=CIRCLE('',#4496,2.5);
#855=CIRCLE('',#4498,2.5);
#856=CIRCLE('',#4501,0.6);
#857=CIRCLE('',#4502,0.6);
#858=CIRCLE('',#4506,0.6);
#859=CIRCLE('',#4507,0.6);
#860=CIRCLE('',#4511,0.6);
#861=CIRCLE('',#4512,0.6);
#862=CIRCLE('',#4517,12.09275);
#863=CIRCLE('',#4518,4.);
#864=CIRCLE('',#4519,5.4);
#865=CIRCLE('',#4520,14.625);
#866=CIRCLE('',#4521,5.4);
#867=CIRCLE('',#4522,12.09275);
#868=CIRCLE('',#4523,5.4);
#869=CIRCLE('',#4524,14.625);
#870=CIRCLE('',#4525,5.4);
#871=CIRCLE('',#4526,12.09275);
#872=CIRCLE('',#4527,5.4);
#873=CIRCLE('',#4528,14.625);
#874=CIRCLE('',#4529,5.4);
#875=CIRCLE('',#4530,12.09275);
#876=CIRCLE('',#4531,5.4);
#877=CIRCLE('',#4532,14.625);
#878=CIRCLE('',#4533,5.4);
#879=CIRCLE('',#4534,12.09275);
#880=CIRCLE('',#4535,5.4);
#881=CIRCLE('',#4536,14.625);
#882=CIRCLE('',#4537,5.4);
#883=CIRCLE('',#4538,12.09275);
#884=CIRCLE('',#4539,5.4);
#885=CIRCLE('',#4540,14.625);
#886=CIRCLE('',#4541,5.4);
#887=CIRCLE('',#4542,12.09275);
#888=CIRCLE('',#4543,5.4);
#889=CIRCLE('',#4544,14.625);
#890=CIRCLE('',#4545,5.4);
#891=CIRCLE('',#4546,12.09275);
#892=CIRCLE('',#4547,5.4);
#893=CIRCLE('',#4548,14.625);
#894=CIRCLE('',#4549,5.4);
#895=CIRCLE('',#4550,12.09275);
#896=CIRCLE('',#4551,5.4);
#897=CIRCLE('',#4552,14.625);
#898=CIRCLE('',#4553,5.4);
#899=CIRCLE('',#4554,12.09275);
#900=CIRCLE('',#4555,5.4);
#901=CIRCLE('',#4556,14.625);
#902=CIRCLE('',#4557,5.4);
#903=CIRCLE('',#4558,12.09275);
#904=CIRCLE('',#4559,5.4);
#905=CIRCLE('',#4560,14.625);
#906=CIRCLE('',#4561,5.4);
#907=CIRCLE('',#4562,1.75);
#908=CIRCLE('',#4563,1.75);
#909=CIRCLE('',#4565,12.09275);
#910=CIRCLE('',#4566,5.4);
#911=CIRCLE('',#4567,14.625);
#912=CIRCLE('',#4568,5.4);
#913=CIRCLE('',#4569,12.09275);
#914=CIRCLE('',#4570,5.4);
#915=CIRCLE('',#4571,14.625);
#916=CIRCLE('',#4572,5.4);
#917=CIRCLE('',#4573,12.09275);
#918=CIRCLE('',#4574,5.4);
#919=CIRCLE('',#4575,14.625);
#920=CIRCLE('',#4576,5.4);
#921=CIRCLE('',#4577,12.09275);
#922=CIRCLE('',#4578,5.4);
#923=CIRCLE('',#4579,14.625);
#924=CIRCLE('',#4580,5.4);
#925=CIRCLE('',#4581,12.09275);
#926=CIRCLE('',#4582,5.4);
#927=CIRCLE('',#4583,14.625);
#928=CIRCLE('',#4584,5.4);
#929=CIRCLE('',#4585,12.09275);
#930=CIRCLE('',#4586,5.4);
#931=CIRCLE('',#4587,14.625);
#932=CIRCLE('',#4588,5.4);
#933=CIRCLE('',#4589,12.09275);
#934=CIRCLE('',#4590,5.4);
#935=CIRCLE('',#4591,14.625);
#936=CIRCLE('',#4592,5.4);
#937=CIRCLE('',#4593,12.09275);
#938=CIRCLE('',#4594,5.4);
#939=CIRCLE('',#4595,14.625);
#940=CIRCLE('',#4596,5.4);
#941=CIRCLE('',#4597,12.09275);
#942=CIRCLE('',#4598,5.4);
#943=CIRCLE('',#4599,14.625);
#944=CIRCLE('',#4600,5.4);
#945=CIRCLE('',#4601,12.09275);
#946=CIRCLE('',#4602,5.4);
#947=CIRCLE('',#4603,14.625);
#948=CIRCLE('',#4604,5.4);
#949=CIRCLE('',#4605,12.09275);
#950=CIRCLE('',#4606,5.4);
#951=CIRCLE('',#4607,14.625);
#952=CIRCLE('',#4608,5.4);
#953=CIRCLE('',#4609,4.);
#954=CIRCLE('',#4610,1.75);
#955=CIRCLE('',#4611,1.75);
#956=CIRCLE('',#4663,5.4);
#957=CIRCLE('',#4664,14.625);
#958=CIRCLE('',#4665,5.4);
#959=CIRCLE('',#4666,12.09275);
#960=CIRCLE('',#4667,5.4);
#961=CIRCLE('',#4668,14.625);
#962=CIRCLE('',#4669,5.4);
#963=CIRCLE('',#4670,12.09275);
#964=CIRCLE('',#4671,5.4);
#965=CIRCLE('',#4672,14.625);
#966=CIRCLE('',#4673,5.4);
#967=CIRCLE('',#4674,12.09275);
#968=CIRCLE('',#4675,5.4);
#969=CIRCLE('',#4676,14.625);
#970=CIRCLE('',#4677,5.4);
#971=CIRCLE('',#4678,12.09275);
#972=CIRCLE('',#4679,5.4);
#973=CIRCLE('',#4680,14.625);
#974=CIRCLE('',#4681,5.4);
#975=CIRCLE('',#4682,12.09275);
#976=CIRCLE('',#4683,5.4);
#977=CIRCLE('',#4684,14.625);
#978=CIRCLE('',#4685,5.4);
#979=CIRCLE('',#4686,12.09275);
#980=CIRCLE('',#4687,5.4);
#981=CIRCLE('',#4688,14.625);
#982=CIRCLE('',#4689,5.4);
#983=CIRCLE('',#4690,12.09275);
#984=CIRCLE('',#4691,5.4);
#985=CIRCLE('',#4692,14.625);
#986=CIRCLE('',#4693,5.4);
#987=CIRCLE('',#4694,12.09275);
#988=CIRCLE('',#4695,5.4);
#989=CIRCLE('',#4696,14.625);
#990=CIRCLE('',#4697,5.4);
#991=CIRCLE('',#4698,12.09275);
#992=CIRCLE('',#4699,5.4);
#993=CIRCLE('',#4700,14.625);
#994=CIRCLE('',#4701,5.4);
#995=CIRCLE('',#4702,12.09275);
#996=CIRCLE('',#4703,4.);
#997=CIRCLE('',#4704,12.09275);
#998=CIRCLE('',#4705,5.4);
#999=CIRCLE('',#4706,14.6250000000001);
#1000=CIRCLE('',#4707,5.4);
#1001=CIRCLE('',#4708,12.09275);
#1002=CIRCLE('',#4709,1.75);
#1003=CIRCLE('',#4710,1.3);
#1004=CIRCLE('',#4711,1.3);
#1005=CIRCLE('',#4712,2.4);
#1006=CIRCLE('',#4714,5.4);
#1007=CIRCLE('',#4715,12.09275);
#1008=CIRCLE('',#4716,5.4);
#1009=CIRCLE('',#4717,14.6250000000001);
#1010=CIRCLE('',#4718,5.4);
#1011=CIRCLE('',#4719,12.09275);
#1012=CIRCLE('',#4720,4.);
#1013=CIRCLE('',#4721,12.09275);
#1014=CIRCLE('',#4722,5.4);
#1015=CIRCLE('',#4723,14.625);
#1016=CIRCLE('',#4724,5.4);
#1017=CIRCLE('',#4725,12.09275);
#1018=CIRCLE('',#4726,5.4);
#1019=CIRCLE('',#4727,14.625);
#1020=CIRCLE('',#4728,5.4);
#1021=CIRCLE('',#4729,12.09275);
#1022=CIRCLE('',#4730,5.4);
#1023=CIRCLE('',#4731,14.625);
#1024=CIRCLE('',#4732,5.4);
#1025=CIRCLE('',#4733,12.09275);
#1026=CIRCLE('',#4734,5.4);
#1027=CIRCLE('',#4735,14.625);
#1028=CIRCLE('',#4736,5.4);
#1029=CIRCLE('',#4737,12.09275);
#1030=CIRCLE('',#4738,5.4);
#1031=CIRCLE('',#4739,14.625);
#1032=CIRCLE('',#4740,5.4);
#1033=CIRCLE('',#4741,12.09275);
#1034=CIRCLE('',#4742,5.4);
#1035=CIRCLE('',#4743,14.625);
#1036=CIRCLE('',#4744,5.4);
#1037=CIRCLE('',#4745,12.09275);
#1038=CIRCLE('',#4746,5.4);
#1039=CIRCLE('',#4747,14.625);
#1040=CIRCLE('',#4748,5.4);
#1041=CIRCLE('',#4749,12.09275);
#1042=CIRCLE('',#4750,5.4);
#1043=CIRCLE('',#4751,14.625);
#1044=CIRCLE('',#4752,5.4);
#1045=CIRCLE('',#4753,12.09275);
#1046=CIRCLE('',#4754,5.4);
#1047=CIRCLE('',#4755,14.625);
#1048=CIRCLE('',#4756,5.4);
#1049=CIRCLE('',#4757,12.09275);
#1050=CIRCLE('',#4758,5.4);
#1051=CIRCLE('',#4759,14.625);
#1052=CIRCLE('',#4760,1.3);
#1053=CIRCLE('',#4761,1.3);
#1054=CIRCLE('',#4762,2.4);
#1055=CIRCLE('',#4763,1.75);
#1056=CIRCLE('',#4819,5.);
#1057=CIRCLE('',#4820,5.);
#1058=CIRCLE('',#4823,5.);
#1059=CIRCLE('',#4824,5.);
#1060=CIRCLE('',#4827,1.75);
#1061=CIRCLE('',#4828,1.75);
#1062=CIRCLE('',#4830,1.75);
#1063=CIRCLE('',#4831,1.75);
#1064=LINE('',#6237,#1375);
#1065=LINE('',#6239,#1376);
#1066=LINE('',#6241,#1377);
#1067=LINE('',#6245,#1378);
#1068=LINE('',#6250,#1379);
#1069=LINE('',#6254,#1380);
#1070=LINE('',#6258,#1381);
#1071=LINE('',#6262,#1382);
#1072=LINE('',#6266,#1383);
#1073=LINE('',#6270,#1384);
#1074=LINE('',#6274,#1385);
#1075=LINE('',#6278,#1386);
#1076=LINE('',#6288,#1387);
#1077=LINE('',#6290,#1388);
#1078=LINE('',#6291,#1389);
#1079=LINE('',#6296,#1390);
#1080=LINE('',#6301,#1391);
#1081=LINE('',#6302,#1392);
#1082=LINE('',#6304,#1393);
#1083=LINE('',#6306,#1394);
#1084=LINE('',#6307,#1395);
#1085=LINE('',#6310,#1396);
#1086=LINE('',#6312,#1397);
#1087=LINE('',#6313,#1398);
#1088=LINE('',#6316,#1399);
#1089=LINE('',#6318,#1400);
#1090=LINE('',#6319,#1401);
#1091=LINE('',#6322,#1402);
#1092=LINE('',#6324,#1403);
#1093=LINE('',#6325,#1404);
#1094=LINE('',#6328,#1405);
#1095=LINE('',#6330,#1406);
#1096=LINE('',#6331,#1407);
#1097=LINE('',#6334,#1408);
#1098=LINE('',#6336,#1409);
#1099=LINE('',#6337,#1410);
#1100=LINE('',#6340,#1411);
#1101=LINE('',#6342,#1412);
#1102=LINE('',#6343,#1413);
#1103=LINE('',#6347,#1414);
#1104=LINE('',#6351,#1415);
#1105=LINE('',#6354,#1416);
#1106=LINE('',#6356,#1417);
#1107=LINE('',#6358,#1418);
#1108=LINE('',#6360,#1419);
#1109=LINE('',#6361,#1420);
#1110=LINE('',#6365,#1421);
#1111=LINE('',#6372,#1422);
#1112=LINE('',#6379,#1423);
#1113=LINE('',#6381,#1424);
#1114=LINE('',#6383,#1425);
#1115=LINE('',#6391,#1426);
#1116=LINE('',#6393,#1427);
#1117=LINE('',#6395,#1428);
#1118=LINE('',#6396,#1429);
#1119=LINE('',#6399,#1430);
#1120=LINE('',#6401,#1431);
#1121=LINE('',#6402,#1432);
#1122=LINE('',#6405,#1433);
#1123=LINE('',#6407,#1434);
#1124=LINE('',#6408,#1435);
#1125=LINE('',#6411,#1436);
#1126=LINE('',#6413,#1437);
#1127=LINE('',#6414,#1438);
#1128=LINE('',#6417,#1439);
#1129=LINE('',#6419,#1440);
#1130=LINE('',#6420,#1441);
#1131=LINE('',#6422,#1442);
#1132=LINE('',#6423,#1443);
#1133=LINE('',#6428,#1444);
#1134=LINE('',#6439,#1445);
#1135=LINE('',#6442,#1446);
#1136=LINE('',#6443,#1447);
#1137=LINE('',#6444,#1448);
#1138=LINE('',#6448,#1449);
#1139=LINE('',#6452,#1450);
#1140=LINE('',#6456,#1451);
#1141=LINE('',#6461,#1452);
#1142=LINE('',#6465,#1453);
#1143=LINE('',#6469,#1454);
#1144=LINE('',#6472,#1455);
#1145=LINE('',#6474,#1456);
#1146=LINE('',#6475,#1457);
#1147=LINE('',#6483,#1458);
#1148=LINE('',#6484,#1459);
#1149=LINE('',#6486,#1460);
#1150=LINE('',#6487,#1461);
#1151=LINE('',#6491,#1462);
#1152=LINE('',#6497,#1463);
#1153=LINE('',#6502,#1464);
#1154=LINE('',#6506,#1465);
#1155=LINE('',#6510,#1466);
#1156=LINE('',#6515,#1467);
#1157=LINE('',#6519,#1468);
#1158=LINE('',#6522,#1469);
#1159=LINE('',#6523,#1470);
#1160=LINE('',#6525,#1471);
#1161=LINE('',#6526,#1472);
#1162=LINE('',#6548,#1473);
#1163=LINE('',#6556,#1474);
#1164=LINE('',#6559,#1475);
#1165=LINE('',#6563,#1476);
#1166=LINE('',#6565,#1477);
#1167=LINE('',#6567,#1478);
#1168=LINE('',#6568,#1479);
#1169=LINE('',#6574,#1480);
#1170=LINE('',#6577,#1481);
#1171=LINE('',#6582,#1482);
#1172=LINE('',#6587,#1483);
#1173=LINE('',#6589,#1484);
#1174=LINE('',#6591,#1485);
#1175=LINE('',#6592,#1486);
#1176=LINE('',#6597,#1487);
#1177=LINE('',#6617,#1488);
#1178=LINE('',#6619,#1489);
#1179=LINE('',#6621,#1490);
#1180=LINE('',#6622,#1491);
#1181=LINE('',#6625,#1492);
#1182=LINE('',#6629,#1493);
#1183=LINE('',#6631,#1494);
#1184=LINE('',#6633,#1495);
#1185=LINE('',#6635,#1496);
#1186=LINE('',#6636,#1497);
#1187=LINE('',#6639,#1498);
#1188=LINE('',#6640,#1499);
#1189=LINE('',#6645,#1500);
#1190=LINE('',#6647,#1501);
#1191=LINE('',#6649,#1502);
#1192=LINE('',#6651,#1503);
#1193=LINE('',#6652,#1504);
#1194=LINE('',#6654,#1505);
#1195=LINE('',#6655,#1506);
#1196=LINE('',#6657,#1507);
#1197=LINE('',#6660,#1508);
#1198=LINE('',#6662,#1509);
#1199=LINE('',#6667,#1510);
#1200=LINE('',#6671,#1511);
#1201=LINE('',#6673,#1512);
#1202=LINE('',#6675,#1513);
#1203=LINE('',#6677,#1514);
#1204=LINE('',#6679,#1515);
#1205=LINE('',#6680,#1516);
#1206=LINE('',#6684,#1517);
#1207=LINE('',#6686,#1518);
#1208=LINE('',#6688,#1519);
#1209=LINE('',#6690,#1520);
#1210=LINE('',#6692,#1521);
#1211=LINE('',#6694,#1522);
#1212=LINE('',#6696,#1523);
#1213=LINE('',#6699,#1524);
#1214=LINE('',#6700,#1525);
#1215=LINE('',#6702,#1526);
#1216=LINE('',#6703,#1527);
#1217=LINE('',#6705,#1528);
#1218=LINE('',#6707,#1529);
#1219=LINE('',#6710,#1530);
#1220=LINE('',#6711,#1531);
#1221=LINE('',#6721,#1532);
#1222=LINE('',#6723,#1533);
#1223=LINE('',#6725,#1534);
#1224=LINE('',#6731,#1535);
#1225=LINE('',#6732,#1536);
#1226=LINE('',#6736,#1537);
#1227=LINE('',#6737,#1538);
#1228=LINE('',#6738,#1539);
#1229=LINE('',#6741,#1540);
#1230=LINE('',#6742,#1541);
#1231=LINE('',#6745,#1542);
#1232=LINE('',#6747,#1543);
#1233=LINE('',#6748,#1544);
#1234=LINE('',#6750,#1545);
#1235=LINE('',#6751,#1546);
#1236=LINE('',#6757,#1547);
#1237=LINE('',#6760,#1548);
#1238=LINE('',#6768,#1549);
#1239=LINE('',#6775,#1550);
#1240=LINE('',#6783,#1551);
#1241=LINE('',#6791,#1552);
#1242=LINE('',#6801,#1553);
#1243=LINE('',#6805,#1554);
#1244=LINE('',#6898,#1555);
#1245=LINE('',#6988,#1556);
#1246=LINE('',#6995,#1557);
#1247=LINE('',#6996,#1558);
#1248=LINE('',#6998,#1559);
#1249=LINE('',#7000,#1560);
#1250=LINE('',#7002,#1561);
#1251=LINE('',#7004,#1562);
#1252=LINE('',#7006,#1563);
#1253=LINE('',#7008,#1564);
#1254=LINE('',#7010,#1565);
#1255=LINE('',#7012,#1566);
#1256=LINE('',#7014,#1567);
#1257=LINE('',#7016,#1568);
#1258=LINE('',#7018,#1569);
#1259=LINE('',#7020,#1570);
#1260=LINE('',#7022,#1571);
#1261=LINE('',#7024,#1572);
#1262=LINE('',#7026,#1573);
#1263=LINE('',#7028,#1574);
#1264=LINE('',#7030,#1575);
#1265=LINE('',#7032,#1576);
#1266=LINE('',#7034,#1577);
#1267=LINE('',#7036,#1578);
#1268=LINE('',#7038,#1579);
#1269=LINE('',#7040,#1580);
#1270=LINE('',#7042,#1581);
#1271=LINE('',#7044,#1582);
#1272=LINE('',#7046,#1583);
#1273=LINE('',#7048,#1584);
#1274=LINE('',#7050,#1585);
#1275=LINE('',#7052,#1586);
#1276=LINE('',#7054,#1587);
#1277=LINE('',#7056,#1588);
#1278=LINE('',#7058,#1589);
#1279=LINE('',#7060,#1590);
#1280=LINE('',#7062,#1591);
#1281=LINE('',#7064,#1592);
#1282=LINE('',#7066,#1593);
#1283=LINE('',#7068,#1594);
#1284=LINE('',#7070,#1595);
#1285=LINE('',#7072,#1596);
#1286=LINE('',#7074,#1597);
#1287=LINE('',#7076,#1598);
#1288=LINE('',#7078,#1599);
#1289=LINE('',#7080,#1600);
#1290=LINE('',#7082,#1601);
#1291=LINE('',#7084,#1602);
#1292=LINE('',#7086,#1603);
#1293=LINE('',#7089,#1604);
#1294=LINE('',#7091,#1605);
#1295=LINE('',#7096,#1606);
#1296=LINE('',#7178,#1607);
#1297=LINE('',#7182,#1608);
#1298=LINE('',#7205,#1609);
#1299=LINE('',#7217,#1610);
#1300=LINE('',#7221,#1611);
#1301=LINE('',#7308,#1612);
#1302=LINE('',#7309,#1613);
#1303=LINE('',#7311,#1614);
#1304=LINE('',#7313,#1615);
#1305=LINE('',#7315,#1616);
#1306=LINE('',#7317,#1617);
#1307=LINE('',#7319,#1618);
#1308=LINE('',#7321,#1619);
#1309=LINE('',#7323,#1620);
#1310=LINE('',#7325,#1621);
#1311=LINE('',#7327,#1622);
#1312=LINE('',#7329,#1623);
#1313=LINE('',#7331,#1624);
#1314=LINE('',#7333,#1625);
#1315=LINE('',#7335,#1626);
#1316=LINE('',#7337,#1627);
#1317=LINE('',#7339,#1628);
#1318=LINE('',#7341,#1629);
#1319=LINE('',#7343,#1630);
#1320=LINE('',#7345,#1631);
#1321=LINE('',#7347,#1632);
#1322=LINE('',#7349,#1633);
#1323=LINE('',#7351,#1634);
#1324=LINE('',#7353,#1635);
#1325=LINE('',#7355,#1636);
#1326=LINE('',#7357,#1637);
#1327=LINE('',#7359,#1638);
#1328=LINE('',#7361,#1639);
#1329=LINE('',#7363,#1640);
#1330=LINE('',#7365,#1641);
#1331=LINE('',#7367,#1642);
#1332=LINE('',#7369,#1643);
#1333=LINE('',#7371,#1644);
#1334=LINE('',#7373,#1645);
#1335=LINE('',#7375,#1646);
#1336=LINE('',#7377,#1647);
#1337=LINE('',#7379,#1648);
#1338=LINE('',#7381,#1649);
#1339=LINE('',#7383,#1650);
#1340=LINE('',#7385,#1651);
#1341=LINE('',#7387,#1652);
#1342=LINE('',#7389,#1653);
#1343=LINE('',#7390,#1654);
#1344=LINE('',#7392,#1655);
#1345=LINE('',#7394,#1656);
#1346=LINE('',#7397,#1657);
#1347=LINE('',#7399,#1658);
#1348=LINE('',#7400,#1659);
#1349=LINE('',#7402,#1660);
#1350=LINE('',#7404,#1661);
#1351=LINE('',#7408,#1662);
#1352=LINE('',#7410,#1663);
#1353=LINE('',#7412,#1664);
#1354=LINE('',#7417,#1665);
#1355=LINE('',#7421,#1666);
#1356=LINE('',#7426,#1667);
#1357=LINE('',#7428,#1668);
#1358=LINE('',#7430,#1669);
#1359=LINE('',#7431,#1670);
#1360=LINE('',#7436,#1671);
#1361=LINE('',#7439,#1672);
#1362=LINE('',#7440,#1673);
#1363=LINE('',#7445,#1674);
#1364=LINE('',#7451,#1675);
#1365=LINE('',#7455,#1676);
#1366=LINE('',#7461,#1677);
#1367=LINE('',#7463,#1678);
#1368=LINE('',#7475,#1679);
#1369=LINE('',#7477,#1680);
#1370=LINE('',#7482,#1681);
#1371=LINE('',#7484,#1682);
#1372=LINE('',#7485,#1683);
#1373=LINE('',#7487,#1684);
#1374=LINE('',#7496,#1685);
#1375=VECTOR('',#4851,19.6568542494924);
#1376=VECTOR('',#4852,9.99999999999871);
#1377=VECTOR('',#4853,6.34314575050763);
#1378=VECTOR('',#4856,10.8284271247462);
#1379=VECTOR('',#4861,7.05572808999955);
#1380=VECTOR('',#4864,12.0452560133437);
#1381=VECTOR('',#4867,24.7407350339483);
#1382=VECTOR('',#4870,13.746286309416);
#1383=VECTOR('',#4873,11.718529932096);
#1384=VECTOR('',#4876,14.67591879244);
#1385=VECTOR('',#4879,16.0806935165727);
#1386=VECTOR('',#4882,5.94427190999917);
#1387=VECTOR('',#4893,5.);
#1388=VECTOR('',#4894,5.94427190999917);
#1389=VECTOR('',#4895,5.);
#1390=VECTOR('',#4900,5.4);
#1391=VECTOR('',#4905,22.4000000000037);
#1392=VECTOR('',#4906,5.49999999999545);
#1393=VECTOR('',#4907,5.);
#1394=VECTOR('',#4908,2.74314575051125);
#1395=VECTOR('',#4909,10.5);
#1396=VECTOR('',#4912,5.);
#1397=VECTOR('',#4913,10.8284271247462);
#1398=VECTOR('',#4914,5.);
#1399=VECTOR('',#4917,5.);
#1400=VECTOR('',#4918,6.34314575050763);
#1401=VECTOR('',#4919,5.);
#1402=VECTOR('',#4922,5.);
#1403=VECTOR('',#4923,16.0806935165727);
#1404=VECTOR('',#4924,5.);
#1405=VECTOR('',#4927,5.);
#1406=VECTOR('',#4928,14.67591879244);
#1407=VECTOR('',#4929,5.);
#1408=VECTOR('',#4932,5.);
#1409=VECTOR('',#4933,11.718529932096);
#1410=VECTOR('',#4934,5.);
#1411=VECTOR('',#4937,5.);
#1412=VECTOR('',#4938,13.746286309416);
#1413=VECTOR('',#4939,5.);
#1414=VECTOR('',#4944,1.75);
#1415=VECTOR('',#4949,1.75);
#1416=VECTOR('',#4952,5.5);
#1417=VECTOR('',#4953,27.);
#1418=VECTOR('',#4954,10.5);
#1419=VECTOR('',#4955,2.25926496605166);
#1420=VECTOR('',#4956,5.);
#1421=VECTOR('',#4961,1.75);
#1422=VECTOR('',#4970,12.);
#1423=VECTOR('',#4979,18.);
#1424=VECTOR('',#4980,8.);
#1425=VECTOR('',#4981,24.9442719099992);
#1426=VECTOR('',#4992,9.);
#1427=VECTOR('',#4993,13.);
#1428=VECTOR('',#4994,9.);
#1429=VECTOR('',#4995,13.);
#1430=VECTOR('',#4998,23.);
#1431=VECTOR('',#4999,9.);
#1432=VECTOR('',#5000,23.);
#1433=VECTOR('',#5003,13.);
#1434=VECTOR('',#5004,9.);
#1435=VECTOR('',#5005,13.);
#1436=VECTOR('',#5008,10.5);
#1437=VECTOR('',#5009,12.);
#1438=VECTOR('',#5010,10.5);
#1439=VECTOR('',#5013,5.5);
#1440=VECTOR('',#5014,12.0452560133437);
#1441=VECTOR('',#5015,5.5);
#1442=VECTOR('',#5018,23.);
#1443=VECTOR('',#5019,23.);
#1444=VECTOR('',#5026,12.);
#1445=VECTOR('',#5039,13.3205206202365);
#1446=VECTOR('',#5042,19.3693817634679);
#1447=VECTOR('',#5043,5.5);
#1448=VECTOR('',#5044,5.);
#1449=VECTOR('',#5047,8.);
#1450=VECTOR('',#5050,7.);
#1451=VECTOR('',#5053,7.);
#1452=VECTOR('',#5058,13.223018791941);
#1453=VECTOR('',#5061,13.3205206202365);
#1454=VECTOR('',#5064,8.00000000000001);
#1455=VECTOR('',#5067,9.);
#1456=VECTOR('',#5068,10.);
#1457=VECTOR('',#5069,6.16666666666555);
#1458=VECTOR('',#5078,8.);
#1459=VECTOR('',#5079,8.);
#1460=VECTOR('',#5082,8.);
#1461=VECTOR('',#5083,8.);
#1462=VECTOR('',#5088,2.49999999999999);
#1463=VECTOR('',#5097,0.999999999999998);
#1464=VECTOR('',#5104,1.);
#1465=VECTOR('',#5109,1.29999999999999);
#1466=VECTOR('',#5114,1.3);
#1467=VECTOR('',#5119,7.);
#1468=VECTOR('',#5122,7.);
#1469=VECTOR('',#5127,3.);
#1470=VECTOR('',#5128,3.);
#1471=VECTOR('',#5131,3.);
#1472=VECTOR('',#5132,3.);
#1473=VECTOR('',#5175,8.);
#1474=VECTOR('',#5184,4.);
#1475=VECTOR('',#5187,4.);
#1476=VECTOR('',#5190,22.3397459621556);
#1477=VECTOR('',#5191,4.);
#1478=VECTOR('',#5192,22.3397459621556);
#1479=VECTOR('',#5193,4.);
#1480=VECTOR('',#5198,4.);
#1481=VECTOR('',#5201,4.);
#1482=VECTOR('',#5206,1.75);
#1483=VECTOR('',#5211,22.3397459621556);
#1484=VECTOR('',#5212,4.);
#1485=VECTOR('',#5213,22.3397459621556);
#1486=VECTOR('',#5214,4.);
#1487=VECTOR('',#5219,1.75);
#1488=VECTOR('',#5254,2.4);
#1489=VECTOR('',#5255,5.65);
#1490=VECTOR('',#5256,2.4);
#1491=VECTOR('',#5257,5.65);
#1492=VECTOR('',#5260,1.66483534557549);
#1493=VECTOR('',#5263,1.66483534557549);
#1494=VECTOR('',#5264,5.65);
#1495=VECTOR('',#5265,5.);
#1496=VECTOR('',#5266,12.4);
#1497=VECTOR('',#5267,5.);
#1498=VECTOR('',#5270,2.4);
#1499=VECTOR('',#5271,5.);
#1500=VECTOR('',#5276,1.66483534557549);
#1501=VECTOR('',#5277,12.4);
#1502=VECTOR('',#5278,5.);
#1503=VECTOR('',#5279,5.65);
#1504=VECTOR('',#5280,1.66483534557549);
#1505=VECTOR('',#5283,2.4);
#1506=VECTOR('',#5284,2.4);
#1507=VECTOR('',#5287,2.4);
#1508=VECTOR('',#5292,2.4);
#1509=VECTOR('',#5295,2.4);
#1510=VECTOR('',#5300,1.66483534557549);
#1511=VECTOR('',#5303,1.66483534557549);
#1512=VECTOR('',#5304,5.65);
#1513=VECTOR('',#5305,5.);
#1514=VECTOR('',#5306,12.4);
#1515=VECTOR('',#5307,5.);
#1516=VECTOR('',#5308,5.65);
#1517=VECTOR('',#5311,1.66483534557549);
#1518=VECTOR('',#5312,5.65);
#1519=VECTOR('',#5313,5.);
#1520=VECTOR('',#5314,12.4);
#1521=VECTOR('',#5315,5.);
#1522=VECTOR('',#5316,5.65);
#1523=VECTOR('',#5317,1.66483534557549);
#1524=VECTOR('',#5322,2.4);
#1525=VECTOR('',#5323,2.4);
#1526=VECTOR('',#5326,2.4);
#1527=VECTOR('',#5327,2.4);
#1528=VECTOR('',#5330,2.4);
#1529=VECTOR('',#5333,2.4);
#1530=VECTOR('',#5338,2.4);
#1531=VECTOR('',#5339,2.4);
#1532=VECTOR('',#5350,16.4);
#1533=VECTOR('',#5351,12.4);
#1534=VECTOR('',#5352,16.4);
#1535=VECTOR('',#5359,6.2);
#1536=VECTOR('',#5360,6.2);
#1537=VECTOR('',#5363,12.4);
#1538=VECTOR('',#5364,22.3);
#1539=VECTOR('',#5365,22.3);
#1540=VECTOR('',#5368,22.6);
#1541=VECTOR('',#5369,22.3);
#1542=VECTOR('',#5372,12.4);
#1543=VECTOR('',#5373,22.3);
#1544=VECTOR('',#5374,6.2);
#1545=VECTOR('',#5377,22.6);
#1546=VECTOR('',#5378,6.2);
#1547=VECTOR('',#5387,4.3);
#1548=VECTOR('',#5390,4.3);
#1549=VECTOR('',#5401,2.5);
#1550=VECTOR('',#5410,0.6);
#1551=VECTOR('',#5421,0.6);
#1552=VECTOR('',#5432,0.6);
#1553=VECTOR('',#5445,19.3379623834085);
#1554=VECTOR('',#5448,18.5620155099745);
#1555=VECTOR('',#5541,19.3379623834085);
#1556=VECTOR('',#5630,18.5620155099745);
#1557=VECTOR('',#5639,4.);
#1558=VECTOR('',#5640,4.);
#1559=VECTOR('',#5643,4.);
#1560=VECTOR('',#5646,4.);
#1561=VECTOR('',#5649,4.);
#1562=VECTOR('',#5652,4.);
#1563=VECTOR('',#5655,4.);
#1564=VECTOR('',#5658,4.);
#1565=VECTOR('',#5661,4.);
#1566=VECTOR('',#5664,4.);
#1567=VECTOR('',#5667,4.);
#1568=VECTOR('',#5670,4.);
#1569=VECTOR('',#5673,4.);
#1570=VECTOR('',#5676,4.);
#1571=VECTOR('',#5679,4.);
#1572=VECTOR('',#5682,4.);
#1573=VECTOR('',#5685,4.);
#1574=VECTOR('',#5688,4.);
#1575=VECTOR('',#5691,4.);
#1576=VECTOR('',#5694,4.);
#1577=VECTOR('',#5697,4.);
#1578=VECTOR('',#5700,4.);
#1579=VECTOR('',#5703,4.);
#1580=VECTOR('',#5706,4.);
#1581=VECTOR('',#5709,4.);
#1582=VECTOR('',#5712,4.);
#1583=VECTOR('',#5715,4.);
#1584=VECTOR('',#5718,4.);
#1585=VECTOR('',#5721,4.);
#1586=VECTOR('',#5724,4.);
#1587=VECTOR('',#5727,4.);
#1588=VECTOR('',#5730,4.);
#1589=VECTOR('',#5733,4.);
#1590=VECTOR('',#5736,4.);
#1591=VECTOR('',#5739,4.);
#1592=VECTOR('',#5742,4.);
#1593=VECTOR('',#5745,4.);
#1594=VECTOR('',#5748,4.);
#1595=VECTOR('',#5751,4.);
#1596=VECTOR('',#5754,4.);
#1597=VECTOR('',#5757,4.);
#1598=VECTOR('',#5760,4.);
#1599=VECTOR('',#5763,4.);
#1600=VECTOR('',#5766,4.);
#1601=VECTOR('',#5769,4.);
#1602=VECTOR('',#5772,4.);
#1603=VECTOR('',#5775,4.);
#1604=VECTOR('',#5780,1.75);
#1605=VECTOR('',#5783,1.75);
#1606=VECTOR('',#5788,0.757674799805365);
#1607=VECTOR('',#5869,19.3379623834085);
#1608=VECTOR('',#5872,19.3379623834085);
#1609=VECTOR('',#5895,0.757674799805365);
#1610=VECTOR('',#5906,19.3379623834085);
#1611=VECTOR('',#5909,19.3379623834085);
#1612=VECTOR('',#5998,4.);
#1613=VECTOR('',#5999,4.);
#1614=VECTOR('',#6002,4.);
#1615=VECTOR('',#6005,4.);
#1616=VECTOR('',#6008,4.);
#1617=VECTOR('',#6011,4.);
#1618=VECTOR('',#6014,4.);
#1619=VECTOR('',#6017,4.);
#1620=VECTOR('',#6020,4.);
#1621=VECTOR('',#6023,4.);
#1622=VECTOR('',#6026,4.);
#1623=VECTOR('',#6029,4.);
#1624=VECTOR('',#6032,4.);
#1625=VECTOR('',#6035,4.);
#1626=VECTOR('',#6038,4.);
#1627=VECTOR('',#6041,4.);
#1628=VECTOR('',#6044,4.);
#1629=VECTOR('',#6047,4.);
#1630=VECTOR('',#6050,4.);
#1631=VECTOR('',#6053,4.);
#1632=VECTOR('',#6056,4.);
#1633=VECTOR('',#6059,4.);
#1634=VECTOR('',#6062,4.);
#1635=VECTOR('',#6065,4.);
#1636=VECTOR('',#6068,4.);
#1637=VECTOR('',#6071,4.);
#1638=VECTOR('',#6074,4.);
#1639=VECTOR('',#6077,4.);
#1640=VECTOR('',#6080,4.);
#1641=VECTOR('',#6083,4.);
#1642=VECTOR('',#6086,4.);
#1643=VECTOR('',#6089,4.);
#1644=VECTOR('',#6092,4.);
#1645=VECTOR('',#6095,4.);
#1646=VECTOR('',#6098,4.);
#1647=VECTOR('',#6101,4.);
#1648=VECTOR('',#6104,4.);
#1649=VECTOR('',#6107,4.);
#1650=VECTOR('',#6110,4.);
#1651=VECTOR('',#6113,4.);
#1652=VECTOR('',#6116,4.);
#1653=VECTOR('',#6119,4.);
#1654=VECTOR('',#6120,4.);
#1655=VECTOR('',#6123,4.);
#1656=VECTOR('',#6126,4.);
#1657=VECTOR('',#6131,1.75);
#1658=VECTOR('',#6134,4.);
#1659=VECTOR('',#6135,4.);
#1660=VECTOR('',#6138,4.);
#1661=VECTOR('',#6141,4.);
#1662=VECTOR('',#6148,2.4);
#1663=VECTOR('',#6151,1.3);
#1664=VECTOR('',#6154,1.3);
#1665=VECTOR('',#6159,8.5);
#1666=VECTOR('',#6162,8.5);
#1667=VECTOR('',#6167,8.5);
#1668=VECTOR('',#6168,8.69497475868377);
#1669=VECTOR('',#6169,8.5);
#1670=VECTOR('',#6170,8.69497475868377);
#1671=VECTOR('',#6175,8.5);
#1672=VECTOR('',#6180,22.);
#1673=VECTOR('',#6181,22.);
#1674=VECTOR('',#6186,1.75);
#1675=VECTOR('',#6193,1.75);
#1676=VECTOR('',#6198,9.89532705973782);
#1677=VECTOR('',#6199,8.);
#1678=VECTOR('',#6200,4.00000000000001);
#1679=VECTOR('',#6203,4.00000000000001);
#1680=VECTOR('',#6204,8.);
#1681=VECTOR('',#6205,9.89532705973782);
#1682=VECTOR('',#6208,8.5);
#1683=VECTOR('',#6209,8.5);
#1684=VECTOR('',#6212,8.5);
#1685=VECTOR('',#6213,8.5);
#1686=VERTEX_POINT('',#6235);
#1687=VERTEX_POINT('',#6236);
#1688=VERTEX_POINT('',#6238);
#1689=VERTEX_POINT('',#6240);
#1690=VERTEX_POINT('',#6242);
#1691=VERTEX_POINT('',#6244);
#1692=VERTEX_POINT('',#6248);
#1693=VERTEX_POINT('',#6249);
#1694=VERTEX_POINT('',#6251);
#1695=VERTEX_POINT('',#6253);
#1696=VERTEX_POINT('',#6255);
#1697=VERTEX_POINT('',#6257);
#1698=VERTEX_POINT('',#6259);
#1699=VERTEX_POINT('',#6261);
#1700=VERTEX_POINT('',#6263);
#1701=VERTEX_POINT('',#6265);
#1702=VERTEX_POINT('',#6267);
#1703=VERTEX_POINT('',#6269);
#1704=VERTEX_POINT('',#6271);
#1705=VERTEX_POINT('',#6273);
#1706=VERTEX_POINT('',#6275);
#1707=VERTEX_POINT('',#6277);
#1708=VERTEX_POINT('',#6280);
#1709=VERTEX_POINT('',#6282);
#1710=VERTEX_POINT('',#6284);
#1711=VERTEX_POINT('',#6287);
#1712=VERTEX_POINT('',#6289);
#1713=VERTEX_POINT('',#6293);
#1714=VERTEX_POINT('',#6295);
#1715=VERTEX_POINT('',#6299);
#1716=VERTEX_POINT('',#6300);
#1717=VERTEX_POINT('',#6303);
#1718=VERTEX_POINT('',#6305);
#1719=VERTEX_POINT('',#6309);
#1720=VERTEX_POINT('',#6311);
#1721=VERTEX_POINT('',#6315);
#1722=VERTEX_POINT('',#6317);
#1723=VERTEX_POINT('',#6321);
#1724=VERTEX_POINT('',#6323);
#1725=VERTEX_POINT('',#6327);
#1726=VERTEX_POINT('',#6329);
#1727=VERTEX_POINT('',#6333);
#1728=VERTEX_POINT('',#6335);
#1729=VERTEX_POINT('',#6339);
#1730=VERTEX_POINT('',#6341);
#1731=VERTEX_POINT('',#6345);
#1732=VERTEX_POINT('',#6349);
#1733=VERTEX_POINT('',#6353);
#1734=VERTEX_POINT('',#6355);
#1735=VERTEX_POINT('',#6357);
#1736=VERTEX_POINT('',#6359);
#1737=VERTEX_POINT('',#6363);
#1738=VERTEX_POINT('',#6369);
#1739=VERTEX_POINT('',#6371);
#1740=VERTEX_POINT('',#6376);
#1741=VERTEX_POINT('',#6378);
#1742=VERTEX_POINT('',#6380);
#1743=VERTEX_POINT('',#6382);
#1744=VERTEX_POINT('',#6389);
#1745=VERTEX_POINT('',#6390);
#1746=VERTEX_POINT('',#6392);
#1747=VERTEX_POINT('',#6394);
#1748=VERTEX_POINT('',#6398);
#1749=VERTEX_POINT('',#6400);
#1750=VERTEX_POINT('',#6404);
#1751=VERTEX_POINT('',#6406);
#1752=VERTEX_POINT('',#6410);
#1753=VERTEX_POINT('',#6412);
#1754=VERTEX_POINT('',#6416);
#1755=VERTEX_POINT('',#6418);
#1756=VERTEX_POINT('',#6426);
#1757=VERTEX_POINT('',#6431);
#1758=VERTEX_POINT('',#6433);
#1759=VERTEX_POINT('',#6437);
#1760=VERTEX_POINT('',#6438);
#1761=VERTEX_POINT('',#6440);
#1762=VERTEX_POINT('',#6445);
#1763=VERTEX_POINT('',#6447);
#1764=VERTEX_POINT('',#6450);
#1765=VERTEX_POINT('',#6451);
#1766=VERTEX_POINT('',#6453);
#1767=VERTEX_POINT('',#6455);
#1768=VERTEX_POINT('',#6459);
#1769=VERTEX_POINT('',#6460);
#1770=VERTEX_POINT('',#6462);
#1771=VERTEX_POINT('',#6464);
#1772=VERTEX_POINT('',#6466);
#1773=VERTEX_POINT('',#6468);
#1774=VERTEX_POINT('',#6471);
#1775=VERTEX_POINT('',#6473);
#1776=VERTEX_POINT('',#6476);
#1777=VERTEX_POINT('',#6478);
#1778=VERTEX_POINT('',#6480);
#1779=VERTEX_POINT('',#6489);
#1780=VERTEX_POINT('',#6495);
#1781=VERTEX_POINT('',#6500);
#1782=VERTEX_POINT('',#6505);
#1783=VERTEX_POINT('',#6509);
#1784=VERTEX_POINT('',#6513);
#1785=VERTEX_POINT('',#6514);
#1786=VERTEX_POINT('',#6516);
#1787=VERTEX_POINT('',#6518);
#1788=VERTEX_POINT('',#6552);
#1789=VERTEX_POINT('',#6553);
#1790=VERTEX_POINT('',#6555);
#1791=VERTEX_POINT('',#6557);
#1792=VERTEX_POINT('',#6561);
#1793=VERTEX_POINT('',#6562);
#1794=VERTEX_POINT('',#6564);
#1795=VERTEX_POINT('',#6566);
#1796=VERTEX_POINT('',#6570);
#1797=VERTEX_POINT('',#6571);
#1798=VERTEX_POINT('',#6573);
#1799=VERTEX_POINT('',#6575);
#1800=VERTEX_POINT('',#6579);
#1801=VERTEX_POINT('',#6581);
#1802=VERTEX_POINT('',#6585);
#1803=VERTEX_POINT('',#6586);
#1804=VERTEX_POINT('',#6588);
#1805=VERTEX_POINT('',#6590);
#1806=VERTEX_POINT('',#6594);
#1807=VERTEX_POINT('',#6596);
#1808=VERTEX_POINT('',#6615);
#1809=VERTEX_POINT('',#6616);
#1810=VERTEX_POINT('',#6618);
#1811=VERTEX_POINT('',#6620);
#1812=VERTEX_POINT('',#6624);
#1813=VERTEX_POINT('',#6626);
#1814=VERTEX_POINT('',#6628);
#1815=VERTEX_POINT('',#6630);
#1816=VERTEX_POINT('',#6632);
#1817=VERTEX_POINT('',#6634);
#1818=VERTEX_POINT('',#6638);
#1819=VERTEX_POINT('',#6642);
#1820=VERTEX_POINT('',#6643);
#1821=VERTEX_POINT('',#6646);
#1822=VERTEX_POINT('',#6648);
#1823=VERTEX_POINT('',#6650);
#1824=VERTEX_POINT('',#6665);
#1825=VERTEX_POINT('',#6666);
#1826=VERTEX_POINT('',#6668);
#1827=VERTEX_POINT('',#6670);
#1828=VERTEX_POINT('',#6672);
#1829=VERTEX_POINT('',#6674);
#1830=VERTEX_POINT('',#6676);
#1831=VERTEX_POINT('',#6678);
#1832=VERTEX_POINT('',#6682);
#1833=VERTEX_POINT('',#6683);
#1834=VERTEX_POINT('',#6685);
#1835=VERTEX_POINT('',#6687);
#1836=VERTEX_POINT('',#6689);
#1837=VERTEX_POINT('',#6691);
#1838=VERTEX_POINT('',#6693);
#1839=VERTEX_POINT('',#6695);
#1840=VERTEX_POINT('',#6715);
#1841=VERTEX_POINT('',#6716);
#1842=VERTEX_POINT('',#6718);
#1843=VERTEX_POINT('',#6720);
#1844=VERTEX_POINT('',#6722);
#1845=VERTEX_POINT('',#6724);
#1846=VERTEX_POINT('',#6728);
#1847=VERTEX_POINT('',#6730);
#1848=VERTEX_POINT('',#6734);
#1849=VERTEX_POINT('',#6735);
#1850=VERTEX_POINT('',#6740);
#1851=VERTEX_POINT('',#6744);
#1852=VERTEX_POINT('',#6746);
#1853=VERTEX_POINT('',#6756);
#1854=VERTEX_POINT('',#6758);
#1855=VERTEX_POINT('',#6764);
#1856=VERTEX_POINT('',#6767);
#1857=VERTEX_POINT('',#6772);
#1858=VERTEX_POINT('',#6774);
#1859=VERTEX_POINT('',#6780);
#1860=VERTEX_POINT('',#6782);
#1861=VERTEX_POINT('',#6788);
#1862=VERTEX_POINT('',#6790);
#1863=VERTEX_POINT('',#6797);
#1864=VERTEX_POINT('',#6798);
#1865=VERTEX_POINT('',#6800);
#1866=VERTEX_POINT('',#6802);
#1867=VERTEX_POINT('',#6804);
#1868=VERTEX_POINT('',#6806);
#1869=VERTEX_POINT('',#6808);
#1870=VERTEX_POINT('',#6810);
#1871=VERTEX_POINT('',#6812);
#1872=VERTEX_POINT('',#6814);
#1873=VERTEX_POINT('',#6816);
#1874=VERTEX_POINT('',#6818);
#1875=VERTEX_POINT('',#6820);
#1876=VERTEX_POINT('',#6822);
#1877=VERTEX_POINT('',#6824);
#1878=VERTEX_POINT('',#6826);
#1879=VERTEX_POINT('',#6828);
#1880=VERTEX_POINT('',#6830);
#1881=VERTEX_POINT('',#6832);
#1882=VERTEX_POINT('',#6834);
#1883=VERTEX_POINT('',#6836);
#1884=VERTEX_POINT('',#6838);
#1885=VERTEX_POINT('',#6840);
#1886=VERTEX_POINT('',#6842);
#1887=VERTEX_POINT('',#6844);
#1888=VERTEX_POINT('',#6846);
#1889=VERTEX_POINT('',#6848);
#1890=VERTEX_POINT('',#6850);
#1891=VERTEX_POINT('',#6852);
#1892=VERTEX_POINT('',#6854);
#1893=VERTEX_POINT('',#6856);
#1894=VERTEX_POINT('',#6858);
#1895=VERTEX_POINT('',#6860);
#1896=VERTEX_POINT('',#6862);
#1897=VERTEX_POINT('',#6864);
#1898=VERTEX_POINT('',#6866);
#1899=VERTEX_POINT('',#6868);
#1900=VERTEX_POINT('',#6870);
#1901=VERTEX_POINT('',#6872);
#1902=VERTEX_POINT('',#6874);
#1903=VERTEX_POINT('',#6876);
#1904=VERTEX_POINT('',#6878);
#1905=VERTEX_POINT('',#6880);
#1906=VERTEX_POINT('',#6882);
#1907=VERTEX_POINT('',#6884);
#1908=VERTEX_POINT('',#6886);
#1909=VERTEX_POINT('',#6888);
#1910=VERTEX_POINT('',#6891);
#1911=VERTEX_POINT('',#6893);
#1912=VERTEX_POINT('',#6896);
#1913=VERTEX_POINT('',#6897);
#1914=VERTEX_POINT('',#6899);
#1915=VERTEX_POINT('',#6901);
#1916=VERTEX_POINT('',#6903);
#1917=VERTEX_POINT('',#6905);
#1918=VERTEX_POINT('',#6907);
#1919=VERTEX_POINT('',#6909);
#1920=VERTEX_POINT('',#6911);
#1921=VERTEX_POINT('',#6913);
#1922=VERTEX_POINT('',#6915);
#1923=VERTEX_POINT('',#6917);
#1924=VERTEX_POINT('',#6919);
#1925=VERTEX_POINT('',#6921);
#1926=VERTEX_POINT('',#6923);
#1927=VERTEX_POINT('',#6925);
#1928=VERTEX_POINT('',#6927);
#1929=VERTEX_POINT('',#6929);
#1930=VERTEX_POINT('',#6931);
#1931=VERTEX_POINT('',#6933);
#1932=VERTEX_POINT('',#6935);
#1933=VERTEX_POINT('',#6937);
#1934=VERTEX_POINT('',#6939);
#1935=VERTEX_POINT('',#6941);
#1936=VERTEX_POINT('',#6943);
#1937=VERTEX_POINT('',#6945);
#1938=VERTEX_POINT('',#6947);
#1939=VERTEX_POINT('',#6949);
#1940=VERTEX_POINT('',#6951);
#1941=VERTEX_POINT('',#6953);
#1942=VERTEX_POINT('',#6955);
#1943=VERTEX_POINT('',#6957);
#1944=VERTEX_POINT('',#6959);
#1945=VERTEX_POINT('',#6961);
#1946=VERTEX_POINT('',#6963);
#1947=VERTEX_POINT('',#6965);
#1948=VERTEX_POINT('',#6967);
#1949=VERTEX_POINT('',#6969);
#1950=VERTEX_POINT('',#6971);
#1951=VERTEX_POINT('',#6973);
#1952=VERTEX_POINT('',#6975);
#1953=VERTEX_POINT('',#6977);
#1954=VERTEX_POINT('',#6979);
#1955=VERTEX_POINT('',#6981);
#1956=VERTEX_POINT('',#6983);
#1957=VERTEX_POINT('',#6985);
#1958=VERTEX_POINT('',#6987);
#1959=VERTEX_POINT('',#6990);
#1960=VERTEX_POINT('',#6992);
#1961=VERTEX_POINT('',#7094);
#1962=VERTEX_POINT('',#7095);
#1963=VERTEX_POINT('',#7097);
#1964=VERTEX_POINT('',#7099);
#1965=VERTEX_POINT('',#7101);
#1966=VERTEX_POINT('',#7103);
#1967=VERTEX_POINT('',#7105);
#1968=VERTEX_POINT('',#7107);
#1969=VERTEX_POINT('',#7109);
#1970=VERTEX_POINT('',#7111);
#1971=VERTEX_POINT('',#7113);
#1972=VERTEX_POINT('',#7115);
#1973=VERTEX_POINT('',#7117);
#1974=VERTEX_POINT('',#7119);
#1975=VERTEX_POINT('',#7121);
#1976=VERTEX_POINT('',#7123);
#1977=VERTEX_POINT('',#7125);
#1978=VERTEX_POINT('',#7127);
#1979=VERTEX_POINT('',#7129);
#1980=VERTEX_POINT('',#7131);
#1981=VERTEX_POINT('',#7133);
#1982=VERTEX_POINT('',#7135);
#1983=VERTEX_POINT('',#7137);
#1984=VERTEX_POINT('',#7139);
#1985=VERTEX_POINT('',#7141);
#1986=VERTEX_POINT('',#7143);
#1987=VERTEX_POINT('',#7145);
#1988=VERTEX_POINT('',#7147);
#1989=VERTEX_POINT('',#7149);
#1990=VERTEX_POINT('',#7151);
#1991=VERTEX_POINT('',#7153);
#1992=VERTEX_POINT('',#7155);
#1993=VERTEX_POINT('',#7157);
#1994=VERTEX_POINT('',#7159);
#1995=VERTEX_POINT('',#7161);
#1996=VERTEX_POINT('',#7163);
#1997=VERTEX_POINT('',#7165);
#1998=VERTEX_POINT('',#7167);
#1999=VERTEX_POINT('',#7169);
#2000=VERTEX_POINT('',#7171);
#2001=VERTEX_POINT('',#7173);
#2002=VERTEX_POINT('',#7175);
#2003=VERTEX_POINT('',#7177);
#2004=VERTEX_POINT('',#7179);
#2005=VERTEX_POINT('',#7181);
#2006=VERTEX_POINT('',#7183);
#2007=VERTEX_POINT('',#7185);
#2008=VERTEX_POINT('',#7187);
#2009=VERTEX_POINT('',#7189);
#2010=VERTEX_POINT('',#7192);
#2011=VERTEX_POINT('',#7194);
#2012=VERTEX_POINT('',#7196);
#2013=VERTEX_POINT('',#7198);
#2014=VERTEX_POINT('',#7201);
#2015=VERTEX_POINT('',#7202);
#2016=VERTEX_POINT('',#7204);
#2017=VERTEX_POINT('',#7206);
#2018=VERTEX_POINT('',#7208);
#2019=VERTEX_POINT('',#7210);
#2020=VERTEX_POINT('',#7212);
#2021=VERTEX_POINT('',#7214);
#2022=VERTEX_POINT('',#7216);
#2023=VERTEX_POINT('',#7218);
#2024=VERTEX_POINT('',#7220);
#2025=VERTEX_POINT('',#7222);
#2026=VERTEX_POINT('',#7224);
#2027=VERTEX_POINT('',#7226);
#2028=VERTEX_POINT('',#7228);
#2029=VERTEX_POINT('',#7230);
#2030=VERTEX_POINT('',#7232);
#2031=VERTEX_POINT('',#7234);
#2032=VERTEX_POINT('',#7236);
#2033=VERTEX_POINT('',#7238);
#2034=VERTEX_POINT('',#7240);
#2035=VERTEX_POINT('',#7242);
#2036=VERTEX_POINT('',#7244);
#2037=VERTEX_POINT('',#7246);
#2038=VERTEX_POINT('',#7248);
#2039=VERTEX_POINT('',#7250);
#2040=VERTEX_POINT('',#7252);
#2041=VERTEX_POINT('',#7254);
#2042=VERTEX_POINT('',#7256);
#2043=VERTEX_POINT('',#7258);
#2044=VERTEX_POINT('',#7260);
#2045=VERTEX_POINT('',#7262);
#2046=VERTEX_POINT('',#7264);
#2047=VERTEX_POINT('',#7266);
#2048=VERTEX_POINT('',#7268);
#2049=VERTEX_POINT('',#7270);
#2050=VERTEX_POINT('',#7272);
#2051=VERTEX_POINT('',#7274);
#2052=VERTEX_POINT('',#7276);
#2053=VERTEX_POINT('',#7278);
#2054=VERTEX_POINT('',#7280);
#2055=VERTEX_POINT('',#7282);
#2056=VERTEX_POINT('',#7284);
#2057=VERTEX_POINT('',#7286);
#2058=VERTEX_POINT('',#7288);
#2059=VERTEX_POINT('',#7290);
#2060=VERTEX_POINT('',#7292);
#2061=VERTEX_POINT('',#7294);
#2062=VERTEX_POINT('',#7296);
#2063=VERTEX_POINT('',#7299);
#2064=VERTEX_POINT('',#7301);
#2065=VERTEX_POINT('',#7303);
#2066=VERTEX_POINT('',#7305);
#2067=VERTEX_POINT('',#7415);
#2068=VERTEX_POINT('',#7416);
#2069=VERTEX_POINT('',#7418);
#2070=VERTEX_POINT('',#7420);
#2071=VERTEX_POINT('',#7424);
#2072=VERTEX_POINT('',#7425);
#2073=VERTEX_POINT('',#7427);
#2074=VERTEX_POINT('',#7429);
#2075=VERTEX_POINT('',#7433);
#2076=VERTEX_POINT('',#7435);
#2077=VERTEX_POINT('',#7442);
#2078=VERTEX_POINT('',#7444);
#2079=VERTEX_POINT('',#7448);
#2080=VERTEX_POINT('',#7450);
#2081=VERTEX_POINT('',#7454);
#2082=VERTEX_POINT('',#7456);
#2083=VERTEX_POINT('',#7460);
#2084=VERTEX_POINT('',#7462);
#2085=VERTEX_POINT('',#7469);
#2086=VERTEX_POINT('',#7474);
#2087=VERTEX_POINT('',#7476);
#2088=VERTEX_POINT('',#7478);
#2089=EDGE_CURVE('',#1686,#1687,#1064,.T.);
#2090=EDGE_CURVE('',#1686,#1688,#1065,.T.);
#2091=EDGE_CURVE('',#1688,#1689,#1066,.T.);
#2092=EDGE_CURVE('',#1689,#1690,#774,.F.);
#2093=EDGE_CURVE('',#1690,#1691,#1067,.T.);
#2094=EDGE_CURVE('',#1691,#1687,#775,.T.);
#2095=EDGE_CURVE('',#1692,#1693,#1068,.T.);
#2096=EDGE_CURVE('',#1692,#1694,#776,.F.);
#2097=EDGE_CURVE('',#1694,#1695,#1069,.T.);
#2098=EDGE_CURVE('',#1695,#1696,#777,.T.);
#2099=EDGE_CURVE('',#1697,#1696,#1070,.T.);
#2100=EDGE_CURVE('',#1697,#1698,#778,.T.);
#2101=EDGE_CURVE('',#1699,#1698,#1071,.T.);
#2102=EDGE_CURVE('',#1699,#1700,#779,.F.);
#2103=EDGE_CURVE('',#1701,#1700,#1072,.T.);
#2104=EDGE_CURVE('',#1701,#1702,#780,.F.);
#2105=EDGE_CURVE('',#1703,#1702,#1073,.T.);
#2106=EDGE_CURVE('',#1703,#1704,#781,.F.);
#2107=EDGE_CURVE('',#1704,#1705,#1074,.T.);
#2108=EDGE_CURVE('',#1705,#1706,#782,.F.);
#2109=EDGE_CURVE('',#1706,#1707,#1075,.T.);
#2110=EDGE_CURVE('',#1707,#1693,#783,.T.);
#2111=EDGE_CURVE('',#1708,#1708,#784,.T.);
#2112=EDGE_CURVE('',#1709,#1709,#785,.T.);
#2113=EDGE_CURVE('',#1710,#1710,#786,.T.);
#2114=EDGE_CURVE('',#1706,#1711,#1076,.F.);
#2115=EDGE_CURVE('',#1711,#1712,#1077,.T.);
#2116=EDGE_CURVE('',#1712,#1707,#1078,.T.);
#2117=EDGE_CURVE('',#1713,#1713,#787,.T.);
#2118=EDGE_CURVE('',#1713,#1714,#1079,.T.);
#2119=EDGE_CURVE('',#1714,#1714,#788,.F.);
#2120=EDGE_CURVE('',#1715,#1716,#1080,.T.);
#2121=EDGE_CURVE('',#1715,#1686,#1081,.T.);
#2122=EDGE_CURVE('',#1687,#1717,#1082,.F.);
#2123=EDGE_CURVE('',#1717,#1718,#1083,.T.);
#2124=EDGE_CURVE('',#1718,#1716,#1084,.F.);
#2125=EDGE_CURVE('',#1690,#1719,#1085,.F.);
#2126=EDGE_CURVE('',#1719,#1720,#1086,.T.);
#2127=EDGE_CURVE('',#1720,#1691,#1087,.T.);
#2128=EDGE_CURVE('',#1688,#1721,#1088,.F.);
#2129=EDGE_CURVE('',#1721,#1722,#1089,.T.);
#2130=EDGE_CURVE('',#1722,#1689,#1090,.T.);
#2131=EDGE_CURVE('',#1704,#1723,#1091,.F.);
#2132=EDGE_CURVE('',#1723,#1724,#1092,.T.);
#2133=EDGE_CURVE('',#1724,#1705,#1093,.T.);
#2134=EDGE_CURVE('',#1702,#1725,#1094,.F.);
#2135=EDGE_CURVE('',#1726,#1725,#1095,.T.);
#2136=EDGE_CURVE('',#1726,#1703,#1096,.T.);
#2137=EDGE_CURVE('',#1700,#1727,#1097,.F.);
#2138=EDGE_CURVE('',#1728,#1727,#1098,.T.);
#2139=EDGE_CURVE('',#1728,#1701,#1099,.T.);
#2140=EDGE_CURVE('',#1698,#1729,#1100,.F.);
#2141=EDGE_CURVE('',#1730,#1729,#1101,.T.);
#2142=EDGE_CURVE('',#1730,#1699,#1102,.T.);
#2143=EDGE_CURVE('',#1731,#1731,#789,.T.);
#2144=EDGE_CURVE('',#1731,#1709,#1103,.T.);
#2145=EDGE_CURVE('',#1732,#1732,#790,.T.);
#2146=EDGE_CURVE('',#1732,#1710,#1104,.T.);
#2147=EDGE_CURVE('',#1696,#1733,#1105,.F.);
#2148=EDGE_CURVE('',#1734,#1733,#1106,.T.);
#2149=EDGE_CURVE('',#1734,#1735,#1107,.T.);
#2150=EDGE_CURVE('',#1736,#1735,#1108,.T.);
#2151=EDGE_CURVE('',#1736,#1697,#1109,.T.);
#2152=EDGE_CURVE('',#1737,#1737,#791,.T.);
#2153=EDGE_CURVE('',#1737,#1708,#1110,.T.);
#2154=EDGE_CURVE('',#1727,#1730,#792,.T.);
#2155=EDGE_CURVE('',#1729,#1736,#793,.F.);
#2156=EDGE_CURVE('',#1735,#1738,#794,.T.);
#2157=EDGE_CURVE('',#1738,#1739,#1111,.T.);
#2158=EDGE_CURVE('',#1739,#1718,#795,.T.);
#2159=EDGE_CURVE('',#1717,#1720,#796,.F.);
#2160=EDGE_CURVE('',#1719,#1722,#797,.T.);
#2161=EDGE_CURVE('',#1721,#1740,#798,.F.);
#2162=EDGE_CURVE('',#1740,#1741,#1112,.T.);
#2163=EDGE_CURVE('',#1741,#1742,#1113,.T.);
#2164=EDGE_CURVE('',#1743,#1742,#1114,.T.);
#2165=EDGE_CURVE('',#1743,#1712,#799,.F.);
#2166=EDGE_CURVE('',#1711,#1724,#800,.T.);
#2167=EDGE_CURVE('',#1723,#1726,#801,.T.);
#2168=EDGE_CURVE('',#1725,#1728,#802,.T.);
#2169=EDGE_CURVE('',#1744,#1745,#1115,.T.);
#2170=EDGE_CURVE('',#1745,#1746,#1116,.T.);
#2171=EDGE_CURVE('',#1747,#1746,#1117,.T.);
#2172=EDGE_CURVE('',#1747,#1744,#1118,.T.);
#2173=EDGE_CURVE('',#1748,#1746,#1119,.T.);
#2174=EDGE_CURVE('',#1749,#1748,#1120,.T.);
#2175=EDGE_CURVE('',#1749,#1747,#1121,.T.);
#2176=EDGE_CURVE('',#1750,#1748,#1122,.T.);
#2177=EDGE_CURVE('',#1751,#1750,#1123,.T.);
#2178=EDGE_CURVE('',#1749,#1751,#1124,.T.);
#2179=EDGE_CURVE('',#1738,#1752,#1125,.F.);
#2180=EDGE_CURVE('',#1753,#1752,#1126,.T.);
#2181=EDGE_CURVE('',#1753,#1739,#1127,.T.);
#2182=EDGE_CURVE('',#1694,#1754,#1128,.T.);
#2183=EDGE_CURVE('',#1754,#1755,#1129,.T.);
#2184=EDGE_CURVE('',#1755,#1695,#1130,.T.);
#2185=EDGE_CURVE('',#1750,#1745,#1131,.T.);
#2186=EDGE_CURVE('',#1751,#1744,#1132,.T.);
#2187=EDGE_CURVE('',#1733,#1755,#803,.T.);
#2188=EDGE_CURVE('',#1754,#1756,#804,.F.);
#2189=EDGE_CURVE('',#1756,#1715,#1133,.T.);
#2190=EDGE_CURVE('',#1716,#1753,#805,.T.);
#2191=EDGE_CURVE('',#1752,#1734,#806,.T.);
#2192=EDGE_CURVE('',#1757,#1757,#807,.T.);
#2193=EDGE_CURVE('',#1758,#1758,#808,.T.);
#2194=EDGE_CURVE('',#1759,#1760,#1134,.T.);
#2195=EDGE_CURVE('',#1759,#1761,#809,.F.);
#2196=EDGE_CURVE('',#1756,#1761,#1135,.T.);
#2197=EDGE_CURVE('',#1756,#1692,#1136,.T.);
#2198=EDGE_CURVE('',#1693,#1743,#1137,.F.);
#2199=EDGE_CURVE('',#1742,#1762,#810,.F.);
#2200=EDGE_CURVE('',#1762,#1763,#1138,.T.);
#2201=EDGE_CURVE('',#1763,#1760,#811,.F.);
#2202=EDGE_CURVE('',#1764,#1765,#1139,.T.);
#2203=EDGE_CURVE('',#1764,#1766,#812,.T.);
#2204=EDGE_CURVE('',#1767,#1766,#1140,.T.);
#2205=EDGE_CURVE('',#1767,#1765,#813,.T.);
#2206=EDGE_CURVE('',#1768,#1769,#1141,.T.);
#2207=EDGE_CURVE('',#1769,#1770,#814,.T.);
#2208=EDGE_CURVE('',#1770,#1771,#1142,.T.);
#2209=EDGE_CURVE('',#1771,#1772,#815,.T.);
#2210=EDGE_CURVE('',#1773,#1772,#1143,.T.);
#2211=EDGE_CURVE('',#1773,#1741,#816,.T.);
#2212=EDGE_CURVE('',#1740,#1774,#1144,.T.);
#2213=EDGE_CURVE('',#1774,#1775,#1145,.F.);
#2214=EDGE_CURVE('',#1775,#1768,#1146,.F.);
#2215=EDGE_CURVE('',#1776,#1776,#817,.F.);
#2216=EDGE_CURVE('',#1777,#1777,#818,.F.);
#2217=EDGE_CURVE('',#1778,#1778,#819,.T.);
#2218=EDGE_CURVE('',#1770,#1759,#1147,.T.);
#2219=EDGE_CURVE('',#1760,#1771,#1148,.F.);
#2220=EDGE_CURVE('',#1772,#1763,#1149,.T.);
#2221=EDGE_CURVE('',#1762,#1773,#1150,.F.);
#2222=EDGE_CURVE('',#1779,#1779,#820,.F.);
#2223=EDGE_CURVE('',#1779,#1778,#1151,.T.);
#2224=EDGE_CURVE('',#1780,#1780,#821,.T.);
#2225=EDGE_CURVE('',#1780,#1758,#1152,.T.);
#2226=EDGE_CURVE('',#1781,#1781,#822,.T.);
#2227=EDGE_CURVE('',#1781,#1757,#1153,.T.);
#2228=EDGE_CURVE('',#1777,#1782,#1154,.T.);
#2229=EDGE_CURVE('',#1782,#1782,#823,.F.);
#2230=EDGE_CURVE('',#1776,#1783,#1155,.T.);
#2231=EDGE_CURVE('',#1783,#1783,#824,.F.);
#2232=EDGE_CURVE('',#1784,#1785,#1156,.T.);
#2233=EDGE_CURVE('',#1785,#1786,#825,.F.);
#2234=EDGE_CURVE('',#1786,#1787,#1157,.T.);
#2235=EDGE_CURVE('',#1787,#1784,#826,.F.);
#2236=EDGE_CURVE('',#1766,#1785,#1158,.F.);
#2237=EDGE_CURVE('',#1784,#1767,#1159,.T.);
#2238=EDGE_CURVE('',#1786,#1764,#1160,.T.);
#2239=EDGE_CURVE('',#1765,#1787,#1161,.F.);
#2240=EDGE_CURVE('',#1774,#1688,#83,.T.);
#2241=EDGE_CURVE('',#1775,#1686,#84,.F.);
#2242=EDGE_CURVE('',#1768,#1715,#85,.T.);
#2243=EDGE_CURVE('',#1761,#1769,#1162,.F.);
#2244=EDGE_CURVE('',#1788,#1789,#827,.T.);
#2245=EDGE_CURVE('',#1788,#1790,#1163,.T.);
#2246=EDGE_CURVE('',#1790,#1791,#828,.T.);
#2247=EDGE_CURVE('',#1791,#1789,#1164,.F.);
#2248=EDGE_CURVE('',#1792,#1793,#1165,.T.);
#2249=EDGE_CURVE('',#1793,#1794,#1166,.T.);
#2250=EDGE_CURVE('',#1795,#1794,#1167,.T.);
#2251=EDGE_CURVE('',#1795,#1792,#1168,.F.);
#2252=EDGE_CURVE('',#1796,#1797,#829,.T.);
#2253=EDGE_CURVE('',#1797,#1798,#1169,.F.);
#2254=EDGE_CURVE('',#1799,#1798,#830,.T.);
#2255=EDGE_CURVE('',#1799,#1796,#1170,.T.);
#2256=EDGE_CURVE('',#1800,#1800,#831,.T.);
#2257=EDGE_CURVE('',#1800,#1801,#1171,.T.);
#2258=EDGE_CURVE('',#1801,#1801,#832,.T.);
#2259=EDGE_CURVE('',#1802,#1803,#1172,.T.);
#2260=EDGE_CURVE('',#1802,#1804,#1173,.F.);
#2261=EDGE_CURVE('',#1804,#1805,#1174,.T.);
#2262=EDGE_CURVE('',#1805,#1803,#1175,.T.);
#2263=EDGE_CURVE('',#1806,#1806,#833,.T.);
#2264=EDGE_CURVE('',#1806,#1807,#1176,.T.);
#2265=EDGE_CURVE('',#1807,#1807,#834,.T.);
#2266=EDGE_CURVE('',#1803,#1788,#835,.F.);
#2267=EDGE_CURVE('',#1789,#1793,#836,.F.);
#2268=EDGE_CURVE('',#1792,#1799,#837,.F.);
#2269=EDGE_CURVE('',#1798,#1802,#838,.F.);
#2270=EDGE_CURVE('',#1790,#1805,#839,.T.);
#2271=EDGE_CURVE('',#1804,#1797,#840,.T.);
#2272=EDGE_CURVE('',#1796,#1795,#841,.T.);
#2273=EDGE_CURVE('',#1794,#1791,#842,.T.);
#2274=EDGE_CURVE('',#1808,#1809,#1177,.T.);
#2275=EDGE_CURVE('',#1809,#1810,#1178,.T.);
#2276=EDGE_CURVE('',#1810,#1811,#1179,.T.);
#2277=EDGE_CURVE('',#1811,#1808,#1180,.T.);
#2278=EDGE_CURVE('',#1812,#1809,#1181,.T.);
#2279=EDGE_CURVE('',#1813,#1812,#843,.T.);
#2280=EDGE_CURVE('',#1814,#1813,#1182,.T.);
#2281=EDGE_CURVE('',#1815,#1814,#1183,.T.);
#2282=EDGE_CURVE('',#1815,#1816,#1184,.T.);
#2283=EDGE_CURVE('',#1816,#1817,#1185,.T.);
#2284=EDGE_CURVE('',#1810,#1817,#1186,.T.);
#2285=EDGE_CURVE('',#1817,#1818,#1187,.T.);
#2286=EDGE_CURVE('',#1811,#1818,#1188,.T.);
#2287=EDGE_CURVE('',#1819,#1820,#844,.F.);
#2288=EDGE_CURVE('',#1808,#1819,#1189,.T.);
#2289=EDGE_CURVE('',#1818,#1821,#1190,.T.);
#2290=EDGE_CURVE('',#1822,#1821,#1191,.T.);
#2291=EDGE_CURVE('',#1823,#1822,#1192,.T.);
#2292=EDGE_CURVE('',#1820,#1823,#1193,.T.);
#2293=EDGE_CURVE('',#1821,#1816,#1194,.T.);
#2294=EDGE_CURVE('',#1822,#1815,#1195,.T.);
#2295=EDGE_CURVE('',#1823,#1814,#1196,.T.);
#2296=EDGE_CURVE('',#1819,#1812,#1197,.T.);
#2297=EDGE_CURVE('',#1820,#1813,#1198,.T.);
#2298=EDGE_CURVE('',#1824,#1825,#1199,.T.);
#2299=EDGE_CURVE('',#1826,#1825,#845,.F.);
#2300=EDGE_CURVE('',#1827,#1826,#1200,.T.);
#2301=EDGE_CURVE('',#1828,#1827,#1201,.T.);
#2302=EDGE_CURVE('',#1828,#1829,#1202,.T.);
#2303=EDGE_CURVE('',#1829,#1830,#1203,.T.);
#2304=EDGE_CURVE('',#1831,#1830,#1204,.T.);
#2305=EDGE_CURVE('',#1824,#1831,#1205,.T.);
#2306=EDGE_CURVE('',#1832,#1833,#1206,.T.);
#2307=EDGE_CURVE('',#1834,#1833,#1207,.T.);
#2308=EDGE_CURVE('',#1834,#1835,#1208,.T.);
#2309=EDGE_CURVE('',#1835,#1836,#1209,.T.);
#2310=EDGE_CURVE('',#1837,#1836,#1210,.T.);
#2311=EDGE_CURVE('',#1838,#1837,#1211,.T.);
#2312=EDGE_CURVE('',#1839,#1838,#1212,.T.);
#2313=EDGE_CURVE('',#1832,#1839,#846,.T.);
#2314=EDGE_CURVE('',#1824,#1833,#1213,.T.);
#2315=EDGE_CURVE('',#1831,#1834,#1214,.T.);
#2316=EDGE_CURVE('',#1836,#1829,#1215,.T.);
#2317=EDGE_CURVE('',#1837,#1828,#1216,.T.);
#2318=EDGE_CURVE('',#1830,#1835,#1217,.T.);
#2319=EDGE_CURVE('',#1827,#1838,#1218,.T.);
#2320=EDGE_CURVE('',#1825,#1832,#1219,.T.);
#2321=EDGE_CURVE('',#1826,#1839,#1220,.T.);
#2322=EDGE_CURVE('',#1840,#1841,#847,.T.);
#2323=EDGE_CURVE('',#1842,#1840,#848,.T.);
#2324=EDGE_CURVE('',#1842,#1843,#1221,.T.);
#2325=EDGE_CURVE('',#1843,#1844,#1222,.T.);
#2326=EDGE_CURVE('',#1844,#1845,#1223,.T.);
#2327=EDGE_CURVE('',#1841,#1845,#849,.T.);
#2328=EDGE_CURVE('',#1845,#1846,#850,.T.);
#2329=EDGE_CURVE('',#1845,#1847,#1224,.T.);
#2330=EDGE_CURVE('',#1847,#1846,#1225,.T.);
#2331=EDGE_CURVE('',#1848,#1849,#1226,.T.);
#2332=EDGE_CURVE('',#1844,#1849,#1227,.T.);
#2333=EDGE_CURVE('',#1843,#1848,#1228,.T.);
#2334=EDGE_CURVE('',#1849,#1850,#1229,.T.);
#2335=EDGE_CURVE('',#1847,#1850,#1230,.T.);
#2336=EDGE_CURVE('',#1850,#1851,#1231,.T.);
#2337=EDGE_CURVE('',#1852,#1851,#1232,.T.);
#2338=EDGE_CURVE('',#1846,#1852,#1233,.T.);
#2339=EDGE_CURVE('',#1851,#1848,#1234,.T.);
#2340=EDGE_CURVE('',#1852,#1842,#1235,.T.);
#2341=EDGE_CURVE('',#1846,#1842,#851,.T.);
#2342=EDGE_CURVE('',#1853,#1841,#1236,.T.);
#2343=EDGE_CURVE('',#1854,#1853,#852,.T.);
#2344=EDGE_CURVE('',#1854,#1840,#1237,.T.);
#2345=EDGE_CURVE('',#1853,#1854,#853,.T.);
#2346=EDGE_CURVE('',#1855,#1855,#854,.T.);
#2347=EDGE_CURVE('',#1855,#1856,#1238,.T.);
#2348=EDGE_CURVE('',#1856,#1856,#855,.T.);
#2349=EDGE_CURVE('',#1857,#1857,#856,.T.);
#2350=EDGE_CURVE('',#1857,#1858,#1239,.T.);
#2351=EDGE_CURVE('',#1858,#1858,#857,.T.);
#2352=EDGE_CURVE('',#1859,#1859,#858,.T.);
#2353=EDGE_CURVE('',#1859,#1860,#1240,.T.);
#2354=EDGE_CURVE('',#1860,#1860,#859,.T.);
#2355=EDGE_CURVE('',#1861,#1861,#860,.T.);
#2356=EDGE_CURVE('',#1861,#1862,#1241,.T.);
#2357=EDGE_CURVE('',#1862,#1862,#861,.T.);
#2358=EDGE_CURVE('',#1863,#1864,#862,.T.);
#2359=EDGE_CURVE('',#1864,#1865,#1242,.T.);
#2360=EDGE_CURVE('',#1865,#1866,#863,.T.);
#2361=EDGE_CURVE('',#1866,#1867,#1243,.T.);
#2362=EDGE_CURVE('',#1867,#1868,#864,.T.);
#2363=EDGE_CURVE('',#1868,#1869,#865,.T.);
#2364=EDGE_CURVE('',#1869,#1870,#866,.T.);
#2365=EDGE_CURVE('',#1870,#1871,#867,.T.);
#2366=EDGE_CURVE('',#1871,#1872,#868,.T.);
#2367=EDGE_CURVE('',#1872,#1873,#869,.T.);
#2368=EDGE_CURVE('',#1873,#1874,#870,.T.);
#2369=EDGE_CURVE('',#1874,#1875,#871,.T.);
#2370=EDGE_CURVE('',#1875,#1876,#872,.T.);
#2371=EDGE_CURVE('',#1876,#1877,#873,.T.);
#2372=EDGE_CURVE('',#1877,#1878,#874,.T.);
#2373=EDGE_CURVE('',#1878,#1879,#875,.T.);
#2374=EDGE_CURVE('',#1879,#1880,#876,.T.);
#2375=EDGE_CURVE('',#1880,#1881,#877,.T.);
#2376=EDGE_CURVE('',#1881,#1882,#878,.T.);
#2377=EDGE_CURVE('',#1882,#1883,#879,.T.);
#2378=EDGE_CURVE('',#1883,#1884,#880,.T.);
#2379=EDGE_CURVE('',#1884,#1885,#881,.T.);
#2380=EDGE_CURVE('',#1885,#1886,#882,.T.);
#2381=EDGE_CURVE('',#1886,#1887,#883,.T.);
#2382=EDGE_CURVE('',#1887,#1888,#884,.T.);
#2383=EDGE_CURVE('',#1888,#1889,#885,.T.);
#2384=EDGE_CURVE('',#1889,#1890,#886,.T.);
#2385=EDGE_CURVE('',#1890,#1891,#887,.T.);
#2386=EDGE_CURVE('',#1891,#1892,#888,.T.);
#2387=EDGE_CURVE('',#1892,#1893,#889,.T.);
#2388=EDGE_CURVE('',#1893,#1894,#890,.T.);
#2389=EDGE_CURVE('',#1894,#1895,#891,.T.);
#2390=EDGE_CURVE('',#1895,#1896,#892,.T.);
#2391=EDGE_CURVE('',#1896,#1897,#893,.T.);
#2392=EDGE_CURVE('',#1897,#1898,#894,.T.);
#2393=EDGE_CURVE('',#1898,#1899,#895,.T.);
#2394=EDGE_CURVE('',#1899,#1900,#896,.T.);
#2395=EDGE_CURVE('',#1900,#1901,#897,.T.);
#2396=EDGE_CURVE('',#1901,#1902,#898,.T.);
#2397=EDGE_CURVE('',#1902,#1903,#899,.T.);
#2398=EDGE_CURVE('',#1903,#1904,#900,.T.);
#2399=EDGE_CURVE('',#1904,#1905,#901,.T.);
#2400=EDGE_CURVE('',#1905,#1906,#902,.T.);
#2401=EDGE_CURVE('',#1906,#1907,#903,.T.);
#2402=EDGE_CURVE('',#1907,#1908,#904,.T.);
#2403=EDGE_CURVE('',#1908,#1909,#905,.T.);
#2404=EDGE_CURVE('',#1909,#1863,#906,.T.);
#2405=EDGE_CURVE('',#1910,#1910,#907,.T.);
#2406=EDGE_CURVE('',#1911,#1911,#908,.T.);
#2407=EDGE_CURVE('',#1912,#1913,#1244,.T.);
#2408=EDGE_CURVE('',#1914,#1912,#909,.T.);
#2409=EDGE_CURVE('',#1915,#1914,#910,.T.);
#2410=EDGE_CURVE('',#1916,#1915,#911,.T.);
#2411=EDGE_CURVE('',#1917,#1916,#912,.T.);
#2412=EDGE_CURVE('',#1918,#1917,#913,.T.);
#2413=EDGE_CURVE('',#1919,#1918,#914,.T.);
#2414=EDGE_CURVE('',#1920,#1919,#915,.T.);
#2415=EDGE_CURVE('',#1921,#1920,#916,.T.);
#2416=EDGE_CURVE('',#1922,#1921,#917,.T.);
#2417=EDGE_CURVE('',#1923,#1922,#918,.T.);
#2418=EDGE_CURVE('',#1924,#1923,#919,.T.);
#2419=EDGE_CURVE('',#1925,#1924,#920,.T.);
#2420=EDGE_CURVE('',#1926,#1925,#921,.T.);
#2421=EDGE_CURVE('',#1927,#1926,#922,.T.);
#2422=EDGE_CURVE('',#1928,#1927,#923,.T.);
#2423=EDGE_CURVE('',#1929,#1928,#924,.T.);
#2424=EDGE_CURVE('',#1930,#1929,#925,.T.);
#2425=EDGE_CURVE('',#1931,#1930,#926,.T.);
#2426=EDGE_CURVE('',#1932,#1931,#927,.T.);
#2427=EDGE_CURVE('',#1933,#1932,#928,.T.);
#2428=EDGE_CURVE('',#1934,#1933,#929,.T.);
#2429=EDGE_CURVE('',#1935,#1934,#930,.T.);
#2430=EDGE_CURVE('',#1936,#1935,#931,.T.);
#2431=EDGE_CURVE('',#1937,#1936,#932,.T.);
#2432=EDGE_CURVE('',#1938,#1937,#933,.T.);
#2433=EDGE_CURVE('',#1939,#1938,#934,.T.);
#2434=EDGE_CURVE('',#1940,#1939,#935,.T.);
#2435=EDGE_CURVE('',#1941,#1940,#936,.T.);
#2436=EDGE_CURVE('',#1942,#1941,#937,.T.);
#2437=EDGE_CURVE('',#1943,#1942,#938,.T.);
#2438=EDGE_CURVE('',#1944,#1943,#939,.T.);
#2439=EDGE_CURVE('',#1945,#1944,#940,.T.);
#2440=EDGE_CURVE('',#1946,#1945,#941,.T.);
#2441=EDGE_CURVE('',#1947,#1946,#942,.T.);
#2442=EDGE_CURVE('',#1948,#1947,#943,.T.);
#2443=EDGE_CURVE('',#1949,#1948,#944,.T.);
#2444=EDGE_CURVE('',#1950,#1949,#945,.T.);
#2445=EDGE_CURVE('',#1951,#1950,#946,.T.);
#2446=EDGE_CURVE('',#1952,#1951,#947,.T.);
#2447=EDGE_CURVE('',#1953,#1952,#948,.T.);
#2448=EDGE_CURVE('',#1954,#1953,#949,.T.);
#2449=EDGE_CURVE('',#1955,#1954,#950,.T.);
#2450=EDGE_CURVE('',#1956,#1955,#951,.T.);
#2451=EDGE_CURVE('',#1957,#1956,#952,.T.);
#2452=EDGE_CURVE('',#1958,#1957,#1245,.T.);
#2453=EDGE_CURVE('',#1913,#1958,#953,.T.);
#2454=EDGE_CURVE('',#1959,#1959,#954,.T.);
#2455=EDGE_CURVE('',#1960,#1960,#955,.T.);
#2456=EDGE_CURVE('',#1866,#1958,#1246,.T.);
#2457=EDGE_CURVE('',#1865,#1913,#1247,.T.);
#2458=EDGE_CURVE('',#1867,#1957,#1248,.T.);
#2459=EDGE_CURVE('',#1868,#1956,#1249,.T.);
#2460=EDGE_CURVE('',#1869,#1955,#1250,.T.);
#2461=EDGE_CURVE('',#1870,#1954,#1251,.T.);
#2462=EDGE_CURVE('',#1871,#1953,#1252,.T.);
#2463=EDGE_CURVE('',#1872,#1952,#1253,.T.);
#2464=EDGE_CURVE('',#1873,#1951,#1254,.T.);
#2465=EDGE_CURVE('',#1874,#1950,#1255,.T.);
#2466=EDGE_CURVE('',#1875,#1949,#1256,.T.);
#2467=EDGE_CURVE('',#1876,#1948,#1257,.T.);
#2468=EDGE_CURVE('',#1877,#1947,#1258,.T.);
#2469=EDGE_CURVE('',#1878,#1946,#1259,.T.);
#2470=EDGE_CURVE('',#1879,#1945,#1260,.T.);
#2471=EDGE_CURVE('',#1880,#1944,#1261,.T.);
#2472=EDGE_CURVE('',#1881,#1943,#1262,.T.);
#2473=EDGE_CURVE('',#1882,#1942,#1263,.T.);
#2474=EDGE_CURVE('',#1883,#1941,#1264,.T.);
#2475=EDGE_CURVE('',#1884,#1940,#1265,.T.);
#2476=EDGE_CURVE('',#1885,#1939,#1266,.T.);
#2477=EDGE_CURVE('',#1886,#1938,#1267,.T.);
#2478=EDGE_CURVE('',#1887,#1937,#1268,.T.);
#2479=EDGE_CURVE('',#1888,#1936,#1269,.T.);
#2480=EDGE_CURVE('',#1889,#1935,#1270,.T.);
#2481=EDGE_CURVE('',#1890,#1934,#1271,.T.);
#2482=EDGE_CURVE('',#1891,#1933,#1272,.T.);
#2483=EDGE_CURVE('',#1892,#1932,#1273,.T.);
#2484=EDGE_CURVE('',#1893,#1931,#1274,.T.);
#2485=EDGE_CURVE('',#1894,#1930,#1275,.T.);
#2486=EDGE_CURVE('',#1895,#1929,#1276,.T.);
#2487=EDGE_CURVE('',#1896,#1928,#1277,.T.);
#2488=EDGE_CURVE('',#1897,#1927,#1278,.T.);
#2489=EDGE_CURVE('',#1898,#1926,#1279,.T.);
#2490=EDGE_CURVE('',#1899,#1925,#1280,.T.);
#2491=EDGE_CURVE('',#1900,#1924,#1281,.T.);
#2492=EDGE_CURVE('',#1901,#1923,#1282,.T.);
#2493=EDGE_CURVE('',#1902,#1922,#1283,.T.);
#2494=EDGE_CURVE('',#1903,#1921,#1284,.T.);
#2495=EDGE_CURVE('',#1904,#1920,#1285,.T.);
#2496=EDGE_CURVE('',#1905,#1919,#1286,.T.);
#2497=EDGE_CURVE('',#1906,#1918,#1287,.T.);
#2498=EDGE_CURVE('',#1907,#1917,#1288,.T.);
#2499=EDGE_CURVE('',#1908,#1916,#1289,.T.);
#2500=EDGE_CURVE('',#1909,#1915,#1290,.T.);
#2501=EDGE_CURVE('',#1863,#1914,#1291,.T.);
#2502=EDGE_CURVE('',#1912,#1864,#1292,.T.);
#2503=EDGE_CURVE('',#1910,#1960,#1293,.T.);
#2504=EDGE_CURVE('',#1911,#1959,#1294,.T.);
#2505=EDGE_CURVE('',#1961,#1962,#1295,.T.);
#2506=EDGE_CURVE('',#1961,#1963,#956,.T.);
#2507=EDGE_CURVE('',#1963,#1964,#957,.T.);
#2508=EDGE_CURVE('',#1964,#1965,#958,.T.);
#2509=EDGE_CURVE('',#1965,#1966,#959,.T.);
#2510=EDGE_CURVE('',#1966,#1967,#960,.T.);
#2511=EDGE_CURVE('',#1967,#1968,#961,.T.);
#2512=EDGE_CURVE('',#1968,#1969,#962,.T.);
#2513=EDGE_CURVE('',#1969,#1970,#963,.T.);
#2514=EDGE_CURVE('',#1970,#1971,#964,.T.);
#2515=EDGE_CURVE('',#1971,#1972,#965,.T.);
#2516=EDGE_CURVE('',#1972,#1973,#966,.T.);
#2517=EDGE_CURVE('',#1973,#1974,#967,.T.);
#2518=EDGE_CURVE('',#1974,#1975,#968,.T.);
#2519=EDGE_CURVE('',#1975,#1976,#969,.T.);
#2520=EDGE_CURVE('',#1976,#1977,#970,.T.);
#2521=EDGE_CURVE('',#1977,#1978,#971,.T.);
#2522=EDGE_CURVE('',#1978,#1979,#972,.T.);
#2523=EDGE_CURVE('',#1979,#1980,#973,.T.);
#2524=EDGE_CURVE('',#1980,#1981,#974,.T.);
#2525=EDGE_CURVE('',#1981,#1982,#975,.T.);
#2526=EDGE_CURVE('',#1982,#1983,#976,.T.);
#2527=EDGE_CURVE('',#1983,#1984,#977,.T.);
#2528=EDGE_CURVE('',#1984,#1985,#978,.T.);
#2529=EDGE_CURVE('',#1985,#1986,#979,.T.);
#2530=EDGE_CURVE('',#1986,#1987,#980,.T.);
#2531=EDGE_CURVE('',#1987,#1988,#981,.T.);
#2532=EDGE_CURVE('',#1988,#1989,#982,.T.);
#2533=EDGE_CURVE('',#1989,#1990,#983,.T.);
#2534=EDGE_CURVE('',#1990,#1991,#984,.T.);
#2535=EDGE_CURVE('',#1991,#1992,#985,.T.);
#2536=EDGE_CURVE('',#1992,#1993,#986,.T.);
#2537=EDGE_CURVE('',#1993,#1994,#987,.T.);
#2538=EDGE_CURVE('',#1994,#1995,#988,.T.);
#2539=EDGE_CURVE('',#1995,#1996,#989,.T.);
#2540=EDGE_CURVE('',#1996,#1997,#990,.T.);
#2541=EDGE_CURVE('',#1997,#1998,#991,.T.);
#2542=EDGE_CURVE('',#1998,#1999,#992,.T.);
#2543=EDGE_CURVE('',#1999,#2000,#993,.T.);
#2544=EDGE_CURVE('',#2000,#2001,#994,.T.);
#2545=EDGE_CURVE('',#2001,#2002,#995,.T.);
#2546=EDGE_CURVE('',#2002,#2003,#1296,.T.);
#2547=EDGE_CURVE('',#2003,#2004,#996,.T.);
#2548=EDGE_CURVE('',#2005,#2004,#1297,.T.);
#2549=EDGE_CURVE('',#2005,#2006,#997,.T.);
#2550=EDGE_CURVE('',#2006,#2007,#998,.T.);
#2551=EDGE_CURVE('',#2007,#2008,#999,.T.);
#2552=EDGE_CURVE('',#2008,#2009,#1000,.T.);
#2553=EDGE_CURVE('',#2009,#1962,#1001,.T.);
#2554=EDGE_CURVE('',#2010,#2010,#1002,.T.);
#2555=EDGE_CURVE('',#2011,#2011,#1003,.T.);
#2556=EDGE_CURVE('',#2012,#2012,#1004,.T.);
#2557=EDGE_CURVE('',#2013,#2013,#1005,.T.);
#2558=EDGE_CURVE('',#2014,#2015,#1006,.T.);
#2559=EDGE_CURVE('',#2014,#2016,#1298,.T.);
#2560=EDGE_CURVE('',#2017,#2016,#1007,.T.);
#2561=EDGE_CURVE('',#2018,#2017,#1008,.T.);
#2562=EDGE_CURVE('',#2019,#2018,#1009,.T.);
#2563=EDGE_CURVE('',#2020,#2019,#1010,.T.);
#2564=EDGE_CURVE('',#2021,#2020,#1011,.T.);
#2565=EDGE_CURVE('',#2021,#2022,#1299,.T.);
#2566=EDGE_CURVE('',#2023,#2022,#1012,.T.);
#2567=EDGE_CURVE('',#2024,#2023,#1300,.T.);
#2568=EDGE_CURVE('',#2025,#2024,#1013,.T.);
#2569=EDGE_CURVE('',#2026,#2025,#1014,.T.);
#2570=EDGE_CURVE('',#2027,#2026,#1015,.T.);
#2571=EDGE_CURVE('',#2028,#2027,#1016,.T.);
#2572=EDGE_CURVE('',#2029,#2028,#1017,.T.);
#2573=EDGE_CURVE('',#2030,#2029,#1018,.T.);
#2574=EDGE_CURVE('',#2031,#2030,#1019,.T.);
#2575=EDGE_CURVE('',#2032,#2031,#1020,.T.);
#2576=EDGE_CURVE('',#2033,#2032,#1021,.T.);
#2577=EDGE_CURVE('',#2034,#2033,#1022,.T.);
#2578=EDGE_CURVE('',#2035,#2034,#1023,.T.);
#2579=EDGE_CURVE('',#2036,#2035,#1024,.T.);
#2580=EDGE_CURVE('',#2037,#2036,#1025,.T.);
#2581=EDGE_CURVE('',#2038,#2037,#1026,.T.);
#2582=EDGE_CURVE('',#2039,#2038,#1027,.T.);
#2583=EDGE_CURVE('',#2040,#2039,#1028,.T.);
#2584=EDGE_CURVE('',#2041,#2040,#1029,.T.);
#2585=EDGE_CURVE('',#2042,#2041,#1030,.T.);
#2586=EDGE_CURVE('',#2043,#2042,#1031,.T.);
#2587=EDGE_CURVE('',#2044,#2043,#1032,.T.);
#2588=EDGE_CURVE('',#2045,#2044,#1033,.T.);
#2589=EDGE_CURVE('',#2046,#2045,#1034,.T.);
#2590=EDGE_CURVE('',#2047,#2046,#1035,.T.);
#2591=EDGE_CURVE('',#2048,#2047,#1036,.T.);
#2592=EDGE_CURVE('',#2049,#2048,#1037,.T.);
#2593=EDGE_CURVE('',#2050,#2049,#1038,.T.);
#2594=EDGE_CURVE('',#2051,#2050,#1039,.T.);
#2595=EDGE_CURVE('',#2052,#2051,#1040,.T.);
#2596=EDGE_CURVE('',#2053,#2052,#1041,.T.);
#2597=EDGE_CURVE('',#2054,#2053,#1042,.T.);
#2598=EDGE_CURVE('',#2055,#2054,#1043,.T.);
#2599=EDGE_CURVE('',#2056,#2055,#1044,.T.);
#2600=EDGE_CURVE('',#2057,#2056,#1045,.T.);
#2601=EDGE_CURVE('',#2058,#2057,#1046,.T.);
#2602=EDGE_CURVE('',#2059,#2058,#1047,.T.);
#2603=EDGE_CURVE('',#2060,#2059,#1048,.T.);
#2604=EDGE_CURVE('',#2061,#2060,#1049,.T.);
#2605=EDGE_CURVE('',#2062,#2061,#1050,.T.);
#2606=EDGE_CURVE('',#2015,#2062,#1051,.T.);
#2607=EDGE_CURVE('',#2063,#2063,#1052,.F.);
#2608=EDGE_CURVE('',#2064,#2064,#1053,.F.);
#2609=EDGE_CURVE('',#2065,#2065,#1054,.F.);
#2610=EDGE_CURVE('',#2066,#2066,#1055,.T.);
#2611=EDGE_CURVE('',#1963,#2015,#1301,.T.);
#2612=EDGE_CURVE('',#1961,#2014,#1302,.T.);
#2613=EDGE_CURVE('',#1964,#2062,#1303,.T.);
#2614=EDGE_CURVE('',#1965,#2061,#1304,.T.);
#2615=EDGE_CURVE('',#1966,#2060,#1305,.T.);
#2616=EDGE_CURVE('',#1967,#2059,#1306,.T.);
#2617=EDGE_CURVE('',#1968,#2058,#1307,.T.);
#2618=EDGE_CURVE('',#1969,#2057,#1308,.T.);
#2619=EDGE_CURVE('',#1970,#2056,#1309,.T.);
#2620=EDGE_CURVE('',#1971,#2055,#1310,.T.);
#2621=EDGE_CURVE('',#1972,#2054,#1311,.T.);
#2622=EDGE_CURVE('',#1973,#2053,#1312,.T.);
#2623=EDGE_CURVE('',#1974,#2052,#1313,.T.);
#2624=EDGE_CURVE('',#1975,#2051,#1314,.T.);
#2625=EDGE_CURVE('',#1976,#2050,#1315,.T.);
#2626=EDGE_CURVE('',#1977,#2049,#1316,.T.);
#2627=EDGE_CURVE('',#1978,#2048,#1317,.T.);
#2628=EDGE_CURVE('',#1979,#2047,#1318,.T.);
#2629=EDGE_CURVE('',#1980,#2046,#1319,.T.);
#2630=EDGE_CURVE('',#1981,#2045,#1320,.T.);
#2631=EDGE_CURVE('',#1982,#2044,#1321,.T.);
#2632=EDGE_CURVE('',#1983,#2043,#1322,.T.);
#2633=EDGE_CURVE('',#1984,#2042,#1323,.T.);
#2634=EDGE_CURVE('',#1985,#2041,#1324,.T.);
#2635=EDGE_CURVE('',#1986,#2040,#1325,.T.);
#2636=EDGE_CURVE('',#1987,#2039,#1326,.T.);
#2637=EDGE_CURVE('',#1988,#2038,#1327,.T.);
#2638=EDGE_CURVE('',#1989,#2037,#1328,.T.);
#2639=EDGE_CURVE('',#1990,#2036,#1329,.T.);
#2640=EDGE_CURVE('',#1991,#2035,#1330,.T.);
#2641=EDGE_CURVE('',#1992,#2034,#1331,.T.);
#2642=EDGE_CURVE('',#1993,#2033,#1332,.T.);
#2643=EDGE_CURVE('',#1994,#2032,#1333,.T.);
#2644=EDGE_CURVE('',#1995,#2031,#1334,.T.);
#2645=EDGE_CURVE('',#1996,#2030,#1335,.T.);
#2646=EDGE_CURVE('',#1997,#2029,#1336,.T.);
#2647=EDGE_CURVE('',#1998,#2028,#1337,.T.);
#2648=EDGE_CURVE('',#1999,#2027,#1338,.T.);
#2649=EDGE_CURVE('',#2000,#2026,#1339,.T.);
#2650=EDGE_CURVE('',#2001,#2025,#1340,.T.);
#2651=EDGE_CURVE('',#2024,#2002,#1341,.T.);
#2652=EDGE_CURVE('',#2020,#2006,#1342,.T.);
#2653=EDGE_CURVE('',#2021,#2005,#1343,.T.);
#2654=EDGE_CURVE('',#2023,#2003,#1344,.T.);
#2655=EDGE_CURVE('',#2022,#2004,#1345,.T.);
#2656=EDGE_CURVE('',#2066,#2010,#1346,.T.);
#2657=EDGE_CURVE('',#2019,#2007,#1347,.T.);
#2658=EDGE_CURVE('',#2018,#2008,#1348,.T.);
#2659=EDGE_CURVE('',#2017,#2009,#1349,.T.);
#2660=EDGE_CURVE('',#2016,#1962,#1350,.T.);
#2661=EDGE_CURVE('',#2065,#2013,#1351,.T.);
#2662=EDGE_CURVE('',#2064,#2012,#1352,.T.);
#2663=EDGE_CURVE('',#2063,#2011,#1353,.T.);
#2664=EDGE_CURVE('',#2067,#2068,#1354,.T.);
#2665=EDGE_CURVE('',#2069,#2068,#1056,.T.);
#2666=EDGE_CURVE('',#2069,#2070,#1355,.T.);
#2667=EDGE_CURVE('',#2070,#2067,#1057,.T.);
#2668=EDGE_CURVE('',#2071,#2072,#1356,.T.);
#2669=EDGE_CURVE('',#2073,#2071,#1357,.T.);
#2670=EDGE_CURVE('',#2074,#2073,#1358,.T.);
#2671=EDGE_CURVE('',#2074,#2072,#1359,.T.);
#2672=EDGE_CURVE('',#2073,#2075,#1058,.T.);
#2673=EDGE_CURVE('',#2076,#2075,#1360,.T.);
#2674=EDGE_CURVE('',#2074,#2076,#1059,.T.);
#2675=EDGE_CURVE('',#2075,#2070,#1361,.T.);
#2676=EDGE_CURVE('',#2076,#2069,#1362,.T.);
#2677=EDGE_CURVE('',#2077,#2077,#1060,.T.);
#2678=EDGE_CURVE('',#2077,#2078,#1363,.T.);
#2679=EDGE_CURVE('',#2078,#2078,#1061,.T.);
#2680=EDGE_CURVE('',#2079,#2079,#1062,.T.);
#2681=EDGE_CURVE('',#2079,#2080,#1364,.T.);
#2682=EDGE_CURVE('',#2080,#2080,#1063,.T.);
#2683=EDGE_CURVE('',#2068,#2081,#1365,.T.);
#2684=EDGE_CURVE('',#2081,#2082,#45,.T.);
#2685=EDGE_CURVE('',#2082,#2083,#1366,.T.);
#2686=EDGE_CURVE('',#2083,#2084,#1367,.T.);
#2687=EDGE_CURVE('',#2084,#2072,#46,.T.);
#2688=EDGE_CURVE('',#2085,#2071,#47,.T.);
#2689=EDGE_CURVE('',#2086,#2085,#1368,.T.);
#2690=EDGE_CURVE('',#2087,#2086,#1369,.T.);
#2691=EDGE_CURVE('',#2088,#2087,#48,.T.);
#2692=EDGE_CURVE('',#2067,#2088,#1370,.T.);
#2693=EDGE_CURVE('',#2086,#2083,#1371,.T.);
#2694=EDGE_CURVE('',#2085,#2084,#1372,.T.);
#2695=EDGE_CURVE('',#2087,#2082,#1373,.T.);
#2696=EDGE_CURVE('',#2088,#2081,#1374,.T.);
#2697=ORIENTED_EDGE('',*,*,#2089,.F.);
#2698=ORIENTED_EDGE('',*,*,#2090,.T.);
#2699=ORIENTED_EDGE('',*,*,#2091,.T.);
#2700=ORIENTED_EDGE('',*,*,#2092,.T.);
#2701=ORIENTED_EDGE('',*,*,#2093,.T.);
#2702=ORIENTED_EDGE('',*,*,#2094,.T.);
#2703=ORIENTED_EDGE('',*,*,#2095,.F.);
#2704=ORIENTED_EDGE('',*,*,#2096,.T.);
#2705=ORIENTED_EDGE('',*,*,#2097,.T.);
#2706=ORIENTED_EDGE('',*,*,#2098,.T.);
#2707=ORIENTED_EDGE('',*,*,#2099,.F.);
#2708=ORIENTED_EDGE('',*,*,#2100,.T.);
#2709=ORIENTED_EDGE('',*,*,#2101,.F.);
#2710=ORIENTED_EDGE('',*,*,#2102,.T.);
#2711=ORIENTED_EDGE('',*,*,#2103,.F.);
#2712=ORIENTED_EDGE('',*,*,#2104,.T.);
#2713=ORIENTED_EDGE('',*,*,#2105,.F.);
#2714=ORIENTED_EDGE('',*,*,#2106,.T.);
#2715=ORIENTED_EDGE('',*,*,#2107,.T.);
#2716=ORIENTED_EDGE('',*,*,#2108,.T.);
#2717=ORIENTED_EDGE('',*,*,#2109,.T.);
#2718=ORIENTED_EDGE('',*,*,#2110,.T.);
#2719=ORIENTED_EDGE('',*,*,#2111,.T.);
#2720=ORIENTED_EDGE('',*,*,#2112,.T.);
#2721=ORIENTED_EDGE('',*,*,#2113,.T.);
#2722=ORIENTED_EDGE('',*,*,#2109,.F.);
#2723=ORIENTED_EDGE('',*,*,#2114,.T.);
#2724=ORIENTED_EDGE('',*,*,#2115,.T.);
#2725=ORIENTED_EDGE('',*,*,#2116,.T.);
#2726=ORIENTED_EDGE('',*,*,#2117,.T.);
#2727=ORIENTED_EDGE('',*,*,#2118,.T.);
#2728=ORIENTED_EDGE('',*,*,#2119,.F.);
#2729=ORIENTED_EDGE('',*,*,#2118,.F.);
#2730=ORIENTED_EDGE('',*,*,#2120,.F.);
#2731=ORIENTED_EDGE('',*,*,#2121,.T.);
#2732=ORIENTED_EDGE('',*,*,#2089,.T.);
#2733=ORIENTED_EDGE('',*,*,#2122,.T.);
#2734=ORIENTED_EDGE('',*,*,#2123,.T.);
#2735=ORIENTED_EDGE('',*,*,#2124,.T.);
#2736=ORIENTED_EDGE('',*,*,#2093,.F.);
#2737=ORIENTED_EDGE('',*,*,#2125,.T.);
#2738=ORIENTED_EDGE('',*,*,#2126,.T.);
#2739=ORIENTED_EDGE('',*,*,#2127,.T.);
#2740=ORIENTED_EDGE('',*,*,#2091,.F.);
#2741=ORIENTED_EDGE('',*,*,#2128,.T.);
#2742=ORIENTED_EDGE('',*,*,#2129,.T.);
#2743=ORIENTED_EDGE('',*,*,#2130,.T.);
#2744=ORIENTED_EDGE('',*,*,#2107,.F.);
#2745=ORIENTED_EDGE('',*,*,#2131,.T.);
#2746=ORIENTED_EDGE('',*,*,#2132,.T.);
#2747=ORIENTED_EDGE('',*,*,#2133,.T.);
#2748=ORIENTED_EDGE('',*,*,#2105,.T.);
#2749=ORIENTED_EDGE('',*,*,#2134,.T.);
#2750=ORIENTED_EDGE('',*,*,#2135,.F.);
#2751=ORIENTED_EDGE('',*,*,#2136,.T.);
#2752=ORIENTED_EDGE('',*,*,#2103,.T.);
#2753=ORIENTED_EDGE('',*,*,#2137,.T.);
#2754=ORIENTED_EDGE('',*,*,#2138,.F.);
#2755=ORIENTED_EDGE('',*,*,#2139,.T.);
#2756=ORIENTED_EDGE('',*,*,#2101,.T.);
#2757=ORIENTED_EDGE('',*,*,#2140,.T.);
#2758=ORIENTED_EDGE('',*,*,#2141,.F.);
#2759=ORIENTED_EDGE('',*,*,#2142,.T.);
#2760=ORIENTED_EDGE('',*,*,#2143,.T.);
#2761=ORIENTED_EDGE('',*,*,#2144,.T.);
#2762=ORIENTED_EDGE('',*,*,#2112,.F.);
#2763=ORIENTED_EDGE('',*,*,#2144,.F.);
#2764=ORIENTED_EDGE('',*,*,#2145,.T.);
#2765=ORIENTED_EDGE('',*,*,#2146,.T.);
#2766=ORIENTED_EDGE('',*,*,#2113,.F.);
#2767=ORIENTED_EDGE('',*,*,#2146,.F.);
#2768=ORIENTED_EDGE('',*,*,#2099,.T.);
#2769=ORIENTED_EDGE('',*,*,#2147,.T.);
#2770=ORIENTED_EDGE('',*,*,#2148,.F.);
#2771=ORIENTED_EDGE('',*,*,#2149,.T.);
#2772=ORIENTED_EDGE('',*,*,#2150,.F.);
#2773=ORIENTED_EDGE('',*,*,#2151,.T.);
#2774=ORIENTED_EDGE('',*,*,#2152,.T.);
#2775=ORIENTED_EDGE('',*,*,#2153,.T.);
#2776=ORIENTED_EDGE('',*,*,#2111,.F.);
#2777=ORIENTED_EDGE('',*,*,#2153,.F.);
#2778=ORIENTED_EDGE('',*,*,#2138,.T.);
#2779=ORIENTED_EDGE('',*,*,#2154,.T.);
#2780=ORIENTED_EDGE('',*,*,#2141,.T.);
#2781=ORIENTED_EDGE('',*,*,#2155,.T.);
#2782=ORIENTED_EDGE('',*,*,#2150,.T.);
#2783=ORIENTED_EDGE('',*,*,#2156,.T.);
#2784=ORIENTED_EDGE('',*,*,#2157,.T.);
#2785=ORIENTED_EDGE('',*,*,#2158,.T.);
#2786=ORIENTED_EDGE('',*,*,#2123,.F.);
#2787=ORIENTED_EDGE('',*,*,#2159,.T.);
#2788=ORIENTED_EDGE('',*,*,#2126,.F.);
#2789=ORIENTED_EDGE('',*,*,#2160,.T.);
#2790=ORIENTED_EDGE('',*,*,#2129,.F.);
#2791=ORIENTED_EDGE('',*,*,#2161,.T.);
#2792=ORIENTED_EDGE('',*,*,#2162,.T.);
#2793=ORIENTED_EDGE('',*,*,#2163,.T.);
#2794=ORIENTED_EDGE('',*,*,#2164,.F.);
#2795=ORIENTED_EDGE('',*,*,#2165,.T.);
#2796=ORIENTED_EDGE('',*,*,#2115,.F.);
#2797=ORIENTED_EDGE('',*,*,#2166,.T.);
#2798=ORIENTED_EDGE('',*,*,#2132,.F.);
#2799=ORIENTED_EDGE('',*,*,#2167,.T.);
#2800=ORIENTED_EDGE('',*,*,#2135,.T.);
#2801=ORIENTED_EDGE('',*,*,#2168,.T.);
#2802=ORIENTED_EDGE('',*,*,#2117,.F.);
#2803=ORIENTED_EDGE('',*,*,#2145,.F.);
#2804=ORIENTED_EDGE('',*,*,#2143,.F.);
#2805=ORIENTED_EDGE('',*,*,#2152,.F.);
#2806=ORIENTED_EDGE('',*,*,#2169,.T.);
#2807=ORIENTED_EDGE('',*,*,#2170,.T.);
#2808=ORIENTED_EDGE('',*,*,#2171,.F.);
#2809=ORIENTED_EDGE('',*,*,#2172,.T.);
#2810=ORIENTED_EDGE('',*,*,#2171,.T.);
#2811=ORIENTED_EDGE('',*,*,#2173,.F.);
#2812=ORIENTED_EDGE('',*,*,#2174,.F.);
#2813=ORIENTED_EDGE('',*,*,#2175,.T.);
#2814=ORIENTED_EDGE('',*,*,#2174,.T.);
#2815=ORIENTED_EDGE('',*,*,#2176,.F.);
#2816=ORIENTED_EDGE('',*,*,#2177,.F.);
#2817=ORIENTED_EDGE('',*,*,#2178,.F.);
#2818=ORIENTED_EDGE('',*,*,#2157,.F.);
#2819=ORIENTED_EDGE('',*,*,#2179,.T.);
#2820=ORIENTED_EDGE('',*,*,#2180,.F.);
#2821=ORIENTED_EDGE('',*,*,#2181,.T.);
#2822=ORIENTED_EDGE('',*,*,#2097,.F.);
#2823=ORIENTED_EDGE('',*,*,#2182,.T.);
#2824=ORIENTED_EDGE('',*,*,#2183,.T.);
#2825=ORIENTED_EDGE('',*,*,#2184,.T.);
#2826=ORIENTED_EDGE('',*,*,#2177,.T.);
#2827=ORIENTED_EDGE('',*,*,#2185,.T.);
#2828=ORIENTED_EDGE('',*,*,#2169,.F.);
#2829=ORIENTED_EDGE('',*,*,#2186,.F.);
#2830=ORIENTED_EDGE('',*,*,#2148,.T.);
#2831=ORIENTED_EDGE('',*,*,#2187,.T.);
#2832=ORIENTED_EDGE('',*,*,#2183,.F.);
#2833=ORIENTED_EDGE('',*,*,#2188,.T.);
#2834=ORIENTED_EDGE('',*,*,#2189,.T.);
#2835=ORIENTED_EDGE('',*,*,#2120,.T.);
#2836=ORIENTED_EDGE('',*,*,#2190,.T.);
#2837=ORIENTED_EDGE('',*,*,#2180,.T.);
#2838=ORIENTED_EDGE('',*,*,#2191,.T.);
#2839=ORIENTED_EDGE('',*,*,#2172,.F.);
#2840=ORIENTED_EDGE('',*,*,#2175,.F.);
#2841=ORIENTED_EDGE('',*,*,#2178,.T.);
#2842=ORIENTED_EDGE('',*,*,#2186,.T.);
#2843=ORIENTED_EDGE('',*,*,#2192,.F.);
#2844=ORIENTED_EDGE('',*,*,#2193,.F.);
#2845=ORIENTED_EDGE('',*,*,#2176,.T.);
#2846=ORIENTED_EDGE('',*,*,#2173,.T.);
#2847=ORIENTED_EDGE('',*,*,#2170,.F.);
#2848=ORIENTED_EDGE('',*,*,#2185,.F.);
#2849=ORIENTED_EDGE('',*,*,#2119,.T.);
#2850=ORIENTED_EDGE('',*,*,#2194,.F.);
#2851=ORIENTED_EDGE('',*,*,#2195,.T.);
#2852=ORIENTED_EDGE('',*,*,#2196,.F.);
#2853=ORIENTED_EDGE('',*,*,#2197,.T.);
#2854=ORIENTED_EDGE('',*,*,#2095,.T.);
#2855=ORIENTED_EDGE('',*,*,#2198,.T.);
#2856=ORIENTED_EDGE('',*,*,#2164,.T.);
#2857=ORIENTED_EDGE('',*,*,#2199,.T.);
#2858=ORIENTED_EDGE('',*,*,#2200,.T.);
#2859=ORIENTED_EDGE('',*,*,#2201,.T.);
#2860=ORIENTED_EDGE('',*,*,#2202,.F.);
#2861=ORIENTED_EDGE('',*,*,#2203,.T.);
#2862=ORIENTED_EDGE('',*,*,#2204,.F.);
#2863=ORIENTED_EDGE('',*,*,#2205,.T.);
#2864=ORIENTED_EDGE('',*,*,#2206,.T.);
#2865=ORIENTED_EDGE('',*,*,#2207,.T.);
#2866=ORIENTED_EDGE('',*,*,#2208,.T.);
#2867=ORIENTED_EDGE('',*,*,#2209,.T.);
#2868=ORIENTED_EDGE('',*,*,#2210,.F.);
#2869=ORIENTED_EDGE('',*,*,#2211,.T.);
#2870=ORIENTED_EDGE('',*,*,#2162,.F.);
#2871=ORIENTED_EDGE('',*,*,#2212,.T.);
#2872=ORIENTED_EDGE('',*,*,#2213,.T.);
#2873=ORIENTED_EDGE('',*,*,#2214,.T.);
#2874=ORIENTED_EDGE('',*,*,#2215,.T.);
#2875=ORIENTED_EDGE('',*,*,#2216,.T.);
#2876=ORIENTED_EDGE('',*,*,#2217,.F.);
#2877=ORIENTED_EDGE('',*,*,#2208,.F.);
#2878=ORIENTED_EDGE('',*,*,#2218,.T.);
#2879=ORIENTED_EDGE('',*,*,#2194,.T.);
#2880=ORIENTED_EDGE('',*,*,#2219,.T.);
#2881=ORIENTED_EDGE('',*,*,#2210,.T.);
#2882=ORIENTED_EDGE('',*,*,#2220,.T.);
#2883=ORIENTED_EDGE('',*,*,#2200,.F.);
#2884=ORIENTED_EDGE('',*,*,#2221,.T.);
#2885=ORIENTED_EDGE('',*,*,#2222,.T.);
#2886=ORIENTED_EDGE('',*,*,#2223,.T.);
#2887=ORIENTED_EDGE('',*,*,#2217,.T.);
#2888=ORIENTED_EDGE('',*,*,#2223,.F.);
#2889=ORIENTED_EDGE('',*,*,#2209,.F.);
#2890=ORIENTED_EDGE('',*,*,#2219,.F.);
#2891=ORIENTED_EDGE('',*,*,#2201,.F.);
#2892=ORIENTED_EDGE('',*,*,#2220,.F.);
#2893=ORIENTED_EDGE('',*,*,#2211,.F.);
#2894=ORIENTED_EDGE('',*,*,#2221,.F.);
#2895=ORIENTED_EDGE('',*,*,#2199,.F.);
#2896=ORIENTED_EDGE('',*,*,#2163,.F.);
#2897=ORIENTED_EDGE('',*,*,#2224,.F.);
#2898=ORIENTED_EDGE('',*,*,#2225,.T.);
#2899=ORIENTED_EDGE('',*,*,#2193,.T.);
#2900=ORIENTED_EDGE('',*,*,#2225,.F.);
#2901=ORIENTED_EDGE('',*,*,#2224,.T.);
#2902=ORIENTED_EDGE('',*,*,#2226,.F.);
#2903=ORIENTED_EDGE('',*,*,#2227,.T.);
#2904=ORIENTED_EDGE('',*,*,#2192,.T.);
#2905=ORIENTED_EDGE('',*,*,#2227,.F.);
#2906=ORIENTED_EDGE('',*,*,#2226,.T.);
#2907=ORIENTED_EDGE('',*,*,#2216,.F.);
#2908=ORIENTED_EDGE('',*,*,#2228,.T.);
#2909=ORIENTED_EDGE('',*,*,#2229,.T.);
#2910=ORIENTED_EDGE('',*,*,#2228,.F.);
#2911=ORIENTED_EDGE('',*,*,#2215,.F.);
#2912=ORIENTED_EDGE('',*,*,#2230,.T.);
#2913=ORIENTED_EDGE('',*,*,#2231,.T.);
#2914=ORIENTED_EDGE('',*,*,#2230,.F.);
#2915=ORIENTED_EDGE('',*,*,#2232,.T.);
#2916=ORIENTED_EDGE('',*,*,#2233,.T.);
#2917=ORIENTED_EDGE('',*,*,#2234,.T.);
#2918=ORIENTED_EDGE('',*,*,#2235,.T.);
#2919=ORIENTED_EDGE('',*,*,#2231,.F.);
#2920=ORIENTED_EDGE('',*,*,#2222,.F.);
#2921=ORIENTED_EDGE('',*,*,#2229,.F.);
#2922=ORIENTED_EDGE('',*,*,#2204,.T.);
#2923=ORIENTED_EDGE('',*,*,#2236,.T.);
#2924=ORIENTED_EDGE('',*,*,#2232,.F.);
#2925=ORIENTED_EDGE('',*,*,#2237,.T.);
#2926=ORIENTED_EDGE('',*,*,#2234,.F.);
#2927=ORIENTED_EDGE('',*,*,#2238,.T.);
#2928=ORIENTED_EDGE('',*,*,#2202,.T.);
#2929=ORIENTED_EDGE('',*,*,#2239,.T.);
#2930=ORIENTED_EDGE('',*,*,#2238,.F.);
#2931=ORIENTED_EDGE('',*,*,#2233,.F.);
#2932=ORIENTED_EDGE('',*,*,#2236,.F.);
#2933=ORIENTED_EDGE('',*,*,#2203,.F.);
#2934=ORIENTED_EDGE('',*,*,#2237,.F.);
#2935=ORIENTED_EDGE('',*,*,#2235,.F.);
#2936=ORIENTED_EDGE('',*,*,#2239,.F.);
#2937=ORIENTED_EDGE('',*,*,#2205,.F.);
#2938=ORIENTED_EDGE('',*,*,#2161,.F.);
#2939=ORIENTED_EDGE('',*,*,#2128,.F.);
#2940=ORIENTED_EDGE('',*,*,#2240,.F.);
#2941=ORIENTED_EDGE('',*,*,#2212,.F.);
#2942=ORIENTED_EDGE('',*,*,#2240,.T.);
#2943=ORIENTED_EDGE('',*,*,#2090,.F.);
#2944=ORIENTED_EDGE('',*,*,#2241,.F.);
#2945=ORIENTED_EDGE('',*,*,#2213,.F.);
#2946=ORIENTED_EDGE('',*,*,#2121,.F.);
#2947=ORIENTED_EDGE('',*,*,#2242,.F.);
#2948=ORIENTED_EDGE('',*,*,#2214,.F.);
#2949=ORIENTED_EDGE('',*,*,#2241,.T.);
#2950=ORIENTED_EDGE('',*,*,#2188,.F.);
#2951=ORIENTED_EDGE('',*,*,#2182,.F.);
#2952=ORIENTED_EDGE('',*,*,#2096,.F.);
#2953=ORIENTED_EDGE('',*,*,#2197,.F.);
#2954=ORIENTED_EDGE('',*,*,#2187,.F.);
#2955=ORIENTED_EDGE('',*,*,#2147,.F.);
#2956=ORIENTED_EDGE('',*,*,#2098,.F.);
#2957=ORIENTED_EDGE('',*,*,#2184,.F.);
#2958=ORIENTED_EDGE('',*,*,#2155,.F.);
#2959=ORIENTED_EDGE('',*,*,#2140,.F.);
#2960=ORIENTED_EDGE('',*,*,#2100,.F.);
#2961=ORIENTED_EDGE('',*,*,#2151,.F.);
#2962=ORIENTED_EDGE('',*,*,#2154,.F.);
#2963=ORIENTED_EDGE('',*,*,#2137,.F.);
#2964=ORIENTED_EDGE('',*,*,#2102,.F.);
#2965=ORIENTED_EDGE('',*,*,#2142,.F.);
#2966=ORIENTED_EDGE('',*,*,#2168,.F.);
#2967=ORIENTED_EDGE('',*,*,#2134,.F.);
#2968=ORIENTED_EDGE('',*,*,#2104,.F.);
#2969=ORIENTED_EDGE('',*,*,#2139,.F.);
#2970=ORIENTED_EDGE('',*,*,#2167,.F.);
#2971=ORIENTED_EDGE('',*,*,#2131,.F.);
#2972=ORIENTED_EDGE('',*,*,#2106,.F.);
#2973=ORIENTED_EDGE('',*,*,#2136,.F.);
#2974=ORIENTED_EDGE('',*,*,#2166,.F.);
#2975=ORIENTED_EDGE('',*,*,#2114,.F.);
#2976=ORIENTED_EDGE('',*,*,#2108,.F.);
#2977=ORIENTED_EDGE('',*,*,#2133,.F.);
#2978=ORIENTED_EDGE('',*,*,#2165,.F.);
#2979=ORIENTED_EDGE('',*,*,#2198,.F.);
#2980=ORIENTED_EDGE('',*,*,#2110,.F.);
#2981=ORIENTED_EDGE('',*,*,#2116,.F.);
#2982=ORIENTED_EDGE('',*,*,#2160,.F.);
#2983=ORIENTED_EDGE('',*,*,#2125,.F.);
#2984=ORIENTED_EDGE('',*,*,#2092,.F.);
#2985=ORIENTED_EDGE('',*,*,#2130,.F.);
#2986=ORIENTED_EDGE('',*,*,#2159,.F.);
#2987=ORIENTED_EDGE('',*,*,#2122,.F.);
#2988=ORIENTED_EDGE('',*,*,#2094,.F.);
#2989=ORIENTED_EDGE('',*,*,#2127,.F.);
#2990=ORIENTED_EDGE('',*,*,#2191,.F.);
#2991=ORIENTED_EDGE('',*,*,#2179,.F.);
#2992=ORIENTED_EDGE('',*,*,#2156,.F.);
#2993=ORIENTED_EDGE('',*,*,#2149,.F.);
#2994=ORIENTED_EDGE('',*,*,#2190,.F.);
#2995=ORIENTED_EDGE('',*,*,#2124,.F.);
#2996=ORIENTED_EDGE('',*,*,#2158,.F.);
#2997=ORIENTED_EDGE('',*,*,#2181,.F.);
#2998=ORIENTED_EDGE('',*,*,#2196,.T.);
#2999=ORIENTED_EDGE('',*,*,#2243,.T.);
#3000=ORIENTED_EDGE('',*,*,#2206,.F.);
#3001=ORIENTED_EDGE('',*,*,#2242,.T.);
#3002=ORIENTED_EDGE('',*,*,#2189,.F.);
#3003=ORIENTED_EDGE('',*,*,#2207,.F.);
#3004=ORIENTED_EDGE('',*,*,#2243,.F.);
#3005=ORIENTED_EDGE('',*,*,#2195,.F.);
#3006=ORIENTED_EDGE('',*,*,#2218,.F.);
#3007=ORIENTED_EDGE('',*,*,#2244,.F.);
#3008=ORIENTED_EDGE('',*,*,#2245,.T.);
#3009=ORIENTED_EDGE('',*,*,#2246,.T.);
#3010=ORIENTED_EDGE('',*,*,#2247,.T.);
#3011=ORIENTED_EDGE('',*,*,#2248,.T.);
#3012=ORIENTED_EDGE('',*,*,#2249,.T.);
#3013=ORIENTED_EDGE('',*,*,#2250,.F.);
#3014=ORIENTED_EDGE('',*,*,#2251,.T.);
#3015=ORIENTED_EDGE('',*,*,#2252,.T.);
#3016=ORIENTED_EDGE('',*,*,#2253,.T.);
#3017=ORIENTED_EDGE('',*,*,#2254,.F.);
#3018=ORIENTED_EDGE('',*,*,#2255,.T.);
#3019=ORIENTED_EDGE('',*,*,#2256,.T.);
#3020=ORIENTED_EDGE('',*,*,#2257,.T.);
#3021=ORIENTED_EDGE('',*,*,#2258,.F.);
#3022=ORIENTED_EDGE('',*,*,#2257,.F.);
#3023=ORIENTED_EDGE('',*,*,#2259,.F.);
#3024=ORIENTED_EDGE('',*,*,#2260,.T.);
#3025=ORIENTED_EDGE('',*,*,#2261,.T.);
#3026=ORIENTED_EDGE('',*,*,#2262,.T.);
#3027=ORIENTED_EDGE('',*,*,#2263,.T.);
#3028=ORIENTED_EDGE('',*,*,#2264,.T.);
#3029=ORIENTED_EDGE('',*,*,#2265,.F.);
#3030=ORIENTED_EDGE('',*,*,#2264,.F.);
#3031=ORIENTED_EDGE('',*,*,#2259,.T.);
#3032=ORIENTED_EDGE('',*,*,#2266,.T.);
#3033=ORIENTED_EDGE('',*,*,#2244,.T.);
#3034=ORIENTED_EDGE('',*,*,#2267,.T.);
#3035=ORIENTED_EDGE('',*,*,#2248,.F.);
#3036=ORIENTED_EDGE('',*,*,#2268,.T.);
#3037=ORIENTED_EDGE('',*,*,#2254,.T.);
#3038=ORIENTED_EDGE('',*,*,#2269,.T.);
#3039=ORIENTED_EDGE('',*,*,#2256,.F.);
#3040=ORIENTED_EDGE('',*,*,#2263,.F.);
#3041=ORIENTED_EDGE('',*,*,#2246,.F.);
#3042=ORIENTED_EDGE('',*,*,#2270,.T.);
#3043=ORIENTED_EDGE('',*,*,#2261,.F.);
#3044=ORIENTED_EDGE('',*,*,#2271,.T.);
#3045=ORIENTED_EDGE('',*,*,#2252,.F.);
#3046=ORIENTED_EDGE('',*,*,#2272,.T.);
#3047=ORIENTED_EDGE('',*,*,#2250,.T.);
#3048=ORIENTED_EDGE('',*,*,#2273,.T.);
#3049=ORIENTED_EDGE('',*,*,#2258,.T.);
#3050=ORIENTED_EDGE('',*,*,#2265,.T.);
#3051=ORIENTED_EDGE('',*,*,#2269,.F.);
#3052=ORIENTED_EDGE('',*,*,#2253,.F.);
#3053=ORIENTED_EDGE('',*,*,#2271,.F.);
#3054=ORIENTED_EDGE('',*,*,#2260,.F.);
#3055=ORIENTED_EDGE('',*,*,#2266,.F.);
#3056=ORIENTED_EDGE('',*,*,#2262,.F.);
#3057=ORIENTED_EDGE('',*,*,#2270,.F.);
#3058=ORIENTED_EDGE('',*,*,#2245,.F.);
#3059=ORIENTED_EDGE('',*,*,#2267,.F.);
#3060=ORIENTED_EDGE('',*,*,#2247,.F.);
#3061=ORIENTED_EDGE('',*,*,#2273,.F.);
#3062=ORIENTED_EDGE('',*,*,#2249,.F.);
#3063=ORIENTED_EDGE('',*,*,#2268,.F.);
#3064=ORIENTED_EDGE('',*,*,#2251,.F.);
#3065=ORIENTED_EDGE('',*,*,#2272,.F.);
#3066=ORIENTED_EDGE('',*,*,#2255,.F.);
#3067=ORIENTED_EDGE('',*,*,#2274,.T.);
#3068=ORIENTED_EDGE('',*,*,#2275,.T.);
#3069=ORIENTED_EDGE('',*,*,#2276,.T.);
#3070=ORIENTED_EDGE('',*,*,#2277,.T.);
#3071=ORIENTED_EDGE('',*,*,#2275,.F.);
#3072=ORIENTED_EDGE('',*,*,#2278,.F.);
#3073=ORIENTED_EDGE('',*,*,#2279,.F.);
#3074=ORIENTED_EDGE('',*,*,#2280,.F.);
#3075=ORIENTED_EDGE('',*,*,#2281,.F.);
#3076=ORIENTED_EDGE('',*,*,#2282,.T.);
#3077=ORIENTED_EDGE('',*,*,#2283,.T.);
#3078=ORIENTED_EDGE('',*,*,#2284,.F.);
#3079=ORIENTED_EDGE('',*,*,#2285,.T.);
#3080=ORIENTED_EDGE('',*,*,#2286,.F.);
#3081=ORIENTED_EDGE('',*,*,#2276,.F.);
#3082=ORIENTED_EDGE('',*,*,#2284,.T.);
#3083=ORIENTED_EDGE('',*,*,#2287,.F.);
#3084=ORIENTED_EDGE('',*,*,#2288,.F.);
#3085=ORIENTED_EDGE('',*,*,#2277,.F.);
#3086=ORIENTED_EDGE('',*,*,#2286,.T.);
#3087=ORIENTED_EDGE('',*,*,#2289,.T.);
#3088=ORIENTED_EDGE('',*,*,#2290,.F.);
#3089=ORIENTED_EDGE('',*,*,#2291,.F.);
#3090=ORIENTED_EDGE('',*,*,#2292,.F.);
#3091=ORIENTED_EDGE('',*,*,#2293,.T.);
#3092=ORIENTED_EDGE('',*,*,#2282,.F.);
#3093=ORIENTED_EDGE('',*,*,#2294,.F.);
#3094=ORIENTED_EDGE('',*,*,#2290,.T.);
#3095=ORIENTED_EDGE('',*,*,#2295,.F.);
#3096=ORIENTED_EDGE('',*,*,#2291,.T.);
#3097=ORIENTED_EDGE('',*,*,#2294,.T.);
#3098=ORIENTED_EDGE('',*,*,#2281,.T.);
#3099=ORIENTED_EDGE('',*,*,#2283,.F.);
#3100=ORIENTED_EDGE('',*,*,#2293,.F.);
#3101=ORIENTED_EDGE('',*,*,#2289,.F.);
#3102=ORIENTED_EDGE('',*,*,#2285,.F.);
#3103=ORIENTED_EDGE('',*,*,#2288,.T.);
#3104=ORIENTED_EDGE('',*,*,#2296,.T.);
#3105=ORIENTED_EDGE('',*,*,#2278,.T.);
#3106=ORIENTED_EDGE('',*,*,#2274,.F.);
#3107=ORIENTED_EDGE('',*,*,#2287,.T.);
#3108=ORIENTED_EDGE('',*,*,#2297,.T.);
#3109=ORIENTED_EDGE('',*,*,#2279,.T.);
#3110=ORIENTED_EDGE('',*,*,#2296,.F.);
#3111=ORIENTED_EDGE('',*,*,#2292,.T.);
#3112=ORIENTED_EDGE('',*,*,#2295,.T.);
#3113=ORIENTED_EDGE('',*,*,#2280,.T.);
#3114=ORIENTED_EDGE('',*,*,#2297,.F.);
#3115=ORIENTED_EDGE('',*,*,#2298,.T.);
#3116=ORIENTED_EDGE('',*,*,#2299,.F.);
#3117=ORIENTED_EDGE('',*,*,#2300,.F.);
#3118=ORIENTED_EDGE('',*,*,#2301,.F.);
#3119=ORIENTED_EDGE('',*,*,#2302,.T.);
#3120=ORIENTED_EDGE('',*,*,#2303,.T.);
#3121=ORIENTED_EDGE('',*,*,#2304,.F.);
#3122=ORIENTED_EDGE('',*,*,#2305,.F.);
#3123=ORIENTED_EDGE('',*,*,#2306,.T.);
#3124=ORIENTED_EDGE('',*,*,#2307,.F.);
#3125=ORIENTED_EDGE('',*,*,#2308,.T.);
#3126=ORIENTED_EDGE('',*,*,#2309,.T.);
#3127=ORIENTED_EDGE('',*,*,#2310,.F.);
#3128=ORIENTED_EDGE('',*,*,#2311,.F.);
#3129=ORIENTED_EDGE('',*,*,#2312,.F.);
#3130=ORIENTED_EDGE('',*,*,#2313,.F.);
#3131=ORIENTED_EDGE('',*,*,#2307,.T.);
#3132=ORIENTED_EDGE('',*,*,#2314,.F.);
#3133=ORIENTED_EDGE('',*,*,#2305,.T.);
#3134=ORIENTED_EDGE('',*,*,#2315,.T.);
#3135=ORIENTED_EDGE('',*,*,#2316,.T.);
#3136=ORIENTED_EDGE('',*,*,#2302,.F.);
#3137=ORIENTED_EDGE('',*,*,#2317,.F.);
#3138=ORIENTED_EDGE('',*,*,#2310,.T.);
#3139=ORIENTED_EDGE('',*,*,#2318,.T.);
#3140=ORIENTED_EDGE('',*,*,#2308,.F.);
#3141=ORIENTED_EDGE('',*,*,#2315,.F.);
#3142=ORIENTED_EDGE('',*,*,#2304,.T.);
#3143=ORIENTED_EDGE('',*,*,#2319,.T.);
#3144=ORIENTED_EDGE('',*,*,#2311,.T.);
#3145=ORIENTED_EDGE('',*,*,#2317,.T.);
#3146=ORIENTED_EDGE('',*,*,#2301,.T.);
#3147=ORIENTED_EDGE('',*,*,#2316,.F.);
#3148=ORIENTED_EDGE('',*,*,#2309,.F.);
#3149=ORIENTED_EDGE('',*,*,#2318,.F.);
#3150=ORIENTED_EDGE('',*,*,#2303,.F.);
#3151=ORIENTED_EDGE('',*,*,#2299,.T.);
#3152=ORIENTED_EDGE('',*,*,#2320,.T.);
#3153=ORIENTED_EDGE('',*,*,#2313,.T.);
#3154=ORIENTED_EDGE('',*,*,#2321,.F.);
#3155=ORIENTED_EDGE('',*,*,#2314,.T.);
#3156=ORIENTED_EDGE('',*,*,#2306,.F.);
#3157=ORIENTED_EDGE('',*,*,#2320,.F.);
#3158=ORIENTED_EDGE('',*,*,#2298,.F.);
#3159=ORIENTED_EDGE('',*,*,#2300,.T.);
#3160=ORIENTED_EDGE('',*,*,#2321,.T.);
#3161=ORIENTED_EDGE('',*,*,#2312,.T.);
#3162=ORIENTED_EDGE('',*,*,#2319,.F.);
#3163=ORIENTED_EDGE('',*,*,#2322,.F.);
#3164=ORIENTED_EDGE('',*,*,#2323,.F.);
#3165=ORIENTED_EDGE('',*,*,#2324,.T.);
#3166=ORIENTED_EDGE('',*,*,#2325,.T.);
#3167=ORIENTED_EDGE('',*,*,#2326,.T.);
#3168=ORIENTED_EDGE('',*,*,#2327,.F.);
#3169=ORIENTED_EDGE('',*,*,#2328,.F.);
#3170=ORIENTED_EDGE('',*,*,#2329,.T.);
#3171=ORIENTED_EDGE('',*,*,#2330,.T.);
#3172=ORIENTED_EDGE('',*,*,#2331,.T.);
#3173=ORIENTED_EDGE('',*,*,#2332,.F.);
#3174=ORIENTED_EDGE('',*,*,#2325,.F.);
#3175=ORIENTED_EDGE('',*,*,#2333,.T.);
#3176=ORIENTED_EDGE('',*,*,#2334,.T.);
#3177=ORIENTED_EDGE('',*,*,#2335,.F.);
#3178=ORIENTED_EDGE('',*,*,#2329,.F.);
#3179=ORIENTED_EDGE('',*,*,#2326,.F.);
#3180=ORIENTED_EDGE('',*,*,#2332,.T.);
#3181=ORIENTED_EDGE('',*,*,#2336,.T.);
#3182=ORIENTED_EDGE('',*,*,#2337,.F.);
#3183=ORIENTED_EDGE('',*,*,#2338,.F.);
#3184=ORIENTED_EDGE('',*,*,#2330,.F.);
#3185=ORIENTED_EDGE('',*,*,#2335,.T.);
#3186=ORIENTED_EDGE('',*,*,#2339,.T.);
#3187=ORIENTED_EDGE('',*,*,#2333,.F.);
#3188=ORIENTED_EDGE('',*,*,#2324,.F.);
#3189=ORIENTED_EDGE('',*,*,#2340,.F.);
#3190=ORIENTED_EDGE('',*,*,#2337,.T.);
#3191=ORIENTED_EDGE('',*,*,#2341,.F.);
#3192=ORIENTED_EDGE('',*,*,#2338,.T.);
#3193=ORIENTED_EDGE('',*,*,#2340,.T.);
#3194=ORIENTED_EDGE('',*,*,#2331,.F.);
#3195=ORIENTED_EDGE('',*,*,#2339,.F.);
#3196=ORIENTED_EDGE('',*,*,#2336,.F.);
#3197=ORIENTED_EDGE('',*,*,#2334,.F.);
#3198=ORIENTED_EDGE('',*,*,#2322,.T.);
#3199=ORIENTED_EDGE('',*,*,#2342,.F.);
#3200=ORIENTED_EDGE('',*,*,#2343,.F.);
#3201=ORIENTED_EDGE('',*,*,#2344,.T.);
#3202=ORIENTED_EDGE('',*,*,#2327,.T.);
#3203=ORIENTED_EDGE('',*,*,#2328,.T.);
#3204=ORIENTED_EDGE('',*,*,#2341,.T.);
#3205=ORIENTED_EDGE('',*,*,#2323,.T.);
#3206=ORIENTED_EDGE('',*,*,#2344,.F.);
#3207=ORIENTED_EDGE('',*,*,#2345,.F.);
#3208=ORIENTED_EDGE('',*,*,#2342,.T.);
#3209=ORIENTED_EDGE('',*,*,#2343,.T.);
#3210=ORIENTED_EDGE('',*,*,#2345,.T.);
#3211=ORIENTED_EDGE('',*,*,#2346,.F.);
#3212=ORIENTED_EDGE('',*,*,#2346,.T.);
#3213=ORIENTED_EDGE('',*,*,#2347,.T.);
#3214=ORIENTED_EDGE('',*,*,#2348,.F.);
#3215=ORIENTED_EDGE('',*,*,#2347,.F.);
#3216=ORIENTED_EDGE('',*,*,#2348,.T.);
#3217=ORIENTED_EDGE('',*,*,#2349,.T.);
#3218=ORIENTED_EDGE('',*,*,#2350,.T.);
#3219=ORIENTED_EDGE('',*,*,#2351,.F.);
#3220=ORIENTED_EDGE('',*,*,#2350,.F.);
#3221=ORIENTED_EDGE('',*,*,#2351,.T.);
#3222=ORIENTED_EDGE('',*,*,#2349,.F.);
#3223=ORIENTED_EDGE('',*,*,#2352,.T.);
#3224=ORIENTED_EDGE('',*,*,#2353,.T.);
#3225=ORIENTED_EDGE('',*,*,#2354,.F.);
#3226=ORIENTED_EDGE('',*,*,#2353,.F.);
#3227=ORIENTED_EDGE('',*,*,#2354,.T.);
#3228=ORIENTED_EDGE('',*,*,#2352,.F.);
#3229=ORIENTED_EDGE('',*,*,#2355,.T.);
#3230=ORIENTED_EDGE('',*,*,#2356,.T.);
#3231=ORIENTED_EDGE('',*,*,#2357,.F.);
#3232=ORIENTED_EDGE('',*,*,#2356,.F.);
#3233=ORIENTED_EDGE('',*,*,#2357,.T.);
#3234=ORIENTED_EDGE('',*,*,#2355,.F.);
#3235=ORIENTED_EDGE('',*,*,#2358,.T.);
#3236=ORIENTED_EDGE('',*,*,#2359,.T.);
#3237=ORIENTED_EDGE('',*,*,#2360,.T.);
#3238=ORIENTED_EDGE('',*,*,#2361,.T.);
#3239=ORIENTED_EDGE('',*,*,#2362,.T.);
#3240=ORIENTED_EDGE('',*,*,#2363,.T.);
#3241=ORIENTED_EDGE('',*,*,#2364,.T.);
#3242=ORIENTED_EDGE('',*,*,#2365,.T.);
#3243=ORIENTED_EDGE('',*,*,#2366,.T.);
#3244=ORIENTED_EDGE('',*,*,#2367,.T.);
#3245=ORIENTED_EDGE('',*,*,#2368,.T.);
#3246=ORIENTED_EDGE('',*,*,#2369,.T.);
#3247=ORIENTED_EDGE('',*,*,#2370,.T.);
#3248=ORIENTED_EDGE('',*,*,#2371,.T.);
#3249=ORIENTED_EDGE('',*,*,#2372,.T.);
#3250=ORIENTED_EDGE('',*,*,#2373,.T.);
#3251=ORIENTED_EDGE('',*,*,#2374,.T.);
#3252=ORIENTED_EDGE('',*,*,#2375,.T.);
#3253=ORIENTED_EDGE('',*,*,#2376,.T.);
#3254=ORIENTED_EDGE('',*,*,#2377,.T.);
#3255=ORIENTED_EDGE('',*,*,#2378,.T.);
#3256=ORIENTED_EDGE('',*,*,#2379,.T.);
#3257=ORIENTED_EDGE('',*,*,#2380,.T.);
#3258=ORIENTED_EDGE('',*,*,#2381,.T.);
#3259=ORIENTED_EDGE('',*,*,#2382,.T.);
#3260=ORIENTED_EDGE('',*,*,#2383,.T.);
#3261=ORIENTED_EDGE('',*,*,#2384,.T.);
#3262=ORIENTED_EDGE('',*,*,#2385,.T.);
#3263=ORIENTED_EDGE('',*,*,#2386,.T.);
#3264=ORIENTED_EDGE('',*,*,#2387,.T.);
#3265=ORIENTED_EDGE('',*,*,#2388,.T.);
#3266=ORIENTED_EDGE('',*,*,#2389,.T.);
#3267=ORIENTED_EDGE('',*,*,#2390,.T.);
#3268=ORIENTED_EDGE('',*,*,#2391,.T.);
#3269=ORIENTED_EDGE('',*,*,#2392,.T.);
#3270=ORIENTED_EDGE('',*,*,#2393,.T.);
#3271=ORIENTED_EDGE('',*,*,#2394,.T.);
#3272=ORIENTED_EDGE('',*,*,#2395,.T.);
#3273=ORIENTED_EDGE('',*,*,#2396,.T.);
#3274=ORIENTED_EDGE('',*,*,#2397,.T.);
#3275=ORIENTED_EDGE('',*,*,#2398,.T.);
#3276=ORIENTED_EDGE('',*,*,#2399,.T.);
#3277=ORIENTED_EDGE('',*,*,#2400,.T.);
#3278=ORIENTED_EDGE('',*,*,#2401,.T.);
#3279=ORIENTED_EDGE('',*,*,#2402,.T.);
#3280=ORIENTED_EDGE('',*,*,#2403,.T.);
#3281=ORIENTED_EDGE('',*,*,#2404,.T.);
#3282=ORIENTED_EDGE('',*,*,#2405,.F.);
#3283=ORIENTED_EDGE('',*,*,#2406,.F.);
#3284=ORIENTED_EDGE('',*,*,#2407,.F.);
#3285=ORIENTED_EDGE('',*,*,#2408,.F.);
#3286=ORIENTED_EDGE('',*,*,#2409,.F.);
#3287=ORIENTED_EDGE('',*,*,#2410,.F.);
#3288=ORIENTED_EDGE('',*,*,#2411,.F.);
#3289=ORIENTED_EDGE('',*,*,#2412,.F.);
#3290=ORIENTED_EDGE('',*,*,#2413,.F.);
#3291=ORIENTED_EDGE('',*,*,#2414,.F.);
#3292=ORIENTED_EDGE('',*,*,#2415,.F.);
#3293=ORIENTED_EDGE('',*,*,#2416,.F.);
#3294=ORIENTED_EDGE('',*,*,#2417,.F.);
#3295=ORIENTED_EDGE('',*,*,#2418,.F.);
#3296=ORIENTED_EDGE('',*,*,#2419,.F.);
#3297=ORIENTED_EDGE('',*,*,#2420,.F.);
#3298=ORIENTED_EDGE('',*,*,#2421,.F.);
#3299=ORIENTED_EDGE('',*,*,#2422,.F.);
#3300=ORIENTED_EDGE('',*,*,#2423,.F.);
#3301=ORIENTED_EDGE('',*,*,#2424,.F.);
#3302=ORIENTED_EDGE('',*,*,#2425,.F.);
#3303=ORIENTED_EDGE('',*,*,#2426,.F.);
#3304=ORIENTED_EDGE('',*,*,#2427,.F.);
#3305=ORIENTED_EDGE('',*,*,#2428,.F.);
#3306=ORIENTED_EDGE('',*,*,#2429,.F.);
#3307=ORIENTED_EDGE('',*,*,#2430,.F.);
#3308=ORIENTED_EDGE('',*,*,#2431,.F.);
#3309=ORIENTED_EDGE('',*,*,#2432,.F.);
#3310=ORIENTED_EDGE('',*,*,#2433,.F.);
#3311=ORIENTED_EDGE('',*,*,#2434,.F.);
#3312=ORIENTED_EDGE('',*,*,#2435,.F.);
#3313=ORIENTED_EDGE('',*,*,#2436,.F.);
#3314=ORIENTED_EDGE('',*,*,#2437,.F.);
#3315=ORIENTED_EDGE('',*,*,#2438,.F.);
#3316=ORIENTED_EDGE('',*,*,#2439,.F.);
#3317=ORIENTED_EDGE('',*,*,#2440,.F.);
#3318=ORIENTED_EDGE('',*,*,#2441,.F.);
#3319=ORIENTED_EDGE('',*,*,#2442,.F.);
#3320=ORIENTED_EDGE('',*,*,#2443,.F.);
#3321=ORIENTED_EDGE('',*,*,#2444,.F.);
#3322=ORIENTED_EDGE('',*,*,#2445,.F.);
#3323=ORIENTED_EDGE('',*,*,#2446,.F.);
#3324=ORIENTED_EDGE('',*,*,#2447,.F.);
#3325=ORIENTED_EDGE('',*,*,#2448,.F.);
#3326=ORIENTED_EDGE('',*,*,#2449,.F.);
#3327=ORIENTED_EDGE('',*,*,#2450,.F.);
#3328=ORIENTED_EDGE('',*,*,#2451,.F.);
#3329=ORIENTED_EDGE('',*,*,#2452,.F.);
#3330=ORIENTED_EDGE('',*,*,#2453,.F.);
#3331=ORIENTED_EDGE('',*,*,#2454,.T.);
#3332=ORIENTED_EDGE('',*,*,#2455,.T.);
#3333=ORIENTED_EDGE('',*,*,#2453,.T.);
#3334=ORIENTED_EDGE('',*,*,#2456,.F.);
#3335=ORIENTED_EDGE('',*,*,#2360,.F.);
#3336=ORIENTED_EDGE('',*,*,#2457,.T.);
#3337=ORIENTED_EDGE('',*,*,#2452,.T.);
#3338=ORIENTED_EDGE('',*,*,#2458,.F.);
#3339=ORIENTED_EDGE('',*,*,#2361,.F.);
#3340=ORIENTED_EDGE('',*,*,#2456,.T.);
#3341=ORIENTED_EDGE('',*,*,#2451,.T.);
#3342=ORIENTED_EDGE('',*,*,#2459,.F.);
#3343=ORIENTED_EDGE('',*,*,#2362,.F.);
#3344=ORIENTED_EDGE('',*,*,#2458,.T.);
#3345=ORIENTED_EDGE('',*,*,#2450,.T.);
#3346=ORIENTED_EDGE('',*,*,#2460,.F.);
#3347=ORIENTED_EDGE('',*,*,#2363,.F.);
#3348=ORIENTED_EDGE('',*,*,#2459,.T.);
#3349=ORIENTED_EDGE('',*,*,#2449,.T.);
#3350=ORIENTED_EDGE('',*,*,#2461,.F.);
#3351=ORIENTED_EDGE('',*,*,#2364,.F.);
#3352=ORIENTED_EDGE('',*,*,#2460,.T.);
#3353=ORIENTED_EDGE('',*,*,#2448,.T.);
#3354=ORIENTED_EDGE('',*,*,#2462,.F.);
#3355=ORIENTED_EDGE('',*,*,#2365,.F.);
#3356=ORIENTED_EDGE('',*,*,#2461,.T.);
#3357=ORIENTED_EDGE('',*,*,#2447,.T.);
#3358=ORIENTED_EDGE('',*,*,#2463,.F.);
#3359=ORIENTED_EDGE('',*,*,#2366,.F.);
#3360=ORIENTED_EDGE('',*,*,#2462,.T.);
#3361=ORIENTED_EDGE('',*,*,#2446,.T.);
#3362=ORIENTED_EDGE('',*,*,#2464,.F.);
#3363=ORIENTED_EDGE('',*,*,#2367,.F.);
#3364=ORIENTED_EDGE('',*,*,#2463,.T.);
#3365=ORIENTED_EDGE('',*,*,#2445,.T.);
#3366=ORIENTED_EDGE('',*,*,#2465,.F.);
#3367=ORIENTED_EDGE('',*,*,#2368,.F.);
#3368=ORIENTED_EDGE('',*,*,#2464,.T.);
#3369=ORIENTED_EDGE('',*,*,#2444,.T.);
#3370=ORIENTED_EDGE('',*,*,#2466,.F.);
#3371=ORIENTED_EDGE('',*,*,#2369,.F.);
#3372=ORIENTED_EDGE('',*,*,#2465,.T.);
#3373=ORIENTED_EDGE('',*,*,#2443,.T.);
#3374=ORIENTED_EDGE('',*,*,#2467,.F.);
#3375=ORIENTED_EDGE('',*,*,#2370,.F.);
#3376=ORIENTED_EDGE('',*,*,#2466,.T.);
#3377=ORIENTED_EDGE('',*,*,#2442,.T.);
#3378=ORIENTED_EDGE('',*,*,#2468,.F.);
#3379=ORIENTED_EDGE('',*,*,#2371,.F.);
#3380=ORIENTED_EDGE('',*,*,#2467,.T.);
#3381=ORIENTED_EDGE('',*,*,#2441,.T.);
#3382=ORIENTED_EDGE('',*,*,#2469,.F.);
#3383=ORIENTED_EDGE('',*,*,#2372,.F.);
#3384=ORIENTED_EDGE('',*,*,#2468,.T.);
#3385=ORIENTED_EDGE('',*,*,#2440,.T.);
#3386=ORIENTED_EDGE('',*,*,#2470,.F.);
#3387=ORIENTED_EDGE('',*,*,#2373,.F.);
#3388=ORIENTED_EDGE('',*,*,#2469,.T.);
#3389=ORIENTED_EDGE('',*,*,#2439,.T.);
#3390=ORIENTED_EDGE('',*,*,#2471,.F.);
#3391=ORIENTED_EDGE('',*,*,#2374,.F.);
#3392=ORIENTED_EDGE('',*,*,#2470,.T.);
#3393=ORIENTED_EDGE('',*,*,#2438,.T.);
#3394=ORIENTED_EDGE('',*,*,#2472,.F.);
#3395=ORIENTED_EDGE('',*,*,#2375,.F.);
#3396=ORIENTED_EDGE('',*,*,#2471,.T.);
#3397=ORIENTED_EDGE('',*,*,#2437,.T.);
#3398=ORIENTED_EDGE('',*,*,#2473,.F.);
#3399=ORIENTED_EDGE('',*,*,#2376,.F.);
#3400=ORIENTED_EDGE('',*,*,#2472,.T.);
#3401=ORIENTED_EDGE('',*,*,#2436,.T.);
#3402=ORIENTED_EDGE('',*,*,#2474,.F.);
#3403=ORIENTED_EDGE('',*,*,#2377,.F.);
#3404=ORIENTED_EDGE('',*,*,#2473,.T.);
#3405=ORIENTED_EDGE('',*,*,#2435,.T.);
#3406=ORIENTED_EDGE('',*,*,#2475,.F.);
#3407=ORIENTED_EDGE('',*,*,#2378,.F.);
#3408=ORIENTED_EDGE('',*,*,#2474,.T.);
#3409=ORIENTED_EDGE('',*,*,#2434,.T.);
#3410=ORIENTED_EDGE('',*,*,#2476,.F.);
#3411=ORIENTED_EDGE('',*,*,#2379,.F.);
#3412=ORIENTED_EDGE('',*,*,#2475,.T.);
#3413=ORIENTED_EDGE('',*,*,#2433,.T.);
#3414=ORIENTED_EDGE('',*,*,#2477,.F.);
#3415=ORIENTED_EDGE('',*,*,#2380,.F.);
#3416=ORIENTED_EDGE('',*,*,#2476,.T.);
#3417=ORIENTED_EDGE('',*,*,#2432,.T.);
#3418=ORIENTED_EDGE('',*,*,#2478,.F.);
#3419=ORIENTED_EDGE('',*,*,#2381,.F.);
#3420=ORIENTED_EDGE('',*,*,#2477,.T.);
#3421=ORIENTED_EDGE('',*,*,#2431,.T.);
#3422=ORIENTED_EDGE('',*,*,#2479,.F.);
#3423=ORIENTED_EDGE('',*,*,#2382,.F.);
#3424=ORIENTED_EDGE('',*,*,#2478,.T.);
#3425=ORIENTED_EDGE('',*,*,#2430,.T.);
#3426=ORIENTED_EDGE('',*,*,#2480,.F.);
#3427=ORIENTED_EDGE('',*,*,#2383,.F.);
#3428=ORIENTED_EDGE('',*,*,#2479,.T.);
#3429=ORIENTED_EDGE('',*,*,#2429,.T.);
#3430=ORIENTED_EDGE('',*,*,#2481,.F.);
#3431=ORIENTED_EDGE('',*,*,#2384,.F.);
#3432=ORIENTED_EDGE('',*,*,#2480,.T.);
#3433=ORIENTED_EDGE('',*,*,#2428,.T.);
#3434=ORIENTED_EDGE('',*,*,#2482,.F.);
#3435=ORIENTED_EDGE('',*,*,#2385,.F.);
#3436=ORIENTED_EDGE('',*,*,#2481,.T.);
#3437=ORIENTED_EDGE('',*,*,#2427,.T.);
#3438=ORIENTED_EDGE('',*,*,#2483,.F.);
#3439=ORIENTED_EDGE('',*,*,#2386,.F.);
#3440=ORIENTED_EDGE('',*,*,#2482,.T.);
#3441=ORIENTED_EDGE('',*,*,#2426,.T.);
#3442=ORIENTED_EDGE('',*,*,#2484,.F.);
#3443=ORIENTED_EDGE('',*,*,#2387,.F.);
#3444=ORIENTED_EDGE('',*,*,#2483,.T.);
#3445=ORIENTED_EDGE('',*,*,#2425,.T.);
#3446=ORIENTED_EDGE('',*,*,#2485,.F.);
#3447=ORIENTED_EDGE('',*,*,#2388,.F.);
#3448=ORIENTED_EDGE('',*,*,#2484,.T.);
#3449=ORIENTED_EDGE('',*,*,#2424,.T.);
#3450=ORIENTED_EDGE('',*,*,#2486,.F.);
#3451=ORIENTED_EDGE('',*,*,#2389,.F.);
#3452=ORIENTED_EDGE('',*,*,#2485,.T.);
#3453=ORIENTED_EDGE('',*,*,#2423,.T.);
#3454=ORIENTED_EDGE('',*,*,#2487,.F.);
#3455=ORIENTED_EDGE('',*,*,#2390,.F.);
#3456=ORIENTED_EDGE('',*,*,#2486,.T.);
#3457=ORIENTED_EDGE('',*,*,#2422,.T.);
#3458=ORIENTED_EDGE('',*,*,#2488,.F.);
#3459=ORIENTED_EDGE('',*,*,#2391,.F.);
#3460=ORIENTED_EDGE('',*,*,#2487,.T.);
#3461=ORIENTED_EDGE('',*,*,#2421,.T.);
#3462=ORIENTED_EDGE('',*,*,#2489,.F.);
#3463=ORIENTED_EDGE('',*,*,#2392,.F.);
#3464=ORIENTED_EDGE('',*,*,#2488,.T.);
#3465=ORIENTED_EDGE('',*,*,#2420,.T.);
#3466=ORIENTED_EDGE('',*,*,#2490,.F.);
#3467=ORIENTED_EDGE('',*,*,#2393,.F.);
#3468=ORIENTED_EDGE('',*,*,#2489,.T.);
#3469=ORIENTED_EDGE('',*,*,#2419,.T.);
#3470=ORIENTED_EDGE('',*,*,#2491,.F.);
#3471=ORIENTED_EDGE('',*,*,#2394,.F.);
#3472=ORIENTED_EDGE('',*,*,#2490,.T.);
#3473=ORIENTED_EDGE('',*,*,#2418,.T.);
#3474=ORIENTED_EDGE('',*,*,#2492,.F.);
#3475=ORIENTED_EDGE('',*,*,#2395,.F.);
#3476=ORIENTED_EDGE('',*,*,#2491,.T.);
#3477=ORIENTED_EDGE('',*,*,#2417,.T.);
#3478=ORIENTED_EDGE('',*,*,#2493,.F.);
#3479=ORIENTED_EDGE('',*,*,#2396,.F.);
#3480=ORIENTED_EDGE('',*,*,#2492,.T.);
#3481=ORIENTED_EDGE('',*,*,#2416,.T.);
#3482=ORIENTED_EDGE('',*,*,#2494,.F.);
#3483=ORIENTED_EDGE('',*,*,#2397,.F.);
#3484=ORIENTED_EDGE('',*,*,#2493,.T.);
#3485=ORIENTED_EDGE('',*,*,#2415,.T.);
#3486=ORIENTED_EDGE('',*,*,#2495,.F.);
#3487=ORIENTED_EDGE('',*,*,#2398,.F.);
#3488=ORIENTED_EDGE('',*,*,#2494,.T.);
#3489=ORIENTED_EDGE('',*,*,#2414,.T.);
#3490=ORIENTED_EDGE('',*,*,#2496,.F.);
#3491=ORIENTED_EDGE('',*,*,#2399,.F.);
#3492=ORIENTED_EDGE('',*,*,#2495,.T.);
#3493=ORIENTED_EDGE('',*,*,#2413,.T.);
#3494=ORIENTED_EDGE('',*,*,#2497,.F.);
#3495=ORIENTED_EDGE('',*,*,#2400,.F.);
#3496=ORIENTED_EDGE('',*,*,#2496,.T.);
#3497=ORIENTED_EDGE('',*,*,#2412,.T.);
#3498=ORIENTED_EDGE('',*,*,#2498,.F.);
#3499=ORIENTED_EDGE('',*,*,#2401,.F.);
#3500=ORIENTED_EDGE('',*,*,#2497,.T.);
#3501=ORIENTED_EDGE('',*,*,#2411,.T.);
#3502=ORIENTED_EDGE('',*,*,#2499,.F.);
#3503=ORIENTED_EDGE('',*,*,#2402,.F.);
#3504=ORIENTED_EDGE('',*,*,#2498,.T.);
#3505=ORIENTED_EDGE('',*,*,#2410,.T.);
#3506=ORIENTED_EDGE('',*,*,#2500,.F.);
#3507=ORIENTED_EDGE('',*,*,#2403,.F.);
#3508=ORIENTED_EDGE('',*,*,#2499,.T.);
#3509=ORIENTED_EDGE('',*,*,#2409,.T.);
#3510=ORIENTED_EDGE('',*,*,#2501,.F.);
#3511=ORIENTED_EDGE('',*,*,#2404,.F.);
#3512=ORIENTED_EDGE('',*,*,#2500,.T.);
#3513=ORIENTED_EDGE('',*,*,#2408,.T.);
#3514=ORIENTED_EDGE('',*,*,#2502,.T.);
#3515=ORIENTED_EDGE('',*,*,#2358,.F.);
#3516=ORIENTED_EDGE('',*,*,#2501,.T.);
#3517=ORIENTED_EDGE('',*,*,#2407,.T.);
#3518=ORIENTED_EDGE('',*,*,#2457,.F.);
#3519=ORIENTED_EDGE('',*,*,#2359,.F.);
#3520=ORIENTED_EDGE('',*,*,#2502,.F.);
#3521=ORIENTED_EDGE('',*,*,#2405,.T.);
#3522=ORIENTED_EDGE('',*,*,#2503,.T.);
#3523=ORIENTED_EDGE('',*,*,#2455,.F.);
#3524=ORIENTED_EDGE('',*,*,#2503,.F.);
#3525=ORIENTED_EDGE('',*,*,#2406,.T.);
#3526=ORIENTED_EDGE('',*,*,#2504,.T.);
#3527=ORIENTED_EDGE('',*,*,#2454,.F.);
#3528=ORIENTED_EDGE('',*,*,#2504,.F.);
#3529=ORIENTED_EDGE('',*,*,#2505,.F.);
#3530=ORIENTED_EDGE('',*,*,#2506,.T.);
#3531=ORIENTED_EDGE('',*,*,#2507,.T.);
#3532=ORIENTED_EDGE('',*,*,#2508,.T.);
#3533=ORIENTED_EDGE('',*,*,#2509,.T.);
#3534=ORIENTED_EDGE('',*,*,#2510,.T.);
#3535=ORIENTED_EDGE('',*,*,#2511,.T.);
#3536=ORIENTED_EDGE('',*,*,#2512,.T.);
#3537=ORIENTED_EDGE('',*,*,#2513,.T.);
#3538=ORIENTED_EDGE('',*,*,#2514,.T.);
#3539=ORIENTED_EDGE('',*,*,#2515,.T.);
#3540=ORIENTED_EDGE('',*,*,#2516,.T.);
#3541=ORIENTED_EDGE('',*,*,#2517,.T.);
#3542=ORIENTED_EDGE('',*,*,#2518,.T.);
#3543=ORIENTED_EDGE('',*,*,#2519,.T.);
#3544=ORIENTED_EDGE('',*,*,#2520,.T.);
#3545=ORIENTED_EDGE('',*,*,#2521,.T.);
#3546=ORIENTED_EDGE('',*,*,#2522,.T.);
#3547=ORIENTED_EDGE('',*,*,#2523,.T.);
#3548=ORIENTED_EDGE('',*,*,#2524,.T.);
#3549=ORIENTED_EDGE('',*,*,#2525,.T.);
#3550=ORIENTED_EDGE('',*,*,#2526,.T.);
#3551=ORIENTED_EDGE('',*,*,#2527,.T.);
#3552=ORIENTED_EDGE('',*,*,#2528,.T.);
#3553=ORIENTED_EDGE('',*,*,#2529,.T.);
#3554=ORIENTED_EDGE('',*,*,#2530,.T.);
#3555=ORIENTED_EDGE('',*,*,#2531,.T.);
#3556=ORIENTED_EDGE('',*,*,#2532,.T.);
#3557=ORIENTED_EDGE('',*,*,#2533,.T.);
#3558=ORIENTED_EDGE('',*,*,#2534,.T.);
#3559=ORIENTED_EDGE('',*,*,#2535,.T.);
#3560=ORIENTED_EDGE('',*,*,#2536,.T.);
#3561=ORIENTED_EDGE('',*,*,#2537,.T.);
#3562=ORIENTED_EDGE('',*,*,#2538,.T.);
#3563=ORIENTED_EDGE('',*,*,#2539,.T.);
#3564=ORIENTED_EDGE('',*,*,#2540,.T.);
#3565=ORIENTED_EDGE('',*,*,#2541,.T.);
#3566=ORIENTED_EDGE('',*,*,#2542,.T.);
#3567=ORIENTED_EDGE('',*,*,#2543,.T.);
#3568=ORIENTED_EDGE('',*,*,#2544,.T.);
#3569=ORIENTED_EDGE('',*,*,#2545,.T.);
#3570=ORIENTED_EDGE('',*,*,#2546,.T.);
#3571=ORIENTED_EDGE('',*,*,#2547,.T.);
#3572=ORIENTED_EDGE('',*,*,#2548,.F.);
#3573=ORIENTED_EDGE('',*,*,#2549,.T.);
#3574=ORIENTED_EDGE('',*,*,#2550,.T.);
#3575=ORIENTED_EDGE('',*,*,#2551,.T.);
#3576=ORIENTED_EDGE('',*,*,#2552,.T.);
#3577=ORIENTED_EDGE('',*,*,#2553,.T.);
#3578=ORIENTED_EDGE('',*,*,#2554,.F.);
#3579=ORIENTED_EDGE('',*,*,#2555,.F.);
#3580=ORIENTED_EDGE('',*,*,#2556,.F.);
#3581=ORIENTED_EDGE('',*,*,#2557,.F.);
#3582=ORIENTED_EDGE('',*,*,#2558,.F.);
#3583=ORIENTED_EDGE('',*,*,#2559,.T.);
#3584=ORIENTED_EDGE('',*,*,#2560,.F.);
#3585=ORIENTED_EDGE('',*,*,#2561,.F.);
#3586=ORIENTED_EDGE('',*,*,#2562,.F.);
#3587=ORIENTED_EDGE('',*,*,#2563,.F.);
#3588=ORIENTED_EDGE('',*,*,#2564,.F.);
#3589=ORIENTED_EDGE('',*,*,#2565,.T.);
#3590=ORIENTED_EDGE('',*,*,#2566,.F.);
#3591=ORIENTED_EDGE('',*,*,#2567,.F.);
#3592=ORIENTED_EDGE('',*,*,#2568,.F.);
#3593=ORIENTED_EDGE('',*,*,#2569,.F.);
#3594=ORIENTED_EDGE('',*,*,#2570,.F.);
#3595=ORIENTED_EDGE('',*,*,#2571,.F.);
#3596=ORIENTED_EDGE('',*,*,#2572,.F.);
#3597=ORIENTED_EDGE('',*,*,#2573,.F.);
#3598=ORIENTED_EDGE('',*,*,#2574,.F.);
#3599=ORIENTED_EDGE('',*,*,#2575,.F.);
#3600=ORIENTED_EDGE('',*,*,#2576,.F.);
#3601=ORIENTED_EDGE('',*,*,#2577,.F.);
#3602=ORIENTED_EDGE('',*,*,#2578,.F.);
#3603=ORIENTED_EDGE('',*,*,#2579,.F.);
#3604=ORIENTED_EDGE('',*,*,#2580,.F.);
#3605=ORIENTED_EDGE('',*,*,#2581,.F.);
#3606=ORIENTED_EDGE('',*,*,#2582,.F.);
#3607=ORIENTED_EDGE('',*,*,#2583,.F.);
#3608=ORIENTED_EDGE('',*,*,#2584,.F.);
#3609=ORIENTED_EDGE('',*,*,#2585,.F.);
#3610=ORIENTED_EDGE('',*,*,#2586,.F.);
#3611=ORIENTED_EDGE('',*,*,#2587,.F.);
#3612=ORIENTED_EDGE('',*,*,#2588,.F.);
#3613=ORIENTED_EDGE('',*,*,#2589,.F.);
#3614=ORIENTED_EDGE('',*,*,#2590,.F.);
#3615=ORIENTED_EDGE('',*,*,#2591,.F.);
#3616=ORIENTED_EDGE('',*,*,#2592,.F.);
#3617=ORIENTED_EDGE('',*,*,#2593,.F.);
#3618=ORIENTED_EDGE('',*,*,#2594,.F.);
#3619=ORIENTED_EDGE('',*,*,#2595,.F.);
#3620=ORIENTED_EDGE('',*,*,#2596,.F.);
#3621=ORIENTED_EDGE('',*,*,#2597,.F.);
#3622=ORIENTED_EDGE('',*,*,#2598,.F.);
#3623=ORIENTED_EDGE('',*,*,#2599,.F.);
#3624=ORIENTED_EDGE('',*,*,#2600,.F.);
#3625=ORIENTED_EDGE('',*,*,#2601,.F.);
#3626=ORIENTED_EDGE('',*,*,#2602,.F.);
#3627=ORIENTED_EDGE('',*,*,#2603,.F.);
#3628=ORIENTED_EDGE('',*,*,#2604,.F.);
#3629=ORIENTED_EDGE('',*,*,#2605,.F.);
#3630=ORIENTED_EDGE('',*,*,#2606,.F.);
#3631=ORIENTED_EDGE('',*,*,#2607,.F.);
#3632=ORIENTED_EDGE('',*,*,#2608,.F.);
#3633=ORIENTED_EDGE('',*,*,#2609,.F.);
#3634=ORIENTED_EDGE('',*,*,#2610,.T.);
#3635=ORIENTED_EDGE('',*,*,#2558,.T.);
#3636=ORIENTED_EDGE('',*,*,#2611,.F.);
#3637=ORIENTED_EDGE('',*,*,#2506,.F.);
#3638=ORIENTED_EDGE('',*,*,#2612,.T.);
#3639=ORIENTED_EDGE('',*,*,#2606,.T.);
#3640=ORIENTED_EDGE('',*,*,#2613,.F.);
#3641=ORIENTED_EDGE('',*,*,#2507,.F.);
#3642=ORIENTED_EDGE('',*,*,#2611,.T.);
#3643=ORIENTED_EDGE('',*,*,#2605,.T.);
#3644=ORIENTED_EDGE('',*,*,#2614,.F.);
#3645=ORIENTED_EDGE('',*,*,#2508,.F.);
#3646=ORIENTED_EDGE('',*,*,#2613,.T.);
#3647=ORIENTED_EDGE('',*,*,#2604,.T.);
#3648=ORIENTED_EDGE('',*,*,#2615,.F.);
#3649=ORIENTED_EDGE('',*,*,#2509,.F.);
#3650=ORIENTED_EDGE('',*,*,#2614,.T.);
#3651=ORIENTED_EDGE('',*,*,#2603,.T.);
#3652=ORIENTED_EDGE('',*,*,#2616,.F.);
#3653=ORIENTED_EDGE('',*,*,#2510,.F.);
#3654=ORIENTED_EDGE('',*,*,#2615,.T.);
#3655=ORIENTED_EDGE('',*,*,#2602,.T.);
#3656=ORIENTED_EDGE('',*,*,#2617,.F.);
#3657=ORIENTED_EDGE('',*,*,#2511,.F.);
#3658=ORIENTED_EDGE('',*,*,#2616,.T.);
#3659=ORIENTED_EDGE('',*,*,#2601,.T.);
#3660=ORIENTED_EDGE('',*,*,#2618,.F.);
#3661=ORIENTED_EDGE('',*,*,#2512,.F.);
#3662=ORIENTED_EDGE('',*,*,#2617,.T.);
#3663=ORIENTED_EDGE('',*,*,#2600,.T.);
#3664=ORIENTED_EDGE('',*,*,#2619,.F.);
#3665=ORIENTED_EDGE('',*,*,#2513,.F.);
#3666=ORIENTED_EDGE('',*,*,#2618,.T.);
#3667=ORIENTED_EDGE('',*,*,#2599,.T.);
#3668=ORIENTED_EDGE('',*,*,#2620,.F.);
#3669=ORIENTED_EDGE('',*,*,#2514,.F.);
#3670=ORIENTED_EDGE('',*,*,#2619,.T.);
#3671=ORIENTED_EDGE('',*,*,#2598,.T.);
#3672=ORIENTED_EDGE('',*,*,#2621,.F.);
#3673=ORIENTED_EDGE('',*,*,#2515,.F.);
#3674=ORIENTED_EDGE('',*,*,#2620,.T.);
#3675=ORIENTED_EDGE('',*,*,#2597,.T.);
#3676=ORIENTED_EDGE('',*,*,#2622,.F.);
#3677=ORIENTED_EDGE('',*,*,#2516,.F.);
#3678=ORIENTED_EDGE('',*,*,#2621,.T.);
#3679=ORIENTED_EDGE('',*,*,#2596,.T.);
#3680=ORIENTED_EDGE('',*,*,#2623,.F.);
#3681=ORIENTED_EDGE('',*,*,#2517,.F.);
#3682=ORIENTED_EDGE('',*,*,#2622,.T.);
#3683=ORIENTED_EDGE('',*,*,#2595,.T.);
#3684=ORIENTED_EDGE('',*,*,#2624,.F.);
#3685=ORIENTED_EDGE('',*,*,#2518,.F.);
#3686=ORIENTED_EDGE('',*,*,#2623,.T.);
#3687=ORIENTED_EDGE('',*,*,#2594,.T.);
#3688=ORIENTED_EDGE('',*,*,#2625,.F.);
#3689=ORIENTED_EDGE('',*,*,#2519,.F.);
#3690=ORIENTED_EDGE('',*,*,#2624,.T.);
#3691=ORIENTED_EDGE('',*,*,#2593,.T.);
#3692=ORIENTED_EDGE('',*,*,#2626,.F.);
#3693=ORIENTED_EDGE('',*,*,#2520,.F.);
#3694=ORIENTED_EDGE('',*,*,#2625,.T.);
#3695=ORIENTED_EDGE('',*,*,#2592,.T.);
#3696=ORIENTED_EDGE('',*,*,#2627,.F.);
#3697=ORIENTED_EDGE('',*,*,#2521,.F.);
#3698=ORIENTED_EDGE('',*,*,#2626,.T.);
#3699=ORIENTED_EDGE('',*,*,#2591,.T.);
#3700=ORIENTED_EDGE('',*,*,#2628,.F.);
#3701=ORIENTED_EDGE('',*,*,#2522,.F.);
#3702=ORIENTED_EDGE('',*,*,#2627,.T.);
#3703=ORIENTED_EDGE('',*,*,#2590,.T.);
#3704=ORIENTED_EDGE('',*,*,#2629,.F.);
#3705=ORIENTED_EDGE('',*,*,#2523,.F.);
#3706=ORIENTED_EDGE('',*,*,#2628,.T.);
#3707=ORIENTED_EDGE('',*,*,#2589,.T.);
#3708=ORIENTED_EDGE('',*,*,#2630,.F.);
#3709=ORIENTED_EDGE('',*,*,#2524,.F.);
#3710=ORIENTED_EDGE('',*,*,#2629,.T.);
#3711=ORIENTED_EDGE('',*,*,#2588,.T.);
#3712=ORIENTED_EDGE('',*,*,#2631,.F.);
#3713=ORIENTED_EDGE('',*,*,#2525,.F.);
#3714=ORIENTED_EDGE('',*,*,#2630,.T.);
#3715=ORIENTED_EDGE('',*,*,#2587,.T.);
#3716=ORIENTED_EDGE('',*,*,#2632,.F.);
#3717=ORIENTED_EDGE('',*,*,#2526,.F.);
#3718=ORIENTED_EDGE('',*,*,#2631,.T.);
#3719=ORIENTED_EDGE('',*,*,#2586,.T.);
#3720=ORIENTED_EDGE('',*,*,#2633,.F.);
#3721=ORIENTED_EDGE('',*,*,#2527,.F.);
#3722=ORIENTED_EDGE('',*,*,#2632,.T.);
#3723=ORIENTED_EDGE('',*,*,#2585,.T.);
#3724=ORIENTED_EDGE('',*,*,#2634,.F.);
#3725=ORIENTED_EDGE('',*,*,#2528,.F.);
#3726=ORIENTED_EDGE('',*,*,#2633,.T.);
#3727=ORIENTED_EDGE('',*,*,#2584,.T.);
#3728=ORIENTED_EDGE('',*,*,#2635,.F.);
#3729=ORIENTED_EDGE('',*,*,#2529,.F.);
#3730=ORIENTED_EDGE('',*,*,#2634,.T.);
#3731=ORIENTED_EDGE('',*,*,#2583,.T.);
#3732=ORIENTED_EDGE('',*,*,#2636,.F.);
#3733=ORIENTED_EDGE('',*,*,#2530,.F.);
#3734=ORIENTED_EDGE('',*,*,#2635,.T.);
#3735=ORIENTED_EDGE('',*,*,#2582,.T.);
#3736=ORIENTED_EDGE('',*,*,#2637,.F.);
#3737=ORIENTED_EDGE('',*,*,#2531,.F.);
#3738=ORIENTED_EDGE('',*,*,#2636,.T.);
#3739=ORIENTED_EDGE('',*,*,#2581,.T.);
#3740=ORIENTED_EDGE('',*,*,#2638,.F.);
#3741=ORIENTED_EDGE('',*,*,#2532,.F.);
#3742=ORIENTED_EDGE('',*,*,#2637,.T.);
#3743=ORIENTED_EDGE('',*,*,#2580,.T.);
#3744=ORIENTED_EDGE('',*,*,#2639,.F.);
#3745=ORIENTED_EDGE('',*,*,#2533,.F.);
#3746=ORIENTED_EDGE('',*,*,#2638,.T.);
#3747=ORIENTED_EDGE('',*,*,#2579,.T.);
#3748=ORIENTED_EDGE('',*,*,#2640,.F.);
#3749=ORIENTED_EDGE('',*,*,#2534,.F.);
#3750=ORIENTED_EDGE('',*,*,#2639,.T.);
#3751=ORIENTED_EDGE('',*,*,#2578,.T.);
#3752=ORIENTED_EDGE('',*,*,#2641,.F.);
#3753=ORIENTED_EDGE('',*,*,#2535,.F.);
#3754=ORIENTED_EDGE('',*,*,#2640,.T.);
#3755=ORIENTED_EDGE('',*,*,#2577,.T.);
#3756=ORIENTED_EDGE('',*,*,#2642,.F.);
#3757=ORIENTED_EDGE('',*,*,#2536,.F.);
#3758=ORIENTED_EDGE('',*,*,#2641,.T.);
#3759=ORIENTED_EDGE('',*,*,#2576,.T.);
#3760=ORIENTED_EDGE('',*,*,#2643,.F.);
#3761=ORIENTED_EDGE('',*,*,#2537,.F.);
#3762=ORIENTED_EDGE('',*,*,#2642,.T.);
#3763=ORIENTED_EDGE('',*,*,#2575,.T.);
#3764=ORIENTED_EDGE('',*,*,#2644,.F.);
#3765=ORIENTED_EDGE('',*,*,#2538,.F.);
#3766=ORIENTED_EDGE('',*,*,#2643,.T.);
#3767=ORIENTED_EDGE('',*,*,#2574,.T.);
#3768=ORIENTED_EDGE('',*,*,#2645,.F.);
#3769=ORIENTED_EDGE('',*,*,#2539,.F.);
#3770=ORIENTED_EDGE('',*,*,#2644,.T.);
#3771=ORIENTED_EDGE('',*,*,#2573,.T.);
#3772=ORIENTED_EDGE('',*,*,#2646,.F.);
#3773=ORIENTED_EDGE('',*,*,#2540,.F.);
#3774=ORIENTED_EDGE('',*,*,#2645,.T.);
#3775=ORIENTED_EDGE('',*,*,#2572,.T.);
#3776=ORIENTED_EDGE('',*,*,#2647,.F.);
#3777=ORIENTED_EDGE('',*,*,#2541,.F.);
#3778=ORIENTED_EDGE('',*,*,#2646,.T.);
#3779=ORIENTED_EDGE('',*,*,#2571,.T.);
#3780=ORIENTED_EDGE('',*,*,#2648,.F.);
#3781=ORIENTED_EDGE('',*,*,#2542,.F.);
#3782=ORIENTED_EDGE('',*,*,#2647,.T.);
#3783=ORIENTED_EDGE('',*,*,#2570,.T.);
#3784=ORIENTED_EDGE('',*,*,#2649,.F.);
#3785=ORIENTED_EDGE('',*,*,#2543,.F.);
#3786=ORIENTED_EDGE('',*,*,#2648,.T.);
#3787=ORIENTED_EDGE('',*,*,#2569,.T.);
#3788=ORIENTED_EDGE('',*,*,#2650,.F.);
#3789=ORIENTED_EDGE('',*,*,#2544,.F.);
#3790=ORIENTED_EDGE('',*,*,#2649,.T.);
#3791=ORIENTED_EDGE('',*,*,#2568,.T.);
#3792=ORIENTED_EDGE('',*,*,#2651,.T.);
#3793=ORIENTED_EDGE('',*,*,#2545,.F.);
#3794=ORIENTED_EDGE('',*,*,#2650,.T.);
#3795=ORIENTED_EDGE('',*,*,#2564,.T.);
#3796=ORIENTED_EDGE('',*,*,#2652,.T.);
#3797=ORIENTED_EDGE('',*,*,#2549,.F.);
#3798=ORIENTED_EDGE('',*,*,#2653,.F.);
#3799=ORIENTED_EDGE('',*,*,#2546,.F.);
#3800=ORIENTED_EDGE('',*,*,#2651,.F.);
#3801=ORIENTED_EDGE('',*,*,#2567,.T.);
#3802=ORIENTED_EDGE('',*,*,#2654,.T.);
#3803=ORIENTED_EDGE('',*,*,#2565,.F.);
#3804=ORIENTED_EDGE('',*,*,#2653,.T.);
#3805=ORIENTED_EDGE('',*,*,#2548,.T.);
#3806=ORIENTED_EDGE('',*,*,#2655,.F.);
#3807=ORIENTED_EDGE('',*,*,#2547,.F.);
#3808=ORIENTED_EDGE('',*,*,#2654,.F.);
#3809=ORIENTED_EDGE('',*,*,#2566,.T.);
#3810=ORIENTED_EDGE('',*,*,#2655,.T.);
#3811=ORIENTED_EDGE('',*,*,#2610,.F.);
#3812=ORIENTED_EDGE('',*,*,#2656,.T.);
#3813=ORIENTED_EDGE('',*,*,#2554,.T.);
#3814=ORIENTED_EDGE('',*,*,#2656,.F.);
#3815=ORIENTED_EDGE('',*,*,#2551,.F.);
#3816=ORIENTED_EDGE('',*,*,#2657,.F.);
#3817=ORIENTED_EDGE('',*,*,#2562,.T.);
#3818=ORIENTED_EDGE('',*,*,#2658,.T.);
#3819=ORIENTED_EDGE('',*,*,#2552,.F.);
#3820=ORIENTED_EDGE('',*,*,#2658,.F.);
#3821=ORIENTED_EDGE('',*,*,#2561,.T.);
#3822=ORIENTED_EDGE('',*,*,#2659,.T.);
#3823=ORIENTED_EDGE('',*,*,#2553,.F.);
#3824=ORIENTED_EDGE('',*,*,#2659,.F.);
#3825=ORIENTED_EDGE('',*,*,#2560,.T.);
#3826=ORIENTED_EDGE('',*,*,#2660,.T.);
#3827=ORIENTED_EDGE('',*,*,#2505,.T.);
#3828=ORIENTED_EDGE('',*,*,#2660,.F.);
#3829=ORIENTED_EDGE('',*,*,#2559,.F.);
#3830=ORIENTED_EDGE('',*,*,#2612,.F.);
#3831=ORIENTED_EDGE('',*,*,#2550,.F.);
#3832=ORIENTED_EDGE('',*,*,#2652,.F.);
#3833=ORIENTED_EDGE('',*,*,#2563,.T.);
#3834=ORIENTED_EDGE('',*,*,#2657,.T.);
#3835=ORIENTED_EDGE('',*,*,#2609,.T.);
#3836=ORIENTED_EDGE('',*,*,#2661,.T.);
#3837=ORIENTED_EDGE('',*,*,#2557,.T.);
#3838=ORIENTED_EDGE('',*,*,#2661,.F.);
#3839=ORIENTED_EDGE('',*,*,#2608,.T.);
#3840=ORIENTED_EDGE('',*,*,#2662,.T.);
#3841=ORIENTED_EDGE('',*,*,#2556,.T.);
#3842=ORIENTED_EDGE('',*,*,#2662,.F.);
#3843=ORIENTED_EDGE('',*,*,#2607,.T.);
#3844=ORIENTED_EDGE('',*,*,#2663,.T.);
#3845=ORIENTED_EDGE('',*,*,#2555,.T.);
#3846=ORIENTED_EDGE('',*,*,#2663,.F.);
#3847=ORIENTED_EDGE('',*,*,#2664,.T.);
#3848=ORIENTED_EDGE('',*,*,#2665,.F.);
#3849=ORIENTED_EDGE('',*,*,#2666,.T.);
#3850=ORIENTED_EDGE('',*,*,#2667,.T.);
#3851=ORIENTED_EDGE('',*,*,#2668,.F.);
#3852=ORIENTED_EDGE('',*,*,#2669,.F.);
#3853=ORIENTED_EDGE('',*,*,#2670,.F.);
#3854=ORIENTED_EDGE('',*,*,#2671,.T.);
#3855=ORIENTED_EDGE('',*,*,#2672,.T.);
#3856=ORIENTED_EDGE('',*,*,#2673,.F.);
#3857=ORIENTED_EDGE('',*,*,#2674,.F.);
#3858=ORIENTED_EDGE('',*,*,#2670,.T.);
#3859=ORIENTED_EDGE('',*,*,#2675,.T.);
#3860=ORIENTED_EDGE('',*,*,#2666,.F.);
#3861=ORIENTED_EDGE('',*,*,#2676,.F.);
#3862=ORIENTED_EDGE('',*,*,#2673,.T.);
#3863=ORIENTED_EDGE('',*,*,#2677,.T.);
#3864=ORIENTED_EDGE('',*,*,#2678,.T.);
#3865=ORIENTED_EDGE('',*,*,#2679,.F.);
#3866=ORIENTED_EDGE('',*,*,#2678,.F.);
#3867=ORIENTED_EDGE('',*,*,#2680,.T.);
#3868=ORIENTED_EDGE('',*,*,#2681,.T.);
#3869=ORIENTED_EDGE('',*,*,#2682,.F.);
#3870=ORIENTED_EDGE('',*,*,#2681,.F.);
#3871=ORIENTED_EDGE('',*,*,#2671,.F.);
#3872=ORIENTED_EDGE('',*,*,#2674,.T.);
#3873=ORIENTED_EDGE('',*,*,#2676,.T.);
#3874=ORIENTED_EDGE('',*,*,#2665,.T.);
#3875=ORIENTED_EDGE('',*,*,#2683,.T.);
#3876=ORIENTED_EDGE('',*,*,#2684,.T.);
#3877=ORIENTED_EDGE('',*,*,#2685,.T.);
#3878=ORIENTED_EDGE('',*,*,#2686,.T.);
#3879=ORIENTED_EDGE('',*,*,#2687,.T.);
#3880=ORIENTED_EDGE('',*,*,#2677,.F.);
#3881=ORIENTED_EDGE('',*,*,#2680,.F.);
#3882=ORIENTED_EDGE('',*,*,#2669,.T.);
#3883=ORIENTED_EDGE('',*,*,#2688,.F.);
#3884=ORIENTED_EDGE('',*,*,#2689,.F.);
#3885=ORIENTED_EDGE('',*,*,#2690,.F.);
#3886=ORIENTED_EDGE('',*,*,#2691,.F.);
#3887=ORIENTED_EDGE('',*,*,#2692,.F.);
#3888=ORIENTED_EDGE('',*,*,#2667,.F.);
#3889=ORIENTED_EDGE('',*,*,#2675,.F.);
#3890=ORIENTED_EDGE('',*,*,#2672,.F.);
#3891=ORIENTED_EDGE('',*,*,#2679,.T.);
#3892=ORIENTED_EDGE('',*,*,#2682,.T.);
#3893=ORIENTED_EDGE('',*,*,#2686,.F.);
#3894=ORIENTED_EDGE('',*,*,#2693,.F.);
#3895=ORIENTED_EDGE('',*,*,#2689,.T.);
#3896=ORIENTED_EDGE('',*,*,#2694,.T.);
#3897=ORIENTED_EDGE('',*,*,#2685,.F.);
#3898=ORIENTED_EDGE('',*,*,#2695,.F.);
#3899=ORIENTED_EDGE('',*,*,#2690,.T.);
#3900=ORIENTED_EDGE('',*,*,#2693,.T.);
#3901=ORIENTED_EDGE('',*,*,#2684,.F.);
#3902=ORIENTED_EDGE('',*,*,#2696,.F.);
#3903=ORIENTED_EDGE('',*,*,#2691,.T.);
#3904=ORIENTED_EDGE('',*,*,#2695,.T.);
#3905=ORIENTED_EDGE('',*,*,#2683,.F.);
#3906=ORIENTED_EDGE('',*,*,#2664,.F.);
#3907=ORIENTED_EDGE('',*,*,#2692,.T.);
#3908=ORIENTED_EDGE('',*,*,#2696,.T.);
#3909=ORIENTED_EDGE('',*,*,#2687,.F.);
#3910=ORIENTED_EDGE('',*,*,#2694,.F.);
#3911=ORIENTED_EDGE('',*,*,#2688,.T.);
#3912=ORIENTED_EDGE('',*,*,#2668,.T.);
#3913=PLANE('',#4309);
#3914=PLANE('',#4312);
#3915=PLANE('',#4324);
#3916=PLANE('',#4328);
#3917=PLANE('',#4329);
#3918=PLANE('',#4330);
#3919=PLANE('',#4331);
#3920=PLANE('',#4332);
#3921=PLANE('',#4333);
#3922=PLANE('',#4334);
#3923=PLANE('',#4339);
#3924=PLANE('',#4342);
#3925=PLANE('',#4354);
#3926=PLANE('',#4355);
#3927=PLANE('',#4356);
#3928=PLANE('',#4357);
#3929=PLANE('',#4358);
#3930=PLANE('',#4359);
#3931=PLANE('',#4360);
#3932=PLANE('',#4367);
#3933=PLANE('',#4368);
#3934=PLANE('',#4374);
#3935=PLANE('',#4381);
#3936=PLANE('',#4382);
#3937=PLANE('',#4389);
#3938=PLANE('',#4392);
#3939=PLANE('',#4397);
#3940=PLANE('',#4400);
#3941=PLANE('',#4401);
#3942=PLANE('',#4422);
#3943=PLANE('',#4428);
#3944=PLANE('',#4435);
#3945=PLANE('',#4439);
#3946=PLANE('',#4444);
#3947=PLANE('',#4454);
#3948=PLANE('',#4455);
#3949=PLANE('',#4457);
#3950=PLANE('',#4458);
#3951=PLANE('',#4460);
#3952=PLANE('',#4461);
#3953=PLANE('',#4462);
#3954=PLANE('',#4463);
#3955=PLANE('',#4465);
#3956=PLANE('',#4466);
#3957=PLANE('',#4468);
#3958=PLANE('',#4470);
#3959=PLANE('',#4471);
#3960=PLANE('',#4472);
#3961=PLANE('',#4473);
#3962=PLANE('',#4474);
#3963=PLANE('',#4476);
#3964=PLANE('',#4477);
#3965=PLANE('',#4478);
#3966=PLANE('',#4482);
#3967=PLANE('',#4484);
#3968=PLANE('',#4485);
#3969=PLANE('',#4486);
#3970=PLANE('',#4487);
#3971=PLANE('',#4488);
#3972=PLANE('',#4490);
#3973=PLANE('',#4495);
#3974=PLANE('',#4499);
#3975=PLANE('',#4503);
#3976=PLANE('',#4504);
#3977=PLANE('',#4508);
#3978=PLANE('',#4509);
#3979=PLANE('',#4513);
#3980=PLANE('',#4514);
#3981=PLANE('',#4516);
#3982=PLANE('',#4564);
#3983=PLANE('',#4613);
#3984=PLANE('',#4658);
#3985=PLANE('',#4662);
#3986=PLANE('',#4713);
#3987=PLANE('',#4805);
#3988=PLANE('',#4806);
#3989=PLANE('',#4812);
#3990=PLANE('',#4821);
#3991=PLANE('',#4825);
#3992=PLANE('',#4832);
#3993=PLANE('',#4833);
#3994=PLANE('',#4834);
#3995=PLANE('',#4835);
#3996=PLANE('',#4836);
#3997=ADVANCED_FACE('',(#271),#3913,.F.);
#3998=ADVANCED_FACE('',(#272,#232,#233,#234),#3914,.F.);
#3999=ADVANCED_FACE('',(#273),#3915,.T.);
#4000=ADVANCED_FACE('',(#274),#86,.F.);
#4001=ADVANCED_FACE('',(#275),#3916,.T.);
#4002=ADVANCED_FACE('',(#276),#3917,.T.);
#4003=ADVANCED_FACE('',(#277),#3918,.T.);
#4004=ADVANCED_FACE('',(#278),#3919,.T.);
#4005=ADVANCED_FACE('',(#279),#3920,.F.);
#4006=ADVANCED_FACE('',(#280),#3921,.F.);
#4007=ADVANCED_FACE('',(#281),#3922,.F.);
#4008=ADVANCED_FACE('',(#282),#87,.F.);
#4009=ADVANCED_FACE('',(#283),#88,.F.);
#4010=ADVANCED_FACE('',(#284),#3923,.F.);
#4011=ADVANCED_FACE('',(#285),#89,.F.);
#4012=ADVANCED_FACE('',(#286,#235,#236,#237,#238),#3924,.T.);
#4013=ADVANCED_FACE('',(#287),#3925,.T.);
#4014=ADVANCED_FACE('',(#288),#3926,.T.);
#4015=ADVANCED_FACE('',(#289),#3927,.F.);
#4016=ADVANCED_FACE('',(#290),#3928,.F.);
#4017=ADVANCED_FACE('',(#291),#3929,.T.);
#4018=ADVANCED_FACE('',(#292),#3930,.F.);
#4019=ADVANCED_FACE('',(#293,#239,#240,#241),#3931,.T.);
#4020=ADVANCED_FACE('',(#294,#242),#3932,.T.);
#4021=ADVANCED_FACE('',(#295,#243),#3933,.F.);
#4022=ADVANCED_FACE('',(#296,#244,#245,#246),#3934,.T.);
#4023=ADVANCED_FACE('',(#297),#3935,.T.);
#4024=ADVANCED_FACE('',(#298),#3936,.F.);
#4025=ADVANCED_FACE('',(#299),#90,.F.);
#4026=ADVANCED_FACE('',(#300),#91,.T.);
#4027=ADVANCED_FACE('',(#301),#92,.T.);
#4028=ADVANCED_FACE('',(#302),#93,.F.);
#4029=ADVANCED_FACE('',(#303),#3937,.T.);
#4030=ADVANCED_FACE('',(#304),#94,.F.);
#4031=ADVANCED_FACE('',(#305),#3938,.T.);
#4032=ADVANCED_FACE('',(#306),#95,.F.);
#4033=ADVANCED_FACE('',(#307),#96,.F.);
#4034=ADVANCED_FACE('',(#308,#247,#248,#249),#3939,.F.);
#4035=ADVANCED_FACE('',(#309),#3940,.F.);
#4036=ADVANCED_FACE('',(#310),#3941,.F.);
#4037=ADVANCED_FACE('',(#311),#97,.F.);
#4038=ADVANCED_FACE('',(#312),#98,.F.);
#4039=ADVANCED_FACE('',(#313),#99,.F.);
#4040=ADVANCED_FACE('',(#314),#100,.F.);
#4041=ADVANCED_FACE('',(#315),#101,.F.);
#4042=ADVANCED_FACE('',(#316),#102,.F.);
#4043=ADVANCED_FACE('',(#317),#103,.T.);
#4044=ADVANCED_FACE('',(#318),#104,.F.);
#4045=ADVANCED_FACE('',(#319),#105,.T.);
#4046=ADVANCED_FACE('',(#320),#106,.T.);
#4047=ADVANCED_FACE('',(#321),#107,.T.);
#4048=ADVANCED_FACE('',(#322),#108,.T.);
#4049=ADVANCED_FACE('',(#323),#109,.F.);
#4050=ADVANCED_FACE('',(#324),#110,.T.);
#4051=ADVANCED_FACE('',(#325),#111,.F.);
#4052=ADVANCED_FACE('',(#326),#112,.T.);
#4053=ADVANCED_FACE('',(#327),#113,.T.);
#4054=ADVANCED_FACE('',(#328),#3942,.F.);
#4055=ADVANCED_FACE('',(#329),#114,.T.);
#4056=ADVANCED_FACE('',(#330),#115,.T.);
#4057=ADVANCED_FACE('',(#331),#3943,.T.);
#4058=ADVANCED_FACE('',(#332),#116,.T.);
#4059=ADVANCED_FACE('',(#333),#117,.F.);
#4060=ADVANCED_FACE('',(#334),#3944,.F.);
#4061=ADVANCED_FACE('',(#335),#118,.F.);
#4062=ADVANCED_FACE('',(#336,#250,#251),#3945,.T.);
#4063=ADVANCED_FACE('',(#337,#252,#253),#3946,.F.);
#4064=ADVANCED_FACE('',(#338),#119,.F.);
#4065=ADVANCED_FACE('',(#339),#120,.F.);
#4066=ADVANCED_FACE('',(#340),#121,.F.);
#4067=ADVANCED_FACE('',(#341),#122,.F.);
#4068=ADVANCED_FACE('',(#342),#3947,.T.);
#4069=ADVANCED_FACE('',(#343),#3948,.F.);
#4070=ADVANCED_FACE('',(#344),#3949,.F.);
#4071=ADVANCED_FACE('',(#345),#3950,.F.);
#4072=ADVANCED_FACE('',(#346),#3951,.F.);
#4073=ADVANCED_FACE('',(#347),#3952,.T.);
#4074=ADVANCED_FACE('',(#348),#3953,.F.);
#4075=ADVANCED_FACE('',(#349),#3954,.F.);
#4076=ADVANCED_FACE('',(#350),#123,.F.);
#4077=ADVANCED_FACE('',(#351),#3955,.F.);
#4078=ADVANCED_FACE('',(#352),#3956,.F.);
#4079=ADVANCED_FACE('',(#353),#3957,.F.);
#4080=ADVANCED_FACE('',(#354),#3958,.T.);
#4081=ADVANCED_FACE('',(#355),#3959,.F.);
#4082=ADVANCED_FACE('',(#356),#3960,.F.);
#4083=ADVANCED_FACE('',(#357),#3961,.T.);
#4084=ADVANCED_FACE('',(#358),#3962,.F.);
#4085=ADVANCED_FACE('',(#359),#124,.F.);
#4086=ADVANCED_FACE('',(#360),#3963,.T.);
#4087=ADVANCED_FACE('',(#361),#3964,.F.);
#4088=ADVANCED_FACE('',(#362),#3965,.F.);
#4089=ADVANCED_FACE('',(#363),#3966,.F.);
#4090=ADVANCED_FACE('',(#364),#3967,.F.);
#4091=ADVANCED_FACE('',(#365),#3968,.F.);
#4092=ADVANCED_FACE('',(#366),#3969,.F.);
#4093=ADVANCED_FACE('',(#367),#3970,.F.);
#4094=ADVANCED_FACE('',(#368),#3971,.F.);
#4095=ADVANCED_FACE('',(#369),#3972,.T.);
#4096=ADVANCED_FACE('',(#370),#125,.T.);
#4097=ADVANCED_FACE('',(#371),#126,.T.);
#4098=ADVANCED_FACE('',(#372,#254),#3973,.T.);
#4099=ADVANCED_FACE('',(#373),#127,.T.);
#4100=ADVANCED_FACE('',(#374),#3974,.T.);
#4101=ADVANCED_FACE('',(#375),#128,.T.);
#4102=ADVANCED_FACE('',(#376),#3975,.T.);
#4103=ADVANCED_FACE('',(#377),#3976,.F.);
#4104=ADVANCED_FACE('',(#378),#129,.T.);
#4105=ADVANCED_FACE('',(#379),#3977,.T.);
#4106=ADVANCED_FACE('',(#380),#3978,.F.);
#4107=ADVANCED_FACE('',(#381),#130,.T.);
#4108=ADVANCED_FACE('',(#382),#3979,.T.);
#4109=ADVANCED_FACE('',(#383),#3980,.F.);
#4110=ADVANCED_FACE('',(#384,#255,#256),#3981,.T.);
#4111=ADVANCED_FACE('',(#385,#257,#258),#3982,.F.);
#4112=ADVANCED_FACE('',(#386),#131,.T.);
#4113=ADVANCED_FACE('',(#387),#3983,.F.);
#4114=ADVANCED_FACE('',(#388),#132,.T.);
#4115=ADVANCED_FACE('',(#389),#133,.T.);
#4116=ADVANCED_FACE('',(#390),#134,.T.);
#4117=ADVANCED_FACE('',(#391),#135,.T.);
#4118=ADVANCED_FACE('',(#392),#136,.T.);
#4119=ADVANCED_FACE('',(#393),#137,.T.);
#4120=ADVANCED_FACE('',(#394),#138,.T.);
#4121=ADVANCED_FACE('',(#395),#139,.T.);
#4122=ADVANCED_FACE('',(#396),#140,.T.);
#4123=ADVANCED_FACE('',(#397),#141,.T.);
#4124=ADVANCED_FACE('',(#398),#142,.T.);
#4125=ADVANCED_FACE('',(#399),#143,.T.);
#4126=ADVANCED_FACE('',(#400),#144,.T.);
#4127=ADVANCED_FACE('',(#401),#145,.T.);
#4128=ADVANCED_FACE('',(#402),#146,.T.);
#4129=ADVANCED_FACE('',(#403),#147,.T.);
#4130=ADVANCED_FACE('',(#404),#148,.T.);
#4131=ADVANCED_FACE('',(#405),#149,.T.);
#4132=ADVANCED_FACE('',(#406),#150,.T.);
#4133=ADVANCED_FACE('',(#407),#151,.T.);
#4134=ADVANCED_FACE('',(#408),#152,.T.);
#4135=ADVANCED_FACE('',(#409),#153,.T.);
#4136=ADVANCED_FACE('',(#410),#154,.T.);
#4137=ADVANCED_FACE('',(#411),#155,.T.);
#4138=ADVANCED_FACE('',(#412),#156,.T.);
#4139=ADVANCED_FACE('',(#413),#157,.T.);
#4140=ADVANCED_FACE('',(#414),#158,.T.);
#4141=ADVANCED_FACE('',(#415),#159,.T.);
#4142=ADVANCED_FACE('',(#416),#160,.T.);
#4143=ADVANCED_FACE('',(#417),#161,.T.);
#4144=ADVANCED_FACE('',(#418),#162,.T.);
#4145=ADVANCED_FACE('',(#419),#163,.T.);
#4146=ADVANCED_FACE('',(#420),#164,.T.);
#4147=ADVANCED_FACE('',(#421),#165,.T.);
#4148=ADVANCED_FACE('',(#422),#166,.T.);
#4149=ADVANCED_FACE('',(#423),#167,.T.);
#4150=ADVANCED_FACE('',(#424),#168,.T.);
#4151=ADVANCED_FACE('',(#425),#169,.T.);
#4152=ADVANCED_FACE('',(#426),#170,.T.);
#4153=ADVANCED_FACE('',(#427),#171,.T.);
#4154=ADVANCED_FACE('',(#428),#172,.T.);
#4155=ADVANCED_FACE('',(#429),#173,.T.);
#4156=ADVANCED_FACE('',(#430),#174,.T.);
#4157=ADVANCED_FACE('',(#431),#175,.T.);
#4158=ADVANCED_FACE('',(#432),#3984,.F.);
#4159=ADVANCED_FACE('',(#433),#176,.F.);
#4160=ADVANCED_FACE('',(#434),#177,.F.);
#4161=ADVANCED_FACE('',(#435,#259,#260,#261,#262),#3985,.T.);
#4162=ADVANCED_FACE('',(#436,#263,#264,#265,#266),#3986,.F.);
#4163=ADVANCED_FACE('',(#437),#178,.T.);
#4164=ADVANCED_FACE('',(#438),#179,.T.);
#4165=ADVANCED_FACE('',(#439),#180,.T.);
#4166=ADVANCED_FACE('',(#440),#181,.T.);
#4167=ADVANCED_FACE('',(#441),#182,.T.);
#4168=ADVANCED_FACE('',(#442),#183,.T.);
#4169=ADVANCED_FACE('',(#443),#184,.T.);
#4170=ADVANCED_FACE('',(#444),#185,.T.);
#4171=ADVANCED_FACE('',(#445),#186,.T.);
#4172=ADVANCED_FACE('',(#446),#187,.T.);
#4173=ADVANCED_FACE('',(#447),#188,.T.);
#4174=ADVANCED_FACE('',(#448),#189,.T.);
#4175=ADVANCED_FACE('',(#449),#190,.T.);
#4176=ADVANCED_FACE('',(#450),#191,.T.);
#4177=ADVANCED_FACE('',(#451),#192,.T.);
#4178=ADVANCED_FACE('',(#452),#193,.T.);
#4179=ADVANCED_FACE('',(#453),#194,.T.);
#4180=ADVANCED_FACE('',(#454),#195,.T.);
#4181=ADVANCED_FACE('',(#455),#196,.T.);
#4182=ADVANCED_FACE('',(#456),#197,.T.);
#4183=ADVANCED_FACE('',(#457),#198,.T.);
#4184=ADVANCED_FACE('',(#458),#199,.T.);
#4185=ADVANCED_FACE('',(#459),#200,.T.);
#4186=ADVANCED_FACE('',(#460),#201,.T.);
#4187=ADVANCED_FACE('',(#461),#202,.T.);
#4188=ADVANCED_FACE('',(#462),#203,.T.);
#4189=ADVANCED_FACE('',(#463),#204,.T.);
#4190=ADVANCED_FACE('',(#464),#205,.T.);
#4191=ADVANCED_FACE('',(#465),#206,.T.);
#4192=ADVANCED_FACE('',(#466),#207,.T.);
#4193=ADVANCED_FACE('',(#467),#208,.T.);
#4194=ADVANCED_FACE('',(#468),#209,.T.);
#4195=ADVANCED_FACE('',(#469),#210,.T.);
#4196=ADVANCED_FACE('',(#470),#211,.T.);
#4197=ADVANCED_FACE('',(#471),#212,.T.);
#4198=ADVANCED_FACE('',(#472),#213,.T.);
#4199=ADVANCED_FACE('',(#473),#214,.T.);
#4200=ADVANCED_FACE('',(#474),#215,.T.);
#4201=ADVANCED_FACE('',(#475),#216,.T.);
#4202=ADVANCED_FACE('',(#476),#217,.T.);
#4203=ADVANCED_FACE('',(#477),#218,.T.);
#4204=ADVANCED_FACE('',(#478),#3987,.T.);
#4205=ADVANCED_FACE('',(#479),#3988,.F.);
#4206=ADVANCED_FACE('',(#480),#219,.T.);
#4207=ADVANCED_FACE('',(#481),#220,.F.);
#4208=ADVANCED_FACE('',(#482),#221,.T.);
#4209=ADVANCED_FACE('',(#483),#222,.T.);
#4210=ADVANCED_FACE('',(#484),#223,.T.);
#4211=ADVANCED_FACE('',(#485),#3989,.F.);
#4212=ADVANCED_FACE('',(#486),#224,.T.);
#4213=ADVANCED_FACE('',(#487),#225,.F.);
#4214=ADVANCED_FACE('',(#488),#226,.F.);
#4215=ADVANCED_FACE('',(#489),#227,.F.);
#4216=ADVANCED_FACE('',(#490),#228,.T.);
#4217=ADVANCED_FACE('',(#491),#3990,.T.);
#4218=ADVANCED_FACE('',(#492),#229,.T.);
#4219=ADVANCED_FACE('',(#493),#3991,.F.);
#4220=ADVANCED_FACE('',(#494),#230,.F.);
#4221=ADVANCED_FACE('',(#495),#231,.F.);
#4222=ADVANCED_FACE('',(#496,#267,#268),#3992,.T.);
#4223=ADVANCED_FACE('',(#497,#269,#270),#3993,.F.);
#4224=ADVANCED_FACE('',(#498),#3994,.T.);
#4225=ADVANCED_FACE('',(#499),#3995,.T.);
#4226=ADVANCED_FACE('',(#500),#43,.T.);
#4227=ADVANCED_FACE('',(#501),#3996,.T.);
#4228=ADVANCED_FACE('',(#502),#44,.T.);
#4229=CLOSED_SHELL('',(#3997,#3998,#3999,#4000,#4001,#4002,#4003,#4004,
#4005,#4006,#4007,#4008,#4009,#4010,#4011,#4012,#4013,#4014,#4015,#4016,
#4017,#4018,#4019,#4020,#4021,#4022,#4023,#4024,#4025,#4026,#4027,#4028,
#4029,#4030,#4031,#4032,#4033,#4034,#4035,#4036,#4037,#4038,#4039,#4040,
#4041,#4042,#4043,#4044,#4045,#4046,#4047,#4048,#4049,#4050,#4051,#4052,
#4053,#4054,#4055));
#4230=CLOSED_SHELL('',(#4056,#4057,#4058,#4059,#4060,#4061,#4062,#4063,
#4064,#4065,#4066,#4067));
#4231=CLOSED_SHELL('',(#4068,#4069,#4070,#4071,#4072,#4073,#4074,#4075,
#4076,#4077));
#4232=CLOSED_SHELL('',(#4078,#4079,#4080,#4081,#4082,#4083,#4084,#4085,
#4086,#4087));
#4233=CLOSED_SHELL('',(#4088,#4089,#4090,#4091,#4092,#4093,#4094,#4095,
#4096,#4097,#4098,#4099,#4100));
#4234=CLOSED_SHELL('',(#4101,#4102,#4103));
#4235=CLOSED_SHELL('',(#4104,#4105,#4106));
#4236=CLOSED_SHELL('',(#4107,#4108,#4109));
#4237=CLOSED_SHELL('',(#4110,#4111,#4112,#4113,#4114,#4115,#4116,#4117,
#4118,#4119,#4120,#4121,#4122,#4123,#4124,#4125,#4126,#4127,#4128,#4129,
#4130,#4131,#4132,#4133,#4134,#4135,#4136,#4137,#4138,#4139,#4140,#4141,
#4142,#4143,#4144,#4145,#4146,#4147,#4148,#4149,#4150,#4151,#4152,#4153,
#4154,#4155,#4156,#4157,#4158,#4159,#4160));
#4238=CLOSED_SHELL('',(#4161,#4162,#4163,#4164,#4165,#4166,#4167,#4168,
#4169,#4170,#4171,#4172,#4173,#4174,#4175,#4176,#4177,#4178,#4179,#4180,
#4181,#4182,#4183,#4184,#4185,#4186,#4187,#4188,#4189,#4190,#4191,#4192,
#4193,#4194,#4195,#4196,#4197,#4198,#4199,#4200,#4201,#4202,#4203,#4204,
#4205,#4206,#4207,#4208,#4209,#4210,#4211,#4212,#4213,#4214,#4215));
#4239=CLOSED_SHELL('',(#4216,#4217,#4218,#4219,#4220,#4221,#4222,#4223,
#4224,#4225,#4226,#4227,#4228));
#4240=DERIVED_UNIT_ELEMENT(#4252,1.);
#4241=DERIVED_UNIT_ELEMENT(#7531,-3.);
#4242=DERIVED_UNIT_ELEMENT(#4252,1.);
#4243=DERIVED_UNIT_ELEMENT(#7531,-3.);
#4244=DERIVED_UNIT_ELEMENT(#4252,1.);
#4245=DERIVED_UNIT_ELEMENT(#7531,-3.);
#4246=DERIVED_UNIT_ELEMENT(#4252,1.);
#4247=DERIVED_UNIT_ELEMENT(#7531,-3.);
#4248=DERIVED_UNIT_ELEMENT(#4252,1.);
#4249=DERIVED_UNIT_ELEMENT(#7531,-3.);
#4250=DERIVED_UNIT_ELEMENT(#4252,1.);
#4251=DERIVED_UNIT_ELEMENT(#7531,-3.);
#4252=(
MASS_UNIT()
NAMED_UNIT(*)
SI_UNIT(.KILO.,.GRAM.)
);
#4253=DERIVED_UNIT((#4240,#4241));
#4254=DERIVED_UNIT((#4242,#4243));
#4255=DERIVED_UNIT((#4244,#4245));
#4256=DERIVED_UNIT((#4246,#4247));
#4257=DERIVED_UNIT((#4248,#4249));
#4258=DERIVED_UNIT((#4250,#4251));
#4259=MEASURE_REPRESENTATION_ITEM('density measure',
POSITIVE_RATIO_MEASURE(7850.),#4253);
#4260=MEASURE_REPRESENTATION_ITEM('density measure',
POSITIVE_RATIO_MEASURE(7850.),#4254);
#4261=MEASURE_REPRESENTATION_ITEM('density measure',
POSITIVE_RATIO_MEASURE(7850.),#4255);
#4262=MEASURE_REPRESENTATION_ITEM('density measure',
POSITIVE_RATIO_MEASURE(7850.),#4256);
#4263=MEASURE_REPRESENTATION_ITEM('density measure',
POSITIVE_RATIO_MEASURE(7850.),#4257);
#4264=MEASURE_REPRESENTATION_ITEM('density measure',
POSITIVE_RATIO_MEASURE(7850.),#4258);
#4265=PROPERTY_DEFINITION_REPRESENTATION(#4295,#4277);
#4266=PROPERTY_DEFINITION_REPRESENTATION(#4296,#4278);
#4267=PROPERTY_DEFINITION_REPRESENTATION(#4297,#4279);
#4268=PROPERTY_DEFINITION_REPRESENTATION(#4298,#4280);
#4269=PROPERTY_DEFINITION_REPRESENTATION(#4299,#4281);
#4270=PROPERTY_DEFINITION_REPRESENTATION(#4300,#4282);
#4271=PROPERTY_DEFINITION_REPRESENTATION(#4301,#4283);
#4272=PROPERTY_DEFINITION_REPRESENTATION(#4302,#4284);
#4273=PROPERTY_DEFINITION_REPRESENTATION(#4303,#4285);
#4274=PROPERTY_DEFINITION_REPRESENTATION(#4304,#4286);
#4275=PROPERTY_DEFINITION_REPRESENTATION(#4305,#4287);
#4276=PROPERTY_DEFINITION_REPRESENTATION(#4306,#4288);
#4277=REPRESENTATION('material name',(#4289),#7523);
#4278=REPRESENTATION('density',(#4259),#7523);
#4279=REPRESENTATION('material name',(#4290),#7524);
#4280=REPRESENTATION('density',(#4260),#7524);
#4281=REPRESENTATION('material name',(#4291),#7525);
#4282=REPRESENTATION('density',(#4261),#7525);
#4283=REPRESENTATION('material name',(#4292),#7526);
#4284=REPRESENTATION('density',(#4262),#7526);
#4285=REPRESENTATION('material name',(#4293),#7527);
#4286=REPRESENTATION('density',(#4263),#7527);
#4287=REPRESENTATION('material name',(#4294),#7528);
#4288=REPRESENTATION('density',(#4264),#7528);
#4289=DESCRIPTIVE_REPRESENTATION_ITEM('Steel','Steel');
#4290=DESCRIPTIVE_REPRESENTATION_ITEM('Steel','Steel');
#4291=DESCRIPTIVE_REPRESENTATION_ITEM('Steel','Steel');
#4292=DESCRIPTIVE_REPRESENTATION_ITEM('Steel','Steel');
#4293=DESCRIPTIVE_REPRESENTATION_ITEM('Steel','Steel');
#4294=DESCRIPTIVE_REPRESENTATION_ITEM('Steel','Steel');
#4295=PROPERTY_DEFINITION('material property','material name',#7565);
#4296=PROPERTY_DEFINITION('material property','density of part',#7565);
#4297=PROPERTY_DEFINITION('material property','material name',#7566);
#4298=PROPERTY_DEFINITION('material property','density of part',#7566);
#4299=PROPERTY_DEFINITION('material property','material name',#7567);
#4300=PROPERTY_DEFINITION('material property','density of part',#7567);
#4301=PROPERTY_DEFINITION('material property','material name',#7568);
#4302=PROPERTY_DEFINITION('material property','density of part',#7568);
#4303=PROPERTY_DEFINITION('material property','material name',#7569);
#4304=PROPERTY_DEFINITION('material property','density of part',#7569);
#4305=PROPERTY_DEFINITION('material property','material name',#7570);
#4306=PROPERTY_DEFINITION('material property','density of part',#7570);
#4307=AXIS2_PLACEMENT_3D('',#6232,#4845,#4846);
#4308=AXIS2_PLACEMENT_3D('',#6233,#4847,#4848);
#4309=AXIS2_PLACEMENT_3D('',#6234,#4849,#4850);
#4310=AXIS2_PLACEMENT_3D('',#6243,#4854,#4855);
#4311=AXIS2_PLACEMENT_3D('',#6246,#4857,#4858);
#4312=AXIS2_PLACEMENT_3D('',#6247,#4859,#4860);
#4313=AXIS2_PLACEMENT_3D('',#6252,#4862,#4863);
#4314=AXIS2_PLACEMENT_3D('',#6256,#4865,#4866);
#4315=AXIS2_PLACEMENT_3D('',#6260,#4868,#4869);
#4316=AXIS2_PLACEMENT_3D('',#6264,#4871,#4872);
#4317=AXIS2_PLACEMENT_3D('',#6268,#4874,#4875);
#4318=AXIS2_PLACEMENT_3D('',#6272,#4877,#4878);
#4319=AXIS2_PLACEMENT_3D('',#6276,#4880,#4881);
#4320=AXIS2_PLACEMENT_3D('',#6279,#4883,#4884);
#4321=AXIS2_PLACEMENT_3D('',#6281,#4885,#4886);
#4322=AXIS2_PLACEMENT_3D('',#6283,#4887,#4888);
#4323=AXIS2_PLACEMENT_3D('',#6285,#4889,#4890);
#4324=AXIS2_PLACEMENT_3D('',#6286,#4891,#4892);
#4325=AXIS2_PLACEMENT_3D('',#6292,#4896,#4897);
#4326=AXIS2_PLACEMENT_3D('',#6294,#4898,#4899);
#4327=AXIS2_PLACEMENT_3D('',#6297,#4901,#4902);
#4328=AXIS2_PLACEMENT_3D('',#6298,#4903,#4904);
#4329=AXIS2_PLACEMENT_3D('',#6308,#4910,#4911);
#4330=AXIS2_PLACEMENT_3D('',#6314,#4915,#4916);
#4331=AXIS2_PLACEMENT_3D('',#6320,#4920,#4921);
#4332=AXIS2_PLACEMENT_3D('',#6326,#4925,#4926);
#4333=AXIS2_PLACEMENT_3D('',#6332,#4930,#4931);
#4334=AXIS2_PLACEMENT_3D('',#6338,#4935,#4936);
#4335=AXIS2_PLACEMENT_3D('',#6344,#4940,#4941);
#4336=AXIS2_PLACEMENT_3D('',#6346,#4942,#4943);
#4337=AXIS2_PLACEMENT_3D('',#6348,#4945,#4946);
#4338=AXIS2_PLACEMENT_3D('',#6350,#4947,#4948);
#4339=AXIS2_PLACEMENT_3D('',#6352,#4950,#4951);
#4340=AXIS2_PLACEMENT_3D('',#6362,#4957,#4958);
#4341=AXIS2_PLACEMENT_3D('',#6364,#4959,#4960);
#4342=AXIS2_PLACEMENT_3D('',#6366,#4962,#4963);
#4343=AXIS2_PLACEMENT_3D('',#6367,#4964,#4965);
#4344=AXIS2_PLACEMENT_3D('',#6368,#4966,#4967);
#4345=AXIS2_PLACEMENT_3D('',#6370,#4968,#4969);
#4346=AXIS2_PLACEMENT_3D('',#6373,#4971,#4972);
#4347=AXIS2_PLACEMENT_3D('',#6374,#4973,#4974);
#4348=AXIS2_PLACEMENT_3D('',#6375,#4975,#4976);
#4349=AXIS2_PLACEMENT_3D('',#6377,#4977,#4978);
#4350=AXIS2_PLACEMENT_3D('',#6384,#4982,#4983);
#4351=AXIS2_PLACEMENT_3D('',#6385,#4984,#4985);
#4352=AXIS2_PLACEMENT_3D('',#6386,#4986,#4987);
#4353=AXIS2_PLACEMENT_3D('',#6387,#4988,#4989);
#4354=AXIS2_PLACEMENT_3D('',#6388,#4990,#4991);
#4355=AXIS2_PLACEMENT_3D('',#6397,#4996,#4997);
#4356=AXIS2_PLACEMENT_3D('',#6403,#5001,#5002);
#4357=AXIS2_PLACEMENT_3D('',#6409,#5006,#5007);
#4358=AXIS2_PLACEMENT_3D('',#6415,#5011,#5012);
#4359=AXIS2_PLACEMENT_3D('',#6421,#5016,#5017);
#4360=AXIS2_PLACEMENT_3D('',#6424,#5020,#5021);
#4361=AXIS2_PLACEMENT_3D('',#6425,#5022,#5023);
#4362=AXIS2_PLACEMENT_3D('',#6427,#5024,#5025);
#4363=AXIS2_PLACEMENT_3D('',#6429,#5027,#5028);
#4364=AXIS2_PLACEMENT_3D('',#6430,#5029,#5030);
#4365=AXIS2_PLACEMENT_3D('',#6432,#5031,#5032);
#4366=AXIS2_PLACEMENT_3D('',#6434,#5033,#5034);
#4367=AXIS2_PLACEMENT_3D('',#6435,#5035,#5036);
#4368=AXIS2_PLACEMENT_3D('',#6436,#5037,#5038);
#4369=AXIS2_PLACEMENT_3D('',#6441,#5040,#5041);
#4370=AXIS2_PLACEMENT_3D('',#6446,#5045,#5046);
#4371=AXIS2_PLACEMENT_3D('',#6449,#5048,#5049);
#4372=AXIS2_PLACEMENT_3D('',#6454,#5051,#5052);
#4373=AXIS2_PLACEMENT_3D('',#6457,#5054,#5055);
#4374=AXIS2_PLACEMENT_3D('',#6458,#5056,#5057);
#4375=AXIS2_PLACEMENT_3D('',#6463,#5059,#5060);
#4376=AXIS2_PLACEMENT_3D('',#6467,#5062,#5063);
#4377=AXIS2_PLACEMENT_3D('',#6470,#5065,#5066);
#4378=AXIS2_PLACEMENT_3D('',#6477,#5070,#5071);
#4379=AXIS2_PLACEMENT_3D('',#6479,#5072,#5073);
#4380=AXIS2_PLACEMENT_3D('',#6481,#5074,#5075);
#4381=AXIS2_PLACEMENT_3D('',#6482,#5076,#5077);
#4382=AXIS2_PLACEMENT_3D('',#6485,#5080,#5081);
#4383=AXIS2_PLACEMENT_3D('',#6488,#5084,#5085);
#4384=AXIS2_PLACEMENT_3D('',#6490,#5086,#5087);
#4385=AXIS2_PLACEMENT_3D('',#6492,#5089,#5090);
#4386=AXIS2_PLACEMENT_3D('',#6493,#5091,#5092);
#4387=AXIS2_PLACEMENT_3D('',#6494,#5093,#5094);
#4388=AXIS2_PLACEMENT_3D('',#6496,#5095,#5096);
#4389=AXIS2_PLACEMENT_3D('',#6498,#5098,#5099);
#4390=AXIS2_PLACEMENT_3D('',#6499,#5100,#5101);
#4391=AXIS2_PLACEMENT_3D('',#6501,#5102,#5103);
#4392=AXIS2_PLACEMENT_3D('',#6503,#5105,#5106);
#4393=AXIS2_PLACEMENT_3D('',#6504,#5107,#5108);
#4394=AXIS2_PLACEMENT_3D('',#6507,#5110,#5111);
#4395=AXIS2_PLACEMENT_3D('',#6508,#5112,#5113);
#4396=AXIS2_PLACEMENT_3D('',#6511,#5115,#5116);
#4397=AXIS2_PLACEMENT_3D('',#6512,#5117,#5118);
#4398=AXIS2_PLACEMENT_3D('',#6517,#5120,#5121);
#4399=AXIS2_PLACEMENT_3D('',#6520,#5123,#5124);
#4400=AXIS2_PLACEMENT_3D('',#6521,#5125,#5126);
#4401=AXIS2_PLACEMENT_3D('',#6524,#5129,#5130);
#4402=AXIS2_PLACEMENT_3D('',#6527,#5133,#5134);
#4403=AXIS2_PLACEMENT_3D('',#6528,#5135,#5136);
#4404=AXIS2_PLACEMENT_3D('',#6529,#5137,#5138);
#4405=AXIS2_PLACEMENT_3D('',#6530,#5139,#5140);
#4406=AXIS2_PLACEMENT_3D('',#6531,#5141,#5142);
#4407=AXIS2_PLACEMENT_3D('',#6532,#5143,#5144);
#4408=AXIS2_PLACEMENT_3D('',#6533,#5145,#5146);
#4409=AXIS2_PLACEMENT_3D('',#6534,#5147,#5148);
#4410=AXIS2_PLACEMENT_3D('',#6535,#5149,#5150);
#4411=AXIS2_PLACEMENT_3D('',#6536,#5151,#5152);
#4412=AXIS2_PLACEMENT_3D('',#6537,#5153,#5154);
#4413=AXIS2_PLACEMENT_3D('',#6538,#5155,#5156);
#4414=AXIS2_PLACEMENT_3D('',#6539,#5157,#5158);
#4415=AXIS2_PLACEMENT_3D('',#6540,#5159,#5160);
#4416=AXIS2_PLACEMENT_3D('',#6541,#5161,#5162);
#4417=AXIS2_PLACEMENT_3D('',#6542,#5163,#5164);
#4418=AXIS2_PLACEMENT_3D('',#6543,#5165,#5166);
#4419=AXIS2_PLACEMENT_3D('',#6544,#5167,#5168);
#4420=AXIS2_PLACEMENT_3D('',#6545,#5169,#5170);
#4421=AXIS2_PLACEMENT_3D('',#6546,#5171,#5172);
#4422=AXIS2_PLACEMENT_3D('',#6547,#5173,#5174);
#4423=AXIS2_PLACEMENT_3D('',#6549,#5176,#5177);
#4424=AXIS2_PLACEMENT_3D('',#6550,#5178,#5179);
#4425=AXIS2_PLACEMENT_3D('',#6551,#5180,#5181);
#4426=AXIS2_PLACEMENT_3D('',#6554,#5182,#5183);
#4427=AXIS2_PLACEMENT_3D('',#6558,#5185,#5186);
#4428=AXIS2_PLACEMENT_3D('',#6560,#5188,#5189);
#4429=AXIS2_PLACEMENT_3D('',#6569,#5194,#5195);
#4430=AXIS2_PLACEMENT_3D('',#6572,#5196,#5197);
#4431=AXIS2_PLACEMENT_3D('',#6576,#5199,#5200);
#4432=AXIS2_PLACEMENT_3D('',#6578,#5202,#5203);
#4433=AXIS2_PLACEMENT_3D('',#6580,#5204,#5205);
#4434=AXIS2_PLACEMENT_3D('',#6583,#5207,#5208);
#4435=AXIS2_PLACEMENT_3D('',#6584,#5209,#5210);
#4436=AXIS2_PLACEMENT_3D('',#6593,#5215,#5216);
#4437=AXIS2_PLACEMENT_3D('',#6595,#5217,#5218);
#4438=AXIS2_PLACEMENT_3D('',#6598,#5220,#5221);
#4439=AXIS2_PLACEMENT_3D('',#6599,#5222,#5223);
#4440=AXIS2_PLACEMENT_3D('',#6600,#5224,#5225);
#4441=AXIS2_PLACEMENT_3D('',#6601,#5226,#5227);
#4442=AXIS2_PLACEMENT_3D('',#6602,#5228,#5229);
#4443=AXIS2_PLACEMENT_3D('',#6603,#5230,#5231);
#4444=AXIS2_PLACEMENT_3D('',#6604,#5232,#5233);
#4445=AXIS2_PLACEMENT_3D('',#6605,#5234,#5235);
#4446=AXIS2_PLACEMENT_3D('',#6606,#5236,#5237);
#4447=AXIS2_PLACEMENT_3D('',#6607,#5238,#5239);
#4448=AXIS2_PLACEMENT_3D('',#6608,#5240,#5241);
#4449=AXIS2_PLACEMENT_3D('',#6609,#5242,#5243);
#4450=AXIS2_PLACEMENT_3D('',#6610,#5244,#5245);
#4451=AXIS2_PLACEMENT_3D('',#6611,#5246,#5247);
#4452=AXIS2_PLACEMENT_3D('',#6612,#5248,#5249);
#4453=AXIS2_PLACEMENT_3D('',#6613,#5250,#5251);
#4454=AXIS2_PLACEMENT_3D('',#6614,#5252,#5253);
#4455=AXIS2_PLACEMENT_3D('',#6623,#5258,#5259);
#4456=AXIS2_PLACEMENT_3D('',#6627,#5261,#5262);
#4457=AXIS2_PLACEMENT_3D('',#6637,#5268,#5269);
#4458=AXIS2_PLACEMENT_3D('',#6641,#5272,#5273);
#4459=AXIS2_PLACEMENT_3D('',#6644,#5274,#5275);
#4460=AXIS2_PLACEMENT_3D('',#6653,#5281,#5282);
#4461=AXIS2_PLACEMENT_3D('',#6656,#5285,#5286);
#4462=AXIS2_PLACEMENT_3D('',#6658,#5288,#5289);
#4463=AXIS2_PLACEMENT_3D('',#6659,#5290,#5291);
#4464=AXIS2_PLACEMENT_3D('',#6661,#5293,#5294);
#4465=AXIS2_PLACEMENT_3D('',#6663,#5296,#5297);
#4466=AXIS2_PLACEMENT_3D('',#6664,#5298,#5299);
#4467=AXIS2_PLACEMENT_3D('',#6669,#5301,#5302);
#4468=AXIS2_PLACEMENT_3D('',#6681,#5309,#5310);
#4469=AXIS2_PLACEMENT_3D('',#6697,#5318,#5319);
#4470=AXIS2_PLACEMENT_3D('',#6698,#5320,#5321);
#4471=AXIS2_PLACEMENT_3D('',#6701,#5324,#5325);
#4472=AXIS2_PLACEMENT_3D('',#6704,#5328,#5329);
#4473=AXIS2_PLACEMENT_3D('',#6706,#5331,#5332);
#4474=AXIS2_PLACEMENT_3D('',#6708,#5334,#5335);
#4475=AXIS2_PLACEMENT_3D('',#6709,#5336,#5337);
#4476=AXIS2_PLACEMENT_3D('',#6712,#5340,#5341);
#4477=AXIS2_PLACEMENT_3D('',#6713,#5342,#5343);
#4478=AXIS2_PLACEMENT_3D('',#6714,#5344,#5345);
#4479=AXIS2_PLACEMENT_3D('',#6717,#5346,#5347);
#4480=AXIS2_PLACEMENT_3D('',#6719,#5348,#5349);
#4481=AXIS2_PLACEMENT_3D('',#6726,#5353,#5354);
#4482=AXIS2_PLACEMENT_3D('',#6727,#5355,#5356);
#4483=AXIS2_PLACEMENT_3D('',#6729,#5357,#5358);
#4484=AXIS2_PLACEMENT_3D('',#6733,#5361,#5362);
#4485=AXIS2_PLACEMENT_3D('',#6739,#5366,#5367);
#4486=AXIS2_PLACEMENT_3D('',#6743,#5370,#5371);
#4487=AXIS2_PLACEMENT_3D('',#6749,#5375,#5376);
#4488=AXIS2_PLACEMENT_3D('',#6752,#5379,#5380);
#4489=AXIS2_PLACEMENT_3D('',#6753,#5381,#5382);
#4490=AXIS2_PLACEMENT_3D('',#6754,#5383,#5384);
#4491=AXIS2_PLACEMENT_3D('',#6755,#5385,#5386);
#4492=AXIS2_PLACEMENT_3D('',#6759,#5388,#5389);
#4493=AXIS2_PLACEMENT_3D('',#6761,#5391,#5392);
#4494=AXIS2_PLACEMENT_3D('',#6762,#5393,#5394);
#4495=AXIS2_PLACEMENT_3D('',#6763,#5395,#5396);
#4496=AXIS2_PLACEMENT_3D('',#6765,#5397,#5398);
#4497=AXIS2_PLACEMENT_3D('',#6766,#5399,#5400);
#4498=AXIS2_PLACEMENT_3D('',#6769,#5402,#5403);
#4499=AXIS2_PLACEMENT_3D('',#6770,#5404,#5405);
#4500=AXIS2_PLACEMENT_3D('',#6771,#5406,#5407);
#4501=AXIS2_PLACEMENT_3D('',#6773,#5408,#5409);
#4502=AXIS2_PLACEMENT_3D('',#6776,#5411,#5412);
#4503=AXIS2_PLACEMENT_3D('',#6777,#5413,#5414);
#4504=AXIS2_PLACEMENT_3D('',#6778,#5415,#5416);
#4505=AXIS2_PLACEMENT_3D('',#6779,#5417,#5418);
#4506=AXIS2_PLACEMENT_3D('',#6781,#5419,#5420);
#4507=AXIS2_PLACEMENT_3D('',#6784,#5422,#5423);
#4508=AXIS2_PLACEMENT_3D('',#6785,#5424,#5425);
#4509=AXIS2_PLACEMENT_3D('',#6786,#5426,#5427);
#4510=AXIS2_PLACEMENT_3D('',#6787,#5428,#5429);
#4511=AXIS2_PLACEMENT_3D('',#6789,#5430,#5431);
#4512=AXIS2_PLACEMENT_3D('',#6792,#5433,#5434);
#4513=AXIS2_PLACEMENT_3D('',#6793,#5435,#5436);
#4514=AXIS2_PLACEMENT_3D('',#6794,#5437,#5438);
#4515=AXIS2_PLACEMENT_3D('',#6795,#5439,#5440);
#4516=AXIS2_PLACEMENT_3D('',#6796,#5441,#5442);
#4517=AXIS2_PLACEMENT_3D('',#6799,#5443,#5444);
#4518=AXIS2_PLACEMENT_3D('',#6803,#5446,#5447);
#4519=AXIS2_PLACEMENT_3D('',#6807,#5449,#5450);
#4520=AXIS2_PLACEMENT_3D('',#6809,#5451,#5452);
#4521=AXIS2_PLACEMENT_3D('',#6811,#5453,#5454);
#4522=AXIS2_PLACEMENT_3D('',#6813,#5455,#5456);
#4523=AXIS2_PLACEMENT_3D('',#6815,#5457,#5458);
#4524=AXIS2_PLACEMENT_3D('',#6817,#5459,#5460);
#4525=AXIS2_PLACEMENT_3D('',#6819,#5461,#5462);
#4526=AXIS2_PLACEMENT_3D('',#6821,#5463,#5464);
#4527=AXIS2_PLACEMENT_3D('',#6823,#5465,#5466);
#4528=AXIS2_PLACEMENT_3D('',#6825,#5467,#5468);
#4529=AXIS2_PLACEMENT_3D('',#6827,#5469,#5470);
#4530=AXIS2_PLACEMENT_3D('',#6829,#5471,#5472);
#4531=AXIS2_PLACEMENT_3D('',#6831,#5473,#5474);
#4532=AXIS2_PLACEMENT_3D('',#6833,#5475,#5476);
#4533=AXIS2_PLACEMENT_3D('',#6835,#5477,#5478);
#4534=AXIS2_PLACEMENT_3D('',#6837,#5479,#5480);
#4535=AXIS2_PLACEMENT_3D('',#6839,#5481,#5482);
#4536=AXIS2_PLACEMENT_3D('',#6841,#5483,#5484);
#4537=AXIS2_PLACEMENT_3D('',#6843,#5485,#5486);
#4538=AXIS2_PLACEMENT_3D('',#6845,#5487,#5488);
#4539=AXIS2_PLACEMENT_3D('',#6847,#5489,#5490);
#4540=AXIS2_PLACEMENT_3D('',#6849,#5491,#5492);
#4541=AXIS2_PLACEMENT_3D('',#6851,#5493,#5494);
#4542=AXIS2_PLACEMENT_3D('',#6853,#5495,#5496);
#4543=AXIS2_PLACEMENT_3D('',#6855,#5497,#5498);
#4544=AXIS2_PLACEMENT_3D('',#6857,#5499,#5500);
#4545=AXIS2_PLACEMENT_3D('',#6859,#5501,#5502);
#4546=AXIS2_PLACEMENT_3D('',#6861,#5503,#5504);
#4547=AXIS2_PLACEMENT_3D('',#6863,#5505,#5506);
#4548=AXIS2_PLACEMENT_3D('',#6865,#5507,#5508);
#4549=AXIS2_PLACEMENT_3D('',#6867,#5509,#5510);
#4550=AXIS2_PLACEMENT_3D('',#6869,#5511,#5512);
#4551=AXIS2_PLACEMENT_3D('',#6871,#5513,#5514);
#4552=AXIS2_PLACEMENT_3D('',#6873,#5515,#5516);
#4553=AXIS2_PLACEMENT_3D('',#6875,#5517,#5518);
#4554=AXIS2_PLACEMENT_3D('',#6877,#5519,#5520);
#4555=AXIS2_PLACEMENT_3D('',#6879,#5521,#5522);
#4556=AXIS2_PLACEMENT_3D('',#6881,#5523,#5524);
#4557=AXIS2_PLACEMENT_3D('',#6883,#5525,#5526);
#4558=AXIS2_PLACEMENT_3D('',#6885,#5527,#5528);
#4559=AXIS2_PLACEMENT_3D('',#6887,#5529,#5530);
#4560=AXIS2_PLACEMENT_3D('',#6889,#5531,#5532);
#4561=AXIS2_PLACEMENT_3D('',#6890,#5533,#5534);
#4562=AXIS2_PLACEMENT_3D('',#6892,#5535,#5536);
#4563=AXIS2_PLACEMENT_3D('',#6894,#5537,#5538);
#4564=AXIS2_PLACEMENT_3D('',#6895,#5539,#5540);
#4565=AXIS2_PLACEMENT_3D('',#6900,#5542,#5543);
#4566=AXIS2_PLACEMENT_3D('',#6902,#5544,#5545);
#4567=AXIS2_PLACEMENT_3D('',#6904,#5546,#5547);
#4568=AXIS2_PLACEMENT_3D('',#6906,#5548,#5549);
#4569=AXIS2_PLACEMENT_3D('',#6908,#5550,#5551);
#4570=AXIS2_PLACEMENT_3D('',#6910,#5552,#5553);
#4571=AXIS2_PLACEMENT_3D('',#6912,#5554,#5555);
#4572=AXIS2_PLACEMENT_3D('',#6914,#5556,#5557);
#4573=AXIS2_PLACEMENT_3D('',#6916,#5558,#5559);
#4574=AXIS2_PLACEMENT_3D('',#6918,#5560,#5561);
#4575=AXIS2_PLACEMENT_3D('',#6920,#5562,#5563);
#4576=AXIS2_PLACEMENT_3D('',#6922,#5564,#5565);
#4577=AXIS2_PLACEMENT_3D('',#6924,#5566,#5567);
#4578=AXIS2_PLACEMENT_3D('',#6926,#5568,#5569);
#4579=AXIS2_PLACEMENT_3D('',#6928,#5570,#5571);
#4580=AXIS2_PLACEMENT_3D('',#6930,#5572,#5573);
#4581=AXIS2_PLACEMENT_3D('',#6932,#5574,#5575);
#4582=AXIS2_PLACEMENT_3D('',#6934,#5576,#5577);
#4583=AXIS2_PLACEMENT_3D('',#6936,#5578,#5579);
#4584=AXIS2_PLACEMENT_3D('',#6938,#5580,#5581);
#4585=AXIS2_PLACEMENT_3D('',#6940,#5582,#5583);
#4586=AXIS2_PLACEMENT_3D('',#6942,#5584,#5585);
#4587=AXIS2_PLACEMENT_3D('',#6944,#5586,#5587);
#4588=AXIS2_PLACEMENT_3D('',#6946,#5588,#5589);
#4589=AXIS2_PLACEMENT_3D('',#6948,#5590,#5591);
#4590=AXIS2_PLACEMENT_3D('',#6950,#5592,#5593);
#4591=AXIS2_PLACEMENT_3D('',#6952,#5594,#5595);
#4592=AXIS2_PLACEMENT_3D('',#6954,#5596,#5597);
#4593=AXIS2_PLACEMENT_3D('',#6956,#5598,#5599);
#4594=AXIS2_PLACEMENT_3D('',#6958,#5600,#5601);
#4595=AXIS2_PLACEMENT_3D('',#6960,#5602,#5603);
#4596=AXIS2_PLACEMENT_3D('',#6962,#5604,#5605);
#4597=AXIS2_PLACEMENT_3D('',#6964,#5606,#5607);
#4598=AXIS2_PLACEMENT_3D('',#6966,#5608,#5609);
#4599=AXIS2_PLACEMENT_3D('',#6968,#5610,#5611);
#4600=AXIS2_PLACEMENT_3D('',#6970,#5612,#5613);
#4601=AXIS2_PLACEMENT_3D('',#6972,#5614,#5615);
#4602=AXIS2_PLACEMENT_3D('',#6974,#5616,#5617);
#4603=AXIS2_PLACEMENT_3D('',#6976,#5618,#5619);
#4604=AXIS2_PLACEMENT_3D('',#6978,#5620,#5621);
#4605=AXIS2_PLACEMENT_3D('',#6980,#5622,#5623);
#4606=AXIS2_PLACEMENT_3D('',#6982,#5624,#5625);
#4607=AXIS2_PLACEMENT_3D('',#6984,#5626,#5627);
#4608=AXIS2_PLACEMENT_3D('',#6986,#5628,#5629);
#4609=AXIS2_PLACEMENT_3D('',#6989,#5631,#5632);
#4610=AXIS2_PLACEMENT_3D('',#6991,#5633,#5634);
#4611=AXIS2_PLACEMENT_3D('',#6993,#5635,#5636);
#4612=AXIS2_PLACEMENT_3D('',#6994,#5637,#5638);
#4613=AXIS2_PLACEMENT_3D('',#6997,#5641,#5642);
#4614=AXIS2_PLACEMENT_3D('',#6999,#5644,#5645);
#4615=AXIS2_PLACEMENT_3D('',#7001,#5647,#5648);
#4616=AXIS2_PLACEMENT_3D('',#7003,#5650,#5651);
#4617=AXIS2_PLACEMENT_3D('',#7005,#5653,#5654);
#4618=AXIS2_PLACEMENT_3D('',#7007,#5656,#5657);
#4619=AXIS2_PLACEMENT_3D('',#7009,#5659,#5660);
#4620=AXIS2_PLACEMENT_3D('',#7011,#5662,#5663);
#4621=AXIS2_PLACEMENT_3D('',#7013,#5665,#5666);
#4622=AXIS2_PLACEMENT_3D('',#7015,#5668,#5669);
#4623=AXIS2_PLACEMENT_3D('',#7017,#5671,#5672);
#4624=AXIS2_PLACEMENT_3D('',#7019,#5674,#5675);
#4625=AXIS2_PLACEMENT_3D('',#7021,#5677,#5678);
#4626=AXIS2_PLACEMENT_3D('',#7023,#5680,#5681);
#4627=AXIS2_PLACEMENT_3D('',#7025,#5683,#5684);
#4628=AXIS2_PLACEMENT_3D('',#7027,#5686,#5687);
#4629=AXIS2_PLACEMENT_3D('',#7029,#5689,#5690);
#4630=AXIS2_PLACEMENT_3D('',#7031,#5692,#5693);
#4631=AXIS2_PLACEMENT_3D('',#7033,#5695,#5696);
#4632=AXIS2_PLACEMENT_3D('',#7035,#5698,#5699);
#4633=AXIS2_PLACEMENT_3D('',#7037,#5701,#5702);
#4634=AXIS2_PLACEMENT_3D('',#7039,#5704,#5705);
#4635=AXIS2_PLACEMENT_3D('',#7041,#5707,#5708);
#4636=AXIS2_PLACEMENT_3D('',#7043,#5710,#5711);
#4637=AXIS2_PLACEMENT_3D('',#7045,#5713,#5714);
#4638=AXIS2_PLACEMENT_3D('',#7047,#5716,#5717);
#4639=AXIS2_PLACEMENT_3D('',#7049,#5719,#5720);
#4640=AXIS2_PLACEMENT_3D('',#7051,#5722,#5723);
#4641=AXIS2_PLACEMENT_3D('',#7053,#5725,#5726);
#4642=AXIS2_PLACEMENT_3D('',#7055,#5728,#5729);
#4643=AXIS2_PLACEMENT_3D('',#7057,#5731,#5732);
#4644=AXIS2_PLACEMENT_3D('',#7059,#5734,#5735);
#4645=AXIS2_PLACEMENT_3D('',#7061,#5737,#5738);
#4646=AXIS2_PLACEMENT_3D('',#7063,#5740,#5741);
#4647=AXIS2_PLACEMENT_3D('',#7065,#5743,#5744);
#4648=AXIS2_PLACEMENT_3D('',#7067,#5746,#5747);
#4649=AXIS2_PLACEMENT_3D('',#7069,#5749,#5750);
#4650=AXIS2_PLACEMENT_3D('',#7071,#5752,#5753);
#4651=AXIS2_PLACEMENT_3D('',#7073,#5755,#5756);
#4652=AXIS2_PLACEMENT_3D('',#7075,#5758,#5759);
#4653=AXIS2_PLACEMENT_3D('',#7077,#5761,#5762);
#4654=AXIS2_PLACEMENT_3D('',#7079,#5764,#5765);
#4655=AXIS2_PLACEMENT_3D('',#7081,#5767,#5768);
#4656=AXIS2_PLACEMENT_3D('',#7083,#5770,#5771);
#4657=AXIS2_PLACEMENT_3D('',#7085,#5773,#5774);
#4658=AXIS2_PLACEMENT_3D('',#7087,#5776,#5777);
#4659=AXIS2_PLACEMENT_3D('',#7088,#5778,#5779);
#4660=AXIS2_PLACEMENT_3D('',#7090,#5781,#5782);
#4661=AXIS2_PLACEMENT_3D('',#7092,#5784,#5785);
#4662=AXIS2_PLACEMENT_3D('',#7093,#5786,#5787);
#4663=AXIS2_PLACEMENT_3D('',#7098,#5789,#5790);
#4664=AXIS2_PLACEMENT_3D('',#7100,#5791,#5792);
#4665=AXIS2_PLACEMENT_3D('',#7102,#5793,#5794);
#4666=AXIS2_PLACEMENT_3D('',#7104,#5795,#5796);
#4667=AXIS2_PLACEMENT_3D('',#7106,#5797,#5798);
#4668=AXIS2_PLACEMENT_3D('',#7108,#5799,#5800);
#4669=AXIS2_PLACEMENT_3D('',#7110,#5801,#5802);
#4670=AXIS2_PLACEMENT_3D('',#7112,#5803,#5804);
#4671=AXIS2_PLACEMENT_3D('',#7114,#5805,#5806);
#4672=AXIS2_PLACEMENT_3D('',#7116,#5807,#5808);
#4673=AXIS2_PLACEMENT_3D('',#7118,#5809,#5810);
#4674=AXIS2_PLACEMENT_3D('',#7120,#5811,#5812);
#4675=AXIS2_PLACEMENT_3D('',#7122,#5813,#5814);
#4676=AXIS2_PLACEMENT_3D('',#7124,#5815,#5816);
#4677=AXIS2_PLACEMENT_3D('',#7126,#5817,#5818);
#4678=AXIS2_PLACEMENT_3D('',#7128,#5819,#5820);
#4679=AXIS2_PLACEMENT_3D('',#7130,#5821,#5822);
#4680=AXIS2_PLACEMENT_3D('',#7132,#5823,#5824);
#4681=AXIS2_PLACEMENT_3D('',#7134,#5825,#5826);
#4682=AXIS2_PLACEMENT_3D('',#7136,#5827,#5828);
#4683=AXIS2_PLACEMENT_3D('',#7138,#5829,#5830);
#4684=AXIS2_PLACEMENT_3D('',#7140,#5831,#5832);
#4685=AXIS2_PLACEMENT_3D('',#7142,#5833,#5834);
#4686=AXIS2_PLACEMENT_3D('',#7144,#5835,#5836);
#4687=AXIS2_PLACEMENT_3D('',#7146,#5837,#5838);
#4688=AXIS2_PLACEMENT_3D('',#7148,#5839,#5840);
#4689=AXIS2_PLACEMENT_3D('',#7150,#5841,#5842);
#4690=AXIS2_PLACEMENT_3D('',#7152,#5843,#5844);
#4691=AXIS2_PLACEMENT_3D('',#7154,#5845,#5846);
#4692=AXIS2_PLACEMENT_3D('',#7156,#5847,#5848);
#4693=AXIS2_PLACEMENT_3D('',#7158,#5849,#5850);
#4694=AXIS2_PLACEMENT_3D('',#7160,#5851,#5852);
#4695=AXIS2_PLACEMENT_3D('',#7162,#5853,#5854);
#4696=AXIS2_PLACEMENT_3D('',#7164,#5855,#5856);
#4697=AXIS2_PLACEMENT_3D('',#7166,#5857,#5858);
#4698=AXIS2_PLACEMENT_3D('',#7168,#5859,#5860);
#4699=AXIS2_PLACEMENT_3D('',#7170,#5861,#5862);
#4700=AXIS2_PLACEMENT_3D('',#7172,#5863,#5864);
#4701=AXIS2_PLACEMENT_3D('',#7174,#5865,#5866);
#4702=AXIS2_PLACEMENT_3D('',#7176,#5867,#5868);
#4703=AXIS2_PLACEMENT_3D('',#7180,#5870,#5871);
#4704=AXIS2_PLACEMENT_3D('',#7184,#5873,#5874);
#4705=AXIS2_PLACEMENT_3D('',#7186,#5875,#5876);
#4706=AXIS2_PLACEMENT_3D('',#7188,#5877,#5878);
#4707=AXIS2_PLACEMENT_3D('',#7190,#5879,#5880);
#4708=AXIS2_PLACEMENT_3D('',#7191,#5881,#5882);
#4709=AXIS2_PLACEMENT_3D('',#7193,#5883,#5884);
#4710=AXIS2_PLACEMENT_3D('',#7195,#5885,#5886);
#4711=AXIS2_PLACEMENT_3D('',#7197,#5887,#5888);
#4712=AXIS2_PLACEMENT_3D('',#7199,#5889,#5890);
#4713=AXIS2_PLACEMENT_3D('',#7200,#5891,#5892);
#4714=AXIS2_PLACEMENT_3D('',#7203,#5893,#5894);
#4715=AXIS2_PLACEMENT_3D('',#7207,#5896,#5897);
#4716=AXIS2_PLACEMENT_3D('',#7209,#5898,#5899);
#4717=AXIS2_PLACEMENT_3D('',#7211,#5900,#5901);
#4718=AXIS2_PLACEMENT_3D('',#7213,#5902,#5903);
#4719=AXIS2_PLACEMENT_3D('',#7215,#5904,#5905);
#4720=AXIS2_PLACEMENT_3D('',#7219,#5907,#5908);
#4721=AXIS2_PLACEMENT_3D('',#7223,#5910,#5911);
#4722=AXIS2_PLACEMENT_3D('',#7225,#5912,#5913);
#4723=AXIS2_PLACEMENT_3D('',#7227,#5914,#5915);
#4724=AXIS2_PLACEMENT_3D('',#7229,#5916,#5917);
#4725=AXIS2_PLACEMENT_3D('',#7231,#5918,#5919);
#4726=AXIS2_PLACEMENT_3D('',#7233,#5920,#5921);
#4727=AXIS2_PLACEMENT_3D('',#7235,#5922,#5923);
#4728=AXIS2_PLACEMENT_3D('',#7237,#5924,#5925);
#4729=AXIS2_PLACEMENT_3D('',#7239,#5926,#5927);
#4730=AXIS2_PLACEMENT_3D('',#7241,#5928,#5929);
#4731=AXIS2_PLACEMENT_3D('',#7243,#5930,#5931);
#4732=AXIS2_PLACEMENT_3D('',#7245,#5932,#5933);
#4733=AXIS2_PLACEMENT_3D('',#7247,#5934,#5935);
#4734=AXIS2_PLACEMENT_3D('',#7249,#5936,#5937);
#4735=AXIS2_PLACEMENT_3D('',#7251,#5938,#5939);
#4736=AXIS2_PLACEMENT_3D('',#7253,#5940,#5941);
#4737=AXIS2_PLACEMENT_3D('',#7255,#5942,#5943);
#4738=AXIS2_PLACEMENT_3D('',#7257,#5944,#5945);
#4739=AXIS2_PLACEMENT_3D('',#7259,#5946,#5947);
#4740=AXIS2_PLACEMENT_3D('',#7261,#5948,#5949);
#4741=AXIS2_PLACEMENT_3D('',#7263,#5950,#5951);
#4742=AXIS2_PLACEMENT_3D('',#7265,#5952,#5953);
#4743=AXIS2_PLACEMENT_3D('',#7267,#5954,#5955);
#4744=AXIS2_PLACEMENT_3D('',#7269,#5956,#5957);
#4745=AXIS2_PLACEMENT_3D('',#7271,#5958,#5959);
#4746=AXIS2_PLACEMENT_3D('',#7273,#5960,#5961);
#4747=AXIS2_PLACEMENT_3D('',#7275,#5962,#5963);
#4748=AXIS2_PLACEMENT_3D('',#7277,#5964,#5965);
#4749=AXIS2_PLACEMENT_3D('',#7279,#5966,#5967);
#4750=AXIS2_PLACEMENT_3D('',#7281,#5968,#5969);
#4751=AXIS2_PLACEMENT_3D('',#7283,#5970,#5971);
#4752=AXIS2_PLACEMENT_3D('',#7285,#5972,#5973);
#4753=AXIS2_PLACEMENT_3D('',#7287,#5974,#5975);
#4754=AXIS2_PLACEMENT_3D('',#7289,#5976,#5977);
#4755=AXIS2_PLACEMENT_3D('',#7291,#5978,#5979);
#4756=AXIS2_PLACEMENT_3D('',#7293,#5980,#5981);
#4757=AXIS2_PLACEMENT_3D('',#7295,#5982,#5983);
#4758=AXIS2_PLACEMENT_3D('',#7297,#5984,#5985);
#4759=AXIS2_PLACEMENT_3D('',#7298,#5986,#5987);
#4760=AXIS2_PLACEMENT_3D('',#7300,#5988,#5989);
#4761=AXIS2_PLACEMENT_3D('',#7302,#5990,#5991);
#4762=AXIS2_PLACEMENT_3D('',#7304,#5992,#5993);
#4763=AXIS2_PLACEMENT_3D('',#7306,#5994,#5995);
#4764=AXIS2_PLACEMENT_3D('',#7307,#5996,#5997);
#4765=AXIS2_PLACEMENT_3D('',#7310,#6000,#6001);
#4766=AXIS2_PLACEMENT_3D('',#7312,#6003,#6004);
#4767=AXIS2_PLACEMENT_3D('',#7314,#6006,#6007);
#4768=AXIS2_PLACEMENT_3D('',#7316,#6009,#6010);
#4769=AXIS2_PLACEMENT_3D('',#7318,#6012,#6013);
#4770=AXIS2_PLACEMENT_3D('',#7320,#6015,#6016);
#4771=AXIS2_PLACEMENT_3D('',#7322,#6018,#6019);
#4772=AXIS2_PLACEMENT_3D('',#7324,#6021,#6022);
#4773=AXIS2_PLACEMENT_3D('',#7326,#6024,#6025);
#4774=AXIS2_PLACEMENT_3D('',#7328,#6027,#6028);
#4775=AXIS2_PLACEMENT_3D('',#7330,#6030,#6031);
#4776=AXIS2_PLACEMENT_3D('',#7332,#6033,#6034);
#4777=AXIS2_PLACEMENT_3D('',#7334,#6036,#6037);
#4778=AXIS2_PLACEMENT_3D('',#7336,#6039,#6040);
#4779=AXIS2_PLACEMENT_3D('',#7338,#6042,#6043);
#4780=AXIS2_PLACEMENT_3D('',#7340,#6045,#6046);
#4781=AXIS2_PLACEMENT_3D('',#7342,#6048,#6049);
#4782=AXIS2_PLACEMENT_3D('',#7344,#6051,#6052);
#4783=AXIS2_PLACEMENT_3D('',#7346,#6054,#6055);
#4784=AXIS2_PLACEMENT_3D('',#7348,#6057,#6058);
#4785=AXIS2_PLACEMENT_3D('',#7350,#6060,#6061);
#4786=AXIS2_PLACEMENT_3D('',#7352,#6063,#6064);
#4787=AXIS2_PLACEMENT_3D('',#7354,#6066,#6067);
#4788=AXIS2_PLACEMENT_3D('',#7356,#6069,#6070);
#4789=AXIS2_PLACEMENT_3D('',#7358,#6072,#6073);
#4790=AXIS2_PLACEMENT_3D('',#7360,#6075,#6076);
#4791=AXIS2_PLACEMENT_3D('',#7362,#6078,#6079);
#4792=AXIS2_PLACEMENT_3D('',#7364,#6081,#6082);
#4793=AXIS2_PLACEMENT_3D('',#7366,#6084,#6085);
#4794=AXIS2_PLACEMENT_3D('',#7368,#6087,#6088);
#4795=AXIS2_PLACEMENT_3D('',#7370,#6090,#6091);
#4796=AXIS2_PLACEMENT_3D('',#7372,#6093,#6094);
#4797=AXIS2_PLACEMENT_3D('',#7374,#6096,#6097);
#4798=AXIS2_PLACEMENT_3D('',#7376,#6099,#6100);
#4799=AXIS2_PLACEMENT_3D('',#7378,#6102,#6103);
#4800=AXIS2_PLACEMENT_3D('',#7380,#6105,#6106);
#4801=AXIS2_PLACEMENT_3D('',#7382,#6108,#6109);
#4802=AXIS2_PLACEMENT_3D('',#7384,#6111,#6112);
#4803=AXIS2_PLACEMENT_3D('',#7386,#6114,#6115);
#4804=AXIS2_PLACEMENT_3D('',#7388,#6117,#6118);
#4805=AXIS2_PLACEMENT_3D('',#7391,#6121,#6122);
#4806=AXIS2_PLACEMENT_3D('',#7393,#6124,#6125);
#4807=AXIS2_PLACEMENT_3D('',#7395,#6127,#6128);
#4808=AXIS2_PLACEMENT_3D('',#7396,#6129,#6130);
#4809=AXIS2_PLACEMENT_3D('',#7398,#6132,#6133);
#4810=AXIS2_PLACEMENT_3D('',#7401,#6136,#6137);
#4811=AXIS2_PLACEMENT_3D('',#7403,#6139,#6140);
#4812=AXIS2_PLACEMENT_3D('',#7405,#6142,#6143);
#4813=AXIS2_PLACEMENT_3D('',#7406,#6144,#6145);
#4814=AXIS2_PLACEMENT_3D('',#7407,#6146,#6147);
#4815=AXIS2_PLACEMENT_3D('',#7409,#6149,#6150);
#4816=AXIS2_PLACEMENT_3D('',#7411,#6152,#6153);
#4817=AXIS2_PLACEMENT_3D('',#7413,#6155,#6156);
#4818=AXIS2_PLACEMENT_3D('',#7414,#6157,#6158);
#4819=AXIS2_PLACEMENT_3D('',#7419,#6160,#6161);
#4820=AXIS2_PLACEMENT_3D('',#7422,#6163,#6164);
#4821=AXIS2_PLACEMENT_3D('',#7423,#6165,#6166);
#4822=AXIS2_PLACEMENT_3D('',#7432,#6171,#6172);
#4823=AXIS2_PLACEMENT_3D('',#7434,#6173,#6174);
#4824=AXIS2_PLACEMENT_3D('',#7437,#6176,#6177);
#4825=AXIS2_PLACEMENT_3D('',#7438,#6178,#6179);
#4826=AXIS2_PLACEMENT_3D('',#7441,#6182,#6183);
#4827=AXIS2_PLACEMENT_3D('',#7443,#6184,#6185);
#4828=AXIS2_PLACEMENT_3D('',#7446,#6187,#6188);
#4829=AXIS2_PLACEMENT_3D('',#7447,#6189,#6190);
#4830=AXIS2_PLACEMENT_3D('',#7449,#6191,#6192);
#4831=AXIS2_PLACEMENT_3D('',#7452,#6194,#6195);
#4832=AXIS2_PLACEMENT_3D('',#7453,#6196,#6197);
#4833=AXIS2_PLACEMENT_3D('',#7468,#6201,#6202);
#4834=AXIS2_PLACEMENT_3D('',#7483,#6206,#6207);
#4835=AXIS2_PLACEMENT_3D('',#7486,#6210,#6211);
#4836=AXIS2_PLACEMENT_3D('',#7497,#6214,#6215);
#4837=AXIS2_PLACEMENT_3D('',#7506,#6216,#6217);
#4838=AXIS2_PLACEMENT_3D('',#7507,#6218,#6219);
#4839=AXIS2_PLACEMENT_3D('',#7508,#6220,#6221);
#4840=AXIS2_PLACEMENT_3D('',#7509,#6222,#6223);
#4841=AXIS2_PLACEMENT_3D('',#7510,#6224,#6225);
#4842=AXIS2_PLACEMENT_3D('',#7511,#6226,#6227);
#4843=AXIS2_PLACEMENT_3D('',#7512,#6228,#6229);
#4844=AXIS2_PLACEMENT_3D('',#7513,#6230,#6231);
#4845=DIRECTION('axis',(0.,0.,1.));
#4846=DIRECTION('refdir',(1.,0.,0.));
#4847=DIRECTION('axis',(0.,0.,1.));
#4848=DIRECTION('refdir',(1.,0.,0.));
#4849=DIRECTION('center_axis',(0.,1.,0.));
#4850=DIRECTION('ref_axis',(0.,0.,1.));
#4851=DIRECTION('',(1.,0.,0.));
#4852=DIRECTION('',(0.,0.,-1.));
#4853=DIRECTION('',(1.,0.,0.));
#4854=DIRECTION('center_axis',(0.,1.,0.));
#4855=DIRECTION('ref_axis',(0.,0.,1.));
#4856=DIRECTION('',(0.707106781186548,0.,0.707106781186547));
#4857=DIRECTION('center_axis',(0.,1.,0.));
#4858=DIRECTION('ref_axis',(0.,0.,1.));
#4859=DIRECTION('center_axis',(0.,1.,0.));
#4860=DIRECTION('ref_axis',(0.,0.,1.));
#4861=DIRECTION('',(0.,0.,-1.));
#4862=DIRECTION('center_axis',(0.,1.,0.));
#4863=DIRECTION('ref_axis',(0.,0.,1.));
#4864=DIRECTION('',(0.,0.,1.));
#4865=DIRECTION('center_axis',(0.,1.,0.));
#4866=DIRECTION('ref_axis',(0.,0.,1.));
#4867=DIRECTION('',(-1.,0.,0.));
#4868=DIRECTION('center_axis',(0.,1.,0.));
#4869=DIRECTION('ref_axis',(0.,0.,1.));
#4870=DIRECTION('',(0.554700196225229,0.,-0.832050294337844));
#4871=DIRECTION('center_axis',(0.,1.,0.));
#4872=DIRECTION('ref_axis',(0.,0.,1.));
#4873=DIRECTION('',(1.,0.,0.));
#4874=DIRECTION('center_axis',(0.,1.,0.));
#4875=DIRECTION('ref_axis',(0.,0.,1.));
#4876=DIRECTION('',(0.554700196225229,0.,0.832050294337844));
#4877=DIRECTION('center_axis',(0.,1.,0.));
#4878=DIRECTION('ref_axis',(0.,0.,1.));
#4879=DIRECTION('',(0.,0.,-1.));
#4880=DIRECTION('center_axis',(0.,1.,0.));
#4881=DIRECTION('ref_axis',(0.,0.,1.));
#4882=DIRECTION('',(0.666666666666666,0.,-0.74535599249993));
#4883=DIRECTION('center_axis',(0.,1.,0.));
#4884=DIRECTION('ref_axis',(0.,0.,1.));
#4885=DIRECTION('center_axis',(0.,1.,0.));
#4886=DIRECTION('ref_axis',(0.,0.,1.));
#4887=DIRECTION('center_axis',(0.,1.,0.));
#4888=DIRECTION('ref_axis',(0.,0.,1.));
#4889=DIRECTION('center_axis',(0.,1.,0.));
#4890=DIRECTION('ref_axis',(0.,0.,1.));
#4891=DIRECTION('center_axis',(-0.74535599249993,0.,-0.666666666666667));
#4892=DIRECTION('ref_axis',(-0.666666666666667,0.,0.74535599249993));
#4893=DIRECTION('',(0.,-1.,0.));
#4894=DIRECTION('',(0.666666666666666,0.,-0.74535599249993));
#4895=DIRECTION('',(-2.22044604925031E-16,-1.,0.));
#4896=DIRECTION('center_axis',(0.,-1.,0.));
#4897=DIRECTION('ref_axis',(0.,0.,-1.));
#4898=DIRECTION('center_axis',(0.,1.,0.));
#4899=DIRECTION('ref_axis',(0.,0.,1.));
#4900=DIRECTION('',(0.,-1.,0.));
#4901=DIRECTION('center_axis',(0.,-1.,0.));
#4902=DIRECTION('ref_axis',(0.,0.,-1.));
#4903=DIRECTION('center_axis',(0.,0.,-1.));
#4904=DIRECTION('ref_axis',(-1.,0.,0.));
#4905=DIRECTION('',(1.,0.,0.));
#4906=DIRECTION('',(0.,1.,0.));
#4907=DIRECTION('',(0.,-1.,0.));
#4908=DIRECTION('',(1.,0.,0.));
#4909=DIRECTION('',(0.,1.,0.));
#4910=DIRECTION('center_axis',(0.707106781186547,0.,-0.707106781186548));
#4911=DIRECTION('ref_axis',(-0.707106781186548,0.,-0.707106781186547));
#4912=DIRECTION('',(0.,-1.,0.));
#4913=DIRECTION('',(0.707106781186548,0.,0.707106781186547));
#4914=DIRECTION('',(0.,-1.,0.));
#4915=DIRECTION('center_axis',(0.,0.,-1.));
#4916=DIRECTION('ref_axis',(-1.,0.,0.));
#4917=DIRECTION('',(0.,-1.,0.));
#4918=DIRECTION('',(1.,0.,0.));
#4919=DIRECTION('',(0.,-1.,0.));
#4920=DIRECTION('center_axis',(-1.,0.,0.));
#4921=DIRECTION('ref_axis',(0.,0.,1.));
#4922=DIRECTION('',(0.,-1.,0.));
#4923=DIRECTION('',(0.,0.,-1.));
#4924=DIRECTION('',(0.,-1.,0.));
#4925=DIRECTION('center_axis',(0.832050294337844,0.,-0.554700196225229));
#4926=DIRECTION('ref_axis',(-0.554700196225229,0.,-0.832050294337844));
#4927=DIRECTION('',(0.,-1.,0.));
#4928=DIRECTION('',(0.554700196225229,0.,0.832050294337844));
#4929=DIRECTION('',(0.,-1.,0.));
#4930=DIRECTION('center_axis',(0.,0.,-1.));
#4931=DIRECTION('ref_axis',(-1.,0.,0.));
#4932=DIRECTION('',(0.,-1.,0.));
#4933=DIRECTION('',(1.,0.,0.));
#4934=DIRECTION('',(0.,-1.,0.));
#4935=DIRECTION('center_axis',(-0.832050294337844,0.,-0.554700196225229));
#4936=DIRECTION('ref_axis',(-0.554700196225229,0.,0.832050294337844));
#4937=DIRECTION('',(0.,-1.,0.));
#4938=DIRECTION('',(0.554700196225229,0.,-0.832050294337844));
#4939=DIRECTION('',(0.,-1.,0.));
#4940=DIRECTION('center_axis',(0.,-1.,0.));
#4941=DIRECTION('ref_axis',(0.,0.,-1.));
#4942=DIRECTION('center_axis',(0.,1.,0.));
#4943=DIRECTION('ref_axis',(0.,0.,1.));
#4944=DIRECTION('',(0.,-1.,0.));
#4945=DIRECTION('center_axis',(0.,-1.,0.));
#4946=DIRECTION('ref_axis',(0.,0.,-1.));
#4947=DIRECTION('center_axis',(0.,1.,0.));
#4948=DIRECTION('ref_axis',(0.,0.,1.));
#4949=DIRECTION('',(0.,-1.,0.));
#4950=DIRECTION('center_axis',(0.,0.,-1.));
#4951=DIRECTION('ref_axis',(-1.,0.,0.));
#4952=DIRECTION('',(0.,1.,0.));
#4953=DIRECTION('',(-1.,0.,0.));
#4954=DIRECTION('',(0.,1.,0.));
#4955=DIRECTION('',(1.,0.,0.));
#4956=DIRECTION('',(0.,-1.,0.));
#4957=DIRECTION('center_axis',(0.,-1.,0.));
#4958=DIRECTION('ref_axis',(0.,0.,-1.));
#4959=DIRECTION('center_axis',(0.,1.,0.));
#4960=DIRECTION('ref_axis',(0.,0.,1.));
#4961=DIRECTION('',(0.,-1.,0.));
#4962=DIRECTION('center_axis',(0.,1.,0.));
#4963=DIRECTION('ref_axis',(0.,0.,1.));
#4964=DIRECTION('center_axis',(0.,1.,0.));
#4965=DIRECTION('ref_axis',(0.,0.,1.));
#4966=DIRECTION('center_axis',(0.,1.,0.));
#4967=DIRECTION('ref_axis',(0.,0.,1.));
#4968=DIRECTION('center_axis',(0.,1.,0.));
#4969=DIRECTION('ref_axis',(0.,0.,1.));
#4970=DIRECTION('',(0.,0.,-1.));
#4971=DIRECTION('center_axis',(0.,1.,0.));
#4972=DIRECTION('ref_axis',(0.,0.,1.));
#4973=DIRECTION('center_axis',(0.,1.,0.));
#4974=DIRECTION('ref_axis',(0.,0.,1.));
#4975=DIRECTION('center_axis',(0.,1.,0.));
#4976=DIRECTION('ref_axis',(0.,0.,1.));
#4977=DIRECTION('center_axis',(0.,1.,0.));
#4978=DIRECTION('ref_axis',(0.,0.,1.));
#4979=DIRECTION('',(0.,0.,-1.));
#4980=DIRECTION('',(-1.,0.,0.));
#4981=DIRECTION('',(0.,0.,-1.));
#4982=DIRECTION('center_axis',(0.,1.,0.));
#4983=DIRECTION('ref_axis',(0.,0.,1.));
#4984=DIRECTION('center_axis',(0.,1.,0.));
#4985=DIRECTION('ref_axis',(0.,0.,1.));
#4986=DIRECTION('center_axis',(0.,1.,0.));
#4987=DIRECTION('ref_axis',(0.,0.,1.));
#4988=DIRECTION('center_axis',(0.,1.,0.));
#4989=DIRECTION('ref_axis',(0.,0.,1.));
#4990=DIRECTION('center_axis',(-1.,0.,0.));
#4991=DIRECTION('ref_axis',(0.,0.,1.));
#4992=DIRECTION('',(0.,1.,0.));
#4993=DIRECTION('',(6.83214169000096E-16,0.,-1.));
#4994=DIRECTION('',(0.,1.,0.));
#4995=DIRECTION('',(0.,0.,1.));
#4996=DIRECTION('center_axis',(0.,0.,1.));
#4997=DIRECTION('ref_axis',(1.,0.,0.));
#4998=DIRECTION('',(1.,0.,0.));
#4999=DIRECTION('',(0.,1.,0.));
#5000=DIRECTION('',(1.,0.,0.));
#5001=DIRECTION('center_axis',(-1.,0.,0.));
#5002=DIRECTION('ref_axis',(0.,0.,1.));
#5003=DIRECTION('',(1.70803542250024E-16,0.,-1.));
#5004=DIRECTION('',(0.,1.,0.));
#5005=DIRECTION('',(0.,0.,1.));
#5006=DIRECTION('center_axis',(-1.,0.,0.));
#5007=DIRECTION('ref_axis',(0.,0.,1.));
#5008=DIRECTION('',(0.,1.,0.));
#5009=DIRECTION('',(0.,0.,1.));
#5010=DIRECTION('',(0.,1.,0.));
#5011=DIRECTION('center_axis',(-1.,0.,0.));
#5012=DIRECTION('ref_axis',(0.,0.,1.));
#5013=DIRECTION('',(0.,-1.,0.));
#5014=DIRECTION('',(0.,0.,1.));
#5015=DIRECTION('',(0.,1.,0.));
#5016=DIRECTION('center_axis',(0.,0.,1.));
#5017=DIRECTION('ref_axis',(1.,0.,0.));
#5018=DIRECTION('',(1.,0.,0.));
#5019=DIRECTION('',(1.,0.,0.));
#5020=DIRECTION('center_axis',(0.,-1.,0.));
#5021=DIRECTION('ref_axis',(0.,0.,-1.));
#5022=DIRECTION('center_axis',(0.,-1.,0.));
#5023=DIRECTION('ref_axis',(0.,0.,-1.));
#5024=DIRECTION('center_axis',(0.,-1.,0.));
#5025=DIRECTION('ref_axis',(0.,0.,-1.));
#5026=DIRECTION('',(1.,0.,0.));
#5027=DIRECTION('center_axis',(0.,-1.,0.));
#5028=DIRECTION('ref_axis',(0.,0.,-1.));
#5029=DIRECTION('center_axis',(0.,-1.,0.));
#5030=DIRECTION('ref_axis',(0.,0.,-1.));
#5031=DIRECTION('center_axis',(0.,-1.,0.));
#5032=DIRECTION('ref_axis',(0.,0.,-1.));
#5033=DIRECTION('center_axis',(0.,-1.,0.));
#5034=DIRECTION('ref_axis',(0.,0.,-1.));
#5035=DIRECTION('center_axis',(0.,-1.,0.));
#5036=DIRECTION('ref_axis',(0.,0.,-1.));
#5037=DIRECTION('center_axis',(1.,-2.16840434497101E-16,0.));
#5038=DIRECTION('ref_axis',(0.,0.,-1.));
#5039=DIRECTION('',(0.,0.,-1.));
#5040=DIRECTION('center_axis',(1.,-2.16840434497101E-16,0.));
#5041=DIRECTION('ref_axis',(2.16840434497101E-16,1.,0.));
#5042=DIRECTION('',(-1.71955363085329E-16,-0.759256602365325,-0.650791373455936));
#5043=DIRECTION('',(4.03717463500057E-16,1.,0.));
#5044=DIRECTION('',(0.,-1.,0.));
#5045=DIRECTION('center_axis',(1.,-2.16840434497101E-16,0.));
#5046=DIRECTION('ref_axis',(2.16840434497101E-16,1.,0.));
#5047=DIRECTION('',(-4.16333634234434E-16,-1.,0.));
#5048=DIRECTION('center_axis',(1.,-2.16840434497101E-16,0.));
#5049=DIRECTION('ref_axis',(2.16840434497101E-16,1.,0.));
#5050=DIRECTION('',(0.,0.,-1.));
#5051=DIRECTION('center_axis',(1.,-2.16840434497101E-16,0.));
#5052=DIRECTION('ref_axis',(2.16840434497101E-16,1.,0.));
#5053=DIRECTION('',(0.,0.,1.));
#5054=DIRECTION('center_axis',(1.,-2.16840434497101E-16,0.));
#5055=DIRECTION('ref_axis',(2.16840434497101E-16,1.,0.));
#5056=DIRECTION('center_axis',(1.,-1.23908819712629E-16,0.));
#5057=DIRECTION('ref_axis',(0.,0.,-1.));
#5058=DIRECTION('',(-1.67922778012204E-16,-0.759256602365324,-0.650791373455936));
#5059=DIRECTION('center_axis',(1.,-1.23908819712629E-16,0.));
#5060=DIRECTION('ref_axis',(1.23908819712629E-16,1.,0.));
#5061=DIRECTION('',(0.,0.,-1.));
#5062=DIRECTION('center_axis',(1.,-1.23908819712629E-16,0.));
#5063=DIRECTION('ref_axis',(1.23908819712629E-16,1.,0.));
#5064=DIRECTION('',(0.,-1.,0.));
#5065=DIRECTION('center_axis',(1.,-1.23908819712629E-16,0.));
#5066=DIRECTION('ref_axis',(1.23908819712629E-16,1.,0.));
#5067=DIRECTION('',(0.,-1.,0.));
#5068=DIRECTION('',(0.,0.,-1.));
#5069=DIRECTION('',(0.,1.,0.));
#5070=DIRECTION('center_axis',(1.,-1.23908819712629E-16,0.));
#5071=DIRECTION('ref_axis',(1.23908819712629E-16,1.,0.));
#5072=DIRECTION('center_axis',(1.,-1.23908819712629E-16,0.));
#5073=DIRECTION('ref_axis',(1.23908819712629E-16,1.,0.));
#5074=DIRECTION('center_axis',(1.,-8.67361737988404E-17,0.));
#5075=DIRECTION('ref_axis',(8.67361737988403E-17,1.,0.));
#5076=DIRECTION('center_axis',(-4.33680868994202E-16,-1.,0.));
#5077=DIRECTION('ref_axis',(0.,0.,-1.));
#5078=DIRECTION('',(-1.,5.55111512312578E-16,0.));
#5079=DIRECTION('',(-1.,5.55111512312578E-16,0.));
#5080=DIRECTION('center_axis',(0.,0.,1.));
#5081=DIRECTION('ref_axis',(1.,0.,0.));
#5082=DIRECTION('',(-1.,5.55111512312578E-16,0.));
#5083=DIRECTION('',(-1.,0.,0.));
#5084=DIRECTION('center_axis',(1.,-8.67361737988404E-17,0.));
#5085=DIRECTION('ref_axis',(8.67361737988404E-17,1.,0.));
#5086=DIRECTION('center_axis',(1.,-2.47817639425258E-16,0.));
#5087=DIRECTION('ref_axis',(2.47817639425258E-16,1.,0.));
#5088=DIRECTION('',(1.,-8.67361737988404E-17,0.));
#5089=DIRECTION('center_axis',(1.,-4.33680868994202E-16,0.));
#5090=DIRECTION('ref_axis',(4.33680868994202E-16,1.,0.));
#5091=DIRECTION('center_axis',(1.,0.,0.));
#5092=DIRECTION('ref_axis',(0.,0.,-1.));
#5093=DIRECTION('center_axis',(0.,-1.,0.));
#5094=DIRECTION('ref_axis',(0.,0.,-1.));
#5095=DIRECTION('center_axis',(0.,-1.,0.));
#5096=DIRECTION('ref_axis',(0.,0.,-1.));
#5097=DIRECTION('',(0.,-1.,0.));
#5098=DIRECTION('center_axis',(0.,-1.,0.));
#5099=DIRECTION('ref_axis',(0.,0.,-1.));
#5100=DIRECTION('center_axis',(0.,-1.,0.));
#5101=DIRECTION('ref_axis',(0.,0.,-1.));
#5102=DIRECTION('center_axis',(0.,-1.,0.));
#5103=DIRECTION('ref_axis',(0.,0.,-1.));
#5104=DIRECTION('',(0.,-1.,0.));
#5105=DIRECTION('center_axis',(0.,-1.,0.));
#5106=DIRECTION('ref_axis',(0.,0.,-1.));
#5107=DIRECTION('center_axis',(-1.,2.52980506913284E-16,0.));
#5108=DIRECTION('ref_axis',(-2.52980506913284E-16,-1.,0.));
#5109=DIRECTION('',(-1.,2.52980506913284E-16,0.));
#5110=DIRECTION('center_axis',(1.,-2.47817639425258E-16,0.));
#5111=DIRECTION('ref_axis',(2.47817639425258E-16,1.,0.));
#5112=DIRECTION('center_axis',(-1.,2.52980506913284E-16,0.));
#5113=DIRECTION('ref_axis',(-2.52980506913284E-16,-1.,0.));
#5114=DIRECTION('',(-1.,2.52980506913284E-16,0.));
#5115=DIRECTION('center_axis',(1.,-2.47817639425258E-16,0.));
#5116=DIRECTION('ref_axis',(2.47817639425258E-16,1.,0.));
#5117=DIRECTION('center_axis',(1.,-2.47817639425258E-16,0.));
#5118=DIRECTION('ref_axis',(0.,0.,-1.));
#5119=DIRECTION('',(0.,0.,1.));
#5120=DIRECTION('center_axis',(1.,-2.47817639425258E-16,0.));
#5121=DIRECTION('ref_axis',(2.47817639425258E-16,1.,0.));
#5122=DIRECTION('',(0.,0.,-1.));
#5123=DIRECTION('center_axis',(1.,-2.47817639425258E-16,0.));
#5124=DIRECTION('ref_axis',(2.47817639425258E-16,1.,0.));
#5125=DIRECTION('center_axis',(-2.52980506913284E-16,-1.,0.));
#5126=DIRECTION('ref_axis',(0.,0.,-1.));
#5127=DIRECTION('',(-1.,0.,0.));
#5128=DIRECTION('',(-1.,0.,0.));
#5129=DIRECTION('center_axis',(2.52980506913284E-16,1.,0.));
#5130=DIRECTION('ref_axis',(0.,0.,1.));
#5131=DIRECTION('',(-1.,3.70074341541719E-16,0.));
#5132=DIRECTION('',(-1.,3.70074341541719E-16,0.));
#5133=DIRECTION('center_axis',(1.,-2.52980506913284E-16,0.));
#5134=DIRECTION('ref_axis',(2.52980506913284E-16,1.,0.));
#5135=DIRECTION('center_axis',(1.,-2.52980506913284E-16,0.));
#5136=DIRECTION('ref_axis',(2.52980506913284E-16,1.,0.));
#5137=DIRECTION('center_axis',(1.23908819712629E-16,1.,0.));
#5138=DIRECTION('ref_axis',(-1.,1.23908819712629E-16,0.));
#5139=DIRECTION('center_axis',(8.76167666676214E-17,0.707106781186548,-0.707106781186548));
#5140=DIRECTION('ref_axis',(8.76167666676214E-17,0.707106781186548,0.707106781186548));
#5141=DIRECTION('center_axis',(0.,0.,-1.));
#5142=DIRECTION('ref_axis',(-1.,0.,0.));
#5143=DIRECTION('center_axis',(-8.76167666676214E-17,-0.707106781186548,
0.707106781186548));
#5144=DIRECTION('ref_axis',(-8.76167666676214E-17,-0.707106781186548,-0.707106781186548));
#5145=DIRECTION('center_axis',(-1.23908819712629E-16,-1.,0.));
#5146=DIRECTION('ref_axis',(1.,-1.23908819712629E-16,0.));
#5147=DIRECTION('center_axis',(1.4111788418715E-16,0.650791373455936,-0.759256602365324));
#5148=DIRECTION('ref_axis',(-4.22393666954861E-17,-0.759256602365324,-0.650791373455936));
#5149=DIRECTION('center_axis',(2.16840434497101E-16,1.,0.));
#5150=DIRECTION('ref_axis',(-1.,2.16840434497101E-16,0.));
#5151=DIRECTION('center_axis',(0.,-1.,0.));
#5152=DIRECTION('ref_axis',(0.,0.,-1.));
#5153=DIRECTION('center_axis',(0.,1.,0.));
#5154=DIRECTION('ref_axis',(0.,0.,1.));
#5155=DIRECTION('center_axis',(0.,-1.,0.));
#5156=DIRECTION('ref_axis',(0.,0.,-1.));
#5157=DIRECTION('center_axis',(0.,-1.,0.));
#5158=DIRECTION('ref_axis',(0.,0.,-1.));
#5159=DIRECTION('center_axis',(0.,1.,0.));
#5160=DIRECTION('ref_axis',(0.,0.,1.));
#5161=DIRECTION('center_axis',(0.,-1.,0.));
#5162=DIRECTION('ref_axis',(0.,0.,-1.));
#5163=DIRECTION('center_axis',(-2.16840434497101E-16,-1.,2.42434975903054E-16));
#5164=DIRECTION('ref_axis',(0.,-2.42434975903054E-16,-1.));
#5165=DIRECTION('center_axis',(0.,-1.,0.));
#5166=DIRECTION('ref_axis',(0.,0.,-1.));
#5167=DIRECTION('center_axis',(0.,1.,0.));
#5168=DIRECTION('ref_axis',(0.,0.,1.));
#5169=DIRECTION('center_axis',(0.,1.,0.));
#5170=DIRECTION('ref_axis',(0.,0.,1.));
#5171=DIRECTION('center_axis',(0.,-1.,0.));
#5172=DIRECTION('ref_axis',(0.,0.,-1.));
#5173=DIRECTION('center_axis',(1.4111788418715E-16,0.650791373455936,-0.759256602365324));
#5174=DIRECTION('ref_axis',(-1.,0.,-1.85863229568928E-16));
#5175=DIRECTION('',(-1.,5.55111512312578E-16,0.));
#5176=DIRECTION('center_axis',(1.,-4.33680868994202E-16,-1.85863229568928E-16));
#5177=DIRECTION('ref_axis',(4.33680868994202E-16,1.,0.));
#5178=DIRECTION('axis',(0.,0.,1.));
#5179=DIRECTION('refdir',(1.,0.,0.));
#5180=DIRECTION('center_axis',(0.,-1.,0.));
#5181=DIRECTION('ref_axis',(1.,0.,-6.12323399573677E-17));
#5182=DIRECTION('center_axis',(0.,1.,0.));
#5183=DIRECTION('ref_axis',(0.,0.,1.));
#5184=DIRECTION('',(0.,-1.,0.));
#5185=DIRECTION('center_axis',(0.,1.,0.));
#5186=DIRECTION('ref_axis',(0.,0.,1.));
#5187=DIRECTION('',(0.,-1.,0.));
#5188=DIRECTION('center_axis',(0.,0.,-1.));
#5189=DIRECTION('ref_axis',(-1.,0.,0.));
#5190=DIRECTION('',(1.,0.,0.));
#5191=DIRECTION('',(0.,-1.,0.));
#5192=DIRECTION('',(1.,0.,0.));
#5193=DIRECTION('',(0.,-1.,0.));
#5194=DIRECTION('center_axis',(0.,-1.,0.));
#5195=DIRECTION('ref_axis',(-1.,0.,1.83697019872103E-16));
#5196=DIRECTION('center_axis',(0.,1.,0.));
#5197=DIRECTION('ref_axis',(0.,0.,1.));
#5198=DIRECTION('',(0.,-1.,0.));
#5199=DIRECTION('center_axis',(0.,1.,0.));
#5200=DIRECTION('ref_axis',(0.,0.,1.));
#5201=DIRECTION('',(0.,-1.,0.));
#5202=DIRECTION('center_axis',(0.,-1.,0.));
#5203=DIRECTION('ref_axis',(0.,0.,-1.));
#5204=DIRECTION('center_axis',(0.,1.,0.));
#5205=DIRECTION('ref_axis',(0.,0.,1.));
#5206=DIRECTION('',(0.,-1.,0.));
#5207=DIRECTION('center_axis',(0.,1.,0.));
#5208=DIRECTION('ref_axis',(0.,0.,1.));
#5209=DIRECTION('center_axis',(0.,0.,-1.));
#5210=DIRECTION('ref_axis',(-1.,0.,0.));
#5211=DIRECTION('',(1.,0.,0.));
#5212=DIRECTION('',(0.,1.,0.));
#5213=DIRECTION('',(1.,0.,0.));
#5214=DIRECTION('',(0.,1.,0.));
#5215=DIRECTION('center_axis',(0.,-1.,0.));
#5216=DIRECTION('ref_axis',(0.,0.,-1.));
#5217=DIRECTION('center_axis',(0.,1.,0.));
#5218=DIRECTION('ref_axis',(0.,0.,1.));
#5219=DIRECTION('',(0.,-1.,0.));
#5220=DIRECTION('center_axis',(0.,1.,0.));
#5221=DIRECTION('ref_axis',(0.,0.,1.));
#5222=DIRECTION('center_axis',(0.,1.,0.));
#5223=DIRECTION('ref_axis',(0.,0.,1.));
#5224=DIRECTION('center_axis',(0.,1.,0.));
#5225=DIRECTION('ref_axis',(0.,0.,1.));
#5226=DIRECTION('center_axis',(0.,1.,0.));
#5227=DIRECTION('ref_axis',(0.,0.,1.));
#5228=DIRECTION('center_axis',(0.,1.,0.));
#5229=DIRECTION('ref_axis',(0.,0.,1.));
#5230=DIRECTION('center_axis',(0.,1.,0.));
#5231=DIRECTION('ref_axis',(0.,0.,1.));
#5232=DIRECTION('center_axis',(0.,1.,0.));
#5233=DIRECTION('ref_axis',(0.,0.,1.));
#5234=DIRECTION('center_axis',(0.,1.,0.));
#5235=DIRECTION('ref_axis',(0.,0.,1.));
#5236=DIRECTION('center_axis',(0.,1.,0.));
#5237=DIRECTION('ref_axis',(0.,0.,1.));
#5238=DIRECTION('center_axis',(0.,1.,0.));
#5239=DIRECTION('ref_axis',(0.,0.,1.));
#5240=DIRECTION('center_axis',(0.,1.,0.));
#5241=DIRECTION('ref_axis',(0.,0.,1.));
#5242=DIRECTION('center_axis',(0.,-1.,0.));
#5243=DIRECTION('ref_axis',(0.,0.,-1.));
#5244=DIRECTION('center_axis',(0.,-1.,0.));
#5245=DIRECTION('ref_axis',(0.,0.,-1.));
#5246=DIRECTION('center_axis',(0.,-1.,0.));
#5247=DIRECTION('ref_axis',(0.,0.,-1.));
#5248=DIRECTION('center_axis',(0.,-1.,0.));
#5249=DIRECTION('ref_axis',(0.,0.,-1.));
#5250=DIRECTION('axis',(0.,0.,1.));
#5251=DIRECTION('refdir',(1.,0.,0.));
#5252=DIRECTION('center_axis',(-1.,0.,0.));
#5253=DIRECTION('ref_axis',(0.,0.,1.));
#5254=DIRECTION('',(0.,1.,0.));
#5255=DIRECTION('',(0.,0.,-1.));
#5256=DIRECTION('',(0.,-1.,0.));
#5257=DIRECTION('',(0.,0.,1.));
#5258=DIRECTION('center_axis',(0.,-1.,0.));
#5259=DIRECTION('ref_axis',(0.,0.,-1.));
#5260=DIRECTION('',(-1.,0.,0.));
#5261=DIRECTION('center_axis',(0.,1.,0.));
#5262=DIRECTION('ref_axis',(0.,0.,1.));
#5263=DIRECTION('',(1.,0.,0.));
#5264=DIRECTION('',(0.,0.,-1.));
#5265=DIRECTION('',(1.,0.,0.));
#5266=DIRECTION('',(0.,0.,-1.));
#5267=DIRECTION('',(1.,0.,0.));
#5268=DIRECTION('center_axis',(0.,0.,1.));
#5269=DIRECTION('ref_axis',(1.,0.,0.));
#5270=DIRECTION('',(0.,-1.,0.));
#5271=DIRECTION('',(1.,0.,0.));
#5272=DIRECTION('center_axis',(0.,1.,0.));
#5273=DIRECTION('ref_axis',(0.,0.,1.));
#5274=DIRECTION('center_axis',(0.,1.,0.));
#5275=DIRECTION('ref_axis',(0.,0.,1.));
#5276=DIRECTION('',(1.,0.,0.));
#5277=DIRECTION('',(0.,0.,1.));
#5278=DIRECTION('',(1.,0.,0.));
#5279=DIRECTION('',(0.,0.,1.));
#5280=DIRECTION('',(-1.,0.,0.));
#5281=DIRECTION('center_axis',(0.,0.,-1.));
#5282=DIRECTION('ref_axis',(-1.,0.,0.));
#5283=DIRECTION('',(0.,1.,0.));
#5284=DIRECTION('',(0.,1.,0.));
#5285=DIRECTION('center_axis',(-1.,0.,0.));
#5286=DIRECTION('ref_axis',(0.,0.,1.));
#5287=DIRECTION('',(0.,1.,0.));
#5288=DIRECTION('center_axis',(-1.,0.,0.));
#5289=DIRECTION('ref_axis',(0.,0.,1.));
#5290=DIRECTION('center_axis',(0.,0.,-1.));
#5291=DIRECTION('ref_axis',(-1.,0.,0.));
#5292=DIRECTION('',(0.,1.,0.));
#5293=DIRECTION('center_axis',(0.,1.,0.));
#5294=DIRECTION('ref_axis',(1.,0.,6.12323399573676E-17));
#5295=DIRECTION('',(0.,1.,0.));
#5296=DIRECTION('center_axis',(0.,0.,1.));
#5297=DIRECTION('ref_axis',(1.,0.,0.));
#5298=DIRECTION('center_axis',(0.,1.,0.));
#5299=DIRECTION('ref_axis',(0.,0.,1.));
#5300=DIRECTION('',(-1.,0.,0.));
#5301=DIRECTION('center_axis',(0.,1.,0.));
#5302=DIRECTION('ref_axis',(0.,0.,1.));
#5303=DIRECTION('',(-1.,0.,8.33583203570034E-17));
#5304=DIRECTION('',(0.,0.,-1.));
#5305=DIRECTION('',(-1.,0.,0.));
#5306=DIRECTION('',(0.,0.,-1.));
#5307=DIRECTION('',(-1.,0.,0.));
#5308=DIRECTION('',(0.,0.,-1.));
#5309=DIRECTION('center_axis',(0.,-1.,0.));
#5310=DIRECTION('ref_axis',(0.,0.,-1.));
#5311=DIRECTION('',(1.,0.,0.));
#5312=DIRECTION('',(0.,0.,1.));
#5313=DIRECTION('',(-1.,0.,0.));
#5314=DIRECTION('',(0.,0.,1.));
#5315=DIRECTION('',(-1.,0.,0.));
#5316=DIRECTION('',(0.,0.,1.));
#5317=DIRECTION('',(1.,0.,-8.33583203570034E-17));
#5318=DIRECTION('center_axis',(0.,1.,0.));
#5319=DIRECTION('ref_axis',(0.,0.,1.));
#5320=DIRECTION('center_axis',(1.,0.,0.));
#5321=DIRECTION('ref_axis',(0.,0.,-1.));
#5322=DIRECTION('',(0.,1.,0.));
#5323=DIRECTION('',(0.,1.,0.));
#5324=DIRECTION('center_axis',(0.,0.,-1.));
#5325=DIRECTION('ref_axis',(-1.,0.,0.));
#5326=DIRECTION('',(0.,-1.,0.));
#5327=DIRECTION('',(0.,-1.,0.));
#5328=DIRECTION('center_axis',(0.,0.,1.));
#5329=DIRECTION('ref_axis',(1.,0.,0.));
#5330=DIRECTION('',(0.,1.,0.));
#5331=DIRECTION('center_axis',(1.,0.,0.));
#5332=DIRECTION('ref_axis',(0.,0.,-1.));
#5333=DIRECTION('',(0.,1.,0.));
#5334=DIRECTION('center_axis',(1.,0.,0.));
#5335=DIRECTION('ref_axis',(0.,0.,-1.));
#5336=DIRECTION('center_axis',(0.,1.,0.));
#5337=DIRECTION('ref_axis',(-1.,0.,-1.83697019872103E-16));
#5338=DIRECTION('',(0.,1.,0.));
#5339=DIRECTION('',(0.,1.,0.));
#5340=DIRECTION('center_axis',(0.,0.,1.));
#5341=DIRECTION('ref_axis',(1.,0.,0.));
#5342=DIRECTION('center_axis',(6.51236877789089E-17,0.,1.));
#5343=DIRECTION('ref_axis',(1.,0.,-6.51236877789089E-17));
#5344=DIRECTION('center_axis',(0.,-1.,0.));
#5345=DIRECTION('ref_axis',(0.,0.,-1.));
#5346=DIRECTION('center_axis',(0.,1.,0.));
#5347=DIRECTION('ref_axis',(0.,0.,1.));
#5348=DIRECTION('center_axis',(0.,1.,0.));
#5349=DIRECTION('ref_axis',(0.,0.,1.));
#5350=DIRECTION('',(1.,0.,0.));
#5351=DIRECTION('',(0.,0.,-1.));
#5352=DIRECTION('',(-1.,0.,0.));
#5353=DIRECTION('center_axis',(0.,1.,0.));
#5354=DIRECTION('ref_axis',(0.,0.,1.));
#5355=DIRECTION('center_axis',(0.,-1.,0.));
#5356=DIRECTION('ref_axis',(0.,0.,-1.));
#5357=DIRECTION('center_axis',(0.,1.,0.));
#5358=DIRECTION('ref_axis',(0.,0.,1.));
#5359=DIRECTION('',(-1.,0.,0.));
#5360=DIRECTION('',(0.,0.,1.));
#5361=DIRECTION('center_axis',(-1.,0.,0.));
#5362=DIRECTION('ref_axis',(0.,0.,1.));
#5363=DIRECTION('',(0.,0.,-1.));
#5364=DIRECTION('',(0.,-1.,0.));
#5365=DIRECTION('',(0.,-1.,0.));
#5366=DIRECTION('center_axis',(0.,0.,1.));
#5367=DIRECTION('ref_axis',(1.,0.,0.));
#5368=DIRECTION('',(-1.,0.,0.));
#5369=DIRECTION('',(0.,-1.,0.));
#5370=DIRECTION('center_axis',(1.,0.,0.));
#5371=DIRECTION('ref_axis',(0.,0.,-1.));
#5372=DIRECTION('',(0.,0.,1.));
#5373=DIRECTION('',(0.,-1.,0.));
#5374=DIRECTION('',(0.,0.,1.));
#5375=DIRECTION('center_axis',(0.,0.,-1.));
#5376=DIRECTION('ref_axis',(-1.,0.,0.));
#5377=DIRECTION('',(1.,0.,0.));
#5378=DIRECTION('',(1.,0.,0.));
#5379=DIRECTION('center_axis',(0.,-1.,0.));
#5380=DIRECTION('ref_axis',(0.,0.,-1.));
#5381=DIRECTION('center_axis',(0.,1.,0.));
#5382=DIRECTION('ref_axis',(0.,0.,1.));
#5383=DIRECTION('center_axis',(0.,-1.,0.));
#5384=DIRECTION('ref_axis',(0.,0.,-1.));
#5385=DIRECTION('center_axis',(0.,-1.,0.));
#5386=DIRECTION('ref_axis',(1.,0.,-2.83276944882399E-16));
#5387=DIRECTION('',(0.,-1.,0.));
#5388=DIRECTION('center_axis',(0.,1.,0.));
#5389=DIRECTION('ref_axis',(0.,0.,1.));
#5390=DIRECTION('',(0.,-1.,0.));
#5391=DIRECTION('center_axis',(0.,-1.,0.));
#5392=DIRECTION('ref_axis',(-1.,0.,-6.12323399573676E-17));
#5393=DIRECTION('center_axis',(0.,1.,0.));
#5394=DIRECTION('ref_axis',(0.,0.,1.));
#5395=DIRECTION('center_axis',(0.,1.,0.));
#5396=DIRECTION('ref_axis',(0.,0.,1.));
#5397=DIRECTION('center_axis',(0.,1.,0.));
#5398=DIRECTION('ref_axis',(0.,0.,1.));
#5399=DIRECTION('center_axis',(0.,-1.,0.));
#5400=DIRECTION('ref_axis',(0.,0.,-1.));
#5401=DIRECTION('',(0.,1.,0.));
#5402=DIRECTION('center_axis',(0.,1.,0.));
#5403=DIRECTION('ref_axis',(0.,0.,1.));
#5404=DIRECTION('center_axis',(0.,1.,0.));
#5405=DIRECTION('ref_axis',(0.,0.,1.));
#5406=DIRECTION('center_axis',(1.,0.,0.));
#5407=DIRECTION('ref_axis',(0.,0.,-1.));
#5408=DIRECTION('center_axis',(-1.,0.,0.));
#5409=DIRECTION('ref_axis',(0.,0.,1.));
#5410=DIRECTION('',(-1.,0.,0.));
#5411=DIRECTION('center_axis',(-1.,0.,0.));
#5412=DIRECTION('ref_axis',(0.,0.,1.));
#5413=DIRECTION('center_axis',(-1.,0.,0.));
#5414=DIRECTION('ref_axis',(0.,0.,1.));
#5415=DIRECTION('center_axis',(-1.,0.,0.));
#5416=DIRECTION('ref_axis',(0.,0.,1.));
#5417=DIRECTION('center_axis',(1.,0.,0.));
#5418=DIRECTION('ref_axis',(0.,0.,-1.));
#5419=DIRECTION('center_axis',(-1.,0.,0.));
#5420=DIRECTION('ref_axis',(0.,0.,1.));
#5421=DIRECTION('',(-1.,0.,0.));
#5422=DIRECTION('center_axis',(-1.,0.,0.));
#5423=DIRECTION('ref_axis',(0.,0.,1.));
#5424=DIRECTION('center_axis',(-1.,0.,0.));
#5425=DIRECTION('ref_axis',(0.,0.,1.));
#5426=DIRECTION('center_axis',(-1.,0.,0.));
#5427=DIRECTION('ref_axis',(0.,0.,1.));
#5428=DIRECTION('center_axis',(1.,0.,0.));
#5429=DIRECTION('ref_axis',(0.,0.,-1.));
#5430=DIRECTION('center_axis',(-1.,0.,0.));
#5431=DIRECTION('ref_axis',(0.,0.,1.));
#5432=DIRECTION('',(-1.,0.,0.));
#5433=DIRECTION('center_axis',(-1.,0.,0.));
#5434=DIRECTION('ref_axis',(0.,0.,1.));
#5435=DIRECTION('center_axis',(-1.,0.,0.));
#5436=DIRECTION('ref_axis',(0.,0.,1.));
#5437=DIRECTION('center_axis',(-1.,0.,0.));
#5438=DIRECTION('ref_axis',(0.,0.,1.));
#5439=DIRECTION('axis',(0.,0.,1.));
#5440=DIRECTION('refdir',(1.,0.,0.));
#5441=DIRECTION('center_axis',(0.,1.,0.));
#5442=DIRECTION('ref_axis',(0.,0.,1.));
#5443=DIRECTION('center_axis',(0.,1.,0.));
#5444=DIRECTION('ref_axis',(0.,0.,1.));
#5445=DIRECTION('',(1.,0.,8.61173738949122E-17));
#5446=DIRECTION('center_axis',(0.,1.,0.));
#5447=DIRECTION('ref_axis',(0.,0.,1.));
#5448=DIRECTION('',(-1.,0.,8.97173335537216E-17));
#5449=DIRECTION('center_axis',(0.,1.,0.));
#5450=DIRECTION('ref_axis',(0.,0.,1.));
#5451=DIRECTION('center_axis',(0.,1.,0.));
#5452=DIRECTION('ref_axis',(0.,0.,1.));
#5453=DIRECTION('center_axis',(0.,1.,0.));
#5454=DIRECTION('ref_axis',(0.,0.,1.));
#5455=DIRECTION('center_axis',(0.,1.,0.));
#5456=DIRECTION('ref_axis',(0.,0.,1.));
#5457=DIRECTION('center_axis',(0.,1.,0.));
#5458=DIRECTION('ref_axis',(0.,0.,1.));
#5459=DIRECTION('center_axis',(0.,1.,0.));
#5460=DIRECTION('ref_axis',(0.,0.,1.));
#5461=DIRECTION('center_axis',(0.,1.,0.));
#5462=DIRECTION('ref_axis',(0.,0.,1.));
#5463=DIRECTION('center_axis',(0.,1.,0.));
#5464=DIRECTION('ref_axis',(0.,0.,1.));
#5465=DIRECTION('center_axis',(0.,1.,0.));
#5466=DIRECTION('ref_axis',(0.,0.,1.));
#5467=DIRECTION('center_axis',(0.,1.,0.));
#5468=DIRECTION('ref_axis',(0.,0.,1.));
#5469=DIRECTION('center_axis',(0.,1.,0.));
#5470=DIRECTION('ref_axis',(0.,0.,1.));
#5471=DIRECTION('center_axis',(0.,1.,0.));
#5472=DIRECTION('ref_axis',(0.,0.,1.));
#5473=DIRECTION('center_axis',(0.,1.,0.));
#5474=DIRECTION('ref_axis',(0.,0.,1.));
#5475=DIRECTION('center_axis',(0.,1.,0.));
#5476=DIRECTION('ref_axis',(0.,0.,1.));
#5477=DIRECTION('center_axis',(0.,1.,0.));
#5478=DIRECTION('ref_axis',(0.,0.,1.));
#5479=DIRECTION('center_axis',(0.,1.,0.));
#5480=DIRECTION('ref_axis',(0.,0.,1.));
#5481=DIRECTION('center_axis',(0.,1.,0.));
#5482=DIRECTION('ref_axis',(0.,0.,1.));
#5483=DIRECTION('center_axis',(0.,1.,0.));
#5484=DIRECTION('ref_axis',(0.,0.,1.));
#5485=DIRECTION('center_axis',(0.,1.,0.));
#5486=DIRECTION('ref_axis',(0.,0.,1.));
#5487=DIRECTION('center_axis',(0.,1.,0.));
#5488=DIRECTION('ref_axis',(0.,0.,1.));
#5489=DIRECTION('center_axis',(0.,1.,0.));
#5490=DIRECTION('ref_axis',(0.,0.,1.));
#5491=DIRECTION('center_axis',(0.,1.,0.));
#5492=DIRECTION('ref_axis',(0.,0.,1.));
#5493=DIRECTION('center_axis',(0.,1.,0.));
#5494=DIRECTION('ref_axis',(0.,0.,1.));
#5495=DIRECTION('center_axis',(0.,1.,0.));
#5496=DIRECTION('ref_axis',(0.,0.,1.));
#5497=DIRECTION('center_axis',(0.,1.,0.));
#5498=DIRECTION('ref_axis',(0.,0.,1.));
#5499=DIRECTION('center_axis',(0.,1.,0.));
#5500=DIRECTION('ref_axis',(0.,0.,1.));
#5501=DIRECTION('center_axis',(0.,1.,0.));
#5502=DIRECTION('ref_axis',(0.,0.,1.));
#5503=DIRECTION('center_axis',(0.,1.,0.));
#5504=DIRECTION('ref_axis',(0.,0.,1.));
#5505=DIRECTION('center_axis',(0.,1.,0.));
#5506=DIRECTION('ref_axis',(0.,0.,1.));
#5507=DIRECTION('center_axis',(0.,1.,0.));
#5508=DIRECTION('ref_axis',(0.,0.,1.));
#5509=DIRECTION('center_axis',(0.,1.,0.));
#5510=DIRECTION('ref_axis',(0.,0.,1.));
#5511=DIRECTION('center_axis',(0.,1.,0.));
#5512=DIRECTION('ref_axis',(0.,0.,1.));
#5513=DIRECTION('center_axis',(0.,1.,0.));
#5514=DIRECTION('ref_axis',(0.,0.,1.));
#5515=DIRECTION('center_axis',(0.,1.,0.));
#5516=DIRECTION('ref_axis',(0.,0.,1.));
#5517=DIRECTION('center_axis',(0.,1.,0.));
#5518=DIRECTION('ref_axis',(0.,0.,1.));
#5519=DIRECTION('center_axis',(0.,1.,0.));
#5520=DIRECTION('ref_axis',(0.,0.,1.));
#5521=DIRECTION('center_axis',(0.,1.,0.));
#5522=DIRECTION('ref_axis',(0.,0.,1.));
#5523=DIRECTION('center_axis',(0.,1.,0.));
#5524=DIRECTION('ref_axis',(0.,0.,1.));
#5525=DIRECTION('center_axis',(0.,1.,0.));
#5526=DIRECTION('ref_axis',(0.,0.,1.));
#5527=DIRECTION('center_axis',(0.,1.,0.));
#5528=DIRECTION('ref_axis',(0.,0.,1.));
#5529=DIRECTION('center_axis',(0.,1.,0.));
#5530=DIRECTION('ref_axis',(0.,0.,1.));
#5531=DIRECTION('center_axis',(0.,1.,0.));
#5532=DIRECTION('ref_axis',(0.,0.,1.));
#5533=DIRECTION('center_axis',(0.,1.,0.));
#5534=DIRECTION('ref_axis',(0.,0.,1.));
#5535=DIRECTION('center_axis',(0.,1.,0.));
#5536=DIRECTION('ref_axis',(0.,0.,1.));
#5537=DIRECTION('center_axis',(0.,1.,0.));
#5538=DIRECTION('ref_axis',(0.,0.,1.));
#5539=DIRECTION('center_axis',(0.,1.,0.));
#5540=DIRECTION('ref_axis',(0.,0.,1.));
#5541=DIRECTION('',(1.,0.,8.61173738949122E-17));
#5542=DIRECTION('center_axis',(0.,1.,0.));
#5543=DIRECTION('ref_axis',(0.,0.,1.));
#5544=DIRECTION('center_axis',(0.,1.,0.));
#5545=DIRECTION('ref_axis',(0.,0.,1.));
#5546=DIRECTION('center_axis',(0.,1.,0.));
#5547=DIRECTION('ref_axis',(0.,0.,1.));
#5548=DIRECTION('center_axis',(0.,1.,0.));
#5549=DIRECTION('ref_axis',(0.,0.,1.));
#5550=DIRECTION('center_axis',(0.,1.,0.));
#5551=DIRECTION('ref_axis',(0.,0.,1.));
#5552=DIRECTION('center_axis',(0.,1.,0.));
#5553=DIRECTION('ref_axis',(0.,0.,1.));
#5554=DIRECTION('center_axis',(0.,1.,0.));
#5555=DIRECTION('ref_axis',(0.,0.,1.));
#5556=DIRECTION('center_axis',(0.,1.,0.));
#5557=DIRECTION('ref_axis',(0.,0.,1.));
#5558=DIRECTION('center_axis',(0.,1.,0.));
#5559=DIRECTION('ref_axis',(0.,0.,1.));
#5560=DIRECTION('center_axis',(0.,1.,0.));
#5561=DIRECTION('ref_axis',(0.,0.,1.));
#5562=DIRECTION('center_axis',(0.,1.,0.));
#5563=DIRECTION('ref_axis',(0.,0.,1.));
#5564=DIRECTION('center_axis',(0.,1.,0.));
#5565=DIRECTION('ref_axis',(0.,0.,1.));
#5566=DIRECTION('center_axis',(0.,1.,0.));
#5567=DIRECTION('ref_axis',(0.,0.,1.));
#5568=DIRECTION('center_axis',(0.,1.,0.));
#5569=DIRECTION('ref_axis',(0.,0.,1.));
#5570=DIRECTION('center_axis',(0.,1.,0.));
#5571=DIRECTION('ref_axis',(0.,0.,1.));
#5572=DIRECTION('center_axis',(0.,1.,0.));
#5573=DIRECTION('ref_axis',(0.,0.,1.));
#5574=DIRECTION('center_axis',(0.,1.,0.));
#5575=DIRECTION('ref_axis',(0.,0.,1.));
#5576=DIRECTION('center_axis',(0.,1.,0.));
#5577=DIRECTION('ref_axis',(0.,0.,1.));
#5578=DIRECTION('center_axis',(0.,1.,0.));
#5579=DIRECTION('ref_axis',(0.,0.,1.));
#5580=DIRECTION('center_axis',(0.,1.,0.));
#5581=DIRECTION('ref_axis',(0.,0.,1.));
#5582=DIRECTION('center_axis',(0.,1.,0.));
#5583=DIRECTION('ref_axis',(0.,0.,1.));
#5584=DIRECTION('center_axis',(0.,1.,0.));
#5585=DIRECTION('ref_axis',(0.,0.,1.));
#5586=DIRECTION('center_axis',(0.,1.,0.));
#5587=DIRECTION('ref_axis',(0.,0.,1.));
#5588=DIRECTION('center_axis',(0.,1.,0.));
#5589=DIRECTION('ref_axis',(0.,0.,1.));
#5590=DIRECTION('center_axis',(0.,1.,0.));
#5591=DIRECTION('ref_axis',(0.,0.,1.));
#5592=DIRECTION('center_axis',(0.,1.,0.));
#5593=DIRECTION('ref_axis',(0.,0.,1.));
#5594=DIRECTION('center_axis',(0.,1.,0.));
#5595=DIRECTION('ref_axis',(0.,0.,1.));
#5596=DIRECTION('center_axis',(0.,1.,0.));
#5597=DIRECTION('ref_axis',(0.,0.,1.));
#5598=DIRECTION('center_axis',(0.,1.,0.));
#5599=DIRECTION('ref_axis',(0.,0.,1.));
#5600=DIRECTION('center_axis',(0.,1.,0.));
#5601=DIRECTION('ref_axis',(0.,0.,1.));
#5602=DIRECTION('center_axis',(0.,1.,0.));
#5603=DIRECTION('ref_axis',(0.,0.,1.));
#5604=DIRECTION('center_axis',(0.,1.,0.));
#5605=DIRECTION('ref_axis',(0.,0.,1.));
#5606=DIRECTION('center_axis',(0.,1.,0.));
#5607=DIRECTION('ref_axis',(0.,0.,1.));
#5608=DIRECTION('center_axis',(0.,1.,0.));
#5609=DIRECTION('ref_axis',(0.,0.,1.));
#5610=DIRECTION('center_axis',(0.,1.,0.));
#5611=DIRECTION('ref_axis',(0.,0.,1.));
#5612=DIRECTION('center_axis',(0.,1.,0.));
#5613=DIRECTION('ref_axis',(0.,0.,1.));
#5614=DIRECTION('center_axis',(0.,1.,0.));
#5615=DIRECTION('ref_axis',(0.,0.,1.));
#5616=DIRECTION('center_axis',(0.,1.,0.));
#5617=DIRECTION('ref_axis',(0.,0.,1.));
#5618=DIRECTION('center_axis',(0.,1.,0.));
#5619=DIRECTION('ref_axis',(0.,0.,1.));
#5620=DIRECTION('center_axis',(0.,1.,0.));
#5621=DIRECTION('ref_axis',(0.,0.,1.));
#5622=DIRECTION('center_axis',(0.,1.,0.));
#5623=DIRECTION('ref_axis',(0.,0.,1.));
#5624=DIRECTION('center_axis',(0.,1.,0.));
#5625=DIRECTION('ref_axis',(0.,0.,1.));
#5626=DIRECTION('center_axis',(0.,1.,0.));
#5627=DIRECTION('ref_axis',(0.,0.,1.));
#5628=DIRECTION('center_axis',(0.,1.,0.));
#5629=DIRECTION('ref_axis',(0.,0.,1.));
#5630=DIRECTION('',(-1.,0.,8.97173335537216E-17));
#5631=DIRECTION('center_axis',(0.,1.,0.));
#5632=DIRECTION('ref_axis',(0.,0.,1.));
#5633=DIRECTION('center_axis',(0.,1.,0.));
#5634=DIRECTION('ref_axis',(0.,0.,1.));
#5635=DIRECTION('center_axis',(0.,1.,0.));
#5636=DIRECTION('ref_axis',(0.,0.,1.));
#5637=DIRECTION('center_axis',(0.,-1.,0.));
#5638=DIRECTION('ref_axis',(0.,0.,-1.));
#5639=DIRECTION('',(0.,-1.,0.));
#5640=DIRECTION('',(0.,-1.,0.));
#5641=DIRECTION('center_axis',(9.34555557851266E-17,0.,1.));
#5642=DIRECTION('ref_axis',(1.,0.,-9.34555557851266E-17));
#5643=DIRECTION('',(0.,-1.,0.));
#5644=DIRECTION('center_axis',(0.,-1.,0.));
#5645=DIRECTION('ref_axis',(0.,0.,-1.));
#5646=DIRECTION('',(0.,-1.,0.));
#5647=DIRECTION('center_axis',(0.,-1.,0.));
#5648=DIRECTION('ref_axis',(0.,0.,-1.));
#5649=DIRECTION('',(0.,-1.,0.));
#5650=DIRECTION('center_axis',(0.,-1.,0.));
#5651=DIRECTION('ref_axis',(0.,0.,-1.));
#5652=DIRECTION('',(0.,-1.,0.));
#5653=DIRECTION('center_axis',(0.,-1.,0.));
#5654=DIRECTION('ref_axis',(0.,0.,-1.));
#5655=DIRECTION('',(0.,-1.,0.));
#5656=DIRECTION('center_axis',(0.,-1.,0.));
#5657=DIRECTION('ref_axis',(0.,0.,-1.));
#5658=DIRECTION('',(0.,-1.,0.));
#5659=DIRECTION('center_axis',(0.,-1.,0.));
#5660=DIRECTION('ref_axis',(0.,0.,-1.));
#5661=DIRECTION('',(0.,-1.,0.));
#5662=DIRECTION('center_axis',(0.,-1.,0.));
#5663=DIRECTION('ref_axis',(0.,0.,-1.));
#5664=DIRECTION('',(0.,-1.,0.));
#5665=DIRECTION('center_axis',(0.,-1.,0.));
#5666=DIRECTION('ref_axis',(0.,0.,-1.));
#5667=DIRECTION('',(0.,-1.,0.));
#5668=DIRECTION('center_axis',(0.,-1.,0.));
#5669=DIRECTION('ref_axis',(0.,0.,-1.));
#5670=DIRECTION('',(0.,-1.,0.));
#5671=DIRECTION('center_axis',(0.,-1.,0.));
#5672=DIRECTION('ref_axis',(0.,0.,-1.));
#5673=DIRECTION('',(0.,-1.,0.));
#5674=DIRECTION('center_axis',(0.,-1.,0.));
#5675=DIRECTION('ref_axis',(0.,0.,-1.));
#5676=DIRECTION('',(0.,-1.,0.));
#5677=DIRECTION('center_axis',(0.,-1.,0.));
#5678=DIRECTION('ref_axis',(0.,0.,-1.));
#5679=DIRECTION('',(0.,-1.,0.));
#5680=DIRECTION('center_axis',(0.,-1.,0.));
#5681=DIRECTION('ref_axis',(0.,0.,-1.));
#5682=DIRECTION('',(0.,-1.,0.));
#5683=DIRECTION('center_axis',(0.,-1.,0.));
#5684=DIRECTION('ref_axis',(0.,0.,-1.));
#5685=DIRECTION('',(0.,-1.,0.));
#5686=DIRECTION('center_axis',(0.,-1.,0.));
#5687=DIRECTION('ref_axis',(0.,0.,-1.));
#5688=DIRECTION('',(0.,-1.,0.));
#5689=DIRECTION('center_axis',(0.,-1.,0.));
#5690=DIRECTION('ref_axis',(0.,0.,-1.));
#5691=DIRECTION('',(0.,-1.,0.));
#5692=DIRECTION('center_axis',(0.,-1.,0.));
#5693=DIRECTION('ref_axis',(0.,0.,-1.));
#5694=DIRECTION('',(0.,-1.,0.));
#5695=DIRECTION('center_axis',(0.,-1.,0.));
#5696=DIRECTION('ref_axis',(0.,0.,-1.));
#5697=DIRECTION('',(0.,-1.,0.));
#5698=DIRECTION('center_axis',(0.,-1.,0.));
#5699=DIRECTION('ref_axis',(0.,0.,-1.));
#5700=DIRECTION('',(0.,-1.,0.));
#5701=DIRECTION('center_axis',(0.,-1.,0.));
#5702=DIRECTION('ref_axis',(0.,0.,-1.));
#5703=DIRECTION('',(0.,-1.,0.));
#5704=DIRECTION('center_axis',(0.,-1.,0.));
#5705=DIRECTION('ref_axis',(0.,0.,-1.));
#5706=DIRECTION('',(0.,-1.,0.));
#5707=DIRECTION('center_axis',(0.,-1.,0.));
#5708=DIRECTION('ref_axis',(0.,0.,-1.));
#5709=DIRECTION('',(0.,-1.,0.));
#5710=DIRECTION('center_axis',(0.,-1.,0.));
#5711=DIRECTION('ref_axis',(0.,0.,-1.));
#5712=DIRECTION('',(0.,-1.,0.));
#5713=DIRECTION('center_axis',(0.,-1.,0.));
#5714=DIRECTION('ref_axis',(0.,0.,-1.));
#5715=DIRECTION('',(0.,-1.,0.));
#5716=DIRECTION('center_axis',(0.,-1.,0.));
#5717=DIRECTION('ref_axis',(0.,0.,-1.));
#5718=DIRECTION('',(0.,-1.,0.));
#5719=DIRECTION('center_axis',(0.,-1.,0.));
#5720=DIRECTION('ref_axis',(0.,0.,-1.));
#5721=DIRECTION('',(0.,-1.,0.));
#5722=DIRECTION('center_axis',(0.,-1.,0.));
#5723=DIRECTION('ref_axis',(0.,0.,-1.));
#5724=DIRECTION('',(0.,-1.,0.));
#5725=DIRECTION('center_axis',(0.,-1.,0.));
#5726=DIRECTION('ref_axis',(0.,0.,-1.));
#5727=DIRECTION('',(0.,-1.,0.));
#5728=DIRECTION('center_axis',(0.,-1.,0.));
#5729=DIRECTION('ref_axis',(0.,0.,-1.));
#5730=DIRECTION('',(0.,-1.,0.));
#5731=DIRECTION('center_axis',(0.,-1.,0.));
#5732=DIRECTION('ref_axis',(0.,0.,-1.));
#5733=DIRECTION('',(0.,-1.,0.));
#5734=DIRECTION('center_axis',(0.,-1.,0.));
#5735=DIRECTION('ref_axis',(0.,0.,-1.));
#5736=DIRECTION('',(0.,-1.,0.));
#5737=DIRECTION('center_axis',(0.,-1.,0.));
#5738=DIRECTION('ref_axis',(0.,0.,-1.));
#5739=DIRECTION('',(0.,-1.,0.));
#5740=DIRECTION('center_axis',(0.,-1.,0.));
#5741=DIRECTION('ref_axis',(0.,0.,-1.));
#5742=DIRECTION('',(0.,-1.,0.));
#5743=DIRECTION('center_axis',(0.,-1.,0.));
#5744=DIRECTION('ref_axis',(0.,0.,-1.));
#5745=DIRECTION('',(0.,-1.,0.));
#5746=DIRECTION('center_axis',(0.,-1.,0.));
#5747=DIRECTION('ref_axis',(0.,0.,-1.));
#5748=DIRECTION('',(0.,-1.,0.));
#5749=DIRECTION('center_axis',(0.,-1.,0.));
#5750=DIRECTION('ref_axis',(0.,0.,-1.));
#5751=DIRECTION('',(0.,-1.,0.));
#5752=DIRECTION('center_axis',(0.,-1.,0.));
#5753=DIRECTION('ref_axis',(0.,0.,-1.));
#5754=DIRECTION('',(0.,-1.,0.));
#5755=DIRECTION('center_axis',(0.,-1.,0.));
#5756=DIRECTION('ref_axis',(0.,0.,-1.));
#5757=DIRECTION('',(0.,-1.,0.));
#5758=DIRECTION('center_axis',(0.,-1.,0.));
#5759=DIRECTION('ref_axis',(0.,0.,-1.));
#5760=DIRECTION('',(0.,-1.,0.));
#5761=DIRECTION('center_axis',(0.,-1.,0.));
#5762=DIRECTION('ref_axis',(0.,0.,-1.));
#5763=DIRECTION('',(0.,-1.,0.));
#5764=DIRECTION('center_axis',(0.,-1.,0.));
#5765=DIRECTION('ref_axis',(0.,0.,-1.));
#5766=DIRECTION('',(0.,-1.,0.));
#5767=DIRECTION('center_axis',(0.,-1.,0.));
#5768=DIRECTION('ref_axis',(0.,0.,-1.));
#5769=DIRECTION('',(0.,-1.,0.));
#5770=DIRECTION('center_axis',(0.,-1.,0.));
#5771=DIRECTION('ref_axis',(0.,0.,-1.));
#5772=DIRECTION('',(0.,-1.,0.));
#5773=DIRECTION('center_axis',(0.,-1.,0.));
#5774=DIRECTION('ref_axis',(-0.189851383320147,0.,0.981812839726303));
#5775=DIRECTION('',(0.,1.,0.));
#5776=DIRECTION('center_axis',(9.3455555785125E-17,0.,-1.));
#5777=DIRECTION('ref_axis',(-1.,0.,-9.3455555785125E-17));
#5778=DIRECTION('center_axis',(0.,-1.,0.));
#5779=DIRECTION('ref_axis',(0.,0.,-1.));
#5780=DIRECTION('',(0.,-1.,0.));
#5781=DIRECTION('center_axis',(0.,-1.,0.));
#5782=DIRECTION('ref_axis',(0.,0.,-1.));
#5783=DIRECTION('',(0.,-1.,0.));
#5784=DIRECTION('axis',(0.,0.,1.));
#5785=DIRECTION('refdir',(1.,0.,0.));
#5786=DIRECTION('center_axis',(0.,1.,0.));
#5787=DIRECTION('ref_axis',(0.,0.,1.));
#5788=DIRECTION('',(-0.849390419595667,0.,0.527765018828547));
#5789=DIRECTION('center_axis',(0.,1.,0.));
#5790=DIRECTION('ref_axis',(0.,0.,1.));
#5791=DIRECTION('center_axis',(0.,1.,0.));
#5792=DIRECTION('ref_axis',(0.,0.,1.));
#5793=DIRECTION('center_axis',(0.,1.,0.));
#5794=DIRECTION('ref_axis',(0.,0.,1.));
#5795=DIRECTION('center_axis',(0.,1.,0.));
#5796=DIRECTION('ref_axis',(0.,0.,1.));
#5797=DIRECTION('center_axis',(0.,1.,0.));
#5798=DIRECTION('ref_axis',(0.,0.,1.));
#5799=DIRECTION('center_axis',(0.,1.,0.));
#5800=DIRECTION('ref_axis',(0.,0.,1.));
#5801=DIRECTION('center_axis',(0.,1.,0.));
#5802=DIRECTION('ref_axis',(0.,0.,1.));
#5803=DIRECTION('center_axis',(0.,1.,0.));
#5804=DIRECTION('ref_axis',(0.,0.,1.));
#5805=DIRECTION('center_axis',(0.,1.,0.));
#5806=DIRECTION('ref_axis',(0.,0.,1.));
#5807=DIRECTION('center_axis',(0.,1.,0.));
#5808=DIRECTION('ref_axis',(0.,0.,1.));
#5809=DIRECTION('center_axis',(0.,1.,0.));
#5810=DIRECTION('ref_axis',(0.,0.,1.));
#5811=DIRECTION('center_axis',(0.,1.,0.));
#5812=DIRECTION('ref_axis',(0.,0.,1.));
#5813=DIRECTION('center_axis',(0.,1.,0.));
#5814=DIRECTION('ref_axis',(0.,0.,1.));
#5815=DIRECTION('center_axis',(0.,1.,0.));
#5816=DIRECTION('ref_axis',(0.,0.,1.));
#5817=DIRECTION('center_axis',(0.,1.,0.));
#5818=DIRECTION('ref_axis',(0.,0.,1.));
#5819=DIRECTION('center_axis',(0.,1.,0.));
#5820=DIRECTION('ref_axis',(0.,0.,1.));
#5821=DIRECTION('center_axis',(0.,1.,0.));
#5822=DIRECTION('ref_axis',(0.,0.,1.));
#5823=DIRECTION('center_axis',(0.,1.,0.));
#5824=DIRECTION('ref_axis',(0.,0.,1.));
#5825=DIRECTION('center_axis',(0.,1.,0.));
#5826=DIRECTION('ref_axis',(0.,0.,1.));
#5827=DIRECTION('center_axis',(0.,1.,0.));
#5828=DIRECTION('ref_axis',(0.,0.,1.));
#5829=DIRECTION('center_axis',(0.,1.,0.));
#5830=DIRECTION('ref_axis',(0.,0.,1.));
#5831=DIRECTION('center_axis',(0.,1.,0.));
#5832=DIRECTION('ref_axis',(0.,0.,1.));
#5833=DIRECTION('center_axis',(0.,1.,0.));
#5834=DIRECTION('ref_axis',(0.,0.,1.));
#5835=DIRECTION('center_axis',(0.,1.,0.));
#5836=DIRECTION('ref_axis',(0.,0.,1.));
#5837=DIRECTION('center_axis',(0.,1.,0.));
#5838=DIRECTION('ref_axis',(0.,0.,1.));
#5839=DIRECTION('center_axis',(0.,1.,0.));
#5840=DIRECTION('ref_axis',(0.,0.,1.));
#5841=DIRECTION('center_axis',(0.,1.,0.));
#5842=DIRECTION('ref_axis',(0.,0.,1.));
#5843=DIRECTION('center_axis',(0.,1.,0.));
#5844=DIRECTION('ref_axis',(0.,0.,1.));
#5845=DIRECTION('center_axis',(0.,1.,0.));
#5846=DIRECTION('ref_axis',(0.,0.,1.));
#5847=DIRECTION('center_axis',(0.,1.,0.));
#5848=DIRECTION('ref_axis',(0.,0.,1.));
#5849=DIRECTION('center_axis',(0.,1.,0.));
#5850=DIRECTION('ref_axis',(0.,0.,1.));
#5851=DIRECTION('center_axis',(0.,1.,0.));
#5852=DIRECTION('ref_axis',(0.,0.,1.));
#5853=DIRECTION('center_axis',(0.,1.,0.));
#5854=DIRECTION('ref_axis',(0.,0.,1.));
#5855=DIRECTION('center_axis',(0.,1.,0.));
#5856=DIRECTION('ref_axis',(0.,0.,1.));
#5857=DIRECTION('center_axis',(0.,1.,0.));
#5858=DIRECTION('ref_axis',(0.,0.,1.));
#5859=DIRECTION('center_axis',(0.,1.,0.));
#5860=DIRECTION('ref_axis',(0.,0.,1.));
#5861=DIRECTION('center_axis',(0.,1.,0.));
#5862=DIRECTION('ref_axis',(0.,0.,1.));
#5863=DIRECTION('center_axis',(0.,1.,0.));
#5864=DIRECTION('ref_axis',(0.,0.,1.));
#5865=DIRECTION('center_axis',(0.,1.,0.));
#5866=DIRECTION('ref_axis',(0.,0.,1.));
#5867=DIRECTION('center_axis',(0.,1.,0.));
#5868=DIRECTION('ref_axis',(0.,0.,1.));
#5869=DIRECTION('',(-0.99144486137381,0.,0.130526192220053));
#5870=DIRECTION('center_axis',(0.,1.,0.));
#5871=DIRECTION('ref_axis',(0.,0.,1.));
#5872=DIRECTION('',(-0.99144486137381,0.,0.130526192220053));
#5873=DIRECTION('center_axis',(0.,1.,0.));
#5874=DIRECTION('ref_axis',(0.,0.,1.));
#5875=DIRECTION('center_axis',(0.,1.,0.));
#5876=DIRECTION('ref_axis',(0.,0.,1.));
#5877=DIRECTION('center_axis',(0.,1.,0.));
#5878=DIRECTION('ref_axis',(0.,0.,1.));
#5879=DIRECTION('center_axis',(0.,1.,0.));
#5880=DIRECTION('ref_axis',(0.,0.,1.));
#5881=DIRECTION('center_axis',(0.,1.,0.));
#5882=DIRECTION('ref_axis',(0.,0.,1.));
#5883=DIRECTION('center_axis',(0.,1.,0.));
#5884=DIRECTION('ref_axis',(0.,0.,1.));
#5885=DIRECTION('center_axis',(0.,1.,0.));
#5886=DIRECTION('ref_axis',(0.,0.,1.));
#5887=DIRECTION('center_axis',(0.,1.,0.));
#5888=DIRECTION('ref_axis',(0.,0.,1.));
#5889=DIRECTION('center_axis',(0.,1.,0.));
#5890=DIRECTION('ref_axis',(0.,0.,1.));
#5891=DIRECTION('center_axis',(0.,1.,0.));
#5892=DIRECTION('ref_axis',(0.,0.,1.));
#5893=DIRECTION('center_axis',(0.,1.,0.));
#5894=DIRECTION('ref_axis',(0.,0.,1.));
#5895=DIRECTION('',(-0.849390419595667,0.,0.527765018828547));
#5896=DIRECTION('center_axis',(0.,1.,0.));
#5897=DIRECTION('ref_axis',(0.,0.,1.));
#5898=DIRECTION('center_axis',(0.,1.,0.));
#5899=DIRECTION('ref_axis',(0.,0.,1.));
#5900=DIRECTION('center_axis',(0.,1.,0.));
#5901=DIRECTION('ref_axis',(0.,0.,1.));
#5902=DIRECTION('center_axis',(0.,1.,0.));
#5903=DIRECTION('ref_axis',(0.,0.,1.));
#5904=DIRECTION('center_axis',(0.,1.,0.));
#5905=DIRECTION('ref_axis',(0.,0.,1.));
#5906=DIRECTION('',(-0.99144486137381,0.,0.130526192220053));
#5907=DIRECTION('center_axis',(0.,1.,0.));
#5908=DIRECTION('ref_axis',(0.,0.,1.));
#5909=DIRECTION('',(-0.99144486137381,0.,0.130526192220053));
#5910=DIRECTION('center_axis',(0.,1.,0.));
#5911=DIRECTION('ref_axis',(0.,0.,1.));
#5912=DIRECTION('center_axis',(0.,1.,0.));
#5913=DIRECTION('ref_axis',(0.,0.,1.));
#5914=DIRECTION('center_axis',(0.,1.,0.));
#5915=DIRECTION('ref_axis',(0.,0.,1.));
#5916=DIRECTION('center_axis',(0.,1.,0.));
#5917=DIRECTION('ref_axis',(0.,0.,1.));
#5918=DIRECTION('center_axis',(0.,1.,0.));
#5919=DIRECTION('ref_axis',(0.,0.,1.));
#5920=DIRECTION('center_axis',(0.,1.,0.));
#5921=DIRECTION('ref_axis',(0.,0.,1.));
#5922=DIRECTION('center_axis',(0.,1.,0.));
#5923=DIRECTION('ref_axis',(0.,0.,1.));
#5924=DIRECTION('center_axis',(0.,1.,0.));
#5925=DIRECTION('ref_axis',(0.,0.,1.));
#5926=DIRECTION('center_axis',(0.,1.,0.));
#5927=DIRECTION('ref_axis',(0.,0.,1.));
#5928=DIRECTION('center_axis',(0.,1.,0.));
#5929=DIRECTION('ref_axis',(0.,0.,1.));
#5930=DIRECTION('center_axis',(0.,1.,0.));
#5931=DIRECTION('ref_axis',(0.,0.,1.));
#5932=DIRECTION('center_axis',(0.,1.,0.));
#5933=DIRECTION('ref_axis',(0.,0.,1.));
#5934=DIRECTION('center_axis',(0.,1.,0.));
#5935=DIRECTION('ref_axis',(0.,0.,1.));
#5936=DIRECTION('center_axis',(0.,1.,0.));
#5937=DIRECTION('ref_axis',(0.,0.,1.));
#5938=DIRECTION('center_axis',(0.,1.,0.));
#5939=DIRECTION('ref_axis',(0.,0.,1.));
#5940=DIRECTION('center_axis',(0.,1.,0.));
#5941=DIRECTION('ref_axis',(0.,0.,1.));
#5942=DIRECTION('center_axis',(0.,1.,0.));
#5943=DIRECTION('ref_axis',(0.,0.,1.));
#5944=DIRECTION('center_axis',(0.,1.,0.));
#5945=DIRECTION('ref_axis',(0.,0.,1.));
#5946=DIRECTION('center_axis',(0.,1.,0.));
#5947=DIRECTION('ref_axis',(0.,0.,1.));
#5948=DIRECTION('center_axis',(0.,1.,0.));
#5949=DIRECTION('ref_axis',(0.,0.,1.));
#5950=DIRECTION('center_axis',(0.,1.,0.));
#5951=DIRECTION('ref_axis',(0.,0.,1.));
#5952=DIRECTION('center_axis',(0.,1.,0.));
#5953=DIRECTION('ref_axis',(0.,0.,1.));
#5954=DIRECTION('center_axis',(0.,1.,0.));
#5955=DIRECTION('ref_axis',(0.,0.,1.));
#5956=DIRECTION('center_axis',(0.,1.,0.));
#5957=DIRECTION('ref_axis',(0.,0.,1.));
#5958=DIRECTION('center_axis',(0.,1.,0.));
#5959=DIRECTION('ref_axis',(0.,0.,1.));
#5960=DIRECTION('center_axis',(0.,1.,0.));
#5961=DIRECTION('ref_axis',(0.,0.,1.));
#5962=DIRECTION('center_axis',(0.,1.,0.));
#5963=DIRECTION('ref_axis',(0.,0.,1.));
#5964=DIRECTION('center_axis',(0.,1.,0.));
#5965=DIRECTION('ref_axis',(0.,0.,1.));
#5966=DIRECTION('center_axis',(0.,1.,0.));
#5967=DIRECTION('ref_axis',(0.,0.,1.));
#5968=DIRECTION('center_axis',(0.,1.,0.));
#5969=DIRECTION('ref_axis',(0.,0.,1.));
#5970=DIRECTION('center_axis',(0.,1.,0.));
#5971=DIRECTION('ref_axis',(0.,0.,1.));
#5972=DIRECTION('center_axis',(0.,1.,0.));
#5973=DIRECTION('ref_axis',(0.,0.,1.));
#5974=DIRECTION('center_axis',(0.,1.,0.));
#5975=DIRECTION('ref_axis',(0.,0.,1.));
#5976=DIRECTION('center_axis',(0.,1.,0.));
#5977=DIRECTION('ref_axis',(0.,0.,1.));
#5978=DIRECTION('center_axis',(0.,1.,0.));
#5979=DIRECTION('ref_axis',(0.,0.,1.));
#5980=DIRECTION('center_axis',(0.,1.,0.));
#5981=DIRECTION('ref_axis',(0.,0.,1.));
#5982=DIRECTION('center_axis',(0.,1.,0.));
#5983=DIRECTION('ref_axis',(0.,0.,1.));
#5984=DIRECTION('center_axis',(0.,1.,0.));
#5985=DIRECTION('ref_axis',(0.,0.,1.));
#5986=DIRECTION('center_axis',(0.,1.,0.));
#5987=DIRECTION('ref_axis',(0.,0.,1.));
#5988=DIRECTION('center_axis',(0.,1.,0.));
#5989=DIRECTION('ref_axis',(0.,0.,1.));
#5990=DIRECTION('center_axis',(0.,1.,0.));
#5991=DIRECTION('ref_axis',(0.,0.,1.));
#5992=DIRECTION('center_axis',(0.,1.,0.));
#5993=DIRECTION('ref_axis',(0.,0.,1.));
#5994=DIRECTION('center_axis',(0.,1.,0.));
#5995=DIRECTION('ref_axis',(0.,0.,1.));
#5996=DIRECTION('center_axis',(0.,-1.,0.));
#5997=DIRECTION('ref_axis',(0.,0.,-1.));
#5998=DIRECTION('',(0.,-1.,0.));
#5999=DIRECTION('',(0.,-1.,0.));
#6000=DIRECTION('center_axis',(0.,-1.,0.));
#6001=DIRECTION('ref_axis',(0.,0.,-1.));
#6002=DIRECTION('',(0.,-1.,0.));
#6003=DIRECTION('center_axis',(0.,-1.,0.));
#6004=DIRECTION('ref_axis',(0.,0.,-1.));
#6005=DIRECTION('',(0.,-1.,0.));
#6006=DIRECTION('center_axis',(0.,-1.,0.));
#6007=DIRECTION('ref_axis',(0.,0.,-1.));
#6008=DIRECTION('',(0.,-1.,0.));
#6009=DIRECTION('center_axis',(0.,-1.,0.));
#6010=DIRECTION('ref_axis',(0.,0.,-1.));
#6011=DIRECTION('',(0.,-1.,0.));
#6012=DIRECTION('center_axis',(0.,-1.,0.));
#6013=DIRECTION('ref_axis',(0.,0.,-1.));
#6014=DIRECTION('',(0.,-1.,0.));
#6015=DIRECTION('center_axis',(0.,-1.,0.));
#6016=DIRECTION('ref_axis',(0.,0.,-1.));
#6017=DIRECTION('',(0.,-1.,0.));
#6018=DIRECTION('center_axis',(0.,-1.,0.));
#6019=DIRECTION('ref_axis',(0.,0.,-1.));
#6020=DIRECTION('',(0.,-1.,0.));
#6021=DIRECTION('center_axis',(0.,-1.,0.));
#6022=DIRECTION('ref_axis',(0.,0.,-1.));
#6023=DIRECTION('',(0.,-1.,0.));
#6024=DIRECTION('center_axis',(0.,-1.,0.));
#6025=DIRECTION('ref_axis',(0.,0.,-1.));
#6026=DIRECTION('',(0.,-1.,0.));
#6027=DIRECTION('center_axis',(0.,-1.,0.));
#6028=DIRECTION('ref_axis',(0.,0.,-1.));
#6029=DIRECTION('',(0.,-1.,0.));
#6030=DIRECTION('center_axis',(0.,-1.,0.));
#6031=DIRECTION('ref_axis',(0.,0.,-1.));
#6032=DIRECTION('',(0.,-1.,0.));
#6033=DIRECTION('center_axis',(0.,-1.,0.));
#6034=DIRECTION('ref_axis',(0.,0.,-1.));
#6035=DIRECTION('',(0.,-1.,0.));
#6036=DIRECTION('center_axis',(0.,-1.,0.));
#6037=DIRECTION('ref_axis',(0.,0.,-1.));
#6038=DIRECTION('',(0.,-1.,0.));
#6039=DIRECTION('center_axis',(0.,-1.,0.));
#6040=DIRECTION('ref_axis',(0.,0.,-1.));
#6041=DIRECTION('',(0.,-1.,0.));
#6042=DIRECTION('center_axis',(0.,-1.,0.));
#6043=DIRECTION('ref_axis',(0.,0.,-1.));
#6044=DIRECTION('',(0.,-1.,0.));
#6045=DIRECTION('center_axis',(0.,-1.,0.));
#6046=DIRECTION('ref_axis',(0.,0.,-1.));
#6047=DIRECTION('',(0.,-1.,0.));
#6048=DIRECTION('center_axis',(0.,-1.,0.));
#6049=DIRECTION('ref_axis',(0.,0.,-1.));
#6050=DIRECTION('',(0.,-1.,0.));
#6051=DIRECTION('center_axis',(0.,-1.,0.));
#6052=DIRECTION('ref_axis',(0.,0.,-1.));
#6053=DIRECTION('',(0.,-1.,0.));
#6054=DIRECTION('center_axis',(0.,-1.,0.));
#6055=DIRECTION('ref_axis',(0.,0.,-1.));
#6056=DIRECTION('',(0.,-1.,0.));
#6057=DIRECTION('center_axis',(0.,-1.,0.));
#6058=DIRECTION('ref_axis',(0.,0.,-1.));
#6059=DIRECTION('',(0.,-1.,0.));
#6060=DIRECTION('center_axis',(0.,-1.,0.));
#6061=DIRECTION('ref_axis',(0.,0.,-1.));
#6062=DIRECTION('',(0.,-1.,0.));
#6063=DIRECTION('center_axis',(0.,-1.,0.));
#6064=DIRECTION('ref_axis',(0.,0.,-1.));
#6065=DIRECTION('',(0.,-1.,0.));
#6066=DIRECTION('center_axis',(0.,-1.,0.));
#6067=DIRECTION('ref_axis',(0.,0.,-1.));
#6068=DIRECTION('',(0.,-1.,0.));
#6069=DIRECTION('center_axis',(0.,-1.,0.));
#6070=DIRECTION('ref_axis',(0.,0.,-1.));
#6071=DIRECTION('',(0.,-1.,0.));
#6072=DIRECTION('center_axis',(0.,-1.,0.));
#6073=DIRECTION('ref_axis',(0.,0.,-1.));
#6074=DIRECTION('',(0.,-1.,0.));
#6075=DIRECTION('center_axis',(0.,-1.,0.));
#6076=DIRECTION('ref_axis',(0.,0.,-1.));
#6077=DIRECTION('',(0.,-1.,0.));
#6078=DIRECTION('center_axis',(0.,-1.,0.));
#6079=DIRECTION('ref_axis',(0.,0.,-1.));
#6080=DIRECTION('',(0.,-1.,0.));
#6081=DIRECTION('center_axis',(0.,-1.,0.));
#6082=DIRECTION('ref_axis',(0.,0.,-1.));
#6083=DIRECTION('',(0.,-1.,0.));
#6084=DIRECTION('center_axis',(0.,-1.,0.));
#6085=DIRECTION('ref_axis',(0.,0.,-1.));
#6086=DIRECTION('',(0.,-1.,0.));
#6087=DIRECTION('center_axis',(0.,-1.,0.));
#6088=DIRECTION('ref_axis',(0.,0.,-1.));
#6089=DIRECTION('',(0.,-1.,0.));
#6090=DIRECTION('center_axis',(0.,-1.,0.));
#6091=DIRECTION('ref_axis',(0.,0.,-1.));
#6092=DIRECTION('',(0.,-1.,0.));
#6093=DIRECTION('center_axis',(0.,-1.,0.));
#6094=DIRECTION('ref_axis',(0.,0.,-1.));
#6095=DIRECTION('',(0.,-1.,0.));
#6096=DIRECTION('center_axis',(0.,-1.,0.));
#6097=DIRECTION('ref_axis',(0.,0.,-1.));
#6098=DIRECTION('',(0.,-1.,0.));
#6099=DIRECTION('center_axis',(0.,-1.,0.));
#6100=DIRECTION('ref_axis',(0.,0.,-1.));
#6101=DIRECTION('',(0.,-1.,0.));
#6102=DIRECTION('center_axis',(0.,-1.,0.));
#6103=DIRECTION('ref_axis',(0.,0.,-1.));
#6104=DIRECTION('',(0.,-1.,0.));
#6105=DIRECTION('center_axis',(0.,-1.,0.));
#6106=DIRECTION('ref_axis',(0.,0.,-1.));
#6107=DIRECTION('',(0.,-1.,0.));
#6108=DIRECTION('center_axis',(0.,-1.,0.));
#6109=DIRECTION('ref_axis',(0.,0.,-1.));
#6110=DIRECTION('',(0.,-1.,0.));
#6111=DIRECTION('center_axis',(0.,-1.,0.));
#6112=DIRECTION('ref_axis',(0.,0.,-1.));
#6113=DIRECTION('',(0.,-1.,0.));
#6114=DIRECTION('center_axis',(0.,-1.,0.));
#6115=DIRECTION('ref_axis',(0.,0.,-1.));
#6116=DIRECTION('',(0.,1.,0.));
#6117=DIRECTION('center_axis',(0.,-1.,0.));
#6118=DIRECTION('ref_axis',(0.253658528971632,0.,0.967293828513316));
#6119=DIRECTION('',(0.,1.,0.));
#6120=DIRECTION('',(0.,1.,0.));
#6121=DIRECTION('center_axis',(-0.130526192220053,0.,-0.99144486137381));
#6122=DIRECTION('ref_axis',(-0.99144486137381,0.,0.130526192220053));
#6123=DIRECTION('',(0.,1.,0.));
#6124=DIRECTION('center_axis',(-0.130526192220053,0.,-0.99144486137381));
#6125=DIRECTION('ref_axis',(-0.99144486137381,0.,0.130526192220053));
#6126=DIRECTION('',(0.,1.,0.));
#6127=DIRECTION('center_axis',(0.,1.,0.));
#6128=DIRECTION('ref_axis',(0.,0.,1.));
#6129=DIRECTION('center_axis',(0.,1.,0.));
#6130=DIRECTION('ref_axis',(0.,0.,1.));
#6131=DIRECTION('',(0.,1.,0.));
#6132=DIRECTION('center_axis',(0.,1.,0.));
#6133=DIRECTION('ref_axis',(0.,0.,1.));
#6134=DIRECTION('',(0.,1.,0.));
#6135=DIRECTION('',(0.,1.,0.));
#6136=DIRECTION('center_axis',(0.,1.,0.));
#6137=DIRECTION('ref_axis',(0.143787880290253,0.,-0.989608531431311));
#6138=DIRECTION('',(0.,1.,0.));
#6139=DIRECTION('center_axis',(0.,1.,0.));
#6140=DIRECTION('ref_axis',(0.,0.,1.));
#6141=DIRECTION('',(0.,1.,0.));
#6142=DIRECTION('center_axis',(-0.527765018828546,0.,-0.849390419595668));
#6143=DIRECTION('ref_axis',(-0.849390419595668,0.,0.527765018828546));
#6144=DIRECTION('center_axis',(0.,1.,0.));
#6145=DIRECTION('ref_axis',(0.,0.,1.));
#6146=DIRECTION('center_axis',(0.,1.,0.));
#6147=DIRECTION('ref_axis',(0.,0.,1.));
#6148=DIRECTION('',(0.,1.,0.));
#6149=DIRECTION('center_axis',(0.,1.,0.));
#6150=DIRECTION('ref_axis',(0.,0.,1.));
#6151=DIRECTION('',(0.,1.,0.));
#6152=DIRECTION('center_axis',(0.,1.,0.));
#6153=DIRECTION('ref_axis',(0.,0.,1.));
#6154=DIRECTION('',(0.,1.,0.));
#6155=DIRECTION('axis',(0.,0.,1.));
#6156=DIRECTION('refdir',(1.,0.,0.));
#6157=DIRECTION('center_axis',(-1.,0.,0.));
#6158=DIRECTION('ref_axis',(0.,0.,1.));
#6159=DIRECTION('',(1.,0.,0.));
#6160=DIRECTION('center_axis',(1.,0.,0.));
#6161=DIRECTION('ref_axis',(0.,0.,-1.));
#6162=DIRECTION('',(-1.,0.,0.));
#6163=DIRECTION('center_axis',(1.,0.,0.));
#6164=DIRECTION('ref_axis',(0.,0.,-1.));
#6165=DIRECTION('center_axis',(0.,1.,0.));
#6166=DIRECTION('ref_axis',(0.,0.,1.));
#6167=DIRECTION('',(1.,0.,0.));
#6168=DIRECTION('',(0.,0.,-1.));
#6169=DIRECTION('',(-1.,0.,0.));
#6170=DIRECTION('',(0.,0.,-1.));
#6171=DIRECTION('center_axis',(-1.,0.,0.));
#6172=DIRECTION('ref_axis',(0.,0.,1.));
#6173=DIRECTION('center_axis',(1.,0.,0.));
#6174=DIRECTION('ref_axis',(0.,0.,-1.));
#6175=DIRECTION('',(-1.,0.,0.));
#6176=DIRECTION('center_axis',(1.,0.,0.));
#6177=DIRECTION('ref_axis',(0.,0.,-1.));
#6178=DIRECTION('center_axis',(0.,1.,0.));
#6179=DIRECTION('ref_axis',(0.,0.,1.));
#6180=DIRECTION('',(0.,0.,-1.));
#6181=DIRECTION('',(0.,0.,-1.));
#6182=DIRECTION('center_axis',(-1.,0.,0.));
#6183=DIRECTION('ref_axis',(0.,0.,1.));
#6184=DIRECTION('center_axis',(1.,0.,0.));
#6185=DIRECTION('ref_axis',(0.,0.,-1.));
#6186=DIRECTION('',(-1.,0.,0.));
#6187=DIRECTION('center_axis',(1.,0.,0.));
#6188=DIRECTION('ref_axis',(0.,0.,-1.));
#6189=DIRECTION('center_axis',(-1.,0.,0.));
#6190=DIRECTION('ref_axis',(0.,0.,1.));
#6191=DIRECTION('center_axis',(1.,0.,0.));
#6192=DIRECTION('ref_axis',(0.,0.,-1.));
#6193=DIRECTION('',(-1.,0.,0.));
#6194=DIRECTION('center_axis',(1.,0.,0.));
#6195=DIRECTION('ref_axis',(0.,0.,-1.));
#6196=DIRECTION('center_axis',(1.,0.,0.));
#6197=DIRECTION('ref_axis',(0.,0.,-1.));
#6198=DIRECTION('',(0.,0.436767415089167,-0.8995744689109));
#6199=DIRECTION('',(0.,0.39020935118337,-0.920726160293631));
#6200=DIRECTION('',(0.,0.920726160293632,0.390209351183368));
#6201=DIRECTION('center_axis',(1.,0.,0.));
#6202=DIRECTION('ref_axis',(0.,0.,-1.));
#6203=DIRECTION('',(0.,0.920726160293632,0.390209351183368));
#6204=DIRECTION('',(0.,0.39020935118337,-0.920726160293631));
#6205=DIRECTION('',(0.,0.436767415089167,-0.8995744689109));
#6206=DIRECTION('center_axis',(0.,0.39020935118337,-0.920726160293631));
#6207=DIRECTION('ref_axis',(-1.,0.,0.));
#6208=DIRECTION('',(1.,0.,0.));
#6209=DIRECTION('',(1.,0.,0.));
#6210=DIRECTION('center_axis',(0.,-0.920726160293631,-0.39020935118337));
#6211=DIRECTION('ref_axis',(0.,0.39020935118337,-0.920726160293631));
#6212=DIRECTION('',(1.,0.,0.));
#6213=DIRECTION('',(1.,0.,0.));
#6214=DIRECTION('center_axis',(0.,-0.8995744689109,-0.436767415089167));
#6215=DIRECTION('ref_axis',(0.,0.436767415089167,-0.8995744689109));
#6216=DIRECTION('',(0.,0.,1.));
#6217=DIRECTION('',(1.,0.,0.));
#6218=DIRECTION('',(0.390286707901213,8.02743779428469E-17,0.920693372212287));
#6219=DIRECTION('',(-0.920693372212287,-3.24780410670328E-17,0.390286707901213));
#6220=DIRECTION('',(0.38366104942946,-3.30540091238647E-17,-0.923473984013998));
#6221=DIRECTION('',(0.923473984013998,8.00389367392251E-17,0.38366104942946));
#6222=DIRECTION('',(-2.17358542961234E-17,7.73288907130354E-16,-1.));
#6223=DIRECTION('',(-1.,5.55111512312579E-16,-1.22464679914735E-16));
#6224=DIRECTION('',(-0.376683833233963,5.7636680693015E-16,-0.926341886011945));
#6225=DIRECTION('',(-0.926341886011945,-3.00472646594549E-16,0.376683833233963));
#6226=DIRECTION('',(0.497705548464157,4.17060960241093E-16,-0.867346059556388));
#6227=DIRECTION('',(-0.867346059556388,9.49929266599204E-16,-0.497705548464157));
#6228=DIRECTION('',(-0.361069020740291,6.41528181075763E-16,-0.932539094226965));
#6229=DIRECTION('',(-1.85549740595331E-17,-1.,-6.80752752021052E-16));
#6230=DIRECTION('',(0.396029802931892,2.92563310934317E-17,-0.91823765724878));
#6231=DIRECTION('',(-1.41708011874057E-16,1.,-2.9256331093425E-17));
#6232=CARTESIAN_POINT('',(0.,0.,0.));
#6233=CARTESIAN_POINT('',(0.,0.,0.));
#6234=CARTESIAN_POINT('Origin',(0.,0.,0.));
#6235=CARTESIAN_POINT('',(18.,0.,-35.0000000000013));
#6236=CARTESIAN_POINT('',(37.6568542494924,0.,-35.));
#6237=CARTESIAN_POINT('',(18.,0.,-35.0000000000013));
#6238=CARTESIAN_POINT('',(18.,0.,-45.));
#6239=CARTESIAN_POINT('',(18.,0.,-35.0000000000013));
#6240=CARTESIAN_POINT('',(24.3431457505076,0.,-45.));
#6241=CARTESIAN_POINT('',(18.,0.,-45.));
#6242=CARTESIAN_POINT('',(27.1715728752538,0.,-43.8284271247462));
#6243=CARTESIAN_POINT('Origin',(24.3431457505076,0.,-41.));
#6244=CARTESIAN_POINT('',(34.8284271247462,0.,-36.1715728752538));
#6245=CARTESIAN_POINT('',(27.1715728752538,0.,-43.8284271247462));
#6246=CARTESIAN_POINT('Origin',(37.6568542494924,0.,-39.));
#6247=CARTESIAN_POINT('Origin',(0.,0.,0.));
#6248=CARTESIAN_POINT('',(6.,1.07697415800319E-15,-35.0000000000013));
#6249=CARTESIAN_POINT('',(6.,0.,-42.0557280900008));
#6250=CARTESIAN_POINT('',(6.,0.,-35.0000000000013));
#6251=CARTESIAN_POINT('',(9.40000000000366,0.,-31.0452560133437));
#6252=CARTESIAN_POINT('Origin',(5.40000000000366,0.,-31.0452560133437));
#6253=CARTESIAN_POINT('',(9.40000000000366,0.,-19.));
#6254=CARTESIAN_POINT('',(9.40000000000366,0.,-31.0452560133437));
#6255=CARTESIAN_POINT('',(13.4000000000037,0.,-15.));
#6256=CARTESIAN_POINT('Origin',(13.4000000000037,0.,-19.));
#6257=CARTESIAN_POINT('',(38.140735033952,0.,-15.));
#6258=CARTESIAN_POINT('',(38.140735033952,0.,-15.));
#6259=CARTESIAN_POINT('',(34.8125338566006,0.,-13.2188007849009));
#6260=CARTESIAN_POINT('Origin',(38.140735033952,0.,-11.));
#6261=CARTESIAN_POINT('',(27.1874661433994,0.,-1.78119921509908));
#6262=CARTESIAN_POINT('',(27.1874661433994,0.,-1.78119921509908));
#6263=CARTESIAN_POINT('',(23.859264966048,0.,0.));
#6264=CARTESIAN_POINT('Origin',(23.859264966048,0.,-4.));
#6265=CARTESIAN_POINT('',(12.140735033952,0.,0.));
#6266=CARTESIAN_POINT('',(12.140735033952,0.,0.));
#6267=CARTESIAN_POINT('',(8.81253385660061,0.,-1.78119921509908));
#6268=CARTESIAN_POINT('Origin',(12.140735033952,0.,-4.));
#6269=CARTESIAN_POINT('',(0.671798822648625,0.,-13.9923017660271));
#6270=CARTESIAN_POINT('',(0.671798822648623,0.,-13.9923017660271));
#6271=CARTESIAN_POINT('',(0.,0.,-16.211102550928));
#6272=CARTESIAN_POINT('Origin',(4.,0.,-16.211102550928));
#6273=CARTESIAN_POINT('',(0.,0.,-32.2917960675006));
#6274=CARTESIAN_POINT('',(0.,0.,-16.211102550928));
#6275=CARTESIAN_POINT('',(1.01857603000028,0.,-34.9584627341673));
#6276=CARTESIAN_POINT('Origin',(4.,0.,-32.2917960675006));
#6277=CARTESIAN_POINT('',(4.98142396999973,0.,-39.3890614233342));
#6278=CARTESIAN_POINT('',(1.01857603000029,0.,-34.9584627341673));
#6279=CARTESIAN_POINT('Origin',(2.,0.,-42.0557280900008));
#6280=CARTESIAN_POINT('',(23.,0.,-3.25));
#6281=CARTESIAN_POINT('Origin',(23.,0.,-5.));
#6282=CARTESIAN_POINT('',(13.,0.,-3.25));
#6283=CARTESIAN_POINT('Origin',(13.,0.,-5.));
#6284=CARTESIAN_POINT('',(5.,0.,-23.25));
#6285=CARTESIAN_POINT('Origin',(5.,0.,-25.));
#6286=CARTESIAN_POINT('Origin',(-16.8051242194423,5.,-15.0309600500005));
#6287=CARTESIAN_POINT('',(1.01857603000028,5.,-34.9584627341673));
#6288=CARTESIAN_POINT('',(1.01857603000028,5.,-34.9584627341673));
#6289=CARTESIAN_POINT('',(4.98142396999973,5.,-39.3890614233342));
#6290=CARTESIAN_POINT('',(1.01857603000029,5.,-34.9584627341673));
#6291=CARTESIAN_POINT('',(4.98142396999972,5.,-39.3890614233342));
#6292=CARTESIAN_POINT('Origin',(31.9,0.,-25.));
#6293=CARTESIAN_POINT('',(31.9,5.,-19.6));
#6294=CARTESIAN_POINT('Origin',(31.9,5.,-25.));
#6295=CARTESIAN_POINT('',(31.9,3.5,-19.6));
#6296=CARTESIAN_POINT('',(31.9,0.,-19.6));
#6297=CARTESIAN_POINT('Origin',(31.9,3.5,-25.));
#6298=CARTESIAN_POINT('Origin',(0.,5.,-35.));
#6299=CARTESIAN_POINT('',(18.,-5.49999999999545,-35.));
#6300=CARTESIAN_POINT('',(40.4000000000037,-5.5,-35.0000000000013));
#6301=CARTESIAN_POINT('',(18.,-5.5,-35.0000000000013));
#6302=CARTESIAN_POINT('',(18.,-5.49999999999545,-35.));
#6303=CARTESIAN_POINT('',(37.6568542494924,5.,-35.));
#6304=CARTESIAN_POINT('',(37.6568542494924,5.,-35.));
#6305=CARTESIAN_POINT('',(40.4000000000037,5.,-35.));
#6306=CARTESIAN_POINT('',(37.6568542494924,5.,-35.));
#6307=CARTESIAN_POINT('',(40.4000000000037,-5.5,-35.));
#6308=CARTESIAN_POINT('Origin',(35.5,5.,-35.5));
#6309=CARTESIAN_POINT('',(27.1715728752538,5.,-43.8284271247462));
#6310=CARTESIAN_POINT('',(27.1715728752538,5.,-43.8284271247462));
#6311=CARTESIAN_POINT('',(34.8284271247462,5.,-36.1715728752538));
#6312=CARTESIAN_POINT('',(27.1715728752538,5.,-43.8284271247462));
#6313=CARTESIAN_POINT('',(34.8284271247462,5.,-36.1715728752538));
#6314=CARTESIAN_POINT('Origin',(0.,5.,-45.));
#6315=CARTESIAN_POINT('',(18.,5.,-45.));
#6316=CARTESIAN_POINT('',(18.,5.,-45.));
#6317=CARTESIAN_POINT('',(24.3431457505076,5.,-45.));
#6318=CARTESIAN_POINT('',(18.,5.,-45.));
#6319=CARTESIAN_POINT('',(24.3431457505076,5.,-45.));
#6320=CARTESIAN_POINT('Origin',(0.,5.,0.));
#6321=CARTESIAN_POINT('',(0.,5.,-16.211102550928));
#6322=CARTESIAN_POINT('',(0.,5.,-16.211102550928));
#6323=CARTESIAN_POINT('',(0.,5.,-32.2917960675006));
#6324=CARTESIAN_POINT('',(0.,5.,-16.211102550928));
#6325=CARTESIAN_POINT('',(0.,5.,-32.2917960675006));
#6326=CARTESIAN_POINT('Origin',(6.92307692307692,5.,-4.61538461538462));
#6327=CARTESIAN_POINT('',(8.81253385660061,5.,-1.78119921509908));
#6328=CARTESIAN_POINT('',(8.81253385660061,5.,-1.78119921509908));
#6329=CARTESIAN_POINT('',(0.671798822648625,5.,-13.9923017660271));
#6330=CARTESIAN_POINT('',(0.671798822648623,5.,-13.9923017660271));
#6331=CARTESIAN_POINT('',(0.671798822648626,5.,-13.9923017660271));
#6332=CARTESIAN_POINT('Origin',(0.,5.,0.));
#6333=CARTESIAN_POINT('',(23.859264966048,5.,0.));
#6334=CARTESIAN_POINT('',(23.859264966048,5.,0.));
#6335=CARTESIAN_POINT('',(12.140735033952,5.,0.));
#6336=CARTESIAN_POINT('',(12.140735033952,5.,0.));
#6337=CARTESIAN_POINT('',(12.140735033952,5.,0.));
#6338=CARTESIAN_POINT('Origin',(18.,5.,12.));
#6339=CARTESIAN_POINT('',(34.8125338566006,5.,-13.2188007849009));
#6340=CARTESIAN_POINT('',(34.8125338566006,5.,-13.2188007849009));
#6341=CARTESIAN_POINT('',(27.1874661433994,5.,-1.78119921509908));
#6342=CARTESIAN_POINT('',(27.1874661433994,5.,-1.78119921509908));
#6343=CARTESIAN_POINT('',(27.1874661433994,5.,-1.78119921509909));
#6344=CARTESIAN_POINT('Origin',(13.,5.,-5.));
#6345=CARTESIAN_POINT('',(13.,5.,-3.25));
#6346=CARTESIAN_POINT('Origin',(13.,5.,-5.));
#6347=CARTESIAN_POINT('',(13.,5.,-3.25));
#6348=CARTESIAN_POINT('Origin',(5.,5.,-25.));
#6349=CARTESIAN_POINT('',(5.,5.,-23.25));
#6350=CARTESIAN_POINT('Origin',(5.,5.,-25.));
#6351=CARTESIAN_POINT('',(5.,5.,-23.25));
#6352=CARTESIAN_POINT('Origin',(0.,5.,-15.));
#6353=CARTESIAN_POINT('',(13.4000000000037,-5.5,-15.));
#6354=CARTESIAN_POINT('',(13.4000000000037,-5.5,-15.));
#6355=CARTESIAN_POINT('',(40.4000000000037,-5.5,-15.));
#6356=CARTESIAN_POINT('',(40.4000000000037,-5.5,-15.));
#6357=CARTESIAN_POINT('',(40.4000000000037,5.,-15.));
#6358=CARTESIAN_POINT('',(40.4000000000037,-5.5,-15.));
#6359=CARTESIAN_POINT('',(38.140735033952,5.,-15.));
#6360=CARTESIAN_POINT('',(38.140735033952,5.,-15.));
#6361=CARTESIAN_POINT('',(38.140735033952,5.,-15.));
#6362=CARTESIAN_POINT('Origin',(23.,5.,-5.));
#6363=CARTESIAN_POINT('',(23.,5.,-3.25));
#6364=CARTESIAN_POINT('Origin',(23.,5.,-5.));
#6365=CARTESIAN_POINT('',(23.,5.,-3.25));
#6366=CARTESIAN_POINT('Origin',(0.,5.,0.));
#6367=CARTESIAN_POINT('Origin',(23.859264966048,5.,-4.));
#6368=CARTESIAN_POINT('Origin',(38.140735033952,5.,-11.));
#6369=CARTESIAN_POINT('',(44.4000000000037,5.,-19.));
#6370=CARTESIAN_POINT('Origin',(40.4000000000037,5.,-19.));
#6371=CARTESIAN_POINT('',(44.4000000000037,5.,-31.));
#6372=CARTESIAN_POINT('',(44.4000000000037,5.,-19.));
#6373=CARTESIAN_POINT('Origin',(40.4000000000037,5.,-31.));
#6374=CARTESIAN_POINT('Origin',(37.6568542494924,5.,-39.));
#6375=CARTESIAN_POINT('Origin',(24.3431457505076,5.,-41.));
#6376=CARTESIAN_POINT('',(14.,5.,-49.));
#6377=CARTESIAN_POINT('Origin',(18.,5.,-49.));
#6378=CARTESIAN_POINT('',(14.,5.,-67.));
#6379=CARTESIAN_POINT('',(14.,5.,-49.));
#6380=CARTESIAN_POINT('',(6.,5.,-67.));
#6381=CARTESIAN_POINT('',(14.,5.,-67.));
#6382=CARTESIAN_POINT('',(6.,5.,-42.0557280900008));
#6383=CARTESIAN_POINT('',(6.,5.,-42.0557280900008));
#6384=CARTESIAN_POINT('Origin',(2.,5.,-42.0557280900008));
#6385=CARTESIAN_POINT('Origin',(4.,5.,-32.2917960675006));
#6386=CARTESIAN_POINT('Origin',(4.,5.,-16.211102550928));
#6387=CARTESIAN_POINT('Origin',(12.140735033952,5.,-4.));
#6388=CARTESIAN_POINT('Origin',(38.4000000000037,-5.5,0.));
#6389=CARTESIAN_POINT('',(38.4000000000037,-5.5,-18.5000000000006));
#6390=CARTESIAN_POINT('',(38.4000000000036,3.5,-18.5000000000006));
#6391=CARTESIAN_POINT('',(38.4000000000037,-5.5,-18.5000000000006));
#6392=CARTESIAN_POINT('',(38.4000000000037,3.5,-31.5000000000006));
#6393=CARTESIAN_POINT('',(38.4000000000036,3.5,-18.5000000000006));
#6394=CARTESIAN_POINT('',(38.4000000000037,-5.5,-31.5000000000006));
#6395=CARTESIAN_POINT('',(38.4000000000037,-5.5,-31.5000000000006));
#6396=CARTESIAN_POINT('',(38.4000000000037,-5.5,-31.5000000000006));
#6397=CARTESIAN_POINT('Origin',(0.,-5.5,-31.5000000000006));
#6398=CARTESIAN_POINT('',(15.4000000000037,3.5,-31.5000000000006));
#6399=CARTESIAN_POINT('',(15.4000000000037,3.5,-31.5000000000006));
#6400=CARTESIAN_POINT('',(15.4000000000037,-5.5,-31.5000000000006));
#6401=CARTESIAN_POINT('',(15.4000000000037,-5.5,-31.5000000000006));
#6402=CARTESIAN_POINT('',(15.4000000000037,-5.5,-31.5000000000006));
#6403=CARTESIAN_POINT('Origin',(15.4000000000037,-5.5,0.));
#6404=CARTESIAN_POINT('',(15.4000000000037,3.5,-18.5000000000006));
#6405=CARTESIAN_POINT('',(15.4000000000037,3.5,-18.5000000000006));
#6406=CARTESIAN_POINT('',(15.4000000000037,-5.5,-18.5000000000006));
#6407=CARTESIAN_POINT('',(15.4000000000037,-5.5,-18.5000000000006));
#6408=CARTESIAN_POINT('',(15.4000000000037,-5.5,-31.5000000000006));
#6409=CARTESIAN_POINT('Origin',(44.4000000000037,-5.5,0.));
#6410=CARTESIAN_POINT('',(44.4000000000037,-5.5,-19.));
#6411=CARTESIAN_POINT('',(44.4000000000037,-5.5,-19.));
#6412=CARTESIAN_POINT('',(44.4000000000037,-5.5,-31.));
#6413=CARTESIAN_POINT('',(44.4000000000037,-5.5,-31.));
#6414=CARTESIAN_POINT('',(44.4000000000037,-5.5,-31.));
#6415=CARTESIAN_POINT('Origin',(9.40000000000366,-5.5,0.));
#6416=CARTESIAN_POINT('',(9.40000000000366,-5.5,-31.0452560133437));
#6417=CARTESIAN_POINT('',(9.40000000000366,0.,-31.0452560133437));
#6418=CARTESIAN_POINT('',(9.40000000000366,-5.5,-19.));
#6419=CARTESIAN_POINT('',(9.40000000000366,-5.5,-31.0452560133437));
#6420=CARTESIAN_POINT('',(9.40000000000366,-5.5,-19.));
#6421=CARTESIAN_POINT('Origin',(0.,-5.5,-18.5000000000006));
#6422=CARTESIAN_POINT('',(15.4000000000037,3.5,-18.5000000000006));
#6423=CARTESIAN_POINT('',(15.4000000000037,-5.5,-18.5000000000006));
#6424=CARTESIAN_POINT('Origin',(0.,-5.5,0.));
#6425=CARTESIAN_POINT('Origin',(13.4000000000037,-5.5,-19.));
#6426=CARTESIAN_POINT('',(6.,-5.5,-35.0000000000013));
#6427=CARTESIAN_POINT('Origin',(5.40000000000366,-5.5,-31.0452560133437));
#6428=CARTESIAN_POINT('',(6.,-5.5,-35.0000000000013));
#6429=CARTESIAN_POINT('Origin',(40.4000000000037,-5.5,-31.));
#6430=CARTESIAN_POINT('Origin',(40.4000000000037,-5.5,-19.));
#6431=CARTESIAN_POINT('',(13.1000000000037,-5.5,-24.0000000000006));
#6432=CARTESIAN_POINT('Origin',(13.1000000000037,-5.5,-25.0000000000006));
#6433=CARTESIAN_POINT('',(40.7000000000037,-5.5,-24.0000000000007));
#6434=CARTESIAN_POINT('Origin',(40.7000000000037,-5.5,-25.0000000000006));
#6435=CARTESIAN_POINT('Origin',(0.,3.5,0.));
#6436=CARTESIAN_POINT('Origin',(6.,5.,-40.));
#6437=CARTESIAN_POINT('',(5.99999999999999,-23.,-53.6794793797635));
#6438=CARTESIAN_POINT('',(5.99999999999999,-23.,-67.));
#6439=CARTESIAN_POINT('',(5.99999999999999,-23.,-53.6794793797635));
#6440=CARTESIAN_POINT('',(6.,-20.2063309876475,-47.6054265608409));
#6441=CARTESIAN_POINT('Origin',(6.,-15.,-53.6794793797635));
#6442=CARTESIAN_POINT('',(6.,-5.49999999999999,-35.0000000000013));
#6443=CARTESIAN_POINT('',(6.,-5.5,-35.0000000000013));
#6444=CARTESIAN_POINT('',(6.,5.,-42.0557280900008));
#6445=CARTESIAN_POINT('',(6.,-5.,-77.));
#6446=CARTESIAN_POINT('Origin',(6.,-5.,-67.));
#6447=CARTESIAN_POINT('',(6.,-13.,-77.));
#6448=CARTESIAN_POINT('',(6.,-5.,-77.));
#6449=CARTESIAN_POINT('Origin',(6.,-13.,-67.));
#6450=CARTESIAN_POINT('',(6.,-5.5,-59.5));
#6451=CARTESIAN_POINT('',(6.,-5.5,-66.5));
#6452=CARTESIAN_POINT('',(6.,-5.5,-59.5));
#6453=CARTESIAN_POINT('',(6.,-12.5,-59.5));
#6454=CARTESIAN_POINT('Origin',(6.,-9.,-59.5));
#6455=CARTESIAN_POINT('',(6.,-12.5,-66.5));
#6456=CARTESIAN_POINT('',(6.,-12.5,-66.5));
#6457=CARTESIAN_POINT('Origin',(6.,-9.,-66.5));
#6458=CARTESIAN_POINT('Origin',(14.,5.,-40.));
#6459=CARTESIAN_POINT('',(14.,-10.1666666666656,-39.));
#6460=CARTESIAN_POINT('',(14.,-20.2063309876475,-47.6054265608409));
#6461=CARTESIAN_POINT('',(14.,-10.1666666666655,-39.));
#6462=CARTESIAN_POINT('',(14.,-23.,-53.6794793797635));
#6463=CARTESIAN_POINT('Origin',(14.,-15.,-53.6794793797635));
#6464=CARTESIAN_POINT('',(14.,-23.,-67.));
#6465=CARTESIAN_POINT('',(14.,-23.,-53.6794793797635));
#6466=CARTESIAN_POINT('',(14.,-13.,-77.));
#6467=CARTESIAN_POINT('Origin',(14.,-13.,-67.));
#6468=CARTESIAN_POINT('',(14.,-5.,-77.));
#6469=CARTESIAN_POINT('',(14.,-5.,-77.));
#6470=CARTESIAN_POINT('Origin',(14.,-5.,-67.));
#6471=CARTESIAN_POINT('',(14.,-4.,-49.));
#6472=CARTESIAN_POINT('',(14.,5.,-49.));
#6473=CARTESIAN_POINT('',(14.,-4.,-39.));
#6474=CARTESIAN_POINT('',(14.,-4.,-39.));
#6475=CARTESIAN_POINT('',(14.,-10.1666666666656,-39.));
#6476=CARTESIAN_POINT('',(14.,-7.7,-58.5));
#6477=CARTESIAN_POINT('Origin',(14.,-9.,-58.5));
#6478=CARTESIAN_POINT('',(14.,-7.7,-67.5));
#6479=CARTESIAN_POINT('Origin',(14.,-9.,-67.5));
#6480=CARTESIAN_POINT('',(14.,-11.5,-63.));
#6481=CARTESIAN_POINT('Origin',(14.,-9.,-63.));
#6482=CARTESIAN_POINT('Origin',(14.,-23.,-40.));
#6483=CARTESIAN_POINT('',(14.,-23.,-53.6794793797635));
#6484=CARTESIAN_POINT('',(14.,-23.,-67.));
#6485=CARTESIAN_POINT('Origin',(0.,0.,-77.));
#6486=CARTESIAN_POINT('',(14.,-13.,-77.));
#6487=CARTESIAN_POINT('',(14.,-5.,-77.));
#6488=CARTESIAN_POINT('Origin',(-5.20417042793042E-15,-9.,-63.));
#6489=CARTESIAN_POINT('',(9.,-11.5,-63.));
#6490=CARTESIAN_POINT('Origin',(9.,-9.,-63.));
#6491=CARTESIAN_POINT('',(-5.42101086242752E-15,-11.5,-63.));
#6492=CARTESIAN_POINT('Origin',(-5.63785129692462E-15,-13.,-67.));
#6493=CARTESIAN_POINT('Origin',(0.,-5.,-67.));
#6494=CARTESIAN_POINT('Origin',(40.7000000000037,1.5,-25.0000000000006));
#6495=CARTESIAN_POINT('',(40.7000000000037,1.5,-24.0000000000007));
#6496=CARTESIAN_POINT('Origin',(40.7000000000037,1.5,-25.0000000000006));
#6497=CARTESIAN_POINT('',(40.7000000000037,1.5,-24.0000000000007));
#6498=CARTESIAN_POINT('Origin',(40.7000000000037,1.5,-25.0000000000006));
#6499=CARTESIAN_POINT('Origin',(13.1000000000037,1.5,-25.0000000000006));
#6500=CARTESIAN_POINT('',(13.1000000000037,1.5,-24.0000000000006));
#6501=CARTESIAN_POINT('Origin',(13.1000000000037,1.5,-25.0000000000006));
#6502=CARTESIAN_POINT('',(13.1000000000037,1.5,-24.0000000000006));
#6503=CARTESIAN_POINT('Origin',(13.1000000000037,1.5,-25.0000000000006));
#6504=CARTESIAN_POINT('Origin',(17.6769552621701,-9.,-67.5));
#6505=CARTESIAN_POINT('',(9.,-7.7,-67.5));
#6506=CARTESIAN_POINT('',(17.6769552621701,-7.70000000000001,-67.5));
#6507=CARTESIAN_POINT('Origin',(9.,-9.,-67.5));
#6508=CARTESIAN_POINT('Origin',(17.6769552621701,-9.,-58.5));
#6509=CARTESIAN_POINT('',(9.,-7.7,-58.5));
#6510=CARTESIAN_POINT('',(17.6769552621701,-7.7,-58.5));
#6511=CARTESIAN_POINT('Origin',(9.,-9.,-58.5));
#6512=CARTESIAN_POINT('Origin',(9.,-2.2458473572914E-15,0.));
#6513=CARTESIAN_POINT('',(9.,-12.5,-66.5));
#6514=CARTESIAN_POINT('',(9.,-12.5,-59.5));
#6515=CARTESIAN_POINT('',(9.,-12.5,-66.5));
#6516=CARTESIAN_POINT('',(9.,-5.5,-59.5));
#6517=CARTESIAN_POINT('Origin',(9.,-9.,-59.5));
#6518=CARTESIAN_POINT('',(9.,-5.5,-66.5));
#6519=CARTESIAN_POINT('',(9.,-5.5,-59.5));
#6520=CARTESIAN_POINT('Origin',(9.,-9.,-66.5));
#6521=CARTESIAN_POINT('Origin',(9.,-12.5,-70.));
#6522=CARTESIAN_POINT('',(9.,-12.5,-59.5));
#6523=CARTESIAN_POINT('',(9.,-12.5,-66.5));
#6524=CARTESIAN_POINT('Origin',(9.,-5.5,-70.));
#6525=CARTESIAN_POINT('',(9.,-5.5,-59.5));
#6526=CARTESIAN_POINT('',(9.,-5.5,-66.5));
#6527=CARTESIAN_POINT('Origin',(9.,-9.,-59.5));
#6528=CARTESIAN_POINT('Origin',(9.,-9.,-66.5));
#6529=CARTESIAN_POINT('Origin',(18.,5.,-49.));
#6530=CARTESIAN_POINT('Origin',(18.,-4.,-49.));
#6531=CARTESIAN_POINT('Origin',(18.,-4.,0.));
#6532=CARTESIAN_POINT('Origin',(18.,-4.,-39.));
#6533=CARTESIAN_POINT('Origin',(18.,5.,-39.));
#6534=CARTESIAN_POINT('Origin',(18.,-10.1666666666656,-39.));
#6535=CARTESIAN_POINT('Origin',(5.40000000000366,-5.5,-31.0452560133437));
#6536=CARTESIAN_POINT('Origin',(13.4000000000037,-5.5,-19.));
#6537=CARTESIAN_POINT('Origin',(38.140735033952,5.,-11.));
#6538=CARTESIAN_POINT('Origin',(23.859264966048,5.,-4.));
#6539=CARTESIAN_POINT('Origin',(12.140735033952,5.,-4.));
#6540=CARTESIAN_POINT('Origin',(4.,5.,-16.211102550928));
#6541=CARTESIAN_POINT('Origin',(4.,5.,-32.2917960675006));
#6542=CARTESIAN_POINT('Origin',(2.,4.99999999999999,-42.0557280900008));
#6543=CARTESIAN_POINT('Origin',(24.3431457505076,5.,-41.));
#6544=CARTESIAN_POINT('Origin',(37.6568542494924,5.,-39.));
#6545=CARTESIAN_POINT('Origin',(40.4000000000037,5.,-19.));
#6546=CARTESIAN_POINT('Origin',(40.4000000000037,-5.5,-31.));
#6547=CARTESIAN_POINT('Origin',(44.4010000000037,-23.,-50.));
#6548=CARTESIAN_POINT('',(14.,-20.2063309876475,-47.6054265608409));
#6549=CARTESIAN_POINT('Origin',(14.,-15.,-53.6794793797635));
#6550=CARTESIAN_POINT('',(0.,0.,0.));
#6551=CARTESIAN_POINT('Origin',(31.,4.,0.));
#6552=CARTESIAN_POINT('',(28.525641703473,4.,3.14285714285714));
#6553=CARTESIAN_POINT('',(28.525641703473,4.,-3.14285714285714));
#6554=CARTESIAN_POINT('Origin',(31.,4.,0.));
#6555=CARTESIAN_POINT('',(28.525641703473,0.,3.14285714285714));
#6556=CARTESIAN_POINT('',(28.525641703473,4.,3.14285714285714));
#6557=CARTESIAN_POINT('',(28.525641703473,0.,-3.14285714285714));
#6558=CARTESIAN_POINT('Origin',(31.,0.,0.));
#6559=CARTESIAN_POINT('',(28.525641703473,4.,-3.14285714285714));
#6560=CARTESIAN_POINT('Origin',(0.,4.,-2.5));
#6561=CARTESIAN_POINT('',(4.33012701892219,4.,-2.5));
#6562=CARTESIAN_POINT('',(26.6698729810778,4.,-2.5));
#6563=CARTESIAN_POINT('',(4.33012701892219,4.,-2.5));
#6564=CARTESIAN_POINT('',(26.6698729810778,0.,-2.5));
#6565=CARTESIAN_POINT('',(26.6698729810778,4.,-2.5));
#6566=CARTESIAN_POINT('',(4.33012701892219,0.,-2.5));
#6567=CARTESIAN_POINT('',(4.33012701892219,0.,-2.5));
#6568=CARTESIAN_POINT('',(4.33012701892219,4.,-2.5));
#6569=CARTESIAN_POINT('Origin',(0.,4.,0.));
#6570=CARTESIAN_POINT('',(2.47435829652697,0.,-3.14285714285714));
#6571=CARTESIAN_POINT('',(2.47435829652697,0.,3.14285714285714));
#6572=CARTESIAN_POINT('Origin',(0.,0.,0.));
#6573=CARTESIAN_POINT('',(2.47435829652697,4.,3.14285714285714));
#6574=CARTESIAN_POINT('',(2.47435829652697,4.,3.14285714285714));
#6575=CARTESIAN_POINT('',(2.47435829652697,4.,-3.14285714285714));
#6576=CARTESIAN_POINT('Origin',(0.,4.,0.));
#6577=CARTESIAN_POINT('',(2.47435829652697,4.,-3.14285714285714));
#6578=CARTESIAN_POINT('Origin',(0.,4.,0.));
#6579=CARTESIAN_POINT('',(0.,4.,1.75));
#6580=CARTESIAN_POINT('Origin',(0.,4.,0.));
#6581=CARTESIAN_POINT('',(0.,0.,1.75));
#6582=CARTESIAN_POINT('',(-2.14313189850787E-16,4.,1.75));
#6583=CARTESIAN_POINT('Origin',(0.,0.,0.));
#6584=CARTESIAN_POINT('Origin',(0.,4.,2.5));
#6585=CARTESIAN_POINT('',(4.3301270189222,4.,2.5));
#6586=CARTESIAN_POINT('',(26.6698729810778,4.,2.5));
#6587=CARTESIAN_POINT('',(4.3301270189222,4.,2.5));
#6588=CARTESIAN_POINT('',(4.3301270189222,0.,2.5));
#6589=CARTESIAN_POINT('',(4.3301270189222,0.,2.5));
#6590=CARTESIAN_POINT('',(26.6698729810778,0.,2.5));
#6591=CARTESIAN_POINT('',(4.3301270189222,0.,2.5));
#6592=CARTESIAN_POINT('',(26.6698729810778,0.,2.5));
#6593=CARTESIAN_POINT('Origin',(31.,4.,0.));
#6594=CARTESIAN_POINT('',(31.,4.,1.75));
#6595=CARTESIAN_POINT('Origin',(31.,4.,0.));
#6596=CARTESIAN_POINT('',(31.,0.,1.75));
#6597=CARTESIAN_POINT('',(31.,4.,1.75));
#6598=CARTESIAN_POINT('Origin',(31.,0.,0.));
#6599=CARTESIAN_POINT('Origin',(0.,4.,0.));
#6600=CARTESIAN_POINT('Origin',(26.6698729810778,4.,5.5));
#6601=CARTESIAN_POINT('Origin',(26.6698729810778,4.,-5.5));
#6602=CARTESIAN_POINT('Origin',(4.33012701892219,4.,-5.5));
#6603=CARTESIAN_POINT('Origin',(4.3301270189222,4.,5.5));
#6604=CARTESIAN_POINT('Origin',(0.,0.,0.));
#6605=CARTESIAN_POINT('Origin',(26.6698729810778,0.,5.5));
#6606=CARTESIAN_POINT('Origin',(4.3301270189222,0.,5.5));
#6607=CARTESIAN_POINT('Origin',(4.33012701892219,0.,-5.5));
#6608=CARTESIAN_POINT('Origin',(26.6698729810778,0.,-5.5));
#6609=CARTESIAN_POINT('Origin',(4.3301270189222,4.,5.5));
#6610=CARTESIAN_POINT('Origin',(26.6698729810778,4.,5.5));
#6611=CARTESIAN_POINT('Origin',(26.6698729810778,4.,-5.5));
#6612=CARTESIAN_POINT('Origin',(4.33012701892219,4.,-5.5));
#6613=CARTESIAN_POINT('',(0.,0.,0.));
#6614=CARTESIAN_POINT('Origin',(-16.3,0.,0.));
#6615=CARTESIAN_POINT('',(-16.3,15.65,-0.55));
#6616=CARTESIAN_POINT('',(-16.3,18.05,-0.55));
#6617=CARTESIAN_POINT('',(-16.3,15.65,-0.55));
#6618=CARTESIAN_POINT('',(-16.3,18.05,-6.2));
#6619=CARTESIAN_POINT('',(-16.3,18.05,-0.549999999999998));
#6620=CARTESIAN_POINT('',(-16.3,15.65,-6.2));
#6621=CARTESIAN_POINT('',(-16.3,18.05,-6.2));
#6622=CARTESIAN_POINT('',(-16.3,15.65,-6.2));
#6623=CARTESIAN_POINT('Origin',(-16.3,18.05,6.2));
#6624=CARTESIAN_POINT('',(-14.6351646544245,18.05,-0.55));
#6625=CARTESIAN_POINT('',(-14.6351646544245,18.05,-0.55));
#6626=CARTESIAN_POINT('',(-14.6351646544245,18.05,0.55));
#6627=CARTESIAN_POINT('Origin',(-13.8,18.05,0.));
#6628=CARTESIAN_POINT('',(-16.3,18.05,0.55));
#6629=CARTESIAN_POINT('',(-16.3,18.05,0.55));
#6630=CARTESIAN_POINT('',(-16.3,18.05,6.2));
#6631=CARTESIAN_POINT('',(-16.3,18.05,6.2));
#6632=CARTESIAN_POINT('',(-11.3,18.05,6.2));
#6633=CARTESIAN_POINT('',(-16.3,18.05,6.2));
#6634=CARTESIAN_POINT('',(-11.3,18.05,-6.2));
#6635=CARTESIAN_POINT('',(-11.3,18.05,6.2));
#6636=CARTESIAN_POINT('',(-16.3,18.05,-6.2));
#6637=CARTESIAN_POINT('Origin',(-16.3,18.05,-6.2));
#6638=CARTESIAN_POINT('',(-11.3,15.65,-6.2));
#6639=CARTESIAN_POINT('',(-11.3,18.05,-6.2));
#6640=CARTESIAN_POINT('',(-16.3,15.65,-6.2));
#6641=CARTESIAN_POINT('Origin',(-16.3,15.65,-6.2));
#6642=CARTESIAN_POINT('',(-14.6351646544245,15.65,-0.55));
#6643=CARTESIAN_POINT('',(-14.6351646544245,15.65,0.55));
#6644=CARTESIAN_POINT('Origin',(-13.8,15.65,0.));
#6645=CARTESIAN_POINT('',(-16.3,15.65,-0.55));
#6646=CARTESIAN_POINT('',(-11.3,15.65,6.2));
#6647=CARTESIAN_POINT('',(-11.3,15.65,-6.2));
#6648=CARTESIAN_POINT('',(-16.3,15.65,6.2));
#6649=CARTESIAN_POINT('',(-16.3,15.65,6.2));
#6650=CARTESIAN_POINT('',(-16.3,15.65,0.549999999999997));
#6651=CARTESIAN_POINT('',(-16.3,15.65,0.549999999999995));
#6652=CARTESIAN_POINT('',(-14.6351646544245,15.65,0.55));
#6653=CARTESIAN_POINT('Origin',(-16.3,15.65,6.2));
#6654=CARTESIAN_POINT('',(-11.3,15.65,6.2));
#6655=CARTESIAN_POINT('',(-16.3,15.65,6.2));
#6656=CARTESIAN_POINT('Origin',(-16.3,0.,0.));
#6657=CARTESIAN_POINT('',(-16.3,15.65,0.55));
#6658=CARTESIAN_POINT('Origin',(-11.3,0.,0.));
#6659=CARTESIAN_POINT('Origin',(-16.3,-0.001000000000001,-0.55));
#6660=CARTESIAN_POINT('',(-14.6351646544245,15.65,-0.55));
#6661=CARTESIAN_POINT('Origin',(-13.8,-0.001000000000001,0.));
#6662=CARTESIAN_POINT('',(-14.6351646544245,15.65,0.55));
#6663=CARTESIAN_POINT('Origin',(-16.3,-0.001000000000001,0.55));
#6664=CARTESIAN_POINT('Origin',(16.3,15.65,6.2));
#6665=CARTESIAN_POINT('',(16.3,15.65,-0.55));
#6666=CARTESIAN_POINT('',(14.6351646544245,15.65,-0.55));
#6667=CARTESIAN_POINT('',(16.3,15.65,-0.55));
#6668=CARTESIAN_POINT('',(14.6351646544245,15.65,0.55));
#6669=CARTESIAN_POINT('Origin',(13.8,15.65,0.));
#6670=CARTESIAN_POINT('',(16.3,15.65,0.55));
#6671=CARTESIAN_POINT('',(16.3,15.65,0.55));
#6672=CARTESIAN_POINT('',(16.3,15.65,6.2));
#6673=CARTESIAN_POINT('',(16.3,15.65,6.2));
#6674=CARTESIAN_POINT('',(11.3,15.65,6.2));
#6675=CARTESIAN_POINT('',(16.3,15.65,6.2));
#6676=CARTESIAN_POINT('',(11.3,15.65,-6.2));
#6677=CARTESIAN_POINT('',(11.3,15.65,6.2));
#6678=CARTESIAN_POINT('',(16.3,15.65,-6.2));
#6679=CARTESIAN_POINT('',(16.3,15.65,-6.2));
#6680=CARTESIAN_POINT('',(16.3,15.65,-0.549999999999998));
#6681=CARTESIAN_POINT('Origin',(16.3,18.05,6.2));
#6682=CARTESIAN_POINT('',(14.6351646544245,18.05,-0.55));
#6683=CARTESIAN_POINT('',(16.3,18.05,-0.55));
#6684=CARTESIAN_POINT('',(14.6351646544245,18.05,-0.55));
#6685=CARTESIAN_POINT('',(16.3,18.05,-6.2));
#6686=CARTESIAN_POINT('',(16.3,18.05,-6.2));
#6687=CARTESIAN_POINT('',(11.3,18.05,-6.2));
#6688=CARTESIAN_POINT('',(16.3,18.05,-6.2));
#6689=CARTESIAN_POINT('',(11.3,18.05,6.2));
#6690=CARTESIAN_POINT('',(11.3,18.05,-6.2));
#6691=CARTESIAN_POINT('',(16.3,18.05,6.2));
#6692=CARTESIAN_POINT('',(16.3,18.05,6.2));
#6693=CARTESIAN_POINT('',(16.3,18.05,0.550000000000002));
#6694=CARTESIAN_POINT('',(16.3,18.05,0.550000000000004));
#6695=CARTESIAN_POINT('',(14.6351646544245,18.05,0.55));
#6696=CARTESIAN_POINT('',(14.6351646544245,18.05,0.55));
#6697=CARTESIAN_POINT('Origin',(13.8,18.05,0.));
#6698=CARTESIAN_POINT('Origin',(16.3,0.,0.));
#6699=CARTESIAN_POINT('',(16.3,15.65,-0.55));
#6700=CARTESIAN_POINT('',(16.3,15.65,-6.2));
#6701=CARTESIAN_POINT('Origin',(16.3,18.05,6.2));
#6702=CARTESIAN_POINT('',(11.3,18.05,6.2));
#6703=CARTESIAN_POINT('',(16.3,18.05,6.2));
#6704=CARTESIAN_POINT('Origin',(16.3,18.05,-6.2));
#6705=CARTESIAN_POINT('',(11.3,15.65,-6.2));
#6706=CARTESIAN_POINT('Origin',(16.3,0.,0.));
#6707=CARTESIAN_POINT('',(16.3,15.65,0.55));
#6708=CARTESIAN_POINT('Origin',(11.3,0.,0.));
#6709=CARTESIAN_POINT('Origin',(13.8,-0.001000000000001,0.));
#6710=CARTESIAN_POINT('',(14.6351646544245,15.65,-0.55));
#6711=CARTESIAN_POINT('',(14.6351646544245,15.65,0.55));
#6712=CARTESIAN_POINT('Origin',(14.6351646544245,-0.001000000000001,-0.55));
#6713=CARTESIAN_POINT('Origin',(14.6351646544245,-0.001000000000001,0.55));
#6714=CARTESIAN_POINT('Origin',(0.,22.3,0.));
#6715=CARTESIAN_POINT('',(0.966666666666667,22.3,1.27888840621673));
#6716=CARTESIAN_POINT('',(0.966666666666667,22.3,-1.27888840621673));
#6717=CARTESIAN_POINT('Origin',(1.2,22.3,0.));
#6718=CARTESIAN_POINT('',(-5.1,22.3,6.2));
#6719=CARTESIAN_POINT('Origin',(-5.1,22.3,0.));
#6720=CARTESIAN_POINT('',(11.3,22.3,6.2));
#6721=CARTESIAN_POINT('',(-5.1,22.3,6.2));
#6722=CARTESIAN_POINT('',(11.3,22.3,-6.2));
#6723=CARTESIAN_POINT('',(11.3,22.3,6.2));
#6724=CARTESIAN_POINT('',(-5.1,22.3,-6.2));
#6725=CARTESIAN_POINT('',(11.3,22.3,-6.2));
#6726=CARTESIAN_POINT('Origin',(-5.1,22.3,0.));
#6727=CARTESIAN_POINT('Origin',(0.,22.3,0.));
#6728=CARTESIAN_POINT('',(-11.3,22.3,0.));
#6729=CARTESIAN_POINT('Origin',(-5.1,22.3,0.));
#6730=CARTESIAN_POINT('',(-11.3,22.3,-6.2));
#6731=CARTESIAN_POINT('',(-5.1,22.3,-6.2));
#6732=CARTESIAN_POINT('',(-11.3,22.3,-6.2));
#6733=CARTESIAN_POINT('Origin',(11.3,22.3,6.2));
#6734=CARTESIAN_POINT('',(11.3,0.,6.2));
#6735=CARTESIAN_POINT('',(11.3,0.,-6.2));
#6736=CARTESIAN_POINT('',(11.3,0.,6.2));
#6737=CARTESIAN_POINT('',(11.3,22.3,-6.2));
#6738=CARTESIAN_POINT('',(11.3,22.3,6.2));
#6739=CARTESIAN_POINT('Origin',(-11.3,22.3,-6.2));
#6740=CARTESIAN_POINT('',(-11.3,0.,-6.2));
#6741=CARTESIAN_POINT('',(11.3,0.,-6.2));
#6742=CARTESIAN_POINT('',(-11.3,22.3,-6.2));
#6743=CARTESIAN_POINT('Origin',(-11.3,22.3,6.2));
#6744=CARTESIAN_POINT('',(-11.3,0.,6.2));
#6745=CARTESIAN_POINT('',(-11.3,0.,-6.2));
#6746=CARTESIAN_POINT('',(-11.3,22.3,6.2));
#6747=CARTESIAN_POINT('',(-11.3,22.3,6.2));
#6748=CARTESIAN_POINT('',(-11.3,22.3,1.73472347597681E-15));
#6749=CARTESIAN_POINT('Origin',(-11.3,22.3,6.2));
#6750=CARTESIAN_POINT('',(-11.3,0.,6.2));
#6751=CARTESIAN_POINT('',(-11.3,22.3,6.2));
#6752=CARTESIAN_POINT('Origin',(0.,22.3,0.));
#6753=CARTESIAN_POINT('Origin',(-5.1,22.3,0.));
#6754=CARTESIAN_POINT('Origin',(0.,0.,0.));
#6755=CARTESIAN_POINT('Origin',(1.2,26.6,0.));
#6756=CARTESIAN_POINT('',(0.966666666666667,26.6,-1.27888840621673));
#6757=CARTESIAN_POINT('',(0.966666666666667,26.6,-1.27888840621673));
#6758=CARTESIAN_POINT('',(0.966666666666667,26.6,1.27888840621673));
#6759=CARTESIAN_POINT('Origin',(1.2,26.6,0.));
#6760=CARTESIAN_POINT('',(0.966666666666667,26.6,1.27888840621673));
#6761=CARTESIAN_POINT('Origin',(-5.1,26.6,0.));
#6762=CARTESIAN_POINT('Origin',(-5.1,26.6,0.));
#6763=CARTESIAN_POINT('Origin',(0.,26.6,0.));
#6764=CARTESIAN_POINT('',(-5.1,26.6,2.5));
#6765=CARTESIAN_POINT('Origin',(-5.1,26.6,0.));
#6766=CARTESIAN_POINT('Origin',(-5.1,29.9,0.));
#6767=CARTESIAN_POINT('',(-5.1,29.9,2.5));
#6768=CARTESIAN_POINT('',(-5.1,29.9,2.5));
#6769=CARTESIAN_POINT('Origin',(-5.1,29.9,0.));
#6770=CARTESIAN_POINT('Origin',(-5.1,29.9,0.));
#6771=CARTESIAN_POINT('Origin',(-13.6,4.5,-8.67361737988404E-16));
#6772=CARTESIAN_POINT('',(-11.3,4.5,0.599999999999999));
#6773=CARTESIAN_POINT('Origin',(-11.3,4.5,-8.67361737988404E-16));
#6774=CARTESIAN_POINT('',(-13.6,4.5,0.599999999999999));
#6775=CARTESIAN_POINT('',(-13.6,4.5,0.599999999999999));
#6776=CARTESIAN_POINT('Origin',(-13.6,4.5,-8.67361737988404E-16));
#6777=CARTESIAN_POINT('Origin',(-13.6,0.,0.));
#6778=CARTESIAN_POINT('Origin',(-11.3,0.,0.));
#6779=CARTESIAN_POINT('Origin',(-13.6,4.5,-1.2));
#6780=CARTESIAN_POINT('',(-11.3,4.5,-0.600000000000001));
#6781=CARTESIAN_POINT('Origin',(-11.3,4.5,-1.2));
#6782=CARTESIAN_POINT('',(-13.6,4.5,-0.600000000000001));
#6783=CARTESIAN_POINT('',(-13.6,4.5,-0.600000000000001));
#6784=CARTESIAN_POINT('Origin',(-13.6,4.5,-1.2));
#6785=CARTESIAN_POINT('Origin',(-13.6,0.,0.));
#6786=CARTESIAN_POINT('Origin',(-11.3,0.,0.));
#6787=CARTESIAN_POINT('Origin',(-13.6,4.5,1.2));
#6788=CARTESIAN_POINT('',(-11.3,4.5,1.8));
#6789=CARTESIAN_POINT('Origin',(-11.3,4.5,1.2));
#6790=CARTESIAN_POINT('',(-13.6,4.5,1.8));
#6791=CARTESIAN_POINT('',(-13.6,4.5,1.8));
#6792=CARTESIAN_POINT('Origin',(-13.6,4.5,1.2));
#6793=CARTESIAN_POINT('Origin',(-13.6,0.,0.));
#6794=CARTESIAN_POINT('Origin',(-11.3,0.,0.));
#6795=CARTESIAN_POINT('',(0.,0.,0.));
#6796=CARTESIAN_POINT('Origin',(20.6436574461689,4.,-6.07153216591882E-15));
#6797=CARTESIAN_POINT('',(-22.1869077312065,4.,-0.542722357826063));
#6798=CARTESIAN_POINT('',(1.30569506276041,4.,3.99999999999999));
#6799=CARTESIAN_POINT('Origin',(-10.1063425538311,4.,-6.07153216591882E-15));
#6800=CARTESIAN_POINT('',(20.6436574461689,4.,4.));
#6801=CARTESIAN_POINT('',(1.30569506276041,4.,3.99999999999999));
#6802=CARTESIAN_POINT('',(20.6436574461689,4.,-4.00000000000001));
#6803=CARTESIAN_POINT('Origin',(20.6436574461689,4.,-6.07153216591882E-15));
#6804=CARTESIAN_POINT('',(2.08164193619438,4.,-4.00000000000001));
#6805=CARTESIAN_POINT('',(20.6436574461689,4.,-4.00000000000001));
#6806=CARTESIAN_POINT('',(3.52174943628512,4.,-5.30713988028672));
#6807=CARTESIAN_POINT('Origin',(-0.768289165479772,4.,-8.58670826581661));
#6808=CARTESIAN_POINT('',(3.28288830507051,4.,-5.88380166278881));
#6809=CARTESIAN_POINT('Origin',(-10.1063425538311,4.,-6.07153216591882E-15));
#6810=CARTESIAN_POINT('',(0.627094960762723,4.,-5.5702712396085));
#6811=CARTESIAN_POINT('Origin',(2.56837796298364,4.,-0.531281231155605));
#6812=CARTESIAN_POINT('',(0.0843726029366703,4.,-6.51029393776681));
#6813=CARTESIAN_POINT('Origin',(-10.1063425538311,4.,-6.07153216591882E-15));
#6814=CARTESIAN_POINT('',(1.68379458642402,4.,-8.65351322954882));
#6815=CARTESIAN_POINT('Origin',(-3.30887925268899,4.,-10.7109893378515));
#6816=CARTESIAN_POINT('',(1.30382139899291,4.,-9.1487039284084));
#6817=CARTESIAN_POINT('Origin',(-10.1063425538311,4.,-6.07153216591882E-15));
#6818=CARTESIAN_POINT('',(-1.18033033682249,4.,-8.15848689796783));
#6819=CARTESIAN_POINT('Origin',(1.9989916334276,4.,-3.79363732329918));
#6820=CARTESIAN_POINT('',(-1.9478556558632,4.,-8.92601221700855));
#6821=CARTESIAN_POINT('Origin',(-10.1063425538311,4.,-6.07153216591882E-15));
#6822=CARTESIAN_POINT('',(-0.957638625422602,4.,-11.4101639528239));
#6823=CARTESIAN_POINT('Origin',(-6.31270523053182,4.,-12.1053341872587));
#6824=CARTESIAN_POINT('',(-1.45282932428218,4.,-11.7901371402551));
#6825=CARTESIAN_POINT('Origin',(-10.1063425538311,4.,-6.07153216591882E-15));
#6826=CARTESIAN_POINT('',(-3.59604861606421,4.,-10.1907151567677));
#6827=CARTESIAN_POINT('Origin',(0.604646784020486,4.,-6.79746330114202));
#6828=CARTESIAN_POINT('',(-4.53607131422251,4.,-10.7334375145938));
#6829=CARTESIAN_POINT('Origin',(-10.1063425538311,4.,-6.07153216591882E-15));
#6830=CARTESIAN_POINT('',(-4.22254089104218,4.,-13.3892308589016));
#6831=CARTESIAN_POINT('Origin',(-9.57506132267539,4.,-12.6747205168148));
#6832=CARTESIAN_POINT('',(-4.79920267354426,4.,-13.6280919901162));
#6833=CARTESIAN_POINT('Origin',(-10.1063425538311,4.,-6.07153216591882E-15));
#6834=CARTESIAN_POINT('',(-6.45543266839531,4.,-11.528463018587));
#6835=CARTESIAN_POINT('Origin',(-1.51963428801442,4.,-9.33805338835126));
#6836=CARTESIAN_POINT('',(-7.50389175225268,4.,-11.8093967834036));
#6837=CARTESIAN_POINT('Origin',(-10.1063425538311,4.,-6.07153216591882E-15));
#6838=CARTESIAN_POINT('',(-7.88841451653883,4.,-14.4558438086953));
#6839=CARTESIAN_POINT('Origin',(-12.8736233527385,4.,-12.3803455891159));
#6840=CARTESIAN_POINT('',(-8.50724883518456,4.,-14.5373148923378));
#6841=CARTESIAN_POINT('Origin',(-10.1063425538311,4.,-6.07153216591882E-15));
#6842=CARTESIAN_POINT('',(-9.56362019600502,4.,-12.0805651773754));
#6843=CARTESIAN_POINT('Origin',(-4.22908533815839,4.,-11.2422705690072));
#6844=CARTESIAN_POINT('',(-10.6490649116571,4.,-12.0805651773754));
#6845=CARTESIAN_POINT('Origin',(-10.1063425538311,4.,-6.07153216591882E-15));
#6846=CARTESIAN_POINT('',(-11.7054362724776,4.,-14.5373148923378));
#6847=CARTESIAN_POINT('Origin',(-15.9835997695038,4.,-11.2422705690073));
#6848=CARTESIAN_POINT('',(-12.3242705911233,4.,-14.4558438086953));
#6849=CARTESIAN_POINT('Origin',(-10.1063425538311,4.,-6.07153216591882E-15));
#6850=CARTESIAN_POINT('',(-12.7087933554095,4.,-11.8093967834036));
#6851=CARTESIAN_POINT('Origin',(-7.33906175492368,4.,-12.3803455891159));
#6852=CARTESIAN_POINT('',(-13.7572524392668,4.,-11.528463018587));
#6853=CARTESIAN_POINT('Origin',(-10.1063425538311,4.,-6.07153216591882E-15));
#6854=CARTESIAN_POINT('',(-15.4134824341179,4.,-13.6280919901162));
#6855=CARTESIAN_POINT('Origin',(-18.6930508196478,4.,-9.33805338835132));
#6856=CARTESIAN_POINT('',(-15.99014421662,4.,-13.3892308589016));
#6857=CARTESIAN_POINT('Origin',(-10.1063425538311,4.,-6.07153216591882E-15));
#6858=CARTESIAN_POINT('',(-15.6766137934397,4.,-10.7334375145938));
#6859=CARTESIAN_POINT('Origin',(-10.6376237849868,4.,-12.6747205168148));
#6860=CARTESIAN_POINT('',(-16.616636491598,4.,-10.1907151567678));
#6861=CARTESIAN_POINT('Origin',(-10.1063425538311,4.,-6.07153216591882E-15));
#6862=CARTESIAN_POINT('',(-18.75985578338,4.,-11.7901371402551));
#6863=CARTESIAN_POINT('Origin',(-20.8173318916827,4.,-6.79746330114209));
#6864=CARTESIAN_POINT('',(-19.2550464822396,4.,-11.410163952824));
#6865=CARTESIAN_POINT('Origin',(-10.1063425538311,4.,-6.07153216591882E-15));
#6866=CARTESIAN_POINT('',(-18.264829451799,4.,-8.92601221700861));
#6867=CARTESIAN_POINT('Origin',(-13.8999798771303,4.,-12.1053341872587));
#6868=CARTESIAN_POINT('',(-19.0323547708397,4.,-8.15848689796789));
#6869=CARTESIAN_POINT('Origin',(-10.1063425538311,4.,-6.07153216591882E-15));
#6870=CARTESIAN_POINT('',(-21.5165065066551,4.,-9.14870392840849));
#6871=CARTESIAN_POINT('Origin',(-22.2116767410898,4.,-3.79363732329927));
#6872=CARTESIAN_POINT('',(-21.8964796940862,4.,-8.65351322954891));
#6873=CARTESIAN_POINT('Origin',(-10.1063425538311,4.,-6.07153216591882E-15));
#6874=CARTESIAN_POINT('',(-20.2970577105989,4.,-6.51029393776688));
#6875=CARTESIAN_POINT('Origin',(-16.9038058549732,4.,-10.7109893378516));
#6876=CARTESIAN_POINT('',(-20.8397800684249,4.,-5.57027123960859));
#6877=CARTESIAN_POINT('Origin',(-10.1063425538311,4.,-6.07153216591882E-15));
#6878=CARTESIAN_POINT('',(-23.4955734127327,4.,-5.8838016627889));
#6879=CARTESIAN_POINT('Origin',(-22.7810630706459,4.,-0.531281231155693));
#6880=CARTESIAN_POINT('',(-23.7344345439473,4.,-5.30713988028682));
#6881=CARTESIAN_POINT('Origin',(-10.1063425538311,4.,-6.07153216591882E-15));
#6882=CARTESIAN_POINT('',(-21.6348055724181,4.,-3.65090988543577));
#6883=CARTESIAN_POINT('Origin',(-19.4443959421824,4.,-8.58670826581668));
#6884=CARTESIAN_POINT('',(-21.9157393372347,4.,-2.6024508015784));
#6885=CARTESIAN_POINT('Origin',(-10.1063425538311,4.,-6.07153216591882E-15));
#6886=CARTESIAN_POINT('',(-24.5621863625264,4.,-2.21792803729224));
#6887=CARTESIAN_POINT('Origin',(-22.486688142947,4.,2.76728079890739));
#6888=CARTESIAN_POINT('',(-24.6436574461689,4.,-1.59909371864652));
#6889=CARTESIAN_POINT('Origin',(-10.1063425538311,4.,-6.07153216591882E-15));
#6890=CARTESIAN_POINT('Origin',(-21.3486131228384,4.,-5.8772572156727));
#6891=CARTESIAN_POINT('',(-10.1063425538311,4.,1.74999999999999));
#6892=CARTESIAN_POINT('Origin',(-10.1063425538311,4.,-6.07153216591882E-15));
#6893=CARTESIAN_POINT('',(20.6436574461689,4.,1.74999999999999));
#6894=CARTESIAN_POINT('Origin',(20.6436574461689,4.,-6.07153216591882E-15));
#6895=CARTESIAN_POINT('Origin',(20.6436574461689,0.,-6.07153216591882E-15));
#6896=CARTESIAN_POINT('',(1.30569506276041,0.,3.99999999999999));
#6897=CARTESIAN_POINT('',(20.6436574461689,0.,4.));
#6898=CARTESIAN_POINT('',(1.30569506276041,0.,3.99999999999999));
#6899=CARTESIAN_POINT('',(-22.1869077312065,0.,-0.542722357826063));
#6900=CARTESIAN_POINT('Origin',(-10.1063425538311,0.,-6.07153216591882E-15));
#6901=CARTESIAN_POINT('',(-24.6436574461689,0.,-1.59909371864652));
#6902=CARTESIAN_POINT('Origin',(-21.3486131228384,0.,-5.8772572156727));
#6903=CARTESIAN_POINT('',(-24.5621863625264,0.,-2.21792803729224));
#6904=CARTESIAN_POINT('Origin',(-10.1063425538311,0.,-6.07153216591882E-15));
#6905=CARTESIAN_POINT('',(-21.9157393372347,0.,-2.6024508015784));
#6906=CARTESIAN_POINT('Origin',(-22.486688142947,0.,2.76728079890739));
#6907=CARTESIAN_POINT('',(-21.6348055724181,0.,-3.65090988543577));
#6908=CARTESIAN_POINT('Origin',(-10.1063425538311,0.,-6.07153216591882E-15));
#6909=CARTESIAN_POINT('',(-23.7344345439473,0.,-5.30713988028682));
#6910=CARTESIAN_POINT('Origin',(-19.4443959421824,0.,-8.58670826581668));
#6911=CARTESIAN_POINT('',(-23.4955734127327,0.,-5.8838016627889));
#6912=CARTESIAN_POINT('Origin',(-10.1063425538311,0.,-6.07153216591882E-15));
#6913=CARTESIAN_POINT('',(-20.8397800684249,0.,-5.57027123960859));
#6914=CARTESIAN_POINT('Origin',(-22.7810630706459,0.,-0.531281231155693));
#6915=CARTESIAN_POINT('',(-20.2970577105989,0.,-6.51029393776688));
#6916=CARTESIAN_POINT('Origin',(-10.1063425538311,0.,-6.07153216591882E-15));
#6917=CARTESIAN_POINT('',(-21.8964796940862,0.,-8.65351322954891));
#6918=CARTESIAN_POINT('Origin',(-16.9038058549732,0.,-10.7109893378516));
#6919=CARTESIAN_POINT('',(-21.5165065066551,0.,-9.14870392840849));
#6920=CARTESIAN_POINT('Origin',(-10.1063425538311,0.,-6.07153216591882E-15));
#6921=CARTESIAN_POINT('',(-19.0323547708397,0.,-8.15848689796789));
#6922=CARTESIAN_POINT('Origin',(-22.2116767410898,0.,-3.79363732329927));
#6923=CARTESIAN_POINT('',(-18.264829451799,0.,-8.92601221700861));
#6924=CARTESIAN_POINT('Origin',(-10.1063425538311,0.,-6.07153216591882E-15));
#6925=CARTESIAN_POINT('',(-19.2550464822396,0.,-11.410163952824));
#6926=CARTESIAN_POINT('Origin',(-13.8999798771303,0.,-12.1053341872587));
#6927=CARTESIAN_POINT('',(-18.75985578338,0.,-11.7901371402551));
#6928=CARTESIAN_POINT('Origin',(-10.1063425538311,0.,-6.07153216591882E-15));
#6929=CARTESIAN_POINT('',(-16.616636491598,0.,-10.1907151567678));
#6930=CARTESIAN_POINT('Origin',(-20.8173318916827,0.,-6.79746330114209));
#6931=CARTESIAN_POINT('',(-15.6766137934397,0.,-10.7334375145938));
#6932=CARTESIAN_POINT('Origin',(-10.1063425538311,0.,-6.07153216591882E-15));
#6933=CARTESIAN_POINT('',(-15.99014421662,0.,-13.3892308589016));
#6934=CARTESIAN_POINT('Origin',(-10.6376237849868,0.,-12.6747205168148));
#6935=CARTESIAN_POINT('',(-15.4134824341179,0.,-13.6280919901162));
#6936=CARTESIAN_POINT('Origin',(-10.1063425538311,0.,-6.07153216591882E-15));
#6937=CARTESIAN_POINT('',(-13.7572524392668,0.,-11.528463018587));
#6938=CARTESIAN_POINT('Origin',(-18.6930508196478,0.,-9.33805338835132));
#6939=CARTESIAN_POINT('',(-12.7087933554095,0.,-11.8093967834036));
#6940=CARTESIAN_POINT('Origin',(-10.1063425538311,0.,-6.07153216591882E-15));
#6941=CARTESIAN_POINT('',(-12.3242705911233,0.,-14.4558438086953));
#6942=CARTESIAN_POINT('Origin',(-7.33906175492368,0.,-12.3803455891159));
#6943=CARTESIAN_POINT('',(-11.7054362724776,0.,-14.5373148923378));
#6944=CARTESIAN_POINT('Origin',(-10.1063425538311,0.,-6.07153216591882E-15));
#6945=CARTESIAN_POINT('',(-10.6490649116571,0.,-12.0805651773754));
#6946=CARTESIAN_POINT('Origin',(-15.9835997695038,0.,-11.2422705690073));
#6947=CARTESIAN_POINT('',(-9.56362019600502,0.,-12.0805651773754));
#6948=CARTESIAN_POINT('Origin',(-10.1063425538311,0.,-6.07153216591882E-15));
#6949=CARTESIAN_POINT('',(-8.50724883518456,0.,-14.5373148923378));
#6950=CARTESIAN_POINT('Origin',(-4.22908533815839,0.,-11.2422705690072));
#6951=CARTESIAN_POINT('',(-7.88841451653883,0.,-14.4558438086953));
#6952=CARTESIAN_POINT('Origin',(-10.1063425538311,0.,-6.07153216591882E-15));
#6953=CARTESIAN_POINT('',(-7.50389175225268,0.,-11.8093967834036));
#6954=CARTESIAN_POINT('Origin',(-12.8736233527385,0.,-12.3803455891159));
#6955=CARTESIAN_POINT('',(-6.45543266839531,0.,-11.528463018587));
#6956=CARTESIAN_POINT('Origin',(-10.1063425538311,0.,-6.07153216591882E-15));
#6957=CARTESIAN_POINT('',(-4.79920267354426,0.,-13.6280919901162));
#6958=CARTESIAN_POINT('Origin',(-1.51963428801442,0.,-9.33805338835126));
#6959=CARTESIAN_POINT('',(-4.22254089104218,0.,-13.3892308589016));
#6960=CARTESIAN_POINT('Origin',(-10.1063425538311,0.,-6.07153216591882E-15));
#6961=CARTESIAN_POINT('',(-4.53607131422251,0.,-10.7334375145938));
#6962=CARTESIAN_POINT('Origin',(-9.57506132267539,0.,-12.6747205168148));
#6963=CARTESIAN_POINT('',(-3.59604861606421,0.,-10.1907151567677));
#6964=CARTESIAN_POINT('Origin',(-10.1063425538311,0.,-6.07153216591882E-15));
#6965=CARTESIAN_POINT('',(-1.45282932428218,0.,-11.7901371402551));
#6966=CARTESIAN_POINT('Origin',(0.604646784020486,0.,-6.79746330114202));
#6967=CARTESIAN_POINT('',(-0.957638625422602,0.,-11.4101639528239));
#6968=CARTESIAN_POINT('Origin',(-10.1063425538311,0.,-6.07153216591882E-15));
#6969=CARTESIAN_POINT('',(-1.9478556558632,0.,-8.92601221700855));
#6970=CARTESIAN_POINT('Origin',(-6.31270523053182,0.,-12.1053341872587));
#6971=CARTESIAN_POINT('',(-1.18033033682249,0.,-8.15848689796783));
#6972=CARTESIAN_POINT('Origin',(-10.1063425538311,0.,-6.07153216591882E-15));
#6973=CARTESIAN_POINT('',(1.30382139899291,0.,-9.1487039284084));
#6974=CARTESIAN_POINT('Origin',(1.9989916334276,0.,-3.79363732329918));
#6975=CARTESIAN_POINT('',(1.68379458642402,0.,-8.65351322954882));
#6976=CARTESIAN_POINT('Origin',(-10.1063425538311,0.,-6.07153216591882E-15));
#6977=CARTESIAN_POINT('',(0.0843726029366703,0.,-6.51029393776681));
#6978=CARTESIAN_POINT('Origin',(-3.30887925268899,0.,-10.7109893378515));
#6979=CARTESIAN_POINT('',(0.627094960762723,0.,-5.5702712396085));
#6980=CARTESIAN_POINT('Origin',(-10.1063425538311,0.,-6.07153216591882E-15));
#6981=CARTESIAN_POINT('',(3.28288830507051,0.,-5.88380166278881));
#6982=CARTESIAN_POINT('Origin',(2.56837796298364,0.,-0.531281231155605));
#6983=CARTESIAN_POINT('',(3.52174943628512,0.,-5.30713988028672));
#6984=CARTESIAN_POINT('Origin',(-10.1063425538311,0.,-6.07153216591882E-15));
#6985=CARTESIAN_POINT('',(2.08164193619438,0.,-4.00000000000001));
#6986=CARTESIAN_POINT('Origin',(-0.768289165479772,0.,-8.58670826581661));
#6987=CARTESIAN_POINT('',(20.6436574461689,0.,-4.00000000000001));
#6988=CARTESIAN_POINT('',(20.6436574461689,0.,-4.00000000000001));
#6989=CARTESIAN_POINT('Origin',(20.6436574461689,0.,-6.07153216591882E-15));
#6990=CARTESIAN_POINT('',(20.6436574461689,0.,1.74999999999999));
#6991=CARTESIAN_POINT('Origin',(20.6436574461689,0.,-6.07153216591882E-15));
#6992=CARTESIAN_POINT('',(-10.1063425538311,0.,1.74999999999999));
#6993=CARTESIAN_POINT('Origin',(-10.1063425538311,0.,-6.07153216591882E-15));
#6994=CARTESIAN_POINT('Origin',(20.6436574461689,4.,-6.07153216591882E-15));
#6995=CARTESIAN_POINT('',(20.6436574461689,4.,-4.00000000000001));
#6996=CARTESIAN_POINT('',(20.6436574461689,4.,4.));
#6997=CARTESIAN_POINT('Origin',(20.6436574461689,4.,-4.00000000000001));
#6998=CARTESIAN_POINT('',(2.08164193619438,4.,-4.00000000000001));
#6999=CARTESIAN_POINT('Origin',(-0.768289165479772,4.,-8.58670826581661));
#7000=CARTESIAN_POINT('',(3.52174943628512,4.,-5.30713988028672));
#7001=CARTESIAN_POINT('Origin',(-10.1063425538311,4.,-6.07153216591882E-15));
#7002=CARTESIAN_POINT('',(3.28288830507051,4.,-5.88380166278881));
#7003=CARTESIAN_POINT('Origin',(2.56837796298364,4.,-0.531281231155605));
#7004=CARTESIAN_POINT('',(0.627094960762723,4.,-5.5702712396085));
#7005=CARTESIAN_POINT('Origin',(-10.1063425538311,4.,-6.07153216591882E-15));
#7006=CARTESIAN_POINT('',(0.0843726029366703,4.,-6.51029393776681));
#7007=CARTESIAN_POINT('Origin',(-3.30887925268899,4.,-10.7109893378515));
#7008=CARTESIAN_POINT('',(1.68379458642402,4.,-8.65351322954882));
#7009=CARTESIAN_POINT('Origin',(-10.1063425538311,4.,-6.07153216591882E-15));
#7010=CARTESIAN_POINT('',(1.30382139899291,4.,-9.1487039284084));
#7011=CARTESIAN_POINT('Origin',(1.9989916334276,4.,-3.79363732329918));
#7012=CARTESIAN_POINT('',(-1.18033033682249,4.,-8.15848689796783));
#7013=CARTESIAN_POINT('Origin',(-10.1063425538311,4.,-6.07153216591882E-15));
#7014=CARTESIAN_POINT('',(-1.9478556558632,4.,-8.92601221700855));
#7015=CARTESIAN_POINT('Origin',(-6.31270523053182,4.,-12.1053341872587));
#7016=CARTESIAN_POINT('',(-0.957638625422602,4.,-11.4101639528239));
#7017=CARTESIAN_POINT('Origin',(-10.1063425538311,4.,-6.07153216591882E-15));
#7018=CARTESIAN_POINT('',(-1.45282932428218,4.,-11.7901371402551));
#7019=CARTESIAN_POINT('Origin',(0.604646784020486,4.,-6.79746330114202));
#7020=CARTESIAN_POINT('',(-3.59604861606421,4.,-10.1907151567677));
#7021=CARTESIAN_POINT('Origin',(-10.1063425538311,4.,-6.07153216591882E-15));
#7022=CARTESIAN_POINT('',(-4.53607131422251,4.,-10.7334375145938));
#7023=CARTESIAN_POINT('Origin',(-9.57506132267539,4.,-12.6747205168148));
#7024=CARTESIAN_POINT('',(-4.22254089104218,4.,-13.3892308589016));
#7025=CARTESIAN_POINT('Origin',(-10.1063425538311,4.,-6.07153216591882E-15));
#7026=CARTESIAN_POINT('',(-4.79920267354426,4.,-13.6280919901162));
#7027=CARTESIAN_POINT('Origin',(-1.51963428801442,4.,-9.33805338835126));
#7028=CARTESIAN_POINT('',(-6.45543266839531,4.,-11.528463018587));
#7029=CARTESIAN_POINT('Origin',(-10.1063425538311,4.,-6.07153216591882E-15));
#7030=CARTESIAN_POINT('',(-7.50389175225268,4.,-11.8093967834036));
#7031=CARTESIAN_POINT('Origin',(-12.8736233527385,4.,-12.3803455891159));
#7032=CARTESIAN_POINT('',(-7.88841451653883,4.,-14.4558438086953));
#7033=CARTESIAN_POINT('Origin',(-10.1063425538311,4.,-6.07153216591882E-15));
#7034=CARTESIAN_POINT('',(-8.50724883518456,4.,-14.5373148923378));
#7035=CARTESIAN_POINT('Origin',(-4.22908533815839,4.,-11.2422705690072));
#7036=CARTESIAN_POINT('',(-9.56362019600502,4.,-12.0805651773754));
#7037=CARTESIAN_POINT('Origin',(-10.1063425538311,4.,-6.07153216591882E-15));
#7038=CARTESIAN_POINT('',(-10.6490649116571,4.,-12.0805651773754));
#7039=CARTESIAN_POINT('Origin',(-15.9835997695038,4.,-11.2422705690073));
#7040=CARTESIAN_POINT('',(-11.7054362724776,4.,-14.5373148923378));
#7041=CARTESIAN_POINT('Origin',(-10.1063425538311,4.,-6.07153216591882E-15));
#7042=CARTESIAN_POINT('',(-12.3242705911233,4.,-14.4558438086953));
#7043=CARTESIAN_POINT('Origin',(-7.33906175492368,4.,-12.3803455891159));
#7044=CARTESIAN_POINT('',(-12.7087933554095,4.,-11.8093967834036));
#7045=CARTESIAN_POINT('Origin',(-10.1063425538311,4.,-6.07153216591882E-15));
#7046=CARTESIAN_POINT('',(-13.7572524392668,4.,-11.528463018587));
#7047=CARTESIAN_POINT('Origin',(-18.6930508196478,4.,-9.33805338835132));
#7048=CARTESIAN_POINT('',(-15.4134824341179,4.,-13.6280919901162));
#7049=CARTESIAN_POINT('Origin',(-10.1063425538311,4.,-6.07153216591882E-15));
#7050=CARTESIAN_POINT('',(-15.99014421662,4.,-13.3892308589016));
#7051=CARTESIAN_POINT('Origin',(-10.6376237849868,4.,-12.6747205168148));
#7052=CARTESIAN_POINT('',(-15.6766137934397,4.,-10.7334375145938));
#7053=CARTESIAN_POINT('Origin',(-10.1063425538311,4.,-6.07153216591882E-15));
#7054=CARTESIAN_POINT('',(-16.616636491598,4.,-10.1907151567678));
#7055=CARTESIAN_POINT('Origin',(-20.8173318916827,4.,-6.79746330114209));
#7056=CARTESIAN_POINT('',(-18.75985578338,4.,-11.7901371402551));
#7057=CARTESIAN_POINT('Origin',(-10.1063425538311,4.,-6.07153216591882E-15));
#7058=CARTESIAN_POINT('',(-19.2550464822396,4.,-11.410163952824));
#7059=CARTESIAN_POINT('Origin',(-13.8999798771303,4.,-12.1053341872587));
#7060=CARTESIAN_POINT('',(-18.264829451799,4.,-8.92601221700861));
#7061=CARTESIAN_POINT('Origin',(-10.1063425538311,4.,-6.07153216591882E-15));
#7062=CARTESIAN_POINT('',(-19.0323547708397,4.,-8.15848689796789));
#7063=CARTESIAN_POINT('Origin',(-22.2116767410898,4.,-3.79363732329927));
#7064=CARTESIAN_POINT('',(-21.5165065066551,4.,-9.14870392840849));
#7065=CARTESIAN_POINT('Origin',(-10.1063425538311,4.,-6.07153216591882E-15));
#7066=CARTESIAN_POINT('',(-21.8964796940862,4.,-8.65351322954891));
#7067=CARTESIAN_POINT('Origin',(-16.9038058549732,4.,-10.7109893378516));
#7068=CARTESIAN_POINT('',(-20.2970577105989,4.,-6.51029393776688));
#7069=CARTESIAN_POINT('Origin',(-10.1063425538311,4.,-6.07153216591882E-15));
#7070=CARTESIAN_POINT('',(-20.8397800684249,4.,-5.57027123960859));
#7071=CARTESIAN_POINT('Origin',(-22.7810630706459,4.,-0.531281231155693));
#7072=CARTESIAN_POINT('',(-23.4955734127327,4.,-5.8838016627889));
#7073=CARTESIAN_POINT('Origin',(-10.1063425538311,4.,-6.07153216591882E-15));
#7074=CARTESIAN_POINT('',(-23.7344345439473,4.,-5.30713988028682));
#7075=CARTESIAN_POINT('Origin',(-19.4443959421824,4.,-8.58670826581668));
#7076=CARTESIAN_POINT('',(-21.6348055724181,4.,-3.65090988543577));
#7077=CARTESIAN_POINT('Origin',(-10.1063425538311,4.,-6.07153216591882E-15));
#7078=CARTESIAN_POINT('',(-21.9157393372347,4.,-2.6024508015784));
#7079=CARTESIAN_POINT('Origin',(-22.486688142947,4.,2.76728079890739));
#7080=CARTESIAN_POINT('',(-24.5621863625264,4.,-2.21792803729224));
#7081=CARTESIAN_POINT('Origin',(-10.1063425538311,4.,-6.07153216591882E-15));
#7082=CARTESIAN_POINT('',(-24.6436574461689,4.,-1.59909371864652));
#7083=CARTESIAN_POINT('Origin',(-21.3486131228384,4.,-5.8772572156727));
#7084=CARTESIAN_POINT('',(-22.1869077312065,4.,-0.542722357826063));
#7085=CARTESIAN_POINT('Origin',(-10.1063425538311,4.,-6.07153216591882E-15));
#7086=CARTESIAN_POINT('',(1.30569506276041,0.,3.99999999999999));
#7087=CARTESIAN_POINT('Origin',(2.08164193619405,4.,3.99999999999999));
#7088=CARTESIAN_POINT('Origin',(-10.1063425538311,4.,-6.07153216591882E-15));
#7089=CARTESIAN_POINT('',(-10.1063425538311,4.,1.74999999999999));
#7090=CARTESIAN_POINT('Origin',(20.6436574461689,4.,-6.07153216591882E-15));
#7091=CARTESIAN_POINT('',(20.6436574461689,4.,1.74999999999999));
#7092=CARTESIAN_POINT('',(0.,0.,0.));
#7093=CARTESIAN_POINT('Origin',(20.6436574461689,4.,-6.07153216591882E-15));
#7094=CARTESIAN_POINT('',(2.08164193619438,4.,-4.00000000000001));
#7095=CARTESIAN_POINT('',(1.43808022007064,4.,-3.60012574501481));
#7096=CARTESIAN_POINT('',(2.08164193619438,4.,-4.00000000000001));
#7097=CARTESIAN_POINT('',(3.52174943628512,4.,-5.30713988028672));
#7098=CARTESIAN_POINT('Origin',(-0.768289165479772,4.,-8.58670826581661));
#7099=CARTESIAN_POINT('',(3.28288830507051,4.,-5.88380166278881));
#7100=CARTESIAN_POINT('Origin',(-10.1063425538311,4.,-6.07153216591882E-15));
#7101=CARTESIAN_POINT('',(0.627094960762723,4.,-5.5702712396085));
#7102=CARTESIAN_POINT('Origin',(2.56837796298364,4.,-0.531281231155605));
#7103=CARTESIAN_POINT('',(0.0843726029366703,4.,-6.51029393776681));
#7104=CARTESIAN_POINT('Origin',(-10.1063425538311,4.,-6.07153216591882E-15));
#7105=CARTESIAN_POINT('',(1.68379458642402,4.,-8.65351322954882));
#7106=CARTESIAN_POINT('Origin',(-3.30887925268899,4.,-10.7109893378515));
#7107=CARTESIAN_POINT('',(1.30382139899291,4.,-9.1487039284084));
#7108=CARTESIAN_POINT('Origin',(-10.1063425538311,4.,-6.07153216591882E-15));
#7109=CARTESIAN_POINT('',(-1.18033033682249,4.,-8.15848689796783));
#7110=CARTESIAN_POINT('Origin',(1.9989916334276,4.,-3.79363732329918));
#7111=CARTESIAN_POINT('',(-1.9478556558632,4.,-8.92601221700855));
#7112=CARTESIAN_POINT('Origin',(-10.1063425538311,4.,-6.07153216591882E-15));
#7113=CARTESIAN_POINT('',(-0.957638625422602,4.,-11.4101639528239));
#7114=CARTESIAN_POINT('Origin',(-6.31270523053182,4.,-12.1053341872587));
#7115=CARTESIAN_POINT('',(-1.45282932428218,4.,-11.7901371402551));
#7116=CARTESIAN_POINT('Origin',(-10.1063425538311,4.,-6.07153216591882E-15));
#7117=CARTESIAN_POINT('',(-3.59604861606421,4.,-10.1907151567677));
#7118=CARTESIAN_POINT('Origin',(0.604646784020486,4.,-6.79746330114202));
#7119=CARTESIAN_POINT('',(-4.53607131422251,4.,-10.7334375145938));
#7120=CARTESIAN_POINT('Origin',(-10.1063425538311,4.,-6.07153216591882E-15));
#7121=CARTESIAN_POINT('',(-4.22254089104218,4.,-13.3892308589016));
#7122=CARTESIAN_POINT('Origin',(-9.57506132267539,4.,-12.6747205168148));
#7123=CARTESIAN_POINT('',(-4.79920267354426,4.,-13.6280919901162));
#7124=CARTESIAN_POINT('Origin',(-10.1063425538311,4.,-6.07153216591882E-15));
#7125=CARTESIAN_POINT('',(-6.45543266839531,4.,-11.528463018587));
#7126=CARTESIAN_POINT('Origin',(-1.51963428801442,4.,-9.33805338835126));
#7127=CARTESIAN_POINT('',(-7.50389175225268,4.,-11.8093967834036));
#7128=CARTESIAN_POINT('Origin',(-10.1063425538311,4.,-6.07153216591882E-15));
#7129=CARTESIAN_POINT('',(-7.88841451653883,4.,-14.4558438086953));
#7130=CARTESIAN_POINT('Origin',(-12.8736233527385,4.,-12.3803455891159));
#7131=CARTESIAN_POINT('',(-8.50724883518456,4.,-14.5373148923378));
#7132=CARTESIAN_POINT('Origin',(-10.1063425538311,4.,-6.07153216591882E-15));
#7133=CARTESIAN_POINT('',(-9.56362019600502,4.,-12.0805651773754));
#7134=CARTESIAN_POINT('Origin',(-4.22908533815839,4.,-11.2422705690072));
#7135=CARTESIAN_POINT('',(-10.6490649116571,4.,-12.0805651773754));
#7136=CARTESIAN_POINT('Origin',(-10.1063425538311,4.,-6.07153216591882E-15));
#7137=CARTESIAN_POINT('',(-11.7054362724776,4.,-14.5373148923378));
#7138=CARTESIAN_POINT('Origin',(-15.9835997695038,4.,-11.2422705690073));
#7139=CARTESIAN_POINT('',(-12.3242705911233,4.,-14.4558438086953));
#7140=CARTESIAN_POINT('Origin',(-10.1063425538311,4.,-6.07153216591882E-15));
#7141=CARTESIAN_POINT('',(-12.7087933554095,4.,-11.8093967834036));
#7142=CARTESIAN_POINT('Origin',(-7.33906175492368,4.,-12.3803455891159));
#7143=CARTESIAN_POINT('',(-13.7572524392668,4.,-11.528463018587));
#7144=CARTESIAN_POINT('Origin',(-10.1063425538311,4.,-6.07153216591882E-15));
#7145=CARTESIAN_POINT('',(-15.4134824341179,4.,-13.6280919901162));
#7146=CARTESIAN_POINT('Origin',(-18.6930508196478,4.,-9.33805338835132));
#7147=CARTESIAN_POINT('',(-15.99014421662,4.,-13.3892308589016));
#7148=CARTESIAN_POINT('Origin',(-10.1063425538311,4.,-6.07153216591882E-15));
#7149=CARTESIAN_POINT('',(-15.6766137934397,4.,-10.7334375145938));
#7150=CARTESIAN_POINT('Origin',(-10.6376237849868,4.,-12.6747205168148));
#7151=CARTESIAN_POINT('',(-16.616636491598,4.,-10.1907151567678));
#7152=CARTESIAN_POINT('Origin',(-10.1063425538311,4.,-6.07153216591882E-15));
#7153=CARTESIAN_POINT('',(-18.75985578338,4.,-11.7901371402551));
#7154=CARTESIAN_POINT('Origin',(-20.8173318916827,4.,-6.79746330114209));
#7155=CARTESIAN_POINT('',(-19.2550464822396,4.,-11.410163952824));
#7156=CARTESIAN_POINT('Origin',(-10.1063425538311,4.,-6.07153216591882E-15));
#7157=CARTESIAN_POINT('',(-18.264829451799,4.,-8.92601221700861));
#7158=CARTESIAN_POINT('Origin',(-13.8999798771303,4.,-12.1053341872587));
#7159=CARTESIAN_POINT('',(-19.0323547708397,4.,-8.15848689796789));
#7160=CARTESIAN_POINT('Origin',(-10.1063425538311,4.,-6.07153216591882E-15));
#7161=CARTESIAN_POINT('',(-21.5165065066551,4.,-9.14870392840849));
#7162=CARTESIAN_POINT('Origin',(-22.2116767410898,4.,-3.79363732329927));
#7163=CARTESIAN_POINT('',(-21.8964796940862,4.,-8.65351322954891));
#7164=CARTESIAN_POINT('Origin',(-10.1063425538311,4.,-6.07153216591882E-15));
#7165=CARTESIAN_POINT('',(-20.2970577105989,4.,-6.51029393776688));
#7166=CARTESIAN_POINT('Origin',(-16.9038058549732,4.,-10.7109893378516));
#7167=CARTESIAN_POINT('',(-20.8397800684249,4.,-5.57027123960859));
#7168=CARTESIAN_POINT('Origin',(-10.1063425538311,4.,-6.07153216591882E-15));
#7169=CARTESIAN_POINT('',(-23.4955734127327,4.,-5.8838016627889));
#7170=CARTESIAN_POINT('Origin',(-22.7810630706459,4.,-0.531281231155693));
#7171=CARTESIAN_POINT('',(-23.7344345439473,4.,-5.30713988028682));
#7172=CARTESIAN_POINT('Origin',(-10.1063425538311,4.,-6.07153216591882E-15));
#7173=CARTESIAN_POINT('',(-21.6348055724181,4.,-3.65090988543577));
#7174=CARTESIAN_POINT('Origin',(-19.4443959421824,4.,-8.58670826581668));
#7175=CARTESIAN_POINT('',(-21.9428533754856,4.,-2.47620962992955));
#7176=CARTESIAN_POINT('Origin',(-10.1063425538311,4.,-6.07153216591882E-15));
#7177=CARTESIAN_POINT('',(-41.115376809956,4.,0.0479009652713737));
#7178=CARTESIAN_POINT('',(-21.9428533754856,4.,-2.47620962992955));
#7179=CARTESIAN_POINT('',(-40.0711672721956,4.,7.97945985626186));
#7180=CARTESIAN_POINT('Origin',(-40.5932720410758,4.,4.01368041076661));
#7181=CARTESIAN_POINT('',(-20.8986438377252,4.,5.45534926106093));
#7182=CARTESIAN_POINT('',(-20.8986438377252,4.,5.45534926106094));
#7183=CARTESIAN_POINT('',(1.97422262354431,4.,-0.542722357825997));
#7184=CARTESIAN_POINT('Origin',(-10.1063425538311,4.,-6.07153216591882E-15));
#7185=CARTESIAN_POINT('',(4.43097233850674,4.,-1.59909371864644));
#7186=CARTESIAN_POINT('Origin',(1.13592801517625,4.,-5.87725721567265));
#7187=CARTESIAN_POINT('',(4.34950125486424,4.,-2.21792803729217));
#7188=CARTESIAN_POINT('Origin',(-10.1063425538311,4.,-6.07153216591882E-15));
#7189=CARTESIAN_POINT('',(1.70305422957252,4.,-2.60245080157833));
#7190=CARTESIAN_POINT('Origin',(2.27400303528485,4.,2.76728079890745));
#7191=CARTESIAN_POINT('Origin',(-10.1063425538311,4.,-6.07153216591882E-15));
#7192=CARTESIAN_POINT('',(-40.5932720410758,4.,2.26368041076661));
#7193=CARTESIAN_POINT('Origin',(-40.5932720410758,4.,4.01368041076661));
#7194=CARTESIAN_POINT('',(-14.6063425538311,4.,-1.3));
#7195=CARTESIAN_POINT('Origin',(-14.6063425538311,4.,0.));
#7196=CARTESIAN_POINT('',(-5.60634255383112,4.,-1.3));
#7197=CARTESIAN_POINT('Origin',(-5.60634255383112,4.,0.));
#7198=CARTESIAN_POINT('',(-10.1063425538311,4.,-2.4));
#7199=CARTESIAN_POINT('Origin',(-10.1063425538311,4.,-6.07153216591882E-15));
#7200=CARTESIAN_POINT('Origin',(20.6436574461689,0.,-6.07153216591882E-15));
#7201=CARTESIAN_POINT('',(2.08164193619438,0.,-4.00000000000001));
#7202=CARTESIAN_POINT('',(3.52174943628512,0.,-5.30713988028672));
#7203=CARTESIAN_POINT('Origin',(-0.768289165479772,0.,-8.58670826581661));
#7204=CARTESIAN_POINT('',(1.43808022007064,0.,-3.60012574501481));
#7205=CARTESIAN_POINT('',(2.08164193619438,0.,-4.00000000000001));
#7206=CARTESIAN_POINT('',(1.70305422957252,0.,-2.60245080157833));
#7207=CARTESIAN_POINT('Origin',(-10.1063425538311,0.,-6.07153216591882E-15));
#7208=CARTESIAN_POINT('',(4.34950125486424,0.,-2.21792803729217));
#7209=CARTESIAN_POINT('Origin',(2.27400303528485,0.,2.76728079890745));
#7210=CARTESIAN_POINT('',(4.43097233850674,0.,-1.59909371864644));
#7211=CARTESIAN_POINT('Origin',(-10.1063425538311,0.,-6.07153216591882E-15));
#7212=CARTESIAN_POINT('',(1.97422262354431,0.,-0.542722357825997));
#7213=CARTESIAN_POINT('Origin',(1.13592801517625,0.,-5.87725721567265));
#7214=CARTESIAN_POINT('',(-20.8986438377252,0.,5.45534926106093));
#7215=CARTESIAN_POINT('Origin',(-10.1063425538311,0.,-6.07153216591882E-15));
#7216=CARTESIAN_POINT('',(-40.0711672721956,0.,7.97945985626186));
#7217=CARTESIAN_POINT('',(-20.8986438377252,0.,5.45534926106094));
#7218=CARTESIAN_POINT('',(-41.115376809956,0.,0.0479009652713737));
#7219=CARTESIAN_POINT('Origin',(-40.5932720410758,0.,4.01368041076661));
#7220=CARTESIAN_POINT('',(-21.9428533754856,0.,-2.47620962992955));
#7221=CARTESIAN_POINT('',(-21.9428533754856,0.,-2.47620962992955));
#7222=CARTESIAN_POINT('',(-21.6348055724181,0.,-3.65090988543577));
#7223=CARTESIAN_POINT('Origin',(-10.1063425538311,0.,-6.07153216591882E-15));
#7224=CARTESIAN_POINT('',(-23.7344345439473,0.,-5.30713988028682));
#7225=CARTESIAN_POINT('Origin',(-19.4443959421824,0.,-8.58670826581668));
#7226=CARTESIAN_POINT('',(-23.4955734127327,0.,-5.8838016627889));
#7227=CARTESIAN_POINT('Origin',(-10.1063425538311,0.,-6.07153216591882E-15));
#7228=CARTESIAN_POINT('',(-20.8397800684249,0.,-5.57027123960859));
#7229=CARTESIAN_POINT('Origin',(-22.7810630706459,0.,-0.531281231155693));
#7230=CARTESIAN_POINT('',(-20.2970577105989,0.,-6.51029393776688));
#7231=CARTESIAN_POINT('Origin',(-10.1063425538311,0.,-6.07153216591882E-15));
#7232=CARTESIAN_POINT('',(-21.8964796940862,0.,-8.65351322954891));
#7233=CARTESIAN_POINT('Origin',(-16.9038058549732,0.,-10.7109893378516));
#7234=CARTESIAN_POINT('',(-21.5165065066551,0.,-9.14870392840849));
#7235=CARTESIAN_POINT('Origin',(-10.1063425538311,0.,-6.07153216591882E-15));
#7236=CARTESIAN_POINT('',(-19.0323547708397,0.,-8.15848689796789));
#7237=CARTESIAN_POINT('Origin',(-22.2116767410898,0.,-3.79363732329927));
#7238=CARTESIAN_POINT('',(-18.264829451799,0.,-8.92601221700861));
#7239=CARTESIAN_POINT('Origin',(-10.1063425538311,0.,-6.07153216591882E-15));
#7240=CARTESIAN_POINT('',(-19.2550464822396,0.,-11.410163952824));
#7241=CARTESIAN_POINT('Origin',(-13.8999798771303,0.,-12.1053341872587));
#7242=CARTESIAN_POINT('',(-18.75985578338,0.,-11.7901371402551));
#7243=CARTESIAN_POINT('Origin',(-10.1063425538311,0.,-6.07153216591882E-15));
#7244=CARTESIAN_POINT('',(-16.616636491598,0.,-10.1907151567678));
#7245=CARTESIAN_POINT('Origin',(-20.8173318916827,0.,-6.79746330114209));
#7246=CARTESIAN_POINT('',(-15.6766137934397,0.,-10.7334375145938));
#7247=CARTESIAN_POINT('Origin',(-10.1063425538311,0.,-6.07153216591882E-15));
#7248=CARTESIAN_POINT('',(-15.99014421662,0.,-13.3892308589016));
#7249=CARTESIAN_POINT('Origin',(-10.6376237849868,0.,-12.6747205168148));
#7250=CARTESIAN_POINT('',(-15.4134824341179,0.,-13.6280919901162));
#7251=CARTESIAN_POINT('Origin',(-10.1063425538311,0.,-6.07153216591882E-15));
#7252=CARTESIAN_POINT('',(-13.7572524392668,0.,-11.528463018587));
#7253=CARTESIAN_POINT('Origin',(-18.6930508196478,0.,-9.33805338835132));
#7254=CARTESIAN_POINT('',(-12.7087933554095,0.,-11.8093967834036));
#7255=CARTESIAN_POINT('Origin',(-10.1063425538311,0.,-6.07153216591882E-15));
#7256=CARTESIAN_POINT('',(-12.3242705911233,0.,-14.4558438086953));
#7257=CARTESIAN_POINT('Origin',(-7.33906175492368,0.,-12.3803455891159));
#7258=CARTESIAN_POINT('',(-11.7054362724776,0.,-14.5373148923378));
#7259=CARTESIAN_POINT('Origin',(-10.1063425538311,0.,-6.07153216591882E-15));
#7260=CARTESIAN_POINT('',(-10.6490649116571,0.,-12.0805651773754));
#7261=CARTESIAN_POINT('Origin',(-15.9835997695038,0.,-11.2422705690073));
#7262=CARTESIAN_POINT('',(-9.56362019600502,0.,-12.0805651773754));
#7263=CARTESIAN_POINT('Origin',(-10.1063425538311,0.,-6.07153216591882E-15));
#7264=CARTESIAN_POINT('',(-8.50724883518456,0.,-14.5373148923378));
#7265=CARTESIAN_POINT('Origin',(-4.22908533815839,0.,-11.2422705690072));
#7266=CARTESIAN_POINT('',(-7.88841451653883,0.,-14.4558438086953));
#7267=CARTESIAN_POINT('Origin',(-10.1063425538311,0.,-6.07153216591882E-15));
#7268=CARTESIAN_POINT('',(-7.50389175225268,0.,-11.8093967834036));
#7269=CARTESIAN_POINT('Origin',(-12.8736233527385,0.,-12.3803455891159));
#7270=CARTESIAN_POINT('',(-6.45543266839531,0.,-11.528463018587));
#7271=CARTESIAN_POINT('Origin',(-10.1063425538311,0.,-6.07153216591882E-15));
#7272=CARTESIAN_POINT('',(-4.79920267354426,0.,-13.6280919901162));
#7273=CARTESIAN_POINT('Origin',(-1.51963428801442,0.,-9.33805338835126));
#7274=CARTESIAN_POINT('',(-4.22254089104218,0.,-13.3892308589016));
#7275=CARTESIAN_POINT('Origin',(-10.1063425538311,0.,-6.07153216591882E-15));
#7276=CARTESIAN_POINT('',(-4.53607131422251,0.,-10.7334375145938));
#7277=CARTESIAN_POINT('Origin',(-9.57506132267539,0.,-12.6747205168148));
#7278=CARTESIAN_POINT('',(-3.59604861606421,0.,-10.1907151567677));
#7279=CARTESIAN_POINT('Origin',(-10.1063425538311,0.,-6.07153216591882E-15));
#7280=CARTESIAN_POINT('',(-1.45282932428218,0.,-11.7901371402551));
#7281=CARTESIAN_POINT('Origin',(0.604646784020486,0.,-6.79746330114202));
#7282=CARTESIAN_POINT('',(-0.957638625422602,0.,-11.4101639528239));
#7283=CARTESIAN_POINT('Origin',(-10.1063425538311,0.,-6.07153216591882E-15));
#7284=CARTESIAN_POINT('',(-1.9478556558632,0.,-8.92601221700855));
#7285=CARTESIAN_POINT('Origin',(-6.31270523053182,0.,-12.1053341872587));
#7286=CARTESIAN_POINT('',(-1.18033033682249,0.,-8.15848689796783));
#7287=CARTESIAN_POINT('Origin',(-10.1063425538311,0.,-6.07153216591882E-15));
#7288=CARTESIAN_POINT('',(1.30382139899291,0.,-9.1487039284084));
#7289=CARTESIAN_POINT('Origin',(1.9989916334276,0.,-3.79363732329918));
#7290=CARTESIAN_POINT('',(1.68379458642402,0.,-8.65351322954882));
#7291=CARTESIAN_POINT('Origin',(-10.1063425538311,0.,-6.07153216591882E-15));
#7292=CARTESIAN_POINT('',(0.0843726029366703,0.,-6.51029393776681));
#7293=CARTESIAN_POINT('Origin',(-3.30887925268899,0.,-10.7109893378515));
#7294=CARTESIAN_POINT('',(0.627094960762723,0.,-5.5702712396085));
#7295=CARTESIAN_POINT('Origin',(-10.1063425538311,0.,-6.07153216591882E-15));
#7296=CARTESIAN_POINT('',(3.28288830507051,0.,-5.88380166278881));
#7297=CARTESIAN_POINT('Origin',(2.56837796298364,0.,-0.531281231155605));
#7298=CARTESIAN_POINT('Origin',(-10.1063425538311,0.,-6.07153216591882E-15));
#7299=CARTESIAN_POINT('',(-14.6063425538311,0.,-1.3));
#7300=CARTESIAN_POINT('Origin',(-14.6063425538311,0.,0.));
#7301=CARTESIAN_POINT('',(-5.60634255383112,0.,-1.3));
#7302=CARTESIAN_POINT('Origin',(-5.60634255383112,0.,0.));
#7303=CARTESIAN_POINT('',(-10.1063425538311,0.,-2.4));
#7304=CARTESIAN_POINT('Origin',(-10.1063425538311,0.,-6.07153216591882E-15));
#7305=CARTESIAN_POINT('',(-40.5932720410758,0.,2.26368041076661));
#7306=CARTESIAN_POINT('Origin',(-40.5932720410758,0.,4.01368041076661));
#7307=CARTESIAN_POINT('Origin',(-0.768289165479772,4.,-8.58670826581661));
#7308=CARTESIAN_POINT('',(3.52174943628512,4.,-5.30713988028672));
#7309=CARTESIAN_POINT('',(2.08164193619438,4.,-4.00000000000001));
#7310=CARTESIAN_POINT('Origin',(-10.1063425538311,4.,-6.07153216591882E-15));
#7311=CARTESIAN_POINT('',(3.28288830507051,4.,-5.88380166278881));
#7312=CARTESIAN_POINT('Origin',(2.56837796298364,4.,-0.531281231155605));
#7313=CARTESIAN_POINT('',(0.627094960762723,4.,-5.5702712396085));
#7314=CARTESIAN_POINT('Origin',(-10.1063425538311,4.,-6.07153216591882E-15));
#7315=CARTESIAN_POINT('',(0.0843726029366703,4.,-6.51029393776681));
#7316=CARTESIAN_POINT('Origin',(-3.30887925268899,4.,-10.7109893378515));
#7317=CARTESIAN_POINT('',(1.68379458642402,4.,-8.65351322954882));
#7318=CARTESIAN_POINT('Origin',(-10.1063425538311,4.,-6.07153216591882E-15));
#7319=CARTESIAN_POINT('',(1.30382139899291,4.,-9.1487039284084));
#7320=CARTESIAN_POINT('Origin',(1.9989916334276,4.,-3.79363732329918));
#7321=CARTESIAN_POINT('',(-1.18033033682249,4.,-8.15848689796783));
#7322=CARTESIAN_POINT('Origin',(-10.1063425538311,4.,-6.07153216591882E-15));
#7323=CARTESIAN_POINT('',(-1.9478556558632,4.,-8.92601221700855));
#7324=CARTESIAN_POINT('Origin',(-6.31270523053182,4.,-12.1053341872587));
#7325=CARTESIAN_POINT('',(-0.957638625422602,4.,-11.4101639528239));
#7326=CARTESIAN_POINT('Origin',(-10.1063425538311,4.,-6.07153216591882E-15));
#7327=CARTESIAN_POINT('',(-1.45282932428218,4.,-11.7901371402551));
#7328=CARTESIAN_POINT('Origin',(0.604646784020486,4.,-6.79746330114202));
#7329=CARTESIAN_POINT('',(-3.59604861606421,4.,-10.1907151567677));
#7330=CARTESIAN_POINT('Origin',(-10.1063425538311,4.,-6.07153216591882E-15));
#7331=CARTESIAN_POINT('',(-4.53607131422251,4.,-10.7334375145938));
#7332=CARTESIAN_POINT('Origin',(-9.57506132267539,4.,-12.6747205168148));
#7333=CARTESIAN_POINT('',(-4.22254089104218,4.,-13.3892308589016));
#7334=CARTESIAN_POINT('Origin',(-10.1063425538311,4.,-6.07153216591882E-15));
#7335=CARTESIAN_POINT('',(-4.79920267354426,4.,-13.6280919901162));
#7336=CARTESIAN_POINT('Origin',(-1.51963428801442,4.,-9.33805338835126));
#7337=CARTESIAN_POINT('',(-6.45543266839531,4.,-11.528463018587));
#7338=CARTESIAN_POINT('Origin',(-10.1063425538311,4.,-6.07153216591882E-15));
#7339=CARTESIAN_POINT('',(-7.50389175225268,4.,-11.8093967834036));
#7340=CARTESIAN_POINT('Origin',(-12.8736233527385,4.,-12.3803455891159));
#7341=CARTESIAN_POINT('',(-7.88841451653883,4.,-14.4558438086953));
#7342=CARTESIAN_POINT('Origin',(-10.1063425538311,4.,-6.07153216591882E-15));
#7343=CARTESIAN_POINT('',(-8.50724883518456,4.,-14.5373148923378));
#7344=CARTESIAN_POINT('Origin',(-4.22908533815839,4.,-11.2422705690072));
#7345=CARTESIAN_POINT('',(-9.56362019600502,4.,-12.0805651773754));
#7346=CARTESIAN_POINT('Origin',(-10.1063425538311,4.,-6.07153216591882E-15));
#7347=CARTESIAN_POINT('',(-10.6490649116571,4.,-12.0805651773754));
#7348=CARTESIAN_POINT('Origin',(-15.9835997695038,4.,-11.2422705690073));
#7349=CARTESIAN_POINT('',(-11.7054362724776,4.,-14.5373148923378));
#7350=CARTESIAN_POINT('Origin',(-10.1063425538311,4.,-6.07153216591882E-15));
#7351=CARTESIAN_POINT('',(-12.3242705911233,4.,-14.4558438086953));
#7352=CARTESIAN_POINT('Origin',(-7.33906175492368,4.,-12.3803455891159));
#7353=CARTESIAN_POINT('',(-12.7087933554095,4.,-11.8093967834036));
#7354=CARTESIAN_POINT('Origin',(-10.1063425538311,4.,-6.07153216591882E-15));
#7355=CARTESIAN_POINT('',(-13.7572524392668,4.,-11.528463018587));
#7356=CARTESIAN_POINT('Origin',(-18.6930508196478,4.,-9.33805338835132));
#7357=CARTESIAN_POINT('',(-15.4134824341179,4.,-13.6280919901162));
#7358=CARTESIAN_POINT('Origin',(-10.1063425538311,4.,-6.07153216591882E-15));
#7359=CARTESIAN_POINT('',(-15.99014421662,4.,-13.3892308589016));
#7360=CARTESIAN_POINT('Origin',(-10.6376237849868,4.,-12.6747205168148));
#7361=CARTESIAN_POINT('',(-15.6766137934397,4.,-10.7334375145938));
#7362=CARTESIAN_POINT('Origin',(-10.1063425538311,4.,-6.07153216591882E-15));
#7363=CARTESIAN_POINT('',(-16.616636491598,4.,-10.1907151567678));
#7364=CARTESIAN_POINT('Origin',(-20.8173318916827,4.,-6.79746330114209));
#7365=CARTESIAN_POINT('',(-18.75985578338,4.,-11.7901371402551));
#7366=CARTESIAN_POINT('Origin',(-10.1063425538311,4.,-6.07153216591882E-15));
#7367=CARTESIAN_POINT('',(-19.2550464822396,4.,-11.410163952824));
#7368=CARTESIAN_POINT('Origin',(-13.8999798771303,4.,-12.1053341872587));
#7369=CARTESIAN_POINT('',(-18.264829451799,4.,-8.92601221700861));
#7370=CARTESIAN_POINT('Origin',(-10.1063425538311,4.,-6.07153216591882E-15));
#7371=CARTESIAN_POINT('',(-19.0323547708397,4.,-8.15848689796789));
#7372=CARTESIAN_POINT('Origin',(-22.2116767410898,4.,-3.79363732329927));
#7373=CARTESIAN_POINT('',(-21.5165065066551,4.,-9.14870392840849));
#7374=CARTESIAN_POINT('Origin',(-10.1063425538311,4.,-6.07153216591882E-15));
#7375=CARTESIAN_POINT('',(-21.8964796940862,4.,-8.65351322954891));
#7376=CARTESIAN_POINT('Origin',(-16.9038058549732,4.,-10.7109893378516));
#7377=CARTESIAN_POINT('',(-20.2970577105989,4.,-6.51029393776688));
#7378=CARTESIAN_POINT('Origin',(-10.1063425538311,4.,-6.07153216591882E-15));
#7379=CARTESIAN_POINT('',(-20.8397800684249,4.,-5.57027123960859));
#7380=CARTESIAN_POINT('Origin',(-22.7810630706459,4.,-0.531281231155693));
#7381=CARTESIAN_POINT('',(-23.4955734127327,4.,-5.8838016627889));
#7382=CARTESIAN_POINT('Origin',(-10.1063425538311,4.,-6.07153216591882E-15));
#7383=CARTESIAN_POINT('',(-23.7344345439473,4.,-5.30713988028682));
#7384=CARTESIAN_POINT('Origin',(-19.4443959421824,4.,-8.58670826581668));
#7385=CARTESIAN_POINT('',(-21.6348055724181,4.,-3.65090988543577));
#7386=CARTESIAN_POINT('Origin',(-10.1063425538311,4.,-6.07153216591882E-15));
#7387=CARTESIAN_POINT('',(-21.9428533754856,0.,-2.47620962992955));
#7388=CARTESIAN_POINT('Origin',(-10.1063425538311,4.,-6.07153216591882E-15));
#7389=CARTESIAN_POINT('',(1.97422262354431,0.,-0.542722357825997));
#7390=CARTESIAN_POINT('',(-20.8986438377252,0.,5.45534926106093));
#7391=CARTESIAN_POINT('Origin',(-0.694287404760926,0.,-5.27363641012603));
#7392=CARTESIAN_POINT('',(-41.115376809956,0.,0.0479009652713737));
#7393=CARTESIAN_POINT('Origin',(0.349922132999496,0.,2.65792248086445));
#7394=CARTESIAN_POINT('',(-40.0711672721956,0.,7.97945985626186));
#7395=CARTESIAN_POINT('Origin',(-40.5932720410758,0.,4.01368041076661));
#7396=CARTESIAN_POINT('Origin',(-40.5932720410758,0.,4.01368041076661));
#7397=CARTESIAN_POINT('',(-40.5932720410758,0.,2.26368041076661));
#7398=CARTESIAN_POINT('Origin',(-10.1063425538311,0.,-6.07153216591882E-15));
#7399=CARTESIAN_POINT('',(4.43097233850674,0.,-1.59909371864644));
#7400=CARTESIAN_POINT('',(4.34950125486424,0.,-2.21792803729217));
#7401=CARTESIAN_POINT('Origin',(2.27400303528485,0.,2.76728079890745));
#7402=CARTESIAN_POINT('',(1.70305422957252,0.,-2.60245080157833));
#7403=CARTESIAN_POINT('Origin',(-10.1063425538311,0.,-6.07153216591882E-15));
#7404=CARTESIAN_POINT('',(1.43808022007064,0.,-3.60012574501481));
#7405=CARTESIAN_POINT('Origin',(-1.21330216155622,0.,-1.95270090918127));
#7406=CARTESIAN_POINT('Origin',(1.13592801517625,0.,-5.87725721567265));
#7407=CARTESIAN_POINT('Origin',(-10.1063425538311,-0.00100000000000013,
-6.07153216591882E-15));
#7408=CARTESIAN_POINT('',(-10.1063425538311,-0.00100000000000013,-2.4));
#7409=CARTESIAN_POINT('Origin',(-5.60634255383112,-0.00100000000000013,
0.));
#7410=CARTESIAN_POINT('',(-5.60634255383112,-0.00100000000000013,-1.3));
#7411=CARTESIAN_POINT('Origin',(-14.6063425538311,-0.00100000000000013,
0.));
#7412=CARTESIAN_POINT('',(-14.6063425538311,-0.00100000000000013,-1.3));
#7413=CARTESIAN_POINT('',(0.,0.,0.));
#7414=CARTESIAN_POINT('Origin',(8.5,5.,-27.));
#7415=CARTESIAN_POINT('',(0.,0.502127655445501,-29.1838370754458));
#7416=CARTESIAN_POINT('',(8.5,0.502127655445501,-29.1838370754458));
#7417=CARTESIAN_POINT('',(0.,0.502127655445501,-29.1838370754458));
#7418=CARTESIAN_POINT('',(8.5,-4.33680868994202E-16,-27.));
#7419=CARTESIAN_POINT('Origin',(8.5,5.,-27.));
#7420=CARTESIAN_POINT('',(0.,-4.33680868994202E-16,-27.));
#7421=CARTESIAN_POINT('',(8.5,-4.33680868994202E-16,-27.));
#7422=CARTESIAN_POINT('Origin',(0.,5.,-27.));
#7423=CARTESIAN_POINT('Origin',(8.5,10.,0.));
#7424=CARTESIAN_POINT('',(0.,10.,-13.6949747586838));
#7425=CARTESIAN_POINT('',(8.5,10.,-13.6949747586838));
#7426=CARTESIAN_POINT('',(0.,10.,-13.6949747586838));
#7427=CARTESIAN_POINT('',(0.,10.,-5.));
#7428=CARTESIAN_POINT('',(0.,10.,-5.));
#7429=CARTESIAN_POINT('',(8.5,10.,-5.));
#7430=CARTESIAN_POINT('',(8.5,10.,-5.));
#7431=CARTESIAN_POINT('',(8.5,10.,-5.));
#7432=CARTESIAN_POINT('Origin',(8.5,5.,-5.));
#7433=CARTESIAN_POINT('',(0.,1.30104260698261E-15,-5.));
#7434=CARTESIAN_POINT('Origin',(0.,5.,-5.));
#7435=CARTESIAN_POINT('',(8.5,1.30104260698261E-15,-5.));
#7436=CARTESIAN_POINT('',(8.5,1.30104260698261E-15,-5.));
#7437=CARTESIAN_POINT('Origin',(8.5,5.,-5.));
#7438=CARTESIAN_POINT('Origin',(8.5,0.,0.));
#7439=CARTESIAN_POINT('',(0.,0.,-5.));
#7440=CARTESIAN_POINT('',(8.5,0.,-5.));
#7441=CARTESIAN_POINT('Origin',(8.5,5.,-5.));
#7442=CARTESIAN_POINT('',(8.5,5.,-6.75));
#7443=CARTESIAN_POINT('Origin',(8.5,5.,-5.));
#7444=CARTESIAN_POINT('',(0.,5.,-6.75));
#7445=CARTESIAN_POINT('',(8.5,5.,-6.75));
#7446=CARTESIAN_POINT('Origin',(0.,5.,-5.));
#7447=CARTESIAN_POINT('Origin',(8.5,5.,-27.));
#7448=CARTESIAN_POINT('',(8.5,5.,-28.75));
#7449=CARTESIAN_POINT('Origin',(8.5,5.,-27.));
#7450=CARTESIAN_POINT('',(0.,5.,-28.75));
#7451=CARTESIAN_POINT('',(8.5,5.,-28.75));
#7452=CARTESIAN_POINT('Origin',(0.,5.,-27.));
#7453=CARTESIAN_POINT('Origin',(8.5,0.,0.));
#7454=CARTESIAN_POINT('',(8.5,4.82408407678908,-38.0854206599091));
#7455=CARTESIAN_POINT('',(8.5,0.502127655445501,-29.1838370754458));
#7456=CARTESIAN_POINT('',(8.5,11.0678436667493,-57.9480004086976));
#7457=CARTESIAN_POINT('Ctrl Pts',(8.5,4.82408407678908,-38.0854206599091));
#7458=CARTESIAN_POINT('Ctrl Pts',(8.5,11.8952224566425,-46.7975095094647));
#7459=CARTESIAN_POINT('Ctrl Pts',(8.5,11.0678436667493,-57.9480004086976));
#7460=CARTESIAN_POINT('',(8.5,14.1895184762162,-65.3138096910467));
#7461=CARTESIAN_POINT('',(8.5,11.0678436667493,-57.9480004086976));
#7462=CARTESIAN_POINT('',(8.5,17.8724231173908,-63.7529722863132));
#7463=CARTESIAN_POINT('',(8.5,14.1895184762162,-65.3138096910467));
#7464=CARTESIAN_POINT('Ctrl Pts',(8.5,17.8724231173908,-63.7529722863132));
#7465=CARTESIAN_POINT('Ctrl Pts',(8.5,26.563787962677,-45.9288826779558));
#7466=CARTESIAN_POINT('Ctrl Pts',(8.5,10.,-31.059268620705));
#7467=CARTESIAN_POINT('Ctrl Pts',(8.5,10.,-13.6949747586838));
#7468=CARTESIAN_POINT('Origin',(0.,0.,0.));
#7469=CARTESIAN_POINT('',(0.,17.8724231173908,-63.7529722863132));
#7470=CARTESIAN_POINT('Ctrl Pts',(0.,17.8724231173908,-63.7529722863132));
#7471=CARTESIAN_POINT('Ctrl Pts',(0.,26.563787962677,-45.9288826779558));
#7472=CARTESIAN_POINT('Ctrl Pts',(0.,10.,-31.059268620705));
#7473=CARTESIAN_POINT('Ctrl Pts',(0.,10.,-13.6949747586838));
#7474=CARTESIAN_POINT('',(0.,14.1895184762162,-65.3138096910467));
#7475=CARTESIAN_POINT('',(0.,14.1895184762162,-65.3138096910467));
#7476=CARTESIAN_POINT('',(0.,11.0678436667493,-57.9480004086976));
#7477=CARTESIAN_POINT('',(0.,11.0678436667493,-57.9480004086976));
#7478=CARTESIAN_POINT('',(0.,4.82408407678908,-38.0854206599091));
#7479=CARTESIAN_POINT('Ctrl Pts',(0.,4.82408407678908,-38.0854206599091));
#7480=CARTESIAN_POINT('Ctrl Pts',(0.,11.8952224566425,-46.7975095094647));
#7481=CARTESIAN_POINT('Ctrl Pts',(0.,11.0678436667493,-57.9480004086976));
#7482=CARTESIAN_POINT('',(0.,0.502127655445501,-29.1838370754458));
#7483=CARTESIAN_POINT('Origin',(0.,25.6262249672031,-60.4668638650484));
#7484=CARTESIAN_POINT('',(0.,14.1895184762162,-65.3138096910467));
#7485=CARTESIAN_POINT('',(0.,17.8724231173908,-63.7529722863132));
#7486=CARTESIAN_POINT('Origin',(0.,-11.4367064909869,-4.84694582599828));
#7487=CARTESIAN_POINT('',(0.,11.0678436667493,-57.9480004086976));
#7488=CARTESIAN_POINT('Ctrl Pts',(0.,4.82408407678908,-38.0854206599091));
#7489=CARTESIAN_POINT('Ctrl Pts',(10.2,4.82408407678908,-38.0854206599091));
#7490=CARTESIAN_POINT('Ctrl Pts',(0.,9.53817633002466,-43.8934798929462));
#7491=CARTESIAN_POINT('Ctrl Pts',(10.2,9.53817633002466,-43.8934798929462));
#7492=CARTESIAN_POINT('Ctrl Pts',(0.,11.6194295266781,-50.514339809209));
#7493=CARTESIAN_POINT('Ctrl Pts',(10.2,11.6194295266781,-50.514339809209));
#7494=CARTESIAN_POINT('Ctrl Pts',(0.,11.0678436667493,-57.9480004086976));
#7495=CARTESIAN_POINT('Ctrl Pts',(10.2,11.0678436667493,-57.9480004086976));
#7496=CARTESIAN_POINT('',(0.,4.82408407678908,-38.0854206599091));
#7497=CARTESIAN_POINT('Origin',(0.,-11.0601312365663,-5.36998891997289));
#7498=CARTESIAN_POINT('Ctrl Pts',(0.,17.8724231173908,-63.7529722863132));
#7499=CARTESIAN_POINT('Ctrl Pts',(10.2,17.8724231173908,-63.7529722863132));
#7500=CARTESIAN_POINT('Ctrl Pts',(0.,26.563787962677,-45.9288826779558));
#7501=CARTESIAN_POINT('Ctrl Pts',(10.2,26.563787962677,-45.9288826779558));
#7502=CARTESIAN_POINT('Ctrl Pts',(0.,10.,-31.059268620705));
#7503=CARTESIAN_POINT('Ctrl Pts',(10.2,10.,-31.059268620705));
#7504=CARTESIAN_POINT('Ctrl Pts',(0.,10.,-13.6949747586838));
#7505=CARTESIAN_POINT('Ctrl Pts',(10.2,10.,-13.6949747586838));
#7506=CARTESIAN_POINT('',(0.,0.,0.));
#7507=CARTESIAN_POINT('',(13.,8.99999999999999,-5.));
#7508=CARTESIAN_POINT('',(23.,9.00000000000001,-5.00000000000001));
#7509=CARTESIAN_POINT('',(26.8,-21.6,-25.));
#7510=CARTESIAN_POINT('',(-4.3619284219987,5.,-21.1931041468474));
#7511=CARTESIAN_POINT('',(23.1343036094075,5.,-30.0299827637212));
#7512=CARTESIAN_POINT('',(-20.6276626274339,5.00000000000001,-19.8850127028919));
#7513=CARTESIAN_POINT('',(57.7293098973511,-3.49999999999999,-19.8790732280633));
#7514=UNCERTAINTY_MEASURE_WITH_UNIT(LENGTH_MEASURE(0.01),#7530,
'DISTANCE_ACCURACY_VALUE',
'Maximum model space distance between geometric entities at asserted c
onnectivities');
#7515=UNCERTAINTY_MEASURE_WITH_UNIT(LENGTH_MEASURE(0.01),#7530,
'DISTANCE_ACCURACY_VALUE',
'Maximum model space distance between geometric entities at asserted c
onnectivities');
#7516=UNCERTAINTY_MEASURE_WITH_UNIT(LENGTH_MEASURE(0.01),#7530,
'DISTANCE_ACCURACY_VALUE',
'Maximum model space distance between geometric entities at asserted c
onnectivities');
#7517=UNCERTAINTY_MEASURE_WITH_UNIT(LENGTH_MEASURE(0.01),#7530,
'DISTANCE_ACCURACY_VALUE',
'Maximum model space distance between geometric entities at asserted c
onnectivities');
#7518=UNCERTAINTY_MEASURE_WITH_UNIT(LENGTH_MEASURE(0.01),#7530,
'DISTANCE_ACCURACY_VALUE',
'Maximum model space distance between geometric entities at asserted c
onnectivities');
#7519=UNCERTAINTY_MEASURE_WITH_UNIT(LENGTH_MEASURE(0.01),#7530,
'DISTANCE_ACCURACY_VALUE',
'Maximum model space distance between geometric entities at asserted c
onnectivities');
#7520=UNCERTAINTY_MEASURE_WITH_UNIT(LENGTH_MEASURE(0.01),#7530,
'DISTANCE_ACCURACY_VALUE',
'Maximum model space distance between geometric entities at asserted c
onnectivities');
#7521=UNCERTAINTY_MEASURE_WITH_UNIT(LENGTH_MEASURE(0.01),#7530,
'DISTANCE_ACCURACY_VALUE',
'Maximum model space distance between geometric entities at asserted c
onnectivities');
#7522=(
GEOMETRIC_REPRESENTATION_CONTEXT(3)
GLOBAL_UNCERTAINTY_ASSIGNED_CONTEXT((#7514))
GLOBAL_UNIT_ASSIGNED_CONTEXT((#7530,#7532,#7533))
REPRESENTATION_CONTEXT('','3D')
);
#7523=(
GEOMETRIC_REPRESENTATION_CONTEXT(3)
GLOBAL_UNCERTAINTY_ASSIGNED_CONTEXT((#7515))
GLOBAL_UNIT_ASSIGNED_CONTEXT((#7530,#7532,#7533))
REPRESENTATION_CONTEXT('','3D')
);
#7524=(
GEOMETRIC_REPRESENTATION_CONTEXT(3)
GLOBAL_UNCERTAINTY_ASSIGNED_CONTEXT((#7516))
GLOBAL_UNIT_ASSIGNED_CONTEXT((#7530,#7532,#7533))
REPRESENTATION_CONTEXT('','3D')
);
#7525=(
GEOMETRIC_REPRESENTATION_CONTEXT(3)
GLOBAL_UNCERTAINTY_ASSIGNED_CONTEXT((#7517))
GLOBAL_UNIT_ASSIGNED_CONTEXT((#7530,#7532,#7533))
REPRESENTATION_CONTEXT('','3D')
);
#7526=(
GEOMETRIC_REPRESENTATION_CONTEXT(3)
GLOBAL_UNCERTAINTY_ASSIGNED_CONTEXT((#7518))
GLOBAL_UNIT_ASSIGNED_CONTEXT((#7530,#7532,#7533))
REPRESENTATION_CONTEXT('','3D')
);
#7527=(
GEOMETRIC_REPRESENTATION_CONTEXT(3)
GLOBAL_UNCERTAINTY_ASSIGNED_CONTEXT((#7519))
GLOBAL_UNIT_ASSIGNED_CONTEXT((#7530,#7532,#7533))
REPRESENTATION_CONTEXT('','3D')
);
#7528=(
GEOMETRIC_REPRESENTATION_CONTEXT(3)
GLOBAL_UNCERTAINTY_ASSIGNED_CONTEXT((#7520))
GLOBAL_UNIT_ASSIGNED_CONTEXT((#7530,#7532,#7533))
REPRESENTATION_CONTEXT('','3D')
);
#7529=(
GEOMETRIC_REPRESENTATION_CONTEXT(3)
GLOBAL_UNCERTAINTY_ASSIGNED_CONTEXT((#7521))
GLOBAL_UNIT_ASSIGNED_CONTEXT((#7530,#7532,#7533))
REPRESENTATION_CONTEXT('','3D')
);
#7530=(
LENGTH_UNIT()
NAMED_UNIT(*)
SI_UNIT(.MILLI.,.METRE.)
);
#7531=(
LENGTH_UNIT()
NAMED_UNIT(*)
SI_UNIT($,.METRE.)
);
#7532=(
NAMED_UNIT(*)
PLANE_ANGLE_UNIT()
SI_UNIT($,.RADIAN.)
);
#7533=(
NAMED_UNIT(*)
SI_UNIT($,.STERADIAN.)
SOLID_ANGLE_UNIT()
);
#7534=SHAPE_DEFINITION_REPRESENTATION(#7541,#7556);
#7535=SHAPE_DEFINITION_REPRESENTATION(#7542,#7557);
#7536=SHAPE_DEFINITION_REPRESENTATION(#7543,#7558);
#7537=SHAPE_DEFINITION_REPRESENTATION(#7544,#7559);
#7538=SHAPE_DEFINITION_REPRESENTATION(#7545,#7560);
#7539=SHAPE_DEFINITION_REPRESENTATION(#7546,#7561);
#7540=SHAPE_DEFINITION_REPRESENTATION(#7547,#7562);
#7541=PRODUCT_DEFINITION_SHAPE('',$,#7564);
#7542=PRODUCT_DEFINITION_SHAPE('',$,#7565);
#7543=PRODUCT_DEFINITION_SHAPE('',$,#7566);
#7544=PRODUCT_DEFINITION_SHAPE('',$,#7567);
#7545=PRODUCT_DEFINITION_SHAPE('',$,#7568);
#7546=PRODUCT_DEFINITION_SHAPE('',$,#7569);
#7547=PRODUCT_DEFINITION_SHAPE('',$,#7570);
#7548=PRODUCT_DEFINITION_SHAPE($,$,#35);
#7549=PRODUCT_DEFINITION_SHAPE($,$,#36);
#7550=PRODUCT_DEFINITION_SHAPE($,$,#37);
#7551=PRODUCT_DEFINITION_SHAPE($,$,#38);
#7552=PRODUCT_DEFINITION_SHAPE($,$,#39);
#7553=PRODUCT_DEFINITION_SHAPE($,$,#40);
#7554=PRODUCT_DEFINITION_SHAPE($,$,#41);
#7555=PRODUCT_DEFINITION_SHAPE($,$,#42);
#7556=SHAPE_REPRESENTATION('',(#4307,#4837,#4838,#4839,#4840,#4841,#4842,
#4843,#4844),#7522);
#7557=SHAPE_REPRESENTATION('',(#4308),#7523);
#7558=SHAPE_REPRESENTATION('',(#4424),#7524);
#7559=SHAPE_REPRESENTATION('',(#4453),#7525);
#7560=SHAPE_REPRESENTATION('',(#4515),#7526);
#7561=SHAPE_REPRESENTATION('',(#4661),#7527);
#7562=SHAPE_REPRESENTATION('',(#4817),#7528);
#7563=PRODUCT_DEFINITION_CONTEXT('part definition',#7586,'design');
#7564=PRODUCT_DEFINITION('2026-09-14-23-54-43-300','Gripper_Assembled',
#7571,#7563);
#7565=PRODUCT_DEFINITION('2026-09-14-18-17-33-609','Gripper base',#7572,
#7563);
#7566=PRODUCT_DEFINITION('2026-09-14-23-52-15-125','grip link',#7573,#7563);
#7567=PRODUCT_DEFINITION('2026-09-15-00-11-31-412',
'Servo_Motor_Micro_9g',#7574,#7563);
#7568=PRODUCT_DEFINITION('2026-09-14-18-19-56-260','gear1',#7575,#7563);
#7569=PRODUCT_DEFINITION('2026-09-14-18-19-18-962','gear2',#7576,#7563);
#7570=PRODUCT_DEFINITION('2026-09-14-23-53-39-526','Finger',#7577,#7563);
#7571=PRODUCT_DEFINITION_FORMATION('',$,#7588);
#7572=PRODUCT_DEFINITION_FORMATION('',$,#7589);
#7573=PRODUCT_DEFINITION_FORMATION('',$,#7590);
#7574=PRODUCT_DEFINITION_FORMATION('',$,#7591);
#7575=PRODUCT_DEFINITION_FORMATION('',$,#7592);
#7576=PRODUCT_DEFINITION_FORMATION('',$,#7593);
#7577=PRODUCT_DEFINITION_FORMATION('',$,#7594);
#7578=PRODUCT_RELATED_PRODUCT_CATEGORY('Gripper_Assembled',
'Gripper_Assembled',(#7588));
#7579=PRODUCT_RELATED_PRODUCT_CATEGORY('Gripper base','Gripper base',(#7589));
#7580=PRODUCT_RELATED_PRODUCT_CATEGORY('grip link','grip link',(#7590));
#7581=PRODUCT_RELATED_PRODUCT_CATEGORY('Servo_Motor_Micro_9g',
'Servo_Motor_Micro_9g',(#7591));
#7582=PRODUCT_RELATED_PRODUCT_CATEGORY('gear1','gear1',(#7592));
#7583=PRODUCT_RELATED_PRODUCT_CATEGORY('gear2','gear2',(#7593));
#7584=PRODUCT_RELATED_PRODUCT_CATEGORY('Finger','Finger',(#7594));
#7585=APPLICATION_PROTOCOL_DEFINITION('international standard',
'automotive_design',2009,#7586);
#7586=APPLICATION_CONTEXT(
'Core Data for Automotive Mechanical Design Process');
#7587=PRODUCT_CONTEXT('part definition',#7586,'mechanical');
#7588=PRODUCT('2026-09-14-23-54-43-300','Gripper_Assembled',$,(#7587));
#7589=PRODUCT('2026-09-14-18-17-33-609','Gripper base',$,(#7587));
#7590=PRODUCT('2026-09-14-23-52-15-125','grip link',$,(#7587));
#7591=PRODUCT('2026-09-15-00-11-31-412','Servo_Motor_Micro_9g',$,(#7587));
#7592=PRODUCT('2026-09-14-18-19-56-260','gear1',$,(#7587));
#7593=PRODUCT('2026-09-14-18-19-18-962','gear2',$,(#7587));
#7594=PRODUCT('2026-09-14-23-53-39-526','Finger',$,(#7587));
#7595=PRESENTATION_STYLE_ASSIGNMENT((#7603));
#7596=PRESENTATION_STYLE_ASSIGNMENT((#7604));
#7597=PRESENTATION_STYLE_ASSIGNMENT((#7605));
#7598=PRESENTATION_STYLE_ASSIGNMENT((#7606));
#7599=PRESENTATION_STYLE_ASSIGNMENT((#7607));
#7600=PRESENTATION_STYLE_ASSIGNMENT((#7608));
#7601=PRESENTATION_STYLE_ASSIGNMENT((#7609));
#7602=PRESENTATION_STYLE_ASSIGNMENT((#7610));
#7603=SURFACE_STYLE_USAGE(.BOTH.,#7611);
#7604=SURFACE_STYLE_USAGE(.BOTH.,#7612);
#7605=SURFACE_STYLE_USAGE(.BOTH.,#7613);
#7606=SURFACE_STYLE_USAGE(.BOTH.,#7614);
#7607=SURFACE_STYLE_USAGE(.BOTH.,#7615);
#7608=SURFACE_STYLE_USAGE(.BOTH.,#7616);
#7609=SURFACE_STYLE_USAGE(.BOTH.,#7617);
#7610=SURFACE_STYLE_USAGE(.BOTH.,#7618);
#7611=SURFACE_SIDE_STYLE('',(#7619));
#7612=SURFACE_SIDE_STYLE('',(#7620));
#7613=SURFACE_SIDE_STYLE('',(#7621));
#7614=SURFACE_SIDE_STYLE('',(#7622));
#7615=SURFACE_SIDE_STYLE('',(#7623));
#7616=SURFACE_SIDE_STYLE('',(#7624));
#7617=SURFACE_SIDE_STYLE('',(#7625));
#7618=SURFACE_SIDE_STYLE('',(#7626));
#7619=SURFACE_STYLE_FILL_AREA(#7627);
#7620=SURFACE_STYLE_FILL_AREA(#7628);
#7621=SURFACE_STYLE_FILL_AREA(#7629);
#7622=SURFACE_STYLE_FILL_AREA(#7630);
#7623=SURFACE_STYLE_FILL_AREA(#7631);
#7624=SURFACE_STYLE_FILL_AREA(#7632);
#7625=SURFACE_STYLE_FILL_AREA(#7633);
#7626=SURFACE_STYLE_FILL_AREA(#7634);
#7627=FILL_AREA_STYLE('Steel - Satin',(#7635));
#7628=FILL_AREA_STYLE('Opaque(255,255,255)',(#7636));
#7629=FILL_AREA_STYLE('Aluminum - Anodized Rough (Blue)',(#7637));
#7630=FILL_AREA_STYLE('Aluminum - Anodized Rough (Red)',(#7638));
#7631=FILL_AREA_STYLE('Opaque(158,104,51)',(#7639));
#7632=FILL_AREA_STYLE('Opaque(123,17,17)',(#7640));
#7633=FILL_AREA_STYLE('Opaque(68,68,68)',(#7641));
#7634=FILL_AREA_STYLE('ABS (White)',(#7642));
#7635=FILL_AREA_STYLE_COLOUR('Steel - Satin',#7643);
#7636=FILL_AREA_STYLE_COLOUR('Opaque(255,255,255)',#7644);
#7637=FILL_AREA_STYLE_COLOUR('Aluminum - Anodized Rough (Blue)',#7645);
#7638=FILL_AREA_STYLE_COLOUR('Aluminum - Anodized Rough (Red)',#7646);
#7639=FILL_AREA_STYLE_COLOUR('Opaque(158,104,51)',#7647);
#7640=FILL_AREA_STYLE_COLOUR('Opaque(123,17,17)',#7648);
#7641=FILL_AREA_STYLE_COLOUR('Opaque(68,68,68)',#7649);
#7642=FILL_AREA_STYLE_COLOUR('ABS (White)',#7650);
#7643=COLOUR_RGB('Steel - Satin',0.627450980392157,0.627450980392157,0.627450980392157);
#7644=COLOUR_RGB('Opaque(255,255,255)',1.,1.,1.);
#7645=COLOUR_RGB('Aluminum - Anodized Rough (Blue)',0.349019607843137,0.584313725490196,
0.854901960784314);
#7646=COLOUR_RGB('Aluminum - Anodized Rough (Red)',0.854901960784314,0.349019607843137,
0.349019607843137);
#7647=COLOUR_RGB('Opaque(158,104,51)',0.619607843137255,0.407843137254902,
0.2);
#7648=COLOUR_RGB('Opaque(123,17,17)',0.486274509803922,0.0705882352941176,
0.0705882352941176);
#7649=COLOUR_RGB('Opaque(68,68,68)',0.266666666666667,0.266666666666667,
0.266666666666667);
#7650=COLOUR_RGB('ABS (White)',0.964705882352941,0.964705882352941,0.952941176470588);
ENDSEC;
END-ISO-10303-21;
