ISO-10303-21;
HEADER;
/* Generated by software containing ST-Developer
 * from STEP Tools, Inc. (www.steptools.com) 
 */

FILE_DESCRIPTION(
/* description */ (''),
/* implementation_level */ '2;1');

FILE_NAME(
/* name */ 'link_1.step',
/* time_stamp */ '2026-09-21T22:44:52+05:30',
/* author */ (''),
/* organization */ (''),
/* preprocessor_version */ 'ST-DEVELOPER v20.2',
/* originating_system */ 'Autodesk Translation Framework v15.15.0.0',
/* authorisation */ '');

FILE_SCHEMA (('AUTOMOTIVE_DESIGN { 1 0 10303 214 3 1 1 }'));
ENDSEC;

DATA;
#10=MECHANICAL_DESIGN_GEOMETRIC_PRESENTATION_REPRESENTATION('',(#13),#3380);
#11=SHAPE_REPRESENTATION_RELATIONSHIP('SRR','None',#3387,#12);
#12=ADVANCED_BREP_SHAPE_REPRESENTATION('',(#14),#3379);
#13=STYLED_ITEM('',(#3397),#14);
#14=MANIFOLD_SOLID_BREP('Body1',#1722);
#15=CONICAL_SURFACE('',#1930,18.6437039865157,0.959931088596884);
#16=CONICAL_SURFACE('',#1933,18.6437039865157,0.959931088596884);
#17=B_SPLINE_SURFACE_WITH_KNOTS('',3,1,((#3157,#3158),(#3159,#3160),(#3161,
#3162),(#3163,#3164)),.UNSPECIFIED.,.F.,.F.,.F.,(4,4),(2,2),(-1.39941435352883E-16,
0.999530814637188),(0.,1.08),.UNSPECIFIED.);
#18=SPHERICAL_SURFACE('',#1818,0.5);
#19=ELLIPSE('',#1778,1.802775637732,1.);
#20=ELLIPSE('',#1779,1.802775637732,1.);
#21=ELLIPSE('',#1781,1.802775637732,1.);
#22=ELLIPSE('',#1782,1.802775637732,1.);
#23=ELLIPSE('',#1808,2.12132034355965,1.5);
#24=ELLIPSE('',#1810,1.802775637732,1.);
#25=ELLIPSE('',#1828,0.707106781186547,0.5);
#26=ELLIPSE('',#1829,0.707106781186547,0.5);
#27=ELLIPSE('',#1831,0.707106781186548,0.5);
#28=ELLIPSE('',#1833,0.707106781186547,0.5);
#29=ELLIPSE('',#1846,1.1180339887499,1.);
#30=ELLIPSE('',#1848,1.1180339887499,1.);
#31=ELLIPSE('',#1882,0.707106781186549,0.5);
#32=ELLIPSE('',#1889,1.1180339887499,1.);
#33=ELLIPSE('',#1891,1.1180339887499,1.);
#34=ELLIPSE('',#1893,1.1180339887499,1.);
#35=(
BOUNDED_SURFACE()
B_SPLINE_SURFACE(3,2,((#2723,#2724,#2725),(#2726,#2727,#2728),(#2729,#2730,
#2731),(#2732,#2733,#2734),(#2735,#2736,#2737)),.UNSPECIFIED.,.F.,.F.,.F.)
B_SPLINE_SURFACE_WITH_KNOTS((4,1,4),(3,3),(7.06858347057703,7.46128255227576,
7.85398163397448),(0.,1.),.UNSPECIFIED.)
GEOMETRIC_REPRESENTATION_ITEM()
RATIONAL_B_SPLINE_SURFACE(((1.,0.866025403784435,1.),(1.,0.903812904219068,
1.),(1.,0.973478387654908,1.),(1.,1.,1.),(1.,1.,1.)))
REPRESENTATION_ITEM('')
SURFACE()
);
#36=(
BOUNDED_SURFACE()
B_SPLINE_SURFACE(3,2,((#2744,#2745,#2746),(#2747,#2748,#2749),(#2750,#2751,
#2752),(#2753,#2754,#2755),(#2756,#2757,#2758),(#2759,#2760,#2761),(#2762,
#2763,#2764),(#2765,#2766,#2767),(#2768,#2769,#2770)),.UNSPECIFIED.,.F.,
 .F.,.F.)
B_SPLINE_SURFACE_WITH_KNOTS((4,1,1,1,1,1,4),(3,3),(1.5707963267949,1.96349540849362,
2.35619449019234,2.55254403104171,2.74889357189107,2.94524311274043,3.14167886605543),
(-8.62124656422267E-5,1.00008621245238),.UNSPECIFIED.)
GEOMETRIC_REPRESENTATION_ITEM()
RATIONAL_B_SPLINE_SURFACE(((1.,1.,1.),(1.,1.,1.),(1.00000456727588,0.973509227271667,
1.00000456727517),(1.00001960654895,0.886279557858884,1.00001960654593),
(1.00003310241303,0.808001854102007,1.00003310240793),(1.00004232295178,
0.754521573298621,1.00004232294526),(1.00004890485883,0.716345687138392,
1.00004890485131),(1.00005050715054,0.707052194330438,1.00005050714277),
(1.00005050644657,0.707056277431365,1.0000505064388)))
REPRESENTATION_ITEM('')
SURFACE()
);
#37=(
BOUNDED_SURFACE()
B_SPLINE_SURFACE(3,2,((#2934,#2935,#2936),(#2937,#2938,#2939),(#2940,#2941,
#2942),(#2943,#2944,#2945),(#2946,#2947,#2948)),.UNSPECIFIED.,.F.,.F.,.F.)
B_SPLINE_SURFACE_WITH_KNOTS((4,1,4),(3,3),(1.57064708741809,1.96349540849362,
2.35634372956915),(-0.000149239376811389,1.),.UNSPECIFIED.)
GEOMETRIC_REPRESENTATION_ITEM()
RATIONAL_B_SPLINE_SURFACE(((1.00008744658792,0.707025753563553,1.),(1.00007767319503,
0.739769768898571,1.),(1.00005951540021,0.800604232320432,1.),(1.00004562948591,
0.847126519549277,1.),(1.00003998810848,0.866026951675524,0.999999999999999)))
REPRESENTATION_ITEM('')
SURFACE()
);
#38=(
BOUNDED_SURFACE()
B_SPLINE_SURFACE(3,2,((#2969,#2970,#2971),(#2972,#2973,#2974),(#2975,#2976,
#2977),(#2978,#2979,#2980),(#2981,#2982,#2983),(#2984,#2985,#2986),(#2987,
#2988,#2989),(#2990,#2991,#2992),(#2993,#2994,#2995),(#2996,#2997,#2998),
(#2999,#3000,#3001),(#3002,#3003,#3004),(#3005,#3006,#3007),(#3008,#3009,
#3010),(#3011,#3012,#3013),(#3014,#3015,#3016)),.UNSPECIFIED.,.F.,.F.,.F.)
B_SPLINE_SURFACE_WITH_KNOTS((4,1,1,1,1,1,1,1,1,1,1,1,1,4),(3,3),(-0.000116144728285562,
0.000492405254293998,0.00110095523687356,0.00231805520203268,0.0035351551671918,
0.00475225513235092,0.00596935509751004,0.00718645506266917,0.00962065499298741,
0.0120548549233057,0.0132719548884648,0.0144890548536239,0.0169232547839421,
0.0193574547142604),(0.,1.),.UNSPECIFIED.)
GEOMETRIC_REPRESENTATION_ITEM()
RATIONAL_B_SPLINE_SURFACE(((1.,0.70710678118655,1.),(1.,0.70710678118655,
1.),(1.,0.70710678118655,1.),(1.,0.707106781186508,1.),(1.,0.707106781186556,
1.),(1.,0.707106781186562,1.),(1.,0.707106781186481,1.),(1.,0.707106781186565,
1.),(1.,0.707106781186537,1.),(1.,0.707106781186552,1.),(1.,0.707106781186545,
1.),(1.,0.707106781186551,1.),(1.,0.707106781186546,1.),(1.,0.707106781186548,
1.),(1.,0.707106781186548,1.),(1.,0.707106781186548,1.)))
REPRESENTATION_ITEM('')
SURFACE()
);
#39=(
BOUNDED_SURFACE()
B_SPLINE_SURFACE(3,2,((#3182,#3183,#3184),(#3185,#3186,#3187),(#3188,#3189,
#3190),(#3191,#3192,#3193),(#3194,#3195,#3196)),.UNSPECIFIED.,.F.,.F.,.F.)
B_SPLINE_SURFACE_WITH_KNOTS((4,1,4),(3,3),(3.92692117756648,4.31968989868595,
4.71238898038469),(-6.96394155093378E-5,1.00006963942074),.UNSPECIFIED.)
GEOMETRIC_REPRESENTATION_ITEM()
RATIONAL_B_SPLINE_SURFACE(((1.00001866392479,0.865986636345633,1.0000186639262),
(1.00001339946482,0.903787259574956,1.00001339946583),(1.00000369449156,
0.973472286963301,1.00000369449184),(1.00000000000002,0.999999999884284,
1.00000000000002),(1.,1.,1.)))
REPRESENTATION_ITEM('')
SURFACE()
);
#40=(
BOUNDED_SURFACE()
B_SPLINE_SURFACE(3,2,((#3200,#3201,#3202),(#3203,#3204,#3205),(#3206,#3207,
#3208),(#3209,#3210,#3211),(#3212,#3213,#3214)),.UNSPECIFIED.,.F.,.F.,.F.)
B_SPLINE_SURFACE_WITH_KNOTS((4,1,4),(3,3),(0.499627910645408,0.681780982493907,
0.863934054342406),(-3.03235444607372E-5,1.00037208935461),
 .UNSPECIFIED.)
GEOMETRIC_REPRESENTATION_ITEM()
RATIONAL_B_SPLINE_SURFACE(((1.00001777651723,0.706776826358736,1.0002182038237),
(1.00001567808563,0.741390399169586,1.00019244592112),(1.00001181261678,
0.805151203850446,1.00014499792712),(1.00000915163721,0.849043990344083,
1.00011233484076),(1.00000811908423,0.86607592404874,1.00009966042279)))
REPRESENTATION_ITEM('')
SURFACE()
);
#41=(
BOUNDED_SURFACE()
B_SPLINE_SURFACE(3,2,((#3217,#3218,#3219),(#3220,#3221,#3222),(#3223,#3224,
#3225),(#3226,#3227,#3228),(#3229,#3230,#3231),(#3232,#3233,#3234),(#3235,
#3236,#3237),(#3238,#3239,#3240),(#3241,#3242,#3243)),.UNSPECIFIED.,.F.,
 .F.,.F.)
B_SPLINE_SURFACE_WITH_KNOTS((4,1,1,1,1,1,4),(3,3),(3.13663071621358,3.33794219443916,
3.53429173528852,3.73064127613788,3.92699081698724,4.31968989868597,4.71238898038469),
(-0.000297657376889658,1.00496193737622),.UNSPECIFIED.)
GEOMETRIC_REPRESENTATION_ITEM()
RATIONAL_B_SPLINE_SURFACE(((1.00017441024792,0.70557437548165,1.00292096928073),
(1.00017455387231,0.705331920111866,1.00292337465794),(1.00016907284983,
0.714584549961387,1.00283158017639),(1.00014615522486,0.753272276883899,
1.0024477628301),(1.00011431363878,0.807024731109496,1.00191448972314),
(1.00006770793271,0.885700808230662,1.00113395166782),(1.0000157723222,
0.973374409651009,1.00026415000942),(1.00000000000007,0.999999999883691,
1.00000000000115),(1.,1.,1.)))
REPRESENTATION_ITEM('')
SURFACE()
);
#42=(
BOUNDED_SURFACE()
B_SPLINE_SURFACE(3,2,((#3289,#3290,#3291),(#3292,#3293,#3294),(#3295,#3296,
#3297),(#3298,#3299,#3300),(#3301,#3302,#3303),(#3304,#3305,#3306),(#3307,
#3308,#3309),(#3310,#3311,#3312),(#3313,#3314,#3315),(#3316,#3317,#3318),
(#3319,#3320,#3321),(#3322,#3323,#3324),(#3325,#3326,#3327),(#3328,#3329,
#3330),(#3331,#3332,#3333),(#3334,#3335,#3336)),.UNSPECIFIED.,.F.,.F.,.F.)
B_SPLINE_SURFACE_WITH_KNOTS((4,1,1,1,1,1,1,1,1,1,1,1,1,4),(3,3),(0.,0.00232384115299139,
0.00464768230598278,0.00580960288247848,0.00697152345897417,0.00929536461196556,
0.011619205764957,0.0127811263414527,0.0139430469179483,0.015104967494444,
0.0162668880709397,0.0174288086474354,0.0180097689356833,0.0185907292239311),
(0.,1.),.UNSPECIFIED.)
GEOMETRIC_REPRESENTATION_ITEM()
RATIONAL_B_SPLINE_SURFACE(((1.,0.707106781186548,1.),(1.,0.707106781186548,
1.),(1.,0.707106781186543,1.),(1.,0.707106781186551,1.),(1.,0.707106781186547,
1.),(1.,0.707106781186546,1.),(1.,0.707106781186544,1.),(1.,0.707106781186548,
1.),(1.,0.707106781186547,1.),(1.,0.707106781186549,1.),(1.,0.707106781186543,
1.),(1.,0.707106781186565,1.),(1.,0.707106781186509,1.),(1.,0.707106781186555,
1.),(1.,0.707106781186548,1.),(1.,0.707106781186548,1.)))
REPRESENTATION_ITEM('')
SURFACE()
);
#43=TOROIDAL_SURFACE('',#1766,48.,0.5);
#44=TOROIDAL_SURFACE('',#1795,23.5,1.);
#45=TOROIDAL_SURFACE('',#1800,23.5,1.);
#46=TOROIDAL_SURFACE('',#1803,21.,1.);
#47=TOROIDAL_SURFACE('',#1813,22.,0.5);
#48=TOROIDAL_SURFACE('',#1841,2.,1.);
#49=TOROIDAL_SURFACE('',#1851,2.,1.);
#50=TOROIDAL_SURFACE('',#1853,48.,0.5);
#51=TOROIDAL_SURFACE('',#1865,2.,1.);
#52=TOROIDAL_SURFACE('',#1869,2.,1.);
#53=TOROIDAL_SURFACE('',#1898,23.5,1.);
#54=TOROIDAL_SURFACE('',#1903,23.5,1.);
#55=TOROIDAL_SURFACE('',#1906,21.,1.);
#56=TOROIDAL_SURFACE('',#1917,20.9999999999999,0.5);
#57=TOROIDAL_SURFACE('',#1921,1.,0.5);
#58=CYLINDRICAL_SURFACE('',#1752,9.);
#59=CYLINDRICAL_SURFACE('',#1759,4.);
#60=CYLINDRICAL_SURFACE('',#1763,4.);
#61=CYLINDRICAL_SURFACE('',#1789,48.5);
#62=CYLINDRICAL_SURFACE('',#1792,1.);
#63=CYLINDRICAL_SURFACE('',#1798,1.);
#64=CYLINDRICAL_SURFACE('',#1806,1.);
#65=CYLINDRICAL_SURFACE('',#1811,0.5);
#66=CYLINDRICAL_SURFACE('',#1816,0.5);
#67=CYLINDRICAL_SURFACE('',#1822,0.5);
#68=CYLINDRICAL_SURFACE('',#1823,1.5);
#69=CYLINDRICAL_SURFACE('',#1825,1.5);
#70=CYLINDRICAL_SURFACE('',#1827,0.5);
#71=CYLINDRICAL_SURFACE('',#1830,0.5);
#72=CYLINDRICAL_SURFACE('',#1832,0.5);
#73=CYLINDRICAL_SURFACE('',#1834,0.5);
#74=CYLINDRICAL_SURFACE('',#1835,1.);
#75=CYLINDRICAL_SURFACE('',#1838,1.);
#76=CYLINDRICAL_SURFACE('',#1844,1.);
#77=CYLINDRICAL_SURFACE('',#1845,1.);
#78=CYLINDRICAL_SURFACE('',#1847,1.);
#79=CYLINDRICAL_SURFACE('',#1849,1.);
#80=CYLINDRICAL_SURFACE('',#1857,24.5);
#81=CYLINDRICAL_SURFACE('',#1860,24.5);
#82=CYLINDRICAL_SURFACE('',#1862,20.);
#83=CYLINDRICAL_SURFACE('',#1883,21.5);
#84=CYLINDRICAL_SURFACE('',#1886,0.5);
#85=CYLINDRICAL_SURFACE('',#1896,1.);
#86=CYLINDRICAL_SURFACE('',#1901,1.);
#87=CYLINDRICAL_SURFACE('',#1909,1.);
#88=CYLINDRICAL_SURFACE('',#1910,1.);
#89=CYLINDRICAL_SURFACE('',#1911,1.3);
#90=CYLINDRICAL_SURFACE('',#1912,1.3);
#91=CYLINDRICAL_SURFACE('',#1913,1.3);
#92=CYLINDRICAL_SURFACE('',#1914,1.3);
#93=CYLINDRICAL_SURFACE('',#1915,0.5);
#94=CYLINDRICAL_SURFACE('',#1919,0.5);
#95=CYLINDRICAL_SURFACE('',#1924,0.5);
#96=CYLINDRICAL_SURFACE('',#1925,1.);
#97=FACE_BOUND('',#324,.T.);
#98=FACE_BOUND('',#325,.T.);
#99=FACE_BOUND('',#326,.T.);
#100=FACE_BOUND('',#327,.T.);
#101=FACE_BOUND('',#328,.T.);
#102=FACE_BOUND('',#339,.T.);
#103=FACE_BOUND('',#340,.T.);
#104=FACE_BOUND('',#343,.T.);
#105=FACE_BOUND('',#346,.T.);
#106=FACE_BOUND('',#401,.T.);
#107=FACE_BOUND('',#402,.T.);
#108=FACE_BOUND('',#403,.T.);
#109=FACE_BOUND('',#404,.T.);
#110=FACE_BOUND('',#424,.T.);
#111=FACE_BOUND('',#433,.T.);
#112=FACE_BOUND('',#435,.T.);
#113=CIRCLE('',#1746,1.);
#114=CIRCLE('',#1747,20.9999999999999);
#115=CIRCLE('',#1748,1.3);
#116=CIRCLE('',#1749,1.3);
#117=CIRCLE('',#1750,1.3);
#118=CIRCLE('',#1751,1.3);
#119=CIRCLE('',#1753,9.);
#120=CIRCLE('',#1754,9.);
#121=CIRCLE('',#1760,4.);
#122=CIRCLE('',#1761,4.);
#123=CIRCLE('',#1764,4.);
#124=CIRCLE('',#1765,4.);
#125=CIRCLE('',#1767,48.5);
#126=CIRCLE('',#1768,48.5);
#127=CIRCLE('',#1769,0.5);
#128=CIRCLE('',#1770,48.);
#129=CIRCLE('',#1772,1.5);
#130=CIRCLE('',#1773,1.5);
#131=CIRCLE('',#1780,0.5);
#132=CIRCLE('',#1783,0.5);
#133=CIRCLE('',#1785,22.);
#134=CIRCLE('',#1786,23.5);
#135=CIRCLE('',#1787,23.5);
#136=CIRCLE('',#1788,21.);
#137=CIRCLE('',#1790,48.5);
#138=CIRCLE('',#1791,48.5);
#139=CIRCLE('',#1793,1.);
#140=CIRCLE('',#1794,1.);
#141=CIRCLE('',#1796,24.5);
#142=CIRCLE('',#1797,1.);
#143=CIRCLE('',#1799,1.);
#144=CIRCLE('',#1801,24.5);
#145=CIRCLE('',#1802,1.);
#146=CIRCLE('',#1804,20.);
#147=CIRCLE('',#1805,1.);
#148=CIRCLE('',#1807,1.);
#149=CIRCLE('',#1809,0.5);
#150=CIRCLE('',#1812,0.5);
#151=CIRCLE('',#1814,21.5);
#152=CIRCLE('',#1815,0.5);
#153=CIRCLE('',#1817,0.5);
#154=CIRCLE('',#1819,0.5);
#155=CIRCLE('',#1820,0.5);
#156=CIRCLE('',#1821,0.500001794340612);
#157=CIRCLE('',#1824,1.5);
#158=CIRCLE('',#1826,1.5);
#159=CIRCLE('',#1836,1.);
#160=CIRCLE('',#1837,1.);
#161=CIRCLE('',#1839,1.);
#162=CIRCLE('',#1840,1.);
#163=CIRCLE('',#1842,2.);
#164=CIRCLE('',#1843,1.);
#165=CIRCLE('',#1850,1.);
#166=CIRCLE('',#1852,2.);
#167=CIRCLE('',#1854,48.);
#168=CIRCLE('',#1855,0.5);
#169=CIRCLE('',#1858,24.5);
#170=CIRCLE('',#1861,24.5);
#171=CIRCLE('',#1863,20.);
#172=CIRCLE('',#1866,1.);
#173=CIRCLE('',#1867,2.);
#174=CIRCLE('',#1868,1.);
#175=CIRCLE('',#1870,2.);
#176=CIRCLE('',#1871,1.);
#177=CIRCLE('',#1872,1.);
#178=CIRCLE('',#1874,1.3);
#179=CIRCLE('',#1876,1.3);
#180=CIRCLE('',#1878,1.3);
#181=CIRCLE('',#1880,1.3);
#182=CIRCLE('',#1884,21.5);
#183=CIRCLE('',#1887,0.5);
#184=CIRCLE('',#1890,0.5);
#185=CIRCLE('',#1892,0.5);
#186=CIRCLE('',#1894,0.5);
#187=CIRCLE('',#1897,1.);
#188=CIRCLE('',#1899,23.5);
#189=CIRCLE('',#1900,1.);
#190=CIRCLE('',#1902,1.);
#191=CIRCLE('',#1904,23.5);
#192=CIRCLE('',#1905,1.);
#193=CIRCLE('',#1907,21.);
#194=CIRCLE('',#1908,1.);
#195=CIRCLE('',#1916,0.5);
#196=CIRCLE('',#1918,0.5);
#197=CIRCLE('',#1920,0.5);
#198=CIRCLE('',#1922,0.5);
#199=CIRCLE('',#1923,0.499999299393328);
#200=CIRCLE('',#1927,20.0718519932578);
#201=CIRCLE('',#1928,20.0718519932578);
#202=CIRCLE('',#1931,18.6437039865157);
#203=CIRCLE('',#1934,18.6437039865157);
#204=B_SPLINE_CURVE_WITH_KNOTS('',3,(#2546,#2547,#2548,#2549,#2550,#2551,
#2552,#2553,#2554,#2555,#2556,#2557,#2558,#2559,#2560,#2561,#2562,#2563,
#2564,#2565,#2566,#2567,#2568,#2569,#2570,#2571,#2572,#2573,#2574,#2575,
#2576,#2577,#2578,#2579,#2580,#2581,#2582,#2583,#2584,#2585,#2586,#2587,
#2588,#2589,#2590,#2591,#2592,#2593,#2594,#2595,#2596,#2597,#2598,#2599,
#2600,#2601,#2602,#2603,#2604,#2605,#2606,#2607,#2608,#2609,#2610,#2611,
#2612,#2613,#2614,#2615,#2616,#2617,#2618,#2619,#2620,#2621),
 .UNSPECIFIED.,.F.,.F.,(4,3,3,3,3,3,3,3,3,3,3,3,3,3,3,3,3,3,3,3,3,3,3,3,
3,4),(0.,0.000145157227376979,0.000472334637665727,0.00105635160258659,
0.00222462694401255,0.00232251563803166,0.00339275789925495,0.00456107093817674,
0.00464503127606333,0.00572939107019607,0.00580628909507916,0.00689760966413328,
0.00696754691409499,0.008556255121712,0.00923410344745016,0.00929006255212666,
0.0115706006958785,0.0116125781901583,0.0127388815881975,0.0127738360091742,
0.013907120610676,0.01393509382819,0.0158958005735209,0.0162436189183866,
0.0162576094662216,0.0185801251042533),.UNSPECIFIED.);
#205=B_SPLINE_CURVE_WITH_KNOTS('',3,(#2788,#2789,#2790,#2791,#2792,#2793,
#2794,#2795,#2796,#2797,#2798,#2799,#2800,#2801,#2802,#2803,#2804,#2805,
#2806,#2807,#2808,#2809,#2810,#2811,#2812,#2813,#2814,#2815,#2816,#2817,
#2818,#2819,#2820,#2821,#2822,#2823,#2824,#2825,#2826,#2827,#2828,#2829,
#2830,#2831,#2832,#2833,#2834,#2835,#2836,#2837,#2838,#2839,#2840,#2841,
#2842,#2843,#2844,#2845,#2846,#2847,#2848,#2849,#2850,#2851,#2852,#2853,
#2854,#2855,#2856,#2857,#2858,#2859,#2860,#2861,#2862,#2863,#2864,#2865,
#2866,#2867,#2868,#2869,#2870,#2871,#2872,#2873,#2874,#2875,#2876,#2877,
#2878,#2879,#2880,#2881,#2882,#2883,#2884,#2885,#2886,#2887),
 .UNSPECIFIED.,.F.,.F.,(4,3,3,3,3,3,3,3,3,3,3,3,3,3,3,3,3,3,3,3,3,3,3,3,
3,3,3,3,3,3,3,3,3,4),(0.0132840810421034,0.0150667116820453,0.0156560378343538,
0.0157099458956795,0.0168420162304791,0.0180279946266043,0.0181157529259975,
0.0190601471117842,0.0192139730227295,0.0193104435356885,0.0201261396545345,
0.0203999514188547,0.0205002542118231,0.02158592981498,0.0227719082111052,
0.0228774747189947,0.0251438650033556,0.0252547446087329,0.0263298433994809,
0.0264432968113344,0.0272349116773463,0.0275158217956061,0.0276317955335987,
0.0284232404669784,0.0287018001917313,0.028816961800077,0.0298877785878565,
0.0300021781409816,0.0310737569839818,0.0311886670938559,0.0316667461820444,
0.0317823724469533,0.0319632407810757,0.0322597352545851),.UNSPECIFIED.);
#206=B_SPLINE_CURVE_WITH_KNOTS('',3,(#3018,#3019,#3020,#3021),
 .UNSPECIFIED.,.F.,.F.,(4,4),(5.29022314065727E-10,0.999530814637188),
 .UNSPECIFIED.);
#207=B_SPLINE_CURVE_WITH_KNOTS('',3,(#3166,#3167,#3168,#3169,#3170,#3171,
#3172,#3173,#3174,#3175,#3176,#3177,#3178),.UNSPECIFIED.,.F.,.F.,(4,1,1,
1,1,1,1,1,1,1,4),(7.75791922889773E-18,0.00236154579468146,0.00472309158936291,
0.00590386448670363,0.00708463738404436,0.00944618317872581,0.0118077289734073,
0.012988501870748,0.0141692747680887,0.0165308205627702,0.0188923663574516),
 .UNSPECIFIED.);
#208=FACE_OUTER_BOUND('',#314,.T.);
#209=FACE_OUTER_BOUND('',#315,.T.);
#210=FACE_OUTER_BOUND('',#316,.T.);
#211=FACE_OUTER_BOUND('',#317,.T.);
#212=FACE_OUTER_BOUND('',#318,.T.);
#213=FACE_OUTER_BOUND('',#319,.T.);
#214=FACE_OUTER_BOUND('',#320,.T.);
#215=FACE_OUTER_BOUND('',#321,.T.);
#216=FACE_OUTER_BOUND('',#322,.T.);
#217=FACE_OUTER_BOUND('',#323,.T.);
#218=FACE_OUTER_BOUND('',#329,.T.);
#219=FACE_OUTER_BOUND('',#330,.T.);
#220=FACE_OUTER_BOUND('',#331,.T.);
#221=FACE_OUTER_BOUND('',#332,.T.);
#222=FACE_OUTER_BOUND('',#333,.T.);
#223=FACE_OUTER_BOUND('',#334,.T.);
#224=FACE_OUTER_BOUND('',#335,.T.);
#225=FACE_OUTER_BOUND('',#336,.T.);
#226=FACE_OUTER_BOUND('',#337,.T.);
#227=FACE_OUTER_BOUND('',#338,.T.);
#228=FACE_OUTER_BOUND('',#341,.T.);
#229=FACE_OUTER_BOUND('',#342,.T.);
#230=FACE_OUTER_BOUND('',#344,.T.);
#231=FACE_OUTER_BOUND('',#345,.T.);
#232=FACE_OUTER_BOUND('',#347,.T.);
#233=FACE_OUTER_BOUND('',#348,.T.);
#234=FACE_OUTER_BOUND('',#349,.T.);
#235=FACE_OUTER_BOUND('',#350,.T.);
#236=FACE_OUTER_BOUND('',#351,.T.);
#237=FACE_OUTER_BOUND('',#352,.T.);
#238=FACE_OUTER_BOUND('',#353,.T.);
#239=FACE_OUTER_BOUND('',#354,.T.);
#240=FACE_OUTER_BOUND('',#355,.T.);
#241=FACE_OUTER_BOUND('',#356,.T.);
#242=FACE_OUTER_BOUND('',#357,.T.);
#243=FACE_OUTER_BOUND('',#358,.T.);
#244=FACE_OUTER_BOUND('',#359,.T.);
#245=FACE_OUTER_BOUND('',#360,.T.);
#246=FACE_OUTER_BOUND('',#361,.T.);
#247=FACE_OUTER_BOUND('',#362,.T.);
#248=FACE_OUTER_BOUND('',#363,.T.);
#249=FACE_OUTER_BOUND('',#364,.T.);
#250=FACE_OUTER_BOUND('',#365,.T.);
#251=FACE_OUTER_BOUND('',#366,.T.);
#252=FACE_OUTER_BOUND('',#367,.T.);
#253=FACE_OUTER_BOUND('',#368,.T.);
#254=FACE_OUTER_BOUND('',#369,.T.);
#255=FACE_OUTER_BOUND('',#370,.T.);
#256=FACE_OUTER_BOUND('',#371,.T.);
#257=FACE_OUTER_BOUND('',#372,.T.);
#258=FACE_OUTER_BOUND('',#373,.T.);
#259=FACE_OUTER_BOUND('',#374,.T.);
#260=FACE_OUTER_BOUND('',#375,.T.);
#261=FACE_OUTER_BOUND('',#376,.T.);
#262=FACE_OUTER_BOUND('',#377,.T.);
#263=FACE_OUTER_BOUND('',#378,.T.);
#264=FACE_OUTER_BOUND('',#379,.T.);
#265=FACE_OUTER_BOUND('',#380,.T.);
#266=FACE_OUTER_BOUND('',#381,.T.);
#267=FACE_OUTER_BOUND('',#382,.T.);
#268=FACE_OUTER_BOUND('',#383,.T.);
#269=FACE_OUTER_BOUND('',#384,.T.);
#270=FACE_OUTER_BOUND('',#385,.T.);
#271=FACE_OUTER_BOUND('',#386,.T.);
#272=FACE_OUTER_BOUND('',#387,.T.);
#273=FACE_OUTER_BOUND('',#388,.T.);
#274=FACE_OUTER_BOUND('',#389,.T.);
#275=FACE_OUTER_BOUND('',#390,.T.);
#276=FACE_OUTER_BOUND('',#391,.T.);
#277=FACE_OUTER_BOUND('',#392,.T.);
#278=FACE_OUTER_BOUND('',#393,.T.);
#279=FACE_OUTER_BOUND('',#394,.T.);
#280=FACE_OUTER_BOUND('',#395,.T.);
#281=FACE_OUTER_BOUND('',#396,.T.);
#282=FACE_OUTER_BOUND('',#397,.T.);
#283=FACE_OUTER_BOUND('',#398,.T.);
#284=FACE_OUTER_BOUND('',#399,.T.);
#285=FACE_OUTER_BOUND('',#400,.T.);
#286=FACE_OUTER_BOUND('',#405,.T.);
#287=FACE_OUTER_BOUND('',#406,.T.);
#288=FACE_OUTER_BOUND('',#407,.T.);
#289=FACE_OUTER_BOUND('',#408,.T.);
#290=FACE_OUTER_BOUND('',#409,.T.);
#291=FACE_OUTER_BOUND('',#410,.T.);
#292=FACE_OUTER_BOUND('',#411,.T.);
#293=FACE_OUTER_BOUND('',#412,.T.);
#294=FACE_OUTER_BOUND('',#413,.T.);
#295=FACE_OUTER_BOUND('',#414,.T.);
#296=FACE_OUTER_BOUND('',#415,.T.);
#297=FACE_OUTER_BOUND('',#416,.T.);
#298=FACE_OUTER_BOUND('',#417,.T.);
#299=FACE_OUTER_BOUND('',#418,.T.);
#300=FACE_OUTER_BOUND('',#419,.T.);
#301=FACE_OUTER_BOUND('',#420,.T.);
#302=FACE_OUTER_BOUND('',#421,.T.);
#303=FACE_OUTER_BOUND('',#422,.T.);
#304=FACE_OUTER_BOUND('',#423,.T.);
#305=FACE_OUTER_BOUND('',#425,.T.);
#306=FACE_OUTER_BOUND('',#426,.T.);
#307=FACE_OUTER_BOUND('',#427,.T.);
#308=FACE_OUTER_BOUND('',#428,.T.);
#309=FACE_OUTER_BOUND('',#429,.T.);
#310=FACE_OUTER_BOUND('',#430,.T.);
#311=FACE_OUTER_BOUND('',#431,.T.);
#312=FACE_OUTER_BOUND('',#432,.T.);
#313=FACE_OUTER_BOUND('',#434,.T.);
#314=EDGE_LOOP('',(#1090,#1091,#1092,#1093));
#315=EDGE_LOOP('',(#1094,#1095,#1096,#1097));
#316=EDGE_LOOP('',(#1098,#1099,#1100,#1101));
#317=EDGE_LOOP('',(#1102,#1103,#1104,#1105));
#318=EDGE_LOOP('',(#1106,#1107,#1108,#1109,#1110,#1111,#1112,#1113));
#319=EDGE_LOOP('',(#1114,#1115,#1116,#1117));
#320=EDGE_LOOP('',(#1118,#1119,#1120,#1121));
#321=EDGE_LOOP('',(#1122,#1123,#1124,#1125));
#322=EDGE_LOOP('',(#1126,#1127,#1128,#1129));
#323=EDGE_LOOP('',(#1130,#1131,#1132,#1133,#1134,#1135,#1136));
#324=EDGE_LOOP('',(#1137,#1138,#1139,#1140,#1141,#1142,#1143,#1144,#1145,
#1146,#1147,#1148));
#325=EDGE_LOOP('',(#1149));
#326=EDGE_LOOP('',(#1150));
#327=EDGE_LOOP('',(#1151));
#328=EDGE_LOOP('',(#1152));
#329=EDGE_LOOP('',(#1153,#1154,#1155,#1156));
#330=EDGE_LOOP('',(#1157,#1158,#1159,#1160));
#331=EDGE_LOOP('',(#1161,#1162,#1163,#1164));
#332=EDGE_LOOP('',(#1165,#1166,#1167,#1168));
#333=EDGE_LOOP('',(#1169,#1170,#1171,#1172));
#334=EDGE_LOOP('',(#1173,#1174,#1175,#1176));
#335=EDGE_LOOP('',(#1177,#1178,#1179,#1180));
#336=EDGE_LOOP('',(#1181,#1182,#1183,#1184));
#337=EDGE_LOOP('',(#1185,#1186,#1187,#1188,#1189));
#338=EDGE_LOOP('',(#1190));
#339=EDGE_LOOP('',(#1191));
#340=EDGE_LOOP('',(#1192));
#341=EDGE_LOOP('',(#1193,#1194,#1195,#1196));
#342=EDGE_LOOP('',(#1197,#1198,#1199,#1200,#1201,#1202));
#343=EDGE_LOOP('',(#1203,#1204,#1205,#1206));
#344=EDGE_LOOP('',(#1207,#1208,#1209,#1210));
#345=EDGE_LOOP('',(#1211,#1212,#1213,#1214,#1215,#1216));
#346=EDGE_LOOP('',(#1217,#1218,#1219,#1220));
#347=EDGE_LOOP('',(#1221,#1222,#1223));
#348=EDGE_LOOP('',(#1224,#1225,#1226));
#349=EDGE_LOOP('',(#1227,#1228,#1229,#1230,#1231,#1232,#1233,#1234,#1235,
#1236,#1237,#1238,#1239));
#350=EDGE_LOOP('',(#1240,#1241,#1242,#1243,#1244,#1245));
#351=EDGE_LOOP('',(#1246,#1247,#1248,#1249));
#352=EDGE_LOOP('',(#1250,#1251,#1252,#1253));
#353=EDGE_LOOP('',(#1254,#1255,#1256,#1257));
#354=EDGE_LOOP('',(#1258,#1259,#1260,#1261));
#355=EDGE_LOOP('',(#1262,#1263,#1264,#1265));
#356=EDGE_LOOP('',(#1266,#1267,#1268,#1269));
#357=EDGE_LOOP('',(#1270,#1271,#1272,#1273));
#358=EDGE_LOOP('',(#1274,#1275,#1276,#1277));
#359=EDGE_LOOP('',(#1278,#1279,#1280,#1281));
#360=EDGE_LOOP('',(#1282,#1283,#1284,#1285));
#361=EDGE_LOOP('',(#1286,#1287,#1288));
#362=EDGE_LOOP('',(#1289,#1290,#1291,#1292));
#363=EDGE_LOOP('',(#1293,#1294,#1295,#1296));
#364=EDGE_LOOP('',(#1297,#1298,#1299,#1300));
#365=EDGE_LOOP('',(#1301,#1302,#1303,#1304));
#366=EDGE_LOOP('',(#1305,#1306,#1307,#1308));
#367=EDGE_LOOP('',(#1309,#1310,#1311,#1312));
#368=EDGE_LOOP('',(#1313,#1314,#1315,#1316));
#369=EDGE_LOOP('',(#1317,#1318,#1319,#1320));
#370=EDGE_LOOP('',(#1321,#1322,#1323,#1324));
#371=EDGE_LOOP('',(#1325,#1326,#1327,#1328));
#372=EDGE_LOOP('',(#1329,#1330,#1331,#1332));
#373=EDGE_LOOP('',(#1333,#1334,#1335,#1336,#1337));
#374=EDGE_LOOP('',(#1338,#1339,#1340,#1341));
#375=EDGE_LOOP('',(#1342,#1343,#1344,#1345));
#376=EDGE_LOOP('',(#1346,#1347,#1348,#1349));
#377=EDGE_LOOP('',(#1350,#1351,#1352,#1353));
#378=EDGE_LOOP('',(#1354,#1355,#1356,#1357,#1358));
#379=EDGE_LOOP('',(#1359,#1360,#1361,#1362));
#380=EDGE_LOOP('',(#1363,#1364,#1365,#1366));
#381=EDGE_LOOP('',(#1367,#1368,#1369,#1370));
#382=EDGE_LOOP('',(#1371,#1372,#1373,#1374));
#383=EDGE_LOOP('',(#1375,#1376,#1377,#1378));
#384=EDGE_LOOP('',(#1379,#1380,#1381,#1382));
#385=EDGE_LOOP('',(#1383,#1384,#1385,#1386));
#386=EDGE_LOOP('',(#1387,#1388,#1389,#1390));
#387=EDGE_LOOP('',(#1391));
#388=EDGE_LOOP('',(#1392));
#389=EDGE_LOOP('',(#1393));
#390=EDGE_LOOP('',(#1394));
#391=EDGE_LOOP('',(#1395,#1396,#1397,#1398,#1399,#1400));
#392=EDGE_LOOP('',(#1401,#1402,#1403,#1404));
#393=EDGE_LOOP('',(#1405,#1406,#1407,#1408));
#394=EDGE_LOOP('',(#1409,#1410,#1411,#1412));
#395=EDGE_LOOP('',(#1413,#1414,#1415,#1416));
#396=EDGE_LOOP('',(#1417,#1418,#1419,#1420));
#397=EDGE_LOOP('',(#1421,#1422,#1423));
#398=EDGE_LOOP('',(#1424,#1425,#1426,#1427));
#399=EDGE_LOOP('',(#1428,#1429,#1430));
#400=EDGE_LOOP('',(#1431));
#401=EDGE_LOOP('',(#1432,#1433,#1434,#1435,#1436,#1437,#1438,#1439,#1440,
#1441,#1442,#1443));
#402=EDGE_LOOP('',(#1444,#1445,#1446,#1447));
#403=EDGE_LOOP('',(#1448));
#404=EDGE_LOOP('',(#1449));
#405=EDGE_LOOP('',(#1450,#1451,#1452,#1453));
#406=EDGE_LOOP('',(#1454,#1455,#1456,#1457));
#407=EDGE_LOOP('',(#1458,#1459,#1460,#1461));
#408=EDGE_LOOP('',(#1462,#1463,#1464,#1465));
#409=EDGE_LOOP('',(#1466,#1467,#1468,#1469));
#410=EDGE_LOOP('',(#1470,#1471,#1472,#1473));
#411=EDGE_LOOP('',(#1474,#1475,#1476,#1477));
#412=EDGE_LOOP('',(#1478,#1479,#1480,#1481));
#413=EDGE_LOOP('',(#1482,#1483,#1484,#1485));
#414=EDGE_LOOP('',(#1486,#1487,#1488,#1489));
#415=EDGE_LOOP('',(#1490,#1491,#1492,#1493));
#416=EDGE_LOOP('',(#1494,#1495,#1496,#1497));
#417=EDGE_LOOP('',(#1498,#1499,#1500,#1501));
#418=EDGE_LOOP('',(#1502,#1503,#1504,#1505));
#419=EDGE_LOOP('',(#1506,#1507,#1508,#1509));
#420=EDGE_LOOP('',(#1510,#1511,#1512,#1513));
#421=EDGE_LOOP('',(#1514,#1515,#1516,#1517));
#422=EDGE_LOOP('',(#1518,#1519,#1520,#1521,#1522));
#423=EDGE_LOOP('',(#1523,#1524,#1525,#1526,#1527,#1528,#1529));
#424=EDGE_LOOP('',(#1530,#1531,#1532,#1533));
#425=EDGE_LOOP('',(#1534,#1535,#1536,#1537));
#426=EDGE_LOOP('',(#1538,#1539,#1540,#1541));
#427=EDGE_LOOP('',(#1542,#1543,#1544,#1545));
#428=EDGE_LOOP('',(#1546,#1547,#1548,#1549));
#429=EDGE_LOOP('',(#1550,#1551,#1552,#1553,#1554,#1555,#1556,#1557));
#430=EDGE_LOOP('',(#1558,#1559,#1560,#1561));
#431=EDGE_LOOP('',(#1562,#1563,#1564,#1565));
#432=EDGE_LOOP('',(#1566,#1567,#1568,#1569));
#433=EDGE_LOOP('',(#1570));
#434=EDGE_LOOP('',(#1571,#1572,#1573,#1574));
#435=EDGE_LOOP('',(#1575));
#436=LINE('',#2486,#568);
#437=LINE('',#2488,#569);
#438=LINE('',#2490,#570);
#439=LINE('',#2491,#571);
#440=LINE('',#2494,#572);
#441=LINE('',#2496,#573);
#442=LINE('',#2497,#574);
#443=LINE('',#2500,#575);
#444=LINE('',#2502,#576);
#445=LINE('',#2503,#577);
#446=LINE('',#2505,#578);
#447=LINE('',#2508,#579);
#448=LINE('',#2510,#580);
#449=LINE('',#2512,#581);
#450=LINE('',#2514,#582);
#451=LINE('',#2515,#583);
#452=LINE('',#2519,#584);
#453=LINE('',#2521,#585);
#454=LINE('',#2523,#586);
#455=LINE('',#2524,#587);
#456=LINE('',#2527,#588);
#457=LINE('',#2529,#589);
#458=LINE('',#2530,#590);
#459=LINE('',#2533,#591);
#460=LINE('',#2535,#592);
#461=LINE('',#2536,#593);
#462=LINE('',#2538,#594);
#463=LINE('',#2542,#595);
#464=LINE('',#2544,#596);
#465=LINE('',#2625,#597);
#466=LINE('',#2628,#598);
#467=LINE('',#2630,#599);
#468=LINE('',#2631,#600);
#469=LINE('',#2633,#601);
#470=LINE('',#2634,#602);
#471=LINE('',#2647,#603);
#472=LINE('',#2652,#604);
#473=LINE('',#2654,#605);
#474=LINE('',#2656,#606);
#475=LINE('',#2657,#607);
#476=LINE('',#2660,#608);
#477=LINE('',#2662,#609);
#478=LINE('',#2663,#610);
#479=LINE('',#2666,#611);
#480=LINE('',#2668,#612);
#481=LINE('',#2669,#613);
#482=LINE('',#2671,#614);
#483=LINE('',#2672,#615);
#484=LINE('',#2678,#616);
#485=LINE('',#2681,#617);
#486=LINE('',#2684,#618);
#487=LINE('',#2686,#619);
#488=LINE('',#2687,#620);
#489=LINE('',#2692,#621);
#490=LINE('',#2709,#622);
#491=LINE('',#2711,#623);
#492=LINE('',#2712,#624);
#493=LINE('',#2715,#625);
#494=LINE('',#2716,#626);
#495=LINE('',#2719,#627);
#496=LINE('',#2720,#628);
#497=LINE('',#2722,#629);
#498=LINE('',#2780,#630);
#499=LINE('',#2782,#631);
#500=LINE('',#2786,#632);
#501=LINE('',#2888,#633);
#502=LINE('',#2890,#634);
#503=LINE('',#2892,#635);
#504=LINE('',#2896,#636);
#505=LINE('',#2901,#637);
#506=LINE('',#2904,#638);
#507=LINE('',#2912,#639);
#508=LINE('',#2920,#640);
#509=LINE('',#2932,#641);
#510=LINE('',#2955,#642);
#511=LINE('',#2964,#643);
#512=LINE('',#3024,#644);
#513=LINE('',#3027,#645);
#514=LINE('',#3031,#646);
#515=LINE('',#3037,#647);
#516=LINE('',#3041,#648);
#517=LINE('',#3045,#649);
#518=LINE('',#3048,#650);
#519=LINE('',#3051,#651);
#520=LINE('',#3055,#652);
#521=LINE('',#3060,#653);
#522=LINE('',#3063,#654);
#523=LINE('',#3070,#655);
#524=LINE('',#3073,#656);
#525=LINE('',#3076,#657);
#526=LINE('',#3079,#658);
#527=LINE('',#3082,#659);
#528=LINE('',#3085,#660);
#529=LINE('',#3095,#661);
#530=LINE('',#3096,#662);
#531=LINE('',#3099,#663);
#532=LINE('',#3103,#664);
#533=LINE('',#3104,#665);
#534=LINE('',#3107,#666);
#535=LINE('',#3111,#667);
#536=LINE('',#3114,#668);
#537=LINE('',#3143,#669);
#538=LINE('',#3144,#670);
#539=LINE('',#3148,#671);
#540=LINE('',#3151,#672);
#541=LINE('',#3152,#673);
#542=LINE('',#3156,#674);
#543=LINE('',#3179,#675);
#544=LINE('',#3181,#676);
#545=LINE('',#3247,#677);
#546=LINE('',#3248,#678);
#547=LINE('',#3252,#679);
#548=LINE('',#3259,#680);
#549=LINE('',#3270,#681);
#550=LINE('',#3272,#682);
#551=LINE('',#3274,#683);
#552=LINE('',#3276,#684);
#553=LINE('',#3278,#685);
#554=LINE('',#3280,#686);
#555=LINE('',#3345,#687);
#556=LINE('',#3348,#688);
#557=LINE('',#3351,#689);
#558=LINE('',#3353,#690);
#559=LINE('',#3354,#691);
#560=LINE('',#3358,#692);
#561=LINE('',#3361,#693);
#562=LINE('',#3362,#694);
#563=LINE('',#3367,#695);
#564=LINE('',#3369,#696);
#565=LINE('',#3370,#697);
#566=LINE('',#3372,#698);
#567=LINE('',#3374,#699);
#568=VECTOR('',#1944,10.);
#569=VECTOR('',#1945,10.);
#570=VECTOR('',#1946,10.);
#571=VECTOR('',#1947,10.);
#572=VECTOR('',#1950,10.);
#573=VECTOR('',#1951,10.);
#574=VECTOR('',#1952,10.);
#575=VECTOR('',#1955,10.);
#576=VECTOR('',#1956,10.);
#577=VECTOR('',#1957,10.);
#578=VECTOR('',#1960,10.);
#579=VECTOR('',#1963,21.);
#580=VECTOR('',#1964,12.);
#581=VECTOR('',#1965,21.);
#582=VECTOR('',#1966,12.);
#583=VECTOR('',#1967,21.);
#584=VECTOR('',#1970,10.);
#585=VECTOR('',#1971,10.);
#586=VECTOR('',#1972,10.);
#587=VECTOR('',#1973,10.);
#588=VECTOR('',#1976,10.);
#589=VECTOR('',#1977,10.);
#590=VECTOR('',#1978,10.);
#591=VECTOR('',#1981,10.);
#592=VECTOR('',#1982,10.);
#593=VECTOR('',#1983,10.);
#594=VECTOR('',#1986,10.);
#595=VECTOR('',#1989,37.1655381553881);
#596=VECTOR('',#1990,12.7451729771412);
#597=VECTOR('',#1993,29.4987898684132);
#598=VECTOR('',#1996,28.8884766975903);
#599=VECTOR('',#1997,41.);
#600=VECTOR('',#1998,21.);
#601=VECTOR('',#1999,21.);
#602=VECTOR('',#2000,41.);
#603=VECTOR('',#2013,9.);
#604=VECTOR('',#2018,4.);
#605=VECTOR('',#2019,6.00000000000001);
#606=VECTOR('',#2020,4.);
#607=VECTOR('',#2021,6.00000000000003);
#608=VECTOR('',#2024,8.00000000000001);
#609=VECTOR('',#2025,8.00000000000001);
#610=VECTOR('',#2026,6.00000000000003);
#611=VECTOR('',#2029,4.);
#612=VECTOR('',#2030,4.);
#613=VECTOR('',#2031,6.00000000000001);
#614=VECTOR('',#2034,8.00000000000001);
#615=VECTOR('',#2035,8.00000000000001);
#616=VECTOR('',#2040,6.);
#617=VECTOR('',#2043,6.);
#618=VECTOR('',#2046,8.00000000000001);
#619=VECTOR('',#2047,8.00000000000001);
#620=VECTOR('',#2048,6.);
#621=VECTOR('',#2053,6.);
#622=VECTOR('',#2074,7.5);
#623=VECTOR('',#2075,6.);
#624=VECTOR('',#2076,7.5);
#625=VECTOR('',#2079,16.);
#626=VECTOR('',#2080,7.5);
#627=VECTOR('',#2083,6.);
#628=VECTOR('',#2084,7.5);
#629=VECTOR('',#2087,16.);
#630=VECTOR('',#2102,15.3752233753584);
#631=VECTOR('',#2103,27.8884766975903);
#632=VECTOR('',#2106,29.498789868396);
#633=VECTOR('',#2107,12.7435032726605);
#634=VECTOR('',#2108,1.49999999999999);
#635=VECTOR('',#2109,13.5329466544466);
#636=VECTOR('',#2112,30.75);
#637=VECTOR('',#2117,4.57349934544615);
#638=VECTOR('',#2120,48.5);
#639=VECTOR('',#2129,13.5329466544466);
#640=VECTOR('',#2140,30.75);
#641=VECTOR('',#2157,4.57349934544615);
#642=VECTOR('',#2168,27.8884766975903);
#643=VECTOR('',#2181,29.498789868396);
#644=VECTOR('',#2192,12.7435033086149);
#645=VECTOR('',#2195,1.5);
#646=VECTOR('',#2200,1.5);
#647=VECTOR('',#2207,7.);
#648=VECTOR('',#2212,17.);
#649=VECTOR('',#2217,7.);
#650=VECTOR('',#2222,17.);
#651=VECTOR('',#2225,22.);
#652=VECTOR('',#2228,22.);
#653=VECTOR('',#2233,22.);
#654=VECTOR('',#2236,22.);
#655=VECTOR('',#2247,17.4965437189181);
#656=VECTOR('',#2250,10.);
#657=VECTOR('',#2253,9.29289321881345);
#658=VECTOR('',#2256,9.00000000000002);
#659=VECTOR('',#2259,10.);
#660=VECTOR('',#2262,2.99999999999999);
#661=VECTOR('',#2277,22.);
#662=VECTOR('',#2278,13.5329466544466);
#663=VECTOR('',#2281,22.);
#664=VECTOR('',#2286,22.);
#665=VECTOR('',#2287,30.75);
#666=VECTOR('',#2290,22.);
#667=VECTOR('',#2295,22.);
#668=VECTOR('',#2300,4.57349934544615);
#669=VECTOR('',#2337,28.8884766975903);
#670=VECTOR('',#2338,9.00000000000002);
#671=VECTOR('',#2343,9.00000000000002);
#672=VECTOR('',#2346,29.4987898684132);
#673=VECTOR('',#2347,9.00000000000002);
#674=VECTOR('',#2352,9.00000000000002);
#675=VECTOR('',#2353,9.00000000000002);
#676=VECTOR('',#2356,12.7435033086149);
#677=VECTOR('',#2371,35.9584313742015);
#678=VECTOR('',#2372,56.4549750931196);
#679=VECTOR('',#2377,13.5329466544466);
#680=VECTOR('',#2386,30.75);
#681=VECTOR('',#2403,4.57349934544615);
#682=VECTOR('',#2406,56.4549750931196);
#683=VECTOR('',#2409,1.3);
#684=VECTOR('',#2412,1.3);
#685=VECTOR('',#2415,1.3);
#686=VECTOR('',#2418,1.3);
#687=VECTOR('',#2445,17.);
#688=VECTOR('',#2448,17.);
#689=VECTOR('',#2451,1.7434467956211);
#690=VECTOR('',#2452,1.7434467956211);
#691=VECTOR('',#2453,17.);
#692=VECTOR('',#2458,1.7434467956211);
#693=VECTOR('',#2461,1.7434467956211);
#694=VECTOR('',#2462,17.);
#695=VECTOR('',#2469,12.);
#696=VECTOR('',#2470,21.);
#697=VECTOR('',#2471,12.);
#698=VECTOR('',#2474,41.);
#699=VECTOR('',#2477,41.);
#700=VERTEX_POINT('',#2484);
#701=VERTEX_POINT('',#2485);
#702=VERTEX_POINT('',#2487);
#703=VERTEX_POINT('',#2489);
#704=VERTEX_POINT('',#2493);
#705=VERTEX_POINT('',#2495);
#706=VERTEX_POINT('',#2499);
#707=VERTEX_POINT('',#2501);
#708=VERTEX_POINT('',#2507);
#709=VERTEX_POINT('',#2509);
#710=VERTEX_POINT('',#2511);
#711=VERTEX_POINT('',#2513);
#712=VERTEX_POINT('',#2517);
#713=VERTEX_POINT('',#2518);
#714=VERTEX_POINT('',#2520);
#715=VERTEX_POINT('',#2522);
#716=VERTEX_POINT('',#2526);
#717=VERTEX_POINT('',#2528);
#718=VERTEX_POINT('',#2532);
#719=VERTEX_POINT('',#2534);
#720=VERTEX_POINT('',#2540);
#721=VERTEX_POINT('',#2541);
#722=VERTEX_POINT('',#2543);
#723=VERTEX_POINT('',#2545);
#724=VERTEX_POINT('',#2622);
#725=VERTEX_POINT('',#2624);
#726=VERTEX_POINT('',#2626);
#727=VERTEX_POINT('',#2629);
#728=VERTEX_POINT('',#2632);
#729=VERTEX_POINT('',#2635);
#730=VERTEX_POINT('',#2637);
#731=VERTEX_POINT('',#2639);
#732=VERTEX_POINT('',#2641);
#733=VERTEX_POINT('',#2644);
#734=VERTEX_POINT('',#2646);
#735=VERTEX_POINT('',#2650);
#736=VERTEX_POINT('',#2651);
#737=VERTEX_POINT('',#2653);
#738=VERTEX_POINT('',#2655);
#739=VERTEX_POINT('',#2659);
#740=VERTEX_POINT('',#2661);
#741=VERTEX_POINT('',#2665);
#742=VERTEX_POINT('',#2667);
#743=VERTEX_POINT('',#2674);
#744=VERTEX_POINT('',#2675);
#745=VERTEX_POINT('',#2677);
#746=VERTEX_POINT('',#2679);
#747=VERTEX_POINT('',#2683);
#748=VERTEX_POINT('',#2685);
#749=VERTEX_POINT('',#2689);
#750=VERTEX_POINT('',#2691);
#751=VERTEX_POINT('',#2695);
#752=VERTEX_POINT('',#2696);
#753=VERTEX_POINT('',#2699);
#754=VERTEX_POINT('',#2703);
#755=VERTEX_POINT('',#2705);
#756=VERTEX_POINT('',#2708);
#757=VERTEX_POINT('',#2710);
#758=VERTEX_POINT('',#2714);
#759=VERTEX_POINT('',#2718);
#760=VERTEX_POINT('',#2738);
#761=VERTEX_POINT('',#2739);
#762=VERTEX_POINT('',#2741);
#763=VERTEX_POINT('',#2771);
#764=VERTEX_POINT('',#2772);
#765=VERTEX_POINT('',#2774);
#766=VERTEX_POINT('',#2778);
#767=VERTEX_POINT('',#2779);
#768=VERTEX_POINT('',#2781);
#769=VERTEX_POINT('',#2783);
#770=VERTEX_POINT('',#2785);
#771=VERTEX_POINT('',#2787);
#772=VERTEX_POINT('',#2889);
#773=VERTEX_POINT('',#2891);
#774=VERTEX_POINT('',#2893);
#775=VERTEX_POINT('',#2895);
#776=VERTEX_POINT('',#2897);
#777=VERTEX_POINT('',#2899);
#778=VERTEX_POINT('',#2903);
#779=VERTEX_POINT('',#2905);
#780=VERTEX_POINT('',#2909);
#781=VERTEX_POINT('',#2911);
#782=VERTEX_POINT('',#2915);
#783=VERTEX_POINT('',#2919);
#784=VERTEX_POINT('',#2923);
#785=VERTEX_POINT('',#2927);
#786=VERTEX_POINT('',#2931);
#787=VERTEX_POINT('',#2949);
#788=VERTEX_POINT('',#2954);
#789=VERTEX_POINT('',#2958);
#790=VERTEX_POINT('',#2962);
#791=VERTEX_POINT('',#2966);
#792=VERTEX_POINT('',#3017);
#793=VERTEX_POINT('',#3026);
#794=VERTEX_POINT('',#3030);
#795=VERTEX_POINT('',#3034);
#796=VERTEX_POINT('',#3036);
#797=VERTEX_POINT('',#3040);
#798=VERTEX_POINT('',#3044);
#799=VERTEX_POINT('',#3050);
#800=VERTEX_POINT('',#3052);
#801=VERTEX_POINT('',#3054);
#802=VERTEX_POINT('',#3058);
#803=VERTEX_POINT('',#3059);
#804=VERTEX_POINT('',#3062);
#805=VERTEX_POINT('',#3066);
#806=VERTEX_POINT('',#3072);
#807=VERTEX_POINT('',#3074);
#808=VERTEX_POINT('',#3078);
#809=VERTEX_POINT('',#3080);
#810=VERTEX_POINT('',#3084);
#811=VERTEX_POINT('',#3090);
#812=VERTEX_POINT('',#3094);
#813=VERTEX_POINT('',#3098);
#814=VERTEX_POINT('',#3102);
#815=VERTEX_POINT('',#3106);
#816=VERTEX_POINT('',#3110);
#817=VERTEX_POINT('',#3116);
#818=VERTEX_POINT('',#3117);
#819=VERTEX_POINT('',#3122);
#820=VERTEX_POINT('',#3124);
#821=VERTEX_POINT('',#3128);
#822=VERTEX_POINT('',#3131);
#823=VERTEX_POINT('',#3134);
#824=VERTEX_POINT('',#3137);
#825=VERTEX_POINT('',#3140);
#826=VERTEX_POINT('',#3142);
#827=VERTEX_POINT('',#3146);
#828=VERTEX_POINT('',#3150);
#829=VERTEX_POINT('',#3154);
#830=VERTEX_POINT('',#3165);
#831=VERTEX_POINT('',#3197);
#832=VERTEX_POINT('',#3250);
#833=VERTEX_POINT('',#3254);
#834=VERTEX_POINT('',#3258);
#835=VERTEX_POINT('',#3262);
#836=VERTEX_POINT('',#3266);
#837=VERTEX_POINT('',#3341);
#838=VERTEX_POINT('',#3342);
#839=VERTEX_POINT('',#3344);
#840=VERTEX_POINT('',#3346);
#841=VERTEX_POINT('',#3350);
#842=VERTEX_POINT('',#3352);
#843=VERTEX_POINT('',#3356);
#844=VERTEX_POINT('',#3360);
#845=VERTEX_POINT('',#3366);
#846=VERTEX_POINT('',#3368);
#847=EDGE_CURVE('',#700,#701,#436,.T.);
#848=EDGE_CURVE('',#700,#702,#437,.T.);
#849=EDGE_CURVE('',#702,#703,#438,.T.);
#850=EDGE_CURVE('',#701,#703,#439,.T.);
#851=EDGE_CURVE('',#704,#700,#440,.T.);
#852=EDGE_CURVE('',#705,#704,#441,.T.);
#853=EDGE_CURVE('',#705,#702,#442,.T.);
#854=EDGE_CURVE('',#701,#706,#443,.T.);
#855=EDGE_CURVE('',#703,#707,#444,.T.);
#856=EDGE_CURVE('',#706,#707,#445,.T.);
#857=EDGE_CURVE('',#707,#705,#446,.T.);
#858=EDGE_CURVE('',#704,#708,#447,.T.);
#859=EDGE_CURVE('',#708,#709,#448,.T.);
#860=EDGE_CURVE('',#710,#709,#449,.T.);
#861=EDGE_CURVE('',#711,#710,#450,.T.);
#862=EDGE_CURVE('',#711,#706,#451,.T.);
#863=EDGE_CURVE('',#712,#713,#452,.T.);
#864=EDGE_CURVE('',#712,#714,#453,.T.);
#865=EDGE_CURVE('',#714,#715,#454,.T.);
#866=EDGE_CURVE('',#713,#715,#455,.T.);
#867=EDGE_CURVE('',#716,#712,#456,.T.);
#868=EDGE_CURVE('',#716,#717,#457,.T.);
#869=EDGE_CURVE('',#717,#714,#458,.T.);
#870=EDGE_CURVE('',#718,#716,#459,.T.);
#871=EDGE_CURVE('',#719,#718,#460,.T.);
#872=EDGE_CURVE('',#719,#717,#461,.T.);
#873=EDGE_CURVE('',#715,#719,#462,.T.);
#874=EDGE_CURVE('',#720,#721,#463,.T.);
#875=EDGE_CURVE('',#721,#722,#464,.T.);
#876=EDGE_CURVE('',#722,#723,#204,.T.);
#877=EDGE_CURVE('',#723,#724,#113,.F.);
#878=EDGE_CURVE('',#724,#725,#465,.T.);
#879=EDGE_CURVE('',#725,#726,#114,.T.);
#880=EDGE_CURVE('',#726,#720,#466,.T.);
#881=EDGE_CURVE('',#727,#711,#467,.T.);
#882=EDGE_CURVE('',#718,#727,#468,.T.);
#883=EDGE_CURVE('',#728,#713,#469,.T.);
#884=EDGE_CURVE('',#708,#728,#470,.T.);
#885=EDGE_CURVE('',#729,#729,#115,.T.);
#886=EDGE_CURVE('',#730,#730,#116,.T.);
#887=EDGE_CURVE('',#731,#731,#117,.T.);
#888=EDGE_CURVE('',#732,#732,#118,.T.);
#889=EDGE_CURVE('',#733,#733,#119,.F.);
#890=EDGE_CURVE('',#733,#734,#471,.T.);
#891=EDGE_CURVE('',#734,#734,#120,.T.);
#892=EDGE_CURVE('',#735,#736,#472,.T.);
#893=EDGE_CURVE('',#736,#737,#473,.T.);
#894=EDGE_CURVE('',#737,#738,#474,.T.);
#895=EDGE_CURVE('',#735,#738,#475,.T.);
#896=EDGE_CURVE('',#739,#735,#476,.T.);
#897=EDGE_CURVE('',#738,#740,#477,.T.);
#898=EDGE_CURVE('',#739,#740,#478,.T.);
#899=EDGE_CURVE('',#741,#739,#479,.T.);
#900=EDGE_CURVE('',#740,#742,#480,.T.);
#901=EDGE_CURVE('',#741,#742,#481,.T.);
#902=EDGE_CURVE('',#736,#741,#482,.T.);
#903=EDGE_CURVE('',#742,#737,#483,.T.);
#904=EDGE_CURVE('',#743,#744,#121,.F.);
#905=EDGE_CURVE('',#745,#743,#484,.F.);
#906=EDGE_CURVE('',#746,#745,#122,.F.);
#907=EDGE_CURVE('',#744,#746,#485,.T.);
#908=EDGE_CURVE('',#747,#744,#486,.T.);
#909=EDGE_CURVE('',#746,#748,#487,.T.);
#910=EDGE_CURVE('',#748,#747,#488,.T.);
#911=EDGE_CURVE('',#749,#748,#123,.F.);
#912=EDGE_CURVE('',#750,#749,#489,.F.);
#913=EDGE_CURVE('',#747,#750,#124,.F.);
#914=EDGE_CURVE('',#751,#752,#125,.T.);
#915=EDGE_CURVE('',#752,#751,#126,.T.);
#916=EDGE_CURVE('',#752,#753,#127,.T.);
#917=EDGE_CURVE('',#753,#753,#128,.F.);
#918=EDGE_CURVE('',#754,#754,#129,.T.);
#919=EDGE_CURVE('',#755,#755,#130,.T.);
#920=EDGE_CURVE('',#749,#756,#490,.T.);
#921=EDGE_CURVE('',#756,#757,#491,.T.);
#922=EDGE_CURVE('',#750,#757,#492,.T.);
#923=EDGE_CURVE('',#757,#758,#493,.T.);
#924=EDGE_CURVE('',#743,#758,#494,.T.);
#925=EDGE_CURVE('',#758,#759,#495,.T.);
#926=EDGE_CURVE('',#745,#759,#496,.T.);
#927=EDGE_CURVE('',#759,#756,#497,.T.);
#928=EDGE_CURVE('',#760,#761,#19,.T.);
#929=EDGE_CURVE('',#762,#760,#20,.F.);
#930=EDGE_CURVE('',#761,#762,#131,.T.);
#931=EDGE_CURVE('',#763,#764,#21,.F.);
#932=EDGE_CURVE('',#765,#763,#22,.T.);
#933=EDGE_CURVE('',#765,#764,#132,.T.);
#934=EDGE_CURVE('',#766,#767,#498,.F.);
#935=EDGE_CURVE('',#767,#768,#499,.F.);
#936=EDGE_CURVE('',#768,#769,#133,.T.);
#937=EDGE_CURVE('',#769,#770,#500,.F.);
#938=EDGE_CURVE('',#770,#771,#205,.T.);
#939=EDGE_CURVE('',#771,#765,#501,.F.);
#940=EDGE_CURVE('',#765,#772,#502,.F.);
#941=EDGE_CURVE('',#772,#773,#503,.F.);
#942=EDGE_CURVE('',#773,#774,#134,.F.);
#943=EDGE_CURVE('',#774,#775,#504,.F.);
#944=EDGE_CURVE('',#775,#776,#135,.F.);
#945=EDGE_CURVE('',#776,#777,#136,.T.);
#946=EDGE_CURVE('',#777,#766,#505,.F.);
#947=EDGE_CURVE('',#751,#778,#506,.T.);
#948=EDGE_CURVE('',#778,#779,#137,.F.);
#949=EDGE_CURVE('',#779,#778,#138,.F.);
#950=EDGE_CURVE('',#772,#780,#139,.T.);
#951=EDGE_CURVE('',#781,#780,#507,.T.);
#952=EDGE_CURVE('',#773,#781,#140,.T.);
#953=EDGE_CURVE('',#782,#781,#141,.T.);
#954=EDGE_CURVE('',#774,#782,#142,.T.);
#955=EDGE_CURVE('',#783,#782,#508,.T.);
#956=EDGE_CURVE('',#775,#783,#143,.T.);
#957=EDGE_CURVE('',#784,#783,#144,.T.);
#958=EDGE_CURVE('',#776,#784,#145,.T.);
#959=EDGE_CURVE('',#785,#784,#146,.F.);
#960=EDGE_CURVE('',#777,#785,#147,.T.);
#961=EDGE_CURVE('',#786,#785,#509,.T.);
#962=EDGE_CURVE('',#766,#786,#148,.T.);
#963=EDGE_CURVE('',#787,#762,#23,.T.);
#964=EDGE_CURVE('',#767,#787,#149,.T.);
#965=EDGE_CURVE('',#761,#767,#24,.T.);
#966=EDGE_CURVE('',#788,#787,#510,.T.);
#967=EDGE_CURVE('',#768,#788,#150,.T.);
#968=EDGE_CURVE('',#789,#788,#151,.F.);
#969=EDGE_CURVE('',#769,#789,#152,.T.);
#970=EDGE_CURVE('',#770,#790,#153,.T.);
#971=EDGE_CURVE('',#790,#789,#511,.T.);
#972=EDGE_CURVE('',#770,#791,#154,.F.);
#973=EDGE_CURVE('',#791,#790,#155,.T.);
#974=EDGE_CURVE('',#792,#791,#206,.T.);
#975=EDGE_CURVE('',#771,#792,#156,.F.);
#976=EDGE_CURVE('',#764,#792,#512,.T.);
#977=EDGE_CURVE('',#754,#793,#513,.T.);
#978=EDGE_CURVE('',#793,#793,#157,.T.);
#979=EDGE_CURVE('',#755,#794,#514,.T.);
#980=EDGE_CURVE('',#794,#794,#158,.T.);
#981=EDGE_CURVE('',#795,#756,#25,.T.);
#982=EDGE_CURVE('',#796,#795,#515,.F.);
#983=EDGE_CURVE('',#757,#796,#26,.F.);
#984=EDGE_CURVE('',#797,#796,#516,.F.);
#985=EDGE_CURVE('',#758,#797,#27,.F.);
#986=EDGE_CURVE('',#798,#797,#517,.F.);
#987=EDGE_CURVE('',#798,#759,#28,.T.);
#988=EDGE_CURVE('',#795,#798,#518,.F.);
#989=EDGE_CURVE('',#780,#799,#519,.T.);
#990=EDGE_CURVE('',#780,#800,#159,.F.);
#991=EDGE_CURVE('',#801,#800,#520,.F.);
#992=EDGE_CURVE('',#799,#801,#160,.T.);
#993=EDGE_CURVE('',#802,#803,#521,.T.);
#994=EDGE_CURVE('',#802,#786,#161,.F.);
#995=EDGE_CURVE('',#804,#786,#522,.F.);
#996=EDGE_CURVE('',#804,#803,#162,.F.);
#997=EDGE_CURVE('',#802,#805,#163,.T.);
#998=EDGE_CURVE('',#805,#766,#164,.T.);
#999=EDGE_CURVE('',#760,#805,#523,.T.);
#1000=EDGE_CURVE('',#806,#760,#524,.T.);
#1001=EDGE_CURVE('',#806,#807,#29,.T.);
#1002=EDGE_CURVE('',#762,#807,#525,.F.);
#1003=EDGE_CURVE('',#808,#764,#526,.T.);
#1004=EDGE_CURVE('',#808,#809,#30,.F.);
#1005=EDGE_CURVE('',#763,#809,#527,.F.);
#1006=EDGE_CURVE('',#810,#763,#528,.T.);
#1007=EDGE_CURVE('',#810,#772,#165,.F.);
#1008=EDGE_CURVE('',#810,#800,#166,.T.);
#1009=EDGE_CURVE('',#811,#811,#167,.T.);
#1010=EDGE_CURVE('',#811,#779,#168,.T.);
#1011=EDGE_CURVE('',#781,#812,#529,.T.);
#1012=EDGE_CURVE('',#799,#812,#530,.F.);
#1013=EDGE_CURVE('',#782,#813,#531,.T.);
#1014=EDGE_CURVE('',#812,#813,#169,.F.);
#1015=EDGE_CURVE('',#783,#814,#532,.T.);
#1016=EDGE_CURVE('',#813,#814,#533,.F.);
#1017=EDGE_CURVE('',#815,#784,#534,.F.);
#1018=EDGE_CURVE('',#814,#815,#170,.F.);
#1019=EDGE_CURVE('',#785,#816,#535,.F.);
#1020=EDGE_CURVE('',#815,#816,#171,.T.);
#1021=EDGE_CURVE('',#816,#804,#536,.F.);
#1022=EDGE_CURVE('',#817,#818,#172,.T.);
#1023=EDGE_CURVE('',#818,#803,#173,.T.);
#1024=EDGE_CURVE('',#804,#817,#174,.F.);
#1025=EDGE_CURVE('',#801,#819,#175,.T.);
#1026=EDGE_CURVE('',#820,#819,#176,.F.);
#1027=EDGE_CURVE('',#820,#799,#177,.F.);
#1028=EDGE_CURVE('',#821,#821,#178,.T.);
#1029=EDGE_CURVE('',#822,#822,#179,.T.);
#1030=EDGE_CURVE('',#823,#823,#180,.T.);
#1031=EDGE_CURVE('',#824,#824,#181,.T.);
#1032=EDGE_CURVE('',#807,#825,#31,.F.);
#1033=EDGE_CURVE('',#825,#826,#537,.F.);
#1034=EDGE_CURVE('',#826,#788,#538,.T.);
#1035=EDGE_CURVE('',#826,#827,#182,.F.);
#1036=EDGE_CURVE('',#827,#789,#539,.T.);
#1037=EDGE_CURVE('',#827,#828,#540,.F.);
#1038=EDGE_CURVE('',#828,#790,#541,.T.);
#1039=EDGE_CURVE('',#828,#829,#183,.T.);
#1040=EDGE_CURVE('',#791,#829,#542,.F.);
#1041=EDGE_CURVE('',#829,#830,#207,.T.);
#1042=EDGE_CURVE('',#830,#792,#543,.T.);
#1043=EDGE_CURVE('',#830,#808,#544,.F.);
#1044=EDGE_CURVE('',#831,#806,#32,.F.);
#1045=EDGE_CURVE('',#807,#831,#184,.T.);
#1046=EDGE_CURVE('',#720,#831,#33,.F.);
#1047=EDGE_CURVE('',#825,#720,#185,.T.);
#1048=EDGE_CURVE('',#809,#721,#34,.T.);
#1049=EDGE_CURVE('',#808,#721,#186,.T.);
#1050=EDGE_CURVE('',#809,#806,#545,.F.);
#1051=EDGE_CURVE('',#818,#819,#546,.F.);
#1052=EDGE_CURVE('',#832,#812,#187,.T.);
#1053=EDGE_CURVE('',#832,#820,#547,.T.);
#1054=EDGE_CURVE('',#833,#832,#188,.T.);
#1055=EDGE_CURVE('',#813,#833,#189,.T.);
#1056=EDGE_CURVE('',#834,#833,#548,.T.);
#1057=EDGE_CURVE('',#814,#834,#190,.T.);
#1058=EDGE_CURVE('',#835,#834,#191,.T.);
#1059=EDGE_CURVE('',#815,#835,#192,.T.);
#1060=EDGE_CURVE('',#836,#835,#193,.F.);
#1061=EDGE_CURVE('',#816,#836,#194,.T.);
#1062=EDGE_CURVE('',#817,#836,#549,.T.);
#1063=EDGE_CURVE('',#820,#817,#550,.T.);
#1064=EDGE_CURVE('',#821,#729,#551,.T.);
#1065=EDGE_CURVE('',#822,#730,#552,.T.);
#1066=EDGE_CURVE('',#823,#731,#553,.T.);
#1067=EDGE_CURVE('',#824,#732,#554,.T.);
#1068=EDGE_CURVE('',#826,#726,#195,.T.);
#1069=EDGE_CURVE('',#827,#725,#196,.T.);
#1070=EDGE_CURVE('',#828,#724,#197,.T.);
#1071=EDGE_CURVE('',#829,#723,#198,.T.);
#1072=EDGE_CURVE('',#830,#722,#199,.T.);
#1073=EDGE_CURVE('',#837,#838,#200,.F.);
#1074=EDGE_CURVE('',#838,#839,#555,.T.);
#1075=EDGE_CURVE('',#839,#840,#201,.F.);
#1076=EDGE_CURVE('',#840,#837,#556,.T.);
#1077=EDGE_CURVE('',#839,#841,#557,.T.);
#1078=EDGE_CURVE('',#842,#838,#558,.T.);
#1079=EDGE_CURVE('',#841,#842,#559,.T.);
#1080=EDGE_CURVE('',#843,#841,#202,.T.);
#1081=EDGE_CURVE('',#840,#843,#560,.T.);
#1082=EDGE_CURVE('',#844,#837,#561,.T.);
#1083=EDGE_CURVE('',#844,#843,#562,.T.);
#1084=EDGE_CURVE('',#842,#844,#203,.T.);
#1085=EDGE_CURVE('',#727,#845,#563,.T.);
#1086=EDGE_CURVE('',#846,#845,#564,.T.);
#1087=EDGE_CURVE('',#728,#846,#565,.T.);
#1088=EDGE_CURVE('',#709,#846,#566,.T.);
#1089=EDGE_CURVE('',#845,#710,#567,.T.);
#1090=ORIENTED_EDGE('',*,*,#847,.F.);
#1091=ORIENTED_EDGE('',*,*,#848,.T.);
#1092=ORIENTED_EDGE('',*,*,#849,.T.);
#1093=ORIENTED_EDGE('',*,*,#850,.F.);
#1094=ORIENTED_EDGE('',*,*,#851,.F.);
#1095=ORIENTED_EDGE('',*,*,#852,.F.);
#1096=ORIENTED_EDGE('',*,*,#853,.T.);
#1097=ORIENTED_EDGE('',*,*,#848,.F.);
#1098=ORIENTED_EDGE('',*,*,#854,.F.);
#1099=ORIENTED_EDGE('',*,*,#850,.T.);
#1100=ORIENTED_EDGE('',*,*,#855,.T.);
#1101=ORIENTED_EDGE('',*,*,#856,.F.);
#1102=ORIENTED_EDGE('',*,*,#855,.F.);
#1103=ORIENTED_EDGE('',*,*,#849,.F.);
#1104=ORIENTED_EDGE('',*,*,#853,.F.);
#1105=ORIENTED_EDGE('',*,*,#857,.F.);
#1106=ORIENTED_EDGE('',*,*,#856,.T.);
#1107=ORIENTED_EDGE('',*,*,#857,.T.);
#1108=ORIENTED_EDGE('',*,*,#852,.T.);
#1109=ORIENTED_EDGE('',*,*,#858,.T.);
#1110=ORIENTED_EDGE('',*,*,#859,.T.);
#1111=ORIENTED_EDGE('',*,*,#860,.F.);
#1112=ORIENTED_EDGE('',*,*,#861,.F.);
#1113=ORIENTED_EDGE('',*,*,#862,.T.);
#1114=ORIENTED_EDGE('',*,*,#863,.F.);
#1115=ORIENTED_EDGE('',*,*,#864,.T.);
#1116=ORIENTED_EDGE('',*,*,#865,.T.);
#1117=ORIENTED_EDGE('',*,*,#866,.F.);
#1118=ORIENTED_EDGE('',*,*,#867,.F.);
#1119=ORIENTED_EDGE('',*,*,#868,.T.);
#1120=ORIENTED_EDGE('',*,*,#869,.T.);
#1121=ORIENTED_EDGE('',*,*,#864,.F.);
#1122=ORIENTED_EDGE('',*,*,#870,.F.);
#1123=ORIENTED_EDGE('',*,*,#871,.F.);
#1124=ORIENTED_EDGE('',*,*,#872,.T.);
#1125=ORIENTED_EDGE('',*,*,#868,.F.);
#1126=ORIENTED_EDGE('',*,*,#872,.F.);
#1127=ORIENTED_EDGE('',*,*,#873,.F.);
#1128=ORIENTED_EDGE('',*,*,#865,.F.);
#1129=ORIENTED_EDGE('',*,*,#869,.F.);
#1130=ORIENTED_EDGE('',*,*,#874,.T.);
#1131=ORIENTED_EDGE('',*,*,#875,.T.);
#1132=ORIENTED_EDGE('',*,*,#876,.T.);
#1133=ORIENTED_EDGE('',*,*,#877,.T.);
#1134=ORIENTED_EDGE('',*,*,#878,.T.);
#1135=ORIENTED_EDGE('',*,*,#879,.T.);
#1136=ORIENTED_EDGE('',*,*,#880,.T.);
#1137=ORIENTED_EDGE('',*,*,#854,.T.);
#1138=ORIENTED_EDGE('',*,*,#862,.F.);
#1139=ORIENTED_EDGE('',*,*,#881,.F.);
#1140=ORIENTED_EDGE('',*,*,#882,.F.);
#1141=ORIENTED_EDGE('',*,*,#870,.T.);
#1142=ORIENTED_EDGE('',*,*,#867,.T.);
#1143=ORIENTED_EDGE('',*,*,#863,.T.);
#1144=ORIENTED_EDGE('',*,*,#883,.F.);
#1145=ORIENTED_EDGE('',*,*,#884,.F.);
#1146=ORIENTED_EDGE('',*,*,#858,.F.);
#1147=ORIENTED_EDGE('',*,*,#851,.T.);
#1148=ORIENTED_EDGE('',*,*,#847,.T.);
#1149=ORIENTED_EDGE('',*,*,#885,.F.);
#1150=ORIENTED_EDGE('',*,*,#886,.F.);
#1151=ORIENTED_EDGE('',*,*,#887,.F.);
#1152=ORIENTED_EDGE('',*,*,#888,.F.);
#1153=ORIENTED_EDGE('',*,*,#889,.T.);
#1154=ORIENTED_EDGE('',*,*,#890,.T.);
#1155=ORIENTED_EDGE('',*,*,#891,.T.);
#1156=ORIENTED_EDGE('',*,*,#890,.F.);
#1157=ORIENTED_EDGE('',*,*,#892,.T.);
#1158=ORIENTED_EDGE('',*,*,#893,.T.);
#1159=ORIENTED_EDGE('',*,*,#894,.T.);
#1160=ORIENTED_EDGE('',*,*,#895,.F.);
#1161=ORIENTED_EDGE('',*,*,#896,.T.);
#1162=ORIENTED_EDGE('',*,*,#895,.T.);
#1163=ORIENTED_EDGE('',*,*,#897,.T.);
#1164=ORIENTED_EDGE('',*,*,#898,.F.);
#1165=ORIENTED_EDGE('',*,*,#899,.T.);
#1166=ORIENTED_EDGE('',*,*,#898,.T.);
#1167=ORIENTED_EDGE('',*,*,#900,.T.);
#1168=ORIENTED_EDGE('',*,*,#901,.F.);
#1169=ORIENTED_EDGE('',*,*,#902,.T.);
#1170=ORIENTED_EDGE('',*,*,#901,.T.);
#1171=ORIENTED_EDGE('',*,*,#903,.T.);
#1172=ORIENTED_EDGE('',*,*,#893,.F.);
#1173=ORIENTED_EDGE('',*,*,#904,.F.);
#1174=ORIENTED_EDGE('',*,*,#905,.F.);
#1175=ORIENTED_EDGE('',*,*,#906,.F.);
#1176=ORIENTED_EDGE('',*,*,#907,.F.);
#1177=ORIENTED_EDGE('',*,*,#908,.T.);
#1178=ORIENTED_EDGE('',*,*,#907,.T.);
#1179=ORIENTED_EDGE('',*,*,#909,.T.);
#1180=ORIENTED_EDGE('',*,*,#910,.T.);
#1181=ORIENTED_EDGE('',*,*,#911,.F.);
#1182=ORIENTED_EDGE('',*,*,#912,.F.);
#1183=ORIENTED_EDGE('',*,*,#913,.F.);
#1184=ORIENTED_EDGE('',*,*,#910,.F.);
#1185=ORIENTED_EDGE('',*,*,#914,.F.);
#1186=ORIENTED_EDGE('',*,*,#915,.F.);
#1187=ORIENTED_EDGE('',*,*,#916,.T.);
#1188=ORIENTED_EDGE('',*,*,#917,.F.);
#1189=ORIENTED_EDGE('',*,*,#916,.F.);
#1190=ORIENTED_EDGE('',*,*,#917,.T.);
#1191=ORIENTED_EDGE('',*,*,#918,.T.);
#1192=ORIENTED_EDGE('',*,*,#919,.T.);
#1193=ORIENTED_EDGE('',*,*,#920,.T.);
#1194=ORIENTED_EDGE('',*,*,#921,.T.);
#1195=ORIENTED_EDGE('',*,*,#922,.F.);
#1196=ORIENTED_EDGE('',*,*,#912,.T.);
#1197=ORIENTED_EDGE('',*,*,#922,.T.);
#1198=ORIENTED_EDGE('',*,*,#923,.T.);
#1199=ORIENTED_EDGE('',*,*,#924,.F.);
#1200=ORIENTED_EDGE('',*,*,#904,.T.);
#1201=ORIENTED_EDGE('',*,*,#908,.F.);
#1202=ORIENTED_EDGE('',*,*,#913,.T.);
#1203=ORIENTED_EDGE('',*,*,#896,.F.);
#1204=ORIENTED_EDGE('',*,*,#899,.F.);
#1205=ORIENTED_EDGE('',*,*,#902,.F.);
#1206=ORIENTED_EDGE('',*,*,#892,.F.);
#1207=ORIENTED_EDGE('',*,*,#924,.T.);
#1208=ORIENTED_EDGE('',*,*,#925,.T.);
#1209=ORIENTED_EDGE('',*,*,#926,.F.);
#1210=ORIENTED_EDGE('',*,*,#905,.T.);
#1211=ORIENTED_EDGE('',*,*,#926,.T.);
#1212=ORIENTED_EDGE('',*,*,#927,.T.);
#1213=ORIENTED_EDGE('',*,*,#920,.F.);
#1214=ORIENTED_EDGE('',*,*,#911,.T.);
#1215=ORIENTED_EDGE('',*,*,#909,.F.);
#1216=ORIENTED_EDGE('',*,*,#906,.T.);
#1217=ORIENTED_EDGE('',*,*,#903,.F.);
#1218=ORIENTED_EDGE('',*,*,#900,.F.);
#1219=ORIENTED_EDGE('',*,*,#897,.F.);
#1220=ORIENTED_EDGE('',*,*,#894,.F.);
#1221=ORIENTED_EDGE('',*,*,#928,.F.);
#1222=ORIENTED_EDGE('',*,*,#929,.F.);
#1223=ORIENTED_EDGE('',*,*,#930,.F.);
#1224=ORIENTED_EDGE('',*,*,#931,.F.);
#1225=ORIENTED_EDGE('',*,*,#932,.F.);
#1226=ORIENTED_EDGE('',*,*,#933,.T.);
#1227=ORIENTED_EDGE('',*,*,#934,.T.);
#1228=ORIENTED_EDGE('',*,*,#935,.T.);
#1229=ORIENTED_EDGE('',*,*,#936,.T.);
#1230=ORIENTED_EDGE('',*,*,#937,.T.);
#1231=ORIENTED_EDGE('',*,*,#938,.T.);
#1232=ORIENTED_EDGE('',*,*,#939,.T.);
#1233=ORIENTED_EDGE('',*,*,#940,.T.);
#1234=ORIENTED_EDGE('',*,*,#941,.T.);
#1235=ORIENTED_EDGE('',*,*,#942,.T.);
#1236=ORIENTED_EDGE('',*,*,#943,.T.);
#1237=ORIENTED_EDGE('',*,*,#944,.T.);
#1238=ORIENTED_EDGE('',*,*,#945,.T.);
#1239=ORIENTED_EDGE('',*,*,#946,.T.);
#1240=ORIENTED_EDGE('',*,*,#914,.T.);
#1241=ORIENTED_EDGE('',*,*,#915,.T.);
#1242=ORIENTED_EDGE('',*,*,#947,.T.);
#1243=ORIENTED_EDGE('',*,*,#948,.T.);
#1244=ORIENTED_EDGE('',*,*,#949,.T.);
#1245=ORIENTED_EDGE('',*,*,#947,.F.);
#1246=ORIENTED_EDGE('',*,*,#950,.T.);
#1247=ORIENTED_EDGE('',*,*,#951,.F.);
#1248=ORIENTED_EDGE('',*,*,#952,.F.);
#1249=ORIENTED_EDGE('',*,*,#941,.F.);
#1250=ORIENTED_EDGE('',*,*,#952,.T.);
#1251=ORIENTED_EDGE('',*,*,#953,.F.);
#1252=ORIENTED_EDGE('',*,*,#954,.F.);
#1253=ORIENTED_EDGE('',*,*,#942,.F.);
#1254=ORIENTED_EDGE('',*,*,#954,.T.);
#1255=ORIENTED_EDGE('',*,*,#955,.F.);
#1256=ORIENTED_EDGE('',*,*,#956,.F.);
#1257=ORIENTED_EDGE('',*,*,#943,.F.);
#1258=ORIENTED_EDGE('',*,*,#956,.T.);
#1259=ORIENTED_EDGE('',*,*,#957,.F.);
#1260=ORIENTED_EDGE('',*,*,#958,.F.);
#1261=ORIENTED_EDGE('',*,*,#944,.F.);
#1262=ORIENTED_EDGE('',*,*,#958,.T.);
#1263=ORIENTED_EDGE('',*,*,#959,.F.);
#1264=ORIENTED_EDGE('',*,*,#960,.F.);
#1265=ORIENTED_EDGE('',*,*,#945,.F.);
#1266=ORIENTED_EDGE('',*,*,#960,.T.);
#1267=ORIENTED_EDGE('',*,*,#961,.F.);
#1268=ORIENTED_EDGE('',*,*,#962,.F.);
#1269=ORIENTED_EDGE('',*,*,#946,.F.);
#1270=ORIENTED_EDGE('',*,*,#930,.T.);
#1271=ORIENTED_EDGE('',*,*,#963,.F.);
#1272=ORIENTED_EDGE('',*,*,#964,.F.);
#1273=ORIENTED_EDGE('',*,*,#965,.F.);
#1274=ORIENTED_EDGE('',*,*,#964,.T.);
#1275=ORIENTED_EDGE('',*,*,#966,.F.);
#1276=ORIENTED_EDGE('',*,*,#967,.F.);
#1277=ORIENTED_EDGE('',*,*,#935,.F.);
#1278=ORIENTED_EDGE('',*,*,#967,.T.);
#1279=ORIENTED_EDGE('',*,*,#968,.F.);
#1280=ORIENTED_EDGE('',*,*,#969,.F.);
#1281=ORIENTED_EDGE('',*,*,#936,.F.);
#1282=ORIENTED_EDGE('',*,*,#970,.F.);
#1283=ORIENTED_EDGE('',*,*,#937,.F.);
#1284=ORIENTED_EDGE('',*,*,#969,.T.);
#1285=ORIENTED_EDGE('',*,*,#971,.F.);
#1286=ORIENTED_EDGE('',*,*,#972,.F.);
#1287=ORIENTED_EDGE('',*,*,#970,.T.);
#1288=ORIENTED_EDGE('',*,*,#973,.F.);
#1289=ORIENTED_EDGE('',*,*,#938,.F.);
#1290=ORIENTED_EDGE('',*,*,#972,.T.);
#1291=ORIENTED_EDGE('',*,*,#974,.F.);
#1292=ORIENTED_EDGE('',*,*,#975,.F.);
#1293=ORIENTED_EDGE('',*,*,#975,.T.);
#1294=ORIENTED_EDGE('',*,*,#976,.F.);
#1295=ORIENTED_EDGE('',*,*,#933,.F.);
#1296=ORIENTED_EDGE('',*,*,#939,.F.);
#1297=ORIENTED_EDGE('',*,*,#918,.F.);
#1298=ORIENTED_EDGE('',*,*,#977,.T.);
#1299=ORIENTED_EDGE('',*,*,#978,.T.);
#1300=ORIENTED_EDGE('',*,*,#977,.F.);
#1301=ORIENTED_EDGE('',*,*,#919,.F.);
#1302=ORIENTED_EDGE('',*,*,#979,.T.);
#1303=ORIENTED_EDGE('',*,*,#980,.T.);
#1304=ORIENTED_EDGE('',*,*,#979,.F.);
#1305=ORIENTED_EDGE('',*,*,#981,.F.);
#1306=ORIENTED_EDGE('',*,*,#982,.F.);
#1307=ORIENTED_EDGE('',*,*,#983,.F.);
#1308=ORIENTED_EDGE('',*,*,#921,.F.);
#1309=ORIENTED_EDGE('',*,*,#983,.T.);
#1310=ORIENTED_EDGE('',*,*,#984,.F.);
#1311=ORIENTED_EDGE('',*,*,#985,.F.);
#1312=ORIENTED_EDGE('',*,*,#923,.F.);
#1313=ORIENTED_EDGE('',*,*,#985,.T.);
#1314=ORIENTED_EDGE('',*,*,#986,.F.);
#1315=ORIENTED_EDGE('',*,*,#987,.T.);
#1316=ORIENTED_EDGE('',*,*,#925,.F.);
#1317=ORIENTED_EDGE('',*,*,#981,.T.);
#1318=ORIENTED_EDGE('',*,*,#927,.F.);
#1319=ORIENTED_EDGE('',*,*,#987,.F.);
#1320=ORIENTED_EDGE('',*,*,#988,.F.);
#1321=ORIENTED_EDGE('',*,*,#989,.F.);
#1322=ORIENTED_EDGE('',*,*,#990,.T.);
#1323=ORIENTED_EDGE('',*,*,#991,.F.);
#1324=ORIENTED_EDGE('',*,*,#992,.F.);
#1325=ORIENTED_EDGE('',*,*,#993,.F.);
#1326=ORIENTED_EDGE('',*,*,#994,.T.);
#1327=ORIENTED_EDGE('',*,*,#995,.F.);
#1328=ORIENTED_EDGE('',*,*,#996,.T.);
#1329=ORIENTED_EDGE('',*,*,#997,.T.);
#1330=ORIENTED_EDGE('',*,*,#998,.T.);
#1331=ORIENTED_EDGE('',*,*,#962,.T.);
#1332=ORIENTED_EDGE('',*,*,#994,.F.);
#1333=ORIENTED_EDGE('',*,*,#999,.F.);
#1334=ORIENTED_EDGE('',*,*,#928,.T.);
#1335=ORIENTED_EDGE('',*,*,#965,.T.);
#1336=ORIENTED_EDGE('',*,*,#934,.F.);
#1337=ORIENTED_EDGE('',*,*,#998,.F.);
#1338=ORIENTED_EDGE('',*,*,#1000,.F.);
#1339=ORIENTED_EDGE('',*,*,#1001,.T.);
#1340=ORIENTED_EDGE('',*,*,#1002,.F.);
#1341=ORIENTED_EDGE('',*,*,#929,.T.);
#1342=ORIENTED_EDGE('',*,*,#1003,.F.);
#1343=ORIENTED_EDGE('',*,*,#1004,.T.);
#1344=ORIENTED_EDGE('',*,*,#1005,.F.);
#1345=ORIENTED_EDGE('',*,*,#931,.T.);
#1346=ORIENTED_EDGE('',*,*,#940,.F.);
#1347=ORIENTED_EDGE('',*,*,#932,.T.);
#1348=ORIENTED_EDGE('',*,*,#1006,.F.);
#1349=ORIENTED_EDGE('',*,*,#1007,.T.);
#1350=ORIENTED_EDGE('',*,*,#990,.F.);
#1351=ORIENTED_EDGE('',*,*,#950,.F.);
#1352=ORIENTED_EDGE('',*,*,#1007,.F.);
#1353=ORIENTED_EDGE('',*,*,#1008,.T.);
#1354=ORIENTED_EDGE('',*,*,#1009,.F.);
#1355=ORIENTED_EDGE('',*,*,#1010,.T.);
#1356=ORIENTED_EDGE('',*,*,#948,.F.);
#1357=ORIENTED_EDGE('',*,*,#949,.F.);
#1358=ORIENTED_EDGE('',*,*,#1010,.F.);
#1359=ORIENTED_EDGE('',*,*,#1011,.F.);
#1360=ORIENTED_EDGE('',*,*,#951,.T.);
#1361=ORIENTED_EDGE('',*,*,#989,.T.);
#1362=ORIENTED_EDGE('',*,*,#1012,.T.);
#1363=ORIENTED_EDGE('',*,*,#1013,.F.);
#1364=ORIENTED_EDGE('',*,*,#953,.T.);
#1365=ORIENTED_EDGE('',*,*,#1011,.T.);
#1366=ORIENTED_EDGE('',*,*,#1014,.T.);
#1367=ORIENTED_EDGE('',*,*,#1015,.F.);
#1368=ORIENTED_EDGE('',*,*,#955,.T.);
#1369=ORIENTED_EDGE('',*,*,#1013,.T.);
#1370=ORIENTED_EDGE('',*,*,#1016,.T.);
#1371=ORIENTED_EDGE('',*,*,#1017,.T.);
#1372=ORIENTED_EDGE('',*,*,#957,.T.);
#1373=ORIENTED_EDGE('',*,*,#1015,.T.);
#1374=ORIENTED_EDGE('',*,*,#1018,.T.);
#1375=ORIENTED_EDGE('',*,*,#1019,.F.);
#1376=ORIENTED_EDGE('',*,*,#959,.T.);
#1377=ORIENTED_EDGE('',*,*,#1017,.F.);
#1378=ORIENTED_EDGE('',*,*,#1020,.T.);
#1379=ORIENTED_EDGE('',*,*,#995,.T.);
#1380=ORIENTED_EDGE('',*,*,#961,.T.);
#1381=ORIENTED_EDGE('',*,*,#1019,.T.);
#1382=ORIENTED_EDGE('',*,*,#1021,.T.);
#1383=ORIENTED_EDGE('',*,*,#1022,.T.);
#1384=ORIENTED_EDGE('',*,*,#1023,.T.);
#1385=ORIENTED_EDGE('',*,*,#996,.F.);
#1386=ORIENTED_EDGE('',*,*,#1024,.T.);
#1387=ORIENTED_EDGE('',*,*,#992,.T.);
#1388=ORIENTED_EDGE('',*,*,#1025,.T.);
#1389=ORIENTED_EDGE('',*,*,#1026,.F.);
#1390=ORIENTED_EDGE('',*,*,#1027,.T.);
#1391=ORIENTED_EDGE('',*,*,#1028,.T.);
#1392=ORIENTED_EDGE('',*,*,#1029,.T.);
#1393=ORIENTED_EDGE('',*,*,#1030,.T.);
#1394=ORIENTED_EDGE('',*,*,#1031,.T.);
#1395=ORIENTED_EDGE('',*,*,#1002,.T.);
#1396=ORIENTED_EDGE('',*,*,#1032,.T.);
#1397=ORIENTED_EDGE('',*,*,#1033,.T.);
#1398=ORIENTED_EDGE('',*,*,#1034,.T.);
#1399=ORIENTED_EDGE('',*,*,#966,.T.);
#1400=ORIENTED_EDGE('',*,*,#963,.T.);
#1401=ORIENTED_EDGE('',*,*,#1034,.F.);
#1402=ORIENTED_EDGE('',*,*,#1035,.T.);
#1403=ORIENTED_EDGE('',*,*,#1036,.T.);
#1404=ORIENTED_EDGE('',*,*,#968,.T.);
#1405=ORIENTED_EDGE('',*,*,#1036,.F.);
#1406=ORIENTED_EDGE('',*,*,#1037,.T.);
#1407=ORIENTED_EDGE('',*,*,#1038,.T.);
#1408=ORIENTED_EDGE('',*,*,#971,.T.);
#1409=ORIENTED_EDGE('',*,*,#1038,.F.);
#1410=ORIENTED_EDGE('',*,*,#1039,.T.);
#1411=ORIENTED_EDGE('',*,*,#1040,.F.);
#1412=ORIENTED_EDGE('',*,*,#973,.T.);
#1413=ORIENTED_EDGE('',*,*,#1040,.T.);
#1414=ORIENTED_EDGE('',*,*,#1041,.T.);
#1415=ORIENTED_EDGE('',*,*,#1042,.T.);
#1416=ORIENTED_EDGE('',*,*,#974,.T.);
#1417=ORIENTED_EDGE('',*,*,#1042,.F.);
#1418=ORIENTED_EDGE('',*,*,#1043,.T.);
#1419=ORIENTED_EDGE('',*,*,#1003,.T.);
#1420=ORIENTED_EDGE('',*,*,#976,.T.);
#1421=ORIENTED_EDGE('',*,*,#1001,.F.);
#1422=ORIENTED_EDGE('',*,*,#1044,.F.);
#1423=ORIENTED_EDGE('',*,*,#1045,.F.);
#1424=ORIENTED_EDGE('',*,*,#1045,.T.);
#1425=ORIENTED_EDGE('',*,*,#1046,.F.);
#1426=ORIENTED_EDGE('',*,*,#1047,.F.);
#1427=ORIENTED_EDGE('',*,*,#1032,.F.);
#1428=ORIENTED_EDGE('',*,*,#1048,.F.);
#1429=ORIENTED_EDGE('',*,*,#1004,.F.);
#1430=ORIENTED_EDGE('',*,*,#1049,.T.);
#1431=ORIENTED_EDGE('',*,*,#1009,.T.);
#1432=ORIENTED_EDGE('',*,*,#1008,.F.);
#1433=ORIENTED_EDGE('',*,*,#1006,.T.);
#1434=ORIENTED_EDGE('',*,*,#1005,.T.);
#1435=ORIENTED_EDGE('',*,*,#1050,.T.);
#1436=ORIENTED_EDGE('',*,*,#1000,.T.);
#1437=ORIENTED_EDGE('',*,*,#999,.T.);
#1438=ORIENTED_EDGE('',*,*,#997,.F.);
#1439=ORIENTED_EDGE('',*,*,#993,.T.);
#1440=ORIENTED_EDGE('',*,*,#1023,.F.);
#1441=ORIENTED_EDGE('',*,*,#1051,.T.);
#1442=ORIENTED_EDGE('',*,*,#1025,.F.);
#1443=ORIENTED_EDGE('',*,*,#991,.T.);
#1444=ORIENTED_EDGE('',*,*,#988,.T.);
#1445=ORIENTED_EDGE('',*,*,#986,.T.);
#1446=ORIENTED_EDGE('',*,*,#984,.T.);
#1447=ORIENTED_EDGE('',*,*,#982,.T.);
#1448=ORIENTED_EDGE('',*,*,#980,.F.);
#1449=ORIENTED_EDGE('',*,*,#978,.F.);
#1450=ORIENTED_EDGE('',*,*,#1052,.T.);
#1451=ORIENTED_EDGE('',*,*,#1012,.F.);
#1452=ORIENTED_EDGE('',*,*,#1027,.F.);
#1453=ORIENTED_EDGE('',*,*,#1053,.F.);
#1454=ORIENTED_EDGE('',*,*,#1052,.F.);
#1455=ORIENTED_EDGE('',*,*,#1054,.F.);
#1456=ORIENTED_EDGE('',*,*,#1055,.F.);
#1457=ORIENTED_EDGE('',*,*,#1014,.F.);
#1458=ORIENTED_EDGE('',*,*,#1055,.T.);
#1459=ORIENTED_EDGE('',*,*,#1056,.F.);
#1460=ORIENTED_EDGE('',*,*,#1057,.F.);
#1461=ORIENTED_EDGE('',*,*,#1016,.F.);
#1462=ORIENTED_EDGE('',*,*,#1057,.T.);
#1463=ORIENTED_EDGE('',*,*,#1058,.F.);
#1464=ORIENTED_EDGE('',*,*,#1059,.F.);
#1465=ORIENTED_EDGE('',*,*,#1018,.F.);
#1466=ORIENTED_EDGE('',*,*,#1059,.T.);
#1467=ORIENTED_EDGE('',*,*,#1060,.F.);
#1468=ORIENTED_EDGE('',*,*,#1061,.F.);
#1469=ORIENTED_EDGE('',*,*,#1020,.F.);
#1470=ORIENTED_EDGE('',*,*,#1061,.T.);
#1471=ORIENTED_EDGE('',*,*,#1062,.F.);
#1472=ORIENTED_EDGE('',*,*,#1024,.F.);
#1473=ORIENTED_EDGE('',*,*,#1021,.F.);
#1474=ORIENTED_EDGE('',*,*,#1026,.T.);
#1475=ORIENTED_EDGE('',*,*,#1051,.F.);
#1476=ORIENTED_EDGE('',*,*,#1022,.F.);
#1477=ORIENTED_EDGE('',*,*,#1063,.F.);
#1478=ORIENTED_EDGE('',*,*,#1028,.F.);
#1479=ORIENTED_EDGE('',*,*,#1064,.T.);
#1480=ORIENTED_EDGE('',*,*,#885,.T.);
#1481=ORIENTED_EDGE('',*,*,#1064,.F.);
#1482=ORIENTED_EDGE('',*,*,#1029,.F.);
#1483=ORIENTED_EDGE('',*,*,#1065,.T.);
#1484=ORIENTED_EDGE('',*,*,#886,.T.);
#1485=ORIENTED_EDGE('',*,*,#1065,.F.);
#1486=ORIENTED_EDGE('',*,*,#1030,.F.);
#1487=ORIENTED_EDGE('',*,*,#1066,.T.);
#1488=ORIENTED_EDGE('',*,*,#887,.T.);
#1489=ORIENTED_EDGE('',*,*,#1066,.F.);
#1490=ORIENTED_EDGE('',*,*,#1031,.F.);
#1491=ORIENTED_EDGE('',*,*,#1067,.T.);
#1492=ORIENTED_EDGE('',*,*,#888,.T.);
#1493=ORIENTED_EDGE('',*,*,#1067,.F.);
#1494=ORIENTED_EDGE('',*,*,#1047,.T.);
#1495=ORIENTED_EDGE('',*,*,#880,.F.);
#1496=ORIENTED_EDGE('',*,*,#1068,.F.);
#1497=ORIENTED_EDGE('',*,*,#1033,.F.);
#1498=ORIENTED_EDGE('',*,*,#1068,.T.);
#1499=ORIENTED_EDGE('',*,*,#879,.F.);
#1500=ORIENTED_EDGE('',*,*,#1069,.F.);
#1501=ORIENTED_EDGE('',*,*,#1035,.F.);
#1502=ORIENTED_EDGE('',*,*,#1069,.T.);
#1503=ORIENTED_EDGE('',*,*,#878,.F.);
#1504=ORIENTED_EDGE('',*,*,#1070,.F.);
#1505=ORIENTED_EDGE('',*,*,#1037,.F.);
#1506=ORIENTED_EDGE('',*,*,#1070,.T.);
#1507=ORIENTED_EDGE('',*,*,#877,.F.);
#1508=ORIENTED_EDGE('',*,*,#1071,.F.);
#1509=ORIENTED_EDGE('',*,*,#1039,.F.);
#1510=ORIENTED_EDGE('',*,*,#1071,.T.);
#1511=ORIENTED_EDGE('',*,*,#876,.F.);
#1512=ORIENTED_EDGE('',*,*,#1072,.F.);
#1513=ORIENTED_EDGE('',*,*,#1041,.F.);
#1514=ORIENTED_EDGE('',*,*,#1072,.T.);
#1515=ORIENTED_EDGE('',*,*,#875,.F.);
#1516=ORIENTED_EDGE('',*,*,#1049,.F.);
#1517=ORIENTED_EDGE('',*,*,#1043,.F.);
#1518=ORIENTED_EDGE('',*,*,#1050,.F.);
#1519=ORIENTED_EDGE('',*,*,#1048,.T.);
#1520=ORIENTED_EDGE('',*,*,#874,.F.);
#1521=ORIENTED_EDGE('',*,*,#1046,.T.);
#1522=ORIENTED_EDGE('',*,*,#1044,.T.);
#1523=ORIENTED_EDGE('',*,*,#1063,.T.);
#1524=ORIENTED_EDGE('',*,*,#1062,.T.);
#1525=ORIENTED_EDGE('',*,*,#1060,.T.);
#1526=ORIENTED_EDGE('',*,*,#1058,.T.);
#1527=ORIENTED_EDGE('',*,*,#1056,.T.);
#1528=ORIENTED_EDGE('',*,*,#1054,.T.);
#1529=ORIENTED_EDGE('',*,*,#1053,.T.);
#1530=ORIENTED_EDGE('',*,*,#1073,.T.);
#1531=ORIENTED_EDGE('',*,*,#1074,.T.);
#1532=ORIENTED_EDGE('',*,*,#1075,.T.);
#1533=ORIENTED_EDGE('',*,*,#1076,.T.);
#1534=ORIENTED_EDGE('',*,*,#1077,.F.);
#1535=ORIENTED_EDGE('',*,*,#1074,.F.);
#1536=ORIENTED_EDGE('',*,*,#1078,.F.);
#1537=ORIENTED_EDGE('',*,*,#1079,.F.);
#1538=ORIENTED_EDGE('',*,*,#1077,.T.);
#1539=ORIENTED_EDGE('',*,*,#1080,.F.);
#1540=ORIENTED_EDGE('',*,*,#1081,.F.);
#1541=ORIENTED_EDGE('',*,*,#1075,.F.);
#1542=ORIENTED_EDGE('',*,*,#1082,.T.);
#1543=ORIENTED_EDGE('',*,*,#1076,.F.);
#1544=ORIENTED_EDGE('',*,*,#1081,.T.);
#1545=ORIENTED_EDGE('',*,*,#1083,.F.);
#1546=ORIENTED_EDGE('',*,*,#1078,.T.);
#1547=ORIENTED_EDGE('',*,*,#1073,.F.);
#1548=ORIENTED_EDGE('',*,*,#1082,.F.);
#1549=ORIENTED_EDGE('',*,*,#1084,.F.);
#1550=ORIENTED_EDGE('',*,*,#871,.T.);
#1551=ORIENTED_EDGE('',*,*,#882,.T.);
#1552=ORIENTED_EDGE('',*,*,#1085,.T.);
#1553=ORIENTED_EDGE('',*,*,#1086,.F.);
#1554=ORIENTED_EDGE('',*,*,#1087,.F.);
#1555=ORIENTED_EDGE('',*,*,#883,.T.);
#1556=ORIENTED_EDGE('',*,*,#866,.T.);
#1557=ORIENTED_EDGE('',*,*,#873,.T.);
#1558=ORIENTED_EDGE('',*,*,#859,.F.);
#1559=ORIENTED_EDGE('',*,*,#884,.T.);
#1560=ORIENTED_EDGE('',*,*,#1087,.T.);
#1561=ORIENTED_EDGE('',*,*,#1088,.F.);
#1562=ORIENTED_EDGE('',*,*,#1085,.F.);
#1563=ORIENTED_EDGE('',*,*,#881,.T.);
#1564=ORIENTED_EDGE('',*,*,#861,.T.);
#1565=ORIENTED_EDGE('',*,*,#1089,.F.);
#1566=ORIENTED_EDGE('',*,*,#1084,.T.);
#1567=ORIENTED_EDGE('',*,*,#1083,.T.);
#1568=ORIENTED_EDGE('',*,*,#1080,.T.);
#1569=ORIENTED_EDGE('',*,*,#1079,.T.);
#1570=ORIENTED_EDGE('',*,*,#891,.F.);
#1571=ORIENTED_EDGE('',*,*,#1089,.T.);
#1572=ORIENTED_EDGE('',*,*,#860,.T.);
#1573=ORIENTED_EDGE('',*,*,#1088,.T.);
#1574=ORIENTED_EDGE('',*,*,#1086,.T.);
#1575=ORIENTED_EDGE('',*,*,#889,.F.);
#1576=PLANE('',#1736);
#1577=PLANE('',#1737);
#1578=PLANE('',#1738);
#1579=PLANE('',#1739);
#1580=PLANE('',#1740);
#1581=PLANE('',#1741);
#1582=PLANE('',#1742);
#1583=PLANE('',#1743);
#1584=PLANE('',#1744);
#1585=PLANE('',#1745);
#1586=PLANE('',#1755);
#1587=PLANE('',#1756);
#1588=PLANE('',#1757);
#1589=PLANE('',#1758);
#1590=PLANE('',#1762);
#1591=PLANE('',#1771);
#1592=PLANE('',#1774);
#1593=PLANE('',#1775);
#1594=PLANE('',#1776);
#1595=PLANE('',#1777);
#1596=PLANE('',#1784);
#1597=PLANE('',#1856);
#1598=PLANE('',#1859);
#1599=PLANE('',#1864);
#1600=PLANE('',#1873);
#1601=PLANE('',#1875);
#1602=PLANE('',#1877);
#1603=PLANE('',#1879);
#1604=PLANE('',#1881);
#1605=PLANE('',#1885);
#1606=PLANE('',#1888);
#1607=PLANE('',#1895);
#1608=PLANE('',#1926);
#1609=PLANE('',#1929);
#1610=PLANE('',#1932);
#1611=PLANE('',#1935);
#1612=PLANE('',#1936);
#1613=PLANE('',#1937);
#1614=PLANE('',#1938);
#1615=PLANE('',#1939);
#1616=ADVANCED_FACE('',(#208),#1576,.F.);
#1617=ADVANCED_FACE('',(#209),#1577,.F.);
#1618=ADVANCED_FACE('',(#210),#1578,.F.);
#1619=ADVANCED_FACE('',(#211),#1579,.F.);
#1620=ADVANCED_FACE('',(#212),#1580,.T.);
#1621=ADVANCED_FACE('',(#213),#1581,.F.);
#1622=ADVANCED_FACE('',(#214),#1582,.F.);
#1623=ADVANCED_FACE('',(#215),#1583,.F.);
#1624=ADVANCED_FACE('',(#216),#1584,.F.);
#1625=ADVANCED_FACE('',(#217,#97,#98,#99,#100,#101),#1585,.T.);
#1626=ADVANCED_FACE('',(#218),#58,.F.);
#1627=ADVANCED_FACE('',(#219),#1586,.F.);
#1628=ADVANCED_FACE('',(#220),#1587,.F.);
#1629=ADVANCED_FACE('',(#221),#1588,.F.);
#1630=ADVANCED_FACE('',(#222),#1589,.F.);
#1631=ADVANCED_FACE('',(#223),#59,.T.);
#1632=ADVANCED_FACE('',(#224),#1590,.T.);
#1633=ADVANCED_FACE('',(#225),#60,.T.);
#1634=ADVANCED_FACE('',(#226),#43,.T.);
#1635=ADVANCED_FACE('',(#227,#102,#103),#1591,.F.);
#1636=ADVANCED_FACE('',(#228),#1592,.F.);
#1637=ADVANCED_FACE('',(#229,#104),#1593,.F.);
#1638=ADVANCED_FACE('',(#230),#1594,.F.);
#1639=ADVANCED_FACE('',(#231,#105),#1595,.F.);
#1640=ADVANCED_FACE('',(#232),#35,.T.);
#1641=ADVANCED_FACE('',(#233),#36,.T.);
#1642=ADVANCED_FACE('',(#234),#1596,.F.);
#1643=ADVANCED_FACE('',(#235),#61,.T.);
#1644=ADVANCED_FACE('',(#236),#62,.T.);
#1645=ADVANCED_FACE('',(#237),#44,.T.);
#1646=ADVANCED_FACE('',(#238),#63,.T.);
#1647=ADVANCED_FACE('',(#239),#45,.T.);
#1648=ADVANCED_FACE('',(#240),#46,.T.);
#1649=ADVANCED_FACE('',(#241),#64,.T.);
#1650=ADVANCED_FACE('',(#242),#37,.T.);
#1651=ADVANCED_FACE('',(#243),#65,.T.);
#1652=ADVANCED_FACE('',(#244),#47,.T.);
#1653=ADVANCED_FACE('',(#245),#66,.T.);
#1654=ADVANCED_FACE('',(#246),#18,.T.);
#1655=ADVANCED_FACE('',(#247),#38,.T.);
#1656=ADVANCED_FACE('',(#248),#67,.T.);
#1657=ADVANCED_FACE('',(#249),#68,.F.);
#1658=ADVANCED_FACE('',(#250),#69,.F.);
#1659=ADVANCED_FACE('',(#251),#70,.F.);
#1660=ADVANCED_FACE('',(#252),#71,.F.);
#1661=ADVANCED_FACE('',(#253),#72,.F.);
#1662=ADVANCED_FACE('',(#254),#73,.F.);
#1663=ADVANCED_FACE('',(#255),#74,.F.);
#1664=ADVANCED_FACE('',(#256),#75,.F.);
#1665=ADVANCED_FACE('',(#257),#48,.F.);
#1666=ADVANCED_FACE('',(#258),#76,.F.);
#1667=ADVANCED_FACE('',(#259),#77,.F.);
#1668=ADVANCED_FACE('',(#260),#78,.F.);
#1669=ADVANCED_FACE('',(#261),#79,.F.);
#1670=ADVANCED_FACE('',(#262),#49,.F.);
#1671=ADVANCED_FACE('',(#263),#50,.T.);
#1672=ADVANCED_FACE('',(#264),#1597,.T.);
#1673=ADVANCED_FACE('',(#265),#80,.T.);
#1674=ADVANCED_FACE('',(#266),#1598,.T.);
#1675=ADVANCED_FACE('',(#267),#81,.T.);
#1676=ADVANCED_FACE('',(#268),#82,.F.);
#1677=ADVANCED_FACE('',(#269),#1599,.T.);
#1678=ADVANCED_FACE('',(#270),#51,.F.);
#1679=ADVANCED_FACE('',(#271),#52,.F.);
#1680=ADVANCED_FACE('',(#272),#1600,.T.);
#1681=ADVANCED_FACE('',(#273),#1601,.T.);
#1682=ADVANCED_FACE('',(#274),#1602,.T.);
#1683=ADVANCED_FACE('',(#275),#1603,.T.);
#1684=ADVANCED_FACE('',(#276),#1604,.F.);
#1685=ADVANCED_FACE('',(#277),#83,.F.);
#1686=ADVANCED_FACE('',(#278),#1605,.F.);
#1687=ADVANCED_FACE('',(#279),#84,.T.);
#1688=ADVANCED_FACE('',(#280),#17,.F.);
#1689=ADVANCED_FACE('',(#281),#1606,.F.);
#1690=ADVANCED_FACE('',(#282),#39,.F.);
#1691=ADVANCED_FACE('',(#283),#40,.F.);
#1692=ADVANCED_FACE('',(#284),#41,.F.);
#1693=ADVANCED_FACE('',(#285,#106,#107,#108,#109),#1607,.T.);
#1694=ADVANCED_FACE('',(#286),#85,.T.);
#1695=ADVANCED_FACE('',(#287),#53,.T.);
#1696=ADVANCED_FACE('',(#288),#86,.T.);
#1697=ADVANCED_FACE('',(#289),#54,.T.);
#1698=ADVANCED_FACE('',(#290),#55,.T.);
#1699=ADVANCED_FACE('',(#291),#87,.T.);
#1700=ADVANCED_FACE('',(#292),#88,.F.);
#1701=ADVANCED_FACE('',(#293),#89,.F.);
#1702=ADVANCED_FACE('',(#294),#90,.F.);
#1703=ADVANCED_FACE('',(#295),#91,.F.);
#1704=ADVANCED_FACE('',(#296),#92,.F.);
#1705=ADVANCED_FACE('',(#297),#93,.F.);
#1706=ADVANCED_FACE('',(#298),#56,.F.);
#1707=ADVANCED_FACE('',(#299),#94,.F.);
#1708=ADVANCED_FACE('',(#300),#57,.F.);
#1709=ADVANCED_FACE('',(#301),#42,.F.);
#1710=ADVANCED_FACE('',(#302),#95,.F.);
#1711=ADVANCED_FACE('',(#303),#96,.F.);
#1712=ADVANCED_FACE('',(#304,#110),#1608,.T.);
#1713=ADVANCED_FACE('',(#305),#1609,.T.);
#1714=ADVANCED_FACE('',(#306),#15,.T.);
#1715=ADVANCED_FACE('',(#307),#1610,.T.);
#1716=ADVANCED_FACE('',(#308),#16,.T.);
#1717=ADVANCED_FACE('',(#309),#1611,.T.);
#1718=ADVANCED_FACE('',(#310),#1612,.T.);
#1719=ADVANCED_FACE('',(#311),#1613,.T.);
#1720=ADVANCED_FACE('',(#312,#111),#1614,.T.);
#1721=ADVANCED_FACE('',(#313,#112),#1615,.F.);
#1722=CLOSED_SHELL('',(#1616,#1617,#1618,#1619,#1620,#1621,#1622,#1623,
#1624,#1625,#1626,#1627,#1628,#1629,#1630,#1631,#1632,#1633,#1634,#1635,
#1636,#1637,#1638,#1639,#1640,#1641,#1642,#1643,#1644,#1645,#1646,#1647,
#1648,#1649,#1650,#1651,#1652,#1653,#1654,#1655,#1656,#1657,#1658,#1659,
#1660,#1661,#1662,#1663,#1664,#1665,#1666,#1667,#1668,#1669,#1670,#1671,
#1672,#1673,#1674,#1675,#1676,#1677,#1678,#1679,#1680,#1681,#1682,#1683,
#1684,#1685,#1686,#1687,#1688,#1689,#1690,#1691,#1692,#1693,#1694,#1695,
#1696,#1697,#1698,#1699,#1700,#1701,#1702,#1703,#1704,#1705,#1706,#1707,
#1708,#1709,#1710,#1711,#1712,#1713,#1714,#1715,#1716,#1717,#1718,#1719,
#1720,#1721));
#1723=DERIVED_UNIT_ELEMENT(#1725,1.);
#1724=DERIVED_UNIT_ELEMENT(#3382,-3.);
#1725=(
MASS_UNIT()
NAMED_UNIT(*)
SI_UNIT(.KILO.,.GRAM.)
);
#1726=DERIVED_UNIT((#1723,#1724));
#1727=MEASURE_REPRESENTATION_ITEM('density measure',
POSITIVE_RATIO_MEASURE(7850.),#1726);
#1728=PROPERTY_DEFINITION_REPRESENTATION(#1733,#1730);
#1729=PROPERTY_DEFINITION_REPRESENTATION(#1734,#1731);
#1730=REPRESENTATION('material name',(#1732),#3379);
#1731=REPRESENTATION('density',(#1727),#3379);
#1732=DESCRIPTIVE_REPRESENTATION_ITEM('Steel','Steel');
#1733=PROPERTY_DEFINITION('material property','material name',#3389);
#1734=PROPERTY_DEFINITION('material property','density of part',#3389);
#1735=AXIS2_PLACEMENT_3D('',#2482,#1940,#1941);
#1736=AXIS2_PLACEMENT_3D('',#2483,#1942,#1943);
#1737=AXIS2_PLACEMENT_3D('',#2492,#1948,#1949);
#1738=AXIS2_PLACEMENT_3D('',#2498,#1953,#1954);
#1739=AXIS2_PLACEMENT_3D('',#2504,#1958,#1959);
#1740=AXIS2_PLACEMENT_3D('',#2506,#1961,#1962);
#1741=AXIS2_PLACEMENT_3D('',#2516,#1968,#1969);
#1742=AXIS2_PLACEMENT_3D('',#2525,#1974,#1975);
#1743=AXIS2_PLACEMENT_3D('',#2531,#1979,#1980);
#1744=AXIS2_PLACEMENT_3D('',#2537,#1984,#1985);
#1745=AXIS2_PLACEMENT_3D('',#2539,#1987,#1988);
#1746=AXIS2_PLACEMENT_3D('',#2623,#1991,#1992);
#1747=AXIS2_PLACEMENT_3D('',#2627,#1994,#1995);
#1748=AXIS2_PLACEMENT_3D('',#2636,#2001,#2002);
#1749=AXIS2_PLACEMENT_3D('',#2638,#2003,#2004);
#1750=AXIS2_PLACEMENT_3D('',#2640,#2005,#2006);
#1751=AXIS2_PLACEMENT_3D('',#2642,#2007,#2008);
#1752=AXIS2_PLACEMENT_3D('',#2643,#2009,#2010);
#1753=AXIS2_PLACEMENT_3D('',#2645,#2011,#2012);
#1754=AXIS2_PLACEMENT_3D('',#2648,#2014,#2015);
#1755=AXIS2_PLACEMENT_3D('',#2649,#2016,#2017);
#1756=AXIS2_PLACEMENT_3D('',#2658,#2022,#2023);
#1757=AXIS2_PLACEMENT_3D('',#2664,#2027,#2028);
#1758=AXIS2_PLACEMENT_3D('',#2670,#2032,#2033);
#1759=AXIS2_PLACEMENT_3D('',#2673,#2036,#2037);
#1760=AXIS2_PLACEMENT_3D('',#2676,#2038,#2039);
#1761=AXIS2_PLACEMENT_3D('',#2680,#2041,#2042);
#1762=AXIS2_PLACEMENT_3D('',#2682,#2044,#2045);
#1763=AXIS2_PLACEMENT_3D('',#2688,#2049,#2050);
#1764=AXIS2_PLACEMENT_3D('',#2690,#2051,#2052);
#1765=AXIS2_PLACEMENT_3D('',#2693,#2054,#2055);
#1766=AXIS2_PLACEMENT_3D('',#2694,#2056,#2057);
#1767=AXIS2_PLACEMENT_3D('',#2697,#2058,#2059);
#1768=AXIS2_PLACEMENT_3D('',#2698,#2060,#2061);
#1769=AXIS2_PLACEMENT_3D('',#2700,#2062,#2063);
#1770=AXIS2_PLACEMENT_3D('',#2701,#2064,#2065);
#1771=AXIS2_PLACEMENT_3D('',#2702,#2066,#2067);
#1772=AXIS2_PLACEMENT_3D('',#2704,#2068,#2069);
#1773=AXIS2_PLACEMENT_3D('',#2706,#2070,#2071);
#1774=AXIS2_PLACEMENT_3D('',#2707,#2072,#2073);
#1775=AXIS2_PLACEMENT_3D('',#2713,#2077,#2078);
#1776=AXIS2_PLACEMENT_3D('',#2717,#2081,#2082);
#1777=AXIS2_PLACEMENT_3D('',#2721,#2085,#2086);
#1778=AXIS2_PLACEMENT_3D('',#2740,#2088,#2089);
#1779=AXIS2_PLACEMENT_3D('',#2742,#2090,#2091);
#1780=AXIS2_PLACEMENT_3D('',#2743,#2092,#2093);
#1781=AXIS2_PLACEMENT_3D('',#2773,#2094,#2095);
#1782=AXIS2_PLACEMENT_3D('',#2775,#2096,#2097);
#1783=AXIS2_PLACEMENT_3D('',#2776,#2098,#2099);
#1784=AXIS2_PLACEMENT_3D('',#2777,#2100,#2101);
#1785=AXIS2_PLACEMENT_3D('',#2784,#2104,#2105);
#1786=AXIS2_PLACEMENT_3D('',#2894,#2110,#2111);
#1787=AXIS2_PLACEMENT_3D('',#2898,#2113,#2114);
#1788=AXIS2_PLACEMENT_3D('',#2900,#2115,#2116);
#1789=AXIS2_PLACEMENT_3D('',#2902,#2118,#2119);
#1790=AXIS2_PLACEMENT_3D('',#2906,#2121,#2122);
#1791=AXIS2_PLACEMENT_3D('',#2907,#2123,#2124);
#1792=AXIS2_PLACEMENT_3D('',#2908,#2125,#2126);
#1793=AXIS2_PLACEMENT_3D('',#2910,#2127,#2128);
#1794=AXIS2_PLACEMENT_3D('',#2913,#2130,#2131);
#1795=AXIS2_PLACEMENT_3D('',#2914,#2132,#2133);
#1796=AXIS2_PLACEMENT_3D('',#2916,#2134,#2135);
#1797=AXIS2_PLACEMENT_3D('',#2917,#2136,#2137);
#1798=AXIS2_PLACEMENT_3D('',#2918,#2138,#2139);
#1799=AXIS2_PLACEMENT_3D('',#2921,#2141,#2142);
#1800=AXIS2_PLACEMENT_3D('',#2922,#2143,#2144);
#1801=AXIS2_PLACEMENT_3D('',#2924,#2145,#2146);
#1802=AXIS2_PLACEMENT_3D('',#2925,#2147,#2148);
#1803=AXIS2_PLACEMENT_3D('',#2926,#2149,#2150);
#1804=AXIS2_PLACEMENT_3D('',#2928,#2151,#2152);
#1805=AXIS2_PLACEMENT_3D('',#2929,#2153,#2154);
#1806=AXIS2_PLACEMENT_3D('',#2930,#2155,#2156);
#1807=AXIS2_PLACEMENT_3D('',#2933,#2158,#2159);
#1808=AXIS2_PLACEMENT_3D('',#2950,#2160,#2161);
#1809=AXIS2_PLACEMENT_3D('',#2951,#2162,#2163);
#1810=AXIS2_PLACEMENT_3D('',#2952,#2164,#2165);
#1811=AXIS2_PLACEMENT_3D('',#2953,#2166,#2167);
#1812=AXIS2_PLACEMENT_3D('',#2956,#2169,#2170);
#1813=AXIS2_PLACEMENT_3D('',#2957,#2171,#2172);
#1814=AXIS2_PLACEMENT_3D('',#2959,#2173,#2174);
#1815=AXIS2_PLACEMENT_3D('',#2960,#2175,#2176);
#1816=AXIS2_PLACEMENT_3D('',#2961,#2177,#2178);
#1817=AXIS2_PLACEMENT_3D('',#2963,#2179,#2180);
#1818=AXIS2_PLACEMENT_3D('',#2965,#2182,#2183);
#1819=AXIS2_PLACEMENT_3D('',#2967,#2184,#2185);
#1820=AXIS2_PLACEMENT_3D('',#2968,#2186,#2187);
#1821=AXIS2_PLACEMENT_3D('',#3022,#2188,#2189);
#1822=AXIS2_PLACEMENT_3D('',#3023,#2190,#2191);
#1823=AXIS2_PLACEMENT_3D('',#3025,#2193,#2194);
#1824=AXIS2_PLACEMENT_3D('',#3028,#2196,#2197);
#1825=AXIS2_PLACEMENT_3D('',#3029,#2198,#2199);
#1826=AXIS2_PLACEMENT_3D('',#3032,#2201,#2202);
#1827=AXIS2_PLACEMENT_3D('',#3033,#2203,#2204);
#1828=AXIS2_PLACEMENT_3D('',#3035,#2205,#2206);
#1829=AXIS2_PLACEMENT_3D('',#3038,#2208,#2209);
#1830=AXIS2_PLACEMENT_3D('',#3039,#2210,#2211);
#1831=AXIS2_PLACEMENT_3D('',#3042,#2213,#2214);
#1832=AXIS2_PLACEMENT_3D('',#3043,#2215,#2216);
#1833=AXIS2_PLACEMENT_3D('',#3046,#2218,#2219);
#1834=AXIS2_PLACEMENT_3D('',#3047,#2220,#2221);
#1835=AXIS2_PLACEMENT_3D('',#3049,#2223,#2224);
#1836=AXIS2_PLACEMENT_3D('',#3053,#2226,#2227);
#1837=AXIS2_PLACEMENT_3D('',#3056,#2229,#2230);
#1838=AXIS2_PLACEMENT_3D('',#3057,#2231,#2232);
#1839=AXIS2_PLACEMENT_3D('',#3061,#2234,#2235);
#1840=AXIS2_PLACEMENT_3D('',#3064,#2237,#2238);
#1841=AXIS2_PLACEMENT_3D('',#3065,#2239,#2240);
#1842=AXIS2_PLACEMENT_3D('',#3067,#2241,#2242);
#1843=AXIS2_PLACEMENT_3D('',#3068,#2243,#2244);
#1844=AXIS2_PLACEMENT_3D('',#3069,#2245,#2246);
#1845=AXIS2_PLACEMENT_3D('',#3071,#2248,#2249);
#1846=AXIS2_PLACEMENT_3D('',#3075,#2251,#2252);
#1847=AXIS2_PLACEMENT_3D('',#3077,#2254,#2255);
#1848=AXIS2_PLACEMENT_3D('',#3081,#2257,#2258);
#1849=AXIS2_PLACEMENT_3D('',#3083,#2260,#2261);
#1850=AXIS2_PLACEMENT_3D('',#3086,#2263,#2264);
#1851=AXIS2_PLACEMENT_3D('',#3087,#2265,#2266);
#1852=AXIS2_PLACEMENT_3D('',#3088,#2267,#2268);
#1853=AXIS2_PLACEMENT_3D('',#3089,#2269,#2270);
#1854=AXIS2_PLACEMENT_3D('',#3091,#2271,#2272);
#1855=AXIS2_PLACEMENT_3D('',#3092,#2273,#2274);
#1856=AXIS2_PLACEMENT_3D('',#3093,#2275,#2276);
#1857=AXIS2_PLACEMENT_3D('',#3097,#2279,#2280);
#1858=AXIS2_PLACEMENT_3D('',#3100,#2282,#2283);
#1859=AXIS2_PLACEMENT_3D('',#3101,#2284,#2285);
#1860=AXIS2_PLACEMENT_3D('',#3105,#2288,#2289);
#1861=AXIS2_PLACEMENT_3D('',#3108,#2291,#2292);
#1862=AXIS2_PLACEMENT_3D('',#3109,#2293,#2294);
#1863=AXIS2_PLACEMENT_3D('',#3112,#2296,#2297);
#1864=AXIS2_PLACEMENT_3D('',#3113,#2298,#2299);
#1865=AXIS2_PLACEMENT_3D('',#3115,#2301,#2302);
#1866=AXIS2_PLACEMENT_3D('',#3118,#2303,#2304);
#1867=AXIS2_PLACEMENT_3D('',#3119,#2305,#2306);
#1868=AXIS2_PLACEMENT_3D('',#3120,#2307,#2308);
#1869=AXIS2_PLACEMENT_3D('',#3121,#2309,#2310);
#1870=AXIS2_PLACEMENT_3D('',#3123,#2311,#2312);
#1871=AXIS2_PLACEMENT_3D('',#3125,#2313,#2314);
#1872=AXIS2_PLACEMENT_3D('',#3126,#2315,#2316);
#1873=AXIS2_PLACEMENT_3D('',#3127,#2317,#2318);
#1874=AXIS2_PLACEMENT_3D('',#3129,#2319,#2320);
#1875=AXIS2_PLACEMENT_3D('',#3130,#2321,#2322);
#1876=AXIS2_PLACEMENT_3D('',#3132,#2323,#2324);
#1877=AXIS2_PLACEMENT_3D('',#3133,#2325,#2326);
#1878=AXIS2_PLACEMENT_3D('',#3135,#2327,#2328);
#1879=AXIS2_PLACEMENT_3D('',#3136,#2329,#2330);
#1880=AXIS2_PLACEMENT_3D('',#3138,#2331,#2332);
#1881=AXIS2_PLACEMENT_3D('',#3139,#2333,#2334);
#1882=AXIS2_PLACEMENT_3D('',#3141,#2335,#2336);
#1883=AXIS2_PLACEMENT_3D('',#3145,#2339,#2340);
#1884=AXIS2_PLACEMENT_3D('',#3147,#2341,#2342);
#1885=AXIS2_PLACEMENT_3D('',#3149,#2344,#2345);
#1886=AXIS2_PLACEMENT_3D('',#3153,#2348,#2349);
#1887=AXIS2_PLACEMENT_3D('',#3155,#2350,#2351);
#1888=AXIS2_PLACEMENT_3D('',#3180,#2354,#2355);
#1889=AXIS2_PLACEMENT_3D('',#3198,#2357,#2358);
#1890=AXIS2_PLACEMENT_3D('',#3199,#2359,#2360);
#1891=AXIS2_PLACEMENT_3D('',#3215,#2361,#2362);
#1892=AXIS2_PLACEMENT_3D('',#3216,#2363,#2364);
#1893=AXIS2_PLACEMENT_3D('',#3244,#2365,#2366);
#1894=AXIS2_PLACEMENT_3D('',#3245,#2367,#2368);
#1895=AXIS2_PLACEMENT_3D('',#3246,#2369,#2370);
#1896=AXIS2_PLACEMENT_3D('',#3249,#2373,#2374);
#1897=AXIS2_PLACEMENT_3D('',#3251,#2375,#2376);
#1898=AXIS2_PLACEMENT_3D('',#3253,#2378,#2379);
#1899=AXIS2_PLACEMENT_3D('',#3255,#2380,#2381);
#1900=AXIS2_PLACEMENT_3D('',#3256,#2382,#2383);
#1901=AXIS2_PLACEMENT_3D('',#3257,#2384,#2385);
#1902=AXIS2_PLACEMENT_3D('',#3260,#2387,#2388);
#1903=AXIS2_PLACEMENT_3D('',#3261,#2389,#2390);
#1904=AXIS2_PLACEMENT_3D('',#3263,#2391,#2392);
#1905=AXIS2_PLACEMENT_3D('',#3264,#2393,#2394);
#1906=AXIS2_PLACEMENT_3D('',#3265,#2395,#2396);
#1907=AXIS2_PLACEMENT_3D('',#3267,#2397,#2398);
#1908=AXIS2_PLACEMENT_3D('',#3268,#2399,#2400);
#1909=AXIS2_PLACEMENT_3D('',#3269,#2401,#2402);
#1910=AXIS2_PLACEMENT_3D('',#3271,#2404,#2405);
#1911=AXIS2_PLACEMENT_3D('',#3273,#2407,#2408);
#1912=AXIS2_PLACEMENT_3D('',#3275,#2410,#2411);
#1913=AXIS2_PLACEMENT_3D('',#3277,#2413,#2414);
#1914=AXIS2_PLACEMENT_3D('',#3279,#2416,#2417);
#1915=AXIS2_PLACEMENT_3D('',#3281,#2419,#2420);
#1916=AXIS2_PLACEMENT_3D('',#3282,#2421,#2422);
#1917=AXIS2_PLACEMENT_3D('',#3283,#2423,#2424);
#1918=AXIS2_PLACEMENT_3D('',#3284,#2425,#2426);
#1919=AXIS2_PLACEMENT_3D('',#3285,#2427,#2428);
#1920=AXIS2_PLACEMENT_3D('',#3286,#2429,#2430);
#1921=AXIS2_PLACEMENT_3D('',#3287,#2431,#2432);
#1922=AXIS2_PLACEMENT_3D('',#3288,#2433,#2434);
#1923=AXIS2_PLACEMENT_3D('',#3337,#2435,#2436);
#1924=AXIS2_PLACEMENT_3D('',#3338,#2437,#2438);
#1925=AXIS2_PLACEMENT_3D('',#3339,#2439,#2440);
#1926=AXIS2_PLACEMENT_3D('',#3340,#2441,#2442);
#1927=AXIS2_PLACEMENT_3D('',#3343,#2443,#2444);
#1928=AXIS2_PLACEMENT_3D('',#3347,#2446,#2447);
#1929=AXIS2_PLACEMENT_3D('',#3349,#2449,#2450);
#1930=AXIS2_PLACEMENT_3D('',#3355,#2454,#2455);
#1931=AXIS2_PLACEMENT_3D('',#3357,#2456,#2457);
#1932=AXIS2_PLACEMENT_3D('',#3359,#2459,#2460);
#1933=AXIS2_PLACEMENT_3D('',#3363,#2463,#2464);
#1934=AXIS2_PLACEMENT_3D('',#3364,#2465,#2466);
#1935=AXIS2_PLACEMENT_3D('',#3365,#2467,#2468);
#1936=AXIS2_PLACEMENT_3D('',#3371,#2472,#2473);
#1937=AXIS2_PLACEMENT_3D('',#3373,#2475,#2476);
#1938=AXIS2_PLACEMENT_3D('',#3375,#2478,#2479);
#1939=AXIS2_PLACEMENT_3D('',#3376,#2480,#2481);
#1940=DIRECTION('axis',(0.,0.,1.));
#1941=DIRECTION('refdir',(1.,0.,0.));
#1942=DIRECTION('center_axis',(0.,-0.707106781186548,0.707106781186548));
#1943=DIRECTION('ref_axis',(0.,-0.707106781186548,-0.707106781186548));
#1944=DIRECTION('',(0.,-0.707106781186548,-0.707106781186548));
#1945=DIRECTION('',(1.,0.,0.));
#1946=DIRECTION('',(0.,-0.707106781186547,-0.707106781186547));
#1947=DIRECTION('',(1.,0.,0.));
#1948=DIRECTION('center_axis',(0.,0.707106781186548,0.707106781186547));
#1949=DIRECTION('ref_axis',(0.,-0.707106781186547,0.707106781186548));
#1950=DIRECTION('',(0.,-0.707106781186547,0.707106781186548));
#1951=DIRECTION('',(-1.,0.,0.));
#1952=DIRECTION('',(0.,-0.707106781186547,0.707106781186548));
#1953=DIRECTION('center_axis',(0.,-0.707106781186547,-0.707106781186548));
#1954=DIRECTION('ref_axis',(0.,0.707106781186548,-0.707106781186547));
#1955=DIRECTION('',(0.,0.707106781186548,-0.707106781186547));
#1956=DIRECTION('',(0.,0.707106781186548,-0.707106781186547));
#1957=DIRECTION('',(1.,0.,0.));
#1958=DIRECTION('center_axis',(1.,0.,0.));
#1959=DIRECTION('ref_axis',(0.,0.,-1.));
#1960=DIRECTION('',(0.,0.707106781186547,0.707106781186548));
#1961=DIRECTION('center_axis',(0.,0.707106781186548,-0.707106781186547));
#1962=DIRECTION('ref_axis',(-1.,0.,0.));
#1963=DIRECTION('',(0.,0.707106781186547,0.707106781186548));
#1964=DIRECTION('',(1.,0.,0.));
#1965=DIRECTION('',(0.,0.707106781186547,0.707106781186548));
#1966=DIRECTION('',(1.,0.,0.));
#1967=DIRECTION('',(0.,0.707106781186547,0.707106781186548));
#1968=DIRECTION('center_axis',(0.,0.707106781186547,0.707106781186548));
#1969=DIRECTION('ref_axis',(0.,-0.707106781186548,0.707106781186547));
#1970=DIRECTION('',(0.,-0.707106781186548,0.707106781186547));
#1971=DIRECTION('',(1.,0.,0.));
#1972=DIRECTION('',(0.,-0.707106781186548,0.707106781186547));
#1973=DIRECTION('',(1.,0.,0.));
#1974=DIRECTION('center_axis',(0.,0.707106781186549,-0.707106781186546));
#1975=DIRECTION('ref_axis',(0.,0.707106781186546,0.707106781186549));
#1976=DIRECTION('',(0.,0.707106781186546,0.707106781186549));
#1977=DIRECTION('',(1.,0.,0.));
#1978=DIRECTION('',(0.,0.707106781186546,0.707106781186549));
#1979=DIRECTION('center_axis',(0.,-0.707106781186548,-0.707106781186548));
#1980=DIRECTION('ref_axis',(0.,0.707106781186548,-0.707106781186548));
#1981=DIRECTION('',(0.,0.707106781186548,-0.707106781186548));
#1982=DIRECTION('',(-1.,0.,0.));
#1983=DIRECTION('',(0.,0.707106781186548,-0.707106781186548));
#1984=DIRECTION('center_axis',(1.,0.,0.));
#1985=DIRECTION('ref_axis',(0.,0.,-1.));
#1986=DIRECTION('',(0.,-0.707106781186547,-0.707106781186548));
#1987=DIRECTION('center_axis',(-1.,0.,0.));
#1988=DIRECTION('ref_axis',(0.,0.,1.));
#1989=DIRECTION('',(0.,0.,1.));
#1990=DIRECTION('',(0.,1.,-3.48437177468323E-16));
#1991=DIRECTION('center_axis',(-1.,0.,0.));
#1992=DIRECTION('ref_axis',(0.,0.,1.));
#1993=DIRECTION('',(0.,0.707106781186548,-0.707106781186548));
#1994=DIRECTION('center_axis',(-1.,0.,0.));
#1995=DIRECTION('ref_axis',(0.,0.,1.));
#1996=DIRECTION('',(0.,-0.707106781186546,0.707106781186549));
#1997=DIRECTION('',(0.,-0.707106781186548,0.707106781186547));
#1998=DIRECTION('',(0.,-0.707106781186547,-0.707106781186548));
#1999=DIRECTION('',(0.,-0.707106781186547,-0.707106781186548));
#2000=DIRECTION('',(0.,0.707106781186548,-0.707106781186547));
#2001=DIRECTION('center_axis',(-1.,0.,0.));
#2002=DIRECTION('ref_axis',(0.,0.,1.));
#2003=DIRECTION('center_axis',(-1.,0.,0.));
#2004=DIRECTION('ref_axis',(0.,0.,1.));
#2005=DIRECTION('center_axis',(-1.,0.,0.));
#2006=DIRECTION('ref_axis',(0.,0.,1.));
#2007=DIRECTION('center_axis',(-1.,0.,0.));
#2008=DIRECTION('ref_axis',(0.,0.,1.));
#2009=DIRECTION('center_axis',(1.,0.,0.));
#2010=DIRECTION('ref_axis',(0.,0.,-1.));
#2011=DIRECTION('center_axis',(1.,0.,0.));
#2012=DIRECTION('ref_axis',(0.,0.,-1.));
#2013=DIRECTION('',(1.,0.,0.));
#2014=DIRECTION('center_axis',(1.,0.,0.));
#2015=DIRECTION('ref_axis',(0.,0.,-1.));
#2016=DIRECTION('center_axis',(-1.,0.,0.));
#2017=DIRECTION('ref_axis',(0.,0.,1.));
#2018=DIRECTION('',(0.,1.,0.));
#2019=DIRECTION('',(0.,0.,1.));
#2020=DIRECTION('',(0.,-1.,0.));
#2021=DIRECTION('',(0.,0.,1.));
#2022=DIRECTION('center_axis',(0.,-1.,0.));
#2023=DIRECTION('ref_axis',(0.,0.,-1.));
#2024=DIRECTION('',(-1.,0.,0.));
#2025=DIRECTION('',(1.,0.,0.));
#2026=DIRECTION('',(0.,0.,1.));
#2027=DIRECTION('center_axis',(1.,0.,0.));
#2028=DIRECTION('ref_axis',(0.,0.,-1.));
#2029=DIRECTION('',(0.,-1.,0.));
#2030=DIRECTION('',(0.,1.,0.));
#2031=DIRECTION('',(0.,0.,1.));
#2032=DIRECTION('center_axis',(0.,1.,0.));
#2033=DIRECTION('ref_axis',(0.,0.,1.));
#2034=DIRECTION('',(1.,0.,0.));
#2035=DIRECTION('',(-1.,0.,0.));
#2036=DIRECTION('center_axis',(-1.44560289664734E-16,0.,-1.));
#2037=DIRECTION('ref_axis',(-1.,0.,1.44560289664734E-16));
#2038=DIRECTION('center_axis',(0.,0.,1.));
#2039=DIRECTION('ref_axis',(1.,0.,0.));
#2040=DIRECTION('',(0.,0.,1.));
#2041=DIRECTION('center_axis',(0.,0.,-1.));
#2042=DIRECTION('ref_axis',(-1.,0.,0.));
#2043=DIRECTION('',(0.,0.,1.));
#2044=DIRECTION('center_axis',(0.,1.,0.));
#2045=DIRECTION('ref_axis',(0.,0.,1.));
#2046=DIRECTION('',(-1.,0.,0.));
#2047=DIRECTION('',(1.,0.,0.));
#2048=DIRECTION('',(0.,0.,-1.));
#2049=DIRECTION('center_axis',(0.,0.,1.));
#2050=DIRECTION('ref_axis',(1.,0.,0.));
#2051=DIRECTION('center_axis',(0.,0.,-1.));
#2052=DIRECTION('ref_axis',(-1.,0.,0.));
#2053=DIRECTION('',(0.,0.,-1.));
#2054=DIRECTION('center_axis',(0.,0.,1.));
#2055=DIRECTION('ref_axis',(1.,0.,0.));
#2056=DIRECTION('center_axis',(0.,1.,0.));
#2057=DIRECTION('ref_axis',(0.,0.,1.));
#2058=DIRECTION('center_axis',(0.,1.,0.));
#2059=DIRECTION('ref_axis',(0.,0.,1.));
#2060=DIRECTION('center_axis',(0.,1.,0.));
#2061=DIRECTION('ref_axis',(0.,0.,1.));
#2062=DIRECTION('center_axis',(-1.,0.,0.));
#2063=DIRECTION('ref_axis',(0.,0.,-1.));
#2064=DIRECTION('center_axis',(0.,1.,0.));
#2065=DIRECTION('ref_axis',(0.,0.,1.));
#2066=DIRECTION('center_axis',(0.,1.,0.));
#2067=DIRECTION('ref_axis',(0.,0.,1.));
#2068=DIRECTION('center_axis',(0.,1.,0.));
#2069=DIRECTION('ref_axis',(0.,0.,1.));
#2070=DIRECTION('center_axis',(0.,1.,0.));
#2071=DIRECTION('ref_axis',(0.,0.,1.));
#2072=DIRECTION('center_axis',(-1.,0.,0.));
#2073=DIRECTION('ref_axis',(0.,0.,1.));
#2074=DIRECTION('',(0.,-1.,0.));
#2075=DIRECTION('',(0.,0.,-1.));
#2076=DIRECTION('',(0.,-1.,0.));
#2077=DIRECTION('center_axis',(0.,0.,1.));
#2078=DIRECTION('ref_axis',(1.,0.,0.));
#2079=DIRECTION('',(-1.,0.,0.));
#2080=DIRECTION('',(0.,-1.,0.));
#2081=DIRECTION('center_axis',(1.,0.,-1.44560289664734E-16));
#2082=DIRECTION('ref_axis',(-1.44560289664734E-16,0.,-1.));
#2083=DIRECTION('',(0.,0.,1.));
#2084=DIRECTION('',(0.,-1.,0.));
#2085=DIRECTION('center_axis',(0.,0.,-1.));
#2086=DIRECTION('ref_axis',(-1.,0.,0.));
#2087=DIRECTION('',(1.,0.,0.));
#2088=DIRECTION('center_axis',(0.832050294337843,0.,0.554700196225229));
#2089=DIRECTION('ref_axis',(0.554700196225229,0.,-0.832050294337843));
#2090=DIRECTION('center_axis',(0.554700196225229,0.,0.832050294337844));
#2091=DIRECTION('ref_axis',(0.832050294337844,0.,-0.554700196225229));
#2092=DIRECTION('center_axis',(0.577350269189609,0.577350269189629,-0.57735026918964));
#2093=DIRECTION('ref_axis',(0.,0.707106781186554,0.707106781186541));
#2094=DIRECTION('center_axis',(0.554700196225229,0.,-0.832050294337844));
#2095=DIRECTION('ref_axis',(-0.832050294337844,0.,-0.554700196225229));
#2096=DIRECTION('center_axis',(0.832050294337844,0.,-0.554700196225229));
#2097=DIRECTION('ref_axis',(-0.554700196225229,0.,-0.832050294337844));
#2098=DIRECTION('center_axis',(0.,-1.,-6.93889390390722E-15));
#2099=DIRECTION('ref_axis',(0.,6.93889390390722E-15,-1.));
#2100=DIRECTION('center_axis',(1.,0.,0.));
#2101=DIRECTION('ref_axis',(0.,0.,-1.));
#2102=DIRECTION('',(0.,0.,-1.));
#2103=DIRECTION('',(0.,-0.707106781186546,0.707106781186549));
#2104=DIRECTION('center_axis',(1.,0.,0.));
#2105=DIRECTION('ref_axis',(0.,0.,-1.));
#2106=DIRECTION('',(0.,0.707106781186547,-0.707106781186548));
#2107=DIRECTION('',(0.,1.,-3.48482831093077E-16));
#2108=DIRECTION('',(0.,0.,-1.));
#2109=DIRECTION('',(0.,-1.,-3.28154112470505E-16));
#2110=DIRECTION('center_axis',(1.,0.,0.));
#2111=DIRECTION('ref_axis',(0.,0.,-1.));
#2112=DIRECTION('',(0.,-0.707106781186547,0.707106781186548));
#2113=DIRECTION('center_axis',(1.,0.,0.));
#2114=DIRECTION('ref_axis',(0.,0.,-1.));
#2115=DIRECTION('center_axis',(1.,0.,0.));
#2116=DIRECTION('ref_axis',(0.,0.,-1.));
#2117=DIRECTION('',(0.,1.,0.));
#2118=DIRECTION('center_axis',(0.,-1.,0.));
#2119=DIRECTION('ref_axis',(0.,0.,-1.));
#2120=DIRECTION('',(0.,1.,0.));
#2121=DIRECTION('center_axis',(0.,1.,0.));
#2122=DIRECTION('ref_axis',(0.,0.,1.));
#2123=DIRECTION('center_axis',(0.,1.,0.));
#2124=DIRECTION('ref_axis',(0.,0.,1.));
#2125=DIRECTION('center_axis',(0.,1.,4.7745953170372E-16));
#2126=DIRECTION('ref_axis',(0.,-4.7745953170372E-16,1.));
#2127=DIRECTION('center_axis',(0.,1.,8.67361737988403E-16));
#2128=DIRECTION('ref_axis',(0.,-8.67361737988403E-16,1.));
#2129=DIRECTION('',(0.,-1.,-3.28154112470505E-16));
#2130=DIRECTION('center_axis',(0.,1.,0.));
#2131=DIRECTION('ref_axis',(0.,0.,1.));
#2132=DIRECTION('center_axis',(1.,0.,0.));
#2133=DIRECTION('ref_axis',(0.,0.,-1.));
#2134=DIRECTION('center_axis',(1.,0.,0.));
#2135=DIRECTION('ref_axis',(0.,0.,-1.));
#2136=DIRECTION('center_axis',(0.,0.707106781186549,-0.707106781186546));
#2137=DIRECTION('ref_axis',(0.,0.707106781186546,0.707106781186549));
#2138=DIRECTION('center_axis',(0.,0.707106781186547,-0.707106781186548));
#2139=DIRECTION('ref_axis',(0.,0.707106781186548,0.707106781186547));
#2140=DIRECTION('',(0.,-0.707106781186548,0.707106781186548));
#2141=DIRECTION('center_axis',(0.,0.707106781186549,-0.707106781186547));
#2142=DIRECTION('ref_axis',(0.,0.707106781186546,0.707106781186549));
#2143=DIRECTION('center_axis',(1.,0.,0.));
#2144=DIRECTION('ref_axis',(0.,0.,-1.));
#2145=DIRECTION('center_axis',(1.,0.,0.));
#2146=DIRECTION('ref_axis',(0.,0.,-1.));
#2147=DIRECTION('center_axis',(0.,-0.723852619587266,0.689954625404202));
#2148=DIRECTION('ref_axis',(0.,-0.689954625404202,-0.723852619587266));
#2149=DIRECTION('center_axis',(1.,0.,0.));
#2150=DIRECTION('ref_axis',(0.,0.,-1.));
#2151=DIRECTION('center_axis',(1.,0.,0.));
#2152=DIRECTION('ref_axis',(0.,0.,-1.));
#2153=DIRECTION('center_axis',(0.,-1.,0.));
#2154=DIRECTION('ref_axis',(0.,0.,-1.));
#2155=DIRECTION('center_axis',(0.,-1.,2.50688207970146E-16));
#2156=DIRECTION('ref_axis',(0.,-2.50688207970146E-16,-1.));
#2157=DIRECTION('',(0.,1.,0.));
#2158=DIRECTION('center_axis',(0.,-1.,0.));
#2159=DIRECTION('ref_axis',(0.,0.,-1.));
#2160=DIRECTION('center_axis',(0.,-0.707106781186549,-0.707106781186547));
#2161=DIRECTION('ref_axis',(0.,0.707106781186546,-0.707106781186549));
#2162=DIRECTION('center_axis',(1.2266347333467E-15,0.707106781186546,-0.707106781186549));
#2163=DIRECTION('ref_axis',(0.,0.707106781186549,0.707106781186546));
#2164=DIRECTION('center_axis',(0.,0.832050294337844,0.554700196225228));
#2165=DIRECTION('ref_axis',(0.,0.554700196225228,-0.832050294337844));
#2166=DIRECTION('center_axis',(0.,-0.707106781186546,0.707106781186549));
#2167=DIRECTION('ref_axis',(0.,-0.707106781186549,-0.707106781186546));
#2168=DIRECTION('',(0.,-0.707106781186546,0.707106781186549));
#2169=DIRECTION('center_axis',(0.,0.707106781186544,-0.707106781186551));
#2170=DIRECTION('ref_axis',(0.,0.707106781186551,0.707106781186544));
#2171=DIRECTION('center_axis',(1.,0.,0.));
#2172=DIRECTION('ref_axis',(0.,0.,-1.));
#2173=DIRECTION('center_axis',(1.,0.,0.));
#2174=DIRECTION('ref_axis',(0.,0.,-1.));
#2175=DIRECTION('center_axis',(0.,-0.707106781186546,0.707106781186549));
#2176=DIRECTION('ref_axis',(0.,-0.707106781186549,-0.707106781186546));
#2177=DIRECTION('center_axis',(0.,0.707106781186548,-0.707106781186548));
#2178=DIRECTION('ref_axis',(0.,0.707106781186548,0.707106781186548));
#2179=DIRECTION('center_axis',(0.,-0.707106781186551,0.707106781186544));
#2180=DIRECTION('ref_axis',(0.,-0.707106781186544,-0.707106781186551));
#2181=DIRECTION('',(0.,0.707106781186548,-0.707106781186547));
#2182=DIRECTION('center_axis',(0.,0.,1.));
#2183=DIRECTION('ref_axis',(1.,0.,0.));
#2184=DIRECTION('center_axis',(0.,0.680282398187507,-0.73295010656678));
#2185=DIRECTION('ref_axis',(0.,0.73295010656678,0.680282398187507));
#2186=DIRECTION('center_axis',(1.,0.,0.));
#2187=DIRECTION('ref_axis',(0.,0.,-1.));
#2188=DIRECTION('center_axis',(-1.3749850251242E-6,0.999999999997861,-1.54488956076969E-6));
#2189=DIRECTION('ref_axis',(-0.999999999993249,-1.37497976062659E-6,3.40752380260251E-6));
#2190=DIRECTION('center_axis',(0.,1.,-2.5244269048772E-16));
#2191=DIRECTION('ref_axis',(0.,2.5244269048772E-16,1.));
#2192=DIRECTION('',(0.,1.,-3.48482830109872E-16));
#2193=DIRECTION('center_axis',(0.,1.,0.));
#2194=DIRECTION('ref_axis',(0.,0.,1.));
#2195=DIRECTION('',(0.,1.,0.));
#2196=DIRECTION('center_axis',(0.,1.,0.));
#2197=DIRECTION('ref_axis',(0.,0.,1.));
#2198=DIRECTION('center_axis',(0.,1.,0.));
#2199=DIRECTION('ref_axis',(0.,0.,1.));
#2200=DIRECTION('',(0.,1.,0.));
#2201=DIRECTION('center_axis',(0.,1.,0.));
#2202=DIRECTION('ref_axis',(0.,0.,1.));
#2203=DIRECTION('center_axis',(0.,0.,-1.));
#2204=DIRECTION('ref_axis',(-1.,0.,0.));
#2205=DIRECTION('center_axis',(0.707106781186548,0.,-0.707106781186548));
#2206=DIRECTION('ref_axis',(0.707106781186548,0.,0.707106781186548));
#2207=DIRECTION('',(0.,0.,-1.));
#2208=DIRECTION('center_axis',(-0.707106781186548,0.,-0.707106781186548));
#2209=DIRECTION('ref_axis',(0.707106781186548,0.,-0.707106781186548));
#2210=DIRECTION('center_axis',(-1.,0.,0.));
#2211=DIRECTION('ref_axis',(0.,0.,1.));
#2212=DIRECTION('',(-1.,0.,0.));
#2213=DIRECTION('center_axis',(-0.707106781186547,0.,0.707106781186548));
#2214=DIRECTION('ref_axis',(-0.707106781186548,0.,-0.707106781186547));
#2215=DIRECTION('center_axis',(1.44560289664734E-16,0.,1.));
#2216=DIRECTION('ref_axis',(1.,0.,-1.44560289664734E-16));
#2217=DIRECTION('',(0.,0.,1.));
#2218=DIRECTION('center_axis',(0.707106781186548,0.,0.707106781186547));
#2219=DIRECTION('ref_axis',(0.707106781186547,0.,-0.707106781186548));
#2220=DIRECTION('center_axis',(1.,0.,0.));
#2221=DIRECTION('ref_axis',(0.,0.,-1.));
#2222=DIRECTION('',(1.,0.,0.));
#2223=DIRECTION('center_axis',(-1.,0.,0.));
#2224=DIRECTION('ref_axis',(0.,0.,1.));
#2225=DIRECTION('',(1.,0.,0.));
#2226=DIRECTION('center_axis',(1.,0.,0.));
#2227=DIRECTION('ref_axis',(0.,0.,-1.));
#2228=DIRECTION('',(1.,0.,0.));
#2229=DIRECTION('center_axis',(-1.,0.,0.));
#2230=DIRECTION('ref_axis',(0.,0.,1.));
#2231=DIRECTION('center_axis',(-1.,0.,0.));
#2232=DIRECTION('ref_axis',(0.,0.,1.));
#2233=DIRECTION('',(1.,0.,0.));
#2234=DIRECTION('center_axis',(1.,0.,0.));
#2235=DIRECTION('ref_axis',(0.,0.,-1.));
#2236=DIRECTION('',(1.,0.,0.));
#2237=DIRECTION('center_axis',(-1.,0.,0.));
#2238=DIRECTION('ref_axis',(0.,0.,1.));
#2239=DIRECTION('center_axis',(0.,1.,0.));
#2240=DIRECTION('ref_axis',(0.,0.,1.));
#2241=DIRECTION('center_axis',(0.,1.,0.));
#2242=DIRECTION('ref_axis',(0.,0.,1.));
#2243=DIRECTION('center_axis',(0.,0.,1.));
#2244=DIRECTION('ref_axis',(1.,0.,0.));
#2245=DIRECTION('center_axis',(0.,0.,-1.));
#2246=DIRECTION('ref_axis',(-1.,0.,0.));
#2247=DIRECTION('',(0.,0.,-1.));
#2248=DIRECTION('center_axis',(-1.,0.,0.));
#2249=DIRECTION('ref_axis',(0.,0.,1.));
#2250=DIRECTION('',(-1.,0.,0.));
#2251=DIRECTION('center_axis',(0.894427190999916,0.,0.447213595499958));
#2252=DIRECTION('ref_axis',(-0.447213595499958,0.,0.894427190999916));
#2253=DIRECTION('',(-1.,0.,0.));
#2254=DIRECTION('center_axis',(-1.,0.,0.));
#2255=DIRECTION('ref_axis',(0.,0.,1.));
#2256=DIRECTION('',(-1.,0.,0.));
#2257=DIRECTION('center_axis',(-0.894427190999916,0.,0.447213595499958));
#2258=DIRECTION('ref_axis',(-0.447213595499958,0.,-0.894427190999916));
#2259=DIRECTION('',(-1.,0.,0.));
#2260=DIRECTION('center_axis',(0.,0.,-1.));
#2261=DIRECTION('ref_axis',(-1.,0.,0.));
#2262=DIRECTION('',(0.,0.,-1.));
#2263=DIRECTION('center_axis',(0.,0.,-1.));
#2264=DIRECTION('ref_axis',(-1.,0.,0.));
#2265=DIRECTION('center_axis',(0.,1.,0.));
#2266=DIRECTION('ref_axis',(0.,0.,1.));
#2267=DIRECTION('center_axis',(0.,1.,0.));
#2268=DIRECTION('ref_axis',(0.,0.,1.));
#2269=DIRECTION('center_axis',(0.,1.,0.));
#2270=DIRECTION('ref_axis',(0.,0.,1.));
#2271=DIRECTION('center_axis',(0.,1.,0.));
#2272=DIRECTION('ref_axis',(0.,0.,1.));
#2273=DIRECTION('center_axis',(-1.,0.,0.));
#2274=DIRECTION('ref_axis',(0.,0.,-1.));
#2275=DIRECTION('center_axis',(0.,-4.7745953170372E-16,1.));
#2276=DIRECTION('ref_axis',(1.,0.,0.));
#2277=DIRECTION('',(1.,0.,0.));
#2278=DIRECTION('',(0.,-1.,-3.28154112470505E-16));
#2279=DIRECTION('center_axis',(1.,0.,0.));
#2280=DIRECTION('ref_axis',(0.,0.,-1.));
#2281=DIRECTION('',(1.,0.,0.));
#2282=DIRECTION('center_axis',(1.,0.,0.));
#2283=DIRECTION('ref_axis',(0.,0.,-1.));
#2284=DIRECTION('center_axis',(0.,0.707106781186548,0.707106781186547));
#2285=DIRECTION('ref_axis',(1.,0.,0.));
#2286=DIRECTION('',(1.,0.,0.));
#2287=DIRECTION('',(0.,-0.707106781186547,0.707106781186548));
#2288=DIRECTION('center_axis',(1.,0.,0.));
#2289=DIRECTION('ref_axis',(0.,0.,-1.));
#2290=DIRECTION('',(1.,0.,0.));
#2291=DIRECTION('center_axis',(1.,0.,0.));
#2292=DIRECTION('ref_axis',(0.,0.,-1.));
#2293=DIRECTION('center_axis',(1.,0.,0.));
#2294=DIRECTION('ref_axis',(0.,0.,-1.));
#2295=DIRECTION('',(-1.,0.,0.));
#2296=DIRECTION('center_axis',(1.,0.,0.));
#2297=DIRECTION('ref_axis',(0.,0.,-1.));
#2298=DIRECTION('center_axis',(0.,-2.50688207970146E-16,-1.));
#2299=DIRECTION('ref_axis',(-1.,0.,0.));
#2300=DIRECTION('',(0.,1.,0.));
#2301=DIRECTION('center_axis',(0.,1.,0.));
#2302=DIRECTION('ref_axis',(0.,0.,1.));
#2303=DIRECTION('center_axis',(0.,0.,1.));
#2304=DIRECTION('ref_axis',(1.,0.,0.));
#2305=DIRECTION('center_axis',(0.,1.,0.));
#2306=DIRECTION('ref_axis',(0.,0.,1.));
#2307=DIRECTION('center_axis',(0.,1.,0.));
#2308=DIRECTION('ref_axis',(0.,0.,1.));
#2309=DIRECTION('center_axis',(0.,1.,0.));
#2310=DIRECTION('ref_axis',(0.,0.,1.));
#2311=DIRECTION('center_axis',(0.,1.,0.));
#2312=DIRECTION('ref_axis',(0.,0.,1.));
#2313=DIRECTION('center_axis',(0.,0.,-1.));
#2314=DIRECTION('ref_axis',(-1.,0.,0.));
#2315=DIRECTION('center_axis',(0.,1.,0.));
#2316=DIRECTION('ref_axis',(0.,0.,1.));
#2317=DIRECTION('center_axis',(-1.,0.,0.));
#2318=DIRECTION('ref_axis',(0.,0.,1.));
#2319=DIRECTION('center_axis',(-1.,0.,0.));
#2320=DIRECTION('ref_axis',(0.,0.,1.));
#2321=DIRECTION('center_axis',(-1.,0.,0.));
#2322=DIRECTION('ref_axis',(0.,0.,1.));
#2323=DIRECTION('center_axis',(-1.,0.,0.));
#2324=DIRECTION('ref_axis',(0.,0.,1.));
#2325=DIRECTION('center_axis',(-1.,0.,0.));
#2326=DIRECTION('ref_axis',(0.,0.,1.));
#2327=DIRECTION('center_axis',(-1.,0.,0.));
#2328=DIRECTION('ref_axis',(0.,0.,1.));
#2329=DIRECTION('center_axis',(-1.,0.,0.));
#2330=DIRECTION('ref_axis',(0.,0.,1.));
#2331=DIRECTION('center_axis',(-1.,0.,0.));
#2332=DIRECTION('ref_axis',(0.,0.,1.));
#2333=DIRECTION('center_axis',(0.,-0.707106781186549,-0.707106781186547));
#2334=DIRECTION('ref_axis',(-1.,0.,0.));
#2335=DIRECTION('center_axis',(0.,-0.707106781186549,-0.707106781186547));
#2336=DIRECTION('ref_axis',(0.,0.707106781186546,-0.707106781186549));
#2337=DIRECTION('',(0.,-0.707106781186546,0.707106781186549));
#2338=DIRECTION('',(-1.,0.,0.));
#2339=DIRECTION('center_axis',(-1.,0.,0.));
#2340=DIRECTION('ref_axis',(0.,0.707106781186547,-0.707106781186548));
#2341=DIRECTION('center_axis',(-1.,0.,0.));
#2342=DIRECTION('ref_axis',(0.,0.,1.));
#2343=DIRECTION('',(-1.,0.,0.));
#2344=DIRECTION('center_axis',(0.,0.707106781186548,0.707106781186548));
#2345=DIRECTION('ref_axis',(1.,0.,0.));
#2346=DIRECTION('',(0.,0.707106781186548,-0.707106781186547));
#2347=DIRECTION('',(-1.,0.,0.));
#2348=DIRECTION('center_axis',(-1.,0.,0.));
#2349=DIRECTION('ref_axis',(0.,0.,1.));
#2350=DIRECTION('center_axis',(-1.,0.,0.));
#2351=DIRECTION('ref_axis',(0.,0.,1.));
#2352=DIRECTION('',(-1.,0.,0.));
#2353=DIRECTION('',(-1.,0.,0.));
#2354=DIRECTION('center_axis',(0.,2.5244269048772E-16,1.));
#2355=DIRECTION('ref_axis',(1.,0.,0.));
#2356=DIRECTION('',(0.,1.,-3.48482830109872E-16));
#2357=DIRECTION('center_axis',(0.447213595499957,0.,0.894427190999916));
#2358=DIRECTION('ref_axis',(-0.894427190999916,0.,0.447213595499957));
#2359=DIRECTION('center_axis',(-0.577350269189588,-0.577350269189646,0.577350269189644));
#2360=DIRECTION('ref_axis',(0.,-0.707106781186547,-0.707106781186548));
#2361=DIRECTION('center_axis',(0.,0.44721359549996,0.894427190999915));
#2362=DIRECTION('ref_axis',(0.,0.894427190999915,-0.44721359549996));
#2363=DIRECTION('center_axis',(0.,-0.707106781186546,0.707106781186549));
#2364=DIRECTION('ref_axis',(0.,-0.707106781186549,-0.707106781186546));
#2365=DIRECTION('center_axis',(-0.447213595499958,0.,0.894427190999916));
#2366=DIRECTION('ref_axis',(-0.894427190999916,0.,-0.447213595499958));
#2367=DIRECTION('center_axis',(6.93889390390722E-15,1.,0.));
#2368=DIRECTION('ref_axis',(-1.,6.93889390390722E-15,0.));
#2369=DIRECTION('center_axis',(0.,1.,0.));
#2370=DIRECTION('ref_axis',(0.,0.,1.));
#2371=DIRECTION('',(0.,0.,1.));
#2372=DIRECTION('',(0.,0.,-1.));
#2373=DIRECTION('center_axis',(0.,-1.,-4.7745953170372E-16));
#2374=DIRECTION('ref_axis',(0.,4.7745953170372E-16,-1.));
#2375=DIRECTION('center_axis',(0.,-1.,-6.93889390390722E-15));
#2376=DIRECTION('ref_axis',(0.,6.93889390390722E-15,-1.));
#2377=DIRECTION('',(0.,-1.,-3.28154112470505E-16));
#2378=DIRECTION('center_axis',(1.,0.,0.));
#2379=DIRECTION('ref_axis',(0.,0.,-1.));
#2380=DIRECTION('center_axis',(1.,0.,0.));
#2381=DIRECTION('ref_axis',(0.,0.,-1.));
#2382=DIRECTION('center_axis',(-2.45326946669339E-15,0.707106781186549,
-0.707106781186546));
#2383=DIRECTION('ref_axis',(0.,0.707106781186546,0.707106781186549));
#2384=DIRECTION('center_axis',(0.,-0.707106781186547,0.707106781186548));
#2385=DIRECTION('ref_axis',(0.,-0.707106781186548,-0.707106781186547));
#2386=DIRECTION('',(0.,-0.707106781186547,0.707106781186548));
#2387=DIRECTION('center_axis',(-3.06658683336674E-15,0.707106781186549,
-0.707106781186546));
#2388=DIRECTION('ref_axis',(0.,0.707106781186546,0.707106781186549));
#2389=DIRECTION('center_axis',(1.,0.,0.));
#2390=DIRECTION('ref_axis',(0.,0.,-1.));
#2391=DIRECTION('center_axis',(1.,0.,0.));
#2392=DIRECTION('ref_axis',(0.,0.,-1.));
#2393=DIRECTION('center_axis',(-1.17607292595772E-16,-0.723852619587266,
0.689954625404202));
#2394=DIRECTION('ref_axis',(0.,-0.689954625404202,-0.723852619587266));
#2395=DIRECTION('center_axis',(1.,0.,0.));
#2396=DIRECTION('ref_axis',(0.,0.,-1.));
#2397=DIRECTION('center_axis',(1.,0.,0.));
#2398=DIRECTION('ref_axis',(0.,0.,-1.));
#2399=DIRECTION('center_axis',(0.,-1.,0.));
#2400=DIRECTION('ref_axis',(0.,0.,-1.));
#2401=DIRECTION('center_axis',(0.,1.,-2.50688207970146E-16));
#2402=DIRECTION('ref_axis',(0.,2.50688207970146E-16,1.));
#2403=DIRECTION('',(0.,1.,0.));
#2404=DIRECTION('center_axis',(0.,0.,1.));
#2405=DIRECTION('ref_axis',(1.,0.,0.));
#2406=DIRECTION('',(0.,0.,-1.));
#2407=DIRECTION('center_axis',(-1.,0.,0.));
#2408=DIRECTION('ref_axis',(0.,0.,1.));
#2409=DIRECTION('',(-1.,0.,0.));
#2410=DIRECTION('center_axis',(-1.,0.,0.));
#2411=DIRECTION('ref_axis',(0.,0.,1.));
#2412=DIRECTION('',(-1.,0.,0.));
#2413=DIRECTION('center_axis',(-1.,0.,0.));
#2414=DIRECTION('ref_axis',(0.,0.,1.));
#2415=DIRECTION('',(-1.,0.,0.));
#2416=DIRECTION('center_axis',(-1.,0.,0.));
#2417=DIRECTION('ref_axis',(0.,0.,1.));
#2418=DIRECTION('',(-1.,0.,0.));
#2419=DIRECTION('center_axis',(0.,-0.707106781186546,0.707106781186549));
#2420=DIRECTION('ref_axis',(0.,-0.707106781186549,-0.707106781186546));
#2421=DIRECTION('center_axis',(-4.90653893338677E-15,-0.707106781186544,
0.707106781186551));
#2422=DIRECTION('ref_axis',(0.,-0.707106781186551,-0.707106781186544));
#2423=DIRECTION('center_axis',(-1.,0.,0.));
#2424=DIRECTION('ref_axis',(0.,0.707106781186548,-0.707106781186548));
#2425=DIRECTION('center_axis',(3.83323354170846E-15,0.707106781186549,-0.707106781186546));
#2426=DIRECTION('ref_axis',(0.,0.707106781186546,0.707106781186549));
#2427=DIRECTION('center_axis',(0.,0.707106781186548,-0.707106781186548));
#2428=DIRECTION('ref_axis',(0.,0.707106781186548,0.707106781186548));
#2429=DIRECTION('center_axis',(0.,0.707106781186548,-0.707106781186548));
#2430=DIRECTION('ref_axis',(0.,0.707106781186548,0.707106781186548));
#2431=DIRECTION('center_axis',(-1.,0.,0.));
#2432=DIRECTION('ref_axis',(0.,0.,1.));
#2433=DIRECTION('center_axis',(-3.92250816481731E-14,0.680282398187958,
-0.732950106566362));
#2434=DIRECTION('ref_axis',(0.,0.732950106566362,0.680282398187958));
#2435=DIRECTION('center_axis',(1.46614119953106E-7,0.999994424944241,0.00333917361278609));
#2436=DIRECTION('ref_axis',(0.999999978993617,-8.31044061190674E-7,0.000204968471460973));
#2437=DIRECTION('center_axis',(0.,1.,-2.5244269048772E-16));
#2438=DIRECTION('ref_axis',(0.,2.5244269048772E-16,1.));
#2439=DIRECTION('center_axis',(0.,0.,-1.));
#2440=DIRECTION('ref_axis',(-1.,0.,0.));
#2441=DIRECTION('center_axis',(1.,0.,0.));
#2442=DIRECTION('ref_axis',(0.,0.,-1.));
#2443=DIRECTION('center_axis',(1.,0.,0.));
#2444=DIRECTION('ref_axis',(0.,0.,-1.));
#2445=DIRECTION('',(0.,0.707106781186547,-0.707106781186548));
#2446=DIRECTION('center_axis',(1.,0.,0.));
#2447=DIRECTION('ref_axis',(0.,0.,-1.));
#2448=DIRECTION('',(0.,-0.707106781186548,0.707106781186547));
#2449=DIRECTION('center_axis',(0.819152044288994,0.405579787672637,0.405579787672637));
#2450=DIRECTION('ref_axis',(0.443712606279655,0.,-0.896169137511729));
#2451=DIRECTION('',(0.573576436351042,-0.579227965339572,-0.579227965339571));
#2452=DIRECTION('',(-0.573576436351042,0.579227965339572,0.57922796533957));
#2453=DIRECTION('',(0.,-0.707106781186547,0.707106781186548));
#2454=DIRECTION('center_axis',(-1.,0.,0.));
#2455=DIRECTION('ref_axis',(0.,0.707106781186548,-0.707106781186548));
#2456=DIRECTION('center_axis',(1.,0.,0.));
#2457=DIRECTION('ref_axis',(0.,0.,-1.));
#2458=DIRECTION('',(0.573576436351044,0.57922796533957,0.57922796533957));
#2459=DIRECTION('center_axis',(0.819152044288993,-0.405579787672637,-0.405579787672638));
#2460=DIRECTION('ref_axis',(-0.443712606279656,0.,-0.896169137511728));
#2461=DIRECTION('',(-0.573576436351044,-0.57922796533957,-0.57922796533957));
#2462=DIRECTION('',(0.,0.707106781186548,-0.707106781186547));
#2463=DIRECTION('center_axis',(-1.,0.,0.));
#2464=DIRECTION('ref_axis',(0.,0.,1.));
#2465=DIRECTION('center_axis',(1.,0.,0.));
#2466=DIRECTION('ref_axis',(0.,0.,-1.));
#2467=DIRECTION('center_axis',(0.,-0.707106781186548,0.707106781186547));
#2468=DIRECTION('ref_axis',(1.,0.,0.));
#2469=DIRECTION('',(1.,0.,0.));
#2470=DIRECTION('',(0.,-0.707106781186547,-0.707106781186548));
#2471=DIRECTION('',(1.,0.,0.));
#2472=DIRECTION('center_axis',(0.,-0.707106781186548,-0.707106781186548));
#2473=DIRECTION('ref_axis',(-1.,0.,0.));
#2474=DIRECTION('',(0.,0.707106781186548,-0.707106781186547));
#2475=DIRECTION('center_axis',(0.,0.707106781186547,0.707106781186548));
#2476=DIRECTION('ref_axis',(1.,0.,0.));
#2477=DIRECTION('',(0.,-0.707106781186548,0.707106781186547));
#2478=DIRECTION('center_axis',(1.,0.,0.));
#2479=DIRECTION('ref_axis',(0.,0.,-1.));
#2480=DIRECTION('center_axis',(1.,0.,0.));
#2481=DIRECTION('ref_axis',(0.,0.,-1.));
#2482=CARTESIAN_POINT('',(0.,0.,0.));
#2483=CARTESIAN_POINT('Origin',(-174.,15.7045195297006,12.067667906617));
#2484=CARTESIAN_POINT('',(-174.,15.7045195297006,12.067667906617));
#2485=CARTESIAN_POINT('',(-174.,14.2903059673275,10.6534543442439));
#2486=CARTESIAN_POINT('',(-174.,15.3509661391073,11.7141145160237));
#2487=CARTESIAN_POINT('',(-172.,15.7045195297006,12.067667906617));
#2488=CARTESIAN_POINT('',(-174.,15.7045195297006,12.067667906617));
#2489=CARTESIAN_POINT('',(-172.,14.2903059673275,10.6534543442439));
#2490=CARTESIAN_POINT('',(-172.,14.2903059673275,10.6534543442439));
#2491=CARTESIAN_POINT('',(-174.,14.2903059673275,10.6534543442439));
#2492=CARTESIAN_POINT('Origin',(-174.,19.2400534356333,8.53213400068427));
#2493=CARTESIAN_POINT('',(-174.,19.2400534356333,8.53213400068427));
#2494=CARTESIAN_POINT('',(-174.,30.1118201963765,-2.3396327600589));
#2495=CARTESIAN_POINT('',(-172.,19.2400534356333,8.53213400068427));
#2496=CARTESIAN_POINT('',(-185.,19.2400534356333,8.53213400068426));
#2497=CARTESIAN_POINT('',(-172.,15.7045195297006,12.067667906617));
#2498=CARTESIAN_POINT('Origin',(-174.,14.2903059673275,10.6534543442439));
#2499=CARTESIAN_POINT('',(-174.,17.8258398732602,7.11792043831116));
#2500=CARTESIAN_POINT('',(-174.,26.9298396810371,-1.98607936946563));
#2501=CARTESIAN_POINT('',(-172.,17.8258398732602,7.11792043831116));
#2502=CARTESIAN_POINT('',(-172.,17.8258398732602,7.11792043831116));
#2503=CARTESIAN_POINT('',(-185.,17.8258398732602,7.11792043831117));
#2504=CARTESIAN_POINT('Origin',(-172.,16.7651797014804,9.59279417246408));
#2505=CARTESIAN_POINT('',(-172.,22.2452572556762,11.5373378207271));
#2506=CARTESIAN_POINT('Origin',(-196.,25.9575678569055,15.2496484219565));
#2507=CARTESIAN_POINT('',(-174.,25.9575678569055,15.2496484219565));
#2508=CARTESIAN_POINT('',(-174.,11.108325451988,0.400406017038956));
#2509=CARTESIAN_POINT('',(-162.,25.9575678569055,15.2496484219565));
#2510=CARTESIAN_POINT('',(-174.,25.9575678569055,15.2496484219565));
#2511=CARTESIAN_POINT('',(-162.,11.108325451988,0.400406017038955));
#2512=CARTESIAN_POINT('',(-162.,11.108325451988,0.400406017038956));
#2513=CARTESIAN_POINT('',(-174.,11.108325451988,0.400406017038956));
#2514=CARTESIAN_POINT('',(-174.,11.108325451988,0.400406017038955));
#2515=CARTESIAN_POINT('',(-174.,11.108325451988,0.400406017038956));
#2516=CARTESIAN_POINT('Origin',(-174.,51.7669653702145,-23.9947779338969));
#2517=CARTESIAN_POINT('',(-174.,51.7669653702145,-23.9947779338969));
#2518=CARTESIAN_POINT('',(-174.,48.2314314642818,-20.4592440279642));
#2519=CARTESIAN_POINT('',(-174.,46.3752761636671,-18.6030887273495));
#2520=CARTESIAN_POINT('',(-172.,51.7669653702145,-23.9947779338969));
#2521=CARTESIAN_POINT('',(-174.,51.7669653702145,-23.9947779338969));
#2522=CARTESIAN_POINT('',(-172.,48.2314314642818,-20.4592440279642));
#2523=CARTESIAN_POINT('',(-172.,48.2314314642818,-20.4592440279642));
#2524=CARTESIAN_POINT('',(-185.,48.2314314642818,-20.4592440279642));
#2525=CARTESIAN_POINT('Origin',(-174.,50.3527518078414,-25.40899149627));
#2526=CARTESIAN_POINT('',(-174.,50.3527518078414,-25.40899149627));
#2527=CARTESIAN_POINT('',(-174.,50.7063051984347,-25.0554381056767));
#2528=CARTESIAN_POINT('',(-172.,50.3527518078414,-25.40899149627));
#2529=CARTESIAN_POINT('',(-174.,50.3527518078414,-25.40899149627));
#2530=CARTESIAN_POINT('',(-172.,51.7669653702145,-23.9947779338969));
#2531=CARTESIAN_POINT('Origin',(-174.,46.8172179019087,-21.8734575903373));
#2532=CARTESIAN_POINT('',(-174.,46.8172179019087,-21.8734575903373));
#2533=CARTESIAN_POINT('',(-174.,43.1932956483276,-18.2495353367562));
#2534=CARTESIAN_POINT('',(-172.,46.8172179019087,-21.8734575903373));
#2535=CARTESIAN_POINT('',(-185.,46.8172179019087,-21.8734575903373));
#2536=CARTESIAN_POINT('',(-172.,50.3527518078414,-25.40899149627));
#2537=CARTESIAN_POINT('Origin',(-172.,49.2920916360616,-22.9341177621171));
#2538=CARTESIAN_POINT('',(-172.,43.8120140818659,-24.8786614103801));
#2539=CARTESIAN_POINT('Origin',(-174.,40.2764801759331,-13.9185063019886));
#2540=CARTESIAN_POINT('',(-174.,5.,-8.34051093589039));
#2541=CARTESIAN_POINT('',(-174.,5.,28.8250272194977));
#2542=CARTESIAN_POINT('',(-174.,5.,-8.34051093589039));
#2543=CARTESIAN_POINT('',(-174.00000000691,17.7451729771411,28.8250272194961));
#2544=CARTESIAN_POINT('',(-174.,5.,28.8250272194977));
#2545=CARTESIAN_POINT('',(-174.,34.2410849027188,21.8163548386794));
#2546=CARTESIAN_POINT('Ctrl Pts',(-174.000000010365,17.7451729771412,28.8250272194956));
#2547=CARTESIAN_POINT('Ctrl Pts',(-174.000000029305,17.7935688998606,28.8253504436901));
#2548=CARTESIAN_POINT('Ctrl Pts',(-174.000000053198,17.841966447951,28.8255469472366));
#2549=CARTESIAN_POINT('Ctrl Pts',(-174.000000053719,17.8903641322958,28.8256159146769));
#2550=CARTESIAN_POINT('Ctrl Pts',(-174.000000054893,17.999450185495,28.8257713639709));
#2551=CARTESIAN_POINT('Ctrl Pts',(-174.000000053229,18.1085168688974,28.8254491508412));
#2552=CARTESIAN_POINT('Ctrl Pts',(-174.000000049787,18.2175801847628,28.8243851555151));
#2553=CARTESIAN_POINT('Ctrl Pts',(-174.000000043643,18.4122599661686,28.8224859066627));
#2554=CARTESIAN_POINT('Ctrl Pts',(-174.000000032187,18.6069289493398,28.8182235052534));
#2555=CARTESIAN_POINT('Ctrl Pts',(-174.000000022838,18.8014356212975,28.811846677799));
#2556=CARTESIAN_POINT('Ctrl Pts',(-174.000000004138,19.1905293672673,28.7990903869394));
#2557=CARTESIAN_POINT('Ctrl Pts',(-174.000000000035,19.5789729701257,28.7778755593307));
#2558=CARTESIAN_POINT('Ctrl Pts',(-174.000000000002,19.9660553473928,28.747670380971));
#2559=CARTESIAN_POINT('Ctrl Pts',(-173.999999999999,19.9984886163706,28.7451395174345));
#2560=CARTESIAN_POINT('Ctrl Pts',(-174.,20.0309123336986,28.7425455087626));
#2561=CARTESIAN_POINT('Ctrl Pts',(-174.,20.0633267758902,28.7398881561905));
#2562=CARTESIAN_POINT('Ctrl Pts',(-174.,20.4177222068946,28.7108346372514));
#2563=CARTESIAN_POINT('Ctrl Pts',(-174.000000000009,20.7708000109084,28.6741713154556));
#2564=CARTESIAN_POINT('Ctrl Pts',(-174.000000000071,21.1227562861331,28.6296072559762));
#2565=CARTESIAN_POINT('Ctrl Pts',(-174.000000000139,21.5069637879049,28.580959605212));
#2566=CARTESIAN_POINT('Ctrl Pts',(-174.000000000192,21.8898348210924,28.5228970631101));
#2567=CARTESIAN_POINT('Ctrl Pts',(-174.00000000008,22.2711225774682,28.4550001837887));
#2568=CARTESIAN_POINT('Ctrl Pts',(-174.000000000072,22.2985236658673,28.4501208023735));
#2569=CARTESIAN_POINT('Ctrl Pts',(-174.000000000064,22.3259165761706,28.4451906277839));
#2570=CARTESIAN_POINT('Ctrl Pts',(-174.000000000056,22.3533015255655,28.4402093985489));
#2571=CARTESIAN_POINT('Ctrl Pts',(-173.999999999951,22.7069820708764,28.37587610924));
#2572=CARTESIAN_POINT('Ctrl Pts',(-173.999999999972,23.0593668697458,28.3030336336589));
#2573=CARTESIAN_POINT('Ctrl Pts',(-174.000000000029,23.4107575083309,28.2211633073994));
#2574=CARTESIAN_POINT('Ctrl Pts',(-174.000000000033,23.4356765861276,28.2153574241308));
#2575=CARTESIAN_POINT('Ctrl Pts',(-174.000000000037,23.4605906653565,28.209506151217));
#2576=CARTESIAN_POINT('Ctrl Pts',(-174.000000000043,23.4854987085298,28.2036096737468));
#2577=CARTESIAN_POINT('Ctrl Pts',(-174.000000000124,23.8389884098743,28.1199281076993));
#2578=CARTESIAN_POINT('Ctrl Pts',(-174.000000000002,24.1914731222502,28.0270676268582));
#2579=CARTESIAN_POINT('Ctrl Pts',(-174.,24.5400808678942,27.9255354315075));
#2580=CARTESIAN_POINT('Ctrl Pts',(-174.,24.562421386104,27.9190287434391));
#2581=CARTESIAN_POINT('Ctrl Pts',(-174.,24.5847459820054,27.9124864445479));
#2582=CARTESIAN_POINT('Ctrl Pts',(-174.000000000001,24.6070546420371,27.9059085418124));
#2583=CARTESIAN_POINT('Ctrl Pts',(-174.000000000002,25.1138225134163,27.7564836206077));
#2584=CARTESIAN_POINT('Ctrl Pts',(-174.000000000027,25.6120335431175,27.5887645049825));
#2585=CARTESIAN_POINT('Ctrl Pts',(-174.000000000034,26.1018130129554,27.4027093127568));
#2586=CARTESIAN_POINT('Ctrl Pts',(-174.000000000038,26.3107854296767,27.3233258237433));
#2587=CARTESIAN_POINT('Ctrl Pts',(-174.000000000034,26.5182226441795,27.2406037780668));
#2588=CARTESIAN_POINT('Ctrl Pts',(-174.000000000023,26.7241331068767,27.1545373350589));
#2589=CARTESIAN_POINT('Ctrl Pts',(-174.000000000022,26.741131843465,27.147432204146));
#2590=CARTESIAN_POINT('Ctrl Pts',(-174.000000000021,26.7581201745524,27.1403042797383));
#2591=CARTESIAN_POINT('Ctrl Pts',(-174.00000000002,26.7750981023499,27.1331535596892));
#2592=CARTESIAN_POINT('Ctrl Pts',(-173.999999999981,27.4670107440551,26.8417355693248));
#2593=CARTESIAN_POINT('Ctrl Pts',(-174.,28.1416550259226,26.5124645664993));
#2594=CARTESIAN_POINT('Ctrl Pts',(-174.,28.7986287647915,26.1454629974983));
#2595=CARTESIAN_POINT('Ctrl Pts',(-174.,28.8107215734301,26.1387076593753));
#2596=CARTESIAN_POINT('Ctrl Pts',(-174.,28.8228083956526,26.1319395390618));
#2597=CARTESIAN_POINT('Ctrl Pts',(-174.,28.8348892486684,26.1251586216739));
#2598=CARTESIAN_POINT('Ctrl Pts',(-174.,29.1590321265697,25.9432189793276));
#2599=CARTESIAN_POINT('Ctrl Pts',(-173.999999999998,29.4788602568767,25.7520771063352));
#2600=CARTESIAN_POINT('Ctrl Pts',(-174.000000000008,29.7947039724986,25.5514535412383));
#2601=CARTESIAN_POINT('Ctrl Pts',(-174.000000000008,29.804506068646,25.5452272610331));
#2602=CARTESIAN_POINT('Ctrl Pts',(-174.000000000009,29.8143043273135,25.5389918488889));
#2603=CARTESIAN_POINT('Ctrl Pts',(-174.000000000009,29.8240986734406,25.5327473631274));
#2604=CARTESIAN_POINT('Ctrl Pts',(-174.000000000021,30.1416488241096,25.330290009807));
#2605=CARTESIAN_POINT('Ctrl Pts',(-174.,30.4551733379824,25.1182295788274));
#2606=CARTESIAN_POINT('Ctrl Pts',(-174.,30.7621034032366,24.8985573358734));
#2607=CARTESIAN_POINT('Ctrl Pts',(-174.,30.7696794538294,24.8931350973415));
#2608=CARTESIAN_POINT('Ctrl Pts',(-174.,30.7772514867458,24.8877082215499));
#2609=CARTESIAN_POINT('Ctrl Pts',(-174.,30.7848195061964,24.882276713683));
#2610=CARTESIAN_POINT('Ctrl Pts',(-174.,31.3152792853785,24.5015699141651));
#2611=CARTESIAN_POINT('Ctrl Pts',(-174.00000000001,31.8258294440351,24.0982342994965));
#2612=CARTESIAN_POINT('Ctrl Pts',(-174.000000000008,32.3181489080514,23.6738574929589));
#2613=CARTESIAN_POINT('Ctrl Pts',(-174.000000000007,32.4054836109728,23.5985754352005));
#2614=CARTESIAN_POINT('Ctrl Pts',(-174.000000000006,32.4922445256336,23.5226311406914));
#2615=CARTESIAN_POINT('Ctrl Pts',(-174.000000000005,32.5784409109707,23.4460333514114));
#2616=CARTESIAN_POINT('Ctrl Pts',(-174.000000000005,32.5819080502694,23.4429523033563));
#2617=CARTESIAN_POINT('Ctrl Pts',(-174.000000000005,32.5853742761848,23.4398701979763));
#2618=CARTESIAN_POINT('Ctrl Pts',(-174.000000000005,32.5888395891838,23.4367870357476));
#2619=CARTESIAN_POINT('Ctrl Pts',(-173.999999999995,33.1641025256765,22.9249634406116));
#2620=CARTESIAN_POINT('Ctrl Pts',(-174.,33.714211736425,22.384018715877));
#2621=CARTESIAN_POINT('Ctrl Pts',(-174.,34.2410849027188,21.8163548386794));
#2622=CARTESIAN_POINT('',(-174.,34.2669282280986,21.7895304556808));
#2623=CARTESIAN_POINT('Origin',(-174.,34.9740350092852,22.4966372368674));
#2624=CARTESIAN_POINT('',(-174.,55.1257225808506,0.930736102928842));
#2625=CARTESIAN_POINT('',(-174.,34.2669282280986,21.7895304556808));
#2626=CARTESIAN_POINT('',(-174.,25.4272377710156,-28.7677487069061));
#2627=CARTESIAN_POINT('Origin',(-174.,40.2764801759331,-13.9185063019886));
#2628=CARTESIAN_POINT('',(-174.,25.4272377710156,-28.7677487069061));
#2629=CARTESIAN_POINT('',(-174.,40.0997034806365,-28.5909720116095));
#2630=CARTESIAN_POINT('',(-174.,40.0997034806365,-28.5909720116095));
#2631=CARTESIAN_POINT('',(-174.,54.948945885554,-13.741729606692));
#2632=CARTESIAN_POINT('',(-174.,54.948945885554,-13.741729606692));
#2633=CARTESIAN_POINT('',(-174.,54.948945885554,-13.741729606692));
#2634=CARTESIAN_POINT('',(-174.,25.9575678569055,15.2496484219565));
#2635=CARTESIAN_POINT('',(-174.,19.7119049833897,12.5626411983268));
#2636=CARTESIAN_POINT('Origin',(-174.,19.7119049833897,13.8626411983268));
#2637=CARTESIAN_POINT('',(-174.,12.6408371715242,5.49157338646136));
#2638=CARTESIAN_POINT('Origin',(-174.,12.6408371715242,6.79157338646135));
#2639=CARTESIAN_POINT('',(-174.,46.4636645113154,-28.4767584492364));
#2640=CARTESIAN_POINT('Origin',(-174.,46.4636645113154,-27.1767584492364));
#2641=CARTESIAN_POINT('',(-174.,53.653030480344,-21.3784842986274));
#2642=CARTESIAN_POINT('Origin',(-174.,53.653030480344,-20.0784842986274));
#2643=CARTESIAN_POINT('Origin',(-248.,40.2764801759331,-13.9185063019886));
#2644=CARTESIAN_POINT('',(-162.,40.2764801759331,-4.91850630198862));
#2645=CARTESIAN_POINT('Origin',(-162.,40.2764801759331,-13.9185063019886));
#2646=CARTESIAN_POINT('',(-159.,40.2764801759331,-4.91850630198862));
#2647=CARTESIAN_POINT('',(-248.,40.2764801759331,-4.91850630198862));
#2648=CARTESIAN_POINT('Origin',(-159.,40.2764801759331,-13.9185063019886));
#2649=CARTESIAN_POINT('Origin',(-154.,12.,-48.501));
#2650=CARTESIAN_POINT('',(-154.,8.,18.5496462173369));
#2651=CARTESIAN_POINT('',(-154.,12.,18.549646217337));
#2652=CARTESIAN_POINT('',(-154.,8.,18.549646217337));
#2653=CARTESIAN_POINT('',(-154.,12.,24.549646217337));
#2654=CARTESIAN_POINT('',(-154.,12.,18.5496462173369));
#2655=CARTESIAN_POINT('',(-154.,8.,24.549646217337));
#2656=CARTESIAN_POINT('',(-154.,12.,24.549646217337));
#2657=CARTESIAN_POINT('',(-154.,8.,18.5496462173369));
#2658=CARTESIAN_POINT('Origin',(-154.,8.,-48.501));
#2659=CARTESIAN_POINT('',(-146.,8.,18.5496462173369));
#2660=CARTESIAN_POINT('',(-146.,8.,18.549646217337));
#2661=CARTESIAN_POINT('',(-146.,8.,24.549646217337));
#2662=CARTESIAN_POINT('',(-154.,8.,24.549646217337));
#2663=CARTESIAN_POINT('',(-146.,8.,18.5496462173369));
#2664=CARTESIAN_POINT('Origin',(-146.,8.,-48.501));
#2665=CARTESIAN_POINT('',(-146.,12.,18.549646217337));
#2666=CARTESIAN_POINT('',(-146.,12.,18.549646217337));
#2667=CARTESIAN_POINT('',(-146.,12.,24.549646217337));
#2668=CARTESIAN_POINT('',(-146.,8.,24.549646217337));
#2669=CARTESIAN_POINT('',(-146.,12.,18.5496462173369));
#2670=CARTESIAN_POINT('Origin',(-146.,12.,-48.501));
#2671=CARTESIAN_POINT('',(-154.,12.,18.549646217337));
#2672=CARTESIAN_POINT('',(-146.,12.,24.549646217337));
#2673=CARTESIAN_POINT('Origin',(-154.,12.,-2.89120579329468E-16));
#2674=CARTESIAN_POINT('',(-158.,12.,18.549646217337));
#2675=CARTESIAN_POINT('',(-154.,16.,18.549646217337));
#2676=CARTESIAN_POINT('Origin',(-154.,12.,18.549646217337));
#2677=CARTESIAN_POINT('',(-158.,12.,24.549646217337));
#2678=CARTESIAN_POINT('',(-158.,12.,18.549646217337));
#2679=CARTESIAN_POINT('',(-154.,16.,24.549646217337));
#2680=CARTESIAN_POINT('Origin',(-154.,12.,24.549646217337));
#2681=CARTESIAN_POINT('',(-154.,16.,18.549646217337));
#2682=CARTESIAN_POINT('Origin',(-156.,16.,0.));
#2683=CARTESIAN_POINT('',(-146.,16.,18.549646217337));
#2684=CARTESIAN_POINT('',(-146.,16.,18.549646217337));
#2685=CARTESIAN_POINT('',(-146.,16.,24.549646217337));
#2686=CARTESIAN_POINT('',(-154.,16.,24.549646217337));
#2687=CARTESIAN_POINT('',(-146.,16.,24.549646217337));
#2688=CARTESIAN_POINT('Origin',(-146.,12.,0.));
#2689=CARTESIAN_POINT('',(-142.,12.,24.549646217337));
#2690=CARTESIAN_POINT('Origin',(-146.,12.,24.549646217337));
#2691=CARTESIAN_POINT('',(-142.,12.,18.549646217337));
#2692=CARTESIAN_POINT('',(-142.,12.,24.549646217337));
#2693=CARTESIAN_POINT('Origin',(-146.,12.,18.549646217337));
#2694=CARTESIAN_POINT('Origin',(-155.051040496238,0.5,0.));
#2695=CARTESIAN_POINT('',(-155.051040496238,0.5,48.5));
#2696=CARTESIAN_POINT('',(-155.051040496238,0.5,-48.5));
#2697=CARTESIAN_POINT('Origin',(-155.051040496238,0.5,0.));
#2698=CARTESIAN_POINT('Origin',(-155.051040496238,0.5,0.));
#2699=CARTESIAN_POINT('',(-155.051040496238,0.,-48.));
#2700=CARTESIAN_POINT('Origin',(-155.051040496238,0.5,-48.));
#2701=CARTESIAN_POINT('Origin',(-155.051040496238,0.,0.));
#2702=CARTESIAN_POINT('Origin',(-155.051040496238,0.,0.));
#2703=CARTESIAN_POINT('',(-155.051040496238,0.,-10.1355488472024));
#2704=CARTESIAN_POINT('Origin',(-155.051040496238,0.,-8.63554884720245));
#2705=CARTESIAN_POINT('',(-155.051040496238,0.,4.36445115279755));
#2706=CARTESIAN_POINT('Origin',(-155.051040496238,0.,5.86445115279755));
#2707=CARTESIAN_POINT('Origin',(-142.,16.,18.549646217337));
#2708=CARTESIAN_POINT('',(-142.,4.5,24.549646217337));
#2709=CARTESIAN_POINT('',(-142.,12.,24.549646217337));
#2710=CARTESIAN_POINT('',(-142.,4.5,18.549646217337));
#2711=CARTESIAN_POINT('',(-142.,4.5,24.549646217337));
#2712=CARTESIAN_POINT('',(-142.,12.,18.549646217337));
#2713=CARTESIAN_POINT('Origin',(-158.,16.,18.549646217337));
#2714=CARTESIAN_POINT('',(-158.,4.5,18.549646217337));
#2715=CARTESIAN_POINT('',(-142.,4.5,18.549646217337));
#2716=CARTESIAN_POINT('',(-158.,12.,18.549646217337));
#2717=CARTESIAN_POINT('Origin',(-158.,16.,18.549646217337));
#2718=CARTESIAN_POINT('',(-158.,4.5,24.549646217337));
#2719=CARTESIAN_POINT('',(-158.,4.5,18.549646217337));
#2720=CARTESIAN_POINT('',(-158.,12.,24.549646217337));
#2721=CARTESIAN_POINT('Origin',(-158.,16.,24.549646217337));
#2722=CARTESIAN_POINT('',(-158.,4.5,24.549646217337));
#2723=CARTESIAN_POINT('Ctrl Pts',(-184.292893218814,4.29289321881346,-8.69406432648367));
#2724=CARTESIAN_POINT('Ctrl Pts',(-184.175042088616,4.41074434901122,-8.45836206608815));
#2725=CARTESIAN_POINT('Ctrl Pts',(-183.93933982822,4.29289321881346,-8.34051093589039));
#2726=CARTESIAN_POINT('Ctrl Pts',(-184.385453289164,4.20033314846246,-8.5552242209481));
#2727=CARTESIAN_POINT('Ctrl Pts',(-184.258805068863,4.29741790990378,-8.37459908582615));
#2728=CARTESIAN_POINT('Ctrl Pts',(-184.078179933764,4.20033314845996,-8.2479508655369));
#2729=CARTESIAN_POINT('Ctrl Pts',(-184.607356342489,4.0520743607462,-8.22236964098023));
#2730=CARTESIAN_POINT('Ctrl Pts',(-184.496959176534,4.08467294406012,-8.13644497817534));
#2731=CARTESIAN_POINT('Ctrl Pts',(-184.411034513723,4.05207436074745,-8.02604781221954));
#2732=CARTESIAN_POINT('Ctrl Pts',(-184.869100296396,4.,-7.82975371009735));
#2733=CARTESIAN_POINT('Ctrl Pts',(-184.836375352327,4.,-7.79702880238001));
#2734=CARTESIAN_POINT('Ctrl Pts',(-184.8036504446,4.,-7.76430385829975));
#2735=CARTESIAN_POINT('Ctrl Pts',(-185.,4.,-7.63340415470384));
#2736=CARTESIAN_POINT('Ctrl Pts',(-185.,4.,-7.63340415470384));
#2737=CARTESIAN_POINT('Ctrl Pts',(-185.,4.,-7.63340415470384));
#2738=CARTESIAN_POINT('',(-185.,4.,-7.63340415470384));
#2739=CARTESIAN_POINT('',(-184.292893218813,4.29289321881345,-8.69406432648366));
#2740=CARTESIAN_POINT('Origin',(-185.,5.,-7.63340415470384));
#2741=CARTESIAN_POINT('',(-183.93933982822,4.29289321881345,-8.34051093589039));
#2742=CARTESIAN_POINT('Origin',(-185.,5.,-7.63340415470384));
#2743=CARTESIAN_POINT('Origin',(-183.93933982822,3.93933982822018,-8.69406432648366));
#2744=CARTESIAN_POINT('Ctrl Pts',(-185.,4.,28.3250272194977));
#2745=CARTESIAN_POINT('Ctrl Pts',(-185.,4.,28.3250272194977));
#2746=CARTESIAN_POINT('Ctrl Pts',(-185.,4.,28.3250272194977));
#2747=CARTESIAN_POINT('Ctrl Pts',(-184.869105938993,4.,28.5213824174806));
#2748=CARTESIAN_POINT('Ctrl Pts',(-184.836375352324,4.,28.4886518671773));
#2749=CARTESIAN_POINT('Ctrl Pts',(-184.803644802011,4.,28.4559212804983));
#2750=CARTESIAN_POINT('Ctrl Pts',(-184.607359936989,4.05204963858216,28.9140295543538));
#2751=CARTESIAN_POINT('Ctrl Pts',(-184.496709049761,4.08466431209246,28.8283181697376));
#2752=CARTESIAN_POINT('Ctrl Pts',(-184.410997665149,4.052049638583,28.7176672825151));
#2753=CARTESIAN_POINT('Ctrl Pts',(-184.330039474021,4.23743267703566,29.3300295826809));
#2754=CARTESIAN_POINT('Ctrl Pts',(-184.194138993808,4.35592565738704,29.1308882256949));
#2755=CARTESIAN_POINT('Ctrl Pts',(-183.994997636821,4.23743267703845,28.9949877454795));
#2756=CARTESIAN_POINT('Ctrl Pts',(-184.163192101822,4.44083539142926,29.580304556435));
#2757=CARTESIAN_POINT('Ctrl Pts',(-184.059864108287,4.59762731871291,29.2651631112175));
#2758=CARTESIAN_POINT('Ctrl Pts',(-183.74472266307,4.44083539143262,29.1618351176785));
#2759=CARTESIAN_POINT('Ctrl Pts',(-184.070170872722,4.61482720026233,29.7198353108045));
#2760=CARTESIAN_POINT('Ctrl Pts',(-184.009979144456,4.76928236619348,29.3150480750498));
#2761=CARTESIAN_POINT('Ctrl Pts',(-183.605191908701,4.61482720026543,29.2548563467765));
#2762=CARTESIAN_POINT('Ctrl Pts',(-184.012886249079,4.80366840602292,29.8057596545581));
#2763=CARTESIAN_POINT('Ctrl Pts',(-183.999191570303,4.90283508322489,29.3258356492043));
#2764=CARTESIAN_POINT('Ctrl Pts',(-183.519267564948,4.80366840602479,29.3121409704196));
#2765=CARTESIAN_POINT('Ctrl Pts',(-183.999994335781,4.93460363091123,29.8250966697494));
#2766=CARTESIAN_POINT('Ctrl Pts',(-184.000061357353,4.96731180290949,29.3249658621537));
#2767=CARTESIAN_POINT('Ctrl Pts',(-183.49993054976,4.93460363091189,29.3250328837171));
#2768=CARTESIAN_POINT('Ctrl Pts',(-184.000000000013,5.0000862177349,29.8250881737841));
#2769=CARTESIAN_POINT('Ctrl Pts',(-184.000060970775,5.00004309554062,29.3249662487317));
#2770=CARTESIAN_POINT('Ctrl Pts',(-183.499939045723,5.0000862177349,29.3250272194849));
#2771=CARTESIAN_POINT('',(-185.,4.,28.3250272194977));
#2772=CARTESIAN_POINT('',(-183.5,5.,29.3250272194977));
#2773=CARTESIAN_POINT('Origin',(-185.,5.,28.3250272194977));
#2774=CARTESIAN_POINT('',(-184.,5.,29.8250272194977));
#2775=CARTESIAN_POINT('Origin',(-185.,5.,28.3250272194977));
#2776=CARTESIAN_POINT('Origin',(-183.5,5.,29.8250272194977));
#2777=CARTESIAN_POINT('Origin',(-184.,40.2764801759331,-13.9185063019886));
#2778=CARTESIAN_POINT('',(-184.,5.,-25.1299478736219));
#2779=CARTESIAN_POINT('',(-184.,5.,-9.75472449826349));
#2780=CARTESIAN_POINT('',(-184.,5.,-9.75472449826349));
#2781=CARTESIAN_POINT('',(-184.,24.7201309898291,-29.4748554880926));
#2782=CARTESIAN_POINT('',(-184.,24.7201309898291,-29.4748554880926));
#2783=CARTESIAN_POINT('',(-184.,55.8328293620371,1.63784288411539));
#2784=CARTESIAN_POINT('Origin',(-184.,40.2764801759331,-13.9185063019886));
#2785=CARTESIAN_POINT('',(-184.,34.9740350092969,22.4966372368548));
#2786=CARTESIAN_POINT('',(-184.,34.9740350092973,22.4966372368552));
#2787=CARTESIAN_POINT('',(-184.,17.7435038448744,29.8249203371518));
#2788=CARTESIAN_POINT('Ctrl Pts',(-184.,34.9740350092969,22.4966372368548));
#2789=CARTESIAN_POINT('Ctrl Pts',(-184.,34.5693600434206,22.932642284397));
#2790=CARTESIAN_POINT('Ctrl Pts',(-183.999999999942,34.1506762201334,23.3543851348184));
#2791=CARTESIAN_POINT('Ctrl Pts',(-183.999999999943,33.7169397752401,23.760759856225));
#2792=CARTESIAN_POINT('Ctrl Pts',(-183.999999999943,33.5735493137178,23.8951047090486));
#2793=CARTESIAN_POINT('Ctrl Pts',(-183.99999999996,33.4285134128598,24.0277696607356));
#2794=CARTESIAN_POINT('Ctrl Pts',(-183.99999999998,33.2817934347774,24.1587138944298));
#2795=CARTESIAN_POINT('Ctrl Pts',(-183.999999999982,33.2683723613273,24.1706918963436));
#2796=CARTESIAN_POINT('Ctrl Pts',(-183.999999999983,33.2549371886844,24.1826554784593));
#2797=CARTESIAN_POINT('Ctrl Pts',(-183.999999999985,33.2414878758202,24.194604619388));
#2798=CARTESIAN_POINT('Ctrl Pts',(-184.000000000015,32.9590520444705,24.4455368109571));
#2799=CARTESIAN_POINT('Ctrl Pts',(-184.,32.6703822995145,24.690102824745));
#2800=CARTESIAN_POINT('Ctrl Pts',(-184.,32.3751216801271,24.9280246659675));
#2801=CARTESIAN_POINT('Ctrl Pts',(-184.,32.065801044248,25.1772761081988));
#2802=CARTESIAN_POINT('Ctrl Pts',(-184.,31.7492424272995,25.4192315195526));
#2803=CARTESIAN_POINT('Ctrl Pts',(-184.,31.4252946693698,25.6533455001492));
#2804=CARTESIAN_POINT('Ctrl Pts',(-184.,31.4013236557147,25.670669124988));
#2805=CARTESIAN_POINT('Ctrl Pts',(-184.,31.3773119873221,25.6879499650638));
#2806=CARTESIAN_POINT('Ctrl Pts',(-184.,31.3532593846419,25.7051879523689));
#2807=CARTESIAN_POINT('Ctrl Pts',(-184.,31.0944218925602,25.8906912620065));
#2808=CARTESIAN_POINT('Ctrl Pts',(-184.000000000039,30.8308470867553,26.0712348258577));
#2809=CARTESIAN_POINT('Ctrl Pts',(-183.999999999954,30.561835745821,26.2468437522724));
#2810=CARTESIAN_POINT('Ctrl Pts',(-183.99999999994,30.5180183280556,26.2754474894432));
#2811=CARTESIAN_POINT('Ctrl Pts',(-183.999999999921,30.4740565902318,26.3039202313761));
#2812=CARTESIAN_POINT('Ctrl Pts',(-183.999999999893,30.429947410046,26.3322619989056));
#2813=CARTESIAN_POINT('Ctrl Pts',(-183.999999999876,30.402284741172,26.3500362791613));
#2814=CARTESIAN_POINT('Ctrl Pts',(-183.999999999861,30.374566247917,26.3677579776144));
#2815=CARTESIAN_POINT('Ctrl Pts',(-183.99999999985,30.3467918412121,26.3854266738484));
#2816=CARTESIAN_POINT('Ctrl Pts',(-183.999999999755,30.1119483117479,26.5348224477591));
#2817=CARTESIAN_POINT('Ctrl Pts',(-183.999999999967,29.873103508197,26.6804264582232));
#2818=CARTESIAN_POINT('Ctrl Pts',(-183.999999999992,29.6317044086249,26.8212479639403));
#2819=CARTESIAN_POINT('Ctrl Pts',(-184.000000000001,29.5506718870375,26.8685187355473));
#2820=CARTESIAN_POINT('Ctrl Pts',(-184.,29.4693519019839,26.9152508823964));
#2821=CARTESIAN_POINT('Ctrl Pts',(-184.,29.3878000731487,26.9614078709735));
#2822=CARTESIAN_POINT('Ctrl Pts',(-184.,29.3579259871167,26.9783161104014));
#2823=CARTESIAN_POINT('Ctrl Pts',(-184.,29.3280184718981,26.9951482411004));
#2824=CARTESIAN_POINT('Ctrl Pts',(-183.999999999998,29.2980799548712,27.0119027241632));
#2825=CARTESIAN_POINT('Ctrl Pts',(-183.999999999978,28.9740259921761,27.1932529434988));
#2826=CARTESIAN_POINT('Ctrl Pts',(-183.999999997298,28.6463394809154,27.3655011689438));
#2827=CARTESIAN_POINT('Ctrl Pts',(-183.999999996976,28.3152995807277,27.5287203402951));
#2828=CARTESIAN_POINT('Ctrl Pts',(-183.999999996625,27.9536757506108,27.7070189135458));
#2829=CARTESIAN_POINT('Ctrl Pts',(-183.999999999404,27.5880736959919,27.8745250806614));
#2830=CARTESIAN_POINT('Ctrl Pts',(-183.999999999702,27.2184265732971,28.0314056007404));
#2831=CARTESIAN_POINT('Ctrl Pts',(-183.999999999729,27.1855234816204,28.0453698759032));
#2832=CARTESIAN_POINT('Ctrl Pts',(-183.999999999752,27.1525884565562,28.0592500668206));
#2833=CARTESIAN_POINT('Ctrl Pts',(-183.999999999773,27.1196215079666,28.073046307788));
#2834=CARTESIAN_POINT('Ctrl Pts',(-184.000000000227,26.4118594205182,28.3692355738191));
#2835=CARTESIAN_POINT('Ctrl Pts',(-184.000000000006,25.6893850594208,28.626734445216));
#2836=CARTESIAN_POINT('Ctrl Pts',(-183.999999999993,24.9528871151126,28.8463801588387));
#2837=CARTESIAN_POINT('Ctrl Pts',(-183.999999999993,24.9168551033317,28.8571259823702));
#2838=CARTESIAN_POINT('Ctrl Pts',(-183.999999999991,24.8807890805529,28.8677812463754));
#2839=CARTESIAN_POINT('Ctrl Pts',(-183.99999999999,24.8446892905618,28.8783460147339));
#2840=CARTESIAN_POINT('Ctrl Pts',(-183.999999999973,24.4946624264359,28.9807829746064));
#2841=CARTESIAN_POINT('Ctrl Pts',(-183.999999999845,24.1414604434646,29.0747098300916));
#2842=CARTESIAN_POINT('Ctrl Pts',(-183.999999999945,23.784825472327,29.1602785940738));
#2843=CARTESIAN_POINT('Ctrl Pts',(-183.999999999955,23.7471903688276,29.1693085253744));
#2844=CARTESIAN_POINT('Ctrl Pts',(-183.999999999963,23.7095196075906,29.1782445471873));
#2845=CARTESIAN_POINT('Ctrl Pts',(-183.99999999997,23.6718116709246,29.187087152292));
#2846=CARTESIAN_POINT('Ctrl Pts',(-184.000000000014,23.4087066417869,29.248785937201));
#2847=CARTESIAN_POINT('Ctrl Pts',(-184.000000000006,23.1437930752715,29.3059408707383));
#2848=CARTESIAN_POINT('Ctrl Pts',(-183.999999999989,22.8776339758026,29.3585167913016));
#2849=CARTESIAN_POINT('Ctrl Pts',(-183.999999999983,22.7831855422045,29.3771737275178));
#2850=CARTESIAN_POINT('Ctrl Pts',(-183.999999999973,22.6885801442736,29.3952535924501));
#2851=CARTESIAN_POINT('Ctrl Pts',(-183.999999999948,22.5938427568468,29.4127532504618));
#2852=CARTESIAN_POINT('Ctrl Pts',(-183.999999999938,22.5547304279083,29.4199779840021));
#2853=CARTESIAN_POINT('Ctrl Pts',(-183.999999999929,22.5155931814705,29.4271044866695));
#2854=CARTESIAN_POINT('Ctrl Pts',(-183.999999999922,22.4764350853872,29.4341320333533));
#2855=CARTESIAN_POINT('Ctrl Pts',(-183.999999999872,22.209206682799,29.4820904445703));
#2856=CARTESIAN_POINT('Ctrl Pts',(-183.999999999942,21.9410066692475,29.5254359926422));
#2857=CARTESIAN_POINT('Ctrl Pts',(-183.999999999973,21.6723155378099,29.5642409246581));
#2858=CARTESIAN_POINT('Ctrl Pts',(-183.999999999984,21.5777460681474,29.5778988441488));
#2859=CARTESIAN_POINT('Ctrl Pts',(-183.99999999999,21.4831158271565,29.590994753054));
#2860=CARTESIAN_POINT('Ctrl Pts',(-183.999999999993,21.388445957742,29.6035333078153));
#2861=CARTESIAN_POINT('Ctrl Pts',(-183.999999999995,21.3493077282894,29.6087169722303));
#2862=CARTESIAN_POINT('Ctrl Pts',(-183.999999999994,21.310162593129,29.6138051630312));
#2863=CARTESIAN_POINT('Ctrl Pts',(-183.999999999993,21.2710110092692,29.6187984645473));
#2864=CARTESIAN_POINT('Ctrl Pts',(-183.999999999979,20.9069645716799,29.6652280964936));
#2865=CARTESIAN_POINT('Ctrl Pts',(-183.99999999939,20.5423612833333,29.703452671105));
#2866=CARTESIAN_POINT('Ctrl Pts',(-183.999999999783,20.1772366200268,29.7338666243663));
#2867=CARTESIAN_POINT('Ctrl Pts',(-183.999999999825,20.1382289216101,29.7371158661615));
#2868=CARTESIAN_POINT('Ctrl Pts',(-183.999999999856,20.0992153916893,29.7402754107052));
#2869=CARTESIAN_POINT('Ctrl Pts',(-183.999999999882,20.0601959424199,29.7433457023313));
#2870=CARTESIAN_POINT('Ctrl Pts',(-184.000000000118,19.6947013652091,29.7721050764597));
#2871=CARTESIAN_POINT('Ctrl Pts',(-184.,19.3286876575643,29.7930341327026));
#2872=CARTESIAN_POINT('Ctrl Pts',(-184.,18.9621861467587,29.80668870464));
#2873=CARTESIAN_POINT('Ctrl Pts',(-184.,18.9228845786558,29.8081529444128));
#2874=CARTESIAN_POINT('Ctrl Pts',(-184.000000000029,18.8835769942755,29.8095287840154));
#2875=CARTESIAN_POINT('Ctrl Pts',(-183.999999999858,18.8442637566612,29.8108192037908));
#2876=CARTESIAN_POINT('Ctrl Pts',(-183.999999999145,18.6807025450938,29.8161879455861));
#2877=CARTESIAN_POINT('Ctrl Pts',(-183.999999989966,18.5170443746844,29.8200780037454));
#2878=CARTESIAN_POINT('Ctrl Pts',(-183.999999996404,18.3532890251091,29.8225223963408));
#2879=CARTESIAN_POINT('Ctrl Pts',(-183.999999997961,18.3136838219156,29.8231135871976));
#2880=CARTESIAN_POINT('Ctrl Pts',(-183.99999999887,18.274073314174,29.8236118631618));
#2881=CARTESIAN_POINT('Ctrl Pts',(-183.999999999364,18.234456836011,29.824014153941));
#2882=CARTESIAN_POINT('Ctrl Pts',(-184.000000000135,18.1724867774365,29.8246434371156));
#2883=CARTESIAN_POINT('Ctrl Pts',(-184.,18.1105021011469,29.8250378628624));
#2884=CARTESIAN_POINT('Ctrl Pts',(-184.,18.0485051009011,29.8252373397694));
#2885=CARTESIAN_POINT('Ctrl Pts',(-184.,17.9468744421335,29.8255643389692));
#2886=CARTESIAN_POINT('Ctrl Pts',(-184.,17.84520861263,29.8253941773103));
#2887=CARTESIAN_POINT('Ctrl Pts',(-184.,17.7435040254121,29.8249220867446));
#2888=CARTESIAN_POINT('',(-184.,5.,29.8250272194977));
#2889=CARTESIAN_POINT('',(-184.,5.,31.3250272194977));
#2890=CARTESIAN_POINT('',(-184.,5.,31.3250272194977));
#2891=CARTESIAN_POINT('',(-184.,18.5329466544466,31.3250272194977));
#2892=CARTESIAN_POINT('',(-184.,18.5329466544466,31.3250272194977));
#2893=CARTESIAN_POINT('',(-184.,35.1499560123306,24.4420365773816));
#2894=CARTESIAN_POINT('Origin',(-184.,18.5329466544468,7.82502721949771));
#2895=CARTESIAN_POINT('',(-184.,56.893489533817,2.69850305589523));
#2896=CARTESIAN_POINT('',(-184.,56.893489533817,2.69850305589522));
#2897=CARTESIAN_POINT('',(-184.,24.0625464789344,-30.9290428622893));
#2898=CARTESIAN_POINT('Origin',(-184.,40.2764801759331,-13.9185063019886));
#2899=CARTESIAN_POINT('',(-184.,9.57349934544615,-25.1299478736219));
#2900=CARTESIAN_POINT('Origin',(-184.,9.57349934544614,-46.1299478736219));
#2901=CARTESIAN_POINT('',(-184.,5.,-25.1299478736219));
#2902=CARTESIAN_POINT('Origin',(-155.051040496238,4.,0.));
#2903=CARTESIAN_POINT('',(-155.051040496238,3.5,48.5));
#2904=CARTESIAN_POINT('',(-155.051040496238,4.,48.5));
#2905=CARTESIAN_POINT('',(-155.051040496238,3.5,-48.5));
#2906=CARTESIAN_POINT('Origin',(-155.051040496238,3.5,0.));
#2907=CARTESIAN_POINT('Origin',(-155.051040496238,3.5,0.));
#2908=CARTESIAN_POINT('Origin',(-183.,18.5329466544466,31.3250272194977));
#2909=CARTESIAN_POINT('',(-183.,5.,32.3250272194977));
#2910=CARTESIAN_POINT('Origin',(-183.,5.,31.3250272194977));
#2911=CARTESIAN_POINT('',(-183.,18.5329466544466,32.3250272194977));
#2912=CARTESIAN_POINT('',(-183.,18.5329466544466,32.3250272194977));
#2913=CARTESIAN_POINT('Origin',(-183.,18.5329466544466,31.3250272194977));
#2914=CARTESIAN_POINT('Origin',(-183.,18.5329466544468,7.82502721949771));
#2915=CARTESIAN_POINT('',(-183.,35.8570627935172,25.1491433585681));
#2916=CARTESIAN_POINT('Origin',(-183.,18.5329466544468,7.82502721949771));
#2917=CARTESIAN_POINT('Origin',(-183.,35.1499560123306,24.4420365773816));
#2918=CARTESIAN_POINT('Origin',(-183.,56.893489533817,2.69850305589522));
#2919=CARTESIAN_POINT('',(-183.,57.6005963150035,3.40560983708177));
#2920=CARTESIAN_POINT('',(-183.,57.6005963150035,3.40560983708177));
#2921=CARTESIAN_POINT('Origin',(-183.,56.893489533817,2.69850305589522));
#2922=CARTESIAN_POINT('Origin',(-183.,40.2764801759331,-13.9185063019886));
#2923=CARTESIAN_POINT('',(-183.,23.3725918535302,-31.6528954818766));
#2924=CARTESIAN_POINT('Origin',(-183.,40.2764801759331,-13.9185063019886));
#2925=CARTESIAN_POINT('Origin',(-183.,24.0625464789344,-30.9290428622893));
#2926=CARTESIAN_POINT('Origin',(-183.,9.57349934544614,-46.1299478736219));
#2927=CARTESIAN_POINT('',(-183.,9.57349934544615,-26.1299478736219));
#2928=CARTESIAN_POINT('Origin',(-183.,9.57349934544614,-46.1299478736219));
#2929=CARTESIAN_POINT('Origin',(-183.,9.57349934544615,-25.1299478736219));
#2930=CARTESIAN_POINT('Origin',(-183.,4.,-25.1299478736219));
#2931=CARTESIAN_POINT('',(-183.,5.,-26.1299478736219));
#2932=CARTESIAN_POINT('',(-183.,5.,-26.1299478736219));
#2933=CARTESIAN_POINT('Origin',(-183.,5.,-25.1299478736219));
#2934=CARTESIAN_POINT('Ctrl Pts',(-183.999999989009,5.00007461903979,-9.75502297772554));
#2935=CARTESIAN_POINT('Ctrl Pts',(-184.000158332769,5.35373992758547,-9.40135764466241));
#2936=CARTESIAN_POINT('Ctrl Pts',(-183.500000016922,5.35377724969227,-9.40139496676922));
#2937=CARTESIAN_POINT('Ctrl Pts',(-183.999989964219,4.86912731984814,-9.55859339864307));
#2938=CARTESIAN_POINT('Ctrl Pts',(-183.955866994353,5.19731223138661,-9.24492994846286));
#2939=CARTESIAN_POINT('Ctrl Pts',(-183.499970320094,5.1573530451337,-9.20497076221064));
#2940=CARTESIAN_POINT('Ctrl Pts',(-184.052083729092,4.6072878984669,-9.16580884411048));
#2941=CARTESIAN_POINT('Ctrl Pts',(-183.936391366822,4.86208335802719,-8.909701075105));
#2942=CARTESIAN_POINT('Ctrl Pts',(-183.578084120826,4.76457654645815,-8.81219426353509));
#2943=CARTESIAN_POINT('Ctrl Pts',(-184.200421142078,4.38532933827552,-8.83283940760588));
#2944=CARTESIAN_POINT('Ctrl Pts',(-184.075258956401,4.54207178221556,-8.58968949929147));
#2945=CARTESIAN_POINT('Ctrl Pts',(-183.800584243188,4.43160683013257,-8.47922454720951));
#2946=CARTESIAN_POINT('Ctrl Pts',(-184.293029213041,4.2927572417585,-8.69396697014556));
#2947=CARTESIAN_POINT('Ctrl Pts',(-184.175194102064,4.41061810344448,-8.45823582052142));
#2948=CARTESIAN_POINT('Ctrl Pts',(-183.939498132477,4.29273493848844,-8.34035265556538));
#2949=CARTESIAN_POINT('',(-183.5,5.35355339059327,-9.40117110767021));
#2950=CARTESIAN_POINT('Origin',(-185.,5.35355339059327,-9.40117110767022));
#2951=CARTESIAN_POINT('Origin',(-183.5,5.,-9.75472449826349));
#2952=CARTESIAN_POINT('Origin',(-185.,5.,-9.75472449826349));
#2953=CARTESIAN_POINT('Origin',(-183.5,10.0634840808148,-14.8182085790783));
#2954=CARTESIAN_POINT('',(-183.5,25.0736843804224,-29.1213020974994));
#2955=CARTESIAN_POINT('',(-183.5,25.0736843804224,-29.1213020974994));
#2956=CARTESIAN_POINT('Origin',(-183.5,24.7201309898291,-29.4748554880926));
#2957=CARTESIAN_POINT('Origin',(-183.5,40.2764801759331,-13.9185063019886));
#2958=CARTESIAN_POINT('',(-183.5,55.4792759714439,1.28428949352212));
#2959=CARTESIAN_POINT('Origin',(-183.5,40.2764801759331,-13.9185063019886));
#2960=CARTESIAN_POINT('Origin',(-183.5,55.8328293620371,1.63784288411539));
#2961=CARTESIAN_POINT('Origin',(-183.5,55.8328293620371,1.63784288411539));
#2962=CARTESIAN_POINT('',(-183.5,34.6204816187041,22.1430838462619));
#2963=CARTESIAN_POINT('Origin',(-183.5,34.9740350092973,22.4966372368552));
#2964=CARTESIAN_POINT('',(-183.5,34.6204816187041,22.1430838462619));
#2965=CARTESIAN_POINT('Origin',(-183.5,34.9740350092969,22.4966372368547));
#2966=CARTESIAN_POINT('',(-183.5,34.6075599560151,22.1564960377592));
#2967=CARTESIAN_POINT('Origin',(-183.5,34.9740350092969,22.4966372368547));
#2968=CARTESIAN_POINT('Origin',(-183.5,34.9740350092969,22.4966372368547));
#2969=CARTESIAN_POINT('Ctrl Pts',(-184.,17.62348346111,29.8242367884076));
#2970=CARTESIAN_POINT('Ctrl Pts',(-184.,17.6268227609263,29.3242479394552));
#2971=CARTESIAN_POINT('Ctrl Pts',(-183.5,17.6268227609263,29.3242479394552));
#2972=CARTESIAN_POINT('Ctrl Pts',(-184.,17.8272692787752,29.8255978226493));
#2973=CARTESIAN_POINT('Ctrl Pts',(-183.999999999808,17.8306085785729,29.325608973666));
#2974=CARTESIAN_POINT('Ctrl Pts',(-183.5,17.8306085785915,29.3256089736961));
#2975=CARTESIAN_POINT('Ctrl Pts',(-184.,18.2346793987311,29.8265130391944));
#2976=CARTESIAN_POINT('Ctrl Pts',(-184.000000000087,18.2287009088582,29.3264927098897));
#2977=CARTESIAN_POINT('Ctrl Pts',(-183.5,18.2287009088498,29.3264927098761));
#2978=CARTESIAN_POINT('Ctrl Pts',(-184.,19.0477212959095,29.8085541635672));
#2979=CARTESIAN_POINT('Ctrl Pts',(-183.99999999995,19.0281365390594,29.3088624797019));
#2980=CARTESIAN_POINT('Ctrl Pts',(-183.5,19.0281365390643,29.3088624797098));
#2981=CARTESIAN_POINT('Ctrl Pts',(-184.,20.0610735470778,29.7529142457135));
#2982=CARTESIAN_POINT('Ctrl Pts',(-184.000000000017,20.0218846207273,29.2542550391852));
#2983=CARTESIAN_POINT('Ctrl Pts',(-183.5,20.0218846207257,29.2542550391825));
#2984=CARTESIAN_POINT('Ctrl Pts',(-184.,21.2718357425826,29.6288001421311));
#2985=CARTESIAN_POINT('Ctrl Pts',(-183.999999999995,21.2087929248044,29.1325898497522));
#2986=CARTESIAN_POINT('Ctrl Pts',(-183.5,21.2087929248048,29.1325898497529));
#2987=CARTESIAN_POINT('Ctrl Pts',(-184.,22.4776515638102,29.4446918559804));
#2988=CARTESIAN_POINT('Ctrl Pts',(-184.000000000001,22.389485779844,28.9522957235044));
#2989=CARTESIAN_POINT('Ctrl Pts',(-183.5,22.3894857798439,28.9522957235043));
#2990=CARTESIAN_POINT('Ctrl Pts',(-184.,23.676177886398,29.1972768653279));
#2991=CARTESIAN_POINT('Ctrl Pts',(-184.,23.5620528730719,28.7102291339953));
#2992=CARTESIAN_POINT('Ctrl Pts',(-183.5,23.562052873072,28.7102291339953));
#2993=CARTESIAN_POINT('Ctrl Pts',(-184.,25.2392933067589,28.7859153432886));
#2994=CARTESIAN_POINT('Ctrl Pts',(-184.,25.0901383247826,28.3080684041316));
#2995=CARTESIAN_POINT('Ctrl Pts',(-183.5,25.0901383247825,28.3080684041315));
#2996=CARTESIAN_POINT('Ctrl Pts',(-184.,27.1358236552208,28.1156139044605));
#2997=CARTESIAN_POINT('Ctrl Pts',(-184.,26.9425311650037,27.653319131909));
#2998=CARTESIAN_POINT('Ctrl Pts',(-183.5,26.9425311650042,27.6533191319094));
#2999=CARTESIAN_POINT('Ctrl Pts',(-184.,28.9513723290033,27.2325439209019));
#3000=CARTESIAN_POINT('Ctrl Pts',(-184.,28.7152218471121,26.7911047800817));
#3001=CARTESIAN_POINT('Ctrl Pts',(-183.5,28.7152218471108,26.7911047800804));
#3002=CARTESIAN_POINT('Ctrl Pts',(-184.,30.354606911407,26.3940098550118));
#3003=CARTESIAN_POINT('Ctrl Pts',(-184.,30.0859230490726,25.972024938097));
#3004=CARTESIAN_POINT('Ctrl Pts',(-183.5,30.085923049075,25.9720249380992));
#3005=CARTESIAN_POINT('Ctrl Pts',(-184.,31.69537360931,25.4868931251073));
#3006=CARTESIAN_POINT('Ctrl Pts',(-184.,31.3962556104183,25.0855128929423));
#3007=CARTESIAN_POINT('Ctrl Pts',(-183.5,31.3962556104057,25.0855128929302));
#3008=CARTESIAN_POINT('Ctrl Pts',(-184.,33.267495115488,24.2257338195656));
#3009=CARTESIAN_POINT('Ctrl Pts',(-184.,32.934304686276,23.8517941398224));
#3010=CARTESIAN_POINT('Ctrl Pts',(-183.5,32.9343046863778,23.8517941399197));
#3011=CARTESIAN_POINT('Ctrl Pts',(-184.,34.4211737262994,23.0923012400512));
#3012=CARTESIAN_POINT('Ctrl Pts',(-184.,34.0651108433426,22.7409417566187));
#3013=CARTESIAN_POINT('Ctrl Pts',(-183.5,34.0651108431288,22.7409417564143));
#3014=CARTESIAN_POINT('Ctrl Pts',(-184.,34.9740350092969,22.4966372368547));
#3015=CARTESIAN_POINT('Ctrl Pts',(-184.,34.6075599560135,22.156496037761));
#3016=CARTESIAN_POINT('Ctrl Pts',(-183.5,34.6075599560135,22.156496037761));
#3017=CARTESIAN_POINT('',(-183.5,17.7435033193567,29.3250272195694));
#3018=CARTESIAN_POINT('Ctrl Pts',(-183.5,17.7435033193567,29.3250272195694));
#3019=CARTESIAN_POINT('Ctrl Pts',(-183.5,24.5086577285506,29.3702099824223));
#3020=CARTESIAN_POINT('Ctrl Pts',(-183.5,30.1300099407703,26.9806995884853));
#3021=CARTESIAN_POINT('Ctrl Pts',(-183.5,34.6075599560158,22.1564960377585));
#3022=CARTESIAN_POINT('Origin',(-183.499998205663,17.7435045933922,29.8249203824219));
#3023=CARTESIAN_POINT('Origin',(-183.5,17.7435033086149,29.8250272194977));
#3024=CARTESIAN_POINT('',(-183.5,5.,29.3250272194977));
#3025=CARTESIAN_POINT('Origin',(-155.051040496238,-3.5,-8.63554884720245));
#3026=CARTESIAN_POINT('',(-155.051040496238,4.,-10.1355488472024));
#3027=CARTESIAN_POINT('',(-155.051040496238,-3.5,-10.1355488472024));
#3028=CARTESIAN_POINT('Origin',(-155.051040496238,4.,-8.63554884720245));
#3029=CARTESIAN_POINT('Origin',(-155.051040496238,-3.5,5.86445115279755));
#3030=CARTESIAN_POINT('',(-155.051040496238,4.,4.36445115279755));
#3031=CARTESIAN_POINT('',(-155.051040496238,-3.5,4.36445115279755));
#3032=CARTESIAN_POINT('Origin',(-155.051040496238,4.,5.86445115279755));
#3033=CARTESIAN_POINT('Origin',(-141.5,4.5,18.549646217337));
#3034=CARTESIAN_POINT('',(-141.5,4.,25.049646217337));
#3035=CARTESIAN_POINT('Origin',(-141.5,4.5,25.049646217337));
#3036=CARTESIAN_POINT('',(-141.5,4.,18.049646217337));
#3037=CARTESIAN_POINT('',(-141.5,4.,25.049646217337));
#3038=CARTESIAN_POINT('Origin',(-141.5,4.5,18.049646217337));
#3039=CARTESIAN_POINT('Origin',(-158.,4.5,18.049646217337));
#3040=CARTESIAN_POINT('',(-158.5,4.,18.049646217337));
#3041=CARTESIAN_POINT('',(-141.5,4.,18.049646217337));
#3042=CARTESIAN_POINT('Origin',(-158.5,4.5,18.049646217337));
#3043=CARTESIAN_POINT('Origin',(-158.5,4.5,18.549646217337));
#3044=CARTESIAN_POINT('',(-158.5,4.,25.049646217337));
#3045=CARTESIAN_POINT('',(-158.5,4.,18.049646217337));
#3046=CARTESIAN_POINT('Origin',(-158.5,4.5,25.049646217337));
#3047=CARTESIAN_POINT('Origin',(-158.,4.5,25.049646217337));
#3048=CARTESIAN_POINT('',(-158.5,4.,25.049646217337));
#3049=CARTESIAN_POINT('Origin',(-184.,5.,33.3250272194977));
#3050=CARTESIAN_POINT('',(-161.,5.,32.3250272194977));
#3051=CARTESIAN_POINT('',(-183.,5.,32.3250272194977));
#3052=CARTESIAN_POINT('',(-183.,4.,33.3250272194977));
#3053=CARTESIAN_POINT('Origin',(-183.,5.,33.3250272194977));
#3054=CARTESIAN_POINT('',(-161.,4.,33.3250272194977));
#3055=CARTESIAN_POINT('',(-183.,4.,33.3250272194977));
#3056=CARTESIAN_POINT('Origin',(-161.,5.,33.3250272194977));
#3057=CARTESIAN_POINT('Origin',(-155.051040496238,5.,-27.1299478736219));
#3058=CARTESIAN_POINT('',(-183.,4.,-27.1299478736219));
#3059=CARTESIAN_POINT('',(-161.,4.,-27.1299478736219));
#3060=CARTESIAN_POINT('',(-183.,4.,-27.1299478736219));
#3061=CARTESIAN_POINT('Origin',(-183.,5.,-27.1299478736219));
#3062=CARTESIAN_POINT('',(-161.,5.,-26.1299478736219));
#3063=CARTESIAN_POINT('',(-183.,5.,-26.1299478736219));
#3064=CARTESIAN_POINT('Origin',(-161.,5.,-27.1299478736219));
#3065=CARTESIAN_POINT('Origin',(-183.,5.,-25.1299478736219));
#3066=CARTESIAN_POINT('',(-185.,4.,-25.1299478736219));
#3067=CARTESIAN_POINT('Origin',(-183.,4.,-25.1299478736219));
#3068=CARTESIAN_POINT('Origin',(-185.,5.,-25.1299478736219));
#3069=CARTESIAN_POINT('Origin',(-185.,5.,0.));
#3070=CARTESIAN_POINT('',(-185.,4.,-7.63340415470384));
#3071=CARTESIAN_POINT('Origin',(-155.051040496238,5.,-7.63340415470384));
#3072=CARTESIAN_POINT('',(-175.,4.,-7.63340415470384));
#3073=CARTESIAN_POINT('',(-175.,4.,-7.63340415470384));
#3074=CARTESIAN_POINT('',(-174.646446609407,4.29289321881345,-8.34051093589039));
#3075=CARTESIAN_POINT('Origin',(-175.,5.,-7.63340415470384));
#3076=CARTESIAN_POINT('',(-174.646446609407,4.29289321881345,-8.34051093589039));
#3077=CARTESIAN_POINT('Origin',(-174.,5.,28.3250272194977));
#3078=CARTESIAN_POINT('',(-174.5,5.,29.3250272194977));
#3079=CARTESIAN_POINT('',(-174.5,5.,29.3250272194977));
#3080=CARTESIAN_POINT('',(-175.,4.,28.3250272194977));
#3081=CARTESIAN_POINT('Origin',(-175.,5.,28.3250272194977));
#3082=CARTESIAN_POINT('',(-175.,4.,28.3250272194977));
#3083=CARTESIAN_POINT('Origin',(-185.,5.,0.));
#3084=CARTESIAN_POINT('',(-185.,4.,31.3250272194977));
#3085=CARTESIAN_POINT('',(-185.,4.,31.3250272194977));
#3086=CARTESIAN_POINT('Origin',(-185.,5.,31.3250272194977));
#3087=CARTESIAN_POINT('Origin',(-183.,5.,31.3250272194977));
#3088=CARTESIAN_POINT('Origin',(-183.,4.,31.3250272194977));
#3089=CARTESIAN_POINT('Origin',(-155.051040496238,3.5,0.));
#3090=CARTESIAN_POINT('',(-155.051040496238,4.,-48.));
#3091=CARTESIAN_POINT('Origin',(-155.051040496238,4.,0.));
#3092=CARTESIAN_POINT('Origin',(-155.051040496238,3.5,-48.));
#3093=CARTESIAN_POINT('Origin',(-184.,18.5329466544466,32.3250272194977));
#3094=CARTESIAN_POINT('',(-161.,18.5329466544466,32.3250272194977));
#3095=CARTESIAN_POINT('',(-183.,18.5329466544466,32.3250272194977));
#3096=CARTESIAN_POINT('',(-161.,18.5329466544466,32.3250272194977));
#3097=CARTESIAN_POINT('Origin',(-184.,18.5329466544468,7.82502721949771));
#3098=CARTESIAN_POINT('',(-161.,35.8570627935172,25.1491433585681));
#3099=CARTESIAN_POINT('',(-183.,35.8570627935172,25.1491433585681));
#3100=CARTESIAN_POINT('Origin',(-161.,18.5329466544468,7.82502721949771));
#3101=CARTESIAN_POINT('Origin',(-184.,57.6005963150035,3.40560983708177));
#3102=CARTESIAN_POINT('',(-161.,57.6005963150035,3.40560983708177));
#3103=CARTESIAN_POINT('',(-183.,57.6005963150035,3.40560983708177));
#3104=CARTESIAN_POINT('',(-161.,57.6005963150035,3.40560983708177));
#3105=CARTESIAN_POINT('Origin',(-184.,40.2764801759331,-13.9185063019886));
#3106=CARTESIAN_POINT('',(-161.,23.3725918535302,-31.6528954818766));
#3107=CARTESIAN_POINT('',(-183.,23.3725918535302,-31.6528954818766));
#3108=CARTESIAN_POINT('Origin',(-161.,40.2764801759331,-13.9185063019886));
#3109=CARTESIAN_POINT('Origin',(-184.,9.57349934544614,-46.1299478736219));
#3110=CARTESIAN_POINT('',(-161.,9.57349934544615,-26.1299478736219));
#3111=CARTESIAN_POINT('',(-161.,9.57349934544615,-26.1299478736219));
#3112=CARTESIAN_POINT('Origin',(-161.,9.57349934544614,-46.1299478736219));
#3113=CARTESIAN_POINT('Origin',(-184.,4.,-26.1299478736219));
#3114=CARTESIAN_POINT('',(-161.,5.,-26.1299478736219));
#3115=CARTESIAN_POINT('Origin',(-161.,5.,-25.1299478736219));
#3116=CARTESIAN_POINT('',(-160.,5.,-25.1299478736219));
#3117=CARTESIAN_POINT('',(-159.,4.,-25.1299478736219));
#3118=CARTESIAN_POINT('Origin',(-159.,5.,-25.1299478736219));
#3119=CARTESIAN_POINT('Origin',(-161.,4.,-25.1299478736219));
#3120=CARTESIAN_POINT('Origin',(-161.,5.,-25.1299478736219));
#3121=CARTESIAN_POINT('Origin',(-161.,5.,31.3250272194977));
#3122=CARTESIAN_POINT('',(-159.,4.,31.3250272194977));
#3123=CARTESIAN_POINT('Origin',(-161.,4.,31.3250272194977));
#3124=CARTESIAN_POINT('',(-160.,5.,31.3250272194977));
#3125=CARTESIAN_POINT('Origin',(-159.,5.,31.3250272194977));
#3126=CARTESIAN_POINT('Origin',(-161.,5.,31.3250272194977));
#3127=CARTESIAN_POINT('Origin',(-166.5,19.7119049833897,13.8626411983268));
#3128=CARTESIAN_POINT('',(-166.5,19.7119049833897,12.5626411983268));
#3129=CARTESIAN_POINT('Origin',(-166.5,19.7119049833897,13.8626411983268));
#3130=CARTESIAN_POINT('Origin',(-166.5,12.6408371715242,6.79157338646135));
#3131=CARTESIAN_POINT('',(-166.5,12.6408371715242,5.49157338646136));
#3132=CARTESIAN_POINT('Origin',(-166.5,12.6408371715242,6.79157338646135));
#3133=CARTESIAN_POINT('Origin',(-166.5,46.4636645113154,-27.1767584492364));
#3134=CARTESIAN_POINT('',(-166.5,46.4636645113154,-28.4767584492364));
#3135=CARTESIAN_POINT('Origin',(-166.5,46.4636645113154,-27.1767584492364));
#3136=CARTESIAN_POINT('Origin',(-166.5,53.653030480344,-20.0784842986274));
#3137=CARTESIAN_POINT('',(-166.5,53.653030480344,-21.3784842986274));
#3138=CARTESIAN_POINT('Origin',(-166.5,53.653030480344,-20.0784842986274));
#3139=CARTESIAN_POINT('Origin',(-174.,10.4170374714081,-14.464655188485));
#3140=CARTESIAN_POINT('',(-174.5,4.64644660940672,-8.69406432648366));
#3141=CARTESIAN_POINT('Origin',(-175.,4.64644660940672,-8.69406432648366));
#3142=CARTESIAN_POINT('',(-174.5,25.0736843804224,-29.1213020974994));
#3143=CARTESIAN_POINT('',(-174.5,25.0736843804224,-29.1213020974994));
#3144=CARTESIAN_POINT('',(-174.5,25.0736843804224,-29.1213020974994));
#3145=CARTESIAN_POINT('Origin',(-174.,40.2764801759331,-13.9185063019886));
#3146=CARTESIAN_POINT('',(-174.5,55.4792759714439,1.28428949352212));
#3147=CARTESIAN_POINT('Origin',(-174.5,40.2764801759331,-13.9185063019886));
#3148=CARTESIAN_POINT('',(-174.5,55.4792759714439,1.28428949352212));
#3149=CARTESIAN_POINT('Origin',(-174.,55.4792759714439,1.28428949352212));
#3150=CARTESIAN_POINT('',(-174.5,34.6204816186919,22.1430838462741));
#3151=CARTESIAN_POINT('',(-174.5,34.6204816186919,22.1430838462741));
#3152=CARTESIAN_POINT('',(-174.5,34.6204816186919,22.1430838462741));
#3153=CARTESIAN_POINT('Origin',(-183.5,34.9740350092852,22.4966372368674));
#3154=CARTESIAN_POINT('',(-174.5,34.607559956002,22.1564960377734));
#3155=CARTESIAN_POINT('Origin',(-174.5,34.9740350092852,22.4966372368674));
#3156=CARTESIAN_POINT('',(-174.5,34.607559956002,22.1564960377734));
#3157=CARTESIAN_POINT('Ctrl Pts',(-174.5,17.7435033086149,29.3250272194977));
#3158=CARTESIAN_POINT('Ctrl Pts',(-185.3,17.7435033086149,29.3250272194977));
#3159=CARTESIAN_POINT('Ctrl Pts',(-174.5,24.5086577226002,29.3702099849517));
#3160=CARTESIAN_POINT('Ctrl Pts',(-185.3,24.5086577226002,29.3702099849517));
#3161=CARTESIAN_POINT('Ctrl Pts',(-174.5,30.1300099384005,26.9806995910386));
#3162=CARTESIAN_POINT('Ctrl Pts',(-185.3,30.1300099384005,26.9806995910386));
#3163=CARTESIAN_POINT('Ctrl Pts',(-174.5,34.6075599560158,22.1564960377585));
#3164=CARTESIAN_POINT('Ctrl Pts',(-185.3,34.6075599560158,22.1564960377585));
#3165=CARTESIAN_POINT('',(-174.5,17.7435033190167,29.3250272195672));
#3166=CARTESIAN_POINT('Ctrl Pts',(-174.5,34.607559956002,22.1564960377734));
#3167=CARTESIAN_POINT('Ctrl Pts',(-174.5,34.0689085997605,22.7368499760951));
#3168=CARTESIAN_POINT('Ctrl Pts',(-174.5,32.9439668264253,23.8427619839175));
#3169=CARTESIAN_POINT('Ctrl Pts',(-174.5,31.4091159529413,25.0761950852314));
#3170=CARTESIAN_POINT('Ctrl Pts',(-174.5,30.0956857623809,25.9656167174326));
#3171=CARTESIAN_POINT('Ctrl Pts',(-174.5,28.7477391680364,26.7726721963257));
#3172=CARTESIAN_POINT('Ctrl Pts',(-174.5,26.9926391473798,27.631795740758));
#3173=CARTESIAN_POINT('Ctrl Pts',(-174.5,25.1462857474922,28.2906994864989));
#3174=CARTESIAN_POINT('Ctrl Pts',(-174.5,23.6130309930296,28.6981444619913));
#3175=CARTESIAN_POINT('Ctrl Pts',(-174.5,22.0702249361186,29.0205828201496));
#3176=CARTESIAN_POINT('Ctrl Pts',(-174.5,20.1192693215531,29.2740955035052));
#3177=CARTESIAN_POINT('Ctrl Pts',(-174.5,18.5351522145794,29.3303144435064));
#3178=CARTESIAN_POINT('Ctrl Pts',(-174.5,17.7435033190167,29.3250272195672));
#3179=CARTESIAN_POINT('',(-174.5,17.7435033086149,29.3250272194977));
#3180=CARTESIAN_POINT('Origin',(-174.,17.7435033086149,29.3250272194977));
#3181=CARTESIAN_POINT('',(-174.5,5.,29.3250272194977));
#3182=CARTESIAN_POINT('Ctrl Pts',(-174.292829764562,4.29295668023331,-7.986953733158));
#3183=CARTESIAN_POINT('Ctrl Pts',(-174.410682890724,4.17505869721982,-8.22272126398214));
#3184=CARTESIAN_POINT('Ctrl Pts',(-174.646450421548,4.29295668023438,-8.34057439014265));
#3185=CARTESIAN_POINT('Ctrl Pts',(-174.385399043486,4.20037061626967,-7.94067343552863));
#3186=CARTESIAN_POINT('Ctrl Pts',(-174.504319563983,4.11099042485531,-8.12908459072871));
#3187=CARTESIAN_POINT('Ctrl Pts',(-174.692730719179,4.20037061627303,-8.24800511122143));
#3188=CARTESIAN_POINT('Ctrl Pts',(-174.607320860507,4.05208244220982,-7.82972324282184));
#3189=CARTESIAN_POINT('Ctrl Pts',(-174.697874173933,4.02679706119699,-7.93552998076868));
#3190=CARTESIAN_POINT('Ctrl Pts',(-174.803680911882,4.05208244220882,-8.02608329419562));
#3191=CARTESIAN_POINT('Ctrl Pts',(-174.869095660938,4.,-7.6988494873993));
#3192=CARTESIAN_POINT('Ctrl Pts',(-174.901825196844,4.,-7.7315789578605));
#3193=CARTESIAN_POINT('Ctrl Pts',(-174.934554667305,4.,-7.76430849376691));
#3194=CARTESIAN_POINT('Ctrl Pts',(-175.,4.,-7.63340415470384));
#3195=CARTESIAN_POINT('Ctrl Pts',(-175.,4.,-7.63340415470384));
#3196=CARTESIAN_POINT('Ctrl Pts',(-175.,4.,-7.63340415470384));
#3197=CARTESIAN_POINT('',(-174.292893218813,4.29289321881347,-7.98695754529712));
#3198=CARTESIAN_POINT('Origin',(-175.,5.,-7.63340415470384));
#3199=CARTESIAN_POINT('Origin',(-174.646446609407,4.64644660940673,-7.98695754529712));
#3200=CARTESIAN_POINT('Ctrl Pts',(-174.000000388811,5.00086302978012,-8.34091970150978));
#3201=CARTESIAN_POINT('Ctrl Pts',(-173.999678797179,4.64689638707507,-8.69488660169254));
#3202=CARTESIAN_POINT('Ctrl Pts',(-174.50026334474,4.64687047862184,-8.69448809776217));
#3203=CARTESIAN_POINT('Ctrl Pts',(-173.999875733441,4.86250651896102,-8.27174255762638));
#3204=CARTESIAN_POINT('Ctrl Pts',(-174.046278660321,4.54796176931644,-8.59589987298241));
#3205=CARTESIAN_POINT('Ctrl Pts',(-174.500189219869,4.57770916063816,-8.62532678935183));
#3206=CARTESIAN_POINT('Ctrl Pts',(-174.059638772312,4.58651188851085,-8.13374789645606));
#3207=CARTESIAN_POINT('Ctrl Pts',(-174.167820426583,4.36409264646466,-8.41194160366685));
#3208=CARTESIAN_POINT('Ctrl Pts',(-174.530038979373,4.43974242080999,-8.48736006862226));
#3209=CARTESIAN_POINT('Ctrl Pts',(-174.209860336364,4.37580384027247,-8.02839630719941));
#3210=CARTESIAN_POINT('Ctrl Pts',(-174.330822559236,4.22665283465407,-8.27444366593756));
#3211=CARTESIAN_POINT('Ctrl Pts',(-174.605106459415,4.33441267364057,-8.38203033603503));
#3212=CARTESIAN_POINT('Ctrl Pts',(-174.293398863849,4.29238794541849,-7.98668944078862));
#3213=CARTESIAN_POINT('Ctrl Pts',(-174.411270027955,4.17467487112106,-8.22244437891549));
#3214=CARTESIAN_POINT('Ctrl Pts',(-174.646854295646,4.29271351116081,-8.34033117932839));
#3215=CARTESIAN_POINT('Origin',(-175.,5.,-8.34051093589039));
#3216=CARTESIAN_POINT('Origin',(-174.5,5.,-8.34051093589039));
#3217=CARTESIAN_POINT('Ctrl Pts',(-174.500216628156,5.0049608819619,29.3250148280167));
#3218=CARTESIAN_POINT('Ctrl Pts',(-173.996507938085,5.00746140296879,29.3252140151323));
#3219=CARTESIAN_POINT('Ctrl Pts',(-174.000024537419,5.00494448124849,28.8215176465973));
#3220=CARTESIAN_POINT('Ctrl Pts',(-174.500049705883,4.93787184909666,29.3253488147898));
#3221=CARTESIAN_POINT('Ctrl Pts',(-173.99582394647,4.90652324918932,29.3258957657851));
#3222=CARTESIAN_POINT('Ctrl Pts',(-173.999692833955,4.9380773908602,28.8216823254191));
#3223=CARTESIAN_POINT('Ctrl Pts',(-174.506410404974,4.80528342750529,29.3126219982848));
#3224=CARTESIAN_POINT('Ctrl Pts',(-174.021588023767,4.71087336870072,29.3002160684666));
#3225=CARTESIAN_POINT('Ctrl Pts',(-174.012333511347,4.80591061881547,28.815406715625));
#3226=CARTESIAN_POINT('Ctrl Pts',(-174.5352647029,4.61491318225305,29.254889788547));
#3227=CARTESIAN_POINT('Ctrl Pts',(-174.124591984551,4.4671349665073,29.1975564485717));
#3228=CARTESIAN_POINT('Ctrl Pts',(-174.069745859379,4.61594845980193,28.7868955847455));
#3229=CARTESIAN_POINT('Ctrl Pts',(-174.581742848057,4.44092889036897,29.1618967508244));
#3230=CARTESIAN_POINT('Ctrl Pts',(-174.259506983593,4.2909473464579,29.0631019869146));
#3231=CARTESIAN_POINT('Ctrl Pts',(-174.162397647106,4.4420551801674,28.7408736138712));
#3232=CARTESIAN_POINT('Ctrl Pts',(-174.66512209308,4.23750541186553,28.9950725055744));
#3233=CARTESIAN_POINT('Ctrl Pts',(-174.450170444936,4.13331423767944,28.873092645904));
#3234=CARTESIAN_POINT('Ctrl Pts',(-174.328955893919,4.23836478530633,28.6581394709648));
#3235=CARTESIAN_POINT('Ctrl Pts',(-174.803732029061,4.0520697183219,28.7177382679502));
#3236=CARTESIAN_POINT('Ctrl Pts',(-174.697339540881,4.0267235338918,28.6267468948756));
#3237=CARTESIAN_POINT('Ctrl Pts',(-174.606467710558,4.05229966860859,28.5203342246356));
#3238=CARTESIAN_POINT('Ctrl Pts',(-174.934569591041,4.,28.4559464823257));
#3239=CARTESIAN_POINT('Ctrl Pts',(-174.901672558703,4.,28.4230493841791));
#3240=CARTESIAN_POINT('Ctrl Pts',(-174.868775460251,4.,28.3901523521485));
#3241=CARTESIAN_POINT('Ctrl Pts',(-175.,4.,28.3250272194977));
#3242=CARTESIAN_POINT('Ctrl Pts',(-175.,4.,28.3250272194977));
#3243=CARTESIAN_POINT('Ctrl Pts',(-175.,4.,28.3250272194977));
#3244=CARTESIAN_POINT('Origin',(-175.,5.,28.3250272194977));
#3245=CARTESIAN_POINT('Origin',(-174.5,5.,28.8250272194977));
#3246=CARTESIAN_POINT('Origin',(-155.051040496238,4.,0.));
#3247=CARTESIAN_POINT('',(-175.,4.,-7.63340415470384));
#3248=CARTESIAN_POINT('',(-159.,4.,31.3250272194977));
#3249=CARTESIAN_POINT('Origin',(-161.,40.2764801759331,31.3250272194977));
#3250=CARTESIAN_POINT('',(-160.,18.5329466544466,31.3250272194977));
#3251=CARTESIAN_POINT('Origin',(-161.,18.5329466544466,31.3250272194977));
#3252=CARTESIAN_POINT('',(-160.,18.5329466544466,31.3250272194977));
#3253=CARTESIAN_POINT('Origin',(-161.,18.5329466544468,7.82502721949771));
#3254=CARTESIAN_POINT('',(-160.,35.1499560123306,24.4420365773816));
#3255=CARTESIAN_POINT('Origin',(-160.,18.5329466544468,7.82502721949771));
#3256=CARTESIAN_POINT('Origin',(-161.,35.1499560123306,24.4420365773816));
#3257=CARTESIAN_POINT('Origin',(-161.,56.893489533817,2.69850305589522));
#3258=CARTESIAN_POINT('',(-160.,56.893489533817,2.69850305589522));
#3259=CARTESIAN_POINT('',(-160.,56.893489533817,2.69850305589522));
#3260=CARTESIAN_POINT('Origin',(-161.,56.893489533817,2.69850305589522));
#3261=CARTESIAN_POINT('Origin',(-161.,40.2764801759331,-13.9185063019886));
#3262=CARTESIAN_POINT('',(-160.,24.0625464789344,-30.9290428622893));
#3263=CARTESIAN_POINT('Origin',(-160.,40.2764801759331,-13.9185063019886));
#3264=CARTESIAN_POINT('Origin',(-161.,24.0625464789344,-30.9290428622893));
#3265=CARTESIAN_POINT('Origin',(-161.,9.57349934544614,-46.1299478736219));
#3266=CARTESIAN_POINT('',(-160.,9.57349934544615,-25.1299478736219));
#3267=CARTESIAN_POINT('Origin',(-160.,9.57349934544614,-46.1299478736219));
#3268=CARTESIAN_POINT('Origin',(-161.,9.57349934544615,-25.1299478736219));
#3269=CARTESIAN_POINT('Origin',(-161.,40.2764801759331,-25.1299478736219));
#3270=CARTESIAN_POINT('',(-160.,5.,-25.1299478736219));
#3271=CARTESIAN_POINT('Origin',(-159.,5.,-13.9185063019886));
#3272=CARTESIAN_POINT('',(-160.,5.,31.3250272194977));
#3273=CARTESIAN_POINT('Origin',(-166.5,19.7119049833897,13.8626411983268));
#3274=CARTESIAN_POINT('',(-166.5,19.7119049833897,12.5626411983268));
#3275=CARTESIAN_POINT('Origin',(-166.5,12.6408371715242,6.79157338646135));
#3276=CARTESIAN_POINT('',(-166.5,12.6408371715242,5.49157338646136));
#3277=CARTESIAN_POINT('Origin',(-166.5,46.4636645113154,-27.1767584492364));
#3278=CARTESIAN_POINT('',(-166.5,46.4636645113154,-28.4767584492364));
#3279=CARTESIAN_POINT('Origin',(-166.5,53.653030480344,-20.0784842986274));
#3280=CARTESIAN_POINT('',(-166.5,53.653030480344,-21.3784842986274));
#3281=CARTESIAN_POINT('Origin',(-174.5,25.4272377710156,-28.7677487069061));
#3282=CARTESIAN_POINT('Origin',(-174.5,25.4272377710156,-28.7677487069061));
#3283=CARTESIAN_POINT('Origin',(-174.5,40.2764801759331,-13.9185063019886));
#3284=CARTESIAN_POINT('Origin',(-174.5,55.1257225808506,0.930736102928846));
#3285=CARTESIAN_POINT('Origin',(-174.5,55.1257225808506,0.930736102928847));
#3286=CARTESIAN_POINT('Origin',(-174.5,34.2669282280986,21.7895304556808));
#3287=CARTESIAN_POINT('Origin',(-174.5,34.9740350092852,22.4966372368674));
#3288=CARTESIAN_POINT('Origin',(-174.5,34.2410849027188,21.8163548386794));
#3289=CARTESIAN_POINT('Ctrl Pts',(-174.5,34.607559956002,22.1564960377734));
#3290=CARTESIAN_POINT('Ctrl Pts',(-174.,34.607559956002,22.1564960377734));
#3291=CARTESIAN_POINT('Ctrl Pts',(-174.,34.2410849027188,21.8163548386794));
#3292=CARTESIAN_POINT('Ctrl Pts',(-174.5,34.0671399213692,22.7387555862046));
#3293=CARTESIAN_POINT('Ctrl Pts',(-174.000000000642,34.0671399217908,22.7387555865577));
#3294=CARTESIAN_POINT('Ctrl Pts',(-174.,33.7110380910695,22.3874380660026));
#3295=CARTESIAN_POINT('Ctrl Pts',(-174.5,32.9372040981874,23.8493710599247));
#3296=CARTESIAN_POINT('Ctrl Pts',(-173.999999999694,32.9372040979868,23.8493710597566));
#3297=CARTESIAN_POINT('Ctrl Pts',(-174.,32.6039498668059,23.4754858024623));
#3298=CARTESIAN_POINT('Ctrl Pts',(-174.5,31.3915546828756,25.0897477965908));
#3299=CARTESIAN_POINT('Ctrl Pts',(-174.000000000038,31.3915546829004,25.0897477966116));
#3300=CARTESIAN_POINT('Ctrl Pts',(-174.,31.0925375157337,24.6882750119754));
#3301=CARTESIAN_POINT('Ctrl Pts',(-174.5,30.0671959871547,25.9839448922688));
#3302=CARTESIAN_POINT('Ctrl Pts',(-173.999999999993,30.0671959871501,25.983944892265));
#3303=CARTESIAN_POINT('Ctrl Pts',(-174.,29.7989524449379,25.561679458054));
#3304=CARTESIAN_POINT('Ctrl Pts',(-174.5,28.7073254990433,26.7947868491227));
#3305=CARTESIAN_POINT('Ctrl Pts',(-174.000000000004,28.7073254990459,26.7947868491249));
#3306=CARTESIAN_POINT('Ctrl Pts',(-174.,28.4713674608604,26.3532574639735));
#3307=CARTESIAN_POINT('Ctrl Pts',(-174.5,26.9354856252411,27.6566042035381));
#3308=CARTESIAN_POINT('Ctrl Pts',(-173.999999999999,26.9354856252402,27.6566042035374));
#3309=CARTESIAN_POINT('Ctrl Pts',(-174.,26.7423620992471,27.1942304960979));
#3310=CARTESIAN_POINT('Ctrl Pts',(-174.5,25.0708983707413,28.3147201511877));
#3311=CARTESIAN_POINT('Ctrl Pts',(-174.,25.0708983707414,28.3147201511878));
#3312=CARTESIAN_POINT('Ctrl Pts',(-174.,24.9222025848845,27.836715731646));
#3313=CARTESIAN_POINT('Ctrl Pts',(-174.5,23.5250959674085,28.7189128863515));
#3314=CARTESIAN_POINT('Ctrl Pts',(-174.,23.5250959674085,28.7189128863515));
#3315=CARTESIAN_POINT('Ctrl Pts',(-174.,23.4118048987891,28.2316697081982));
#3316=CARTESIAN_POINT('Ctrl Pts',(-174.5,22.3602487302174,28.9573195828976));
#3317=CARTESIAN_POINT('Ctrl Pts',(-174.,22.3602487302174,28.9573195828976));
#3318=CARTESIAN_POINT('Ctrl Pts',(-174.,22.2727150168833,28.4648155536581));
#3319=CARTESIAN_POINT('Ctrl Pts',(-174.5,21.1866492705898,29.1352817966457));
#3320=CARTESIAN_POINT('Ctrl Pts',(-174.,21.1866492705898,29.1352817966457));
#3321=CARTESIAN_POINT('Ctrl Pts',(-174.,21.1240610673279,28.6390162247426));
#3322=CARTESIAN_POINT('Ctrl Pts',(-174.5,20.0064492838741,29.2553939778214));
#3323=CARTESIAN_POINT('Ctrl Pts',(-174.,20.006449283874,29.2553939778214));
#3324=CARTESIAN_POINT('Ctrl Pts',(-174.,19.9675720666863,28.7567128114266));
#3325=CARTESIAN_POINT('Ctrl Pts',(-174.5,19.0156242069574,29.3092733305388));
#3326=CARTESIAN_POINT('Ctrl Pts',(-174.,19.0156242069573,29.3092733305388));
#3327=CARTESIAN_POINT('Ctrl Pts',(-174.,18.9962470677197,28.8095738667857));
#3328=CARTESIAN_POINT('Ctrl Pts',(-174.5,18.223370735778,29.3265320813762));
#3329=CARTESIAN_POINT('Ctrl Pts',(-174.,18.223370735778,29.3265320813763));
#3330=CARTESIAN_POINT('Ctrl Pts',(-174.,18.2175330721194,28.826511377632));
#3331=CARTESIAN_POINT('Ctrl Pts',(-174.5,17.8250158788512,29.3255716214606));
#3332=CARTESIAN_POINT('Ctrl Pts',(-174.,17.8250158788511,29.3255716214605));
#3333=CARTESIAN_POINT('Ctrl Pts',(-174.,17.8283551786675,28.8255827725081));
#3334=CARTESIAN_POINT('Ctrl Pts',(-174.5,17.6304082166738,29.3242718858127));
#3335=CARTESIAN_POINT('Ctrl Pts',(-174.,17.6304082166738,29.3242718858127));
#3336=CARTESIAN_POINT('Ctrl Pts',(-174.,17.63374751649,28.8242830368603));
#3337=CARTESIAN_POINT('Origin',(-174.499999299255,17.7451733926624,28.8249247354034));
#3338=CARTESIAN_POINT('Origin',(-174.5,40.2764801759331,28.8250272194977));
#3339=CARTESIAN_POINT('Origin',(-175.,5.,-13.9185063019886));
#3340=CARTESIAN_POINT('Origin',(-160.,40.2764801759331,-13.9185063019886));
#3341=CARTESIAN_POINT('',(-160.,14.0627222403565,-16.0906336772226));
#3342=CARTESIAN_POINT('',(-160.,42.4486075511671,12.295251633588));
#3343=CARTESIAN_POINT('Origin',(-160.,28.2556648957618,-1.89769102181732));
#3344=CARTESIAN_POINT('',(-160.,54.4694228313384,0.274436353416678));
#3345=CARTESIAN_POINT('',(-160.,42.4486075511671,12.295251633588));
#3346=CARTESIAN_POINT('',(-160.,26.0835375205278,-28.1114489573939));
#3347=CARTESIAN_POINT('Origin',(-160.,40.2764801759331,-13.9185063019886));
#3348=CARTESIAN_POINT('',(-160.,26.0835375205278,-28.1114489573939));
#3349=CARTESIAN_POINT('Origin',(-159.,53.459569691233,-0.735416786688745));
#3350=CARTESIAN_POINT('',(-159.,53.459569691233,-0.735416786688725));
#3351=CARTESIAN_POINT('',(-160.,54.4694228313384,0.27443635341668));
#3352=CARTESIAN_POINT('',(-159.,41.4387544110617,11.2853984934826));
#3353=CARTESIAN_POINT('',(-159.,41.4387544110617,11.2853984934826));
#3354=CARTESIAN_POINT('',(-159.,53.459569691233,-0.735416786688729));
#3355=CARTESIAN_POINT('Origin',(-159.,40.2764801759331,-13.9185063019886));
#3356=CARTESIAN_POINT('',(-159.,27.0933906606332,-27.1015958172885));
#3357=CARTESIAN_POINT('Origin',(-159.,40.2764801759331,-13.9185063019886));
#3358=CARTESIAN_POINT('',(-160.,26.0835375205278,-28.1114489573939));
#3359=CARTESIAN_POINT('Origin',(-159.,27.0933906606332,-27.1015958172885));
#3360=CARTESIAN_POINT('',(-159.,15.0725753804619,-15.0807805371172));
#3361=CARTESIAN_POINT('',(-159.,15.0725753804619,-15.0807805371172));
#3362=CARTESIAN_POINT('',(-159.,15.0725753804619,-15.0807805371172));
#3363=CARTESIAN_POINT('Origin',(-159.,28.2556648957618,-1.89769102181732));
#3364=CARTESIAN_POINT('Origin',(-159.,28.2556648957618,-1.89769102181732));
#3365=CARTESIAN_POINT('Origin',(-196.,40.0997034806365,-28.5909720116095));
#3366=CARTESIAN_POINT('',(-162.,40.0997034806365,-28.5909720116095));
#3367=CARTESIAN_POINT('',(-174.,40.0997034806365,-28.5909720116095));
#3368=CARTESIAN_POINT('',(-162.,54.948945885554,-13.741729606692));
#3369=CARTESIAN_POINT('',(-162.,54.948945885554,-13.741729606692));
#3370=CARTESIAN_POINT('',(-174.,54.948945885554,-13.741729606692));
#3371=CARTESIAN_POINT('Origin',(-196.,54.948945885554,-13.741729606692));
#3372=CARTESIAN_POINT('',(-162.,25.9575678569055,15.2496484219565));
#3373=CARTESIAN_POINT('Origin',(-196.,11.108325451988,0.400406017038955));
#3374=CARTESIAN_POINT('',(-162.,40.0997034806365,-28.5909720116095));
#3375=CARTESIAN_POINT('Origin',(-159.,40.2764801759331,-13.9185063019886));
#3376=CARTESIAN_POINT('Origin',(-162.,0.,0.));
#3377=UNCERTAINTY_MEASURE_WITH_UNIT(LENGTH_MEASURE(0.01),#3381,
'DISTANCE_ACCURACY_VALUE',
'Maximum model space distance between geometric entities at asserted c
onnectivities');
#3378=UNCERTAINTY_MEASURE_WITH_UNIT(LENGTH_MEASURE(0.01),#3381,
'DISTANCE_ACCURACY_VALUE',
'Maximum model space distance between geometric entities at asserted c
onnectivities');
#3379=(
GEOMETRIC_REPRESENTATION_CONTEXT(3)
GLOBAL_UNCERTAINTY_ASSIGNED_CONTEXT((#3377))
GLOBAL_UNIT_ASSIGNED_CONTEXT((#3381,#3383,#3384))
REPRESENTATION_CONTEXT('','3D')
);
#3380=(
GEOMETRIC_REPRESENTATION_CONTEXT(3)
GLOBAL_UNCERTAINTY_ASSIGNED_CONTEXT((#3378))
GLOBAL_UNIT_ASSIGNED_CONTEXT((#3381,#3383,#3384))
REPRESENTATION_CONTEXT('','3D')
);
#3381=(
LENGTH_UNIT()
NAMED_UNIT(*)
SI_UNIT(.MILLI.,.METRE.)
);
#3382=(
LENGTH_UNIT()
NAMED_UNIT(*)
SI_UNIT($,.METRE.)
);
#3383=(
NAMED_UNIT(*)
PLANE_ANGLE_UNIT()
SI_UNIT($,.RADIAN.)
);
#3384=(
NAMED_UNIT(*)
SI_UNIT($,.STERADIAN.)
SOLID_ANGLE_UNIT()
);
#3385=SHAPE_DEFINITION_REPRESENTATION(#3386,#3387);
#3386=PRODUCT_DEFINITION_SHAPE('',$,#3389);
#3387=SHAPE_REPRESENTATION('',(#1735),#3379);
#3388=PRODUCT_DEFINITION_CONTEXT('part definition',#3393,'design');
#3389=PRODUCT_DEFINITION('2026-09-14-20-46-23-788','link_1',#3390,#3388);
#3390=PRODUCT_DEFINITION_FORMATION('',$,#3395);
#3391=PRODUCT_RELATED_PRODUCT_CATEGORY('link_1','link_1',(#3395));
#3392=APPLICATION_PROTOCOL_DEFINITION('international standard',
'automotive_design',2009,#3393);
#3393=APPLICATION_CONTEXT(
'Core Data for Automotive Mechanical Design Process');
#3394=PRODUCT_CONTEXT('part definition',#3393,'mechanical');
#3395=PRODUCT('2026-09-14-20-46-23-788','link_1',$,(#3394));
#3396=PRESENTATION_STYLE_ASSIGNMENT((#3398));
#3397=PRESENTATION_STYLE_ASSIGNMENT((#3399));
#3398=SURFACE_STYLE_USAGE(.BOTH.,#3400);
#3399=SURFACE_STYLE_USAGE(.BOTH.,#3401);
#3400=SURFACE_SIDE_STYLE('',(#3402));
#3401=SURFACE_SIDE_STYLE('',(#3403));
#3402=SURFACE_STYLE_FILL_AREA(#3404);
#3403=SURFACE_STYLE_FILL_AREA(#3405);
#3404=FILL_AREA_STYLE('Steel - Satin',(#3406));
#3405=FILL_AREA_STYLE('Aluminum - Anodized Rough (Blue)',(#3407));
#3406=FILL_AREA_STYLE_COLOUR('Steel - Satin',#3408);
#3407=FILL_AREA_STYLE_COLOUR('Aluminum - Anodized Rough (Blue)',#3409);
#3408=COLOUR_RGB('Steel - Satin',0.627450980392157,0.627450980392157,0.627450980392157);
#3409=COLOUR_RGB('Aluminum - Anodized Rough (Blue)',0.349019607843137,0.584313725490196,
0.854901960784314);
ENDSEC;
END-ISO-10303-21;
