ISO-10303-21;
HEADER;
/* Generated by software containing ST-Developer
 * from STEP Tools, Inc. (www.steptools.com) 
 */

FILE_DESCRIPTION(
/* description */ (''),
/* implementation_level */ '2;1');

FILE_NAME(
/* name */ 'link_3.step',
/* time_stamp */ '2026-09-21T22:46:25+05:30',
/* author */ (''),
/* organization */ (''),
/* preprocessor_version */ 'ST-DEVELOPER v20.2',
/* originating_system */ 'Autodesk Translation Framework v15.15.0.0',
/* authorisation */ '');

FILE_SCHEMA (('AUTOMOTIVE_DESIGN { 1 0 10303 214 3 1 1 }'));
ENDSEC;

DATA;
#10=MECHANICAL_DESIGN_GEOMETRIC_PRESENTATION_REPRESENTATION('',(#13),#5721);
#11=SHAPE_REPRESENTATION_RELATIONSHIP('SRR','None',#5728,#12);
#12=ADVANCED_BREP_SHAPE_REPRESENTATION('',(#14),#5720);
#13=STYLED_ITEM('',(#5738),#14);
#14=MANIFOLD_SOLID_BREP('Body1',#2562);
#15=CONICAL_SURFACE('',#2710,13.1437039865158,0.959931088596878);
#16=CONICAL_SURFACE('',#2713,13.1437039865158,0.959931088596878);
#17=CONICAL_SURFACE('',#2799,11.1437039865158,0.959931088596879);
#18=CONICAL_SURFACE('',#2802,11.1437039865158,0.959931088596879);
#19=SPHERICAL_SURFACE('',#2630,1.);
#20=SPHERICAL_SURFACE('',#2643,1.);
#21=SPHERICAL_SURFACE('',#2650,1.);
#22=SPHERICAL_SURFACE('',#2686,1.);
#23=SPHERICAL_SURFACE('',#2703,1.);
#24=SPHERICAL_SURFACE('',#2780,1.);
#25=SPHERICAL_SURFACE('',#2787,1.);
#26=SPHERICAL_SURFACE('',#2792,1.);
#27=(
BOUNDED_SURFACE()
B_SPLINE_SURFACE(3,2,((#3872,#3873,#3874),(#3875,#3876,#3877),(#3878,#3879,
#3880),(#3881,#3882,#3883),(#3884,#3885,#3886),(#3887,#3888,#3889),(#3890,
#3891,#3892),(#3893,#3894,#3895),(#3896,#3897,#3898),(#3899,#3900,#3901),
(#3902,#3903,#3904),(#3905,#3906,#3907),(#3908,#3909,#3910),(#3911,#3912,
#3913),(#3914,#3915,#3916),(#3917,#3918,#3919)),.UNSPECIFIED.,.F.,.F.,.F.)
B_SPLINE_SURFACE_WITH_KNOTS((4,1,1,1,1,1,1,1,1,1,1,1,1,4),(3,3),(-0.000391760573658732,
0.000743767567521833,0.00148753513504367,0.0022313027025655,0.00260318648632642,
0.00297507027008733,0.00334695405384825,0.00371883783760916,0.00409072162137008,
0.004462605405131,0.00483448918889191,0.00520637297265283,0.00557825675641375,
0.0063419011138334),(0.,1.00039176057366),.UNSPECIFIED.)
GEOMETRIC_REPRESENTATION_ITEM()
RATIONAL_B_SPLINE_SURFACE(((1.,0.688542784260535,1.00024403331502),(1.,
0.706092114317062,1.0002302830438),(1.,0.736739208006796,1.00020627039779),
(1.,0.777602474501094,1.00017425316434),(1.,0.804044619914136,1.00015353518423),
(1.,0.821771107826987,1.00013964610608),(1.,0.833308403564329,1.00013060639089),
(1.,0.842939043297422,1.00012306058099),(1.,0.850361692939677,1.00011724477803),
(1.,0.855928725725351,1.00011288289012),(1.,0.859851508421529,1.00010980930692),
(1.,0.862296276861555,1.00010789377914),(1.,0.863743713688559,1.00010675968178),
(1.,0.864712939848141,1.00010600027259),(1.,0.864657904822953,1.00010604339369),
(1.,0.864382893714816,1.00010625887071)))
REPRESENTATION_ITEM('')
SURFACE()
);
#28=(
BOUNDED_SURFACE()
B_SPLINE_SURFACE(3,2,((#4123,#4124,#4125),(#4126,#4127,#4128),(#4129,#4130,
#4131),(#4132,#4133,#4134),(#4135,#4136,#4137),(#4138,#4139,#4140),(#4141,
#4142,#4143),(#4144,#4145,#4146),(#4147,#4148,#4149),(#4150,#4151,#4152),
(#4153,#4154,#4155),(#4156,#4157,#4158),(#4159,#4160,#4161),(#4162,#4163,
#4164),(#4165,#4166,#4167)),.UNSPECIFIED.,.F.,.F.,.F.)
B_SPLINE_SURFACE_WITH_KNOTS((4,1,1,1,1,1,1,1,1,1,1,1,4),(3,3),(0.,0.000747618330591366,
0.00112142749588705,0.00149523666118273,0.00186904582647841,0.0022428549917741,
0.00261666415706978,0.00299047332236546,0.00336428248766115,0.00373809165295683,
0.0044857099835482,0.00523332831413956,0.00598094664473093),(0.,1.),
 .UNSPECIFIED.)
GEOMETRIC_REPRESENTATION_ITEM()
RATIONAL_B_SPLINE_SURFACE(((1.,0.864655447947255,1.),(1.,0.864655447897323,
1.),(1.,0.864288964367606,1.),(1.,0.862378792466541,1.),(1.,0.859947511436601,
1.),(1.,0.856075852808682,1.),(1.,0.850535160267389,1.),(1.,0.843066760411661,
1.),(1.,0.833484047181997,1.),(1.,0.822060093649476,1.),(1.,0.804156077463015,
1.),(1.,0.778242665298966,1.),(1.,0.743111380989507,1.),(1.,0.718915291668696,
1.),(1.,0.707106781186548,1.)))
REPRESENTATION_ITEM('')
SURFACE()
);
#29=(
BOUNDED_SURFACE()
B_SPLINE_SURFACE(3,2,((#4393,#4394,#4395),(#4396,#4397,#4398),(#4399,#4400,
#4401),(#4402,#4403,#4404)),.UNSPECIFIED.,.F.,.F.,.F.)
B_SPLINE_SURFACE_WITH_KNOTS((4,4),(3,3),(0.,2.28799610945272E-5),(0.,1.),
 .UNSPECIFIED.)
GEOMETRIC_REPRESENTATION_ITEM()
RATIONAL_B_SPLINE_SURFACE(((1.,0.837472103774858,1.),(1.,0.83781046938846,
1.),(1.,0.838120513295585,1.),(1.,0.838403296481912,1.)))
REPRESENTATION_ITEM('')
SURFACE()
);
#30=(
BOUNDED_SURFACE()
B_SPLINE_SURFACE(3,2,((#4428,#4429,#4430),(#4431,#4432,#4433),(#4434,#4435,
#4436),(#4437,#4438,#4439)),.UNSPECIFIED.,.F.,.F.,.F.)
B_SPLINE_SURFACE_WITH_KNOTS((4,4),(3,3),(0.00187402587795031,0.00189667700447116),
(0.,1.),.UNSPECIFIED.)
GEOMETRIC_REPRESENTATION_ITEM()
RATIONAL_B_SPLINE_SURFACE(((1.,0.837472103774858,1.),(1.,0.837811683074589,
1.),(1.,0.838121523397734,1.),(1.,0.838403296481907,1.)))
REPRESENTATION_ITEM('')
SURFACE()
);
#31=(
BOUNDED_SURFACE()
B_SPLINE_SURFACE(3,2,((#4474,#4475,#4476),(#4477,#4478,#4479),(#4480,#4481,
#4482),(#4483,#4484,#4485)),.UNSPECIFIED.,.F.,.F.,.F.)
B_SPLINE_SURFACE_WITH_KNOTS((4,4),(3,3),(0.,2.28799610945275E-5),(0.,1.),
 .UNSPECIFIED.)
GEOMETRIC_REPRESENTATION_ITEM()
RATIONAL_B_SPLINE_SURFACE(((1.,0.838403296481918,1.),(1.,0.838120513295593,
1.),(1.,0.837810469388468,1.),(1.,0.837472103774864,1.)))
REPRESENTATION_ITEM('')
SURFACE()
);
#32=(
BOUNDED_SURFACE()
B_SPLINE_SURFACE(3,2,((#4564,#4565,#4566),(#4567,#4568,#4569),(#4570,#4571,
#4572),(#4573,#4574,#4575),(#4576,#4577,#4578),(#4579,#4580,#4581),(#4582,
#4583,#4584),(#4585,#4586,#4587),(#4588,#4589,#4590),(#4591,#4592,#4593),
(#4594,#4595,#4596),(#4597,#4598,#4599),(#4600,#4601,#4602),(#4603,#4604,
#4605),(#4606,#4607,#4608),(#4609,#4610,#4611)),.UNSPECIFIED.,.F.,.F.,.F.)
B_SPLINE_SURFACE_WITH_KNOTS((4,1,1,1,1,1,1,1,1,1,1,1,1,4),(3,3),(-0.000391760574376005,
0.000743767567521835,0.00148753513504367,0.00223130270256551,0.00260318648632642,
0.00297507027008734,0.00334695405384826,0.00371883783760917,0.00409072162137009,
0.00446260540513101,0.00483448918889193,0.00520637297265284,0.00557825675641376,
0.00634190111455069),(0.,1.00039176057438),.UNSPECIFIED.)
GEOMETRIC_REPRESENTATION_ITEM()
RATIONAL_B_SPLINE_SURFACE(((0.999999999999999,0.688542784227288,1.00024403331549),
(1.,0.706092114293324,1.00023028304424),(1.,0.736739207995473,1.00020627039817),
(1.,0.777602474500925,1.00017425316466),(1.,0.804044619913996,1.00015353518451),
(1.,0.82177110782686,1.00013964610634),(1.,0.833308403564208,1.00013060639113),
(1.,0.842939043297311,1.00012306058122),(1.,0.850361692939569,1.00011724477825),
(1.,0.855928725725251,1.00011288289032),(1.,0.859851508421428,1.00010980930712),
(1.,0.862296276861451,1.00010789377934),(1.,0.863743713688483,1.00010675968198),
(1.,0.864712939848387,1.00010600027278),(1.,0.864657904823325,1.00010604339389),
(1.,0.864382893711921,1.00010625887091)))
REPRESENTATION_ITEM('')
SURFACE()
);
#33=(
BOUNDED_SURFACE()
B_SPLINE_SURFACE(3,2,((#4815,#4816,#4817),(#4818,#4819,#4820),(#4821,#4822,
#4823),(#4824,#4825,#4826),(#4827,#4828,#4829),(#4830,#4831,#4832),(#4833,
#4834,#4835),(#4836,#4837,#4838),(#4839,#4840,#4841),(#4842,#4843,#4844),
(#4845,#4846,#4847),(#4848,#4849,#4850),(#4851,#4852,#4853),(#4854,#4855,
#4856),(#4857,#4858,#4859)),.UNSPECIFIED.,.F.,.F.,.F.)
B_SPLINE_SURFACE_WITH_KNOTS((4,1,1,1,1,1,1,1,1,1,1,1,4),(3,3),(0.,0.000747618330591369,
0.00112142749588705,0.00149523666118274,0.00186904582647842,0.00224285499177411,
0.00261666415706979,0.00299047332236548,0.00336428248766116,0.00373809165295684,
0.00448570998354821,0.00523332831413958,0.00598094664473095),(0.,1.),
 .UNSPECIFIED.)
GEOMETRIC_REPRESENTATION_ITEM()
RATIONAL_B_SPLINE_SURFACE(((1.,0.864655447947254,1.),(1.,0.864655447897169,
1.),(1.,0.864288964367642,1.),(1.,0.862378792466535,1.),(1.,0.859947511436604,
1.),(1.,0.856075852808683,1.),(1.,0.850535160267387,1.),(1.,0.843066760411661,
1.),(1.,0.833484047181995,1.),(1.,0.822060093649474,1.),(1.,0.804156077463012,
1.),(1.,0.778242665298968,1.),(1.,0.743111380989504,1.),(1.,0.718915291668696,
1.),(1.,0.707106781186548,1.)))
REPRESENTATION_ITEM('')
SURFACE()
);
#34=(
BOUNDED_SURFACE()
B_SPLINE_SURFACE(3,2,((#5093,#5094,#5095),(#5096,#5097,#5098),(#5099,#5100,
#5101),(#5102,#5103,#5104)),.UNSPECIFIED.,.F.,.F.,.F.)
B_SPLINE_SURFACE_WITH_KNOTS((4,4),(3,3),(0.00180203616762491,0.00182476626627664),
(0.,1.),.UNSPECIFIED.)
GEOMETRIC_REPRESENTATION_ITEM()
RATIONAL_B_SPLINE_SURFACE(((1.,0.838403296481922,1.),(1.,0.838119456262465,
1.),(1.,0.837809217504175,1.),(1.,0.837472103774841,1.)))
REPRESENTATION_ITEM('')
SURFACE()
);
#35=(
BOUNDED_SURFACE()
B_SPLINE_SURFACE(3,2,((#5218,#5219,#5220),(#5221,#5222,#5223),(#5224,#5225,
#5226),(#5227,#5228,#5229)),.UNSPECIFIED.,.F.,.F.,.F.)
B_SPLINE_SURFACE_WITH_KNOTS((4,4),(3,3),(4.28058154826431,4.71246820737227),
(-7.92269875843176E-5,1.),.UNSPECIFIED.)
GEOMETRIC_REPRESENTATION_ITEM()
RATIONAL_B_SPLINE_SURFACE(((1.00002560437103,0.8384113052134,1.),(1.00003159634067,
0.80059609969538,1.),(1.00003859498161,0.756427810858683,1.),(1.00004641807697,
0.707056406010298,1.)))
REPRESENTATION_ITEM('')
SURFACE()
);
#36=(
BOUNDED_SURFACE()
B_SPLINE_SURFACE(3,2,((#5235,#5236,#5237),(#5238,#5239,#5240),(#5241,#5242,
#5243),(#5244,#5245,#5246),(#5247,#5248,#5249),(#5250,#5251,#5252),(#5253,
#5254,#5255)),.UNSPECIFIED.,.F.,.F.,.F.)
B_SPLINE_SURFACE_WITH_KNOTS((4,1,1,1,4),(3,3),(4.71238898038469,5.06925116985707,
5.42611335932946,5.78297554880184,6.13983773827422),(0.,1.),
 .UNSPECIFIED.)
GEOMETRIC_REPRESENTATION_ITEM()
RATIONAL_B_SPLINE_SURFACE(((1.,0.707106781186548,1.),(1.,0.705197088780462,
1.),(1.,0.701362158794253,1.),(1.,0.696293494500082,1.),(1.,0.692569837672225,
1.),(1.,0.691313915348476,1.),(1.,0.691034757082457,1.)))
REPRESENTATION_ITEM('')
SURFACE()
);
#37=(
BOUNDED_SURFACE()
B_SPLINE_SURFACE(3,2,((#5261,#5262,#5263),(#5264,#5265,#5266),(#5267,#5268,
#5269),(#5270,#5271,#5272)),.UNSPECIFIED.,.F.,.F.,.F.)
B_SPLINE_SURFACE_WITH_KNOTS((4,4),(3,3),(4.71230975339622,5.14419641250595),
(-7.92269884709164E-5,1.),.UNSPECIFIED.)
GEOMETRIC_REPRESENTATION_ITEM()
RATIONAL_B_SPLINE_SURFACE(((1.00004641807749,0.707056406009734,1.),(1.00003859498204,
0.756427810858387,1.),(1.00003159634102,0.800596099695667,1.),(1.00002560437132,
0.83841130521349,1.)))
REPRESENTATION_ITEM('')
SURFACE()
);
#38=(
BOUNDED_SURFACE()
B_SPLINE_SURFACE(3,2,((#5280,#5281,#5282),(#5283,#5284,#5285),(#5286,#5287,
#5288),(#5289,#5290,#5291),(#5292,#5293,#5294),(#5295,#5296,#5297),(#5298,
#5299,#5300)),.UNSPECIFIED.,.F.,.F.,.F.)
B_SPLINE_SURFACE_WITH_KNOTS((4,1,1,1,4),(3,3),(3.13407913542573,3.42580614329192,
3.71001963299405,3.99423312269618,4.28596013056237),(-0.00751351816406245,
1.),.UNSPECIFIED.)
GEOMETRIC_REPRESENTATION_ITEM()
RATIONAL_B_SPLINE_SURFACE(((1.00016058102242,0.989313859438668,1.),(1.000157898665,
0.989492361530437,1.),(1.00025542419701,0.983002357122969,1.),(1.00070090558009,
0.953357031633995,1.),(1.0014326959566,0.904658781324705,1.),(1.00210609949828,
0.85984598344667,1.),(1.00249025967963,0.834281382885058,1.)))
REPRESENTATION_ITEM('')
SURFACE()
);
#39=(
BOUNDED_SURFACE()
B_SPLINE_SURFACE(3,2,((#5304,#5305,#5306),(#5307,#5308,#5309),(#5310,#5311,
#5312),(#5313,#5314,#5315),(#5316,#5317,#5318),(#5319,#5320,#5321),(#5322,
#5323,#5324)),.UNSPECIFIED.,.F.,.F.,.F.)
B_SPLINE_SURFACE_WITH_KNOTS((4,1,1,1,4),(3,3),(5.13881783021336,5.4305448380732,
5.71475832777533,5.99897181747746,6.29069882533733),(-0.00751351815774774,
1.),.UNSPECIFIED.)
GEOMETRIC_REPRESENTATION_ITEM()
RATIONAL_B_SPLINE_SURFACE(((1.0024902596775,0.834281382887793,1.),(1.00210609949649,
0.859845983448222,1.),(1.00143269595538,0.904658781325804,1.),(1.00070090557949,
0.95335703163425,1.),(1.00025542419679,0.983002357122869,1.),(1.00015789866487,
0.989492361530361,1.),(1.00016058102229,0.989313859438747,1.)))
REPRESENTATION_ITEM('')
SURFACE()
);
#40=(
BOUNDED_SURFACE()
B_SPLINE_SURFACE(3,2,((#5337,#5338,#5339),(#5340,#5341,#5342),(#5343,#5344,
#5345),(#5346,#5347,#5348),(#5349,#5350,#5351),(#5352,#5353,#5354),(#5355,
#5356,#5357)),.UNSPECIFIED.,.F.,.F.,.F.)
B_SPLINE_SURFACE_WITH_KNOTS((4,1,1,1,4),(3,3),(1.99722517662061,2.28895218448342,
2.57316567418554,2.85737916388767,3.14910617175047),(-0.00751351816068196,
1.),.UNSPECIFIED.)
GEOMETRIC_REPRESENTATION_ITEM()
RATIONAL_B_SPLINE_SURFACE(((1.00249025967849,0.834281382886525,0.999999999999999),
(1.00210609949732,0.859845983447462,1.),(1.00143269595595,0.904658781325314,
1.),(1.00070090557977,0.953357031634129,1.),(1.00025542419689,0.983002357122918,
1.),(1.00015789866493,0.989492361530396,1.),(1.00016058102235,0.989313859438711,
1.)))
REPRESENTATION_ITEM('')
SURFACE()
);
#41=(
BOUNDED_SURFACE()
B_SPLINE_SURFACE(3,2,((#5363,#5364,#5365),(#5366,#5367,#5368),(#5369,#5370,
#5371),(#5372,#5373,#5374),(#5375,#5376,#5377),(#5378,#5379,#5380),(#5381,
#5382,#5383)),.UNSPECIFIED.,.F.,.F.,.F.)
B_SPLINE_SURFACE_WITH_KNOTS((4,1,1,1,4),(3,3),(-0.00751351816550261,0.284213489702125,
0.568426979404249,0.852640469106374,1.144367476974),(-0.00751351816550223,
1.),.UNSPECIFIED.)
GEOMETRIC_REPRESENTATION_ITEM()
RATIONAL_B_SPLINE_SURFACE(((1.00016058102245,0.98931385943865,1.),(1.00015789866503,
0.989492361530454,1.),(1.00025542419705,0.98300235712301,1.),(1.00070090558022,
0.953357031633879,1.),(1.00143269595688,0.90465878132468,1.),(1.0021060994987,
0.859845983445831,1.),(1.00249025968012,0.834281382884482,1.)))
REPRESENTATION_ITEM('')
SURFACE()
);
#42=(
BOUNDED_SURFACE()
B_SPLINE_SURFACE(3,2,((#5385,#5386,#5387),(#5388,#5389,#5390),(#5391,#5392,
#5393),(#5394,#5395,#5396),(#5397,#5398,#5399),(#5400,#5401,#5402),(#5403,
#5404,#5405)),.UNSPECIFIED.,.F.,.F.,.F.)
B_SPLINE_SURFACE_WITH_KNOTS((4,1,1,1,4),(3,3),(3.28494022249516,3.64180241196754,
3.99866460143992,4.35552679091231,4.71238898038469),(0.,1.),
 .UNSPECIFIED.)
GEOMETRIC_REPRESENTATION_ITEM()
RATIONAL_B_SPLINE_SURFACE(((1.,0.691034757082457,1.),(1.,0.691313915348476,
1.),(1.,0.692569837672232,1.),(1.,0.696293494500059,1.),(1.,0.701362158794339,
1.),(1.,0.705197088780276,1.),(1.,0.707106781186548,1.)))
REPRESENTATION_ITEM('')
SURFACE()
);
#43=(
BOUNDED_SURFACE()
B_SPLINE_SURFACE(3,2,((#5417,#5418,#5419),(#5420,#5421,#5422),(#5423,#5424,
#5425),(#5426,#5427,#5428)),.UNSPECIFIED.,.F.,.F.,.F.)
B_SPLINE_SURFACE_WITH_KNOTS((4,4),(3,3),(1.57071709981195,2.00260375891066),
(-7.92269829506046E-5,1.),.UNSPECIFIED.)
GEOMETRIC_REPRESENTATION_ITEM()
RATIONAL_B_SPLINE_SURFACE(((1.00004641807425,0.707056406013244,0.999999999999999),
(1.00003859497935,0.756427810860095,1.),(1.00003159633882,0.800596099699904,
1.),(1.00002560436953,0.838411305212934,0.999999999999999)))
REPRESENTATION_ITEM('')
SURFACE()
);
#44=(
BOUNDED_SURFACE()
B_SPLINE_SURFACE(3,2,((#5475,#5476,#5477),(#5478,#5479,#5480),(#5481,#5482,
#5483),(#5484,#5485,#5486)),.UNSPECIFIED.,.F.,.F.,.F.)
B_SPLINE_SURFACE_WITH_KNOTS((4,4),(3,3),(1.13898889467959,1.57087555377739),
(-7.92269824943394E-5,1.),.UNSPECIFIED.)
GEOMETRIC_REPRESENTATION_ITEM()
RATIONAL_B_SPLINE_SURFACE(((1.00002560436939,0.838411305212888,1.),(1.00003159633864,
0.800596099700216,1.),(1.00003859497913,0.756427810860247,1.),(1.00004641807399,
0.707056406013534,1.)))
REPRESENTATION_ITEM('')
SURFACE()
);
#45=B_SPLINE_CURVE_WITH_KNOTS('',3,(#3857,#3858,#3859,#3860,#3861,#3862,
#3863,#3864,#3865,#3866,#3867,#3868),.UNSPECIFIED.,.F.,.F.,(4,2,2,2,2,4),
(-0.0788417801666929,-0.0594632631674607,-0.0399961221631472,-0.0203493498991918,
-1.32532873564628E-14,0.000327567473074056),.UNSPECIFIED.);
#46=B_SPLINE_CURVE_WITH_KNOTS('',3,(#3921,#3922,#3923,#3924,#3925,#3926,
#3927,#3928,#3929,#3930,#3931,#3932,#3933,#3934,#3935,#3936,#3937,#3938,
#3939,#3940,#3941,#3942,#3943,#3944,#3945,#3946,#3947,#3948,#3949,#3950,
#3951,#3952,#3953,#3954,#3955,#3956,#3957,#3958,#3959,#3960,#3961,#3962,
#3963,#3964,#3965,#3966,#3967,#3968,#3969,#3970,#3971,#3972,#3973,#3974,
#3975,#3976,#3977,#3978,#3979,#3980,#3981,#3982,#3983,#3984,#3985,#3986,
#3987,#3988,#3989,#3990,#3991,#3992,#3993,#3994,#3995,#3996,#3997,#3998,
#3999,#4000,#4001,#4002,#4003,#4004,#4005,#4006,#4007,#4008,#4009,#4010,
#4011,#4012,#4013,#4014,#4015,#4016,#4017,#4018,#4019,#4020,#4021,#4022,
#4023,#4024,#4025,#4026,#4027,#4028,#4029),.UNSPECIFIED.,.F.,.F.,(4,3,3,
3,3,3,3,3,3,3,3,3,3,3,3,3,3,3,3,3,3,3,3,3,3,3,3,3,3,3,3,3,3,3,3,3,4),(0.,
0.000196465654293873,0.000377067989161227,0.000392931308587746,0.000589396962881618,
0.000754900890330676,0.000785862617175491,0.000982328271469364,0.00113615864287192,
0.00133716298956519,0.0015186323191647,0.00157172523435098,0.00176819088864486,
0.00190469292958841,0.00196465654293873,0.00221833257095823,0.00229391912362202,
0.00235758785152647,0.00268655454414675,0.00275051916011422,0.00294698481440809,
0.00308186362530886,0.00314345046870197,0.00343428081061175,0.00347927868784945,
0.00379067185831243,0.00387842353959844,0.00392931308587746,0.00419143357114193,
0.0043222443944652,0.00457095054768758,0.00467992451468337,0.00471517570305295,
0.00526782268886008,0.00548345775405275,0.00607644334030493,0.00628690093740393),
 .UNSPECIFIED.);
#47=B_SPLINE_CURVE_WITH_KNOTS('',3,(#4032,#4033,#4034,#4035,#4036,#4037,
#4038,#4039,#4040,#4041,#4042,#4043,#4044,#4045,#4046,#4047,#4048,#4049,
#4050,#4051,#4052,#4053,#4054,#4055,#4056,#4057,#4058,#4059,#4060,#4061,
#4062,#4063,#4064,#4065,#4066,#4067,#4068,#4069,#4070,#4071,#4072,#4073,
#4074,#4075,#4076,#4077,#4078,#4079,#4080,#4081,#4082,#4083,#4084,#4085,
#4086,#4087,#4088,#4089,#4090,#4091,#4092,#4093,#4094,#4095,#4096,#4097,
#4098,#4099,#4100,#4101,#4102,#4103,#4104,#4105,#4106,#4107,#4108,#4109,
#4110,#4111,#4112,#4113,#4114,#4115,#4116,#4117,#4118,#4119,#4120,#4121,
#4122),.UNSPECIFIED.,.F.,.F.,(4,3,3,3,3,3,3,3,3,3,3,3,3,3,3,3,3,3,3,3,3,
3,3,3,3,3,3,3,3,3,4),(0.,0.000313903661062604,0.000614601428406391,0.000908096235491495,
0.00119136370856263,0.00133187873184836,0.00156160220004084,0.00166484841481045,
0.00189240517397065,0.00199781809777254,0.00222014629742419,0.00244195188056045,
0.00265238072783336,0.00266375746369671,0.00285364945688001,0.0029967271466588,
0.00321782799383291,0.00332969682962089,0.00354328094218164,0.00366266651258298,
0.00381364906295712,0.00396316777422448,0.00399563619554507,0.00422608962259134,
0.00444823922474508,0.00466157556146925,0.00480778664851051,0.00495349412054252,
0.00499454524443134,0.00516103008591238,0.00532751492739343),
 .UNSPECIFIED.);
#48=B_SPLINE_CURVE_WITH_KNOTS('',3,(#4169,#4170,#4171,#4172,#4173,#4174,
#4175,#4176,#4177,#4178,#4179,#4180,#4181,#4182,#4183,#4184,#4185,#4186,
#4187,#4188,#4189,#4190,#4191,#4192,#4193,#4194,#4195,#4196,#4197,#4198,
#4199,#4200,#4201,#4202,#4203,#4204,#4205,#4206,#4207,#4208,#4209,#4210,
#4211,#4212,#4213,#4214,#4215,#4216,#4217,#4218,#4219,#4220,#4221,#4222,
#4223,#4224,#4225,#4226,#4227,#4228,#4229,#4230,#4231,#4232,#4233,#4234,
#4235,#4236,#4237,#4238,#4239,#4240,#4241,#4242,#4243,#4244,#4245,#4246,
#4247,#4248,#4249,#4250,#4251,#4252,#4253,#4254,#4255,#4256,#4257,#4258,
#4259,#4260,#4261,#4262,#4263,#4264,#4265,#4266,#4267,#4268,#4269,#4270,
#4271),.UNSPECIFIED.,.F.,.F.,(4,3,3,3,3,3,3,3,3,3,3,3,3,3,3,3,3,3,3,3,3,
3,3,3,3,3,3,3,3,3,3,3,3,3,4),(0.,0.000579070687054087,0.00078389008926921,
0.000802111379568212,0.0015047142300662,0.00156778017853842,0.00160326358436016,
0.00199728149217389,0.00235167026780763,0.0024023389508375,0.00274361531244223,
0.00280047053386469,0.00313556035707684,0.00319676573798934,0.00345000670273755,
0.00352750540171144,0.00359119207304709,0.00372347792402875,0.00391945044634605,
0.00398256528037867,0.00411542296866335,0.00431139549098065,0.00437096482491104,
0.00450736801329796,0.00470334053561526,0.00475606228926608,0.00489931305793256,
0.00509528558024986,0.00513808155951317,0.00540775466758924,0.00548723062488447,
0.00551739448922821,0.00584466443029784,0.00617077020537176,0.00627112071415368),
 .UNSPECIFIED.);
#49=B_SPLINE_CURVE_WITH_KNOTS('',3,(#4274,#4275,#4276,#4277,#4278,#4279,
#4280,#4281,#4282,#4283,#4284,#4285,#4286,#4287,#4288,#4289,#4290,#4291,
#4292,#4293,#4294,#4295,#4296,#4297,#4298,#4299,#4300,#4301,#4302,#4303,
#4304,#4305,#4306,#4307,#4308,#4309,#4310,#4311,#4312,#4313,#4314,#4315,
#4316,#4317,#4318,#4319,#4320,#4321,#4322,#4323,#4324,#4325,#4326,#4327,
#4328,#4329,#4330,#4331,#4332,#4333,#4334,#4335,#4336,#4337,#4338,#4339,
#4340,#4341,#4342,#4343,#4344,#4345,#4346,#4347,#4348,#4349,#4350,#4351,
#4352,#4353,#4354,#4355,#4356,#4357,#4358,#4359,#4360,#4361,#4362,#4363,
#4364,#4365,#4366,#4367),.UNSPECIFIED.,.F.,.F.,(4,3,3,3,3,3,3,3,3,3,3,3,
3,3,3,3,3,3,3,3,3,3,3,3,3,3,3,3,3,3,3,4),(0.,0.000245587542077971,0.000490115388844263,
0.000623566278895677,0.000668444223487887,0.00092118012624798,0.000937384885943595,
0.00100266633523183,0.0011697773911038,0.00125306729544031,0.00133688844697577,
0.00150399950284775,0.00157202437439076,0.00167111055871972,0.00183822161459169,
0.00189420607647199,0.00200533267046366,0.00222138209642319,0.00247201552547259,
0.00255244576547505,0.00267377689395155,0.00288785646777655,0.00300799900569549,
0.00322843830764183,0.00334222111743944,0.0036365560238542,0.00392084041060052,
0.00401066534092732,0.00441490495032289,0.00462850738082662,0.00506151088492704,
0.0053475537879031),.UNSPECIFIED.);
#50=B_SPLINE_CURVE_WITH_KNOTS('',3,(#4372,#4373,#4374,#4375,#4376,#4377,
#4378,#4379,#4380,#4381,#4382,#4383),.UNSPECIFIED.,.F.,.F.,(4,2,2,2,2,4),
(0.0788417801698487,0.0982202971698978,0.117687438175034,0.137334210439819,
0.157683560339865,0.158011127812932),.UNSPECIFIED.);
#51=B_SPLINE_CURVE_WITH_KNOTS('',3,(#4409,#4410,#4411,#4412),
 .UNSPECIFIED.,.F.,.F.,(4,4),(0.,2.25834165496274E-5),.UNSPECIFIED.);
#52=B_SPLINE_CURVE_WITH_KNOTS('',3,(#4419,#4420,#4421,#4422),
 .UNSPECIFIED.,.F.,.F.,(4,4),(0.,2.25834165500078E-5),.UNSPECIFIED.);
#53=B_SPLINE_CURVE_WITH_KNOTS('',3,(#4443,#4444,#4445,#4446),
 .UNSPECIFIED.,.F.,.F.,(4,4),(0.,4.55047503480435E-5),.UNSPECIFIED.);
#54=B_SPLINE_CURVE_WITH_KNOTS('',3,(#4464,#4465,#4466,#4467,#4468,#4469),
 .UNSPECIFIED.,.F.,.F.,(4,2,4),(-2.10669625319419,-1.79690470674156,-1.48711316028894),
 .UNSPECIFIED.);
#55=B_SPLINE_CURVE_WITH_KNOTS('',3,(#4490,#4491,#4492,#4493),
 .UNSPECIFIED.,.F.,.F.,(4,4),(0.,2.2583416549627E-5),.UNSPECIFIED.);
#56=B_SPLINE_CURVE_WITH_KNOTS('',3,(#4549,#4550,#4551,#4552,#4553,#4554,
#4555,#4556,#4557,#4558,#4559,#4560),.UNSPECIFIED.,.F.,.F.,(4,2,2,2,2,4),
(-0.0788417801666476,-0.0594632631674195,-0.039996122163118,-0.0203493498991733,
-4.6074255521944E-15,0.000327567473049462),.UNSPECIFIED.);
#57=B_SPLINE_CURVE_WITH_KNOTS('',3,(#4613,#4614,#4615,#4616,#4617,#4618,
#4619,#4620,#4621,#4622,#4623,#4624,#4625,#4626,#4627,#4628,#4629,#4630,
#4631,#4632,#4633,#4634,#4635,#4636,#4637,#4638,#4639,#4640,#4641,#4642,
#4643,#4644,#4645,#4646,#4647,#4648,#4649,#4650,#4651,#4652,#4653,#4654,
#4655,#4656,#4657,#4658,#4659,#4660,#4661,#4662,#4663,#4664,#4665,#4666,
#4667,#4668,#4669,#4670,#4671,#4672,#4673,#4674,#4675,#4676,#4677,#4678,
#4679,#4680,#4681,#4682,#4683,#4684,#4685,#4686,#4687,#4688,#4689,#4690,
#4691,#4692,#4693,#4694,#4695,#4696,#4697,#4698,#4699,#4700,#4701,#4702,
#4703,#4704,#4705,#4706,#4707,#4708,#4709,#4710,#4711,#4712,#4713,#4714,
#4715,#4716,#4717,#4718,#4719,#4720,#4721),.UNSPECIFIED.,.F.,.F.,(4,3,3,
3,3,3,3,3,3,3,3,3,3,3,3,3,3,3,3,3,3,3,3,3,3,3,3,3,3,3,3,3,3,3,3,3,4),(0.,
0.000196465654293874,0.000377067989161227,0.000392931308587747,0.000589396962881621,
0.000754900890330687,0.000785862617175495,0.000982328271469368,0.00113615864287193,
0.00133716298956436,0.0015186323191647,0.00157172523435099,0.00176819088864486,
0.00190469292958841,0.00196465654293874,0.00221833257095814,0.00229391912362203,
0.00235758785152648,0.00268655454414676,0.00275051916011423,0.0029469848144081,
0.00308186362530888,0.00314345046870198,0.00343428081061093,0.00347927868784946,
0.00379067185831223,0.00387842353959846,0.00392931308587747,0.00419143357114094,
0.00432224439446522,0.0045709505476886,0.00467992451468339,0.00471517570305297,
0.00526782268878918,0.00548345775405258,0.0060764433402114,0.00628690093740396),
 .UNSPECIFIED.);
#58=B_SPLINE_CURVE_WITH_KNOTS('',3,(#4724,#4725,#4726,#4727,#4728,#4729,
#4730,#4731,#4732,#4733,#4734,#4735,#4736,#4737,#4738,#4739,#4740,#4741,
#4742,#4743,#4744,#4745,#4746,#4747,#4748,#4749,#4750,#4751,#4752,#4753,
#4754,#4755,#4756,#4757,#4758,#4759,#4760,#4761,#4762,#4763,#4764,#4765,
#4766,#4767,#4768,#4769,#4770,#4771,#4772,#4773,#4774,#4775,#4776,#4777,
#4778,#4779,#4780,#4781,#4782,#4783,#4784,#4785,#4786,#4787,#4788,#4789,
#4790,#4791,#4792,#4793,#4794,#4795,#4796,#4797,#4798,#4799,#4800,#4801,
#4802,#4803,#4804,#4805,#4806,#4807,#4808,#4809,#4810,#4811,#4812,#4813,
#4814),.UNSPECIFIED.,.F.,.F.,(4,3,3,3,3,3,3,3,3,3,3,3,3,3,3,3,3,3,3,3,3,
3,3,3,3,3,3,3,3,3,4),(0.,0.000313903661062729,0.000614601428406097,0.000908096235491733,
0.0011913637085628,0.00133187873184836,0.00156160220004143,0.00166484841481045,
0.00189240517397148,0.00199781809777254,0.00222014629742511,0.00244195188056092,
0.00265238072783282,0.00266375746369672,0.00285364945688029,0.00299672714665881,
0.00321782799383265,0.0033296968296209,0.00354328094218215,0.003662666512583,
0.00381364906295783,0.0039631677742253,0.00399563619554509,0.00422608962259071,
0.00444823922474476,0.00466157556146927,0.00480778664851035,0.00495349412054261,
0.00499454524443136,0.0051610300859124,0.00532751492739345),
 .UNSPECIFIED.);
#59=B_SPLINE_CURVE_WITH_KNOTS('',3,(#4861,#4862,#4863,#4864,#4865,#4866,
#4867,#4868,#4869,#4870,#4871,#4872,#4873,#4874,#4875,#4876,#4877,#4878,
#4879,#4880,#4881,#4882,#4883,#4884,#4885,#4886,#4887,#4888,#4889,#4890,
#4891,#4892,#4893,#4894,#4895,#4896,#4897,#4898,#4899,#4900,#4901,#4902,
#4903,#4904,#4905,#4906,#4907,#4908,#4909,#4910,#4911,#4912,#4913,#4914,
#4915,#4916,#4917,#4918,#4919,#4920,#4921,#4922,#4923,#4924,#4925,#4926,
#4927,#4928,#4929,#4930,#4931,#4932,#4933,#4934,#4935,#4936,#4937,#4938,
#4939,#4940,#4941,#4942,#4943,#4944,#4945,#4946,#4947,#4948,#4949,#4950,
#4951,#4952,#4953,#4954,#4955,#4956,#4957,#4958,#4959,#4960,#4961,#4962,
#4963),.UNSPECIFIED.,.F.,.F.,(4,3,3,3,3,3,3,3,3,3,3,3,3,3,3,3,3,3,3,3,3,
3,3,3,3,3,3,3,3,3,3,3,3,3,4),(0.,0.000579070686830902,0.000783890089269212,
0.000802111379568211,0.0015047142298948,0.00156778017853842,0.00160326358436016,
0.00199728149217177,0.00235167026780764,0.0024023389508375,0.00274361531244224,
0.00280047053386469,0.00313556035707685,0.00319676573798934,0.00345000670273255,
0.00352750540171145,0.0035911920730471,0.00372347792402876,0.00391945044634606,
0.00398256528037867,0.00411542296866336,0.00431139549098067,0.00437096482491105,
0.00450736801329797,0.00470334053561527,0.00475606228926609,0.00489931305793258,
0.00509528558024988,0.00513808155951319,0.00540775466760379,0.00548723062488449,
0.00551739448922823,0.00584466443020526,0.00617077020519063,0.0062711207141537),
 .UNSPECIFIED.);
#60=B_SPLINE_CURVE_WITH_KNOTS('',3,(#4966,#4967,#4968,#4969,#4970,#4971,
#4972,#4973,#4974,#4975,#4976,#4977,#4978,#4979,#4980,#4981,#4982,#4983,
#4984,#4985,#4986,#4987,#4988,#4989,#4990,#4991,#4992,#4993,#4994,#4995,
#4996,#4997,#4998,#4999,#5000,#5001,#5002,#5003,#5004,#5005,#5006,#5007,
#5008,#5009,#5010,#5011,#5012,#5013,#5014,#5015,#5016,#5017,#5018,#5019,
#5020,#5021,#5022,#5023,#5024,#5025,#5026,#5027,#5028,#5029,#5030,#5031,
#5032,#5033,#5034,#5035,#5036,#5037,#5038,#5039,#5040,#5041,#5042,#5043,
#5044,#5045,#5046,#5047,#5048,#5049,#5050,#5051,#5052,#5053,#5054,#5055,
#5056,#5057,#5058,#5059),.UNSPECIFIED.,.F.,.F.,(4,3,3,3,3,3,3,3,3,3,3,3,
3,3,3,3,3,3,3,3,3,3,3,3,3,3,3,3,3,3,3,4),(0.,0.000245587542060494,0.000490115388820787,
0.000623566278895674,0.00066844422348789,0.000921180126261252,0.000937384885943599,
0.00100266633523184,0.00116977739110381,0.00125306729544031,0.00133688844697578,
0.00150399950284775,0.00157202437439077,0.00167111055871973,0.0018382216145917,
0.001894206076472,0.00200533267046367,0.0022213820964232,0.00247201552547281,
0.00255244576547506,0.00267377689395156,0.00288785646777656,0.00300799900569551,
0.00322843830764184,0.00334222111743945,0.00363655602385248,0.00392084041060053,
0.00401066534092734,0.00441490495027667,0.00462850738082696,0.00506151088488258,
0.00534755378790312),.UNSPECIFIED.);
#61=B_SPLINE_CURVE_WITH_KNOTS('',3,(#5064,#5065,#5066,#5067,#5068,#5069,
#5070,#5071,#5072,#5073,#5074,#5075),.UNSPECIFIED.,.F.,.F.,(4,2,2,2,2,4),
(0.0788417801640213,0.098220297162575,0.117687438166202,0.137334210429467,
0.157683560327929,0.158011127800957),.UNSPECIFIED.);
#62=B_SPLINE_CURVE_WITH_KNOTS('',3,(#5084,#5085,#5086,#5087),
 .UNSPECIFIED.,.F.,.F.,(4,4),(3.20752129865657E-18,2.25834165496274E-5),
 .UNSPECIFIED.);
#63=B_SPLINE_CURVE_WITH_KNOTS('',3,(#5109,#5110,#5111,#5112),
 .UNSPECIFIED.,.F.,.F.,(4,4),(3.83878387880031E-17,4.5504750348082E-5),
 .UNSPECIFIED.);
#64=B_SPLINE_CURVE_WITH_KNOTS('',3,(#5181,#5182,#5183,#5184,#5185,#5186,
#5187,#5188,#5189,#5190),.UNSPECIFIED.,.F.,.F.,(4,2,2,2,4),(-0.539068941180253,
-0.532682304300608,-0.526295667420962,-0.497542605891031,-0.388046547142385),
 .UNSPECIFIED.);
#65=B_SPLINE_CURVE_WITH_KNOTS('',3,(#5201,#5202,#5203,#5204,#5205,#5206,
#5207,#5208,#5209,#5210),.UNSPECIFIED.,.F.,.F.,(4,2,2,2,4),(-0.419759054763143,
-0.310262996014498,-0.281509934484566,-0.27512329760492,-0.268736660725275),
 .UNSPECIFIED.);
#66=B_SPLINE_CURVE_WITH_KNOTS('',3,(#5436,#5437,#5438,#5439,#5440,#5441,
#5442,#5443,#5444,#5445,#5446,#5447),.UNSPECIFIED.,.F.,.F.,(4,2,2,2,2,4),
(-0.268666264999569,-0.264400423597221,-0.260134582194873,-0.251602899390177,
-0.207408158861514,-0.117714266687406),.UNSPECIFIED.);
#67=B_SPLINE_CURVE_WITH_KNOTS('',3,(#5458,#5459,#5460,#5461,#5462,#5463,
#5464,#5465,#5466,#5467),.UNSPECIFIED.,.F.,.F.,(4,2,2,2,4),(-0.151022394037868,
-0.0415263352892236,-0.0127732737592916,-0.00638663687964578,0.),
 .UNSPECIFIED.);
#68=TOROIDAL_SURFACE('',#2621,7.5,0.5);
#69=TOROIDAL_SURFACE('',#2626,7.5,0.5);
#70=TOROIDAL_SURFACE('',#2670,7.5,0.5);
#71=TOROIDAL_SURFACE('',#2675,7.5,0.5);
#72=TOROIDAL_SURFACE('',#2740,18.,1.);
#73=TOROIDAL_SURFACE('',#2772,6.,1.);
#74=TOROIDAL_SURFACE('',#2809,18.,1.);
#75=TOROIDAL_SURFACE('',#2816,6.,1.);
#76=TOROIDAL_SURFACE('',#2845,16.5,0.5);
#77=TOROIDAL_SURFACE('',#2850,16.5,0.5);
#78=TOROIDAL_SURFACE('',#2876,15.5,0.5);
#79=TOROIDAL_SURFACE('',#2880,15.5,0.5);
#80=FACE_BOUND('',#325,.T.);
#81=FACE_BOUND('',#326,.T.);
#82=FACE_BOUND('',#327,.T.);
#83=FACE_BOUND('',#328,.T.);
#84=FACE_BOUND('',#329,.T.);
#85=FACE_BOUND('',#340,.T.);
#86=FACE_BOUND('',#356,.T.);
#87=FACE_BOUND('',#417,.T.);
#88=FACE_BOUND('',#427,.T.);
#89=FACE_BOUND('',#443,.T.);
#90=FACE_BOUND('',#448,.T.);
#91=FACE_BOUND('',#449,.T.);
#92=FACE_BOUND('',#464,.T.);
#93=FACE_BOUND('',#466,.T.);
#94=FACE_BOUND('',#468,.T.);
#95=FACE_BOUND('',#485,.T.);
#96=PLANE('',#2582);
#97=PLANE('',#2583);
#98=PLANE('',#2587);
#99=PLANE('',#2588);
#100=PLANE('',#2589);
#101=PLANE('',#2590);
#102=PLANE('',#2591);
#103=PLANE('',#2593);
#104=PLANE('',#2594);
#105=PLANE('',#2595);
#106=PLANE('',#2596);
#107=PLANE('',#2603);
#108=PLANE('',#2605);
#109=PLANE('',#2607);
#110=PLANE('',#2613);
#111=PLANE('',#2614);
#112=PLANE('',#2618);
#113=PLANE('',#2620);
#114=PLANE('',#2629);
#115=PLANE('',#2656);
#116=PLANE('',#2658);
#117=PLANE('',#2659);
#118=PLANE('',#2664);
#119=PLANE('',#2665);
#120=PLANE('',#2678);
#121=PLANE('',#2690);
#122=PLANE('',#2695);
#123=PLANE('',#2697);
#124=PLANE('',#2699);
#125=PLANE('',#2701);
#126=PLANE('',#2707);
#127=PLANE('',#2709);
#128=PLANE('',#2712);
#129=PLANE('',#2774);
#130=PLANE('',#2776);
#131=PLANE('',#2779);
#132=PLANE('',#2783);
#133=PLANE('',#2786);
#134=PLANE('',#2790);
#135=PLANE('',#2791);
#136=PLANE('',#2801);
#137=PLANE('',#2804);
#138=PLANE('',#2818);
#139=PLANE('',#2819);
#140=PLANE('',#2821);
#141=PLANE('',#2823);
#142=PLANE('',#2825);
#143=PLANE('',#2852);
#144=PLANE('',#2853);
#145=PLANE('',#2854);
#146=PLANE('',#2856);
#147=PLANE('',#2858);
#148=PLANE('',#2860);
#149=PLANE('',#2863);
#150=PLANE('',#2883);
#151=FACE_OUTER_BOUND('',#311,.T.);
#152=FACE_OUTER_BOUND('',#312,.T.);
#153=FACE_OUTER_BOUND('',#313,.T.);
#154=FACE_OUTER_BOUND('',#314,.T.);
#155=FACE_OUTER_BOUND('',#315,.T.);
#156=FACE_OUTER_BOUND('',#316,.T.);
#157=FACE_OUTER_BOUND('',#317,.T.);
#158=FACE_OUTER_BOUND('',#318,.T.);
#159=FACE_OUTER_BOUND('',#319,.T.);
#160=FACE_OUTER_BOUND('',#320,.T.);
#161=FACE_OUTER_BOUND('',#321,.T.);
#162=FACE_OUTER_BOUND('',#322,.T.);
#163=FACE_OUTER_BOUND('',#323,.T.);
#164=FACE_OUTER_BOUND('',#324,.T.);
#165=FACE_OUTER_BOUND('',#330,.T.);
#166=FACE_OUTER_BOUND('',#331,.T.);
#167=FACE_OUTER_BOUND('',#332,.T.);
#168=FACE_OUTER_BOUND('',#333,.T.);
#169=FACE_OUTER_BOUND('',#334,.T.);
#170=FACE_OUTER_BOUND('',#335,.T.);
#171=FACE_OUTER_BOUND('',#336,.T.);
#172=FACE_OUTER_BOUND('',#337,.T.);
#173=FACE_OUTER_BOUND('',#338,.T.);
#174=FACE_OUTER_BOUND('',#339,.T.);
#175=FACE_OUTER_BOUND('',#341,.T.);
#176=FACE_OUTER_BOUND('',#342,.T.);
#177=FACE_OUTER_BOUND('',#343,.T.);
#178=FACE_OUTER_BOUND('',#344,.T.);
#179=FACE_OUTER_BOUND('',#345,.T.);
#180=FACE_OUTER_BOUND('',#346,.T.);
#181=FACE_OUTER_BOUND('',#347,.T.);
#182=FACE_OUTER_BOUND('',#348,.T.);
#183=FACE_OUTER_BOUND('',#349,.T.);
#184=FACE_OUTER_BOUND('',#350,.T.);
#185=FACE_OUTER_BOUND('',#351,.T.);
#186=FACE_OUTER_BOUND('',#352,.T.);
#187=FACE_OUTER_BOUND('',#353,.T.);
#188=FACE_OUTER_BOUND('',#354,.T.);
#189=FACE_OUTER_BOUND('',#355,.T.);
#190=FACE_OUTER_BOUND('',#357,.T.);
#191=FACE_OUTER_BOUND('',#358,.T.);
#192=FACE_OUTER_BOUND('',#359,.T.);
#193=FACE_OUTER_BOUND('',#360,.T.);
#194=FACE_OUTER_BOUND('',#361,.T.);
#195=FACE_OUTER_BOUND('',#362,.T.);
#196=FACE_OUTER_BOUND('',#363,.T.);
#197=FACE_OUTER_BOUND('',#364,.T.);
#198=FACE_OUTER_BOUND('',#365,.T.);
#199=FACE_OUTER_BOUND('',#366,.T.);
#200=FACE_OUTER_BOUND('',#367,.T.);
#201=FACE_OUTER_BOUND('',#368,.T.);
#202=FACE_OUTER_BOUND('',#369,.T.);
#203=FACE_OUTER_BOUND('',#370,.T.);
#204=FACE_OUTER_BOUND('',#371,.T.);
#205=FACE_OUTER_BOUND('',#372,.T.);
#206=FACE_OUTER_BOUND('',#373,.T.);
#207=FACE_OUTER_BOUND('',#374,.T.);
#208=FACE_OUTER_BOUND('',#375,.T.);
#209=FACE_OUTER_BOUND('',#376,.T.);
#210=FACE_OUTER_BOUND('',#377,.T.);
#211=FACE_OUTER_BOUND('',#378,.T.);
#212=FACE_OUTER_BOUND('',#379,.T.);
#213=FACE_OUTER_BOUND('',#380,.T.);
#214=FACE_OUTER_BOUND('',#381,.T.);
#215=FACE_OUTER_BOUND('',#382,.T.);
#216=FACE_OUTER_BOUND('',#383,.T.);
#217=FACE_OUTER_BOUND('',#384,.T.);
#218=FACE_OUTER_BOUND('',#385,.T.);
#219=FACE_OUTER_BOUND('',#386,.T.);
#220=FACE_OUTER_BOUND('',#387,.T.);
#221=FACE_OUTER_BOUND('',#388,.T.);
#222=FACE_OUTER_BOUND('',#389,.T.);
#223=FACE_OUTER_BOUND('',#390,.T.);
#224=FACE_OUTER_BOUND('',#391,.T.);
#225=FACE_OUTER_BOUND('',#392,.T.);
#226=FACE_OUTER_BOUND('',#393,.T.);
#227=FACE_OUTER_BOUND('',#394,.T.);
#228=FACE_OUTER_BOUND('',#395,.T.);
#229=FACE_OUTER_BOUND('',#396,.T.);
#230=FACE_OUTER_BOUND('',#397,.T.);
#231=FACE_OUTER_BOUND('',#398,.T.);
#232=FACE_OUTER_BOUND('',#399,.T.);
#233=FACE_OUTER_BOUND('',#400,.T.);
#234=FACE_OUTER_BOUND('',#401,.T.);
#235=FACE_OUTER_BOUND('',#402,.T.);
#236=FACE_OUTER_BOUND('',#403,.T.);
#237=FACE_OUTER_BOUND('',#404,.T.);
#238=FACE_OUTER_BOUND('',#405,.T.);
#239=FACE_OUTER_BOUND('',#406,.T.);
#240=FACE_OUTER_BOUND('',#407,.T.);
#241=FACE_OUTER_BOUND('',#408,.T.);
#242=FACE_OUTER_BOUND('',#409,.T.);
#243=FACE_OUTER_BOUND('',#410,.T.);
#244=FACE_OUTER_BOUND('',#411,.T.);
#245=FACE_OUTER_BOUND('',#412,.T.);
#246=FACE_OUTER_BOUND('',#413,.T.);
#247=FACE_OUTER_BOUND('',#414,.T.);
#248=FACE_OUTER_BOUND('',#415,.T.);
#249=FACE_OUTER_BOUND('',#416,.T.);
#250=FACE_OUTER_BOUND('',#418,.T.);
#251=FACE_OUTER_BOUND('',#419,.T.);
#252=FACE_OUTER_BOUND('',#420,.T.);
#253=FACE_OUTER_BOUND('',#421,.T.);
#254=FACE_OUTER_BOUND('',#422,.T.);
#255=FACE_OUTER_BOUND('',#423,.T.);
#256=FACE_OUTER_BOUND('',#424,.T.);
#257=FACE_OUTER_BOUND('',#425,.T.);
#258=FACE_OUTER_BOUND('',#426,.T.);
#259=FACE_OUTER_BOUND('',#428,.T.);
#260=FACE_OUTER_BOUND('',#429,.T.);
#261=FACE_OUTER_BOUND('',#430,.T.);
#262=FACE_OUTER_BOUND('',#431,.T.);
#263=FACE_OUTER_BOUND('',#432,.T.);
#264=FACE_OUTER_BOUND('',#433,.T.);
#265=FACE_OUTER_BOUND('',#434,.T.);
#266=FACE_OUTER_BOUND('',#435,.T.);
#267=FACE_OUTER_BOUND('',#436,.T.);
#268=FACE_OUTER_BOUND('',#437,.T.);
#269=FACE_OUTER_BOUND('',#438,.T.);
#270=FACE_OUTER_BOUND('',#439,.T.);
#271=FACE_OUTER_BOUND('',#440,.T.);
#272=FACE_OUTER_BOUND('',#441,.T.);
#273=FACE_OUTER_BOUND('',#442,.T.);
#274=FACE_OUTER_BOUND('',#444,.T.);
#275=FACE_OUTER_BOUND('',#445,.T.);
#276=FACE_OUTER_BOUND('',#446,.T.);
#277=FACE_OUTER_BOUND('',#447,.T.);
#278=FACE_OUTER_BOUND('',#450,.T.);
#279=FACE_OUTER_BOUND('',#451,.T.);
#280=FACE_OUTER_BOUND('',#452,.T.);
#281=FACE_OUTER_BOUND('',#453,.T.);
#282=FACE_OUTER_BOUND('',#454,.T.);
#283=FACE_OUTER_BOUND('',#455,.T.);
#284=FACE_OUTER_BOUND('',#456,.T.);
#285=FACE_OUTER_BOUND('',#457,.T.);
#286=FACE_OUTER_BOUND('',#458,.T.);
#287=FACE_OUTER_BOUND('',#459,.T.);
#288=FACE_OUTER_BOUND('',#460,.T.);
#289=FACE_OUTER_BOUND('',#461,.T.);
#290=FACE_OUTER_BOUND('',#462,.T.);
#291=FACE_OUTER_BOUND('',#463,.T.);
#292=FACE_OUTER_BOUND('',#465,.T.);
#293=FACE_OUTER_BOUND('',#467,.T.);
#294=FACE_OUTER_BOUND('',#469,.T.);
#295=FACE_OUTER_BOUND('',#470,.T.);
#296=FACE_OUTER_BOUND('',#471,.T.);
#297=FACE_OUTER_BOUND('',#472,.T.);
#298=FACE_OUTER_BOUND('',#473,.T.);
#299=FACE_OUTER_BOUND('',#474,.T.);
#300=FACE_OUTER_BOUND('',#475,.T.);
#301=FACE_OUTER_BOUND('',#476,.T.);
#302=FACE_OUTER_BOUND('',#477,.T.);
#303=FACE_OUTER_BOUND('',#478,.T.);
#304=FACE_OUTER_BOUND('',#479,.T.);
#305=FACE_OUTER_BOUND('',#480,.T.);
#306=FACE_OUTER_BOUND('',#481,.T.);
#307=FACE_OUTER_BOUND('',#482,.T.);
#308=FACE_OUTER_BOUND('',#483,.T.);
#309=FACE_OUTER_BOUND('',#484,.T.);
#310=FACE_OUTER_BOUND('',#486,.T.);
#311=EDGE_LOOP('',(#1601,#1602,#1603,#1604));
#312=EDGE_LOOP('',(#1605,#1606,#1607,#1608));
#313=EDGE_LOOP('',(#1609,#1610,#1611,#1612,#1613,#1614,#1615,#1616));
#314=EDGE_LOOP('',(#1617,#1618,#1619,#1620,#1621,#1622,#1623,#1624));
#315=EDGE_LOOP('',(#1625,#1626,#1627,#1628));
#316=EDGE_LOOP('',(#1629,#1630,#1631,#1632,#1633));
#317=EDGE_LOOP('',(#1634,#1635,#1636,#1637));
#318=EDGE_LOOP('',(#1638,#1639,#1640,#1641,#1642));
#319=EDGE_LOOP('',(#1643,#1644,#1645,#1646));
#320=EDGE_LOOP('',(#1647,#1648,#1649,#1650,#1651));
#321=EDGE_LOOP('',(#1652,#1653,#1654,#1655));
#322=EDGE_LOOP('',(#1656,#1657,#1658,#1659,#1660));
#323=EDGE_LOOP('',(#1661,#1662,#1663,#1664));
#324=EDGE_LOOP('',(#1665,#1666,#1667,#1668));
#325=EDGE_LOOP('',(#1669,#1670,#1671,#1672,#1673,#1674,#1675,#1676,#1677,
#1678,#1679,#1680));
#326=EDGE_LOOP('',(#1681));
#327=EDGE_LOOP('',(#1682));
#328=EDGE_LOOP('',(#1683));
#329=EDGE_LOOP('',(#1684));
#330=EDGE_LOOP('',(#1685));
#331=EDGE_LOOP('',(#1686));
#332=EDGE_LOOP('',(#1687));
#333=EDGE_LOOP('',(#1688,#1689,#1690,#1691));
#334=EDGE_LOOP('',(#1692,#1693,#1694,#1695));
#335=EDGE_LOOP('',(#1696,#1697,#1698,#1699,#1700,#1701));
#336=EDGE_LOOP('',(#1702,#1703,#1704,#1705));
#337=EDGE_LOOP('',(#1706,#1707,#1708,#1709));
#338=EDGE_LOOP('',(#1710,#1711,#1712));
#339=EDGE_LOOP('',(#1713,#1714,#1715,#1716));
#340=EDGE_LOOP('',(#1717));
#341=EDGE_LOOP('',(#1718,#1719,#1720,#1721));
#342=EDGE_LOOP('',(#1722,#1723,#1724,#1725));
#343=EDGE_LOOP('',(#1726,#1727,#1728,#1729));
#344=EDGE_LOOP('',(#1730,#1731,#1732,#1733));
#345=EDGE_LOOP('',(#1734,#1735,#1736));
#346=EDGE_LOOP('',(#1737,#1738,#1739));
#347=EDGE_LOOP('',(#1740,#1741,#1742,#1743));
#348=EDGE_LOOP('',(#1744,#1745,#1746,#1747,#1748,#1749,#1750,#1751,#1752,
#1753));
#349=EDGE_LOOP('',(#1754,#1755,#1756,#1757));
#350=EDGE_LOOP('',(#1758,#1759,#1760));
#351=EDGE_LOOP('',(#1761,#1762,#1763,#1764,#1765,#1766));
#352=EDGE_LOOP('',(#1767,#1768,#1769));
#353=EDGE_LOOP('',(#1770,#1771,#1772,#1773));
#354=EDGE_LOOP('',(#1774,#1775,#1776));
#355=EDGE_LOOP('',(#1777,#1778,#1779,#1780));
#356=EDGE_LOOP('',(#1781));
#357=EDGE_LOOP('',(#1782,#1783,#1784,#1785,#1786,#1787,#1788,#1789,#1790,
#1791,#1792,#1793,#1794));
#358=EDGE_LOOP('',(#1795,#1796,#1797,#1798));
#359=EDGE_LOOP('',(#1799,#1800,#1801,#1802,#1803,#1804,#1805,#1806,#1807,
#1808,#1809,#1810,#1811));
#360=EDGE_LOOP('',(#1812,#1813,#1814,#1815));
#361=EDGE_LOOP('',(#1816,#1817,#1818,#1819));
#362=EDGE_LOOP('',(#1820,#1821,#1822,#1823));
#363=EDGE_LOOP('',(#1824,#1825,#1826,#1827));
#364=EDGE_LOOP('',(#1828,#1829,#1830));
#365=EDGE_LOOP('',(#1831,#1832,#1833,#1834,#1835,#1836,#1837,#1838,#1839,
#1840));
#366=EDGE_LOOP('',(#1841,#1842,#1843,#1844));
#367=EDGE_LOOP('',(#1845,#1846,#1847));
#368=EDGE_LOOP('',(#1848,#1849,#1850,#1851,#1852,#1853,#1854,#1855,#1856,
#1857,#1858,#1859));
#369=EDGE_LOOP('',(#1860,#1861,#1862));
#370=EDGE_LOOP('',(#1863,#1864));
#371=EDGE_LOOP('',(#1865,#1866,#1867));
#372=EDGE_LOOP('',(#1868,#1869,#1870,#1871));
#373=EDGE_LOOP('',(#1872,#1873,#1874));
#374=EDGE_LOOP('',(#1875,#1876,#1877,#1878,#1879));
#375=EDGE_LOOP('',(#1880,#1881,#1882,#1883));
#376=EDGE_LOOP('',(#1884,#1885,#1886,#1887,#1888,#1889));
#377=EDGE_LOOP('',(#1890,#1891,#1892,#1893));
#378=EDGE_LOOP('',(#1894,#1895,#1896,#1897));
#379=EDGE_LOOP('',(#1898,#1899,#1900,#1901));
#380=EDGE_LOOP('',(#1902,#1903,#1904,#1905));
#381=EDGE_LOOP('',(#1906,#1907,#1908,#1909,#1910,#1911));
#382=EDGE_LOOP('',(#1912,#1913,#1914,#1915));
#383=EDGE_LOOP('',(#1916,#1917,#1918,#1919,#1920,#1921,#1922,#1923,#1924,
#1925,#1926));
#384=EDGE_LOOP('',(#1927,#1928,#1929,#1930));
#385=EDGE_LOOP('',(#1931,#1932,#1933,#1934));
#386=EDGE_LOOP('',(#1935,#1936,#1937,#1938));
#387=EDGE_LOOP('',(#1939,#1940,#1941,#1942));
#388=EDGE_LOOP('',(#1943,#1944,#1945,#1946));
#389=EDGE_LOOP('',(#1947,#1948,#1949,#1950));
#390=EDGE_LOOP('',(#1951,#1952,#1953,#1954));
#391=EDGE_LOOP('',(#1955,#1956,#1957,#1958));
#392=EDGE_LOOP('',(#1959,#1960,#1961,#1962));
#393=EDGE_LOOP('',(#1963,#1964,#1965,#1966));
#394=EDGE_LOOP('',(#1967,#1968,#1969,#1970));
#395=EDGE_LOOP('',(#1971,#1972,#1973,#1974));
#396=EDGE_LOOP('',(#1975,#1976,#1977,#1978));
#397=EDGE_LOOP('',(#1979,#1980,#1981,#1982));
#398=EDGE_LOOP('',(#1983,#1984,#1985,#1986));
#399=EDGE_LOOP('',(#1987,#1988,#1989,#1990));
#400=EDGE_LOOP('',(#1991,#1992,#1993,#1994));
#401=EDGE_LOOP('',(#1995,#1996,#1997,#1998));
#402=EDGE_LOOP('',(#1999,#2000,#2001,#2002));
#403=EDGE_LOOP('',(#2003,#2004,#2005,#2006));
#404=EDGE_LOOP('',(#2007,#2008,#2009,#2010));
#405=EDGE_LOOP('',(#2011,#2012,#2013,#2014,#2015,#2016));
#406=EDGE_LOOP('',(#2017,#2018,#2019,#2020));
#407=EDGE_LOOP('',(#2021,#2022,#2023,#2024,#2025,#2026,#2027,#2028,#2029,
#2030,#2031));
#408=EDGE_LOOP('',(#2032,#2033,#2034,#2035));
#409=EDGE_LOOP('',(#2036,#2037,#2038,#2039));
#410=EDGE_LOOP('',(#2040,#2041,#2042,#2043));
#411=EDGE_LOOP('',(#2044,#2045,#2046,#2047));
#412=EDGE_LOOP('',(#2048,#2049,#2050,#2051,#2052,#2053,#2054));
#413=EDGE_LOOP('',(#2055,#2056,#2057,#2058));
#414=EDGE_LOOP('',(#2059,#2060,#2061,#2062));
#415=EDGE_LOOP('',(#2063,#2064,#2065,#2066));
#416=EDGE_LOOP('',(#2067,#2068,#2069,#2070));
#417=EDGE_LOOP('',(#2071));
#418=EDGE_LOOP('',(#2072,#2073,#2074,#2075));
#419=EDGE_LOOP('',(#2076,#2077,#2078,#2079,#2080,#2081,#2082,#2083,#2084,
#2085,#2086,#2087,#2088,#2089,#2090,#2091));
#420=EDGE_LOOP('',(#2092,#2093,#2094));
#421=EDGE_LOOP('',(#2095,#2096,#2097,#2098,#2099,#2100,#2101));
#422=EDGE_LOOP('',(#2102,#2103,#2104,#2105));
#423=EDGE_LOOP('',(#2106,#2107,#2108,#2109,#2110,#2111,#2112));
#424=EDGE_LOOP('',(#2113,#2114,#2115));
#425=EDGE_LOOP('',(#2116,#2117,#2118,#2119,#2120,#2121,#2122,#2123,#2124,
#2125,#2126,#2127,#2128,#2129,#2130,#2131));
#426=EDGE_LOOP('',(#2132,#2133,#2134,#2135));
#427=EDGE_LOOP('',(#2136));
#428=EDGE_LOOP('',(#2137,#2138,#2139));
#429=EDGE_LOOP('',(#2140,#2141,#2142,#2143));
#430=EDGE_LOOP('',(#2144,#2145,#2146,#2147));
#431=EDGE_LOOP('',(#2148,#2149,#2150,#2151));
#432=EDGE_LOOP('',(#2152,#2153,#2154,#2155));
#433=EDGE_LOOP('',(#2156,#2157,#2158,#2159));
#434=EDGE_LOOP('',(#2160,#2161,#2162,#2163));
#435=EDGE_LOOP('',(#2164,#2165,#2166,#2167));
#436=EDGE_LOOP('',(#2168,#2169,#2170,#2171));
#437=EDGE_LOOP('',(#2172,#2173,#2174,#2175));
#438=EDGE_LOOP('',(#2176,#2177,#2178,#2179));
#439=EDGE_LOOP('',(#2180,#2181,#2182,#2183));
#440=EDGE_LOOP('',(#2184,#2185,#2186,#2187));
#441=EDGE_LOOP('',(#2188,#2189,#2190,#2191));
#442=EDGE_LOOP('',(#2192,#2193,#2194,#2195));
#443=EDGE_LOOP('',(#2196));
#444=EDGE_LOOP('',(#2197));
#445=EDGE_LOOP('',(#2198));
#446=EDGE_LOOP('',(#2199));
#447=EDGE_LOOP('',(#2200,#2201,#2202,#2203,#2204,#2205,#2206));
#448=EDGE_LOOP('',(#2207,#2208,#2209,#2210));
#449=EDGE_LOOP('',(#2211,#2212,#2213,#2214));
#450=EDGE_LOOP('',(#2215,#2216,#2217,#2218));
#451=EDGE_LOOP('',(#2219,#2220,#2221,#2222));
#452=EDGE_LOOP('',(#2223,#2224,#2225,#2226));
#453=EDGE_LOOP('',(#2227,#2228,#2229,#2230));
#454=EDGE_LOOP('',(#2231,#2232,#2233,#2234));
#455=EDGE_LOOP('',(#2235,#2236,#2237,#2238));
#456=EDGE_LOOP('',(#2239,#2240,#2241,#2242));
#457=EDGE_LOOP('',(#2243,#2244,#2245,#2246));
#458=EDGE_LOOP('',(#2247,#2248,#2249,#2250));
#459=EDGE_LOOP('',(#2251,#2252,#2253,#2254));
#460=EDGE_LOOP('',(#2255,#2256,#2257,#2258));
#461=EDGE_LOOP('',(#2259,#2260,#2261,#2262));
#462=EDGE_LOOP('',(#2263,#2264,#2265,#2266));
#463=EDGE_LOOP('',(#2267));
#464=EDGE_LOOP('',(#2268));
#465=EDGE_LOOP('',(#2269));
#466=EDGE_LOOP('',(#2270));
#467=EDGE_LOOP('',(#2271));
#468=EDGE_LOOP('',(#2272));
#469=EDGE_LOOP('',(#2273,#2274,#2275,#2276));
#470=EDGE_LOOP('',(#2277,#2278,#2279,#2280));
#471=EDGE_LOOP('',(#2281,#2282,#2283,#2284));
#472=EDGE_LOOP('',(#2285,#2286,#2287,#2288));
#473=EDGE_LOOP('',(#2289,#2290,#2291,#2292));
#474=EDGE_LOOP('',(#2293,#2294,#2295,#2296));
#475=EDGE_LOOP('',(#2297,#2298,#2299,#2300));
#476=EDGE_LOOP('',(#2301,#2302,#2303,#2304));
#477=EDGE_LOOP('',(#2305,#2306,#2307,#2308));
#478=EDGE_LOOP('',(#2309,#2310,#2311,#2312));
#479=EDGE_LOOP('',(#2313,#2314,#2315,#2316));
#480=EDGE_LOOP('',(#2317,#2318,#2319,#2320));
#481=EDGE_LOOP('',(#2321,#2322,#2323,#2324));
#482=EDGE_LOOP('',(#2325,#2326,#2327,#2328));
#483=EDGE_LOOP('',(#2329,#2330,#2331,#2332));
#484=EDGE_LOOP('',(#2333));
#485=EDGE_LOOP('',(#2334));
#486=EDGE_LOOP('',(#2335,#2336,#2337,#2338));
#487=ELLIPSE('',#2578,0.707106781186547,0.5);
#488=ELLIPSE('',#2581,0.707106781186547,0.5);
#489=ELLIPSE('',#2586,0.707106781186547,0.5);
#490=ELLIPSE('',#2635,1.08817708376022,1.0312650999729);
#491=ELLIPSE('',#2637,12.2052101830424,2.5);
#492=ELLIPSE('',#2638,12.2052101830424,2.5);
#493=ELLIPSE('',#2639,10.3077640640441,2.5);
#494=ELLIPSE('',#2640,10.3077640640441,2.5);
#495=ELLIPSE('',#2648,6.00843071603738,6.);
#496=ELLIPSE('',#2649,6.00843071603738,6.);
#497=ELLIPSE('',#2655,1.08817718312691,1.03126514758433);
#498=ELLIPSE('',#2680,10.307764064044,2.5);
#499=ELLIPSE('',#2681,10.307764064044,2.5);
#500=ELLIPSE('',#2682,12.2052101830424,2.5);
#501=ELLIPSE('',#2683,12.2052101830424,2.5);
#502=ELLIPSE('',#2718,0.707106781186547,0.5);
#503=ELLIPSE('',#2720,0.707106781186547,0.5);
#504=ELLIPSE('',#2725,12.3173518100378,3.);
#505=ELLIPSE('',#2728,7.00722767358258,7.);
#506=ELLIPSE('',#2731,12.3173518100378,3.);
#507=ELLIPSE('',#2735,10.4403065089105,3.);
#508=ELLIPSE('',#2736,10.4403065089105,3.);
#509=ELLIPSE('',#2744,10.4403065089105,3.);
#510=ELLIPSE('',#2746,10.4403065089105,3.);
#511=ELLIPSE('',#2748,7.00722767358258,7.);
#512=ELLIPSE('',#2753,12.3173518100378,3.);
#513=ELLIPSE('',#2756,0.707106781186547,0.5);
#514=ELLIPSE('',#2758,0.707106781186547,0.5);
#515=ELLIPSE('',#2763,12.3173518100378,3.);
#516=ELLIPSE('',#2829,0.707106781186547,0.5);
#517=ELLIPSE('',#2830,0.707106781186547,0.5);
#518=ELLIPSE('',#2832,0.707106781186547,0.5);
#519=ELLIPSE('',#2834,0.707106781186547,0.5);
#520=ELLIPSE('',#2868,0.707106781186547,0.5);
#521=LINE('',#3692,#699);
#522=LINE('',#3695,#700);
#523=LINE('',#3701,#701);
#524=LINE('',#3704,#702);
#525=LINE('',#3707,#703);
#526=LINE('',#3709,#704);
#527=LINE('',#3710,#705);
#528=LINE('',#3712,#706);
#529=LINE('',#3714,#707);
#530=LINE('',#3715,#708);
#531=LINE('',#3719,#709);
#532=LINE('',#3721,#710);
#533=LINE('',#3723,#711);
#534=LINE('',#3725,#712);
#535=LINE('',#3727,#713);
#536=LINE('',#3729,#714);
#537=LINE('',#3731,#715);
#538=LINE('',#3732,#716);
#539=LINE('',#3737,#717);
#540=LINE('',#3741,#718);
#541=LINE('',#3743,#719);
#542=LINE('',#3744,#720);
#543=LINE('',#3747,#721);
#544=LINE('',#3749,#722);
#545=LINE('',#3750,#723);
#546=LINE('',#3752,#724);
#547=LINE('',#3753,#725);
#548=LINE('',#3758,#726);
#549=LINE('',#3760,#727);
#550=LINE('',#3761,#728);
#551=LINE('',#3765,#729);
#552=LINE('',#3767,#730);
#553=LINE('',#3768,#731);
#554=LINE('',#3770,#732);
#555=LINE('',#3771,#733);
#556=LINE('',#3778,#734);
#557=LINE('',#3781,#735);
#558=LINE('',#3782,#736);
#559=LINE('',#3784,#737);
#560=LINE('',#3785,#738);
#561=LINE('',#3805,#739);
#562=LINE('',#3809,#740);
#563=LINE('',#3814,#741);
#564=LINE('',#3816,#742);
#565=LINE('',#3818,#743);
#566=LINE('',#3820,#744);
#567=LINE('',#3822,#745);
#568=LINE('',#3823,#746);
#569=LINE('',#3827,#747);
#570=LINE('',#3829,#748);
#571=LINE('',#3831,#749);
#572=LINE('',#3832,#750);
#573=LINE('',#3838,#751);
#574=LINE('',#3841,#752);
#575=LINE('',#3845,#753);
#576=LINE('',#3847,#754);
#577=LINE('',#3851,#755);
#578=LINE('',#3853,#756);
#579=LINE('',#3854,#757);
#580=LINE('',#4387,#758);
#581=LINE('',#4388,#759);
#582=LINE('',#4458,#760);
#583=LINE('',#4463,#761);
#584=LINE('',#4500,#762);
#585=LINE('',#4502,#763);
#586=LINE('',#4506,#764);
#587=LINE('',#4508,#765);
#588=LINE('',#4509,#766);
#589=LINE('',#4515,#767);
#590=LINE('',#4518,#768);
#591=LINE('',#4519,#769);
#592=LINE('',#4523,#770);
#593=LINE('',#4526,#771);
#594=LINE('',#4530,#772);
#595=LINE('',#4531,#773);
#596=LINE('',#4532,#774);
#597=LINE('',#4537,#775);
#598=LINE('',#4542,#776);
#599=LINE('',#4545,#777);
#600=LINE('',#4546,#778);
#601=LINE('',#5079,#779);
#602=LINE('',#5080,#780);
#603=LINE('',#5122,#781);
#604=LINE('',#5123,#782);
#605=LINE('',#5127,#783);
#606=LINE('',#5131,#784);
#607=LINE('',#5133,#785);
#608=LINE('',#5135,#786);
#609=LINE('',#5153,#787);
#610=LINE('',#5155,#788);
#611=LINE('',#5158,#789);
#612=LINE('',#5161,#790);
#613=LINE('',#5163,#791);
#614=LINE('',#5164,#792);
#615=LINE('',#5168,#793);
#616=LINE('',#5171,#794);
#617=LINE('',#5172,#795);
#618=LINE('',#5178,#796);
#619=LINE('',#5192,#797);
#620=LINE('',#5196,#798);
#621=LINE('',#5200,#799);
#622=LINE('',#5212,#800);
#623=LINE('',#5213,#801);
#624=LINE('',#5217,#802);
#625=LINE('',#5233,#803);
#626=LINE('',#5260,#804);
#627=LINE('',#5276,#805);
#628=LINE('',#5278,#806);
#629=LINE('',#5327,#807);
#630=LINE('',#5328,#808);
#631=LINE('',#5331,#809);
#632=LINE('',#5362,#810);
#633=LINE('',#5410,#811);
#634=LINE('',#5413,#812);
#635=LINE('',#5415,#813);
#636=LINE('',#5433,#814);
#637=LINE('',#5449,#815);
#638=LINE('',#5453,#816);
#639=LINE('',#5457,#817);
#640=LINE('',#5469,#818);
#641=LINE('',#5470,#819);
#642=LINE('',#5474,#820);
#643=LINE('',#5489,#821);
#644=LINE('',#5490,#822);
#645=LINE('',#5492,#823);
#646=LINE('',#5495,#824);
#647=LINE('',#5499,#825);
#648=LINE('',#5503,#826);
#649=LINE('',#5506,#827);
#650=LINE('',#5515,#828);
#651=LINE('',#5519,#829);
#652=LINE('',#5523,#830);
#653=LINE('',#5524,#831);
#654=LINE('',#5531,#832);
#655=LINE('',#5532,#833);
#656=LINE('',#5535,#834);
#657=LINE('',#5538,#835);
#658=LINE('',#5544,#836);
#659=LINE('',#5547,#837);
#660=LINE('',#5548,#838);
#661=LINE('',#5557,#839);
#662=LINE('',#5561,#840);
#663=LINE('',#5564,#841);
#664=LINE('',#5567,#842);
#665=LINE('',#5568,#843);
#666=LINE('',#5572,#844);
#667=LINE('',#5574,#845);
#668=LINE('',#5578,#846);
#669=LINE('',#5581,#847);
#670=LINE('',#5588,#848);
#671=LINE('',#5590,#849);
#672=LINE('',#5593,#850);
#673=LINE('',#5600,#851);
#674=LINE('',#5602,#852);
#675=LINE('',#5604,#853);
#676=LINE('',#5605,#854);
#677=LINE('',#5618,#855);
#678=LINE('',#5622,#856);
#679=LINE('',#5627,#857);
#680=LINE('',#5631,#858);
#681=LINE('',#5636,#859);
#682=LINE('',#5640,#860);
#683=LINE('',#5644,#861);
#684=LINE('',#5650,#862);
#685=LINE('',#5659,#863);
#686=LINE('',#5663,#864);
#687=LINE('',#5665,#865);
#688=LINE('',#5677,#866);
#689=LINE('',#5679,#867);
#690=LINE('',#5680,#868);
#691=LINE('',#5683,#869);
#692=LINE('',#5687,#870);
#693=LINE('',#5688,#871);
#694=LINE('',#5696,#872);
#695=LINE('',#5698,#873);
#696=LINE('',#5700,#874);
#697=LINE('',#5712,#875);
#698=LINE('',#5717,#876);
#699=VECTOR('',#2892,22.);
#700=VECTOR('',#2895,21.);
#701=VECTOR('',#2900,21.);
#702=VECTOR('',#2903,22.);
#703=VECTOR('',#2906,10.);
#704=VECTOR('',#2907,10.);
#705=VECTOR('',#2908,10.);
#706=VECTOR('',#2909,10.);
#707=VECTOR('',#2910,21.);
#708=VECTOR('',#2911,10.);
#709=VECTOR('',#2914,10.);
#710=VECTOR('',#2915,10.);
#711=VECTOR('',#2916,10.);
#712=VECTOR('',#2917,21.);
#713=VECTOR('',#2918,10.);
#714=VECTOR('',#2919,21.);
#715=VECTOR('',#2920,10.);
#716=VECTOR('',#2921,21.);
#717=VECTOR('',#2926,22.);
#718=VECTOR('',#2931,10.);
#719=VECTOR('',#2932,10.);
#720=VECTOR('',#2933,10.);
#721=VECTOR('',#2936,10.);
#722=VECTOR('',#2937,10.);
#723=VECTOR('',#2938,10.);
#724=VECTOR('',#2941,10.);
#725=VECTOR('',#2942,10.);
#726=VECTOR('',#2947,10.);
#727=VECTOR('',#2948,10.);
#728=VECTOR('',#2949,10.);
#729=VECTOR('',#2954,10.);
#730=VECTOR('',#2955,10.);
#731=VECTOR('',#2956,10.);
#732=VECTOR('',#2959,10.);
#733=VECTOR('',#2960,10.);
#734=VECTOR('',#2967,33.);
#735=VECTOR('',#2970,33.);
#736=VECTOR('',#2971,42.);
#737=VECTOR('',#2972,22.);
#738=VECTOR('',#2973,42.);
#739=VECTOR('',#2996,1.1);
#740=VECTOR('',#3001,1.1);
#741=VECTOR('',#3006,13.);
#742=VECTOR('',#3007,8.);
#743=VECTOR('',#3008,4.54807787040571);
#744=VECTOR('',#3009,3.90384425918858);
#745=VECTOR('',#3010,4.54807787040571);
#746=VECTOR('',#3011,8.);
#747=VECTOR('',#3014,13.);
#748=VECTOR('',#3015,8.);
#749=VECTOR('',#3016,13.);
#750=VECTOR('',#3017,8.);
#751=VECTOR('',#3022,35.186280111289);
#752=VECTOR('',#3025,35.186280111289);
#753=VECTOR('',#3028,6.24466313259034);
#754=VECTOR('',#3029,3.21292309205784);
#755=VECTOR('',#3034,4.93130191941943);
#756=VECTOR('',#3035,13.);
#757=VECTOR('',#3036,4.93130191941943);
#758=VECTOR('',#3055,6.24466313259034);
#759=VECTOR('',#3056,3.21292309205786);
#760=VECTOR('',#3093,14.6651702948429);
#761=VECTOR('',#3098,14.6651702948429);
#762=VECTOR('',#3113,6.24466313259022);
#763=VECTOR('',#3114,3.2129230920578);
#764=VECTOR('',#3119,4.93130191941942);
#765=VECTOR('',#3120,13.);
#766=VECTOR('',#3121,4.93130191941942);
#767=VECTOR('',#3126,35.2656542786542);
#768=VECTOR('',#3129,16.8);
#769=VECTOR('',#3130,6.20000000000001);
#770=VECTOR('',#3133,35.2656542786542);
#771=VECTOR('',#3136,22.);
#772=VECTOR('',#3139,22.);
#773=VECTOR('',#3140,13.);
#774=VECTOR('',#3141,13.);
#775=VECTOR('',#3146,35.2656542786542);
#776=VECTOR('',#3151,35.2656542786542);
#777=VECTOR('',#3154,6.20000000000001);
#778=VECTOR('',#3155,16.8);
#779=VECTOR('',#3174,6.24466313259022);
#780=VECTOR('',#3175,3.21292309205777);
#781=VECTOR('',#3200,40.9772844544548);
#782=VECTOR('',#3201,2.02480404950422);
#783=VECTOR('',#3204,28.);
#784=VECTOR('',#3207,28.);
#785=VECTOR('',#3210,2.02480404950408);
#786=VECTOR('',#3211,40.977284454455);
#787=VECTOR('',#3240,45.1183345175576);
#788=VECTOR('',#3241,25.3553761652563);
#789=VECTOR('',#3244,39.3848666414998);
#790=VECTOR('',#3247,3.48689359124221);
#791=VECTOR('',#3248,3.48689359124221);
#792=VECTOR('',#3249,28.);
#793=VECTOR('',#3254,3.48689359124221);
#794=VECTOR('',#3257,3.48689359124221);
#795=VECTOR('',#3258,28.);
#796=VECTOR('',#3267,3.28083573497697);
#797=VECTOR('',#3270,37.1120701425499);
#798=VECTOR('',#3275,14.);
#799=VECTOR('',#3280,37.1120701425499);
#800=VECTOR('',#3283,4.);
#801=VECTOR('',#3284,4.);
#802=VECTOR('',#3289,3.28083573497698);
#803=VECTOR('',#3294,39.3848666414998);
#804=VECTOR('',#3303,2.02480404950407);
#805=VECTOR('',#3308,9.77805430357453);
#806=VECTOR('',#3309,9.77526813688231);
#807=VECTOR('',#3320,3.77805430357453);
#808=VECTOR('',#3321,3.77526813688231);
#809=VECTOR('',#3324,40.977284454455);
#810=VECTOR('',#3339,40.9772844544548);
#811=VECTOR('',#3348,45.1183345175576);
#812=VECTOR('',#3351,9.77526813688234);
#813=VECTOR('',#3352,9.77805430357456);
#814=VECTOR('',#3361,3.28083573497693);
#815=VECTOR('',#3364,37.1120701425499);
#816=VECTOR('',#3369,14.);
#817=VECTOR('',#3374,37.1120701425499);
#818=VECTOR('',#3377,4.);
#819=VECTOR('',#3378,4.);
#820=VECTOR('',#3383,3.28083573497692);
#821=VECTOR('',#3388,3.77805430357456);
#822=VECTOR('',#3389,3.77526813688233);
#823=VECTOR('',#3392,2.02480404950422);
#824=VECTOR('',#3395,6.5);
#825=VECTOR('',#3400,25.3553761652563);
#826=VECTOR('',#3405,25.);
#827=VECTOR('',#3408,25.);
#828=VECTOR('',#3419,14.);
#829=VECTOR('',#3422,14.);
#830=VECTOR('',#3427,25.);
#831=VECTOR('',#3428,48.3450274629169);
#832=VECTOR('',#3437,40.977284454455);
#833=VECTOR('',#3438,19.);
#834=VECTOR('',#3441,19.);
#835=VECTOR('',#3446,40.9772844544548);
#836=VECTOR('',#3455,54.0784953389748);
#837=VECTOR('',#3458,25.);
#838=VECTOR('',#3459,25.3553761652563);
#839=VECTOR('',#3472,9.);
#840=VECTOR('',#3477,3.48689359124218);
#841=VECTOR('',#3480,3.48689359124218);
#842=VECTOR('',#3483,14.);
#843=VECTOR('',#3484,3.48689359124218);
#844=VECTOR('',#3489,3.48689359124218);
#845=VECTOR('',#3492,14.);
#846=VECTOR('',#3497,48.3450274629169);
#847=VECTOR('',#3500,40.977284454455);
#848=VECTOR('',#3511,40.9772844544548);
#849=VECTOR('',#3514,54.0784953389748);
#850=VECTOR('',#3517,25.3553761652563);
#851=VECTOR('',#3526,40.);
#852=VECTOR('',#3527,20.);
#853=VECTOR('',#3528,40.);
#854=VECTOR('',#3529,20.);
#855=VECTOR('',#3544,33.);
#856=VECTOR('',#3547,33.);
#857=VECTOR('',#3556,41.);
#858=VECTOR('',#3563,41.);
#859=VECTOR('',#3570,1.3);
#860=VECTOR('',#3575,1.3);
#861=VECTOR('',#3580,1.30000000000001);
#862=VECTOR('',#3587,33.);
#863=VECTOR('',#3600,33.);
#864=VECTOR('',#3607,41.);
#865=VECTOR('',#3610,41.);
#866=VECTOR('',#3625,7.);
#867=VECTOR('',#3626,7.);
#868=VECTOR('',#3627,33.);
#869=VECTOR('',#3630,7.);
#870=VECTOR('',#3635,7.);
#871=VECTOR('',#3636,33.);
#872=VECTOR('',#3651,1.1);
#873=VECTOR('',#3654,1.1);
#874=VECTOR('',#3657,1.1);
#875=VECTOR('',#3678,1.1);
#876=VECTOR('',#3685,1.3);
#877=CIRCLE('',#2577,0.5);
#878=CIRCLE('',#2580,0.5);
#879=CIRCLE('',#2585,0.5);
#880=CIRCLE('',#2592,0.5);
#881=CIRCLE('',#2597,15.5);
#882=CIRCLE('',#2598,15.5);
#883=CIRCLE('',#2599,1.1);
#884=CIRCLE('',#2600,1.1);
#885=CIRCLE('',#2601,1.1);
#886=CIRCLE('',#2602,1.1);
#887=CIRCLE('',#2604,1.3);
#888=CIRCLE('',#2606,1.1);
#889=CIRCLE('',#2608,1.1);
#890=CIRCLE('',#2610,1.1);
#891=CIRCLE('',#2612,1.1);
#892=CIRCLE('',#2616,1.);
#893=CIRCLE('',#2617,1.);
#894=CIRCLE('',#2619,7.5);
#895=CIRCLE('',#2622,8.);
#896=CIRCLE('',#2623,0.5);
#897=CIRCLE('',#2624,0.5);
#898=CIRCLE('',#2625,0.5);
#899=CIRCLE('',#2627,8.);
#900=CIRCLE('',#2628,7.5);
#901=CIRCLE('',#2631,1.);
#902=CIRCLE('',#2632,1.);
#903=CIRCLE('',#2633,0.5);
#904=CIRCLE('',#2634,0.5);
#905=CIRCLE('',#2641,0.5);
#906=CIRCLE('',#2642,0.5);
#907=CIRCLE('',#2644,1.);
#908=CIRCLE('',#2645,1.);
#909=CIRCLE('',#2646,1.);
#910=CIRCLE('',#2651,1.);
#911=CIRCLE('',#2652,1.);
#912=CIRCLE('',#2653,0.5);
#913=CIRCLE('',#2654,0.5);
#914=CIRCLE('',#2657,7.5);
#915=CIRCLE('',#2660,8.);
#916=CIRCLE('',#2661,0.5);
#917=CIRCLE('',#2662,0.5);
#918=CIRCLE('',#2663,8.);
#919=CIRCLE('',#2666,0.5);
#920=CIRCLE('',#2667,8.);
#921=CIRCLE('',#2668,8.);
#922=CIRCLE('',#2669,0.5);
#923=CIRCLE('',#2671,8.);
#924=CIRCLE('',#2672,0.5);
#925=CIRCLE('',#2673,0.5);
#926=CIRCLE('',#2674,0.5);
#927=CIRCLE('',#2676,8.);
#928=CIRCLE('',#2677,7.5);
#929=CIRCLE('',#2684,0.5);
#930=CIRCLE('',#2685,0.5);
#931=CIRCLE('',#2687,1.);
#932=CIRCLE('',#2688,1.);
#933=CIRCLE('',#2689,1.);
#934=CIRCLE('',#2691,16.);
#935=CIRCLE('',#2692,16.);
#936=CIRCLE('',#2693,16.);
#937=CIRCLE('',#2694,18.);
#938=CIRCLE('',#2696,6.5);
#939=CIRCLE('',#2698,6.5);
#940=CIRCLE('',#2700,6.5);
#941=CIRCLE('',#2702,6.5);
#942=CIRCLE('',#2704,1.);
#943=CIRCLE('',#2705,1.);
#944=CIRCLE('',#2706,1.);
#945=CIRCLE('',#2708,6.);
#946=CIRCLE('',#2711,13.1437039865158);
#947=CIRCLE('',#2714,13.1437039865158);
#948=CIRCLE('',#2716,0.5);
#949=CIRCLE('',#2724,0.5);
#950=CIRCLE('',#2727,1.);
#951=CIRCLE('',#2729,1.);
#952=CIRCLE('',#2733,1.);
#953=CIRCLE('',#2734,0.5);
#954=CIRCLE('',#2739,1.);
#955=CIRCLE('',#2741,1.);
#956=CIRCLE('',#2742,19.);
#957=CIRCLE('',#2743,0.5);
#958=CIRCLE('',#2747,1.);
#959=CIRCLE('',#2751,1.);
#960=CIRCLE('',#2752,0.5);
#961=CIRCLE('',#2762,0.5);
#962=CIRCLE('',#2767,6.5);
#963=CIRCLE('',#2769,1.);
#964=CIRCLE('',#2771,1.);
#965=CIRCLE('',#2773,7.);
#966=CIRCLE('',#2775,9.);
#967=CIRCLE('',#2777,11.1437039865158);
#968=CIRCLE('',#2778,11.1437039865158);
#969=CIRCLE('',#2781,1.);
#970=CIRCLE('',#2782,1.);
#971=CIRCLE('',#2785,19.);
#972=CIRCLE('',#2788,1.);
#973=CIRCLE('',#2789,1.);
#974=CIRCLE('',#2793,1.);
#975=CIRCLE('',#2794,1.);
#976=CIRCLE('',#2796,7.);
#977=CIRCLE('',#2798,9.);
#978=CIRCLE('',#2800,14.);
#979=CIRCLE('',#2803,14.);
#980=CIRCLE('',#2806,1.);
#981=CIRCLE('',#2808,1.);
#982=CIRCLE('',#2810,1.);
#983=CIRCLE('',#2811,18.);
#984=CIRCLE('',#2815,1.);
#985=CIRCLE('',#2817,6.);
#986=CIRCLE('',#2820,1.3);
#987=CIRCLE('',#2822,1.3);
#988=CIRCLE('',#2824,1.30000000000001);
#989=CIRCLE('',#2826,16.5);
#990=CIRCLE('',#2827,16.5);
#991=CIRCLE('',#2837,1.3);
#992=CIRCLE('',#2839,1.3);
#993=CIRCLE('',#2841,1.30000000000001);
#994=CIRCLE('',#2843,0.5);
#995=CIRCLE('',#2844,0.5);
#996=CIRCLE('',#2846,0.5);
#997=CIRCLE('',#2847,16.);
#998=CIRCLE('',#2849,0.5);
#999=CIRCLE('',#2851,16.);
#1000=CIRCLE('',#2855,1.1);
#1001=CIRCLE('',#2857,1.1);
#1002=CIRCLE('',#2859,1.1);
#1003=CIRCLE('',#2862,16.);
#1004=CIRCLE('',#2865,16.);
#1005=CIRCLE('',#2874,0.5);
#1006=CIRCLE('',#2875,0.5);
#1007=CIRCLE('',#2877,0.5);
#1008=CIRCLE('',#2879,0.5);
#1009=CIRCLE('',#2882,1.1);
#1010=CIRCLE('',#2884,1.3);
#1011=VERTEX_POINT('',#3688);
#1012=VERTEX_POINT('',#3689);
#1013=VERTEX_POINT('',#3691);
#1014=VERTEX_POINT('',#3693);
#1015=VERTEX_POINT('',#3697);
#1016=VERTEX_POINT('',#3698);
#1017=VERTEX_POINT('',#3700);
#1018=VERTEX_POINT('',#3702);
#1019=VERTEX_POINT('',#3706);
#1020=VERTEX_POINT('',#3708);
#1021=VERTEX_POINT('',#3711);
#1022=VERTEX_POINT('',#3713);
#1023=VERTEX_POINT('',#3717);
#1024=VERTEX_POINT('',#3718);
#1025=VERTEX_POINT('',#3720);
#1026=VERTEX_POINT('',#3722);
#1027=VERTEX_POINT('',#3724);
#1028=VERTEX_POINT('',#3726);
#1029=VERTEX_POINT('',#3728);
#1030=VERTEX_POINT('',#3730);
#1031=VERTEX_POINT('',#3734);
#1032=VERTEX_POINT('',#3736);
#1033=VERTEX_POINT('',#3740);
#1034=VERTEX_POINT('',#3742);
#1035=VERTEX_POINT('',#3746);
#1036=VERTEX_POINT('',#3748);
#1037=VERTEX_POINT('',#3756);
#1038=VERTEX_POINT('',#3757);
#1039=VERTEX_POINT('',#3759);
#1040=VERTEX_POINT('',#3764);
#1041=VERTEX_POINT('',#3766);
#1042=VERTEX_POINT('',#3774);
#1043=VERTEX_POINT('',#3775);
#1044=VERTEX_POINT('',#3777);
#1045=VERTEX_POINT('',#3779);
#1046=VERTEX_POINT('',#3783);
#1047=VERTEX_POINT('',#3786);
#1048=VERTEX_POINT('',#3788);
#1049=VERTEX_POINT('',#3790);
#1050=VERTEX_POINT('',#3792);
#1051=VERTEX_POINT('',#3795);
#1052=VERTEX_POINT('',#3798);
#1053=VERTEX_POINT('',#3801);
#1054=VERTEX_POINT('',#3804);
#1055=VERTEX_POINT('',#3808);
#1056=VERTEX_POINT('',#3812);
#1057=VERTEX_POINT('',#3813);
#1058=VERTEX_POINT('',#3815);
#1059=VERTEX_POINT('',#3817);
#1060=VERTEX_POINT('',#3819);
#1061=VERTEX_POINT('',#3821);
#1062=VERTEX_POINT('',#3825);
#1063=VERTEX_POINT('',#3826);
#1064=VERTEX_POINT('',#3828);
#1065=VERTEX_POINT('',#3830);
#1066=VERTEX_POINT('',#3834);
#1067=VERTEX_POINT('',#3835);
#1068=VERTEX_POINT('',#3837);
#1069=VERTEX_POINT('',#3839);
#1070=VERTEX_POINT('',#3843);
#1071=VERTEX_POINT('',#3844);
#1072=VERTEX_POINT('',#3846);
#1073=VERTEX_POINT('',#3850);
#1074=VERTEX_POINT('',#3852);
#1075=VERTEX_POINT('',#3856);
#1076=VERTEX_POINT('',#3869);
#1077=VERTEX_POINT('',#3920);
#1078=VERTEX_POINT('',#4030);
#1079=VERTEX_POINT('',#4168);
#1080=VERTEX_POINT('',#4272);
#1081=VERTEX_POINT('',#4369);
#1082=VERTEX_POINT('',#4371);
#1083=VERTEX_POINT('',#4386);
#1084=VERTEX_POINT('',#4390);
#1085=VERTEX_POINT('',#4405);
#1086=VERTEX_POINT('',#4406);
#1087=VERTEX_POINT('',#4408);
#1088=VERTEX_POINT('',#4413);
#1089=VERTEX_POINT('',#4417);
#1090=VERTEX_POINT('',#4418);
#1091=VERTEX_POINT('',#4425);
#1092=VERTEX_POINT('',#4440);
#1093=VERTEX_POINT('',#4442);
#1094=VERTEX_POINT('',#4449);
#1095=VERTEX_POINT('',#4450);
#1096=VERTEX_POINT('',#4452);
#1097=VERTEX_POINT('',#4456);
#1098=VERTEX_POINT('',#4457);
#1099=VERTEX_POINT('',#4460);
#1100=VERTEX_POINT('',#4462);
#1101=VERTEX_POINT('',#4471);
#1102=VERTEX_POINT('',#4486);
#1103=VERTEX_POINT('',#4487);
#1104=VERTEX_POINT('',#4489);
#1105=VERTEX_POINT('',#4494);
#1106=VERTEX_POINT('',#4498);
#1107=VERTEX_POINT('',#4499);
#1108=VERTEX_POINT('',#4501);
#1109=VERTEX_POINT('',#4505);
#1110=VERTEX_POINT('',#4507);
#1111=VERTEX_POINT('',#4511);
#1112=VERTEX_POINT('',#4512);
#1113=VERTEX_POINT('',#4514);
#1114=VERTEX_POINT('',#4517);
#1115=VERTEX_POINT('',#4520);
#1116=VERTEX_POINT('',#4522);
#1117=VERTEX_POINT('',#4524);
#1118=VERTEX_POINT('',#4528);
#1119=VERTEX_POINT('',#4529);
#1120=VERTEX_POINT('',#4534);
#1121=VERTEX_POINT('',#4536);
#1122=VERTEX_POINT('',#4539);
#1123=VERTEX_POINT('',#4541);
#1124=VERTEX_POINT('',#4544);
#1125=VERTEX_POINT('',#4548);
#1126=VERTEX_POINT('',#4561);
#1127=VERTEX_POINT('',#4612);
#1128=VERTEX_POINT('',#4722);
#1129=VERTEX_POINT('',#4860);
#1130=VERTEX_POINT('',#4964);
#1131=VERTEX_POINT('',#5061);
#1132=VERTEX_POINT('',#5063);
#1133=VERTEX_POINT('',#5078);
#1134=VERTEX_POINT('',#5082);
#1135=VERTEX_POINT('',#5083);
#1136=VERTEX_POINT('',#5088);
#1137=VERTEX_POINT('',#5105);
#1138=VERTEX_POINT('',#5107);
#1139=VERTEX_POINT('',#5114);
#1140=VERTEX_POINT('',#5115);
#1141=VERTEX_POINT('',#5117);
#1142=VERTEX_POINT('',#5121);
#1143=VERTEX_POINT('',#5124);
#1144=VERTEX_POINT('',#5126);
#1145=VERTEX_POINT('',#5128);
#1146=VERTEX_POINT('',#5130);
#1147=VERTEX_POINT('',#5134);
#1148=VERTEX_POINT('',#5146);
#1149=VERTEX_POINT('',#5147);
#1150=VERTEX_POINT('',#5149);
#1151=VERTEX_POINT('',#5154);
#1152=VERTEX_POINT('',#5156);
#1153=VERTEX_POINT('',#5160);
#1154=VERTEX_POINT('',#5162);
#1155=VERTEX_POINT('',#5166);
#1156=VERTEX_POINT('',#5170);
#1157=VERTEX_POINT('',#5176);
#1158=VERTEX_POINT('',#5180);
#1159=VERTEX_POINT('',#5191);
#1160=VERTEX_POINT('',#5195);
#1161=VERTEX_POINT('',#5199);
#1162=VERTEX_POINT('',#5215);
#1163=VERTEX_POINT('',#5232);
#1164=VERTEX_POINT('',#5256);
#1165=VERTEX_POINT('',#5275);
#1166=VERTEX_POINT('',#5277);
#1167=VERTEX_POINT('',#5301);
#1168=VERTEX_POINT('',#5330);
#1169=VERTEX_POINT('',#5334);
#1170=VERTEX_POINT('',#5358);
#1171=VERTEX_POINT('',#5406);
#1172=VERTEX_POINT('',#5412);
#1173=VERTEX_POINT('',#5414);
#1174=VERTEX_POINT('',#5429);
#1175=VERTEX_POINT('',#5435);
#1176=VERTEX_POINT('',#5448);
#1177=VERTEX_POINT('',#5452);
#1178=VERTEX_POINT('',#5456);
#1179=VERTEX_POINT('',#5472);
#1180=VERTEX_POINT('',#5494);
#1181=VERTEX_POINT('',#5498);
#1182=VERTEX_POINT('',#5502);
#1183=VERTEX_POINT('',#5504);
#1184=VERTEX_POINT('',#5510);
#1185=VERTEX_POINT('',#5513);
#1186=VERTEX_POINT('',#5514);
#1187=VERTEX_POINT('',#5516);
#1188=VERTEX_POINT('',#5518);
#1189=VERTEX_POINT('',#5522);
#1190=VERTEX_POINT('',#5526);
#1191=VERTEX_POINT('',#5530);
#1192=VERTEX_POINT('',#5534);
#1193=VERTEX_POINT('',#5540);
#1194=VERTEX_POINT('',#5546);
#1195=VERTEX_POINT('',#5550);
#1196=VERTEX_POINT('',#5556);
#1197=VERTEX_POINT('',#5560);
#1198=VERTEX_POINT('',#5562);
#1199=VERTEX_POINT('',#5566);
#1200=VERTEX_POINT('',#5570);
#1201=VERTEX_POINT('',#5576);
#1202=VERTEX_POINT('',#5580);
#1203=VERTEX_POINT('',#5584);
#1204=VERTEX_POINT('',#5592);
#1205=VERTEX_POINT('',#5598);
#1206=VERTEX_POINT('',#5599);
#1207=VERTEX_POINT('',#5601);
#1208=VERTEX_POINT('',#5603);
#1209=VERTEX_POINT('',#5607);
#1210=VERTEX_POINT('',#5610);
#1211=VERTEX_POINT('',#5613);
#1212=VERTEX_POINT('',#5616);
#1213=VERTEX_POINT('',#5617);
#1214=VERTEX_POINT('',#5619);
#1215=VERTEX_POINT('',#5621);
#1216=VERTEX_POINT('',#5635);
#1217=VERTEX_POINT('',#5639);
#1218=VERTEX_POINT('',#5643);
#1219=VERTEX_POINT('',#5647);
#1220=VERTEX_POINT('',#5649);
#1221=VERTEX_POINT('',#5653);
#1222=VERTEX_POINT('',#5657);
#1223=VERTEX_POINT('',#5667);
#1224=VERTEX_POINT('',#5670);
#1225=VERTEX_POINT('',#5673);
#1226=VERTEX_POINT('',#5676);
#1227=VERTEX_POINT('',#5678);
#1228=VERTEX_POINT('',#5682);
#1229=VERTEX_POINT('',#5686);
#1230=VERTEX_POINT('',#5710);
#1231=VERTEX_POINT('',#5714);
#1232=EDGE_CURVE('',#1011,#1012,#877,.T.);
#1233=EDGE_CURVE('',#1013,#1012,#521,.F.);
#1234=EDGE_CURVE('',#1014,#1013,#487,.F.);
#1235=EDGE_CURVE('',#1011,#1014,#522,.T.);
#1236=EDGE_CURVE('',#1015,#1016,#878,.T.);
#1237=EDGE_CURVE('',#1017,#1016,#523,.T.);
#1238=EDGE_CURVE('',#1017,#1018,#488,.F.);
#1239=EDGE_CURVE('',#1015,#1018,#524,.F.);
#1240=EDGE_CURVE('',#1016,#1019,#525,.T.);
#1241=EDGE_CURVE('',#1019,#1020,#526,.T.);
#1242=EDGE_CURVE('',#1020,#1011,#527,.T.);
#1243=EDGE_CURVE('',#1014,#1021,#528,.T.);
#1244=EDGE_CURVE('',#1021,#1022,#529,.F.);
#1245=EDGE_CURVE('',#1017,#1022,#530,.T.);
#1246=EDGE_CURVE('',#1023,#1024,#531,.T.);
#1247=EDGE_CURVE('',#1024,#1025,#532,.T.);
#1248=EDGE_CURVE('',#1025,#1026,#533,.T.);
#1249=EDGE_CURVE('',#1026,#1027,#534,.T.);
#1250=EDGE_CURVE('',#1027,#1028,#535,.T.);
#1251=EDGE_CURVE('',#1028,#1029,#536,.F.);
#1252=EDGE_CURVE('',#1030,#1029,#537,.T.);
#1253=EDGE_CURVE('',#1030,#1023,#538,.T.);
#1254=EDGE_CURVE('',#1026,#1031,#879,.T.);
#1255=EDGE_CURVE('',#1032,#1031,#539,.F.);
#1256=EDGE_CURVE('',#1032,#1027,#489,.T.);
#1257=EDGE_CURVE('',#1033,#1015,#540,.T.);
#1258=EDGE_CURVE('',#1033,#1034,#541,.T.);
#1259=EDGE_CURVE('',#1034,#1019,#542,.T.);
#1260=EDGE_CURVE('',#1035,#1033,#543,.T.);
#1261=EDGE_CURVE('',#1035,#1036,#544,.T.);
#1262=EDGE_CURVE('',#1036,#1034,#545,.T.);
#1263=EDGE_CURVE('',#1012,#1035,#546,.T.);
#1264=EDGE_CURVE('',#1020,#1036,#547,.T.);
#1265=EDGE_CURVE('',#1037,#1038,#548,.T.);
#1266=EDGE_CURVE('',#1037,#1039,#549,.T.);
#1267=EDGE_CURVE('',#1039,#1024,#550,.T.);
#1268=EDGE_CURVE('',#1038,#1023,#880,.T.);
#1269=EDGE_CURVE('',#1040,#1037,#551,.T.);
#1270=EDGE_CURVE('',#1040,#1041,#552,.T.);
#1271=EDGE_CURVE('',#1041,#1039,#553,.T.);
#1272=EDGE_CURVE('',#1031,#1040,#554,.T.);
#1273=EDGE_CURVE('',#1025,#1041,#555,.T.);
#1274=EDGE_CURVE('',#1042,#1043,#881,.F.);
#1275=EDGE_CURVE('',#1043,#1044,#556,.T.);
#1276=EDGE_CURVE('',#1044,#1045,#882,.F.);
#1277=EDGE_CURVE('',#1045,#1042,#557,.T.);
#1278=EDGE_CURVE('',#1018,#1032,#558,.F.);
#1279=EDGE_CURVE('',#1038,#1046,#559,.F.);
#1280=EDGE_CURVE('',#1046,#1013,#560,.F.);
#1281=EDGE_CURVE('',#1047,#1047,#883,.T.);
#1282=EDGE_CURVE('',#1048,#1048,#884,.T.);
#1283=EDGE_CURVE('',#1049,#1049,#885,.T.);
#1284=EDGE_CURVE('',#1050,#1050,#886,.T.);
#1285=EDGE_CURVE('',#1051,#1051,#887,.T.);
#1286=EDGE_CURVE('',#1052,#1052,#888,.T.);
#1287=EDGE_CURVE('',#1053,#1053,#889,.T.);
#1288=EDGE_CURVE('',#1052,#1054,#561,.T.);
#1289=EDGE_CURVE('',#1054,#1054,#890,.T.);
#1290=EDGE_CURVE('',#1053,#1055,#562,.T.);
#1291=EDGE_CURVE('',#1055,#1055,#891,.T.);
#1292=EDGE_CURVE('',#1056,#1057,#563,.T.);
#1293=EDGE_CURVE('',#1058,#1057,#564,.T.);
#1294=EDGE_CURVE('',#1059,#1058,#565,.T.);
#1295=EDGE_CURVE('',#1060,#1059,#566,.T.);
#1296=EDGE_CURVE('',#1061,#1060,#567,.T.);
#1297=EDGE_CURVE('',#1061,#1056,#568,.T.);
#1298=EDGE_CURVE('',#1062,#1063,#569,.T.);
#1299=EDGE_CURVE('',#1064,#1063,#570,.T.);
#1300=EDGE_CURVE('',#1065,#1064,#571,.T.);
#1301=EDGE_CURVE('',#1065,#1062,#572,.T.);
#1302=EDGE_CURVE('',#1066,#1067,#892,.T.);
#1303=EDGE_CURVE('',#1068,#1066,#573,.F.);
#1304=EDGE_CURVE('',#1068,#1069,#893,.T.);
#1305=EDGE_CURVE('',#1067,#1069,#574,.F.);
#1306=EDGE_CURVE('',#1070,#1071,#575,.F.);
#1307=EDGE_CURVE('',#1071,#1072,#576,.T.);
#1308=EDGE_CURVE('',#1072,#1070,#894,.F.);
#1309=EDGE_CURVE('',#1062,#1073,#577,.T.);
#1310=EDGE_CURVE('',#1073,#1074,#578,.T.);
#1311=EDGE_CURVE('',#1063,#1074,#579,.T.);
#1312=EDGE_CURVE('',#1072,#1075,#45,.F.);
#1313=EDGE_CURVE('',#1076,#1075,#895,.T.);
#1314=EDGE_CURVE('',#1070,#1076,#896,.T.);
#1315=EDGE_CURVE('',#1077,#1076,#46,.T.);
#1316=EDGE_CURVE('',#1078,#1077,#897,.T.);
#1317=EDGE_CURVE('',#1070,#1078,#47,.T.);
#1318=EDGE_CURVE('',#1079,#1077,#48,.T.);
#1319=EDGE_CURVE('',#1080,#1079,#898,.T.);
#1320=EDGE_CURVE('',#1078,#1080,#49,.T.);
#1321=EDGE_CURVE('',#1081,#1079,#899,.T.);
#1322=EDGE_CURVE('',#1081,#1082,#50,.T.);
#1323=EDGE_CURVE('',#1080,#1082,#900,.F.);
#1324=EDGE_CURVE('',#1083,#1080,#580,.F.);
#1325=EDGE_CURVE('',#1082,#1083,#581,.T.);
#1326=EDGE_CURVE('',#1084,#1068,#901,.T.);
#1327=EDGE_CURVE('',#1084,#1069,#902,.T.);
#1328=EDGE_CURVE('',#1085,#1086,#903,.T.);
#1329=EDGE_CURVE('',#1087,#1086,#51,.T.);
#1330=EDGE_CURVE('',#1088,#1087,#904,.T.);
#1331=EDGE_CURVE('',#1085,#1088,#490,.T.);
#1332=EDGE_CURVE('',#1089,#1090,#52,.T.);
#1333=EDGE_CURVE('',#1089,#1071,#491,.T.);
#1334=EDGE_CURVE('',#1083,#1087,#492,.T.);
#1335=EDGE_CURVE('',#1086,#1091,#493,.T.);
#1336=EDGE_CURVE('',#1091,#1090,#494,.T.);
#1337=EDGE_CURVE('',#1092,#1090,#905,.T.);
#1338=EDGE_CURVE('',#1093,#1092,#53,.F.);
#1339=EDGE_CURVE('',#1089,#1093,#906,.T.);
#1340=EDGE_CURVE('',#1094,#1095,#907,.T.);
#1341=EDGE_CURVE('',#1096,#1095,#908,.F.);
#1342=EDGE_CURVE('',#1094,#1096,#909,.T.);
#1343=EDGE_CURVE('',#1097,#1098,#582,.T.);
#1344=EDGE_CURVE('',#1097,#1067,#495,.T.);
#1345=EDGE_CURVE('',#1069,#1099,#496,.T.);
#1346=EDGE_CURVE('',#1100,#1099,#583,.T.);
#1347=EDGE_CURVE('',#1098,#1100,#54,.T.);
#1348=EDGE_CURVE('',#1066,#1101,#910,.F.);
#1349=EDGE_CURVE('',#1101,#1067,#911,.T.);
#1350=EDGE_CURVE('',#1102,#1103,#912,.T.);
#1351=EDGE_CURVE('',#1104,#1103,#55,.T.);
#1352=EDGE_CURVE('',#1105,#1104,#913,.T.);
#1353=EDGE_CURVE('',#1102,#1105,#497,.T.);
#1354=EDGE_CURVE('',#1106,#1107,#584,.T.);
#1355=EDGE_CURVE('',#1107,#1108,#585,.T.);
#1356=EDGE_CURVE('',#1108,#1106,#914,.F.);
#1357=EDGE_CURVE('',#1109,#1056,#586,.T.);
#1358=EDGE_CURVE('',#1109,#1110,#587,.T.);
#1359=EDGE_CURVE('',#1110,#1057,#588,.T.);
#1360=EDGE_CURVE('',#1111,#1112,#915,.T.);
#1361=EDGE_CURVE('',#1112,#1113,#589,.T.);
#1362=EDGE_CURVE('',#1113,#1073,#916,.T.);
#1363=EDGE_CURVE('',#1114,#1065,#590,.T.);
#1364=EDGE_CURVE('',#1058,#1114,#591,.T.);
#1365=EDGE_CURVE('',#1110,#1115,#917,.T.);
#1366=EDGE_CURVE('',#1115,#1116,#592,.T.);
#1367=EDGE_CURVE('',#1116,#1117,#918,.T.);
#1368=EDGE_CURVE('',#1117,#1111,#593,.T.);
#1369=EDGE_CURVE('',#1118,#1119,#594,.T.);
#1370=EDGE_CURVE('',#1119,#1111,#595,.T.);
#1371=EDGE_CURVE('',#1117,#1118,#596,.F.);
#1372=EDGE_CURVE('',#1074,#1120,#919,.T.);
#1373=EDGE_CURVE('',#1120,#1121,#597,.T.);
#1374=EDGE_CURVE('',#1121,#1119,#920,.T.);
#1375=EDGE_CURVE('',#1118,#1122,#921,.T.);
#1376=EDGE_CURVE('',#1122,#1123,#598,.T.);
#1377=EDGE_CURVE('',#1123,#1109,#922,.T.);
#1378=EDGE_CURVE('',#1124,#1061,#599,.T.);
#1379=EDGE_CURVE('',#1064,#1124,#600,.T.);
#1380=EDGE_CURVE('',#1108,#1125,#56,.F.);
#1381=EDGE_CURVE('',#1126,#1125,#923,.T.);
#1382=EDGE_CURVE('',#1106,#1126,#924,.T.);
#1383=EDGE_CURVE('',#1127,#1126,#57,.T.);
#1384=EDGE_CURVE('',#1128,#1127,#925,.T.);
#1385=EDGE_CURVE('',#1106,#1128,#58,.T.);
#1386=EDGE_CURVE('',#1129,#1127,#59,.T.);
#1387=EDGE_CURVE('',#1130,#1129,#926,.T.);
#1388=EDGE_CURVE('',#1128,#1130,#60,.T.);
#1389=EDGE_CURVE('',#1131,#1129,#927,.T.);
#1390=EDGE_CURVE('',#1131,#1132,#61,.T.);
#1391=EDGE_CURVE('',#1130,#1132,#928,.F.);
#1392=EDGE_CURVE('',#1133,#1130,#601,.T.);
#1393=EDGE_CURVE('',#1132,#1133,#602,.F.);
#1394=EDGE_CURVE('',#1134,#1135,#62,.T.);
#1395=EDGE_CURVE('',#1134,#1136,#498,.T.);
#1396=EDGE_CURVE('',#1136,#1104,#499,.T.);
#1397=EDGE_CURVE('',#1103,#1107,#500,.T.);
#1398=EDGE_CURVE('',#1133,#1135,#501,.T.);
#1399=EDGE_CURVE('',#1134,#1137,#929,.T.);
#1400=EDGE_CURVE('',#1138,#1135,#930,.T.);
#1401=EDGE_CURVE('',#1138,#1137,#63,.T.);
#1402=EDGE_CURVE('',#1139,#1140,#931,.T.);
#1403=EDGE_CURVE('',#1141,#1140,#932,.T.);
#1404=EDGE_CURVE('',#1139,#1141,#933,.T.);
#1405=EDGE_CURVE('',#1142,#1140,#603,.T.);
#1406=EDGE_CURVE('',#1140,#1097,#604,.F.);
#1407=EDGE_CURVE('',#1143,#1098,#934,.T.);
#1408=EDGE_CURVE('',#1144,#1143,#605,.T.);
#1409=EDGE_CURVE('',#1145,#1144,#935,.T.);
#1410=EDGE_CURVE('',#1146,#1145,#606,.T.);
#1411=EDGE_CURVE('',#1100,#1146,#936,.T.);
#1412=EDGE_CURVE('',#1099,#1096,#607,.F.);
#1413=EDGE_CURVE('',#1096,#1147,#608,.T.);
#1414=EDGE_CURVE('',#1147,#1142,#937,.T.);
#1415=EDGE_CURVE('',#1114,#1059,#938,.T.);
#1416=EDGE_CURVE('',#1059,#1060,#939,.T.);
#1417=EDGE_CURVE('',#1060,#1124,#940,.T.);
#1418=EDGE_CURVE('',#1124,#1114,#941,.T.);
#1419=EDGE_CURVE('',#1148,#1149,#942,.T.);
#1420=EDGE_CURVE('',#1148,#1150,#943,.T.);
#1421=EDGE_CURVE('',#1149,#1150,#944,.T.);
#1422=EDGE_CURVE('',#1066,#1149,#609,.T.);
#1423=EDGE_CURVE('',#1149,#1151,#610,.F.);
#1424=EDGE_CURVE('',#1151,#1152,#945,.T.);
#1425=EDGE_CURVE('',#1152,#1068,#611,.T.);
#1426=EDGE_CURVE('',#1146,#1153,#612,.T.);
#1427=EDGE_CURVE('',#1154,#1145,#613,.T.);
#1428=EDGE_CURVE('',#1153,#1154,#614,.T.);
#1429=EDGE_CURVE('',#1155,#1153,#946,.T.);
#1430=EDGE_CURVE('',#1143,#1155,#615,.T.);
#1431=EDGE_CURVE('',#1156,#1144,#616,.T.);
#1432=EDGE_CURVE('',#1156,#1155,#617,.T.);
#1433=EDGE_CURVE('',#1154,#1156,#947,.T.);
#1434=EDGE_CURVE('',#1071,#1157,#948,.T.);
#1435=EDGE_CURVE('',#1075,#1157,#618,.F.);
#1436=EDGE_CURVE('',#1158,#1112,#64,.T.);
#1437=EDGE_CURVE('',#1159,#1158,#619,.F.);
#1438=EDGE_CURVE('',#1113,#1159,#502,.T.);
#1439=EDGE_CURVE('',#1160,#1159,#620,.F.);
#1440=EDGE_CURVE('',#1160,#1120,#503,.F.);
#1441=EDGE_CURVE('',#1161,#1160,#621,.F.);
#1442=EDGE_CURVE('',#1121,#1161,#65,.T.);
#1443=EDGE_CURVE('',#1081,#1161,#622,.F.);
#1444=EDGE_CURVE('',#1158,#1075,#623,.F.);
#1445=EDGE_CURVE('',#1162,#1083,#949,.T.);
#1446=EDGE_CURVE('',#1162,#1081,#624,.F.);
#1447=EDGE_CURVE('',#1088,#1162,#504,.T.);
#1448=EDGE_CURVE('',#1084,#1163,#625,.F.);
#1449=EDGE_CURVE('',#1152,#1163,#950,.F.);
#1450=EDGE_CURVE('',#1164,#1084,#505,.T.);
#1451=EDGE_CURVE('',#1164,#1099,#951,.T.);
#1452=EDGE_CURVE('',#1094,#1164,#626,.T.);
#1453=EDGE_CURVE('',#1157,#1093,#506,.T.);
#1454=EDGE_CURVE('',#1085,#1165,#627,.T.);
#1455=EDGE_CURVE('',#1166,#1088,#628,.F.);
#1456=EDGE_CURVE('',#1166,#1165,#952,.T.);
#1457=EDGE_CURVE('',#1167,#1091,#953,.T.);
#1458=EDGE_CURVE('',#1167,#1085,#507,.T.);
#1459=EDGE_CURVE('',#1092,#1167,#508,.T.);
#1460=EDGE_CURVE('',#1095,#1092,#629,.T.);
#1461=EDGE_CURVE('',#1093,#1094,#630,.F.);
#1462=EDGE_CURVE('',#1168,#1095,#631,.F.);
#1463=EDGE_CURVE('',#1168,#1147,#954,.T.);
#1464=EDGE_CURVE('',#1169,#1142,#955,.T.);
#1465=EDGE_CURVE('',#1169,#1168,#956,.F.);
#1466=EDGE_CURVE('',#1170,#1136,#957,.T.);
#1467=EDGE_CURVE('',#1105,#1170,#509,.T.);
#1468=EDGE_CURVE('',#1141,#1169,#632,.F.);
#1469=EDGE_CURVE('',#1170,#1137,#510,.T.);
#1470=EDGE_CURVE('',#1171,#1097,#958,.T.);
#1471=EDGE_CURVE('',#1101,#1171,#511,.T.);
#1472=EDGE_CURVE('',#1148,#1101,#633,.F.);
#1473=EDGE_CURVE('',#1102,#1172,#634,.T.);
#1474=EDGE_CURVE('',#1173,#1105,#635,.F.);
#1475=EDGE_CURVE('',#1173,#1172,#959,.T.);
#1476=EDGE_CURVE('',#1107,#1174,#960,.T.);
#1477=EDGE_CURVE('',#1174,#1102,#512,.T.);
#1478=EDGE_CURVE('',#1125,#1174,#636,.F.);
#1479=EDGE_CURVE('',#1175,#1122,#66,.T.);
#1480=EDGE_CURVE('',#1176,#1175,#637,.F.);
#1481=EDGE_CURVE('',#1176,#1123,#513,.F.);
#1482=EDGE_CURVE('',#1177,#1176,#638,.F.);
#1483=EDGE_CURVE('',#1177,#1115,#514,.F.);
#1484=EDGE_CURVE('',#1178,#1177,#639,.F.);
#1485=EDGE_CURVE('',#1116,#1178,#67,.T.);
#1486=EDGE_CURVE('',#1131,#1178,#640,.T.);
#1487=EDGE_CURVE('',#1175,#1125,#641,.T.);
#1488=EDGE_CURVE('',#1179,#1133,#961,.T.);
#1489=EDGE_CURVE('',#1179,#1131,#642,.T.);
#1490=EDGE_CURVE('',#1138,#1179,#515,.T.);
#1491=EDGE_CURVE('',#1137,#1141,#643,.F.);
#1492=EDGE_CURVE('',#1139,#1138,#644,.T.);
#1493=EDGE_CURVE('',#1171,#1139,#645,.T.);
#1494=EDGE_CURVE('',#1114,#1180,#646,.T.);
#1495=EDGE_CURVE('',#1180,#1180,#962,.T.);
#1496=EDGE_CURVE('',#1181,#1150,#647,.T.);
#1497=EDGE_CURVE('',#1151,#1181,#963,.T.);
#1498=EDGE_CURVE('',#1182,#1148,#648,.F.);
#1499=EDGE_CURVE('',#1182,#1183,#964,.T.);
#1500=EDGE_CURVE('',#1150,#1183,#649,.T.);
#1501=EDGE_CURVE('',#1163,#1181,#965,.F.);
#1502=EDGE_CURVE('',#1184,#1184,#966,.T.);
#1503=EDGE_CURVE('',#1185,#1186,#650,.T.);
#1504=EDGE_CURVE('',#1186,#1187,#967,.T.);
#1505=EDGE_CURVE('',#1187,#1188,#651,.T.);
#1506=EDGE_CURVE('',#1188,#1185,#968,.T.);
#1507=EDGE_CURVE('',#1163,#1189,#652,.T.);
#1508=EDGE_CURVE('',#1189,#1166,#653,.T.);
#1509=EDGE_CURVE('',#1166,#1190,#969,.T.);
#1510=EDGE_CURVE('',#1165,#1190,#970,.T.);
#1511=EDGE_CURVE('',#1165,#1191,#654,.F.);
#1512=EDGE_CURVE('',#1191,#1168,#655,.T.);
#1513=EDGE_CURVE('',#1169,#1192,#656,.F.);
#1514=EDGE_CURVE('',#1191,#1192,#971,.F.);
#1515=EDGE_CURVE('',#1192,#1173,#657,.F.);
#1516=EDGE_CURVE('',#1193,#1173,#972,.F.);
#1517=EDGE_CURVE('',#1193,#1172,#973,.T.);
#1518=EDGE_CURVE('',#1172,#1182,#658,.T.);
#1519=EDGE_CURVE('',#1194,#1181,#659,.F.);
#1520=EDGE_CURVE('',#1183,#1194,#660,.T.);
#1521=EDGE_CURVE('',#1195,#1182,#974,.T.);
#1522=EDGE_CURVE('',#1195,#1183,#975,.T.);
#1523=EDGE_CURVE('',#1194,#1189,#976,.F.);
#1524=EDGE_CURVE('',#1184,#1196,#661,.T.);
#1525=EDGE_CURVE('',#1196,#1196,#977,.T.);
#1526=EDGE_CURVE('',#1197,#1188,#662,.T.);
#1527=EDGE_CURVE('',#1197,#1198,#978,.T.);
#1528=EDGE_CURVE('',#1185,#1198,#663,.T.);
#1529=EDGE_CURVE('',#1199,#1198,#664,.T.);
#1530=EDGE_CURVE('',#1186,#1199,#665,.T.);
#1531=EDGE_CURVE('',#1199,#1200,#979,.T.);
#1532=EDGE_CURVE('',#1200,#1187,#666,.T.);
#1533=EDGE_CURVE('',#1200,#1197,#667,.T.);
#1534=EDGE_CURVE('',#1189,#1201,#980,.F.);
#1535=EDGE_CURVE('',#1190,#1201,#668,.F.);
#1536=EDGE_CURVE('',#1202,#1190,#669,.T.);
#1537=EDGE_CURVE('',#1202,#1191,#981,.T.);
#1538=EDGE_CURVE('',#1203,#1192,#982,.T.);
#1539=EDGE_CURVE('',#1203,#1202,#983,.T.);
#1540=EDGE_CURVE('',#1193,#1203,#670,.T.);
#1541=EDGE_CURVE('',#1195,#1193,#671,.F.);
#1542=EDGE_CURVE('',#1204,#1195,#672,.F.);
#1543=EDGE_CURVE('',#1204,#1194,#984,.T.);
#1544=EDGE_CURVE('',#1201,#1204,#985,.T.);
#1545=EDGE_CURVE('',#1205,#1206,#673,.T.);
#1546=EDGE_CURVE('',#1206,#1207,#674,.T.);
#1547=EDGE_CURVE('',#1207,#1208,#675,.T.);
#1548=EDGE_CURVE('',#1208,#1205,#676,.T.);
#1549=EDGE_CURVE('',#1209,#1209,#986,.T.);
#1550=EDGE_CURVE('',#1210,#1210,#987,.T.);
#1551=EDGE_CURVE('',#1211,#1211,#988,.T.);
#1552=EDGE_CURVE('',#1212,#1213,#677,.F.);
#1553=EDGE_CURVE('',#1213,#1214,#989,.F.);
#1554=EDGE_CURVE('',#1214,#1215,#678,.F.);
#1555=EDGE_CURVE('',#1215,#1212,#990,.F.);
#1556=EDGE_CURVE('',#1022,#1208,#516,.T.);
#1557=EDGE_CURVE('',#1028,#1207,#517,.T.);
#1558=EDGE_CURVE('',#1022,#1028,#679,.F.);
#1559=EDGE_CURVE('',#1205,#1021,#518,.F.);
#1560=EDGE_CURVE('',#1029,#1021,#680,.F.);
#1561=EDGE_CURVE('',#1206,#1029,#519,.F.);
#1562=EDGE_CURVE('',#1209,#1216,#681,.T.);
#1563=EDGE_CURVE('',#1216,#1216,#991,.T.);
#1564=EDGE_CURVE('',#1210,#1217,#682,.T.);
#1565=EDGE_CURVE('',#1217,#1217,#992,.T.);
#1566=EDGE_CURVE('',#1211,#1218,#683,.T.);
#1567=EDGE_CURVE('',#1218,#1218,#993,.T.);
#1568=EDGE_CURVE('',#1212,#1219,#994,.T.);
#1569=EDGE_CURVE('',#1220,#1219,#684,.T.);
#1570=EDGE_CURVE('',#1213,#1220,#995,.T.);
#1571=EDGE_CURVE('',#1221,#1214,#996,.T.);
#1572=EDGE_CURVE('',#1221,#1220,#997,.T.);
#1573=EDGE_CURVE('',#1222,#1215,#998,.T.);
#1574=EDGE_CURVE('',#1222,#1221,#685,.T.);
#1575=EDGE_CURVE('',#1219,#1222,#999,.T.);
#1576=EDGE_CURVE('',#1027,#1017,#686,.T.);
#1577=EDGE_CURVE('',#1014,#1030,#687,.T.);
#1578=EDGE_CURVE('',#1223,#1223,#1000,.T.);
#1579=EDGE_CURVE('',#1224,#1224,#1001,.T.);
#1580=EDGE_CURVE('',#1225,#1225,#1002,.T.);
#1581=EDGE_CURVE('',#1226,#1220,#688,.F.);
#1582=EDGE_CURVE('',#1219,#1227,#689,.T.);
#1583=EDGE_CURVE('',#1227,#1226,#690,.F.);
#1584=EDGE_CURVE('',#1221,#1228,#691,.T.);
#1585=EDGE_CURVE('',#1226,#1228,#1003,.T.);
#1586=EDGE_CURVE('',#1222,#1229,#692,.T.);
#1587=EDGE_CURVE('',#1228,#1229,#693,.F.);
#1588=EDGE_CURVE('',#1229,#1227,#1004,.T.);
#1589=EDGE_CURVE('',#1046,#1030,#520,.T.);
#1590=EDGE_CURVE('',#1223,#1048,#694,.T.);
#1591=EDGE_CURVE('',#1224,#1049,#695,.T.);
#1592=EDGE_CURVE('',#1225,#1050,#696,.T.);
#1593=EDGE_CURVE('',#1042,#1227,#1005,.T.);
#1594=EDGE_CURVE('',#1226,#1045,#1006,.T.);
#1595=EDGE_CURVE('',#1228,#1044,#1007,.T.);
#1596=EDGE_CURVE('',#1043,#1229,#1008,.T.);
#1597=EDGE_CURVE('',#1230,#1230,#1009,.T.);
#1598=EDGE_CURVE('',#1230,#1047,#697,.T.);
#1599=EDGE_CURVE('',#1231,#1231,#1010,.T.);
#1600=EDGE_CURVE('',#1051,#1231,#698,.T.);
#1601=ORIENTED_EDGE('',*,*,#1232,.T.);
#1602=ORIENTED_EDGE('',*,*,#1233,.F.);
#1603=ORIENTED_EDGE('',*,*,#1234,.F.);
#1604=ORIENTED_EDGE('',*,*,#1235,.F.);
#1605=ORIENTED_EDGE('',*,*,#1236,.T.);
#1606=ORIENTED_EDGE('',*,*,#1237,.F.);
#1607=ORIENTED_EDGE('',*,*,#1238,.T.);
#1608=ORIENTED_EDGE('',*,*,#1239,.F.);
#1609=ORIENTED_EDGE('',*,*,#1240,.T.);
#1610=ORIENTED_EDGE('',*,*,#1241,.T.);
#1611=ORIENTED_EDGE('',*,*,#1242,.T.);
#1612=ORIENTED_EDGE('',*,*,#1235,.T.);
#1613=ORIENTED_EDGE('',*,*,#1243,.T.);
#1614=ORIENTED_EDGE('',*,*,#1244,.T.);
#1615=ORIENTED_EDGE('',*,*,#1245,.F.);
#1616=ORIENTED_EDGE('',*,*,#1237,.T.);
#1617=ORIENTED_EDGE('',*,*,#1246,.T.);
#1618=ORIENTED_EDGE('',*,*,#1247,.T.);
#1619=ORIENTED_EDGE('',*,*,#1248,.T.);
#1620=ORIENTED_EDGE('',*,*,#1249,.T.);
#1621=ORIENTED_EDGE('',*,*,#1250,.T.);
#1622=ORIENTED_EDGE('',*,*,#1251,.T.);
#1623=ORIENTED_EDGE('',*,*,#1252,.F.);
#1624=ORIENTED_EDGE('',*,*,#1253,.T.);
#1625=ORIENTED_EDGE('',*,*,#1254,.T.);
#1626=ORIENTED_EDGE('',*,*,#1255,.F.);
#1627=ORIENTED_EDGE('',*,*,#1256,.T.);
#1628=ORIENTED_EDGE('',*,*,#1249,.F.);
#1629=ORIENTED_EDGE('',*,*,#1257,.F.);
#1630=ORIENTED_EDGE('',*,*,#1258,.T.);
#1631=ORIENTED_EDGE('',*,*,#1259,.T.);
#1632=ORIENTED_EDGE('',*,*,#1240,.F.);
#1633=ORIENTED_EDGE('',*,*,#1236,.F.);
#1634=ORIENTED_EDGE('',*,*,#1260,.F.);
#1635=ORIENTED_EDGE('',*,*,#1261,.T.);
#1636=ORIENTED_EDGE('',*,*,#1262,.T.);
#1637=ORIENTED_EDGE('',*,*,#1258,.F.);
#1638=ORIENTED_EDGE('',*,*,#1263,.F.);
#1639=ORIENTED_EDGE('',*,*,#1232,.F.);
#1640=ORIENTED_EDGE('',*,*,#1242,.F.);
#1641=ORIENTED_EDGE('',*,*,#1264,.T.);
#1642=ORIENTED_EDGE('',*,*,#1261,.F.);
#1643=ORIENTED_EDGE('',*,*,#1259,.F.);
#1644=ORIENTED_EDGE('',*,*,#1262,.F.);
#1645=ORIENTED_EDGE('',*,*,#1264,.F.);
#1646=ORIENTED_EDGE('',*,*,#1241,.F.);
#1647=ORIENTED_EDGE('',*,*,#1265,.F.);
#1648=ORIENTED_EDGE('',*,*,#1266,.T.);
#1649=ORIENTED_EDGE('',*,*,#1267,.T.);
#1650=ORIENTED_EDGE('',*,*,#1246,.F.);
#1651=ORIENTED_EDGE('',*,*,#1268,.F.);
#1652=ORIENTED_EDGE('',*,*,#1269,.F.);
#1653=ORIENTED_EDGE('',*,*,#1270,.T.);
#1654=ORIENTED_EDGE('',*,*,#1271,.T.);
#1655=ORIENTED_EDGE('',*,*,#1266,.F.);
#1656=ORIENTED_EDGE('',*,*,#1272,.F.);
#1657=ORIENTED_EDGE('',*,*,#1254,.F.);
#1658=ORIENTED_EDGE('',*,*,#1248,.F.);
#1659=ORIENTED_EDGE('',*,*,#1273,.T.);
#1660=ORIENTED_EDGE('',*,*,#1270,.F.);
#1661=ORIENTED_EDGE('',*,*,#1267,.F.);
#1662=ORIENTED_EDGE('',*,*,#1271,.F.);
#1663=ORIENTED_EDGE('',*,*,#1273,.F.);
#1664=ORIENTED_EDGE('',*,*,#1247,.F.);
#1665=ORIENTED_EDGE('',*,*,#1274,.T.);
#1666=ORIENTED_EDGE('',*,*,#1275,.T.);
#1667=ORIENTED_EDGE('',*,*,#1276,.T.);
#1668=ORIENTED_EDGE('',*,*,#1277,.T.);
#1669=ORIENTED_EDGE('',*,*,#1263,.T.);
#1670=ORIENTED_EDGE('',*,*,#1260,.T.);
#1671=ORIENTED_EDGE('',*,*,#1257,.T.);
#1672=ORIENTED_EDGE('',*,*,#1239,.T.);
#1673=ORIENTED_EDGE('',*,*,#1278,.T.);
#1674=ORIENTED_EDGE('',*,*,#1255,.T.);
#1675=ORIENTED_EDGE('',*,*,#1272,.T.);
#1676=ORIENTED_EDGE('',*,*,#1269,.T.);
#1677=ORIENTED_EDGE('',*,*,#1265,.T.);
#1678=ORIENTED_EDGE('',*,*,#1279,.T.);
#1679=ORIENTED_EDGE('',*,*,#1280,.T.);
#1680=ORIENTED_EDGE('',*,*,#1233,.T.);
#1681=ORIENTED_EDGE('',*,*,#1281,.F.);
#1682=ORIENTED_EDGE('',*,*,#1282,.F.);
#1683=ORIENTED_EDGE('',*,*,#1283,.F.);
#1684=ORIENTED_EDGE('',*,*,#1284,.F.);
#1685=ORIENTED_EDGE('',*,*,#1285,.T.);
#1686=ORIENTED_EDGE('',*,*,#1286,.T.);
#1687=ORIENTED_EDGE('',*,*,#1287,.T.);
#1688=ORIENTED_EDGE('',*,*,#1286,.F.);
#1689=ORIENTED_EDGE('',*,*,#1288,.T.);
#1690=ORIENTED_EDGE('',*,*,#1289,.T.);
#1691=ORIENTED_EDGE('',*,*,#1288,.F.);
#1692=ORIENTED_EDGE('',*,*,#1287,.F.);
#1693=ORIENTED_EDGE('',*,*,#1290,.T.);
#1694=ORIENTED_EDGE('',*,*,#1291,.T.);
#1695=ORIENTED_EDGE('',*,*,#1290,.F.);
#1696=ORIENTED_EDGE('',*,*,#1292,.T.);
#1697=ORIENTED_EDGE('',*,*,#1293,.F.);
#1698=ORIENTED_EDGE('',*,*,#1294,.F.);
#1699=ORIENTED_EDGE('',*,*,#1295,.F.);
#1700=ORIENTED_EDGE('',*,*,#1296,.F.);
#1701=ORIENTED_EDGE('',*,*,#1297,.T.);
#1702=ORIENTED_EDGE('',*,*,#1298,.T.);
#1703=ORIENTED_EDGE('',*,*,#1299,.F.);
#1704=ORIENTED_EDGE('',*,*,#1300,.F.);
#1705=ORIENTED_EDGE('',*,*,#1301,.T.);
#1706=ORIENTED_EDGE('',*,*,#1302,.F.);
#1707=ORIENTED_EDGE('',*,*,#1303,.F.);
#1708=ORIENTED_EDGE('',*,*,#1304,.T.);
#1709=ORIENTED_EDGE('',*,*,#1305,.F.);
#1710=ORIENTED_EDGE('',*,*,#1306,.T.);
#1711=ORIENTED_EDGE('',*,*,#1307,.T.);
#1712=ORIENTED_EDGE('',*,*,#1308,.T.);
#1713=ORIENTED_EDGE('',*,*,#1309,.T.);
#1714=ORIENTED_EDGE('',*,*,#1310,.T.);
#1715=ORIENTED_EDGE('',*,*,#1311,.F.);
#1716=ORIENTED_EDGE('',*,*,#1298,.F.);
#1717=ORIENTED_EDGE('',*,*,#1289,.F.);
#1718=ORIENTED_EDGE('',*,*,#1312,.T.);
#1719=ORIENTED_EDGE('',*,*,#1313,.F.);
#1720=ORIENTED_EDGE('',*,*,#1314,.F.);
#1721=ORIENTED_EDGE('',*,*,#1308,.F.);
#1722=ORIENTED_EDGE('',*,*,#1314,.T.);
#1723=ORIENTED_EDGE('',*,*,#1315,.F.);
#1724=ORIENTED_EDGE('',*,*,#1316,.F.);
#1725=ORIENTED_EDGE('',*,*,#1317,.F.);
#1726=ORIENTED_EDGE('',*,*,#1316,.T.);
#1727=ORIENTED_EDGE('',*,*,#1318,.F.);
#1728=ORIENTED_EDGE('',*,*,#1319,.F.);
#1729=ORIENTED_EDGE('',*,*,#1320,.F.);
#1730=ORIENTED_EDGE('',*,*,#1319,.T.);
#1731=ORIENTED_EDGE('',*,*,#1321,.F.);
#1732=ORIENTED_EDGE('',*,*,#1322,.T.);
#1733=ORIENTED_EDGE('',*,*,#1323,.F.);
#1734=ORIENTED_EDGE('',*,*,#1324,.T.);
#1735=ORIENTED_EDGE('',*,*,#1323,.T.);
#1736=ORIENTED_EDGE('',*,*,#1325,.T.);
#1737=ORIENTED_EDGE('',*,*,#1326,.F.);
#1738=ORIENTED_EDGE('',*,*,#1327,.T.);
#1739=ORIENTED_EDGE('',*,*,#1304,.F.);
#1740=ORIENTED_EDGE('',*,*,#1328,.T.);
#1741=ORIENTED_EDGE('',*,*,#1329,.F.);
#1742=ORIENTED_EDGE('',*,*,#1330,.F.);
#1743=ORIENTED_EDGE('',*,*,#1331,.F.);
#1744=ORIENTED_EDGE('',*,*,#1332,.F.);
#1745=ORIENTED_EDGE('',*,*,#1333,.T.);
#1746=ORIENTED_EDGE('',*,*,#1306,.F.);
#1747=ORIENTED_EDGE('',*,*,#1317,.T.);
#1748=ORIENTED_EDGE('',*,*,#1320,.T.);
#1749=ORIENTED_EDGE('',*,*,#1324,.F.);
#1750=ORIENTED_EDGE('',*,*,#1334,.T.);
#1751=ORIENTED_EDGE('',*,*,#1329,.T.);
#1752=ORIENTED_EDGE('',*,*,#1335,.T.);
#1753=ORIENTED_EDGE('',*,*,#1336,.T.);
#1754=ORIENTED_EDGE('',*,*,#1332,.T.);
#1755=ORIENTED_EDGE('',*,*,#1337,.F.);
#1756=ORIENTED_EDGE('',*,*,#1338,.F.);
#1757=ORIENTED_EDGE('',*,*,#1339,.F.);
#1758=ORIENTED_EDGE('',*,*,#1340,.T.);
#1759=ORIENTED_EDGE('',*,*,#1341,.F.);
#1760=ORIENTED_EDGE('',*,*,#1342,.F.);
#1761=ORIENTED_EDGE('',*,*,#1343,.F.);
#1762=ORIENTED_EDGE('',*,*,#1344,.T.);
#1763=ORIENTED_EDGE('',*,*,#1305,.T.);
#1764=ORIENTED_EDGE('',*,*,#1345,.T.);
#1765=ORIENTED_EDGE('',*,*,#1346,.F.);
#1766=ORIENTED_EDGE('',*,*,#1347,.F.);
#1767=ORIENTED_EDGE('',*,*,#1348,.F.);
#1768=ORIENTED_EDGE('',*,*,#1302,.T.);
#1769=ORIENTED_EDGE('',*,*,#1349,.F.);
#1770=ORIENTED_EDGE('',*,*,#1350,.T.);
#1771=ORIENTED_EDGE('',*,*,#1351,.F.);
#1772=ORIENTED_EDGE('',*,*,#1352,.F.);
#1773=ORIENTED_EDGE('',*,*,#1353,.F.);
#1774=ORIENTED_EDGE('',*,*,#1354,.T.);
#1775=ORIENTED_EDGE('',*,*,#1355,.T.);
#1776=ORIENTED_EDGE('',*,*,#1356,.T.);
#1777=ORIENTED_EDGE('',*,*,#1357,.F.);
#1778=ORIENTED_EDGE('',*,*,#1358,.T.);
#1779=ORIENTED_EDGE('',*,*,#1359,.T.);
#1780=ORIENTED_EDGE('',*,*,#1292,.F.);
#1781=ORIENTED_EDGE('',*,*,#1291,.F.);
#1782=ORIENTED_EDGE('',*,*,#1360,.T.);
#1783=ORIENTED_EDGE('',*,*,#1361,.T.);
#1784=ORIENTED_EDGE('',*,*,#1362,.T.);
#1785=ORIENTED_EDGE('',*,*,#1309,.F.);
#1786=ORIENTED_EDGE('',*,*,#1301,.F.);
#1787=ORIENTED_EDGE('',*,*,#1363,.F.);
#1788=ORIENTED_EDGE('',*,*,#1364,.F.);
#1789=ORIENTED_EDGE('',*,*,#1293,.T.);
#1790=ORIENTED_EDGE('',*,*,#1359,.F.);
#1791=ORIENTED_EDGE('',*,*,#1365,.T.);
#1792=ORIENTED_EDGE('',*,*,#1366,.T.);
#1793=ORIENTED_EDGE('',*,*,#1367,.T.);
#1794=ORIENTED_EDGE('',*,*,#1368,.T.);
#1795=ORIENTED_EDGE('',*,*,#1369,.T.);
#1796=ORIENTED_EDGE('',*,*,#1370,.T.);
#1797=ORIENTED_EDGE('',*,*,#1368,.F.);
#1798=ORIENTED_EDGE('',*,*,#1371,.T.);
#1799=ORIENTED_EDGE('',*,*,#1372,.T.);
#1800=ORIENTED_EDGE('',*,*,#1373,.T.);
#1801=ORIENTED_EDGE('',*,*,#1374,.T.);
#1802=ORIENTED_EDGE('',*,*,#1369,.F.);
#1803=ORIENTED_EDGE('',*,*,#1375,.T.);
#1804=ORIENTED_EDGE('',*,*,#1376,.T.);
#1805=ORIENTED_EDGE('',*,*,#1377,.T.);
#1806=ORIENTED_EDGE('',*,*,#1357,.T.);
#1807=ORIENTED_EDGE('',*,*,#1297,.F.);
#1808=ORIENTED_EDGE('',*,*,#1378,.F.);
#1809=ORIENTED_EDGE('',*,*,#1379,.F.);
#1810=ORIENTED_EDGE('',*,*,#1299,.T.);
#1811=ORIENTED_EDGE('',*,*,#1311,.T.);
#1812=ORIENTED_EDGE('',*,*,#1380,.T.);
#1813=ORIENTED_EDGE('',*,*,#1381,.F.);
#1814=ORIENTED_EDGE('',*,*,#1382,.F.);
#1815=ORIENTED_EDGE('',*,*,#1356,.F.);
#1816=ORIENTED_EDGE('',*,*,#1382,.T.);
#1817=ORIENTED_EDGE('',*,*,#1383,.F.);
#1818=ORIENTED_EDGE('',*,*,#1384,.F.);
#1819=ORIENTED_EDGE('',*,*,#1385,.F.);
#1820=ORIENTED_EDGE('',*,*,#1384,.T.);
#1821=ORIENTED_EDGE('',*,*,#1386,.F.);
#1822=ORIENTED_EDGE('',*,*,#1387,.F.);
#1823=ORIENTED_EDGE('',*,*,#1388,.F.);
#1824=ORIENTED_EDGE('',*,*,#1387,.T.);
#1825=ORIENTED_EDGE('',*,*,#1389,.F.);
#1826=ORIENTED_EDGE('',*,*,#1390,.T.);
#1827=ORIENTED_EDGE('',*,*,#1391,.F.);
#1828=ORIENTED_EDGE('',*,*,#1392,.T.);
#1829=ORIENTED_EDGE('',*,*,#1391,.T.);
#1830=ORIENTED_EDGE('',*,*,#1393,.T.);
#1831=ORIENTED_EDGE('',*,*,#1394,.F.);
#1832=ORIENTED_EDGE('',*,*,#1395,.T.);
#1833=ORIENTED_EDGE('',*,*,#1396,.T.);
#1834=ORIENTED_EDGE('',*,*,#1351,.T.);
#1835=ORIENTED_EDGE('',*,*,#1397,.T.);
#1836=ORIENTED_EDGE('',*,*,#1354,.F.);
#1837=ORIENTED_EDGE('',*,*,#1385,.T.);
#1838=ORIENTED_EDGE('',*,*,#1388,.T.);
#1839=ORIENTED_EDGE('',*,*,#1392,.F.);
#1840=ORIENTED_EDGE('',*,*,#1398,.T.);
#1841=ORIENTED_EDGE('',*,*,#1399,.F.);
#1842=ORIENTED_EDGE('',*,*,#1394,.T.);
#1843=ORIENTED_EDGE('',*,*,#1400,.F.);
#1844=ORIENTED_EDGE('',*,*,#1401,.T.);
#1845=ORIENTED_EDGE('',*,*,#1402,.T.);
#1846=ORIENTED_EDGE('',*,*,#1403,.F.);
#1847=ORIENTED_EDGE('',*,*,#1404,.F.);
#1848=ORIENTED_EDGE('',*,*,#1405,.T.);
#1849=ORIENTED_EDGE('',*,*,#1406,.T.);
#1850=ORIENTED_EDGE('',*,*,#1343,.T.);
#1851=ORIENTED_EDGE('',*,*,#1407,.F.);
#1852=ORIENTED_EDGE('',*,*,#1408,.F.);
#1853=ORIENTED_EDGE('',*,*,#1409,.F.);
#1854=ORIENTED_EDGE('',*,*,#1410,.F.);
#1855=ORIENTED_EDGE('',*,*,#1411,.F.);
#1856=ORIENTED_EDGE('',*,*,#1346,.T.);
#1857=ORIENTED_EDGE('',*,*,#1412,.T.);
#1858=ORIENTED_EDGE('',*,*,#1413,.T.);
#1859=ORIENTED_EDGE('',*,*,#1414,.T.);
#1860=ORIENTED_EDGE('',*,*,#1364,.T.);
#1861=ORIENTED_EDGE('',*,*,#1415,.T.);
#1862=ORIENTED_EDGE('',*,*,#1294,.T.);
#1863=ORIENTED_EDGE('',*,*,#1295,.T.);
#1864=ORIENTED_EDGE('',*,*,#1416,.T.);
#1865=ORIENTED_EDGE('',*,*,#1296,.T.);
#1866=ORIENTED_EDGE('',*,*,#1417,.T.);
#1867=ORIENTED_EDGE('',*,*,#1378,.T.);
#1868=ORIENTED_EDGE('',*,*,#1379,.T.);
#1869=ORIENTED_EDGE('',*,*,#1418,.T.);
#1870=ORIENTED_EDGE('',*,*,#1363,.T.);
#1871=ORIENTED_EDGE('',*,*,#1300,.T.);
#1872=ORIENTED_EDGE('',*,*,#1419,.F.);
#1873=ORIENTED_EDGE('',*,*,#1420,.T.);
#1874=ORIENTED_EDGE('',*,*,#1421,.F.);
#1875=ORIENTED_EDGE('',*,*,#1303,.T.);
#1876=ORIENTED_EDGE('',*,*,#1422,.T.);
#1877=ORIENTED_EDGE('',*,*,#1423,.T.);
#1878=ORIENTED_EDGE('',*,*,#1424,.T.);
#1879=ORIENTED_EDGE('',*,*,#1425,.T.);
#1880=ORIENTED_EDGE('',*,*,#1426,.F.);
#1881=ORIENTED_EDGE('',*,*,#1410,.T.);
#1882=ORIENTED_EDGE('',*,*,#1427,.F.);
#1883=ORIENTED_EDGE('',*,*,#1428,.F.);
#1884=ORIENTED_EDGE('',*,*,#1426,.T.);
#1885=ORIENTED_EDGE('',*,*,#1429,.F.);
#1886=ORIENTED_EDGE('',*,*,#1430,.F.);
#1887=ORIENTED_EDGE('',*,*,#1407,.T.);
#1888=ORIENTED_EDGE('',*,*,#1347,.T.);
#1889=ORIENTED_EDGE('',*,*,#1411,.T.);
#1890=ORIENTED_EDGE('',*,*,#1431,.T.);
#1891=ORIENTED_EDGE('',*,*,#1408,.T.);
#1892=ORIENTED_EDGE('',*,*,#1430,.T.);
#1893=ORIENTED_EDGE('',*,*,#1432,.F.);
#1894=ORIENTED_EDGE('',*,*,#1427,.T.);
#1895=ORIENTED_EDGE('',*,*,#1409,.T.);
#1896=ORIENTED_EDGE('',*,*,#1431,.F.);
#1897=ORIENTED_EDGE('',*,*,#1433,.F.);
#1898=ORIENTED_EDGE('',*,*,#1434,.T.);
#1899=ORIENTED_EDGE('',*,*,#1435,.F.);
#1900=ORIENTED_EDGE('',*,*,#1312,.F.);
#1901=ORIENTED_EDGE('',*,*,#1307,.F.);
#1902=ORIENTED_EDGE('',*,*,#1436,.F.);
#1903=ORIENTED_EDGE('',*,*,#1437,.F.);
#1904=ORIENTED_EDGE('',*,*,#1438,.F.);
#1905=ORIENTED_EDGE('',*,*,#1361,.F.);
#1906=ORIENTED_EDGE('',*,*,#1438,.T.);
#1907=ORIENTED_EDGE('',*,*,#1439,.F.);
#1908=ORIENTED_EDGE('',*,*,#1440,.T.);
#1909=ORIENTED_EDGE('',*,*,#1372,.F.);
#1910=ORIENTED_EDGE('',*,*,#1310,.F.);
#1911=ORIENTED_EDGE('',*,*,#1362,.F.);
#1912=ORIENTED_EDGE('',*,*,#1373,.F.);
#1913=ORIENTED_EDGE('',*,*,#1440,.F.);
#1914=ORIENTED_EDGE('',*,*,#1441,.F.);
#1915=ORIENTED_EDGE('',*,*,#1442,.F.);
#1916=ORIENTED_EDGE('',*,*,#1443,.F.);
#1917=ORIENTED_EDGE('',*,*,#1321,.T.);
#1918=ORIENTED_EDGE('',*,*,#1318,.T.);
#1919=ORIENTED_EDGE('',*,*,#1315,.T.);
#1920=ORIENTED_EDGE('',*,*,#1313,.T.);
#1921=ORIENTED_EDGE('',*,*,#1444,.F.);
#1922=ORIENTED_EDGE('',*,*,#1436,.T.);
#1923=ORIENTED_EDGE('',*,*,#1360,.F.);
#1924=ORIENTED_EDGE('',*,*,#1370,.F.);
#1925=ORIENTED_EDGE('',*,*,#1374,.F.);
#1926=ORIENTED_EDGE('',*,*,#1442,.T.);
#1927=ORIENTED_EDGE('',*,*,#1445,.T.);
#1928=ORIENTED_EDGE('',*,*,#1325,.F.);
#1929=ORIENTED_EDGE('',*,*,#1322,.F.);
#1930=ORIENTED_EDGE('',*,*,#1446,.F.);
#1931=ORIENTED_EDGE('',*,*,#1330,.T.);
#1932=ORIENTED_EDGE('',*,*,#1334,.F.);
#1933=ORIENTED_EDGE('',*,*,#1445,.F.);
#1934=ORIENTED_EDGE('',*,*,#1447,.F.);
#1935=ORIENTED_EDGE('',*,*,#1448,.F.);
#1936=ORIENTED_EDGE('',*,*,#1326,.T.);
#1937=ORIENTED_EDGE('',*,*,#1425,.F.);
#1938=ORIENTED_EDGE('',*,*,#1449,.T.);
#1939=ORIENTED_EDGE('',*,*,#1327,.F.);
#1940=ORIENTED_EDGE('',*,*,#1450,.F.);
#1941=ORIENTED_EDGE('',*,*,#1451,.T.);
#1942=ORIENTED_EDGE('',*,*,#1345,.F.);
#1943=ORIENTED_EDGE('',*,*,#1342,.T.);
#1944=ORIENTED_EDGE('',*,*,#1412,.F.);
#1945=ORIENTED_EDGE('',*,*,#1451,.F.);
#1946=ORIENTED_EDGE('',*,*,#1452,.F.);
#1947=ORIENTED_EDGE('',*,*,#1333,.F.);
#1948=ORIENTED_EDGE('',*,*,#1339,.T.);
#1949=ORIENTED_EDGE('',*,*,#1453,.F.);
#1950=ORIENTED_EDGE('',*,*,#1434,.F.);
#1951=ORIENTED_EDGE('',*,*,#1454,.F.);
#1952=ORIENTED_EDGE('',*,*,#1331,.T.);
#1953=ORIENTED_EDGE('',*,*,#1455,.F.);
#1954=ORIENTED_EDGE('',*,*,#1456,.T.);
#1955=ORIENTED_EDGE('',*,*,#1457,.T.);
#1956=ORIENTED_EDGE('',*,*,#1335,.F.);
#1957=ORIENTED_EDGE('',*,*,#1328,.F.);
#1958=ORIENTED_EDGE('',*,*,#1458,.F.);
#1959=ORIENTED_EDGE('',*,*,#1459,.F.);
#1960=ORIENTED_EDGE('',*,*,#1337,.T.);
#1961=ORIENTED_EDGE('',*,*,#1336,.F.);
#1962=ORIENTED_EDGE('',*,*,#1457,.F.);
#1963=ORIENTED_EDGE('',*,*,#1338,.T.);
#1964=ORIENTED_EDGE('',*,*,#1460,.F.);
#1965=ORIENTED_EDGE('',*,*,#1340,.F.);
#1966=ORIENTED_EDGE('',*,*,#1461,.F.);
#1967=ORIENTED_EDGE('',*,*,#1413,.F.);
#1968=ORIENTED_EDGE('',*,*,#1341,.T.);
#1969=ORIENTED_EDGE('',*,*,#1462,.F.);
#1970=ORIENTED_EDGE('',*,*,#1463,.T.);
#1971=ORIENTED_EDGE('',*,*,#1464,.T.);
#1972=ORIENTED_EDGE('',*,*,#1414,.F.);
#1973=ORIENTED_EDGE('',*,*,#1463,.F.);
#1974=ORIENTED_EDGE('',*,*,#1465,.F.);
#1975=ORIENTED_EDGE('',*,*,#1352,.T.);
#1976=ORIENTED_EDGE('',*,*,#1396,.F.);
#1977=ORIENTED_EDGE('',*,*,#1466,.F.);
#1978=ORIENTED_EDGE('',*,*,#1467,.F.);
#1979=ORIENTED_EDGE('',*,*,#1468,.F.);
#1980=ORIENTED_EDGE('',*,*,#1403,.T.);
#1981=ORIENTED_EDGE('',*,*,#1405,.F.);
#1982=ORIENTED_EDGE('',*,*,#1464,.F.);
#1983=ORIENTED_EDGE('',*,*,#1395,.F.);
#1984=ORIENTED_EDGE('',*,*,#1399,.T.);
#1985=ORIENTED_EDGE('',*,*,#1469,.F.);
#1986=ORIENTED_EDGE('',*,*,#1466,.T.);
#1987=ORIENTED_EDGE('',*,*,#1349,.T.);
#1988=ORIENTED_EDGE('',*,*,#1344,.F.);
#1989=ORIENTED_EDGE('',*,*,#1470,.F.);
#1990=ORIENTED_EDGE('',*,*,#1471,.F.);
#1991=ORIENTED_EDGE('',*,*,#1422,.F.);
#1992=ORIENTED_EDGE('',*,*,#1348,.T.);
#1993=ORIENTED_EDGE('',*,*,#1472,.F.);
#1994=ORIENTED_EDGE('',*,*,#1419,.T.);
#1995=ORIENTED_EDGE('',*,*,#1473,.F.);
#1996=ORIENTED_EDGE('',*,*,#1353,.T.);
#1997=ORIENTED_EDGE('',*,*,#1474,.F.);
#1998=ORIENTED_EDGE('',*,*,#1475,.T.);
#1999=ORIENTED_EDGE('',*,*,#1476,.F.);
#2000=ORIENTED_EDGE('',*,*,#1397,.F.);
#2001=ORIENTED_EDGE('',*,*,#1350,.F.);
#2002=ORIENTED_EDGE('',*,*,#1477,.F.);
#2003=ORIENTED_EDGE('',*,*,#1476,.T.);
#2004=ORIENTED_EDGE('',*,*,#1478,.F.);
#2005=ORIENTED_EDGE('',*,*,#1380,.F.);
#2006=ORIENTED_EDGE('',*,*,#1355,.F.);
#2007=ORIENTED_EDGE('',*,*,#1479,.F.);
#2008=ORIENTED_EDGE('',*,*,#1480,.F.);
#2009=ORIENTED_EDGE('',*,*,#1481,.T.);
#2010=ORIENTED_EDGE('',*,*,#1376,.F.);
#2011=ORIENTED_EDGE('',*,*,#1358,.F.);
#2012=ORIENTED_EDGE('',*,*,#1377,.F.);
#2013=ORIENTED_EDGE('',*,*,#1481,.F.);
#2014=ORIENTED_EDGE('',*,*,#1482,.F.);
#2015=ORIENTED_EDGE('',*,*,#1483,.T.);
#2016=ORIENTED_EDGE('',*,*,#1365,.F.);
#2017=ORIENTED_EDGE('',*,*,#1366,.F.);
#2018=ORIENTED_EDGE('',*,*,#1483,.F.);
#2019=ORIENTED_EDGE('',*,*,#1484,.F.);
#2020=ORIENTED_EDGE('',*,*,#1485,.F.);
#2021=ORIENTED_EDGE('',*,*,#1486,.F.);
#2022=ORIENTED_EDGE('',*,*,#1389,.T.);
#2023=ORIENTED_EDGE('',*,*,#1386,.T.);
#2024=ORIENTED_EDGE('',*,*,#1383,.T.);
#2025=ORIENTED_EDGE('',*,*,#1381,.T.);
#2026=ORIENTED_EDGE('',*,*,#1487,.F.);
#2027=ORIENTED_EDGE('',*,*,#1479,.T.);
#2028=ORIENTED_EDGE('',*,*,#1375,.F.);
#2029=ORIENTED_EDGE('',*,*,#1371,.F.);
#2030=ORIENTED_EDGE('',*,*,#1367,.F.);
#2031=ORIENTED_EDGE('',*,*,#1485,.T.);
#2032=ORIENTED_EDGE('',*,*,#1488,.T.);
#2033=ORIENTED_EDGE('',*,*,#1393,.F.);
#2034=ORIENTED_EDGE('',*,*,#1390,.F.);
#2035=ORIENTED_EDGE('',*,*,#1489,.F.);
#2036=ORIENTED_EDGE('',*,*,#1490,.F.);
#2037=ORIENTED_EDGE('',*,*,#1400,.T.);
#2038=ORIENTED_EDGE('',*,*,#1398,.F.);
#2039=ORIENTED_EDGE('',*,*,#1488,.F.);
#2040=ORIENTED_EDGE('',*,*,#1404,.T.);
#2041=ORIENTED_EDGE('',*,*,#1491,.F.);
#2042=ORIENTED_EDGE('',*,*,#1401,.F.);
#2043=ORIENTED_EDGE('',*,*,#1492,.F.);
#2044=ORIENTED_EDGE('',*,*,#1470,.T.);
#2045=ORIENTED_EDGE('',*,*,#1406,.F.);
#2046=ORIENTED_EDGE('',*,*,#1402,.F.);
#2047=ORIENTED_EDGE('',*,*,#1493,.F.);
#2048=ORIENTED_EDGE('',*,*,#1418,.F.);
#2049=ORIENTED_EDGE('',*,*,#1417,.F.);
#2050=ORIENTED_EDGE('',*,*,#1416,.F.);
#2051=ORIENTED_EDGE('',*,*,#1415,.F.);
#2052=ORIENTED_EDGE('',*,*,#1494,.T.);
#2053=ORIENTED_EDGE('',*,*,#1495,.T.);
#2054=ORIENTED_EDGE('',*,*,#1494,.F.);
#2055=ORIENTED_EDGE('',*,*,#1421,.T.);
#2056=ORIENTED_EDGE('',*,*,#1496,.F.);
#2057=ORIENTED_EDGE('',*,*,#1497,.F.);
#2058=ORIENTED_EDGE('',*,*,#1423,.F.);
#2059=ORIENTED_EDGE('',*,*,#1420,.F.);
#2060=ORIENTED_EDGE('',*,*,#1498,.F.);
#2061=ORIENTED_EDGE('',*,*,#1499,.T.);
#2062=ORIENTED_EDGE('',*,*,#1500,.F.);
#2063=ORIENTED_EDGE('',*,*,#1449,.F.);
#2064=ORIENTED_EDGE('',*,*,#1424,.F.);
#2065=ORIENTED_EDGE('',*,*,#1497,.T.);
#2066=ORIENTED_EDGE('',*,*,#1501,.F.);
#2067=ORIENTED_EDGE('',*,*,#1433,.T.);
#2068=ORIENTED_EDGE('',*,*,#1432,.T.);
#2069=ORIENTED_EDGE('',*,*,#1429,.T.);
#2070=ORIENTED_EDGE('',*,*,#1428,.T.);
#2071=ORIENTED_EDGE('',*,*,#1502,.T.);
#2072=ORIENTED_EDGE('',*,*,#1503,.T.);
#2073=ORIENTED_EDGE('',*,*,#1504,.T.);
#2074=ORIENTED_EDGE('',*,*,#1505,.T.);
#2075=ORIENTED_EDGE('',*,*,#1506,.T.);
#2076=ORIENTED_EDGE('',*,*,#1453,.T.);
#2077=ORIENTED_EDGE('',*,*,#1461,.T.);
#2078=ORIENTED_EDGE('',*,*,#1452,.T.);
#2079=ORIENTED_EDGE('',*,*,#1450,.T.);
#2080=ORIENTED_EDGE('',*,*,#1448,.T.);
#2081=ORIENTED_EDGE('',*,*,#1507,.T.);
#2082=ORIENTED_EDGE('',*,*,#1508,.T.);
#2083=ORIENTED_EDGE('',*,*,#1455,.T.);
#2084=ORIENTED_EDGE('',*,*,#1447,.T.);
#2085=ORIENTED_EDGE('',*,*,#1446,.T.);
#2086=ORIENTED_EDGE('',*,*,#1443,.T.);
#2087=ORIENTED_EDGE('',*,*,#1441,.T.);
#2088=ORIENTED_EDGE('',*,*,#1439,.T.);
#2089=ORIENTED_EDGE('',*,*,#1437,.T.);
#2090=ORIENTED_EDGE('',*,*,#1444,.T.);
#2091=ORIENTED_EDGE('',*,*,#1435,.T.);
#2092=ORIENTED_EDGE('',*,*,#1509,.T.);
#2093=ORIENTED_EDGE('',*,*,#1510,.F.);
#2094=ORIENTED_EDGE('',*,*,#1456,.F.);
#2095=ORIENTED_EDGE('',*,*,#1462,.T.);
#2096=ORIENTED_EDGE('',*,*,#1460,.T.);
#2097=ORIENTED_EDGE('',*,*,#1459,.T.);
#2098=ORIENTED_EDGE('',*,*,#1458,.T.);
#2099=ORIENTED_EDGE('',*,*,#1454,.T.);
#2100=ORIENTED_EDGE('',*,*,#1511,.T.);
#2101=ORIENTED_EDGE('',*,*,#1512,.T.);
#2102=ORIENTED_EDGE('',*,*,#1513,.F.);
#2103=ORIENTED_EDGE('',*,*,#1465,.T.);
#2104=ORIENTED_EDGE('',*,*,#1512,.F.);
#2105=ORIENTED_EDGE('',*,*,#1514,.T.);
#2106=ORIENTED_EDGE('',*,*,#1469,.T.);
#2107=ORIENTED_EDGE('',*,*,#1491,.T.);
#2108=ORIENTED_EDGE('',*,*,#1468,.T.);
#2109=ORIENTED_EDGE('',*,*,#1513,.T.);
#2110=ORIENTED_EDGE('',*,*,#1515,.T.);
#2111=ORIENTED_EDGE('',*,*,#1474,.T.);
#2112=ORIENTED_EDGE('',*,*,#1467,.T.);
#2113=ORIENTED_EDGE('',*,*,#1516,.F.);
#2114=ORIENTED_EDGE('',*,*,#1517,.T.);
#2115=ORIENTED_EDGE('',*,*,#1475,.F.);
#2116=ORIENTED_EDGE('',*,*,#1493,.T.);
#2117=ORIENTED_EDGE('',*,*,#1492,.T.);
#2118=ORIENTED_EDGE('',*,*,#1490,.T.);
#2119=ORIENTED_EDGE('',*,*,#1489,.T.);
#2120=ORIENTED_EDGE('',*,*,#1486,.T.);
#2121=ORIENTED_EDGE('',*,*,#1484,.T.);
#2122=ORIENTED_EDGE('',*,*,#1482,.T.);
#2123=ORIENTED_EDGE('',*,*,#1480,.T.);
#2124=ORIENTED_EDGE('',*,*,#1487,.T.);
#2125=ORIENTED_EDGE('',*,*,#1478,.T.);
#2126=ORIENTED_EDGE('',*,*,#1477,.T.);
#2127=ORIENTED_EDGE('',*,*,#1473,.T.);
#2128=ORIENTED_EDGE('',*,*,#1518,.T.);
#2129=ORIENTED_EDGE('',*,*,#1498,.T.);
#2130=ORIENTED_EDGE('',*,*,#1472,.T.);
#2131=ORIENTED_EDGE('',*,*,#1471,.T.);
#2132=ORIENTED_EDGE('',*,*,#1519,.T.);
#2133=ORIENTED_EDGE('',*,*,#1496,.T.);
#2134=ORIENTED_EDGE('',*,*,#1500,.T.);
#2135=ORIENTED_EDGE('',*,*,#1520,.T.);
#2136=ORIENTED_EDGE('',*,*,#1495,.F.);
#2137=ORIENTED_EDGE('',*,*,#1521,.F.);
#2138=ORIENTED_EDGE('',*,*,#1522,.T.);
#2139=ORIENTED_EDGE('',*,*,#1499,.F.);
#2140=ORIENTED_EDGE('',*,*,#1507,.F.);
#2141=ORIENTED_EDGE('',*,*,#1501,.T.);
#2142=ORIENTED_EDGE('',*,*,#1519,.F.);
#2143=ORIENTED_EDGE('',*,*,#1523,.T.);
#2144=ORIENTED_EDGE('',*,*,#1502,.F.);
#2145=ORIENTED_EDGE('',*,*,#1524,.T.);
#2146=ORIENTED_EDGE('',*,*,#1525,.F.);
#2147=ORIENTED_EDGE('',*,*,#1524,.F.);
#2148=ORIENTED_EDGE('',*,*,#1526,.F.);
#2149=ORIENTED_EDGE('',*,*,#1527,.T.);
#2150=ORIENTED_EDGE('',*,*,#1528,.F.);
#2151=ORIENTED_EDGE('',*,*,#1506,.F.);
#2152=ORIENTED_EDGE('',*,*,#1528,.T.);
#2153=ORIENTED_EDGE('',*,*,#1529,.F.);
#2154=ORIENTED_EDGE('',*,*,#1530,.F.);
#2155=ORIENTED_EDGE('',*,*,#1503,.F.);
#2156=ORIENTED_EDGE('',*,*,#1530,.T.);
#2157=ORIENTED_EDGE('',*,*,#1531,.T.);
#2158=ORIENTED_EDGE('',*,*,#1532,.T.);
#2159=ORIENTED_EDGE('',*,*,#1504,.F.);
#2160=ORIENTED_EDGE('',*,*,#1526,.T.);
#2161=ORIENTED_EDGE('',*,*,#1505,.F.);
#2162=ORIENTED_EDGE('',*,*,#1532,.F.);
#2163=ORIENTED_EDGE('',*,*,#1533,.T.);
#2164=ORIENTED_EDGE('',*,*,#1508,.F.);
#2165=ORIENTED_EDGE('',*,*,#1534,.T.);
#2166=ORIENTED_EDGE('',*,*,#1535,.F.);
#2167=ORIENTED_EDGE('',*,*,#1509,.F.);
#2168=ORIENTED_EDGE('',*,*,#1511,.F.);
#2169=ORIENTED_EDGE('',*,*,#1510,.T.);
#2170=ORIENTED_EDGE('',*,*,#1536,.F.);
#2171=ORIENTED_EDGE('',*,*,#1537,.T.);
#2172=ORIENTED_EDGE('',*,*,#1538,.T.);
#2173=ORIENTED_EDGE('',*,*,#1514,.F.);
#2174=ORIENTED_EDGE('',*,*,#1537,.F.);
#2175=ORIENTED_EDGE('',*,*,#1539,.F.);
#2176=ORIENTED_EDGE('',*,*,#1540,.F.);
#2177=ORIENTED_EDGE('',*,*,#1516,.T.);
#2178=ORIENTED_EDGE('',*,*,#1515,.F.);
#2179=ORIENTED_EDGE('',*,*,#1538,.F.);
#2180=ORIENTED_EDGE('',*,*,#1541,.F.);
#2181=ORIENTED_EDGE('',*,*,#1521,.T.);
#2182=ORIENTED_EDGE('',*,*,#1518,.F.);
#2183=ORIENTED_EDGE('',*,*,#1517,.F.);
#2184=ORIENTED_EDGE('',*,*,#1522,.F.);
#2185=ORIENTED_EDGE('',*,*,#1542,.F.);
#2186=ORIENTED_EDGE('',*,*,#1543,.T.);
#2187=ORIENTED_EDGE('',*,*,#1520,.F.);
#2188=ORIENTED_EDGE('',*,*,#1534,.F.);
#2189=ORIENTED_EDGE('',*,*,#1523,.F.);
#2190=ORIENTED_EDGE('',*,*,#1543,.F.);
#2191=ORIENTED_EDGE('',*,*,#1544,.F.);
#2192=ORIENTED_EDGE('',*,*,#1545,.T.);
#2193=ORIENTED_EDGE('',*,*,#1546,.T.);
#2194=ORIENTED_EDGE('',*,*,#1547,.T.);
#2195=ORIENTED_EDGE('',*,*,#1548,.T.);
#2196=ORIENTED_EDGE('',*,*,#1525,.T.);
#2197=ORIENTED_EDGE('',*,*,#1549,.T.);
#2198=ORIENTED_EDGE('',*,*,#1550,.T.);
#2199=ORIENTED_EDGE('',*,*,#1551,.T.);
#2200=ORIENTED_EDGE('',*,*,#1544,.T.);
#2201=ORIENTED_EDGE('',*,*,#1542,.T.);
#2202=ORIENTED_EDGE('',*,*,#1541,.T.);
#2203=ORIENTED_EDGE('',*,*,#1540,.T.);
#2204=ORIENTED_EDGE('',*,*,#1539,.T.);
#2205=ORIENTED_EDGE('',*,*,#1536,.T.);
#2206=ORIENTED_EDGE('',*,*,#1535,.T.);
#2207=ORIENTED_EDGE('',*,*,#1533,.F.);
#2208=ORIENTED_EDGE('',*,*,#1531,.F.);
#2209=ORIENTED_EDGE('',*,*,#1529,.T.);
#2210=ORIENTED_EDGE('',*,*,#1527,.F.);
#2211=ORIENTED_EDGE('',*,*,#1552,.T.);
#2212=ORIENTED_EDGE('',*,*,#1553,.T.);
#2213=ORIENTED_EDGE('',*,*,#1554,.T.);
#2214=ORIENTED_EDGE('',*,*,#1555,.T.);
#2215=ORIENTED_EDGE('',*,*,#1556,.T.);
#2216=ORIENTED_EDGE('',*,*,#1547,.F.);
#2217=ORIENTED_EDGE('',*,*,#1557,.F.);
#2218=ORIENTED_EDGE('',*,*,#1558,.F.);
#2219=ORIENTED_EDGE('',*,*,#1556,.F.);
#2220=ORIENTED_EDGE('',*,*,#1244,.F.);
#2221=ORIENTED_EDGE('',*,*,#1559,.F.);
#2222=ORIENTED_EDGE('',*,*,#1548,.F.);
#2223=ORIENTED_EDGE('',*,*,#1559,.T.);
#2224=ORIENTED_EDGE('',*,*,#1560,.F.);
#2225=ORIENTED_EDGE('',*,*,#1561,.F.);
#2226=ORIENTED_EDGE('',*,*,#1545,.F.);
#2227=ORIENTED_EDGE('',*,*,#1561,.T.);
#2228=ORIENTED_EDGE('',*,*,#1251,.F.);
#2229=ORIENTED_EDGE('',*,*,#1557,.T.);
#2230=ORIENTED_EDGE('',*,*,#1546,.F.);
#2231=ORIENTED_EDGE('',*,*,#1549,.F.);
#2232=ORIENTED_EDGE('',*,*,#1562,.T.);
#2233=ORIENTED_EDGE('',*,*,#1563,.T.);
#2234=ORIENTED_EDGE('',*,*,#1562,.F.);
#2235=ORIENTED_EDGE('',*,*,#1550,.F.);
#2236=ORIENTED_EDGE('',*,*,#1564,.T.);
#2237=ORIENTED_EDGE('',*,*,#1565,.T.);
#2238=ORIENTED_EDGE('',*,*,#1564,.F.);
#2239=ORIENTED_EDGE('',*,*,#1551,.F.);
#2240=ORIENTED_EDGE('',*,*,#1566,.T.);
#2241=ORIENTED_EDGE('',*,*,#1567,.T.);
#2242=ORIENTED_EDGE('',*,*,#1566,.F.);
#2243=ORIENTED_EDGE('',*,*,#1568,.T.);
#2244=ORIENTED_EDGE('',*,*,#1569,.F.);
#2245=ORIENTED_EDGE('',*,*,#1570,.F.);
#2246=ORIENTED_EDGE('',*,*,#1552,.F.);
#2247=ORIENTED_EDGE('',*,*,#1571,.T.);
#2248=ORIENTED_EDGE('',*,*,#1553,.F.);
#2249=ORIENTED_EDGE('',*,*,#1570,.T.);
#2250=ORIENTED_EDGE('',*,*,#1572,.F.);
#2251=ORIENTED_EDGE('',*,*,#1573,.T.);
#2252=ORIENTED_EDGE('',*,*,#1554,.F.);
#2253=ORIENTED_EDGE('',*,*,#1571,.F.);
#2254=ORIENTED_EDGE('',*,*,#1574,.F.);
#2255=ORIENTED_EDGE('',*,*,#1568,.F.);
#2256=ORIENTED_EDGE('',*,*,#1555,.F.);
#2257=ORIENTED_EDGE('',*,*,#1573,.F.);
#2258=ORIENTED_EDGE('',*,*,#1575,.F.);
#2259=ORIENTED_EDGE('',*,*,#1250,.F.);
#2260=ORIENTED_EDGE('',*,*,#1576,.T.);
#2261=ORIENTED_EDGE('',*,*,#1245,.T.);
#2262=ORIENTED_EDGE('',*,*,#1558,.T.);
#2263=ORIENTED_EDGE('',*,*,#1243,.F.);
#2264=ORIENTED_EDGE('',*,*,#1577,.T.);
#2265=ORIENTED_EDGE('',*,*,#1252,.T.);
#2266=ORIENTED_EDGE('',*,*,#1560,.T.);
#2267=ORIENTED_EDGE('',*,*,#1563,.F.);
#2268=ORIENTED_EDGE('',*,*,#1578,.T.);
#2269=ORIENTED_EDGE('',*,*,#1565,.F.);
#2270=ORIENTED_EDGE('',*,*,#1579,.T.);
#2271=ORIENTED_EDGE('',*,*,#1567,.F.);
#2272=ORIENTED_EDGE('',*,*,#1580,.T.);
#2273=ORIENTED_EDGE('',*,*,#1581,.T.);
#2274=ORIENTED_EDGE('',*,*,#1569,.T.);
#2275=ORIENTED_EDGE('',*,*,#1582,.T.);
#2276=ORIENTED_EDGE('',*,*,#1583,.T.);
#2277=ORIENTED_EDGE('',*,*,#1584,.F.);
#2278=ORIENTED_EDGE('',*,*,#1572,.T.);
#2279=ORIENTED_EDGE('',*,*,#1581,.F.);
#2280=ORIENTED_EDGE('',*,*,#1585,.T.);
#2281=ORIENTED_EDGE('',*,*,#1586,.F.);
#2282=ORIENTED_EDGE('',*,*,#1574,.T.);
#2283=ORIENTED_EDGE('',*,*,#1584,.T.);
#2284=ORIENTED_EDGE('',*,*,#1587,.T.);
#2285=ORIENTED_EDGE('',*,*,#1582,.F.);
#2286=ORIENTED_EDGE('',*,*,#1575,.T.);
#2287=ORIENTED_EDGE('',*,*,#1586,.T.);
#2288=ORIENTED_EDGE('',*,*,#1588,.T.);
#2289=ORIENTED_EDGE('',*,*,#1256,.F.);
#2290=ORIENTED_EDGE('',*,*,#1278,.F.);
#2291=ORIENTED_EDGE('',*,*,#1238,.F.);
#2292=ORIENTED_EDGE('',*,*,#1576,.F.);
#2293=ORIENTED_EDGE('',*,*,#1234,.T.);
#2294=ORIENTED_EDGE('',*,*,#1280,.F.);
#2295=ORIENTED_EDGE('',*,*,#1589,.T.);
#2296=ORIENTED_EDGE('',*,*,#1577,.F.);
#2297=ORIENTED_EDGE('',*,*,#1268,.T.);
#2298=ORIENTED_EDGE('',*,*,#1253,.F.);
#2299=ORIENTED_EDGE('',*,*,#1589,.F.);
#2300=ORIENTED_EDGE('',*,*,#1279,.F.);
#2301=ORIENTED_EDGE('',*,*,#1578,.F.);
#2302=ORIENTED_EDGE('',*,*,#1590,.T.);
#2303=ORIENTED_EDGE('',*,*,#1282,.T.);
#2304=ORIENTED_EDGE('',*,*,#1590,.F.);
#2305=ORIENTED_EDGE('',*,*,#1579,.F.);
#2306=ORIENTED_EDGE('',*,*,#1591,.T.);
#2307=ORIENTED_EDGE('',*,*,#1283,.T.);
#2308=ORIENTED_EDGE('',*,*,#1591,.F.);
#2309=ORIENTED_EDGE('',*,*,#1580,.F.);
#2310=ORIENTED_EDGE('',*,*,#1592,.T.);
#2311=ORIENTED_EDGE('',*,*,#1284,.T.);
#2312=ORIENTED_EDGE('',*,*,#1592,.F.);
#2313=ORIENTED_EDGE('',*,*,#1593,.F.);
#2314=ORIENTED_EDGE('',*,*,#1277,.F.);
#2315=ORIENTED_EDGE('',*,*,#1594,.F.);
#2316=ORIENTED_EDGE('',*,*,#1583,.F.);
#2317=ORIENTED_EDGE('',*,*,#1594,.T.);
#2318=ORIENTED_EDGE('',*,*,#1276,.F.);
#2319=ORIENTED_EDGE('',*,*,#1595,.F.);
#2320=ORIENTED_EDGE('',*,*,#1585,.F.);
#2321=ORIENTED_EDGE('',*,*,#1596,.T.);
#2322=ORIENTED_EDGE('',*,*,#1587,.F.);
#2323=ORIENTED_EDGE('',*,*,#1595,.T.);
#2324=ORIENTED_EDGE('',*,*,#1275,.F.);
#2325=ORIENTED_EDGE('',*,*,#1593,.T.);
#2326=ORIENTED_EDGE('',*,*,#1588,.F.);
#2327=ORIENTED_EDGE('',*,*,#1596,.F.);
#2328=ORIENTED_EDGE('',*,*,#1274,.F.);
#2329=ORIENTED_EDGE('',*,*,#1597,.F.);
#2330=ORIENTED_EDGE('',*,*,#1598,.T.);
#2331=ORIENTED_EDGE('',*,*,#1281,.T.);
#2332=ORIENTED_EDGE('',*,*,#1598,.F.);
#2333=ORIENTED_EDGE('',*,*,#1599,.F.);
#2334=ORIENTED_EDGE('',*,*,#1597,.T.);
#2335=ORIENTED_EDGE('',*,*,#1285,.F.);
#2336=ORIENTED_EDGE('',*,*,#1600,.T.);
#2337=ORIENTED_EDGE('',*,*,#1599,.T.);
#2338=ORIENTED_EDGE('',*,*,#1600,.F.);
#2339=CYLINDRICAL_SURFACE('',#2576,0.5);
#2340=CYLINDRICAL_SURFACE('',#2579,0.5);
#2341=CYLINDRICAL_SURFACE('',#2584,0.5);
#2342=CYLINDRICAL_SURFACE('',#2609,1.1);
#2343=CYLINDRICAL_SURFACE('',#2611,1.1);
#2344=CYLINDRICAL_SURFACE('',#2615,1.);
#2345=CYLINDRICAL_SURFACE('',#2636,2.5);
#2346=CYLINDRICAL_SURFACE('',#2647,6.);
#2347=CYLINDRICAL_SURFACE('',#2679,2.5);
#2348=CYLINDRICAL_SURFACE('',#2715,0.5);
#2349=CYLINDRICAL_SURFACE('',#2717,0.5);
#2350=CYLINDRICAL_SURFACE('',#2719,0.5);
#2351=CYLINDRICAL_SURFACE('',#2721,0.5);
#2352=CYLINDRICAL_SURFACE('',#2722,8.);
#2353=CYLINDRICAL_SURFACE('',#2723,0.5);
#2354=CYLINDRICAL_SURFACE('',#2726,1.);
#2355=CYLINDRICAL_SURFACE('',#2730,1.);
#2356=CYLINDRICAL_SURFACE('',#2732,1.);
#2357=CYLINDRICAL_SURFACE('',#2737,1.);
#2358=CYLINDRICAL_SURFACE('',#2738,1.);
#2359=CYLINDRICAL_SURFACE('',#2745,1.);
#2360=CYLINDRICAL_SURFACE('',#2749,1.);
#2361=CYLINDRICAL_SURFACE('',#2750,1.);
#2362=CYLINDRICAL_SURFACE('',#2754,0.5);
#2363=CYLINDRICAL_SURFACE('',#2755,0.5);
#2364=CYLINDRICAL_SURFACE('',#2757,0.5);
#2365=CYLINDRICAL_SURFACE('',#2759,0.5);
#2366=CYLINDRICAL_SURFACE('',#2760,8.);
#2367=CYLINDRICAL_SURFACE('',#2761,0.5);
#2368=CYLINDRICAL_SURFACE('',#2764,1.);
#2369=CYLINDRICAL_SURFACE('',#2765,1.);
#2370=CYLINDRICAL_SURFACE('',#2766,6.5);
#2371=CYLINDRICAL_SURFACE('',#2768,1.);
#2372=CYLINDRICAL_SURFACE('',#2770,1.);
#2373=CYLINDRICAL_SURFACE('',#2784,19.);
#2374=CYLINDRICAL_SURFACE('',#2795,7.);
#2375=CYLINDRICAL_SURFACE('',#2797,9.);
#2376=CYLINDRICAL_SURFACE('',#2805,1.);
#2377=CYLINDRICAL_SURFACE('',#2807,1.);
#2378=CYLINDRICAL_SURFACE('',#2812,1.);
#2379=CYLINDRICAL_SURFACE('',#2813,1.);
#2380=CYLINDRICAL_SURFACE('',#2814,1.);
#2381=CYLINDRICAL_SURFACE('',#2828,0.5);
#2382=CYLINDRICAL_SURFACE('',#2831,0.5);
#2383=CYLINDRICAL_SURFACE('',#2833,0.5);
#2384=CYLINDRICAL_SURFACE('',#2835,0.5);
#2385=CYLINDRICAL_SURFACE('',#2836,1.3);
#2386=CYLINDRICAL_SURFACE('',#2838,1.3);
#2387=CYLINDRICAL_SURFACE('',#2840,1.30000000000001);
#2388=CYLINDRICAL_SURFACE('',#2842,0.5);
#2389=CYLINDRICAL_SURFACE('',#2848,0.5);
#2390=CYLINDRICAL_SURFACE('',#2861,16.);
#2391=CYLINDRICAL_SURFACE('',#2864,16.);
#2392=CYLINDRICAL_SURFACE('',#2866,0.5);
#2393=CYLINDRICAL_SURFACE('',#2867,0.5);
#2394=CYLINDRICAL_SURFACE('',#2869,0.5);
#2395=CYLINDRICAL_SURFACE('',#2870,1.1);
#2396=CYLINDRICAL_SURFACE('',#2871,1.1);
#2397=CYLINDRICAL_SURFACE('',#2872,1.1);
#2398=CYLINDRICAL_SURFACE('',#2873,0.5);
#2399=CYLINDRICAL_SURFACE('',#2878,0.5);
#2400=CYLINDRICAL_SURFACE('',#2881,1.1);
#2401=CYLINDRICAL_SURFACE('',#2885,1.3);
#2402=ADVANCED_FACE('',(#151),#2339,.T.);
#2403=ADVANCED_FACE('',(#152),#2340,.T.);
#2404=ADVANCED_FACE('',(#153),#96,.T.);
#2405=ADVANCED_FACE('',(#154),#97,.T.);
#2406=ADVANCED_FACE('',(#155),#2341,.T.);
#2407=ADVANCED_FACE('',(#156),#98,.F.);
#2408=ADVANCED_FACE('',(#157),#99,.F.);
#2409=ADVANCED_FACE('',(#158),#100,.F.);
#2410=ADVANCED_FACE('',(#159),#101,.F.);
#2411=ADVANCED_FACE('',(#160),#102,.F.);
#2412=ADVANCED_FACE('',(#161),#103,.F.);
#2413=ADVANCED_FACE('',(#162),#104,.F.);
#2414=ADVANCED_FACE('',(#163),#105,.F.);
#2415=ADVANCED_FACE('',(#164,#80,#81,#82,#83,#84),#106,.F.);
#2416=ADVANCED_FACE('',(#165),#107,.T.);
#2417=ADVANCED_FACE('',(#166),#108,.T.);
#2418=ADVANCED_FACE('',(#167),#109,.T.);
#2419=ADVANCED_FACE('',(#168),#2342,.F.);
#2420=ADVANCED_FACE('',(#169),#2343,.F.);
#2421=ADVANCED_FACE('',(#170),#110,.F.);
#2422=ADVANCED_FACE('',(#171),#111,.F.);
#2423=ADVANCED_FACE('',(#172),#2344,.T.);
#2424=ADVANCED_FACE('',(#173),#112,.F.);
#2425=ADVANCED_FACE('',(#174,#85),#113,.F.);
#2426=ADVANCED_FACE('',(#175),#68,.T.);
#2427=ADVANCED_FACE('',(#176),#27,.T.);
#2428=ADVANCED_FACE('',(#177),#28,.T.);
#2429=ADVANCED_FACE('',(#178),#69,.T.);
#2430=ADVANCED_FACE('',(#179),#114,.F.);
#2431=ADVANCED_FACE('',(#180),#19,.T.);
#2432=ADVANCED_FACE('',(#181),#29,.T.);
#2433=ADVANCED_FACE('',(#182),#2345,.F.);
#2434=ADVANCED_FACE('',(#183),#30,.T.);
#2435=ADVANCED_FACE('',(#184),#20,.T.);
#2436=ADVANCED_FACE('',(#185),#2346,.F.);
#2437=ADVANCED_FACE('',(#186),#21,.T.);
#2438=ADVANCED_FACE('',(#187),#31,.T.);
#2439=ADVANCED_FACE('',(#188),#115,.F.);
#2440=ADVANCED_FACE('',(#189,#86),#116,.F.);
#2441=ADVANCED_FACE('',(#190),#117,.F.);
#2442=ADVANCED_FACE('',(#191),#118,.F.);
#2443=ADVANCED_FACE('',(#192),#119,.F.);
#2444=ADVANCED_FACE('',(#193),#70,.T.);
#2445=ADVANCED_FACE('',(#194),#32,.T.);
#2446=ADVANCED_FACE('',(#195),#33,.T.);
#2447=ADVANCED_FACE('',(#196),#71,.T.);
#2448=ADVANCED_FACE('',(#197),#120,.F.);
#2449=ADVANCED_FACE('',(#198),#2347,.F.);
#2450=ADVANCED_FACE('',(#199),#34,.T.);
#2451=ADVANCED_FACE('',(#200),#22,.T.);
#2452=ADVANCED_FACE('',(#201),#121,.T.);
#2453=ADVANCED_FACE('',(#202),#122,.F.);
#2454=ADVANCED_FACE('',(#203),#123,.T.);
#2455=ADVANCED_FACE('',(#204),#124,.F.);
#2456=ADVANCED_FACE('',(#205),#125,.F.);
#2457=ADVANCED_FACE('',(#206),#23,.T.);
#2458=ADVANCED_FACE('',(#207),#126,.T.);
#2459=ADVANCED_FACE('',(#208),#127,.T.);
#2460=ADVANCED_FACE('',(#209),#15,.T.);
#2461=ADVANCED_FACE('',(#210),#128,.T.);
#2462=ADVANCED_FACE('',(#211),#16,.T.);
#2463=ADVANCED_FACE('',(#212),#2348,.T.);
#2464=ADVANCED_FACE('',(#213),#2349,.T.);
#2465=ADVANCED_FACE('',(#214),#2350,.T.);
#2466=ADVANCED_FACE('',(#215),#2351,.T.);
#2467=ADVANCED_FACE('',(#216),#2352,.T.);
#2468=ADVANCED_FACE('',(#217),#2353,.T.);
#2469=ADVANCED_FACE('',(#218),#35,.T.);
#2470=ADVANCED_FACE('',(#219),#2354,.T.);
#2471=ADVANCED_FACE('',(#220),#36,.T.);
#2472=ADVANCED_FACE('',(#221),#2355,.T.);
#2473=ADVANCED_FACE('',(#222),#37,.T.);
#2474=ADVANCED_FACE('',(#223),#2356,.T.);
#2475=ADVANCED_FACE('',(#224),#38,.T.);
#2476=ADVANCED_FACE('',(#225),#39,.T.);
#2477=ADVANCED_FACE('',(#226),#2357,.T.);
#2478=ADVANCED_FACE('',(#227),#2358,.T.);
#2479=ADVANCED_FACE('',(#228),#72,.T.);
#2480=ADVANCED_FACE('',(#229),#40,.T.);
#2481=ADVANCED_FACE('',(#230),#2359,.T.);
#2482=ADVANCED_FACE('',(#231),#41,.T.);
#2483=ADVANCED_FACE('',(#232),#42,.T.);
#2484=ADVANCED_FACE('',(#233),#2360,.T.);
#2485=ADVANCED_FACE('',(#234),#2361,.T.);
#2486=ADVANCED_FACE('',(#235),#43,.T.);
#2487=ADVANCED_FACE('',(#236),#2362,.T.);
#2488=ADVANCED_FACE('',(#237),#2363,.T.);
#2489=ADVANCED_FACE('',(#238),#2364,.T.);
#2490=ADVANCED_FACE('',(#239),#2365,.T.);
#2491=ADVANCED_FACE('',(#240),#2366,.T.);
#2492=ADVANCED_FACE('',(#241),#2367,.T.);
#2493=ADVANCED_FACE('',(#242),#44,.T.);
#2494=ADVANCED_FACE('',(#243),#2368,.T.);
#2495=ADVANCED_FACE('',(#244),#2369,.T.);
#2496=ADVANCED_FACE('',(#245),#2370,.F.);
#2497=ADVANCED_FACE('',(#246),#2371,.T.);
#2498=ADVANCED_FACE('',(#247),#2372,.T.);
#2499=ADVANCED_FACE('',(#248),#73,.T.);
#2500=ADVANCED_FACE('',(#249,#87),#129,.T.);
#2501=ADVANCED_FACE('',(#250),#130,.T.);
#2502=ADVANCED_FACE('',(#251),#131,.F.);
#2503=ADVANCED_FACE('',(#252),#24,.T.);
#2504=ADVANCED_FACE('',(#253),#132,.F.);
#2505=ADVANCED_FACE('',(#254),#2373,.T.);
#2506=ADVANCED_FACE('',(#255),#133,.F.);
#2507=ADVANCED_FACE('',(#256),#25,.T.);
#2508=ADVANCED_FACE('',(#257),#134,.F.);
#2509=ADVANCED_FACE('',(#258,#88),#135,.T.);
#2510=ADVANCED_FACE('',(#259),#26,.T.);
#2511=ADVANCED_FACE('',(#260),#2374,.T.);
#2512=ADVANCED_FACE('',(#261),#2375,.F.);
#2513=ADVANCED_FACE('',(#262),#17,.T.);
#2514=ADVANCED_FACE('',(#263),#136,.F.);
#2515=ADVANCED_FACE('',(#264),#18,.T.);
#2516=ADVANCED_FACE('',(#265),#137,.T.);
#2517=ADVANCED_FACE('',(#266),#2376,.T.);
#2518=ADVANCED_FACE('',(#267),#2377,.T.);
#2519=ADVANCED_FACE('',(#268),#74,.T.);
#2520=ADVANCED_FACE('',(#269),#2378,.T.);
#2521=ADVANCED_FACE('',(#270),#2379,.T.);
#2522=ADVANCED_FACE('',(#271),#2380,.T.);
#2523=ADVANCED_FACE('',(#272),#75,.T.);
#2524=ADVANCED_FACE('',(#273,#89),#138,.F.);
#2525=ADVANCED_FACE('',(#274),#139,.T.);
#2526=ADVANCED_FACE('',(#275),#140,.T.);
#2527=ADVANCED_FACE('',(#276),#141,.T.);
#2528=ADVANCED_FACE('',(#277,#90,#91),#142,.T.);
#2529=ADVANCED_FACE('',(#278),#2381,.F.);
#2530=ADVANCED_FACE('',(#279),#2382,.F.);
#2531=ADVANCED_FACE('',(#280),#2383,.F.);
#2532=ADVANCED_FACE('',(#281),#2384,.F.);
#2533=ADVANCED_FACE('',(#282),#2385,.F.);
#2534=ADVANCED_FACE('',(#283),#2386,.F.);
#2535=ADVANCED_FACE('',(#284),#2387,.F.);
#2536=ADVANCED_FACE('',(#285),#2388,.T.);
#2537=ADVANCED_FACE('',(#286),#76,.T.);
#2538=ADVANCED_FACE('',(#287),#2389,.T.);
#2539=ADVANCED_FACE('',(#288),#77,.T.);
#2540=ADVANCED_FACE('',(#289),#143,.T.);
#2541=ADVANCED_FACE('',(#290),#144,.T.);
#2542=ADVANCED_FACE('',(#291,#92),#145,.F.);
#2543=ADVANCED_FACE('',(#292,#93),#146,.F.);
#2544=ADVANCED_FACE('',(#293,#94),#147,.F.);
#2545=ADVANCED_FACE('',(#294),#148,.T.);
#2546=ADVANCED_FACE('',(#295),#2390,.F.);
#2547=ADVANCED_FACE('',(#296),#149,.T.);
#2548=ADVANCED_FACE('',(#297),#2391,.F.);
#2549=ADVANCED_FACE('',(#298),#2392,.T.);
#2550=ADVANCED_FACE('',(#299),#2393,.T.);
#2551=ADVANCED_FACE('',(#300),#2394,.T.);
#2552=ADVANCED_FACE('',(#301),#2395,.F.);
#2553=ADVANCED_FACE('',(#302),#2396,.F.);
#2554=ADVANCED_FACE('',(#303),#2397,.F.);
#2555=ADVANCED_FACE('',(#304),#2398,.F.);
#2556=ADVANCED_FACE('',(#305),#78,.F.);
#2557=ADVANCED_FACE('',(#306),#2399,.F.);
#2558=ADVANCED_FACE('',(#307),#79,.F.);
#2559=ADVANCED_FACE('',(#308),#2400,.F.);
#2560=ADVANCED_FACE('',(#309,#95),#150,.F.);
#2561=ADVANCED_FACE('',(#310),#2401,.F.);
#2562=CLOSED_SHELL('',(#2402,#2403,#2404,#2405,#2406,#2407,#2408,#2409,
#2410,#2411,#2412,#2413,#2414,#2415,#2416,#2417,#2418,#2419,#2420,#2421,
#2422,#2423,#2424,#2425,#2426,#2427,#2428,#2429,#2430,#2431,#2432,#2433,
#2434,#2435,#2436,#2437,#2438,#2439,#2440,#2441,#2442,#2443,#2444,#2445,
#2446,#2447,#2448,#2449,#2450,#2451,#2452,#2453,#2454,#2455,#2456,#2457,
#2458,#2459,#2460,#2461,#2462,#2463,#2464,#2465,#2466,#2467,#2468,#2469,
#2470,#2471,#2472,#2473,#2474,#2475,#2476,#2477,#2478,#2479,#2480,#2481,
#2482,#2483,#2484,#2485,#2486,#2487,#2488,#2489,#2490,#2491,#2492,#2493,
#2494,#2495,#2496,#2497,#2498,#2499,#2500,#2501,#2502,#2503,#2504,#2505,
#2506,#2507,#2508,#2509,#2510,#2511,#2512,#2513,#2514,#2515,#2516,#2517,
#2518,#2519,#2520,#2521,#2522,#2523,#2524,#2525,#2526,#2527,#2528,#2529,
#2530,#2531,#2532,#2533,#2534,#2535,#2536,#2537,#2538,#2539,#2540,#2541,
#2542,#2543,#2544,#2545,#2546,#2547,#2548,#2549,#2550,#2551,#2552,#2553,
#2554,#2555,#2556,#2557,#2558,#2559,#2560,#2561));
#2563=DERIVED_UNIT_ELEMENT(#2565,1.);
#2564=DERIVED_UNIT_ELEMENT(#5723,-3.);
#2565=(
MASS_UNIT()
NAMED_UNIT(*)
SI_UNIT(.KILO.,.GRAM.)
);
#2566=DERIVED_UNIT((#2563,#2564));
#2567=MEASURE_REPRESENTATION_ITEM('density measure',
POSITIVE_RATIO_MEASURE(7850.),#2566);
#2568=PROPERTY_DEFINITION_REPRESENTATION(#2573,#2570);
#2569=PROPERTY_DEFINITION_REPRESENTATION(#2574,#2571);
#2570=REPRESENTATION('material name',(#2572),#5720);
#2571=REPRESENTATION('density',(#2567),#5720);
#2572=DESCRIPTIVE_REPRESENTATION_ITEM('Steel','Steel');
#2573=PROPERTY_DEFINITION('material property','material name',#5730);
#2574=PROPERTY_DEFINITION('material property','density of part',#5730);
#2575=AXIS2_PLACEMENT_3D('',#3686,#2886,#2887);
#2576=AXIS2_PLACEMENT_3D('',#3687,#2888,#2889);
#2577=AXIS2_PLACEMENT_3D('',#3690,#2890,#2891);
#2578=AXIS2_PLACEMENT_3D('',#3694,#2893,#2894);
#2579=AXIS2_PLACEMENT_3D('',#3696,#2896,#2897);
#2580=AXIS2_PLACEMENT_3D('',#3699,#2898,#2899);
#2581=AXIS2_PLACEMENT_3D('',#3703,#2901,#2902);
#2582=AXIS2_PLACEMENT_3D('',#3705,#2904,#2905);
#2583=AXIS2_PLACEMENT_3D('',#3716,#2912,#2913);
#2584=AXIS2_PLACEMENT_3D('',#3733,#2922,#2923);
#2585=AXIS2_PLACEMENT_3D('',#3735,#2924,#2925);
#2586=AXIS2_PLACEMENT_3D('',#3738,#2927,#2928);
#2587=AXIS2_PLACEMENT_3D('',#3739,#2929,#2930);
#2588=AXIS2_PLACEMENT_3D('',#3745,#2934,#2935);
#2589=AXIS2_PLACEMENT_3D('',#3751,#2939,#2940);
#2590=AXIS2_PLACEMENT_3D('',#3754,#2943,#2944);
#2591=AXIS2_PLACEMENT_3D('',#3755,#2945,#2946);
#2592=AXIS2_PLACEMENT_3D('',#3762,#2950,#2951);
#2593=AXIS2_PLACEMENT_3D('',#3763,#2952,#2953);
#2594=AXIS2_PLACEMENT_3D('',#3769,#2957,#2958);
#2595=AXIS2_PLACEMENT_3D('',#3772,#2961,#2962);
#2596=AXIS2_PLACEMENT_3D('',#3773,#2963,#2964);
#2597=AXIS2_PLACEMENT_3D('',#3776,#2965,#2966);
#2598=AXIS2_PLACEMENT_3D('',#3780,#2968,#2969);
#2599=AXIS2_PLACEMENT_3D('',#3787,#2974,#2975);
#2600=AXIS2_PLACEMENT_3D('',#3789,#2976,#2977);
#2601=AXIS2_PLACEMENT_3D('',#3791,#2978,#2979);
#2602=AXIS2_PLACEMENT_3D('',#3793,#2980,#2981);
#2603=AXIS2_PLACEMENT_3D('',#3794,#2982,#2983);
#2604=AXIS2_PLACEMENT_3D('',#3796,#2984,#2985);
#2605=AXIS2_PLACEMENT_3D('',#3797,#2986,#2987);
#2606=AXIS2_PLACEMENT_3D('',#3799,#2988,#2989);
#2607=AXIS2_PLACEMENT_3D('',#3800,#2990,#2991);
#2608=AXIS2_PLACEMENT_3D('',#3802,#2992,#2993);
#2609=AXIS2_PLACEMENT_3D('',#3803,#2994,#2995);
#2610=AXIS2_PLACEMENT_3D('',#3806,#2997,#2998);
#2611=AXIS2_PLACEMENT_3D('',#3807,#2999,#3000);
#2612=AXIS2_PLACEMENT_3D('',#3810,#3002,#3003);
#2613=AXIS2_PLACEMENT_3D('',#3811,#3004,#3005);
#2614=AXIS2_PLACEMENT_3D('',#3824,#3012,#3013);
#2615=AXIS2_PLACEMENT_3D('',#3833,#3018,#3019);
#2616=AXIS2_PLACEMENT_3D('',#3836,#3020,#3021);
#2617=AXIS2_PLACEMENT_3D('',#3840,#3023,#3024);
#2618=AXIS2_PLACEMENT_3D('',#3842,#3026,#3027);
#2619=AXIS2_PLACEMENT_3D('',#3848,#3030,#3031);
#2620=AXIS2_PLACEMENT_3D('',#3849,#3032,#3033);
#2621=AXIS2_PLACEMENT_3D('',#3855,#3037,#3038);
#2622=AXIS2_PLACEMENT_3D('',#3870,#3039,#3040);
#2623=AXIS2_PLACEMENT_3D('',#3871,#3041,#3042);
#2624=AXIS2_PLACEMENT_3D('',#4031,#3043,#3044);
#2625=AXIS2_PLACEMENT_3D('',#4273,#3045,#3046);
#2626=AXIS2_PLACEMENT_3D('',#4368,#3047,#3048);
#2627=AXIS2_PLACEMENT_3D('',#4370,#3049,#3050);
#2628=AXIS2_PLACEMENT_3D('',#4384,#3051,#3052);
#2629=AXIS2_PLACEMENT_3D('',#4385,#3053,#3054);
#2630=AXIS2_PLACEMENT_3D('',#4389,#3057,#3058);
#2631=AXIS2_PLACEMENT_3D('',#4391,#3059,#3060);
#2632=AXIS2_PLACEMENT_3D('',#4392,#3061,#3062);
#2633=AXIS2_PLACEMENT_3D('',#4407,#3063,#3064);
#2634=AXIS2_PLACEMENT_3D('',#4414,#3065,#3066);
#2635=AXIS2_PLACEMENT_3D('',#4415,#3067,#3068);
#2636=AXIS2_PLACEMENT_3D('',#4416,#3069,#3070);
#2637=AXIS2_PLACEMENT_3D('',#4423,#3071,#3072);
#2638=AXIS2_PLACEMENT_3D('',#4424,#3073,#3074);
#2639=AXIS2_PLACEMENT_3D('',#4426,#3075,#3076);
#2640=AXIS2_PLACEMENT_3D('',#4427,#3077,#3078);
#2641=AXIS2_PLACEMENT_3D('',#4441,#3079,#3080);
#2642=AXIS2_PLACEMENT_3D('',#4447,#3081,#3082);
#2643=AXIS2_PLACEMENT_3D('',#4448,#3083,#3084);
#2644=AXIS2_PLACEMENT_3D('',#4451,#3085,#3086);
#2645=AXIS2_PLACEMENT_3D('',#4453,#3087,#3088);
#2646=AXIS2_PLACEMENT_3D('',#4454,#3089,#3090);
#2647=AXIS2_PLACEMENT_3D('',#4455,#3091,#3092);
#2648=AXIS2_PLACEMENT_3D('',#4459,#3094,#3095);
#2649=AXIS2_PLACEMENT_3D('',#4461,#3096,#3097);
#2650=AXIS2_PLACEMENT_3D('',#4470,#3099,#3100);
#2651=AXIS2_PLACEMENT_3D('',#4472,#3101,#3102);
#2652=AXIS2_PLACEMENT_3D('',#4473,#3103,#3104);
#2653=AXIS2_PLACEMENT_3D('',#4488,#3105,#3106);
#2654=AXIS2_PLACEMENT_3D('',#4495,#3107,#3108);
#2655=AXIS2_PLACEMENT_3D('',#4496,#3109,#3110);
#2656=AXIS2_PLACEMENT_3D('',#4497,#3111,#3112);
#2657=AXIS2_PLACEMENT_3D('',#4503,#3115,#3116);
#2658=AXIS2_PLACEMENT_3D('',#4504,#3117,#3118);
#2659=AXIS2_PLACEMENT_3D('',#4510,#3122,#3123);
#2660=AXIS2_PLACEMENT_3D('',#4513,#3124,#3125);
#2661=AXIS2_PLACEMENT_3D('',#4516,#3127,#3128);
#2662=AXIS2_PLACEMENT_3D('',#4521,#3131,#3132);
#2663=AXIS2_PLACEMENT_3D('',#4525,#3134,#3135);
#2664=AXIS2_PLACEMENT_3D('',#4527,#3137,#3138);
#2665=AXIS2_PLACEMENT_3D('',#4533,#3142,#3143);
#2666=AXIS2_PLACEMENT_3D('',#4535,#3144,#3145);
#2667=AXIS2_PLACEMENT_3D('',#4538,#3147,#3148);
#2668=AXIS2_PLACEMENT_3D('',#4540,#3149,#3150);
#2669=AXIS2_PLACEMENT_3D('',#4543,#3152,#3153);
#2670=AXIS2_PLACEMENT_3D('',#4547,#3156,#3157);
#2671=AXIS2_PLACEMENT_3D('',#4562,#3158,#3159);
#2672=AXIS2_PLACEMENT_3D('',#4563,#3160,#3161);
#2673=AXIS2_PLACEMENT_3D('',#4723,#3162,#3163);
#2674=AXIS2_PLACEMENT_3D('',#4965,#3164,#3165);
#2675=AXIS2_PLACEMENT_3D('',#5060,#3166,#3167);
#2676=AXIS2_PLACEMENT_3D('',#5062,#3168,#3169);
#2677=AXIS2_PLACEMENT_3D('',#5076,#3170,#3171);
#2678=AXIS2_PLACEMENT_3D('',#5077,#3172,#3173);
#2679=AXIS2_PLACEMENT_3D('',#5081,#3176,#3177);
#2680=AXIS2_PLACEMENT_3D('',#5089,#3178,#3179);
#2681=AXIS2_PLACEMENT_3D('',#5090,#3180,#3181);
#2682=AXIS2_PLACEMENT_3D('',#5091,#3182,#3183);
#2683=AXIS2_PLACEMENT_3D('',#5092,#3184,#3185);
#2684=AXIS2_PLACEMENT_3D('',#5106,#3186,#3187);
#2685=AXIS2_PLACEMENT_3D('',#5108,#3188,#3189);
#2686=AXIS2_PLACEMENT_3D('',#5113,#3190,#3191);
#2687=AXIS2_PLACEMENT_3D('',#5116,#3192,#3193);
#2688=AXIS2_PLACEMENT_3D('',#5118,#3194,#3195);
#2689=AXIS2_PLACEMENT_3D('',#5119,#3196,#3197);
#2690=AXIS2_PLACEMENT_3D('',#5120,#3198,#3199);
#2691=AXIS2_PLACEMENT_3D('',#5125,#3202,#3203);
#2692=AXIS2_PLACEMENT_3D('',#5129,#3205,#3206);
#2693=AXIS2_PLACEMENT_3D('',#5132,#3208,#3209);
#2694=AXIS2_PLACEMENT_3D('',#5136,#3212,#3213);
#2695=AXIS2_PLACEMENT_3D('',#5137,#3214,#3215);
#2696=AXIS2_PLACEMENT_3D('',#5138,#3216,#3217);
#2697=AXIS2_PLACEMENT_3D('',#5139,#3218,#3219);
#2698=AXIS2_PLACEMENT_3D('',#5140,#3220,#3221);
#2699=AXIS2_PLACEMENT_3D('',#5141,#3222,#3223);
#2700=AXIS2_PLACEMENT_3D('',#5142,#3224,#3225);
#2701=AXIS2_PLACEMENT_3D('',#5143,#3226,#3227);
#2702=AXIS2_PLACEMENT_3D('',#5144,#3228,#3229);
#2703=AXIS2_PLACEMENT_3D('',#5145,#3230,#3231);
#2704=AXIS2_PLACEMENT_3D('',#5148,#3232,#3233);
#2705=AXIS2_PLACEMENT_3D('',#5150,#3234,#3235);
#2706=AXIS2_PLACEMENT_3D('',#5151,#3236,#3237);
#2707=AXIS2_PLACEMENT_3D('',#5152,#3238,#3239);
#2708=AXIS2_PLACEMENT_3D('',#5157,#3242,#3243);
#2709=AXIS2_PLACEMENT_3D('',#5159,#3245,#3246);
#2710=AXIS2_PLACEMENT_3D('',#5165,#3250,#3251);
#2711=AXIS2_PLACEMENT_3D('',#5167,#3252,#3253);
#2712=AXIS2_PLACEMENT_3D('',#5169,#3255,#3256);
#2713=AXIS2_PLACEMENT_3D('',#5173,#3259,#3260);
#2714=AXIS2_PLACEMENT_3D('',#5174,#3261,#3262);
#2715=AXIS2_PLACEMENT_3D('',#5175,#3263,#3264);
#2716=AXIS2_PLACEMENT_3D('',#5177,#3265,#3266);
#2717=AXIS2_PLACEMENT_3D('',#5179,#3268,#3269);
#2718=AXIS2_PLACEMENT_3D('',#5193,#3271,#3272);
#2719=AXIS2_PLACEMENT_3D('',#5194,#3273,#3274);
#2720=AXIS2_PLACEMENT_3D('',#5197,#3276,#3277);
#2721=AXIS2_PLACEMENT_3D('',#5198,#3278,#3279);
#2722=AXIS2_PLACEMENT_3D('',#5211,#3281,#3282);
#2723=AXIS2_PLACEMENT_3D('',#5214,#3285,#3286);
#2724=AXIS2_PLACEMENT_3D('',#5216,#3287,#3288);
#2725=AXIS2_PLACEMENT_3D('',#5230,#3290,#3291);
#2726=AXIS2_PLACEMENT_3D('',#5231,#3292,#3293);
#2727=AXIS2_PLACEMENT_3D('',#5234,#3295,#3296);
#2728=AXIS2_PLACEMENT_3D('',#5257,#3297,#3298);
#2729=AXIS2_PLACEMENT_3D('',#5258,#3299,#3300);
#2730=AXIS2_PLACEMENT_3D('',#5259,#3301,#3302);
#2731=AXIS2_PLACEMENT_3D('',#5273,#3304,#3305);
#2732=AXIS2_PLACEMENT_3D('',#5274,#3306,#3307);
#2733=AXIS2_PLACEMENT_3D('',#5279,#3310,#3311);
#2734=AXIS2_PLACEMENT_3D('',#5302,#3312,#3313);
#2735=AXIS2_PLACEMENT_3D('',#5303,#3314,#3315);
#2736=AXIS2_PLACEMENT_3D('',#5325,#3316,#3317);
#2737=AXIS2_PLACEMENT_3D('',#5326,#3318,#3319);
#2738=AXIS2_PLACEMENT_3D('',#5329,#3322,#3323);
#2739=AXIS2_PLACEMENT_3D('',#5332,#3325,#3326);
#2740=AXIS2_PLACEMENT_3D('',#5333,#3327,#3328);
#2741=AXIS2_PLACEMENT_3D('',#5335,#3329,#3330);
#2742=AXIS2_PLACEMENT_3D('',#5336,#3331,#3332);
#2743=AXIS2_PLACEMENT_3D('',#5359,#3333,#3334);
#2744=AXIS2_PLACEMENT_3D('',#5360,#3335,#3336);
#2745=AXIS2_PLACEMENT_3D('',#5361,#3337,#3338);
#2746=AXIS2_PLACEMENT_3D('',#5384,#3340,#3341);
#2747=AXIS2_PLACEMENT_3D('',#5407,#3342,#3343);
#2748=AXIS2_PLACEMENT_3D('',#5408,#3344,#3345);
#2749=AXIS2_PLACEMENT_3D('',#5409,#3346,#3347);
#2750=AXIS2_PLACEMENT_3D('',#5411,#3349,#3350);
#2751=AXIS2_PLACEMENT_3D('',#5416,#3353,#3354);
#2752=AXIS2_PLACEMENT_3D('',#5430,#3355,#3356);
#2753=AXIS2_PLACEMENT_3D('',#5431,#3357,#3358);
#2754=AXIS2_PLACEMENT_3D('',#5432,#3359,#3360);
#2755=AXIS2_PLACEMENT_3D('',#5434,#3362,#3363);
#2756=AXIS2_PLACEMENT_3D('',#5450,#3365,#3366);
#2757=AXIS2_PLACEMENT_3D('',#5451,#3367,#3368);
#2758=AXIS2_PLACEMENT_3D('',#5454,#3370,#3371);
#2759=AXIS2_PLACEMENT_3D('',#5455,#3372,#3373);
#2760=AXIS2_PLACEMENT_3D('',#5468,#3375,#3376);
#2761=AXIS2_PLACEMENT_3D('',#5471,#3379,#3380);
#2762=AXIS2_PLACEMENT_3D('',#5473,#3381,#3382);
#2763=AXIS2_PLACEMENT_3D('',#5487,#3384,#3385);
#2764=AXIS2_PLACEMENT_3D('',#5488,#3386,#3387);
#2765=AXIS2_PLACEMENT_3D('',#5491,#3390,#3391);
#2766=AXIS2_PLACEMENT_3D('',#5493,#3393,#3394);
#2767=AXIS2_PLACEMENT_3D('',#5496,#3396,#3397);
#2768=AXIS2_PLACEMENT_3D('',#5497,#3398,#3399);
#2769=AXIS2_PLACEMENT_3D('',#5500,#3401,#3402);
#2770=AXIS2_PLACEMENT_3D('',#5501,#3403,#3404);
#2771=AXIS2_PLACEMENT_3D('',#5505,#3406,#3407);
#2772=AXIS2_PLACEMENT_3D('',#5507,#3409,#3410);
#2773=AXIS2_PLACEMENT_3D('',#5508,#3411,#3412);
#2774=AXIS2_PLACEMENT_3D('',#5509,#3413,#3414);
#2775=AXIS2_PLACEMENT_3D('',#5511,#3415,#3416);
#2776=AXIS2_PLACEMENT_3D('',#5512,#3417,#3418);
#2777=AXIS2_PLACEMENT_3D('',#5517,#3420,#3421);
#2778=AXIS2_PLACEMENT_3D('',#5520,#3423,#3424);
#2779=AXIS2_PLACEMENT_3D('',#5521,#3425,#3426);
#2780=AXIS2_PLACEMENT_3D('',#5525,#3429,#3430);
#2781=AXIS2_PLACEMENT_3D('',#5527,#3431,#3432);
#2782=AXIS2_PLACEMENT_3D('',#5528,#3433,#3434);
#2783=AXIS2_PLACEMENT_3D('',#5529,#3435,#3436);
#2784=AXIS2_PLACEMENT_3D('',#5533,#3439,#3440);
#2785=AXIS2_PLACEMENT_3D('',#5536,#3442,#3443);
#2786=AXIS2_PLACEMENT_3D('',#5537,#3444,#3445);
#2787=AXIS2_PLACEMENT_3D('',#5539,#3447,#3448);
#2788=AXIS2_PLACEMENT_3D('',#5541,#3449,#3450);
#2789=AXIS2_PLACEMENT_3D('',#5542,#3451,#3452);
#2790=AXIS2_PLACEMENT_3D('',#5543,#3453,#3454);
#2791=AXIS2_PLACEMENT_3D('',#5545,#3456,#3457);
#2792=AXIS2_PLACEMENT_3D('',#5549,#3460,#3461);
#2793=AXIS2_PLACEMENT_3D('',#5551,#3462,#3463);
#2794=AXIS2_PLACEMENT_3D('',#5552,#3464,#3465);
#2795=AXIS2_PLACEMENT_3D('',#5553,#3466,#3467);
#2796=AXIS2_PLACEMENT_3D('',#5554,#3468,#3469);
#2797=AXIS2_PLACEMENT_3D('',#5555,#3470,#3471);
#2798=AXIS2_PLACEMENT_3D('',#5558,#3473,#3474);
#2799=AXIS2_PLACEMENT_3D('',#5559,#3475,#3476);
#2800=AXIS2_PLACEMENT_3D('',#5563,#3478,#3479);
#2801=AXIS2_PLACEMENT_3D('',#5565,#3481,#3482);
#2802=AXIS2_PLACEMENT_3D('',#5569,#3485,#3486);
#2803=AXIS2_PLACEMENT_3D('',#5571,#3487,#3488);
#2804=AXIS2_PLACEMENT_3D('',#5573,#3490,#3491);
#2805=AXIS2_PLACEMENT_3D('',#5575,#3493,#3494);
#2806=AXIS2_PLACEMENT_3D('',#5577,#3495,#3496);
#2807=AXIS2_PLACEMENT_3D('',#5579,#3498,#3499);
#2808=AXIS2_PLACEMENT_3D('',#5582,#3501,#3502);
#2809=AXIS2_PLACEMENT_3D('',#5583,#3503,#3504);
#2810=AXIS2_PLACEMENT_3D('',#5585,#3505,#3506);
#2811=AXIS2_PLACEMENT_3D('',#5586,#3507,#3508);
#2812=AXIS2_PLACEMENT_3D('',#5587,#3509,#3510);
#2813=AXIS2_PLACEMENT_3D('',#5589,#3512,#3513);
#2814=AXIS2_PLACEMENT_3D('',#5591,#3515,#3516);
#2815=AXIS2_PLACEMENT_3D('',#5594,#3518,#3519);
#2816=AXIS2_PLACEMENT_3D('',#5595,#3520,#3521);
#2817=AXIS2_PLACEMENT_3D('',#5596,#3522,#3523);
#2818=AXIS2_PLACEMENT_3D('',#5597,#3524,#3525);
#2819=AXIS2_PLACEMENT_3D('',#5606,#3530,#3531);
#2820=AXIS2_PLACEMENT_3D('',#5608,#3532,#3533);
#2821=AXIS2_PLACEMENT_3D('',#5609,#3534,#3535);
#2822=AXIS2_PLACEMENT_3D('',#5611,#3536,#3537);
#2823=AXIS2_PLACEMENT_3D('',#5612,#3538,#3539);
#2824=AXIS2_PLACEMENT_3D('',#5614,#3540,#3541);
#2825=AXIS2_PLACEMENT_3D('',#5615,#3542,#3543);
#2826=AXIS2_PLACEMENT_3D('',#5620,#3545,#3546);
#2827=AXIS2_PLACEMENT_3D('',#5623,#3548,#3549);
#2828=AXIS2_PLACEMENT_3D('',#5624,#3550,#3551);
#2829=AXIS2_PLACEMENT_3D('',#5625,#3552,#3553);
#2830=AXIS2_PLACEMENT_3D('',#5626,#3554,#3555);
#2831=AXIS2_PLACEMENT_3D('',#5628,#3557,#3558);
#2832=AXIS2_PLACEMENT_3D('',#5629,#3559,#3560);
#2833=AXIS2_PLACEMENT_3D('',#5630,#3561,#3562);
#2834=AXIS2_PLACEMENT_3D('',#5632,#3564,#3565);
#2835=AXIS2_PLACEMENT_3D('',#5633,#3566,#3567);
#2836=AXIS2_PLACEMENT_3D('',#5634,#3568,#3569);
#2837=AXIS2_PLACEMENT_3D('',#5637,#3571,#3572);
#2838=AXIS2_PLACEMENT_3D('',#5638,#3573,#3574);
#2839=AXIS2_PLACEMENT_3D('',#5641,#3576,#3577);
#2840=AXIS2_PLACEMENT_3D('',#5642,#3578,#3579);
#2841=AXIS2_PLACEMENT_3D('',#5645,#3581,#3582);
#2842=AXIS2_PLACEMENT_3D('',#5646,#3583,#3584);
#2843=AXIS2_PLACEMENT_3D('',#5648,#3585,#3586);
#2844=AXIS2_PLACEMENT_3D('',#5651,#3588,#3589);
#2845=AXIS2_PLACEMENT_3D('',#5652,#3590,#3591);
#2846=AXIS2_PLACEMENT_3D('',#5654,#3592,#3593);
#2847=AXIS2_PLACEMENT_3D('',#5655,#3594,#3595);
#2848=AXIS2_PLACEMENT_3D('',#5656,#3596,#3597);
#2849=AXIS2_PLACEMENT_3D('',#5658,#3598,#3599);
#2850=AXIS2_PLACEMENT_3D('',#5660,#3601,#3602);
#2851=AXIS2_PLACEMENT_3D('',#5661,#3603,#3604);
#2852=AXIS2_PLACEMENT_3D('',#5662,#3605,#3606);
#2853=AXIS2_PLACEMENT_3D('',#5664,#3608,#3609);
#2854=AXIS2_PLACEMENT_3D('',#5666,#3611,#3612);
#2855=AXIS2_PLACEMENT_3D('',#5668,#3613,#3614);
#2856=AXIS2_PLACEMENT_3D('',#5669,#3615,#3616);
#2857=AXIS2_PLACEMENT_3D('',#5671,#3617,#3618);
#2858=AXIS2_PLACEMENT_3D('',#5672,#3619,#3620);
#2859=AXIS2_PLACEMENT_3D('',#5674,#3621,#3622);
#2860=AXIS2_PLACEMENT_3D('',#5675,#3623,#3624);
#2861=AXIS2_PLACEMENT_3D('',#5681,#3628,#3629);
#2862=AXIS2_PLACEMENT_3D('',#5684,#3631,#3632);
#2863=AXIS2_PLACEMENT_3D('',#5685,#3633,#3634);
#2864=AXIS2_PLACEMENT_3D('',#5689,#3637,#3638);
#2865=AXIS2_PLACEMENT_3D('',#5690,#3639,#3640);
#2866=AXIS2_PLACEMENT_3D('',#5691,#3641,#3642);
#2867=AXIS2_PLACEMENT_3D('',#5692,#3643,#3644);
#2868=AXIS2_PLACEMENT_3D('',#5693,#3645,#3646);
#2869=AXIS2_PLACEMENT_3D('',#5694,#3647,#3648);
#2870=AXIS2_PLACEMENT_3D('',#5695,#3649,#3650);
#2871=AXIS2_PLACEMENT_3D('',#5697,#3652,#3653);
#2872=AXIS2_PLACEMENT_3D('',#5699,#3655,#3656);
#2873=AXIS2_PLACEMENT_3D('',#5701,#3658,#3659);
#2874=AXIS2_PLACEMENT_3D('',#5702,#3660,#3661);
#2875=AXIS2_PLACEMENT_3D('',#5703,#3662,#3663);
#2876=AXIS2_PLACEMENT_3D('',#5704,#3664,#3665);
#2877=AXIS2_PLACEMENT_3D('',#5705,#3666,#3667);
#2878=AXIS2_PLACEMENT_3D('',#5706,#3668,#3669);
#2879=AXIS2_PLACEMENT_3D('',#5707,#3670,#3671);
#2880=AXIS2_PLACEMENT_3D('',#5708,#3672,#3673);
#2881=AXIS2_PLACEMENT_3D('',#5709,#3674,#3675);
#2882=AXIS2_PLACEMENT_3D('',#5711,#3676,#3677);
#2883=AXIS2_PLACEMENT_3D('',#5713,#3679,#3680);
#2884=AXIS2_PLACEMENT_3D('',#5715,#3681,#3682);
#2885=AXIS2_PLACEMENT_3D('',#5716,#3683,#3684);
#2886=DIRECTION('axis',(0.,0.,1.));
#2887=DIRECTION('refdir',(1.,0.,0.));
#2888=DIRECTION('center_axis',(-1.,0.,0.));
#2889=DIRECTION('ref_axis',(0.,0.,1.));
#2890=DIRECTION('center_axis',(1.,0.,0.));
#2891=DIRECTION('ref_axis',(0.,0.,1.));
#2892=DIRECTION('',(1.,0.,0.));
#2893=DIRECTION('center_axis',(-0.707106781186548,-0.707106781186548,0.));
#2894=DIRECTION('ref_axis',(0.707106781186548,-0.707106781186548,0.));
#2895=DIRECTION('',(1.,0.,0.));
#2896=DIRECTION('center_axis',(-1.,0.,0.));
#2897=DIRECTION('ref_axis',(0.,0.,1.));
#2898=DIRECTION('center_axis',(-1.,0.,0.));
#2899=DIRECTION('ref_axis',(0.,0.,1.));
#2900=DIRECTION('',(1.,0.,0.));
#2901=DIRECTION('center_axis',(-0.707106781186548,0.707106781186548,0.));
#2902=DIRECTION('ref_axis',(-0.707106781186548,-0.707106781186548,0.));
#2903=DIRECTION('',(1.,0.,0.));
#2904=DIRECTION('center_axis',(0.,1.,0.));
#2905=DIRECTION('ref_axis',(0.,0.,1.));
#2906=DIRECTION('',(0.,0.,-1.));
#2907=DIRECTION('',(1.,0.,0.));
#2908=DIRECTION('',(0.,0.,1.));
#2909=DIRECTION('',(0.,0.,-1.));
#2910=DIRECTION('',(1.,0.,0.));
#2911=DIRECTION('',(0.,0.,-1.));
#2912=DIRECTION('center_axis',(0.,-1.,0.));
#2913=DIRECTION('ref_axis',(0.,0.,-1.));
#2914=DIRECTION('',(0.,0.,-1.));
#2915=DIRECTION('',(-1.,0.,0.));
#2916=DIRECTION('',(0.,0.,1.));
#2917=DIRECTION('',(-1.,0.,0.));
#2918=DIRECTION('',(0.,0.,-1.));
#2919=DIRECTION('',(-1.,0.,0.));
#2920=DIRECTION('',(0.,0.,-1.));
#2921=DIRECTION('',(-1.,0.,0.));
#2922=DIRECTION('center_axis',(1.,0.,0.));
#2923=DIRECTION('ref_axis',(0.,0.,-1.));
#2924=DIRECTION('center_axis',(-1.,5.55111446138135E-16,0.));
#2925=DIRECTION('ref_axis',(0.,0.,-1.));
#2926=DIRECTION('',(-1.,0.,0.));
#2927=DIRECTION('center_axis',(0.707106781186548,0.707106781186548,0.));
#2928=DIRECTION('ref_axis',(0.707106781186548,-0.707106781186548,0.));
#2929=DIRECTION('center_axis',(-1.,0.,0.));
#2930=DIRECTION('ref_axis',(0.,1.,0.));
#2931=DIRECTION('',(0.,1.,0.));
#2932=DIRECTION('',(0.,0.,-1.));
#2933=DIRECTION('',(0.,1.,0.));
#2934=DIRECTION('center_axis',(0.,-1.,0.));
#2935=DIRECTION('ref_axis',(-1.,0.,0.));
#2936=DIRECTION('',(-1.,0.,0.));
#2937=DIRECTION('',(0.,0.,-1.));
#2938=DIRECTION('',(-1.,0.,0.));
#2939=DIRECTION('center_axis',(1.,0.,0.));
#2940=DIRECTION('ref_axis',(0.,-1.,0.));
#2941=DIRECTION('',(0.,-1.,0.));
#2942=DIRECTION('',(0.,-1.,0.));
#2943=DIRECTION('center_axis',(0.,0.,-1.));
#2944=DIRECTION('ref_axis',(-1.,0.,0.));
#2945=DIRECTION('center_axis',(1.,0.,0.));
#2946=DIRECTION('ref_axis',(0.,-1.,0.));
#2947=DIRECTION('',(0.,-1.,0.));
#2948=DIRECTION('',(0.,0.,-1.));
#2949=DIRECTION('',(0.,-1.,0.));
#2950=DIRECTION('center_axis',(1.,0.,0.));
#2951=DIRECTION('ref_axis',(0.,0.,-1.));
#2952=DIRECTION('center_axis',(0.,1.,0.));
#2953=DIRECTION('ref_axis',(1.,0.,0.));
#2954=DIRECTION('',(1.,0.,0.));
#2955=DIRECTION('',(0.,0.,-1.));
#2956=DIRECTION('',(1.,0.,0.));
#2957=DIRECTION('center_axis',(-1.,0.,0.));
#2958=DIRECTION('ref_axis',(0.,1.,0.));
#2959=DIRECTION('',(0.,1.,0.));
#2960=DIRECTION('',(0.,1.,0.));
#2961=DIRECTION('center_axis',(0.,0.,-1.));
#2962=DIRECTION('ref_axis',(-1.,0.,0.));
#2963=DIRECTION('center_axis',(0.,0.,-1.));
#2964=DIRECTION('ref_axis',(-1.,0.,0.));
#2965=DIRECTION('center_axis',(0.,0.,-1.));
#2966=DIRECTION('ref_axis',(-1.,0.,0.));
#2967=DIRECTION('',(-6.72862439166762E-17,1.,0.));
#2968=DIRECTION('center_axis',(0.,0.,-1.));
#2969=DIRECTION('ref_axis',(-1.,0.,0.));
#2970=DIRECTION('',(2.01858731750029E-16,-1.,0.));
#2971=DIRECTION('',(0.,-1.,0.));
#2972=DIRECTION('',(-1.,0.,0.));
#2973=DIRECTION('',(0.,1.,0.));
#2974=DIRECTION('center_axis',(0.,0.,1.));
#2975=DIRECTION('ref_axis',(1.,0.,0.));
#2976=DIRECTION('center_axis',(0.,0.,1.));
#2977=DIRECTION('ref_axis',(1.,0.,0.));
#2978=DIRECTION('center_axis',(0.,0.,1.));
#2979=DIRECTION('ref_axis',(1.,0.,0.));
#2980=DIRECTION('center_axis',(0.,0.,1.));
#2981=DIRECTION('ref_axis',(1.,0.,0.));
#2982=DIRECTION('center_axis',(0.,0.,1.));
#2983=DIRECTION('ref_axis',(1.,0.,0.));
#2984=DIRECTION('center_axis',(0.,0.,1.));
#2985=DIRECTION('ref_axis',(1.,0.,0.));
#2986=DIRECTION('center_axis',(0.,-1.,0.));
#2987=DIRECTION('ref_axis',(0.,0.,-1.));
#2988=DIRECTION('center_axis',(0.,-1.,0.));
#2989=DIRECTION('ref_axis',(0.,0.,-1.));
#2990=DIRECTION('center_axis',(0.,-1.,0.));
#2991=DIRECTION('ref_axis',(0.,0.,-1.));
#2992=DIRECTION('center_axis',(0.,-1.,0.));
#2993=DIRECTION('ref_axis',(0.,0.,-1.));
#2994=DIRECTION('center_axis',(0.,-1.,0.));
#2995=DIRECTION('ref_axis',(0.,0.,-1.));
#2996=DIRECTION('',(0.,-1.,0.));
#2997=DIRECTION('center_axis',(0.,-1.,0.));
#2998=DIRECTION('ref_axis',(0.,0.,-1.));
#2999=DIRECTION('center_axis',(0.,-1.,0.));
#3000=DIRECTION('ref_axis',(0.,0.,-1.));
#3001=DIRECTION('',(0.,-1.,0.));
#3002=DIRECTION('center_axis',(0.,-1.,0.));
#3003=DIRECTION('ref_axis',(0.,0.,-1.));
#3004=DIRECTION('center_axis',(-1.,0.,-1.33440267382831E-16));
#3005=DIRECTION('ref_axis',(-1.33440267382831E-16,0.,1.));
#3006=DIRECTION('',(1.70803542250024E-16,0.,-1.));
#3007=DIRECTION('',(0.,-1.,0.));
#3008=DIRECTION('',(0.,0.,-1.));
#3009=DIRECTION('',(5.68784485708925E-16,0.,-1.));
#3010=DIRECTION('',(0.,0.,-1.));
#3011=DIRECTION('',(0.,-1.,0.));
#3012=DIRECTION('center_axis',(1.,0.,1.33440267382831E-16));
#3013=DIRECTION('ref_axis',(1.33440267382831E-16,0.,-1.));
#3014=DIRECTION('',(0.,0.,1.));
#3015=DIRECTION('',(0.,-1.,0.));
#3016=DIRECTION('',(0.,0.,1.));
#3017=DIRECTION('',(0.,-1.,0.));
#3018=DIRECTION('center_axis',(-1.,-1.82602471155453E-16,0.));
#3019=DIRECTION('ref_axis',(1.82602471155453E-16,-1.,0.));
#3020=DIRECTION('center_axis',(-1.,-3.50540073038671E-15,0.));
#3021=DIRECTION('ref_axis',(3.50540073038671E-15,-1.,0.));
#3022=DIRECTION('',(1.,1.89316350767461E-16,0.));
#3023=DIRECTION('center_axis',(-1.,0.,0.));
#3024=DIRECTION('ref_axis',(0.,0.,1.));
#3025=DIRECTION('',(-1.,-1.89316350767461E-16,0.));
#3026=DIRECTION('center_axis',(-1.44560289664734E-16,0.,-1.));
#3027=DIRECTION('ref_axis',(-1.,0.,1.44560289664734E-16));
#3028=DIRECTION('',(-0.287347885566349,0.95782628522115,8.88937482336719E-17));
#3029=DIRECTION('',(-0.04540766091865,0.9989685402103,0.));
#3030=DIRECTION('center_axis',(-1.44560289664734E-16,0.,-1.));
#3031=DIRECTION('ref_axis',(-1.,0.,1.44560289664734E-16));
#3032=DIRECTION('center_axis',(0.,1.,0.));
#3033=DIRECTION('ref_axis',(0.,0.,1.));
#3034=DIRECTION('',(1.,0.,0.));
#3035=DIRECTION('',(0.,0.,1.));
#3036=DIRECTION('',(1.,0.,0.));
#3037=DIRECTION('center_axis',(-1.44560289664734E-16,0.,-1.));
#3038=DIRECTION('ref_axis',(-1.,0.,1.11022302462516E-16));
#3039=DIRECTION('center_axis',(-1.44560289664734E-16,0.,-1.));
#3040=DIRECTION('ref_axis',(-1.,0.,1.44560289664734E-16));
#3041=DIRECTION('center_axis',(-0.684008036189518,0.729474472773489,0.));
#3042=DIRECTION('ref_axis',(-0.729474472773489,-0.684008036189518,0.));
#3043=DIRECTION('center_axis',(0.,0.,1.));
#3044=DIRECTION('ref_axis',(1.,0.,0.));
#3045=DIRECTION('center_axis',(0.684008036189518,-0.729474472773489,0.));
#3046=DIRECTION('ref_axis',(0.729474472773489,0.684008036189518,0.));
#3047=DIRECTION('center_axis',(0.,0.,1.));
#3048=DIRECTION('ref_axis',(1.,0.,0.));
#3049=DIRECTION('center_axis',(0.,0.,1.));
#3050=DIRECTION('ref_axis',(1.,0.,0.));
#3051=DIRECTION('center_axis',(0.,0.,1.));
#3052=DIRECTION('ref_axis',(1.,0.,0.));
#3053=DIRECTION('center_axis',(0.,0.,1.));
#3054=DIRECTION('ref_axis',(1.,0.,0.));
#3055=DIRECTION('',(0.287347885566348,-0.957826285221151,0.));
#3056=DIRECTION('',(0.0454076609186496,-0.9989685402103,0.));
#3057=DIRECTION('center_axis',(0.,0.,1.));
#3058=DIRECTION('ref_axis',(1.,0.,0.));
#3059=DIRECTION('center_axis',(-0.0454076609186501,0.9989685402103,0.));
#3060=DIRECTION('ref_axis',(-0.9989685402103,-0.0454076609186501,0.));
#3061=DIRECTION('center_axis',(-0.00649336959645083,0.142854131121917,-0.989722452697061));
#3062=DIRECTION('ref_axis',(0.,0.989743318610787,0.142857142857143));
#3063=DIRECTION('center_axis',(0.,0.991250735474898,0.131992346067771));
#3064=DIRECTION('ref_axis',(0.,-0.131992346067771,0.991250735474898));
#3065=DIRECTION('center_axis',(-0.0451244612578743,0.992738147673228,0.111511224325244));
#3066=DIRECTION('ref_axis',(0.,-0.111624928525102,0.993750408971874));
#3067=DIRECTION('center_axis',(-0.222905774897872,-0.0647465141550374,0.97268746492486));
#3068=DIRECTION('ref_axis',(0.970107771743152,0.0834628747930102,0.227870269528129));
#3069=DIRECTION('center_axis',(0.287347885566348,-0.957826285221151,-4.15390935720201E-17));
#3070=DIRECTION('ref_axis',(-0.957826285221151,-0.287347885566348,-1.22464679914735E-16));
#3071=DIRECTION('center_axis',(0.996375550422158,0.0850632853876589,1.70169513466198E-18));
#3072=DIRECTION('ref_axis',(0.0850632853876589,-0.996375550422158,-7.10648751623707E-17));
#3073=DIRECTION('center_axis',(0.996375550422158,0.0850632853876589,0.));
#3074=DIRECTION('ref_axis',(-0.0850632853876589,0.996375550422158,0.));
#3075=DIRECTION('center_axis',(0.998920086078066,0.0464613993524686,0.));
#3076=DIRECTION('ref_axis',(-0.0464613993524686,0.998920086078066,0.));
#3077=DIRECTION('center_axis',(0.998920086078066,0.0464613993524686,2.01494200458654E-18));
#3078=DIRECTION('ref_axis',(0.0464613993524686,-0.998920086078066,-8.41464485022478E-17));
#3079=DIRECTION('center_axis',(0.,-0.991250735474898,0.13199234606777));
#3080=DIRECTION('ref_axis',(0.,-0.13199234606777,-0.991250735474898));
#3081=DIRECTION('center_axis',(-0.0451244612578739,0.992738147673228,-0.111511224325244));
#3082=DIRECTION('ref_axis',(0.,0.111624928525101,0.993750408971874));
#3083=DIRECTION('center_axis',(0.,0.,1.));
#3084=DIRECTION('ref_axis',(1.,0.,0.));
#3085=DIRECTION('center_axis',(0.,0.,-1.));
#3086=DIRECTION('ref_axis',(-1.,0.,0.));
#3087=DIRECTION('center_axis',(0.,1.,0.));
#3088=DIRECTION('ref_axis',(0.,0.,1.));
#3089=DIRECTION('center_axis',(-0.0454076609186502,0.9989685402103,1.01539112019439E-17));
#3090=DIRECTION('ref_axis',(-0.9989685402103,-0.0454076609186502,0.));
#3091=DIRECTION('center_axis',(-1.,-1.82602471155453E-16,0.));
#3092=DIRECTION('ref_axis',(1.82602471155453E-16,-1.,0.));
#3093=DIRECTION('',(1.,2.08188057576995E-16,0.));
#3094=DIRECTION('center_axis',(-0.998596852250476,0.0529558936799495,0.));
#3095=DIRECTION('ref_axis',(-0.0529558936799494,-0.998596852250475,0.));
#3096=DIRECTION('center_axis',(0.998596852250476,0.0529558936799495,0.));
#3097=DIRECTION('ref_axis',(-0.0529558936799494,0.998596852250475,0.));
#3098=DIRECTION('',(1.,2.08188057576995E-16,0.));
#3099=DIRECTION('center_axis',(0.,0.,1.));
#3100=DIRECTION('ref_axis',(-0.722982593469113,-0.690866245767352,0.));
#3101=DIRECTION('center_axis',(-0.04540766091865,-0.9989685402103,0.));
#3102=DIRECTION('ref_axis',(0.9989685402103,-0.04540766091865,0.));
#3103=DIRECTION('center_axis',(-0.00649336959645053,-0.142854131121916,
0.989722452697061));
#3104=DIRECTION('ref_axis',(0.,-0.989743318610787,-0.142857142857142));
#3105=DIRECTION('center_axis',(-0.0451244612578742,-0.992738147673227,-0.111511224325251));
#3106=DIRECTION('ref_axis',(0.,0.111624928525108,-0.993750408971873));
#3107=DIRECTION('center_axis',(0.,-0.991250735474897,-0.131992346067779));
#3108=DIRECTION('ref_axis',(0.,0.131992346067779,-0.991250735474897));
#3109=DIRECTION('center_axis',(0.22290577490977,-0.0647465141550932,0.97268746492213));
#3110=DIRECTION('ref_axis',(0.970107778903878,-0.0834628005418637,-0.227870266239132));
#3111=DIRECTION('center_axis',(0.,0.,1.));
#3112=DIRECTION('ref_axis',(1.,0.,0.));
#3113=DIRECTION('',(-0.287347885566348,-0.957826285221151,0.));
#3114=DIRECTION('',(0.0454076609186499,0.9989685402103,0.));
#3115=DIRECTION('center_axis',(0.,0.,1.));
#3116=DIRECTION('ref_axis',(1.,0.,0.));
#3117=DIRECTION('center_axis',(0.,1.,0.));
#3118=DIRECTION('ref_axis',(0.,0.,1.));
#3119=DIRECTION('',(1.,0.,0.));
#3120=DIRECTION('',(0.,0.,-1.));
#3121=DIRECTION('',(1.,0.,0.));
#3122=DIRECTION('center_axis',(0.,1.11917643611407E-16,-1.));
#3123=DIRECTION('ref_axis',(-1.,0.,0.));
#3124=DIRECTION('center_axis',(0.,1.11917643611407E-16,-1.));
#3125=DIRECTION('ref_axis',(0.,1.,1.11917643611407E-16));
#3126=DIRECTION('',(-0.0454076609186501,0.9989685402103,1.10185977423934E-16));
#3127=DIRECTION('center_axis',(0.,1.11917643611407E-16,-1.));
#3128=DIRECTION('ref_axis',(0.,1.,1.11917643611407E-16));
#3129=DIRECTION('',(1.,0.,-2.47817639425258E-17));
#3130=DIRECTION('',(1.,0.,-2.23835287222814E-17));
#3131=DIRECTION('center_axis',(0.,1.11917643611407E-16,-1.));
#3132=DIRECTION('ref_axis',(0.,1.,1.11917643611407E-16));
#3133=DIRECTION('',(-0.0454076609186501,-0.998968540210299,-1.10185977423934E-16));
#3134=DIRECTION('center_axis',(0.,1.11917643611407E-16,-1.));
#3135=DIRECTION('ref_axis',(0.,1.,1.11917643611407E-16));
#3136=DIRECTION('',(1.,0.,0.));
#3137=DIRECTION('center_axis',(0.,-1.,0.));
#3138=DIRECTION('ref_axis',(0.,0.,-1.));
#3139=DIRECTION('',(1.,0.,0.));
#3140=DIRECTION('',(0.,0.,-1.));
#3141=DIRECTION('',(0.,0.,-1.));
#3142=DIRECTION('center_axis',(0.,-1.11917643611407E-16,1.));
#3143=DIRECTION('ref_axis',(1.,0.,0.));
#3144=DIRECTION('center_axis',(0.,-1.11917643611407E-16,1.));
#3145=DIRECTION('ref_axis',(0.,-1.,-1.11917643611407E-16));
#3146=DIRECTION('',(0.0454076609186501,-0.9989685402103,-6.29634156708194E-17));
#3147=DIRECTION('center_axis',(0.,-1.11917643611407E-16,1.));
#3148=DIRECTION('ref_axis',(0.,-1.,-1.11917643611407E-16));
#3149=DIRECTION('center_axis',(0.,-1.11917643611407E-16,1.));
#3150=DIRECTION('ref_axis',(0.,-1.,-1.11917643611407E-16));
#3151=DIRECTION('',(0.0454076609186501,0.998968540210299,6.29634156708194E-17));
#3152=DIRECTION('center_axis',(0.,-1.11917643611407E-16,1.));
#3153=DIRECTION('ref_axis',(0.,-1.,-1.11917643611407E-16));
#3154=DIRECTION('',(-1.,0.,0.));
#3155=DIRECTION('',(-1.,0.,0.));
#3156=DIRECTION('center_axis',(0.,0.,1.));
#3157=DIRECTION('ref_axis',(1.,0.,0.));
#3158=DIRECTION('center_axis',(0.,0.,1.));
#3159=DIRECTION('ref_axis',(1.,0.,0.));
#3160=DIRECTION('center_axis',(0.684008036189518,0.729474472773489,0.));
#3161=DIRECTION('ref_axis',(-0.729474472773489,0.684008036189518,0.));
#3162=DIRECTION('center_axis',(0.,0.,-1.));
#3163=DIRECTION('ref_axis',(-1.,0.,0.));
#3164=DIRECTION('center_axis',(-0.684008036189514,-0.729474472773492,0.));
#3165=DIRECTION('ref_axis',(0.729474472773492,-0.684008036189514,0.));
#3166=DIRECTION('center_axis',(0.,0.,-1.));
#3167=DIRECTION('ref_axis',(-1.,0.,0.));
#3168=DIRECTION('center_axis',(0.,0.,-1.));
#3169=DIRECTION('ref_axis',(-1.,0.,0.));
#3170=DIRECTION('center_axis',(0.,0.,-1.));
#3171=DIRECTION('ref_axis',(-1.,0.,0.));
#3172=DIRECTION('center_axis',(0.,0.,-1.));
#3173=DIRECTION('ref_axis',(-1.,0.,0.));
#3174=DIRECTION('',(0.287347885566348,0.957826285221151,0.));
#3175=DIRECTION('',(0.0454076609186503,0.998968540210299,0.));
#3176=DIRECTION('center_axis',(-0.287347885566348,-0.957826285221151,0.));
#3177=DIRECTION('ref_axis',(0.957826285221151,-0.287347885566348,0.));
#3178=DIRECTION('center_axis',(-0.998920086078066,0.0464613993524688,0.));
#3179=DIRECTION('ref_axis',(-0.0464613993524688,-0.998920086078066,0.));
#3180=DIRECTION('center_axis',(-0.998920086078066,0.0464613993524688,0.));
#3181=DIRECTION('ref_axis',(0.0464613993524688,0.998920086078066,0.));
#3182=DIRECTION('center_axis',(-0.996375550422158,0.0850632853876586,0.));
#3183=DIRECTION('ref_axis',(0.0850632853876586,0.996375550422158,0.));
#3184=DIRECTION('center_axis',(-0.996375550422158,0.0850632853876586,0.));
#3185=DIRECTION('ref_axis',(-0.0850632853876586,-0.996375550422158,0.));
#3186=DIRECTION('center_axis',(-1.6120743013196E-16,-0.991250735474897,
0.131992346067778));
#3187=DIRECTION('ref_axis',(0.,-0.131992346067778,-0.991250735474897));
#3188=DIRECTION('center_axis',(0.0451244612578742,0.992738147673227,-0.11151122432525));
#3189=DIRECTION('ref_axis',(0.,0.111624928525108,0.993750408971873));
#3190=DIRECTION('center_axis',(0.,0.,1.));
#3191=DIRECTION('ref_axis',(1.,0.,0.));
#3192=DIRECTION('center_axis',(-0.04540766091865,-0.9989685402103,-6.76927413462925E-18));
#3193=DIRECTION('ref_axis',(0.9989685402103,-0.04540766091865,0.));
#3194=DIRECTION('center_axis',(0.,-1.,0.));
#3195=DIRECTION('ref_axis',(0.,0.,-1.));
#3196=DIRECTION('center_axis',(0.,0.,1.));
#3197=DIRECTION('ref_axis',(1.,0.,0.));
#3198=DIRECTION('center_axis',(0.,0.,-1.));
#3199=DIRECTION('ref_axis',(-1.,0.,0.));
#3200=DIRECTION('',(0.,1.,0.));
#3201=DIRECTION('',(-0.0454076609186509,-0.9989685402103,0.));
#3202=DIRECTION('center_axis',(0.,0.,-1.));
#3203=DIRECTION('ref_axis',(-1.,0.,0.));
#3204=DIRECTION('',(1.58603289232165E-16,1.,0.));
#3205=DIRECTION('center_axis',(0.,0.,-1.));
#3206=DIRECTION('ref_axis',(-1.,0.,0.));
#3207=DIRECTION('',(-2.37904933848248E-16,-1.,0.));
#3208=DIRECTION('center_axis',(0.,0.,-1.));
#3209=DIRECTION('ref_axis',(-1.,0.,0.));
#3210=DIRECTION('',(-0.0454076609186509,0.9989685402103,0.));
#3211=DIRECTION('',(0.,-1.,0.));
#3212=DIRECTION('center_axis',(0.,0.,-1.));
#3213=DIRECTION('ref_axis',(-1.,0.,0.));
#3214=DIRECTION('center_axis',(0.,1.,0.));
#3215=DIRECTION('ref_axis',(0.,0.,1.));
#3216=DIRECTION('center_axis',(0.,1.,0.));
#3217=DIRECTION('ref_axis',(0.,0.,1.));
#3218=DIRECTION('center_axis',(0.,1.,0.));
#3219=DIRECTION('ref_axis',(0.,0.,1.));
#3220=DIRECTION('center_axis',(0.,1.,0.));
#3221=DIRECTION('ref_axis',(0.,0.,1.));
#3222=DIRECTION('center_axis',(0.,1.,0.));
#3223=DIRECTION('ref_axis',(0.,0.,1.));
#3224=DIRECTION('center_axis',(0.,1.,0.));
#3225=DIRECTION('ref_axis',(0.,0.,1.));
#3226=DIRECTION('center_axis',(0.,1.,0.));
#3227=DIRECTION('ref_axis',(0.,0.,1.));
#3228=DIRECTION('center_axis',(0.,1.,0.));
#3229=DIRECTION('ref_axis',(0.,0.,1.));
#3230=DIRECTION('center_axis',(0.,0.,1.));
#3231=DIRECTION('ref_axis',(1.,0.,0.));
#3232=DIRECTION('center_axis',(-0.04540766091865,-0.9989685402103,0.));
#3233=DIRECTION('ref_axis',(0.9989685402103,-0.04540766091865,0.));
#3234=DIRECTION('center_axis',(0.,0.,-1.));
#3235=DIRECTION('ref_axis',(-1.,0.,0.));
#3236=DIRECTION('center_axis',(1.,1.73472347597682E-15,-1.73472347597682E-15));
#3237=DIRECTION('ref_axis',(-1.73472347597682E-15,0.,-1.));
#3238=DIRECTION('center_axis',(0.,0.,-1.));
#3239=DIRECTION('ref_axis',(-1.,0.,0.));
#3240=DIRECTION('',(0.04540766091865,0.9989685402103,0.));
#3241=DIRECTION('',(-1.,0.,0.));
#3242=DIRECTION('center_axis',(0.,0.,-1.));
#3243=DIRECTION('ref_axis',(-1.,0.,0.));
#3244=DIRECTION('',(0.0454076609186502,-0.9989685402103,0.));
#3245=DIRECTION('center_axis',(0.573576436351049,-1.42142358486469E-16,
-0.81915204428899));
#3246=DIRECTION('ref_axis',(-0.81915204428899,0.,-0.573576436351049));
#3247=DIRECTION('',(-0.81915204428899,0.,-0.573576436351049));
#3248=DIRECTION('',(0.81915204428899,0.,0.573576436351049));
#3249=DIRECTION('',(-2.37904933848248E-16,-1.,0.));
#3250=DIRECTION('center_axis',(0.,0.,1.));
#3251=DIRECTION('ref_axis',(1.,0.,0.));
#3252=DIRECTION('center_axis',(0.,0.,-1.));
#3253=DIRECTION('ref_axis',(-1.,0.,0.));
#3254=DIRECTION('',(0.81915204428899,0.,-0.573576436351049));
#3255=DIRECTION('center_axis',(-0.573576436351049,7.10711792432344E-17,
-0.81915204428899));
#3256=DIRECTION('ref_axis',(-0.81915204428899,0.,0.573576436351049));
#3257=DIRECTION('',(-0.81915204428899,0.,0.573576436351049));
#3258=DIRECTION('',(1.58603289232165E-16,1.,0.));
#3259=DIRECTION('center_axis',(0.,0.,1.));
#3260=DIRECTION('ref_axis',(1.,0.,0.));
#3261=DIRECTION('center_axis',(0.,0.,-1.));
#3262=DIRECTION('ref_axis',(-1.,0.,0.));
#3263=DIRECTION('center_axis',(-0.0454076609186501,0.9989685402103,6.56414461539808E-18));
#3264=DIRECTION('ref_axis',(-0.9989685402103,-0.0454076609186501,0.));
#3265=DIRECTION('center_axis',(-0.0454076609186503,0.9989685402103,0.));
#3266=DIRECTION('ref_axis',(-0.9989685402103,-0.0454076609186503,0.));
#3267=DIRECTION('',(-0.0454076609186507,0.9989685402103,0.));
#3268=DIRECTION('center_axis',(-0.0454076609186501,0.9989685402103,1.11802205062264E-16));
#3269=DIRECTION('ref_axis',(-0.9989685402103,-0.0454076609186501,0.));
#3270=DIRECTION('',(-0.0454076609186501,0.9989685402103,1.12182810776997E-16));
#3271=DIRECTION('center_axis',(-0.0321080649533969,0.706377428974729,0.707106781186548));
#3272=DIRECTION('ref_axis',(0.0321080649533969,-0.706377428974729,0.707106781186547));
#3273=DIRECTION('center_axis',(0.,0.,1.));
#3274=DIRECTION('ref_axis',(1.,0.,0.));
#3275=DIRECTION('',(0.,0.,1.));
#3276=DIRECTION('center_axis',(0.0321080649533969,-0.706377428974729,0.707106781186547));
#3277=DIRECTION('ref_axis',(-0.0321080649533969,0.706377428974729,0.707106781186548));
#3278=DIRECTION('center_axis',(0.0454076609186501,-0.9989685402103,-1.11802205062264E-16));
#3279=DIRECTION('ref_axis',(0.9989685402103,0.0454076609186501,0.));
#3280=DIRECTION('',(0.0454076609186501,-0.9989685402103,-1.19661664828797E-16));
#3281=DIRECTION('center_axis',(0.,0.,-1.));
#3282=DIRECTION('ref_axis',(-1.,0.,0.));
#3283=DIRECTION('',(0.,0.,-1.));
#3284=DIRECTION('',(0.,0.,-1.));
#3285=DIRECTION('center_axis',(0.0454076609186501,-0.9989685402103,0.));
#3286=DIRECTION('ref_axis',(0.9989685402103,0.0454076609186501,0.));
#3287=DIRECTION('center_axis',(-0.0454076609186503,0.9989685402103,-3.15078941539109E-16));
#3288=DIRECTION('ref_axis',(-0.9989685402103,-0.0454076609186503,0.));
#3289=DIRECTION('',(0.0454076609186505,-0.9989685402103,0.));
#3290=DIRECTION('center_axis',(-0.9989685402103,-0.0454076609186501,0.));
#3291=DIRECTION('ref_axis',(-0.0454076609186501,0.9989685402103,0.));
#3292=DIRECTION('center_axis',(-0.0454076609186501,0.9989685402103,0.));
#3293=DIRECTION('ref_axis',(-0.9989685402103,-0.0454076609186501,0.));
#3294=DIRECTION('',(0.0454076609186501,-0.9989685402103,0.));
#3295=DIRECTION('center_axis',(-0.0454076609186501,0.9989685402103,0.));
#3296=DIRECTION('ref_axis',(-0.9989685402103,-0.0454076609186501,0.));
#3297=DIRECTION('center_axis',(-0.9989685402103,-0.0454076609186501,0.));
#3298=DIRECTION('ref_axis',(-0.0454076609186501,0.9989685402103,0.));
#3299=DIRECTION('center_axis',(-0.04540766091865,0.9989685402103,0.));
#3300=DIRECTION('ref_axis',(-0.9989685402103,-0.04540766091865,0.));
#3301=DIRECTION('center_axis',(0.0454076609186501,-0.9989685402103,0.));
#3302=DIRECTION('ref_axis',(0.9989685402103,0.0454076609186501,0.));
#3303=DIRECTION('',(-0.0454076609186487,0.9989685402103,0.));
#3304=DIRECTION('center_axis',(-0.9989685402103,-0.0454076609186501,0.));
#3305=DIRECTION('ref_axis',(0.0454076609186501,-0.9989685402103,-4.28288359435169E-17));
#3306=DIRECTION('center_axis',(0.,0.,1.));
#3307=DIRECTION('ref_axis',(1.,0.,0.));
#3308=DIRECTION('',(0.,0.,1.));
#3309=DIRECTION('',(0.,0.,1.));
#3310=DIRECTION('center_axis',(0.,0.,-1.));
#3311=DIRECTION('ref_axis',(-1.,0.,0.));
#3312=DIRECTION('center_axis',(0.,0.,1.));
#3313=DIRECTION('ref_axis',(1.,0.,0.));
#3314=DIRECTION('center_axis',(-1.,0.,0.));
#3315=DIRECTION('ref_axis',(0.,1.,0.));
#3316=DIRECTION('center_axis',(-1.,0.,0.));
#3317=DIRECTION('ref_axis',(0.,-1.,-4.33680868994206E-17));
#3318=DIRECTION('center_axis',(0.,0.,1.));
#3319=DIRECTION('ref_axis',(1.,0.,0.));
#3320=DIRECTION('',(0.,0.,1.));
#3321=DIRECTION('',(0.,0.,1.));
#3322=DIRECTION('center_axis',(0.,1.,0.));
#3323=DIRECTION('ref_axis',(0.,0.,1.));
#3324=DIRECTION('',(0.,-1.,0.));
#3325=DIRECTION('center_axis',(0.,1.,0.));
#3326=DIRECTION('ref_axis',(0.,0.,1.));
#3327=DIRECTION('center_axis',(0.,0.,-1.));
#3328=DIRECTION('ref_axis',(-1.,0.,0.));
#3329=DIRECTION('center_axis',(0.,-1.,0.));
#3330=DIRECTION('ref_axis',(0.,0.,-1.));
#3331=DIRECTION('center_axis',(0.,0.,-1.));
#3332=DIRECTION('ref_axis',(-1.,0.,0.));
#3333=DIRECTION('center_axis',(0.,0.,-1.));
#3334=DIRECTION('ref_axis',(-1.,0.,0.));
#3335=DIRECTION('center_axis',(1.,0.,0.));
#3336=DIRECTION('ref_axis',(0.,1.,0.));
#3337=DIRECTION('center_axis',(0.,-1.,0.));
#3338=DIRECTION('ref_axis',(0.,0.,-1.));
#3339=DIRECTION('',(0.,1.,0.));
#3340=DIRECTION('center_axis',(1.,0.,0.));
#3341=DIRECTION('ref_axis',(0.,-1.,0.));
#3342=DIRECTION('center_axis',(-0.04540766091865,-0.9989685402103,0.));
#3343=DIRECTION('ref_axis',(0.9989685402103,-0.04540766091865,0.));
#3344=DIRECTION('center_axis',(0.9989685402103,-0.04540766091865,0.));
#3345=DIRECTION('ref_axis',(-0.04540766091865,-0.9989685402103,0.));
#3346=DIRECTION('center_axis',(-0.04540766091865,-0.9989685402103,0.));
#3347=DIRECTION('ref_axis',(0.9989685402103,-0.04540766091865,0.));
#3348=DIRECTION('',(0.04540766091865,0.9989685402103,0.));
#3349=DIRECTION('center_axis',(0.,0.,1.));
#3350=DIRECTION('ref_axis',(1.,0.,0.));
#3351=DIRECTION('',(0.,0.,1.));
#3352=DIRECTION('',(0.,0.,1.));
#3353=DIRECTION('center_axis',(0.,0.,-1.));
#3354=DIRECTION('ref_axis',(-1.,0.,0.));
#3355=DIRECTION('center_axis',(0.0454076609186506,0.9989685402103,0.));
#3356=DIRECTION('ref_axis',(-0.9989685402103,0.0454076609186506,0.));
#3357=DIRECTION('center_axis',(0.9989685402103,-0.04540766091865,0.));
#3358=DIRECTION('ref_axis',(0.04540766091865,0.9989685402103,0.));
#3359=DIRECTION('center_axis',(0.04540766091865,0.9989685402103,0.));
#3360=DIRECTION('ref_axis',(-0.9989685402103,0.04540766091865,0.));
#3361=DIRECTION('',(0.0454076609186505,0.9989685402103,0.));
#3362=DIRECTION('center_axis',(0.04540766091865,0.9989685402103,1.11802205062264E-16));
#3363=DIRECTION('ref_axis',(-0.9989685402103,0.04540766091865,0.));
#3364=DIRECTION('',(0.04540766091865,0.998968540210299,5.98308324143987E-17));
#3365=DIRECTION('center_axis',(0.0321080649533968,0.706377428974729,-0.707106781186547));
#3366=DIRECTION('ref_axis',(0.0321080649533968,0.706377428974729,0.707106781186548));
#3367=DIRECTION('center_axis',(0.,0.,-1.));
#3368=DIRECTION('ref_axis',(-1.,0.,0.));
#3369=DIRECTION('',(0.,0.,-1.));
#3370=DIRECTION('center_axis',(-0.0321080649533968,-0.706377428974729,-0.707106781186548));
#3371=DIRECTION('ref_axis',(0.0321080649533968,0.706377428974729,-0.707106781186547));
#3372=DIRECTION('center_axis',(-0.04540766091865,-0.9989685402103,-1.11802205062264E-16));
#3373=DIRECTION('ref_axis',(0.9989685402103,-0.04540766091865,0.));
#3374=DIRECTION('',(-0.04540766091865,-0.998968540210299,-1.04703956725198E-16));
#3375=DIRECTION('center_axis',(0.,0.,-1.));
#3376=DIRECTION('ref_axis',(-1.,0.,0.));
#3377=DIRECTION('',(0.,0.,-1.));
#3378=DIRECTION('',(0.,0.,-1.));
#3379=DIRECTION('center_axis',(0.04540766091865,0.9989685402103,0.));
#3380=DIRECTION('ref_axis',(-0.9989685402103,0.04540766091865,0.));
#3381=DIRECTION('center_axis',(0.0454076609186506,0.9989685402103,0.));
#3382=DIRECTION('ref_axis',(-0.9989685402103,0.0454076609186506,0.));
#3383=DIRECTION('',(0.04540766091865,0.9989685402103,0.));
#3384=DIRECTION('center_axis',(0.9989685402103,-0.04540766091865,0.));
#3385=DIRECTION('ref_axis',(-0.04540766091865,-0.9989685402103,0.));
#3386=DIRECTION('center_axis',(0.,0.,1.));
#3387=DIRECTION('ref_axis',(1.,0.,0.));
#3388=DIRECTION('',(0.,0.,1.));
#3389=DIRECTION('',(0.,0.,1.));
#3390=DIRECTION('center_axis',(0.04540766091865,0.9989685402103,0.));
#3391=DIRECTION('ref_axis',(-0.9989685402103,0.04540766091865,0.));
#3392=DIRECTION('',(-0.0454076609186509,-0.9989685402103,0.));
#3393=DIRECTION('center_axis',(0.,1.,0.));
#3394=DIRECTION('ref_axis',(0.,0.,1.));
#3395=DIRECTION('',(0.,1.,0.));
#3396=DIRECTION('center_axis',(0.,1.,0.));
#3397=DIRECTION('ref_axis',(0.,0.,1.));
#3398=DIRECTION('center_axis',(-1.,0.,0.));
#3399=DIRECTION('ref_axis',(0.,0.,1.));
#3400=DIRECTION('',(-1.,0.,0.));
#3401=DIRECTION('center_axis',(1.,0.,0.));
#3402=DIRECTION('ref_axis',(0.,0.,-1.));
#3403=DIRECTION('center_axis',(0.,0.,-1.));
#3404=DIRECTION('ref_axis',(-1.,0.,0.));
#3405=DIRECTION('',(0.,0.,1.));
#3406=DIRECTION('center_axis',(0.,0.,-1.));
#3407=DIRECTION('ref_axis',(-1.,0.,0.));
#3408=DIRECTION('',(0.,0.,1.));
#3409=DIRECTION('center_axis',(0.,0.,-1.));
#3410=DIRECTION('ref_axis',(-1.,0.,0.));
#3411=DIRECTION('center_axis',(0.,0.,-1.));
#3412=DIRECTION('ref_axis',(-1.,0.,0.));
#3413=DIRECTION('center_axis',(0.,0.,-1.));
#3414=DIRECTION('ref_axis',(-1.,0.,0.));
#3415=DIRECTION('center_axis',(0.,0.,1.));
#3416=DIRECTION('ref_axis',(1.,0.,0.));
#3417=DIRECTION('center_axis',(0.,0.,1.));
#3418=DIRECTION('ref_axis',(1.,0.,0.));
#3419=DIRECTION('',(0.,1.,0.));
#3420=DIRECTION('center_axis',(0.,0.,1.));
#3421=DIRECTION('ref_axis',(1.,0.,0.));
#3422=DIRECTION('',(0.,-1.,0.));
#3423=DIRECTION('center_axis',(0.,0.,1.));
#3424=DIRECTION('ref_axis',(1.,0.,0.));
#3425=DIRECTION('center_axis',(-0.9989685402103,-0.0454076609186501,0.));
#3426=DIRECTION('ref_axis',(0.,0.,1.));
#3427=DIRECTION('',(0.,0.,1.));
#3428=DIRECTION('',(0.0454076609186501,-0.9989685402103,0.));
#3429=DIRECTION('center_axis',(0.,0.,1.));
#3430=DIRECTION('ref_axis',(1.,0.,0.));
#3431=DIRECTION('center_axis',(0.0454076609186502,-0.9989685402103,1.01539112019439E-17));
#3432=DIRECTION('ref_axis',(0.9989685402103,0.0454076609186502,0.));
#3433=DIRECTION('center_axis',(0.,-1.,0.));
#3434=DIRECTION('ref_axis',(0.,0.,-1.));
#3435=DIRECTION('center_axis',(-1.,0.,0.));
#3436=DIRECTION('ref_axis',(0.,0.,1.));
#3437=DIRECTION('',(0.,1.,0.));
#3438=DIRECTION('',(0.,0.,-1.));
#3439=DIRECTION('center_axis',(0.,0.,-1.));
#3440=DIRECTION('ref_axis',(-1.,0.,0.));
#3441=DIRECTION('',(0.,0.,-1.));
#3442=DIRECTION('center_axis',(0.,0.,1.));
#3443=DIRECTION('ref_axis',(1.,0.,0.));
#3444=DIRECTION('center_axis',(1.,0.,0.));
#3445=DIRECTION('ref_axis',(0.,0.,-1.));
#3446=DIRECTION('',(0.,-1.,0.));
#3447=DIRECTION('center_axis',(0.,0.,1.));
#3448=DIRECTION('ref_axis',(1.,0.,0.));
#3449=DIRECTION('center_axis',(0.,1.,0.));
#3450=DIRECTION('ref_axis',(0.,0.,1.));
#3451=DIRECTION('center_axis',(-0.04540766091865,-0.9989685402103,0.));
#3452=DIRECTION('ref_axis',(0.9989685402103,-0.04540766091865,0.));
#3453=DIRECTION('center_axis',(0.9989685402103,-0.04540766091865,0.));
#3454=DIRECTION('ref_axis',(0.,0.,-1.));
#3455=DIRECTION('',(0.0454076609186501,0.9989685402103,0.));
#3456=DIRECTION('center_axis',(0.,1.,0.));
#3457=DIRECTION('ref_axis',(0.,0.,1.));
#3458=DIRECTION('',(0.,0.,1.));
#3459=DIRECTION('',(1.,0.,0.));
#3460=DIRECTION('center_axis',(0.,0.,1.));
#3461=DIRECTION('ref_axis',(1.,0.,0.));
#3462=DIRECTION('center_axis',(-0.04540766091865,-0.9989685402103,0.));
#3463=DIRECTION('ref_axis',(0.9989685402103,-0.04540766091865,0.));
#3464=DIRECTION('center_axis',(-1.,-1.73472347597681E-15,0.));
#3465=DIRECTION('ref_axis',(1.73472347597681E-15,-1.,0.));
#3466=DIRECTION('center_axis',(0.,0.,-1.));
#3467=DIRECTION('ref_axis',(-1.,0.,0.));
#3468=DIRECTION('center_axis',(0.,0.,1.));
#3469=DIRECTION('ref_axis',(1.,0.,0.));
#3470=DIRECTION('center_axis',(0.,0.,1.));
#3471=DIRECTION('ref_axis',(1.,0.,0.));
#3472=DIRECTION('',(0.,0.,1.));
#3473=DIRECTION('center_axis',(0.,0.,-1.));
#3474=DIRECTION('ref_axis',(-1.,0.,0.));
#3475=DIRECTION('center_axis',(0.,0.,-1.));
#3476=DIRECTION('ref_axis',(-1.,0.,0.));
#3477=DIRECTION('',(0.819152044288991,0.,0.573576436351048));
#3478=DIRECTION('center_axis',(0.,0.,1.));
#3479=DIRECTION('ref_axis',(1.,0.,0.));
#3480=DIRECTION('',(0.819152044288991,0.,-0.573576436351048));
#3481=DIRECTION('center_axis',(-0.573576436351048,0.,-0.81915204428899));
#3482=DIRECTION('ref_axis',(-0.81915204428899,0.,0.573576436351048));
#3483=DIRECTION('',(0.,-1.,0.));
#3484=DIRECTION('',(0.819152044288991,0.,-0.573576436351048));
#3485=DIRECTION('center_axis',(0.,0.,-1.));
#3486=DIRECTION('ref_axis',(-1.,0.,0.));
#3487=DIRECTION('center_axis',(0.,0.,1.));
#3488=DIRECTION('ref_axis',(1.,0.,0.));
#3489=DIRECTION('',(0.819152044288991,0.,0.573576436351048));
#3490=DIRECTION('center_axis',(-0.573576436351048,0.,0.81915204428899));
#3491=DIRECTION('ref_axis',(0.81915204428899,0.,0.573576436351048));
#3492=DIRECTION('',(0.,-1.,0.));
#3493=DIRECTION('center_axis',(-0.0454076609186501,0.9989685402103,0.));
#3494=DIRECTION('ref_axis',(-0.9989685402103,-0.0454076609186501,0.));
#3495=DIRECTION('center_axis',(-0.0454076609186501,0.9989685402103,0.));
#3496=DIRECTION('ref_axis',(-0.9989685402103,-0.0454076609186501,0.));
#3497=DIRECTION('',(0.0454076609186502,-0.9989685402103,0.));
#3498=DIRECTION('center_axis',(0.,-1.,0.));
#3499=DIRECTION('ref_axis',(0.,0.,-1.));
#3500=DIRECTION('',(0.,1.,0.));
#3501=DIRECTION('center_axis',(0.,1.,0.));
#3502=DIRECTION('ref_axis',(0.,0.,1.));
#3503=DIRECTION('center_axis',(0.,0.,1.));
#3504=DIRECTION('ref_axis',(1.,0.,0.));
#3505=DIRECTION('center_axis',(0.,-1.,0.));
#3506=DIRECTION('ref_axis',(0.,0.,-1.));
#3507=DIRECTION('center_axis',(0.,0.,1.));
#3508=DIRECTION('ref_axis',(1.,0.,0.));
#3509=DIRECTION('center_axis',(0.,1.,0.));
#3510=DIRECTION('ref_axis',(0.,0.,1.));
#3511=DIRECTION('',(0.,-1.,0.));
#3512=DIRECTION('center_axis',(-0.04540766091865,-0.9989685402103,0.));
#3513=DIRECTION('ref_axis',(0.9989685402103,-0.04540766091865,0.));
#3514=DIRECTION('',(0.04540766091865,0.9989685402103,0.));
#3515=DIRECTION('center_axis',(1.,0.,0.));
#3516=DIRECTION('ref_axis',(0.,0.,-1.));
#3517=DIRECTION('',(1.,0.,0.));
#3518=DIRECTION('center_axis',(-1.,0.,0.));
#3519=DIRECTION('ref_axis',(0.,0.,1.));
#3520=DIRECTION('center_axis',(0.,0.,1.));
#3521=DIRECTION('ref_axis',(1.,0.,0.));
#3522=DIRECTION('center_axis',(0.,0.,1.));
#3523=DIRECTION('ref_axis',(1.,0.,0.));
#3524=DIRECTION('center_axis',(0.,0.,-1.));
#3525=DIRECTION('ref_axis',(-1.,0.,0.));
#3526=DIRECTION('',(0.,1.,0.));
#3527=DIRECTION('',(-1.,0.,0.));
#3528=DIRECTION('',(0.,-1.,0.));
#3529=DIRECTION('',(1.,0.,0.));
#3530=DIRECTION('center_axis',(0.,0.,1.));
#3531=DIRECTION('ref_axis',(1.,0.,0.));
#3532=DIRECTION('center_axis',(0.,0.,1.));
#3533=DIRECTION('ref_axis',(1.,0.,0.));
#3534=DIRECTION('center_axis',(0.,0.,1.));
#3535=DIRECTION('ref_axis',(1.,0.,0.));
#3536=DIRECTION('center_axis',(0.,0.,1.));
#3537=DIRECTION('ref_axis',(1.,0.,0.));
#3538=DIRECTION('center_axis',(0.,0.,1.));
#3539=DIRECTION('ref_axis',(1.,0.,0.));
#3540=DIRECTION('center_axis',(0.,0.,1.));
#3541=DIRECTION('ref_axis',(1.,0.,0.));
#3542=DIRECTION('center_axis',(0.,0.,1.));
#3543=DIRECTION('ref_axis',(1.,0.,0.));
#3544=DIRECTION('',(1.34572487833352E-16,-1.,0.));
#3545=DIRECTION('center_axis',(0.,0.,1.));
#3546=DIRECTION('ref_axis',(1.,0.,0.));
#3547=DIRECTION('',(0.,1.,0.));
#3548=DIRECTION('center_axis',(0.,0.,1.));
#3549=DIRECTION('ref_axis',(1.,0.,0.));
#3550=DIRECTION('center_axis',(0.,-1.,0.));
#3551=DIRECTION('ref_axis',(0.,0.,-1.));
#3552=DIRECTION('center_axis',(0.707106781186548,-0.707106781186548,0.));
#3553=DIRECTION('ref_axis',(-0.707106781186548,-0.707106781186548,0.));
#3554=DIRECTION('center_axis',(-0.707106781186548,-0.707106781186548,0.));
#3555=DIRECTION('ref_axis',(-0.707106781186548,0.707106781186548,0.));
#3556=DIRECTION('',(0.,-1.,0.));
#3557=DIRECTION('center_axis',(1.,0.,0.));
#3558=DIRECTION('ref_axis',(0.,0.,-1.));
#3559=DIRECTION('center_axis',(0.707106781186548,0.707106781186548,0.));
#3560=DIRECTION('ref_axis',(-0.707106781186548,0.707106781186548,0.));
#3561=DIRECTION('center_axis',(0.,1.,0.));
#3562=DIRECTION('ref_axis',(0.,0.,1.));
#3563=DIRECTION('',(0.,1.,0.));
#3564=DIRECTION('center_axis',(-0.707106781186548,0.707106781186548,0.));
#3565=DIRECTION('ref_axis',(-0.707106781186548,-0.707106781186548,0.));
#3566=DIRECTION('center_axis',(-1.,0.,0.));
#3567=DIRECTION('ref_axis',(0.,0.,1.));
#3568=DIRECTION('center_axis',(0.,0.,1.));
#3569=DIRECTION('ref_axis',(1.,0.,0.));
#3570=DIRECTION('',(0.,0.,1.));
#3571=DIRECTION('center_axis',(0.,0.,1.));
#3572=DIRECTION('ref_axis',(1.,0.,0.));
#3573=DIRECTION('center_axis',(0.,0.,1.));
#3574=DIRECTION('ref_axis',(1.,0.,0.));
#3575=DIRECTION('',(0.,0.,1.));
#3576=DIRECTION('center_axis',(0.,0.,1.));
#3577=DIRECTION('ref_axis',(1.,0.,0.));
#3578=DIRECTION('center_axis',(0.,0.,1.));
#3579=DIRECTION('ref_axis',(1.,0.,0.));
#3580=DIRECTION('',(0.,0.,1.));
#3581=DIRECTION('center_axis',(0.,0.,1.));
#3582=DIRECTION('ref_axis',(1.,0.,0.));
#3583=DIRECTION('center_axis',(1.06207559753682E-16,-1.,0.));
#3584=DIRECTION('ref_axis',(1.,1.06207559753682E-16,0.));
#3585=DIRECTION('center_axis',(0.,1.,0.));
#3586=DIRECTION('ref_axis',(0.,0.,1.));
#3587=DIRECTION('',(1.34572487833352E-16,-1.,0.));
#3588=DIRECTION('center_axis',(0.,1.,0.));
#3589=DIRECTION('ref_axis',(0.,0.,1.));
#3590=DIRECTION('center_axis',(0.,0.,1.));
#3591=DIRECTION('ref_axis',(1.,0.,0.));
#3592=DIRECTION('center_axis',(0.,1.,0.));
#3593=DIRECTION('ref_axis',(0.,0.,1.));
#3594=DIRECTION('center_axis',(0.,0.,1.));
#3595=DIRECTION('ref_axis',(1.,0.,0.));
#3596=DIRECTION('center_axis',(-3.5402519917894E-17,1.,0.));
#3597=DIRECTION('ref_axis',(-1.,-3.5402519917894E-17,0.));
#3598=DIRECTION('center_axis',(0.,1.,0.));
#3599=DIRECTION('ref_axis',(0.,0.,1.));
#3600=DIRECTION('',(0.,1.,0.));
#3601=DIRECTION('center_axis',(0.,0.,1.));
#3602=DIRECTION('ref_axis',(1.,0.,0.));
#3603=DIRECTION('center_axis',(0.,0.,1.));
#3604=DIRECTION('ref_axis',(1.,0.,0.));
#3605=DIRECTION('center_axis',(1.,0.,0.));
#3606=DIRECTION('ref_axis',(0.,0.,-1.));
#3607=DIRECTION('',(0.,-1.,0.));
#3608=DIRECTION('center_axis',(-1.,0.,0.));
#3609=DIRECTION('ref_axis',(0.,0.,1.));
#3610=DIRECTION('',(0.,1.,0.));
#3611=DIRECTION('center_axis',(0.,0.,1.));
#3612=DIRECTION('ref_axis',(1.,0.,0.));
#3613=DIRECTION('center_axis',(0.,0.,1.));
#3614=DIRECTION('ref_axis',(1.,0.,0.));
#3615=DIRECTION('center_axis',(0.,0.,1.));
#3616=DIRECTION('ref_axis',(1.,0.,0.));
#3617=DIRECTION('center_axis',(0.,0.,1.));
#3618=DIRECTION('ref_axis',(1.,0.,0.));
#3619=DIRECTION('center_axis',(0.,0.,1.));
#3620=DIRECTION('ref_axis',(1.,0.,0.));
#3621=DIRECTION('center_axis',(0.,0.,1.));
#3622=DIRECTION('ref_axis',(1.,0.,0.));
#3623=DIRECTION('center_axis',(1.,1.06207559753682E-16,0.));
#3624=DIRECTION('ref_axis',(0.,0.,-1.));
#3625=DIRECTION('',(0.,0.,-1.));
#3626=DIRECTION('',(0.,0.,-1.));
#3627=DIRECTION('',(1.34572487833352E-16,-1.,0.));
#3628=DIRECTION('center_axis',(0.,0.,-1.));
#3629=DIRECTION('ref_axis',(-1.,0.,0.));
#3630=DIRECTION('',(0.,0.,-1.));
#3631=DIRECTION('center_axis',(0.,0.,-1.));
#3632=DIRECTION('ref_axis',(-1.,0.,0.));
#3633=DIRECTION('center_axis',(-1.,-3.5402519917894E-17,0.));
#3634=DIRECTION('ref_axis',(0.,0.,1.));
#3635=DIRECTION('',(0.,0.,-1.));
#3636=DIRECTION('',(0.,1.,0.));
#3637=DIRECTION('center_axis',(0.,0.,-1.));
#3638=DIRECTION('ref_axis',(-1.,0.,0.));
#3639=DIRECTION('center_axis',(0.,0.,-1.));
#3640=DIRECTION('ref_axis',(-1.,0.,0.));
#3641=DIRECTION('center_axis',(0.,1.,0.));
#3642=DIRECTION('ref_axis',(0.,0.,1.));
#3643=DIRECTION('center_axis',(0.,-1.,0.));
#3644=DIRECTION('ref_axis',(0.,0.,-1.));
#3645=DIRECTION('center_axis',(0.707106781186548,-0.707106781186548,0.));
#3646=DIRECTION('ref_axis',(-0.707106781186548,-0.707106781186548,0.));
#3647=DIRECTION('center_axis',(1.,0.,0.));
#3648=DIRECTION('ref_axis',(0.,0.,-1.));
#3649=DIRECTION('center_axis',(0.,0.,1.));
#3650=DIRECTION('ref_axis',(1.,0.,0.));
#3651=DIRECTION('',(0.,0.,1.));
#3652=DIRECTION('center_axis',(0.,0.,1.));
#3653=DIRECTION('ref_axis',(1.,0.,0.));
#3654=DIRECTION('',(0.,0.,1.));
#3655=DIRECTION('center_axis',(0.,0.,1.));
#3656=DIRECTION('ref_axis',(1.,0.,0.));
#3657=DIRECTION('',(0.,0.,1.));
#3658=DIRECTION('center_axis',(1.06207559753682E-16,-1.,0.));
#3659=DIRECTION('ref_axis',(1.,1.06207559753682E-16,0.));
#3660=DIRECTION('center_axis',(0.,1.,0.));
#3661=DIRECTION('ref_axis',(0.,0.,1.));
#3662=DIRECTION('center_axis',(0.,-1.,0.));
#3663=DIRECTION('ref_axis',(0.,0.,-1.));
#3664=DIRECTION('center_axis',(0.,0.,-1.));
#3665=DIRECTION('ref_axis',(-1.,0.,0.));
#3666=DIRECTION('center_axis',(0.,1.,0.));
#3667=DIRECTION('ref_axis',(0.,0.,1.));
#3668=DIRECTION('center_axis',(-3.5402519917894E-17,1.,0.));
#3669=DIRECTION('ref_axis',(-1.,-3.5402519917894E-17,0.));
#3670=DIRECTION('center_axis',(0.,-1.,0.));
#3671=DIRECTION('ref_axis',(0.,0.,-1.));
#3672=DIRECTION('center_axis',(0.,0.,-1.));
#3673=DIRECTION('ref_axis',(-1.,0.,0.));
#3674=DIRECTION('center_axis',(0.,0.,1.));
#3675=DIRECTION('ref_axis',(1.,0.,0.));
#3676=DIRECTION('center_axis',(0.,0.,1.));
#3677=DIRECTION('ref_axis',(1.,0.,0.));
#3678=DIRECTION('',(0.,0.,1.));
#3679=DIRECTION('center_axis',(0.,0.,1.));
#3680=DIRECTION('ref_axis',(1.,0.,0.));
#3681=DIRECTION('center_axis',(0.,0.,1.));
#3682=DIRECTION('ref_axis',(1.,0.,0.));
#3683=DIRECTION('center_axis',(0.,0.,1.));
#3684=DIRECTION('ref_axis',(1.,0.,0.));
#3685=DIRECTION('',(0.,0.,1.));
#3686=CARTESIAN_POINT('',(0.,0.,0.));
#3687=CARTESIAN_POINT('Origin',(-10.5,-45.5,10.5));
#3688=CARTESIAN_POINT('',(1.,-45.,10.5));
#3689=CARTESIAN_POINT('',(1.,-45.5,11.));
#3690=CARTESIAN_POINT('Origin',(1.,-45.5,10.5));
#3691=CARTESIAN_POINT('',(11.,-45.5,11.));
#3692=CARTESIAN_POINT('',(-11.,-45.5,11.));
#3693=CARTESIAN_POINT('',(10.5,-45.,10.5));
#3694=CARTESIAN_POINT('Origin',(11.,-45.5,10.5));
#3695=CARTESIAN_POINT('',(-10.5,-45.,10.5));
#3696=CARTESIAN_POINT('Origin',(-10.5,-45.5,10.5));
#3697=CARTESIAN_POINT('',(-0.999999999999999,-45.5,11.));
#3698=CARTESIAN_POINT('',(-0.999999999999999,-45.,10.5));
#3699=CARTESIAN_POINT('Origin',(-0.999999999999999,-45.5,10.5));
#3700=CARTESIAN_POINT('',(-10.5,-45.,10.5));
#3701=CARTESIAN_POINT('',(-10.5,-45.,10.5));
#3702=CARTESIAN_POINT('',(-11.,-45.5,11.));
#3703=CARTESIAN_POINT('Origin',(-11.,-45.5,10.5));
#3704=CARTESIAN_POINT('',(-11.,-45.5,11.));
#3705=CARTESIAN_POINT('Origin',(-10.5,-45.,11.));
#3706=CARTESIAN_POINT('',(-0.999999999999999,-45.0000006705523,9.));
#3707=CARTESIAN_POINT('',(-0.999999999999999,-45.,11.));
#3708=CARTESIAN_POINT('',(1.,-45.0000006705523,9.));
#3709=CARTESIAN_POINT('',(-5.25,-45.,9.));
#3710=CARTESIAN_POINT('',(1.,-45.,11.));
#3711=CARTESIAN_POINT('',(10.5,-45.,0.5));
#3712=CARTESIAN_POINT('',(10.5,-45.,10.5));
#3713=CARTESIAN_POINT('',(-10.5,-45.,0.5));
#3714=CARTESIAN_POINT('',(-10.5,-45.,0.5));
#3715=CARTESIAN_POINT('',(-10.5,-45.,10.5));
#3716=CARTESIAN_POINT('Origin',(-10.5,-4.,11.));
#3717=CARTESIAN_POINT('',(1.,-4.00000005960464,10.5));
#3718=CARTESIAN_POINT('',(1.,-4.00000005960464,9.));
#3719=CARTESIAN_POINT('',(1.,-4.,11.));
#3720=CARTESIAN_POINT('',(-1.,-4.00000005960464,9.));
#3721=CARTESIAN_POINT('',(-5.25,-4.,9.));
#3722=CARTESIAN_POINT('',(-1.,-4.00000005960464,10.5));
#3723=CARTESIAN_POINT('',(-1.,-4.,11.));
#3724=CARTESIAN_POINT('',(-10.5,-4.,10.5));
#3725=CARTESIAN_POINT('',(10.5,-4.,10.5));
#3726=CARTESIAN_POINT('',(-10.5,-4.,0.5));
#3727=CARTESIAN_POINT('',(-10.5,-4.,10.5));
#3728=CARTESIAN_POINT('',(10.5,-4.,0.5));
#3729=CARTESIAN_POINT('',(10.5,-4.,0.5));
#3730=CARTESIAN_POINT('',(10.5,-4.,10.5));
#3731=CARTESIAN_POINT('',(10.5,-4.,10.5));
#3732=CARTESIAN_POINT('',(10.5,-4.,10.5));
#3733=CARTESIAN_POINT('Origin',(-10.5,-3.5,10.5));
#3734=CARTESIAN_POINT('',(-1.,-3.5,11.));
#3735=CARTESIAN_POINT('Origin',(-1.,-3.5,10.5));
#3736=CARTESIAN_POINT('',(-11.,-3.5,11.));
#3737=CARTESIAN_POINT('',(11.,-3.5,11.));
#3738=CARTESIAN_POINT('Origin',(-11.,-3.5,10.5));
#3739=CARTESIAN_POINT('Origin',(-0.999999999999999,-50.5,11.));
#3740=CARTESIAN_POINT('',(-0.999999999999999,-50.5,11.));
#3741=CARTESIAN_POINT('',(-0.999999999999999,-25.25,11.));
#3742=CARTESIAN_POINT('',(-0.999999999999999,-50.5,9.));
#3743=CARTESIAN_POINT('',(-0.999999999999999,-50.5,11.));
#3744=CARTESIAN_POINT('',(-0.999999999999999,-45.5,9.));
#3745=CARTESIAN_POINT('Origin',(1.,-50.5,11.));
#3746=CARTESIAN_POINT('',(1.,-50.5,11.));
#3747=CARTESIAN_POINT('',(0.500000000000001,-50.5,11.));
#3748=CARTESIAN_POINT('',(1.,-50.5,9.));
#3749=CARTESIAN_POINT('',(1.,-50.5,11.));
#3750=CARTESIAN_POINT('',(-0.999999999999999,-50.5,9.));
#3751=CARTESIAN_POINT('Origin',(1.,-45.5,11.));
#3752=CARTESIAN_POINT('',(1.,-22.75,11.));
#3753=CARTESIAN_POINT('',(1.,-50.5,9.));
#3754=CARTESIAN_POINT('Origin',(1.38777878078145E-15,-48.,9.));
#3755=CARTESIAN_POINT('Origin',(1.,1.5,11.));
#3756=CARTESIAN_POINT('',(1.,1.5,11.));
#3757=CARTESIAN_POINT('',(1.,-3.5,11.));
#3758=CARTESIAN_POINT('',(1.,0.750000000000001,11.));
#3759=CARTESIAN_POINT('',(1.,1.5,9.));
#3760=CARTESIAN_POINT('',(1.,1.5,11.));
#3761=CARTESIAN_POINT('',(1.,-4.00000005960464,9.));
#3762=CARTESIAN_POINT('Origin',(1.,-3.5,10.5));
#3763=CARTESIAN_POINT('Origin',(-0.999999999999997,1.5,11.));
#3764=CARTESIAN_POINT('',(-0.999999999999997,1.5,11.));
#3765=CARTESIAN_POINT('',(-0.499999999999999,1.5,11.));
#3766=CARTESIAN_POINT('',(-0.999999999999997,1.5,9.));
#3767=CARTESIAN_POINT('',(-0.999999999999997,1.5,11.));
#3768=CARTESIAN_POINT('',(1.,1.5,9.));
#3769=CARTESIAN_POINT('Origin',(-0.999999999999997,-3.5,11.));
#3770=CARTESIAN_POINT('',(-0.999999999999997,-1.75,11.));
#3771=CARTESIAN_POINT('',(-0.999999999999997,1.5,9.));
#3772=CARTESIAN_POINT('Origin',(1.66533453693773E-15,-0.999999999999998,
9.));
#3773=CARTESIAN_POINT('Origin',(0.,0.,11.));
#3774=CARTESIAN_POINT('',(-15.5,-41.,11.));
#3775=CARTESIAN_POINT('',(15.5,-41.,11.));
#3776=CARTESIAN_POINT('Origin',(0.,-41.,11.));
#3777=CARTESIAN_POINT('',(15.5,-8.00000000000002,11.));
#3778=CARTESIAN_POINT('',(15.5,-41.,11.));
#3779=CARTESIAN_POINT('',(-15.5,-8.00000000000003,11.));
#3780=CARTESIAN_POINT('Origin',(-8.10717706119773E-15,-8.00000000000002,
11.));
#3781=CARTESIAN_POINT('',(-15.5,-8.00000000000003,11.));
#3782=CARTESIAN_POINT('',(-11.,-3.5,11.));
#3783=CARTESIAN_POINT('',(11.,-3.5,11.));
#3784=CARTESIAN_POINT('',(11.,-3.5,11.));
#3785=CARTESIAN_POINT('',(11.,-45.5,11.));
#3786=CARTESIAN_POINT('',(-6.1,-0.499999999999998,11.));
#3787=CARTESIAN_POINT('Origin',(-5.,-0.499999999999998,11.));
#3788=CARTESIAN_POINT('',(3.9,-0.499999999999998,11.));
#3789=CARTESIAN_POINT('Origin',(5.,-0.499999999999998,11.));
#3790=CARTESIAN_POINT('',(3.9000000000005,-48.5,11.));
#3791=CARTESIAN_POINT('Origin',(5.0000000000005,-48.5,11.));
#3792=CARTESIAN_POINT('',(-6.0999999999995,-48.5,11.));
#3793=CARTESIAN_POINT('Origin',(-4.9999999999995,-48.5,11.));
#3794=CARTESIAN_POINT('Origin',(-5.,-0.499999999999998,2.));
#3795=CARTESIAN_POINT('',(-6.3,-0.499999999999998,2.));
#3796=CARTESIAN_POINT('Origin',(-5.,-0.499999999999998,2.));
#3797=CARTESIAN_POINT('Origin',(13.8,53.,5.5));
#3798=CARTESIAN_POINT('',(13.8,53.,6.6));
#3799=CARTESIAN_POINT('Origin',(13.8,53.,5.5));
#3800=CARTESIAN_POINT('Origin',(-13.8,53.,5.5));
#3801=CARTESIAN_POINT('',(-13.8,53.,6.6));
#3802=CARTESIAN_POINT('Origin',(-13.8,53.,5.5));
#3803=CARTESIAN_POINT('Origin',(13.8,53.,5.5));
#3804=CARTESIAN_POINT('',(13.8,45.,6.6));
#3805=CARTESIAN_POINT('',(13.8,53.,6.6));
#3806=CARTESIAN_POINT('Origin',(13.8,45.,5.5));
#3807=CARTESIAN_POINT('Origin',(-13.8,53.,5.5));
#3808=CARTESIAN_POINT('',(-13.8,45.,6.6));
#3809=CARTESIAN_POINT('',(-13.8,53.,6.6));
#3810=CARTESIAN_POINT('Origin',(-13.8,45.,5.5));
#3811=CARTESIAN_POINT('Origin',(-11.5,53.,12.));
#3812=CARTESIAN_POINT('',(-11.5,45.,12.));
#3813=CARTESIAN_POINT('',(-11.5,45.,-0.999999999999999));
#3814=CARTESIAN_POINT('',(-11.5,45.,12.));
#3815=CARTESIAN_POINT('',(-11.5,53.,-0.999999999999999));
#3816=CARTESIAN_POINT('',(-11.5,53.,-0.999999999999999));
#3817=CARTESIAN_POINT('',(-11.5,53.,3.54807787040571));
#3818=CARTESIAN_POINT('',(-11.5,53.,3.54807787040571));
#3819=CARTESIAN_POINT('',(-11.5,53.,7.45192212959429));
#3820=CARTESIAN_POINT('',(-11.5,53.,7.45192212959429));
#3821=CARTESIAN_POINT('',(-11.5,53.,12.));
#3822=CARTESIAN_POINT('',(-11.5,53.,12.));
#3823=CARTESIAN_POINT('',(-11.5,53.,12.));
#3824=CARTESIAN_POINT('Origin',(11.5,53.,12.));
#3825=CARTESIAN_POINT('',(11.5,45.,-1.));
#3826=CARTESIAN_POINT('',(11.5,45.,12.));
#3827=CARTESIAN_POINT('',(11.5,45.,-0.999999999999996));
#3828=CARTESIAN_POINT('',(11.5,53.,12.));
#3829=CARTESIAN_POINT('',(11.5,53.,12.));
#3830=CARTESIAN_POINT('',(11.5,53.,-1.));
#3831=CARTESIAN_POINT('',(11.5,53.,-0.999999999999996));
#3832=CARTESIAN_POINT('',(11.5,53.,-1.));
#3833=CARTESIAN_POINT('Origin',(-1.95253541460608E-14,8.9282032302755,-7.));
#3834=CARTESIAN_POINT('',(-17.5931400556445,8.92820323027549,-8.));
#3835=CARTESIAN_POINT('',(-17.5931400556445,7.93845991166472,-7.14285714285714));
#3836=CARTESIAN_POINT('Origin',(-17.5931400556445,8.9282032302755,-7.));
#3837=CARTESIAN_POINT('',(17.5931400556445,8.92820323027551,-8.));
#3838=CARTESIAN_POINT('',(-17.5931400556445,8.9282032302755,-8.));
#3839=CARTESIAN_POINT('',(17.5931400556445,7.93845991166472,-7.14285714285714));
#3840=CARTESIAN_POINT('Origin',(17.5931400556445,8.92820323027551,-7.));
#3841=CARTESIAN_POINT('',(17.5931400556445,7.93845991166472,-7.14285714285714));
#3842=CARTESIAN_POINT('Origin',(19.,-6.,3.));
#3843=CARTESIAN_POINT('',(16.4710585458011,11.1300602714214,3.));
#3844=CARTESIAN_POINT('',(18.2654492930251,5.14875778067492,3.));
#3845=CARTESIAN_POINT('',(18.2654492930251,5.14875778067492,3.));
#3846=CARTESIAN_POINT('',(18.1195579707032,8.3583668717559,3.));
#3847=CARTESIAN_POINT('',(18.2654492930251,5.14875778067492,3.));
#3848=CARTESIAN_POINT('Origin',(11.,6.,3.));
#3849=CARTESIAN_POINT('Origin',(-19.,45.,12.));
#3850=CARTESIAN_POINT('',(16.4313019194194,45.,-0.999999999999999));
#3851=CARTESIAN_POINT('',(11.5,45.,-0.999999999999999));
#3852=CARTESIAN_POINT('',(16.4313019194194,45.,12.));
#3853=CARTESIAN_POINT('',(16.4313019194194,45.,-0.999999999999999));
#3854=CARTESIAN_POINT('',(11.5,45.,12.));
#3855=CARTESIAN_POINT('Origin',(11.,6.,2.5));
#3856=CARTESIAN_POINT('',(18.6159584865466,8.44891329597397,2.5));
#3857=CARTESIAN_POINT('Ctrl Pts',(18.6159584865466,8.44891329597394,2.5));
#3858=CARTESIAN_POINT('Ctrl Pts',(18.6159584865466,8.44891329597394,2.5645696513014));
#3859=CARTESIAN_POINT('Ctrl Pts',(18.6035400951048,8.4466776349337,2.62849039591648));
#3860=CARTESIAN_POINT('Ctrl Pts',(18.5552168302626,8.43795543451402,2.74825640162759));
#3861=CARTESIAN_POINT('Ctrl Pts',(18.519688561359,8.43153594360022,2.80287050820659));
#3862=CARTESIAN_POINT('Ctrl Pts',(18.4297228060606,8.41521431237665,2.89577675535607));
#3863=CARTESIAN_POINT('Ctrl Pts',(18.3759871380342,8.40543767303527,2.93301533327889));
#3864=CARTESIAN_POINT('Ctrl Pts',(18.2554733397163,8.38340119099158,2.98557669504075));
#3865=CARTESIAN_POINT('Ctrl Pts',(18.1894809849048,8.37128012092096,2.99955340143742));
#3866=CARTESIAN_POINT('Ctrl Pts',(18.1217054288699,8.35876350844796,2.99999649024943));
#3867=CARTESIAN_POINT('Ctrl Pts',(18.1206316996136,8.35856519836257,3.));
#3868=CARTESIAN_POINT('Ctrl Pts',(18.1195579707032,8.35836687175594,3.));
#3869=CARTESIAN_POINT('',(16.8357957821879,11.4720642895161,2.5));
#3870=CARTESIAN_POINT('Origin',(11.,6.,2.5));
#3871=CARTESIAN_POINT('Origin',(16.4710585458011,11.1300602714214,2.5));
#3872=CARTESIAN_POINT('Ctrl Pts',(17.1184416302333,11.1540196056983,2.50470995976718));
#3873=CARTESIAN_POINT('Ctrl Pts',(17.1106136853008,11.1632604839034,3.03122226876542));
#3874=CARTESIAN_POINT('Ctrl Pts',(16.7089829488779,10.8236584097768,3.003910308799));
#3875=CARTESIAN_POINT('Ctrl Pts',(16.8523605505956,11.4700480579912,2.49611210721806));
#3876=CARTESIAN_POINT('Ctrl Pts',(16.8575902151534,11.4629855778228,2.9984013834994));
#3877=CARTESIAN_POINT('Ctrl Pts',(16.4840936585351,11.127298082269,2.99675926477675));
#3878=CARTESIAN_POINT('Ctrl Pts',(16.3776246791513,11.951186294935,2.49888234049267));
#3879=CARTESIAN_POINT('Ctrl Pts',(16.4073559693642,11.9224146583942,2.95774345789735));
#3880=CARTESIAN_POINT('Ctrl Pts',(16.0864117251522,11.592568968146,2.99909254196409));
#3881=CARTESIAN_POINT('Ctrl Pts',(15.6511145162628,12.5250652003194,2.59052754278612));
#3882=CARTESIAN_POINT('Ctrl Pts',(15.7126768922812,12.4794347302499,2.98936853107309));
#3883=CARTESIAN_POINT('Ctrl Pts',(15.4848196757674,12.1544122655959,3.07549212505039));
#3884=CARTESIAN_POINT('Ctrl Pts',(15.0962649157438,12.8800026333044,2.73239452372694));
#3885=CARTESIAN_POINT('Ctrl Pts',(15.188628367712,12.8240424158874,3.08735099515365));
#3886=CARTESIAN_POINT('Ctrl Pts',(15.0289593863853,12.5064459513969,3.19372913805951));
#3887=CARTESIAN_POINT('Ctrl Pts',(14.656478134233,13.1186473694131,2.90438523137717));
#3888=CARTESIAN_POINT('Ctrl Pts',(14.7776056734727,13.0559854028841,3.22394060115661));
#3889=CARTESIAN_POINT('Ctrl Pts',(14.6694702418545,12.7460098905301,3.33706053724698));
#3890=CARTESIAN_POINT('Ctrl Pts',(14.3307790878379,13.2765457012432,3.06636080680861));
#3891=CARTESIAN_POINT('Ctrl Pts',(14.4765311364195,13.2093947009568,3.35762163393229));
#3892=CARTESIAN_POINT('Ctrl Pts',(14.4040478354489,12.906010524515,3.472042049496));
#3893=CARTESIAN_POINT('Ctrl Pts',(14.0139091679383,13.4129952945414,3.26607535331244));
#3894=CARTESIAN_POINT('Ctrl Pts',(14.1850286688409,13.3430370223068,3.52732709600202));
#3895=CARTESIAN_POINT('Ctrl Pts',(14.1465591038032,13.0458002607622,3.6384695325859));
#3896=CARTESIAN_POINT('Ctrl Pts',(13.7231858176181,13.524170797051,3.49766220614733));
#3897=CARTESIAN_POINT('Ctrl Pts',(13.9188848143236,13.4530231596826,3.72778448482094));
#3898=CARTESIAN_POINT('Ctrl Pts',(13.9109197919117,13.1610972240678,3.83145424159932));
#3899=CARTESIAN_POINT('Ctrl Pts',(13.4585820952204,13.6143627664516,3.76448594618711));
#3900=CARTESIAN_POINT('Ctrl Pts',(13.6778199554234,13.5433090810139,3.96136491573956));
#3901=CARTESIAN_POINT('Ctrl Pts',(13.696923825498,13.2558695034201,4.0538002750032));
#3902=CARTESIAN_POINT('Ctrl Pts',(13.2254210803119,13.6852679430236,4.07052358416523));
#3903=CARTESIAN_POINT('Ctrl Pts',(13.4663353745219,13.6153200282118,4.23126365039507));
#3904=CARTESIAN_POINT('Ctrl Pts',(13.5087251780692,13.3314568508002,4.30882190101086));
#3905=CARTESIAN_POINT('Ctrl Pts',(13.0406339063898,13.7359515388637,4.3976282636623));
#3906=CARTESIAN_POINT('Ctrl Pts',(13.2994015358153,13.6675821152478,4.52094098457495));
#3907=CARTESIAN_POINT('Ctrl Pts',(13.3598088127696,13.3862667072209,4.58139772881335));
#3908=CARTESIAN_POINT('Ctrl Pts',(12.9020387705206,13.7708829186383,4.7508985478395));
#3909=CARTESIAN_POINT('Ctrl Pts',(13.1746163184624,13.704111744044,4.83443530649581));
#3910=CARTESIAN_POINT('Ctrl Pts',(13.2482501018178,13.4245252902977,4.87577676541469));
#3911=CARTESIAN_POINT('Ctrl Pts',(12.7870572839547,13.7980629274205,5.25275639338462));
#3912=CARTESIAN_POINT('Ctrl Pts',(13.0713689210054,13.7328662832127,5.28012039415851));
#3913=CARTESIAN_POINT('Ctrl Pts',(13.155775885095,13.4546013037247,5.29397304558586));
#3914=CARTESIAN_POINT('Ctrl Pts',(12.7883265017694,13.7974248021719,5.63809660552587));
#3915=CARTESIAN_POINT('Ctrl Pts',(13.0725144352333,13.7322723691697,5.6228144587252));
#3916=CARTESIAN_POINT('Ctrl Pts',(13.1568111933772,13.4539566874353,5.61507526204631));
#3917=CARTESIAN_POINT('Ctrl Pts',(12.8296896878072,13.7882088138681,5.90716807325233));
#3918=CARTESIAN_POINT('Ctrl Pts',(13.1096176465501,13.7223958041767,5.86172066599489));
#3919=CARTESIAN_POINT('Ctrl Pts',(13.1900535487567,13.4436565716852,5.8392915387951));
#3920=CARTESIAN_POINT('',(12.7979113480814,13.7953521270331,5.5));
#3921=CARTESIAN_POINT('Ctrl Pts',(12.7979113480814,13.7953521270331,5.5));
#3922=CARTESIAN_POINT('Ctrl Pts',(12.7979113495136,13.7953521267028,5.43376861003819));
#3923=CARTESIAN_POINT('Ctrl Pts',(12.8005011951345,13.794759653697,5.36803311748431));
#3924=CARTESIAN_POINT('Ctrl Pts',(12.8056562274577,13.7935650660635,5.30264942342549));
#3925=CARTESIAN_POINT('Ctrl Pts',(12.8103950245632,13.7924669335853,5.24254503596033));
#3926=CARTESIAN_POINT('Ctrl Pts',(12.8173011970885,13.7908600842063,5.18273959539395));
#3927=CARTESIAN_POINT('Ctrl Pts',(12.8263749473903,13.7887325381091,5.12311231620275));
#3928=CARTESIAN_POINT('Ctrl Pts',(12.8271719459426,13.7885456637625,5.11787491671376));
#3929=CARTESIAN_POINT('Ctrl Pts',(12.8279856743838,13.7883547704799,5.11263889424471));
#3930=CARTESIAN_POINT('Ctrl Pts',(12.8288161054187,13.7881598404706,5.1074043919676));
#3931=CARTESIAN_POINT('Ctrl Pts',(12.8391009122893,13.7857456514355,5.04257559497218));
#3932=CARTESIAN_POINT('Ctrl Pts',(12.8519814339878,13.782704173905,4.97795577531126));
#3933=CARTESIAN_POINT('Ctrl Pts',(12.8672782918297,13.7790320674696,4.91398071786314));
#3934=CARTESIAN_POINT('Ctrl Pts',(12.8801644630008,13.7759386614529,4.86008771908684));
#3935=CARTESIAN_POINT('Ctrl Pts',(12.8947634116869,13.7723982778392,4.80664920317211));
#3936=CARTESIAN_POINT('Ctrl Pts',(12.9110045384967,13.7684014836225,4.75394047722471));
#3937=CARTESIAN_POINT('Ctrl Pts',(12.9140428551076,13.7676537814217,4.74407996696205));
#3938=CARTESIAN_POINT('Ctrl Pts',(12.9171385771481,13.7668901251376,4.73424497717399));
#3939=CARTESIAN_POINT('Ctrl Pts',(12.920290768579,13.7661105059042,4.72443678521693));
#3940=CARTESIAN_POINT('Ctrl Pts',(12.9402927973753,13.7611634820005,4.66219953146352));
#3941=CARTESIAN_POINT('Ctrl Pts',(12.9626017639709,13.7555654361064,4.60106632872509));
#3942=CARTESIAN_POINT('Ctrl Pts',(12.9870419302495,13.7492983476487,4.54102340151305));
#3943=CARTESIAN_POINT('Ctrl Pts',(13.0061783023004,13.7443912887099,4.49401047283439));
#3944=CARTESIAN_POINT('Ctrl Pts',(13.0266230585951,13.7390737321966,4.44766459182429));
#3945=CARTESIAN_POINT('Ctrl Pts',(13.0483325793986,13.7333261695194,4.40198919777566));
#3946=CARTESIAN_POINT('Ctrl Pts',(13.0766995917535,13.7258160460603,4.34230688239803));
#3947=CARTESIAN_POINT('Ctrl Pts',(13.1072258151532,13.7175712724745,4.28378614930832));
#3948=CARTESIAN_POINT('Ctrl Pts',(13.1398820096397,13.7085061147186,4.22644679056527));
#3949=CARTESIAN_POINT('Ctrl Pts',(13.1693644453095,13.7003219727946,4.17468007426315));
#3950=CARTESIAN_POINT('Ctrl Pts',(13.2005825049154,13.6914691479661,4.12387572219947));
#3951=CARTESIAN_POINT('Ctrl Pts',(13.2334833871429,13.6818976795683,4.07403475775172));
#3952=CARTESIAN_POINT('Ctrl Pts',(13.2431092768374,13.6790973321984,4.05945266774198));
#3953=CARTESIAN_POINT('Ctrl Pts',(13.2528790053536,13.6762355658973,4.04495298503925));
#3954=CARTESIAN_POINT('Ctrl Pts',(13.2627824047278,13.6733137326856,4.03054573169748));
#3955=CARTESIAN_POINT('Ctrl Pts',(13.2994290614606,13.662501746347,3.97723296022061));
#3956=CARTESIAN_POINT('Ctrl Pts',(13.3379936667126,13.650841481715,3.92507460225392));
#3957=CARTESIAN_POINT('Ctrl Pts',(13.3781142170174,13.6383535172978,3.87440875069636));
#3958=CARTESIAN_POINT('Ctrl Pts',(13.405989506569,13.62967702554,3.83920670905399));
#3959=CARTESIAN_POINT('Ctrl Pts',(13.4346164960058,13.620600707245,3.80470426664228));
#3960=CARTESIAN_POINT('Ctrl Pts',(13.4638535578488,13.6111382602767,3.77104953532065));
#3961=CARTESIAN_POINT('Ctrl Pts',(13.4766970278786,13.6069815274731,3.75626543918238));
#3962=CARTESIAN_POINT('Ctrl Pts',(13.4896582036674,13.6027503031636,3.74164486393049));
#3963=CARTESIAN_POINT('Ctrl Pts',(13.5027321421474,13.5984442279589,3.72718642783992));
#3964=CARTESIAN_POINT('Ctrl Pts',(13.5580414305456,13.5802273795532,3.66602002318376));
#3965=CARTESIAN_POINT('Ctrl Pts',(13.6153097274129,13.5606905683273,3.607869206391));
#3966=CARTESIAN_POINT('Ctrl Pts',(13.6743277195287,13.5397575710047,3.55240881864532));
#3967=CARTESIAN_POINT('Ctrl Pts',(13.6919130097273,13.5335202725225,3.53588356968183));
#3968=CARTESIAN_POINT('Ctrl Pts',(13.7096538794613,13.5271589242368,3.51959743666231));
#3969=CARTESIAN_POINT('Ctrl Pts',(13.727545361923,13.5206712663901,3.50354243456814));
#3970=CARTESIAN_POINT('Ctrl Pts',(13.7426158723314,13.5152065255384,3.49001884440804));
#3971=CARTESIAN_POINT('Ctrl Pts',(13.7577932518013,13.5096521629579,3.47665925093992));
#3972=CARTESIAN_POINT('Ctrl Pts',(13.7730784962074,13.5040049021484,3.46345946501214));
#3973=CARTESIAN_POINT('Ctrl Pts',(13.8520550434646,13.4748263592119,3.39525816646454));
#3974=CARTESIAN_POINT('Ctrl Pts',(13.9338001815496,13.4432074503565,3.33135797713458));
#3975=CARTESIAN_POINT('Ctrl Pts',(14.0182681789157,13.408782437085,3.27138932707415));
#3976=CARTESIAN_POINT('Ctrl Pts',(14.0346922216357,13.4020888027354,3.25972896218842));
#3977=CARTESIAN_POINT('Ctrl Pts',(14.0512191476825,13.395289149068,3.24821732287439));
#3978=CARTESIAN_POINT('Ctrl Pts',(14.0678362655655,13.3883866337211,3.23685834194917));
#3979=CARTESIAN_POINT('Ctrl Pts',(14.1188753109499,13.3671857373603,3.20196952747211));
#3980=CARTESIAN_POINT('Ctrl Pts',(14.1708453314158,13.3449811071676,3.16846804898263));
#3981=CARTESIAN_POINT('Ctrl Pts',(14.2233844321901,13.3218567161212,3.13646748957626));
#3982=CARTESIAN_POINT('Ctrl Pts',(14.2594538992107,13.3059812167707,3.11449826846022));
#3983=CARTESIAN_POINT('Ctrl Pts',(14.2957947286319,13.2896707280958,3.09322145828707));
#3984=CARTESIAN_POINT('Ctrl Pts',(14.332269514673,13.2729622473817,3.07268875867897));
#3985=CARTESIAN_POINT('Ctrl Pts',(14.3489242206325,13.2653330091181,3.06331334865899));
#3986=CARTESIAN_POINT('Ctrl Pts',(14.3656068494326,13.2576208207658,3.05409302494273));
#3987=CARTESIAN_POINT('Ctrl Pts',(14.3823122036141,13.2498271782056,3.0450257985462));
#3988=CARTESIAN_POINT('Ctrl Pts',(14.4611995698219,13.213023412894,3.00220781327871));
#3989=CARTESIAN_POINT('Ctrl Pts',(14.5405599654234,13.174420330916,2.96284759599711));
#3990=CARTESIAN_POINT('Ctrl Pts',(14.6201903382249,13.134015833402,2.9265294365238));
#3991=CARTESIAN_POINT('Ctrl Pts',(14.6325109156316,13.1277643652538,2.92091021512226));
#3992=CARTESIAN_POINT('Ctrl Pts',(14.6448379862797,13.1214697293949,2.91536390344224));
#3993=CARTESIAN_POINT('Ctrl Pts',(14.6571708283392,13.1151318702817,2.90988905322993));
#3994=CARTESIAN_POINT('Ctrl Pts',(14.7425162496229,13.071272778157,2.87200213344447));
#3995=CARTESIAN_POINT('Ctrl Pts',(14.8281374681559,13.0253460040377,2.83753370147484));
#3996=CARTESIAN_POINT('Ctrl Pts',(14.9140063165882,12.9771641707846,2.80611212591574));
#3997=CARTESIAN_POINT('Ctrl Pts',(14.938204457507,12.9635863621605,2.79725741635397));
#3998=CARTESIAN_POINT('Ctrl Pts',(14.962422303122,12.9498293016656,2.78864493649151));
#3999=CARTESIAN_POINT('Ctrl Pts',(14.986659298156,12.9358883814856,2.78026697126861));
#4000=CARTESIAN_POINT('Ctrl Pts',(15.0007149796241,12.9278036691213,2.77540836522612));
#4001=CARTESIAN_POINT('Ctrl Pts',(15.0147771019101,12.9196571182878,2.77062863454558));
#4002=CARTESIAN_POINT('Ctrl Pts',(15.0288438660184,12.9114495653361,2.76592653358635));
#4003=CARTESIAN_POINT('Ctrl Pts',(15.1012985704471,12.8691743257274,2.74170708037214));
#4004=CARTESIAN_POINT('Ctrl Pts',(15.1738798340799,12.8252757017907,2.71954971450541));
#4005=CARTESIAN_POINT('Ctrl Pts',(15.2460543396157,12.7800513862003,2.69936183428469));
#4006=CARTESIAN_POINT('Ctrl Pts',(15.282072915129,12.7574822613544,2.68928710384094));
#4007=CARTESIAN_POINT('Ctrl Pts',(15.3179902379297,12.7345834941979,2.67970217901719));
#4008=CARTESIAN_POINT('Ctrl Pts',(15.3537410937753,12.7113947912904,2.6705917620984));
#4009=CARTESIAN_POINT('Ctrl Pts',(15.4217129756569,12.6673069019871,2.65327043739025));
#4010=CARTESIAN_POINT('Ctrl Pts',(15.4890911330407,12.6221694300621,2.63765816433605));
#4011=CARTESIAN_POINT('Ctrl Pts',(15.5558179001196,12.5759912658508,2.62357460549862));
#4012=CARTESIAN_POINT('Ctrl Pts',(15.5850551361878,12.5557576782314,2.61740370358868));
#4013=CARTESIAN_POINT('Ctrl Pts',(15.6141672205529,12.5353238872887,2.61152686168372));
#4014=CARTESIAN_POINT('Ctrl Pts',(15.6431484846333,12.5146889519494,2.60593138151688));
#4015=CARTESIAN_POINT('Ctrl Pts',(15.6525234209364,12.5080139082423,2.60412134072625));
#4016=CARTESIAN_POINT('Ctrl Pts',(15.6618846619989,12.5013178096749,2.60234075278465));
#4017=CARTESIAN_POINT('Ctrl Pts',(15.6712328506683,12.4946001575618,2.60058909941973));
#4018=CARTESIAN_POINT('Ctrl Pts',(15.8177881451097,12.3892848373207,2.57312772869499));
#4019=CARTESIAN_POINT('Ctrl Pts',(15.9607377018513,12.2789542024019,2.55275781533726));
#4020=CARTESIAN_POINT('Ctrl Pts',(16.1002329078151,12.1634710003915,2.53773619135739));
#4021=CARTESIAN_POINT('Ctrl Pts',(16.1546619712219,12.1184110825168,2.53187496538604));
#4022=CARTESIAN_POINT('Ctrl Pts',(16.2085652961735,12.0725670268084,2.52682751271669));
#4023=CARTESIAN_POINT('Ctrl Pts',(16.2619525157939,12.0259319317606,2.52248875799885));
#4024=CARTESIAN_POINT('Ctrl Pts',(16.4087646852186,11.8976877653856,2.51055740069542));
#4025=CARTESIAN_POINT('Ctrl Pts',(16.5516721715186,11.7634585289813,2.50398679996391));
#4026=CARTESIAN_POINT('Ctrl Pts',(16.6901095301511,11.6233931721425,2.50136434140961));
#4027=CARTESIAN_POINT('Ctrl Pts',(16.7392425858644,11.5736823206133,2.50043359985598));
#4028=CARTESIAN_POINT('Ctrl Pts',(16.7878128071703,11.5232367225157,2.5));
#4029=CARTESIAN_POINT('Ctrl Pts',(16.8357957821879,11.4720642895161,2.5));
#4030=CARTESIAN_POINT('',(13.1644550314369,13.4518165618767,5.5));
#4031=CARTESIAN_POINT('Origin',(12.6855418888263,13.3081426190936,5.5));
#4032=CARTESIAN_POINT('Ctrl Pts',(16.4710585458011,11.1300602714214,3.));
#4033=CARTESIAN_POINT('Ctrl Pts',(16.4041738301264,11.2119975582513,3.));
#4034=CARTESIAN_POINT('Ctrl Pts',(16.3359643924846,11.2924214070401,3.00098149017446));
#4035=CARTESIAN_POINT('Ctrl Pts',(16.2663841566591,11.37127588868,3.00321415014547));
#4036=CARTESIAN_POINT('Ctrl Pts',(16.1997311539729,11.4468129706431,3.00535288234837));
#4037=CARTESIAN_POINT('Ctrl Pts',(16.131819933727,11.5209098545205,3.00863988474092));
#4038=CARTESIAN_POINT('Ctrl Pts',(16.0626370810882,11.5935255034017,3.01335062128892));
#4039=CARTESIAN_POINT('Ctrl Pts',(15.995111445071,11.6644017059356,3.01794851613396));
#4040=CARTESIAN_POINT('Ctrl Pts',(15.9263739507143,11.7338666615868,3.02390285880639));
#4041=CARTESIAN_POINT('Ctrl Pts',(15.8564440448128,11.8018917885348,3.03150544189614));
#4042=CARTESIAN_POINT('Ctrl Pts',(15.7889509673932,11.8675464623168,3.03884309983304));
#4043=CARTESIAN_POINT('Ctrl Pts',(15.7203467991992,11.9318598052885,3.0477163573266));
#4044=CARTESIAN_POINT('Ctrl Pts',(15.6506844622489,11.9948167521199,3.05841863793545));
#4045=CARTESIAN_POINT('Ctrl Pts',(15.6161284124753,12.0260465885502,3.06372751153346));
#4046=CARTESIAN_POINT('Ctrl Pts',(15.5813125706334,12.056942837903,3.06948691522032));
#4047=CARTESIAN_POINT('Ctrl Pts',(15.5462472209545,12.0875048086336,3.07573536351121));
#4048=CARTESIAN_POINT('Ctrl Pts',(15.4889200145587,12.1374695863979,3.08595074958623));
#4049=CARTESIAN_POINT('Ctrl Pts',(15.4308995943339,12.1865330074769,3.09747684363296));
#4050=CARTESIAN_POINT('Ctrl Pts',(15.3721226977323,12.2346915870581,3.11054064655839));
#4051=CARTESIAN_POINT('Ctrl Pts',(15.3457061886234,12.2563358321566,3.11641200229387));
#4052=CARTESIAN_POINT('Ctrl Pts',(15.3191372885578,12.2777974288117,3.12259448530039));
#4053=CARTESIAN_POINT('Ctrl Pts',(15.2924124914872,12.2990767318023,3.12911128262228));
#4054=CARTESIAN_POINT('Ctrl Pts',(15.2335104947005,12.3459767487813,3.14347443658373));
#4055=CARTESIAN_POINT('Ctrl Pts',(15.1738490826905,12.3919906027458,3.15946705752402));
#4056=CARTESIAN_POINT('Ctrl Pts',(15.1139109821148,12.4367849170095,3.17719250957884));
#4057=CARTESIAN_POINT('Ctrl Pts',(15.0861453800201,12.4575353427656,3.18540361143186));
#4058=CARTESIAN_POINT('Ctrl Pts',(15.0583205217375,12.4780241037175,3.19398586230407));
#4059=CARTESIAN_POINT('Ctrl Pts',(15.0304847900704,12.498218179312,3.20294571677327));
#4060=CARTESIAN_POINT('Ctrl Pts',(14.9717759725524,12.5408098493712,3.22184309900527));
#4061=CARTESIAN_POINT('Ctrl Pts',(14.913033908349,12.582095185138,3.2424084945865));
#4062=CARTESIAN_POINT('Ctrl Pts',(14.8542572991663,12.6220845220914,3.26485834507506));
#4063=CARTESIAN_POINT('Ctrl Pts',(14.7956188534137,12.6619798579782,3.28725542374857));
#4064=CARTESIAN_POINT('Ctrl Pts',(14.7369454564082,12.7005851102314,3.31152824872585));
#4065=CARTESIAN_POINT('Ctrl Pts',(14.6782780685982,12.7379232164984,3.33792164914274));
#4066=CARTESIAN_POINT('Ctrl Pts',(14.6226198177337,12.773346196164,3.36296129308141));
#4067=CARTESIAN_POINT('Ctrl Pts',(14.5669668078014,12.8076286335038,3.38990995193536));
#4068=CARTESIAN_POINT('Ctrl Pts',(14.5113967882145,12.8408029467807,3.41899936967514));
#4069=CARTESIAN_POINT('Ctrl Pts',(14.5083924214513,12.8425965003,3.42057207525393));
#4070=CARTESIAN_POINT('Ctrl Pts',(14.5053883085563,12.8443868181896,3.42215104313572));
#4071=CARTESIAN_POINT('Ctrl Pts',(14.5023844657688,12.8461739067582,3.42373631159494));
#4072=CARTESIAN_POINT('Ctrl Pts',(14.4522465614547,12.876002656794,3.45019643083008));
#4073=CARTESIAN_POINT('Ctrl Pts',(14.4021766531017,12.9049295479173,3.4784215739036));
#4074=CARTESIAN_POINT('Ctrl Pts',(14.3525851902887,12.9327815706871,3.50838949994681));
#4075=CARTESIAN_POINT('Ctrl Pts',(14.3152195709538,12.953767200501,3.53096939683369));
#4076=CARTESIAN_POINT('Ctrl Pts',(14.2781255257058,12.9741425971811,3.5545377109545));
#4077=CARTESIAN_POINT('Ctrl Pts',(14.241473891202,12.9938323343078,3.57906591543163));
#4078=CARTESIAN_POINT('Ctrl Pts',(14.1848353792744,13.0242592832339,3.61696984579239));
#4079=CARTESIAN_POINT('Ctrl Pts',(14.1292458103319,13.0530466050488,3.6571645101948));
#4080=CARTESIAN_POINT('Ctrl Pts',(14.0748687619181,13.0802771964093,3.69981466348763));
#4081=CARTESIAN_POINT('Ctrl Pts',(14.0473559903598,13.0940548666093,3.72139406065426));
#4082=CARTESIAN_POINT('Ctrl Pts',(14.020154378132,13.1074342429129,3.74360212877535));
#4083=CARTESIAN_POINT('Ctrl Pts',(13.9932900408483,13.1204275410047,3.76646030360722));
#4084=CARTESIAN_POINT('Ctrl Pts',(13.9419996560163,13.1452348255593,3.81010197514009));
#4085=CARTESIAN_POINT('Ctrl Pts',(13.8919397913124,13.1686351104574,3.85610983056759));
#4086=CARTESIAN_POINT('Ctrl Pts',(13.8433675534531,13.1906158232951,3.90461905844562));
#4087=CARTESIAN_POINT('Ctrl Pts',(13.8162174801028,13.2029022237604,3.93173391156139));
#4088=CARTESIAN_POINT('Ctrl Pts',(13.7895330338284,13.2147453441433,3.95963014732928));
#4089=CARTESIAN_POINT('Ctrl Pts',(13.7633657819872,13.2261449884922,3.98832963566689));
#4090=CARTESIAN_POINT('Ctrl Pts',(13.7302730187161,13.2405617004229,4.02462482552173));
#4091=CARTESIAN_POINT('Ctrl Pts',(13.6980086715999,13.2542694973926,4.06221072786661));
#4092=CARTESIAN_POINT('Ctrl Pts',(13.6668351772019,13.2672510971789,4.10090299215091));
#4093=CARTESIAN_POINT('Ctrl Pts',(13.6359639228977,13.2801068349143,4.139220118716));
#4094=CARTESIAN_POINT('Ctrl Pts',(13.6061628098221,13.2922504903304,4.17862195300783));
#4095=CARTESIAN_POINT('Ctrl Pts',(13.577650857381,13.3036545217333,4.21889437767329));
#4096=CARTESIAN_POINT('Ctrl Pts',(13.5714594043068,13.3061309401909,4.22763965136215));
#4097=CARTESIAN_POINT('Ctrl Pts',(13.5653285962116,13.3085724376322,4.23642585601944));
#4098=CARTESIAN_POINT('Ctrl Pts',(13.5592604270994,13.3109786574104,4.24525060165958));
#4099=CARTESIAN_POINT('Ctrl Pts',(13.5161899508976,13.3280574549489,4.30788662746145));
#4100=CARTESIAN_POINT('Ctrl Pts',(13.4762791329059,13.3433602245595,4.37244867927166));
#4101=CARTESIAN_POINT('Ctrl Pts',(13.4396523927391,13.3570110664993,4.43892288803937));
#4102=CARTESIAN_POINT('Ctrl Pts',(13.4043454074599,13.370170033779,4.50300186148101));
#4103=CARTESIAN_POINT('Ctrl Pts',(13.3720901074638,13.3817939782521,4.56885842171727));
#4104=CARTESIAN_POINT('Ctrl Pts',(13.3430429286678,13.3920075588901,4.63647529141097));
#4105=CARTESIAN_POINT('Ctrl Pts',(13.3151481286932,13.4018159396254,4.70140962008568));
#4106=CARTESIAN_POINT('Ctrl Pts',(13.2902120766863,13.410323680545,4.76796797962407));
#4107=CARTESIAN_POINT('Ctrl Pts',(13.268414505276,13.4176535407413,4.83612075995657));
#4108=CARTESIAN_POINT('Ctrl Pts',(13.2534754346062,13.4226770957701,4.88282959657723));
#4109=CARTESIAN_POINT('Ctrl Pts',(13.2400141068553,13.4271484559931,4.93029542986902));
#4110=CARTESIAN_POINT('Ctrl Pts',(13.228152821917,13.4310709005444,4.9782524973925));
#4111=CARTESIAN_POINT('Ctrl Pts',(13.2163323924381,13.4349798344791,5.02604437977514));
#4112=CARTESIAN_POINT('Ctrl Pts',(13.206101151857,13.4383436725209,5.07432366347982));
#4113=CARTESIAN_POINT('Ctrl Pts',(13.1975325035137,13.4411513688947,5.12281267740182));
#4114=CARTESIAN_POINT('Ctrl Pts',(13.1951184018907,13.4419423996502,5.13647380603167));
#4115=CARTESIAN_POINT('Ctrl Pts',(13.1928359717548,13.4426891971051,5.15015151606455));
#4116=CARTESIAN_POINT('Ctrl Pts',(13.1906861496653,13.4433913027556,5.1638394657614));
#4117=CARTESIAN_POINT('Ctrl Pts',(13.1819674409945,13.446238726574,5.21935161548113));
#4118=CARTESIAN_POINT('Ctrl Pts',(13.1754240792348,13.4483493666935,5.27503578736661));
#4119=CARTESIAN_POINT('Ctrl Pts',(13.1710459970783,13.449743831589,5.33101970934809));
#4120=CARTESIAN_POINT('Ctrl Pts',(13.1666679149218,13.4511382964846,5.38700363132958));
#4121=CARTESIAN_POINT('Ctrl Pts',(13.1644550314369,13.4518165618767,5.44328803581436));
#4122=CARTESIAN_POINT('Ctrl Pts',(13.1644550314369,13.4518165618767,5.5));
#4123=CARTESIAN_POINT('Ctrl Pts',(12.7979113480814,13.7953521270331,5.5));
#4124=CARTESIAN_POINT('Ctrl Pts',(13.080980379931,13.7300654002299,5.5));
#4125=CARTESIAN_POINT('Ctrl Pts',(13.1644550314369,13.4518165618767,5.5));
#4126=CARTESIAN_POINT('Ctrl Pts',(12.7979113547337,13.7953521254989,5.75287582172374));
#4127=CARTESIAN_POINT('Ctrl Pts',(13.0809803858977,13.7300653986023,5.72468940418326));
#4128=CARTESIAN_POINT('Ctrl Pts',(13.1644550323466,13.4518165588444,5.71072985143672));
#4129=CARTESIAN_POINT('Ctrl Pts',(12.8538644369635,13.782938091853,6.12296656169321));
#4130=CARTESIAN_POINT('Ctrl Pts',(13.131211146877,13.7167403803826,6.05387704166103));
#4131=CARTESIAN_POINT('Ctrl Pts',(13.2094241154311,13.4379323228446,6.01913880141095));
#4132=CARTESIAN_POINT('Ctrl Pts',(13.0383359183291,13.736567098058,6.59792358908444));
#4133=CARTESIAN_POINT('Ctrl Pts',(13.2972124630354,13.668249459292,6.47517575329374));
#4134=CARTESIAN_POINT('Ctrl Pts',(13.3579165604721,13.3871246455411,6.41493632423704));
#4135=CARTESIAN_POINT('Ctrl Pts',(13.2225468789748,13.6860816509925,6.92490308006253));
#4136=CARTESIAN_POINT('Ctrl Pts',(13.4636235289209,13.616187532649,6.76476037922084));
#4137=CARTESIAN_POINT('Ctrl Pts',(13.5063790544177,13.3325239544191,6.68741923338545));
#4138=CARTESIAN_POINT('Ctrl Pts',(13.4536848927854,13.6159228940495,7.22983427000131));
#4139=CARTESIAN_POINT('Ctrl Pts',(13.6732659501167,13.5449174619472,7.03372608517633));
#4140=CARTESIAN_POINT('Ctrl Pts',(13.6929547744788,13.2577152694191,6.94152855833437));
#4141=CARTESIAN_POINT('Ctrl Pts',(13.7183837592077,13.5259336274788,7.49821069400338));
#4142=CARTESIAN_POINT('Ctrl Pts',(13.9144172153769,13.4548023054958,7.26874272875713));
#4143=CARTESIAN_POINT('Ctrl Pts',(13.9070356947871,13.1631280519203,7.16517557833635));
#4144=CARTESIAN_POINT('Ctrl Pts',(14.0116188080237,13.4139481323252,7.73237596577804));
#4145=CARTESIAN_POINT('Ctrl Pts',(14.1828560733668,13.343999900143,7.47147540878715));
#4146=CARTESIAN_POINT('Ctrl Pts',(14.1447246023207,13.0469759649944,7.3603133048143));
#4147=CARTESIAN_POINT('Ctrl Pts',(14.3272504239619,13.278093646118,7.93152251572122));
#4148=CARTESIAN_POINT('Ctrl Pts',(14.4731848535503,13.2109551081652,7.64071212037541));
#4149=CARTESIAN_POINT('Ctrl Pts',(14.4012262505675,12.9077914866667,7.52626876310386));
#4150=CARTESIAN_POINT('Ctrl Pts',(14.6507975198925,13.1216149449078,8.09318956804805));
#4151=CARTESIAN_POINT('Ctrl Pts',(14.7723083013997,13.0588696793728,7.77426925155097));
#4152=CARTESIAN_POINT('Ctrl Pts',(14.6649009239923,12.7491974855785,7.66099130669606));
#4153=CARTESIAN_POINT('Ctrl Pts',(15.0955267104787,12.8804501545991,8.26743765772671));
#4154=CARTESIAN_POINT('Ctrl Pts',(15.1878896423053,12.8245081551183,7.91271808230927));
#4155=CARTESIAN_POINT('Ctrl Pts',(15.0284544149564,12.5070914571039,7.80619804816213));
#4156=CARTESIAN_POINT('Ctrl Pts',(15.6402255352228,12.532589506872,8.40719845183222));
#4157=CARTESIAN_POINT('Ctrl Pts',(15.7022859595332,12.486768093944,8.00940755575231));
#4158=CARTESIAN_POINT('Ctrl Pts',(15.4759873397286,12.1620354328104,7.92266537607127));
#4159=CARTESIAN_POINT('Ctrl Pts',(16.2667265170771,12.0395559148254,8.48763277333414));
#4160=CARTESIAN_POINT('Ctrl Pts',(16.2967038278324,12.011846757489,8.03799302480743));
#4161=CARTESIAN_POINT('Ctrl Pts',(15.9947266628178,11.6792348361364,7.9896939794418));
#4162=CARTESIAN_POINT('Ctrl Pts',(16.6525185171691,11.6675241075261,8.50000000429291));
#4163=CARTESIAN_POINT('Ctrl Pts',(16.6611203852599,11.6583504698322,8.01642545937606));
#4164=CARTESIAN_POINT('Ctrl Pts',(16.3171029846013,11.3186639130814,8.));
#4165=CARTESIAN_POINT('Ctrl Pts',(16.8357957821879,11.4720642895161,8.5));
#4166=CARTESIAN_POINT('Ctrl Pts',(16.8357957821879,11.4720642895161,8.));
#4167=CARTESIAN_POINT('Ctrl Pts',(16.4710585458012,11.1300602714214,8.));
#4168=CARTESIAN_POINT('',(16.8357957821879,11.4720642895161,8.5));
#4169=CARTESIAN_POINT('Ctrl Pts',(16.8357957821879,11.4720642895161,8.5));
#4170=CARTESIAN_POINT('Ctrl Pts',(16.7034923288207,11.6131620351345,8.5));
#4171=CARTESIAN_POINT('Ctrl Pts',(16.5662179586119,11.7492994892682,8.49677963638417));
#4172=CARTESIAN_POINT('Ctrl Pts',(16.4244863894363,11.8800540905264,8.488778652163));
#4173=CARTESIAN_POINT('Ctrl Pts',(16.3743554193794,11.9263024672191,8.48594867502558));
#4174=CARTESIAN_POINT('Ctrl Pts',(16.3236665746095,11.971877118084,8.48252037292402));
#4175=CARTESIAN_POINT('Ctrl Pts',(16.2724418444943,12.0167583000856,8.47842371669072));
#4176=CARTESIAN_POINT('Ctrl Pts',(16.2678847533798,12.0207510519312,8.47805926702592));
#4177=CARTESIAN_POINT('Ctrl Pts',(16.2633234336351,12.0247383038199,8.47768952755333));
#4178=CARTESIAN_POINT('Ctrl Pts',(16.2587579058663,12.0287200372198,8.47731444959109));
#4179=CARTESIAN_POINT('Ctrl Pts',(16.0827136866175,12.182253469309,8.46285165134232));
#4180=CARTESIAN_POINT('Ctrl Pts',(15.900410035368,12.3275789325392,8.44044993553937));
#4181=CARTESIAN_POINT('Ctrl Pts',(15.7142562678983,12.4634002565493,8.40725695684129));
#4182=CARTESIAN_POINT('Ctrl Pts',(15.6975470218444,12.4755916397971,8.40427754011571));
#4183=CARTESIAN_POINT('Ctrl Pts',(15.6808067741743,12.4877064738097,8.4012111946917));
#4184=CARTESIAN_POINT('Ctrl Pts',(15.6640372767242,12.4997438366743,8.39805586868875));
#4185=CARTESIAN_POINT('Ctrl Pts',(15.6546020918446,12.5065165348085,8.39628055703841));
#4186=CARTESIAN_POINT('Ctrl Pts',(15.6451574633163,12.5132648409159,8.39447694476692));
#4187=CARTESIAN_POINT('Ctrl Pts',(15.6357036140448,12.5199886504381,8.39264464856066));
#4188=CARTESIAN_POINT('Ctrl Pts',(15.5307253622535,12.5946517584211,8.37229830634897));
#4189=CARTESIAN_POINT('Ctrl Pts',(15.424610746018,12.6662962163391,8.34841824218597));
#4190=CARTESIAN_POINT('Ctrl Pts',(15.317432960979,12.7350032586249,8.32021762166996));
#4191=CARTESIAN_POINT('Ctrl Pts',(15.2210347941398,12.7967999539278,8.29485333446731));
#4192=CARTESIAN_POINT('Ctrl Pts',(15.1237763481807,12.8562200852712,8.26599398799402));
#4193=CARTESIAN_POINT('Ctrl Pts',(15.0257070994393,12.9133069405357,8.23303474927743));
#4194=CARTESIAN_POINT('Ctrl Pts',(15.0116856630364,12.9214689252638,8.22832240697356));
#4195=CARTESIAN_POINT('Ctrl Pts',(14.997650967165,12.9295812563629,8.2235277658716));
#4196=CARTESIAN_POINT('Ctrl Pts',(14.9836033828617,12.9376439861476,8.21864904855971));
#4197=CARTESIAN_POINT('Ctrl Pts',(14.8889865865749,12.9919500963713,8.18578869391976));
#4198=CARTESIAN_POINT('Ctrl Pts',(14.793783769134,13.0440066503483,8.14911380568704));
#4199=CARTESIAN_POINT('Ctrl Pts',(14.6995143646271,13.0931960465229,8.10860075137829));
#4200=CARTESIAN_POINT('Ctrl Pts',(14.6838094741934,13.1013907951951,8.10185144514919));
#4201=CARTESIAN_POINT('Ctrl Pts',(14.6681236729804,13.1095095261204,8.09499327698384));
#4202=CARTESIAN_POINT('Ctrl Pts',(14.652464194159,13.117549108393,8.08802596036433));
#4203=CARTESIAN_POINT('Ctrl Pts',(14.5601713165907,13.1649323061896,8.0469624162274));
#4204=CARTESIAN_POINT('Ctrl Pts',(14.4687930436668,13.2095649517093,8.00210859386193));
#4205=CARTESIAN_POINT('Ctrl Pts',(14.3781612970529,13.2517695019482,7.95272783966564));
#4206=CARTESIAN_POINT('Ctrl Pts',(14.3616070772884,13.2594783173006,7.94370826443248));
#4207=CARTESIAN_POINT('Ctrl Pts',(14.3450866612679,13.2671020252168,7.93454087799765));
#4208=CARTESIAN_POINT('Ctrl Pts',(14.3285968130596,13.2746438534881,7.92522137120176));
#4209=CARTESIAN_POINT('Ctrl Pts',(14.2603690689206,13.3058486240315,7.88666134826285));
#4210=CARTESIAN_POINT('Ctrl Pts',(14.1926638226975,13.3356533413965,7.84550061749968));
#4211=CARTESIAN_POINT('Ctrl Pts',(14.1259810442708,13.3639668577311,7.801798457016));
#4212=CARTESIAN_POINT('Ctrl Pts',(14.1055742803921,13.3726315723103,7.78842439416167));
#4213=CARTESIAN_POINT('Ctrl Pts',(14.0852633633189,13.3811564756532,7.77481200428951));
#4214=CARTESIAN_POINT('Ctrl Pts',(14.0650629640068,13.3895385126888,7.76096215941361));
#4215=CARTESIAN_POINT('Ctrl Pts',(14.0484627344691,13.3964266804242,7.74958067133265));
#4216=CARTESIAN_POINT('Ctrl Pts',(14.0319325528727,13.4032202598627,7.73803810653532));
#4217=CARTESIAN_POINT('Ctrl Pts',(14.0154843396375,13.4099158716062,7.72633567314169));
#4218=CARTESIAN_POINT('Ctrl Pts',(13.981319170705,13.4238235649863,7.70202813237115));
#4219=CARTESIAN_POINT('Ctrl Pts',(13.9475076678937,13.4373084886252,7.67703071674142));
#4220=CARTESIAN_POINT('Ctrl Pts',(13.9141040502674,13.4503736111029,7.65134526621627));
#4221=CARTESIAN_POINT('Ctrl Pts',(13.8646188547444,13.4697287045414,7.61329401214098));
#4222=CARTESIAN_POINT('Ctrl Pts',(13.8160415295145,13.4881568141561,7.57373426471833));
#4223=CARTESIAN_POINT('Ctrl Pts',(13.7686151512508,13.5056499041031,7.53265789412113));
#4224=CARTESIAN_POINT('Ctrl Pts',(13.7533410303818,13.5112837218224,7.51942885424223));
#4225=CARTESIAN_POINT('Ctrl Pts',(13.7381836736258,13.5168216199701,7.50604442700866));
#4226=CARTESIAN_POINT('Ctrl Pts',(13.7231445899096,13.5222658515599,7.49250318573114));
#4227=CARTESIAN_POINT('Ctrl Pts',(13.6914870893064,13.5337260420936,7.46399866630696));
#4228=CARTESIAN_POINT('Ctrl Pts',(13.6603534563838,13.544771337803,7.4347996482466));
#4229=CARTESIAN_POINT('Ctrl Pts',(13.6297527014645,13.5554229042617,7.40486820879215));
#4230=CARTESIAN_POINT('Ctrl Pts',(13.5846148761433,13.5711345606399,7.36071766122349));
#4231=CARTESIAN_POINT('Ctrl Pts',(13.5406377005465,13.5859889031946,7.31497606664559));
#4232=CARTESIAN_POINT('Ctrl Pts',(13.4979163876788,13.600029015642,7.26748254593878));
#4233=CARTESIAN_POINT('Ctrl Pts',(13.4849304847468,13.6042967575525,7.25304604555056));
#4234=CARTESIAN_POINT('Ctrl Pts',(13.4720610051914,13.6084891347825,7.23845481996347));
#4235=CARTESIAN_POINT('Ctrl Pts',(13.4593141444653,13.6126062489253,7.22370974183749));
#4236=CARTESIAN_POINT('Ctrl Pts',(13.4301260987001,13.6220337086428,7.18994613333804));
#4237=CARTESIAN_POINT('Ctrl Pts',(13.4015813206618,13.6310663083267,7.15537530993251));
#4238=CARTESIAN_POINT('Ctrl Pts',(13.3738118765551,13.6396931297506,7.12013666054332));
#4239=CARTESIAN_POINT('Ctrl Pts',(13.3339150965071,13.6520874144737,7.06950876037822));
#4240=CARTESIAN_POINT('Ctrl Pts',(13.2956238871205,13.6636425128432,7.01746528721151));
#4241=CARTESIAN_POINT('Ctrl Pts',(13.2592833141626,13.6743453478454,6.96434379459884));
#4242=CARTESIAN_POINT('Ctrl Pts',(13.2495067459358,13.6772246914579,6.95005271841136));
#4243=CARTESIAN_POINT('Ctrl Pts',(13.239866679029,13.6800437511467,6.93567954201835));
#4244=CARTESIAN_POINT('Ctrl Pts',(13.2303680545022,13.6828027660129,6.92122836322265));
#4245=CARTESIAN_POINT('Ctrl Pts',(13.2045592531914,13.6902993110438,6.88196293050713));
#4246=CARTESIAN_POINT('Ctrl Pts',(13.1797941025231,13.6973527437772,6.84212208876763));
#4247=CARTESIAN_POINT('Ctrl Pts',(13.1560531350871,13.7039987552876,6.80159750521551));
#4248=CARTESIAN_POINT('Ctrl Pts',(13.1235745849614,13.7130907528465,6.74615832727254));
#4249=CARTESIAN_POINT('Ctrl Pts',(13.0930490355055,13.7214099539653,6.68945403061698));
#4250=CARTESIAN_POINT('Ctrl Pts',(13.064463010648,13.7290395906296,6.63131287660352));
#4251=CARTESIAN_POINT('Ctrl Pts',(13.0582204674967,13.7307057312121,6.6186161597777));
#4252=CARTESIAN_POINT('Ctrl Pts',(13.0520722141339,13.7323385142901,6.60585632687856));
#4253=CARTESIAN_POINT('Ctrl Pts',(13.0460184667664,13.7339387379742,6.59303171583092));
#4254=CARTESIAN_POINT('Ctrl Pts',(13.0078715918445,13.74402233232,6.51221915398244));
#4255=CARTESIAN_POINT('Ctrl Pts',(12.9734782390407,13.7528122108333,6.42883004313381));
#4256=CARTESIAN_POINT('Ctrl Pts',(12.9434902409067,13.7603259500554,6.34409754464931));
#4257=CARTESIAN_POINT('Ctrl Pts',(12.9346524117436,13.7625403407367,6.31912584287631));
#4258=CARTESIAN_POINT('Ctrl Pts',(12.9261971183921,13.7646439631574,6.29403779517873));
#4259=CARTESIAN_POINT('Ctrl Pts',(12.9181407564152,13.7666374417234,6.26886572813026));
#4260=CARTESIAN_POINT('Ctrl Pts',(12.9150830894421,13.7673940355297,6.25931206131652));
#4261=CARTESIAN_POINT('Ctrl Pts',(12.9120818514423,13.7681350199103,6.2497443645443));
#4262=CARTESIAN_POINT('Ctrl Pts',(12.9091379216154,13.7688604309931,6.24016437749368));
#4263=CARTESIAN_POINT('Ctrl Pts',(12.8771970625134,13.7767309491605,6.13622405466978));
#4264=CARTESIAN_POINT('Ctrl Pts',(12.8520063547311,13.7827668126323,6.03083631668569));
#4265=CARTESIAN_POINT('Ctrl Pts',(12.8337425336848,13.7870719998844,5.92408258138449));
#4266=CARTESIAN_POINT('Ctrl Pts',(12.8155436807787,13.7913618727065,5.81770859091457));
#4267=CARTESIAN_POINT('Ctrl Pts',(12.804222590813,13.7939335231684,5.7099783053847));
#4268=CARTESIAN_POINT('Ctrl Pts',(12.7999054465479,13.7949053850793,5.60098063879741));
#4269=CARTESIAN_POINT('Ctrl Pts',(12.7985769585032,13.7952044501211,5.56743946248554));
#4270=CARTESIAN_POINT('Ctrl Pts',(12.79791134897,13.7953521268282,5.53377833269177));
#4271=CARTESIAN_POINT('Ctrl Pts',(12.7979113480814,13.7953521270331,5.5));
#4272=CARTESIAN_POINT('',(16.4710585458011,11.1300602714214,8.));
#4273=CARTESIAN_POINT('Origin',(16.4710585458011,11.1300602714214,8.5));
#4274=CARTESIAN_POINT('Ctrl Pts',(13.1644550314369,13.4518165618767,5.5));
#4275=CARTESIAN_POINT('Ctrl Pts',(13.1644550314369,13.4518165618767,5.5832016079393));
#4276=CARTESIAN_POINT('Ctrl Pts',(13.1691293954168,13.4503827252887,5.66561566406171));
#4277=CARTESIAN_POINT('Ctrl Pts',(13.1784317568415,13.4474190200621,5.74713534754656));
#4278=CARTESIAN_POINT('Ctrl Pts',(13.1876939791422,13.4444681030434,5.82830327855379));
#4279=CARTESIAN_POINT('Ctrl Pts',(13.201544317875,13.4400003571079,5.90858453398823));
#4280=CARTESIAN_POINT('Ctrl Pts',(13.2198886772911,13.4339382153253,5.98787972466631));
#4281=CARTESIAN_POINT('Ctrl Pts',(13.2299000977648,13.4306298059675,6.03115501585594));
#4282=CARTESIAN_POINT('Ctrl Pts',(13.2412491860163,13.4268468309518,6.07413672140046));
#4283=CARTESIAN_POINT('Ctrl Pts',(13.2539145909146,13.4225790724083,6.11680946125519));
#4284=CARTESIAN_POINT('Ctrl Pts',(13.2581738157054,13.4211438760497,6.13115979532985));
#4285=CARTESIAN_POINT('Ctrl Pts',(13.2625818645516,13.4196538706684,6.14547518812579));
#4286=CARTESIAN_POINT('Ctrl Pts',(13.2671344923565,13.4181090954458,6.15974695647448));
#4287=CARTESIAN_POINT('Ctrl Pts',(13.2927731999367,13.4094094955867,6.24012025098169));
#4288=CARTESIAN_POINT('Ctrl Pts',(13.3230985114242,13.3989609217856,6.31943824517855));
#4289=CARTESIAN_POINT('Ctrl Pts',(13.3574429393432,13.3867476488397,6.39615211954038));
#4290=CARTESIAN_POINT('Ctrl Pts',(13.3596450135053,13.3859645659812,6.4010708108928));
#4291=CARTESIAN_POINT('Ctrl Pts',(13.3618635960998,13.3851742346894,6.40597880531751));
#4292=CARTESIAN_POINT('Ctrl Pts',(13.3640985055784,13.3843766534249,6.41087569877516));
#4293=CARTESIAN_POINT('Ctrl Pts',(13.3731019176952,13.3811635690074,6.43060300778375));
#4294=CARTESIAN_POINT('Ctrl Pts',(13.3823703154043,13.377832816002,6.45015015177109));
#4295=CARTESIAN_POINT('Ctrl Pts',(13.391903987082,13.3743793137568,6.46952470493538));
#4296=CARTESIAN_POINT('Ctrl Pts',(13.4163088058746,13.3655388481582,6.51912075514004));
#4297=CARTESIAN_POINT('Ctrl Pts',(13.4423823331235,13.355922709086,6.56744580823909));
#4298=CARTESIAN_POINT('Ctrl Pts',(13.4700891710207,13.3454721940415,6.61464160102438));
#4299=CARTESIAN_POINT('Ctrl Pts',(13.4838985498549,13.3402635476489,6.63816447954167));
#4300=CARTESIAN_POINT('Ctrl Pts',(13.4981061893388,13.3348449033032,6.66139183729575));
#4301=CARTESIAN_POINT('Ctrl Pts',(13.5127246684892,13.3292003468649,6.68436895192313));
#4302=CARTESIAN_POINT('Ctrl Pts',(13.5274363885452,13.3235197878062,6.70749262126063));
#4303=CARTESIAN_POINT('Ctrl Pts',(13.5425641662209,13.3176104554644,6.73036276441831));
#4304=CARTESIAN_POINT('Ctrl Pts',(13.5580892333904,13.3114668387724,6.75296848470693));
#4305=CARTESIAN_POINT('Ctrl Pts',(13.5890409719392,13.2992185428057,6.79803665326553));
#4306=CARTESIAN_POINT('Ctrl Pts',(13.6216062063558,13.286057554989,6.84211598036122));
#4307=CARTESIAN_POINT('Ctrl Pts',(13.6555006058866,13.2720140741374,6.88488696297919));
#4308=CARTESIAN_POINT('Ctrl Pts',(13.6692977910104,13.2662974806064,6.90229748428298));
#4309=CARTESIAN_POINT('Ctrl Pts',(13.6833205076083,13.2604303523326,6.91949693530569));
#4310=CARTESIAN_POINT('Ctrl Pts',(13.6975389410868,13.2544193418406,6.93645166429934));
#4311=CARTESIAN_POINT('Ctrl Pts',(13.7182497530085,13.2456636017693,6.96114821078601));
#4312=CARTESIAN_POINT('Ctrl Pts',(13.7393760614226,13.236602355091,6.9853252417857));
#4313=CARTESIAN_POINT('Ctrl Pts',(13.7608541647143,13.2272491944221,7.00895471352644));
#4314=CARTESIAN_POINT('Ctrl Pts',(13.7970774640926,13.2114748807205,7.04880634369097));
#4315=CARTESIAN_POINT('Ctrl Pts',(13.8342754869446,13.1948991633494,7.08708416622874));
#4316=CARTESIAN_POINT('Ctrl Pts',(13.8723768573202,13.1774373049773,7.12391276847789));
#4317=CARTESIAN_POINT('Ctrl Pts',(13.8851413312578,13.1715873464614,7.13625084789438));
#4318=CARTESIAN_POINT('Ctrl Pts',(13.8980066973602,13.165637829022,7.14842547350175));
#4319=CARTESIAN_POINT('Ctrl Pts',(13.9109717179206,13.1595880508506,7.16044301114499));
#4320=CARTESIAN_POINT('Ctrl Pts',(13.936706690224,13.1475795181254,7.18429727323141));
#4321=CARTESIAN_POINT('Ctrl Pts',(13.9628339443326,13.1351761402661,7.20753283098196));
#4322=CARTESIAN_POINT('Ctrl Pts',(13.9893422737642,13.1223723841838,7.23017899888964));
#4323=CARTESIAN_POINT('Ctrl Pts',(14.0408790765323,13.0974796555189,7.27420708794458));
#4324=CARTESIAN_POINT('Ctrl Pts',(14.0938011070558,13.0710848085634,7.31595451854705));
#4325=CARTESIAN_POINT('Ctrl Pts',(14.1478614929751,13.0431485517457,7.35545377081218));
#4326=CARTESIAN_POINT('Ctrl Pts',(14.2105755679537,13.0107404126824,7.40127584599765));
#4327=CARTESIAN_POINT('Ctrl Pts',(14.2748191452058,12.9762595643203,7.44407214438157));
#4328=CARTESIAN_POINT('Ctrl Pts',(14.3397401476652,12.9400071816337,7.48378701846439));
#4329=CARTESIAN_POINT('Ctrl Pts',(14.3605738083177,12.9283735067037,7.49653183413509));
#4330=CARTESIAN_POINT('Ctrl Pts',(14.3814776055039,12.9165572312845,7.50895929363183));
#4331=CARTESIAN_POINT('Ctrl Pts',(14.4024243928157,12.9045678571206,7.52106747941919));
#4332=CARTESIAN_POINT('Ctrl Pts',(14.4340231713648,12.8864815714527,7.53933299554023));
#4333=CARTESIAN_POINT('Ctrl Pts',(14.4657198838784,12.8680013117552,7.55687208007591));
#4334=CARTESIAN_POINT('Ctrl Pts',(14.4975306058605,12.8491013878167,7.57373752255294));
#4335=CARTESIAN_POINT('Ctrl Pts',(14.5536582121106,12.8157539054938,7.60349531664246));
#4336=CARTESIAN_POINT('Ctrl Pts',(14.6098966658047,12.7812484978793,7.63103081318337));
#4337=CARTESIAN_POINT('Ctrl Pts',(14.6664125305561,12.7454051717823,7.65670230982271));
#4338=CARTESIAN_POINT('Ctrl Pts',(14.6981295192561,12.7252897161701,7.67110928337614));
#4339=CARTESIAN_POINT('Ctrl Pts',(14.7299335869693,12.7047528581832,7.68492814534971));
#4340=CARTESIAN_POINT('Ctrl Pts',(14.7617549501949,12.6838308810696,7.69817489643379));
#4341=CARTESIAN_POINT('Ctrl Pts',(14.8201412571428,12.645442928641,7.7224802308525));
#4342=CARTESIAN_POINT('Ctrl Pts',(14.8787924593028,12.605652719519,7.74494818816027));
#4343=CARTESIAN_POINT('Ctrl Pts',(14.93710663772,12.5647923781278,7.76556117675566));
#4344=CARTESIAN_POINT('Ctrl Pts',(14.9672063114749,12.5437017449616,7.77620085733893));
#4345=CARTESIAN_POINT('Ctrl Pts',(14.997216439616,12.5223260694421,7.78634665968637));
#4346=CARTESIAN_POINT('Ctrl Pts',(15.0271219161326,12.5006741797635,7.79602313251372));
#4347=CARTESIAN_POINT('Ctrl Pts',(15.1044818059739,12.4446647796301,7.8210543628826));
#4348=CARTESIAN_POINT('Ctrl Pts',(15.1809462425789,12.3869565132372,7.84288765611148));
#4349=CARTESIAN_POINT('Ctrl Pts',(15.2565135391721,12.3275458219646,7.86205325243476));
#4350=CARTESIAN_POINT('Ctrl Pts',(15.3295004737893,12.2701638004425,7.8805644098906));
#4351=CARTESIAN_POINT('Ctrl Pts',(15.4016505778191,12.2111935103181,7.896586066286));
#4352=CARTESIAN_POINT('Ctrl Pts',(15.4729613372897,12.1506163516589,7.91055255671484));
#4353=CARTESIAN_POINT('Ctrl Pts',(15.4954932957778,12.1314758736389,7.91496552868294));
#4354=CARTESIAN_POINT('Ctrl Pts',(15.5179414399658,12.112174866312,7.91917303244999));
#4355=CARTESIAN_POINT('Ctrl Pts',(15.5403023089658,12.0927164376976,7.92318449862965));
#4356=CARTESIAN_POINT('Ctrl Pts',(15.6409330460834,12.0051475684102,7.9412373211108));
#4357=CARTESIAN_POINT('Ctrl Pts',(15.739973449758,11.9142793009647,7.95535810703513));
#4358=CARTESIAN_POINT('Ctrl Pts',(15.8369455229614,11.8205305523454,7.96630351453564));
#4359=CARTESIAN_POINT('Ctrl Pts',(15.8881860992083,11.7709931985178,7.97208712799316));
#4360=CARTESIAN_POINT('Ctrl Pts',(15.9388496259671,11.7206512050561,7.97698346160097));
#4361=CARTESIAN_POINT('Ctrl Pts',(15.9888685430243,11.6695639322685,7.98109974627075));
#4362=CARTESIAN_POINT('Ctrl Pts',(16.0902642355078,11.5660025257816,7.98944405996458));
#4363=CARTESIAN_POINT('Ctrl Pts',(16.1890105268182,11.4593797514951,7.99458580380319));
#4364=CARTESIAN_POINT('Ctrl Pts',(16.2848825345197,11.3500780996893,7.99736322371606));
#4365=CARTESIAN_POINT('Ctrl Pts',(16.3482157573167,11.2778732295519,7.99919799236605));
#4366=CARTESIAN_POINT('Ctrl Pts',(16.41029495227,11.2044988623872,8.));
#4367=CARTESIAN_POINT('Ctrl Pts',(16.4710585458011,11.1300602714214,8.));
#4368=CARTESIAN_POINT('Origin',(11.,6.,8.5));
#4369=CARTESIAN_POINT('',(18.6159584865466,8.44891329597397,8.5));
#4370=CARTESIAN_POINT('Origin',(11.,6.,8.5));
#4371=CARTESIAN_POINT('',(18.1195579707032,8.35836687175592,8.));
#4372=CARTESIAN_POINT('Ctrl Pts',(18.6159584865466,8.44891329597394,8.5));
#4373=CARTESIAN_POINT('Ctrl Pts',(18.6159584865466,8.44891329597394,8.4354303486986));
#4374=CARTESIAN_POINT('Ctrl Pts',(18.6035400951048,8.44667763493369,8.37150960408352));
#4375=CARTESIAN_POINT('Ctrl Pts',(18.5552168302626,8.43795543451401,8.25174359837241));
#4376=CARTESIAN_POINT('Ctrl Pts',(18.519688561359,8.43153594360022,8.1971294917934));
#4377=CARTESIAN_POINT('Ctrl Pts',(18.4297228060606,8.41521431237666,8.10422324464393));
#4378=CARTESIAN_POINT('Ctrl Pts',(18.3759871380342,8.40543767303527,8.06698466672111));
#4379=CARTESIAN_POINT('Ctrl Pts',(18.2554733397163,8.38340119099157,8.01442330495923));
#4380=CARTESIAN_POINT('Ctrl Pts',(18.1894809849048,8.37128012092091,8.00044659856255));
#4381=CARTESIAN_POINT('Ctrl Pts',(18.1217054288698,8.35876350844795,8.00000350975057));
#4382=CARTESIAN_POINT('Ctrl Pts',(18.1206316996135,8.35856519836257,8.));
#4383=CARTESIAN_POINT('Ctrl Pts',(18.1195579707032,8.35836687175595,8.));
#4384=CARTESIAN_POINT('Origin',(11.,6.,8.));
#4385=CARTESIAN_POINT('Origin',(19.,-6.,8.));
#4386=CARTESIAN_POINT('',(18.2654492930251,5.14875778067491,8.));
#4387=CARTESIAN_POINT('',(16.4710585458011,11.1300602714214,8.));
#4388=CARTESIAN_POINT('',(18.1195579707032,8.35836687175592,8.));
#4389=CARTESIAN_POINT('Origin',(17.5931400556445,8.92820323027551,-7.));
#4390=CARTESIAN_POINT('',(18.5921085958548,8.97361089119415,-7.));
#4391=CARTESIAN_POINT('Origin',(17.5931400556445,8.92820323027551,-7.));
#4392=CARTESIAN_POINT('Origin',(17.5931400556445,8.92820323027551,-7.));
#4393=CARTESIAN_POINT('Ctrl Pts',(18.7013595246011,0.037692311835329,7.76828808035456));
#4394=CARTESIAN_POINT('Ctrl Pts',(19.,0.0203492844469276,7.89853266775879));
#4395=CARTESIAN_POINT('Ctrl Pts',(19.,-0.0227155455449976,8.22194569642547));
#4396=CARTESIAN_POINT('Ctrl Pts',(18.7010126328902,0.0451504904488902,7.76912722120998));
#4397=CARTESIAN_POINT('Ctrl Pts',(18.9993489334522,0.033188489262662,7.89968086589724));
#4398=CARTESIAN_POINT('Ctrl Pts',(19.,-0.00759105266862368,8.22295266396066));
#4399=CARTESIAN_POINT('Ctrl Pts',(18.7005202200723,0.0526221931581116,7.76990095254403));
#4400=CARTESIAN_POINT('Ctrl Pts',(18.9984576641343,0.046039206720904,7.90073844414999));
#4401=CARTESIAN_POINT('Ctrl Pts',(18.9996570493878,0.00754491346751016,
8.22388114433937));
#4402=CARTESIAN_POINT('Ctrl Pts',(18.6998811923755,0.0601073615954365,7.77060988593141));
#4403=CARTESIAN_POINT('Ctrl Pts',(18.9973226480161,0.0589017436468168,7.90170653973564));
#4404=CARTESIAN_POINT('Ctrl Pts',(18.9989685402103,0.0226921153736526,8.22473186311769));
#4405=CARTESIAN_POINT('',(19.,-0.0227155455449976,8.22194569642547));
#4406=CARTESIAN_POINT('',(18.7013595246011,0.037692311835329,7.76828808035456));
#4407=CARTESIAN_POINT('Origin',(18.5,-0.0227155455449976,8.22194569642547));
#4408=CARTESIAN_POINT('',(18.6998811923755,0.0601073615954368,7.77060988593141));
#4409=CARTESIAN_POINT('Ctrl Pts',(18.6998811923755,0.0601073615954373,7.77060988593141));
#4410=CARTESIAN_POINT('Ctrl Pts',(18.7005188428893,0.0526383415737345,7.76990248262766));
#4411=CARTESIAN_POINT('Ctrl Pts',(18.7010118821311,0.0451666249401823,7.7691290364061));
#4412=CARTESIAN_POINT('Ctrl Pts',(18.7013595246011,0.037692311835329,7.76828808035456));
#4413=CARTESIAN_POINT('',(18.9989685402103,0.0226921153736528,8.22473186311769));
#4414=CARTESIAN_POINT('Origin',(18.4994842701051,-1.17150856723847E-5,8.22473186311769));
#4415=CARTESIAN_POINT('Origin',(17.9397248681198,-0.0174473919147991,7.97931857949091));
#4416=CARTESIAN_POINT('Origin',(21.3945657130529,-5.28163028608413,5.5));
#4417=CARTESIAN_POINT('',(18.6998811923755,0.0601073615954365,3.22939011406859));
#4418=CARTESIAN_POINT('',(18.7013595246011,0.0376923118349509,3.23171191964548));
#4419=CARTESIAN_POINT('Ctrl Pts',(18.6998811923755,0.0601073615954365,3.22939011406859));
#4420=CARTESIAN_POINT('Ctrl Pts',(18.7005188428893,0.0526383415736076,3.23009751737235));
#4421=CARTESIAN_POINT('Ctrl Pts',(18.7010118821311,0.0451666249403086,3.23087096359388));
#4422=CARTESIAN_POINT('Ctrl Pts',(18.7013595246011,0.0376923118353289,3.23171191964544));
#4423=CARTESIAN_POINT('Origin',(18.2654492930251,5.14875778067492,5.5));
#4424=CARTESIAN_POINT('Origin',(18.2654492930251,5.14875778067492,5.5));
#4425=CARTESIAN_POINT('',(18.9789131426106,-5.92971047536861,5.5));
#4426=CARTESIAN_POINT('Origin',(18.5,4.36692209075866,5.5));
#4427=CARTESIAN_POINT('Origin',(18.5,4.36692209075866,5.5));
#4428=CARTESIAN_POINT('Ctrl Pts',(19.,-0.0227155455449976,2.77805430357453));
#4429=CARTESIAN_POINT('Ctrl Pts',(19.,0.0203492844469276,3.10146733224121));
#4430=CARTESIAN_POINT('Ctrl Pts',(18.7013595246011,0.037692311835329,3.23171191964544));
#4431=CARTESIAN_POINT('Ctrl Pts',(19.,-0.0075367675070204,2.77704372398444));
#4432=CARTESIAN_POINT('Ctrl Pts',(18.999346590973,0.0332345536606172,3.10031501712249));
#4433=CARTESIAN_POINT('Ctrl Pts',(18.7010113838029,0.0451772597155622,3.23086976868205));
#4434=CARTESIAN_POINT('Ctrl Pts',(18.9996545918785,0.00759897867343199,
2.77611581701184));
#4435=CARTESIAN_POINT('Ctrl Pts',(18.9984536181362,0.0460851327130389,3.09925809677828));
#4436=CARTESIAN_POINT('Ctrl Pts',(18.7005179431598,0.0526489101180892,3.23009651528879));
#4437=CARTESIAN_POINT('Ctrl Pts',(18.9989685402103,0.0226921153736395,2.77526813688218));
#4438=CARTESIAN_POINT('Ctrl Pts',(18.9973226480161,0.0589017436468044,3.09829346026424));
#4439=CARTESIAN_POINT('Ctrl Pts',(18.6998811923755,0.0601073615954274,3.22939011406846));
#4440=CARTESIAN_POINT('',(19.,-0.0227155455449976,2.77805430357453));
#4441=CARTESIAN_POINT('Origin',(18.5,-0.0227155455449976,2.77805430357453));
#4442=CARTESIAN_POINT('',(18.9989685402103,0.0226921153736528,2.77526813688231));
#4443=CARTESIAN_POINT('Ctrl Pts',(19.,-0.0227155455449976,2.77805430357453));
#4444=CARTESIAN_POINT('Ctrl Pts',(19.,-0.00757670824777058,2.77704637965575));
#4445=CARTESIAN_POINT('Ctrl Pts',(18.999656399636,0.00755920800713798,2.77611805336431));
#4446=CARTESIAN_POINT('Ctrl Pts',(18.9989685402103,0.0226921153736947,2.77526813688231));
#4447=CARTESIAN_POINT('Origin',(18.4994842701051,-1.17150856724898E-5,2.77526813688231));
#4448=CARTESIAN_POINT('Origin',(18.,-0.0227155455449907,-1.));
#4449=CARTESIAN_POINT('',(18.9989685402103,0.0226921153736595,-1.));
#4450=CARTESIAN_POINT('',(19.,-0.0227155455449907,-1.));
#4451=CARTESIAN_POINT('Origin',(18.,-0.0227155455449976,-1.));
#4452=CARTESIAN_POINT('',(18.,-0.0227155455449907,-2.));
#4453=CARTESIAN_POINT('Origin',(18.,-0.0227155455449907,-1.));
#4454=CARTESIAN_POINT('Origin',(18.,-0.0227155455449907,-1.));
#4455=CARTESIAN_POINT('Origin',(-1.82602471155453E-14,1.99999999999999,
-8.));
#4456=CARTESIAN_POINT('',(-17.9080583842934,1.99999999999999,-2.));
#4457=CARTESIAN_POINT('',(-3.24288808945054,1.99999999999999,-2.));
#4458=CARTESIAN_POINT('',(-17.9080583842934,1.99999999999999,-2.));
#4459=CARTESIAN_POINT('Origin',(-17.9080583842934,1.99999999999999,-8.));
#4460=CARTESIAN_POINT('',(17.9080583842934,2.,-2.));
#4461=CARTESIAN_POINT('Origin',(17.9080583842934,2.,-8.));
#4462=CARTESIAN_POINT('',(3.24288808945054,2.,-2.));
#4463=CARTESIAN_POINT('',(3.24288808945054,2.,-2.));
#4464=CARTESIAN_POINT('Ctrl Pts',(-3.24288808945053,1.99999999999995,-2.));
#4465=CARTESIAN_POINT('Ctrl Pts',(-2.15625612878161,2.22490707969034,-2.));
#4466=CARTESIAN_POINT('Ctrl Pts',(-1.03263848817542,2.31989384024635,-2.00853374114713));
#4467=CARTESIAN_POINT('Ctrl Pts',(1.03263848817542,2.31989384024635,-2.00853374114713));
#4468=CARTESIAN_POINT('Ctrl Pts',(2.15625612878161,2.22490707969034,-2.));
#4469=CARTESIAN_POINT('Ctrl Pts',(3.24288808945053,1.99999999999995,-2.));
#4470=CARTESIAN_POINT('Origin',(-17.5931400556445,8.9282032302755,-7.));
#4471=CARTESIAN_POINT('',(-18.5921085958548,8.97361089119415,-7.));
#4472=CARTESIAN_POINT('Origin',(-17.5931400556445,8.9282032302755,-7.));
#4473=CARTESIAN_POINT('Origin',(-17.5931400556445,8.9282032302755,-7.));
#4474=CARTESIAN_POINT('Ctrl Pts',(-18.6998811923755,0.0601073615952798,
7.77060988593138));
#4475=CARTESIAN_POINT('Ctrl Pts',(-18.9973226480161,0.0589017436466586,
7.90170653973562));
#4476=CARTESIAN_POINT('Ctrl Pts',(-18.9989685402103,0.0226921153734932,
8.22473186311766));
#4477=CARTESIAN_POINT('Ctrl Pts',(-18.7005202200723,0.0526221931579558,
7.76990095254401));
#4478=CARTESIAN_POINT('Ctrl Pts',(-18.9984576641343,0.0460392067207444,
7.90073844414999));
#4479=CARTESIAN_POINT('Ctrl Pts',(-18.9996570493878,0.00754491346734998,
8.22388114433933));
#4480=CARTESIAN_POINT('Ctrl Pts',(-18.7010126328902,0.0451504904487319,
7.76912722120995));
#4481=CARTESIAN_POINT('Ctrl Pts',(-18.9993489334521,0.0331884892625005,
7.89968086589723));
#4482=CARTESIAN_POINT('Ctrl Pts',(-19.,-0.00759105266878497,8.22295266396062));
#4483=CARTESIAN_POINT('Ctrl Pts',(-18.7013595246011,0.0376923118351723,
7.76828808035453));
#4484=CARTESIAN_POINT('Ctrl Pts',(-19.,0.0203492844467692,7.89853266775877));
#4485=CARTESIAN_POINT('Ctrl Pts',(-19.,-0.0227155455451578,8.22194569642544));
#4486=CARTESIAN_POINT('',(-18.9989685402103,0.0226921153734932,8.22473186311766));
#4487=CARTESIAN_POINT('',(-18.6998811923755,0.0601073615952798,7.77060988593139));
#4488=CARTESIAN_POINT('Origin',(-18.4994842701051,-1.17150858320233E-5,
8.22473186311766));
#4489=CARTESIAN_POINT('',(-18.7013595246011,0.0376923118351726,7.76828808035453));
#4490=CARTESIAN_POINT('Ctrl Pts',(-18.7013595246011,0.0376923118351724,
7.76828808035453));
#4491=CARTESIAN_POINT('Ctrl Pts',(-18.7010118821311,0.0451666249400257,
7.76912903640608));
#4492=CARTESIAN_POINT('Ctrl Pts',(-18.7005188428893,0.0526383415735767,
7.76990248262764));
#4493=CARTESIAN_POINT('Ctrl Pts',(-18.6998811923755,0.0601073615952796,
7.77060988593139));
#4494=CARTESIAN_POINT('',(-19.,-0.0227155455451572,8.22194569642544));
#4495=CARTESIAN_POINT('Origin',(-18.5,-0.0227155455451572,8.22194569642544));
#4496=CARTESIAN_POINT('Origin',(-17.9397247709302,-0.0174473919486659,7.97931855720254));
#4497=CARTESIAN_POINT('Origin',(-19.,-6.,8.));
#4498=CARTESIAN_POINT('',(-16.4710585458012,11.1300602714214,8.));
#4499=CARTESIAN_POINT('',(-18.2654492930251,5.148757780675,8.));
#4500=CARTESIAN_POINT('',(-16.4710585458012,11.1300602714214,8.));
#4501=CARTESIAN_POINT('',(-18.1195579707032,8.35836687175594,8.));
#4502=CARTESIAN_POINT('',(-18.2654492930251,5.148757780675,8.));
#4503=CARTESIAN_POINT('Origin',(-11.,6.00000000000001,8.));
#4504=CARTESIAN_POINT('Origin',(-19.,45.,12.));
#4505=CARTESIAN_POINT('',(-16.4313019194194,45.,12.));
#4506=CARTESIAN_POINT('',(-16.4313019194194,45.,12.));
#4507=CARTESIAN_POINT('',(-16.4313019194194,45.,-0.999999999999999));
#4508=CARTESIAN_POINT('',(-16.4313019194194,45.,12.));
#4509=CARTESIAN_POINT('',(-16.4313019194194,45.,-0.999999999999999));
#4510=CARTESIAN_POINT('Origin',(-19.,45.,-0.999999999999999));
#4511=CARTESIAN_POINT('',(11.,14.,-1.));
#4512=CARTESIAN_POINT('',(18.0553366214382,9.77123655558659,-1.));
#4513=CARTESIAN_POINT('Origin',(11.,6.,-1.));
#4514=CARTESIAN_POINT('',(16.4540057498787,45.0005157298949,-0.999999999999999));
#4515=CARTESIAN_POINT('',(18.0553366214382,9.77123655558657,-1.));
#4516=CARTESIAN_POINT('Origin',(16.4313019194194,45.5,-0.999999999999999));
#4517=CARTESIAN_POINT('',(-5.3,53.,-1.));
#4518=CARTESIAN_POINT('',(-5.3,53.,-0.999999999999999));
#4519=CARTESIAN_POINT('',(-11.5,53.,-0.999999999999999));
#4520=CARTESIAN_POINT('',(-16.4540057498788,45.0005157298949,-0.999999999999999));
#4521=CARTESIAN_POINT('Origin',(-16.4313019194194,45.5,-0.999999999999999));
#4522=CARTESIAN_POINT('',(-18.0553366214382,9.77123655558661,-1.));
#4523=CARTESIAN_POINT('',(-16.4540057498788,45.0005157298949,-0.999999999999999));
#4524=CARTESIAN_POINT('',(-11.,14.,-1.));
#4525=CARTESIAN_POINT('Origin',(-11.,6.00000000000001,-1.));
#4526=CARTESIAN_POINT('',(-11.,14.,-1.));
#4527=CARTESIAN_POINT('Origin',(-19.,14.,12.));
#4528=CARTESIAN_POINT('',(-11.,14.,12.));
#4529=CARTESIAN_POINT('',(11.,14.,12.));
#4530=CARTESIAN_POINT('',(-11.,14.,12.));
#4531=CARTESIAN_POINT('',(11.,14.,12.));
#4532=CARTESIAN_POINT('',(-11.,14.,12.));
#4533=CARTESIAN_POINT('Origin',(-19.,45.,12.));
#4534=CARTESIAN_POINT('',(16.4540057498787,45.0005157298949,12.));
#4535=CARTESIAN_POINT('Origin',(16.4313019194194,45.5,12.));
#4536=CARTESIAN_POINT('',(18.0553366214382,9.77123655558659,12.));
#4537=CARTESIAN_POINT('',(16.4540057498787,45.0005157298949,12.));
#4538=CARTESIAN_POINT('Origin',(11.,6.,12.));
#4539=CARTESIAN_POINT('',(-18.0553366214382,9.77123655558661,12.));
#4540=CARTESIAN_POINT('Origin',(-11.,6.00000000000001,12.));
#4541=CARTESIAN_POINT('',(-16.4540057498788,45.0005157298949,12.));
#4542=CARTESIAN_POINT('',(-18.0553366214382,9.7712365555866,12.));
#4543=CARTESIAN_POINT('Origin',(-16.4313019194194,45.5,12.));
#4544=CARTESIAN_POINT('',(-5.3,53.,12.));
#4545=CARTESIAN_POINT('',(-5.3,53.,12.));
#4546=CARTESIAN_POINT('',(11.5,53.,12.));
#4547=CARTESIAN_POINT('Origin',(-11.,6.00000000000001,8.5));
#4548=CARTESIAN_POINT('',(-18.6159584865466,8.448913295974,8.5));
#4549=CARTESIAN_POINT('Ctrl Pts',(-18.6159584865466,8.448913295974,8.5));
#4550=CARTESIAN_POINT('Ctrl Pts',(-18.6159584865466,8.448913295974,8.43543034869862));
#4551=CARTESIAN_POINT('Ctrl Pts',(-18.6035400951049,8.4466776349337,8.37150960408355));
#4552=CARTESIAN_POINT('Ctrl Pts',(-18.5552168302626,8.43795543451402,8.25174359837241));
#4553=CARTESIAN_POINT('Ctrl Pts',(-18.519688561359,8.43153594360022,8.1971294917934));
#4554=CARTESIAN_POINT('Ctrl Pts',(-18.4297228060606,8.41521431237665,8.10422324464393));
#4555=CARTESIAN_POINT('Ctrl Pts',(-18.3759871380342,8.40543767303528,8.06698466672111));
#4556=CARTESIAN_POINT('Ctrl Pts',(-18.2554733397163,8.38340119099158,8.01442330495924));
#4557=CARTESIAN_POINT('Ctrl Pts',(-18.1894809849047,8.37128012092102,8.00044659856258));
#4558=CARTESIAN_POINT('Ctrl Pts',(-18.12170542887,8.35876350844799,8.00000350975057));
#4559=CARTESIAN_POINT('Ctrl Pts',(-18.1206316996135,8.35856519836255,8.));
#4560=CARTESIAN_POINT('Ctrl Pts',(-18.1195579707033,8.35836687175593,8.));
#4561=CARTESIAN_POINT('',(-16.8357957821879,11.4720642895161,8.5));
#4562=CARTESIAN_POINT('Origin',(-11.,6.00000000000001,8.5));
#4563=CARTESIAN_POINT('Origin',(-16.4710585458012,11.1300602714214,8.5));
#4564=CARTESIAN_POINT('Ctrl Pts',(-17.1184416307383,11.1540196050987,8.49529004021708));
#4565=CARTESIAN_POINT('Ctrl Pts',(-17.1106136857909,11.1632604833214,7.9687777311714));
#4566=CARTESIAN_POINT('Ctrl Pts',(-16.7089829493022,10.823658409201,7.99608969118747));
#4567=CARTESIAN_POINT('Ctrl Pts',(-16.8523605509576,11.4700480576243,8.50388789278374));
#4568=CARTESIAN_POINT('Ctrl Pts',(-16.8575902155128,11.4629855774566,8.00159861646708));
#4569=CARTESIAN_POINT('Ctrl Pts',(-16.4840936588392,11.1272980819135,8.00324073522503));
#4570=CARTESIAN_POINT('Ctrl Pts',(-16.3776246793501,11.9511862947779,8.50111765953248));
#4571=CARTESIAN_POINT('Ctrl Pts',(-16.4073559695646,11.9224146582334,8.04225654211151));
#4572=CARTESIAN_POINT('Ctrl Pts',(-16.0864117253161,11.592568967992,8.00090745805675));
#4573=CARTESIAN_POINT('Ctrl Pts',(-15.6511145162628,12.5250652003195,8.40947245721386));
#4574=CARTESIAN_POINT('Ctrl Pts',(-15.7126768922813,12.4794347302499,8.01063146892651));
#4575=CARTESIAN_POINT('Ctrl Pts',(-15.4848196757673,12.1544122655955,7.92450787494951));
#4576=CARTESIAN_POINT('Ctrl Pts',(-15.0962649157438,12.8800026333044,8.26760547627307));
#4577=CARTESIAN_POINT('Ctrl Pts',(-15.1886283677121,12.8240424158874,7.91264900484604));
#4578=CARTESIAN_POINT('Ctrl Pts',(-15.0289593863852,12.5064459513966,7.80627086194037));
#4579=CARTESIAN_POINT('Ctrl Pts',(-14.656478134233,13.1186473694131,8.09561476862283));
#4580=CARTESIAN_POINT('Ctrl Pts',(-14.7776056734728,13.0559854028841,7.77605939884312));
#4581=CARTESIAN_POINT('Ctrl Pts',(-14.6694702418544,12.7460098905297,7.66293946275289));
#4582=CARTESIAN_POINT('Ctrl Pts',(-14.3307790878379,13.2765457012432,7.9336391931914));
#4583=CARTESIAN_POINT('Ctrl Pts',(-14.4765311364196,13.2093947009568,7.64237836606746));
#4584=CARTESIAN_POINT('Ctrl Pts',(-14.4040478354488,12.9060105245146,7.52795795050388));
#4585=CARTESIAN_POINT('Ctrl Pts',(-14.0139091679383,13.4129952945414,7.73392464668756));
#4586=CARTESIAN_POINT('Ctrl Pts',(-14.1850286688411,13.3430370223068,7.47267290399776));
#4587=CARTESIAN_POINT('Ctrl Pts',(-14.1465591038032,13.0458002607618,7.36153046741396));
#4588=CARTESIAN_POINT('Ctrl Pts',(-13.7231858176182,13.524170797051,7.50233779385267));
#4589=CARTESIAN_POINT('Ctrl Pts',(-13.9188848143238,13.4530231596825,7.27221551517887));
#4590=CARTESIAN_POINT('Ctrl Pts',(-13.9109197919117,13.1610972240675,7.16854575840055));
#4591=CARTESIAN_POINT('Ctrl Pts',(-13.4585820952204,13.6143627664516,7.2355140538129));
#4592=CARTESIAN_POINT('Ctrl Pts',(-13.6778199554237,13.5433090810139,7.03863508426028));
#4593=CARTESIAN_POINT('Ctrl Pts',(-13.696923825498,13.2558695034197,6.94619972499669));
#4594=CARTESIAN_POINT('Ctrl Pts',(-13.2254210803119,13.6852679430236,6.92947641583477));
#4595=CARTESIAN_POINT('Ctrl Pts',(-13.4663353745221,13.6153200282117,6.76873634960479));
#4596=CARTESIAN_POINT('Ctrl Pts',(-13.5087251780693,13.3314568507999,6.69117809898905));
#4597=CARTESIAN_POINT('Ctrl Pts',(-13.0406339063899,13.7359515388637,6.60237173633771));
#4598=CARTESIAN_POINT('Ctrl Pts',(-13.2994015358156,13.6675821152478,6.47905901542496));
#4599=CARTESIAN_POINT('Ctrl Pts',(-13.3598088127697,13.3862667072205,6.41860227118659));
#4600=CARTESIAN_POINT('Ctrl Pts',(-12.9020387705206,13.7708829186383,6.24910145216044));
#4601=CARTESIAN_POINT('Ctrl Pts',(-13.1746163184625,13.7041117440439,6.16556469350407));
#4602=CARTESIAN_POINT('Ctrl Pts',(-13.2482501018179,13.4245252902974,6.1242232345852));
#4603=CARTESIAN_POINT('Ctrl Pts',(-12.7870572839002,13.7980629274333,5.74724360637693));
#4604=CARTESIAN_POINT('Ctrl Pts',(-13.0713689209572,13.7328662832263,5.71987960562988));
#4605=CARTESIAN_POINT('Ctrl Pts',(-13.1557758850512,13.4546013037387,5.70602695421549));
#4606=CARTESIAN_POINT('Ctrl Pts',(-12.7883265017701,13.7974248021713,5.36190339398566));
#4607=CARTESIAN_POINT('Ctrl Pts',(-13.0725144352323,13.7322723691689,5.37718554084089));
#4608=CARTESIAN_POINT('Ctrl Pts',(-13.1568111933786,13.4539566874344,5.38492473754637));
#4609=CARTESIAN_POINT('Ctrl Pts',(-12.8296896879274,13.7882088138413,5.09283192599575));
#4610=CARTESIAN_POINT('Ctrl Pts',(-13.1096176466651,13.7223958041487,5.13827933333482));
#4611=CARTESIAN_POINT('Ctrl Pts',(-13.1900535488508,13.4436565716548,5.16070846057942));
#4612=CARTESIAN_POINT('',(-12.7979113480814,13.7953521270331,5.5));
#4613=CARTESIAN_POINT('Ctrl Pts',(-12.7979113480814,13.7953521270331,5.5));
#4614=CARTESIAN_POINT('Ctrl Pts',(-12.7979113495135,13.7953521267029,5.56623138996181));
#4615=CARTESIAN_POINT('Ctrl Pts',(-12.8005011951344,13.7947596536971,5.6319668825157));
#4616=CARTESIAN_POINT('Ctrl Pts',(-12.8056562274576,13.7935650660635,5.69735057657452));
#4617=CARTESIAN_POINT('Ctrl Pts',(-12.8103950245631,13.7924669335854,5.75745496403968));
#4618=CARTESIAN_POINT('Ctrl Pts',(-12.8173011970885,13.7908600842063,5.81726040460605));
#4619=CARTESIAN_POINT('Ctrl Pts',(-12.8263749473903,13.7887325381091,5.87688768379725));
#4620=CARTESIAN_POINT('Ctrl Pts',(-12.8271719459427,13.7885456637625,5.88212508328624));
#4621=CARTESIAN_POINT('Ctrl Pts',(-12.8279856743838,13.7883547704799,5.88736110575529));
#4622=CARTESIAN_POINT('Ctrl Pts',(-12.8288161054188,13.7881598404706,5.8925956080324));
#4623=CARTESIAN_POINT('Ctrl Pts',(-12.8391009122893,13.7857456514355,5.95742440502782));
#4624=CARTESIAN_POINT('Ctrl Pts',(-12.8519814339879,13.782704173905,6.02204422468874));
#4625=CARTESIAN_POINT('Ctrl Pts',(-12.8672782918298,13.7790320674696,6.08601928213686));
#4626=CARTESIAN_POINT('Ctrl Pts',(-12.8801644630008,13.7759386614529,6.13991228091316));
#4627=CARTESIAN_POINT('Ctrl Pts',(-12.894763411687,13.7723982778392,6.19335079682789));
#4628=CARTESIAN_POINT('Ctrl Pts',(-12.9110045384967,13.7684014836225,6.24605952277529));
#4629=CARTESIAN_POINT('Ctrl Pts',(-12.9140428551076,13.7676537814217,6.25592003303795));
#4630=CARTESIAN_POINT('Ctrl Pts',(-12.9171385771481,13.7668901251376,6.26575502282601));
#4631=CARTESIAN_POINT('Ctrl Pts',(-12.920290768579,13.7661105059042,6.27556321478307));
#4632=CARTESIAN_POINT('Ctrl Pts',(-12.9402927973753,13.7611634820005,6.33780046853648));
#4633=CARTESIAN_POINT('Ctrl Pts',(-12.9626017639709,13.7555654361064,6.39893367127491));
#4634=CARTESIAN_POINT('Ctrl Pts',(-12.9870419302496,13.7492983476487,6.45897659848695));
#4635=CARTESIAN_POINT('Ctrl Pts',(-13.0061783023004,13.7443912887099,6.50598952716561));
#4636=CARTESIAN_POINT('Ctrl Pts',(-13.0266230585952,13.7390737321966,6.55233540817571));
#4637=CARTESIAN_POINT('Ctrl Pts',(-13.0483325793987,13.7333261695194,6.59801080222434));
#4638=CARTESIAN_POINT('Ctrl Pts',(-13.0766995917534,13.7258160460604,6.65769311760172));
#4639=CARTESIAN_POINT('Ctrl Pts',(-13.107225815153,13.7175712724746,6.71621385069119));
#4640=CARTESIAN_POINT('Ctrl Pts',(-13.1398820096393,13.7085061147187,6.77355320943401));
#4641=CARTESIAN_POINT('Ctrl Pts',(-13.1693644453093,13.7003219727947,6.82531992573638));
#4642=CARTESIAN_POINT('Ctrl Pts',(-13.2005825049153,13.6914691479661,6.8761242778003));
#4643=CARTESIAN_POINT('Ctrl Pts',(-13.233483387143,13.6818976795683,6.92596524224828));
#4644=CARTESIAN_POINT('Ctrl Pts',(-13.2431092768375,13.6790973321984,6.94054733225802));
#4645=CARTESIAN_POINT('Ctrl Pts',(-13.2528790053537,13.6762355658973,6.95504701496076));
#4646=CARTESIAN_POINT('Ctrl Pts',(-13.2627824047278,13.6733137326856,6.96945426830252));
#4647=CARTESIAN_POINT('Ctrl Pts',(-13.2994290614606,13.662501746347,7.02276703977939));
#4648=CARTESIAN_POINT('Ctrl Pts',(-13.3379936667126,13.650841481715,7.07492539774609));
#4649=CARTESIAN_POINT('Ctrl Pts',(-13.3781142170175,13.6383535172978,7.12559124930364));
#4650=CARTESIAN_POINT('Ctrl Pts',(-13.4059895065691,13.62967702554,7.16079329094601));
#4651=CARTESIAN_POINT('Ctrl Pts',(-13.4346164960058,13.620600707245,7.19529573335772));
#4652=CARTESIAN_POINT('Ctrl Pts',(-13.4638535578489,13.6111382602767,7.22895046467935));
#4653=CARTESIAN_POINT('Ctrl Pts',(-13.4766970278786,13.606981527473,7.24373456081762));
#4654=CARTESIAN_POINT('Ctrl Pts',(-13.4896582036674,13.6027503031636,7.25835513606951));
#4655=CARTESIAN_POINT('Ctrl Pts',(-13.5027321421474,13.5984442279589,7.27281357216009));
#4656=CARTESIAN_POINT('Ctrl Pts',(-13.5580414305456,13.5802273795532,7.33397997681622));
#4657=CARTESIAN_POINT('Ctrl Pts',(-13.6153097274129,13.5606905683273,7.39213079360896));
#4658=CARTESIAN_POINT('Ctrl Pts',(-13.6743277195286,13.5397575710047,7.44759118135462));
#4659=CARTESIAN_POINT('Ctrl Pts',(-13.6919130097273,13.5335202725225,7.46411643031813));
#4660=CARTESIAN_POINT('Ctrl Pts',(-13.7096538794613,13.5271589242368,7.48040256333767));
#4661=CARTESIAN_POINT('Ctrl Pts',(-13.727545361923,13.5206712663901,7.49645756543187));
#4662=CARTESIAN_POINT('Ctrl Pts',(-13.7426158723315,13.5152065255384,7.50998115559197));
#4663=CARTESIAN_POINT('Ctrl Pts',(-13.7577932518014,13.5096521629579,7.52334074906009));
#4664=CARTESIAN_POINT('Ctrl Pts',(-13.7730784962074,13.5040049021484,7.53654053498787));
#4665=CARTESIAN_POINT('Ctrl Pts',(-13.8520550434647,13.4748263592119,7.60474183353547));
#4666=CARTESIAN_POINT('Ctrl Pts',(-13.9338001815496,13.4432074503565,7.66864202286542));
#4667=CARTESIAN_POINT('Ctrl Pts',(-14.0182681789157,13.408782437085,7.72861067292586));
#4668=CARTESIAN_POINT('Ctrl Pts',(-14.0346922216357,13.4020888027354,7.74027103781159));
#4669=CARTESIAN_POINT('Ctrl Pts',(-14.0512191476825,13.395289149068,7.75178267712561));
#4670=CARTESIAN_POINT('Ctrl Pts',(-14.0678362655655,13.3883866337211,7.76314165805083));
#4671=CARTESIAN_POINT('Ctrl Pts',(-14.1188753109499,13.3671857373603,7.79803047252789));
#4672=CARTESIAN_POINT('Ctrl Pts',(-14.1708453314158,13.3449811071676,7.83153195101738));
#4673=CARTESIAN_POINT('Ctrl Pts',(-14.2233844321902,13.3218567161212,7.86353251042374));
#4674=CARTESIAN_POINT('Ctrl Pts',(-14.2594538992108,13.3059812167707,7.88550173153978));
#4675=CARTESIAN_POINT('Ctrl Pts',(-14.2957947286319,13.2896707280958,7.90677854171294));
#4676=CARTESIAN_POINT('Ctrl Pts',(-14.3322695146731,13.2729622473817,7.92731124132104));
#4677=CARTESIAN_POINT('Ctrl Pts',(-14.3489242206325,13.2653330091181,7.93668665134102));
#4678=CARTESIAN_POINT('Ctrl Pts',(-14.3656068494326,13.2576208207658,7.94590697505727));
#4679=CARTESIAN_POINT('Ctrl Pts',(-14.3823122036141,13.2498271782056,7.95497420145381));
#4680=CARTESIAN_POINT('Ctrl Pts',(-14.4611995698217,13.2130234128941,7.99779218672117));
#4681=CARTESIAN_POINT('Ctrl Pts',(-14.5405599654229,13.1744203309162,8.03715240400267));
#4682=CARTESIAN_POINT('Ctrl Pts',(-14.6201903382243,13.1340158334024,8.07347056347588));
#4683=CARTESIAN_POINT('Ctrl Pts',(-14.6325109156312,13.127764365254,8.07908978487754));
#4684=CARTESIAN_POINT('Ctrl Pts',(-14.6448379862796,13.121469729395,8.08463609655766));
#4685=CARTESIAN_POINT('Ctrl Pts',(-14.6571708283393,13.1151318702817,8.09011094677007));
#4686=CARTESIAN_POINT('Ctrl Pts',(-14.7425162496229,13.071272778157,8.12799786655551));
#4687=CARTESIAN_POINT('Ctrl Pts',(-14.8281374681558,13.0253460040377,8.16246629852511));
#4688=CARTESIAN_POINT('Ctrl Pts',(-14.914006316588,12.9771641707847,8.1938878740842));
#4689=CARTESIAN_POINT('Ctrl Pts',(-14.9382044575069,12.9635863621606,8.20274258364599));
#4690=CARTESIAN_POINT('Ctrl Pts',(-14.962422303122,12.9498293016657,8.21135506350847));
#4691=CARTESIAN_POINT('Ctrl Pts',(-14.986659298156,12.9358883814855,8.21973302873139));
#4692=CARTESIAN_POINT('Ctrl Pts',(-15.0007149796241,12.9278036691213,8.22459163477388));
#4693=CARTESIAN_POINT('Ctrl Pts',(-15.0147771019101,12.9196571182878,8.22937136545442));
#4694=CARTESIAN_POINT('Ctrl Pts',(-15.0288438660184,12.9114495653361,8.23407346641366));
#4695=CARTESIAN_POINT('Ctrl Pts',(-15.1012985704468,12.8691743257275,8.25829291962777));
#4696=CARTESIAN_POINT('Ctrl Pts',(-15.1738798340794,12.825275701791,8.28045028549442));
#4697=CARTESIAN_POINT('Ctrl Pts',(-15.2460543396149,12.7800513862008,8.30063816571508));
#4698=CARTESIAN_POINT('Ctrl Pts',(-15.2820729151285,12.7574822613547,8.31071289615891));
#4699=CARTESIAN_POINT('Ctrl Pts',(-15.3179902379295,12.7345834941981,8.32029782098274));
#4700=CARTESIAN_POINT('Ctrl Pts',(-15.3537410937753,12.7113947912904,8.3294082379016));
#4701=CARTESIAN_POINT('Ctrl Pts',(-15.4217129756572,12.6673069019869,8.34672956260981));
#4702=CARTESIAN_POINT('Ctrl Pts',(-15.4890911330413,12.6221694300617,8.36234183566408));
#4703=CARTESIAN_POINT('Ctrl Pts',(-15.5558179001204,12.5759912658502,8.37642539450156));
#4704=CARTESIAN_POINT('Ctrl Pts',(-15.5850551361884,12.5557576782311,8.38259629641143));
#4705=CARTESIAN_POINT('Ctrl Pts',(-15.6141672205532,12.5353238872885,8.38847313831633));
#4706=CARTESIAN_POINT('Ctrl Pts',(-15.6431484846333,12.5146889519494,8.39406861848312));
#4707=CARTESIAN_POINT('Ctrl Pts',(-15.6525234209365,12.5080139082423,8.39587865927375));
#4708=CARTESIAN_POINT('Ctrl Pts',(-15.6618846619989,12.5013178096749,8.39765924721535));
#4709=CARTESIAN_POINT('Ctrl Pts',(-15.6712328506683,12.4946001575617,8.39941090058027));
#4710=CARTESIAN_POINT('Ctrl Pts',(-15.817788145091,12.3892848373342,8.4268722713015));
#4711=CARTESIAN_POINT('Ctrl Pts',(-15.9607377018147,12.2789542024301,8.44724218465758));
#4712=CARTESIAN_POINT('Ctrl Pts',(-16.1002329077616,12.1634710004359,8.46226380863693));
#4713=CARTESIAN_POINT('Ctrl Pts',(-16.1546619711866,12.1184110825469,8.46812503461075));
#4714=CARTESIAN_POINT('Ctrl Pts',(-16.208565296156,12.0725670268236,8.47317248728199));
#4715=CARTESIAN_POINT('Ctrl Pts',(-16.2619525157939,12.0259319317606,8.47751124200125));
#4716=CARTESIAN_POINT('Ctrl Pts',(-16.4087646851955,11.8976877654058,8.4894425993028));
#4717=CARTESIAN_POINT('Ctrl Pts',(-16.5516721714736,11.7634585290237,8.49601320003405));
#4718=CARTESIAN_POINT('Ctrl Pts',(-16.6901095300856,11.6233931722087,8.49863565858915));
#4719=CARTESIAN_POINT('Ctrl Pts',(-16.7392425858212,11.5736823206581,8.49956640014363));
#4720=CARTESIAN_POINT('Ctrl Pts',(-16.787812807149,11.5232367225385,8.49999999999998));
#4721=CARTESIAN_POINT('Ctrl Pts',(-16.8357957821879,11.4720642895161,8.49999999999998));
#4722=CARTESIAN_POINT('',(-13.1644550314369,13.4518165618767,5.5));
#4723=CARTESIAN_POINT('Origin',(-12.6855418888263,13.3081426190936,5.5));
#4724=CARTESIAN_POINT('Ctrl Pts',(-16.4710585458012,11.1300602714214,8.));
#4725=CARTESIAN_POINT('Ctrl Pts',(-16.4041738301264,11.2119975582513,8.));
#4726=CARTESIAN_POINT('Ctrl Pts',(-16.3359643924846,11.2924214070401,7.99901850982554));
#4727=CARTESIAN_POINT('Ctrl Pts',(-16.266384156659,11.3712758886801,7.99678584985452));
#4728=CARTESIAN_POINT('Ctrl Pts',(-16.199731153973,11.446812970643,7.99464711765163));
#4729=CARTESIAN_POINT('Ctrl Pts',(-16.1318199337272,11.5209098545203,7.99136011525909));
#4730=CARTESIAN_POINT('Ctrl Pts',(-16.0626370810884,11.5935255034015,7.98664937871109));
#4731=CARTESIAN_POINT('Ctrl Pts',(-15.9951114450712,11.6644017059355,7.98205148386605));
#4732=CARTESIAN_POINT('Ctrl Pts',(-15.9263739507143,11.7338666615868,7.97609714119361));
#4733=CARTESIAN_POINT('Ctrl Pts',(-15.8564440448126,11.8018917885349,7.96849455810384));
#4734=CARTESIAN_POINT('Ctrl Pts',(-15.7889509673931,11.867546462317,7.96115690016694));
#4735=CARTESIAN_POINT('Ctrl Pts',(-15.7203467991991,11.9318598052886,7.95228364267338));
#4736=CARTESIAN_POINT('Ctrl Pts',(-15.6506844622488,11.99481675212,7.94158136206453));
#4737=CARTESIAN_POINT('Ctrl Pts',(-15.6161284124752,12.0260465885503,7.93627248846652));
#4738=CARTESIAN_POINT('Ctrl Pts',(-15.5813125706334,12.0569428379031,7.93051308477968));
#4739=CARTESIAN_POINT('Ctrl Pts',(-15.5462472209545,12.0875048086336,7.92426463648879));
#4740=CARTESIAN_POINT('Ctrl Pts',(-15.4889200145586,12.137469586398,7.91404925041374));
#4741=CARTESIAN_POINT('Ctrl Pts',(-15.4308995943336,12.1865330074772,7.90252315636698));
#4742=CARTESIAN_POINT('Ctrl Pts',(-15.3721226977319,12.2346915870585,7.88945935344151));
#4743=CARTESIAN_POINT('Ctrl Pts',(-15.3457061886232,12.2563358321568,7.88358799770606));
#4744=CARTESIAN_POINT('Ctrl Pts',(-15.3191372885576,12.2777974288118,7.87740551469957));
#4745=CARTESIAN_POINT('Ctrl Pts',(-15.2924124914872,12.2990767318022,7.87088871737772));
#4746=CARTESIAN_POINT('Ctrl Pts',(-15.2335104947003,12.3459767487814,7.85652556341622));
#4747=CARTESIAN_POINT('Ctrl Pts',(-15.1738490826901,12.3919906027461,7.84053294247586));
#4748=CARTESIAN_POINT('Ctrl Pts',(-15.1139109821142,12.43678491701,7.82280749042097));
#4749=CARTESIAN_POINT('Ctrl Pts',(-15.0861453800197,12.4575353427659,7.81459638856801));
#4750=CARTESIAN_POINT('Ctrl Pts',(-15.0583205217374,12.4780241037177,7.80601413769586));
#4751=CARTESIAN_POINT('Ctrl Pts',(-15.0304847900705,12.498218179312,7.79705428322674));
#4752=CARTESIAN_POINT('Ctrl Pts',(-14.9717759725522,12.5408098493713,7.77815690099466));
#4753=CARTESIAN_POINT('Ctrl Pts',(-14.9130339083486,12.5820951851383,7.75759150541334));
#4754=CARTESIAN_POINT('Ctrl Pts',(-14.8542572991656,12.6220845220919,7.73514165492466));
#4755=CARTESIAN_POINT('Ctrl Pts',(-14.7956188534132,12.6619798579786,7.71274457625118));
#4756=CARTESIAN_POINT('Ctrl Pts',(-14.7369454564077,12.7005851102317,7.68847175127394));
#4757=CARTESIAN_POINT('Ctrl Pts',(-14.6782780685979,12.7379232164987,7.66207835085709));
#4758=CARTESIAN_POINT('Ctrl Pts',(-14.6226198177336,12.773346196164,7.63703870691854));
#4759=CARTESIAN_POINT('Ctrl Pts',(-14.5669668078016,12.8076286335037,7.61009004806472));
#4760=CARTESIAN_POINT('Ctrl Pts',(-14.5113967882149,12.8408029467804,7.58100063032508));
#4761=CARTESIAN_POINT('Ctrl Pts',(-14.5083924214516,12.8425965002998,7.57942792474622));
#4762=CARTESIAN_POINT('Ctrl Pts',(-14.5053883085565,12.8443868181895,7.57784895686435));
#4763=CARTESIAN_POINT('Ctrl Pts',(-14.5023844657688,12.8461739067582,7.57626368840506));
#4764=CARTESIAN_POINT('Ctrl Pts',(-14.4522465614547,12.876002656794,7.54980356916988));
#4765=CARTESIAN_POINT('Ctrl Pts',(-14.4021766531016,12.9049295479174,7.52157842609632));
#4766=CARTESIAN_POINT('Ctrl Pts',(-14.3525851902886,12.9327815706872,7.49161050005306));
#4767=CARTESIAN_POINT('Ctrl Pts',(-14.3152195709537,12.9537672005011,7.46903060316622));
#4768=CARTESIAN_POINT('Ctrl Pts',(-14.2781255257057,12.9741425971811,7.44546228904546));
#4769=CARTESIAN_POINT('Ctrl Pts',(-14.241473891202,12.9938323343078,7.42093408456837));
#4770=CARTESIAN_POINT('Ctrl Pts',(-14.1848353792745,13.0242592832338,7.38303015420766));
#4771=CARTESIAN_POINT('Ctrl Pts',(-14.1292458103321,13.0530466050488,7.3428354898053));
#4772=CARTESIAN_POINT('Ctrl Pts',(-14.0748687619183,13.0802771964092,7.30018533651253));
#4773=CARTESIAN_POINT('Ctrl Pts',(-14.0473559903599,13.0940548666093,7.27860593934586));
#4774=CARTESIAN_POINT('Ctrl Pts',(-14.0201543781321,13.1074342429129,7.25639787122471));
#4775=CARTESIAN_POINT('Ctrl Pts',(-13.9932900408484,13.1204275410047,7.23353969639278));
#4776=CARTESIAN_POINT('Ctrl Pts',(-13.9419996560162,13.1452348255593,7.18989802485981));
#4777=CARTESIAN_POINT('Ctrl Pts',(-13.8919397913121,13.1686351104575,7.1438901694322));
#4778=CARTESIAN_POINT('Ctrl Pts',(-13.8433675534528,13.1906158232952,7.09538094155405));
#4779=CARTESIAN_POINT('Ctrl Pts',(-13.8162174801026,13.2029022237605,7.06826608843838));
#4780=CARTESIAN_POINT('Ctrl Pts',(-13.7895330338283,13.2147453441434,7.0403698526706));
#4781=CARTESIAN_POINT('Ctrl Pts',(-13.7633657819872,13.2261449884922,7.01167036433311));
#4782=CARTESIAN_POINT('Ctrl Pts',(-13.7302730187159,13.240561700423,6.97537517447811));
#4783=CARTESIAN_POINT('Ctrl Pts',(-13.6980086715997,13.2542694973928,6.93778927213304));
#4784=CARTESIAN_POINT('Ctrl Pts',(-13.6668351772015,13.2672510971791,6.89909700784855));
#4785=CARTESIAN_POINT('Ctrl Pts',(-13.6359639228973,13.2801068349145,6.86077988128344));
#4786=CARTESIAN_POINT('Ctrl Pts',(-13.6061628098217,13.2922504903306,6.82137804699157));
#4787=CARTESIAN_POINT('Ctrl Pts',(-13.5776508573806,13.3036545217335,6.78110562232607));
#4788=CARTESIAN_POINT('Ctrl Pts',(-13.5714594043065,13.306130940191,6.77236034863742));
#4789=CARTESIAN_POINT('Ctrl Pts',(-13.5653285962115,13.3085724376322,6.76357414398035));
#4790=CARTESIAN_POINT('Ctrl Pts',(-13.5592604270994,13.3109786574104,6.75474939834043));
#4791=CARTESIAN_POINT('Ctrl Pts',(-13.5161899508977,13.3280574549489,6.69211337253873));
#4792=CARTESIAN_POINT('Ctrl Pts',(-13.4762791329062,13.3433602245594,6.62755132072871));
#4793=CARTESIAN_POINT('Ctrl Pts',(-13.4396523927394,13.3570110664992,6.56107711196119));
#4794=CARTESIAN_POINT('Ctrl Pts',(-13.4043454074602,13.3701700337789,6.49699813851948));
#4795=CARTESIAN_POINT('Ctrl Pts',(-13.372090107464,13.381793978252,6.43114157828313));
#4796=CARTESIAN_POINT('Ctrl Pts',(-13.343042928668,13.39200755889,6.36352470858934));
#4797=CARTESIAN_POINT('Ctrl Pts',(-13.3151481286933,13.4018159396254,6.29859037991453));
#4798=CARTESIAN_POINT('Ctrl Pts',(-13.2902120766864,13.410323680545,6.23203202037603));
#4799=CARTESIAN_POINT('Ctrl Pts',(-13.268414505276,13.4176535407414,6.16387924004343));
#4800=CARTESIAN_POINT('Ctrl Pts',(-13.2534754346062,13.4226770957701,6.11717040342282));
#4801=CARTESIAN_POINT('Ctrl Pts',(-13.2400141068554,13.4271484559931,6.06970457013109));
#4802=CARTESIAN_POINT('Ctrl Pts',(-13.2281528219171,13.4310709005444,6.02174750260768));
#4803=CARTESIAN_POINT('Ctrl Pts',(-13.2163323924381,13.4349798344791,5.97395562022496));
#4804=CARTESIAN_POINT('Ctrl Pts',(-13.206101151857,13.4383436725209,5.92567633652019));
#4805=CARTESIAN_POINT('Ctrl Pts',(-13.1975325035137,13.4411513688947,5.87718732259811));
#4806=CARTESIAN_POINT('Ctrl Pts',(-13.1951184018908,13.4419423996502,5.86352619396829));
#4807=CARTESIAN_POINT('Ctrl Pts',(-13.1928359717548,13.4426891971051,5.84984848393542));
#4808=CARTESIAN_POINT('Ctrl Pts',(-13.1906861496653,13.4433913027557,5.83616053423861));
#4809=CARTESIAN_POINT('Ctrl Pts',(-13.1819674409945,13.446238726574,5.78064838451887));
#4810=CARTESIAN_POINT('Ctrl Pts',(-13.1754240792349,13.4483493666935,5.72496421263339));
#4811=CARTESIAN_POINT('Ctrl Pts',(-13.1710459970783,13.4497438315891,5.66898029065191));
#4812=CARTESIAN_POINT('Ctrl Pts',(-13.1666679149218,13.4511382964846,5.61299636867042));
#4813=CARTESIAN_POINT('Ctrl Pts',(-13.1644550314369,13.4518165618767,5.55671196418564));
#4814=CARTESIAN_POINT('Ctrl Pts',(-13.1644550314369,13.4518165618767,5.5));
#4815=CARTESIAN_POINT('Ctrl Pts',(-12.7979113480814,13.7953521270331,5.5));
#4816=CARTESIAN_POINT('Ctrl Pts',(-13.080980379931,13.7300654002299,5.5));
#4817=CARTESIAN_POINT('Ctrl Pts',(-13.1644550314369,13.4518165618767,5.5));
#4818=CARTESIAN_POINT('Ctrl Pts',(-12.7979113547344,13.7953521254987,5.24712417827571));
#4819=CARTESIAN_POINT('Ctrl Pts',(-13.0809803859003,13.7300653986009,5.27531059581632));
#4820=CARTESIAN_POINT('Ctrl Pts',(-13.1644550323468,13.4518165588438,5.28927014856316));
#4821=CARTESIAN_POINT('Ctrl Pts',(-12.8538644369634,13.782938091853,4.87703343830691));
#4822=CARTESIAN_POINT('Ctrl Pts',(-13.1312111468764,13.7167403803829,4.94612295833908));
#4823=CARTESIAN_POINT('Ctrl Pts',(-13.2094241154311,13.4379323228447,4.98086119858908));
#4824=CARTESIAN_POINT('Ctrl Pts',(-13.0383359183291,13.736567098058,4.40207641091553));
#4825=CARTESIAN_POINT('Ctrl Pts',(-13.2972124630355,13.6682494592919,4.52482424670623));
#4826=CARTESIAN_POINT('Ctrl Pts',(-13.3579165604721,13.3871246455411,4.58506367576295));
#4827=CARTESIAN_POINT('Ctrl Pts',(-13.2225468789748,13.6860816509925,4.07509691993747));
#4828=CARTESIAN_POINT('Ctrl Pts',(-13.4636235289209,13.616187532649,4.23523962077917));
#4829=CARTESIAN_POINT('Ctrl Pts',(-13.5063790544177,13.3325239544191,4.31258076661454));
#4830=CARTESIAN_POINT('Ctrl Pts',(-13.4536848927854,13.6159228940495,3.77016572999868));
#4831=CARTESIAN_POINT('Ctrl Pts',(-13.6732659501167,13.5449174619472,3.96627391482366));
#4832=CARTESIAN_POINT('Ctrl Pts',(-13.6929547744789,13.2577152694191,4.05847144166562));
#4833=CARTESIAN_POINT('Ctrl Pts',(-13.7183837592077,13.5259336274788,3.50178930599662));
#4834=CARTESIAN_POINT('Ctrl Pts',(-13.914417215377,13.4548023054958,3.73125727124286));
#4835=CARTESIAN_POINT('Ctrl Pts',(-13.9070356947872,13.1631280519203,3.83482442166365));
#4836=CARTESIAN_POINT('Ctrl Pts',(-14.0116188080237,13.4139481323252,3.26762403422195));
#4837=CARTESIAN_POINT('Ctrl Pts',(-14.1828560733669,13.343999900143,3.52852459121284));
#4838=CARTESIAN_POINT('Ctrl Pts',(-14.1447246023207,13.0469759649944,3.6396866951857));
#4839=CARTESIAN_POINT('Ctrl Pts',(-14.3272504239619,13.278093646118,3.06847748427878));
#4840=CARTESIAN_POINT('Ctrl Pts',(-14.4731848535503,13.2109551081652,3.35928787962458));
#4841=CARTESIAN_POINT('Ctrl Pts',(-14.4012262505675,12.9077914866667,3.47373123689614));
#4842=CARTESIAN_POINT('Ctrl Pts',(-14.6507975198925,13.1216149449078,2.90681043195195));
#4843=CARTESIAN_POINT('Ctrl Pts',(-14.7723083013997,13.0588696793728,3.22573074844902));
#4844=CARTESIAN_POINT('Ctrl Pts',(-14.6649009239923,12.7491974855785,3.33900869330394));
#4845=CARTESIAN_POINT('Ctrl Pts',(-15.0955267104787,12.8804501545991,2.73256234227329));
#4846=CARTESIAN_POINT('Ctrl Pts',(-15.1878896423054,12.8245081551183,3.08728191769073));
#4847=CARTESIAN_POINT('Ctrl Pts',(-15.0284544149565,12.5070914571039,3.19380195183787));
#4848=CARTESIAN_POINT('Ctrl Pts',(-15.6402255352228,12.5325895068719,2.59280154816777));
#4849=CARTESIAN_POINT('Ctrl Pts',(-15.7022859595332,12.4867680939439,2.99059244424763));
#4850=CARTESIAN_POINT('Ctrl Pts',(-15.4759873397287,12.1620354328103,3.07733462392872));
#4851=CARTESIAN_POINT('Ctrl Pts',(-16.266726517077,12.0395559148255,2.51236722666586));
#4852=CARTESIAN_POINT('Ctrl Pts',(-16.2967038278324,12.0118467574891,2.96200697519277));
#4853=CARTESIAN_POINT('Ctrl Pts',(-15.9947266628177,11.6792348361366,3.0103060205582));
#4854=CARTESIAN_POINT('Ctrl Pts',(-16.6525185171693,11.6675241075259,2.49999999570709));
#4855=CARTESIAN_POINT('Ctrl Pts',(-16.66112038526,11.6583504698319,2.98357454062351));
#4856=CARTESIAN_POINT('Ctrl Pts',(-16.3171029846018,11.318663913081,3.));
#4857=CARTESIAN_POINT('Ctrl Pts',(-16.8357957821879,11.4720642895161,2.5));
#4858=CARTESIAN_POINT('Ctrl Pts',(-16.8357957821879,11.4720642895161,3.));
#4859=CARTESIAN_POINT('Ctrl Pts',(-16.4710585458012,11.1300602714214,3.));
#4860=CARTESIAN_POINT('',(-16.8357957821879,11.4720642895161,2.5));
#4861=CARTESIAN_POINT('Ctrl Pts',(-16.8357957821879,11.4720642895161,2.5));
#4862=CARTESIAN_POINT('Ctrl Pts',(-16.7034923288717,11.6131620350801,2.5));
#4863=CARTESIAN_POINT('Ctrl Pts',(-16.5662179587177,11.7492994891632,2.50322036361336));
#4864=CARTESIAN_POINT('Ctrl Pts',(-16.4244863896002,11.8800540903752,2.51122134782776));
#4865=CARTESIAN_POINT('Ctrl Pts',(-16.3743554194899,11.9263024671198,2.51405132496696));
#4866=CARTESIAN_POINT('Ctrl Pts',(-16.3236665746654,11.9718771180351,2.51747962707152));
#4867=CARTESIAN_POINT('Ctrl Pts',(-16.2724418444943,12.0167583000856,2.52157628330928));
#4868=CARTESIAN_POINT('Ctrl Pts',(-16.2678847533798,12.0207510519312,2.52194073297408));
#4869=CARTESIAN_POINT('Ctrl Pts',(-16.2633234336351,12.0247383038199,2.52231047244667));
#4870=CARTESIAN_POINT('Ctrl Pts',(-16.2587579058663,12.0287200372198,2.52268555040891));
#4871=CARTESIAN_POINT('Ctrl Pts',(-16.0827136866605,12.1822534692716,2.53714834865415));
#4872=CARTESIAN_POINT('Ctrl Pts',(-15.900410035457,12.3275789324683,2.5595500644497));
#4873=CARTESIAN_POINT('Ctrl Pts',(-15.7142562680346,12.4634002564498,2.59274304313442));
#4874=CARTESIAN_POINT('Ctrl Pts',(-15.6975470219354,12.4755916397312,2.59572245986762));
#4875=CARTESIAN_POINT('Ctrl Pts',(-15.6808067742199,12.487706473777,2.59878880529973));
#4876=CARTESIAN_POINT('Ctrl Pts',(-15.6640372767243,12.4997438366743,2.60194413131125));
#4877=CARTESIAN_POINT('Ctrl Pts',(-15.6546020918446,12.5065165348084,2.60371944296159));
#4878=CARTESIAN_POINT('Ctrl Pts',(-15.6451574633164,12.5132648409159,2.60552305523308));
#4879=CARTESIAN_POINT('Ctrl Pts',(-15.6357036140448,12.5199886504381,2.60735535143934));
#4880=CARTESIAN_POINT('Ctrl Pts',(-15.5307253622541,12.5946517584207,2.62770169365092));
#4881=CARTESIAN_POINT('Ctrl Pts',(-15.4246107460192,12.6662962163383,2.65158175781377));
#4882=CARTESIAN_POINT('Ctrl Pts',(-15.3174329609808,12.7350032586237,2.67978237832958));
#4883=CARTESIAN_POINT('Ctrl Pts',(-15.221034794141,12.7967999539271,2.70514666553235));
#4884=CARTESIAN_POINT('Ctrl Pts',(-15.1237763481813,12.8562200852709,2.73400601200578));
#4885=CARTESIAN_POINT('Ctrl Pts',(-15.0257070994393,12.9133069405356,2.76696525072256));
#4886=CARTESIAN_POINT('Ctrl Pts',(-15.0116856630364,12.9214689252638,2.77167759302644));
#4887=CARTESIAN_POINT('Ctrl Pts',(-14.997650967165,12.9295812563629,2.7764722341284));
#4888=CARTESIAN_POINT('Ctrl Pts',(-14.9836033828617,12.9376439861476,2.78135095144029));
#4889=CARTESIAN_POINT('Ctrl Pts',(-14.8889865865749,12.9919500963713,2.81421130608024));
#4890=CARTESIAN_POINT('Ctrl Pts',(-14.7937837691341,13.0440066503483,2.85088619431296));
#4891=CARTESIAN_POINT('Ctrl Pts',(-14.6995143646271,13.0931960465228,2.8913992486217));
#4892=CARTESIAN_POINT('Ctrl Pts',(-14.6838094741934,13.1013907951951,2.8981485548508));
#4893=CARTESIAN_POINT('Ctrl Pts',(-14.6681236729804,13.1095095261204,2.90500672301616));
#4894=CARTESIAN_POINT('Ctrl Pts',(-14.652464194159,13.117549108393,2.91197403963567));
#4895=CARTESIAN_POINT('Ctrl Pts',(-14.5601713165907,13.1649323061896,2.9530375837726));
#4896=CARTESIAN_POINT('Ctrl Pts',(-14.4687930436669,13.2095649517093,2.99789140613807));
#4897=CARTESIAN_POINT('Ctrl Pts',(-14.3781612970529,13.2517695019482,3.04727216033433));
#4898=CARTESIAN_POINT('Ctrl Pts',(-14.3616070772885,13.2594783173006,3.05629173556749));
#4899=CARTESIAN_POINT('Ctrl Pts',(-14.3450866612679,13.2671020252168,3.06545912200231));
#4900=CARTESIAN_POINT('Ctrl Pts',(-14.3285968130596,13.2746438534881,3.07477862879821));
#4901=CARTESIAN_POINT('Ctrl Pts',(-14.2603690689219,13.3058486240309,3.11333865173635));
#4902=CARTESIAN_POINT('Ctrl Pts',(-14.1926638227002,13.3356533413953,3.15449938249867));
#4903=CARTESIAN_POINT('Ctrl Pts',(-14.1259810442748,13.3639668577294,3.1982015429814));
#4904=CARTESIAN_POINT('Ctrl Pts',(-14.1055742803948,13.3726315723092,3.21157560583656));
#4905=CARTESIAN_POINT('Ctrl Pts',(-14.0852633633202,13.3811564756526,3.22518799570959));
#4906=CARTESIAN_POINT('Ctrl Pts',(-14.0650629640068,13.3895385126888,3.23903784058639));
#4907=CARTESIAN_POINT('Ctrl Pts',(-14.0484627344691,13.3964266804242,3.25041932866735));
#4908=CARTESIAN_POINT('Ctrl Pts',(-14.0319325528727,13.4032202598627,3.26196189346468));
#4909=CARTESIAN_POINT('Ctrl Pts',(-14.0154843396376,13.4099158716062,3.2736643268583));
#4910=CARTESIAN_POINT('Ctrl Pts',(-13.981319170705,13.4238235649863,3.29797186762885));
#4911=CARTESIAN_POINT('Ctrl Pts',(-13.9475076678937,13.4373084886252,3.32296928325858));
#4912=CARTESIAN_POINT('Ctrl Pts',(-13.9141040502674,13.4503736111029,3.34865473378373));
#4913=CARTESIAN_POINT('Ctrl Pts',(-13.8646188547444,13.4697287045414,3.38670598785902));
#4914=CARTESIAN_POINT('Ctrl Pts',(-13.8160415295145,13.488156814156,3.42626573528167));
#4915=CARTESIAN_POINT('Ctrl Pts',(-13.7686151512508,13.5056499041031,3.46734210587887));
#4916=CARTESIAN_POINT('Ctrl Pts',(-13.7533410303818,13.5112837218224,3.48057114575777));
#4917=CARTESIAN_POINT('Ctrl Pts',(-13.7381836736258,13.5168216199701,3.49395557299134));
#4918=CARTESIAN_POINT('Ctrl Pts',(-13.7231445899096,13.5222658515599,3.50749681426886));
#4919=CARTESIAN_POINT('Ctrl Pts',(-13.6914870893065,13.5337260420936,3.53600133369303));
#4920=CARTESIAN_POINT('Ctrl Pts',(-13.6603534563839,13.544771337803,3.5652003517534));
#4921=CARTESIAN_POINT('Ctrl Pts',(-13.6297527014645,13.5554229042617,3.59513179120784));
#4922=CARTESIAN_POINT('Ctrl Pts',(-13.5846148761433,13.5711345606399,3.63928233877651));
#4923=CARTESIAN_POINT('Ctrl Pts',(-13.5406377005466,13.5859889031946,3.6850239333544));
#4924=CARTESIAN_POINT('Ctrl Pts',(-13.4979163876789,13.600029015642,3.73251745406122));
#4925=CARTESIAN_POINT('Ctrl Pts',(-13.4849304847468,13.6042967575525,3.74695395444944));
#4926=CARTESIAN_POINT('Ctrl Pts',(-13.4720610051914,13.6084891347825,3.76154518003653));
#4927=CARTESIAN_POINT('Ctrl Pts',(-13.4593141444653,13.6126062489253,3.77629025816251));
#4928=CARTESIAN_POINT('Ctrl Pts',(-13.4301260987001,13.6220337086428,3.81005386666195));
#4929=CARTESIAN_POINT('Ctrl Pts',(-13.4015813206618,13.6310663083267,3.84462469006749));
#4930=CARTESIAN_POINT('Ctrl Pts',(-13.3738118765552,13.6396931297506,3.87986333945668));
#4931=CARTESIAN_POINT('Ctrl Pts',(-13.3339150965071,13.6520874144737,3.93049123962177));
#4932=CARTESIAN_POINT('Ctrl Pts',(-13.2956238871205,13.6636425128432,3.98253471278849));
#4933=CARTESIAN_POINT('Ctrl Pts',(-13.2592833141627,13.6743453478454,4.03565620540115));
#4934=CARTESIAN_POINT('Ctrl Pts',(-13.2495067459359,13.6772246914579,4.04994728158863));
#4935=CARTESIAN_POINT('Ctrl Pts',(-13.239866679029,13.6800437511467,4.06432045798165));
#4936=CARTESIAN_POINT('Ctrl Pts',(-13.2303680545023,13.6828027660129,4.07877163677735));
#4937=CARTESIAN_POINT('Ctrl Pts',(-13.2045592531915,13.6902993110438,4.11803706949287));
#4938=CARTESIAN_POINT('Ctrl Pts',(-13.1797941025231,13.6973527437772,4.15787791123237));
#4939=CARTESIAN_POINT('Ctrl Pts',(-13.1560531350871,13.7039987552876,4.19840249478449));
#4940=CARTESIAN_POINT('Ctrl Pts',(-13.1235745849614,13.7130907528465,4.25384167272746));
#4941=CARTESIAN_POINT('Ctrl Pts',(-13.0930490355055,13.7214099539653,4.31054596938302));
#4942=CARTESIAN_POINT('Ctrl Pts',(-13.064463010648,13.7290395906296,4.36868712339647));
#4943=CARTESIAN_POINT('Ctrl Pts',(-13.0582204674968,13.7307057312121,4.38138384022229));
#4944=CARTESIAN_POINT('Ctrl Pts',(-13.0520722141339,13.7323385142901,4.39414367312144));
#4945=CARTESIAN_POINT('Ctrl Pts',(-13.0460184667664,13.7339387379742,4.40696828416907));
#4946=CARTESIAN_POINT('Ctrl Pts',(-13.0078715918425,13.7440223323206,4.48778084602191));
#4947=CARTESIAN_POINT('Ctrl Pts',(-12.973478239037,13.7528122108343,4.57116995687516));
#4948=CARTESIAN_POINT('Ctrl Pts',(-12.9434902409019,13.7603259500566,4.65590245536438));
#4949=CARTESIAN_POINT('Ctrl Pts',(-12.9346524117405,13.7625403407375,4.68087415713285));
#4950=CARTESIAN_POINT('Ctrl Pts',(-12.9261971183906,13.7646439631578,4.70596220482586));
#4951=CARTESIAN_POINT('Ctrl Pts',(-12.9181407564152,13.7666374417234,4.73113427186973));
#4952=CARTESIAN_POINT('Ctrl Pts',(-12.9150830894421,13.7673940355297,4.74068793868347));
#4953=CARTESIAN_POINT('Ctrl Pts',(-12.9120818514423,13.7681350199103,4.75025563545569));
#4954=CARTESIAN_POINT('Ctrl Pts',(-12.9091379216154,13.7688604309931,4.75983562250632));
#4955=CARTESIAN_POINT('Ctrl Pts',(-12.8771970625225,13.7767309491583,4.86377594530082));
#4956=CARTESIAN_POINT('Ctrl Pts',(-12.8520063547455,13.7827668126289,4.96916368325467));
#4957=CARTESIAN_POINT('Ctrl Pts',(-12.8337425337005,13.7870719998807,5.07591741852489));
#4958=CARTESIAN_POINT('Ctrl Pts',(-12.8155436807955,13.7913618727026,5.18229140896516));
#4959=CARTESIAN_POINT('Ctrl Pts',(-12.8042225908272,13.7939335231652,5.29002169446465));
#4960=CARTESIAN_POINT('Ctrl Pts',(-12.7999054465553,13.7949053850777,5.39901936102094));
#4961=CARTESIAN_POINT('Ctrl Pts',(-12.7985769585058,13.7952044501205,5.43256053739293));
#4962=CARTESIAN_POINT('Ctrl Pts',(-12.7979113489701,13.7953521268282,5.46622166724726));
#4963=CARTESIAN_POINT('Ctrl Pts',(-12.7979113480814,13.7953521270331,5.5));
#4964=CARTESIAN_POINT('',(-16.4710585458012,11.1300602714214,3.));
#4965=CARTESIAN_POINT('Origin',(-16.4710585458012,11.1300602714214,2.5));
#4966=CARTESIAN_POINT('Ctrl Pts',(-13.1644550314369,13.4518165618767,5.5));
#4967=CARTESIAN_POINT('Ctrl Pts',(-13.1644550314369,13.4518165618767,5.41679839206662));
#4968=CARTESIAN_POINT('Ctrl Pts',(-13.1691293954162,13.4503827252889,5.33438433595001));
#4969=CARTESIAN_POINT('Ctrl Pts',(-13.1784317568395,13.4474190200627,5.25286465247083));
#4970=CARTESIAN_POINT('Ctrl Pts',(-13.1876939791394,13.4444681030443,5.17169672146546));
#4971=CARTESIAN_POINT('Ctrl Pts',(-13.201544317871,13.4400003571092,5.09141546603283));
#4972=CARTESIAN_POINT('Ctrl Pts',(-13.2198886772858,13.4339382153271,5.01212027535652));
#4973=CARTESIAN_POINT('Ctrl Pts',(-13.2299000977608,13.4306298059688,4.96884498415917));
#4974=CARTESIAN_POINT('Ctrl Pts',(-13.2412491860141,13.4268468309526,4.92586327860704));
#4975=CARTESIAN_POINT('Ctrl Pts',(-13.2539145909146,13.4225790724083,4.88319053874481));
#4976=CARTESIAN_POINT('Ctrl Pts',(-13.2581738157054,13.4211438760497,4.86884020467015));
#4977=CARTESIAN_POINT('Ctrl Pts',(-13.2625818645516,13.4196538706684,4.8545248118742));
#4978=CARTESIAN_POINT('Ctrl Pts',(-13.2671344923565,13.4181090954458,4.84025304352551));
#4979=CARTESIAN_POINT('Ctrl Pts',(-13.2927731999381,13.4094094955863,4.75987974901408));
#4980=CARTESIAN_POINT('Ctrl Pts',(-13.3230985114274,13.3989609217845,4.68056175481312));
#4981=CARTESIAN_POINT('Ctrl Pts',(-13.3574429393486,13.3867476488378,4.60384788044754));
#4982=CARTESIAN_POINT('Ctrl Pts',(-13.359645013509,13.3859645659799,4.59892918909916));
#4983=CARTESIAN_POINT('Ctrl Pts',(-13.3618635961017,13.3851742346887,4.59402119467848));
#4984=CARTESIAN_POINT('Ctrl Pts',(-13.3640985055785,13.3843766534249,4.58912430122484));
#4985=CARTESIAN_POINT('Ctrl Pts',(-13.3731019176952,13.3811635690074,4.56939699221625));
#4986=CARTESIAN_POINT('Ctrl Pts',(-13.3823703154043,13.377832816002,4.54984984822891));
#4987=CARTESIAN_POINT('Ctrl Pts',(-13.391903987082,13.3743793137568,4.53047529506462));
#4988=CARTESIAN_POINT('Ctrl Pts',(-13.4163088058746,13.3655388481582,4.48087924485996));
#4989=CARTESIAN_POINT('Ctrl Pts',(-13.4423823331235,13.355922709086,4.43255419176091));
#4990=CARTESIAN_POINT('Ctrl Pts',(-13.4700891710207,13.3454721940415,4.38535839897562));
#4991=CARTESIAN_POINT('Ctrl Pts',(-13.4838985498549,13.3402635476489,4.36183552045832));
#4992=CARTESIAN_POINT('Ctrl Pts',(-13.4981061893388,13.3348449033032,4.33860816270424));
#4993=CARTESIAN_POINT('Ctrl Pts',(-13.5127246684893,13.3292003468649,4.31563104807687));
#4994=CARTESIAN_POINT('Ctrl Pts',(-13.5274363885452,13.3235197878062,4.29250737873937));
#4995=CARTESIAN_POINT('Ctrl Pts',(-13.5425641662209,13.3176104554644,4.26963723558168));
#4996=CARTESIAN_POINT('Ctrl Pts',(-13.5580892333905,13.3114668387724,4.24703151529307));
#4997=CARTESIAN_POINT('Ctrl Pts',(-13.5890409719393,13.2992185428057,4.20196334673447));
#4998=CARTESIAN_POINT('Ctrl Pts',(-13.6216062063558,13.286057554989,4.15788401963878));
#4999=CARTESIAN_POINT('Ctrl Pts',(-13.6555006058866,13.2720140741374,4.1151130370208));
#5000=CARTESIAN_POINT('Ctrl Pts',(-13.6692977910104,13.2662974806064,4.09770251571702));
#5001=CARTESIAN_POINT('Ctrl Pts',(-13.6833205076083,13.2604303523326,4.0805030646943));
#5002=CARTESIAN_POINT('Ctrl Pts',(-13.6975389410868,13.2544193418406,4.06354833570066));
#5003=CARTESIAN_POINT('Ctrl Pts',(-13.7182497530085,13.2456636017693,4.03885178921399));
#5004=CARTESIAN_POINT('Ctrl Pts',(-13.7393760614226,13.236602355091,4.0146747582143));
#5005=CARTESIAN_POINT('Ctrl Pts',(-13.7608541647143,13.2272491944222,3.99104528647356));
#5006=CARTESIAN_POINT('Ctrl Pts',(-13.7970774640926,13.2114748807205,3.95119365630903));
#5007=CARTESIAN_POINT('Ctrl Pts',(-13.8342754869446,13.1948991633494,3.91291583377125));
#5008=CARTESIAN_POINT('Ctrl Pts',(-13.8723768573202,13.1774373049773,3.87608723152211));
#5009=CARTESIAN_POINT('Ctrl Pts',(-13.8851413312579,13.1715873464614,3.86374915210562));
#5010=CARTESIAN_POINT('Ctrl Pts',(-13.8980066973602,13.165637829022,3.85157452649825));
#5011=CARTESIAN_POINT('Ctrl Pts',(-13.9109717179206,13.1595880508506,3.83955698885501));
#5012=CARTESIAN_POINT('Ctrl Pts',(-13.936706690224,13.1475795181254,3.81570272676858));
#5013=CARTESIAN_POINT('Ctrl Pts',(-13.9628339443326,13.1351761402661,3.79246716901804));
#5014=CARTESIAN_POINT('Ctrl Pts',(-13.9893422737642,13.1223723841838,3.76982100111036));
#5015=CARTESIAN_POINT('Ctrl Pts',(-14.0408790765323,13.0974796555189,3.72579291205541));
#5016=CARTESIAN_POINT('Ctrl Pts',(-14.0938011070558,13.0710848085634,3.68404548145294));
#5017=CARTESIAN_POINT('Ctrl Pts',(-14.1478614929752,13.0431485517457,3.64454622918782));
#5018=CARTESIAN_POINT('Ctrl Pts',(-14.2105755679538,13.0107404126824,3.5987241540023));
#5019=CARTESIAN_POINT('Ctrl Pts',(-14.274819145206,12.9762595643202,3.55592785561835));
#5020=CARTESIAN_POINT('Ctrl Pts',(-14.3397401476654,12.9400071816336,3.5162129815355));
#5021=CARTESIAN_POINT('Ctrl Pts',(-14.3605738083179,12.9283735067036,3.50346816586484));
#5022=CARTESIAN_POINT('Ctrl Pts',(-14.381477605504,12.9165572312844,3.49104070636813));
#5023=CARTESIAN_POINT('Ctrl Pts',(-14.4024243928157,12.9045678571206,3.4789325205808));
#5024=CARTESIAN_POINT('Ctrl Pts',(-14.4340231713649,12.8864815714526,3.46066700445977));
#5025=CARTESIAN_POINT('Ctrl Pts',(-14.4657198838785,12.8680013117552,3.44312791992409));
#5026=CARTESIAN_POINT('Ctrl Pts',(-14.4975306058606,12.8491013878167,3.42626247744706));
#5027=CARTESIAN_POINT('Ctrl Pts',(-14.5536582121106,12.8157539054938,3.39650468335754));
#5028=CARTESIAN_POINT('Ctrl Pts',(-14.6098966658047,12.7812484978793,3.36896918681662));
#5029=CARTESIAN_POINT('Ctrl Pts',(-14.6664125305561,12.7454051717823,3.34329769017729));
#5030=CARTESIAN_POINT('Ctrl Pts',(-14.6981295192562,12.7252897161701,3.32889071662386));
#5031=CARTESIAN_POINT('Ctrl Pts',(-14.7299335869693,12.7047528581832,3.31507185465029));
#5032=CARTESIAN_POINT('Ctrl Pts',(-14.7617549501949,12.6838308810696,3.3018251035662));
#5033=CARTESIAN_POINT('Ctrl Pts',(-14.8201412571428,12.645442928641,3.27751976914749));
#5034=CARTESIAN_POINT('Ctrl Pts',(-14.8787924593029,12.605652719519,3.25505181183973));
#5035=CARTESIAN_POINT('Ctrl Pts',(-14.93710663772,12.5647923781278,3.23443882324434));
#5036=CARTESIAN_POINT('Ctrl Pts',(-14.9672063114749,12.5437017449616,3.22379914266107));
#5037=CARTESIAN_POINT('Ctrl Pts',(-14.9972164396161,12.5223260694421,3.21365334031363));
#5038=CARTESIAN_POINT('Ctrl Pts',(-15.0271219161326,12.5006741797635,3.20397686748628));
#5039=CARTESIAN_POINT('Ctrl Pts',(-15.1044818059734,12.4446647796304,3.17894563711755));
#5040=CARTESIAN_POINT('Ctrl Pts',(-15.1809462425781,12.3869565132379,3.15711234388878));
#5041=CARTESIAN_POINT('Ctrl Pts',(-15.2565135391708,12.3275458219657,3.13794674756558));
#5042=CARTESIAN_POINT('Ctrl Pts',(-15.3295004737885,12.2701638004432,3.1194355901096));
#5043=CARTESIAN_POINT('Ctrl Pts',(-15.4016505778187,12.2111935103185,3.10341393371409));
#5044=CARTESIAN_POINT('Ctrl Pts',(-15.4729613372897,12.1506163516589,3.08944744328516));
#5045=CARTESIAN_POINT('Ctrl Pts',(-15.4954932957778,12.1314758736389,3.08503447131705));
#5046=CARTESIAN_POINT('Ctrl Pts',(-15.5179414399658,12.1121748663119,3.08082696755001));
#5047=CARTESIAN_POINT('Ctrl Pts',(-15.5403023089658,12.0927164376976,3.07681550137034));
#5048=CARTESIAN_POINT('Ctrl Pts',(-15.640933046072,12.0051475684202,3.05876267889125));
#5049=CARTESIAN_POINT('Ctrl Pts',(-15.7399734497352,11.9142793009856,3.0446418929681));
#5050=CARTESIAN_POINT('Ctrl Pts',(-15.836945522928,11.8205305523777,3.03369648546813));
#5051=CARTESIAN_POINT('Ctrl Pts',(-15.8881860991863,11.7709931985397,3.02791287200897));
#5052=CARTESIAN_POINT('Ctrl Pts',(-15.9388496259562,11.7206512050672,3.02301653839993));
#5053=CARTESIAN_POINT('Ctrl Pts',(-15.9888685430243,11.6695639322684,3.01890025372926));
#5054=CARTESIAN_POINT('Ctrl Pts',(-16.0902642354973,11.5660025257923,3.01055594003629));
#5055=CARTESIAN_POINT('Ctrl Pts',(-16.1890105267978,11.459379751517,3.00541419619789));
#5056=CARTESIAN_POINT('Ctrl Pts',(-16.2848825344901,11.350078099723,3.00263677628481));
#5057=CARTESIAN_POINT('Ctrl Pts',(-16.3482157572974,11.2778732295747,3.0008020076342));
#5058=CARTESIAN_POINT('Ctrl Pts',(-16.4102949522606,11.2044988623987,3.));
#5059=CARTESIAN_POINT('Ctrl Pts',(-16.4710585458012,11.1300602714214,3.));
#5060=CARTESIAN_POINT('Origin',(-11.,6.00000000000001,2.5));
#5061=CARTESIAN_POINT('',(-18.6159584865466,8.448913295974,2.5));
#5062=CARTESIAN_POINT('Origin',(-11.,6.00000000000001,2.5));
#5063=CARTESIAN_POINT('',(-18.1195579707033,8.35836687175592,3.));
#5064=CARTESIAN_POINT('Ctrl Pts',(-18.6159584865466,8.44891329597398,2.5));
#5065=CARTESIAN_POINT('Ctrl Pts',(-18.6159584865466,8.44891329597398,2.56456965130139));
#5066=CARTESIAN_POINT('Ctrl Pts',(-18.6035400951048,8.4466776349337,2.62849039591646));
#5067=CARTESIAN_POINT('Ctrl Pts',(-18.5552168302626,8.43795543451402,2.74825640162759));
#5068=CARTESIAN_POINT('Ctrl Pts',(-18.519688561359,8.43153594360023,2.8028705082066));
#5069=CARTESIAN_POINT('Ctrl Pts',(-18.4297228060606,8.41521431237667,2.89577675535607));
#5070=CARTESIAN_POINT('Ctrl Pts',(-18.3759871380342,8.40543767303528,2.93301533327889));
#5071=CARTESIAN_POINT('Ctrl Pts',(-18.2554733397163,8.38340119099158,2.98557669504076));
#5072=CARTESIAN_POINT('Ctrl Pts',(-18.1894809849048,8.37128012092075,2.99955340143742));
#5073=CARTESIAN_POINT('Ctrl Pts',(-18.1217054288701,8.35876350844801,2.99999649024943));
#5074=CARTESIAN_POINT('Ctrl Pts',(-18.1206316996139,8.35856519836255,3.));
#5075=CARTESIAN_POINT('Ctrl Pts',(-18.1195579707037,8.35836687175594,3.));
#5076=CARTESIAN_POINT('Origin',(-11.,6.00000000000001,3.));
#5077=CARTESIAN_POINT('Origin',(-19.,-6.,3.));
#5078=CARTESIAN_POINT('',(-18.2654492930251,5.14875778067501,3.));
#5079=CARTESIAN_POINT('',(-18.2654492930251,5.14875778067501,3.));
#5080=CARTESIAN_POINT('',(-18.2654492930251,5.14875778067501,3.));
#5081=CARTESIAN_POINT('Origin',(-21.3945657130529,-5.28163028608413,5.5));
#5082=CARTESIAN_POINT('',(-18.7013595246011,0.0376923118351755,3.23171191964547));
#5083=CARTESIAN_POINT('',(-18.6998811923755,0.06010736159528,3.22939011406861));
#5084=CARTESIAN_POINT('Ctrl Pts',(-18.7013595246012,0.0376923118351416,
3.23171191964524));
#5085=CARTESIAN_POINT('Ctrl Pts',(-18.7010118865978,0.0451666246806097,
3.23087096164571));
#5086=CARTESIAN_POINT('Ctrl Pts',(-18.7005188428893,0.0526383415735777,
3.23009751737236));
#5087=CARTESIAN_POINT('Ctrl Pts',(-18.6998811923755,0.0601073615952797,
3.22939011406861));
#5088=CARTESIAN_POINT('',(-18.9789131426106,-5.92971047536855,5.5));
#5089=CARTESIAN_POINT('Origin',(-18.5,4.36692209075872,5.5));
#5090=CARTESIAN_POINT('Origin',(-18.5,4.36692209075872,5.5));
#5091=CARTESIAN_POINT('Origin',(-18.2654492930251,5.148757780675,5.5));
#5092=CARTESIAN_POINT('Origin',(-18.2654492930251,5.148757780675,5.5));
#5093=CARTESIAN_POINT('Ctrl Pts',(-18.9989685402103,0.0226921153736342,
2.77526813688233));
#5094=CARTESIAN_POINT('Ctrl Pts',(-18.9973226480161,0.0589017436467781,
3.09829346026437));
#5095=CARTESIAN_POINT('Ctrl Pts',(-18.6998811923755,0.0601073615953496,
3.22939011406861));
#5096=CARTESIAN_POINT('Ctrl Pts',(-18.9996596210675,0.00748833651450134,
2.77612203548934));
#5097=CARTESIAN_POINT('Ctrl Pts',(-18.9984618980767,0.0459911469923139,
3.09926517564406));
#5098=CARTESIAN_POINT('Ctrl Pts',(-18.7005226027445,0.0525942349885524,
3.23010169727085));
#5099=CARTESIAN_POINT('Ctrl Pts',(-19.0000000000002,-0.00764704616136771,
2.7770510617751));
#5100=CARTESIAN_POINT('Ctrl Pts',(-18.9993513496218,0.0331409750992978,
3.10032338066773));
#5101=CARTESIAN_POINT('Ctrl Pts',(-18.7010139212654,0.0451228787656412,
3.23087588363358));
#5102=CARTESIAN_POINT('Ctrl Pts',(-19.0000000000002,-0.0227155455452841,
2.77805430357432));
#5103=CARTESIAN_POINT('Ctrl Pts',(-19.0000000000002,0.0203492844466567,
3.10146733224101));
#5104=CARTESIAN_POINT('Ctrl Pts',(-18.7013595246012,0.0376923118350997,
3.23171191964524));
#5105=CARTESIAN_POINT('',(-19.,-0.0227155455451572,2.77805430357456));
#5106=CARTESIAN_POINT('Origin',(-18.5,-0.0227155455451572,2.77805430357456));
#5107=CARTESIAN_POINT('',(-18.9989685402103,0.0226921153734932,2.77526813688233));
#5108=CARTESIAN_POINT('Origin',(-18.4994842701051,-1.17150858321995E-5,
2.77526813688234));
#5109=CARTESIAN_POINT('Ctrl Pts',(-18.9989685402103,0.0226921153734928,
2.7752681368817));
#5110=CARTESIAN_POINT('Ctrl Pts',(-18.9996563996361,0.00755920800693492,
2.7761180533637));
#5111=CARTESIAN_POINT('Ctrl Pts',(-19.,-0.00757670824793138,2.77704637965577));
#5112=CARTESIAN_POINT('Ctrl Pts',(-19.,-0.0227155455451573,2.77805430357456));
#5113=CARTESIAN_POINT('Origin',(-18.,-0.0227155455451433,-1.));
#5114=CARTESIAN_POINT('',(-18.9989685402103,0.0226921153735067,-1.));
#5115=CARTESIAN_POINT('',(-18.,-0.0227155455451433,-2.));
#5116=CARTESIAN_POINT('Origin',(-18.,-0.0227155455451433,-1.));
#5117=CARTESIAN_POINT('',(-19.,-0.0227155455451433,-1.));
#5118=CARTESIAN_POINT('Origin',(-18.,-0.0227155455451433,-1.));
#5119=CARTESIAN_POINT('Origin',(-18.,-0.0227155455451433,-1.));
#5120=CARTESIAN_POINT('Origin',(-1.04083408558608E-14,-41.,-2.));
#5121=CARTESIAN_POINT('',(-18.,-41.,-2.));
#5122=CARTESIAN_POINT('',(-18.,-41.,-2.));
#5123=CARTESIAN_POINT('',(-17.9080583842934,1.99999999999999,-2.));
#5124=CARTESIAN_POINT('',(-16.,-13.6679187143443,-2.));
#5125=CARTESIAN_POINT('Origin',(3.42901103761259E-15,-13.6679187143443,
-2.));
#5126=CARTESIAN_POINT('',(-16.,-41.6679187143443,-2.));
#5127=CARTESIAN_POINT('',(-16.,-41.6679187143443,-2.));
#5128=CARTESIAN_POINT('',(16.,-41.6679187143443,-2.));
#5129=CARTESIAN_POINT('Origin',(2.71050543121376E-17,-41.6679187143443,
-2.));
#5130=CARTESIAN_POINT('',(16.,-13.6679187143443,-2.));
#5131=CARTESIAN_POINT('',(16.,-13.6679187143443,-2.));
#5132=CARTESIAN_POINT('Origin',(3.42901103761259E-15,-13.6679187143443,
-2.));
#5133=CARTESIAN_POINT('',(18.,-0.0227155455449911,-2.));
#5134=CARTESIAN_POINT('',(18.,-41.,-2.));
#5135=CARTESIAN_POINT('',(18.,-0.0227155455449907,-2.));
#5136=CARTESIAN_POINT('Origin',(0.,-41.,-2.));
#5137=CARTESIAN_POINT('Origin',(0.,53.,0.));
#5138=CARTESIAN_POINT('Origin',(-5.3,53.,5.5));
#5139=CARTESIAN_POINT('Origin',(-5.3,53.,5.5));
#5140=CARTESIAN_POINT('Origin',(-5.3,53.,5.5));
#5141=CARTESIAN_POINT('Origin',(0.,53.,0.));
#5142=CARTESIAN_POINT('Origin',(-5.3,53.,5.5));
#5143=CARTESIAN_POINT('Origin',(0.,53.,0.));
#5144=CARTESIAN_POINT('Origin',(-5.3,53.,5.5));
#5145=CARTESIAN_POINT('Origin',(-15.544422020657,54.,-7.));
#5146=CARTESIAN_POINT('',(-16.5433905608673,54.0454076609187,-7.));
#5147=CARTESIAN_POINT('',(-15.544422020657,54.,-8.));
#5148=CARTESIAN_POINT('Origin',(-15.544422020657,54.,-7.));
#5149=CARTESIAN_POINT('',(-15.544422020657,55.,-7.));
#5150=CARTESIAN_POINT('Origin',(-15.544422020657,54.,-7.));
#5151=CARTESIAN_POINT('Origin',(-15.544422020657,54.,-7.));
#5152=CARTESIAN_POINT('Origin',(0.,0.,-8.));
#5153=CARTESIAN_POINT('',(-17.5931400556445,8.92820323027548,-8.));
#5154=CARTESIAN_POINT('',(9.81095414459923,54.,-8.));
#5155=CARTESIAN_POINT('',(9.81095414459923,54.,-8.));
#5156=CARTESIAN_POINT('',(15.804765385861,48.2724459655119,-8.));
#5157=CARTESIAN_POINT('Origin',(9.81095414459923,48.,-8.));
#5158=CARTESIAN_POINT('',(15.804765385861,48.2724459655119,-8.));
#5159=CARTESIAN_POINT('Origin',(13.1437039865157,-41.6679187143443,-4.));
#5160=CARTESIAN_POINT('',(13.1437039865158,-13.6679187143443,-4.));
#5161=CARTESIAN_POINT('',(16.,-13.6679187143443,-1.99999999999998));
#5162=CARTESIAN_POINT('',(13.1437039865157,-41.6679187143443,-4.));
#5163=CARTESIAN_POINT('',(13.1437039865157,-41.6679187143443,-4.));
#5164=CARTESIAN_POINT('',(13.1437039865158,-13.6679187143443,-4.));
#5165=CARTESIAN_POINT('Origin',(3.42901103761259E-15,-13.6679187143443,
-4.));
#5166=CARTESIAN_POINT('',(-13.1437039865157,-13.6679187143443,-4.));
#5167=CARTESIAN_POINT('Origin',(3.42901103761259E-15,-13.6679187143443,
-4.));
#5168=CARTESIAN_POINT('',(-16.,-13.6679187143443,-1.99999999999998));
#5169=CARTESIAN_POINT('Origin',(-13.1437039865158,-41.6679187143443,-4.));
#5170=CARTESIAN_POINT('',(-13.1437039865158,-41.6679187143443,-4.));
#5171=CARTESIAN_POINT('',(-13.1437039865158,-41.6679187143443,-4.));
#5172=CARTESIAN_POINT('',(-13.1437039865158,-41.6679187143443,-4.));
#5173=CARTESIAN_POINT('Origin',(2.71050543121376E-17,-41.6679187143443,
-4.));
#5174=CARTESIAN_POINT('Origin',(2.71050543121376E-17,-41.6679187143443,
-4.));
#5175=CARTESIAN_POINT('Origin',(18.7726806783485,-6.01033269643871,2.5));
#5176=CARTESIAN_POINT('',(18.7649335631303,5.17146161113424,2.5));
#5177=CARTESIAN_POINT('Origin',(18.2654492930251,5.14875778067492,2.5));
#5178=CARTESIAN_POINT('',(18.7649335631303,5.17146161113423,2.5));
#5179=CARTESIAN_POINT('Origin',(16.3809281010289,46.6082240045922,-1.5));
#5180=CARTESIAN_POINT('',(18.6159584865466,8.44891329597397,-1.5));
#5181=CARTESIAN_POINT('Ctrl Pts',(18.6159584865466,8.44891329597398,-1.5));
#5182=CARTESIAN_POINT('Ctrl Pts',(18.6159584865466,8.44891329597398,-1.47871121040118));
#5183=CARTESIAN_POINT('Ctrl Pts',(18.6142408868149,8.45427093182535,-1.45662686948679));
#5184=CARTESIAN_POINT('Ctrl Pts',(18.6081645243641,8.47303817974134,-1.41585953196109));
#5185=CARTESIAN_POINT('Ctrl Pts',(18.6038201875946,8.48638759664754,-1.3971467032721));
#5186=CARTESIAN_POINT('Ctrl Pts',(18.5792188476544,8.56116988294748,-1.31041512886532));
#5187=CARTESIAN_POINT('Ctrl Pts',(18.5461272073708,8.65775428601554,-1.25746030675407));
#5188=CARTESIAN_POINT('Ctrl Pts',(18.4016725783467,9.05398378196495,-1.07171934435429));
#5189=CARTESIAN_POINT('Ctrl Pts',(18.2273930962072,9.44934840842306,-0.999999999999997));
#5190=CARTESIAN_POINT('Ctrl Pts',(18.0553366214382,9.7712365555866,-1.));
#5191=CARTESIAN_POINT('',(16.9307861895246,45.5227038304593,-1.5));
#5192=CARTESIAN_POINT('',(18.6159584865466,8.44891329597396,-1.5));
#5193=CARTESIAN_POINT('Origin',(16.4313019194194,45.5,-1.5));
#5194=CARTESIAN_POINT('Origin',(16.4313019194194,45.5,12.));
#5195=CARTESIAN_POINT('',(16.9307861895246,45.5227038304593,12.5));
#5196=CARTESIAN_POINT('',(16.9307861895246,45.5227038304593,-1.5));
#5197=CARTESIAN_POINT('Origin',(16.4313019194194,45.5,12.5));
#5198=CARTESIAN_POINT('Origin',(16.3809281010289,46.6082240045922,12.5));
#5199=CARTESIAN_POINT('',(18.6159584865466,8.44891329597397,12.5));
#5200=CARTESIAN_POINT('',(16.9307861895246,45.5227038304593,12.5));
#5201=CARTESIAN_POINT('Ctrl Pts',(18.0553366214382,9.7712365555866,12.));
#5202=CARTESIAN_POINT('Ctrl Pts',(18.2273930962072,9.44934840842307,12.));
#5203=CARTESIAN_POINT('Ctrl Pts',(18.4016725783467,9.05398378196496,12.0717193443543));
#5204=CARTESIAN_POINT('Ctrl Pts',(18.5461272073708,8.65775428601555,12.2574603067541));
#5205=CARTESIAN_POINT('Ctrl Pts',(18.5792188476544,8.56116988294749,12.3104151288653));
#5206=CARTESIAN_POINT('Ctrl Pts',(18.6038201875946,8.48638759664755,12.3971467032721));
#5207=CARTESIAN_POINT('Ctrl Pts',(18.6081645243641,8.47303817974132,12.4158595319611));
#5208=CARTESIAN_POINT('Ctrl Pts',(18.6142408868149,8.45427093182533,12.4566268694868));
#5209=CARTESIAN_POINT('Ctrl Pts',(18.6159584865466,8.44891329597398,12.4787112104012));
#5210=CARTESIAN_POINT('Ctrl Pts',(18.6159584865466,8.44891329597398,12.5));
#5211=CARTESIAN_POINT('Origin',(11.,6.,12.));
#5212=CARTESIAN_POINT('',(18.6159584865466,8.44891329597397,12.5));
#5213=CARTESIAN_POINT('',(18.6159584865466,8.44891329597397,2.5));
#5214=CARTESIAN_POINT('Origin',(18.7726806783485,-6.01033269643871,8.5));
#5215=CARTESIAN_POINT('',(18.7649335631303,5.17146161113424,8.5));
#5216=CARTESIAN_POINT('Origin',(18.2654492930251,5.14875778067491,8.5));
#5217=CARTESIAN_POINT('',(18.6159584865466,8.44891329597396,8.5));
#5218=CARTESIAN_POINT('Ctrl Pts',(18.6999163870854,0.0592324660483718,7.77050958314379));
#5219=CARTESIAN_POINT('Ctrl Pts',(18.997362536393,0.0580241993545599,7.90160437929095));
#5220=CARTESIAN_POINT('Ctrl Pts',(18.9990087854145,0.0218067208818006,8.22463239895157));
#5221=CARTESIAN_POINT('Ctrl Pts',(18.5641660465879,1.64924437750708,7.92113776498115));
#5222=CARTESIAN_POINT('Ctrl Pts',(18.9211637479553,1.73439754508075,8.03793768272103));
#5223=CARTESIAN_POINT('Ctrl Pts',(18.9258811511854,1.63061467392064,8.40538309916185));
#5224=CARTESIAN_POINT('Ctrl Pts',(18.4147799553537,3.39898415916474,8.00002112564193));
#5225=CARTESIAN_POINT('Ctrl Pts',(18.8394082295015,3.53301895080949,8.06521148961288));
#5226=CARTESIAN_POINT('Ctrl Pts',(18.845407644947,3.40103181116607,8.50003472942597));
#5227=CARTESIAN_POINT('Ctrl Pts',(18.2653110733409,5.14971871417186,7.99999999947765));
#5228=CARTESIAN_POINT('Ctrl Pts',(18.7648896895399,5.17242683012132,7.9999055379488));
#5229=CARTESIAN_POINT('Ctrl Pts',(18.7648892513023,5.17243647134974,8.49999999044105));
#5230=CARTESIAN_POINT('Origin',(18.7649335631303,5.17146161113424,5.5));
#5231=CARTESIAN_POINT('Origin',(17.9618562020577,0.816448009184446,-7.));
#5232=CARTESIAN_POINT('',(16.8037339260713,48.3178536264305,-7.));
#5233=CARTESIAN_POINT('',(16.8037339260713,48.3178536264305,-7.));
#5234=CARTESIAN_POINT('Origin',(15.804765385861,48.2724459655119,-7.));
#5235=CARTESIAN_POINT('Ctrl Pts',(17.9080583842934,2.,-2.));
#5236=CARTESIAN_POINT('Ctrl Pts',(18.9070269245037,2.04540766091865,-2.));
#5237=CARTESIAN_POINT('Ctrl Pts',(18.9070269245037,2.04540766091865,-1.));
#5238=CARTESIAN_POINT('Ctrl Pts',(17.8702093639427,2.71372438379061,-2.));
#5239=CARTESIAN_POINT('Ctrl Pts',(18.874485874567,2.76131075956712,-2.00541605344803));
#5240=CARTESIAN_POINT('Ctrl Pts',(18.8691779041512,2.87808610867379,-1.00000000000072));
#5241=CARTESIAN_POINT('Ctrl Pts',(17.7945233009259,4.14094728634378,-2.25741790559592));
#5242=CARTESIAN_POINT('Ctrl Pts',(18.8096175854019,4.1884131211408,-2.27585872665432));
#5243=CARTESIAN_POINT('Ctrl Pts',(18.793491841137,4.54317949498669,-1.30032088986157));
#5244=CARTESIAN_POINT('Ctrl Pts',(17.6952908360287,6.01218805299174,-3.36712429513029));
#5245=CARTESIAN_POINT('Ctrl Pts',(18.7253278690788,6.042786880266,-3.39549753479943));
#5246=CARTESIAN_POINT('Ctrl Pts',(18.694259376239,6.72629372274216,-2.59497834431878));
#5247=CARTESIAN_POINT('Ctrl Pts',(17.622870289368,7.3778326471765,-5.06064285721859));
#5248=CARTESIAN_POINT('Ctrl Pts',(18.6641385306579,7.38895232554668,-5.08502913405542));
#5249=CARTESIAN_POINT('Ctrl Pts',(18.6218388295776,8.31954574929169,-4.57075000008827));
#5250=CARTESIAN_POINT('Ctrl Pts',(17.5985470585506,7.83649928540754,-6.43645320266122));
#5251=CARTESIAN_POINT('Ctrl Pts',(18.6436768802532,7.83910863438104,-6.44887798660577));
#5252=CARTESIAN_POINT('Ctrl Pts',(18.5975155987624,8.85465682722649,-6.17586206977154));
#5253=CARTESIAN_POINT('Ctrl Pts',(17.5931400556445,7.93845991166472,-7.14285714285713));
#5254=CARTESIAN_POINT('Ctrl Pts',(18.639116808841,7.93943020549885,-7.14957953573309));
#5255=CARTESIAN_POINT('Ctrl Pts',(18.5921085958548,8.97361089119416,-6.99999999999998));
#5256=CARTESIAN_POINT('',(18.9070269245037,2.04540766091865,-1.));
#5257=CARTESIAN_POINT('Origin',(18.9070269245037,2.04540766091865,-8.));
#5258=CARTESIAN_POINT('Origin',(17.9080583842934,2.,-1.));
#5259=CARTESIAN_POINT('Origin',(15.5010314597897,54.9545923390814,-1.));
#5260=CARTESIAN_POINT('',(18.9989685402103,0.022692115373658,-1.));
#5261=CARTESIAN_POINT('Ctrl Pts',(18.2653110733394,5.14971871418263,3.00000000052236));
#5262=CARTESIAN_POINT('Ctrl Pts',(18.7648896895395,5.17242683013213,3.00009446205226));
#5263=CARTESIAN_POINT('Ctrl Pts',(18.7648892513018,5.17243647136066,2.50000000955896));
#5264=CARTESIAN_POINT('Ctrl Pts',(18.4147799553528,3.39898415916816,2.99997887435783));
#5265=CARTESIAN_POINT('Ctrl Pts',(18.8394082295012,3.53301895081433,2.93478851038214));
#5266=CARTESIAN_POINT('Ctrl Pts',(18.8454076449468,3.40103181116971,2.49996527056826));
#5267=CARTESIAN_POINT('Ctrl Pts',(18.5641660465868,1.64924437750098,3.07886223501971));
#5268=CARTESIAN_POINT('Ctrl Pts',(18.9211637479575,1.73439754507485,2.96206231728592));
#5269=CARTESIAN_POINT('Ctrl Pts',(18.9258811511857,1.63061467391457,2.59461690083957));
#5270=CARTESIAN_POINT('Ctrl Pts',(18.6999163870857,0.0592324660385795,3.22949041685733));
#5271=CARTESIAN_POINT('Ctrl Pts',(18.9973625363934,0.0580241993447378,3.09839562071019));
#5272=CARTESIAN_POINT('Ctrl Pts',(18.9990087854149,0.0218067208718908,2.77536760104954));
#5273=CARTESIAN_POINT('Origin',(18.7649335631303,5.17146161113424,5.5));
#5274=CARTESIAN_POINT('Origin',(18.,-0.0227155455449976,11.));
#5275=CARTESIAN_POINT('',(19.,-0.0227155455449907,18.));
#5276=CARTESIAN_POINT('',(19.,-0.0227155455449976,8.22194569642547));
#5277=CARTESIAN_POINT('',(18.9989685402103,0.0226921153736595,18.));
#5278=CARTESIAN_POINT('',(18.9989685402103,0.0226921153736528,8.22473186311769));
#5279=CARTESIAN_POINT('Origin',(18.,-0.0227155455449907,18.));
#5280=CARTESIAN_POINT('Ctrl Pts',(18.9785846986266,-5.92837324927726,5.48124366320427));
#5281=CARTESIAN_POINT('Ctrl Pts',(19.,-5.99914382414633,5.47939292701922));
#5282=CARTESIAN_POINT('Ctrl Pts',(19.,-6.07308762992353,5.47745961725184));
#5283=CARTESIAN_POINT('Ctrl Pts',(18.9789423603198,-5.9359485534982,5.72399064512048));
#5284=CARTESIAN_POINT('Ctrl Pts',(19.0000000000004,-6.00688144440644,5.74604444826539));
#5285=CARTESIAN_POINT('Ctrl Pts',(19.,-6.0807712426041,5.76917944791288));
#5286=CARTESIAN_POINT('Ctrl Pts',(18.9659343546699,-5.66044135563784,6.20364798955055));
#5287=CARTESIAN_POINT('Ctrl Pts',(18.9999999999999,-5.72340215480416,6.27849685022375));
#5288=CARTESIAN_POINT('Ctrl Pts',(19.,-5.80129499482601,6.34569411829633));
#5289=CARTESIAN_POINT('Ctrl Pts',(18.9077671638342,-4.42768454753484,6.86209308345196));
#5290=CARTESIAN_POINT('Ctrl Pts',(18.9999999999996,-4.46151668609561,6.99672556639773));
#5291=CARTESIAN_POINT('Ctrl Pts',(19.,-4.55089108071534,7.13681015676943));
#5292=CARTESIAN_POINT('Ctrl Pts',(18.8161309428293,-2.48321311090103,7.41065009261098));
#5293=CARTESIAN_POINT('Ctrl Pts',(19.0000000000018,-2.47104182050864,7.57424581075411));
#5294=CARTESIAN_POINT('Ctrl Pts',(19.,-2.57863649724818,7.79543490531281));
#5295=CARTESIAN_POINT('Ctrl Pts',(18.7371297286028,-0.803678090691791,7.67370648098657));
#5296=CARTESIAN_POINT('Ctrl Pts',(18.9999999999957,-0.798931208024957,7.81890320745654));
#5297=CARTESIAN_POINT('Ctrl Pts',(19.,-0.875768799510124,8.11069478093947));
#5298=CARTESIAN_POINT('Ctrl Pts',(18.6942964227602,0.108217768639147,7.7745169056911));
#5299=CARTESIAN_POINT('Ctrl Pts',(19.0000000000003,0.0915275460932262,7.90235746116301));
#5300=CARTESIAN_POINT('Ctrl Pts',(19.,0.0485816158484977,8.23134544608446));
#5301=CARTESIAN_POINT('',(19.,-6.07338441815179,5.5));
#5302=CARTESIAN_POINT('Origin',(18.5,-6.07338441815179,5.5));
#5303=CARTESIAN_POINT('Origin',(19.,4.36692209075866,5.5));
#5304=CARTESIAN_POINT('Ctrl Pts',(18.6942964227661,0.108217768579392,3.22548309431418));
#5305=CARTESIAN_POINT('Ctrl Pts',(18.9999999999998,0.091527546032937,3.09764253884023));
#5306=CARTESIAN_POINT('Ctrl Pts',(19.,0.0485816157880941,2.76865455392359));
#5307=CARTESIAN_POINT('Ctrl Pts',(18.7371297286081,-0.803678090728599,3.32629351901733));
#5308=CARTESIAN_POINT('Ctrl Pts',(19.0000000000026,-0.798931208064737,3.18109679254597));
#5309=CARTESIAN_POINT('Ctrl Pts',(19.,-0.875768799547707,2.88930521906545));
#5310=CARTESIAN_POINT('Ctrl Pts',(18.8161309428318,-2.48321311091534,3.5893499073914));
#5311=CARTESIAN_POINT('Ctrl Pts',(18.9999999999988,-2.47104182052445,3.42575418924926));
#5312=CARTESIAN_POINT('Ctrl Pts',(19.,-2.57863649726275,3.204565094693));
#5313=CARTESIAN_POINT('Ctrl Pts',(18.9077671638354,-4.4276845475352,4.1379069165463));
#5314=CARTESIAN_POINT('Ctrl Pts',(19.0000000000003,-4.46151668609637,4.00327443360127));
#5315=CARTESIAN_POINT('Ctrl Pts',(19.,-4.55089108071532,3.86318984323026));
#5316=CARTESIAN_POINT('Ctrl Pts',(18.9659343546699,-5.66044135562958,4.79635201044403));
#5317=CARTESIAN_POINT('Ctrl Pts',(18.9999999999997,-5.7234021547956,4.72150314977072));
#5318=CARTESIAN_POINT('Ctrl Pts',(19.,-5.80129499481683,4.65430588169817));
#5319=CARTESIAN_POINT('Ctrl Pts',(18.9789423603198,-5.93594855349304,5.27600935486802));
#5320=CARTESIAN_POINT('Ctrl Pts',(19.0000000000004,-6.00688144440073,5.25395555172287));
#5321=CARTESIAN_POINT('Ctrl Pts',(19.,-6.08077124259797,5.23082055207397));
#5322=CARTESIAN_POINT('Ctrl Pts',(18.9785846986269,-5.92837324927862,5.51875633678005));
#5323=CARTESIAN_POINT('Ctrl Pts',(18.9999999999999,-5.99914382414729,5.52060707296347));
#5324=CARTESIAN_POINT('Ctrl Pts',(19.,-6.07308762992403,5.52254038272926));
#5325=CARTESIAN_POINT('Origin',(19.,4.36692209075866,5.5));
#5326=CARTESIAN_POINT('Origin',(18.,-0.0227155455449976,11.));
#5327=CARTESIAN_POINT('',(19.,-0.0227155455449976,-1.));
#5328=CARTESIAN_POINT('',(18.9989685402103,0.0226921153736528,-1.));
#5329=CARTESIAN_POINT('Origin',(18.,-41.,-1.));
#5330=CARTESIAN_POINT('',(19.,-41.,-1.));
#5331=CARTESIAN_POINT('',(19.,-0.0227155455449907,-1.));
#5332=CARTESIAN_POINT('Origin',(18.,-41.,-1.));
#5333=CARTESIAN_POINT('Origin',(0.,-41.,-1.));
#5334=CARTESIAN_POINT('',(-19.,-41.,-1.));
#5335=CARTESIAN_POINT('Origin',(-18.,-41.,-1.));
#5336=CARTESIAN_POINT('Origin',(0.,-41.,-1.));
#5337=CARTESIAN_POINT('Ctrl Pts',(-18.6942964227634,0.108217768607252,7.77451690568829));
#5338=CARTESIAN_POINT('Ctrl Pts',(-19.,0.0915275460610346,7.90235746116148));
#5339=CARTESIAN_POINT('Ctrl Pts',(-19.,0.0485816158162413,8.23134544608023));
#5340=CARTESIAN_POINT('Ctrl Pts',(-18.7371297286053,-0.80367809071209,7.67370648098426));
#5341=CARTESIAN_POINT('Ctrl Pts',(-19.0000000000003,-0.798931208046747,
7.81890320745274));
#5342=CARTESIAN_POINT('Ctrl Pts',(-19.,-0.875768799530669,8.11069478093575));
#5343=CARTESIAN_POINT('Ctrl Pts',(-18.8161309428308,-2.48321311090842,7.41065009260979));
#5344=CARTESIAN_POINT('Ctrl Pts',(-18.9999999999998,-2.47104182051684,7.57424581075333));
#5345=CARTESIAN_POINT('Ctrl Pts',(-19.,-2.57863649725578,7.79543490531018));
#5346=CARTESIAN_POINT('Ctrl Pts',(-18.9077671638348,-4.42768454753515,6.86209308345283));
#5347=CARTESIAN_POINT('Ctrl Pts',(-19.0000000000001,-4.4615166860962,6.99672556639807));
#5348=CARTESIAN_POINT('Ctrl Pts',(-19.,-4.55089108071542,7.13681015676943));
#5349=CARTESIAN_POINT('Ctrl Pts',(-18.9659343546699,-5.66044135563334,6.20364798955345));
#5350=CARTESIAN_POINT('Ctrl Pts',(-18.9999999999998,-5.72340215479926,6.27849685022637));
#5351=CARTESIAN_POINT('Ctrl Pts',(-19.,-5.80129499482101,6.34569411829925));
#5352=CARTESIAN_POINT('Ctrl Pts',(-18.9789423603198,-5.93594855349537,5.72399064512663));
#5353=CARTESIAN_POINT('Ctrl Pts',(-19.0000000000004,-6.00688144440385,5.74604444827258));
#5354=CARTESIAN_POINT('Ctrl Pts',(-19.,-6.08077124260076,5.76917944792003));
#5355=CARTESIAN_POINT('Ctrl Pts',(-18.9785846986268,-5.92837324927793,5.48124366321266));
#5356=CARTESIAN_POINT('Ctrl Pts',(-19.,-5.99914382414674,5.47939292702841));
#5357=CARTESIAN_POINT('Ctrl Pts',(-19.,-6.07308762992374,5.47745961726195));
#5358=CARTESIAN_POINT('',(-19.,-6.07338441815173,5.5));
#5359=CARTESIAN_POINT('Origin',(-18.5,-6.07338441815173,5.5));
#5360=CARTESIAN_POINT('Origin',(-19.,4.36692209075872,5.5));
#5361=CARTESIAN_POINT('Origin',(-18.,-41.,-1.));
#5362=CARTESIAN_POINT('',(-19.,-41.,-1.));
#5363=CARTESIAN_POINT('Ctrl Pts',(-18.9785846986266,-5.92837324927689,5.51875633679931));
#5364=CARTESIAN_POINT('Ctrl Pts',(-19.,-5.99914382414613,5.52060707298467));
#5365=CARTESIAN_POINT('Ctrl Pts',(-19.,-6.07308762992336,5.52254038275247));
#5366=CARTESIAN_POINT('Ctrl Pts',(-18.9789423603199,-5.93594855349933,5.27600935488214));
#5367=CARTESIAN_POINT('Ctrl Pts',(-19.0000000000004,-6.00688144440664,5.253955551738));
#5368=CARTESIAN_POINT('Ctrl Pts',(-19.,-6.08077124260544,5.23082055209016));
#5369=CARTESIAN_POINT('Ctrl Pts',(-18.9659343546699,-5.66044135563969,4.79635201045072));
#5370=CARTESIAN_POINT('Ctrl Pts',(-18.9999999999999,-5.72340215480643,4.72150314977724));
#5371=CARTESIAN_POINT('Ctrl Pts',(-19.,-5.80129499482805,4.65430588170501));
#5372=CARTESIAN_POINT('Ctrl Pts',(-18.9077671638341,-4.4276845475347,4.13790691654841));
#5373=CARTESIAN_POINT('Ctrl Pts',(-18.9999999999998,-4.46151668609558,4.00327443360243));
#5374=CARTESIAN_POINT('Ctrl Pts',(-19.,-4.55089108071531,3.86318984323036));
#5375=CARTESIAN_POINT('Ctrl Pts',(-18.8161309428284,-2.48321311089809,3.58934990738871));
#5376=CARTESIAN_POINT('Ctrl Pts',(-19.0000000000011,-2.47104182050464,3.42575418924606));
#5377=CARTESIAN_POINT('Ctrl Pts',(-19.,-2.57863649724509,3.20456509468712));
#5378=CARTESIAN_POINT('Ctrl Pts',(-18.7371297286025,-0.803678090683019,
3.32629351901213));
#5379=CARTESIAN_POINT('Ctrl Pts',(-18.9999999999973,-0.798931208016297,
3.18109679254059));
#5380=CARTESIAN_POINT('Ctrl Pts',(-19.,-0.875768799501345,2.88930521905673));
#5381=CARTESIAN_POINT('Ctrl Pts',(-18.6942964227588,0.108217768652496,3.22548309430777));
#5382=CARTESIAN_POINT('Ctrl Pts',(-19.0000000000002,0.0915275461067155,
3.09764253883648));
#5383=CARTESIAN_POINT('Ctrl Pts',(-19.,0.0485816158620031,2.76865455391397));
#5384=CARTESIAN_POINT('Origin',(-19.,4.36692209075872,5.5));
#5385=CARTESIAN_POINT('Ctrl Pts',(-17.5931400556445,7.93845991166472,-7.14285714285715));
#5386=CARTESIAN_POINT('Ctrl Pts',(-18.639116808841,7.93943020549885,-7.14957953573311));
#5387=CARTESIAN_POINT('Ctrl Pts',(-18.5921085958548,8.97361089119415,-7.));
#5388=CARTESIAN_POINT('Ctrl Pts',(-17.5985470585492,7.83649928540749,-6.43645320266093));
#5389=CARTESIAN_POINT('Ctrl Pts',(-18.6436768802511,7.83910863437947,-6.44887798660422));
#5390=CARTESIAN_POINT('Ctrl Pts',(-18.5975155987624,8.85465682722656,-6.17586206977156));
#5391=CARTESIAN_POINT('Ctrl Pts',(-17.6228702893687,7.37783264717654,-5.06064285721874));
#5392=CARTESIAN_POINT('Ctrl Pts',(-18.6641385306589,7.38895232554738,-5.08502913405612));
#5393=CARTESIAN_POINT('Ctrl Pts',(-18.6218388295777,8.31954574929166,-4.57075000008828));
#5394=CARTESIAN_POINT('Ctrl Pts',(-17.6952908360286,6.01218805299164,-3.36712429513025));
#5395=CARTESIAN_POINT('Ctrl Pts',(-18.7253278690786,6.04278688026582,-3.39549753479927));
#5396=CARTESIAN_POINT('Ctrl Pts',(-18.694259376239,6.72629372274214,-2.59497834431877));
#5397=CARTESIAN_POINT('Ctrl Pts',(-17.7945233009259,4.14094728634407,-2.25741790559595));
#5398=CARTESIAN_POINT('Ctrl Pts',(-18.8096175854016,4.18841312114098,-2.27585872665435));
#5399=CARTESIAN_POINT('Ctrl Pts',(-18.793491841137,4.54317949498673,-1.30032088986159));
#5400=CARTESIAN_POINT('Ctrl Pts',(-17.8702093639427,2.71372438379006,-2.));
#5401=CARTESIAN_POINT('Ctrl Pts',(-18.8744858745679,2.76131075956656,-2.00541605344804));
#5402=CARTESIAN_POINT('Ctrl Pts',(-18.8691779041512,2.87808610867379,-1.00000000000072));
#5403=CARTESIAN_POINT('Ctrl Pts',(-17.9080583842934,2.,-2.));
#5404=CARTESIAN_POINT('Ctrl Pts',(-18.9070269245037,2.04540766091865,-2.));
#5405=CARTESIAN_POINT('Ctrl Pts',(-18.9070269245037,2.04540766091865,-1.));
#5406=CARTESIAN_POINT('',(-18.9070269245037,2.04540766091864,-1.));
#5407=CARTESIAN_POINT('Origin',(-17.9080583842934,1.99999999999999,-1.));
#5408=CARTESIAN_POINT('Origin',(-18.9070269245037,2.04540766091864,-8.));
#5409=CARTESIAN_POINT('Origin',(-17.9618562020577,0.816448009184443,-7.));
#5410=CARTESIAN_POINT('',(-18.5921085958548,8.97361089119415,-7.));
#5411=CARTESIAN_POINT('Origin',(-18.,-0.0227155455451572,-8.));
#5412=CARTESIAN_POINT('',(-18.9989685402103,0.0226921153735067,18.));
#5413=CARTESIAN_POINT('',(-18.9989685402103,0.0226921153734932,8.22473186311766));
#5414=CARTESIAN_POINT('',(-19.,-0.0227155455451433,18.));
#5415=CARTESIAN_POINT('',(-19.,-0.0227155455451572,8.22194569642544));
#5416=CARTESIAN_POINT('Origin',(-18.,-0.0227155455451433,18.));
#5417=CARTESIAN_POINT('Ctrl Pts',(-18.265311073349,5.14971871411575,7.99999999947765));
#5418=CARTESIAN_POINT('Ctrl Pts',(-18.7648896895425,5.17242683006496,7.99990553795432));
#5419=CARTESIAN_POINT('Ctrl Pts',(-18.7648892513049,5.17243647129282,8.49999999044105));
#5420=CARTESIAN_POINT('Ctrl Pts',(-18.4147799553579,3.39898415914478,8.0000211256407));
#5421=CARTESIAN_POINT('Ctrl Pts',(-18.8394082295024,3.53301895078085,8.06521148961411));
#5422=CARTESIAN_POINT('Ctrl Pts',(-18.845407644948,3.40103181114502,8.50003472942394));
#5423=CARTESIAN_POINT('Ctrl Pts',(-18.5641660465951,1.64924437752823,7.92113776498488));
#5424=CARTESIAN_POINT('Ctrl Pts',(-18.9211637479621,1.73439754508944,8.03793768271573));
#5425=CARTESIAN_POINT('Ctrl Pts',(-18.9258811511845,1.630614673942,8.40538309916193));
#5426=CARTESIAN_POINT('Ctrl Pts',(-18.6999163870833,0.059232466099386,7.77050958314963));
#5427=CARTESIAN_POINT('Ctrl Pts',(-18.9973625363906,0.0580241994057273,
7.90160437929691));
#5428=CARTESIAN_POINT('Ctrl Pts',(-18.9990087854121,0.0218067209334255,
8.22463239895737));
#5429=CARTESIAN_POINT('',(-18.7649335631303,5.17146161113433,8.5));
#5430=CARTESIAN_POINT('Origin',(-18.2654492930251,5.148757780675,8.5));
#5431=CARTESIAN_POINT('Origin',(-18.7649335631303,5.17146161113433,5.5));
#5432=CARTESIAN_POINT('Origin',(-18.7726806783485,-6.01033269643871,8.5));
#5433=CARTESIAN_POINT('',(-18.7649335631303,5.17146161113431,8.5));
#5434=CARTESIAN_POINT('Origin',(-16.4592786164928,44.884512664386,12.5));
#5435=CARTESIAN_POINT('',(-18.6159584865466,8.448913295974,12.5));
#5436=CARTESIAN_POINT('Ctrl Pts',(-18.6159584865466,8.448913295974,12.5));
#5437=CARTESIAN_POINT('Ctrl Pts',(-18.6159584865466,8.448913295974,12.4857805286588));
#5438=CARTESIAN_POINT('Ctrl Pts',(-18.6152392279795,8.45115317963035,12.4716090585049));
#5439=CARTESIAN_POINT('Ctrl Pts',(-18.6125301686032,8.45955341394804,12.4441043069124));
#5440=CARTESIAN_POINT('Ctrl Pts',(-18.6105322586579,8.46573924168997,12.4307796123074));
#5441=CARTESIAN_POINT('Ctrl Pts',(-18.6032243767068,8.48821418870445,12.3927992855981));
#5442=CARTESIAN_POINT('Ctrl Pts',(-18.5964850081467,8.50875921907005,12.370225864091));
#5443=CARTESIAN_POINT('Ctrl Pts',(-18.5547057896032,8.63413955378571,12.2543638825817));
#5444=CARTESIAN_POINT('Ctrl Pts',(-18.4991150481307,8.78979071028975,12.19164874575));
#5445=CARTESIAN_POINT('Ctrl Pts',(-18.3440578998192,9.18524511653344,12.0547081922396));
#5446=CARTESIAN_POINT('Ctrl Pts',(-18.1962769901798,9.50756130468022,12.));
#5447=CARTESIAN_POINT('Ctrl Pts',(-18.0553366214382,9.77123655558661,12.));
#5448=CARTESIAN_POINT('',(-16.9307861895246,45.5227038304593,12.5));
#5449=CARTESIAN_POINT('',(-18.6159584865466,8.448913295974,12.5));
#5450=CARTESIAN_POINT('Origin',(-16.4313019194194,45.5,12.5));
#5451=CARTESIAN_POINT('Origin',(-16.4313019194194,45.5,12.));
#5452=CARTESIAN_POINT('',(-16.9307861895246,45.5227038304593,-1.5));
#5453=CARTESIAN_POINT('',(-16.9307861895246,45.5227038304593,12.5));
#5454=CARTESIAN_POINT('Origin',(-16.4313019194194,45.5,-1.5));
#5455=CARTESIAN_POINT('Origin',(-16.4592786164928,44.884512664386,-1.5));
#5456=CARTESIAN_POINT('',(-18.6159584865466,8.448913295974,-1.5));
#5457=CARTESIAN_POINT('',(-16.9307861895246,45.5227038304593,-1.5));
#5458=CARTESIAN_POINT('Ctrl Pts',(-18.0553366214382,9.77123655558661,-1.));
#5459=CARTESIAN_POINT('Ctrl Pts',(-18.2273930962072,9.44934840842308,-1.));
#5460=CARTESIAN_POINT('Ctrl Pts',(-18.4016725783467,9.05398378196498,-1.07171934435429));
#5461=CARTESIAN_POINT('Ctrl Pts',(-18.5461272073708,8.65775428601556,-1.25746030675406));
#5462=CARTESIAN_POINT('Ctrl Pts',(-18.5792188476544,8.56116988294751,-1.31041512886531));
#5463=CARTESIAN_POINT('Ctrl Pts',(-18.6038201875946,8.48638759664756,-1.39714670327209));
#5464=CARTESIAN_POINT('Ctrl Pts',(-18.6081645243641,8.47303817974135,-1.41585953196108));
#5465=CARTESIAN_POINT('Ctrl Pts',(-18.614240886815,8.45427093182536,-1.45662686948678));
#5466=CARTESIAN_POINT('Ctrl Pts',(-18.6159584865466,8.448913295974,-1.47871121040118));
#5467=CARTESIAN_POINT('Ctrl Pts',(-18.6159584865466,8.448913295974,-1.5));
#5468=CARTESIAN_POINT('Origin',(-11.,6.00000000000001,11.));
#5469=CARTESIAN_POINT('',(-18.6159584865466,8.448913295974,2.5));
#5470=CARTESIAN_POINT('',(-18.6159584865466,8.448913295974,12.5));
#5471=CARTESIAN_POINT('Origin',(-16.0005157298949,54.9772961695407,2.5));
#5472=CARTESIAN_POINT('',(-18.7649335631303,5.17146161113433,2.5));
#5473=CARTESIAN_POINT('Origin',(-18.2654492930251,5.14875778067501,2.5));
#5474=CARTESIAN_POINT('',(-18.7649335631303,5.17146161113432,2.5));
#5475=CARTESIAN_POINT('Ctrl Pts',(-18.6999163870831,0.059232466104426,3.22949041684979));
#5476=CARTESIAN_POINT('Ctrl Pts',(-18.9973625363904,0.0580241994107828,
3.09839562070251));
#5477=CARTESIAN_POINT('Ctrl Pts',(-18.9990087854119,0.0218067209385261,
2.77536760104206));
#5478=CARTESIAN_POINT('Ctrl Pts',(-18.5641660465959,1.64924437752858,3.07886223501493));
#5479=CARTESIAN_POINT('Ctrl Pts',(-18.9211637479685,1.73439754508846,2.96206231727675));
#5480=CARTESIAN_POINT('Ctrl Pts',(-18.9258811511845,1.63061467394212,2.59461690083886));
#5481=CARTESIAN_POINT('Ctrl Pts',(-18.4147799553583,3.39898415914303,2.99997887435943));
#5482=CARTESIAN_POINT('Ctrl Pts',(-18.8394082295025,3.53301895077889,2.93478851038051));
#5483=CARTESIAN_POINT('Ctrl Pts',(-18.845407644948,3.40103181114316,2.49996527057088));
#5484=CARTESIAN_POINT('Ctrl Pts',(-18.2653110733498,5.14971871411022,3.00000000052235));
#5485=CARTESIAN_POINT('Ctrl Pts',(-18.7648896895428,5.17242683005941,3.00009446204514));
#5486=CARTESIAN_POINT('Ctrl Pts',(-18.7648892513051,5.17243647128721,2.50000000955896));
#5487=CARTESIAN_POINT('Origin',(-18.7649335631303,5.17146161113433,5.5));
#5488=CARTESIAN_POINT('Origin',(-18.,-0.0227155455451572,-8.));
#5489=CARTESIAN_POINT('',(-19.,-0.0227155455451572,-1.));
#5490=CARTESIAN_POINT('',(-18.9989685402103,0.0226921153734932,-1.));
#5491=CARTESIAN_POINT('Origin',(-15.5010314597897,54.9545923390814,-1.));
#5492=CARTESIAN_POINT('',(-18.9070269245037,2.04540766091864,-1.));
#5493=CARTESIAN_POINT('Origin',(-5.3,53.,5.5));
#5494=CARTESIAN_POINT('',(-5.3,55.,-1.));
#5495=CARTESIAN_POINT('',(-5.3,53.,-1.));
#5496=CARTESIAN_POINT('Origin',(-5.3,55.,5.5));
#5497=CARTESIAN_POINT('Origin',(0.,54.,-7.));
#5498=CARTESIAN_POINT('',(9.81095414459923,55.,-7.));
#5499=CARTESIAN_POINT('',(9.81095414459923,55.,-7.));
#5500=CARTESIAN_POINT('Origin',(9.81095414459923,54.,-7.));
#5501=CARTESIAN_POINT('Origin',(-15.544422020657,54.,0.));
#5502=CARTESIAN_POINT('',(-16.5433905608673,54.0454076609187,18.));
#5503=CARTESIAN_POINT('',(-16.5433905608673,54.0454076609187,-7.));
#5504=CARTESIAN_POINT('',(-15.544422020657,55.,18.));
#5505=CARTESIAN_POINT('Origin',(-15.544422020657,54.,18.));
#5506=CARTESIAN_POINT('',(-15.544422020657,55.,-7.));
#5507=CARTESIAN_POINT('Origin',(9.81095414459923,48.,-7.));
#5508=CARTESIAN_POINT('Origin',(9.81095414459923,48.,-7.));
#5509=CARTESIAN_POINT('Origin',(2.71050543121376E-17,-41.6679187143443,
-4.));
#5510=CARTESIAN_POINT('',(-9.,-34.75,-4.));
#5511=CARTESIAN_POINT('Origin',(0.,-34.75,-4.));
#5512=CARTESIAN_POINT('Origin',(-6.12323399573679E-17,38.1902832125553,
21.));
#5513=CARTESIAN_POINT('',(11.1437039865158,24.1902832125553,21.));
#5514=CARTESIAN_POINT('',(11.1437039865158,38.1902832125553,21.));
#5515=CARTESIAN_POINT('',(11.1437039865158,24.1902832125553,21.));
#5516=CARTESIAN_POINT('',(-11.1437039865158,38.1902832125553,21.));
#5517=CARTESIAN_POINT('Origin',(-6.12323399573679E-17,38.1902832125553,
21.));
#5518=CARTESIAN_POINT('',(-11.1437039865158,24.1902832125553,21.));
#5519=CARTESIAN_POINT('',(-11.1437039865158,38.1902832125553,21.));
#5520=CARTESIAN_POINT('Origin',(-6.16216469127503E-17,24.1902832125553,
21.));
#5521=CARTESIAN_POINT('Origin',(16.5,55.,-8.));
#5522=CARTESIAN_POINT('',(16.8037339260713,48.3178536264306,18.));
#5523=CARTESIAN_POINT('',(16.8037339260713,48.3178536264305,-7.));
#5524=CARTESIAN_POINT('',(16.8037339260713,48.3178536264306,18.));
#5525=CARTESIAN_POINT('Origin',(18.,-0.0227155455449907,18.));
#5526=CARTESIAN_POINT('',(18.,-0.0227155455449907,19.));
#5527=CARTESIAN_POINT('Origin',(18.,-0.0227155455449907,18.));
#5528=CARTESIAN_POINT('Origin',(18.,-0.0227155455449907,18.));
#5529=CARTESIAN_POINT('Origin',(19.,-60.,11.));
#5530=CARTESIAN_POINT('',(19.,-41.,18.));
#5531=CARTESIAN_POINT('',(19.,-41.,18.));
#5532=CARTESIAN_POINT('',(19.,-41.,18.));
#5533=CARTESIAN_POINT('Origin',(0.,-41.,11.));
#5534=CARTESIAN_POINT('',(-19.,-41.,18.));
#5535=CARTESIAN_POINT('',(-19.,-41.,18.));
#5536=CARTESIAN_POINT('Origin',(0.,-41.,18.));
#5537=CARTESIAN_POINT('Origin',(-19.,-60.,11.));
#5538=CARTESIAN_POINT('',(-19.,-0.0227155455451433,18.));
#5539=CARTESIAN_POINT('Origin',(-18.,-0.0227155455451433,18.));
#5540=CARTESIAN_POINT('',(-18.,-0.0227155455451433,19.));
#5541=CARTESIAN_POINT('Origin',(-18.,-0.0227155455451433,18.));
#5542=CARTESIAN_POINT('Origin',(-18.,-0.0227155455451433,18.));
#5543=CARTESIAN_POINT('Origin',(-16.5,55.,-8.));
#5544=CARTESIAN_POINT('',(-18.9989685402103,0.0226921153734932,18.));
#5545=CARTESIAN_POINT('Origin',(0.,55.,0.));
#5546=CARTESIAN_POINT('',(9.81095414459923,55.,18.));
#5547=CARTESIAN_POINT('',(9.81095414459923,55.,-7.));
#5548=CARTESIAN_POINT('',(-15.544422020657,55.,18.));
#5549=CARTESIAN_POINT('Origin',(-15.544422020657,54.,18.));
#5550=CARTESIAN_POINT('',(-15.544422020657,54.,19.));
#5551=CARTESIAN_POINT('Origin',(-15.544422020657,54.,18.));
#5552=CARTESIAN_POINT('Origin',(-15.544422020657,54.,18.));
#5553=CARTESIAN_POINT('Origin',(9.81095414459923,48.,-8.));
#5554=CARTESIAN_POINT('Origin',(9.81095414459923,48.,18.));
#5555=CARTESIAN_POINT('Origin',(0.,-34.75,-2.));
#5556=CARTESIAN_POINT('',(-9.,-34.75,0.));
#5557=CARTESIAN_POINT('',(-9.,-34.75,-2.));
#5558=CARTESIAN_POINT('Origin',(0.,-34.75,0.));
#5559=CARTESIAN_POINT('Origin',(-6.16216469127503E-17,24.1902832125553,
21.));
#5560=CARTESIAN_POINT('',(-14.,24.1902832125553,19.));
#5561=CARTESIAN_POINT('',(-14.,24.1902832125553,19.));
#5562=CARTESIAN_POINT('',(14.,24.1902832125553,19.));
#5563=CARTESIAN_POINT('Origin',(-6.16216469127503E-17,24.1902832125553,
19.));
#5564=CARTESIAN_POINT('',(11.1437039865158,24.1902832125553,21.));
#5565=CARTESIAN_POINT('Origin',(14.,38.1902832125553,19.));
#5566=CARTESIAN_POINT('',(14.,38.1902832125553,19.));
#5567=CARTESIAN_POINT('',(14.,38.1902832125553,19.));
#5568=CARTESIAN_POINT('',(11.1437039865158,38.1902832125553,21.));
#5569=CARTESIAN_POINT('Origin',(-6.12323399573679E-17,38.1902832125553,
21.));
#5570=CARTESIAN_POINT('',(-14.,38.1902832125553,19.));
#5571=CARTESIAN_POINT('Origin',(-6.12323399573679E-17,38.1902832125553,
19.));
#5572=CARTESIAN_POINT('',(-14.,38.1902832125553,19.));
#5573=CARTESIAN_POINT('Origin',(-11.1437039865158,38.1902832125553,21.));
#5574=CARTESIAN_POINT('',(-14.,38.1902832125553,19.));
#5575=CARTESIAN_POINT('Origin',(15.5010314597897,54.9545923390814,18.));
#5576=CARTESIAN_POINT('',(15.804765385861,48.2724459655119,19.));
#5577=CARTESIAN_POINT('Origin',(15.804765385861,48.2724459655119,18.));
#5578=CARTESIAN_POINT('',(15.804765385861,48.2724459655119,19.));
#5579=CARTESIAN_POINT('Origin',(18.,-41.,18.));
#5580=CARTESIAN_POINT('',(18.,-41.,19.));
#5581=CARTESIAN_POINT('',(18.,-41.,19.));
#5582=CARTESIAN_POINT('Origin',(18.,-41.,18.));
#5583=CARTESIAN_POINT('Origin',(0.,-41.,18.));
#5584=CARTESIAN_POINT('',(-18.,-41.,19.));
#5585=CARTESIAN_POINT('Origin',(-18.,-41.,18.));
#5586=CARTESIAN_POINT('Origin',(0.,-41.,19.));
#5587=CARTESIAN_POINT('Origin',(-18.,-41.,18.));
#5588=CARTESIAN_POINT('',(-18.,-0.0227155455451433,19.));
#5589=CARTESIAN_POINT('Origin',(-15.5010314597897,54.9545923390814,18.));
#5590=CARTESIAN_POINT('',(-18.,-0.0227155455451503,19.));
#5591=CARTESIAN_POINT('Origin',(0.,54.,18.));
#5592=CARTESIAN_POINT('',(9.81095414459923,54.,19.));
#5593=CARTESIAN_POINT('',(-15.544422020657,54.,19.));
#5594=CARTESIAN_POINT('Origin',(9.81095414459923,54.,18.));
#5595=CARTESIAN_POINT('Origin',(9.81095414459923,48.,18.));
#5596=CARTESIAN_POINT('Origin',(9.81095414459923,48.,19.));
#5597=CARTESIAN_POINT('Origin',(-1.04083408558608E-14,-41.,0.));
#5598=CARTESIAN_POINT('',(10.,-44.5,0.));
#5599=CARTESIAN_POINT('',(10.,-4.5,0.));
#5600=CARTESIAN_POINT('',(10.,-44.5,0.));
#5601=CARTESIAN_POINT('',(-10.,-4.5,0.));
#5602=CARTESIAN_POINT('',(10.,-4.5,0.));
#5603=CARTESIAN_POINT('',(-10.,-44.5,0.));
#5604=CARTESIAN_POINT('',(-10.,-4.5,0.));
#5605=CARTESIAN_POINT('',(-10.,-44.5,0.));
#5606=CARTESIAN_POINT('Origin',(5.,-0.499999999999998,2.));
#5607=CARTESIAN_POINT('',(3.7,-0.499999999999998,2.));
#5608=CARTESIAN_POINT('Origin',(5.,-0.499999999999998,2.));
#5609=CARTESIAN_POINT('Origin',(5.0000000000005,-48.5,2.));
#5610=CARTESIAN_POINT('',(3.7000000000005,-48.5,2.));
#5611=CARTESIAN_POINT('Origin',(5.0000000000005,-48.5,2.));
#5612=CARTESIAN_POINT('Origin',(-4.9999999999995,-48.5,2.));
#5613=CARTESIAN_POINT('',(-6.2999999999995,-48.5,2.));
#5614=CARTESIAN_POINT('Origin',(-4.9999999999995,-48.5,2.));
#5615=CARTESIAN_POINT('Origin',(0.,-41.,19.));
#5616=CARTESIAN_POINT('',(-16.5,-41.,19.));
#5617=CARTESIAN_POINT('',(-16.5,-8.00000000000003,19.));
#5618=CARTESIAN_POINT('',(-16.5,-8.00000000000003,19.));
#5619=CARTESIAN_POINT('',(16.5,-8.00000000000002,19.));
#5620=CARTESIAN_POINT('Origin',(-6.93889390390723E-15,-8.00000000000002,
19.));
#5621=CARTESIAN_POINT('',(16.5,-41.,19.));
#5622=CARTESIAN_POINT('',(16.5,-41.,19.));
#5623=CARTESIAN_POINT('Origin',(0.,-41.,19.));
#5624=CARTESIAN_POINT('Origin',(-10.,-41.,0.5));
#5625=CARTESIAN_POINT('Origin',(-10.,-44.5,0.5));
#5626=CARTESIAN_POINT('Origin',(-10.,-4.5,0.5));
#5627=CARTESIAN_POINT('',(-10.5,-4.,0.5));
#5628=CARTESIAN_POINT('Origin',(-1.04083408558608E-14,-44.5,0.5));
#5629=CARTESIAN_POINT('Origin',(10.,-44.5,0.5));
#5630=CARTESIAN_POINT('Origin',(10.,-41.,0.5));
#5631=CARTESIAN_POINT('',(10.5,-45.,0.5));
#5632=CARTESIAN_POINT('Origin',(10.,-4.5,0.5));
#5633=CARTESIAN_POINT('Origin',(-1.04083408558608E-14,-4.5,0.5));
#5634=CARTESIAN_POINT('Origin',(5.,-0.499999999999998,2.));
#5635=CARTESIAN_POINT('',(3.7,-0.499999999999998,10.));
#5636=CARTESIAN_POINT('',(3.7,-0.499999999999998,2.));
#5637=CARTESIAN_POINT('Origin',(5.,-0.499999999999998,10.));
#5638=CARTESIAN_POINT('Origin',(5.0000000000005,-48.5,2.));
#5639=CARTESIAN_POINT('',(3.7000000000005,-48.5,10.));
#5640=CARTESIAN_POINT('',(3.7000000000005,-48.5,2.));
#5641=CARTESIAN_POINT('Origin',(5.0000000000005,-48.5,10.));
#5642=CARTESIAN_POINT('Origin',(-4.9999999999995,-48.5,2.));
#5643=CARTESIAN_POINT('',(-6.2999999999995,-48.5,10.));
#5644=CARTESIAN_POINT('',(-6.2999999999995,-48.5,2.));
#5645=CARTESIAN_POINT('Origin',(-4.9999999999995,-48.5,10.));
#5646=CARTESIAN_POINT('Origin',(-16.5,57.,18.5));
#5647=CARTESIAN_POINT('',(-16.,-41.,18.5));
#5648=CARTESIAN_POINT('Origin',(-16.5,-41.,18.5));
#5649=CARTESIAN_POINT('',(-16.,-8.00000000000003,18.5));
#5650=CARTESIAN_POINT('',(-16.,-8.00000000000003,18.5));
#5651=CARTESIAN_POINT('Origin',(-16.5,-8.00000000000003,18.5));
#5652=CARTESIAN_POINT('Origin',(-8.10717706119773E-15,-8.00000000000002,
18.5));
#5653=CARTESIAN_POINT('',(16.,-8.00000000000002,18.5));
#5654=CARTESIAN_POINT('Origin',(16.5,-8.00000000000002,18.5));
#5655=CARTESIAN_POINT('Origin',(-8.10717706119773E-15,-8.00000000000002,
18.5));
#5656=CARTESIAN_POINT('Origin',(16.5,-41.,18.5));
#5657=CARTESIAN_POINT('',(16.,-41.,18.5));
#5658=CARTESIAN_POINT('Origin',(16.5,-41.,18.5));
#5659=CARTESIAN_POINT('',(16.,-41.,18.5));
#5660=CARTESIAN_POINT('Origin',(0.,-41.,18.5));
#5661=CARTESIAN_POINT('Origin',(0.,-41.,18.5));
#5662=CARTESIAN_POINT('Origin',(-10.5,-45.,11.));
#5663=CARTESIAN_POINT('',(-10.5,-4.,10.5));
#5664=CARTESIAN_POINT('Origin',(10.5,-45.,11.));
#5665=CARTESIAN_POINT('',(10.5,-45.,10.5));
#5666=CARTESIAN_POINT('Origin',(5.,-0.499999999999998,10.));
#5667=CARTESIAN_POINT('',(3.9,-0.499999999999998,10.));
#5668=CARTESIAN_POINT('Origin',(5.,-0.499999999999998,10.));
#5669=CARTESIAN_POINT('Origin',(5.0000000000005,-48.5,10.));
#5670=CARTESIAN_POINT('',(3.9000000000005,-48.5,10.));
#5671=CARTESIAN_POINT('Origin',(5.0000000000005,-48.5,10.));
#5672=CARTESIAN_POINT('Origin',(-4.9999999999995,-48.5,10.));
#5673=CARTESIAN_POINT('',(-6.0999999999995,-48.5,10.));
#5674=CARTESIAN_POINT('Origin',(-4.9999999999995,-48.5,10.));
#5675=CARTESIAN_POINT('Origin',(-16.,57.,19.));
#5676=CARTESIAN_POINT('',(-16.,-8.00000000000003,11.5));
#5677=CARTESIAN_POINT('',(-16.,-8.00000000000003,18.5));
#5678=CARTESIAN_POINT('',(-16.,-41.,11.5));
#5679=CARTESIAN_POINT('',(-16.,-41.,18.5));
#5680=CARTESIAN_POINT('',(-16.,-8.00000000000003,11.5));
#5681=CARTESIAN_POINT('Origin',(-8.10717706119773E-15,-8.00000000000002,
19.));
#5682=CARTESIAN_POINT('',(16.,-8.00000000000002,11.5));
#5683=CARTESIAN_POINT('',(16.,-8.00000000000002,18.5));
#5684=CARTESIAN_POINT('Origin',(-8.10717706119773E-15,-8.00000000000002,
11.5));
#5685=CARTESIAN_POINT('Origin',(16.,-41.,19.));
#5686=CARTESIAN_POINT('',(16.,-41.,11.5));
#5687=CARTESIAN_POINT('',(16.,-41.,18.5));
#5688=CARTESIAN_POINT('',(16.,-41.,11.5));
#5689=CARTESIAN_POINT('Origin',(0.,-41.,19.));
#5690=CARTESIAN_POINT('Origin',(0.,-41.,11.5));
#5691=CARTESIAN_POINT('Origin',(-11.,-45.,10.5));
#5692=CARTESIAN_POINT('Origin',(11.,-45.,10.5));
#5693=CARTESIAN_POINT('Origin',(11.,-3.5,10.5));
#5694=CARTESIAN_POINT('Origin',(-10.5,-3.5,10.5));
#5695=CARTESIAN_POINT('Origin',(5.,-0.499999999999998,3.));
#5696=CARTESIAN_POINT('',(3.9,-0.499999999999998,3.));
#5697=CARTESIAN_POINT('Origin',(5.0000000000005,-48.5,3.));
#5698=CARTESIAN_POINT('',(3.9000000000005,-48.5,3.));
#5699=CARTESIAN_POINT('Origin',(-4.9999999999995,-48.5,3.));
#5700=CARTESIAN_POINT('',(-6.0999999999995,-48.5,3.));
#5701=CARTESIAN_POINT('Origin',(-15.5,-1.64621717618207E-15,11.5));
#5702=CARTESIAN_POINT('Origin',(-15.5,-41.,11.5));
#5703=CARTESIAN_POINT('Origin',(-15.5,-8.00000000000003,11.5));
#5704=CARTESIAN_POINT('Origin',(-6.93889390390723E-15,-8.00000000000002,
11.5));
#5705=CARTESIAN_POINT('Origin',(15.5,-8.00000000000002,11.5));
#5706=CARTESIAN_POINT('Origin',(15.5,5.48739058727357E-16,11.5));
#5707=CARTESIAN_POINT('Origin',(15.5,-41.,11.5));
#5708=CARTESIAN_POINT('Origin',(0.,-41.,11.5));
#5709=CARTESIAN_POINT('Origin',(-5.,-0.499999999999998,3.));
#5710=CARTESIAN_POINT('',(-6.1,-0.499999999999998,10.));
#5711=CARTESIAN_POINT('Origin',(-5.,-0.499999999999998,10.));
#5712=CARTESIAN_POINT('',(-6.1,-0.499999999999998,3.));
#5713=CARTESIAN_POINT('Origin',(-5.,-0.499999999999998,10.));
#5714=CARTESIAN_POINT('',(-6.3,-0.499999999999998,10.));
#5715=CARTESIAN_POINT('Origin',(-5.,-0.499999999999998,10.));
#5716=CARTESIAN_POINT('Origin',(-5.,-0.499999999999998,2.));
#5717=CARTESIAN_POINT('',(-6.3,-0.499999999999998,2.));
#5718=UNCERTAINTY_MEASURE_WITH_UNIT(LENGTH_MEASURE(0.01),#5722,
'DISTANCE_ACCURACY_VALUE',
'Maximum model space distance between geometric entities at asserted c
onnectivities');
#5719=UNCERTAINTY_MEASURE_WITH_UNIT(LENGTH_MEASURE(0.01),#5722,
'DISTANCE_ACCURACY_VALUE',
'Maximum model space distance between geometric entities at asserted c
onnectivities');
#5720=(
GEOMETRIC_REPRESENTATION_CONTEXT(3)
GLOBAL_UNCERTAINTY_ASSIGNED_CONTEXT((#5718))
GLOBAL_UNIT_ASSIGNED_CONTEXT((#5722,#5724,#5725))
REPRESENTATION_CONTEXT('','3D')
);
#5721=(
GEOMETRIC_REPRESENTATION_CONTEXT(3)
GLOBAL_UNCERTAINTY_ASSIGNED_CONTEXT((#5719))
GLOBAL_UNIT_ASSIGNED_CONTEXT((#5722,#5724,#5725))
REPRESENTATION_CONTEXT('','3D')
);
#5722=(
LENGTH_UNIT()
NAMED_UNIT(*)
SI_UNIT(.MILLI.,.METRE.)
);
#5723=(
LENGTH_UNIT()
NAMED_UNIT(*)
SI_UNIT($,.METRE.)
);
#5724=(
NAMED_UNIT(*)
PLANE_ANGLE_UNIT()
SI_UNIT($,.RADIAN.)
);
#5725=(
NAMED_UNIT(*)
SI_UNIT($,.STERADIAN.)
SOLID_ANGLE_UNIT()
);
#5726=SHAPE_DEFINITION_REPRESENTATION(#5727,#5728);
#5727=PRODUCT_DEFINITION_SHAPE('',$,#5730);
#5728=SHAPE_REPRESENTATION('',(#2575),#5720);
#5729=PRODUCT_DEFINITION_CONTEXT('part definition',#5734,'design');
#5730=PRODUCT_DEFINITION('2026-09-14-23-35-18-521','link_3',#5731,#5729);
#5731=PRODUCT_DEFINITION_FORMATION('',$,#5736);
#5732=PRODUCT_RELATED_PRODUCT_CATEGORY('link_3','link_3',(#5736));
#5733=APPLICATION_PROTOCOL_DEFINITION('international standard',
'automotive_design',2009,#5734);
#5734=APPLICATION_CONTEXT(
'Core Data for Automotive Mechanical Design Process');
#5735=PRODUCT_CONTEXT('part definition',#5734,'mechanical');
#5736=PRODUCT('2026-09-14-23-35-18-521','link_3',$,(#5735));
#5737=PRESENTATION_STYLE_ASSIGNMENT((#5739));
#5738=PRESENTATION_STYLE_ASSIGNMENT((#5740));
#5739=SURFACE_STYLE_USAGE(.BOTH.,#5741);
#5740=SURFACE_STYLE_USAGE(.BOTH.,#5742);
#5741=SURFACE_SIDE_STYLE('',(#5743));
#5742=SURFACE_SIDE_STYLE('',(#5744));
#5743=SURFACE_STYLE_FILL_AREA(#5745);
#5744=SURFACE_STYLE_FILL_AREA(#5746);
#5745=FILL_AREA_STYLE('Steel - Satin',(#5747));
#5746=FILL_AREA_STYLE('ABS (White)',(#5748));
#5747=FILL_AREA_STYLE_COLOUR('Steel - Satin',#5749);
#5748=FILL_AREA_STYLE_COLOUR('ABS (White)',#5750);
#5749=COLOUR_RGB('Steel - Satin',0.627450980392157,0.627450980392157,0.627450980392157);
#5750=COLOUR_RGB('ABS (White)',0.964705882352941,0.964705882352941,0.952941176470588);
ENDSEC;
END-ISO-10303-21;
