ISO-10303-21;
HEADER;
/* Generated by software containing ST-Developer
 * from STEP Tools, Inc. (www.steptools.com) 
 */

FILE_DESCRIPTION(
/* description */ (''),
/* implementation_level */ '2;1');

FILE_NAME(
/* name */ 'Gripper Base.step',
/* time_stamp */ '2026-08-23T20:22:49+05:30',
/* author */ (''),
/* organization */ (''),
/* preprocessor_version */ 'ST-DEVELOPER v20.1',
/* originating_system */ 'Autodesk Translation Framework v15.8.0.0',
/* authorisation */ '');

FILE_SCHEMA (('AUTOMOTIVE_DESIGN { 1 0 10303 214 3 1 1 }'));
ENDSEC;

DATA;
#10=MECHANICAL_DESIGN_GEOMETRIC_PRESENTATION_REPRESENTATION('',(#13),#3490);
#11=SHAPE_REPRESENTATION_RELATIONSHIP('SRR','None',#3497,#12);
#12=ADVANCED_BREP_SHAPE_REPRESENTATION('',(#14),#3489);
#13=STYLED_ITEM('',(#3506),#14);
#14=MANIFOLD_SOLID_BREP('Body1',#1739);
#15=B_SPLINE_SURFACE_WITH_KNOTS('',3,3,((#2718,#2719,#2720,#2721,#2722,
#2723),(#2724,#2725,#2726,#2727,#2728,#2729),(#2730,#2731,#2732,#2733,#2734,
#2735),(#2736,#2737,#2738,#2739,#2740,#2741),(#2742,#2743,#2744,#2745,#2746,
#2747)),.UNSPECIFIED.,.F.,.F.,.F.,(4,1,4),(4,1,1,4),(0.,0.571428571428571,
1.),(-1.5707963267949,-0.897597901025655,-0.448798950512828,-7.7715611723761E-16),
 .UNSPECIFIED.);
#16=B_SPLINE_SURFACE_WITH_KNOTS('',3,3,((#2757,#2758,#2759,#2760,#2761,
#2762),(#2763,#2764,#2765,#2766,#2767,#2768),(#2769,#2770,#2771,#2772,#2773,
#2774),(#2775,#2776,#2777,#2778,#2779,#2780),(#2781,#2782,#2783,#2784,#2785,
#2786)),.UNSPECIFIED.,.F.,.F.,.F.,(4,1,4),(4,1,1,4),(0.,0.571428571428571,
1.),(-1.5707963267949,-0.897597901025655,-0.448798950512827,9.39537703483824E-16),
 .UNSPECIFIED.);
#17=B_SPLINE_SURFACE_WITH_KNOTS('',3,3,((#2970,#2971,#2972,#2973,#2974,
#2975),(#2976,#2977,#2978,#2979,#2980,#2981),(#2982,#2983,#2984,#2985,#2986,
#2987),(#2988,#2989,#2990,#2991,#2992,#2993)),.UNSPECIFIED.,.F.,.F.,.F.,
(4,4),(4,1,1,4),(0.,1.),(-1.5707963267949,-0.897597901025655,-0.448798950512828,
1.53390508985505E-17),.UNSPECIFIED.);
#18=B_SPLINE_SURFACE_WITH_KNOTS('',3,3,((#2998,#2999,#3000,#3001,#3002,
#3003),(#3004,#3005,#3006,#3007,#3008,#3009),(#3010,#3011,#3012,#3013,#3014,
#3015),(#3016,#3017,#3018,#3019,#3020,#3021)),.UNSPECIFIED.,.F.,.F.,.F.,
(4,4),(4,1,1,4),(0.,1.),(-1.5707963267949,-0.897597901025655,-0.448798950512827,
1.36423396609195E-15),.UNSPECIFIED.);
#19=B_SPLINE_SURFACE_WITH_KNOTS('',3,3,((#3033,#3034,#3035,#3036),(#3037,
#3038,#3039,#3040),(#3041,#3042,#3043,#3044),(#3045,#3046,#3047,#3048),
(#3049,#3050,#3051,#3052)),.UNSPECIFIED.,.F.,.F.,.F.,(4,1,4),(4,4),(0.,
0.571428571428571,1.),(0.489516020247867,0.520689530088298),
 .UNSPECIFIED.);
#20=B_SPLINE_SURFACE_WITH_KNOTS('',3,3,((#3091,#3092,#3093,#3094),(#3095,
#3096,#3097,#3098),(#3099,#3100,#3101,#3102),(#3103,#3104,#3105,#3106),
(#3107,#3108,#3109,#3110)),.UNSPECIFIED.,.F.,.F.,.F.,(4,1,4),(4,4),(0.,
0.305361822866786,0.712510920022501),(0.361283321591652,0.489515566719145),
 .UNSPECIFIED.);
#21=B_SPLINE_SURFACE_WITH_KNOTS('',3,3,((#3124,#3125,#3126,#3127),(#3128,
#3129,#3130,#3131),(#3132,#3133,#3134,#3135),(#3136,#3137,#3138,#3139),
(#3140,#3141,#3142,#3143)),.UNSPECIFIED.,.F.,.F.,.F.,(4,1,4),(4,4),(0.,
0.571428571428571,1.),(0.489516020247868,0.520689530088298),
 .UNSPECIFIED.);
#22=B_SPLINE_SURFACE_WITH_KNOTS('',3,3,((#3188,#3189,#3190,#3191),(#3192,
#3193,#3194,#3195),(#3196,#3197,#3198,#3199),(#3200,#3201,#3202,#3203),
(#3204,#3205,#3206,#3207)),.UNSPECIFIED.,.F.,.F.,.F.,(4,1,4),(4,4),(0.,
0.305361822866789,0.712510920022507),(-2.4064304372122E-16,0.128232245127491),
 .UNSPECIFIED.);
#23=B_SPLINE_SURFACE_WITH_KNOTS('',3,3,((#3221,#3222,#3223,#3224,#3225,
#3226,#3227),(#3228,#3229,#3230,#3231,#3232,#3233,#3234),(#3235,#3236,#3237,
#3238,#3239,#3240,#3241),(#3242,#3243,#3244,#3245,#3246,#3247,#3248)),
 .UNSPECIFIED.,.F.,.F.,.F.,(4,4),(4,1,1,1,4),(0.,1.),(-1.46548147346057,
-1.00898749467562,-0.704658175485658,-0.552493515890674,-0.400328856295691),
 .UNSPECIFIED.);
#24=B_SPLINE_SURFACE_WITH_KNOTS('',3,3,((#3264,#3265,#3266,#3267,#3268,
#3269,#3270),(#3271,#3272,#3273,#3274,#3275,#3276,#3277),(#3278,#3279,#3280,
#3281,#3282,#3283,#3284),(#3285,#3286,#3287,#3288,#3289,#3290,#3291)),
 .UNSPECIFIED.,.F.,.F.,.F.,(4,4),(4,1,1,1,4),(0.,1.),(-1.13235722906457,
-0.980209758101465,-0.675914816175265,-0.371619874249065,-0.0673249323228649),
 .UNSPECIFIED.);
#25=B_SPLINE_SURFACE_WITH_KNOTS('',3,3,((#3304,#3305,#3306,#3307,#3308,
#3309),(#3310,#3311,#3312,#3313,#3314,#3315),(#3316,#3317,#3318,#3319,#3320,
#3321),(#3322,#3323,#3324,#3325,#3326,#3327)),.UNSPECIFIED.,.F.,.F.,.F.,
(4,4),(4,2,4),(0.,1.),(0.39888943738023,1.29648318161436,1.30352724883517),
 .UNSPECIFIED.);
#26=B_SPLINE_SURFACE_WITH_KNOTS('',3,3,((#3334,#3335,#3336,#3337,#3338,
#3339,#3340,#3341),(#3342,#3343,#3344,#3345,#3346,#3347,#3348,#3349),(#3350,
#3351,#3352,#3353,#3354,#3355,#3356,#3357),(#3358,#3359,#3360,#3361,#3362,
#3363,#3364,#3365)),.UNSPECIFIED.,.F.,.F.,.F.,(4,4),(4,2,1,1,4),(0.308608892648503,
1.),(-5.28093397431842,-5.27917869937525,-4.64415579829213,-4.43248149793109,
-4.22080719757005),.UNSPECIFIED.);
#27=B_SPLINE_SURFACE_WITH_KNOTS('',3,3,((#3366,#3367,#3368,#3369,#3370,
#3371),(#3372,#3373,#3374,#3375,#3376,#3377),(#3378,#3379,#3380,#3381,#3382,
#3383),(#3384,#3385,#3386,#3387,#3388,#3389)),.UNSPECIFIED.,.F.,.F.,.F.,
(4,4),(4,2,4),(0.,1.),(-0.89759374423413,0.,0.00704406722080685),
 .UNSPECIFIED.);
#28=B_SPLINE_SURFACE_WITH_KNOTS('',3,3,((#3396,#3397,#3398,#3399,#3400,
#3401),(#3402,#3403,#3404,#3405,#3406,#3407),(#3408,#3409,#3410,#3411,#3412,
#3413),(#3414,#3415,#3416,#3417,#3418,#3419)),.UNSPECIFIED.,.F.,.F.,.F.,
(4,4),(4,2,4),(0.308608892648502,1.),(-1.0583715018052,0.,0.00175527494316727),
 .UNSPECIFIED.);
#29=ELLIPSE('',#1796,3.12983481108576,0.7);
#30=ELLIPSE('',#1808,2.46260080341827,0.7);
#31=ELLIPSE('',#1811,3.12983481108576,0.7);
#32=ELLIPSE('',#1812,3.12983481108576,0.7);
#33=ELLIPSE('',#1815,3.12983481108575,0.7);
#34=ELLIPSE('',#1898,2.46260080341828,0.7);
#35=ELLIPSE('',#1901,2.46260080341827,0.7);
#36=ELLIPSE('',#1903,2.46260080341827,0.7);
#37=TOROIDAL_SURFACE('',#1785,1.7,1.);
#38=TOROIDAL_SURFACE('',#1790,1.7,1.);
#39=TOROIDAL_SURFACE('',#1820,4.3,0.7);
#40=TOROIDAL_SURFACE('',#1824,4.3,0.7);
#41=TOROIDAL_SURFACE('',#1845,4.3,0.7);
#42=TOROIDAL_SURFACE('',#1849,4.3,0.7);
#43=TOROIDAL_SURFACE('',#1856,4.3,0.7);
#44=TOROIDAL_SURFACE('',#1860,4.3,0.7);
#45=TOROIDAL_SURFACE('',#1867,4.3,0.7);
#46=TOROIDAL_SURFACE('',#1871,4.3,0.7);
#47=TOROIDAL_SURFACE('',#1878,4.3,0.7);
#48=TOROIDAL_SURFACE('',#1882,4.3,0.7);
#49=TOROIDAL_SURFACE('',#1888,4.3,0.7);
#50=TOROIDAL_SURFACE('',#1892,4.3,0.7);
#51=B_SPLINE_CURVE_WITH_KNOTS('',3,(#2492,#2493,#2494,#2495),
 .UNSPECIFIED.,.F.,.F.,(4,4),(0.128528144229021,0.164384295828188),
 .UNSPECIFIED.);
#52=B_SPLINE_CURVE_WITH_KNOTS('',3,(#2497,#2498,#2499,#2500),
 .UNSPECIFIED.,.F.,.F.,(4,4),(-0.531020554833721,-0.523558732319907),
 .UNSPECIFIED.);
#53=B_SPLINE_CURVE_WITH_KNOTS('',3,(#2502,#2503,#2504,#2505,#2506,#2507),
 .UNSPECIFIED.,.F.,.F.,(4,1,1,4),(-1.13235722906457,-0.980209758101465,
-0.675914816175265,-0.531020554833721),.UNSPECIFIED.);
#54=B_SPLINE_CURVE_WITH_KNOTS('',3,(#2509,#2510,#2511,#2512,#2513,#2514),
 .UNSPECIFIED.,.F.,.F.,(4,2,4),(-1.30352724883517,-1.29648318161436,-0.39888943738023),
 .UNSPECIFIED.);
#55=B_SPLINE_CURVE_WITH_KNOTS('',3,(#2516,#2517,#2518,#2519,#2520,#2521),
 .UNSPECIFIED.,.F.,.F.,(4,2,4),(-0.89759374423413,0.,0.00704406722080685),
 .UNSPECIFIED.);
#56=B_SPLINE_CURVE_WITH_KNOTS('',3,(#2523,#2524,#2525,#2526,#2527,#2528),
 .UNSPECIFIED.,.F.,.F.,(4,1,1,4),(-1.00167659485851,-0.704658175485658,
-0.552493515890674,-0.400328856295691),.UNSPECIFIED.);
#57=B_SPLINE_CURVE_WITH_KNOTS('',3,(#2530,#2531,#2532,#2533,#2534),
 .UNSPECIFIED.,.F.,.F.,(4,1,4),(-1.00913982682705,-1.00898749467562,-1.00167659485851),
 .UNSPECIFIED.);
#58=B_SPLINE_CURVE_WITH_KNOTS('',3,(#2536,#2537,#2538,#2539),
 .UNSPECIFIED.,.F.,.F.,(4,4),(0.16765097866989,0.203507130269775),
 .UNSPECIFIED.);
#59=B_SPLINE_CURVE_WITH_KNOTS('',3,(#2594,#2595,#2596,#2597,#2598,#2599,
#2600,#2601,#2602,#2603,#2604,#2605),.UNSPECIFIED.,.F.,.F.,(4,2,2,2,2,4),
(-0.403432520948564,-0.373698382950416,-0.345566915827274,-0.303819845353973,
-0.271955073633827,-0.263243021272255),.UNSPECIFIED.);
#60=B_SPLINE_CURVE_WITH_KNOTS('',3,(#2624,#2625,#2626,#2627,#2628,#2629,
#2630,#2631,#2632,#2633),.UNSPECIFIED.,.F.,.F.,(4,2,2,2,4),(-0.146158484218616,
-0.139079023094176,-0.100042232560638,-0.0498434943288568,0.),
 .UNSPECIFIED.);
#61=B_SPLINE_CURVE_WITH_KNOTS('',3,(#2642,#2643,#2644,#2645),
 .UNSPECIFIED.,.F.,.F.,(4,4),(0.489516020247868,0.520689530088298),
 .UNSPECIFIED.);
#62=B_SPLINE_CURVE_WITH_KNOTS('',3,(#2646,#2647,#2648,#2649,#2650,#2651),
 .UNSPECIFIED.,.F.,.F.,(4,2,4),(0.159439827283616,0.263397260981845,0.531213267168816),
 .UNSPECIFIED.);
#63=B_SPLINE_CURVE_WITH_KNOTS('',3,(#2704,#2705,#2706,#2707,#2708,#2709),
 .UNSPECIFIED.,.F.,.F.,(4,2,4),(0.668520344143122,0.822663281710141,0.87583962060478),
 .UNSPECIFIED.);
#64=B_SPLINE_CURVE_WITH_KNOTS('',3,(#2711,#2712,#2713,#2714),
 .UNSPECIFIED.,.F.,.F.,(4,4),(-0.520689530088298,-0.489516020247867),
 .UNSPECIFIED.);
#65=B_SPLINE_CURVE_WITH_KNOTS('',3,(#2840,#2841,#2842,#2843,#2844,#2845),
 .UNSPECIFIED.,.F.,.F.,(4,2,4),(-0.00175527494316727,0.,1.0583715018052),
 .UNSPECIFIED.);
#66=B_SPLINE_CURVE_WITH_KNOTS('',3,(#2846,#2847,#2848,#2849,#2850,#2851,
#2852,#2853),.UNSPECIFIED.,.F.,.F.,(4,1,1,2,4),(4.22080719757005,4.43248149793109,
4.64415579829213,5.27917869937525,5.28093397431842),.UNSPECIFIED.);
#67=B_SPLINE_CURVE_WITH_KNOTS('',3,(#3054,#3055,#3056,#3057,#3058,#3059,
#3060,#3061,#3062,#3063,#3064,#3065,#3066,#3067,#3068,#3069,#3070,#3071,
#3072,#3073,#3074,#3075,#3076,#3077,#3078,#3079,#3080,#3081,#3082,#3083,
#3084),.UNSPECIFIED.,.F.,.F.,(4,3,3,3,3,3,3,3,3,3,4),(0.,0.00908451024775027,
0.013430602085084,0.0196519888322057,0.0209530139017479,0.0265866582465197,
0.032258675704138,0.0382955948763888,0.0406085702382411,0.0479702192340668,
0.0548214249885569),.UNSPECIFIED.);
#68=B_SPLINE_CURVE_WITH_KNOTS('',3,(#3087,#3088,#3089,#3090),
 .UNSPECIFIED.,.F.,.F.,(4,4),(0.489516020247867,0.520689530088298),
 .UNSPECIFIED.);
#69=B_SPLINE_CURVE_WITH_KNOTS('',3,(#3112,#3113,#3114,#3115,#3116,#3117,
#3118,#3119),.UNSPECIFIED.,.F.,.F.,(4,2,2,4),(0.,0.0254038104297871,0.0614174304882113,
0.09102405735504),.UNSPECIFIED.);
#70=B_SPLINE_CURVE_WITH_KNOTS('',3,(#3120,#3121,#3122,#3123),
 .UNSPECIFIED.,.F.,.F.,(4,4),(0.361283321591652,0.489515566719145),
 .UNSPECIFIED.);
#71=B_SPLINE_CURVE_WITH_KNOTS('',3,(#3145,#3146,#3147,#3148,#3149,#3150,
#3151,#3152,#3153,#3154,#3155,#3156,#3157,#3158,#3159,#3160,#3161,#3162,
#3163,#3164,#3165,#3166,#3167,#3168,#3169,#3170,#3171,#3172,#3173,#3174,
#3175,#3176,#3177,#3178,#3179,#3180,#3181),.UNSPECIFIED.,.F.,.F.,(4,3,3,
3,3,3,3,3,3,3,3,3,4),(0.187741494827419,0.191123555318432,0.201263905659636,
0.211423860416903,0.213173785569875,0.221982950093015,0.224748298065987,
0.233146687775469,0.241383588624388,0.251030697763604,0.252994900665048,
0.265309047593698,0.271741709410989),.UNSPECIFIED.);
#72=B_SPLINE_CURVE_WITH_KNOTS('',3,(#3183,#3184,#3185,#3186),
 .UNSPECIFIED.,.F.,.F.,(4,4),(-0.520689530088298,-0.489516020247868),
 .UNSPECIFIED.);
#73=B_SPLINE_CURVE_WITH_KNOTS('',3,(#3209,#3210,#3211,#3212,#3213,#3214,
#3215,#3216),.UNSPECIFIED.,.F.,.F.,(4,2,2,4),(0.,0.0703963245299662,0.115914780387534,
0.166213143004902),.UNSPECIFIED.);
#74=B_SPLINE_CURVE_WITH_KNOTS('',3,(#3217,#3218,#3219,#3220),
 .UNSPECIFIED.,.F.,.F.,(4,4),(-2.4064304372122E-16,0.128232245127491),
 .UNSPECIFIED.);
#75=B_SPLINE_CURVE_WITH_KNOTS('',3,(#3251,#3252,#3253,#3254,#3255,#3256,
#3257,#3258,#3259,#3260,#3261,#3262,#3263),.UNSPECIFIED.,.F.,.F.,(4,3,3,
3,4),(0.209626565676207,0.233966754095729,0.362571456404322,0.426873807558619,
0.491176158712915),.UNSPECIFIED.);
#76=B_SPLINE_CURVE_WITH_KNOTS('',3,(#3293,#3294,#3295,#3296,#3297,#3298,
#3299,#3300,#3301,#3302),.UNSPECIFIED.,.F.,.F.,(4,3,3,4),(0.675713190403292,
0.757431803597262,0.920869029985205,1.03336648262759),.UNSPECIFIED.);
#77=B_SPLINE_CURVE_WITH_KNOTS('',3,(#3328,#3329,#3330,#3331,#3332,#3333),
 .UNSPECIFIED.,.F.,.F.,(4,2,4),(0.39888943738023,1.29648318161436,1.30352724883517),
 .UNSPECIFIED.);
#78=B_SPLINE_CURVE_WITH_KNOTS('',3,(#3390,#3391,#3392,#3393,#3394,#3395),
 .UNSPECIFIED.,.F.,.F.,(4,2,4),(-0.00704406722080685,0.,0.89759374423413),
 .UNSPECIFIED.);
#79=FACE_BOUND('',#234,.T.);
#80=FACE_BOUND('',#244,.T.);
#81=FACE_BOUND('',#246,.T.);
#82=FACE_BOUND('',#257,.T.);
#83=FACE_BOUND('',#258,.T.);
#84=FACE_BOUND('',#259,.T.);
#85=FACE_BOUND('',#260,.T.);
#86=FACE_BOUND('',#273,.T.);
#87=FACE_BOUND('',#274,.T.);
#88=FACE_BOUND('',#275,.T.);
#89=FACE_BOUND('',#276,.T.);
#90=FACE_BOUND('',#277,.T.);
#91=FACE_BOUND('',#278,.T.);
#92=FACE_BOUND('',#328,.T.);
#93=FACE_BOUND('',#329,.T.);
#94=FACE_BOUND('',#330,.T.);
#95=FACE_BOUND('',#336,.T.);
#96=FACE_BOUND('',#340,.T.);
#97=PLANE('',#1759);
#98=PLANE('',#1760);
#99=PLANE('',#1761);
#100=PLANE('',#1762);
#101=PLANE('',#1763);
#102=PLANE('',#1768);
#103=PLANE('',#1769);
#104=PLANE('',#1770);
#105=PLANE('',#1771);
#106=PLANE('',#1772);
#107=PLANE('',#1773);
#108=PLANE('',#1794);
#109=PLANE('',#1797);
#110=PLANE('',#1809);
#111=PLANE('',#1829);
#112=PLANE('',#1830);
#113=PLANE('',#1853);
#114=PLANE('',#1864);
#115=PLANE('',#1875);
#116=PLANE('',#1887);
#117=PLANE('',#1899);
#118=PLANE('',#1913);
#119=PLANE('',#1919);
#120=PLANE('',#1924);
#121=PLANE('',#1925);
#122=PLANE('',#1926);
#123=PLANE('',#1927);
#124=PLANE('',#1928);
#125=PLANE('',#1929);
#126=PLANE('',#1930);
#127=PLANE('',#1931);
#128=PLANE('',#1937);
#129=FACE_OUTER_BOUND('',#230,.T.);
#130=FACE_OUTER_BOUND('',#231,.T.);
#131=FACE_OUTER_BOUND('',#232,.T.);
#132=FACE_OUTER_BOUND('',#233,.T.);
#133=FACE_OUTER_BOUND('',#235,.T.);
#134=FACE_OUTER_BOUND('',#236,.T.);
#135=FACE_OUTER_BOUND('',#237,.T.);
#136=FACE_OUTER_BOUND('',#238,.T.);
#137=FACE_OUTER_BOUND('',#239,.T.);
#138=FACE_OUTER_BOUND('',#240,.T.);
#139=FACE_OUTER_BOUND('',#241,.T.);
#140=FACE_OUTER_BOUND('',#242,.T.);
#141=FACE_OUTER_BOUND('',#243,.T.);
#142=FACE_OUTER_BOUND('',#245,.T.);
#143=FACE_OUTER_BOUND('',#247,.T.);
#144=FACE_OUTER_BOUND('',#248,.T.);
#145=FACE_OUTER_BOUND('',#249,.T.);
#146=FACE_OUTER_BOUND('',#250,.T.);
#147=FACE_OUTER_BOUND('',#251,.T.);
#148=FACE_OUTER_BOUND('',#252,.T.);
#149=FACE_OUTER_BOUND('',#253,.T.);
#150=FACE_OUTER_BOUND('',#254,.T.);
#151=FACE_OUTER_BOUND('',#255,.T.);
#152=FACE_OUTER_BOUND('',#256,.T.);
#153=FACE_OUTER_BOUND('',#261,.T.);
#154=FACE_OUTER_BOUND('',#262,.T.);
#155=FACE_OUTER_BOUND('',#263,.T.);
#156=FACE_OUTER_BOUND('',#264,.T.);
#157=FACE_OUTER_BOUND('',#265,.T.);
#158=FACE_OUTER_BOUND('',#266,.T.);
#159=FACE_OUTER_BOUND('',#267,.T.);
#160=FACE_OUTER_BOUND('',#268,.T.);
#161=FACE_OUTER_BOUND('',#269,.T.);
#162=FACE_OUTER_BOUND('',#270,.T.);
#163=FACE_OUTER_BOUND('',#271,.T.);
#164=FACE_OUTER_BOUND('',#272,.T.);
#165=FACE_OUTER_BOUND('',#279,.T.);
#166=FACE_OUTER_BOUND('',#280,.T.);
#167=FACE_OUTER_BOUND('',#281,.T.);
#168=FACE_OUTER_BOUND('',#282,.T.);
#169=FACE_OUTER_BOUND('',#283,.T.);
#170=FACE_OUTER_BOUND('',#284,.T.);
#171=FACE_OUTER_BOUND('',#285,.T.);
#172=FACE_OUTER_BOUND('',#286,.T.);
#173=FACE_OUTER_BOUND('',#287,.T.);
#174=FACE_OUTER_BOUND('',#288,.T.);
#175=FACE_OUTER_BOUND('',#289,.T.);
#176=FACE_OUTER_BOUND('',#290,.T.);
#177=FACE_OUTER_BOUND('',#291,.T.);
#178=FACE_OUTER_BOUND('',#292,.T.);
#179=FACE_OUTER_BOUND('',#293,.T.);
#180=FACE_OUTER_BOUND('',#294,.T.);
#181=FACE_OUTER_BOUND('',#295,.T.);
#182=FACE_OUTER_BOUND('',#296,.T.);
#183=FACE_OUTER_BOUND('',#297,.T.);
#184=FACE_OUTER_BOUND('',#298,.T.);
#185=FACE_OUTER_BOUND('',#299,.T.);
#186=FACE_OUTER_BOUND('',#300,.T.);
#187=FACE_OUTER_BOUND('',#301,.T.);
#188=FACE_OUTER_BOUND('',#302,.T.);
#189=FACE_OUTER_BOUND('',#303,.T.);
#190=FACE_OUTER_BOUND('',#304,.T.);
#191=FACE_OUTER_BOUND('',#305,.T.);
#192=FACE_OUTER_BOUND('',#306,.T.);
#193=FACE_OUTER_BOUND('',#307,.T.);
#194=FACE_OUTER_BOUND('',#308,.T.);
#195=FACE_OUTER_BOUND('',#309,.T.);
#196=FACE_OUTER_BOUND('',#310,.T.);
#197=FACE_OUTER_BOUND('',#311,.T.);
#198=FACE_OUTER_BOUND('',#312,.T.);
#199=FACE_OUTER_BOUND('',#313,.T.);
#200=FACE_OUTER_BOUND('',#314,.T.);
#201=FACE_OUTER_BOUND('',#315,.T.);
#202=FACE_OUTER_BOUND('',#316,.T.);
#203=FACE_OUTER_BOUND('',#317,.T.);
#204=FACE_OUTER_BOUND('',#318,.T.);
#205=FACE_OUTER_BOUND('',#319,.T.);
#206=FACE_OUTER_BOUND('',#320,.T.);
#207=FACE_OUTER_BOUND('',#321,.T.);
#208=FACE_OUTER_BOUND('',#322,.T.);
#209=FACE_OUTER_BOUND('',#323,.T.);
#210=FACE_OUTER_BOUND('',#324,.T.);
#211=FACE_OUTER_BOUND('',#325,.T.);
#212=FACE_OUTER_BOUND('',#326,.T.);
#213=FACE_OUTER_BOUND('',#327,.T.);
#214=FACE_OUTER_BOUND('',#331,.T.);
#215=FACE_OUTER_BOUND('',#332,.T.);
#216=FACE_OUTER_BOUND('',#333,.T.);
#217=FACE_OUTER_BOUND('',#334,.T.);
#218=FACE_OUTER_BOUND('',#335,.T.);
#219=FACE_OUTER_BOUND('',#337,.T.);
#220=FACE_OUTER_BOUND('',#338,.T.);
#221=FACE_OUTER_BOUND('',#339,.T.);
#222=FACE_OUTER_BOUND('',#341,.T.);
#223=FACE_OUTER_BOUND('',#342,.T.);
#224=FACE_OUTER_BOUND('',#343,.T.);
#225=FACE_OUTER_BOUND('',#344,.T.);
#226=FACE_OUTER_BOUND('',#345,.T.);
#227=FACE_OUTER_BOUND('',#346,.T.);
#228=FACE_OUTER_BOUND('',#347,.T.);
#229=FACE_OUTER_BOUND('',#348,.T.);
#230=EDGE_LOOP('',(#1093,#1094,#1095,#1096));
#231=EDGE_LOOP('',(#1097,#1098,#1099,#1100));
#232=EDGE_LOOP('',(#1101,#1102,#1103,#1104));
#233=EDGE_LOOP('',(#1105,#1106,#1107,#1108));
#234=EDGE_LOOP('',(#1109));
#235=EDGE_LOOP('',(#1110,#1111,#1112,#1113));
#236=EDGE_LOOP('',(#1114,#1115,#1116,#1117,#1118,#1119));
#237=EDGE_LOOP('',(#1120,#1121,#1122,#1123,#1124,#1125));
#238=EDGE_LOOP('',(#1126,#1127,#1128,#1129,#1130,#1131,#1132,#1133,#1134,
#1135,#1136,#1137,#1138));
#239=EDGE_LOOP('',(#1139,#1140,#1141,#1142,#1143));
#240=EDGE_LOOP('',(#1144,#1145,#1146,#1147));
#241=EDGE_LOOP('',(#1148,#1149,#1150,#1151));
#242=EDGE_LOOP('',(#1152,#1153,#1154,#1155));
#243=EDGE_LOOP('',(#1156,#1157,#1158,#1159));
#244=EDGE_LOOP('',(#1160));
#245=EDGE_LOOP('',(#1161,#1162,#1163,#1164,#1165,#1166,#1167,#1168,#1169,
#1170));
#246=EDGE_LOOP('',(#1171,#1172,#1173,#1174,#1175,#1176,#1177,#1178));
#247=EDGE_LOOP('',(#1179,#1180,#1181,#1182));
#248=EDGE_LOOP('',(#1183,#1184,#1185,#1186,#1187));
#249=EDGE_LOOP('',(#1188,#1189,#1190,#1191,#1192));
#250=EDGE_LOOP('',(#1193,#1194,#1195,#1196));
#251=EDGE_LOOP('',(#1197,#1198,#1199,#1200));
#252=EDGE_LOOP('',(#1201,#1202,#1203,#1204));
#253=EDGE_LOOP('',(#1205,#1206,#1207,#1208,#1209));
#254=EDGE_LOOP('',(#1210,#1211,#1212,#1213,#1214,#1215));
#255=EDGE_LOOP('',(#1216,#1217,#1218,#1219));
#256=EDGE_LOOP('',(#1220,#1221,#1222,#1223,#1224,#1225,#1226,#1227,#1228,
#1229,#1230,#1231,#1232,#1233,#1234,#1235));
#257=EDGE_LOOP('',(#1236));
#258=EDGE_LOOP('',(#1237));
#259=EDGE_LOOP('',(#1238));
#260=EDGE_LOOP('',(#1239,#1240,#1241,#1242));
#261=EDGE_LOOP('',(#1243,#1244,#1245,#1246));
#262=EDGE_LOOP('',(#1247,#1248,#1249,#1250,#1251,#1252));
#263=EDGE_LOOP('',(#1253,#1254,#1255));
#264=EDGE_LOOP('',(#1256,#1257,#1258,#1259));
#265=EDGE_LOOP('',(#1260,#1261,#1262));
#266=EDGE_LOOP('',(#1263,#1264,#1265,#1266));
#267=EDGE_LOOP('',(#1267,#1268,#1269,#1270));
#268=EDGE_LOOP('',(#1271,#1272,#1273,#1274));
#269=EDGE_LOOP('',(#1275,#1276,#1277,#1278));
#270=EDGE_LOOP('',(#1279,#1280,#1281,#1282));
#271=EDGE_LOOP('',(#1283,#1284,#1285,#1286));
#272=EDGE_LOOP('',(#1287,#1288,#1289,#1290,#1291,#1292,#1293,#1294,#1295,
#1296,#1297,#1298,#1299,#1300,#1301,#1302,#1303));
#273=EDGE_LOOP('',(#1304));
#274=EDGE_LOOP('',(#1305));
#275=EDGE_LOOP('',(#1306));
#276=EDGE_LOOP('',(#1307,#1308));
#277=EDGE_LOOP('',(#1309));
#278=EDGE_LOOP('',(#1310));
#279=EDGE_LOOP('',(#1311,#1312,#1313,#1314));
#280=EDGE_LOOP('',(#1315,#1316,#1317,#1318));
#281=EDGE_LOOP('',(#1319,#1320,#1321,#1322));
#282=EDGE_LOOP('',(#1323,#1324,#1325,#1326));
#283=EDGE_LOOP('',(#1327,#1328,#1329,#1330));
#284=EDGE_LOOP('',(#1331,#1332,#1333,#1334));
#285=EDGE_LOOP('',(#1335,#1336,#1337,#1338));
#286=EDGE_LOOP('',(#1339,#1340,#1341,#1342));
#287=EDGE_LOOP('',(#1343,#1344,#1345,#1346));
#288=EDGE_LOOP('',(#1347,#1348,#1349,#1350));
#289=EDGE_LOOP('',(#1351,#1352,#1353,#1354));
#290=EDGE_LOOP('',(#1355,#1356,#1357,#1358));
#291=EDGE_LOOP('',(#1359,#1360,#1361,#1362));
#292=EDGE_LOOP('',(#1363,#1364,#1365,#1366));
#293=EDGE_LOOP('',(#1367,#1368,#1369,#1370));
#294=EDGE_LOOP('',(#1371,#1372,#1373,#1374));
#295=EDGE_LOOP('',(#1375,#1376,#1377,#1378));
#296=EDGE_LOOP('',(#1379,#1380,#1381,#1382));
#297=EDGE_LOOP('',(#1383,#1384,#1385,#1386));
#298=EDGE_LOOP('',(#1387,#1388,#1389,#1390));
#299=EDGE_LOOP('',(#1391,#1392,#1393,#1394));
#300=EDGE_LOOP('',(#1395,#1396,#1397,#1398));
#301=EDGE_LOOP('',(#1399,#1400,#1401,#1402));
#302=EDGE_LOOP('',(#1403,#1404,#1405,#1406));
#303=EDGE_LOOP('',(#1407,#1408,#1409,#1410));
#304=EDGE_LOOP('',(#1411,#1412,#1413,#1414));
#305=EDGE_LOOP('',(#1415,#1416,#1417,#1418));
#306=EDGE_LOOP('',(#1419,#1420,#1421));
#307=EDGE_LOOP('',(#1422,#1423,#1424,#1425));
#308=EDGE_LOOP('',(#1426,#1427,#1428));
#309=EDGE_LOOP('',(#1429,#1430,#1431,#1432));
#310=EDGE_LOOP('',(#1433,#1434,#1435,#1436));
#311=EDGE_LOOP('',(#1437,#1438,#1439,#1440));
#312=EDGE_LOOP('',(#1441,#1442,#1443,#1444));
#313=EDGE_LOOP('',(#1445,#1446,#1447,#1448));
#314=EDGE_LOOP('',(#1449,#1450,#1451,#1452));
#315=EDGE_LOOP('',(#1453,#1454,#1455,#1456));
#316=EDGE_LOOP('',(#1457,#1458,#1459,#1460));
#317=EDGE_LOOP('',(#1461,#1462,#1463,#1464,#1465));
#318=EDGE_LOOP('',(#1466,#1467,#1468));
#319=EDGE_LOOP('',(#1469,#1470,#1471,#1472,#1473));
#320=EDGE_LOOP('',(#1474,#1475,#1476));
#321=EDGE_LOOP('',(#1477,#1478,#1479,#1480,#1481,#1482,#1483,#1484));
#322=EDGE_LOOP('',(#1485,#1486,#1487,#1488,#1489,#1490,#1491,#1492));
#323=EDGE_LOOP('',(#1493,#1494,#1495));
#324=EDGE_LOOP('',(#1496,#1497,#1498,#1499,#1500));
#325=EDGE_LOOP('',(#1501,#1502,#1503));
#326=EDGE_LOOP('',(#1504,#1505,#1506,#1507,#1508));
#327=EDGE_LOOP('',(#1509,#1510,#1511,#1512));
#328=EDGE_LOOP('',(#1513));
#329=EDGE_LOOP('',(#1514));
#330=EDGE_LOOP('',(#1515,#1516));
#331=EDGE_LOOP('',(#1517,#1518,#1519,#1520));
#332=EDGE_LOOP('',(#1521,#1522,#1523,#1524));
#333=EDGE_LOOP('',(#1525,#1526,#1527,#1528));
#334=EDGE_LOOP('',(#1529,#1530,#1531,#1532));
#335=EDGE_LOOP('',(#1533,#1534,#1535,#1536));
#336=EDGE_LOOP('',(#1537));
#337=EDGE_LOOP('',(#1538,#1539,#1540,#1541));
#338=EDGE_LOOP('',(#1542,#1543,#1544,#1545,#1546));
#339=EDGE_LOOP('',(#1547,#1548,#1549,#1550));
#340=EDGE_LOOP('',(#1551));
#341=EDGE_LOOP('',(#1552,#1553,#1554,#1555,#1556,#1557,#1558,#1559));
#342=EDGE_LOOP('',(#1560,#1561,#1562,#1563,#1564,#1565,#1566,#1567));
#343=EDGE_LOOP('',(#1568,#1569,#1570,#1571,#1572));
#344=EDGE_LOOP('',(#1573,#1574,#1575,#1576));
#345=EDGE_LOOP('',(#1577,#1578,#1579,#1580,#1581,#1582,#1583,#1584));
#346=EDGE_LOOP('',(#1585,#1586,#1587,#1588));
#347=EDGE_LOOP('',(#1589,#1590,#1591,#1592));
#348=EDGE_LOOP('',(#1593,#1594,#1595,#1596));
#349=LINE('',#2447,#472);
#350=LINE('',#2453,#473);
#351=LINE('',#2458,#474);
#352=LINE('',#2460,#475);
#353=LINE('',#2462,#476);
#354=LINE('',#2463,#477);
#355=LINE('',#2466,#478);
#356=LINE('',#2468,#479);
#357=LINE('',#2469,#480);
#358=LINE('',#2473,#481);
#359=LINE('',#2474,#482);
#360=LINE('',#2475,#483);
#361=LINE('',#2478,#484);
#362=LINE('',#2480,#485);
#363=LINE('',#2481,#486);
#364=LINE('',#2484,#487);
#365=LINE('',#2486,#488);
#366=LINE('',#2487,#489);
#367=LINE('',#2545,#490);
#368=LINE('',#2547,#491);
#369=LINE('',#2549,#492);
#370=LINE('',#2551,#493);
#371=LINE('',#2552,#494);
#372=LINE('',#2555,#495);
#373=LINE('',#2557,#496);
#374=LINE('',#2558,#497);
#375=LINE('',#2561,#498);
#376=LINE('',#2563,#499);
#377=LINE('',#2564,#500);
#378=LINE('',#2566,#501);
#379=LINE('',#2567,#502);
#380=LINE('',#2571,#503);
#381=LINE('',#2575,#504);
#382=LINE('',#2578,#505);
#383=LINE('',#2588,#506);
#384=LINE('',#2589,#507);
#385=LINE('',#2607,#508);
#386=LINE('',#2616,#509);
#387=LINE('',#2623,#510);
#388=LINE('',#2636,#511);
#389=LINE('',#2638,#512);
#390=LINE('',#2640,#513);
#391=LINE('',#2654,#514);
#392=LINE('',#2658,#515);
#393=LINE('',#2660,#516);
#394=LINE('',#2664,#517);
#395=LINE('',#2668,#518);
#396=LINE('',#2672,#519);
#397=LINE('',#2676,#520);
#398=LINE('',#2680,#521);
#399=LINE('',#2683,#522);
#400=LINE('',#2692,#523);
#401=LINE('',#2694,#524);
#402=LINE('',#2696,#525);
#403=LINE('',#2697,#526);
#404=LINE('',#2700,#527);
#405=LINE('',#2716,#528);
#406=LINE('',#2717,#529);
#407=LINE('',#2756,#530);
#408=LINE('',#2790,#531);
#409=LINE('',#2794,#532);
#410=LINE('',#2797,#533);
#411=LINE('',#2811,#534);
#412=LINE('',#2812,#535);
#413=LINE('',#2814,#536);
#414=LINE('',#2817,#537);
#415=LINE('',#2821,#538);
#416=LINE('',#2825,#539);
#417=LINE('',#2829,#540);
#418=LINE('',#2833,#541);
#419=LINE('',#2837,#542);
#420=LINE('',#2839,#543);
#421=LINE('',#2870,#544);
#422=LINE('',#2883,#545);
#423=LINE('',#2884,#546);
#424=LINE('',#2886,#547);
#425=LINE('',#2889,#548);
#426=LINE('',#2902,#549);
#427=LINE('',#2903,#550);
#428=LINE('',#2905,#551);
#429=LINE('',#2908,#552);
#430=LINE('',#2921,#553);
#431=LINE('',#2922,#554);
#432=LINE('',#2924,#555);
#433=LINE('',#2927,#556);
#434=LINE('',#2940,#557);
#435=LINE('',#2941,#558);
#436=LINE('',#2943,#559);
#437=LINE('',#2958,#560);
#438=LINE('',#2959,#561);
#439=LINE('',#2962,#562);
#440=LINE('',#2966,#563);
#441=LINE('',#2967,#564);
#442=LINE('',#3029,#565);
#443=LINE('',#3031,#566);
#444=LINE('',#3424,#567);
#445=LINE('',#3428,#568);
#446=LINE('',#3432,#569);
#447=LINE('',#3434,#570);
#448=LINE('',#3436,#571);
#449=LINE('',#3437,#572);
#450=LINE('',#3440,#573);
#451=LINE('',#3442,#574);
#452=LINE('',#3443,#575);
#453=LINE('',#3445,#576);
#454=LINE('',#3446,#577);
#455=LINE('',#3449,#578);
#456=LINE('',#3451,#579);
#457=LINE('',#3452,#580);
#458=LINE('',#3456,#581);
#459=LINE('',#3458,#582);
#460=LINE('',#3460,#583);
#461=LINE('',#3462,#584);
#462=LINE('',#3463,#585);
#463=LINE('',#3465,#586);
#464=LINE('',#3466,#587);
#465=LINE('',#3468,#588);
#466=LINE('',#3470,#589);
#467=LINE('',#3473,#590);
#468=LINE('',#3477,#591);
#469=LINE('',#3482,#592);
#470=LINE('',#3484,#593);
#471=LINE('',#3486,#594);
#472=VECTOR('',#1947,1.25);
#473=VECTOR('',#1954,1.25);
#474=VECTOR('',#1959,10.);
#475=VECTOR('',#1960,10.);
#476=VECTOR('',#1961,10.);
#477=VECTOR('',#1962,10.);
#478=VECTOR('',#1965,10.);
#479=VECTOR('',#1966,10.);
#480=VECTOR('',#1967,10.);
#481=VECTOR('',#1970,10.);
#482=VECTOR('',#1971,10.);
#483=VECTOR('',#1972,10.);
#484=VECTOR('',#1975,10.);
#485=VECTOR('',#1976,10.);
#486=VECTOR('',#1977,10.);
#487=VECTOR('',#1980,10.);
#488=VECTOR('',#1981,10.);
#489=VECTOR('',#1982,10.);
#490=VECTOR('',#1993,10.);
#491=VECTOR('',#1994,10.);
#492=VECTOR('',#1995,10.);
#493=VECTOR('',#1996,10.);
#494=VECTOR('',#1997,10.);
#495=VECTOR('',#2000,10.);
#496=VECTOR('',#2001,10.);
#497=VECTOR('',#2002,10.);
#498=VECTOR('',#2005,10.);
#499=VECTOR('',#2006,10.);
#500=VECTOR('',#2007,10.);
#501=VECTOR('',#2010,10.);
#502=VECTOR('',#2011,10.);
#503=VECTOR('',#2016,10.);
#504=VECTOR('',#2019,10.);
#505=VECTOR('',#2022,10.);
#506=VECTOR('',#2033,10.);
#507=VECTOR('',#2034,10.);
#508=VECTOR('',#2041,10.);
#509=VECTOR('',#2054,10.);
#510=VECTOR('',#2063,10.);
#511=VECTOR('',#2066,10.);
#512=VECTOR('',#2067,10.);
#513=VECTOR('',#2068,10.);
#514=VECTOR('',#2071,10.);
#515=VECTOR('',#2076,10.);
#516=VECTOR('',#2077,10.);
#517=VECTOR('',#2080,10.);
#518=VECTOR('',#2083,10.);
#519=VECTOR('',#2086,10.);
#520=VECTOR('',#2089,10.);
#521=VECTOR('',#2092,10.);
#522=VECTOR('',#2095,10.);
#523=VECTOR('',#2102,10.);
#524=VECTOR('',#2103,10.);
#525=VECTOR('',#2104,10.);
#526=VECTOR('',#2105,10.);
#527=VECTOR('',#2108,10.);
#528=VECTOR('',#2113,10.);
#529=VECTOR('',#2114,10.);
#530=VECTOR('',#2125,10.);
#531=VECTOR('',#2130,10.);
#532=VECTOR('',#2135,10.);
#533=VECTOR('',#2138,10.);
#534=VECTOR('',#2157,10.);
#535=VECTOR('',#2158,10.);
#536=VECTOR('',#2161,10.);
#537=VECTOR('',#2164,10.);
#538=VECTOR('',#2167,10.);
#539=VECTOR('',#2170,10.);
#540=VECTOR('',#2173,10.);
#541=VECTOR('',#2176,10.);
#542=VECTOR('',#2179,10.);
#543=VECTOR('',#2180,10.);
#544=VECTOR('',#2197,10.);
#545=VECTOR('',#2216,10.);
#546=VECTOR('',#2217,10.);
#547=VECTOR('',#2220,10.);
#548=VECTOR('',#2223,10.);
#549=VECTOR('',#2242,10.);
#550=VECTOR('',#2243,10.);
#551=VECTOR('',#2246,10.);
#552=VECTOR('',#2249,10.);
#553=VECTOR('',#2268,10.);
#554=VECTOR('',#2269,10.);
#555=VECTOR('',#2272,10.);
#556=VECTOR('',#2275,10.);
#557=VECTOR('',#2294,10.);
#558=VECTOR('',#2295,10.);
#559=VECTOR('',#2298,10.);
#560=VECTOR('',#2319,10.);
#561=VECTOR('',#2320,10.);
#562=VECTOR('',#2323,10.);
#563=VECTOR('',#2328,10.);
#564=VECTOR('',#2329,10.);
#565=VECTOR('',#2356,10.);
#566=VECTOR('',#2359,10.);
#567=VECTOR('',#2376,1.25);
#568=VECTOR('',#2381,1.25);
#569=VECTOR('',#2384,10.);
#570=VECTOR('',#2385,10.);
#571=VECTOR('',#2386,10.);
#572=VECTOR('',#2387,10.);
#573=VECTOR('',#2390,10.);
#574=VECTOR('',#2391,10.);
#575=VECTOR('',#2392,10.);
#576=VECTOR('',#2395,10.);
#577=VECTOR('',#2396,10.);
#578=VECTOR('',#2399,10.);
#579=VECTOR('',#2400,10.);
#580=VECTOR('',#2401,10.);
#581=VECTOR('',#2404,10.);
#582=VECTOR('',#2405,10.);
#583=VECTOR('',#2406,10.);
#584=VECTOR('',#2407,10.);
#585=VECTOR('',#2408,10.);
#586=VECTOR('',#2411,10.);
#587=VECTOR('',#2412,10.);
#588=VECTOR('',#2415,10.);
#589=VECTOR('',#2418,10.);
#590=VECTOR('',#2421,10.);
#591=VECTOR('',#2426,10.);
#592=VECTOR('',#2435,1.75);
#593=VECTOR('',#2438,1.75);
#594=VECTOR('',#2441,1.75);
#595=CIRCLE('',#1754,1.03775);
#596=CIRCLE('',#1755,1.03775);
#597=CIRCLE('',#1757,1.03775);
#598=CIRCLE('',#1758,1.03775);
#599=CIRCLE('',#1765,20.);
#600=CIRCLE('',#1766,20.);
#601=CIRCLE('',#1767,20.);
#602=CIRCLE('',#1774,1.7);
#603=CIRCLE('',#1775,1.7);
#604=CIRCLE('',#1776,2.75);
#605=CIRCLE('',#1777,6.);
#606=CIRCLE('',#1778,6.);
#607=CIRCLE('',#1780,2.75);
#608=CIRCLE('',#1782,6.);
#609=CIRCLE('',#1784,0.999999999999996);
#610=CIRCLE('',#1786,1.);
#611=CIRCLE('',#1787,0.7);
#612=CIRCLE('',#1789,1.);
#613=CIRCLE('',#1791,0.999999999999999);
#614=CIRCLE('',#1792,0.7);
#615=CIRCLE('',#1798,4.3);
#616=CIRCLE('',#1799,4.3);
#617=CIRCLE('',#1800,4.3);
#618=CIRCLE('',#1801,4.3);
#619=CIRCLE('',#1802,4.3);
#620=CIRCLE('',#1803,4.3);
#621=CIRCLE('',#1804,1.75);
#622=CIRCLE('',#1805,1.75);
#623=CIRCLE('',#1806,1.75);
#624=CIRCLE('',#1810,5.);
#625=CIRCLE('',#1814,5.);
#626=CIRCLE('',#1817,0.7);
#627=CIRCLE('',#1819,0.7);
#628=CIRCLE('',#1821,0.700000000000001);
#629=CIRCLE('',#1822,0.7);
#630=CIRCLE('',#1823,5.);
#631=CIRCLE('',#1825,5.);
#632=CIRCLE('',#1826,0.700000000000001);
#633=CIRCLE('',#1827,4.3);
#634=CIRCLE('',#1831,4.3);
#635=CIRCLE('',#1832,4.3);
#636=CIRCLE('',#1833,4.3);
#637=CIRCLE('',#1834,4.3);
#638=CIRCLE('',#1835,4.3);
#639=CIRCLE('',#1836,1.75);
#640=CIRCLE('',#1837,1.75);
#641=CIRCLE('',#1838,1.75);
#642=CIRCLE('',#1839,6.00000000000001);
#643=CIRCLE('',#1840,2.75);
#644=CIRCLE('',#1841,1.03775);
#645=CIRCLE('',#1842,1.03775);
#646=CIRCLE('',#1844,0.7);
#647=CIRCLE('',#1846,0.7);
#648=CIRCLE('',#1847,0.7);
#649=CIRCLE('',#1848,5.);
#650=CIRCLE('',#1850,5.);
#651=CIRCLE('',#1851,0.699999999999997);
#652=CIRCLE('',#1855,0.7);
#653=CIRCLE('',#1857,0.699999999999997);
#654=CIRCLE('',#1858,0.7);
#655=CIRCLE('',#1859,5.);
#656=CIRCLE('',#1861,5.);
#657=CIRCLE('',#1862,0.700000000000003);
#658=CIRCLE('',#1866,0.7);
#659=CIRCLE('',#1868,0.700000000000003);
#660=CIRCLE('',#1869,0.7);
#661=CIRCLE('',#1870,5.);
#662=CIRCLE('',#1872,5.);
#663=CIRCLE('',#1873,0.699999999999997);
#664=CIRCLE('',#1877,0.7);
#665=CIRCLE('',#1879,0.699999999999999);
#666=CIRCLE('',#1880,0.7);
#667=CIRCLE('',#1881,5.);
#668=CIRCLE('',#1883,5.);
#669=CIRCLE('',#1884,0.699999999999994);
#670=CIRCLE('',#1889,0.699999999999994);
#671=CIRCLE('',#1890,0.7);
#672=CIRCLE('',#1891,5.);
#673=CIRCLE('',#1893,0.7);
#674=CIRCLE('',#1894,5.);
#675=CIRCLE('',#1895,0.700000000000003);
#676=CIRCLE('',#1902,5.00000000000001);
#677=CIRCLE('',#1905,5.);
#678=CIRCLE('',#1907,0.700000000000003);
#679=CIRCLE('',#1915,0.699999999999998);
#680=CIRCLE('',#1916,0.7);
#681=CIRCLE('',#1917,6.);
#682=CIRCLE('',#1918,6.);
#683=CIRCLE('',#1921,1.03775);
#684=CIRCLE('',#1923,1.03775);
#685=CIRCLE('',#1933,6.00000000000001);
#686=CIRCLE('',#1934,6.00000000000001);
#687=CIRCLE('',#1936,2.75);
#688=VERTEX_POINT('',#2444);
#689=VERTEX_POINT('',#2446);
#690=VERTEX_POINT('',#2450);
#691=VERTEX_POINT('',#2452);
#692=VERTEX_POINT('',#2456);
#693=VERTEX_POINT('',#2457);
#694=VERTEX_POINT('',#2459);
#695=VERTEX_POINT('',#2461);
#696=VERTEX_POINT('',#2465);
#697=VERTEX_POINT('',#2467);
#698=VERTEX_POINT('',#2471);
#699=VERTEX_POINT('',#2472);
#700=VERTEX_POINT('',#2477);
#701=VERTEX_POINT('',#2479);
#702=VERTEX_POINT('',#2483);
#703=VERTEX_POINT('',#2485);
#704=VERTEX_POINT('',#2489);
#705=VERTEX_POINT('',#2491);
#706=VERTEX_POINT('',#2496);
#707=VERTEX_POINT('',#2501);
#708=VERTEX_POINT('',#2508);
#709=VERTEX_POINT('',#2515);
#710=VERTEX_POINT('',#2522);
#711=VERTEX_POINT('',#2529);
#712=VERTEX_POINT('',#2535);
#713=VERTEX_POINT('',#2543);
#714=VERTEX_POINT('',#2544);
#715=VERTEX_POINT('',#2546);
#716=VERTEX_POINT('',#2548);
#717=VERTEX_POINT('',#2550);
#718=VERTEX_POINT('',#2554);
#719=VERTEX_POINT('',#2556);
#720=VERTEX_POINT('',#2560);
#721=VERTEX_POINT('',#2562);
#722=VERTEX_POINT('',#2570);
#723=VERTEX_POINT('',#2572);
#724=VERTEX_POINT('',#2574);
#725=VERTEX_POINT('',#2576);
#726=VERTEX_POINT('',#2579);
#727=VERTEX_POINT('',#2580);
#728=VERTEX_POINT('',#2585);
#729=VERTEX_POINT('',#2586);
#730=VERTEX_POINT('',#2593);
#731=VERTEX_POINT('',#2606);
#732=VERTEX_POINT('',#2610);
#733=VERTEX_POINT('',#2614);
#734=VERTEX_POINT('',#2618);
#735=VERTEX_POINT('',#2622);
#736=VERTEX_POINT('',#2635);
#737=VERTEX_POINT('',#2637);
#738=VERTEX_POINT('',#2639);
#739=VERTEX_POINT('',#2641);
#740=VERTEX_POINT('',#2653);
#741=VERTEX_POINT('',#2657);
#742=VERTEX_POINT('',#2659);
#743=VERTEX_POINT('',#2661);
#744=VERTEX_POINT('',#2663);
#745=VERTEX_POINT('',#2665);
#746=VERTEX_POINT('',#2667);
#747=VERTEX_POINT('',#2669);
#748=VERTEX_POINT('',#2671);
#749=VERTEX_POINT('',#2673);
#750=VERTEX_POINT('',#2675);
#751=VERTEX_POINT('',#2677);
#752=VERTEX_POINT('',#2679);
#753=VERTEX_POINT('',#2681);
#754=VERTEX_POINT('',#2684);
#755=VERTEX_POINT('',#2686);
#756=VERTEX_POINT('',#2688);
#757=VERTEX_POINT('',#2690);
#758=VERTEX_POINT('',#2691);
#759=VERTEX_POINT('',#2693);
#760=VERTEX_POINT('',#2695);
#761=VERTEX_POINT('',#2699);
#762=VERTEX_POINT('',#2703);
#763=VERTEX_POINT('',#2710);
#764=VERTEX_POINT('',#2715);
#765=VERTEX_POINT('',#2748);
#766=VERTEX_POINT('',#2750);
#767=VERTEX_POINT('',#2754);
#768=VERTEX_POINT('',#2789);
#769=VERTEX_POINT('',#2793);
#770=VERTEX_POINT('',#2795);
#771=VERTEX_POINT('',#2799);
#772=VERTEX_POINT('',#2801);
#773=VERTEX_POINT('',#2805);
#774=VERTEX_POINT('',#2807);
#775=VERTEX_POINT('',#2816);
#776=VERTEX_POINT('',#2818);
#777=VERTEX_POINT('',#2820);
#778=VERTEX_POINT('',#2822);
#779=VERTEX_POINT('',#2824);
#780=VERTEX_POINT('',#2826);
#781=VERTEX_POINT('',#2828);
#782=VERTEX_POINT('',#2830);
#783=VERTEX_POINT('',#2832);
#784=VERTEX_POINT('',#2834);
#785=VERTEX_POINT('',#2836);
#786=VERTEX_POINT('',#2838);
#787=VERTEX_POINT('',#2854);
#788=VERTEX_POINT('',#2856);
#789=VERTEX_POINT('',#2858);
#790=VERTEX_POINT('',#2860);
#791=VERTEX_POINT('',#2861);
#792=VERTEX_POINT('',#2864);
#793=VERTEX_POINT('',#2866);
#794=VERTEX_POINT('',#2869);
#795=VERTEX_POINT('',#2873);
#796=VERTEX_POINT('',#2875);
#797=VERTEX_POINT('',#2879);
#798=VERTEX_POINT('',#2888);
#799=VERTEX_POINT('',#2892);
#800=VERTEX_POINT('',#2894);
#801=VERTEX_POINT('',#2898);
#802=VERTEX_POINT('',#2907);
#803=VERTEX_POINT('',#2911);
#804=VERTEX_POINT('',#2913);
#805=VERTEX_POINT('',#2917);
#806=VERTEX_POINT('',#2926);
#807=VERTEX_POINT('',#2930);
#808=VERTEX_POINT('',#2932);
#809=VERTEX_POINT('',#2936);
#810=VERTEX_POINT('',#2946);
#811=VERTEX_POINT('',#2948);
#812=VERTEX_POINT('',#2952);
#813=VERTEX_POINT('',#2954);
#814=VERTEX_POINT('',#2961);
#815=VERTEX_POINT('',#2965);
#816=VERTEX_POINT('',#3053);
#817=VERTEX_POINT('',#3085);
#818=VERTEX_POINT('',#3111);
#819=VERTEX_POINT('',#3144);
#820=VERTEX_POINT('',#3182);
#821=VERTEX_POINT('',#3208);
#822=VERTEX_POINT('',#3249);
#823=VERTEX_POINT('',#3292);
#824=VERTEX_POINT('',#3422);
#825=VERTEX_POINT('',#3426);
#826=VERTEX_POINT('',#3430);
#827=VERTEX_POINT('',#3431);
#828=VERTEX_POINT('',#3433);
#829=VERTEX_POINT('',#3435);
#830=VERTEX_POINT('',#3439);
#831=VERTEX_POINT('',#3441);
#832=VERTEX_POINT('',#3448);
#833=VERTEX_POINT('',#3450);
#834=VERTEX_POINT('',#3454);
#835=VERTEX_POINT('',#3455);
#836=VERTEX_POINT('',#3457);
#837=VERTEX_POINT('',#3459);
#838=VERTEX_POINT('',#3461);
#839=VERTEX_POINT('',#3472);
#840=VERTEX_POINT('',#3475);
#841=EDGE_CURVE('',#688,#688,#595,.T.);
#842=EDGE_CURVE('',#688,#689,#349,.T.);
#843=EDGE_CURVE('',#689,#689,#596,.T.);
#844=EDGE_CURVE('',#690,#690,#597,.T.);
#845=EDGE_CURVE('',#690,#691,#350,.T.);
#846=EDGE_CURVE('',#691,#691,#598,.T.);
#847=EDGE_CURVE('',#692,#693,#351,.T.);
#848=EDGE_CURVE('',#692,#694,#352,.T.);
#849=EDGE_CURVE('',#695,#694,#353,.T.);
#850=EDGE_CURVE('',#693,#695,#354,.T.);
#851=EDGE_CURVE('',#696,#695,#355,.T.);
#852=EDGE_CURVE('',#694,#697,#356,.T.);
#853=EDGE_CURVE('',#697,#696,#357,.T.);
#854=EDGE_CURVE('',#698,#699,#358,.T.);
#855=EDGE_CURVE('',#696,#699,#359,.T.);
#856=EDGE_CURVE('',#698,#697,#360,.T.);
#857=EDGE_CURVE('',#699,#700,#361,.T.);
#858=EDGE_CURVE('',#701,#700,#362,.T.);
#859=EDGE_CURVE('',#693,#701,#363,.T.);
#860=EDGE_CURVE('',#702,#698,#364,.T.);
#861=EDGE_CURVE('',#703,#692,#365,.T.);
#862=EDGE_CURVE('',#702,#703,#366,.T.);
#863=EDGE_CURVE('',#703,#704,#599,.T.);
#864=EDGE_CURVE('',#705,#704,#51,.T.);
#865=EDGE_CURVE('',#705,#706,#52,.F.);
#866=EDGE_CURVE('',#707,#706,#53,.T.);
#867=EDGE_CURVE('',#708,#707,#54,.T.);
#868=EDGE_CURVE('',#709,#708,#55,.T.);
#869=EDGE_CURVE('',#710,#709,#56,.T.);
#870=EDGE_CURVE('',#711,#710,#57,.T.);
#871=EDGE_CURVE('',#711,#712,#58,.F.);
#872=EDGE_CURVE('',#712,#701,#600,.T.);
#873=EDGE_CURVE('',#702,#700,#601,.T.);
#874=EDGE_CURVE('',#713,#714,#367,.T.);
#875=EDGE_CURVE('',#713,#715,#368,.T.);
#876=EDGE_CURVE('',#716,#715,#369,.T.);
#877=EDGE_CURVE('',#717,#716,#370,.T.);
#878=EDGE_CURVE('',#714,#717,#371,.T.);
#879=EDGE_CURVE('',#717,#718,#372,.T.);
#880=EDGE_CURVE('',#719,#716,#373,.T.);
#881=EDGE_CURVE('',#718,#719,#374,.T.);
#882=EDGE_CURVE('',#718,#720,#375,.T.);
#883=EDGE_CURVE('',#721,#719,#376,.T.);
#884=EDGE_CURVE('',#720,#721,#377,.T.);
#885=EDGE_CURVE('',#720,#713,#378,.T.);
#886=EDGE_CURVE('',#715,#721,#379,.T.);
#887=EDGE_CURVE('',#722,#712,#380,.T.);
#888=EDGE_CURVE('',#723,#722,#602,.T.);
#889=EDGE_CURVE('',#724,#723,#381,.T.);
#890=EDGE_CURVE('',#725,#724,#603,.T.);
#891=EDGE_CURVE('',#704,#725,#382,.T.);
#892=EDGE_CURVE('',#726,#727,#604,.T.);
#893=EDGE_CURVE('',#727,#714,#605,.T.);
#894=EDGE_CURVE('',#714,#726,#606,.T.);
#895=EDGE_CURVE('',#728,#729,#607,.T.);
#896=EDGE_CURVE('',#727,#728,#383,.T.);
#897=EDGE_CURVE('',#726,#729,#384,.T.);
#898=EDGE_CURVE('',#729,#728,#608,.T.);
#899=EDGE_CURVE('',#730,#711,#59,.F.);
#900=EDGE_CURVE('',#730,#731,#385,.T.);
#901=EDGE_CURVE('',#731,#722,#609,.T.);
#902=EDGE_CURVE('',#732,#723,#610,.T.);
#903=EDGE_CURVE('',#731,#732,#611,.T.);
#904=EDGE_CURVE('',#733,#724,#612,.T.);
#905=EDGE_CURVE('',#732,#733,#386,.T.);
#906=EDGE_CURVE('',#734,#725,#613,.T.);
#907=EDGE_CURVE('',#733,#734,#614,.T.);
#908=EDGE_CURVE('',#734,#735,#387,.T.);
#909=EDGE_CURVE('',#735,#705,#60,.T.);
#910=EDGE_CURVE('',#736,#734,#388,.T.);
#911=EDGE_CURVE('',#737,#736,#389,.T.);
#912=EDGE_CURVE('',#738,#737,#390,.T.);
#913=EDGE_CURVE('',#739,#738,#61,.T.);
#914=EDGE_CURVE('',#735,#739,#62,.T.);
#915=EDGE_CURVE('',#733,#740,#391,.T.);
#916=EDGE_CURVE('',#736,#740,#29,.T.);
#917=EDGE_CURVE('',#741,#732,#392,.T.);
#918=EDGE_CURVE('',#742,#741,#393,.T.);
#919=EDGE_CURVE('',#743,#742,#615,.T.);
#920=EDGE_CURVE('',#744,#743,#394,.T.);
#921=EDGE_CURVE('',#745,#744,#616,.T.);
#922=EDGE_CURVE('',#746,#745,#395,.T.);
#923=EDGE_CURVE('',#747,#746,#617,.T.);
#924=EDGE_CURVE('',#748,#747,#396,.T.);
#925=EDGE_CURVE('',#749,#748,#618,.T.);
#926=EDGE_CURVE('',#750,#749,#397,.T.);
#927=EDGE_CURVE('',#751,#750,#619,.T.);
#928=EDGE_CURVE('',#752,#751,#398,.T.);
#929=EDGE_CURVE('',#753,#752,#620,.T.);
#930=EDGE_CURVE('',#740,#753,#399,.T.);
#931=EDGE_CURVE('',#754,#754,#621,.T.);
#932=EDGE_CURVE('',#755,#755,#622,.T.);
#933=EDGE_CURVE('',#756,#756,#623,.T.);
#934=EDGE_CURVE('',#757,#758,#400,.T.);
#935=EDGE_CURVE('',#758,#759,#401,.T.);
#936=EDGE_CURVE('',#759,#760,#402,.T.);
#937=EDGE_CURVE('',#760,#757,#403,.T.);
#938=EDGE_CURVE('',#731,#761,#404,.T.);
#939=EDGE_CURVE('',#741,#761,#30,.T.);
#940=EDGE_CURVE('',#730,#762,#63,.F.);
#941=EDGE_CURVE('',#763,#762,#64,.T.);
#942=EDGE_CURVE('',#764,#763,#405,.T.);
#943=EDGE_CURVE('',#761,#764,#406,.T.);
#944=EDGE_CURVE('',#737,#765,#624,.T.);
#945=EDGE_CURVE('',#765,#766,#31,.T.);
#946=EDGE_CURVE('',#766,#737,#32,.T.);
#947=EDGE_CURVE('',#736,#767,#625,.T.);
#948=EDGE_CURVE('',#767,#765,#407,.T.);
#949=EDGE_CURVE('',#740,#767,#33,.T.);
#950=EDGE_CURVE('',#766,#768,#408,.T.);
#951=EDGE_CURVE('',#768,#738,#626,.T.);
#952=EDGE_CURVE('',#765,#769,#409,.T.);
#953=EDGE_CURVE('',#770,#769,#627,.T.);
#954=EDGE_CURVE('',#770,#766,#410,.T.);
#955=EDGE_CURVE('',#771,#753,#628,.T.);
#956=EDGE_CURVE('',#752,#772,#629,.T.);
#957=EDGE_CURVE('',#772,#771,#630,.T.);
#958=EDGE_CURVE('',#769,#773,#631,.T.);
#959=EDGE_CURVE('',#773,#774,#632,.T.);
#960=EDGE_CURVE('',#774,#770,#633,.T.);
#961=EDGE_CURVE('',#769,#771,#411,.T.);
#962=EDGE_CURVE('',#772,#773,#412,.T.);
#963=EDGE_CURVE('',#771,#767,#413,.T.);
#964=EDGE_CURVE('',#775,#774,#414,.T.);
#965=EDGE_CURVE('',#776,#775,#634,.T.);
#966=EDGE_CURVE('',#777,#776,#415,.T.);
#967=EDGE_CURVE('',#778,#777,#635,.T.);
#968=EDGE_CURVE('',#779,#778,#416,.T.);
#969=EDGE_CURVE('',#780,#779,#636,.T.);
#970=EDGE_CURVE('',#781,#780,#417,.T.);
#971=EDGE_CURVE('',#782,#781,#637,.T.);
#972=EDGE_CURVE('',#783,#782,#418,.T.);
#973=EDGE_CURVE('',#784,#783,#638,.T.);
#974=EDGE_CURVE('',#785,#784,#419,.T.);
#975=EDGE_CURVE('',#786,#785,#420,.T.);
#976=EDGE_CURVE('',#708,#786,#65,.T.);
#977=EDGE_CURVE('',#768,#708,#66,.T.);
#978=EDGE_CURVE('',#787,#787,#639,.T.);
#979=EDGE_CURVE('',#788,#788,#640,.T.);
#980=EDGE_CURVE('',#789,#789,#641,.T.);
#981=EDGE_CURVE('',#790,#791,#642,.T.);
#982=EDGE_CURVE('',#791,#790,#643,.T.);
#983=EDGE_CURVE('',#792,#792,#644,.F.);
#984=EDGE_CURVE('',#793,#793,#645,.F.);
#985=EDGE_CURVE('',#773,#794,#421,.T.);
#986=EDGE_CURVE('',#775,#794,#646,.T.);
#987=EDGE_CURVE('',#795,#751,#647,.T.);
#988=EDGE_CURVE('',#750,#796,#648,.T.);
#989=EDGE_CURVE('',#796,#795,#649,.T.);
#990=EDGE_CURVE('',#794,#797,#650,.T.);
#991=EDGE_CURVE('',#797,#776,#651,.T.);
#992=EDGE_CURVE('',#794,#795,#422,.T.);
#993=EDGE_CURVE('',#796,#797,#423,.T.);
#994=EDGE_CURVE('',#795,#772,#424,.T.);
#995=EDGE_CURVE('',#797,#798,#425,.T.);
#996=EDGE_CURVE('',#777,#798,#652,.T.);
#997=EDGE_CURVE('',#799,#749,#653,.T.);
#998=EDGE_CURVE('',#748,#800,#654,.T.);
#999=EDGE_CURVE('',#800,#799,#655,.T.);
#1000=EDGE_CURVE('',#798,#801,#656,.T.);
#1001=EDGE_CURVE('',#801,#778,#657,.T.);
#1002=EDGE_CURVE('',#798,#799,#426,.T.);
#1003=EDGE_CURVE('',#800,#801,#427,.T.);
#1004=EDGE_CURVE('',#799,#796,#428,.T.);
#1005=EDGE_CURVE('',#801,#802,#429,.T.);
#1006=EDGE_CURVE('',#779,#802,#658,.T.);
#1007=EDGE_CURVE('',#803,#747,#659,.T.);
#1008=EDGE_CURVE('',#746,#804,#660,.T.);
#1009=EDGE_CURVE('',#804,#803,#661,.T.);
#1010=EDGE_CURVE('',#802,#805,#662,.T.);
#1011=EDGE_CURVE('',#805,#780,#663,.T.);
#1012=EDGE_CURVE('',#802,#803,#430,.T.);
#1013=EDGE_CURVE('',#804,#805,#431,.T.);
#1014=EDGE_CURVE('',#803,#800,#432,.T.);
#1015=EDGE_CURVE('',#805,#806,#433,.T.);
#1016=EDGE_CURVE('',#781,#806,#664,.T.);
#1017=EDGE_CURVE('',#807,#745,#665,.T.);
#1018=EDGE_CURVE('',#744,#808,#666,.T.);
#1019=EDGE_CURVE('',#808,#807,#667,.T.);
#1020=EDGE_CURVE('',#806,#809,#668,.T.);
#1021=EDGE_CURVE('',#809,#782,#669,.T.);
#1022=EDGE_CURVE('',#806,#807,#434,.T.);
#1023=EDGE_CURVE('',#808,#809,#435,.T.);
#1024=EDGE_CURVE('',#807,#804,#436,.T.);
#1025=EDGE_CURVE('',#810,#784,#670,.T.);
#1026=EDGE_CURVE('',#783,#811,#671,.T.);
#1027=EDGE_CURVE('',#811,#810,#672,.T.);
#1028=EDGE_CURVE('',#742,#812,#673,.T.);
#1029=EDGE_CURVE('',#812,#813,#674,.T.);
#1030=EDGE_CURVE('',#813,#743,#675,.T.);
#1031=EDGE_CURVE('',#811,#813,#437,.T.);
#1032=EDGE_CURVE('',#812,#810,#438,.T.);
#1033=EDGE_CURVE('',#810,#814,#439,.T.);
#1034=EDGE_CURVE('',#785,#814,#34,.T.);
#1035=EDGE_CURVE('',#815,#812,#440,.T.);
#1036=EDGE_CURVE('',#814,#815,#441,.T.);
#1037=EDGE_CURVE('',#815,#741,#35,.T.);
#1038=EDGE_CURVE('',#814,#764,#676,.T.);
#1039=EDGE_CURVE('',#764,#785,#36,.T.);
#1040=EDGE_CURVE('',#815,#761,#677,.T.);
#1041=EDGE_CURVE('',#763,#786,#678,.T.);
#1042=EDGE_CURVE('',#813,#808,#442,.T.);
#1043=EDGE_CURVE('',#809,#811,#443,.T.);
#1044=EDGE_CURVE('',#762,#816,#67,.T.);
#1045=EDGE_CURVE('',#816,#817,#679,.T.);
#1046=EDGE_CURVE('',#817,#786,#68,.T.);
#1047=EDGE_CURVE('',#816,#818,#69,.T.);
#1048=EDGE_CURVE('',#818,#817,#70,.T.);
#1049=EDGE_CURVE('',#819,#739,#71,.T.);
#1050=EDGE_CURVE('',#768,#820,#72,.T.);
#1051=EDGE_CURVE('',#820,#819,#680,.T.);
#1052=EDGE_CURVE('',#821,#819,#73,.T.);
#1053=EDGE_CURVE('',#820,#821,#74,.T.);
#1054=EDGE_CURVE('',#709,#822,#681,.T.);
#1055=EDGE_CURVE('',#818,#822,#75,.T.);
#1056=EDGE_CURVE('',#823,#821,#76,.T.);
#1057=EDGE_CURVE('',#823,#707,#682,.T.);
#1058=EDGE_CURVE('',#823,#708,#77,.T.);
#1059=EDGE_CURVE('',#708,#822,#78,.T.);
#1060=EDGE_CURVE('',#824,#824,#683,.T.);
#1061=EDGE_CURVE('',#824,#793,#444,.T.);
#1062=EDGE_CURVE('',#825,#825,#684,.T.);
#1063=EDGE_CURVE('',#825,#792,#445,.T.);
#1064=EDGE_CURVE('',#826,#827,#446,.T.);
#1065=EDGE_CURVE('',#826,#828,#447,.T.);
#1066=EDGE_CURVE('',#829,#828,#448,.T.);
#1067=EDGE_CURVE('',#827,#829,#449,.T.);
#1068=EDGE_CURVE('',#758,#830,#450,.T.);
#1069=EDGE_CURVE('',#831,#830,#451,.T.);
#1070=EDGE_CURVE('',#759,#831,#452,.T.);
#1071=EDGE_CURVE('',#828,#831,#453,.T.);
#1072=EDGE_CURVE('',#830,#829,#454,.T.);
#1073=EDGE_CURVE('',#760,#832,#455,.T.);
#1074=EDGE_CURVE('',#833,#832,#456,.T.);
#1075=EDGE_CURVE('',#757,#833,#457,.T.);
#1076=EDGE_CURVE('',#834,#835,#458,.T.);
#1077=EDGE_CURVE('',#834,#836,#459,.T.);
#1078=EDGE_CURVE('',#837,#836,#460,.T.);
#1079=EDGE_CURVE('',#838,#837,#461,.T.);
#1080=EDGE_CURVE('',#835,#838,#462,.T.);
#1081=EDGE_CURVE('',#832,#837,#463,.T.);
#1082=EDGE_CURVE('',#836,#833,#464,.T.);
#1083=EDGE_CURVE('',#827,#834,#465,.T.);
#1084=EDGE_CURVE('',#838,#826,#466,.T.);
#1085=EDGE_CURVE('',#839,#790,#467,.T.);
#1086=EDGE_CURVE('',#835,#839,#685,.T.);
#1087=EDGE_CURVE('',#840,#835,#686,.T.);
#1088=EDGE_CURVE('',#840,#791,#468,.T.);
#1089=EDGE_CURVE('',#839,#840,#687,.T.);
#1090=EDGE_CURVE('',#756,#789,#469,.T.);
#1091=EDGE_CURVE('',#755,#788,#470,.T.);
#1092=EDGE_CURVE('',#754,#787,#471,.T.);
#1093=ORIENTED_EDGE('',*,*,#841,.F.);
#1094=ORIENTED_EDGE('',*,*,#842,.T.);
#1095=ORIENTED_EDGE('',*,*,#843,.F.);
#1096=ORIENTED_EDGE('',*,*,#842,.F.);
#1097=ORIENTED_EDGE('',*,*,#844,.F.);
#1098=ORIENTED_EDGE('',*,*,#845,.T.);
#1099=ORIENTED_EDGE('',*,*,#846,.F.);
#1100=ORIENTED_EDGE('',*,*,#845,.F.);
#1101=ORIENTED_EDGE('',*,*,#847,.F.);
#1102=ORIENTED_EDGE('',*,*,#848,.T.);
#1103=ORIENTED_EDGE('',*,*,#849,.F.);
#1104=ORIENTED_EDGE('',*,*,#850,.F.);
#1105=ORIENTED_EDGE('',*,*,#851,.T.);
#1106=ORIENTED_EDGE('',*,*,#849,.T.);
#1107=ORIENTED_EDGE('',*,*,#852,.T.);
#1108=ORIENTED_EDGE('',*,*,#853,.T.);
#1109=ORIENTED_EDGE('',*,*,#841,.T.);
#1110=ORIENTED_EDGE('',*,*,#854,.T.);
#1111=ORIENTED_EDGE('',*,*,#855,.F.);
#1112=ORIENTED_EDGE('',*,*,#853,.F.);
#1113=ORIENTED_EDGE('',*,*,#856,.F.);
#1114=ORIENTED_EDGE('',*,*,#857,.T.);
#1115=ORIENTED_EDGE('',*,*,#858,.F.);
#1116=ORIENTED_EDGE('',*,*,#859,.F.);
#1117=ORIENTED_EDGE('',*,*,#850,.T.);
#1118=ORIENTED_EDGE('',*,*,#851,.F.);
#1119=ORIENTED_EDGE('',*,*,#855,.T.);
#1120=ORIENTED_EDGE('',*,*,#860,.T.);
#1121=ORIENTED_EDGE('',*,*,#856,.T.);
#1122=ORIENTED_EDGE('',*,*,#852,.F.);
#1123=ORIENTED_EDGE('',*,*,#848,.F.);
#1124=ORIENTED_EDGE('',*,*,#861,.F.);
#1125=ORIENTED_EDGE('',*,*,#862,.F.);
#1126=ORIENTED_EDGE('',*,*,#862,.T.);
#1127=ORIENTED_EDGE('',*,*,#863,.T.);
#1128=ORIENTED_EDGE('',*,*,#864,.F.);
#1129=ORIENTED_EDGE('',*,*,#865,.T.);
#1130=ORIENTED_EDGE('',*,*,#866,.F.);
#1131=ORIENTED_EDGE('',*,*,#867,.F.);
#1132=ORIENTED_EDGE('',*,*,#868,.F.);
#1133=ORIENTED_EDGE('',*,*,#869,.F.);
#1134=ORIENTED_EDGE('',*,*,#870,.F.);
#1135=ORIENTED_EDGE('',*,*,#871,.T.);
#1136=ORIENTED_EDGE('',*,*,#872,.T.);
#1137=ORIENTED_EDGE('',*,*,#858,.T.);
#1138=ORIENTED_EDGE('',*,*,#873,.F.);
#1139=ORIENTED_EDGE('',*,*,#874,.F.);
#1140=ORIENTED_EDGE('',*,*,#875,.T.);
#1141=ORIENTED_EDGE('',*,*,#876,.F.);
#1142=ORIENTED_EDGE('',*,*,#877,.F.);
#1143=ORIENTED_EDGE('',*,*,#878,.F.);
#1144=ORIENTED_EDGE('',*,*,#879,.F.);
#1145=ORIENTED_EDGE('',*,*,#877,.T.);
#1146=ORIENTED_EDGE('',*,*,#880,.F.);
#1147=ORIENTED_EDGE('',*,*,#881,.F.);
#1148=ORIENTED_EDGE('',*,*,#882,.F.);
#1149=ORIENTED_EDGE('',*,*,#881,.T.);
#1150=ORIENTED_EDGE('',*,*,#883,.F.);
#1151=ORIENTED_EDGE('',*,*,#884,.F.);
#1152=ORIENTED_EDGE('',*,*,#885,.F.);
#1153=ORIENTED_EDGE('',*,*,#884,.T.);
#1154=ORIENTED_EDGE('',*,*,#886,.F.);
#1155=ORIENTED_EDGE('',*,*,#875,.F.);
#1156=ORIENTED_EDGE('',*,*,#886,.T.);
#1157=ORIENTED_EDGE('',*,*,#883,.T.);
#1158=ORIENTED_EDGE('',*,*,#880,.T.);
#1159=ORIENTED_EDGE('',*,*,#876,.T.);
#1160=ORIENTED_EDGE('',*,*,#846,.T.);
#1161=ORIENTED_EDGE('',*,*,#859,.T.);
#1162=ORIENTED_EDGE('',*,*,#872,.F.);
#1163=ORIENTED_EDGE('',*,*,#887,.F.);
#1164=ORIENTED_EDGE('',*,*,#888,.F.);
#1165=ORIENTED_EDGE('',*,*,#889,.F.);
#1166=ORIENTED_EDGE('',*,*,#890,.F.);
#1167=ORIENTED_EDGE('',*,*,#891,.F.);
#1168=ORIENTED_EDGE('',*,*,#863,.F.);
#1169=ORIENTED_EDGE('',*,*,#861,.T.);
#1170=ORIENTED_EDGE('',*,*,#847,.T.);
#1171=ORIENTED_EDGE('',*,*,#892,.T.);
#1172=ORIENTED_EDGE('',*,*,#893,.T.);
#1173=ORIENTED_EDGE('',*,*,#878,.T.);
#1174=ORIENTED_EDGE('',*,*,#879,.T.);
#1175=ORIENTED_EDGE('',*,*,#882,.T.);
#1176=ORIENTED_EDGE('',*,*,#885,.T.);
#1177=ORIENTED_EDGE('',*,*,#874,.T.);
#1178=ORIENTED_EDGE('',*,*,#894,.T.);
#1179=ORIENTED_EDGE('',*,*,#895,.F.);
#1180=ORIENTED_EDGE('',*,*,#896,.F.);
#1181=ORIENTED_EDGE('',*,*,#892,.F.);
#1182=ORIENTED_EDGE('',*,*,#897,.T.);
#1183=ORIENTED_EDGE('',*,*,#898,.F.);
#1184=ORIENTED_EDGE('',*,*,#897,.F.);
#1185=ORIENTED_EDGE('',*,*,#894,.F.);
#1186=ORIENTED_EDGE('',*,*,#893,.F.);
#1187=ORIENTED_EDGE('',*,*,#896,.T.);
#1188=ORIENTED_EDGE('',*,*,#899,.F.);
#1189=ORIENTED_EDGE('',*,*,#900,.T.);
#1190=ORIENTED_EDGE('',*,*,#901,.T.);
#1191=ORIENTED_EDGE('',*,*,#887,.T.);
#1192=ORIENTED_EDGE('',*,*,#871,.F.);
#1193=ORIENTED_EDGE('',*,*,#902,.T.);
#1194=ORIENTED_EDGE('',*,*,#888,.T.);
#1195=ORIENTED_EDGE('',*,*,#901,.F.);
#1196=ORIENTED_EDGE('',*,*,#903,.T.);
#1197=ORIENTED_EDGE('',*,*,#904,.T.);
#1198=ORIENTED_EDGE('',*,*,#889,.T.);
#1199=ORIENTED_EDGE('',*,*,#902,.F.);
#1200=ORIENTED_EDGE('',*,*,#905,.T.);
#1201=ORIENTED_EDGE('',*,*,#906,.T.);
#1202=ORIENTED_EDGE('',*,*,#890,.T.);
#1203=ORIENTED_EDGE('',*,*,#904,.F.);
#1204=ORIENTED_EDGE('',*,*,#907,.T.);
#1205=ORIENTED_EDGE('',*,*,#864,.T.);
#1206=ORIENTED_EDGE('',*,*,#891,.T.);
#1207=ORIENTED_EDGE('',*,*,#906,.F.);
#1208=ORIENTED_EDGE('',*,*,#908,.T.);
#1209=ORIENTED_EDGE('',*,*,#909,.T.);
#1210=ORIENTED_EDGE('',*,*,#908,.F.);
#1211=ORIENTED_EDGE('',*,*,#910,.F.);
#1212=ORIENTED_EDGE('',*,*,#911,.F.);
#1213=ORIENTED_EDGE('',*,*,#912,.F.);
#1214=ORIENTED_EDGE('',*,*,#913,.F.);
#1215=ORIENTED_EDGE('',*,*,#914,.F.);
#1216=ORIENTED_EDGE('',*,*,#907,.F.);
#1217=ORIENTED_EDGE('',*,*,#915,.T.);
#1218=ORIENTED_EDGE('',*,*,#916,.F.);
#1219=ORIENTED_EDGE('',*,*,#910,.T.);
#1220=ORIENTED_EDGE('',*,*,#905,.F.);
#1221=ORIENTED_EDGE('',*,*,#917,.F.);
#1222=ORIENTED_EDGE('',*,*,#918,.F.);
#1223=ORIENTED_EDGE('',*,*,#919,.F.);
#1224=ORIENTED_EDGE('',*,*,#920,.F.);
#1225=ORIENTED_EDGE('',*,*,#921,.F.);
#1226=ORIENTED_EDGE('',*,*,#922,.F.);
#1227=ORIENTED_EDGE('',*,*,#923,.F.);
#1228=ORIENTED_EDGE('',*,*,#924,.F.);
#1229=ORIENTED_EDGE('',*,*,#925,.F.);
#1230=ORIENTED_EDGE('',*,*,#926,.F.);
#1231=ORIENTED_EDGE('',*,*,#927,.F.);
#1232=ORIENTED_EDGE('',*,*,#928,.F.);
#1233=ORIENTED_EDGE('',*,*,#929,.F.);
#1234=ORIENTED_EDGE('',*,*,#930,.F.);
#1235=ORIENTED_EDGE('',*,*,#915,.F.);
#1236=ORIENTED_EDGE('',*,*,#931,.T.);
#1237=ORIENTED_EDGE('',*,*,#932,.T.);
#1238=ORIENTED_EDGE('',*,*,#933,.T.);
#1239=ORIENTED_EDGE('',*,*,#934,.T.);
#1240=ORIENTED_EDGE('',*,*,#935,.T.);
#1241=ORIENTED_EDGE('',*,*,#936,.T.);
#1242=ORIENTED_EDGE('',*,*,#937,.T.);
#1243=ORIENTED_EDGE('',*,*,#903,.F.);
#1244=ORIENTED_EDGE('',*,*,#938,.T.);
#1245=ORIENTED_EDGE('',*,*,#939,.F.);
#1246=ORIENTED_EDGE('',*,*,#917,.T.);
#1247=ORIENTED_EDGE('',*,*,#900,.F.);
#1248=ORIENTED_EDGE('',*,*,#940,.T.);
#1249=ORIENTED_EDGE('',*,*,#941,.F.);
#1250=ORIENTED_EDGE('',*,*,#942,.F.);
#1251=ORIENTED_EDGE('',*,*,#943,.F.);
#1252=ORIENTED_EDGE('',*,*,#938,.F.);
#1253=ORIENTED_EDGE('',*,*,#944,.T.);
#1254=ORIENTED_EDGE('',*,*,#945,.T.);
#1255=ORIENTED_EDGE('',*,*,#946,.T.);
#1256=ORIENTED_EDGE('',*,*,#944,.F.);
#1257=ORIENTED_EDGE('',*,*,#911,.T.);
#1258=ORIENTED_EDGE('',*,*,#947,.T.);
#1259=ORIENTED_EDGE('',*,*,#948,.T.);
#1260=ORIENTED_EDGE('',*,*,#947,.F.);
#1261=ORIENTED_EDGE('',*,*,#916,.T.);
#1262=ORIENTED_EDGE('',*,*,#949,.T.);
#1263=ORIENTED_EDGE('',*,*,#946,.F.);
#1264=ORIENTED_EDGE('',*,*,#950,.T.);
#1265=ORIENTED_EDGE('',*,*,#951,.T.);
#1266=ORIENTED_EDGE('',*,*,#912,.T.);
#1267=ORIENTED_EDGE('',*,*,#945,.F.);
#1268=ORIENTED_EDGE('',*,*,#952,.T.);
#1269=ORIENTED_EDGE('',*,*,#953,.F.);
#1270=ORIENTED_EDGE('',*,*,#954,.T.);
#1271=ORIENTED_EDGE('',*,*,#955,.T.);
#1272=ORIENTED_EDGE('',*,*,#929,.T.);
#1273=ORIENTED_EDGE('',*,*,#956,.T.);
#1274=ORIENTED_EDGE('',*,*,#957,.T.);
#1275=ORIENTED_EDGE('',*,*,#953,.T.);
#1276=ORIENTED_EDGE('',*,*,#958,.T.);
#1277=ORIENTED_EDGE('',*,*,#959,.T.);
#1278=ORIENTED_EDGE('',*,*,#960,.T.);
#1279=ORIENTED_EDGE('',*,*,#958,.F.);
#1280=ORIENTED_EDGE('',*,*,#961,.T.);
#1281=ORIENTED_EDGE('',*,*,#957,.F.);
#1282=ORIENTED_EDGE('',*,*,#962,.T.);
#1283=ORIENTED_EDGE('',*,*,#948,.F.);
#1284=ORIENTED_EDGE('',*,*,#963,.F.);
#1285=ORIENTED_EDGE('',*,*,#961,.F.);
#1286=ORIENTED_EDGE('',*,*,#952,.F.);
#1287=ORIENTED_EDGE('',*,*,#960,.F.);
#1288=ORIENTED_EDGE('',*,*,#964,.F.);
#1289=ORIENTED_EDGE('',*,*,#965,.F.);
#1290=ORIENTED_EDGE('',*,*,#966,.F.);
#1291=ORIENTED_EDGE('',*,*,#967,.F.);
#1292=ORIENTED_EDGE('',*,*,#968,.F.);
#1293=ORIENTED_EDGE('',*,*,#969,.F.);
#1294=ORIENTED_EDGE('',*,*,#970,.F.);
#1295=ORIENTED_EDGE('',*,*,#971,.F.);
#1296=ORIENTED_EDGE('',*,*,#972,.F.);
#1297=ORIENTED_EDGE('',*,*,#973,.F.);
#1298=ORIENTED_EDGE('',*,*,#974,.F.);
#1299=ORIENTED_EDGE('',*,*,#975,.F.);
#1300=ORIENTED_EDGE('',*,*,#976,.F.);
#1301=ORIENTED_EDGE('',*,*,#977,.F.);
#1302=ORIENTED_EDGE('',*,*,#950,.F.);
#1303=ORIENTED_EDGE('',*,*,#954,.F.);
#1304=ORIENTED_EDGE('',*,*,#978,.T.);
#1305=ORIENTED_EDGE('',*,*,#979,.T.);
#1306=ORIENTED_EDGE('',*,*,#980,.T.);
#1307=ORIENTED_EDGE('',*,*,#981,.T.);
#1308=ORIENTED_EDGE('',*,*,#982,.T.);
#1309=ORIENTED_EDGE('',*,*,#983,.T.);
#1310=ORIENTED_EDGE('',*,*,#984,.T.);
#1311=ORIENTED_EDGE('',*,*,#959,.F.);
#1312=ORIENTED_EDGE('',*,*,#985,.T.);
#1313=ORIENTED_EDGE('',*,*,#986,.F.);
#1314=ORIENTED_EDGE('',*,*,#964,.T.);
#1315=ORIENTED_EDGE('',*,*,#987,.T.);
#1316=ORIENTED_EDGE('',*,*,#927,.T.);
#1317=ORIENTED_EDGE('',*,*,#988,.T.);
#1318=ORIENTED_EDGE('',*,*,#989,.T.);
#1319=ORIENTED_EDGE('',*,*,#986,.T.);
#1320=ORIENTED_EDGE('',*,*,#990,.T.);
#1321=ORIENTED_EDGE('',*,*,#991,.T.);
#1322=ORIENTED_EDGE('',*,*,#965,.T.);
#1323=ORIENTED_EDGE('',*,*,#990,.F.);
#1324=ORIENTED_EDGE('',*,*,#992,.T.);
#1325=ORIENTED_EDGE('',*,*,#989,.F.);
#1326=ORIENTED_EDGE('',*,*,#993,.T.);
#1327=ORIENTED_EDGE('',*,*,#962,.F.);
#1328=ORIENTED_EDGE('',*,*,#994,.F.);
#1329=ORIENTED_EDGE('',*,*,#992,.F.);
#1330=ORIENTED_EDGE('',*,*,#985,.F.);
#1331=ORIENTED_EDGE('',*,*,#991,.F.);
#1332=ORIENTED_EDGE('',*,*,#995,.T.);
#1333=ORIENTED_EDGE('',*,*,#996,.F.);
#1334=ORIENTED_EDGE('',*,*,#966,.T.);
#1335=ORIENTED_EDGE('',*,*,#997,.T.);
#1336=ORIENTED_EDGE('',*,*,#925,.T.);
#1337=ORIENTED_EDGE('',*,*,#998,.T.);
#1338=ORIENTED_EDGE('',*,*,#999,.T.);
#1339=ORIENTED_EDGE('',*,*,#996,.T.);
#1340=ORIENTED_EDGE('',*,*,#1000,.T.);
#1341=ORIENTED_EDGE('',*,*,#1001,.T.);
#1342=ORIENTED_EDGE('',*,*,#967,.T.);
#1343=ORIENTED_EDGE('',*,*,#1000,.F.);
#1344=ORIENTED_EDGE('',*,*,#1002,.T.);
#1345=ORIENTED_EDGE('',*,*,#999,.F.);
#1346=ORIENTED_EDGE('',*,*,#1003,.T.);
#1347=ORIENTED_EDGE('',*,*,#993,.F.);
#1348=ORIENTED_EDGE('',*,*,#1004,.F.);
#1349=ORIENTED_EDGE('',*,*,#1002,.F.);
#1350=ORIENTED_EDGE('',*,*,#995,.F.);
#1351=ORIENTED_EDGE('',*,*,#1001,.F.);
#1352=ORIENTED_EDGE('',*,*,#1005,.T.);
#1353=ORIENTED_EDGE('',*,*,#1006,.F.);
#1354=ORIENTED_EDGE('',*,*,#968,.T.);
#1355=ORIENTED_EDGE('',*,*,#1007,.T.);
#1356=ORIENTED_EDGE('',*,*,#923,.T.);
#1357=ORIENTED_EDGE('',*,*,#1008,.T.);
#1358=ORIENTED_EDGE('',*,*,#1009,.T.);
#1359=ORIENTED_EDGE('',*,*,#1006,.T.);
#1360=ORIENTED_EDGE('',*,*,#1010,.T.);
#1361=ORIENTED_EDGE('',*,*,#1011,.T.);
#1362=ORIENTED_EDGE('',*,*,#969,.T.);
#1363=ORIENTED_EDGE('',*,*,#1010,.F.);
#1364=ORIENTED_EDGE('',*,*,#1012,.T.);
#1365=ORIENTED_EDGE('',*,*,#1009,.F.);
#1366=ORIENTED_EDGE('',*,*,#1013,.T.);
#1367=ORIENTED_EDGE('',*,*,#1003,.F.);
#1368=ORIENTED_EDGE('',*,*,#1014,.F.);
#1369=ORIENTED_EDGE('',*,*,#1012,.F.);
#1370=ORIENTED_EDGE('',*,*,#1005,.F.);
#1371=ORIENTED_EDGE('',*,*,#1011,.F.);
#1372=ORIENTED_EDGE('',*,*,#1015,.T.);
#1373=ORIENTED_EDGE('',*,*,#1016,.F.);
#1374=ORIENTED_EDGE('',*,*,#970,.T.);
#1375=ORIENTED_EDGE('',*,*,#1017,.T.);
#1376=ORIENTED_EDGE('',*,*,#921,.T.);
#1377=ORIENTED_EDGE('',*,*,#1018,.T.);
#1378=ORIENTED_EDGE('',*,*,#1019,.T.);
#1379=ORIENTED_EDGE('',*,*,#1016,.T.);
#1380=ORIENTED_EDGE('',*,*,#1020,.T.);
#1381=ORIENTED_EDGE('',*,*,#1021,.T.);
#1382=ORIENTED_EDGE('',*,*,#971,.T.);
#1383=ORIENTED_EDGE('',*,*,#1020,.F.);
#1384=ORIENTED_EDGE('',*,*,#1022,.T.);
#1385=ORIENTED_EDGE('',*,*,#1019,.F.);
#1386=ORIENTED_EDGE('',*,*,#1023,.T.);
#1387=ORIENTED_EDGE('',*,*,#1008,.F.);
#1388=ORIENTED_EDGE('',*,*,#922,.T.);
#1389=ORIENTED_EDGE('',*,*,#1017,.F.);
#1390=ORIENTED_EDGE('',*,*,#1024,.T.);
#1391=ORIENTED_EDGE('',*,*,#1013,.F.);
#1392=ORIENTED_EDGE('',*,*,#1024,.F.);
#1393=ORIENTED_EDGE('',*,*,#1022,.F.);
#1394=ORIENTED_EDGE('',*,*,#1015,.F.);
#1395=ORIENTED_EDGE('',*,*,#1025,.T.);
#1396=ORIENTED_EDGE('',*,*,#973,.T.);
#1397=ORIENTED_EDGE('',*,*,#1026,.T.);
#1398=ORIENTED_EDGE('',*,*,#1027,.T.);
#1399=ORIENTED_EDGE('',*,*,#1028,.T.);
#1400=ORIENTED_EDGE('',*,*,#1029,.T.);
#1401=ORIENTED_EDGE('',*,*,#1030,.T.);
#1402=ORIENTED_EDGE('',*,*,#919,.T.);
#1403=ORIENTED_EDGE('',*,*,#1027,.F.);
#1404=ORIENTED_EDGE('',*,*,#1031,.T.);
#1405=ORIENTED_EDGE('',*,*,#1029,.F.);
#1406=ORIENTED_EDGE('',*,*,#1032,.T.);
#1407=ORIENTED_EDGE('',*,*,#1025,.F.);
#1408=ORIENTED_EDGE('',*,*,#1033,.T.);
#1409=ORIENTED_EDGE('',*,*,#1034,.F.);
#1410=ORIENTED_EDGE('',*,*,#974,.T.);
#1411=ORIENTED_EDGE('',*,*,#1032,.F.);
#1412=ORIENTED_EDGE('',*,*,#1035,.F.);
#1413=ORIENTED_EDGE('',*,*,#1036,.F.);
#1414=ORIENTED_EDGE('',*,*,#1033,.F.);
#1415=ORIENTED_EDGE('',*,*,#1028,.F.);
#1416=ORIENTED_EDGE('',*,*,#918,.T.);
#1417=ORIENTED_EDGE('',*,*,#1037,.F.);
#1418=ORIENTED_EDGE('',*,*,#1035,.T.);
#1419=ORIENTED_EDGE('',*,*,#1038,.T.);
#1420=ORIENTED_EDGE('',*,*,#1039,.T.);
#1421=ORIENTED_EDGE('',*,*,#1034,.T.);
#1422=ORIENTED_EDGE('',*,*,#1038,.F.);
#1423=ORIENTED_EDGE('',*,*,#1036,.T.);
#1424=ORIENTED_EDGE('',*,*,#1040,.T.);
#1425=ORIENTED_EDGE('',*,*,#943,.T.);
#1426=ORIENTED_EDGE('',*,*,#1040,.F.);
#1427=ORIENTED_EDGE('',*,*,#1037,.T.);
#1428=ORIENTED_EDGE('',*,*,#939,.T.);
#1429=ORIENTED_EDGE('',*,*,#1039,.F.);
#1430=ORIENTED_EDGE('',*,*,#942,.T.);
#1431=ORIENTED_EDGE('',*,*,#1041,.T.);
#1432=ORIENTED_EDGE('',*,*,#975,.T.);
#1433=ORIENTED_EDGE('',*,*,#949,.F.);
#1434=ORIENTED_EDGE('',*,*,#930,.T.);
#1435=ORIENTED_EDGE('',*,*,#955,.F.);
#1436=ORIENTED_EDGE('',*,*,#963,.T.);
#1437=ORIENTED_EDGE('',*,*,#956,.F.);
#1438=ORIENTED_EDGE('',*,*,#928,.T.);
#1439=ORIENTED_EDGE('',*,*,#987,.F.);
#1440=ORIENTED_EDGE('',*,*,#994,.T.);
#1441=ORIENTED_EDGE('',*,*,#988,.F.);
#1442=ORIENTED_EDGE('',*,*,#926,.T.);
#1443=ORIENTED_EDGE('',*,*,#997,.F.);
#1444=ORIENTED_EDGE('',*,*,#1004,.T.);
#1445=ORIENTED_EDGE('',*,*,#998,.F.);
#1446=ORIENTED_EDGE('',*,*,#924,.T.);
#1447=ORIENTED_EDGE('',*,*,#1007,.F.);
#1448=ORIENTED_EDGE('',*,*,#1014,.T.);
#1449=ORIENTED_EDGE('',*,*,#1018,.F.);
#1450=ORIENTED_EDGE('',*,*,#920,.T.);
#1451=ORIENTED_EDGE('',*,*,#1030,.F.);
#1452=ORIENTED_EDGE('',*,*,#1042,.T.);
#1453=ORIENTED_EDGE('',*,*,#1023,.F.);
#1454=ORIENTED_EDGE('',*,*,#1042,.F.);
#1455=ORIENTED_EDGE('',*,*,#1031,.F.);
#1456=ORIENTED_EDGE('',*,*,#1043,.F.);
#1457=ORIENTED_EDGE('',*,*,#1021,.F.);
#1458=ORIENTED_EDGE('',*,*,#1043,.T.);
#1459=ORIENTED_EDGE('',*,*,#1026,.F.);
#1460=ORIENTED_EDGE('',*,*,#972,.T.);
#1461=ORIENTED_EDGE('',*,*,#1044,.T.);
#1462=ORIENTED_EDGE('',*,*,#1045,.T.);
#1463=ORIENTED_EDGE('',*,*,#1046,.T.);
#1464=ORIENTED_EDGE('',*,*,#1041,.F.);
#1465=ORIENTED_EDGE('',*,*,#941,.T.);
#1466=ORIENTED_EDGE('',*,*,#1047,.T.);
#1467=ORIENTED_EDGE('',*,*,#1048,.T.);
#1468=ORIENTED_EDGE('',*,*,#1045,.F.);
#1469=ORIENTED_EDGE('',*,*,#1049,.T.);
#1470=ORIENTED_EDGE('',*,*,#913,.T.);
#1471=ORIENTED_EDGE('',*,*,#951,.F.);
#1472=ORIENTED_EDGE('',*,*,#1050,.T.);
#1473=ORIENTED_EDGE('',*,*,#1051,.T.);
#1474=ORIENTED_EDGE('',*,*,#1052,.T.);
#1475=ORIENTED_EDGE('',*,*,#1051,.F.);
#1476=ORIENTED_EDGE('',*,*,#1053,.T.);
#1477=ORIENTED_EDGE('',*,*,#1047,.F.);
#1478=ORIENTED_EDGE('',*,*,#1044,.F.);
#1479=ORIENTED_EDGE('',*,*,#940,.F.);
#1480=ORIENTED_EDGE('',*,*,#899,.T.);
#1481=ORIENTED_EDGE('',*,*,#870,.T.);
#1482=ORIENTED_EDGE('',*,*,#869,.T.);
#1483=ORIENTED_EDGE('',*,*,#1054,.T.);
#1484=ORIENTED_EDGE('',*,*,#1055,.F.);
#1485=ORIENTED_EDGE('',*,*,#1052,.F.);
#1486=ORIENTED_EDGE('',*,*,#1056,.F.);
#1487=ORIENTED_EDGE('',*,*,#1057,.T.);
#1488=ORIENTED_EDGE('',*,*,#866,.T.);
#1489=ORIENTED_EDGE('',*,*,#865,.F.);
#1490=ORIENTED_EDGE('',*,*,#909,.F.);
#1491=ORIENTED_EDGE('',*,*,#914,.T.);
#1492=ORIENTED_EDGE('',*,*,#1049,.F.);
#1493=ORIENTED_EDGE('',*,*,#1057,.F.);
#1494=ORIENTED_EDGE('',*,*,#1058,.T.);
#1495=ORIENTED_EDGE('',*,*,#867,.T.);
#1496=ORIENTED_EDGE('',*,*,#1050,.F.);
#1497=ORIENTED_EDGE('',*,*,#977,.T.);
#1498=ORIENTED_EDGE('',*,*,#1058,.F.);
#1499=ORIENTED_EDGE('',*,*,#1056,.T.);
#1500=ORIENTED_EDGE('',*,*,#1053,.F.);
#1501=ORIENTED_EDGE('',*,*,#1054,.F.);
#1502=ORIENTED_EDGE('',*,*,#868,.T.);
#1503=ORIENTED_EDGE('',*,*,#1059,.T.);
#1504=ORIENTED_EDGE('',*,*,#1048,.F.);
#1505=ORIENTED_EDGE('',*,*,#1055,.T.);
#1506=ORIENTED_EDGE('',*,*,#1059,.F.);
#1507=ORIENTED_EDGE('',*,*,#976,.T.);
#1508=ORIENTED_EDGE('',*,*,#1046,.F.);
#1509=ORIENTED_EDGE('',*,*,#873,.T.);
#1510=ORIENTED_EDGE('',*,*,#857,.F.);
#1511=ORIENTED_EDGE('',*,*,#854,.F.);
#1512=ORIENTED_EDGE('',*,*,#860,.F.);
#1513=ORIENTED_EDGE('',*,*,#843,.T.);
#1514=ORIENTED_EDGE('',*,*,#844,.T.);
#1515=ORIENTED_EDGE('',*,*,#895,.T.);
#1516=ORIENTED_EDGE('',*,*,#898,.T.);
#1517=ORIENTED_EDGE('',*,*,#1060,.F.);
#1518=ORIENTED_EDGE('',*,*,#1061,.T.);
#1519=ORIENTED_EDGE('',*,*,#984,.F.);
#1520=ORIENTED_EDGE('',*,*,#1061,.F.);
#1521=ORIENTED_EDGE('',*,*,#1062,.F.);
#1522=ORIENTED_EDGE('',*,*,#1063,.T.);
#1523=ORIENTED_EDGE('',*,*,#983,.F.);
#1524=ORIENTED_EDGE('',*,*,#1063,.F.);
#1525=ORIENTED_EDGE('',*,*,#1064,.F.);
#1526=ORIENTED_EDGE('',*,*,#1065,.T.);
#1527=ORIENTED_EDGE('',*,*,#1066,.F.);
#1528=ORIENTED_EDGE('',*,*,#1067,.F.);
#1529=ORIENTED_EDGE('',*,*,#935,.F.);
#1530=ORIENTED_EDGE('',*,*,#1068,.T.);
#1531=ORIENTED_EDGE('',*,*,#1069,.F.);
#1532=ORIENTED_EDGE('',*,*,#1070,.F.);
#1533=ORIENTED_EDGE('',*,*,#1071,.T.);
#1534=ORIENTED_EDGE('',*,*,#1069,.T.);
#1535=ORIENTED_EDGE('',*,*,#1072,.T.);
#1536=ORIENTED_EDGE('',*,*,#1066,.T.);
#1537=ORIENTED_EDGE('',*,*,#1060,.T.);
#1538=ORIENTED_EDGE('',*,*,#937,.F.);
#1539=ORIENTED_EDGE('',*,*,#1073,.T.);
#1540=ORIENTED_EDGE('',*,*,#1074,.F.);
#1541=ORIENTED_EDGE('',*,*,#1075,.F.);
#1542=ORIENTED_EDGE('',*,*,#1076,.F.);
#1543=ORIENTED_EDGE('',*,*,#1077,.T.);
#1544=ORIENTED_EDGE('',*,*,#1078,.F.);
#1545=ORIENTED_EDGE('',*,*,#1079,.F.);
#1546=ORIENTED_EDGE('',*,*,#1080,.F.);
#1547=ORIENTED_EDGE('',*,*,#1081,.T.);
#1548=ORIENTED_EDGE('',*,*,#1078,.T.);
#1549=ORIENTED_EDGE('',*,*,#1082,.T.);
#1550=ORIENTED_EDGE('',*,*,#1074,.T.);
#1551=ORIENTED_EDGE('',*,*,#1062,.T.);
#1552=ORIENTED_EDGE('',*,*,#934,.F.);
#1553=ORIENTED_EDGE('',*,*,#1075,.T.);
#1554=ORIENTED_EDGE('',*,*,#1082,.F.);
#1555=ORIENTED_EDGE('',*,*,#1077,.F.);
#1556=ORIENTED_EDGE('',*,*,#1083,.F.);
#1557=ORIENTED_EDGE('',*,*,#1067,.T.);
#1558=ORIENTED_EDGE('',*,*,#1072,.F.);
#1559=ORIENTED_EDGE('',*,*,#1068,.F.);
#1560=ORIENTED_EDGE('',*,*,#936,.F.);
#1561=ORIENTED_EDGE('',*,*,#1070,.T.);
#1562=ORIENTED_EDGE('',*,*,#1071,.F.);
#1563=ORIENTED_EDGE('',*,*,#1065,.F.);
#1564=ORIENTED_EDGE('',*,*,#1084,.F.);
#1565=ORIENTED_EDGE('',*,*,#1079,.T.);
#1566=ORIENTED_EDGE('',*,*,#1081,.F.);
#1567=ORIENTED_EDGE('',*,*,#1073,.F.);
#1568=ORIENTED_EDGE('',*,*,#1085,.F.);
#1569=ORIENTED_EDGE('',*,*,#1086,.F.);
#1570=ORIENTED_EDGE('',*,*,#1087,.F.);
#1571=ORIENTED_EDGE('',*,*,#1088,.T.);
#1572=ORIENTED_EDGE('',*,*,#981,.F.);
#1573=ORIENTED_EDGE('',*,*,#1088,.F.);
#1574=ORIENTED_EDGE('',*,*,#1089,.F.);
#1575=ORIENTED_EDGE('',*,*,#1085,.T.);
#1576=ORIENTED_EDGE('',*,*,#982,.F.);
#1577=ORIENTED_EDGE('',*,*,#1076,.T.);
#1578=ORIENTED_EDGE('',*,*,#1086,.T.);
#1579=ORIENTED_EDGE('',*,*,#1089,.T.);
#1580=ORIENTED_EDGE('',*,*,#1087,.T.);
#1581=ORIENTED_EDGE('',*,*,#1080,.T.);
#1582=ORIENTED_EDGE('',*,*,#1084,.T.);
#1583=ORIENTED_EDGE('',*,*,#1064,.T.);
#1584=ORIENTED_EDGE('',*,*,#1083,.T.);
#1585=ORIENTED_EDGE('',*,*,#933,.F.);
#1586=ORIENTED_EDGE('',*,*,#1090,.T.);
#1587=ORIENTED_EDGE('',*,*,#980,.F.);
#1588=ORIENTED_EDGE('',*,*,#1090,.F.);
#1589=ORIENTED_EDGE('',*,*,#932,.F.);
#1590=ORIENTED_EDGE('',*,*,#1091,.T.);
#1591=ORIENTED_EDGE('',*,*,#979,.F.);
#1592=ORIENTED_EDGE('',*,*,#1091,.F.);
#1593=ORIENTED_EDGE('',*,*,#931,.F.);
#1594=ORIENTED_EDGE('',*,*,#1092,.T.);
#1595=ORIENTED_EDGE('',*,*,#978,.F.);
#1596=ORIENTED_EDGE('',*,*,#1092,.F.);
#1597=CYLINDRICAL_SURFACE('',#1753,1.03775);
#1598=CYLINDRICAL_SURFACE('',#1756,1.03775);
#1599=CYLINDRICAL_SURFACE('',#1764,20.);
#1600=CYLINDRICAL_SURFACE('',#1779,2.75);
#1601=CYLINDRICAL_SURFACE('',#1781,6.);
#1602=CYLINDRICAL_SURFACE('',#1783,1.);
#1603=CYLINDRICAL_SURFACE('',#1788,1.);
#1604=CYLINDRICAL_SURFACE('',#1793,1.);
#1605=CYLINDRICAL_SURFACE('',#1795,0.7);
#1606=CYLINDRICAL_SURFACE('',#1807,0.7);
#1607=CYLINDRICAL_SURFACE('',#1813,5.);
#1608=CYLINDRICAL_SURFACE('',#1816,0.7);
#1609=CYLINDRICAL_SURFACE('',#1818,0.7);
#1610=CYLINDRICAL_SURFACE('',#1828,5.);
#1611=CYLINDRICAL_SURFACE('',#1843,0.7);
#1612=CYLINDRICAL_SURFACE('',#1852,5.);
#1613=CYLINDRICAL_SURFACE('',#1854,0.7);
#1614=CYLINDRICAL_SURFACE('',#1863,5.);
#1615=CYLINDRICAL_SURFACE('',#1865,0.7);
#1616=CYLINDRICAL_SURFACE('',#1874,5.);
#1617=CYLINDRICAL_SURFACE('',#1876,0.7);
#1618=CYLINDRICAL_SURFACE('',#1885,5.);
#1619=CYLINDRICAL_SURFACE('',#1886,0.7);
#1620=CYLINDRICAL_SURFACE('',#1896,5.);
#1621=CYLINDRICAL_SURFACE('',#1897,0.7);
#1622=CYLINDRICAL_SURFACE('',#1900,0.7);
#1623=CYLINDRICAL_SURFACE('',#1904,5.);
#1624=CYLINDRICAL_SURFACE('',#1906,0.7);
#1625=CYLINDRICAL_SURFACE('',#1908,0.7);
#1626=CYLINDRICAL_SURFACE('',#1909,0.7);
#1627=CYLINDRICAL_SURFACE('',#1910,0.7);
#1628=CYLINDRICAL_SURFACE('',#1911,0.7);
#1629=CYLINDRICAL_SURFACE('',#1912,0.7);
#1630=CYLINDRICAL_SURFACE('',#1914,0.7);
#1631=CYLINDRICAL_SURFACE('',#1920,1.03775);
#1632=CYLINDRICAL_SURFACE('',#1922,1.03775);
#1633=CYLINDRICAL_SURFACE('',#1932,6.00000000000001);
#1634=CYLINDRICAL_SURFACE('',#1935,2.75);
#1635=CYLINDRICAL_SURFACE('',#1938,1.75);
#1636=CYLINDRICAL_SURFACE('',#1939,1.75);
#1637=CYLINDRICAL_SURFACE('',#1940,1.75);
#1638=ADVANCED_FACE('',(#129),#1597,.F.);
#1639=ADVANCED_FACE('',(#130),#1598,.F.);
#1640=ADVANCED_FACE('',(#131),#97,.T.);
#1641=ADVANCED_FACE('',(#132,#79),#98,.T.);
#1642=ADVANCED_FACE('',(#133),#99,.T.);
#1643=ADVANCED_FACE('',(#134),#100,.T.);
#1644=ADVANCED_FACE('',(#135),#101,.T.);
#1645=ADVANCED_FACE('',(#136),#1599,.T.);
#1646=ADVANCED_FACE('',(#137),#102,.T.);
#1647=ADVANCED_FACE('',(#138),#103,.T.);
#1648=ADVANCED_FACE('',(#139),#104,.T.);
#1649=ADVANCED_FACE('',(#140),#105,.T.);
#1650=ADVANCED_FACE('',(#141,#80),#106,.T.);
#1651=ADVANCED_FACE('',(#142,#81),#107,.F.);
#1652=ADVANCED_FACE('',(#143),#1600,.F.);
#1653=ADVANCED_FACE('',(#144),#1601,.F.);
#1654=ADVANCED_FACE('',(#145),#1602,.F.);
#1655=ADVANCED_FACE('',(#146),#37,.F.);
#1656=ADVANCED_FACE('',(#147),#1603,.F.);
#1657=ADVANCED_FACE('',(#148),#38,.F.);
#1658=ADVANCED_FACE('',(#149),#1604,.F.);
#1659=ADVANCED_FACE('',(#150),#108,.T.);
#1660=ADVANCED_FACE('',(#151),#1605,.T.);
#1661=ADVANCED_FACE('',(#152,#82,#83,#84,#85),#109,.T.);
#1662=ADVANCED_FACE('',(#153),#1606,.T.);
#1663=ADVANCED_FACE('',(#154),#110,.T.);
#1664=ADVANCED_FACE('',(#155),#15,.T.);
#1665=ADVANCED_FACE('',(#156),#1607,.F.);
#1666=ADVANCED_FACE('',(#157),#16,.T.);
#1667=ADVANCED_FACE('',(#158),#1608,.T.);
#1668=ADVANCED_FACE('',(#159),#1609,.T.);
#1669=ADVANCED_FACE('',(#160),#39,.T.);
#1670=ADVANCED_FACE('',(#161),#40,.T.);
#1671=ADVANCED_FACE('',(#162),#1610,.T.);
#1672=ADVANCED_FACE('',(#163),#111,.T.);
#1673=ADVANCED_FACE('',(#164,#86,#87,#88,#89,#90,#91),#112,.F.);
#1674=ADVANCED_FACE('',(#165),#1611,.T.);
#1675=ADVANCED_FACE('',(#166),#41,.T.);
#1676=ADVANCED_FACE('',(#167),#42,.T.);
#1677=ADVANCED_FACE('',(#168),#1612,.T.);
#1678=ADVANCED_FACE('',(#169),#113,.T.);
#1679=ADVANCED_FACE('',(#170),#1613,.T.);
#1680=ADVANCED_FACE('',(#171),#43,.T.);
#1681=ADVANCED_FACE('',(#172),#44,.T.);
#1682=ADVANCED_FACE('',(#173),#1614,.T.);
#1683=ADVANCED_FACE('',(#174),#114,.T.);
#1684=ADVANCED_FACE('',(#175),#1615,.T.);
#1685=ADVANCED_FACE('',(#176),#45,.T.);
#1686=ADVANCED_FACE('',(#177),#46,.T.);
#1687=ADVANCED_FACE('',(#178),#1616,.T.);
#1688=ADVANCED_FACE('',(#179),#115,.T.);
#1689=ADVANCED_FACE('',(#180),#1617,.T.);
#1690=ADVANCED_FACE('',(#181),#47,.T.);
#1691=ADVANCED_FACE('',(#182),#48,.T.);
#1692=ADVANCED_FACE('',(#183),#1618,.T.);
#1693=ADVANCED_FACE('',(#184),#1619,.T.);
#1694=ADVANCED_FACE('',(#185),#116,.T.);
#1695=ADVANCED_FACE('',(#186),#49,.T.);
#1696=ADVANCED_FACE('',(#187),#50,.T.);
#1697=ADVANCED_FACE('',(#188),#1620,.T.);
#1698=ADVANCED_FACE('',(#189),#1621,.T.);
#1699=ADVANCED_FACE('',(#190),#117,.T.);
#1700=ADVANCED_FACE('',(#191),#1622,.T.);
#1701=ADVANCED_FACE('',(#192),#17,.T.);
#1702=ADVANCED_FACE('',(#193),#1623,.F.);
#1703=ADVANCED_FACE('',(#194),#18,.T.);
#1704=ADVANCED_FACE('',(#195),#1624,.T.);
#1705=ADVANCED_FACE('',(#196),#1625,.T.);
#1706=ADVANCED_FACE('',(#197),#1626,.T.);
#1707=ADVANCED_FACE('',(#198),#1627,.T.);
#1708=ADVANCED_FACE('',(#199),#1628,.T.);
#1709=ADVANCED_FACE('',(#200),#1629,.T.);
#1710=ADVANCED_FACE('',(#201),#118,.T.);
#1711=ADVANCED_FACE('',(#202),#1630,.T.);
#1712=ADVANCED_FACE('',(#203),#19,.F.);
#1713=ADVANCED_FACE('',(#204),#20,.F.);
#1714=ADVANCED_FACE('',(#205),#21,.F.);
#1715=ADVANCED_FACE('',(#206),#22,.F.);
#1716=ADVANCED_FACE('',(#207),#23,.T.);
#1717=ADVANCED_FACE('',(#208),#24,.T.);
#1718=ADVANCED_FACE('',(#209),#25,.T.);
#1719=ADVANCED_FACE('',(#210),#26,.F.);
#1720=ADVANCED_FACE('',(#211),#27,.T.);
#1721=ADVANCED_FACE('',(#212),#28,.F.);
#1722=ADVANCED_FACE('',(#213,#92,#93,#94),#119,.T.);
#1723=ADVANCED_FACE('',(#214),#1631,.F.);
#1724=ADVANCED_FACE('',(#215),#1632,.F.);
#1725=ADVANCED_FACE('',(#216),#120,.T.);
#1726=ADVANCED_FACE('',(#217),#121,.T.);
#1727=ADVANCED_FACE('',(#218,#95),#122,.T.);
#1728=ADVANCED_FACE('',(#219),#123,.T.);
#1729=ADVANCED_FACE('',(#220),#124,.T.);
#1730=ADVANCED_FACE('',(#221,#96),#125,.T.);
#1731=ADVANCED_FACE('',(#222),#126,.T.);
#1732=ADVANCED_FACE('',(#223),#127,.T.);
#1733=ADVANCED_FACE('',(#224),#1633,.F.);
#1734=ADVANCED_FACE('',(#225),#1634,.F.);
#1735=ADVANCED_FACE('',(#226),#128,.T.);
#1736=ADVANCED_FACE('',(#227),#1635,.F.);
#1737=ADVANCED_FACE('',(#228),#1636,.F.);
#1738=ADVANCED_FACE('',(#229),#1637,.F.);
#1739=CLOSED_SHELL('',(#1638,#1639,#1640,#1641,#1642,#1643,#1644,#1645,
#1646,#1647,#1648,#1649,#1650,#1651,#1652,#1653,#1654,#1655,#1656,#1657,
#1658,#1659,#1660,#1661,#1662,#1663,#1664,#1665,#1666,#1667,#1668,#1669,
#1670,#1671,#1672,#1673,#1674,#1675,#1676,#1677,#1678,#1679,#1680,#1681,
#1682,#1683,#1684,#1685,#1686,#1687,#1688,#1689,#1690,#1691,#1692,#1693,
#1694,#1695,#1696,#1697,#1698,#1699,#1700,#1701,#1702,#1703,#1704,#1705,
#1706,#1707,#1708,#1709,#1710,#1711,#1712,#1713,#1714,#1715,#1716,#1717,
#1718,#1719,#1720,#1721,#1722,#1723,#1724,#1725,#1726,#1727,#1728,#1729,
#1730,#1731,#1732,#1733,#1734,#1735,#1736,#1737,#1738));
#1740=DERIVED_UNIT_ELEMENT(#1742,1.);
#1741=DERIVED_UNIT_ELEMENT(#3492,-3.);
#1742=(
MASS_UNIT()
NAMED_UNIT(*)
SI_UNIT(.KILO.,.GRAM.)
);
#1743=DERIVED_UNIT((#1740,#1741));
#1744=MEASURE_REPRESENTATION_ITEM('density measure',
POSITIVE_RATIO_MEASURE(7850.),#1743);
#1745=PROPERTY_DEFINITION_REPRESENTATION(#1750,#1747);
#1746=PROPERTY_DEFINITION_REPRESENTATION(#1751,#1748);
#1747=REPRESENTATION('material name',(#1749),#3489);
#1748=REPRESENTATION('density',(#1744),#3489);
#1749=DESCRIPTIVE_REPRESENTATION_ITEM('Steel','Steel');
#1750=PROPERTY_DEFINITION('material property','material name',#3499);
#1751=PROPERTY_DEFINITION('material property','density of part',#3499);
#1752=AXIS2_PLACEMENT_3D('',#2442,#1941,#1942);
#1753=AXIS2_PLACEMENT_3D('',#2443,#1943,#1944);
#1754=AXIS2_PLACEMENT_3D('',#2445,#1945,#1946);
#1755=AXIS2_PLACEMENT_3D('',#2448,#1948,#1949);
#1756=AXIS2_PLACEMENT_3D('',#2449,#1950,#1951);
#1757=AXIS2_PLACEMENT_3D('',#2451,#1952,#1953);
#1758=AXIS2_PLACEMENT_3D('',#2454,#1955,#1956);
#1759=AXIS2_PLACEMENT_3D('',#2455,#1957,#1958);
#1760=AXIS2_PLACEMENT_3D('',#2464,#1963,#1964);
#1761=AXIS2_PLACEMENT_3D('',#2470,#1968,#1969);
#1762=AXIS2_PLACEMENT_3D('',#2476,#1973,#1974);
#1763=AXIS2_PLACEMENT_3D('',#2482,#1978,#1979);
#1764=AXIS2_PLACEMENT_3D('',#2488,#1983,#1984);
#1765=AXIS2_PLACEMENT_3D('',#2490,#1985,#1986);
#1766=AXIS2_PLACEMENT_3D('',#2540,#1987,#1988);
#1767=AXIS2_PLACEMENT_3D('',#2541,#1989,#1990);
#1768=AXIS2_PLACEMENT_3D('',#2542,#1991,#1992);
#1769=AXIS2_PLACEMENT_3D('',#2553,#1998,#1999);
#1770=AXIS2_PLACEMENT_3D('',#2559,#2003,#2004);
#1771=AXIS2_PLACEMENT_3D('',#2565,#2008,#2009);
#1772=AXIS2_PLACEMENT_3D('',#2568,#2012,#2013);
#1773=AXIS2_PLACEMENT_3D('',#2569,#2014,#2015);
#1774=AXIS2_PLACEMENT_3D('',#2573,#2017,#2018);
#1775=AXIS2_PLACEMENT_3D('',#2577,#2020,#2021);
#1776=AXIS2_PLACEMENT_3D('',#2581,#2023,#2024);
#1777=AXIS2_PLACEMENT_3D('',#2582,#2025,#2026);
#1778=AXIS2_PLACEMENT_3D('',#2583,#2027,#2028);
#1779=AXIS2_PLACEMENT_3D('',#2584,#2029,#2030);
#1780=AXIS2_PLACEMENT_3D('',#2587,#2031,#2032);
#1781=AXIS2_PLACEMENT_3D('',#2590,#2035,#2036);
#1782=AXIS2_PLACEMENT_3D('',#2591,#2037,#2038);
#1783=AXIS2_PLACEMENT_3D('',#2592,#2039,#2040);
#1784=AXIS2_PLACEMENT_3D('',#2608,#2042,#2043);
#1785=AXIS2_PLACEMENT_3D('',#2609,#2044,#2045);
#1786=AXIS2_PLACEMENT_3D('',#2611,#2046,#2047);
#1787=AXIS2_PLACEMENT_3D('',#2612,#2048,#2049);
#1788=AXIS2_PLACEMENT_3D('',#2613,#2050,#2051);
#1789=AXIS2_PLACEMENT_3D('',#2615,#2052,#2053);
#1790=AXIS2_PLACEMENT_3D('',#2617,#2055,#2056);
#1791=AXIS2_PLACEMENT_3D('',#2619,#2057,#2058);
#1792=AXIS2_PLACEMENT_3D('',#2620,#2059,#2060);
#1793=AXIS2_PLACEMENT_3D('',#2621,#2061,#2062);
#1794=AXIS2_PLACEMENT_3D('',#2634,#2064,#2065);
#1795=AXIS2_PLACEMENT_3D('',#2652,#2069,#2070);
#1796=AXIS2_PLACEMENT_3D('',#2655,#2072,#2073);
#1797=AXIS2_PLACEMENT_3D('',#2656,#2074,#2075);
#1798=AXIS2_PLACEMENT_3D('',#2662,#2078,#2079);
#1799=AXIS2_PLACEMENT_3D('',#2666,#2081,#2082);
#1800=AXIS2_PLACEMENT_3D('',#2670,#2084,#2085);
#1801=AXIS2_PLACEMENT_3D('',#2674,#2087,#2088);
#1802=AXIS2_PLACEMENT_3D('',#2678,#2090,#2091);
#1803=AXIS2_PLACEMENT_3D('',#2682,#2093,#2094);
#1804=AXIS2_PLACEMENT_3D('',#2685,#2096,#2097);
#1805=AXIS2_PLACEMENT_3D('',#2687,#2098,#2099);
#1806=AXIS2_PLACEMENT_3D('',#2689,#2100,#2101);
#1807=AXIS2_PLACEMENT_3D('',#2698,#2106,#2107);
#1808=AXIS2_PLACEMENT_3D('',#2701,#2109,#2110);
#1809=AXIS2_PLACEMENT_3D('',#2702,#2111,#2112);
#1810=AXIS2_PLACEMENT_3D('',#2749,#2115,#2116);
#1811=AXIS2_PLACEMENT_3D('',#2751,#2117,#2118);
#1812=AXIS2_PLACEMENT_3D('',#2752,#2119,#2120);
#1813=AXIS2_PLACEMENT_3D('',#2753,#2121,#2122);
#1814=AXIS2_PLACEMENT_3D('',#2755,#2123,#2124);
#1815=AXIS2_PLACEMENT_3D('',#2787,#2126,#2127);
#1816=AXIS2_PLACEMENT_3D('',#2788,#2128,#2129);
#1817=AXIS2_PLACEMENT_3D('',#2791,#2131,#2132);
#1818=AXIS2_PLACEMENT_3D('',#2792,#2133,#2134);
#1819=AXIS2_PLACEMENT_3D('',#2796,#2136,#2137);
#1820=AXIS2_PLACEMENT_3D('',#2798,#2139,#2140);
#1821=AXIS2_PLACEMENT_3D('',#2800,#2141,#2142);
#1822=AXIS2_PLACEMENT_3D('',#2802,#2143,#2144);
#1823=AXIS2_PLACEMENT_3D('',#2803,#2145,#2146);
#1824=AXIS2_PLACEMENT_3D('',#2804,#2147,#2148);
#1825=AXIS2_PLACEMENT_3D('',#2806,#2149,#2150);
#1826=AXIS2_PLACEMENT_3D('',#2808,#2151,#2152);
#1827=AXIS2_PLACEMENT_3D('',#2809,#2153,#2154);
#1828=AXIS2_PLACEMENT_3D('',#2810,#2155,#2156);
#1829=AXIS2_PLACEMENT_3D('',#2813,#2159,#2160);
#1830=AXIS2_PLACEMENT_3D('',#2815,#2162,#2163);
#1831=AXIS2_PLACEMENT_3D('',#2819,#2165,#2166);
#1832=AXIS2_PLACEMENT_3D('',#2823,#2168,#2169);
#1833=AXIS2_PLACEMENT_3D('',#2827,#2171,#2172);
#1834=AXIS2_PLACEMENT_3D('',#2831,#2174,#2175);
#1835=AXIS2_PLACEMENT_3D('',#2835,#2177,#2178);
#1836=AXIS2_PLACEMENT_3D('',#2855,#2181,#2182);
#1837=AXIS2_PLACEMENT_3D('',#2857,#2183,#2184);
#1838=AXIS2_PLACEMENT_3D('',#2859,#2185,#2186);
#1839=AXIS2_PLACEMENT_3D('',#2862,#2187,#2188);
#1840=AXIS2_PLACEMENT_3D('',#2863,#2189,#2190);
#1841=AXIS2_PLACEMENT_3D('',#2865,#2191,#2192);
#1842=AXIS2_PLACEMENT_3D('',#2867,#2193,#2194);
#1843=AXIS2_PLACEMENT_3D('',#2868,#2195,#2196);
#1844=AXIS2_PLACEMENT_3D('',#2871,#2198,#2199);
#1845=AXIS2_PLACEMENT_3D('',#2872,#2200,#2201);
#1846=AXIS2_PLACEMENT_3D('',#2874,#2202,#2203);
#1847=AXIS2_PLACEMENT_3D('',#2876,#2204,#2205);
#1848=AXIS2_PLACEMENT_3D('',#2877,#2206,#2207);
#1849=AXIS2_PLACEMENT_3D('',#2878,#2208,#2209);
#1850=AXIS2_PLACEMENT_3D('',#2880,#2210,#2211);
#1851=AXIS2_PLACEMENT_3D('',#2881,#2212,#2213);
#1852=AXIS2_PLACEMENT_3D('',#2882,#2214,#2215);
#1853=AXIS2_PLACEMENT_3D('',#2885,#2218,#2219);
#1854=AXIS2_PLACEMENT_3D('',#2887,#2221,#2222);
#1855=AXIS2_PLACEMENT_3D('',#2890,#2224,#2225);
#1856=AXIS2_PLACEMENT_3D('',#2891,#2226,#2227);
#1857=AXIS2_PLACEMENT_3D('',#2893,#2228,#2229);
#1858=AXIS2_PLACEMENT_3D('',#2895,#2230,#2231);
#1859=AXIS2_PLACEMENT_3D('',#2896,#2232,#2233);
#1860=AXIS2_PLACEMENT_3D('',#2897,#2234,#2235);
#1861=AXIS2_PLACEMENT_3D('',#2899,#2236,#2237);
#1862=AXIS2_PLACEMENT_3D('',#2900,#2238,#2239);
#1863=AXIS2_PLACEMENT_3D('',#2901,#2240,#2241);
#1864=AXIS2_PLACEMENT_3D('',#2904,#2244,#2245);
#1865=AXIS2_PLACEMENT_3D('',#2906,#2247,#2248);
#1866=AXIS2_PLACEMENT_3D('',#2909,#2250,#2251);
#1867=AXIS2_PLACEMENT_3D('',#2910,#2252,#2253);
#1868=AXIS2_PLACEMENT_3D('',#2912,#2254,#2255);
#1869=AXIS2_PLACEMENT_3D('',#2914,#2256,#2257);
#1870=AXIS2_PLACEMENT_3D('',#2915,#2258,#2259);
#1871=AXIS2_PLACEMENT_3D('',#2916,#2260,#2261);
#1872=AXIS2_PLACEMENT_3D('',#2918,#2262,#2263);
#1873=AXIS2_PLACEMENT_3D('',#2919,#2264,#2265);
#1874=AXIS2_PLACEMENT_3D('',#2920,#2266,#2267);
#1875=AXIS2_PLACEMENT_3D('',#2923,#2270,#2271);
#1876=AXIS2_PLACEMENT_3D('',#2925,#2273,#2274);
#1877=AXIS2_PLACEMENT_3D('',#2928,#2276,#2277);
#1878=AXIS2_PLACEMENT_3D('',#2929,#2278,#2279);
#1879=AXIS2_PLACEMENT_3D('',#2931,#2280,#2281);
#1880=AXIS2_PLACEMENT_3D('',#2933,#2282,#2283);
#1881=AXIS2_PLACEMENT_3D('',#2934,#2284,#2285);
#1882=AXIS2_PLACEMENT_3D('',#2935,#2286,#2287);
#1883=AXIS2_PLACEMENT_3D('',#2937,#2288,#2289);
#1884=AXIS2_PLACEMENT_3D('',#2938,#2290,#2291);
#1885=AXIS2_PLACEMENT_3D('',#2939,#2292,#2293);
#1886=AXIS2_PLACEMENT_3D('',#2942,#2296,#2297);
#1887=AXIS2_PLACEMENT_3D('',#2944,#2299,#2300);
#1888=AXIS2_PLACEMENT_3D('',#2945,#2301,#2302);
#1889=AXIS2_PLACEMENT_3D('',#2947,#2303,#2304);
#1890=AXIS2_PLACEMENT_3D('',#2949,#2305,#2306);
#1891=AXIS2_PLACEMENT_3D('',#2950,#2307,#2308);
#1892=AXIS2_PLACEMENT_3D('',#2951,#2309,#2310);
#1893=AXIS2_PLACEMENT_3D('',#2953,#2311,#2312);
#1894=AXIS2_PLACEMENT_3D('',#2955,#2313,#2314);
#1895=AXIS2_PLACEMENT_3D('',#2956,#2315,#2316);
#1896=AXIS2_PLACEMENT_3D('',#2957,#2317,#2318);
#1897=AXIS2_PLACEMENT_3D('',#2960,#2321,#2322);
#1898=AXIS2_PLACEMENT_3D('',#2963,#2324,#2325);
#1899=AXIS2_PLACEMENT_3D('',#2964,#2326,#2327);
#1900=AXIS2_PLACEMENT_3D('',#2968,#2330,#2331);
#1901=AXIS2_PLACEMENT_3D('',#2969,#2332,#2333);
#1902=AXIS2_PLACEMENT_3D('',#2994,#2334,#2335);
#1903=AXIS2_PLACEMENT_3D('',#2995,#2336,#2337);
#1904=AXIS2_PLACEMENT_3D('',#2996,#2338,#2339);
#1905=AXIS2_PLACEMENT_3D('',#2997,#2340,#2341);
#1906=AXIS2_PLACEMENT_3D('',#3022,#2342,#2343);
#1907=AXIS2_PLACEMENT_3D('',#3023,#2344,#2345);
#1908=AXIS2_PLACEMENT_3D('',#3024,#2346,#2347);
#1909=AXIS2_PLACEMENT_3D('',#3025,#2348,#2349);
#1910=AXIS2_PLACEMENT_3D('',#3026,#2350,#2351);
#1911=AXIS2_PLACEMENT_3D('',#3027,#2352,#2353);
#1912=AXIS2_PLACEMENT_3D('',#3028,#2354,#2355);
#1913=AXIS2_PLACEMENT_3D('',#3030,#2357,#2358);
#1914=AXIS2_PLACEMENT_3D('',#3032,#2360,#2361);
#1915=AXIS2_PLACEMENT_3D('',#3086,#2362,#2363);
#1916=AXIS2_PLACEMENT_3D('',#3187,#2364,#2365);
#1917=AXIS2_PLACEMENT_3D('',#3250,#2366,#2367);
#1918=AXIS2_PLACEMENT_3D('',#3303,#2368,#2369);
#1919=AXIS2_PLACEMENT_3D('',#3420,#2370,#2371);
#1920=AXIS2_PLACEMENT_3D('',#3421,#2372,#2373);
#1921=AXIS2_PLACEMENT_3D('',#3423,#2374,#2375);
#1922=AXIS2_PLACEMENT_3D('',#3425,#2377,#2378);
#1923=AXIS2_PLACEMENT_3D('',#3427,#2379,#2380);
#1924=AXIS2_PLACEMENT_3D('',#3429,#2382,#2383);
#1925=AXIS2_PLACEMENT_3D('',#3438,#2388,#2389);
#1926=AXIS2_PLACEMENT_3D('',#3444,#2393,#2394);
#1927=AXIS2_PLACEMENT_3D('',#3447,#2397,#2398);
#1928=AXIS2_PLACEMENT_3D('',#3453,#2402,#2403);
#1929=AXIS2_PLACEMENT_3D('',#3464,#2409,#2410);
#1930=AXIS2_PLACEMENT_3D('',#3467,#2413,#2414);
#1931=AXIS2_PLACEMENT_3D('',#3469,#2416,#2417);
#1932=AXIS2_PLACEMENT_3D('',#3471,#2419,#2420);
#1933=AXIS2_PLACEMENT_3D('',#3474,#2422,#2423);
#1934=AXIS2_PLACEMENT_3D('',#3476,#2424,#2425);
#1935=AXIS2_PLACEMENT_3D('',#3478,#2427,#2428);
#1936=AXIS2_PLACEMENT_3D('',#3479,#2429,#2430);
#1937=AXIS2_PLACEMENT_3D('',#3480,#2431,#2432);
#1938=AXIS2_PLACEMENT_3D('',#3481,#2433,#2434);
#1939=AXIS2_PLACEMENT_3D('',#3483,#2436,#2437);
#1940=AXIS2_PLACEMENT_3D('',#3485,#2439,#2440);
#1941=DIRECTION('axis',(0.,0.,1.));
#1942=DIRECTION('refdir',(1.,0.,0.));
#1943=DIRECTION('center_axis',(1.,0.,0.));
#1944=DIRECTION('ref_axis',(0.,-1.,0.));
#1945=DIRECTION('center_axis',(1.,0.,0.));
#1946=DIRECTION('ref_axis',(0.,-1.,0.));
#1947=DIRECTION('',(1.,0.,0.));
#1948=DIRECTION('center_axis',(-1.,0.,0.));
#1949=DIRECTION('ref_axis',(0.,-1.,0.));
#1950=DIRECTION('center_axis',(-1.,0.,0.));
#1951=DIRECTION('ref_axis',(0.,-1.,0.));
#1952=DIRECTION('center_axis',(-1.,0.,0.));
#1953=DIRECTION('ref_axis',(0.,-1.,0.));
#1954=DIRECTION('',(-1.,0.,0.));
#1955=DIRECTION('center_axis',(1.,0.,0.));
#1956=DIRECTION('ref_axis',(0.,-1.,0.));
#1957=DIRECTION('center_axis',(0.,1.,0.));
#1958=DIRECTION('ref_axis',(0.,0.,-1.));
#1959=DIRECTION('',(0.,0.,1.));
#1960=DIRECTION('',(-1.,0.,0.));
#1961=DIRECTION('',(0.,0.,-1.));
#1962=DIRECTION('',(-1.,0.,0.));
#1963=DIRECTION('center_axis',(-1.,0.,0.));
#1964=DIRECTION('ref_axis',(0.,0.,1.));
#1965=DIRECTION('',(0.,1.,0.));
#1966=DIRECTION('',(0.,-1.,0.));
#1967=DIRECTION('',(0.,0.,1.));
#1968=DIRECTION('center_axis',(0.,-1.,0.));
#1969=DIRECTION('ref_axis',(0.,0.,-1.));
#1970=DIRECTION('',(0.,0.,1.));
#1971=DIRECTION('',(1.,0.,0.));
#1972=DIRECTION('',(-1.,0.,0.));
#1973=DIRECTION('center_axis',(0.,0.,1.));
#1974=DIRECTION('ref_axis',(0.,-1.,0.));
#1975=DIRECTION('',(0.,1.,0.));
#1976=DIRECTION('',(1.,0.,0.));
#1977=DIRECTION('',(0.,-1.,0.));
#1978=DIRECTION('center_axis',(0.,0.,-1.));
#1979=DIRECTION('ref_axis',(0.,1.,0.));
#1980=DIRECTION('',(0.,-1.,0.));
#1981=DIRECTION('',(0.,1.,0.));
#1982=DIRECTION('',(-1.,0.,0.));
#1983=DIRECTION('center_axis',(1.,0.,0.));
#1984=DIRECTION('ref_axis',(0.,1.,0.));
#1985=DIRECTION('center_axis',(1.,0.,0.));
#1986=DIRECTION('ref_axis',(0.,1.,0.));
#1987=DIRECTION('center_axis',(1.,0.,0.));
#1988=DIRECTION('ref_axis',(0.,1.,0.));
#1989=DIRECTION('center_axis',(1.,0.,0.));
#1990=DIRECTION('ref_axis',(0.,1.,0.));
#1991=DIRECTION('center_axis',(0.,-1.,0.));
#1992=DIRECTION('ref_axis',(0.,0.,1.));
#1993=DIRECTION('',(0.,0.,-1.));
#1994=DIRECTION('',(-1.,0.,0.));
#1995=DIRECTION('',(0.,0.,1.));
#1996=DIRECTION('',(-1.,0.,0.));
#1997=DIRECTION('',(0.,0.,-1.));
#1998=DIRECTION('center_axis',(0.,0.,-1.));
#1999=DIRECTION('ref_axis',(0.,-1.,0.));
#2000=DIRECTION('',(0.,1.,0.));
#2001=DIRECTION('',(0.,-1.,0.));
#2002=DIRECTION('',(-1.,0.,0.));
#2003=DIRECTION('center_axis',(0.,1.,0.));
#2004=DIRECTION('ref_axis',(0.,0.,-1.));
#2005=DIRECTION('',(0.,0.,1.));
#2006=DIRECTION('',(0.,0.,-1.));
#2007=DIRECTION('',(-1.,0.,0.));
#2008=DIRECTION('center_axis',(0.,0.,1.));
#2009=DIRECTION('ref_axis',(0.,1.,0.));
#2010=DIRECTION('',(0.,-1.,0.));
#2011=DIRECTION('',(0.,1.,0.));
#2012=DIRECTION('center_axis',(-1.,0.,0.));
#2013=DIRECTION('ref_axis',(0.,0.,1.));
#2014=DIRECTION('center_axis',(1.,0.,0.));
#2015=DIRECTION('ref_axis',(0.,1.,0.));
#2016=DIRECTION('',(0.,0.,-1.));
#2017=DIRECTION('center_axis',(-1.,0.,0.));
#2018=DIRECTION('ref_axis',(0.,0.707106781186548,0.707106781186548));
#2019=DIRECTION('',(0.,1.,0.));
#2020=DIRECTION('center_axis',(-1.,0.,0.));
#2021=DIRECTION('ref_axis',(0.,-0.707106781186548,0.707106781186548));
#2022=DIRECTION('',(0.,0.,1.));
#2023=DIRECTION('center_axis',(1.,0.,0.));
#2024=DIRECTION('ref_axis',(0.,-1.,0.));
#2025=DIRECTION('center_axis',(1.,0.,0.));
#2026=DIRECTION('ref_axis',(0.,-1.,0.));
#2027=DIRECTION('center_axis',(1.,0.,0.));
#2028=DIRECTION('ref_axis',(0.,-1.,0.));
#2029=DIRECTION('center_axis',(1.,0.,0.));
#2030=DIRECTION('ref_axis',(0.,-1.,0.));
#2031=DIRECTION('center_axis',(-1.,0.,0.));
#2032=DIRECTION('ref_axis',(0.,-1.,0.));
#2033=DIRECTION('',(1.,0.,0.));
#2034=DIRECTION('',(1.,0.,0.));
#2035=DIRECTION('center_axis',(1.,0.,0.));
#2036=DIRECTION('ref_axis',(0.,1.,-1.22464679914735E-16));
#2037=DIRECTION('center_axis',(-1.,0.,0.));
#2038=DIRECTION('ref_axis',(0.,-1.,0.));
#2039=DIRECTION('center_axis',(0.,0.,-1.));
#2040=DIRECTION('ref_axis',(0.707106781186549,-0.707106781186546,0.));
#2041=DIRECTION('',(0.,0.,1.));
#2042=DIRECTION('center_axis',(0.,5.5511151231258E-16,1.));
#2043=DIRECTION('ref_axis',(0.,-1.,5.5511151231258E-16));
#2044=DIRECTION('center_axis',(-1.,0.,0.));
#2045=DIRECTION('ref_axis',(0.,0.,1.));
#2046=DIRECTION('center_axis',(0.,-1.,0.));
#2047=DIRECTION('ref_axis',(0.,0.,-1.));
#2048=DIRECTION('center_axis',(1.,0.,0.));
#2049=DIRECTION('ref_axis',(0.,0.707106781186548,0.707106781186548));
#2050=DIRECTION('center_axis',(0.,1.,0.));
#2051=DIRECTION('ref_axis',(0.707106781186548,0.,-0.707106781186548));
#2052=DIRECTION('center_axis',(0.,-1.,0.));
#2053=DIRECTION('ref_axis',(0.,0.,-1.));
#2054=DIRECTION('',(0.,-1.,0.));
#2055=DIRECTION('center_axis',(-1.,0.,0.));
#2056=DIRECTION('ref_axis',(0.,0.,1.));
#2057=DIRECTION('center_axis',(0.,-5.55111512312579E-16,-1.));
#2058=DIRECTION('ref_axis',(0.,1.,-5.55111512312579E-16));
#2059=DIRECTION('center_axis',(1.,0.,0.));
#2060=DIRECTION('ref_axis',(0.,-0.707106781186548,0.707106781186548));
#2061=DIRECTION('center_axis',(0.,0.,-1.));
#2062=DIRECTION('ref_axis',(0.707106781186548,0.707106781186548,0.));
#2063=DIRECTION('',(0.,0.,-1.));
#2064=DIRECTION('center_axis',(1.85075698166528E-16,-1.,0.));
#2065=DIRECTION('ref_axis',(1.,1.85075698166528E-16,0.));
#2066=DIRECTION('',(1.,1.85075698166528E-16,0.));
#2067=DIRECTION('',(0.,0.,1.));
#2068=DIRECTION('',(-1.,-1.85075698166528E-16,0.));
#2069=DIRECTION('center_axis',(1.,1.85075698166528E-16,0.));
#2070=DIRECTION('ref_axis',(0.,-0.707106781186547,0.707106781186548));
#2071=DIRECTION('',(-1.,-1.85075698166528E-16,0.));
#2072=DIRECTION('center_axis',(-0.22365397608865,-0.97466860982579,0.));
#2073=DIRECTION('ref_axis',(0.97466860982579,-0.22365397608865,0.));
#2074=DIRECTION('center_axis',(0.,0.,1.));
#2075=DIRECTION('ref_axis',(1.,0.,0.));
#2076=DIRECTION('',(1.,0.,0.));
#2077=DIRECTION('',(0.707106781186546,-0.707106781186549,0.));
#2078=DIRECTION('center_axis',(0.,0.,-1.));
#2079=DIRECTION('ref_axis',(0.38268343236509,0.923879532511287,0.));
#2080=DIRECTION('',(1.,5.55111512312578E-16,0.));
#2081=DIRECTION('center_axis',(0.,0.,-1.));
#2082=DIRECTION('ref_axis',(-0.471858445081041,0.881674320713551,0.));
#2083=DIRECTION('',(0.554699215611405,0.832050948079558,0.));
#2084=DIRECTION('center_axis',(0.,0.,-1.));
#2085=DIRECTION('ref_axis',(-0.957092197251539,0.28978358469765,0.));
#2086=DIRECTION('',(-1.1842378929335E-15,1.,0.));
#2087=DIRECTION('center_axis',(0.,0.,-1.));
#2088=DIRECTION('ref_axis',(-0.957092197251539,-0.289783584697652,0.));
#2089=DIRECTION('',(-0.554699215611405,0.832050948079558,0.));
#2090=DIRECTION('center_axis',(0.,0.,-1.));
#2091=DIRECTION('ref_axis',(-0.471858445081041,-0.881674320713551,0.));
#2092=DIRECTION('',(-1.,-8.32667268468868E-16,0.));
#2093=DIRECTION('center_axis',(0.,0.,-1.));
#2094=DIRECTION('ref_axis',(0.471858445081041,-0.881674320713551,0.));
#2095=DIRECTION('',(-0.554699215611405,-0.832050948079558,0.));
#2096=DIRECTION('center_axis',(0.,0.,-1.));
#2097=DIRECTION('ref_axis',(-1.,0.,0.));
#2098=DIRECTION('center_axis',(0.,0.,-1.));
#2099=DIRECTION('ref_axis',(-1.,0.,0.));
#2100=DIRECTION('center_axis',(0.,0.,-1.));
#2101=DIRECTION('ref_axis',(-1.,0.,0.));
#2102=DIRECTION('',(-1.,0.,0.));
#2103=DIRECTION('',(0.,1.,0.));
#2104=DIRECTION('',(1.,0.,0.));
#2105=DIRECTION('',(0.,-1.,0.));
#2106=DIRECTION('center_axis',(-1.,0.,0.));
#2107=DIRECTION('ref_axis',(0.,0.707106781186545,0.70710678118655));
#2108=DIRECTION('',(-1.,0.,0.));
#2109=DIRECTION('center_axis',(-0.284252323408791,0.958749506720449,0.));
#2110=DIRECTION('ref_axis',(0.958749506720449,0.284252323408791,0.));
#2111=DIRECTION('center_axis',(0.,1.,0.));
#2112=DIRECTION('ref_axis',(-1.,0.,0.));
#2113=DIRECTION('',(1.,0.,0.));
#2114=DIRECTION('',(0.,0.,-1.));
#2115=DIRECTION('center_axis',(-4.45630629518181E-17,8.32667268468868E-17,
1.));
#2116=DIRECTION('ref_axis',(-8.88178419700126E-16,1.,-8.32667268468868E-17));
#2117=DIRECTION('center_axis',(0.93503462597368,-0.3545564105051,1.12467625848917E-15));
#2118=DIRECTION('ref_axis',(-0.3545564105051,-0.93503462597368,1.7736128128756E-16));
#2119=DIRECTION('center_axis',(-0.223653976088651,-0.97466860982579,0.));
#2120=DIRECTION('ref_axis',(0.97466860982579,-0.223653976088651,1.7736128128756E-16));
#2121=DIRECTION('center_axis',(0.,0.,1.));
#2122=DIRECTION('ref_axis',(-0.47185844508104,0.881674320713552,0.));
#2123=DIRECTION('center_axis',(0.,0.,1.));
#2124=DIRECTION('ref_axis',(0.,1.,0.));
#2125=DIRECTION('',(0.,0.,-1.));
#2126=DIRECTION('center_axis',(0.93503462597368,-0.3545564105051,1.12467625848917E-15));
#2127=DIRECTION('ref_axis',(-0.3545564105051,-0.93503462597368,0.));
#2128=DIRECTION('center_axis',(-1.,-1.85075698166528E-16,0.));
#2129=DIRECTION('ref_axis',(0.,-0.707106781186547,-0.707106781186548));
#2130=DIRECTION('',(1.,1.85075698166528E-16,0.));
#2131=DIRECTION('center_axis',(-1.,0.,0.));
#2132=DIRECTION('ref_axis',(0.,-3.1720657846433E-14,-1.));
#2133=DIRECTION('center_axis',(-0.554699215611405,-0.832050948079558,0.));
#2134=DIRECTION('ref_axis',(0.58834886767975,-0.39223157687768,-0.70710678118655));
#2135=DIRECTION('',(-0.554699215611405,-0.832050948079558,0.));
#2136=DIRECTION('center_axis',(-0.554699215611405,-0.832050948079558,-8.79764461735648E-16));
#2137=DIRECTION('ref_axis',(6.34413156928661E-15,-3.1720657846433E-15,-1.));
#2138=DIRECTION('',(0.554699215611405,0.832050948079558,0.));
#2139=DIRECTION('center_axis',(0.,0.,1.));
#2140=DIRECTION('ref_axis',(1.,0.,0.));
#2141=DIRECTION('center_axis',(-0.554699215611405,-0.832050948079558,8.79764461735648E-16));
#2142=DIRECTION('ref_axis',(0.832050948079558,-0.554699215611405,0.));
#2143=DIRECTION('center_axis',(1.,0.,0.));
#2144=DIRECTION('ref_axis',(0.,-7.93016446160826E-16,1.));
#2145=DIRECTION('center_axis',(0.,0.,1.));
#2146=DIRECTION('ref_axis',(0.471858445081041,-0.881674320713551,0.));
#2147=DIRECTION('center_axis',(0.,0.,1.));
#2148=DIRECTION('ref_axis',(1.,0.,0.));
#2149=DIRECTION('center_axis',(0.,0.,-1.));
#2150=DIRECTION('ref_axis',(0.471858445081041,-0.881674320713551,0.));
#2151=DIRECTION('center_axis',(1.,0.,0.));
#2152=DIRECTION('ref_axis',(0.,-1.,0.));
#2153=DIRECTION('center_axis',(0.,0.,1.));
#2154=DIRECTION('ref_axis',(0.471858445081041,-0.881674320713551,0.));
#2155=DIRECTION('center_axis',(0.,0.,1.));
#2156=DIRECTION('ref_axis',(0.47185844508104,-0.881674320713552,0.));
#2157=DIRECTION('',(0.,0.,1.));
#2158=DIRECTION('',(0.,0.,-1.));
#2159=DIRECTION('center_axis',(0.832050948079558,-0.554699215611405,0.));
#2160=DIRECTION('ref_axis',(0.554699215611405,0.832050948079558,0.));
#2161=DIRECTION('',(0.554699215611405,0.832050948079558,0.));
#2162=DIRECTION('center_axis',(0.,0.,1.));
#2163=DIRECTION('ref_axis',(1.,0.,0.));
#2164=DIRECTION('',(1.,8.32667268468868E-16,0.));
#2165=DIRECTION('center_axis',(0.,0.,1.));
#2166=DIRECTION('ref_axis',(-0.471858445081041,-0.881674320713551,0.));
#2167=DIRECTION('',(0.554699215611405,-0.832050948079558,0.));
#2168=DIRECTION('center_axis',(0.,0.,1.));
#2169=DIRECTION('ref_axis',(-0.957092197251539,-0.289783584697652,0.));
#2170=DIRECTION('',(1.1842378929335E-15,-1.,0.));
#2171=DIRECTION('center_axis',(0.,0.,1.));
#2172=DIRECTION('ref_axis',(-0.957092197251539,0.28978358469765,0.));
#2173=DIRECTION('',(-0.554699215611405,-0.832050948079558,0.));
#2174=DIRECTION('center_axis',(0.,0.,1.));
#2175=DIRECTION('ref_axis',(-0.471858445081041,0.881674320713551,0.));
#2176=DIRECTION('',(-1.,-5.55111512312578E-16,0.));
#2177=DIRECTION('center_axis',(0.,0.,1.));
#2178=DIRECTION('ref_axis',(0.38268343236509,0.923879532511287,0.));
#2179=DIRECTION('',(-0.707106781186546,0.707106781186549,0.));
#2180=DIRECTION('',(-1.,0.,0.));
#2181=DIRECTION('center_axis',(0.,0.,1.));
#2182=DIRECTION('ref_axis',(-1.,0.,0.));
#2183=DIRECTION('center_axis',(0.,0.,1.));
#2184=DIRECTION('ref_axis',(-1.,0.,0.));
#2185=DIRECTION('center_axis',(0.,0.,1.));
#2186=DIRECTION('ref_axis',(-1.,0.,0.));
#2187=DIRECTION('center_axis',(0.,0.,1.));
#2188=DIRECTION('ref_axis',(-1.,0.,0.));
#2189=DIRECTION('center_axis',(0.,0.,1.));
#2190=DIRECTION('ref_axis',(-1.,0.,0.));
#2191=DIRECTION('center_axis',(0.,0.,-1.));
#2192=DIRECTION('ref_axis',(-1.,0.,0.));
#2193=DIRECTION('center_axis',(0.,0.,-1.));
#2194=DIRECTION('ref_axis',(-1.,0.,0.));
#2195=DIRECTION('center_axis',(-1.,-8.32667268468868E-16,0.));
#2196=DIRECTION('ref_axis',(0.,-0.707106781186548,-0.707106781186547));
#2197=DIRECTION('',(-1.,-8.32667268468868E-16,0.));
#2198=DIRECTION('center_axis',(-1.,0.,0.));
#2199=DIRECTION('ref_axis',(0.,-7.93016446160826E-16,-1.));
#2200=DIRECTION('center_axis',(0.,0.,1.));
#2201=DIRECTION('ref_axis',(1.,0.,0.));
#2202=DIRECTION('center_axis',(-1.,0.,0.));
#2203=DIRECTION('ref_axis',(0.,-1.,0.));
#2204=DIRECTION('center_axis',(0.554699215611408,-0.832050948079556,-3.95898051522477E-15));
#2205=DIRECTION('ref_axis',(0.,-4.75809867696496E-15,1.));
#2206=DIRECTION('center_axis',(0.,0.,1.));
#2207=DIRECTION('ref_axis',(-0.471858445081041,-0.881674320713551,0.));
#2208=DIRECTION('center_axis',(0.,0.,1.));
#2209=DIRECTION('ref_axis',(1.,0.,0.));
#2210=DIRECTION('center_axis',(0.,0.,-1.));
#2211=DIRECTION('ref_axis',(-0.471858445081041,-0.881674320713551,0.));
#2212=DIRECTION('center_axis',(0.554699215611408,-0.832050948079556,3.95898051522477E-15));
#2213=DIRECTION('ref_axis',(-0.832050948079556,-0.554699215611408,0.));
#2214=DIRECTION('center_axis',(0.,0.,1.));
#2215=DIRECTION('ref_axis',(-0.471858445081041,-0.881674320713551,0.));
#2216=DIRECTION('',(0.,0.,1.));
#2217=DIRECTION('',(0.,0.,-1.));
#2218=DIRECTION('center_axis',(8.32667268468868E-16,-1.,0.));
#2219=DIRECTION('ref_axis',(1.,8.32667268468868E-16,0.));
#2220=DIRECTION('',(1.,8.32667268468868E-16,0.));
#2221=DIRECTION('center_axis',(-0.554699215611405,0.832050948079558,0.));
#2222=DIRECTION('ref_axis',(-0.588348867679749,-0.392231576877684,-0.707106781186549));
#2223=DIRECTION('',(-0.554699215611405,0.832050948079558,0.));
#2224=DIRECTION('center_axis',(-0.554699215611407,0.832050948079557,-2.63932034348319E-15));
#2225=DIRECTION('ref_axis',(0.,-3.1720657846433E-15,-1.));
#2226=DIRECTION('center_axis',(0.,0.,1.));
#2227=DIRECTION('ref_axis',(1.,0.,0.));
#2228=DIRECTION('center_axis',(-0.554699215611407,0.832050948079557,2.63932034348318E-15));
#2229=DIRECTION('ref_axis',(-0.832050948079557,-0.554699215611407,0.));
#2230=DIRECTION('center_axis',(0.,-1.,0.));
#2231=DIRECTION('ref_axis',(0.,0.,1.));
#2232=DIRECTION('center_axis',(0.,0.,1.));
#2233=DIRECTION('ref_axis',(-0.957092197251539,-0.289783584697652,0.));
#2234=DIRECTION('center_axis',(0.,0.,1.));
#2235=DIRECTION('ref_axis',(1.,0.,0.));
#2236=DIRECTION('center_axis',(0.,0.,-1.));
#2237=DIRECTION('ref_axis',(-0.957092197251539,-0.289783584697652,0.));
#2238=DIRECTION('center_axis',(0.,-1.,0.));
#2239=DIRECTION('ref_axis',(-1.,0.,0.));
#2240=DIRECTION('center_axis',(0.,0.,1.));
#2241=DIRECTION('ref_axis',(-0.957092197251539,-0.289783584697652,0.));
#2242=DIRECTION('',(0.,0.,1.));
#2243=DIRECTION('',(0.,0.,-1.));
#2244=DIRECTION('center_axis',(-0.832050948079558,-0.554699215611405,0.));
#2245=DIRECTION('ref_axis',(0.554699215611405,-0.832050948079558,0.));
#2246=DIRECTION('',(0.554699215611405,-0.832050948079558,0.));
#2247=DIRECTION('center_axis',(-1.1842378929335E-15,1.,0.));
#2248=DIRECTION('ref_axis',(-0.707106781186549,0.,-0.707106781186546));
#2249=DIRECTION('',(-1.1842378929335E-15,1.,0.));
#2250=DIRECTION('center_axis',(0.,1.,0.));
#2251=DIRECTION('ref_axis',(0.,0.,-1.));
#2252=DIRECTION('center_axis',(0.,0.,1.));
#2253=DIRECTION('ref_axis',(1.,0.,0.));
#2254=DIRECTION('center_axis',(0.,1.,0.));
#2255=DIRECTION('ref_axis',(-1.,0.,0.));
#2256=DIRECTION('center_axis',(-0.554699215611407,-0.832050948079557,0.));
#2257=DIRECTION('ref_axis',(0.,0.,1.));
#2258=DIRECTION('center_axis',(0.,0.,1.));
#2259=DIRECTION('ref_axis',(-0.957092197251539,0.28978358469765,0.));
#2260=DIRECTION('center_axis',(0.,0.,1.));
#2261=DIRECTION('ref_axis',(1.,0.,0.));
#2262=DIRECTION('center_axis',(0.,0.,-1.));
#2263=DIRECTION('ref_axis',(-0.957092197251539,0.28978358469765,0.));
#2264=DIRECTION('center_axis',(-0.554699215611407,-0.832050948079557,0.));
#2265=DIRECTION('ref_axis',(-0.832050948079557,0.554699215611407,0.));
#2266=DIRECTION('center_axis',(0.,0.,1.));
#2267=DIRECTION('ref_axis',(-0.957092197251539,0.289783584697651,0.));
#2268=DIRECTION('',(0.,0.,1.));
#2269=DIRECTION('',(0.,0.,-1.));
#2270=DIRECTION('center_axis',(-1.,-1.1842378929335E-15,0.));
#2271=DIRECTION('ref_axis',(1.1842378929335E-15,-1.,0.));
#2272=DIRECTION('',(1.1842378929335E-15,-1.,0.));
#2273=DIRECTION('center_axis',(0.554699215611405,0.832050948079558,0.));
#2274=DIRECTION('ref_axis',(-0.588348867679751,0.392231576877676,-0.707106781186552));
#2275=DIRECTION('',(0.554699215611405,0.832050948079558,0.));
#2276=DIRECTION('center_axis',(0.554699215611393,0.832050948079567,-7.03816961043751E-15));
#2277=DIRECTION('ref_axis',(-1.26882631385732E-14,0.,-1.));
#2278=DIRECTION('center_axis',(0.,0.,1.));
#2279=DIRECTION('ref_axis',(1.,0.,0.));
#2280=DIRECTION('center_axis',(0.554699215611393,0.832050948079567,7.03816961043751E-15));
#2281=DIRECTION('ref_axis',(-0.832050948079567,0.554699215611393,0.));
#2282=DIRECTION('center_axis',(-1.,0.,0.));
#2283=DIRECTION('ref_axis',(0.,-2.53765262771464E-14,1.));
#2284=DIRECTION('center_axis',(0.,0.,1.));
#2285=DIRECTION('ref_axis',(-0.471858445081041,0.881674320713551,0.));
#2286=DIRECTION('center_axis',(0.,0.,1.));
#2287=DIRECTION('ref_axis',(1.,0.,0.));
#2288=DIRECTION('center_axis',(0.,0.,-1.));
#2289=DIRECTION('ref_axis',(-0.471858445081041,0.881674320713551,0.));
#2290=DIRECTION('center_axis',(-1.,0.,0.));
#2291=DIRECTION('ref_axis',(0.,1.,0.));
#2292=DIRECTION('center_axis',(0.,0.,1.));
#2293=DIRECTION('ref_axis',(-0.471858445081041,0.881674320713551,0.));
#2294=DIRECTION('',(0.,0.,1.));
#2295=DIRECTION('',(0.,0.,-1.));
#2296=DIRECTION('center_axis',(-0.554699215611405,-0.832050948079558,0.));
#2297=DIRECTION('ref_axis',(-0.588348867679752,0.392231576877677,0.707106781186551));
#2298=DIRECTION('',(-0.554699215611405,-0.832050948079558,0.));
#2299=DIRECTION('center_axis',(-0.832050948079558,0.554699215611405,0.));
#2300=DIRECTION('ref_axis',(-0.554699215611405,-0.832050948079558,0.));
#2301=DIRECTION('center_axis',(0.,0.,-1.));
#2302=DIRECTION('ref_axis',(-1.,0.,0.));
#2303=DIRECTION('center_axis',(-0.707106781186548,0.707106781186548,0.));
#2304=DIRECTION('ref_axis',(0.707106781186547,0.707106781186547,0.));
#2305=DIRECTION('center_axis',(1.,0.,0.));
#2306=DIRECTION('ref_axis',(0.,0.,-1.));
#2307=DIRECTION('center_axis',(0.,0.,-1.));
#2308=DIRECTION('ref_axis',(0.38268343236509,0.923879532511287,0.));
#2309=DIRECTION('center_axis',(0.,0.,-1.));
#2310=DIRECTION('ref_axis',(-1.,0.,0.));
#2311=DIRECTION('center_axis',(-0.707106781186548,0.707106781186548,0.));
#2312=DIRECTION('ref_axis',(0.,0.,1.));
#2313=DIRECTION('center_axis',(0.,0.,1.));
#2314=DIRECTION('ref_axis',(0.38268343236509,0.923879532511287,0.));
#2315=DIRECTION('center_axis',(1.,0.,0.));
#2316=DIRECTION('ref_axis',(0.,1.,0.));
#2317=DIRECTION('center_axis',(0.,0.,1.));
#2318=DIRECTION('ref_axis',(0.382683432365091,0.923879532511286,0.));
#2319=DIRECTION('',(0.,0.,1.));
#2320=DIRECTION('',(0.,0.,-1.));
#2321=DIRECTION('center_axis',(0.707106781186546,-0.707106781186549,0.));
#2322=DIRECTION('ref_axis',(0.499999999999998,0.499999999999998,-0.707106781186551));
#2323=DIRECTION('',(0.707106781186546,-0.707106781186549,0.));
#2324=DIRECTION('center_axis',(0.878935023111675,0.476941532210898,0.));
#2325=DIRECTION('ref_axis',(-0.476941532210898,0.878935023111675,0.));
#2326=DIRECTION('center_axis',(0.707106781186549,0.707106781186546,0.));
#2327=DIRECTION('ref_axis',(-0.707106781186546,0.707106781186549,0.));
#2328=DIRECTION('',(-0.707106781186546,0.707106781186549,0.));
#2329=DIRECTION('',(0.,0.,1.));
#2330=DIRECTION('center_axis',(-0.707106781186546,0.707106781186549,0.));
#2331=DIRECTION('ref_axis',(0.499999999999998,0.499999999999998,0.707106781186551));
#2332=DIRECTION('center_axis',(0.878935023111676,0.476941532210897,0.));
#2333=DIRECTION('ref_axis',(-0.476941532210897,0.878935023111676,0.));
#2334=DIRECTION('center_axis',(0.,0.,1.));
#2335=DIRECTION('ref_axis',(-0.707106781186548,-0.707106781186547,0.));
#2336=DIRECTION('center_axis',(-0.284252323408791,0.958749506720449,0.));
#2337=DIRECTION('ref_axis',(0.958749506720449,0.28425232340879,0.));
#2338=DIRECTION('center_axis',(0.,0.,1.));
#2339=DIRECTION('ref_axis',(-0.382683432365091,-0.923879532511286,0.));
#2340=DIRECTION('center_axis',(0.,0.,1.));
#2341=DIRECTION('ref_axis',(-0.707106781186549,-0.707106781186546,0.));
#2342=DIRECTION('center_axis',(-1.,0.,0.));
#2343=DIRECTION('ref_axis',(0.,0.707106781186549,-0.707106781186546));
#2344=DIRECTION('center_axis',(-1.,0.,0.));
#2345=DIRECTION('ref_axis',(0.,1.,0.));
#2346=DIRECTION('center_axis',(0.554699215611405,0.832050948079558,0.));
#2347=DIRECTION('ref_axis',(0.58834886767975,-0.39223157687768,0.70710678118655));
#2348=DIRECTION('center_axis',(1.,8.32667268468868E-16,0.));
#2349=DIRECTION('ref_axis',(0.,-0.707106781186548,0.707106781186547));
#2350=DIRECTION('center_axis',(0.554699215611405,-0.832050948079558,0.));
#2351=DIRECTION('ref_axis',(-0.588348867679749,-0.392231576877684,0.707106781186549));
#2352=DIRECTION('center_axis',(1.1842378929335E-15,-1.,0.));
#2353=DIRECTION('ref_axis',(-0.707106781186549,0.,0.707106781186546));
#2354=DIRECTION('center_axis',(-1.,-5.55111512312578E-16,0.));
#2355=DIRECTION('ref_axis',(0.,0.707106781186549,0.707106781186546));
#2356=DIRECTION('',(-1.,-5.55111512312578E-16,0.));
#2357=DIRECTION('center_axis',(-5.55111512312578E-16,1.,0.));
#2358=DIRECTION('ref_axis',(-1.,-5.55111512312578E-16,0.));
#2359=DIRECTION('',(1.,5.55111512312578E-16,0.));
#2360=DIRECTION('center_axis',(1.,5.55111512312578E-16,0.));
#2361=DIRECTION('ref_axis',(0.,0.707106781186549,-0.707106781186546));
#2362=DIRECTION('center_axis',(-0.99863037865565,9.15482466638371E-17,-0.052319851166391));
#2363=DIRECTION('ref_axis',(-3.96508223080414E-16,1.,9.31794324238973E-15));
#2364=DIRECTION('center_axis',(-0.99863037865565,-2.38570389004913E-16,
-0.0523198511663942));
#2365=DIRECTION('ref_axis',(0.0523109095648356,-0.0184871876047638,-0.99845971007095));
#2366=DIRECTION('center_axis',(-0.193373168904669,-0.923422367293114,-0.331508595862231));
#2367=DIRECTION('ref_axis',(0.,-0.337886100980914,0.941187007328467));
#2368=DIRECTION('center_axis',(-0.19337316890467,0.923422367293113,-0.331508595862232));
#2369=DIRECTION('ref_axis',(-0.435049154250851,0.222149952394619,0.872571849211678));
#2370=DIRECTION('center_axis',(1.,0.,0.));
#2371=DIRECTION('ref_axis',(0.,1.,0.));
#2372=DIRECTION('center_axis',(0.,0.,-1.));
#2373=DIRECTION('ref_axis',(-1.,0.,0.));
#2374=DIRECTION('center_axis',(0.,0.,-1.));
#2375=DIRECTION('ref_axis',(-1.,0.,0.));
#2376=DIRECTION('',(0.,0.,-1.));
#2377=DIRECTION('center_axis',(0.,0.,-1.));
#2378=DIRECTION('ref_axis',(-1.,0.,0.));
#2379=DIRECTION('center_axis',(0.,0.,-1.));
#2380=DIRECTION('ref_axis',(-1.,0.,0.));
#2381=DIRECTION('',(0.,0.,-1.));
#2382=DIRECTION('center_axis',(1.,0.,0.));
#2383=DIRECTION('ref_axis',(0.,1.,0.));
#2384=DIRECTION('',(0.,-1.,0.));
#2385=DIRECTION('',(0.,0.,1.));
#2386=DIRECTION('',(0.,1.,0.));
#2387=DIRECTION('',(0.,0.,1.));
#2388=DIRECTION('center_axis',(-1.,0.,0.));
#2389=DIRECTION('ref_axis',(0.,-1.,0.));
#2390=DIRECTION('',(0.,0.,1.));
#2391=DIRECTION('',(0.,-1.,0.));
#2392=DIRECTION('',(0.,0.,1.));
#2393=DIRECTION('center_axis',(0.,0.,1.));
#2394=DIRECTION('ref_axis',(1.,0.,0.));
#2395=DIRECTION('',(-1.,0.,0.));
#2396=DIRECTION('',(1.,0.,0.));
#2397=DIRECTION('center_axis',(1.,0.,0.));
#2398=DIRECTION('ref_axis',(0.,1.,0.));
#2399=DIRECTION('',(0.,0.,1.));
#2400=DIRECTION('',(0.,1.,0.));
#2401=DIRECTION('',(0.,0.,1.));
#2402=DIRECTION('center_axis',(-1.,0.,0.));
#2403=DIRECTION('ref_axis',(0.,-1.,0.));
#2404=DIRECTION('',(0.,1.,0.));
#2405=DIRECTION('',(0.,0.,1.));
#2406=DIRECTION('',(0.,-1.,0.));
#2407=DIRECTION('',(0.,0.,1.));
#2408=DIRECTION('',(0.,1.,0.));
#2409=DIRECTION('center_axis',(0.,0.,1.));
#2410=DIRECTION('ref_axis',(1.,0.,0.));
#2411=DIRECTION('',(-1.,0.,0.));
#2412=DIRECTION('',(1.,0.,0.));
#2413=DIRECTION('center_axis',(0.,-1.,0.));
#2414=DIRECTION('ref_axis',(1.,0.,0.));
#2415=DIRECTION('',(1.,0.,0.));
#2416=DIRECTION('center_axis',(0.,1.,0.));
#2417=DIRECTION('ref_axis',(-1.,0.,0.));
#2418=DIRECTION('',(-1.,0.,0.));
#2419=DIRECTION('center_axis',(0.,0.,1.));
#2420=DIRECTION('ref_axis',(1.,2.09798136933558E-15,0.));
#2421=DIRECTION('',(0.,0.,-1.));
#2422=DIRECTION('center_axis',(0.,0.,-1.));
#2423=DIRECTION('ref_axis',(-1.,0.,0.));
#2424=DIRECTION('center_axis',(0.,0.,-1.));
#2425=DIRECTION('ref_axis',(-1.,0.,0.));
#2426=DIRECTION('',(0.,0.,-1.));
#2427=DIRECTION('center_axis',(0.,0.,1.));
#2428=DIRECTION('ref_axis',(-1.,0.,0.));
#2429=DIRECTION('center_axis',(0.,0.,-1.));
#2430=DIRECTION('ref_axis',(-1.,0.,0.));
#2431=DIRECTION('center_axis',(0.,0.,1.));
#2432=DIRECTION('ref_axis',(-1.,0.,0.));
#2433=DIRECTION('center_axis',(0.,0.,-1.));
#2434=DIRECTION('ref_axis',(-1.,0.,0.));
#2435=DIRECTION('',(0.,0.,-1.));
#2436=DIRECTION('center_axis',(0.,0.,-1.));
#2437=DIRECTION('ref_axis',(-1.,0.,0.));
#2438=DIRECTION('',(0.,0.,-1.));
#2439=DIRECTION('center_axis',(0.,0.,-1.));
#2440=DIRECTION('ref_axis',(-1.,0.,0.));
#2441=DIRECTION('',(0.,0.,-1.));
#2442=CARTESIAN_POINT('',(0.,0.,0.));
#2443=CARTESIAN_POINT('Origin',(5.41401428673392,7.88971192635525,20.));
#2444=CARTESIAN_POINT('',(5.41401428673392,8.92746192635525,20.));
#2445=CARTESIAN_POINT('Origin',(5.41401428673392,7.88971192635525,20.));
#2446=CARTESIAN_POINT('',(12.4140142867339,8.92746192635525,20.));
#2447=CARTESIAN_POINT('',(5.41401428673392,8.92746192635525,20.));
#2448=CARTESIAN_POINT('Origin',(12.4140142867339,7.88971192635525,20.));
#2449=CARTESIAN_POINT('Origin',(6.41401428673392,36.8897119263552,20.));
#2450=CARTESIAN_POINT('',(12.4140142867339,37.9274619263552,20.));
#2451=CARTESIAN_POINT('Origin',(12.4140142867339,36.8897119263552,20.));
#2452=CARTESIAN_POINT('',(5.41401428673392,37.9274619263552,20.));
#2453=CARTESIAN_POINT('',(6.41401428673392,37.9274619263552,20.));
#2454=CARTESIAN_POINT('Origin',(5.41401428673392,36.8897119263552,20.));
#2455=CARTESIAN_POINT('Origin',(6.41401428673392,10.3897119263553,26.25));
#2456=CARTESIAN_POINT('',(6.41401428673392,10.3897119263553,13.75));
#2457=CARTESIAN_POINT('',(6.41401428673392,10.3897119263553,26.25));
#2458=CARTESIAN_POINT('',(6.41401428673392,10.3897119263553,23.125));
#2459=CARTESIAN_POINT('',(5.41401428673392,10.3897119263553,13.75));
#2460=CARTESIAN_POINT('',(6.41401428673392,10.3897119263553,13.75));
#2461=CARTESIAN_POINT('',(5.41401428673392,10.3897119263553,26.25));
#2462=CARTESIAN_POINT('',(5.41401428673392,10.3897119263553,26.25));
#2463=CARTESIAN_POINT('',(6.41401428673392,10.3897119263553,26.25));
#2464=CARTESIAN_POINT('Origin',(5.41401428673392,7.88971192635525,20.));
#2465=CARTESIAN_POINT('',(5.41401428673392,5.38971192635525,26.25));
#2466=CARTESIAN_POINT('',(5.41401428673392,39.3897119263553,26.25));
#2467=CARTESIAN_POINT('',(5.41401428673392,5.38971192635525,13.75));
#2468=CARTESIAN_POINT('',(5.41401428673392,5.38971192635525,13.75));
#2469=CARTESIAN_POINT('',(5.41401428673392,5.38971192635525,26.25));
#2470=CARTESIAN_POINT('Origin',(6.41401428673392,5.38971192635525,26.25));
#2471=CARTESIAN_POINT('',(12.4140142867339,5.38971192635525,13.75));
#2472=CARTESIAN_POINT('',(12.4140142867339,5.38971192635525,26.25));
#2473=CARTESIAN_POINT('',(12.4140142867339,5.38971192635525,23.125));
#2474=CARTESIAN_POINT('',(6.41401428673392,5.38971192635525,26.25));
#2475=CARTESIAN_POINT('',(6.41401428673392,5.38971192635525,13.75));
#2476=CARTESIAN_POINT('Origin',(6.41401428673392,9.39135673439192,26.25));
#2477=CARTESIAN_POINT('',(12.4140142867339,9.39135673439192,26.25));
#2478=CARTESIAN_POINT('',(12.4140142867339,8.39094553238276,26.25));
#2479=CARTESIAN_POINT('',(6.41401428673392,9.39135673439192,26.25));
#2480=CARTESIAN_POINT('',(6.41401428673392,9.39135673439193,26.25));
#2481=CARTESIAN_POINT('',(6.41401428673392,16.8897119263553,26.25));
#2482=CARTESIAN_POINT('Origin',(6.41401428673392,5.38971192635525,13.75));
#2483=CARTESIAN_POINT('',(12.4140142867339,9.39135673439192,13.75));
#2484=CARTESIAN_POINT('',(12.4140142867339,6.39012312836442,13.75));
#2485=CARTESIAN_POINT('',(6.41401428673392,9.39135673439192,13.75));
#2486=CARTESIAN_POINT('',(6.41401428673392,19.3897119263553,13.75));
#2487=CARTESIAN_POINT('',(6.41401428673392,9.39135673439192,13.75));
#2488=CARTESIAN_POINT('Origin',(6.41401428673392,28.3897119263553,20.));
#2489=CARTESIAN_POINT('',(6.41401428673392,17.3897119263553,3.29670691150993));
#2490=CARTESIAN_POINT('Origin',(6.41401428673392,28.3897119263553,20.));
#2491=CARTESIAN_POINT('',(6.36466219717328,17.6999836627047,3.09645866543611));
#2492=CARTESIAN_POINT('Ctrl Pts',(6.36466219717328,17.6999836627047,3.09645866543611));
#2493=CARTESIAN_POINT('Ctrl Pts',(6.39851982127701,17.5962465966562,3.16206154858219));
#2494=CARTESIAN_POINT('Ctrl Pts',(6.41401428673392,17.4895312278863,3.23097063357813));
#2495=CARTESIAN_POINT('Ctrl Pts',(6.41401428673392,17.3897119263553,3.29670691150993));
#2496=CARTESIAN_POINT('',(6.41401425654602,17.7367612724634,3.07325659301989));
#2497=CARTESIAN_POINT('Ctrl Pts',(6.41380336420387,17.7368395191883,3.07293636104616));
#2498=CARTESIAN_POINT('Ctrl Pts',(6.39745116241954,17.7245226885846,3.08069574344469));
#2499=CARTESIAN_POINT('Ctrl Pts',(6.38099746580382,17.7122706678316,3.08843304432713));
#2500=CARTESIAN_POINT('Ctrl Pts',(6.36444342832026,17.7000838375745,3.0961474700544));
#2501=CARTESIAN_POINT('',(7.93172573605483,21.631989906737,1.17625985343066));
#2502=CARTESIAN_POINT('Ctrl Pts',(7.93172573605483,21.631989906737,1.17625985343066));
#2503=CARTESIAN_POINT('Ctrl Pts',(8.03033701591145,21.2697574021218,1.30630130925182));
#2504=CARTESIAN_POINT('Ctrl Pts',(8.15495062454452,20.1657867640747,1.73711818458404));
#2505=CARTESIAN_POINT('Ctrl Pts',(7.59706589983446,18.7932198177332,2.42935037390667));
#2506=CARTESIAN_POINT('Ctrl Pts',(6.73133171528192,17.9760087126526,2.92226405826489));
#2507=CARTESIAN_POINT('Ctrl Pts',(6.41380336420387,17.7368395191883,3.07293636104616));
#2508=CARTESIAN_POINT('',(6.41401428673392,28.3897119263553,0.));
#2509=CARTESIAN_POINT('Ctrl Pts',(6.41401428673392,28.3897119263553,-2.22044604925031E-15));
#2510=CARTESIAN_POINT('Ctrl Pts',(6.41766386218934,28.3718697405744,-2.22153856803563E-15));
#2511=CARTESIAN_POINT('Ctrl Pts',(6.42130653181339,28.3540277731975,3.21267924308541E-5));
#2512=CARTESIAN_POINT('Ctrl Pts',(6.89127770503933,26.0626051419179,0.0046476735410297));
#2513=CARTESIAN_POINT('Ctrl Pts',(7.3531572470163,23.7572671892195,0.413285387261998));
#2514=CARTESIAN_POINT('Ctrl Pts',(7.93172573605483,21.631989906737,1.17625985343066));
#2515=CARTESIAN_POINT('',(7.93172573605483,35.1474339459735,1.17625985343066));
#2516=CARTESIAN_POINT('Ctrl Pts',(7.93172573605483,35.1474339459735,1.17625985343066));
#2517=CARTESIAN_POINT('Ctrl Pts',(7.35315724701629,33.0221566634911,0.413285387261996));
#2518=CARTESIAN_POINT('Ctrl Pts',(6.89121839022466,30.7168154963082,0.0047129509312369));
#2519=CARTESIAN_POINT('Ctrl Pts',(6.42130684699737,28.4253960967655,3.17803252909214E-5));
#2520=CARTESIAN_POINT('Ctrl Pts',(6.41766386219232,28.407554112155,-2.21984737873937E-15));
#2521=CARTESIAN_POINT('Ctrl Pts',(6.41401428673392,28.3897119263553,-2.22044604925031E-15));
#2522=CARTESIAN_POINT('',(6.41401426304832,39.0426625704429,3.07325658684953));
#2523=CARTESIAN_POINT('Ctrl Pts',(6.41396983413815,39.0427688521653,3.07299311499288));
#2524=CARTESIAN_POINT('Ctrl Pts',(7.06429840397025,38.551206487885,2.76503804815317));
#2525=CARTESIAN_POINT('Ctrl Pts',(7.79986519825068,37.6407938774454,2.23841933557435));
#2526=CARTESIAN_POINT('Ctrl Pts',(8.11116061793231,36.2469631931742,1.59585031493379));
#2527=CARTESIAN_POINT('Ctrl Pts',(8.03058622036764,35.5105818626435,1.30662994214581));
#2528=CARTESIAN_POINT('Ctrl Pts',(7.93172573605482,35.1474339459735,1.17625985343066));
#2529=CARTESIAN_POINT('',(6.36466219717125,39.0794401899996,3.09645866543217));
#2530=CARTESIAN_POINT('Ctrl Pts',(6.36463745007987,39.0796135312158,3.09612999880831));
#2531=CARTESIAN_POINT('Ctrl Pts',(6.36497519206745,39.0793642868338,3.09597311504711));
#2532=CARTESIAN_POINT('Ctrl Pts',(6.38152014157987,39.067151579262,3.08828634702584));
#2533=CARTESIAN_POINT('Ctrl Pts',(6.39796245307308,39.0548683145713,3.08057321270733));
#2534=CARTESIAN_POINT('Ctrl Pts',(6.41396983413816,39.0427688521653,3.07299311499287));
#2535=CARTESIAN_POINT('',(6.41401428673392,39.3897119263552,3.29670691150993));
#2536=CARTESIAN_POINT('Ctrl Pts',(6.41401428673392,39.3897119263552,3.29670691150993));
#2537=CARTESIAN_POINT('Ctrl Pts',(6.41401428673392,39.2898926248222,3.23097063357681));
#2538=CARTESIAN_POINT('Ctrl Pts',(6.39851982127637,39.18317725605,3.16206154857943));
#2539=CARTESIAN_POINT('Ctrl Pts',(6.36466219717125,39.0794401899996,3.09645866543217));
#2540=CARTESIAN_POINT('Origin',(6.41401428673392,28.3897119263553,20.));
#2541=CARTESIAN_POINT('Origin',(12.4140142867339,28.3897119263553,20.));
#2542=CARTESIAN_POINT('Origin',(6.41401428673392,34.3897119263553,13.75));
#2543=CARTESIAN_POINT('',(6.41401428673392,34.3897119263553,26.25));
#2544=CARTESIAN_POINT('',(6.41401428673392,34.3897119263553,20.));
#2545=CARTESIAN_POINT('',(6.41401428673392,34.3897119263552,16.875));
#2546=CARTESIAN_POINT('',(5.41401428673392,34.3897119263553,26.25));
#2547=CARTESIAN_POINT('',(6.41401428673392,34.3897119263553,26.25));
#2548=CARTESIAN_POINT('',(5.41401428673392,34.3897119263553,13.75));
#2549=CARTESIAN_POINT('',(5.41401428673392,34.3897119263553,26.25));
#2550=CARTESIAN_POINT('',(6.41401428673392,34.3897119263553,13.75));
#2551=CARTESIAN_POINT('',(6.41401428673392,34.3897119263553,13.75));
#2552=CARTESIAN_POINT('',(6.41401428673392,34.3897119263552,16.875));
#2553=CARTESIAN_POINT('Origin',(6.41401428673392,39.3897119263553,13.75));
#2554=CARTESIAN_POINT('',(6.41401428673392,39.3897119263553,13.75));
#2555=CARTESIAN_POINT('',(6.41401428673392,33.8897119263552,13.75));
#2556=CARTESIAN_POINT('',(5.41401428673392,39.3897119263553,13.75));
#2557=CARTESIAN_POINT('',(5.41401428673392,5.38971192635525,13.75));
#2558=CARTESIAN_POINT('',(6.41401428673392,39.3897119263553,13.75));
#2559=CARTESIAN_POINT('Origin',(6.41401428673392,39.3897119263553,26.25));
#2560=CARTESIAN_POINT('',(6.41401428673392,39.3897119263553,26.25));
#2561=CARTESIAN_POINT('',(6.41401428673392,39.3897119263552,23.125));
#2562=CARTESIAN_POINT('',(5.41401428673392,39.3897119263553,26.25));
#2563=CARTESIAN_POINT('',(5.41401428673392,39.3897119263553,13.75));
#2564=CARTESIAN_POINT('',(6.41401428673392,39.3897119263553,26.25));
#2565=CARTESIAN_POINT('Origin',(6.41401428673392,34.3897119263553,26.25));
#2566=CARTESIAN_POINT('',(6.41401428673392,31.3897119263553,26.25));
#2567=CARTESIAN_POINT('',(5.41401428673392,39.3897119263553,26.25));
#2568=CARTESIAN_POINT('Origin',(5.41401428673392,36.8897119263553,20.));
#2569=CARTESIAN_POINT('Origin',(6.41401428673392,28.3897119263553,20.));
#2570=CARTESIAN_POINT('',(6.41401428673392,39.3897119263552,4.3));
#2571=CARTESIAN_POINT('',(6.41401428673392,39.3897119263552,10.));
#2572=CARTESIAN_POINT('',(6.41401428673392,37.6897119263553,6.));
#2573=CARTESIAN_POINT('Origin',(6.41401428673392,37.6897119263553,4.3));
#2574=CARTESIAN_POINT('',(6.41401428673392,19.0897119263553,6.));
#2575=CARTESIAN_POINT('',(6.41401428673392,27.1380175724069,6.));
#2576=CARTESIAN_POINT('',(6.41401428673392,17.3897119263553,4.3));
#2577=CARTESIAN_POINT('Origin',(6.41401428673392,19.0897119263553,4.3));
#2578=CARTESIAN_POINT('',(6.41401428673392,17.3897119263553,10.));
#2579=CARTESIAN_POINT('',(6.41401428673392,22.9522119263553,22.5364529859629));
#2580=CARTESIAN_POINT('',(6.41401428673392,22.9522119263553,17.4635470140371));
#2581=CARTESIAN_POINT('Origin',(6.41401428673392,21.8897119263553,20.));
#2582=CARTESIAN_POINT('Origin',(6.41401428673392,28.3897119263553,20.));
#2583=CARTESIAN_POINT('Origin',(6.41401428673392,28.3897119263553,20.));
#2584=CARTESIAN_POINT('Origin',(6.41401428673392,21.8897119263553,20.));
#2585=CARTESIAN_POINT('',(12.4140142867339,22.9522119263553,17.4635470140371));
#2586=CARTESIAN_POINT('',(12.4140142867339,22.9522119263553,22.5364529859629));
#2587=CARTESIAN_POINT('Origin',(12.4140142867339,21.8897119263553,20.));
#2588=CARTESIAN_POINT('',(6.41401428673392,22.9522119263553,17.4635470140371));
#2589=CARTESIAN_POINT('',(6.41401428673392,22.9522119263553,22.5364529859629));
#2590=CARTESIAN_POINT('Origin',(6.41401428673392,28.3897119263553,20.));
#2591=CARTESIAN_POINT('Origin',(12.4140142867339,28.3897119263553,20.));
#2592=CARTESIAN_POINT('Origin',(5.41401428673392,39.3897119263552,10.));
#2593=CARTESIAN_POINT('',(5.41401428673393,38.3897119263553,2.48816837540157));
#2594=CARTESIAN_POINT('Ctrl Pts',(6.36466219716702,39.0794401899866,3.09645866542397));
#2595=CARTESIAN_POINT('Ctrl Pts',(6.33825828057829,38.9985406906442,3.04529816316488));
#2596=CARTESIAN_POINT('Ctrl Pts',(6.30154813534353,38.9210750951298,2.99438154545541));
#2597=CARTESIAN_POINT('Ctrl Pts',(6.21141829668323,38.7808489999272,2.8967115796544));
#2598=CARTESIAN_POINT('Ctrl Pts',(6.1591315381694,38.7177223150092,2.85001099618502));
#2599=CARTESIAN_POINT('Ctrl Pts',(6.01026827168257,38.5776836618089,2.73769237528812));
#2600=CARTESIAN_POINT('Ctrl Pts',(5.90473074183711,38.5091567301828,2.67386782586587));
#2601=CARTESIAN_POINT('Ctrl Pts',(5.69659742868774,38.4255681242529,2.57562287635872));
#2602=CARTESIAN_POINT('Ctrl Pts',(5.59923227818028,38.4017556882161,2.53786839650039));
#2603=CARTESIAN_POINT('Ctrl Pts',(5.47005519649036,38.3908955855816,2.50150652447841));
#2604=CARTESIAN_POINT('Ctrl Pts',(5.44209949838457,38.3897119263553,2.49442217211279));
#2605=CARTESIAN_POINT('Ctrl Pts',(5.41401428673393,38.3897119263553,2.48816837540157));
#2606=CARTESIAN_POINT('',(5.41401428673392,38.3897119263553,4.3));
#2607=CARTESIAN_POINT('',(5.41401428673392,38.3897119263553,10.));
#2608=CARTESIAN_POINT('Origin',(5.41401428673392,39.3897119263552,4.3));
#2609=CARTESIAN_POINT('Origin',(5.41401428673392,37.6897119263553,4.3));
#2610=CARTESIAN_POINT('',(5.41401428673392,37.6897119263553,5.));
#2611=CARTESIAN_POINT('Origin',(5.41401428673392,37.6897119263553,6.));
#2612=CARTESIAN_POINT('Origin',(5.41401428673392,37.6897119263553,4.3));
#2613=CARTESIAN_POINT('Origin',(5.41401428673392,27.1380175724069,6.));
#2614=CARTESIAN_POINT('',(5.41401428673392,19.0897119263553,5.));
#2615=CARTESIAN_POINT('Origin',(5.41401428673392,19.0897119263553,6.));
#2616=CARTESIAN_POINT('',(5.41401428673392,27.1380175724069,5.));
#2617=CARTESIAN_POINT('Origin',(5.41401428673392,19.0897119263553,4.3));
#2618=CARTESIAN_POINT('',(5.41401428673392,18.3897119263553,4.3));
#2619=CARTESIAN_POINT('Origin',(5.41401428673392,17.3897119263553,4.3));
#2620=CARTESIAN_POINT('Origin',(5.41401428673392,19.0897119263553,4.3));
#2621=CARTESIAN_POINT('Origin',(5.41401428673392,17.3897119263553,10.));
#2622=CARTESIAN_POINT('',(5.41401428673239,18.3897119263553,2.48816837540088));
#2623=CARTESIAN_POINT('',(5.41401428673392,18.3897119263553,10.));
#2624=CARTESIAN_POINT('Ctrl Pts',(5.41401428673231,18.3897119263553,2.48816837540121));
#2625=CARTESIAN_POINT('Ctrl Pts',(5.43501606991508,18.3897119263553,2.49284488929868));
#2626=CARTESIAN_POINT('Ctrl Pts',(5.45595216493021,18.389050165985,2.49798747695707));
#2627=CARTESIAN_POINT('Ctrl Pts',(5.59165587145225,18.3805151847235,2.5342327123258));
#2628=CARTESIAN_POINT('Ctrl Pts',(5.70169118078657,18.3536470136385,2.57702592686397));
#2629=CARTESIAN_POINT('Ctrl Pts',(5.93176590118535,18.2566946962679,2.68810930871551));
#2630=CARTESIAN_POINT('Ctrl Pts',(6.05091694112621,18.1742912974094,2.76269477142559));
#2631=CARTESIAN_POINT('Ctrl Pts',(6.24754207980677,17.9608004207318,2.92602125015373));
#2632=CARTESIAN_POINT('Ctrl Pts',(6.32048148657879,17.8353498442965,3.01085366298951));
#2633=CARTESIAN_POINT('Ctrl Pts',(6.36466219716702,17.6999836627239,3.09645866542397));
#2634=CARTESIAN_POINT('Origin',(-30.5712728654898,18.3897119263552,0.));
#2635=CARTESIAN_POINT('',(-27.8953502827658,18.3897119263552,4.3));
#2636=CARTESIAN_POINT('',(-33.5737001035151,18.3897119263552,4.3));
#2637=CARTESIAN_POINT('',(-27.8953502827658,18.3897119263552,0.7));
#2638=CARTESIAN_POINT('',(-27.8953502827658,18.3897119263552,0.));
#2639=CARTESIAN_POINT('',(1.3339007868982,18.3897119263553,0.7));
#2640=CARTESIAN_POINT('',(-33.5737001035151,18.3897119263552,0.7));
#2641=CARTESIAN_POINT('',(1.6454987014074,18.3897119263553,0.708163536623967));
#2642=CARTESIAN_POINT('Ctrl Pts',(1.6454987014074,18.3897119263553,0.708163536623964));
#2643=CARTESIAN_POINT('Ctrl Pts',(1.54172624275982,18.3897119263553,0.702726730666868));
#2644=CARTESIAN_POINT('Ctrl Pts',(1.43781248636632,18.3897119263553,0.7));
#2645=CARTESIAN_POINT('Ctrl Pts',(1.33390078689821,18.3897119263553,0.7));
#2646=CARTESIAN_POINT('Ctrl Pts',(5.41401428673231,18.3897119263553,2.48816837540121));
#2647=CARTESIAN_POINT('Ctrl Pts',(5.0176662615169,18.3897119263553,2.39991267672858));
#2648=CARTESIAN_POINT('Ctrl Pts',(4.60671762301429,18.3897119263553,2.27786299085855));
#2649=CARTESIAN_POINT('Ctrl Pts',(3.09268098298749,18.3897119263553,1.69619928506002));
#2650=CARTESIAN_POINT('Ctrl Pts',(2.24454423353605,18.3897119263553,1.13457776873863));
#2651=CARTESIAN_POINT('Ctrl Pts',(1.6454987014074,18.3897119263553,0.708163536623966));
#2652=CARTESIAN_POINT('Origin',(-33.5737001035151,19.0897119263552,4.3));
#2653=CARTESIAN_POINT('',(-30.9459020270711,19.0897119263552,5.));
#2654=CARTESIAN_POINT('',(-33.5737001035151,19.0897119263552,5.));
#2655=CARTESIAN_POINT('Origin',(-30.9459020270711,19.0897119263552,4.3));
#2656=CARTESIAN_POINT('Origin',(-36.5761273415404,25.8863232184586,5.));
#2657=CARTESIAN_POINT('',(-30.8662184634758,37.6897119263553,5.));
#2658=CARTESIAN_POINT('',(-21.5761981556775,37.6897119263553,5.));
#2659=CARTESIAN_POINT('',(-39.6052675085558,46.4287609714352,5.));
#2660=CARTESIAN_POINT('',(-29.4453611326025,36.2688545954819,5.));
#2661=CARTESIAN_POINT('',(-42.6458266676579,47.6882018123331,5.));
#2662=CARTESIAN_POINT('Origin',(-42.6458266676579,43.3882018123331,5.));
#2663=CARTESIAN_POINT('',(-53.8988362730685,47.688201812333,5.));
#2664=CARTESIAN_POINT('',(-38.5754430986664,47.6882018123331,5.));
#2665=CARTESIAN_POINT('',(-57.4766553498106,45.7734084394621,5.));
#2666=CARTESIAN_POINT('Origin',(-53.8988362730685,43.3882018123331,5.));
#2667=CARTESIAN_POINT('',(-65.1538047900082,34.2576548734072,5.));
#2668=CARTESIAN_POINT('',(-58.1083576436949,44.8258525790285,5.));
#2669=CARTESIAN_POINT('',(-65.8759857132661,31.8724482462782,5.));
#2670=CARTESIAN_POINT('Origin',(-61.5759857132661,31.8724482462782,5.));
#2671=CARTESIAN_POINT('',(-65.8759857132661,19.900198190639,5.));
#2672=CARTESIAN_POINT('',(-65.8759857132661,29.6363232184586,5.));
#2673=CARTESIAN_POINT('',(-65.1538047900082,17.51499156351,5.));
#2674=CARTESIAN_POINT('Origin',(-61.5759857132661,19.900198190639,5.));
#2675=CARTESIAN_POINT('',(-57.4766553498106,5.99923799745513,5.));
#2676=CARTESIAN_POINT('',(-63.1089710724317,14.4477331548259,5.));
#2677=CARTESIAN_POINT('',(-53.8988362730685,4.08444462458418,5.));
#2678=CARTESIAN_POINT('Origin',(-53.8988362730685,8.38444462458417,5.));
#2679=CARTESIAN_POINT('',(-43.2506814385164,4.08444462458418,5.));
#2680=CARTESIAN_POINT('',(-46.5754430986664,4.08444462458418,5.));
#2681=CARTESIAN_POINT('',(-39.6728623617743,5.99923799745514,5.));
#2682=CARTESIAN_POINT('Origin',(-43.2506814385164,8.38444462458418,5.));
#2683=CARTESIAN_POINT('',(-35.3492865013401,12.4846183486837,5.));
#2684=CARTESIAN_POINT('',(-38.8226877638093,8.38477060865091,5.));
#2685=CARTESIAN_POINT('Origin',(-40.5726877638093,8.38477060865091,5.));
#2686=CARTESIAN_POINT('',(-54.822687692943,8.38326471339949,5.));
#2687=CARTESIAN_POINT('Origin',(-56.572687692943,8.38326471339949,5.));
#2688=CARTESIAN_POINT('',(-59.8259857132661,28.3897119263552,5.));
#2689=CARTESIAN_POINT('Origin',(-61.5759857132661,28.3897119263552,5.));
#2690=CARTESIAN_POINT('',(-23.5859857132661,22.1393232184587,5.));
#2691=CARTESIAN_POINT('',(-57.5859857132661,22.1393232184587,5.));
#2692=CARTESIAN_POINT('',(-44.5810565274032,22.1393232184587,5.));
#2693=CARTESIAN_POINT('',(-57.5859857132661,34.6393232184587,5.));
#2694=CARTESIAN_POINT('',(-57.5859857132661,30.2628232184586,5.));
#2695=CARTESIAN_POINT('',(-23.5859857132661,34.6393232184587,5.));
#2696=CARTESIAN_POINT('',(-44.5810565274032,34.6393232184587,5.));
#2697=CARTESIAN_POINT('',(-23.5859857132661,24.0128232184586,5.));
#2698=CARTESIAN_POINT('Origin',(-21.5761981556775,37.6897119263553,4.3));
#2699=CARTESIAN_POINT('',(-28.5052011579492,38.3897119263553,4.3));
#2700=CARTESIAN_POINT('',(-21.5761981556775,38.3897119263553,4.3));
#2701=CARTESIAN_POINT('Origin',(-30.8662184634758,37.6897119263553,4.3));
#2702=CARTESIAN_POINT('Origin',(-6.57626896981467,38.3897119263553,0.));
#2703=CARTESIAN_POINT('',(1.64549870140738,38.3897119263553,0.708163536623971));
#2704=CARTESIAN_POINT('Ctrl Pts',(1.64549870140738,38.3897119263553,0.708163536623971));
#2705=CARTESIAN_POINT('Ctrl Pts',(2.24402308182081,38.3897119263553,1.1342068010967));
#2706=CARTESIAN_POINT('Ctrl Pts',(3.1149292280769,38.3897119263535,1.71230717811708));
#2707=CARTESIAN_POINT('Ctrl Pts',(4.6217161239558,38.3897119263535,2.28077579413833));
#2708=CARTESIAN_POINT('Ctrl Pts',(5.01514564731571,38.3897119263553,2.39935140594325));
#2709=CARTESIAN_POINT('Ctrl Pts',(5.41401428673393,38.3897119263553,2.48816837540157));
#2710=CARTESIAN_POINT('',(1.3339007868982,38.3897119263553,0.7));
#2711=CARTESIAN_POINT('Ctrl Pts',(1.33390078689822,38.3897119263553,0.700000000000001));
#2712=CARTESIAN_POINT('Ctrl Pts',(1.43781248636632,38.3897119263553,0.700000000000001));
#2713=CARTESIAN_POINT('Ctrl Pts',(1.54172624275983,38.3897119263553,0.702726730666869));
#2714=CARTESIAN_POINT('Ctrl Pts',(1.64549870140741,38.3897119263553,0.708163536623966));
#2715=CARTESIAN_POINT('',(-28.5052011579492,38.3897119263553,0.7));
#2716=CARTESIAN_POINT('',(-21.5761981556775,38.3897119263553,0.7));
#2717=CARTESIAN_POINT('',(-28.5052011579492,38.3897119263553,0.));
#2718=CARTESIAN_POINT('Ctrl Pts',(-30.9459020270711,19.0897119263552,0.));
#2719=CARTESIAN_POINT('Ctrl Pts',(-31.1949187970848,18.4330059819354,2.28891370181816E-15));
#2720=CARTESIAN_POINT('Ctrl Pts',(-31.608465588668,17.342402179173,0.0917371211766268));
#2721=CARTESIAN_POINT('Ctrl Pts',(-31.9796949936453,16.3633976045867,0.386190869252184));
#2722=CARTESIAN_POINT('Ctrl Pts',(-32.0556050231636,16.1632080044123,0.595280244880333));
#2723=CARTESIAN_POINT('Ctrl Pts',(-32.0556050231636,16.1632080044123,0.699999999999993));
#2724=CARTESIAN_POINT('Ctrl Pts',(-30.9459020270711,19.0897119263552,-8.36381856829556E-32));
#2725=CARTESIAN_POINT('Ctrl Pts',(-31.0170980388603,18.5281728984574,2.28891370181816E-15));
#2726=CARTESIAN_POINT('Ctrl Pts',(-31.1474840610727,17.6102698856438,0.231071759486055));
#2727=CARTESIAN_POINT('Ctrl Pts',(-31.4446060844146,17.0202319377496,0.606536409156554));
#2728=CARTESIAN_POINT('Ctrl Pts',(-31.5364092506548,16.9420036518492,0.670650491506255));
#2729=CARTESIAN_POINT('Ctrl Pts',(-31.5364092506548,16.9420036518492,0.699999999999993));
#2730=CARTESIAN_POINT('Ctrl Pts',(-30.9459020270711,19.0897119263552,1.94789959524036E-31));
#2731=CARTESIAN_POINT('Ctrl Pts',(-30.7059117119676,18.6947150023708,2.20438850029395E-15));
#2732=CARTESIAN_POINT('Ctrl Pts',(-30.3219427376619,18.0680121175397,0.335854123477422));
#2733=CARTESIAN_POINT('Ctrl Pts',(-30.2127459072901,17.971161098132,0.780218124723119));
#2734=CARTESIAN_POINT('Ctrl Pts',(-30.2359318561281,18.0403684217507,0.730281652829532));
#2735=CARTESIAN_POINT('Ctrl Pts',(-30.2359318561281,18.0403684217507,0.699999999999994));
#2736=CARTESIAN_POINT('Ctrl Pts',(-30.9459020270711,19.0897119263552,1.8818591778665E-31));
#2737=CARTESIAN_POINT('Ctrl Pts',(-30.3947253850748,18.8612571062843,1.97194419610234E-15));
#2738=CARTESIAN_POINT('Ctrl Pts',(-29.4838351725203,18.4962802463174,0.196354517014787));
#2739=CARTESIAN_POINT('Ctrl Pts',(-28.7365455585104,18.3769785683042,0.550918640491817));
#2740=CARTESIAN_POINT('Ctrl Pts',(-28.597346641193,18.3897119263553,0.651525728511651));
#2741=CARTESIAN_POINT('Ctrl Pts',(-28.597346641193,18.3897119263553,0.699999999999996));
#2742=CARTESIAN_POINT('Ctrl Pts',(-30.9459020270711,19.0897119263552,0.));
#2743=CARTESIAN_POINT('Ctrl Pts',(-30.2613598164065,18.9326322936758,1.84515639381602E-15));
#2744=CARTESIAN_POINT('Ctrl Pts',(-29.124527807429,18.6717672197527,0.0917371211766264));
#2745=CARTESIAN_POINT('Ctrl Pts',(-28.1040254632175,18.4375959285161,0.386190869252185));
#2746=CARTESIAN_POINT('Ctrl Pts',(-27.8953502827658,18.3897119263553,0.595280244880336));
#2747=CARTESIAN_POINT('Ctrl Pts',(-27.8953502827658,18.3897119263553,0.699999999999996));
#2748=CARTESIAN_POINT('',(-32.0556050231636,16.1632080044123,0.7));
#2749=CARTESIAN_POINT('Origin',(-27.8953502827658,13.3897119263553,0.7));
#2750=CARTESIAN_POINT('',(-30.9459020270711,19.0897119263552,0.));
#2751=CARTESIAN_POINT('Origin',(-30.9459020270711,19.0897119263553,0.7));
#2752=CARTESIAN_POINT('Origin',(-30.9459020270711,19.0897119263552,0.7));
#2753=CARTESIAN_POINT('Origin',(-27.8953502827658,13.3897119263552,0.));
#2754=CARTESIAN_POINT('',(-32.0556050231636,16.1632080044123,4.3));
#2755=CARTESIAN_POINT('Origin',(-27.8953502827658,13.3897119263552,4.3));
#2756=CARTESIAN_POINT('',(-32.0556050231636,16.1632080044123,0.));
#2757=CARTESIAN_POINT('Ctrl Pts',(-30.9459020270711,19.0897119263552,5.));
#2758=CARTESIAN_POINT('Ctrl Pts',(-30.2613598164065,18.9326322936758,5.));
#2759=CARTESIAN_POINT('Ctrl Pts',(-29.1245431052388,18.6717707300905,4.90825391805808));
#2760=CARTESIAN_POINT('Ctrl Pts',(-28.1040367827628,18.4375985259747,4.61380552934169));
#2761=CARTESIAN_POINT('Ctrl Pts',(-27.8953502827658,18.3897119263552,4.40471975511966));
#2762=CARTESIAN_POINT('Ctrl Pts',(-27.8953502827658,18.3897119263552,4.3));
#2763=CARTESIAN_POINT('Ctrl Pts',(-30.9459020270711,19.0897119263552,5.));
#2764=CARTESIAN_POINT('Ctrl Pts',(-30.4391805746309,18.8374653771538,5.));
#2765=CARTESIAN_POINT('Ctrl Pts',(-29.6031229451304,18.436794415662,4.76883379537436));
#2766=CARTESIAN_POINT('Ctrl Pts',(-28.9473560299009,18.3566946141385,4.39342422476968));
#2767=CARTESIAN_POINT('Ctrl Pts',(-28.8313454273353,18.3897119263552,4.32934950849374));
#2768=CARTESIAN_POINT('Ctrl Pts',(-28.8313454273353,18.3897119263552,4.3));
#2769=CARTESIAN_POINT('Ctrl Pts',(-30.9459020270711,19.0897119263553,5.));
#2770=CARTESIAN_POINT('Ctrl Pts',(-30.7503669015237,18.6709232732403,5.));
#2771=CARTESIAN_POINT('Ctrl Pts',(-30.4419280008977,18.0038536160743,4.66400588895557));
#2772=CARTESIAN_POINT('Ctrl Pts',(-30.4218726562425,17.8591975863349,4.21975938811775));
#2773=CARTESIAN_POINT('Ctrl Pts',(-30.4666060834859,17.9168964305951,4.26971834717046));
#2774=CARTESIAN_POINT('Ctrl Pts',(-30.4666060834859,17.9168964305951,4.3));
#2775=CARTESIAN_POINT('Ctrl Pts',(-30.9459020270711,19.0897119263552,5.));
#2776=CARTESIAN_POINT('Ctrl Pts',(-31.0615532284164,18.5043811693269,5.));
#2777=CARTESIAN_POINT('Ctrl Pts',(-31.2631501162711,17.5440503480852,4.80357737593843));
#2778=CARTESIAN_POINT('Ctrl Pts',(-31.578388435999,16.856060584293,4.44906285550915));
#2779=CARTESIAN_POINT('Ctrl Pts',(-31.666208193782,16.74730473999,4.34847427148834));
#2780=CARTESIAN_POINT('Ctrl Pts',(-31.666208193782,16.74730473999,4.3));
#2781=CARTESIAN_POINT('Ctrl Pts',(-30.9459020270711,19.0897119263552,5.));
#2782=CARTESIAN_POINT('Ctrl Pts',(-31.1949187970848,18.4330059819354,5.));
#2783=CARTESIAN_POINT('Ctrl Pts',(-31.6084600237647,17.3424168549118,4.90825391805808));
#2784=CARTESIAN_POINT('Ctrl Pts',(-31.9796908759203,16.3634084638333,4.61380552934168));
#2785=CARTESIAN_POINT('Ctrl Pts',(-32.0556050231636,16.1632080044123,4.40471975511966));
#2786=CARTESIAN_POINT('Ctrl Pts',(-32.0556050231636,16.1632080044123,4.3));
#2787=CARTESIAN_POINT('Origin',(-30.9459020270711,19.0897119263553,4.3));
#2788=CARTESIAN_POINT('Origin',(-33.5737001035151,19.0897119263552,0.7));
#2789=CARTESIAN_POINT('',(1.3339007868982,19.0897119263552,0.));
#2790=CARTESIAN_POINT('',(-33.5737001035151,19.0897119263552,0.));
#2791=CARTESIAN_POINT('Origin',(1.3339007868982,19.0897119263553,0.7));
#2792=CARTESIAN_POINT('Origin',(-35.3492865013401,12.4846183486837,0.7));
#2793=CARTESIAN_POINT('',(-39.0904266981186,5.61094854652716,0.7));
#2794=CARTESIAN_POINT('',(-34.7668508376844,12.0963288977558,0.7));
#2795=CARTESIAN_POINT('',(-39.6728623617743,5.99923799745514,0.));
#2796=CARTESIAN_POINT('Origin',(-39.6728623617743,5.99923799745514,0.7));
#2797=CARTESIAN_POINT('',(-35.3492865013401,12.4846183486837,0.));
#2798=CARTESIAN_POINT('Origin',(-43.2506814385164,8.38444462458418,4.3));
#2799=CARTESIAN_POINT('',(-39.0904266981186,5.61094854652716,4.3));
#2800=CARTESIAN_POINT('Origin',(-39.6728623617743,5.99923799745514,4.3));
#2801=CARTESIAN_POINT('',(-43.2506814385164,3.38444462458418,4.3));
#2802=CARTESIAN_POINT('Origin',(-43.2506814385164,4.08444462458418,4.3));
#2803=CARTESIAN_POINT('Origin',(-43.2506814385164,8.38444462458418,4.3));
#2804=CARTESIAN_POINT('Origin',(-43.2506814385164,8.38444462458418,0.7));
#2805=CARTESIAN_POINT('',(-43.2506814385164,3.38444462458418,0.7));
#2806=CARTESIAN_POINT('Origin',(-43.2506814385164,8.38444462458418,0.7));
#2807=CARTESIAN_POINT('',(-43.2506814385164,4.08444462458418,0.));
#2808=CARTESIAN_POINT('Origin',(-43.2506814385164,4.08444462458418,0.7));
#2809=CARTESIAN_POINT('Origin',(-43.2506814385164,8.38444462458418,0.));
#2810=CARTESIAN_POINT('Origin',(-43.2506814385164,8.38444462458418,0.));
#2811=CARTESIAN_POINT('',(-39.0904266981186,5.61094854652715,0.));
#2812=CARTESIAN_POINT('',(-43.2506814385164,3.38444462458418,0.));
#2813=CARTESIAN_POINT('Origin',(-40.5747588557924,3.38444462458419,0.));
#2814=CARTESIAN_POINT('',(-34.7668508376844,12.0963288977558,4.3));
#2815=CARTESIAN_POINT('Origin',(-36.5761273415404,25.8863232184586,0.));
#2816=CARTESIAN_POINT('',(-53.8988362730685,4.08444462458418,0.));
#2817=CARTESIAN_POINT('',(-46.5754430986664,4.08444462458418,0.));
#2818=CARTESIAN_POINT('',(-57.4766553498106,5.99923799745513,0.));
#2819=CARTESIAN_POINT('Origin',(-53.8988362730685,8.38444462458417,0.));
#2820=CARTESIAN_POINT('',(-65.1538047900082,17.51499156351,0.));
#2821=CARTESIAN_POINT('',(-63.1089710724317,14.4477331548259,0.));
#2822=CARTESIAN_POINT('',(-65.8759857132661,19.900198190639,0.));
#2823=CARTESIAN_POINT('Origin',(-61.5759857132661,19.900198190639,0.));
#2824=CARTESIAN_POINT('',(-65.8759857132661,31.8724482462782,0.));
#2825=CARTESIAN_POINT('',(-65.8759857132661,29.6363232184586,0.));
#2826=CARTESIAN_POINT('',(-65.1538047900082,34.2576548734072,0.));
#2827=CARTESIAN_POINT('Origin',(-61.5759857132661,31.8724482462782,0.));
#2828=CARTESIAN_POINT('',(-57.4766553498106,45.7734084394621,0.));
#2829=CARTESIAN_POINT('',(-58.1083576436949,44.8258525790285,0.));
#2830=CARTESIAN_POINT('',(-53.8988362730685,47.688201812333,0.));
#2831=CARTESIAN_POINT('Origin',(-53.8988362730685,43.3882018123331,0.));
#2832=CARTESIAN_POINT('',(-42.6458266676579,47.6882018123331,0.));
#2833=CARTESIAN_POINT('',(-38.5754430986664,47.6882018123331,0.));
#2834=CARTESIAN_POINT('',(-39.6052675085558,46.4287609714352,0.));
#2835=CARTESIAN_POINT('Origin',(-42.6458266676579,43.3882018123331,0.));
#2836=CARTESIAN_POINT('',(-30.8662184634758,37.6897119263553,0.));
#2837=CARTESIAN_POINT('',(-29.4453611326025,36.2688545954819,0.));
#2838=CARTESIAN_POINT('',(1.3339007868982,37.6897119263553,0.));
#2839=CARTESIAN_POINT('',(-21.5761981556775,37.6897119263553,0.));
#2840=CARTESIAN_POINT('Ctrl Pts',(6.41401428673392,28.3897119263553,-2.22044604925031E-15));
#2841=CARTESIAN_POINT('Ctrl Pts',(6.41080960780123,28.3946071542911,-2.21942485558325E-15));
#2842=CARTESIAN_POINT('Ctrl Pts',(6.40759916392883,28.3995077185254,1.56262159763651E-15));
#2843=CARTESIAN_POINT('Ctrl Pts',(4.47705263063594,31.3514588105797,-1.68257155680033E-13));
#2844=CARTESIAN_POINT('Ctrl Pts',(2.49240692530145,34.358125238034,1.69773722958078E-15));
#2845=CARTESIAN_POINT('Ctrl Pts',(1.33390078689821,37.6897119263553,1.11022302462516E-15));
#2846=CARTESIAN_POINT('Ctrl Pts',(1.33390078689821,19.0897119263552,0.));
#2847=CARTESIAN_POINT('Ctrl Pts',(1.56560201457886,19.7560292640195,9.86443391216707E-17));
#2848=CARTESIAN_POINT('Ctrl Pts',(2.09636287181896,21.0620556762155,-1.6587200920959E-14));
#2849=CARTESIAN_POINT('Ctrl Pts',(3.68740757210102,24.2274079007591,2.37389805705402E-14));
#2850=CARTESIAN_POINT('Ctrl Pts',(5.24616725106004,26.6055405840344,-1.14180727890173E-13));
#2851=CARTESIAN_POINT('Ctrl Pts',(6.40760270364974,28.3799185593737,1.57419386824284E-15));
#2852=CARTESIAN_POINT('Ctrl Pts',(6.41080960780123,28.3848166984194,-2.22146724291737E-15));
#2853=CARTESIAN_POINT('Ctrl Pts',(6.41401428673392,28.3897119263553,-2.22044604925031E-15));
#2854=CARTESIAN_POINT('',(-38.8226877638093,8.38477060865091,0.));
#2855=CARTESIAN_POINT('Origin',(-40.5726877638093,8.38477060865091,0.));
#2856=CARTESIAN_POINT('',(-54.822687692943,8.38326471339949,0.));
#2857=CARTESIAN_POINT('Origin',(-56.572687692943,8.38326471339949,0.));
#2858=CARTESIAN_POINT('',(-59.8259857132661,28.3897119263552,0.));
#2859=CARTESIAN_POINT('Origin',(-61.5759857132661,28.3897119263552,0.));
#2860=CARTESIAN_POINT('',(-40.0234857132661,25.8528702324958,0.));
#2861=CARTESIAN_POINT('',(-40.0234857132661,30.9257762044215,0.));
#2862=CARTESIAN_POINT('Origin',(-34.5859857132661,28.3893232184587,0.));
#2863=CARTESIAN_POINT('Origin',(-41.0859857132661,28.3893232184587,0.));
#2864=CARTESIAN_POINT('',(-25.0482357132661,28.3893232184587,0.));
#2865=CARTESIAN_POINT('Origin',(-26.0859857132661,28.3893232184587,0.));
#2866=CARTESIAN_POINT('',(-54.0482357132661,28.3893232184587,0.));
#2867=CARTESIAN_POINT('Origin',(-55.0859857132661,28.3893232184587,0.));
#2868=CARTESIAN_POINT('Origin',(-46.5754430986664,4.08444462458418,0.7));
#2869=CARTESIAN_POINT('',(-53.8988362730685,3.38444462458418,0.7));
#2870=CARTESIAN_POINT('',(-46.5754430986664,3.38444462458418,0.7));
#2871=CARTESIAN_POINT('Origin',(-53.8988362730685,4.08444462458418,0.7));
#2872=CARTESIAN_POINT('Origin',(-53.8988362730685,8.38444462458417,4.3));
#2873=CARTESIAN_POINT('',(-53.8988362730685,3.38444462458418,4.3));
#2874=CARTESIAN_POINT('Origin',(-53.8988362730685,4.08444462458418,4.3));
#2875=CARTESIAN_POINT('',(-58.0590910134663,5.61094854652715,4.3));
#2876=CARTESIAN_POINT('Origin',(-57.4766553498106,5.99923799745514,4.3));
#2877=CARTESIAN_POINT('Origin',(-53.8988362730685,8.38444462458417,4.3));
#2878=CARTESIAN_POINT('Origin',(-53.8988362730685,8.38444462458417,0.7));
#2879=CARTESIAN_POINT('',(-58.0590910134663,5.61094854652715,0.7));
#2880=CARTESIAN_POINT('Origin',(-53.8988362730685,8.38444462458417,0.7));
#2881=CARTESIAN_POINT('Origin',(-57.4766553498106,5.99923799745514,0.7));
#2882=CARTESIAN_POINT('Origin',(-53.8988362730685,8.38444462458417,0.));
#2883=CARTESIAN_POINT('',(-53.8988362730685,3.38444462458418,0.));
#2884=CARTESIAN_POINT('',(-58.0590910134663,5.61094854652715,0.));
#2885=CARTESIAN_POINT('Origin',(-56.5747588557924,3.38444462458417,0.));
#2886=CARTESIAN_POINT('',(-46.5754430986664,3.38444462458418,4.3));
#2887=CARTESIAN_POINT('Origin',(-63.1089710724317,14.4477331548259,0.7));
#2888=CARTESIAN_POINT('',(-65.7362404536639,17.126702112582,0.7));
#2889=CARTESIAN_POINT('',(-63.6914067360874,14.0594437038979,0.7));
#2890=CARTESIAN_POINT('Origin',(-65.1538047900082,17.51499156351,0.7));
#2891=CARTESIAN_POINT('Origin',(-61.5759857132661,19.900198190639,4.3));
#2892=CARTESIAN_POINT('',(-65.7362404536639,17.126702112582,4.3));
#2893=CARTESIAN_POINT('Origin',(-65.1538047900082,17.51499156351,4.3));
#2894=CARTESIAN_POINT('',(-66.575985713266,19.900198190639,4.3));
#2895=CARTESIAN_POINT('Origin',(-65.8759857132661,19.900198190639,4.3));
#2896=CARTESIAN_POINT('Origin',(-61.5759857132661,19.900198190639,4.3));
#2897=CARTESIAN_POINT('Origin',(-61.5759857132661,19.900198190639,0.7));
#2898=CARTESIAN_POINT('',(-66.575985713266,19.900198190639,0.7));
#2899=CARTESIAN_POINT('Origin',(-61.5759857132661,19.900198190639,0.7));
#2900=CARTESIAN_POINT('Origin',(-65.8759857132661,19.900198190639,0.7));
#2901=CARTESIAN_POINT('Origin',(-61.5759857132661,19.900198190639,0.));
#2902=CARTESIAN_POINT('',(-65.7362404536639,17.126702112582,0.));
#2903=CARTESIAN_POINT('',(-66.575985713266,19.900198190639,0.));
#2904=CARTESIAN_POINT('Origin',(-66.575985713266,18.3863232184586,0.));
#2905=CARTESIAN_POINT('',(-63.6914067360874,14.0594437038979,4.3));
#2906=CARTESIAN_POINT('Origin',(-65.8759857132661,29.6363232184586,0.7));
#2907=CARTESIAN_POINT('',(-66.5759857132661,31.8724482462782,0.7));
#2908=CARTESIAN_POINT('',(-66.5759857132661,29.6363232184586,0.7));
#2909=CARTESIAN_POINT('Origin',(-65.8759857132661,31.8724482462782,0.7));
#2910=CARTESIAN_POINT('Origin',(-61.5759857132661,31.8724482462782,4.3));
#2911=CARTESIAN_POINT('',(-66.5759857132661,31.8724482462782,4.3));
#2912=CARTESIAN_POINT('Origin',(-65.8759857132661,31.8724482462782,4.3));
#2913=CARTESIAN_POINT('',(-65.7362404536639,34.6459443243352,4.3));
#2914=CARTESIAN_POINT('Origin',(-65.1538047900082,34.2576548734072,4.3));
#2915=CARTESIAN_POINT('Origin',(-61.5759857132661,31.8724482462782,4.3));
#2916=CARTESIAN_POINT('Origin',(-61.5759857132661,31.8724482462782,0.7));
#2917=CARTESIAN_POINT('',(-65.7362404536639,34.6459443243352,0.7));
#2918=CARTESIAN_POINT('Origin',(-61.5759857132661,31.8724482462782,0.7));
#2919=CARTESIAN_POINT('Origin',(-65.1538047900082,34.2576548734072,0.7));
#2920=CARTESIAN_POINT('Origin',(-61.5759857132661,31.8724482462782,0.));
#2921=CARTESIAN_POINT('',(-66.5759857132661,31.8724482462782,0.));
#2922=CARTESIAN_POINT('',(-65.7362404536639,34.6459443243352,0.));
#2923=CARTESIAN_POINT('Origin',(-66.5759857132661,33.3863232184586,0.));
#2924=CARTESIAN_POINT('',(-66.5759857132661,29.6363232184586,4.3));
#2925=CARTESIAN_POINT('Origin',(-58.1083576436949,44.8258525790285,0.7));
#2926=CARTESIAN_POINT('',(-58.0590910134663,46.1616978903901,0.7));
#2927=CARTESIAN_POINT('',(-58.6907933073506,45.2141420299565,0.7));
#2928=CARTESIAN_POINT('Origin',(-57.4766553498106,45.7734084394621,0.7));
#2929=CARTESIAN_POINT('Origin',(-53.8988362730685,43.3882018123331,4.3));
#2930=CARTESIAN_POINT('',(-58.0590910134663,46.1616978903901,4.3));
#2931=CARTESIAN_POINT('Origin',(-57.4766553498106,45.7734084394621,4.3));
#2932=CARTESIAN_POINT('',(-53.8988362730685,48.3882018123331,4.3));
#2933=CARTESIAN_POINT('Origin',(-53.8988362730685,47.6882018123331,4.3));
#2934=CARTESIAN_POINT('Origin',(-53.8988362730685,43.3882018123331,4.3));
#2935=CARTESIAN_POINT('Origin',(-53.8988362730685,43.3882018123331,0.7));
#2936=CARTESIAN_POINT('',(-53.8988362730685,48.3882018123331,0.7));
#2937=CARTESIAN_POINT('Origin',(-53.8988362730685,43.3882018123331,0.7));
#2938=CARTESIAN_POINT('Origin',(-53.8988362730685,47.6882018123331,0.7));
#2939=CARTESIAN_POINT('Origin',(-53.8988362730685,43.3882018123331,0.));
#2940=CARTESIAN_POINT('',(-58.0590910134663,46.1616978903901,0.));
#2941=CARTESIAN_POINT('',(-53.8988362730685,48.3882018123331,0.));
#2942=CARTESIAN_POINT('Origin',(-58.1083576436949,44.8258525790285,4.3));
#2943=CARTESIAN_POINT('',(-58.6907933073506,45.2141420299565,4.3));
#2944=CARTESIAN_POINT('Origin',(-56.5747588557924,48.3882018123331,0.));
#2945=CARTESIAN_POINT('Origin',(-42.6458266676579,43.3882018123331,0.7));
#2946=CARTESIAN_POINT('',(-39.1102927617252,46.9237357182658,0.7));
#2947=CARTESIAN_POINT('Origin',(-39.6052675085558,46.4287609714352,0.7));
#2948=CARTESIAN_POINT('',(-42.6458266676579,48.3882018123331,0.7));
#2949=CARTESIAN_POINT('Origin',(-42.6458266676579,47.6882018123331,0.7));
#2950=CARTESIAN_POINT('Origin',(-42.6458266676579,43.3882018123331,0.7));
#2951=CARTESIAN_POINT('Origin',(-42.6458266676579,43.3882018123331,4.3));
#2952=CARTESIAN_POINT('',(-39.1102927617252,46.9237357182658,4.3));
#2953=CARTESIAN_POINT('Origin',(-39.6052675085558,46.4287609714352,4.3));
#2954=CARTESIAN_POINT('',(-42.6458266676579,48.3882018123331,4.3));
#2955=CARTESIAN_POINT('Origin',(-42.6458266676579,43.3882018123331,4.3));
#2956=CARTESIAN_POINT('Origin',(-42.6458266676579,47.6882018123331,4.3));
#2957=CARTESIAN_POINT('Origin',(-42.6458266676579,43.3882018123331,0.));
#2958=CARTESIAN_POINT('',(-42.6458266676579,48.3882018123331,0.));
#2959=CARTESIAN_POINT('',(-39.1102927617252,46.9237357182658,0.));
#2960=CARTESIAN_POINT('Origin',(-29.4453611326025,36.2688545954819,0.7));
#2961=CARTESIAN_POINT('',(-32.0407350638819,39.8541780204225,0.7));
#2962=CARTESIAN_POINT('',(-28.9503863857719,36.7638293423125,0.7));
#2963=CARTESIAN_POINT('Origin',(-30.8662184634758,37.6897119263553,0.7));
#2964=CARTESIAN_POINT('Origin',(-30.5762689698147,38.3897119263553,0.));
#2965=CARTESIAN_POINT('',(-32.0407350638819,39.8541780204225,4.3));
#2966=CARTESIAN_POINT('',(-28.9503863857719,36.7638293423125,4.3));
#2967=CARTESIAN_POINT('',(-32.0407350638819,39.8541780204225,0.));
#2968=CARTESIAN_POINT('Origin',(-29.4453611326025,36.2688545954819,4.3));
#2969=CARTESIAN_POINT('Origin',(-30.8662184634758,37.6897119263553,4.3));
#2970=CARTESIAN_POINT('Ctrl Pts',(-30.8662184634758,37.6897119263553,0.));
#2971=CARTESIAN_POINT('Ctrl Pts',(-30.3364074190443,37.8467915590347,0.));
#2972=CARTESIAN_POINT('Ctrl Pts',(-29.4565846723843,38.1076434897768,0.0917702609727561));
#2973=CARTESIAN_POINT('Ctrl Pts',(-28.6667408546133,38.3418182546739,0.386204651911491));
#2974=CARTESIAN_POINT('Ctrl Pts',(-28.5052011579492,38.3897119263552,0.59528024488034));
#2975=CARTESIAN_POINT('Ctrl Pts',(-28.5052011579492,38.3897119263552,0.7));
#2976=CARTESIAN_POINT('Ctrl Pts',(-30.8662184634758,37.6897119263553,0.));
#2977=CARTESIAN_POINT('Ctrl Pts',(-30.6008647367919,37.9563333667146,4.86463348180856E-17));
#2978=CARTESIAN_POINT('Ctrl Pts',(-30.1659678788627,38.3748895390295,0.252674637645557));
#2979=CARTESIAN_POINT('Ctrl Pts',(-29.8624417282927,38.4280586053979,0.628080924733288));
#2980=CARTESIAN_POINT('Ctrl Pts',(-29.8141980969449,38.3897119263552,0.67731290469787));
#2981=CARTESIAN_POINT('Ctrl Pts',(-29.8141980969449,38.3897119263552,0.7));
#2982=CARTESIAN_POINT('Ctrl Pts',(-30.8662184634758,37.6897119263553,1.92543341438565E-31));
#2983=CARTESIAN_POINT('Ctrl Pts',(-30.8653220545394,38.0658751743944,1.34751532320505E-31));
#2984=CARTESIAN_POINT('Ctrl Pts',(-30.8768766641465,38.6693575995042,0.252674637645557));
#2985=CARTESIAN_POINT('Ctrl Pts',(-31.0539058561035,38.9215792062181,0.628080924733287));
#2986=CARTESIAN_POINT('Ctrl Pts',(-31.1151344517656,38.9285774083062,0.67731290469787));
#2987=CARTESIAN_POINT('Ctrl Pts',(-31.1151344517656,38.9285774083062,0.7));
#2988=CARTESIAN_POINT('Ctrl Pts',(-30.8662184634758,37.6897119263553,0.));
#2989=CARTESIAN_POINT('Ctrl Pts',(-31.1297793722869,38.1754169820742,-1.45939004454257E-16));
#2990=CARTESIAN_POINT('Ctrl Pts',(-31.5674578335791,38.981995781593,0.0917702609727563));
#2991=CARTESIAN_POINT('Ctrl Pts',(-31.9603751889617,39.7060862654587,0.386204651911491));
#2992=CARTESIAN_POINT('Ctrl Pts',(-32.0407350638819,39.8541780204225,0.595280244880341));
#2993=CARTESIAN_POINT('Ctrl Pts',(-32.0407350638819,39.8541780204225,0.7));
#2994=CARTESIAN_POINT('Origin',(-28.5052011579492,43.3897119263553,0.7));
#2995=CARTESIAN_POINT('Origin',(-30.8662184634758,37.6897119263553,0.7));
#2996=CARTESIAN_POINT('Origin',(-28.5052011579492,43.3897119263553,0.));
#2997=CARTESIAN_POINT('Origin',(-28.5052011579492,43.3897119263553,4.3));
#2998=CARTESIAN_POINT('Ctrl Pts',(-30.8662184634758,37.6897119263553,5.));
#2999=CARTESIAN_POINT('Ctrl Pts',(-31.1297793722869,38.1754169820743,5.));
#3000=CARTESIAN_POINT('Ctrl Pts',(-31.5674551258213,38.9819907915827,4.90822574132924));
#3001=CARTESIAN_POINT('Ctrl Pts',(-31.9603732131066,39.7060826242404,4.613793603857));
#3002=CARTESIAN_POINT('Ctrl Pts',(-32.0407350638819,39.8541780204225,4.40471975511966));
#3003=CARTESIAN_POINT('Ctrl Pts',(-32.0407350638819,39.8541780204225,4.30000000000001));
#3004=CARTESIAN_POINT('Ctrl Pts',(-30.8662184634758,37.6897119263553,5.));
#3005=CARTESIAN_POINT('Ctrl Pts',(-30.8653220545394,38.0658751743944,5.));
#3006=CARTESIAN_POINT('Ctrl Pts',(-30.8768743575268,38.6693637719275,4.74727115890783));
#3007=CARTESIAN_POINT('Ctrl Pts',(-31.0538990297988,38.921591132737,4.37188657247315));
#3008=CARTESIAN_POINT('Ctrl Pts',(-31.1151344517656,38.9285774083062,4.32268709530214));
#3009=CARTESIAN_POINT('Ctrl Pts',(-31.1151344517656,38.9285774083062,4.30000000000001));
#3010=CARTESIAN_POINT('Ctrl Pts',(-30.8662184634758,37.6897119263553,5.));
#3011=CARTESIAN_POINT('Ctrl Pts',(-30.6008647367919,37.9563333667146,5.));
#3012=CARTESIAN_POINT('Ctrl Pts',(-30.1659651453268,38.3748955346182,4.74727115890783));
#3013=CARTESIAN_POINT('Ctrl Pts',(-29.8624381218967,38.4280718656466,4.37188657247315));
#3014=CARTESIAN_POINT('Ctrl Pts',(-29.814198096945,38.3897119263553,4.32268709530213));
#3015=CARTESIAN_POINT('Ctrl Pts',(-29.814198096945,38.3897119263553,4.30000000000001));
#3016=CARTESIAN_POINT('Ctrl Pts',(-30.8662184634758,37.6897119263553,5.));
#3017=CARTESIAN_POINT('Ctrl Pts',(-30.3364074190444,37.8467915590347,5.));
#3018=CARTESIAN_POINT('Ctrl Pts',(-29.4565901155284,38.1076418759806,4.90822574132924));
#3019=CARTESIAN_POINT('Ctrl Pts',(-28.666744826484,38.3418170770843,4.613793603857));
#3020=CARTESIAN_POINT('Ctrl Pts',(-28.5052011579492,38.3897119263553,4.40471975511966));
#3021=CARTESIAN_POINT('Ctrl Pts',(-28.5052011579492,38.3897119263553,4.3));
#3022=CARTESIAN_POINT('Origin',(-21.5761981556775,37.6897119263553,0.7));
#3023=CARTESIAN_POINT('Origin',(1.3339007868982,37.6897119263553,0.7));
#3024=CARTESIAN_POINT('Origin',(-35.3492865013401,12.4846183486837,4.3));
#3025=CARTESIAN_POINT('Origin',(-46.5754430986664,4.08444462458418,4.3));
#3026=CARTESIAN_POINT('Origin',(-63.1089710724317,14.4477331548259,4.3));
#3027=CARTESIAN_POINT('Origin',(-65.8759857132661,29.6363232184586,4.3));
#3028=CARTESIAN_POINT('Origin',(-38.5754430986664,47.6882018123331,4.3));
#3029=CARTESIAN_POINT('',(-38.5754430986664,48.3882018123331,4.3));
#3030=CARTESIAN_POINT('Origin',(-40.5747588557924,48.3882018123331,0.));
#3031=CARTESIAN_POINT('',(-38.5754430986664,48.3882018123331,0.7));
#3032=CARTESIAN_POINT('Origin',(-38.5754430986664,47.6882018123331,0.7));
#3033=CARTESIAN_POINT('Ctrl Pts',(1.6821163381028,37.7026529576786,0.00924173957430108));
#3034=CARTESIAN_POINT('Ctrl Pts',(1.5661818125479,37.6982848570823,0.00308686490588979));
#3035=CARTESIAN_POINT('Ctrl Pts',(1.45005617844314,37.6939694750114,8.35551397500803E-16));
#3036=CARTESIAN_POINT('Ctrl Pts',(1.33390078689822,37.6897119263553,8.32667268468867E-16));
#3037=CARTESIAN_POINT('Ctrl Pts',(1.68191614274411,37.9095919966616,0.0130628736637815));
#3038=CARTESIAN_POINT('Ctrl Pts',(1.56608004289094,37.9060843718473,0.00559674381568641));
#3039=CARTESIAN_POINT('Ctrl Pts',(1.45009530736002,37.9025940532879,0.00131279274783157));
#3040=CARTESIAN_POINT('Ctrl Pts',(1.33390078689822,37.8991514365946,8.32667268468867E-16));
#3041=CARTESIAN_POINT('Ctrl Pts',(1.67260076565455,38.2648548222158,0.190865721777529));
#3042=CARTESIAN_POINT('Ctrl Pts',(1.55994273460149,38.2638054951906,0.182883001645703));
#3043=CARTESIAN_POINT('Ctrl Pts',(1.44697006333645,38.2627701122464,0.177830327660102));
#3044=CARTESIAN_POINT('Ctrl Pts',(1.33390078689822,38.2617331420338,0.175806040354264));
#3045=CARTESIAN_POINT('Ctrl Pts',(1.65362035420953,38.3897119263553,0.553145335457888));
#3046=CARTESIAN_POINT('Ctrl Pts',(1.54718714994146,38.3897226597227,0.546949389967587));
#3047=CARTESIAN_POINT('Ctrl Pts',(1.44055434428695,38.3897009480083,0.543523318689931));
#3048=CARTESIAN_POINT('Ctrl Pts',(1.33390078689822,38.3897119263553,0.542920367320511));
#3049=CARTESIAN_POINT('Ctrl Pts',(1.64549870140741,38.3897119263553,0.708163536623966));
#3050=CARTESIAN_POINT('Ctrl Pts',(1.54172624275983,38.3897119263553,0.702726730666869));
#3051=CARTESIAN_POINT('Ctrl Pts',(1.43781248636632,38.3897119263553,0.700000000000001));
#3052=CARTESIAN_POINT('Ctrl Pts',(1.33390078689822,38.3897119263553,0.700000000000001));
#3053=CARTESIAN_POINT('',(1.6613057694197,38.3211557151544,0.406453612710558));
#3054=CARTESIAN_POINT('Ctrl Pts',(1.64549870140738,38.3897119263553,0.708163536623964));
#3055=CARTESIAN_POINT('Ctrl Pts',(1.62082876221583,38.3897119263553,0.690602912910936));
#3056=CARTESIAN_POINT('Ctrl Pts',(1.59999566289709,38.389128374147,0.673373141322984));
#3057=CARTESIAN_POINT('Ctrl Pts',(1.58326081764853,38.3879547709937,0.656309785434501));
#3058=CARTESIAN_POINT('Ctrl Pts',(1.57525475322125,38.3873933112182,0.648146559270182));
#3059=CARTESIAN_POINT('Ctrl Pts',(1.56818667920847,38.3866964976283,0.640022058294967));
#3060=CARTESIAN_POINT('Ctrl Pts',(1.56208536352695,38.3858618593605,0.631922228879703));
#3061=CARTESIAN_POINT('Ctrl Pts',(1.55335139150296,38.3846670830759,0.620327404549212));
#3062=CARTESIAN_POINT('Ctrl Pts',(1.54578699166668,38.383078574831,0.607700985475337));
#3063=CARTESIAN_POINT('Ctrl Pts',(1.54073074707193,38.3809431347817,0.594202669639604));
#3064=CARTESIAN_POINT('Ctrl Pts',(1.53967337815357,38.3804965685817,0.591379883014578));
#3065=CARTESIAN_POINT('Ctrl Pts',(1.5387258541384,38.3800260789867,0.588519049603005));
#3066=CARTESIAN_POINT('Ctrl Pts',(1.53790067839419,38.3795302708131,0.585621796466067));
#3067=CARTESIAN_POINT('Ctrl Pts',(1.53432753689702,38.3773833429952,0.573076232101169));
#3068=CARTESIAN_POINT('Ctrl Pts',(1.53320349402682,38.3748617422079,0.560422811465662));
#3069=CARTESIAN_POINT('Ctrl Pts',(1.5347583957472,38.371912979936,0.547625874301465));
#3070=CARTESIAN_POINT('Ctrl Pts',(1.53632388855489,38.3689441324084,0.534741771834697));
#3071=CARTESIAN_POINT('Ctrl Pts',(1.54050302537682,38.365736520245,0.522563738031743));
#3072=CARTESIAN_POINT('Ctrl Pts',(1.54643714443907,38.3624028192034,0.511131354504406));
#3073=CARTESIAN_POINT('Ctrl Pts',(1.55275302717479,38.3588546489302,0.498963483757109));
#3074=CARTESIAN_POINT('Ctrl Pts',(1.56106030942637,38.3551599598498,0.487634604676966));
#3075=CARTESIAN_POINT('Ctrl Pts',(1.5702663600396,38.351495174962,0.477282213633345));
#3076=CARTESIAN_POINT('Ctrl Pts',(1.57379355125101,38.3500910552595,0.473315815419796));
#3077=CARTESIAN_POINT('Ctrl Pts',(1.57745233301581,38.3486914865881,0.4694923549908));
#3078=CARTESIAN_POINT('Ctrl Pts',(1.58118007680091,38.3473068257179,0.465817980574592));
#3079=CARTESIAN_POINT('Ctrl Pts',(1.59304354092299,38.3429001723903,0.45412436331686));
#3080=CARTESIAN_POINT('Ctrl Pts',(1.60647595907233,38.3383171296597,0.443078627678352));
#3081=CARTESIAN_POINT('Ctrl Pts',(1.62062987240237,38.3337006988733,0.432802395755605));
#3082=CARTESIAN_POINT('Ctrl Pts',(1.63380237933803,38.3294043629319,0.423238698909488));
#3083=CARTESIAN_POINT('Ctrl Pts',(1.64759926727185,38.3250797271525,0.414341218330844));
#3084=CARTESIAN_POINT('Ctrl Pts',(1.66132048093883,38.3208538328728,0.406172813556854));
#3085=CARTESIAN_POINT('',(1.68211633810276,37.7026529576786,0.0092417395742994));
#3086=CARTESIAN_POINT('Origin',(1.64549870140738,37.6897119263553,0.708163536623965));
#3087=CARTESIAN_POINT('Ctrl Pts',(1.6821163381028,37.7026529576786,0.00924173957430108));
#3088=CARTESIAN_POINT('Ctrl Pts',(1.5661818125479,37.6982848570823,0.00308686490588979));
#3089=CARTESIAN_POINT('Ctrl Pts',(1.45005617844314,37.6939694750114,8.35551397500803E-16));
#3090=CARTESIAN_POINT('Ctrl Pts',(1.33390078689822,37.6897119263553,8.32667268468867E-16));
#3091=CARTESIAN_POINT('Ctrl Pts',(3.09222425774954,37.7588078792278,0.239019673286156));
#3092=CARTESIAN_POINT('Ctrl Pts',(2.63260339188523,37.7394957518404,0.11189282928723));
#3093=CARTESIAN_POINT('Ctrl Pts',(2.15899890587059,37.7206206081145,0.0345590677999688));
#3094=CARTESIAN_POINT('Ctrl Pts',(1.68211633810276,37.7026529576786,0.00924173957429844));
#3095=CARTESIAN_POINT('Ctrl Pts',(3.08950465709671,37.8631720974323,0.249008249253365));
#3096=CARTESIAN_POINT('Ctrl Pts',(2.63129719704055,37.8461064735503,0.119463047656947));
#3097=CARTESIAN_POINT('Ctrl Pts',(2.15860605911601,37.8293316467898,0.0394015777466363));
#3098=CARTESIAN_POINT('Ctrl Pts',(1.68200935706836,37.8132377014693,0.0112836893985165));
#3099=CARTESIAN_POINT('Ctrl Pts',(3.06856463469238,38.1012838720774,0.325916969040099));
#3100=CARTESIAN_POINT('Ctrl Pts',(2.61687747280534,38.0908128653949,0.193996447907233));
#3101=CARTESIAN_POINT('Ctrl Pts',(2.15006909348806,38.0803871722311,0.110417501384609));
#3102=CARTESIAN_POINT('Ctrl Pts',(1.67850619797383,38.0702520291356,0.0781485793986356));
#3103=CARTESIAN_POINT('Ctrl Pts',(3.0182384087154,38.2705453795953,0.510755625697285));
#3104=CARTESIAN_POINT('Ctrl Pts',(2.57922697052161,38.2661806783569,0.383910198215637));
#3105=CARTESIAN_POINT('Ctrl Pts',(2.12592821025231,38.2617455822229,0.304015424021329));
#3106=CARTESIAN_POINT('Ctrl Pts',(1.66826580302688,38.2575062200303,0.273607267744989));
#3107=CARTESIAN_POINT('Ctrl Pts',(2.98474291725774,38.3279681985001,0.633778195439298));
#3108=CARTESIAN_POINT('Ctrl Pts',(2.55396219638031,38.325677090203,0.511216711315501));
#3109=CARTESIAN_POINT('Ctrl Pts',(2.10952051494329,38.3233855549049,0.434603099200536));
#3110=CARTESIAN_POINT('Ctrl Pts',(1.6613057694197,38.3211557151544,0.406453612710557));
#3111=CARTESIAN_POINT('',(3.09222425774954,37.7588078792278,0.239019673286155));
#3112=CARTESIAN_POINT('Ctrl Pts',(1.6613057694197,38.3211557151544,0.406453612710558));
#3113=CARTESIAN_POINT('Ctrl Pts',(1.73161734229388,38.2993896013737,0.364583403819982));
#3114=CARTESIAN_POINT('Ctrl Pts',(1.82754304849711,38.2716430521331,0.325368574174193));
#3115=CARTESIAN_POINT('Ctrl Pts',(2.09261526605365,38.188169882996,0.245256151334785));
#3116=CARTESIAN_POINT('Ctrl Pts',(2.30069779799899,38.11733679298,0.202771579721677));
#3117=CARTESIAN_POINT('Ctrl Pts',(2.7247801788604,37.9388855077209,0.184236403099604));
#3118=CARTESIAN_POINT('Ctrl Pts',(2.90996110061266,37.8497243033479,0.198741240908259));
#3119=CARTESIAN_POINT('Ctrl Pts',(3.09222425774954,37.7588078792278,0.239019673286156));
#3120=CARTESIAN_POINT('Ctrl Pts',(3.09222425774954,37.7588078792278,0.239019673286156));
#3121=CARTESIAN_POINT('Ctrl Pts',(2.63260339188523,37.7394957518404,0.11189282928723));
#3122=CARTESIAN_POINT('Ctrl Pts',(2.15899890587059,37.7206206081145,0.0345590677999688));
#3123=CARTESIAN_POINT('Ctrl Pts',(1.68211633810276,37.7026529576786,0.00924173957429844));
#3124=CARTESIAN_POINT('Ctrl Pts',(1.6454987014074,18.3897119263553,0.708163536623964));
#3125=CARTESIAN_POINT('Ctrl Pts',(1.54172624275982,18.3897119263553,0.702726730666868));
#3126=CARTESIAN_POINT('Ctrl Pts',(1.43781248636632,18.3897119263553,0.7));
#3127=CARTESIAN_POINT('Ctrl Pts',(1.33390078689821,18.3897119263553,0.7));
#3128=CARTESIAN_POINT('Ctrl Pts',(1.65632757181023,18.3897119263553,0.50147260173586));
#3129=CARTESIAN_POINT('Ctrl Pts',(1.54898676756063,18.3896787431312,0.494998315772033));
#3130=CARTESIAN_POINT('Ctrl Pts',(1.44149166277145,18.3897453441841,0.491389028180317));
#3131=CARTESIAN_POINT('Ctrl Pts',(1.33390078689821,18.3897119263553,0.49056048976068));
#3132=CARTESIAN_POINT('Ctrl Pts',(1.67508919819382,18.5610743248969,0.143368944291194));
#3133=CARTESIAN_POINT('Ctrl Pts',(1.56160839766659,18.5625436248072,0.135213022391511));
#3134=CARTESIAN_POINT('Ctrl Pts',(1.44781140476226,18.5639763726419,0.130019527636101));
#3135=CARTESIAN_POINT('Ctrl Pts',(1.33390078689821,18.5654290497446,0.12787209650332));
#3136=CARTESIAN_POINT('Ctrl Pts',(1.68196619158377,18.9215666157947,0.0121075901414087));
#3137=CARTESIAN_POINT('Ctrl Pts',(1.56612267909959,18.9253012049519,0.00499005108093084));
#3138=CARTESIAN_POINT('Ctrl Pts',(1.45006612943692,18.9289742360896,0.000964415711470971));
#3139=CARTESIAN_POINT('Ctrl Pts',(1.33390078689821,18.9326322936758,-6.84271036922114E-16));
#3140=CARTESIAN_POINT('Ctrl Pts',(1.68211633810278,19.0767708950319,0.00924173957429844));
#3141=CARTESIAN_POINT('Ctrl Pts',(1.56618181254789,19.0811389956282,0.00308686490588773));
#3142=CARTESIAN_POINT('Ctrl Pts',(1.45005617844313,19.0854543776991,-7.19420915882429E-16));
#3143=CARTESIAN_POINT('Ctrl Pts',(1.33390078689821,19.0897119263553,-6.93889390390723E-16));
#3144=CARTESIAN_POINT('',(1.66130576941971,18.4582681375561,0.406453612710561));
#3145=CARTESIAN_POINT('Ctrl Pts',(1.66126862543798,18.457697917221,0.406181510331801));
#3146=CARTESIAN_POINT('Ctrl Pts',(1.6566547423463,18.4562598167157,0.408928729914565));
#3147=CARTESIAN_POINT('Ctrl Pts',(1.65214816731338,18.4548463894571,0.411689131865748));
#3148=CARTESIAN_POINT('Ctrl Pts',(1.64775274231425,18.453457461365,0.414461964835151));
#3149=CARTESIAN_POINT('Ctrl Pts',(1.63457369346448,18.4492929605082,0.422775905162488));
#3150=CARTESIAN_POINT('Ctrl Pts',(1.6210747950234,18.4449347699108,0.432033913814667));
#3151=CARTESIAN_POINT('Ctrl Pts',(1.60818810745529,18.4405654324117,0.442137902989801));
#3152=CARTESIAN_POINT('Ctrl Pts',(1.59527650595656,18.4361876476394,0.452261426283682));
#3153=CARTESIAN_POINT('Ctrl Pts',(1.58297921210187,18.4317983172283,0.463234092405972));
#3154=CARTESIAN_POINT('Ctrl Pts',(1.57227740165087,18.4275602330639,0.474934812445136));
#3155=CARTESIAN_POINT('Ctrl Pts',(1.57043414863076,18.4268302760654,0.476950115150079));
#3156=CARTESIAN_POINT('Ctrl Pts',(1.56863833502022,18.4261047659477,0.478986966593389));
#3157=CARTESIAN_POINT('Ctrl Pts',(1.56689510852383,18.4253844902923,0.481044689306938));
#3158=CARTESIAN_POINT('Ctrl Pts',(1.55811966519603,18.4217586056426,0.491403314014895));
#3159=CARTESIAN_POINT('Ctrl Pts',(1.55022424479359,18.4180829908734,0.502812640490304));
#3160=CARTESIAN_POINT('Ctrl Pts',(1.54439170215711,18.4145442037852,0.515153195324995));
#3161=CARTESIAN_POINT('Ctrl Pts',(1.54256076689479,18.4134333177669,0.519027107341035));
#3162=CARTESIAN_POINT('Ctrl Pts',(1.54093347470569,18.4123358296857,0.522992648737351));
#3163=CARTESIAN_POINT('Ctrl Pts',(1.53954739775563,18.4112573671909,0.527045788066371));
#3164=CARTESIAN_POINT('Ctrl Pts',(1.53533786806617,18.4079820657071,0.539355213124135));
#3165=CARTESIAN_POINT('Ctrl Pts',(1.53348646818148,18.4049906854694,0.552055564006753));
#3166=CARTESIAN_POINT('Ctrl Pts',(1.53444507747653,18.4023215403586,0.565169925459861));
#3167=CARTESIAN_POINT('Ctrl Pts',(1.53538525410434,18.3997037190393,0.578032116751626));
#3168=CARTESIAN_POINT('Ctrl Pts',(1.53896250764376,18.3975787137391,0.590390765744475));
#3169=CARTESIAN_POINT('Ctrl Pts',(1.54445432598336,18.3958417259282,0.602219885711014));
#3170=CARTESIAN_POINT('Ctrl Pts',(1.55088637753609,18.3938073550778,0.616074224063656));
#3171=CARTESIAN_POINT('Ctrl Pts',(1.55986847213274,18.3923332371589,0.629025912956628));
#3172=CARTESIAN_POINT('Ctrl Pts',(1.56986668233663,18.3912561955111,0.640837814929936));
#3173=CARTESIAN_POINT('Ctrl Pts',(1.57190237128845,18.3910369040841,0.643242781204571));
#3174=CARTESIAN_POINT('Ctrl Pts',(1.57398001481927,18.390834047331,0.645600532612339));
#3175=CARTESIAN_POINT('Ctrl Pts',(1.57608643000786,18.3906461884911,0.647909110059931));
#3176=CARTESIAN_POINT('Ctrl Pts',(1.58929214623301,18.3894684479661,0.662382239014642));
#3177=CARTESIAN_POINT('Ctrl Pts',(1.60471412584195,18.388790469133,0.676085451390015));
#3178=CARTESIAN_POINT('Ctrl Pts',(1.6206094741399,18.3884495808943,0.688660786290778));
#3179=CARTESIAN_POINT('Ctrl Pts',(1.62891288327261,18.3882715077586,0.695229887433106));
#3180=CARTESIAN_POINT('Ctrl Pts',(1.63734458950036,18.388185048353,0.701491306546962));
#3181=CARTESIAN_POINT('Ctrl Pts',(1.64565161716446,18.3881637931489,0.707394302721965));
#3182=CARTESIAN_POINT('',(1.68211633810278,19.0767708950319,0.00924173957429922));
#3183=CARTESIAN_POINT('Ctrl Pts',(1.33390078689821,19.0897119263553,-6.93889390390723E-16));
#3184=CARTESIAN_POINT('Ctrl Pts',(1.45005617844313,19.0854543776991,-7.19420915882429E-16));
#3185=CARTESIAN_POINT('Ctrl Pts',(1.56618181254789,19.0811389956282,0.00308686490588773));
#3186=CARTESIAN_POINT('Ctrl Pts',(1.68211633810278,19.0767708950319,0.00924173957429844));
#3187=CARTESIAN_POINT('Origin',(1.6454987014074,19.0897119263553,0.708163536623964));
#3188=CARTESIAN_POINT('Ctrl Pts',(1.68211633810278,19.0767708950319,0.00924173957429886));
#3189=CARTESIAN_POINT('Ctrl Pts',(2.15899890587059,19.058803244596,0.0345590677999699));
#3190=CARTESIAN_POINT('Ctrl Pts',(2.63260339188523,19.0399281008701,0.11189282928723));
#3191=CARTESIAN_POINT('Ctrl Pts',(3.09222425774954,19.0206159734827,0.239019673286154));
#3192=CARTESIAN_POINT('Ctrl Pts',(1.68200935706838,18.9661861512412,0.011283689398518));
#3193=CARTESIAN_POINT('Ctrl Pts',(2.15860605911602,18.9500922059207,0.0394015777466384));
#3194=CARTESIAN_POINT('Ctrl Pts',(2.63129719704055,18.9333173791602,0.119463047656948));
#3195=CARTESIAN_POINT('Ctrl Pts',(3.0895046570967,18.9162517552782,0.249008249253364));
#3196=CARTESIAN_POINT('Ctrl Pts',(1.67850721130795,18.7091609998962,0.0781292378639674));
#3197=CARTESIAN_POINT('Ctrl Pts',(2.15007010682217,18.6990258568008,0.110398159849942));
#3198=CARTESIAN_POINT('Ctrl Pts',(2.61688147307523,18.6886013401252,0.193981755676748));
#3199=CARTESIAN_POINT('Ctrl Pts',(3.06856863496226,18.6781303334427,0.325902276809612));
#3200=CARTESIAN_POINT('Ctrl Pts',(1.66826580302689,18.5219176326802,0.273607267744995));
#3201=CARTESIAN_POINT('Ctrl Pts',(2.12592821025231,18.5176782704876,0.304015424021336));
#3202=CARTESIAN_POINT('Ctrl Pts',(2.57922697052161,18.5132431743536,0.383910198215642));
#3203=CARTESIAN_POINT('Ctrl Pts',(3.01823840871539,18.5088784731152,0.510755625697288));
#3204=CARTESIAN_POINT('Ctrl Pts',(1.66130576941971,18.4582681375561,0.406453612710564));
#3205=CARTESIAN_POINT('Ctrl Pts',(2.10952051494329,18.4560382978056,0.434603099200544));
#3206=CARTESIAN_POINT('Ctrl Pts',(2.55396219638031,18.4537467625075,0.511216711315507));
#3207=CARTESIAN_POINT('Ctrl Pts',(2.98474291725773,18.4514556542104,0.633778195439302));
#3208=CARTESIAN_POINT('',(3.09222425774954,19.0206159734827,0.239019673286153));
#3209=CARTESIAN_POINT('Ctrl Pts',(3.09222425774954,19.0206159734827,0.239019673286153));
#3210=CARTESIAN_POINT('Ctrl Pts',(2.88623306714901,18.9178635426358,0.193497570128384));
#3211=CARTESIAN_POINT('Ctrl Pts',(2.67624615495256,18.8175620213887,0.180869137281404));
#3212=CARTESIAN_POINT('Ctrl Pts',(2.31916048118846,18.6723705434026,0.207382817623105));
#3213=CARTESIAN_POINT('Ctrl Pts',(2.17620064846496,18.6203155930247,0.229867127941786));
#3214=CARTESIAN_POINT('Ctrl Pts',(1.88450287559675,18.5241897584312,0.302892853937463));
#3215=CARTESIAN_POINT('Ctrl Pts',(1.75138500694673,18.4861536598555,0.352811853071518));
#3216=CARTESIAN_POINT('Ctrl Pts',(1.66130576941971,18.4582681375561,0.406453612710564));
#3217=CARTESIAN_POINT('Ctrl Pts',(1.68211633810278,19.0767708950319,0.00924173957429886));
#3218=CARTESIAN_POINT('Ctrl Pts',(2.15899890587059,19.058803244596,0.0345590677999699));
#3219=CARTESIAN_POINT('Ctrl Pts',(2.63260339188523,19.0399281008701,0.11189282928723));
#3220=CARTESIAN_POINT('Ctrl Pts',(3.09222425774954,19.0206159734827,0.239019673286154));
#3221=CARTESIAN_POINT('Ctrl Pts',(1.43545365381616,38.3021278132305,0.00698901794920451));
#3222=CARTESIAN_POINT('Ctrl Pts',(2.1444152646899,38.1796463584492,0.0378541607939362));
#3223=CARTESIAN_POINT('Ctrl Pts',(3.17444801853137,37.7845745247627,0.240627345893984));
#3224=CARTESIAN_POINT('Ctrl Pts',(4.12747086246158,37.1321615886536,0.498136930994844));
#3225=CARTESIAN_POINT('Ctrl Pts',(4.77104514104511,36.5360963941868,0.663019712744765));
#3226=CARTESIAN_POINT('Ctrl Pts',(5.12695441852788,36.1183103555662,0.73799078269626));
#3227=CARTESIAN_POINT('Ctrl Pts',(5.32143081054973,35.8418508374913,0.764568904729933));
#3228=CARTESIAN_POINT('Ctrl Pts',(1.70162198196628,38.4383362967211,1.61877199385517));
#3229=CARTESIAN_POINT('Ctrl Pts',(2.60834453211495,38.3131014120829,1.59890393988291));
#3230=CARTESIAN_POINT('Ctrl Pts',(3.99007001868211,37.9055254842616,1.58639258505444));
#3231=CARTESIAN_POINT('Ctrl Pts',(5.15384687532225,37.0625438738006,1.42614257072213));
#3232=CARTESIAN_POINT('Ctrl Pts',(5.75807933318329,36.319515770781,1.2615277917608));
#3233=CARTESIAN_POINT('Ctrl Pts',(6.0124205377501,35.8415761264872,1.1562698772535));
#3234=CARTESIAN_POINT('Ctrl Pts',(6.12943676736541,35.5543025288595,1.09421908233819));
#3235=CARTESIAN_POINT('Ctrl Pts',(2.08878028427136,39.2652583615815,3.14005833639841));
#3236=CARTESIAN_POINT('Ctrl Pts',(3.28059909590641,39.1013732760809,3.04242778424103));
#3237=CARTESIAN_POINT('Ctrl Pts',(5.13358620428565,38.532639788795,2.7101969726603));
#3238=CARTESIAN_POINT('Ctrl Pts',(6.47251928326724,37.2491014496787,2.05224334274854));
#3239=CARTESIAN_POINT('Ctrl Pts',(6.93356510738772,36.2164001867144,1.58875990868646));
#3240=CARTESIAN_POINT('Ctrl Pts',(7.02096883331591,35.6301221774976,1.35353566699411));
#3241=CARTESIAN_POINT('Ctrl Pts',(7.03024996527453,35.3146591480989,1.23629369483723));
#3242=CARTESIAN_POINT('Ctrl Pts',(2.47877967721309,40.5305426617648,4.10659793958085));
#3243=CARTESIAN_POINT('Ctrl Pts',(3.95794518576105,40.3090685444706,3.93741579971419));
#3244=CARTESIAN_POINT('Ctrl Pts',(6.28436135757059,39.5038757784478,3.31815439142384));
#3245=CARTESIAN_POINT('Ctrl Pts',(7.79608061658374,37.6577394080282,2.246231384135));
#3246=CARTESIAN_POINT('Ctrl Pts',(8.11116061793231,36.2469631931742,1.59585031493379));
#3247=CARTESIAN_POINT('Ctrl Pts',(8.03058622036764,35.5105818626435,1.30662994214581));
#3248=CARTESIAN_POINT('Ctrl Pts',(7.93172573605482,35.1474339459735,1.17625985343066));
#3249=CARTESIAN_POINT('',(5.32143081054972,35.8418508374913,0.764568904729932));
#3250=CARTESIAN_POINT('Origin',(7.93172573605483,37.174750551859,-4.47086219054014));
#3251=CARTESIAN_POINT('Ctrl Pts',(3.08968394837441,37.7593620739403,0.238150005014956));
#3252=CARTESIAN_POINT('Ctrl Pts',(3.15966564058284,37.7245289084131,0.253728542919659));
#3253=CARTESIAN_POINT('Ctrl Pts',(3.22828349252024,37.6887213755374,0.269548660643846));
#3254=CARTESIAN_POINT('Ctrl Pts',(3.2955496310958,37.6520621373198,0.285436511808234));
#3255=CARTESIAN_POINT('Ctrl Pts',(3.65095944049648,37.4583680567082,0.369382138444414));
#3256=CARTESIAN_POINT('Ctrl Pts',(3.96863372180655,37.2408970780051,0.455218666811367));
#3257=CARTESIAN_POINT('Ctrl Pts',(4.28904990843775,36.9697183536152,0.538791770183659));
#3258=CARTESIAN_POINT('Ctrl Pts',(4.44925800175335,36.8341289914202,0.580578321869804));
#3259=CARTESIAN_POINT('Ctrl Pts',(4.61015157139923,36.6851126928035,0.621799017307285));
#3260=CARTESIAN_POINT('Ctrl Pts',(4.77957567559286,36.50615803384,0.661152132513899));
#3261=CARTESIAN_POINT('Ctrl Pts',(4.94899977978649,36.3272033748765,0.700505247720512));
#3262=CARTESIAN_POINT('Ctrl Pts',(5.12695441852788,36.1183103555662,0.73799078269626));
#3263=CARTESIAN_POINT('Ctrl Pts',(5.32143081054972,35.8418508374913,0.764568904729933));
#3264=CARTESIAN_POINT('Ctrl Pts',(5.32143081054972,20.9375730152192,0.764568904729933));
#3265=CARTESIAN_POINT('Ctrl Pts',(5.12744464861168,20.6618103877608,0.738057780005581));
#3266=CARTESIAN_POINT('Ctrl Pts',(4.59598719998059,20.0425455746333,0.624909310807909));
#3267=CARTESIAN_POINT('Ctrl Pts',(3.82319594997233,19.411341550922,0.41242147537031));
#3268=CARTESIAN_POINT('Ctrl Pts',(2.78537082344039,18.8289343128937,0.155521872294171));
#3269=CARTESIAN_POINT('Ctrl Pts',(1.9085993149858,18.5590314744698,0.0275831434430271));
#3270=CARTESIAN_POINT('Ctrl Pts',(1.4353803518224,18.4772833761666,0.00698582705190715));
#3271=CARTESIAN_POINT('Ctrl Pts',(6.12943676736541,21.225121323851,1.09421908233819));
#3272=CARTESIAN_POINT('Ctrl Pts',(6.01271550864837,20.9385718766375,1.15611346152572));
#3273=CARTESIAN_POINT('Ctrl Pts',(5.63255676922824,20.2273054847645,1.31340651016712));
#3274=CARTESIAN_POINT('Ctrl Pts',(4.81187264211155,19.4008432236665,1.49430632613235));
#3275=CARTESIAN_POINT('Ctrl Pts',(3.45643853449048,18.6972763110498,1.59403401100883));
#3276=CARTESIAN_POINT('Ctrl Pts',(2.3067480842501,18.4246607770265,1.60551177044852));
#3277=CARTESIAN_POINT('Ctrl Pts',(1.70152816957277,18.3410745551208,1.61877405665762));
#3278=CARTESIAN_POINT('Ctrl Pts',(7.03024996527453,21.4647647046116,1.23629369483723));
#3279=CARTESIAN_POINT('Ctrl Pts',(7.02099222890675,21.1500968846764,1.35324012705098));
#3280=CARTESIAN_POINT('Ctrl Pts',(6.89240916333869,20.2740454528556,1.70470901325832));
#3281=CARTESIAN_POINT('Ctrl Pts',(6.12745440931111,19.0479971926817,2.28829235291338));
#3282=CARTESIAN_POINT('Ctrl Pts',(4.40798271044392,17.9953522859741,2.85849199655206));
#3283=CARTESIAN_POINT('Ctrl Pts',(2.88417297597184,17.6235304264185,3.07490657533244));
#3284=CARTESIAN_POINT('Ctrl Pts',(2.08865701181929,17.5141484989296,3.14006842994211));
#3285=CARTESIAN_POINT('Ctrl Pts',(7.93172573605483,21.631989906737,1.17625985343066));
#3286=CARTESIAN_POINT('Ctrl Pts',(8.03033701591145,21.2697574021218,1.30630130925182));
#3287=CARTESIAN_POINT('Ctrl Pts',(8.15495062454452,20.1657867640747,1.73711818458404));
#3288=CARTESIAN_POINT('Ctrl Pts',(7.44918334316134,18.4293835264,2.61284538897751));
#3289=CARTESIAN_POINT('Ctrl Pts',(5.36594156355361,16.9186307538303,3.59715795923758));
#3290=CARTESIAN_POINT('Ctrl Pts',(3.46594090440979,16.3966756926907,3.99369867598121));
#3291=CARTESIAN_POINT('Ctrl Pts',(2.47862674131882,16.2488582929417,4.10661543119182));
#3292=CARTESIAN_POINT('',(5.32143081054972,20.9375730152192,0.764568904729932));
#3293=CARTESIAN_POINT('Ctrl Pts',(5.32143081054972,20.9375730152192,0.764568904729933));
#3294=CARTESIAN_POINT('Ctrl Pts',(5.12744464861168,20.6618103877608,0.738057780005581));
#3295=CARTESIAN_POINT('Ctrl Pts',(4.95029216573465,20.4553887833849,0.700341623606358));
#3296=CARTESIAN_POINT('Ctrl Pts',(4.78067109381608,20.2756941122203,0.66103166364437));
#3297=CARTESIAN_POINT('Ctrl Pts',(4.44142894997894,19.9163047698911,0.582411743720392));
#3298=CARTESIAN_POINT('Ctrl Pts',(4.13231244997564,19.6638231604066,0.497416609545353));
#3299=CARTESIAN_POINT('Ctrl Pts',(3.804783345552,19.4405144826596,0.412102441945144));
#3300=CARTESIAN_POINT('Ctrl Pts',(3.57933782907927,19.2868061877094,0.353378816113736));
#3301=CARTESIAN_POINT('Ctrl Pts',(3.34516865457437,19.1469196571585,0.294504036298977));
#3302=CARTESIAN_POINT('Ctrl Pts',(3.09320666296771,19.0209916101062,0.239114631463298));
#3303=CARTESIAN_POINT('Origin',(7.93172573605483,19.6046733008515,-4.47086219054014));
#3304=CARTESIAN_POINT('Ctrl Pts',(7.93172573605483,21.631989906737,1.17625985343066));
#3305=CARTESIAN_POINT('Ctrl Pts',(7.3531572470163,23.7572671892195,0.413285387261998));
#3306=CARTESIAN_POINT('Ctrl Pts',(6.89127770503933,26.0626051419179,0.0046476735410297));
#3307=CARTESIAN_POINT('Ctrl Pts',(6.42130653181339,28.3540277731975,3.21267924308541E-5));
#3308=CARTESIAN_POINT('Ctrl Pts',(6.41766386218934,28.3718697405744,-2.22153856803563E-15));
#3309=CARTESIAN_POINT('Ctrl Pts',(6.41401428673392,28.3897119263553,-2.22044604925031E-15));
#3310=CARTESIAN_POINT('Ctrl Pts',(7.03024996527453,21.4647647046116,1.23629369483723));
#3311=CARTESIAN_POINT('Ctrl Pts',(6.78683511411506,23.6730877633471,0.420951171064774));
#3312=CARTESIAN_POINT('Ctrl Pts',(6.60408532443254,26.0166622712803,0.00577565252184619));
#3313=CARTESIAN_POINT('Ctrl Pts',(6.41691520583997,28.3533409447317,2.81470999688087E-5));
#3314=CARTESIAN_POINT('Ctrl Pts',(6.4154665430957,28.371524005001,-2.22153856803563E-15));
#3315=CARTESIAN_POINT('Ctrl Pts',(6.41401428673392,28.3897119263553,-2.22044604925031E-15));
#3316=CARTESIAN_POINT('Ctrl Pts',(6.12943676736541,21.225121323851,1.09421908233819));
#3317=CARTESIAN_POINT('Ctrl Pts',(6.21975472827272,23.5952245956146,0.374724178734818));
#3318=CARTESIAN_POINT('Ctrl Pts',(6.31698261897712,25.9698370174909,0.00499263082575296));
#3319=CARTESIAN_POINT('Ctrl Pts',(6.41252338416302,28.3526589418416,2.57175207809315E-5));
#3320=CARTESIAN_POINT('Ctrl Pts',(6.41326922400205,28.3711782694276,-2.22153856803563E-15));
#3321=CARTESIAN_POINT('Ctrl Pts',(6.41401428673392,28.3897119263553,-2.22044604925031E-15));
#3322=CARTESIAN_POINT('Ctrl Pts',(5.32143081054972,20.9375730152192,0.764568904729931));
#3323=CARTESIAN_POINT('Ctrl Pts',(5.6421448972848,23.5135984096511,0.268635501720298));
#3324=CARTESIAN_POINT('Ctrl Pts',(6.0313537585877,25.9235381519861,0.00302098780376399));
#3325=CARTESIAN_POINT('Ctrl Pts',(6.40812349973863,28.3519740433475,2.08824149968789E-5));
#3326=CARTESIAN_POINT('Ctrl Pts',(6.41107190490841,28.3708325338541,-2.22153856803563E-15));
#3327=CARTESIAN_POINT('Ctrl Pts',(6.41401428673392,28.3897119263553,-2.22044604925031E-15));
#3328=CARTESIAN_POINT('Ctrl Pts',(5.32143081054972,20.9375730152192,0.764568904729931));
#3329=CARTESIAN_POINT('Ctrl Pts',(5.6421448972848,23.5135984096511,0.268635501720298));
#3330=CARTESIAN_POINT('Ctrl Pts',(6.0313537585877,25.9235381519861,0.00302098780376399));
#3331=CARTESIAN_POINT('Ctrl Pts',(6.40812349973863,28.3519740433475,2.08824149968789E-5));
#3332=CARTESIAN_POINT('Ctrl Pts',(6.41107190490841,28.3708325338541,-2.22153856803563E-15));
#3333=CARTESIAN_POINT('Ctrl Pts',(6.41401428673392,28.3897119263553,-2.22044604925031E-15));
#3334=CARTESIAN_POINT('Ctrl Pts',(6.41401428673392,28.3897119263553,-2.22044604925031E-15));
#3335=CARTESIAN_POINT('Ctrl Pts',(6.41302529431721,28.3833661911106,-2.22156335783574E-15));
#3336=CARTESIAN_POINT('Ctrl Pts',(6.41203626867306,28.3770179202564,4.27726546841825E-6));
#3337=CARTESIAN_POINT('Ctrl Pts',(6.05326834703984,26.0762325757972,-3.4678686663462E-5));
#3338=CARTESIAN_POINT('Ctrl Pts',(5.57589426824044,23.0006008593658,0.324422301678461));
#3339=CARTESIAN_POINT('Ctrl Pts',(5.29782418504027,19.5747646660037,1.11955690470125));
#3340=CARTESIAN_POINT('Ctrl Pts',(5.26611564394236,18.316661505864,1.49060633133785));
#3341=CARTESIAN_POINT('Ctrl Pts',(5.2731366684925,17.7199054718383,1.68652681168369));
#3342=CARTESIAN_POINT('Ctrl Pts',(6.41401428673392,28.3897119263553,-2.22044604925031E-15));
#3343=CARTESIAN_POINT('Ctrl Pts',(6.41229151118924,28.3838840772701,3.80837196129239E-5));
#3344=CARTESIAN_POINT('Ctrl Pts',(6.41055391434329,28.3779514596721,-3.50414056473825E-5));
#3345=CARTESIAN_POINT('Ctrl Pts',(5.78485464348146,26.2548518270884,0.00289036535478353));
#3346=CARTESIAN_POINT('Ctrl Pts',(4.94755851091644,23.4024635224469,0.104582619628865));
#3347=CARTESIAN_POINT('Ctrl Pts',(4.36522922746306,20.0052078598289,0.395357317264933));
#3348=CARTESIAN_POINT('Ctrl Pts',(4.25133915703419,18.7104892399402,0.539836105708919));
#3349=CARTESIAN_POINT('Ctrl Pts',(4.22938628618548,18.0828530214554,0.618073003737973));
#3350=CARTESIAN_POINT('Ctrl Pts',(6.41401428673392,28.3897119263553,-2.22044604925031E-15));
#3351=CARTESIAN_POINT('Ctrl Pts',(6.41153511970334,28.3843409027722,-2.22426755267786E-15));
#3352=CARTESIAN_POINT('Ctrl Pts',(6.40909309782839,28.3789436020833,1.57713910518996E-15));
#3353=CARTESIAN_POINT('Ctrl Pts',(5.51405322002653,26.430208359261,-1.14242030255893E-13));
#3354=CARTESIAN_POINT('Ctrl Pts',(4.31745981949999,23.8148868779787,2.37960428349739E-14));
#3355=CARTESIAN_POINT('Ctrl Pts',(3.23178566720119,20.5331560088021,-1.64679482756841E-14));
#3356=CARTESIAN_POINT('Ctrl Pts',(2.91106339950575,19.2319853388496,-7.36865592832095E-16));
#3357=CARTESIAN_POINT('Ctrl Pts',(2.78574759814188,18.5848553519359,-7.11061054963688E-17));
#3358=CARTESIAN_POINT('Ctrl Pts',(6.41401428673392,28.3897119263553,-2.22044604925031E-15));
#3359=CARTESIAN_POINT('Ctrl Pts',(6.41080960780123,28.3848166984194,-2.22146724291737E-15));
#3360=CARTESIAN_POINT('Ctrl Pts',(6.40760270364974,28.3799185593737,1.57419386824284E-15));
#3361=CARTESIAN_POINT('Ctrl Pts',(5.24616725106004,26.6055405840344,-1.14180727890173E-13));
#3362=CARTESIAN_POINT('Ctrl Pts',(3.68740757210102,24.2274079007591,2.37389805705402E-14));
#3363=CARTESIAN_POINT('Ctrl Pts',(2.09636287181896,21.0620556762155,-1.6587200920959E-14));
#3364=CARTESIAN_POINT('Ctrl Pts',(1.56560201457886,19.7560292640195,9.86443391216707E-17));
#3365=CARTESIAN_POINT('Ctrl Pts',(1.33390078689821,19.0897119263552,0.));
#3366=CARTESIAN_POINT('Ctrl Pts',(5.32143081054972,35.8418508374913,0.764568904729931));
#3367=CARTESIAN_POINT('Ctrl Pts',(5.64214489728481,33.2658254430593,0.268635501720299));
#3368=CARTESIAN_POINT('Ctrl Pts',(6.03130196261881,30.8557032531002,0.00306341811253871));
#3369=CARTESIAN_POINT('Ctrl Pts',(6.40812377495075,28.427450779038,2.0657211148941E-5));
#3370=CARTESIAN_POINT('Ctrl Pts',(6.41107190491139,28.4085913188753,-2.21862762161426E-15));
#3371=CARTESIAN_POINT('Ctrl Pts',(6.41401428673392,28.3897119263553,-2.22044604925031E-15));
#3372=CARTESIAN_POINT('Ctrl Pts',(6.12943676736541,35.5543025288595,1.09421908233819));
#3373=CARTESIAN_POINT('Ctrl Pts',(6.21975472827273,33.1841992570959,0.374724178734817));
#3374=CARTESIAN_POINT('Ctrl Pts',(6.31698005956547,30.8094651693295,0.00500530771259966));
#3375=CARTESIAN_POINT('Ctrl Pts',(6.41252339775184,28.4267655575865,2.56504967286749E-5));
#3376=CARTESIAN_POINT('Ctrl Pts',(6.41326922400503,28.4082455833019,-2.21903420732263E-15));
#3377=CARTESIAN_POINT('Ctrl Pts',(6.41401428673392,28.3897119263553,-2.22044604925031E-15));
#3378=CARTESIAN_POINT('Ctrl Pts',(7.03024996527453,35.3146591480989,1.23629369483723));
#3379=CARTESIAN_POINT('Ctrl Pts',(6.78683511411506,33.1063360893634,0.420951171064769));
#3380=CARTESIAN_POINT('Ctrl Pts',(6.60405750308677,30.7627223747341,0.00578488861603181));
#3381=CARTESIAN_POINT('Ctrl Pts',(6.41691535366662,28.4260831165087,2.80983708202176E-5));
#3382=CARTESIAN_POINT('Ctrl Pts',(6.41546654309868,28.4078998477284,-2.219440793031E-15));
#3383=CARTESIAN_POINT('Ctrl Pts',(6.41401428673392,28.3897119263553,-2.22044604925031E-15));
#3384=CARTESIAN_POINT('Ctrl Pts',(7.93172573605483,35.1474339459735,1.17625985343066));
#3385=CARTESIAN_POINT('Ctrl Pts',(7.35315724701629,33.0221566634911,0.413285387261996));
#3386=CARTESIAN_POINT('Ctrl Pts',(6.89121839022466,30.7168154963082,0.0047129509312369));
#3387=CARTESIAN_POINT('Ctrl Pts',(6.42130684699737,28.4253960967655,3.17803252909214E-5));
#3388=CARTESIAN_POINT('Ctrl Pts',(6.41766386219232,28.407554112155,-2.21984737873937E-15));
#3389=CARTESIAN_POINT('Ctrl Pts',(6.41401428673392,28.3897119263553,-2.22044604925031E-15));
#3390=CARTESIAN_POINT('Ctrl Pts',(6.41401428673392,28.3897119263553,-2.22044604925031E-15));
#3391=CARTESIAN_POINT('Ctrl Pts',(6.41107190491139,28.4085913188753,-2.21862762161426E-15));
#3392=CARTESIAN_POINT('Ctrl Pts',(6.40812377495075,28.427450779038,2.0657211148941E-5));
#3393=CARTESIAN_POINT('Ctrl Pts',(6.03130196261881,30.8557032531002,0.00306341811253871));
#3394=CARTESIAN_POINT('Ctrl Pts',(5.64214489728481,33.2658254430593,0.268635501720299));
#3395=CARTESIAN_POINT('Ctrl Pts',(5.32143081054972,35.8418508374913,0.764568904729931));
#3396=CARTESIAN_POINT('Ctrl Pts',(5.2731366684925,39.0595183808722,1.68652681168369));
#3397=CARTESIAN_POINT('Ctrl Pts',(5.2380315457418,36.0757382107438,0.706924409954538));
#3398=CARTESIAN_POINT('Ctrl Pts',(5.81137985648085,32.235853238809,-0.00459774896854205));
#3399=CARTESIAN_POINT('Ctrl Pts',(6.41204018606836,28.4024024097646,9.55549277968499E-6));
#3400=CARTESIAN_POINT('Ctrl Pts',(6.41302529431721,28.3960576615999,-2.21983483994749E-15));
#3401=CARTESIAN_POINT('Ctrl Pts',(6.41401428673392,28.3897119263553,-2.22044604925031E-15));
#3402=CARTESIAN_POINT('Ctrl Pts',(4.22938628618548,38.6965708312551,0.618073003737975));
#3403=CARTESIAN_POINT('Ctrl Pts',(4.33493653118406,35.5600656419501,0.231064505221298));
#3404=CARTESIAN_POINT('Ctrl Pts',(5.36440114958055,31.9332128257962,-0.00048639482408625));
#3405=CARTESIAN_POINT('Ctrl Pts',(6.41056240278073,28.4014466262365,1.98015268353833E-6));
#3406=CARTESIAN_POINT('Ctrl Pts',(6.41228673214522,28.3955741591636,-2.21969817849274E-15));
#3407=CARTESIAN_POINT('Ctrl Pts',(6.41401428673392,28.3897119263553,-2.22044604925031E-15));
#3408=CARTESIAN_POINT('Ctrl Pts',(2.78574759814188,38.1945685007746,1.11022302462516E-15));
#3409=CARTESIAN_POINT('Ctrl Pts',(3.41039010512878,34.9588631571262,0.00703726944542497));
#3410=CARTESIAN_POINT('Ctrl Pts',(4.92107342832203,31.6422941399609,8.27831949581539E-5));
#3411=CARTESIAN_POINT('Ctrl Pts',(6.40908037961588,28.4004772205988,-8.58132131798238E-8));
#3412=CARTESIAN_POINT('Ctrl Pts',(6.41154816997322,28.3950906567274,-2.219561517038E-15));
#3413=CARTESIAN_POINT('Ctrl Pts',(6.41401428673392,28.3897119263553,-2.22044604925031E-15));
#3414=CARTESIAN_POINT('Ctrl Pts',(1.33390078689821,37.6897119263553,1.11022302462516E-15));
#3415=CARTESIAN_POINT('Ctrl Pts',(2.49240692530145,34.358125238034,1.69773722958078E-15));
#3416=CARTESIAN_POINT('Ctrl Pts',(4.47705263063594,31.3514588105797,-1.68257155680033E-13));
#3417=CARTESIAN_POINT('Ctrl Pts',(6.40759916392883,28.3995077185254,1.56262159763651E-15));
#3418=CARTESIAN_POINT('Ctrl Pts',(6.41080960780123,28.3946071542911,-2.21942485558325E-15));
#3419=CARTESIAN_POINT('Ctrl Pts',(6.41401428673392,28.3897119263553,-2.22044604925031E-15));
#3420=CARTESIAN_POINT('Origin',(12.4140142867339,28.3897119263553,20.));
#3421=CARTESIAN_POINT('Origin',(-55.0859857132661,28.3893232184587,7.));
#3422=CARTESIAN_POINT('',(-54.0482357132661,28.3893232184587,7.));
#3423=CARTESIAN_POINT('Origin',(-55.0859857132661,28.3893232184587,7.));
#3424=CARTESIAN_POINT('',(-54.0482357132661,28.3893232184587,7.));
#3425=CARTESIAN_POINT('Origin',(-26.0859857132661,28.3893232184587,7.));
#3426=CARTESIAN_POINT('',(-25.0482357132661,28.3893232184587,7.));
#3427=CARTESIAN_POINT('Origin',(-26.0859857132661,28.3893232184587,7.));
#3428=CARTESIAN_POINT('',(-25.0482357132661,28.3893232184587,7.));
#3429=CARTESIAN_POINT('Origin',(-52.5859857132661,22.1393232184587,5.));
#3430=CARTESIAN_POINT('',(-52.5859857132661,34.6393232184587,6.));
#3431=CARTESIAN_POINT('',(-52.5859857132661,22.1393232184587,6.));
#3432=CARTESIAN_POINT('',(-52.5859857132661,34.6393232184587,6.));
#3433=CARTESIAN_POINT('',(-52.5859857132661,34.6393232184587,7.));
#3434=CARTESIAN_POINT('',(-52.5859857132661,34.6393232184587,5.));
#3435=CARTESIAN_POINT('',(-52.5859857132661,22.1393232184587,7.));
#3436=CARTESIAN_POINT('',(-52.5859857132661,34.6393232184587,7.));
#3437=CARTESIAN_POINT('',(-52.5859857132661,22.1393232184587,5.));
#3438=CARTESIAN_POINT('Origin',(-57.5859857132661,34.6393232184587,5.));
#3439=CARTESIAN_POINT('',(-57.5859857132661,22.1393232184587,7.));
#3440=CARTESIAN_POINT('',(-57.5859857132661,22.1393232184587,5.));
#3441=CARTESIAN_POINT('',(-57.5859857132661,34.6393232184587,7.));
#3442=CARTESIAN_POINT('',(-57.5859857132661,22.1393232184587,7.));
#3443=CARTESIAN_POINT('',(-57.5859857132661,34.6393232184587,5.));
#3444=CARTESIAN_POINT('Origin',(-55.0859857132661,28.3893232184587,7.));
#3445=CARTESIAN_POINT('',(-57.5859857132661,34.6393232184587,7.));
#3446=CARTESIAN_POINT('',(-23.5859857132661,22.1393232184587,7.));
#3447=CARTESIAN_POINT('Origin',(-23.5859857132661,22.1393232184587,5.));
#3448=CARTESIAN_POINT('',(-23.5859857132661,34.6393232184587,7.));
#3449=CARTESIAN_POINT('',(-23.5859857132661,34.6393232184587,5.));
#3450=CARTESIAN_POINT('',(-23.5859857132661,22.1393232184587,7.));
#3451=CARTESIAN_POINT('',(-23.5859857132661,34.6393232184587,7.));
#3452=CARTESIAN_POINT('',(-23.5859857132661,22.1393232184587,5.));
#3453=CARTESIAN_POINT('Origin',(-28.5859857132661,34.6393232184587,5.));
#3454=CARTESIAN_POINT('',(-28.5859857132661,22.1393232184587,6.));
#3455=CARTESIAN_POINT('',(-28.5859857132661,28.3893232184587,6.));
#3456=CARTESIAN_POINT('',(-28.5859857132661,34.6393232184587,6.));
#3457=CARTESIAN_POINT('',(-28.5859857132661,22.1393232184587,7.));
#3458=CARTESIAN_POINT('',(-28.5859857132661,22.1393232184587,5.));
#3459=CARTESIAN_POINT('',(-28.5859857132661,34.6393232184587,7.));
#3460=CARTESIAN_POINT('',(-28.5859857132661,34.6393232184587,7.));
#3461=CARTESIAN_POINT('',(-28.5859857132661,34.6393232184587,6.));
#3462=CARTESIAN_POINT('',(-28.5859857132661,34.6393232184587,5.));
#3463=CARTESIAN_POINT('',(-28.5859857132661,34.6393232184587,6.));
#3464=CARTESIAN_POINT('Origin',(-26.0859857132661,28.3893232184587,7.));
#3465=CARTESIAN_POINT('',(-57.5859857132661,34.6393232184587,7.));
#3466=CARTESIAN_POINT('',(-23.5859857132661,22.1393232184587,7.));
#3467=CARTESIAN_POINT('Origin',(-52.5859857132661,22.1393232184587,5.));
#3468=CARTESIAN_POINT('',(-23.5859857132661,22.1393232184587,6.));
#3469=CARTESIAN_POINT('Origin',(-28.5859857132661,34.6393232184587,5.));
#3470=CARTESIAN_POINT('',(-57.5859857132661,34.6393232184587,6.));
#3471=CARTESIAN_POINT('Origin',(-34.5859857132661,28.3893232184587,5.));
#3472=CARTESIAN_POINT('',(-40.0234857132661,25.8528702324958,6.));
#3473=CARTESIAN_POINT('',(-40.0234857132661,25.8528702324958,5.));
#3474=CARTESIAN_POINT('Origin',(-34.5859857132661,28.3893232184587,6.));
#3475=CARTESIAN_POINT('',(-40.0234857132661,30.9257762044215,6.));
#3476=CARTESIAN_POINT('Origin',(-34.5859857132661,28.3893232184587,6.));
#3477=CARTESIAN_POINT('',(-40.0234857132661,30.9257762044215,5.));
#3478=CARTESIAN_POINT('Origin',(-41.0859857132661,28.3893232184587,5.));
#3479=CARTESIAN_POINT('Origin',(-41.0859857132661,28.3893232184587,6.));
#3480=CARTESIAN_POINT('Origin',(-40.5859857132661,28.3893232184587,6.));
#3481=CARTESIAN_POINT('Origin',(-61.5759857132661,28.3897119263552,5.));
#3482=CARTESIAN_POINT('',(-59.8259857132661,28.3897119263552,5.));
#3483=CARTESIAN_POINT('Origin',(-56.572687692943,8.38326471339949,5.));
#3484=CARTESIAN_POINT('',(-54.822687692943,8.38326471339949,5.));
#3485=CARTESIAN_POINT('Origin',(-40.5726877638093,8.38477060865091,5.));
#3486=CARTESIAN_POINT('',(-38.8226877638093,8.38477060865091,5.));
#3487=UNCERTAINTY_MEASURE_WITH_UNIT(LENGTH_MEASURE(0.01),#3491,
'DISTANCE_ACCURACY_VALUE',
'Maximum model space distance between geometric entities at asserted c
onnectivities');
#3488=UNCERTAINTY_MEASURE_WITH_UNIT(LENGTH_MEASURE(0.01),#3491,
'DISTANCE_ACCURACY_VALUE',
'Maximum model space distance between geometric entities at asserted c
onnectivities');
#3489=(
GEOMETRIC_REPRESENTATION_CONTEXT(3)
GLOBAL_UNCERTAINTY_ASSIGNED_CONTEXT((#3487))
GLOBAL_UNIT_ASSIGNED_CONTEXT((#3491,#3493,#3494))
REPRESENTATION_CONTEXT('','3D')
);
#3490=(
GEOMETRIC_REPRESENTATION_CONTEXT(3)
GLOBAL_UNCERTAINTY_ASSIGNED_CONTEXT((#3488))
GLOBAL_UNIT_ASSIGNED_CONTEXT((#3491,#3493,#3494))
REPRESENTATION_CONTEXT('','3D')
);
#3491=(
LENGTH_UNIT()
NAMED_UNIT(*)
SI_UNIT(.MILLI.,.METRE.)
);
#3492=(
LENGTH_UNIT()
NAMED_UNIT(*)
SI_UNIT($,.METRE.)
);
#3493=(
NAMED_UNIT(*)
PLANE_ANGLE_UNIT()
SI_UNIT($,.RADIAN.)
);
#3494=(
NAMED_UNIT(*)
SI_UNIT($,.STERADIAN.)
SOLID_ANGLE_UNIT()
);
#3495=SHAPE_DEFINITION_REPRESENTATION(#3496,#3497);
#3496=PRODUCT_DEFINITION_SHAPE('',$,#3499);
#3497=SHAPE_REPRESENTATION('',(#1752),#3489);
#3498=PRODUCT_DEFINITION_CONTEXT('part definition',#3503,'design');
#3499=PRODUCT_DEFINITION('2026-08-20-15-56-53-692','Gripper Base',#3500,
#3498);
#3500=PRODUCT_DEFINITION_FORMATION('',$,#3505);
#3501=PRODUCT_RELATED_PRODUCT_CATEGORY('Gripper Base','Gripper Base',(#3505));
#3502=APPLICATION_PROTOCOL_DEFINITION('international standard',
'automotive_design',2009,#3503);
#3503=APPLICATION_CONTEXT(
'Core Data for Automotive Mechanical Design Process');
#3504=PRODUCT_CONTEXT('part definition',#3503,'mechanical');
#3505=PRODUCT('2026-08-20-15-56-53-692','Gripper Base',$,(#3504));
#3506=PRESENTATION_STYLE_ASSIGNMENT((#3507));
#3507=SURFACE_STYLE_USAGE(.BOTH.,#3508);
#3508=SURFACE_SIDE_STYLE('',(#3509));
#3509=SURFACE_STYLE_FILL_AREA(#3510);
#3510=FILL_AREA_STYLE('Steel - Satin',(#3511));
#3511=FILL_AREA_STYLE_COLOUR('Steel - Satin',#3512);
#3512=COLOUR_RGB('Steel - Satin',0.627450980392157,0.627450980392157,0.627450980392157);
ENDSEC;
END-ISO-10303-21;
