ISO-10303-21;
HEADER;
/* Generated by software containing ST-Developer
 * from STEP Tools, Inc. (www.steptools.com) 
 */

FILE_DESCRIPTION(
/* description */ (''),
/* implementation_level */ '2;1');

FILE_NAME(
/* name */ 'link_4.step',
/* time_stamp */ '2026-09-21T22:47:17+05:30',
/* author */ (''),
/* organization */ (''),
/* preprocessor_version */ 'ST-DEVELOPER v20.2',
/* originating_system */ 'Autodesk Translation Framework v15.15.0.0',
/* authorisation */ '');

FILE_SCHEMA (('AUTOMOTIVE_DESIGN { 1 0 10303 214 3 1 1 }'));
ENDSEC;

DATA;
#10=MECHANICAL_DESIGN_GEOMETRIC_PRESENTATION_REPRESENTATION('',(#13),#2288);
#11=SHAPE_REPRESENTATION_RELATIONSHIP('SRR','None',#2295,#12);
#12=ADVANCED_BREP_SHAPE_REPRESENTATION('',(#14),#2287);
#13=STYLED_ITEM('',(#2305),#14);
#14=MANIFOLD_SOLID_BREP('Body1',#1130);
#15=B_SPLINE_CURVE_WITH_KNOTS('',3,(#1872,#1873,#1874,#1875,#1876,#1877),
 .UNSPECIFIED.,.F.,.F.,(4,2,4),(0.0013271986040276,0.00891851465604133,
0.0175510994552021),.UNSPECIFIED.);
#16=B_SPLINE_CURVE_WITH_KNOTS('',3,(#1879,#1880,#1881,#1882),
 .UNSPECIFIED.,.F.,.F.,(4,4),(0.,0.00131766744878408),.UNSPECIFIED.);
#17=B_SPLINE_CURVE_WITH_KNOTS('',3,(#1909,#1910,#1911,#1912),
 .UNSPECIFIED.,.F.,.F.,(4,4),(-0.000781603370257887,0.),.UNSPECIFIED.);
#18=B_SPLINE_CURVE_WITH_KNOTS('',3,(#1913,#1914,#1915,#1916,#1917,#1918),
 .UNSPECIFIED.,.F.,.F.,(4,2,4),(-0.0167666820862654,-0.00877388821793796,
0.),.UNSPECIFIED.);
#19=B_SPLINE_CURVE_WITH_KNOTS('',3,(#1956,#1957,#1958,#1959),
 .UNSPECIFIED.,.F.,.F.,(4,4),(0.,0.000235045518855926),.UNSPECIFIED.);
#20=B_SPLINE_CURVE_WITH_KNOTS('',3,(#1961,#1962,#1963,#1964,#1965,#1966,
#1967,#1968,#1969,#1970,#1971,#1972),.UNSPECIFIED.,.F.,.F.,(4,2,2,2,2,4),
(-0.0690746815087152,-0.0533088256521117,-0.0345940978961069,-0.0206810167033775,
-0.0120032634301631,-0.0002347584574207),.UNSPECIFIED.);
#21=B_SPLINE_CURVE_WITH_KNOTS('',3,(#1974,#1975,#1976,#1977,#1978,#1979,
#1980,#1981,#1982,#1983,#1984,#1985,#1986,#1987,#1988,#1989,#1990,#1991,
#1992),.UNSPECIFIED.,.F.,.F.,(4,3,3,3,3,3,4),(0.,4.60748245348776E-5,9.37943564287399E-5,
0.000143973702498377,0.000155270564924449,0.000206821608361916,0.00023330521266559),
 .UNSPECIFIED.);
#22=B_SPLINE_CURVE_WITH_KNOTS('',3,(#1995,#1996,#1997,#1998,#1999,#2000,
#2001,#2002,#2003,#2004,#2005,#2006,#2007),.UNSPECIFIED.,.F.,.F.,(4,3,3,
3,4),(3.85267952410298E-9,5.77084211206259E-5,8.87831812269382E-5,0.000163361567461296,
0.000213538670614399),.UNSPECIFIED.);
#23=B_SPLINE_CURVE_WITH_KNOTS('',3,(#2025,#2026,#2027,#2028,#2029,#2030,
#2031,#2032,#2033,#2034,#2035,#2036),.UNSPECIFIED.,.F.,.F.,(4,2,2,2,2,4),
(-0.0686885852485601,-0.057158124572595,-0.0485070205111556,-0.0345942809212106,
-0.0158739797183698,0.),.UNSPECIFIED.);
#24=B_SPLINE_CURVE_WITH_KNOTS('',3,(#2054,#2055,#2056,#2057),
 .UNSPECIFIED.,.F.,.F.,(4,4),(0.,0.000451837141427593),.UNSPECIFIED.);
#25=B_SPLINE_CURVE_WITH_KNOTS('',3,(#2059,#2060,#2061,#2062,#2063,#2064,
#2065,#2066,#2067,#2068,#2069,#2070,#2071,#2072,#2073,#2074,#2075,#2076,
#2077),.UNSPECIFIED.,.F.,.F.,(4,3,3,3,3,3,4),(0.,5.82328707938501E-5,9.281709952182E-5,
0.000121535945867482,0.000123503913529965,0.000176425420477218,0.000211359783138025),
 .UNSPECIFIED.);
#26=B_SPLINE_CURVE_WITH_KNOTS('',3,(#2080,#2081,#2082,#2083,#2084,#2085,
#2086,#2087,#2088,#2089,#2090,#2091,#2092,#2093,#2094,#2095,#2096,#2097,
#2098),.UNSPECIFIED.,.F.,.F.,(4,3,3,3,3,3,4),(1.12864861280682E-8,5.21664872283707E-5,
7.88656546160643E-5,0.000129682703541083,0.000178717415139111,0.00022537772160396,
0.000236425891670469),.UNSPECIFIED.);
#27=CONICAL_SURFACE('',#1174,10.6437039865158,0.95993108859688);
#28=CONICAL_SURFACE('',#1177,10.6437039865158,0.959931088596878);
#29=(
BOUNDED_SURFACE()
B_SPLINE_SURFACE(3,2,((#1694,#1695,#1696),(#1697,#1698,#1699),(#1700,#1701,
#1702),(#1703,#1704,#1705),(#1706,#1707,#1708),(#1709,#1710,#1711),(#1712,
#1713,#1714),(#1715,#1716,#1717),(#1718,#1719,#1720)),.UNSPECIFIED.,.F.,
 .F.,.F.)
B_SPLINE_SURFACE_WITH_KNOTS((4,1,1,1,1,1,4),(3,3),(1.5707963267949,1.96349540849362,
2.35619449019234,2.55254403104171,2.74889357189107,2.94524311274043,3.14189031097476),
(-0.000297657384968882,1.),.UNSPECIFIED.)
GEOMETRIC_REPRESENTATION_ITEM()
RATIONAL_B_SPLINE_SURFACE(((1.,1.,1.),(1.00000000000007,0.999999999884265,
1.),(1.00001577232263,0.97350591078133,1.),(1.00006770793455,0.8862653205181,
1.),(1.00011431364189,0.807977816680589,1.),(1.00014615522883,0.754490840455458,
1.),(1.00016889290102,0.716296471131863,1.),(1.00017442394341,0.707005516708124,
1.),(1.00017441554073,0.707019631401736,1.)))
REPRESENTATION_ITEM('')
SURFACE()
);
#30=(
BOUNDED_SURFACE()
B_SPLINE_SURFACE(3,2,((#1726,#1727,#1728),(#1729,#1730,#1731),(#1732,#1733,
#1734),(#1735,#1736,#1737),(#1738,#1739,#1740),(#1741,#1742,#1743),(#1744,
#1745,#1746),(#1747,#1748,#1749),(#1750,#1751,#1752)),.UNSPECIFIED.,.F.,
 .F.,.F.)
B_SPLINE_SURFACE_WITH_KNOTS((4,1,1,1,1,1,4),(3,3),(1.5707963267949,1.96349540849362,
2.35619449019234,2.55254403104171,2.74889357189107,2.94524311274043,3.14159265358979),
(0.,1.),.UNSPECIFIED.)
GEOMETRIC_REPRESENTATION_ITEM()
RATIONAL_B_SPLINE_SURFACE(((1.,1.,1.),(1.,0.999999999884295,1.),(1.,0.973513794595975,
1.),(1.,0.886299164411485,1.),(1.,0.808034956493448,1.),(1.,0.754563896324256,
1.),(1.,0.716400177301155,1.),(1.,0.707106781834434,1.),(1.,0.707106781186546,
1.)))
REPRESENTATION_ITEM('')
SURFACE()
);
#31=(
BOUNDED_SURFACE()
B_SPLINE_SURFACE(3,2,((#1774,#1775,#1776),(#1777,#1778,#1779),(#1780,#1781,
#1782),(#1783,#1784,#1785),(#1786,#1787,#1788),(#1789,#1790,#1791),(#1792,
#1793,#1794),(#1795,#1796,#1797),(#1798,#1799,#1800),(#1801,#1802,#1803),
(#1804,#1805,#1806),(#1807,#1808,#1809),(#1810,#1811,#1812),(#1813,#1814,
#1815),(#1816,#1817,#1818),(#1819,#1820,#1821),(#1822,#1823,#1824),(#1825,
#1826,#1827),(#1828,#1829,#1830)),.UNSPECIFIED.,.F.,.F.,.F.)
B_SPLINE_SURFACE_WITH_KNOTS((4,1,1,1,1,1,1,1,1,1,1,1,1,1,1,1,4),(3,3),(4.7065458730597,
4.90873852123405,5.10508806208341,5.30143760293278,5.49778714378214,5.6941366846315,
5.89048622548086,6.08683576633022,6.28318530717959,6.47953484802895,6.67588438887831,
6.87223392972767,7.06858347057703,7.2649330114264,7.46128255227576,7.65763209312512,
7.85982474129947),(-0.00584310732499252,1.),.UNSPECIFIED.)
GEOMETRIC_REPRESENTATION_ITEM()
RATIONAL_B_SPLINE_SURFACE(((1.00345150728311,0.704651387426666,1.),(1.00335116941214,
0.713237390163139,1.),(1.00315690982818,0.729860359172808,1.),(1.00288729019856,
0.752931955723831,1.),(1.00264823432179,0.773388184189142,1.),(1.00244378476843,
0.790883118133309,1.),(1.00227931562822,0.804956891817754,1.),(1.00215894143444,
0.815257420892418,1.),(1.00208556556904,0.821536260328803,1.),(1.00206091576979,
0.823645566034828,1.),(1.00208556556904,0.821536260328802,1.),(1.00215894143444,
0.815257420892423,1.),(1.00227931562822,0.80495689181775,1.),(1.00244378476843,
0.790883118133313,1.),(1.00264823432179,0.773388184189141,1.),(1.00288729019856,
0.752931955723835,1.),(1.00315690982818,0.729860359172809,1.),(1.00335116941214,
0.713237390163139,1.),(1.00345150728311,0.704651387426666,0.999999999999999)))
REPRESENTATION_ITEM('')
SURFACE()
);
#32=(
BOUNDED_SURFACE()
B_SPLINE_SURFACE(3,2,((#1859,#1860,#1861),(#1862,#1863,#1864),(#1865,#1866,
#1867),(#1868,#1869,#1870)),.UNSPECIFIED.,.F.,.F.,.F.)
B_SPLINE_SURFACE_WITH_KNOTS((4,4),(3,3),(0.499999999999996,0.665323724912809),
(0.,1.),.UNSPECIFIED.)
GEOMETRIC_REPRESENTATION_ITEM()
RATIONAL_B_SPLINE_SURFACE(((1.,0.707106781186548,1.),(1.,0.755874093617737,
1.),(1.,0.799315835634919,1.),(1.,0.834996713066381,1.)))
REPRESENTATION_ITEM('')
SURFACE()
);
#33=(
BOUNDED_SURFACE()
B_SPLINE_SURFACE(3,2,((#1892,#1893,#1894),(#1895,#1896,#1897),(#1898,#1899,
#1900),(#1901,#1902,#1903)),.UNSPECIFIED.,.F.,.F.,.F.)
B_SPLINE_SURFACE_WITH_KNOTS((4,4),(3,3),(1.13460944930181,1.5707963267949),
(0.,1.),.UNSPECIFIED.)
GEOMETRIC_REPRESENTATION_ITEM()
RATIONAL_B_SPLINE_SURFACE(((1.,0.835017352622731,1.),(1.,0.798175282903108,
1.),(1.,0.755107678853964,1.),(1.,0.707106781186546,1.)))
REPRESENTATION_ITEM('')
SURFACE()
);
#34=(
BOUNDED_SURFACE()
B_SPLINE_SURFACE(3,2,((#1939,#1940,#1941),(#1942,#1943,#1944),(#1945,#1946,
#1947),(#1948,#1949,#1950),(#1951,#1952,#1953)),.UNSPECIFIED.,.F.,.F.,.F.)
B_SPLINE_SURFACE_WITH_KNOTS((4,1,4),(3,3),(0.00577562470192588,0.00601782941876872,
0.00626003413561156),(0.,1.),.UNSPECIFIED.)
GEOMETRIC_REPRESENTATION_ITEM()
RATIONAL_B_SPLINE_SURFACE(((1.,0.708807883214634,1.),(1.,0.718829756278582,
1.),(1.,0.749312362864997,1.),(1.,0.788205966642049,1.),(1.,0.806667315126547,
1.)))
REPRESENTATION_ITEM('')
SURFACE()
);
#35=(
BOUNDED_SURFACE()
B_SPLINE_SURFACE(3,2,((#2038,#2039,#2040),(#2041,#2042,#2043),(#2044,#2045,
#2046),(#2047,#2048,#2049),(#2050,#2051,#2052)),.UNSPECIFIED.,.F.,.F.,.F.)
B_SPLINE_SURFACE_WITH_KNOTS((4,1,4),(3,3),(0.00575217356048061,0.00599450370181153,
0.00623683384314245),(0.,1.),.UNSPECIFIED.)
GEOMETRIC_REPRESENTATION_ITEM()
RATIONAL_B_SPLINE_SURFACE(((1.,0.708807883214637,1.),(1.,0.718870145633501,
1.),(1.,0.749352952265485,1.),(1.,0.788309166723497,1.),(1.,0.806764628357272,
1.)))
REPRESENTATION_ITEM('')
SURFACE()
);
#36=(
BOUNDED_SURFACE()
B_SPLINE_SURFACE(3,2,((#2113,#2114,#2115),(#2116,#2117,#2118),(#2119,#2120,
#2121),(#2122,#2123,#2124),(#2125,#2126,#2127),(#2128,#2129,#2130),(#2131,
#2132,#2133),(#2134,#2135,#2136),(#2137,#2138,#2139),(#2140,#2141,#2142),
(#2143,#2144,#2145),(#2146,#2147,#2148),(#2149,#2150,#2151),(#2152,#2153,
#2154),(#2155,#2156,#2157),(#2158,#2159,#2160),(#2161,#2162,#2163),(#2164,
#2165,#2166),(#2167,#2168,#2169)),.UNSPECIFIED.,.F.,.F.,.F.)
B_SPLINE_SURFACE_WITH_KNOTS((4,1,1,1,1,1,1,1,1,1,1,1,1,1,1,1,4),(3,3),(4.71238898038469,
4.90873852123405,5.10508806208341,5.30143760293278,5.49778714378214,5.6941366846315,
5.89048622548086,6.08683576633022,6.28318530717959,6.47953484802895,6.67588438887831,
6.87223392972767,7.06858347057703,7.2649330114264,7.46128255227576,7.65763209312512,
7.85398163397448),(0.,1.),.UNSPECIFIED.)
GEOMETRIC_REPRESENTATION_ITEM()
RATIONAL_B_SPLINE_SURFACE(((1.,0.707106781186548,1.),(1.,0.698825976641202,
1.),(1.,0.681970173650284,1.),(1.,0.656728320460564,1.),(1.,0.632560003203361,
1.),(1.,0.610575689999402,1.),(1.,0.591911098489281,1.),(1.,0.577642361690501,
1.),(1.,0.568672998846892,1.),(1.,0.565611413475167,1.),(1.,0.568672998846895,
1.),(1.,0.577642361690493,1.),(1.,0.591911098489285,1.),(1.,0.610575689999395,
1.),(1.,0.632560003203386,1.),(1.,0.656728320460464,1.),(1.,0.681970173650652,
1.),(1.,0.698825976640386,1.),(1.,0.707106781186548,1.)))
REPRESENTATION_ITEM('')
SURFACE()
);
#37=SPHERICAL_SURFACE('',#1161,1.);
#38=SPHERICAL_SURFACE('',#1164,1.);
#39=SPHERICAL_SURFACE('',#1213,0.5);
#40=SPHERICAL_SURFACE('',#1216,0.5);
#41=SPHERICAL_SURFACE('',#1259,0.5);
#42=SPHERICAL_SURFACE('',#1263,0.5);
#43=FACE_BOUND('',#327,.T.);
#44=FACE_BOUND('',#349,.T.);
#45=FACE_BOUND('',#352,.T.);
#46=FACE_BOUND('',#353,.T.);
#47=FACE_BOUND('',#354,.T.);
#48=FACE_BOUND('',#383,.T.);
#49=FACE_BOUND('',#384,.T.);
#50=FACE_BOUND('',#385,.T.);
#51=FACE_BOUND('',#397,.T.);
#52=FACE_BOUND('',#398,.T.);
#53=FACE_BOUND('',#399,.T.);
#54=ELLIPSE('',#1157,17.5366876349495,16.5);
#55=ELLIPSE('',#1168,1.1180339887499,1.);
#56=ELLIPSE('',#1169,1.1180339887499,1.);
#57=ELLIPSE('',#1171,1.1180339887499,1.);
#58=ELLIPSE('',#1172,1.1180339887499,1.);
#59=ELLIPSE('',#1182,16.5992594173894,15.5);
#60=ELLIPSE('',#1187,2.79441631652998,1.);
#61=ELLIPSE('',#1188,1.64383412713151,1.);
#62=ELLIPSE('',#1195,1.39720815826497,0.5);
#63=ELLIPSE('',#1197,1.64383412713151,1.);
#64=ELLIPSE('',#1198,2.79441631652998,1.);
#65=ELLIPSE('',#1199,1.39720815826497,0.5);
#66=ELLIPSE('',#1204,14.9928794737711,14.);
#67=ELLIPSE('',#1212,1.39720815826499,0.5);
#68=ELLIPSE('',#1220,1.39720815826499,0.5);
#69=ELLIPSE('',#1227,0.62997584548377,0.5);
#70=ELLIPSE('',#1230,14.5270931336942,13.5);
#71=ELLIPSE('',#1232,0.62997584548377,0.5);
#72=ELLIPSE('',#1243,1.07091996241222,1.);
#73=ELLIPSE('',#1246,1.07091996241222,1.);
#74=CYLINDRICAL_SURFACE('',#1152,1.);
#75=CYLINDRICAL_SURFACE('',#1154,1.);
#76=CYLINDRICAL_SURFACE('',#1156,16.5);
#77=CYLINDRICAL_SURFACE('',#1183,1.);
#78=CYLINDRICAL_SURFACE('',#1184,1.);
#79=CYLINDRICAL_SURFACE('',#1185,1.);
#80=CYLINDRICAL_SURFACE('',#1186,1.);
#81=CYLINDRICAL_SURFACE('',#1189,0.5);
#82=CYLINDRICAL_SURFACE('',#1191,1.);
#83=CYLINDRICAL_SURFACE('',#1192,0.5);
#84=CYLINDRICAL_SURFACE('',#1196,1.);
#85=CYLINDRICAL_SURFACE('',#1222,6.5);
#86=CYLINDRICAL_SURFACE('',#1226,0.5);
#87=CYLINDRICAL_SURFACE('',#1231,0.5);
#88=CYLINDRICAL_SURFACE('',#1233,2.50000000000001);
#89=CYLINDRICAL_SURFACE('',#1235,1.29999999999999);
#90=CYLINDRICAL_SURFACE('',#1237,1.29999999999999);
#91=CYLINDRICAL_SURFACE('',#1239,0.5);
#92=CYLINDRICAL_SURFACE('',#1244,0.5);
#93=CYLINDRICAL_SURFACE('',#1248,0.5);
#94=CYLINDRICAL_SURFACE('',#1256,13.5);
#95=CYLINDRICAL_SURFACE('',#1270,0.999999999999998);
#96=CYLINDRICAL_SURFACE('',#1272,0.5);
#97=CYLINDRICAL_SURFACE('',#1277,0.5);
#98=CYLINDRICAL_SURFACE('',#1278,0.5);
#99=CYLINDRICAL_SURFACE('',#1281,0.999999999999998);
#100=TOROIDAL_SURFACE('',#1147,15.5,1.);
#101=TOROIDAL_SURFACE('',#1242,1.14687930139685,0.500000000253783);
#102=TOROIDAL_SURFACE('',#1245,1.1468464983876,0.49999999969748);
#103=TOROIDAL_SURFACE('',#1274,13.,0.5);
#104=LINE('',#1640,#177);
#105=LINE('',#1642,#178);
#106=LINE('',#1644,#179);
#107=LINE('',#1646,#180);
#108=LINE('',#1647,#181);
#109=LINE('',#1658,#182);
#110=LINE('',#1661,#183);
#111=LINE('',#1664,#184);
#112=LINE('',#1668,#185);
#113=LINE('',#1671,#186);
#114=LINE('',#1676,#187);
#115=LINE('',#1679,#188);
#116=LINE('',#1690,#189);
#117=LINE('',#1692,#190);
#118=LINE('',#1693,#191);
#119=LINE('',#1760,#192);
#120=LINE('',#1762,#193);
#121=LINE('',#1766,#194);
#122=LINE('',#1767,#195);
#123=LINE('',#1770,#196);
#124=LINE('',#1773,#197);
#125=LINE('',#1837,#198);
#126=LINE('',#1839,#199);
#127=LINE('',#1841,#200);
#128=LINE('',#1847,#201);
#129=LINE('',#1851,#202);
#130=LINE('',#1853,#203);
#131=LINE('',#1854,#204);
#132=LINE('',#1857,#205);
#133=LINE('',#1891,#206);
#134=LINE('',#1924,#207);
#135=LINE('',#1926,#208);
#136=LINE('',#1930,#209);
#137=LINE('',#1931,#210);
#138=LINE('',#2012,#211);
#139=LINE('',#2016,#212);
#140=LINE('',#2023,#213);
#141=LINE('',#2106,#214);
#142=LINE('',#2111,#215);
#143=LINE('',#2176,#216);
#144=LINE('',#2180,#217);
#145=LINE('',#2184,#218);
#146=LINE('',#2188,#219);
#147=LINE('',#2193,#220);
#148=LINE('',#2196,#221);
#149=LINE('',#2200,#222);
#150=LINE('',#2207,#223);
#151=LINE('',#2210,#224);
#152=LINE('',#2213,#225);
#153=LINE('',#2214,#226);
#154=LINE('',#2217,#227);
#155=LINE('',#2218,#228);
#156=LINE('',#2221,#229);
#157=LINE('',#2223,#230);
#158=LINE('',#2224,#231);
#159=LINE('',#2230,#232);
#160=LINE('',#2231,#233);
#161=LINE('',#2235,#234);
#162=LINE('',#2237,#235);
#163=LINE('',#2243,#236);
#164=LINE('',#2250,#237);
#165=LINE('',#2252,#238);
#166=LINE('',#2253,#239);
#167=LINE('',#2256,#240);
#168=LINE('',#2257,#241);
#169=LINE('',#2260,#242);
#170=LINE('',#2261,#243);
#171=LINE('',#2263,#244);
#172=LINE('',#2266,#245);
#173=LINE('',#2270,#246);
#174=LINE('',#2277,#247);
#175=LINE('',#2279,#248);
#176=LINE('',#2284,#249);
#177=VECTOR('',#1290,26.);
#178=VECTOR('',#1291,3.06517523171809);
#179=VECTOR('',#1292,27.2386615848052);
#180=VECTOR('',#1293,16.252468315591);
#181=VECTOR('',#1294,28.4999999999956);
#182=VECTOR('',#1307,28.4999999999956);
#183=VECTOR('',#1310,28.4999999999956);
#184=VECTOR('',#1313,28.4999999999956);
#185=VECTOR('',#1318,16.252468315591);
#186=VECTOR('',#1323,31.);
#187=VECTOR('',#1326,13.5603351455209);
#188=VECTOR('',#1329,13.5603351455209);
#189=VECTOR('',#1344,27.2386615848052);
#190=VECTOR('',#1345,3.06517523171808);
#191=VECTOR('',#1346,26.);
#192=VECTOR('',#1361,3.4868935912422);
#193=VECTOR('',#1362,3.48689359124221);
#194=VECTOR('',#1367,13.5603351455209);
#195=VECTOR('',#1368,3.4868935912422);
#196=VECTOR('',#1371,3.4868935912422);
#197=VECTOR('',#1376,13.5603351455209);
#198=VECTOR('',#1385,31.);
#199=VECTOR('',#1388,25.5);
#200=VECTOR('',#1391,25.5);
#201=VECTOR('',#1398,25.1774325518934);
#202=VECTOR('',#1403,3.06517523171808);
#203=VECTOR('',#1406,32.);
#204=VECTOR('',#1407,31.);
#205=VECTOR('',#1410,3.06517523171809);
#206=VECTOR('',#1423,25.1774325518934);
#207=VECTOR('',#1434,1.50000000000003);
#208=VECTOR('',#1435,24.9858147252873);
#209=VECTOR('',#1438,24.9858147252873);
#210=VECTOR('',#1439,1.49999999999999);
#211=VECTOR('',#1456,2.91150898652999);
#212=VECTOR('',#1463,31.9503412578444);
#213=VECTOR('',#1472,2.91150898653003);
#214=VECTOR('',#1485,6.5);
#215=VECTOR('',#1490,25.7020790978886);
#216=VECTOR('',#1501,25.7020790978887);
#217=VECTOR('',#1506,2.50000000000001);
#218=VECTOR('',#1511,1.29999999999999);
#219=VECTOR('',#1516,1.29999999999999);
#220=VECTOR('',#1521,15.9855839738885);
#221=VECTOR('',#1524,15.9855839738885);
#222=VECTOR('',#1531,26.0001812160952);
#223=VECTOR('',#1540,15.9855839738885);
#224=VECTOR('',#1543,15.9855839738885);
#225=VECTOR('',#1546,6.5);
#226=VECTOR('',#1547,6.5);
#227=VECTOR('',#1550,6.49999999999999);
#228=VECTOR('',#1551,6.5);
#229=VECTOR('',#1554,15.7844898009039);
#230=VECTOR('',#1555,13.);
#231=VECTOR('',#1556,15.7844898009039);
#232=VECTOR('',#1563,23.9999999999956);
#233=VECTOR('',#1564,6.78792829679707);
#234=VECTOR('',#1569,6.78792829679707);
#235=VECTOR('',#1572,23.9999999999956);
#236=VECTOR('',#1581,26.);
#237=VECTOR('',#1590,9.);
#238=VECTOR('',#1591,22.2844898009039);
#239=VECTOR('',#1592,9.);
#240=VECTOR('',#1595,13.);
#241=VECTOR('',#1596,9.);
#242=VECTOR('',#1599,22.2844898009039);
#243=VECTOR('',#1600,9.);
#244=VECTOR('',#1603,13.);
#245=VECTOR('',#1606,0.999999999999998);
#246=VECTOR('',#1611,23.9999999999956);
#247=VECTOR('',#1622,23.9999999999956);
#248=VECTOR('',#1625,26.);
#249=VECTOR('',#1632,0.999999999999998);
#250=FACE_OUTER_BOUND('',#320,.T.);
#251=FACE_OUTER_BOUND('',#321,.T.);
#252=FACE_OUTER_BOUND('',#322,.T.);
#253=FACE_OUTER_BOUND('',#323,.T.);
#254=FACE_OUTER_BOUND('',#324,.T.);
#255=FACE_OUTER_BOUND('',#325,.T.);
#256=FACE_OUTER_BOUND('',#326,.T.);
#257=FACE_OUTER_BOUND('',#328,.T.);
#258=FACE_OUTER_BOUND('',#329,.T.);
#259=FACE_OUTER_BOUND('',#330,.T.);
#260=FACE_OUTER_BOUND('',#331,.T.);
#261=FACE_OUTER_BOUND('',#332,.T.);
#262=FACE_OUTER_BOUND('',#333,.T.);
#263=FACE_OUTER_BOUND('',#334,.T.);
#264=FACE_OUTER_BOUND('',#335,.T.);
#265=FACE_OUTER_BOUND('',#336,.T.);
#266=FACE_OUTER_BOUND('',#337,.T.);
#267=FACE_OUTER_BOUND('',#338,.T.);
#268=FACE_OUTER_BOUND('',#339,.T.);
#269=FACE_OUTER_BOUND('',#340,.T.);
#270=FACE_OUTER_BOUND('',#341,.T.);
#271=FACE_OUTER_BOUND('',#342,.T.);
#272=FACE_OUTER_BOUND('',#343,.T.);
#273=FACE_OUTER_BOUND('',#344,.T.);
#274=FACE_OUTER_BOUND('',#345,.T.);
#275=FACE_OUTER_BOUND('',#346,.T.);
#276=FACE_OUTER_BOUND('',#347,.T.);
#277=FACE_OUTER_BOUND('',#348,.T.);
#278=FACE_OUTER_BOUND('',#350,.T.);
#279=FACE_OUTER_BOUND('',#351,.T.);
#280=FACE_OUTER_BOUND('',#355,.T.);
#281=FACE_OUTER_BOUND('',#356,.T.);
#282=FACE_OUTER_BOUND('',#357,.T.);
#283=FACE_OUTER_BOUND('',#358,.T.);
#284=FACE_OUTER_BOUND('',#359,.T.);
#285=FACE_OUTER_BOUND('',#360,.T.);
#286=FACE_OUTER_BOUND('',#361,.T.);
#287=FACE_OUTER_BOUND('',#362,.T.);
#288=FACE_OUTER_BOUND('',#363,.T.);
#289=FACE_OUTER_BOUND('',#364,.T.);
#290=FACE_OUTER_BOUND('',#365,.T.);
#291=FACE_OUTER_BOUND('',#366,.T.);
#292=FACE_OUTER_BOUND('',#367,.T.);
#293=FACE_OUTER_BOUND('',#368,.T.);
#294=FACE_OUTER_BOUND('',#369,.T.);
#295=FACE_OUTER_BOUND('',#370,.T.);
#296=FACE_OUTER_BOUND('',#371,.T.);
#297=FACE_OUTER_BOUND('',#372,.T.);
#298=FACE_OUTER_BOUND('',#373,.T.);
#299=FACE_OUTER_BOUND('',#374,.T.);
#300=FACE_OUTER_BOUND('',#375,.T.);
#301=FACE_OUTER_BOUND('',#376,.T.);
#302=FACE_OUTER_BOUND('',#377,.T.);
#303=FACE_OUTER_BOUND('',#378,.T.);
#304=FACE_OUTER_BOUND('',#379,.T.);
#305=FACE_OUTER_BOUND('',#380,.T.);
#306=FACE_OUTER_BOUND('',#381,.T.);
#307=FACE_OUTER_BOUND('',#382,.T.);
#308=FACE_OUTER_BOUND('',#386,.T.);
#309=FACE_OUTER_BOUND('',#387,.T.);
#310=FACE_OUTER_BOUND('',#388,.T.);
#311=FACE_OUTER_BOUND('',#389,.T.);
#312=FACE_OUTER_BOUND('',#390,.T.);
#313=FACE_OUTER_BOUND('',#391,.T.);
#314=FACE_OUTER_BOUND('',#392,.T.);
#315=FACE_OUTER_BOUND('',#393,.T.);
#316=FACE_OUTER_BOUND('',#394,.T.);
#317=FACE_OUTER_BOUND('',#395,.T.);
#318=FACE_OUTER_BOUND('',#396,.T.);
#319=FACE_OUTER_BOUND('',#400,.T.);
#320=EDGE_LOOP('',(#714));
#321=EDGE_LOOP('',(#715,#716,#717,#718,#719));
#322=EDGE_LOOP('',(#720,#721,#722,#723));
#323=EDGE_LOOP('',(#724,#725,#726,#727));
#324=EDGE_LOOP('',(#728,#729,#730,#731));
#325=EDGE_LOOP('',(#732,#733,#734,#735));
#326=EDGE_LOOP('',(#736,#737,#738,#739));
#327=EDGE_LOOP('',(#740,#741,#742,#743));
#328=EDGE_LOOP('',(#744,#745,#746));
#329=EDGE_LOOP('',(#747,#748,#749));
#330=EDGE_LOOP('',(#750,#751,#752,#753,#754));
#331=EDGE_LOOP('',(#755,#756,#757));
#332=EDGE_LOOP('',(#758,#759,#760));
#333=EDGE_LOOP('',(#761,#762,#763,#764));
#334=EDGE_LOOP('',(#765,#766,#767,#768));
#335=EDGE_LOOP('',(#769,#770,#771,#772));
#336=EDGE_LOOP('',(#773,#774,#775,#776));
#337=EDGE_LOOP('',(#777,#778,#779,#780));
#338=EDGE_LOOP('',(#781,#782,#783,#784));
#339=EDGE_LOOP('',(#785,#786,#787,#788));
#340=EDGE_LOOP('',(#789,#790,#791,#792));
#341=EDGE_LOOP('',(#793,#794,#795,#796,#797));
#342=EDGE_LOOP('',(#798,#799,#800,#801));
#343=EDGE_LOOP('',(#802,#803,#804,#805));
#344=EDGE_LOOP('',(#806,#807,#808,#809));
#345=EDGE_LOOP('',(#810,#811,#812,#813,#814,#815));
#346=EDGE_LOOP('',(#816,#817,#818,#819,#820));
#347=EDGE_LOOP('',(#821,#822,#823,#824,#825,#826));
#348=EDGE_LOOP('',(#827,#828,#829,#830));
#349=EDGE_LOOP('',(#831));
#350=EDGE_LOOP('',(#832,#833,#834,#835,#836,#837,#838,#839));
#351=EDGE_LOOP('',(#840,#841,#842,#843));
#352=EDGE_LOOP('',(#844));
#353=EDGE_LOOP('',(#845));
#354=EDGE_LOOP('',(#846));
#355=EDGE_LOOP('',(#847,#848,#849,#850,#851));
#356=EDGE_LOOP('',(#852,#853,#854,#855,#856,#857,#858));
#357=EDGE_LOOP('',(#859,#860,#861,#862));
#358=EDGE_LOOP('',(#863,#864,#865,#866,#867,#868));
#359=EDGE_LOOP('',(#869,#870,#871,#872));
#360=EDGE_LOOP('',(#873,#874,#875,#876,#877,#878,#879));
#361=EDGE_LOOP('',(#880,#881,#882,#883,#884));
#362=EDGE_LOOP('',(#885,#886,#887,#888,#889,#890));
#363=EDGE_LOOP('',(#891,#892,#893,#894,#895,#896));
#364=EDGE_LOOP('',(#897,#898,#899,#900));
#365=EDGE_LOOP('',(#901,#902,#903,#904,#905,#906));
#366=EDGE_LOOP('',(#907,#908,#909,#910));
#367=EDGE_LOOP('',(#911,#912,#913,#914));
#368=EDGE_LOOP('',(#915,#916,#917,#918));
#369=EDGE_LOOP('',(#919,#920,#921,#922));
#370=EDGE_LOOP('',(#923,#924,#925,#926));
#371=EDGE_LOOP('',(#927,#928,#929,#930,#931,#932,#933,#934,#935,#936));
#372=EDGE_LOOP('',(#937,#938,#939,#940));
#373=EDGE_LOOP('',(#941,#942,#943,#944));
#374=EDGE_LOOP('',(#945,#946,#947));
#375=EDGE_LOOP('',(#948,#949,#950));
#376=EDGE_LOOP('',(#951,#952,#953,#954));
#377=EDGE_LOOP('',(#955));
#378=EDGE_LOOP('',(#956,#957,#958,#959));
#379=EDGE_LOOP('',(#960,#961,#962,#963));
#380=EDGE_LOOP('',(#964,#965,#966,#967));
#381=EDGE_LOOP('',(#968,#969,#970));
#382=EDGE_LOOP('',(#971,#972,#973,#974,#975,#976));
#383=EDGE_LOOP('',(#977));
#384=EDGE_LOOP('',(#978));
#385=EDGE_LOOP('',(#979));
#386=EDGE_LOOP('',(#980,#981,#982));
#387=EDGE_LOOP('',(#983,#984,#985,#986,#987));
#388=EDGE_LOOP('',(#988,#989,#990,#991,#992));
#389=EDGE_LOOP('',(#993,#994,#995,#996,#997));
#390=EDGE_LOOP('',(#998,#999,#1000,#1001));
#391=EDGE_LOOP('',(#1002,#1003,#1004,#1005));
#392=EDGE_LOOP('',(#1006,#1007,#1008,#1009));
#393=EDGE_LOOP('',(#1010,#1011,#1012,#1013));
#394=EDGE_LOOP('',(#1014,#1015,#1016,#1017));
#395=EDGE_LOOP('',(#1018,#1019,#1020,#1021));
#396=EDGE_LOOP('',(#1022,#1023,#1024,#1025));
#397=EDGE_LOOP('',(#1026));
#398=EDGE_LOOP('',(#1027));
#399=EDGE_LOOP('',(#1028,#1029,#1030,#1031));
#400=EDGE_LOOP('',(#1032,#1033,#1034,#1035));
#401=CIRCLE('',#1145,0.999999999999998);
#402=CIRCLE('',#1148,1.);
#403=CIRCLE('',#1149,16.5);
#404=CIRCLE('',#1150,1.);
#405=CIRCLE('',#1151,15.5);
#406=CIRCLE('',#1153,1.);
#407=CIRCLE('',#1155,1.);
#408=CIRCLE('',#1159,13.5);
#409=CIRCLE('',#1160,13.5);
#410=CIRCLE('',#1162,1.);
#411=CIRCLE('',#1163,1.);
#412=CIRCLE('',#1165,1.);
#413=CIRCLE('',#1166,1.);
#414=CIRCLE('',#1170,0.5);
#415=CIRCLE('',#1173,0.5);
#416=CIRCLE('',#1175,10.6437039865158);
#417=CIRCLE('',#1178,10.6437039865158);
#418=CIRCLE('',#1180,1.);
#419=CIRCLE('',#1181,1.);
#420=CIRCLE('',#1190,0.5);
#421=CIRCLE('',#1193,0.5);
#422=CIRCLE('',#1194,0.5);
#423=CIRCLE('',#1200,0.5);
#424=CIRCLE('',#1202,6.5);
#425=CIRCLE('',#1206,1.29999999999999);
#426=CIRCLE('',#1207,1.29999999999999);
#427=CIRCLE('',#1208,2.50000000000001);
#428=CIRCLE('',#1209,0.5);
#429=CIRCLE('',#1211,0.459917630740894);
#430=CIRCLE('',#1214,0.5);
#431=CIRCLE('',#1217,0.459917630740894);
#432=CIRCLE('',#1218,0.5);
#433=CIRCLE('',#1221,0.5);
#434=CIRCLE('',#1223,6.5);
#435=CIRCLE('',#1224,6.5);
#436=CIRCLE('',#1225,6.5);
#437=CIRCLE('',#1228,0.5);
#438=CIRCLE('',#1229,0.5);
#439=CIRCLE('',#1234,2.50000000000001);
#440=CIRCLE('',#1236,1.29999999999999);
#441=CIRCLE('',#1238,1.29999999999999);
#442=CIRCLE('',#1240,0.5);
#443=CIRCLE('',#1241,0.5);
#444=CIRCLE('',#1247,0.5);
#445=CIRCLE('',#1249,0.5);
#446=CIRCLE('',#1254,0.999999999999998);
#447=CIRCLE('',#1257,13.5);
#448=CIRCLE('',#1260,0.5);
#449=CIRCLE('',#1261,0.5);
#450=CIRCLE('',#1264,0.5);
#451=CIRCLE('',#1265,0.5);
#452=CIRCLE('',#1271,0.999999999999998);
#453=CIRCLE('',#1273,0.5);
#454=CIRCLE('',#1275,13.);
#455=CIRCLE('',#1276,0.5);
#456=CIRCLE('',#1280,0.999999999999998);
#457=VERTEX_POINT('',#1635);
#458=VERTEX_POINT('',#1638);
#459=VERTEX_POINT('',#1639);
#460=VERTEX_POINT('',#1641);
#461=VERTEX_POINT('',#1643);
#462=VERTEX_POINT('',#1645);
#463=VERTEX_POINT('',#1649);
#464=VERTEX_POINT('',#1651);
#465=VERTEX_POINT('',#1653);
#466=VERTEX_POINT('',#1657);
#467=VERTEX_POINT('',#1659);
#468=VERTEX_POINT('',#1663);
#469=VERTEX_POINT('',#1667);
#470=VERTEX_POINT('',#1672);
#471=VERTEX_POINT('',#1673);
#472=VERTEX_POINT('',#1675);
#473=VERTEX_POINT('',#1677);
#474=VERTEX_POINT('',#1681);
#475=VERTEX_POINT('',#1685);
#476=VERTEX_POINT('',#1689);
#477=VERTEX_POINT('',#1691);
#478=VERTEX_POINT('',#1721);
#479=VERTEX_POINT('',#1722);
#480=VERTEX_POINT('',#1753);
#481=VERTEX_POINT('',#1755);
#482=VERTEX_POINT('',#1759);
#483=VERTEX_POINT('',#1761);
#484=VERTEX_POINT('',#1765);
#485=VERTEX_POINT('',#1769);
#486=VERTEX_POINT('',#1831);
#487=VERTEX_POINT('',#1833);
#488=VERTEX_POINT('',#1843);
#489=VERTEX_POINT('',#1844);
#490=VERTEX_POINT('',#1849);
#491=VERTEX_POINT('',#1856);
#492=VERTEX_POINT('',#1871);
#493=VERTEX_POINT('',#1878);
#494=VERTEX_POINT('',#1883);
#495=VERTEX_POINT('',#1887);
#496=VERTEX_POINT('',#1889);
#497=VERTEX_POINT('',#1904);
#498=VERTEX_POINT('',#1906);
#499=VERTEX_POINT('',#1908);
#500=VERTEX_POINT('',#1920);
#501=VERTEX_POINT('',#1923);
#502=VERTEX_POINT('',#1925);
#503=VERTEX_POINT('',#1927);
#504=VERTEX_POINT('',#1929);
#505=VERTEX_POINT('',#1933);
#506=VERTEX_POINT('',#1935);
#507=VERTEX_POINT('',#1937);
#508=VERTEX_POINT('',#1954);
#509=VERTEX_POINT('',#1955);
#510=VERTEX_POINT('',#1960);
#511=VERTEX_POINT('',#1973);
#512=VERTEX_POINT('',#1993);
#513=VERTEX_POINT('',#2009);
#514=VERTEX_POINT('',#2018);
#515=VERTEX_POINT('',#2022);
#516=VERTEX_POINT('',#2024);
#517=VERTEX_POINT('',#2053);
#518=VERTEX_POINT('',#2058);
#519=VERTEX_POINT('',#2078);
#520=VERTEX_POINT('',#2100);
#521=VERTEX_POINT('',#2101);
#522=VERTEX_POINT('',#2103);
#523=VERTEX_POINT('',#2108);
#524=VERTEX_POINT('',#2110);
#525=VERTEX_POINT('',#2170);
#526=VERTEX_POINT('',#2174);
#527=VERTEX_POINT('',#2178);
#528=VERTEX_POINT('',#2182);
#529=VERTEX_POINT('',#2186);
#530=VERTEX_POINT('',#2190);
#531=VERTEX_POINT('',#2192);
#532=VERTEX_POINT('',#2194);
#533=VERTEX_POINT('',#2202);
#534=VERTEX_POINT('',#2206);
#535=VERTEX_POINT('',#2208);
#536=VERTEX_POINT('',#2212);
#537=VERTEX_POINT('',#2216);
#538=VERTEX_POINT('',#2220);
#539=VERTEX_POINT('',#2222);
#540=VERTEX_POINT('',#2226);
#541=VERTEX_POINT('',#2229);
#542=VERTEX_POINT('',#2233);
#543=VERTEX_POINT('',#2239);
#544=VERTEX_POINT('',#2245);
#545=VERTEX_POINT('',#2249);
#546=VERTEX_POINT('',#2251);
#547=VERTEX_POINT('',#2255);
#548=VERTEX_POINT('',#2259);
#549=VERTEX_POINT('',#2265);
#550=VERTEX_POINT('',#2269);
#551=VERTEX_POINT('',#2273);
#552=VERTEX_POINT('',#2281);
#553=EDGE_CURVE('',#457,#457,#401,.T.);
#554=EDGE_CURVE('',#458,#459,#104,.F.);
#555=EDGE_CURVE('',#459,#460,#105,.F.);
#556=EDGE_CURVE('',#460,#461,#106,.T.);
#557=EDGE_CURVE('',#461,#462,#107,.T.);
#558=EDGE_CURVE('',#462,#458,#108,.T.);
#559=EDGE_CURVE('',#463,#462,#402,.T.);
#560=EDGE_CURVE('',#464,#462,#403,.F.);
#561=EDGE_CURVE('',#465,#464,#404,.T.);
#562=EDGE_CURVE('',#463,#465,#405,.T.);
#563=EDGE_CURVE('',#466,#464,#109,.T.);
#564=EDGE_CURVE('',#466,#467,#406,.F.);
#565=EDGE_CURVE('',#465,#467,#110,.F.);
#566=EDGE_CURVE('',#468,#463,#111,.F.);
#567=EDGE_CURVE('',#468,#458,#407,.T.);
#568=EDGE_CURVE('',#469,#464,#112,.T.);
#569=EDGE_CURVE('',#461,#469,#54,.F.);
#570=EDGE_CURVE('',#467,#468,#113,.F.);
#571=EDGE_CURVE('',#470,#471,#408,.T.);
#572=EDGE_CURVE('',#472,#470,#114,.T.);
#573=EDGE_CURVE('',#473,#472,#409,.T.);
#574=EDGE_CURVE('',#471,#473,#115,.T.);
#575=EDGE_CURVE('',#468,#474,#410,.T.);
#576=EDGE_CURVE('',#458,#474,#411,.T.);
#577=EDGE_CURVE('',#467,#475,#412,.T.);
#578=EDGE_CURVE('',#475,#466,#413,.T.);
#579=EDGE_CURVE('',#469,#476,#116,.T.);
#580=EDGE_CURVE('',#476,#477,#117,.F.);
#581=EDGE_CURVE('',#477,#466,#118,.T.);
#582=EDGE_CURVE('',#478,#479,#55,.F.);
#583=EDGE_CURVE('',#477,#478,#56,.T.);
#584=EDGE_CURVE('',#477,#479,#414,.T.);
#585=EDGE_CURVE('',#480,#459,#57,.F.);
#586=EDGE_CURVE('',#481,#480,#58,.T.);
#587=EDGE_CURVE('',#459,#481,#415,.T.);
#588=EDGE_CURVE('',#470,#482,#119,.T.);
#589=EDGE_CURVE('',#483,#471,#120,.T.);
#590=EDGE_CURVE('',#482,#483,#416,.T.);
#591=EDGE_CURVE('',#484,#482,#121,.T.);
#592=EDGE_CURVE('',#472,#484,#122,.T.);
#593=EDGE_CURVE('',#485,#473,#123,.T.);
#594=EDGE_CURVE('',#485,#484,#417,.T.);
#595=EDGE_CURVE('',#483,#485,#124,.T.);
#596=EDGE_CURVE('',#486,#469,#418,.T.);
#597=EDGE_CURVE('',#487,#461,#419,.T.);
#598=EDGE_CURVE('',#486,#487,#59,.F.);
#599=EDGE_CURVE('',#474,#475,#125,.T.);
#600=EDGE_CURVE('',#480,#474,#126,.T.);
#601=EDGE_CURVE('',#475,#478,#127,.F.);
#602=EDGE_CURVE('',#488,#489,#60,.F.);
#603=EDGE_CURVE('',#488,#476,#61,.T.);
#604=EDGE_CURVE('',#489,#486,#128,.F.);
#605=EDGE_CURVE('',#476,#490,#420,.T.);
#606=EDGE_CURVE('',#479,#490,#129,.T.);
#607=EDGE_CURVE('',#481,#479,#130,.T.);
#608=EDGE_CURVE('',#478,#480,#131,.F.);
#609=EDGE_CURVE('',#491,#481,#132,.T.);
#610=EDGE_CURVE('',#460,#491,#421,.T.);
#611=EDGE_CURVE('',#488,#492,#15,.F.);
#612=EDGE_CURVE('',#492,#493,#16,.T.);
#613=EDGE_CURVE('',#493,#494,#422,.F.);
#614=EDGE_CURVE('',#490,#494,#62,.T.);
#615=EDGE_CURVE('',#460,#495,#63,.T.);
#616=EDGE_CURVE('',#496,#495,#64,.F.);
#617=EDGE_CURVE('',#487,#496,#133,.F.);
#618=EDGE_CURVE('',#497,#491,#65,.T.);
#619=EDGE_CURVE('',#497,#498,#423,.T.);
#620=EDGE_CURVE('',#498,#499,#17,.T.);
#621=EDGE_CURVE('',#499,#495,#18,.T.);
#622=EDGE_CURVE('',#500,#500,#424,.T.);
#623=EDGE_CURVE('',#496,#501,#134,.T.);
#624=EDGE_CURVE('',#501,#502,#135,.T.);
#625=EDGE_CURVE('',#502,#503,#66,.T.);
#626=EDGE_CURVE('',#503,#504,#136,.T.);
#627=EDGE_CURVE('',#504,#489,#137,.T.);
#628=EDGE_CURVE('',#505,#505,#425,.T.);
#629=EDGE_CURVE('',#506,#506,#426,.T.);
#630=EDGE_CURVE('',#507,#507,#427,.T.);
#631=EDGE_CURVE('',#508,#509,#19,.T.);
#632=EDGE_CURVE('',#510,#508,#20,.T.);
#633=EDGE_CURVE('',#511,#510,#21,.T.);
#634=EDGE_CURVE('',#512,#511,#428,.T.);
#635=EDGE_CURVE('',#509,#512,#22,.T.);
#636=EDGE_CURVE('',#513,#492,#429,.T.);
#637=EDGE_CURVE('',#504,#510,#67,.F.);
#638=EDGE_CURVE('',#508,#513,#138,.T.);
#639=EDGE_CURVE('',#494,#513,#430,.T.);
#640=EDGE_CURVE('',#494,#497,#139,.F.);
#641=EDGE_CURVE('',#499,#514,#431,.T.);
#642=EDGE_CURVE('',#497,#514,#432,.T.);
#643=EDGE_CURVE('',#514,#515,#140,.T.);
#644=EDGE_CURVE('',#515,#516,#23,.T.);
#645=EDGE_CURVE('',#516,#501,#68,.F.);
#646=EDGE_CURVE('',#515,#517,#24,.T.);
#647=EDGE_CURVE('',#518,#517,#25,.T.);
#648=EDGE_CURVE('',#519,#518,#433,.T.);
#649=EDGE_CURVE('',#516,#519,#26,.T.);
#650=EDGE_CURVE('',#520,#521,#434,.T.);
#651=EDGE_CURVE('',#521,#522,#435,.T.);
#652=EDGE_CURVE('',#522,#520,#436,.T.);
#653=EDGE_CURVE('',#520,#500,#141,.T.);
#654=EDGE_CURVE('',#519,#523,#69,.F.);
#655=EDGE_CURVE('',#524,#523,#142,.F.);
#656=EDGE_CURVE('',#524,#502,#437,.T.);
#657=EDGE_CURVE('',#525,#503,#438,.T.);
#658=EDGE_CURVE('',#525,#524,#70,.T.);
#659=EDGE_CURVE('',#526,#511,#71,.F.);
#660=EDGE_CURVE('',#526,#525,#143,.F.);
#661=EDGE_CURVE('',#527,#527,#439,.T.);
#662=EDGE_CURVE('',#527,#507,#144,.T.);
#663=EDGE_CURVE('',#528,#528,#440,.T.);
#664=EDGE_CURVE('',#528,#506,#145,.T.);
#665=EDGE_CURVE('',#529,#529,#441,.T.);
#666=EDGE_CURVE('',#529,#505,#146,.T.);
#667=EDGE_CURVE('',#530,#526,#442,.T.);
#668=EDGE_CURVE('',#531,#526,#147,.F.);
#669=EDGE_CURVE('',#532,#531,#443,.T.);
#670=EDGE_CURVE('',#530,#532,#148,.T.);
#671=EDGE_CURVE('',#512,#530,#72,.F.);
#672=EDGE_CURVE('',#518,#512,#149,.T.);
#673=EDGE_CURVE('',#533,#518,#73,.F.);
#674=EDGE_CURVE('',#523,#533,#444,.T.);
#675=EDGE_CURVE('',#534,#533,#150,.F.);
#676=EDGE_CURVE('',#535,#534,#445,.T.);
#677=EDGE_CURVE('',#523,#535,#151,.T.);
#678=EDGE_CURVE('',#520,#536,#152,.T.);
#679=EDGE_CURVE('',#536,#521,#153,.T.);
#680=EDGE_CURVE('',#521,#537,#154,.T.);
#681=EDGE_CURVE('',#537,#522,#155,.T.);
#682=EDGE_CURVE('',#522,#538,#156,.T.);
#683=EDGE_CURVE('',#538,#539,#157,.T.);
#684=EDGE_CURVE('',#539,#520,#158,.T.);
#685=EDGE_CURVE('',#540,#540,#446,.T.);
#686=EDGE_CURVE('',#535,#541,#159,.F.);
#687=EDGE_CURVE('',#524,#541,#160,.T.);
#688=EDGE_CURVE('',#541,#542,#447,.F.);
#689=EDGE_CURVE('',#525,#542,#161,.T.);
#690=EDGE_CURVE('',#542,#531,#162,.F.);
#691=EDGE_CURVE('',#543,#532,#448,.T.);
#692=EDGE_CURVE('',#543,#531,#449,.F.);
#693=EDGE_CURVE('',#532,#534,#163,.F.);
#694=EDGE_CURVE('',#535,#544,#450,.F.);
#695=EDGE_CURVE('',#544,#534,#451,.F.);
#696=EDGE_CURVE('',#545,#539,#164,.T.);
#697=EDGE_CURVE('',#545,#546,#165,.T.);
#698=EDGE_CURVE('',#546,#536,#166,.T.);
#699=EDGE_CURVE('',#546,#547,#167,.T.);
#700=EDGE_CURVE('',#547,#537,#168,.T.);
#701=EDGE_CURVE('',#547,#548,#169,.T.);
#702=EDGE_CURVE('',#548,#538,#170,.T.);
#703=EDGE_CURVE('',#548,#545,#171,.T.);
#704=EDGE_CURVE('',#540,#549,#172,.T.);
#705=EDGE_CURVE('',#549,#549,#452,.T.);
#706=EDGE_CURVE('',#550,#544,#173,.T.);
#707=EDGE_CURVE('',#541,#550,#453,.T.);
#708=EDGE_CURVE('',#551,#550,#454,.T.);
#709=EDGE_CURVE('',#542,#551,#455,.T.);
#710=EDGE_CURVE('',#543,#551,#174,.T.);
#711=EDGE_CURVE('',#544,#543,#175,.T.);
#712=EDGE_CURVE('',#552,#552,#456,.T.);
#713=EDGE_CURVE('',#457,#552,#176,.T.);
#714=ORIENTED_EDGE('',*,*,#553,.T.);
#715=ORIENTED_EDGE('',*,*,#554,.T.);
#716=ORIENTED_EDGE('',*,*,#555,.T.);
#717=ORIENTED_EDGE('',*,*,#556,.T.);
#718=ORIENTED_EDGE('',*,*,#557,.T.);
#719=ORIENTED_EDGE('',*,*,#558,.T.);
#720=ORIENTED_EDGE('',*,*,#559,.T.);
#721=ORIENTED_EDGE('',*,*,#560,.F.);
#722=ORIENTED_EDGE('',*,*,#561,.F.);
#723=ORIENTED_EDGE('',*,*,#562,.F.);
#724=ORIENTED_EDGE('',*,*,#563,.F.);
#725=ORIENTED_EDGE('',*,*,#564,.T.);
#726=ORIENTED_EDGE('',*,*,#565,.F.);
#727=ORIENTED_EDGE('',*,*,#561,.T.);
#728=ORIENTED_EDGE('',*,*,#566,.F.);
#729=ORIENTED_EDGE('',*,*,#567,.T.);
#730=ORIENTED_EDGE('',*,*,#558,.F.);
#731=ORIENTED_EDGE('',*,*,#559,.F.);
#732=ORIENTED_EDGE('',*,*,#568,.T.);
#733=ORIENTED_EDGE('',*,*,#560,.T.);
#734=ORIENTED_EDGE('',*,*,#557,.F.);
#735=ORIENTED_EDGE('',*,*,#569,.T.);
#736=ORIENTED_EDGE('',*,*,#565,.T.);
#737=ORIENTED_EDGE('',*,*,#570,.T.);
#738=ORIENTED_EDGE('',*,*,#566,.T.);
#739=ORIENTED_EDGE('',*,*,#562,.T.);
#740=ORIENTED_EDGE('',*,*,#571,.F.);
#741=ORIENTED_EDGE('',*,*,#572,.F.);
#742=ORIENTED_EDGE('',*,*,#573,.F.);
#743=ORIENTED_EDGE('',*,*,#574,.F.);
#744=ORIENTED_EDGE('',*,*,#567,.F.);
#745=ORIENTED_EDGE('',*,*,#575,.T.);
#746=ORIENTED_EDGE('',*,*,#576,.F.);
#747=ORIENTED_EDGE('',*,*,#577,.F.);
#748=ORIENTED_EDGE('',*,*,#564,.F.);
#749=ORIENTED_EDGE('',*,*,#578,.F.);
#750=ORIENTED_EDGE('',*,*,#579,.T.);
#751=ORIENTED_EDGE('',*,*,#580,.T.);
#752=ORIENTED_EDGE('',*,*,#581,.T.);
#753=ORIENTED_EDGE('',*,*,#563,.T.);
#754=ORIENTED_EDGE('',*,*,#568,.F.);
#755=ORIENTED_EDGE('',*,*,#582,.F.);
#756=ORIENTED_EDGE('',*,*,#583,.F.);
#757=ORIENTED_EDGE('',*,*,#584,.T.);
#758=ORIENTED_EDGE('',*,*,#585,.F.);
#759=ORIENTED_EDGE('',*,*,#586,.F.);
#760=ORIENTED_EDGE('',*,*,#587,.F.);
#761=ORIENTED_EDGE('',*,*,#588,.F.);
#762=ORIENTED_EDGE('',*,*,#571,.T.);
#763=ORIENTED_EDGE('',*,*,#589,.F.);
#764=ORIENTED_EDGE('',*,*,#590,.F.);
#765=ORIENTED_EDGE('',*,*,#588,.T.);
#766=ORIENTED_EDGE('',*,*,#591,.F.);
#767=ORIENTED_EDGE('',*,*,#592,.F.);
#768=ORIENTED_EDGE('',*,*,#572,.T.);
#769=ORIENTED_EDGE('',*,*,#593,.T.);
#770=ORIENTED_EDGE('',*,*,#573,.T.);
#771=ORIENTED_EDGE('',*,*,#592,.T.);
#772=ORIENTED_EDGE('',*,*,#594,.F.);
#773=ORIENTED_EDGE('',*,*,#589,.T.);
#774=ORIENTED_EDGE('',*,*,#574,.T.);
#775=ORIENTED_EDGE('',*,*,#593,.F.);
#776=ORIENTED_EDGE('',*,*,#595,.F.);
#777=ORIENTED_EDGE('',*,*,#596,.T.);
#778=ORIENTED_EDGE('',*,*,#569,.F.);
#779=ORIENTED_EDGE('',*,*,#597,.F.);
#780=ORIENTED_EDGE('',*,*,#598,.F.);
#781=ORIENTED_EDGE('',*,*,#577,.T.);
#782=ORIENTED_EDGE('',*,*,#599,.F.);
#783=ORIENTED_EDGE('',*,*,#575,.F.);
#784=ORIENTED_EDGE('',*,*,#570,.F.);
#785=ORIENTED_EDGE('',*,*,#600,.F.);
#786=ORIENTED_EDGE('',*,*,#585,.T.);
#787=ORIENTED_EDGE('',*,*,#554,.F.);
#788=ORIENTED_EDGE('',*,*,#576,.T.);
#789=ORIENTED_EDGE('',*,*,#581,.F.);
#790=ORIENTED_EDGE('',*,*,#583,.T.);
#791=ORIENTED_EDGE('',*,*,#601,.F.);
#792=ORIENTED_EDGE('',*,*,#578,.T.);
#793=ORIENTED_EDGE('',*,*,#602,.F.);
#794=ORIENTED_EDGE('',*,*,#603,.T.);
#795=ORIENTED_EDGE('',*,*,#579,.F.);
#796=ORIENTED_EDGE('',*,*,#596,.F.);
#797=ORIENTED_EDGE('',*,*,#604,.F.);
#798=ORIENTED_EDGE('',*,*,#605,.T.);
#799=ORIENTED_EDGE('',*,*,#606,.F.);
#800=ORIENTED_EDGE('',*,*,#584,.F.);
#801=ORIENTED_EDGE('',*,*,#580,.F.);
#802=ORIENTED_EDGE('',*,*,#607,.F.);
#803=ORIENTED_EDGE('',*,*,#586,.T.);
#804=ORIENTED_EDGE('',*,*,#608,.F.);
#805=ORIENTED_EDGE('',*,*,#582,.T.);
#806=ORIENTED_EDGE('',*,*,#587,.T.);
#807=ORIENTED_EDGE('',*,*,#609,.F.);
#808=ORIENTED_EDGE('',*,*,#610,.F.);
#809=ORIENTED_EDGE('',*,*,#555,.F.);
#810=ORIENTED_EDGE('',*,*,#603,.F.);
#811=ORIENTED_EDGE('',*,*,#611,.T.);
#812=ORIENTED_EDGE('',*,*,#612,.T.);
#813=ORIENTED_EDGE('',*,*,#613,.T.);
#814=ORIENTED_EDGE('',*,*,#614,.F.);
#815=ORIENTED_EDGE('',*,*,#605,.F.);
#816=ORIENTED_EDGE('',*,*,#615,.T.);
#817=ORIENTED_EDGE('',*,*,#616,.F.);
#818=ORIENTED_EDGE('',*,*,#617,.F.);
#819=ORIENTED_EDGE('',*,*,#597,.T.);
#820=ORIENTED_EDGE('',*,*,#556,.F.);
#821=ORIENTED_EDGE('',*,*,#618,.F.);
#822=ORIENTED_EDGE('',*,*,#619,.T.);
#823=ORIENTED_EDGE('',*,*,#620,.T.);
#824=ORIENTED_EDGE('',*,*,#621,.T.);
#825=ORIENTED_EDGE('',*,*,#615,.F.);
#826=ORIENTED_EDGE('',*,*,#610,.T.);
#827=ORIENTED_EDGE('',*,*,#595,.T.);
#828=ORIENTED_EDGE('',*,*,#594,.T.);
#829=ORIENTED_EDGE('',*,*,#591,.T.);
#830=ORIENTED_EDGE('',*,*,#590,.T.);
#831=ORIENTED_EDGE('',*,*,#622,.F.);
#832=ORIENTED_EDGE('',*,*,#623,.T.);
#833=ORIENTED_EDGE('',*,*,#624,.T.);
#834=ORIENTED_EDGE('',*,*,#625,.T.);
#835=ORIENTED_EDGE('',*,*,#626,.T.);
#836=ORIENTED_EDGE('',*,*,#627,.T.);
#837=ORIENTED_EDGE('',*,*,#604,.T.);
#838=ORIENTED_EDGE('',*,*,#598,.T.);
#839=ORIENTED_EDGE('',*,*,#617,.T.);
#840=ORIENTED_EDGE('',*,*,#601,.T.);
#841=ORIENTED_EDGE('',*,*,#608,.T.);
#842=ORIENTED_EDGE('',*,*,#600,.T.);
#843=ORIENTED_EDGE('',*,*,#599,.T.);
#844=ORIENTED_EDGE('',*,*,#628,.F.);
#845=ORIENTED_EDGE('',*,*,#629,.F.);
#846=ORIENTED_EDGE('',*,*,#630,.F.);
#847=ORIENTED_EDGE('',*,*,#631,.F.);
#848=ORIENTED_EDGE('',*,*,#632,.F.);
#849=ORIENTED_EDGE('',*,*,#633,.F.);
#850=ORIENTED_EDGE('',*,*,#634,.F.);
#851=ORIENTED_EDGE('',*,*,#635,.F.);
#852=ORIENTED_EDGE('',*,*,#636,.T.);
#853=ORIENTED_EDGE('',*,*,#611,.F.);
#854=ORIENTED_EDGE('',*,*,#602,.T.);
#855=ORIENTED_EDGE('',*,*,#627,.F.);
#856=ORIENTED_EDGE('',*,*,#637,.T.);
#857=ORIENTED_EDGE('',*,*,#632,.T.);
#858=ORIENTED_EDGE('',*,*,#638,.T.);
#859=ORIENTED_EDGE('',*,*,#613,.F.);
#860=ORIENTED_EDGE('',*,*,#612,.F.);
#861=ORIENTED_EDGE('',*,*,#636,.F.);
#862=ORIENTED_EDGE('',*,*,#639,.F.);
#863=ORIENTED_EDGE('',*,*,#614,.T.);
#864=ORIENTED_EDGE('',*,*,#640,.T.);
#865=ORIENTED_EDGE('',*,*,#618,.T.);
#866=ORIENTED_EDGE('',*,*,#609,.T.);
#867=ORIENTED_EDGE('',*,*,#607,.T.);
#868=ORIENTED_EDGE('',*,*,#606,.T.);
#869=ORIENTED_EDGE('',*,*,#641,.F.);
#870=ORIENTED_EDGE('',*,*,#620,.F.);
#871=ORIENTED_EDGE('',*,*,#619,.F.);
#872=ORIENTED_EDGE('',*,*,#642,.T.);
#873=ORIENTED_EDGE('',*,*,#621,.F.);
#874=ORIENTED_EDGE('',*,*,#641,.T.);
#875=ORIENTED_EDGE('',*,*,#643,.T.);
#876=ORIENTED_EDGE('',*,*,#644,.T.);
#877=ORIENTED_EDGE('',*,*,#645,.T.);
#878=ORIENTED_EDGE('',*,*,#623,.F.);
#879=ORIENTED_EDGE('',*,*,#616,.T.);
#880=ORIENTED_EDGE('',*,*,#644,.F.);
#881=ORIENTED_EDGE('',*,*,#646,.T.);
#882=ORIENTED_EDGE('',*,*,#647,.F.);
#883=ORIENTED_EDGE('',*,*,#648,.F.);
#884=ORIENTED_EDGE('',*,*,#649,.F.);
#885=ORIENTED_EDGE('',*,*,#650,.T.);
#886=ORIENTED_EDGE('',*,*,#651,.T.);
#887=ORIENTED_EDGE('',*,*,#652,.T.);
#888=ORIENTED_EDGE('',*,*,#653,.T.);
#889=ORIENTED_EDGE('',*,*,#622,.T.);
#890=ORIENTED_EDGE('',*,*,#653,.F.);
#891=ORIENTED_EDGE('',*,*,#645,.F.);
#892=ORIENTED_EDGE('',*,*,#649,.T.);
#893=ORIENTED_EDGE('',*,*,#654,.T.);
#894=ORIENTED_EDGE('',*,*,#655,.F.);
#895=ORIENTED_EDGE('',*,*,#656,.T.);
#896=ORIENTED_EDGE('',*,*,#624,.F.);
#897=ORIENTED_EDGE('',*,*,#657,.T.);
#898=ORIENTED_EDGE('',*,*,#625,.F.);
#899=ORIENTED_EDGE('',*,*,#656,.F.);
#900=ORIENTED_EDGE('',*,*,#658,.F.);
#901=ORIENTED_EDGE('',*,*,#659,.T.);
#902=ORIENTED_EDGE('',*,*,#633,.T.);
#903=ORIENTED_EDGE('',*,*,#637,.F.);
#904=ORIENTED_EDGE('',*,*,#626,.F.);
#905=ORIENTED_EDGE('',*,*,#657,.F.);
#906=ORIENTED_EDGE('',*,*,#660,.F.);
#907=ORIENTED_EDGE('',*,*,#661,.T.);
#908=ORIENTED_EDGE('',*,*,#662,.T.);
#909=ORIENTED_EDGE('',*,*,#630,.T.);
#910=ORIENTED_EDGE('',*,*,#662,.F.);
#911=ORIENTED_EDGE('',*,*,#663,.T.);
#912=ORIENTED_EDGE('',*,*,#664,.T.);
#913=ORIENTED_EDGE('',*,*,#629,.T.);
#914=ORIENTED_EDGE('',*,*,#664,.F.);
#915=ORIENTED_EDGE('',*,*,#665,.T.);
#916=ORIENTED_EDGE('',*,*,#666,.T.);
#917=ORIENTED_EDGE('',*,*,#628,.T.);
#918=ORIENTED_EDGE('',*,*,#666,.F.);
#919=ORIENTED_EDGE('',*,*,#667,.T.);
#920=ORIENTED_EDGE('',*,*,#668,.F.);
#921=ORIENTED_EDGE('',*,*,#669,.F.);
#922=ORIENTED_EDGE('',*,*,#670,.F.);
#923=ORIENTED_EDGE('',*,*,#634,.T.);
#924=ORIENTED_EDGE('',*,*,#659,.F.);
#925=ORIENTED_EDGE('',*,*,#667,.F.);
#926=ORIENTED_EDGE('',*,*,#671,.F.);
#927=ORIENTED_EDGE('',*,*,#672,.F.);
#928=ORIENTED_EDGE('',*,*,#647,.T.);
#929=ORIENTED_EDGE('',*,*,#646,.F.);
#930=ORIENTED_EDGE('',*,*,#643,.F.);
#931=ORIENTED_EDGE('',*,*,#642,.F.);
#932=ORIENTED_EDGE('',*,*,#640,.F.);
#933=ORIENTED_EDGE('',*,*,#639,.T.);
#934=ORIENTED_EDGE('',*,*,#638,.F.);
#935=ORIENTED_EDGE('',*,*,#631,.T.);
#936=ORIENTED_EDGE('',*,*,#635,.T.);
#937=ORIENTED_EDGE('',*,*,#648,.T.);
#938=ORIENTED_EDGE('',*,*,#673,.F.);
#939=ORIENTED_EDGE('',*,*,#674,.F.);
#940=ORIENTED_EDGE('',*,*,#654,.F.);
#941=ORIENTED_EDGE('',*,*,#674,.T.);
#942=ORIENTED_EDGE('',*,*,#675,.F.);
#943=ORIENTED_EDGE('',*,*,#676,.F.);
#944=ORIENTED_EDGE('',*,*,#677,.F.);
#945=ORIENTED_EDGE('',*,*,#650,.F.);
#946=ORIENTED_EDGE('',*,*,#678,.T.);
#947=ORIENTED_EDGE('',*,*,#679,.T.);
#948=ORIENTED_EDGE('',*,*,#680,.T.);
#949=ORIENTED_EDGE('',*,*,#681,.T.);
#950=ORIENTED_EDGE('',*,*,#651,.F.);
#951=ORIENTED_EDGE('',*,*,#652,.F.);
#952=ORIENTED_EDGE('',*,*,#682,.T.);
#953=ORIENTED_EDGE('',*,*,#683,.T.);
#954=ORIENTED_EDGE('',*,*,#684,.T.);
#955=ORIENTED_EDGE('',*,*,#685,.T.);
#956=ORIENTED_EDGE('',*,*,#677,.T.);
#957=ORIENTED_EDGE('',*,*,#686,.T.);
#958=ORIENTED_EDGE('',*,*,#687,.F.);
#959=ORIENTED_EDGE('',*,*,#655,.T.);
#960=ORIENTED_EDGE('',*,*,#687,.T.);
#961=ORIENTED_EDGE('',*,*,#688,.T.);
#962=ORIENTED_EDGE('',*,*,#689,.F.);
#963=ORIENTED_EDGE('',*,*,#658,.T.);
#964=ORIENTED_EDGE('',*,*,#689,.T.);
#965=ORIENTED_EDGE('',*,*,#690,.T.);
#966=ORIENTED_EDGE('',*,*,#668,.T.);
#967=ORIENTED_EDGE('',*,*,#660,.T.);
#968=ORIENTED_EDGE('',*,*,#691,.T.);
#969=ORIENTED_EDGE('',*,*,#669,.T.);
#970=ORIENTED_EDGE('',*,*,#692,.F.);
#971=ORIENTED_EDGE('',*,*,#675,.T.);
#972=ORIENTED_EDGE('',*,*,#673,.T.);
#973=ORIENTED_EDGE('',*,*,#672,.T.);
#974=ORIENTED_EDGE('',*,*,#671,.T.);
#975=ORIENTED_EDGE('',*,*,#670,.T.);
#976=ORIENTED_EDGE('',*,*,#693,.T.);
#977=ORIENTED_EDGE('',*,*,#665,.F.);
#978=ORIENTED_EDGE('',*,*,#663,.F.);
#979=ORIENTED_EDGE('',*,*,#661,.F.);
#980=ORIENTED_EDGE('',*,*,#694,.F.);
#981=ORIENTED_EDGE('',*,*,#676,.T.);
#982=ORIENTED_EDGE('',*,*,#695,.F.);
#983=ORIENTED_EDGE('',*,*,#684,.F.);
#984=ORIENTED_EDGE('',*,*,#696,.F.);
#985=ORIENTED_EDGE('',*,*,#697,.T.);
#986=ORIENTED_EDGE('',*,*,#698,.T.);
#987=ORIENTED_EDGE('',*,*,#678,.F.);
#988=ORIENTED_EDGE('',*,*,#679,.F.);
#989=ORIENTED_EDGE('',*,*,#698,.F.);
#990=ORIENTED_EDGE('',*,*,#699,.T.);
#991=ORIENTED_EDGE('',*,*,#700,.T.);
#992=ORIENTED_EDGE('',*,*,#680,.F.);
#993=ORIENTED_EDGE('',*,*,#681,.F.);
#994=ORIENTED_EDGE('',*,*,#700,.F.);
#995=ORIENTED_EDGE('',*,*,#701,.T.);
#996=ORIENTED_EDGE('',*,*,#702,.T.);
#997=ORIENTED_EDGE('',*,*,#682,.F.);
#998=ORIENTED_EDGE('',*,*,#683,.F.);
#999=ORIENTED_EDGE('',*,*,#702,.F.);
#1000=ORIENTED_EDGE('',*,*,#703,.T.);
#1001=ORIENTED_EDGE('',*,*,#696,.T.);
#1002=ORIENTED_EDGE('',*,*,#685,.F.);
#1003=ORIENTED_EDGE('',*,*,#704,.T.);
#1004=ORIENTED_EDGE('',*,*,#705,.T.);
#1005=ORIENTED_EDGE('',*,*,#704,.F.);
#1006=ORIENTED_EDGE('',*,*,#694,.T.);
#1007=ORIENTED_EDGE('',*,*,#706,.F.);
#1008=ORIENTED_EDGE('',*,*,#707,.F.);
#1009=ORIENTED_EDGE('',*,*,#686,.F.);
#1010=ORIENTED_EDGE('',*,*,#707,.T.);
#1011=ORIENTED_EDGE('',*,*,#708,.F.);
#1012=ORIENTED_EDGE('',*,*,#709,.F.);
#1013=ORIENTED_EDGE('',*,*,#688,.F.);
#1014=ORIENTED_EDGE('',*,*,#692,.T.);
#1015=ORIENTED_EDGE('',*,*,#690,.F.);
#1016=ORIENTED_EDGE('',*,*,#709,.T.);
#1017=ORIENTED_EDGE('',*,*,#710,.F.);
#1018=ORIENTED_EDGE('',*,*,#695,.T.);
#1019=ORIENTED_EDGE('',*,*,#693,.F.);
#1020=ORIENTED_EDGE('',*,*,#691,.F.);
#1021=ORIENTED_EDGE('',*,*,#711,.F.);
#1022=ORIENTED_EDGE('',*,*,#711,.T.);
#1023=ORIENTED_EDGE('',*,*,#710,.T.);
#1024=ORIENTED_EDGE('',*,*,#708,.T.);
#1025=ORIENTED_EDGE('',*,*,#706,.T.);
#1026=ORIENTED_EDGE('',*,*,#705,.F.);
#1027=ORIENTED_EDGE('',*,*,#712,.F.);
#1028=ORIENTED_EDGE('',*,*,#703,.F.);
#1029=ORIENTED_EDGE('',*,*,#701,.F.);
#1030=ORIENTED_EDGE('',*,*,#699,.F.);
#1031=ORIENTED_EDGE('',*,*,#697,.F.);
#1032=ORIENTED_EDGE('',*,*,#553,.F.);
#1033=ORIENTED_EDGE('',*,*,#713,.T.);
#1034=ORIENTED_EDGE('',*,*,#712,.T.);
#1035=ORIENTED_EDGE('',*,*,#713,.F.);
#1036=PLANE('',#1144);
#1037=PLANE('',#1146);
#1038=PLANE('',#1158);
#1039=PLANE('',#1167);
#1040=PLANE('',#1176);
#1041=PLANE('',#1179);
#1042=PLANE('',#1201);
#1043=PLANE('',#1203);
#1044=PLANE('',#1205);
#1045=PLANE('',#1210);
#1046=PLANE('',#1215);
#1047=PLANE('',#1219);
#1048=PLANE('',#1250);
#1049=PLANE('',#1251);
#1050=PLANE('',#1252);
#1051=PLANE('',#1253);
#1052=PLANE('',#1255);
#1053=PLANE('',#1258);
#1054=PLANE('',#1262);
#1055=PLANE('',#1266);
#1056=PLANE('',#1267);
#1057=PLANE('',#1268);
#1058=PLANE('',#1269);
#1059=PLANE('',#1279);
#1060=ADVANCED_FACE('',(#250),#1036,.T.);
#1061=ADVANCED_FACE('',(#251),#1037,.F.);
#1062=ADVANCED_FACE('',(#252),#100,.T.);
#1063=ADVANCED_FACE('',(#253),#74,.T.);
#1064=ADVANCED_FACE('',(#254),#75,.T.);
#1065=ADVANCED_FACE('',(#255),#76,.T.);
#1066=ADVANCED_FACE('',(#256,#43),#1038,.T.);
#1067=ADVANCED_FACE('',(#257),#37,.T.);
#1068=ADVANCED_FACE('',(#258),#38,.T.);
#1069=ADVANCED_FACE('',(#259),#1039,.F.);
#1070=ADVANCED_FACE('',(#260),#29,.T.);
#1071=ADVANCED_FACE('',(#261),#30,.T.);
#1072=ADVANCED_FACE('',(#262),#27,.T.);
#1073=ADVANCED_FACE('',(#263),#1040,.T.);
#1074=ADVANCED_FACE('',(#264),#28,.T.);
#1075=ADVANCED_FACE('',(#265),#1041,.T.);
#1076=ADVANCED_FACE('',(#266),#31,.T.);
#1077=ADVANCED_FACE('',(#267),#77,.T.);
#1078=ADVANCED_FACE('',(#268),#78,.T.);
#1079=ADVANCED_FACE('',(#269),#79,.T.);
#1080=ADVANCED_FACE('',(#270),#80,.T.);
#1081=ADVANCED_FACE('',(#271),#81,.T.);
#1082=ADVANCED_FACE('',(#272),#82,.T.);
#1083=ADVANCED_FACE('',(#273),#83,.T.);
#1084=ADVANCED_FACE('',(#274),#32,.T.);
#1085=ADVANCED_FACE('',(#275),#84,.T.);
#1086=ADVANCED_FACE('',(#276),#33,.T.);
#1087=ADVANCED_FACE('',(#277,#44),#1042,.T.);
#1088=ADVANCED_FACE('',(#278),#1043,.F.);
#1089=ADVANCED_FACE('',(#279,#45,#46,#47),#1044,.F.);
#1090=ADVANCED_FACE('',(#280),#34,.F.);
#1091=ADVANCED_FACE('',(#281),#1045,.F.);
#1092=ADVANCED_FACE('',(#282),#39,.T.);
#1093=ADVANCED_FACE('',(#283),#1046,.T.);
#1094=ADVANCED_FACE('',(#284),#40,.T.);
#1095=ADVANCED_FACE('',(#285),#1047,.F.);
#1096=ADVANCED_FACE('',(#286),#35,.F.);
#1097=ADVANCED_FACE('',(#287),#85,.F.);
#1098=ADVANCED_FACE('',(#288),#86,.T.);
#1099=ADVANCED_FACE('',(#289),#36,.T.);
#1100=ADVANCED_FACE('',(#290),#87,.T.);
#1101=ADVANCED_FACE('',(#291),#88,.F.);
#1102=ADVANCED_FACE('',(#292),#89,.F.);
#1103=ADVANCED_FACE('',(#293),#90,.F.);
#1104=ADVANCED_FACE('',(#294),#91,.F.);
#1105=ADVANCED_FACE('',(#295),#101,.F.);
#1106=ADVANCED_FACE('',(#296),#92,.T.);
#1107=ADVANCED_FACE('',(#297),#102,.F.);
#1108=ADVANCED_FACE('',(#298),#93,.F.);
#1109=ADVANCED_FACE('',(#299),#1048,.F.);
#1110=ADVANCED_FACE('',(#300),#1049,.F.);
#1111=ADVANCED_FACE('',(#301),#1050,.F.);
#1112=ADVANCED_FACE('',(#302),#1051,.T.);
#1113=ADVANCED_FACE('',(#303),#1052,.T.);
#1114=ADVANCED_FACE('',(#304),#94,.F.);
#1115=ADVANCED_FACE('',(#305),#1053,.T.);
#1116=ADVANCED_FACE('',(#306),#41,.F.);
#1117=ADVANCED_FACE('',(#307,#48,#49,#50),#1054,.T.);
#1118=ADVANCED_FACE('',(#308),#42,.F.);
#1119=ADVANCED_FACE('',(#309),#1055,.T.);
#1120=ADVANCED_FACE('',(#310),#1056,.T.);
#1121=ADVANCED_FACE('',(#311),#1057,.T.);
#1122=ADVANCED_FACE('',(#312),#1058,.T.);
#1123=ADVANCED_FACE('',(#313),#95,.F.);
#1124=ADVANCED_FACE('',(#314),#96,.F.);
#1125=ADVANCED_FACE('',(#315),#103,.F.);
#1126=ADVANCED_FACE('',(#316),#97,.F.);
#1127=ADVANCED_FACE('',(#317),#98,.F.);
#1128=ADVANCED_FACE('',(#318,#51,#52,#53),#1059,.T.);
#1129=ADVANCED_FACE('',(#319),#99,.F.);
#1130=CLOSED_SHELL('',(#1060,#1061,#1062,#1063,#1064,#1065,#1066,#1067,
#1068,#1069,#1070,#1071,#1072,#1073,#1074,#1075,#1076,#1077,#1078,#1079,
#1080,#1081,#1082,#1083,#1084,#1085,#1086,#1087,#1088,#1089,#1090,#1091,
#1092,#1093,#1094,#1095,#1096,#1097,#1098,#1099,#1100,#1101,#1102,#1103,
#1104,#1105,#1106,#1107,#1108,#1109,#1110,#1111,#1112,#1113,#1114,#1115,
#1116,#1117,#1118,#1119,#1120,#1121,#1122,#1123,#1124,#1125,#1126,#1127,
#1128,#1129));
#1131=DERIVED_UNIT_ELEMENT(#1133,1.);
#1132=DERIVED_UNIT_ELEMENT(#2290,-3.);
#1133=(
MASS_UNIT()
NAMED_UNIT(*)
SI_UNIT(.KILO.,.GRAM.)
);
#1134=DERIVED_UNIT((#1131,#1132));
#1135=MEASURE_REPRESENTATION_ITEM('density measure',
POSITIVE_RATIO_MEASURE(7850.),#1134);
#1136=PROPERTY_DEFINITION_REPRESENTATION(#1141,#1138);
#1137=PROPERTY_DEFINITION_REPRESENTATION(#1142,#1139);
#1138=REPRESENTATION('material name',(#1140),#2287);
#1139=REPRESENTATION('density',(#1135),#2287);
#1140=DESCRIPTIVE_REPRESENTATION_ITEM('Steel','Steel');
#1141=PROPERTY_DEFINITION('material property','material name',#2297);
#1142=PROPERTY_DEFINITION('material property','density of part',#2297);
#1143=AXIS2_PLACEMENT_3D('',#1633,#1282,#1283);
#1144=AXIS2_PLACEMENT_3D('',#1634,#1284,#1285);
#1145=AXIS2_PLACEMENT_3D('',#1636,#1286,#1287);
#1146=AXIS2_PLACEMENT_3D('',#1637,#1288,#1289);
#1147=AXIS2_PLACEMENT_3D('',#1648,#1295,#1296);
#1148=AXIS2_PLACEMENT_3D('',#1650,#1297,#1298);
#1149=AXIS2_PLACEMENT_3D('',#1652,#1299,#1300);
#1150=AXIS2_PLACEMENT_3D('',#1654,#1301,#1302);
#1151=AXIS2_PLACEMENT_3D('',#1655,#1303,#1304);
#1152=AXIS2_PLACEMENT_3D('',#1656,#1305,#1306);
#1153=AXIS2_PLACEMENT_3D('',#1660,#1308,#1309);
#1154=AXIS2_PLACEMENT_3D('',#1662,#1311,#1312);
#1155=AXIS2_PLACEMENT_3D('',#1665,#1314,#1315);
#1156=AXIS2_PLACEMENT_3D('',#1666,#1316,#1317);
#1157=AXIS2_PLACEMENT_3D('',#1669,#1319,#1320);
#1158=AXIS2_PLACEMENT_3D('',#1670,#1321,#1322);
#1159=AXIS2_PLACEMENT_3D('',#1674,#1324,#1325);
#1160=AXIS2_PLACEMENT_3D('',#1678,#1327,#1328);
#1161=AXIS2_PLACEMENT_3D('',#1680,#1330,#1331);
#1162=AXIS2_PLACEMENT_3D('',#1682,#1332,#1333);
#1163=AXIS2_PLACEMENT_3D('',#1683,#1334,#1335);
#1164=AXIS2_PLACEMENT_3D('',#1684,#1336,#1337);
#1165=AXIS2_PLACEMENT_3D('',#1686,#1338,#1339);
#1166=AXIS2_PLACEMENT_3D('',#1687,#1340,#1341);
#1167=AXIS2_PLACEMENT_3D('',#1688,#1342,#1343);
#1168=AXIS2_PLACEMENT_3D('',#1723,#1347,#1348);
#1169=AXIS2_PLACEMENT_3D('',#1724,#1349,#1350);
#1170=AXIS2_PLACEMENT_3D('',#1725,#1351,#1352);
#1171=AXIS2_PLACEMENT_3D('',#1754,#1353,#1354);
#1172=AXIS2_PLACEMENT_3D('',#1756,#1355,#1356);
#1173=AXIS2_PLACEMENT_3D('',#1757,#1357,#1358);
#1174=AXIS2_PLACEMENT_3D('',#1758,#1359,#1360);
#1175=AXIS2_PLACEMENT_3D('',#1763,#1363,#1364);
#1176=AXIS2_PLACEMENT_3D('',#1764,#1365,#1366);
#1177=AXIS2_PLACEMENT_3D('',#1768,#1369,#1370);
#1178=AXIS2_PLACEMENT_3D('',#1771,#1372,#1373);
#1179=AXIS2_PLACEMENT_3D('',#1772,#1374,#1375);
#1180=AXIS2_PLACEMENT_3D('',#1832,#1377,#1378);
#1181=AXIS2_PLACEMENT_3D('',#1834,#1379,#1380);
#1182=AXIS2_PLACEMENT_3D('',#1835,#1381,#1382);
#1183=AXIS2_PLACEMENT_3D('',#1836,#1383,#1384);
#1184=AXIS2_PLACEMENT_3D('',#1838,#1386,#1387);
#1185=AXIS2_PLACEMENT_3D('',#1840,#1389,#1390);
#1186=AXIS2_PLACEMENT_3D('',#1842,#1392,#1393);
#1187=AXIS2_PLACEMENT_3D('',#1845,#1394,#1395);
#1188=AXIS2_PLACEMENT_3D('',#1846,#1396,#1397);
#1189=AXIS2_PLACEMENT_3D('',#1848,#1399,#1400);
#1190=AXIS2_PLACEMENT_3D('',#1850,#1401,#1402);
#1191=AXIS2_PLACEMENT_3D('',#1852,#1404,#1405);
#1192=AXIS2_PLACEMENT_3D('',#1855,#1408,#1409);
#1193=AXIS2_PLACEMENT_3D('',#1858,#1411,#1412);
#1194=AXIS2_PLACEMENT_3D('',#1884,#1413,#1414);
#1195=AXIS2_PLACEMENT_3D('',#1885,#1415,#1416);
#1196=AXIS2_PLACEMENT_3D('',#1886,#1417,#1418);
#1197=AXIS2_PLACEMENT_3D('',#1888,#1419,#1420);
#1198=AXIS2_PLACEMENT_3D('',#1890,#1421,#1422);
#1199=AXIS2_PLACEMENT_3D('',#1905,#1424,#1425);
#1200=AXIS2_PLACEMENT_3D('',#1907,#1426,#1427);
#1201=AXIS2_PLACEMENT_3D('',#1919,#1428,#1429);
#1202=AXIS2_PLACEMENT_3D('',#1921,#1430,#1431);
#1203=AXIS2_PLACEMENT_3D('',#1922,#1432,#1433);
#1204=AXIS2_PLACEMENT_3D('',#1928,#1436,#1437);
#1205=AXIS2_PLACEMENT_3D('',#1932,#1440,#1441);
#1206=AXIS2_PLACEMENT_3D('',#1934,#1442,#1443);
#1207=AXIS2_PLACEMENT_3D('',#1936,#1444,#1445);
#1208=AXIS2_PLACEMENT_3D('',#1938,#1446,#1447);
#1209=AXIS2_PLACEMENT_3D('',#1994,#1448,#1449);
#1210=AXIS2_PLACEMENT_3D('',#2008,#1450,#1451);
#1211=AXIS2_PLACEMENT_3D('',#2010,#1452,#1453);
#1212=AXIS2_PLACEMENT_3D('',#2011,#1454,#1455);
#1213=AXIS2_PLACEMENT_3D('',#2013,#1457,#1458);
#1214=AXIS2_PLACEMENT_3D('',#2014,#1459,#1460);
#1215=AXIS2_PLACEMENT_3D('',#2015,#1461,#1462);
#1216=AXIS2_PLACEMENT_3D('',#2017,#1464,#1465);
#1217=AXIS2_PLACEMENT_3D('',#2019,#1466,#1467);
#1218=AXIS2_PLACEMENT_3D('',#2020,#1468,#1469);
#1219=AXIS2_PLACEMENT_3D('',#2021,#1470,#1471);
#1220=AXIS2_PLACEMENT_3D('',#2037,#1473,#1474);
#1221=AXIS2_PLACEMENT_3D('',#2079,#1475,#1476);
#1222=AXIS2_PLACEMENT_3D('',#2099,#1477,#1478);
#1223=AXIS2_PLACEMENT_3D('',#2102,#1479,#1480);
#1224=AXIS2_PLACEMENT_3D('',#2104,#1481,#1482);
#1225=AXIS2_PLACEMENT_3D('',#2105,#1483,#1484);
#1226=AXIS2_PLACEMENT_3D('',#2107,#1486,#1487);
#1227=AXIS2_PLACEMENT_3D('',#2109,#1488,#1489);
#1228=AXIS2_PLACEMENT_3D('',#2112,#1491,#1492);
#1229=AXIS2_PLACEMENT_3D('',#2171,#1493,#1494);
#1230=AXIS2_PLACEMENT_3D('',#2172,#1495,#1496);
#1231=AXIS2_PLACEMENT_3D('',#2173,#1497,#1498);
#1232=AXIS2_PLACEMENT_3D('',#2175,#1499,#1500);
#1233=AXIS2_PLACEMENT_3D('',#2177,#1502,#1503);
#1234=AXIS2_PLACEMENT_3D('',#2179,#1504,#1505);
#1235=AXIS2_PLACEMENT_3D('',#2181,#1507,#1508);
#1236=AXIS2_PLACEMENT_3D('',#2183,#1509,#1510);
#1237=AXIS2_PLACEMENT_3D('',#2185,#1512,#1513);
#1238=AXIS2_PLACEMENT_3D('',#2187,#1514,#1515);
#1239=AXIS2_PLACEMENT_3D('',#2189,#1517,#1518);
#1240=AXIS2_PLACEMENT_3D('',#2191,#1519,#1520);
#1241=AXIS2_PLACEMENT_3D('',#2195,#1522,#1523);
#1242=AXIS2_PLACEMENT_3D('',#2197,#1525,#1526);
#1243=AXIS2_PLACEMENT_3D('',#2198,#1527,#1528);
#1244=AXIS2_PLACEMENT_3D('',#2199,#1529,#1530);
#1245=AXIS2_PLACEMENT_3D('',#2201,#1532,#1533);
#1246=AXIS2_PLACEMENT_3D('',#2203,#1534,#1535);
#1247=AXIS2_PLACEMENT_3D('',#2204,#1536,#1537);
#1248=AXIS2_PLACEMENT_3D('',#2205,#1538,#1539);
#1249=AXIS2_PLACEMENT_3D('',#2209,#1541,#1542);
#1250=AXIS2_PLACEMENT_3D('',#2211,#1544,#1545);
#1251=AXIS2_PLACEMENT_3D('',#2215,#1548,#1549);
#1252=AXIS2_PLACEMENT_3D('',#2219,#1552,#1553);
#1253=AXIS2_PLACEMENT_3D('',#2225,#1557,#1558);
#1254=AXIS2_PLACEMENT_3D('',#2227,#1559,#1560);
#1255=AXIS2_PLACEMENT_3D('',#2228,#1561,#1562);
#1256=AXIS2_PLACEMENT_3D('',#2232,#1565,#1566);
#1257=AXIS2_PLACEMENT_3D('',#2234,#1567,#1568);
#1258=AXIS2_PLACEMENT_3D('',#2236,#1570,#1571);
#1259=AXIS2_PLACEMENT_3D('',#2238,#1573,#1574);
#1260=AXIS2_PLACEMENT_3D('',#2240,#1575,#1576);
#1261=AXIS2_PLACEMENT_3D('',#2241,#1577,#1578);
#1262=AXIS2_PLACEMENT_3D('',#2242,#1579,#1580);
#1263=AXIS2_PLACEMENT_3D('',#2244,#1582,#1583);
#1264=AXIS2_PLACEMENT_3D('',#2246,#1584,#1585);
#1265=AXIS2_PLACEMENT_3D('',#2247,#1586,#1587);
#1266=AXIS2_PLACEMENT_3D('',#2248,#1588,#1589);
#1267=AXIS2_PLACEMENT_3D('',#2254,#1593,#1594);
#1268=AXIS2_PLACEMENT_3D('',#2258,#1597,#1598);
#1269=AXIS2_PLACEMENT_3D('',#2262,#1601,#1602);
#1270=AXIS2_PLACEMENT_3D('',#2264,#1604,#1605);
#1271=AXIS2_PLACEMENT_3D('',#2267,#1607,#1608);
#1272=AXIS2_PLACEMENT_3D('',#2268,#1609,#1610);
#1273=AXIS2_PLACEMENT_3D('',#2271,#1612,#1613);
#1274=AXIS2_PLACEMENT_3D('',#2272,#1614,#1615);
#1275=AXIS2_PLACEMENT_3D('',#2274,#1616,#1617);
#1276=AXIS2_PLACEMENT_3D('',#2275,#1618,#1619);
#1277=AXIS2_PLACEMENT_3D('',#2276,#1620,#1621);
#1278=AXIS2_PLACEMENT_3D('',#2278,#1623,#1624);
#1279=AXIS2_PLACEMENT_3D('',#2280,#1626,#1627);
#1280=AXIS2_PLACEMENT_3D('',#2282,#1628,#1629);
#1281=AXIS2_PLACEMENT_3D('',#2283,#1630,#1631);
#1282=DIRECTION('axis',(0.,0.,1.));
#1283=DIRECTION('refdir',(1.,0.,0.));
#1284=DIRECTION('center_axis',(0.,0.,1.));
#1285=DIRECTION('ref_axis',(1.,0.,0.));
#1286=DIRECTION('center_axis',(0.,0.,1.));
#1287=DIRECTION('ref_axis',(1.,0.,0.));
#1288=DIRECTION('center_axis',(1.,0.,0.));
#1289=DIRECTION('ref_axis',(0.,0.,-1.));
#1290=DIRECTION('',(0.,0.,-1.));
#1291=DIRECTION('',(0.,-1.,0.));
#1292=DIRECTION('',(0.,0.933776598717541,-0.357856484763796));
#1293=DIRECTION('',(0.,0.,-1.));
#1294=DIRECTION('',(0.,-1.,0.));
#1295=DIRECTION('center_axis',(0.,0.,-1.));
#1296=DIRECTION('ref_axis',(-1.,0.,0.));
#1297=DIRECTION('center_axis',(0.,1.,0.));
#1298=DIRECTION('ref_axis',(0.,0.,1.));
#1299=DIRECTION('center_axis',(0.,0.,-1.));
#1300=DIRECTION('ref_axis',(-1.,0.,0.));
#1301=DIRECTION('center_axis',(0.,-1.,0.));
#1302=DIRECTION('ref_axis',(0.,0.,-1.));
#1303=DIRECTION('center_axis',(0.,0.,-1.));
#1304=DIRECTION('ref_axis',(-1.,0.,0.));
#1305=DIRECTION('center_axis',(0.,-1.,0.));
#1306=DIRECTION('ref_axis',(0.,0.,-1.));
#1307=DIRECTION('',(0.,1.,0.));
#1308=DIRECTION('center_axis',(0.,-1.,0.));
#1309=DIRECTION('ref_axis',(0.,0.,-1.));
#1310=DIRECTION('',(0.,1.,0.));
#1311=DIRECTION('center_axis',(0.,1.,0.));
#1312=DIRECTION('ref_axis',(0.,0.,1.));
#1313=DIRECTION('',(0.,-1.,0.));
#1314=DIRECTION('center_axis',(0.,1.,0.));
#1315=DIRECTION('ref_axis',(0.,0.,1.));
#1316=DIRECTION('center_axis',(0.,0.,-1.));
#1317=DIRECTION('ref_axis',(-1.,0.,0.));
#1318=DIRECTION('',(0.,0.,-1.));
#1319=DIRECTION('center_axis',(0.,0.338727172909835,0.94088463816374));
#1320=DIRECTION('ref_axis',(0.,0.940884638163739,-0.338727172909835));
#1321=DIRECTION('center_axis',(0.,0.,-1.));
#1322=DIRECTION('ref_axis',(-1.,0.,0.));
#1323=DIRECTION('',(1.,1.25347760844776E-16,0.));
#1324=DIRECTION('center_axis',(0.,0.,-1.));
#1325=DIRECTION('ref_axis',(-1.,0.,0.));
#1326=DIRECTION('',(-6.54982646202148E-16,1.,0.));
#1327=DIRECTION('center_axis',(0.,0.,-1.));
#1328=DIRECTION('ref_axis',(-1.,0.,0.));
#1329=DIRECTION('',(-6.54982646202148E-16,-1.,0.));
#1330=DIRECTION('center_axis',(0.,0.,1.));
#1331=DIRECTION('ref_axis',(1.,0.,0.));
#1332=DIRECTION('center_axis',(-1.,0.,0.));
#1333=DIRECTION('ref_axis',(0.,0.,1.));
#1334=DIRECTION('center_axis',(0.,0.,1.));
#1335=DIRECTION('ref_axis',(1.,0.,0.));
#1336=DIRECTION('center_axis',(0.,0.,1.));
#1337=DIRECTION('ref_axis',(1.,0.,0.));
#1338=DIRECTION('center_axis',(-1.,0.,0.));
#1339=DIRECTION('ref_axis',(0.,0.,1.));
#1340=DIRECTION('center_axis',(0.,0.,1.));
#1341=DIRECTION('ref_axis',(1.,0.,0.));
#1342=DIRECTION('center_axis',(-1.,0.,0.));
#1343=DIRECTION('ref_axis',(0.,0.,1.));
#1344=DIRECTION('',(0.,-0.933776598717541,0.357856484763796));
#1345=DIRECTION('',(0.,1.,0.));
#1346=DIRECTION('',(0.,0.,-1.));
#1347=DIRECTION('center_axis',(0.894427190999916,1.09535739652841E-16,-0.447213595499958));
#1348=DIRECTION('ref_axis',(-0.447213595499958,9.69739903612215E-17,-0.894427190999916));
#1349=DIRECTION('center_axis',(0.447213595499958,5.47678698264203E-17,-0.894427190999916));
#1350=DIRECTION('ref_axis',(-0.894427190999916,0.,-0.447213595499958));
#1351=DIRECTION('center_axis',(0.,-1.,-2.16840434497101E-15));
#1352=DIRECTION('ref_axis',(0.,2.16840434497101E-15,-1.));
#1353=DIRECTION('center_axis',(0.447213595499958,5.47678698264203E-17,0.894427190999916));
#1354=DIRECTION('ref_axis',(0.894427190999916,0.,-0.447213595499958));
#1355=DIRECTION('center_axis',(0.894427190999916,1.09535739652841E-16,0.447213595499958));
#1356=DIRECTION('ref_axis',(0.447213595499958,-9.69739903612215E-17,-0.894427190999916));
#1357=DIRECTION('center_axis',(0.,1.,2.60208521396521E-15));
#1358=DIRECTION('ref_axis',(0.,-2.60208521396521E-15,1.));
#1359=DIRECTION('center_axis',(0.,0.,1.));
#1360=DIRECTION('ref_axis',(1.,0.,0.));
#1361=DIRECTION('',(0.81915204428899,1.27359553203875E-15,-0.573576436351049));
#1362=DIRECTION('',(0.819152044288991,0.,0.573576436351048));
#1363=DIRECTION('center_axis',(0.,0.,-1.));
#1364=DIRECTION('ref_axis',(-1.,0.,0.));
#1365=DIRECTION('center_axis',(-0.573576436351049,-5.87004081375636E-16,
-0.81915204428899));
#1366=DIRECTION('ref_axis',(-0.81915204428899,0.,0.573576436351049));
#1367=DIRECTION('',(-6.54982646202147E-16,1.,0.));
#1368=DIRECTION('',(0.819152044288989,0.,-0.57357643635105));
#1369=DIRECTION('center_axis',(0.,0.,1.));
#1370=DIRECTION('ref_axis',(1.,0.,0.));
#1371=DIRECTION('',(0.819152044288991,0.,0.573576436351047));
#1372=DIRECTION('center_axis',(0.,0.,-1.));
#1373=DIRECTION('ref_axis',(-1.,0.,0.));
#1374=DIRECTION('center_axis',(0.573576436351048,-5.87004081375635E-16,
-0.819152044288991));
#1375=DIRECTION('ref_axis',(-0.819152044288991,0.,-0.573576436351047));
#1376=DIRECTION('',(-6.54982646202147E-16,-1.,0.));
#1377=DIRECTION('center_axis',(1.55195511287573E-16,0.933776598717541,-0.357856484763795));
#1378=DIRECTION('ref_axis',(0.,0.357856484763795,0.933776598717541));
#1379=DIRECTION('center_axis',(7.75977556437864E-16,-0.933776598717541,
0.357856484763795));
#1380=DIRECTION('ref_axis',(0.,-0.357856484763795,-0.933776598717541));
#1381=DIRECTION('center_axis',(0.,-0.357856484763796,-0.933776598717541));
#1382=DIRECTION('ref_axis',(0.,0.933776598717541,-0.357856484763796));
#1383=DIRECTION('center_axis',(-1.,-1.22464679914735E-16,0.));
#1384=DIRECTION('ref_axis',(1.22464679914735E-16,-1.,0.));
#1385=DIRECTION('',(1.,1.22464679914735E-16,0.));
#1386=DIRECTION('center_axis',(0.,0.,-1.));
#1387=DIRECTION('ref_axis',(-1.,0.,0.));
#1388=DIRECTION('',(0.,0.,-1.));
#1389=DIRECTION('center_axis',(0.,0.,-1.));
#1390=DIRECTION('ref_axis',(-1.,0.,0.));
#1391=DIRECTION('',(0.,0.,-1.));
#1392=DIRECTION('center_axis',(0.,-0.933776598717541,0.357856484763796));
#1393=DIRECTION('ref_axis',(0.,-0.357856484763796,-0.933776598717541));
#1394=DIRECTION('center_axis',(0.,-5.14846728627125E-15,-1.));
#1395=DIRECTION('ref_axis',(0.,-1.,5.14846728627125E-15));
#1396=DIRECTION('center_axis',(0.,0.284023972767552,-0.958817179077084));
#1397=DIRECTION('ref_axis',(0.,-0.958817179077084,-0.284023972767552));
#1398=DIRECTION('',(0.,-0.933776598717541,0.357856484763796));
#1399=DIRECTION('center_axis',(0.,-1.,0.));
#1400=DIRECTION('ref_axis',(0.,0.,-1.));
#1401=DIRECTION('center_axis',(3.46944695195361E-15,-1.,0.));
#1402=DIRECTION('ref_axis',(1.,3.46944695195361E-15,0.));
#1403=DIRECTION('',(0.,1.,0.));
#1404=DIRECTION('center_axis',(-1.,-1.22464679914735E-16,0.));
#1405=DIRECTION('ref_axis',(1.22464679914735E-16,-1.,0.));
#1406=DIRECTION('',(1.,1.21430643318376E-16,0.));
#1407=DIRECTION('',(1.,1.22464679914735E-16,0.));
#1408=DIRECTION('center_axis',(0.,1.,0.));
#1409=DIRECTION('ref_axis',(0.,0.,1.));
#1410=DIRECTION('',(0.,-1.,0.));
#1411=DIRECTION('center_axis',(0.,1.,3.46944695195361E-15));
#1412=DIRECTION('ref_axis',(0.,-3.46944695195361E-15,1.));
#1413=DIRECTION('center_axis',(-0.116391343169002,0.993203430942179,1.75363900651275E-16));
#1414=DIRECTION('ref_axis',(-0.993203430942179,-0.116391343169002,0.));
#1415=DIRECTION('center_axis',(0.,0.,1.));
#1416=DIRECTION('ref_axis',(0.,-1.,0.));
#1417=DIRECTION('center_axis',(0.,0.933776598717541,-0.357856484763796));
#1418=DIRECTION('ref_axis',(0.,0.357856484763796,0.933776598717541));
#1419=DIRECTION('center_axis',(0.,0.284023972767552,-0.958817179077084));
#1420=DIRECTION('ref_axis',(0.,0.958817179077084,0.284023972767552));
#1421=DIRECTION('center_axis',(0.,-5.14846728627125E-15,-1.));
#1422=DIRECTION('ref_axis',(0.,1.,-5.14846728627125E-15));
#1423=DIRECTION('',(0.,0.933776598717541,-0.357856484763796));
#1424=DIRECTION('center_axis',(0.,0.,1.));
#1425=DIRECTION('ref_axis',(0.,1.,0.));
#1426=DIRECTION('center_axis',(-0.116391343169196,-0.993203430942156,0.));
#1427=DIRECTION('ref_axis',(0.993203430942156,-0.116391343169196,0.));
#1428=DIRECTION('center_axis',(0.,0.,-1.));
#1429=DIRECTION('ref_axis',(-1.,0.,0.));
#1430=DIRECTION('center_axis',(0.,0.,-1.));
#1431=DIRECTION('ref_axis',(-1.,0.,0.));
#1432=DIRECTION('center_axis',(0.,-0.357856484763796,-0.933776598717541));
#1433=DIRECTION('ref_axis',(-1.,0.,0.));
#1434=DIRECTION('',(1.,0.,0.));
#1435=DIRECTION('',(-7.10946134409002E-16,0.933776598717541,-0.357856484763795));
#1436=DIRECTION('center_axis',(0.,-0.357856484763796,-0.933776598717541));
#1437=DIRECTION('ref_axis',(0.,0.933776598717541,-0.357856484763796));
#1438=DIRECTION('',(0.,-0.933776598717541,0.357856484763796));
#1439=DIRECTION('',(1.,0.,0.));
#1440=DIRECTION('center_axis',(-1.22464679914735E-16,1.,0.));
#1441=DIRECTION('ref_axis',(0.,0.,1.));
#1442=DIRECTION('center_axis',(1.22464679914735E-16,-1.,0.));
#1443=DIRECTION('ref_axis',(1.,1.22464679914735E-16,0.));
#1444=DIRECTION('center_axis',(1.22464679914735E-16,-1.,0.));
#1445=DIRECTION('ref_axis',(1.,1.22464679914735E-16,0.));
#1446=DIRECTION('center_axis',(1.22464679914735E-16,-1.,0.));
#1447=DIRECTION('ref_axis',(1.,1.22464679914735E-16,0.));
#1448=DIRECTION('center_axis',(0.0125700374394644,0.,0.999920993958408));
#1449=DIRECTION('ref_axis',(0.999920993958408,0.,-0.0125700374394644));
#1450=DIRECTION('center_axis',(0.,-5.14846728627125E-15,-1.));
#1451=DIRECTION('ref_axis',(-1.,0.,0.));
#1452=DIRECTION('center_axis',(0.,-5.14846728627125E-15,-1.));
#1453=DIRECTION('ref_axis',(0.,1.,-5.14846728627125E-15));
#1454=DIRECTION('center_axis',(0.,-5.14846728627125E-15,-1.));
#1455=DIRECTION('ref_axis',(0.,1.,-5.14846728627125E-15));
#1456=DIRECTION('',(1.,0.,0.));
#1457=DIRECTION('center_axis',(1.,0.,0.));
#1458=DIRECTION('ref_axis',(0.,-1.,0.));
#1459=DIRECTION('center_axis',(-1.,0.,-1.80411241501588E-13));
#1460=DIRECTION('ref_axis',(-1.80411241501588E-13,0.,1.));
#1461=DIRECTION('center_axis',(0.,0.,1.));
#1462=DIRECTION('ref_axis',(1.,0.,0.));
#1463=DIRECTION('',(1.,0.,0.));
#1464=DIRECTION('center_axis',(1.,0.,0.));
#1465=DIRECTION('ref_axis',(0.,-1.,0.));
#1466=DIRECTION('center_axis',(0.,-5.14846728627125E-15,-1.));
#1467=DIRECTION('ref_axis',(0.,1.,-5.14846728627125E-15));
#1468=DIRECTION('center_axis',(-1.,0.,0.));
#1469=DIRECTION('ref_axis',(0.,0.,1.));
#1470=DIRECTION('center_axis',(0.,-5.14846728627125E-15,-1.));
#1471=DIRECTION('ref_axis',(-1.,0.,0.));
#1472=DIRECTION('',(1.,0.,0.));
#1473=DIRECTION('center_axis',(0.,-5.14846728627125E-15,-1.));
#1474=DIRECTION('ref_axis',(5.66440318686404E-16,-1.,5.14846728627125E-15));
#1475=DIRECTION('center_axis',(-0.0125700374394471,1.04075185340503E-14,
0.999920993958408));
#1476=DIRECTION('ref_axis',(0.999920993958408,0.,0.0125700374394471));
#1477=DIRECTION('center_axis',(0.,0.,-1.));
#1478=DIRECTION('ref_axis',(-1.,0.,0.));
#1479=DIRECTION('center_axis',(0.,0.,1.));
#1480=DIRECTION('ref_axis',(1.,0.,0.));
#1481=DIRECTION('center_axis',(0.,0.,1.));
#1482=DIRECTION('ref_axis',(1.,0.,0.));
#1483=DIRECTION('center_axis',(0.,0.,1.));
#1484=DIRECTION('ref_axis',(1.,0.,0.));
#1485=DIRECTION('',(0.,0.,-1.));
#1486=DIRECTION('center_axis',(5.28928714159471E-16,-0.933776598717541,
0.357856484763796));
#1487=DIRECTION('ref_axis',(0.,-0.357856484763796,-0.933776598717541));
#1488=DIRECTION('center_axis',(-4.19800789150334E-16,-0.958817179077084,
-0.284023972767552));
#1489=DIRECTION('ref_axis',(0.,-0.284023972767552,0.958817179077084));
#1490=DIRECTION('',(-6.91133519835045E-16,0.933776598717541,-0.357856484763796));
#1491=DIRECTION('center_axis',(0.,-0.933776598717541,0.357856484763795));
#1492=DIRECTION('ref_axis',(0.,-0.357856484763795,-0.933776598717541));
#1493=DIRECTION('center_axis',(0.,0.933776598717541,-0.357856484763794));
#1494=DIRECTION('ref_axis',(0.,0.357856484763794,0.933776598717541));
#1495=DIRECTION('center_axis',(0.,0.369330539536962,0.929298096718882));
#1496=DIRECTION('ref_axis',(0.,0.929298096718882,-0.369330539536962));
#1497=DIRECTION('center_axis',(0.,0.933776598717541,-0.357856484763796));
#1498=DIRECTION('ref_axis',(0.,0.357856484763796,0.933776598717541));
#1499=DIRECTION('center_axis',(0.,-0.958817179077084,-0.284023972767552));
#1500=DIRECTION('ref_axis',(0.,0.284023972767552,-0.958817179077084));
#1501=DIRECTION('',(0.,-0.933776598717541,0.357856484763795));
#1502=DIRECTION('center_axis',(1.22464679914735E-16,-1.,0.));
#1503=DIRECTION('ref_axis',(1.,1.22464679914735E-16,0.));
#1504=DIRECTION('center_axis',(0.,1.,0.));
#1505=DIRECTION('ref_axis',(0.,0.,1.));
#1506=DIRECTION('',(1.22464679914735E-16,-1.,0.));
#1507=DIRECTION('center_axis',(1.22464679914735E-16,-1.,0.));
#1508=DIRECTION('ref_axis',(1.,1.22464679914735E-16,0.));
#1509=DIRECTION('center_axis',(0.,1.,0.));
#1510=DIRECTION('ref_axis',(0.,0.,1.));
#1511=DIRECTION('',(1.22464679914735E-16,-1.,0.));
#1512=DIRECTION('center_axis',(1.22464679914735E-16,-1.,0.));
#1513=DIRECTION('ref_axis',(1.,1.22464679914735E-16,0.));
#1514=DIRECTION('center_axis',(0.,1.,0.));
#1515=DIRECTION('ref_axis',(0.,0.,1.));
#1516=DIRECTION('',(1.22464679914735E-16,-1.,0.));
#1517=DIRECTION('center_axis',(0.,0.,1.));
#1518=DIRECTION('ref_axis',(1.,0.,0.));
#1519=DIRECTION('center_axis',(-1.38777878078144E-14,0.,1.));
#1520=DIRECTION('ref_axis',(1.,0.,1.38777878078144E-14));
#1521=DIRECTION('',(0.,0.,-1.));
#1522=DIRECTION('center_axis',(0.,0.,1.));
#1523=DIRECTION('ref_axis',(1.,0.,0.));
#1524=DIRECTION('',(0.,0.,-1.));
#1525=DIRECTION('center_axis',(-1.77699277317596E-5,-0.999999999842114,
5.34175352440031E-8));
#1526=DIRECTION('ref_axis',(0.,-5.34175351925412E-8,-0.999999999999999));
#1527=DIRECTION('center_axis',(0.,1.,0.));
#1528=DIRECTION('ref_axis',(0.,0.,-1.));
#1529=DIRECTION('center_axis',(1.,0.,0.));
#1530=DIRECTION('ref_axis',(0.,0.,-1.));
#1531=DIRECTION('',(1.,0.,0.));
#1532=DIRECTION('center_axis',(-1.8676234851984E-5,-0.999999999825585,-1.70673062538903E-7));
#1533=DIRECTION('ref_axis',(0.,1.70673062971726E-7,-0.999999999999985));
#1534=DIRECTION('center_axis',(0.,1.,0.));
#1535=DIRECTION('ref_axis',(1.47804702912843E-15,0.,1.));
#1536=DIRECTION('center_axis',(1.38777878078144E-14,0.,1.));
#1537=DIRECTION('ref_axis',(1.,0.,-1.38777878078144E-14));
#1538=DIRECTION('center_axis',(0.,0.,1.));
#1539=DIRECTION('ref_axis',(1.,0.,0.));
#1540=DIRECTION('',(0.,0.,-1.));
#1541=DIRECTION('center_axis',(0.,0.,1.));
#1542=DIRECTION('ref_axis',(1.,0.,0.));
#1543=DIRECTION('',(0.,0.,-1.));
#1544=DIRECTION('center_axis',(0.,0.,-1.));
#1545=DIRECTION('ref_axis',(-1.,0.,0.));
#1546=DIRECTION('',(0.,1.,0.));
#1547=DIRECTION('',(-1.,0.,0.));
#1548=DIRECTION('center_axis',(0.,0.,-1.));
#1549=DIRECTION('ref_axis',(-1.,0.,0.));
#1550=DIRECTION('',(-1.,0.,0.));
#1551=DIRECTION('',(0.,-1.,0.));
#1552=DIRECTION('center_axis',(0.,0.,-1.));
#1553=DIRECTION('ref_axis',(-1.,0.,0.));
#1554=DIRECTION('',(0.,-1.,0.));
#1555=DIRECTION('',(1.,0.,0.));
#1556=DIRECTION('',(0.,1.,0.));
#1557=DIRECTION('center_axis',(0.,0.,1.));
#1558=DIRECTION('ref_axis',(1.,0.,0.));
#1559=DIRECTION('center_axis',(0.,0.,1.));
#1560=DIRECTION('ref_axis',(1.,0.,0.));
#1561=DIRECTION('center_axis',(1.,5.66440318686405E-16,0.));
#1562=DIRECTION('ref_axis',(0.,0.,-1.));
#1563=DIRECTION('',(7.40148683083572E-16,-1.,0.));
#1564=DIRECTION('',(0.,0.,-1.));
#1565=DIRECTION('center_axis',(0.,0.,-1.));
#1566=DIRECTION('ref_axis',(-1.,0.,0.));
#1567=DIRECTION('center_axis',(0.,0.,1.));
#1568=DIRECTION('ref_axis',(1.,0.,0.));
#1569=DIRECTION('',(0.,0.,-1.));
#1570=DIRECTION('center_axis',(-1.,0.,0.));
#1571=DIRECTION('ref_axis',(0.,0.,1.));
#1572=DIRECTION('',(0.,1.,0.));
#1573=DIRECTION('center_axis',(0.,0.,1.));
#1574=DIRECTION('ref_axis',(1.,0.,0.));
#1575=DIRECTION('center_axis',(-1.,0.,0.));
#1576=DIRECTION('ref_axis',(0.,0.,1.));
#1577=DIRECTION('center_axis',(0.,1.,0.));
#1578=DIRECTION('ref_axis',(0.,0.,1.));
#1579=DIRECTION('center_axis',(0.,1.,0.));
#1580=DIRECTION('ref_axis',(0.,0.,1.));
#1581=DIRECTION('',(1.,0.,0.));
#1582=DIRECTION('center_axis',(0.,0.,1.));
#1583=DIRECTION('ref_axis',(1.,0.,0.));
#1584=DIRECTION('center_axis',(0.,1.,0.));
#1585=DIRECTION('ref_axis',(0.,0.,1.));
#1586=DIRECTION('center_axis',(1.,0.,0.));
#1587=DIRECTION('ref_axis',(0.,0.,-1.));
#1588=DIRECTION('center_axis',(-1.,0.,0.));
#1589=DIRECTION('ref_axis',(0.,0.,1.));
#1590=DIRECTION('',(0.,0.,-1.));
#1591=DIRECTION('',(0.,1.,0.));
#1592=DIRECTION('',(0.,0.,-1.));
#1593=DIRECTION('center_axis',(0.,-1.,0.));
#1594=DIRECTION('ref_axis',(0.,0.,-1.));
#1595=DIRECTION('',(-1.,0.,0.));
#1596=DIRECTION('',(0.,0.,-1.));
#1597=DIRECTION('center_axis',(1.,0.,0.));
#1598=DIRECTION('ref_axis',(0.,0.,-1.));
#1599=DIRECTION('',(0.,-1.,0.));
#1600=DIRECTION('',(0.,0.,-1.));
#1601=DIRECTION('center_axis',(0.,1.,0.));
#1602=DIRECTION('ref_axis',(0.,0.,1.));
#1603=DIRECTION('',(1.,0.,0.));
#1604=DIRECTION('center_axis',(0.,0.,1.));
#1605=DIRECTION('ref_axis',(1.,0.,0.));
#1606=DIRECTION('',(0.,0.,1.));
#1607=DIRECTION('center_axis',(0.,0.,1.));
#1608=DIRECTION('ref_axis',(1.,0.,0.));
#1609=DIRECTION('center_axis',(-5.66440318686405E-16,1.,0.));
#1610=DIRECTION('ref_axis',(-1.,-5.66440318686405E-16,0.));
#1611=DIRECTION('',(7.40148683083572E-16,-1.,0.));
#1612=DIRECTION('center_axis',(0.,-1.,0.));
#1613=DIRECTION('ref_axis',(0.,0.,-1.));
#1614=DIRECTION('center_axis',(0.,0.,1.));
#1615=DIRECTION('ref_axis',(1.,0.,0.));
#1616=DIRECTION('center_axis',(0.,0.,1.));
#1617=DIRECTION('ref_axis',(1.,0.,0.));
#1618=DIRECTION('center_axis',(0.,1.,0.));
#1619=DIRECTION('ref_axis',(0.,0.,1.));
#1620=DIRECTION('center_axis',(0.,-1.,0.));
#1621=DIRECTION('ref_axis',(0.,0.,-1.));
#1622=DIRECTION('',(0.,1.,0.));
#1623=DIRECTION('center_axis',(-1.,0.,0.));
#1624=DIRECTION('ref_axis',(0.,0.,1.));
#1625=DIRECTION('',(1.,0.,0.));
#1626=DIRECTION('center_axis',(0.,0.,1.));
#1627=DIRECTION('ref_axis',(1.,0.,0.));
#1628=DIRECTION('center_axis',(0.,0.,1.));
#1629=DIRECTION('ref_axis',(1.,0.,0.));
#1630=DIRECTION('center_axis',(0.,0.,1.));
#1631=DIRECTION('ref_axis',(1.,0.,0.));
#1632=DIRECTION('',(0.,0.,1.));
#1633=CARTESIAN_POINT('',(0.,0.,0.));
#1634=CARTESIAN_POINT('Origin',(-64.0944534936958,9.21551019760385,-11.5));
#1635=CARTESIAN_POINT('',(-65.0944534936958,9.21551019760385,-11.5));
#1636=CARTESIAN_POINT('Origin',(-64.0944534936958,9.21551019760385,-11.5));
#1637=CARTESIAN_POINT('Origin',(-80.5944534936958,0.,-12.5));
#1638=CARTESIAN_POINT('',(-80.5944534936958,1.,-13.));
#1639=CARTESIAN_POINT('',(-80.5944534936958,1.,13.));
#1640=CARTESIAN_POINT('',(-80.5944534936958,1.,13.));
#1641=CARTESIAN_POINT('',(-80.5944534936958,4.06517523171809,13.));
#1642=CARTESIAN_POINT('',(-80.5944534936958,4.06517523171809,13.));
#1643=CARTESIAN_POINT('',(-80.5944534936958,29.4999999999956,3.25246831559096));
#1644=CARTESIAN_POINT('',(-80.5944534936958,4.06517523171809,13.));
#1645=CARTESIAN_POINT('',(-80.5944534936958,29.4999999999956,-13.));
#1646=CARTESIAN_POINT('',(-80.5944534936958,29.4999999999956,3.25246831559096));
#1647=CARTESIAN_POINT('',(-80.5944534936958,29.4999999999956,-13.));
#1648=CARTESIAN_POINT('Origin',(-64.0944534936959,29.4999999999956,-13.));
#1649=CARTESIAN_POINT('',(-79.5944534936959,29.4999999999956,-14.));
#1650=CARTESIAN_POINT('Origin',(-79.5944534936959,29.4999999999956,-13.));
#1651=CARTESIAN_POINT('',(-47.5944534936958,29.4999999999956,-13.));
#1652=CARTESIAN_POINT('Origin',(-64.0944534936959,29.4999999999956,-13.));
#1653=CARTESIAN_POINT('',(-48.5944534936959,29.4999999999956,-14.));
#1654=CARTESIAN_POINT('Origin',(-48.5944534936959,29.4999999999956,-13.));
#1655=CARTESIAN_POINT('Origin',(-64.0944534936959,29.4999999999956,-14.));
#1656=CARTESIAN_POINT('Origin',(-48.5944534936959,4.04133443718627E-15,
-13.));
#1657=CARTESIAN_POINT('',(-47.5944534936958,1.,-13.));
#1658=CARTESIAN_POINT('',(-47.5944534936958,1.,-13.));
#1659=CARTESIAN_POINT('',(-48.5944534936959,1.,-14.));
#1660=CARTESIAN_POINT('Origin',(-48.5944534936959,1.,-13.));
#1661=CARTESIAN_POINT('',(-48.5944534936959,1.,-14.));
#1662=CARTESIAN_POINT('Origin',(-79.5944534936959,0.,-13.));
#1663=CARTESIAN_POINT('',(-79.5944534936959,1.,-14.));
#1664=CARTESIAN_POINT('',(-79.5944534936959,29.4999999999956,-14.));
#1665=CARTESIAN_POINT('Origin',(-79.5944534936959,1.,-13.));
#1666=CARTESIAN_POINT('Origin',(-64.0944534936959,29.4999999999956,-12.5));
#1667=CARTESIAN_POINT('',(-47.5944534936958,29.4999999999956,3.25246831559096));
#1668=CARTESIAN_POINT('',(-47.5944534936958,29.4999999999956,3.25246831559096));
#1669=CARTESIAN_POINT('Origin',(-64.0944534936959,29.4999999999956,3.25246831559096));
#1670=CARTESIAN_POINT('Origin',(-64.0944534936959,29.4999999999956,-14.));
#1671=CARTESIAN_POINT('',(-79.5944534936959,1.,-14.));
#1672=CARTESIAN_POINT('',(-77.5944534936959,29.6739820751057,-14.));
#1673=CARTESIAN_POINT('',(-50.5944534936958,29.6739820751057,-14.));
#1674=CARTESIAN_POINT('Origin',(-64.0944534936959,29.6739820751057,-14.));
#1675=CARTESIAN_POINT('',(-77.5944534936958,16.1136469295848,-14.));
#1676=CARTESIAN_POINT('',(-77.5944534936958,16.1136469295848,-14.));
#1677=CARTESIAN_POINT('',(-50.5944534936959,16.1136469295848,-14.));
#1678=CARTESIAN_POINT('Origin',(-64.0944534936959,16.1136469295848,-14.));
#1679=CARTESIAN_POINT('',(-50.5944534936958,29.6739820751057,-14.));
#1680=CARTESIAN_POINT('Origin',(-79.5944534936959,1.,-13.));
#1681=CARTESIAN_POINT('',(-79.5944534936959,1.22464679914736E-16,-13.));
#1682=CARTESIAN_POINT('Origin',(-79.5944534936959,1.,-13.));
#1683=CARTESIAN_POINT('Origin',(-79.5944534936959,1.,-13.));
#1684=CARTESIAN_POINT('Origin',(-48.5944534936959,1.,-13.));
#1685=CARTESIAN_POINT('',(-48.5944534936959,3.91886975727153E-15,-13.));
#1686=CARTESIAN_POINT('Origin',(-48.5944534936959,1.,-13.));
#1687=CARTESIAN_POINT('Origin',(-48.5944534936959,1.,-13.));
#1688=CARTESIAN_POINT('Origin',(-47.5944534936958,4.04133443718627E-15,
-12.5));
#1689=CARTESIAN_POINT('',(-47.5944534936958,4.06517523171809,13.));
#1690=CARTESIAN_POINT('',(-47.5944534936958,29.4999999999957,3.25246831559097));
#1691=CARTESIAN_POINT('',(-47.5944534936958,1.,13.));
#1692=CARTESIAN_POINT('',(-47.5944534936958,1.,13.));
#1693=CARTESIAN_POINT('',(-47.5944534936958,1.,13.));
#1694=CARTESIAN_POINT('Ctrl Pts',(-48.5944534936959,3.57786716920216E-15,
12.5));
#1695=CARTESIAN_POINT('Ctrl Pts',(-48.5944534936959,3.57786716920216E-15,
12.5));
#1696=CARTESIAN_POINT('Ctrl Pts',(-48.5944534936959,3.57786716920216E-15,
12.5));
#1697=CARTESIAN_POINT('Ctrl Pts',(-48.4635342308676,3.57786716920216E-15,
12.5654304089593));
#1698=CARTESIAN_POINT('Ctrl Pts',(-48.4962689497236,3.57786716920217E-15,
12.5981650623297));
#1699=CARTESIAN_POINT('Ctrl Pts',(-48.5290036031131,3.57786716920216E-15,
12.6308997811662));
#1700=CARTESIAN_POINT('Ctrl Pts',(-48.2017424452417,0.0520697183222092,
12.6962679709367));
#1701=CARTESIAN_POINT('Ctrl Pts',(-48.2922724566284,0.0268520490720428,
12.8021210077804));
#1702=CARTESIAN_POINT('Ctrl Pts',(-48.3981241955451,0.0520551123076296,
12.8926585963001));
#1703=CARTESIAN_POINT('Ctrl Pts',(-47.9244082076174,0.237505411867029,12.8348779069167));
#1704=CARTESIAN_POINT('Ctrl Pts',(-48.0457086652739,0.133894560455758,13.048632319856));
#1705=CARTESIAN_POINT('Ctrl Pts',(-48.259462845926,0.237450778597599,13.1699812955423));
#1706=CARTESIAN_POINT('Ctrl Pts',(-47.7575839623679,0.440928890370915,12.9182571519387));
#1707=CARTESIAN_POINT('Ctrl Pts',(-47.8557751152206,0.291863695813755,13.2385242366597));
#1708=CARTESIAN_POINT('Ctrl Pts',(-48.176042347532,0.440857232503168,13.3368222923236));
#1709=CARTESIAN_POINT('Ctrl Pts',(-47.6645909246458,0.614913182254839,12.9647352970951));
#1710=CARTESIAN_POINT('Ctrl Pts',(-47.7215491277112,0.468101891903749,13.3727209490211));
#1711=CARTESIAN_POINT('Ctrl Pts',(-48.1295350138122,0.614847279795743,13.4298369597835));
#1712=CARTESIAN_POINT('Ctrl Pts',(-47.6073120285147,0.803788639367141,12.9933630309252));
#1713=CARTESIAN_POINT('Ctrl Pts',(-47.6200257952541,0.70951101285656,13.4742225959925));
#1714=CARTESIAN_POINT('Ctrl Pts',(-48.1008854920283,0.803748461244079,13.4871360032745));
#1715=CARTESIAN_POINT('Ctrl Pts',(-47.5944340158502,0.934762239078655,12.9997992996558));
#1716=CARTESIAN_POINT('Ctrl Pts',(-47.5942033373349,0.9021067547758,13.5000396465476));
#1717=CARTESIAN_POINT('Ctrl Pts',(-48.0944437284594,0.93474850286225,13.5000195306039));
#1718=CARTESIAN_POINT('Ctrl Pts',(-47.5944535824136,1.00029759512949,12.999789520599));
#1719=CARTESIAN_POINT('Ctrl Pts',(-47.5942430824205,1.00044655033418,13.4999999097854));
#1720=CARTESIAN_POINT('Ctrl Pts',(-48.0944535159179,1.00029765778732,13.4999999555552));
#1721=CARTESIAN_POINT('',(-48.5944534936959,3.91886975727153E-15,12.5));
#1722=CARTESIAN_POINT('',(-48.0944534936958,1.,13.5));
#1723=CARTESIAN_POINT('Origin',(-48.5944534936959,1.,12.5));
#1724=CARTESIAN_POINT('Origin',(-48.5944534936959,1.,12.5));
#1725=CARTESIAN_POINT('Origin',(-48.0944534936958,1.,13.));
#1726=CARTESIAN_POINT('Ctrl Pts',(-79.5944534936959,-3.25260651745651E-16,
12.5));
#1727=CARTESIAN_POINT('Ctrl Pts',(-79.5944534936959,-3.25260651745651E-16,
12.5));
#1728=CARTESIAN_POINT('Ctrl Pts',(-79.5944534936959,-3.25260651745651E-16,
12.5));
#1729=CARTESIAN_POINT('Ctrl Pts',(-79.6599033842789,-3.25260651745651E-16,
12.6308997811662));
#1730=CARTESIAN_POINT('Ctrl Pts',(-79.6926282968575,-3.25260651745651E-16,
12.598174803161));
#1731=CARTESIAN_POINT('Ctrl Pts',(-79.7253532748619,-3.25260651745651E-16,
12.5654498905831));
#1732=CARTESIAN_POINT('Ctrl Pts',(-79.7907827918464,0.0520551123076265,
12.8926585963001));
#1733=CARTESIAN_POINT('Ctrl Pts',(-79.8966021756216,0.0268597527590494,
12.8021486819261));
#1734=CARTESIAN_POINT('Ctrl Pts',(-79.9871120899961,0.052055112307625,12.6963292981505));
#1735=CARTESIAN_POINT('Ctrl Pts',(-79.9294441414657,0.237450778597593,13.1699812955423));
#1736=CARTESIAN_POINT('Ctrl Pts',(-80.1431265556308,0.133929328739396,13.0486730619349));
#1737=CARTESIAN_POINT('Ctrl Pts',(-80.2644347892381,0.237450778597591,12.8349906477699));
#1738=CARTESIAN_POINT('Ctrl Pts',(-80.0128646398598,0.440857232503164,13.3368222923236));
#1739=CARTESIAN_POINT('Ctrl Pts',(-80.3330139298236,0.291918564516237,13.2385604361277));
#1740=CARTESIAN_POINT('Ctrl Pts',(-80.4312757860194,0.440857232503165,12.9184111461639));
#1741=CARTESIAN_POINT('Ctrl Pts',(-80.0593719735794,0.614847279795738,13.4298369597835));
#1742=CARTESIAN_POINT('Ctrl Pts',(-80.4671969669107,0.46815976221912,13.3727434732149));
#1743=CARTESIAN_POINT('Ctrl Pts',(-80.5242904534793,0.614847279795732,12.9649184798836));
#1744=CARTESIAN_POINT('Ctrl Pts',(-80.0880070255314,0.803653054123339,13.4871070636103));
#1745=CARTESIAN_POINT('Ctrl Pts',(-80.5686274670158,0.709421744768066,13.4741739733201));
#1746=CARTESIAN_POINT('Ctrl Pts',(-80.5815605573061,0.80365305412334,12.9935535318355));
#1747=CARTESIAN_POINT('Ctrl Pts',(-80.0944534936305,0.934550065783871,13.5));
#1748=CARTESIAN_POINT('Ctrl Pts',(-80.5944534922564,0.901824967872465,13.4999999985602));
#1749=CARTESIAN_POINT('Ctrl Pts',(-80.5944534936959,0.934550065783869,12.9999999999346));
#1750=CARTESIAN_POINT('Ctrl Pts',(-80.0944534936959,0.999999999999999,13.5));
#1751=CARTESIAN_POINT('Ctrl Pts',(-80.5944534936958,0.999999999999998,13.5));
#1752=CARTESIAN_POINT('Ctrl Pts',(-80.5944534936959,0.999999999999998,13.));
#1753=CARTESIAN_POINT('',(-79.5944534936959,1.22464679914736E-16,12.5));
#1754=CARTESIAN_POINT('Origin',(-79.5944534936959,1.,12.5));
#1755=CARTESIAN_POINT('',(-80.0944534936959,0.999999999999999,13.5));
#1756=CARTESIAN_POINT('Origin',(-79.5944534936959,1.,12.5));
#1757=CARTESIAN_POINT('Origin',(-80.0944534936959,1.,13.));
#1758=CARTESIAN_POINT('Origin',(-64.0944534936959,29.6739820751057,-16.));
#1759=CARTESIAN_POINT('',(-74.7381574802116,29.6739820751057,-16.));
#1760=CARTESIAN_POINT('',(-77.5944534936958,29.6739820751057,-14.));
#1761=CARTESIAN_POINT('',(-53.4507495071801,29.6739820751057,-16.));
#1762=CARTESIAN_POINT('',(-53.4507495071801,29.6739820751057,-16.));
#1763=CARTESIAN_POINT('Origin',(-64.0944534936959,29.6739820751057,-16.));
#1764=CARTESIAN_POINT('Origin',(-74.7381574802116,29.6739820751057,-16.));
#1765=CARTESIAN_POINT('',(-74.7381574802116,16.1136469295848,-16.));
#1766=CARTESIAN_POINT('',(-74.7381574802116,16.1136469295848,-16.));
#1767=CARTESIAN_POINT('',(-77.5944534936958,16.1136469295848,-14.));
#1768=CARTESIAN_POINT('Origin',(-64.0944534936959,16.1136469295848,-16.));
#1769=CARTESIAN_POINT('',(-53.4507495071801,16.1136469295848,-16.));
#1770=CARTESIAN_POINT('',(-53.4507495071801,16.1136469295848,-16.));
#1771=CARTESIAN_POINT('Origin',(-64.0944534936959,16.1136469295848,-16.));
#1772=CARTESIAN_POINT('Origin',(-53.4507495071801,29.6739820751057,-16.));
#1773=CARTESIAN_POINT('',(-53.4507495071801,29.6739820751057,-16.));
#1774=CARTESIAN_POINT('Ctrl Pts',(-79.5859303900517,29.7673186563737,4.2209057244387));
#1775=CARTESIAN_POINT('Ctrl Pts',(-80.5962833432797,29.7651580040275,4.23066912372272));
#1776=CARTESIAN_POINT('Ctrl Pts',(-80.5941708630355,29.4035892341142,3.28717708310654));
#1777=CARTESIAN_POINT('Ctrl Pts',(-79.5921525368997,30.8115829664916,3.82070728466955));
#1778=CARTESIAN_POINT('Ctrl Pts',(-80.5786054607697,30.8553977560467,3.8125316566671));
#1779=CARTESIAN_POINT('Ctrl Pts',(-80.6006915130374,30.5156308466441,2.88683181622618));
#1780=CARTESIAN_POINT('Ctrl Pts',(-79.3954982367053,32.8711238260245,3.03141952487122));
#1781=CARTESIAN_POINT('Ctrl Pts',(-80.3320383039944,33.0013452084474,2.98952484927724));
#1782=CARTESIAN_POINT('Ctrl Pts',(-80.391103063963,32.708834514542,2.09725820867553));
#1783=CARTESIAN_POINT('Ctrl Pts',(-78.4996125073145,35.825306696851,1.899273801236));
#1784=CARTESIAN_POINT('Ctrl Pts',(-79.3335176569448,36.0988764560141,1.80162892161623));
#1785=CARTESIAN_POINT('Ctrl Pts',(-79.4367316376359,35.8549807991128,0.964616444417678));
#1786=CARTESIAN_POINT('Ctrl Pts',(-77.0588874133492,38.5212029867145,0.866112488790105));
#1787=CARTESIAN_POINT('Ctrl Pts',(-77.774608404771,38.9124675786315,0.722667157470258));
#1788=CARTESIAN_POINT('Ctrl Pts',(-77.9021390319874,38.7260002172406,-0.0689771030014606));
#1789=CARTESIAN_POINT('Ctrl Pts',(-75.1198897730776,40.8842091621893,-0.0394737416809123));
#1790=CARTESIAN_POINT('Ctrl Pts',(-75.7050791328575,41.3704187779857,-0.219882365126609));
#1791=CARTESIAN_POINT('Ctrl Pts',(-75.8369248145417,41.2424714008392,-0.97493000642322));
#1792=CARTESIAN_POINT('Ctrl Pts',(-72.757138375036,42.8234976438611,-0.782676600205033));
#1793=CARTESIAN_POINT('Ctrl Pts',(-73.2029452196468,43.3826109333764,-0.991477435147746));
#1794=CARTESIAN_POINT('Ctrl Pts',(-73.3204540094895,43.3076855168445,-1.71842619138933));
#1795=CARTESIAN_POINT('Ctrl Pts',(-70.0614414572385,44.2645296549771,-1.33493023305383));
#1796=CARTESIAN_POINT('Ctrl Pts',(-70.3617890239095,44.8751808150275,-1.56380769492142));
#1797=CARTESIAN_POINT('Ctrl Pts',(-70.4494331786161,44.8422781497087,-2.27089373418272));
#1798=CARTESIAN_POINT('Ctrl Pts',(-67.1364057180789,45.151916964801,-1.67500794235168));
#1799=CARTESIAN_POINT('Ctrl Pts',(-67.2874935777223,45.7932694789128,-1.9158472559104));
#1800=CARTESIAN_POINT('Ctrl Pts',(-67.334194042365,45.7872756029119,-2.61110155855022));
#1801=CARTESIAN_POINT('Ctrl Pts',(-64.0944534936958,45.4515516904623,-1.78983840023282));
#1802=CARTESIAN_POINT('Ctrl Pts',(-64.0944534936958,46.1031005484535,-2.03465076080805));
#1803=CARTESIAN_POINT('Ctrl Pts',(-64.0944534936958,46.1063621985376,-2.7259756845224));
#1804=CARTESIAN_POINT('Ctrl Pts',(-61.0525012693129,45.151916964801,-1.67500794235168));
#1805=CARTESIAN_POINT('Ctrl Pts',(-60.9014134096694,45.7932694789128,-1.91584725591039));
#1806=CARTESIAN_POINT('Ctrl Pts',(-60.8547129450267,45.7872756029118,-2.61110155855022));
#1807=CARTESIAN_POINT('Ctrl Pts',(-58.1274655301533,44.2645296549771,-1.33493023305384));
#1808=CARTESIAN_POINT('Ctrl Pts',(-57.8271179634823,44.8751808150275,-1.56380769492144));
#1809=CARTESIAN_POINT('Ctrl Pts',(-57.7394738087756,44.8422781497088,-2.27089373418273));
#1810=CARTESIAN_POINT('Ctrl Pts',(-55.4317686123557,42.8234976438611,-0.782676600205029));
#1811=CARTESIAN_POINT('Ctrl Pts',(-54.9859617677449,43.3826109333764,-0.991477435147728));
#1812=CARTESIAN_POINT('Ctrl Pts',(-54.8684529779022,43.3076855168444,-1.71842619138932));
#1813=CARTESIAN_POINT('Ctrl Pts',(-53.0690172143142,40.8842091621894,-0.039473741680942));
#1814=CARTESIAN_POINT('Ctrl Pts',(-52.4838278545344,41.3704187779857,-0.21988236512666));
#1815=CARTESIAN_POINT('Ctrl Pts',(-52.3519821728502,41.2424714008393,-0.974930006423249));
#1816=CARTESIAN_POINT('Ctrl Pts',(-51.1300195740424,38.5212029867146,0.866112488790081));
#1817=CARTESIAN_POINT('Ctrl Pts',(-50.4142985826204,38.9124675786318,0.722667157470268));
#1818=CARTESIAN_POINT('Ctrl Pts',(-50.2867679554043,38.7260002172407,-0.0689771030014875));
#1819=CARTESIAN_POINT('Ctrl Pts',(-49.6892944800777,35.8253066968507,1.89927380123609));
#1820=CARTESIAN_POINT('Ctrl Pts',(-48.8553893304479,36.0988764560129,1.8016289216162));
#1821=CARTESIAN_POINT('Ctrl Pts',(-48.7521753497558,35.8549807991126,0.964616444417776));
#1822=CARTESIAN_POINT('Ctrl Pts',(-48.7934087506846,32.8711238260256,3.03141952487078));
#1823=CARTESIAN_POINT('Ctrl Pts',(-47.8568686833933,33.0013452084524,2.98952484927721));
#1824=CARTESIAN_POINT('Ctrl Pts',(-47.7978039234287,32.708834514543,2.09725820867505));
#1825=CARTESIAN_POINT('Ctrl Pts',(-48.596754450496,30.8115829664892,3.82070728467047));
#1826=CARTESIAN_POINT('Ctrl Pts',(-47.610301526631,30.8553977560356,3.8125316566671));
#1827=CARTESIAN_POINT('Ctrl Pts',(-47.5882154743543,30.5156308466421,2.88683181622717));
#1828=CARTESIAN_POINT('Ctrl Pts',(-48.6029765973396,29.767318656374,4.22090572443862));
#1829=CARTESIAN_POINT('Ctrl Pts',(-47.5926236441112,29.7651580040285,4.23066912372272));
#1830=CARTESIAN_POINT('Ctrl Pts',(-47.5947361243562,29.4035892341144,3.28717708310645));
#1831=CARTESIAN_POINT('',(-48.5944534936959,29.8578564847594,4.1862449143085));
#1832=CARTESIAN_POINT('Origin',(-48.5944534936959,29.4999999999956,3.25246831559096));
#1833=CARTESIAN_POINT('',(-79.5944534936959,29.8578564847594,4.1862449143085));
#1834=CARTESIAN_POINT('Origin',(-79.5944534936959,29.4999999999956,3.25246831559096));
#1835=CARTESIAN_POINT('Origin',(-64.0944534936959,29.8578564847594,4.1862449143085));
#1836=CARTESIAN_POINT('Origin',(-47.5944534936958,1.,-13.));
#1837=CARTESIAN_POINT('',(-79.5944534936959,1.22464679914736E-16,-13.));
#1838=CARTESIAN_POINT('Origin',(-79.5944534936959,1.,-12.5));
#1839=CARTESIAN_POINT('',(-79.5944534936959,1.22464679914736E-16,12.5));
#1840=CARTESIAN_POINT('Origin',(-48.5944534936959,1.,-12.5));
#1841=CARTESIAN_POINT('',(-48.5944534936959,3.91886975727153E-15,12.5));
#1842=CARTESIAN_POINT('Origin',(-48.5944534936959,9.04162076216464,11.0928486464643));
#1843=CARTESIAN_POINT('',(-47.6869883018247,4.72735280342801,13.1961524308847));
#1844=CARTESIAN_POINT('',(-48.5944534936959,6.34775915201215,13.1961524227066));
#1845=CARTESIAN_POINT('Origin',(-48.5944534936959,3.55334283548217,13.1961524227066));
#1846=CARTESIAN_POINT('Origin',(-48.5944534936959,4.06517523171808,13.));
#1847=CARTESIAN_POINT('',(-48.5944534936959,29.8578564847594,4.18624491430851));
#1848=CARTESIAN_POINT('Origin',(-48.0944534936958,29.4999999999956,13.));
#1849=CARTESIAN_POINT('',(-48.0944534936958,4.06517523171809,13.5));
#1850=CARTESIAN_POINT('Origin',(-48.0944534936958,4.06517523171809,13.));
#1851=CARTESIAN_POINT('',(-48.0944534936958,1.,13.5));
#1852=CARTESIAN_POINT('Origin',(-64.0944534936959,1.,12.5));
#1853=CARTESIAN_POINT('',(-80.0944534936959,0.999999999999999,13.5));
#1854=CARTESIAN_POINT('',(-79.5944534936959,1.22464679914735E-16,12.5));
#1855=CARTESIAN_POINT('Origin',(-80.0944534936959,29.4999999999956,13.));
#1856=CARTESIAN_POINT('',(-80.0944534936959,4.06517523171809,13.5));
#1857=CARTESIAN_POINT('',(-80.0944534936959,4.06517523171809,13.5));
#1858=CARTESIAN_POINT('Origin',(-80.0944534936959,4.06517523171809,13.));
#1859=CARTESIAN_POINT('Ctrl Pts',(-47.5944534936958,4.06517523171808,13.));
#1860=CARTESIAN_POINT('Ctrl Pts',(-47.5944534936958,4.06517523171808,13.5));
#1861=CARTESIAN_POINT('Ctrl Pts',(-48.0944534936958,4.06517523171808,13.5));
#1862=CARTESIAN_POINT('Ctrl Pts',(-47.5944534936958,4.29799758655079,13.0689674023498));
#1863=CARTESIAN_POINT('Ctrl Pts',(-47.6589712513182,4.28297642030091,13.4999999999996));
#1864=CARTESIAN_POINT('Ctrl Pts',(-48.0944534937166,4.27156681906122,13.5));
#1865=CARTESIAN_POINT('Ctrl Pts',(-47.6285723521429,4.52979997990512,13.1376326617573));
#1866=CARTESIAN_POINT('Ctrl Pts',(-47.7338840525407,4.51102797907359,13.4999999999999));
#1867=CARTESIAN_POINT('Ctrl Pts',(-48.111512914361,4.4770542368724,13.5));
#1868=CARTESIAN_POINT('Ctrl Pts',(-47.688049843791,4.73095514174467,13.1972195108317));
#1869=CARTESIAN_POINT('Ctrl Pts',(-47.8162451120481,4.70957571144378,13.5));
#1870=CARTESIAN_POINT('Ctrl Pts',(-48.1412516687434,4.65537359368491,13.5));
#1871=CARTESIAN_POINT('',(-47.6642120568236,4.56659419507773,13.1961524227066));
#1872=CARTESIAN_POINT('Ctrl Pts',(-47.6642120568236,4.56659419507773,13.1961524227066));
#1873=CARTESIAN_POINT('Ctrl Pts',(-47.6672138702102,4.59173495259916,13.1961524227066));
#1874=CARTESIAN_POINT('Ctrl Pts',(-47.6704635841363,4.61688146264273,13.1961524229379));
#1875=CARTESIAN_POINT('Ctrl Pts',(-47.6779530203816,4.67043623447843,13.1961524229379));
#1876=CARTESIAN_POINT('Ctrl Pts',(-47.6822882762693,4.69896784875685,13.1961524227066));
#1877=CARTESIAN_POINT('Ctrl Pts',(-47.6869883800496,4.72735279047518,13.1961524227066));
#1878=CARTESIAN_POINT('',(-47.6625118545342,4.55352767056915,13.1962015118989));
#1879=CARTESIAN_POINT('Ctrl Pts',(-47.6642120568236,4.56659419507773,13.1961524227066));
#1880=CARTESIAN_POINT('Ctrl Pts',(-47.6636453227271,4.56223868690821,13.1961524227066));
#1881=CARTESIAN_POINT('Ctrl Pts',(-47.6630785886307,4.55788317873868,13.1961524227066));
#1882=CARTESIAN_POINT('Ctrl Pts',(-47.6625118545342,4.55352767056915,13.1961524227066));
#1883=CARTESIAN_POINT('',(-48.119282864774,4.49999999999996,13.5));
#1884=CARTESIAN_POINT('Origin',(-48.1192828647736,4.5,13.));
#1885=CARTESIAN_POINT('Origin',(-48.5944534936959,4.06517523171808,13.5));
#1886=CARTESIAN_POINT('Origin',(-79.5944534936959,9.04162076216463,11.0928486464643));
#1887=CARTESIAN_POINT('',(-80.5019187408683,4.72735282679205,13.1961524259258));
#1888=CARTESIAN_POINT('Origin',(-79.5944534936959,4.06517523171808,13.));
#1889=CARTESIAN_POINT('',(-79.5944534936959,6.34775915201215,13.1961524227066));
#1890=CARTESIAN_POINT('Origin',(-79.5944534936959,3.55334283548217,13.1961524227066));
#1891=CARTESIAN_POINT('',(-79.5944534936959,6.34775915201213,13.1961524227066));
#1892=CARTESIAN_POINT('Ctrl Pts',(-80.500822734848,4.73107150109713,13.1972539791811));
#1893=CARTESIAN_POINT('Ctrl Pts',(-80.3726162672172,4.70968565436236,13.5));
#1894=CARTESIAN_POINT('Ctrl Pts',(-80.0476381142719,4.65547674353696,13.5));
#1895=CARTESIAN_POINT('Ctrl Pts',(-80.5622504287738,4.52336485798941,13.1357264354242));
#1896=CARTESIAN_POINT('Ctrl Pts',(-80.4577898706335,4.50437459884822,13.5000000000006));
#1897=CARTESIAN_POINT('Ctrl Pts',(-80.0783519612277,4.47134964885165,13.5));
#1898=CARTESIAN_POINT('Ctrl Pts',(-80.5944534936958,4.2943386092143,13.0678835280695));
#1899=CARTESIAN_POINT('Ctrl Pts',(-80.5308852261496,4.27977110020119,13.4999999999997));
#1900=CARTESIAN_POINT('Ctrl Pts',(-80.0944534936902,4.26832322099234,13.5));
#1901=CARTESIAN_POINT('Ctrl Pts',(-80.5944534936959,4.06517523171808,13.));
#1902=CARTESIAN_POINT('Ctrl Pts',(-80.5944534936958,4.06517523171808,13.5));
#1903=CARTESIAN_POINT('Ctrl Pts',(-80.0944534936959,4.06517523171808,13.5));
#1904=CARTESIAN_POINT('',(-80.0696241226181,4.5,13.5));
#1905=CARTESIAN_POINT('Origin',(-79.5944534936959,4.06517523171808,13.5));
#1906=CARTESIAN_POINT('',(-80.5264088383314,4.55352956442005,13.1961690836246));
#1907=CARTESIAN_POINT('Origin',(-80.0696241226181,4.5,13.));
#1908=CARTESIAN_POINT('',(-80.5254402401665,4.56128534938579,13.1961524227066));
#1909=CARTESIAN_POINT('Ctrl Pts',(-80.5264088383314,4.55352956442005,13.1961524227066));
#1910=CARTESIAN_POINT('Ctrl Pts',(-80.5260859722765,4.5561148260753,13.1961524227066));
#1911=CARTESIAN_POINT('Ctrl Pts',(-80.5257631062215,4.55870008773054,13.1961524227066));
#1912=CARTESIAN_POINT('Ctrl Pts',(-80.5254402401665,4.56128534938579,13.1961524227066));
#1913=CARTESIAN_POINT('Ctrl Pts',(-80.5254402401665,4.56128534938579,13.1961524227066));
#1914=CARTESIAN_POINT('Ctrl Pts',(-80.5222964901042,4.58774775484824,13.1961524227066));
#1915=CARTESIAN_POINT('Ctrl Pts',(-80.5188778740739,4.61419923531802,13.1961524226977));
#1916=CARTESIAN_POINT('Ctrl Pts',(-80.5111125699514,4.66954744316234,13.1961524226977));
#1917=CARTESIAN_POINT('Ctrl Pts',(-80.5066981192871,4.69849969423784,13.1961524227066));
#1918=CARTESIAN_POINT('Ctrl Pts',(-80.5019187143607,4.72735282240068,13.1961524227066));
#1919=CARTESIAN_POINT('Origin',(-64.0944534936959,29.6739820751057,-16.));
#1920=CARTESIAN_POINT('',(-57.5944534936958,27.9999999985078,-16.));
#1921=CARTESIAN_POINT('Origin',(-64.0944534936959,27.9999999985078,-16.));
#1922=CARTESIAN_POINT('Origin',(-128.,46.,-2.));
#1923=CARTESIAN_POINT('',(-78.0944534936958,6.34775915201215,13.1961524227066));
#1924=CARTESIAN_POINT('',(-79.5944534936959,6.34775915201215,13.1961524227066));
#1925=CARTESIAN_POINT('',(-78.0944534936958,29.6789282423775,4.25481659615584));
#1926=CARTESIAN_POINT('',(-78.0944534936958,6.34775915201214,13.1961524227066));
#1927=CARTESIAN_POINT('',(-50.0944534936958,29.6789282423775,4.25481659615584));
#1928=CARTESIAN_POINT('Origin',(-64.0944534936959,29.6789282423775,4.25481659615584));
#1929=CARTESIAN_POINT('',(-50.0944534936958,6.34775915201215,13.1961524227066));
#1930=CARTESIAN_POINT('',(-50.0944534936958,29.6789282423775,4.25481659615584));
#1931=CARTESIAN_POINT('',(-50.0944534936958,6.34775915201215,13.1961524227066));
#1932=CARTESIAN_POINT('Origin',(-47.5944534936958,4.04133443718627E-15,
-12.5));
#1933=CARTESIAN_POINT('',(-65.8944534936958,-7.7715611723761E-15,-1.59204083889155E-16));
#1934=CARTESIAN_POINT('Origin',(-64.5944534936959,-7.91053907137272E-15,
0.));
#1935=CARTESIAN_POINT('',(-74.8944534936958,-8.88178419700125E-15,-1.59204083889155E-16));
#1936=CARTESIAN_POINT('Origin',(-73.5944534936959,-9.01272119060534E-15,
0.));
#1937=CARTESIAN_POINT('',(-71.5944534936959,-8.88178419700125E-15,-3.06161699786839E-16));
#1938=CARTESIAN_POINT('Origin',(-69.0944534936959,-8.46163013098903E-15,
0.));
#1939=CARTESIAN_POINT('Ctrl Pts',(-50.5944081896721,5.49759138469279,12.9937150542049));
#1940=CARTESIAN_POINT('Ctrl Pts',(-50.5968050405559,5.,12.9937451850907));
#1941=CARTESIAN_POINT('Ctrl Pts',(-51.0943628856483,5.,13.));
#1942=CARTESIAN_POINT('Ctrl Pts',(-50.5938930940559,5.48389930376207,13.0399371597518));
#1943=CARTESIAN_POINT('Ctrl Pts',(-50.6101685305616,5.00050550069017,12.999456220436));
#1944=CARTESIAN_POINT('Ctrl Pts',(-51.0933326509857,5.,13.040974815384));
#1945=CARTESIAN_POINT('Ctrl Pts',(-50.5842816588039,5.43861095801386,13.1334152622756));
#1946=CARTESIAN_POINT('Ctrl Pts',(-50.6403544950631,5.00879855145221,13.0276394009306));
#1947=CARTESIAN_POINT('Ctrl Pts',(-51.0741098313595,4.99007419888709,13.1209007218019));
#1948=CARTESIAN_POINT('Ctrl Pts',(-50.5634139572252,5.36070991092174,13.227142284407));
#1949=CARTESIAN_POINT('Ctrl Pts',(-50.6558898853499,5.00254659152705,13.0992148726855));
#1950=CARTESIAN_POINT('Ctrl Pts',(-51.0323744492894,4.96179544699513,13.195610722193));
#1951=CARTESIAN_POINT('Ctrl Pts',(-50.5520105927718,5.31556463038177,13.2721608351113));
#1952=CARTESIAN_POINT('Ctrl Pts',(-50.6579858949292,4.99122141523345,13.1388748078121));
#1953=CARTESIAN_POINT('Ctrl Pts',(-51.0095676918478,4.94385377893692,13.2302038725205));
#1954=CARTESIAN_POINT('',(-51.0284235466937,4.95990693247776,13.1961524227066));
#1955=CARTESIAN_POINT('',(-51.030774001165,4.95990876864157,13.1961481063398));
#1956=CARTESIAN_POINT('Ctrl Pts',(-51.0284235466937,4.95990693247776,13.1961524227066));
#1957=CARTESIAN_POINT('Ctrl Pts',(-51.0292070315175,4.95990754453237,13.1961524227066));
#1958=CARTESIAN_POINT('Ctrl Pts',(-51.0299905163413,4.95990815658697,13.1961524227066));
#1959=CARTESIAN_POINT('Ctrl Pts',(-51.030774001165,4.95990876864157,13.1961524227066));
#1960=CARTESIAN_POINT('',(-50.5697216947769,5.38442428037843,13.1961320226237));
#1961=CARTESIAN_POINT('Ctrl Pts',(-50.569716970446,5.38441147278337,13.1961524227066));
#1962=CARTESIAN_POINT('Ctrl Pts',(-50.5758155541699,5.33217944829384,13.1961524227066));
#1963=CARTESIAN_POINT('Ctrl Pts',(-50.5894146115848,5.28085153337259,13.1961524227066));
#1964=CARTESIAN_POINT('Ctrl Pts',(-50.635649753739,5.175608552244,13.1961524227066));
#1965=CARTESIAN_POINT('Ctrl Pts',(-50.6711368075469,5.12356242382227,13.196152422707));
#1966=CARTESIAN_POINT('Ctrl Pts',(-50.7500327291026,5.04868455557937,13.196152422707));
#1967=CARTESIAN_POINT('Ctrl Pts',(-50.7882438304361,5.02257069043891,13.1961524227081));
#1968=CARTESIAN_POINT('Ctrl Pts',(-50.8565067147579,4.99064523266721,13.1961524227081));
#1969=CARTESIAN_POINT('Ctrl Pts',(-50.8838181316613,4.98107653890501,13.1961524227066));
#1970=CARTESIAN_POINT('Ctrl Pts',(-50.9500116538121,4.96465907475083,13.1961524227066));
#1971=CARTESIAN_POINT('Ctrl Pts',(-50.9891964674941,4.96008401898706,13.1961524227066));
#1972=CARTESIAN_POINT('Ctrl Pts',(-51.0284235466937,4.95990693247776,13.1961524227066));
#1973=CARTESIAN_POINT('',(-50.594408189672,5.49759138469278,12.9937150542049));
#1974=CARTESIAN_POINT('Ctrl Pts',(-50.5944081896721,5.49759138469278,12.9937150542049));
#1975=CARTESIAN_POINT('Ctrl Pts',(-50.5942406432191,5.49313772692189,13.0087498353019));
#1976=CARTESIAN_POINT('Ctrl Pts',(-50.5936269726546,5.48787491736681,13.0233855404841));
#1977=CARTESIAN_POINT('Ctrl Pts',(-50.5926823858542,5.48196255124816,13.0376552733574));
#1978=CARTESIAN_POINT('Ctrl Pts',(-50.5917040806647,5.47583913468792,13.0524343849403));
#1979=CARTESIAN_POINT('Ctrl Pts',(-50.5903704808913,5.46901874015766,13.0668210272616));
#1980=CARTESIAN_POINT('Ctrl Pts',(-50.5887768075302,5.46163235291234,13.0808586007378));
#1981=CARTESIAN_POINT('Ctrl Pts',(-50.5871009845719,5.45386521716985,13.0956197735635));
#1982=CARTESIAN_POINT('Ctrl Pts',(-50.5851373120953,5.44547212014124,13.1099950509591));
#1983=CARTESIAN_POINT('Ctrl Pts',(-50.5829655845541,5.43655753605157,13.1240406474649));
#1984=CARTESIAN_POINT('Ctrl Pts',(-50.5824766641281,5.43455059817902,13.1272027287562));
#1985=CARTESIAN_POINT('Ctrl Pts',(-50.5819770898829,5.4325170505576,13.1303481196623));
#1986=CARTESIAN_POINT('Ctrl Pts',(-50.5814675922222,5.43045778267788,13.1334774921775));
#1987=CARTESIAN_POINT('Ctrl Pts',(-50.5791425983391,5.42106071259659,13.1477577774797));
#1988=CARTESIAN_POINT('Ctrl Pts',(-50.576612926448,5.41113200936881,13.1617034499987));
#1989=CARTESIAN_POINT('Ctrl Pts',(-50.5739428022536,5.40075877425425,13.1753443126589));
#1990=CARTESIAN_POINT('Ctrl Pts',(-50.5725710644983,5.39542967447654,13.1823521089122));
#1991=CARTESIAN_POINT('Ctrl Pts',(-50.5711618561618,5.38998244757773,13.1892796656775));
#1992=CARTESIAN_POINT('Ctrl Pts',(-50.5697216947768,5.38442428037843,13.1961320226237));
#1993=CARTESIAN_POINT('',(-51.0943628856483,5.,13.));
#1994=CARTESIAN_POINT('Origin',(-51.0943628856483,5.5,13.));
#1995=CARTESIAN_POINT('Ctrl Pts',(-51.0307773862661,4.95990709528337,13.1961394736062));
#1996=CARTESIAN_POINT('Ctrl Pts',(-51.0399114971307,4.96655719321083,13.1805254870316));
#1997=CARTESIAN_POINT('Ctrl Pts',(-51.0486242938643,4.97256649926197,13.1642176607036));
#1998=CARTESIAN_POINT('Ctrl Pts',(-51.056516214391,4.97777996215584,13.1473386179661));
#1999=CARTESIAN_POINT('Ctrl Pts',(-51.0607661298444,4.98058748871962,13.13824900482));
#2000=CARTESIAN_POINT('Ctrl Pts',(-51.0647771549211,4.98316420412866,13.1289942380203));
#2001=CARTESIAN_POINT('Ctrl Pts',(-51.0684816907485,4.98548596119233,13.1195967452952));
#2002=CARTESIAN_POINT('Ctrl Pts',(-51.0773724529881,4.99105810058918,13.0970430766686));
#2003=CARTESIAN_POINT('Ctrl Pts',(-51.0845009043932,4.99515953835539,13.0736665485417));
#2004=CARTESIAN_POINT('Ctrl Pts',(-51.0890276913896,4.99755262867515,13.0495715120433));
#2005=CARTESIAN_POINT('Ctrl Pts',(-51.0920733601087,4.99916272438642,13.0333601243623));
#2006=CARTESIAN_POINT('Ctrl Pts',(-51.0939398788226,5.,13.0168239598387));
#2007=CARTESIAN_POINT('Ctrl Pts',(-51.0943628856483,5.,13.));
#2008=CARTESIAN_POINT('Origin',(-128.,6.34775915201215,13.1961524227066));
#2009=CARTESIAN_POINT('',(-48.1192828647736,4.95991763074089,13.1961524227066));
#2010=CARTESIAN_POINT('Origin',(-48.1192828647736,4.5,13.1961524227066));
#2011=CARTESIAN_POINT('Origin',(-50.0944534936958,4.95055099374716,13.1961524227066));
#2012=CARTESIAN_POINT('',(-51.0307918513036,4.95991763074089,13.1961524227066));
#2013=CARTESIAN_POINT('Origin',(-48.1192828647736,4.5,13.));
#2014=CARTESIAN_POINT('Origin',(-48.1192828647735,4.49999999999932,13.));
#2015=CARTESIAN_POINT('Origin',(-64.0944534936959,29.4999999999956,13.5));
#2016=CARTESIAN_POINT('',(-80.0696241226181,4.5,13.5));
#2017=CARTESIAN_POINT('Origin',(-80.0696241226181,4.5,13.));
#2018=CARTESIAN_POINT('',(-80.0696241226181,4.95991763074089,13.1961524227066));
#2019=CARTESIAN_POINT('Origin',(-80.0696241226181,4.5,13.1961524227066));
#2020=CARTESIAN_POINT('Origin',(-80.0696241226181,4.5,13.));
#2021=CARTESIAN_POINT('Origin',(-128.,6.34775915201215,13.1961524227066));
#2022=CARTESIAN_POINT('',(-77.1626498626307,4.95991763074089,13.1961524227066));
#2023=CARTESIAN_POINT('',(-80.0696241226181,4.95991763074089,13.1961524227066));
#2024=CARTESIAN_POINT('',(-77.6191874043896,5.38441895406125,13.1961272598457));
#2025=CARTESIAN_POINT('Ctrl Pts',(-77.1626498626307,4.95991763074089,13.1961524227066));
#2026=CARTESIAN_POINT('Ctrl Pts',(-77.2010415136485,4.9602506084245,13.1961524227066));
#2027=CARTESIAN_POINT('Ctrl Pts',(-77.2393777875904,4.96480541569518,13.1961524227066));
#2028=CARTESIAN_POINT('Ctrl Pts',(-77.3046612543887,4.98094908448392,13.1961524227066));
#2029=CARTESIAN_POINT('Ctrl Pts',(-77.3318731096494,4.99044880412878,13.1961524227079));
#2030=CARTESIAN_POINT('Ctrl Pts',(-77.4000370982776,5.02219833310259,13.1961524227079));
#2031=CARTESIAN_POINT('Ctrl Pts',(-77.4382551718262,5.04821717637167,13.1961524227071));
#2032=CARTESIAN_POINT('Ctrl Pts',(-77.5172262148497,5.12288603860053,13.1961524227071));
#2033=CARTESIAN_POINT('Ctrl Pts',(-77.5527859757928,5.17482558986004,13.1961524227066));
#2034=CARTESIAN_POINT('Ctrl Pts',(-77.599327514086,5.28022226874731,13.1961524227066));
#2035=CARTESIAN_POINT('Ctrl Pts',(-77.6130551945323,5.33184243288122,13.1961524227066));
#2036=CARTESIAN_POINT('Ctrl Pts',(-77.6191926925849,5.38439854392118,13.1961524227066));
#2037=CARTESIAN_POINT('Origin',(-78.0944534936958,4.95055099374715,13.1961524227066));
#2038=CARTESIAN_POINT('Ctrl Pts',(-77.0945441017434,5.,13.));
#2039=CARTESIAN_POINT('Ctrl Pts',(-77.5921019468358,5.,12.9937451850907));
#2040=CARTESIAN_POINT('Ctrl Pts',(-77.5944987977196,5.49759138469278,12.9937150542049));
#2041=CARTESIAN_POINT('Ctrl Pts',(-77.0955784900949,5.,13.041139944083));
#2042=CARTESIAN_POINT('Ctrl Pts',(-77.5786853551345,5.00050751009318,12.9994789155478));
#2043=CARTESIAN_POINT('Ctrl Pts',(-77.5950159691686,5.48384412262729,13.0401234354211));
#2044=CARTESIAN_POINT('Ctrl Pts',(-77.1148350210149,4.99005454531609,13.1209701554813));
#2045=CARTESIAN_POINT('Ctrl Pts',(-77.5485192583372,5.00881914887476,13.0276860262932));
#2046=CARTESIAN_POINT('Ctrl Pts',(-77.6046442614343,5.43855096649477,13.1335001549222));
#2047=CARTESIAN_POINT('Ctrl Pts',(-77.1566496934509,4.96171127734349,13.1958076843697));
#2048=CARTESIAN_POINT('Ctrl Pts',(-77.5329888451825,5.00251228356322,13.0994132296216));
#2049=CARTESIAN_POINT('Ctrl Pts',(-77.6255516081419,5.36048653489388,13.2273925957835));
#2050=CARTESIAN_POINT('Ctrl Pts',(-77.1794595415189,4.94375916231433,13.2303862102255));
#2051=CARTESIAN_POINT('Ctrl Pts',(-77.5309103401513,4.99116301239289,13.1390791273027));
#2052=CARTESIAN_POINT('Ctrl Pts',(-77.6369565176073,5.31532658425596,13.2723981401157));
#2053=CARTESIAN_POINT('',(-77.1581315179825,4.95990207833923,13.1961338812911));
#2054=CARTESIAN_POINT('Ctrl Pts',(-77.1626498626307,4.95991763074089,13.1961524227066));
#2055=CARTESIAN_POINT('Ctrl Pts',(-77.161143747748,4.959912446607,13.1961524227066));
#2056=CARTESIAN_POINT('Ctrl Pts',(-77.1596376328652,4.95990726247312,13.1961524227066));
#2057=CARTESIAN_POINT('Ctrl Pts',(-77.1581315179825,4.95990207833923,13.1961524227066));
#2058=CARTESIAN_POINT('',(-77.0945441017434,5.,13.));
#2059=CARTESIAN_POINT('Ctrl Pts',(-77.0945441017434,5.,13.));
#2060=CARTESIAN_POINT('Ctrl Pts',(-77.0950410553666,5.,13.0197649598833));
#2061=CARTESIAN_POINT('Ctrl Pts',(-77.0975221946186,4.99884907946975,13.0391394528123));
#2062=CARTESIAN_POINT('Ctrl Pts',(-77.1015719995877,4.9966449640065,13.0580432095258));
#2063=CARTESIAN_POINT('Ctrl Pts',(-77.1039771597566,4.99533595017489,13.0692700619389));
#2064=CARTESIAN_POINT('Ctrl Pts',(-77.1069347746873,4.99365619527281,13.0803310824783));
#2065=CARTESIAN_POINT('Ctrl Pts',(-77.1103537394598,4.99163202866002,13.0912112023408));
#2066=CARTESIAN_POINT('Ctrl Pts',(-77.1131928579705,4.98995115468744,13.1002460862183));
#2067=CARTESIAN_POINT('Ctrl Pts',(-77.1163470325604,4.98803468406711,13.1091477499663));
#2068=CARTESIAN_POINT('Ctrl Pts',(-77.1197676206724,4.98589754340007,13.1179203577262));
#2069=CARTESIAN_POINT('Ctrl Pts',(-77.1200020175109,4.98575109518721,13.1185215033356));
#2070=CARTESIAN_POINT('Ctrl Pts',(-77.1202376676834,4.98560360988187,13.1191220451189));
#2071=CARTESIAN_POINT('Ctrl Pts',(-77.1204745563939,4.98545509199392,13.1197219848538));
#2072=CARTESIAN_POINT('Ctrl Pts',(-77.1268448376632,4.9814612304133,13.1358552351383));
#2073=CARTESIAN_POINT('Ctrl Pts',(-77.1341064889281,4.97672213906479,13.1515518802995));
#2074=CARTESIAN_POINT('Ctrl Pts',(-77.1419419692485,4.97134861436156,13.1667400887412));
#2075=CARTESIAN_POINT('Ctrl Pts',(-77.1471142994962,4.96780146176561,13.1767660765196));
#2076=CARTESIAN_POINT('Ctrl Pts',(-77.152537786403,4.96397747332512,13.186570835483));
#2077=CARTESIAN_POINT('Ctrl Pts',(-77.1581322851155,4.95990454479044,13.1961368217692));
#2078=CARTESIAN_POINT('',(-77.5944987977196,5.49759138469278,12.9937150542049));
#2079=CARTESIAN_POINT('Origin',(-77.0945441017434,5.5,13.));
#2080=CARTESIAN_POINT('Ctrl Pts',(-77.6191874043896,5.38441895406125,13.1961272598457));
#2081=CARTESIAN_POINT('Ctrl Pts',(-77.6163866385651,5.3952287155987,13.1827998248356));
#2082=CARTESIAN_POINT('Ctrl Pts',(-77.6137015147242,5.40562199908016,13.1691884827058));
#2083=CARTESIAN_POINT('Ctrl Pts',(-77.6111852596642,5.4155327323482,13.1552634538895));
#2084=CARTESIAN_POINT('Ctrl Pts',(-77.6098971443069,5.42060621155434,13.1481349859715));
#2085=CARTESIAN_POINT('Ctrl Pts',(-77.6086535895023,5.42555255629694,13.1409244537117));
#2086=CARTESIAN_POINT('Ctrl Pts',(-77.6074640250448,5.43035814762768,13.1336290852622));
#2087=CARTESIAN_POINT('Ctrl Pts',(-77.6051999036826,5.43950472385688,13.1197436674124));
#2088=CARTESIAN_POINT('Ctrl Pts',(-77.6031298294932,5.44814379090492,13.1055510842886));
#2089=CARTESIAN_POINT('Ctrl Pts',(-77.6013270454836,5.45618404229276,13.0909868210636));
#2090=CARTESIAN_POINT('Ctrl Pts',(-77.5995874916163,5.46394229304361,13.0769333791187));
#2091=CARTESIAN_POINT('Ctrl Pts',(-77.5980964991261,5.47114317793758,13.0625338414739));
#2092=CARTESIAN_POINT('Ctrl Pts',(-77.5969458311318,5.47766441489514,13.047732252492));
#2093=CARTESIAN_POINT('Ctrl Pts',(-77.5958508818704,5.48386987435546,13.0336474000363));
#2094=CARTESIAN_POINT('Ctrl Pts',(-77.5950638691853,5.48945999445199,13.019198466703));
#2095=CARTESIAN_POINT('Ctrl Pts',(-77.5946914866313,5.4942905922291,13.004339466652));
#2096=CARTESIAN_POINT('Ctrl Pts',(-77.5946033143475,5.49543437523885,13.0008211708666));
#2097=CARTESIAN_POINT('Ctrl Pts',(-77.5945385240461,5.49653539402921,12.9972798962107));
#2098=CARTESIAN_POINT('Ctrl Pts',(-77.5944987977196,5.49759138469278,12.9937150542049));
#2099=CARTESIAN_POINT('Origin',(-64.0944534936959,27.9999999985078,-12.5));
#2100=CARTESIAN_POINT('',(-57.5944534936958,27.9999999985078,-12.5));
#2101=CARTESIAN_POINT('',(-64.0944534936959,34.4999999985078,-12.5));
#2102=CARTESIAN_POINT('Origin',(-64.0944534936959,27.9999999985078,-12.5));
#2103=CARTESIAN_POINT('',(-70.5944534936958,27.9999999985078,-12.5));
#2104=CARTESIAN_POINT('Origin',(-64.0944534936959,27.9999999985078,-12.5));
#2105=CARTESIAN_POINT('Origin',(-64.0944534936959,27.9999999985078,-12.5));
#2106=CARTESIAN_POINT('',(-57.5944534936958,27.9999999985078,-12.5));
#2107=CARTESIAN_POINT('Origin',(-78.0944534936958,45.8210717576181,-2.46688829935878));
#2108=CARTESIAN_POINT('',(-77.5944534936958,5.5,12.9855839738885));
#2109=CARTESIAN_POINT('Origin',(-78.0944534936958,5.5,12.9855839738885));
#2110=CARTESIAN_POINT('',(-77.5944534936958,29.4999999999956,3.78792829679707));
#2111=CARTESIAN_POINT('',(-77.5944534936958,5.5,12.9855839738885));
#2112=CARTESIAN_POINT('Origin',(-78.0944534936958,29.4999999999956,3.78792829679707));
#2113=CARTESIAN_POINT('Ctrl Pts',(-77.5944534936959,29.4999999999956,3.78792829679707));
#2114=CARTESIAN_POINT('Ctrl Pts',(-77.5944534936958,29.6789282423775,4.25481659615584));
#2115=CARTESIAN_POINT('Ctrl Pts',(-78.0944534936959,29.6789282423775,4.25481659615584));
#2116=CARTESIAN_POINT('Ctrl Pts',(-77.5944534936959,30.3835729351308,3.43677028839863));
#2117=CARTESIAN_POINT('Ctrl Pts',(-77.5826038983107,30.5772116130545,3.91056238182556));
#2118=CARTESIAN_POINT('Ctrl Pts',(-78.0944534937095,30.5952261010357,3.90365858775604));
#2119=CARTESIAN_POINT('Ctrl Pts',(-77.4204062610678,32.1506934102361,2.73446436438574));
#2120=CARTESIAN_POINT('Ctrl Pts',(-77.3766433668158,32.3706558907785,3.22325059255117));
#2121=CARTESIAN_POINT('Ctrl Pts',(-77.9139600672604,32.4277954826271,3.20135266374514));
#2122=CARTESIAN_POINT('Ctrl Pts',(-76.6472265205559,34.6995297447577,1.72148144540295));
#2123=CARTESIAN_POINT('Ctrl Pts',(-76.5594472064768,34.9098943928906,2.25012386653308));
#2124=CARTESIAN_POINT('Ctrl Pts',(-77.1121440400709,35.0710331628715,2.18836974476155));
#2125=CARTESIAN_POINT('Ctrl Pts',(-75.391650752298,37.048545632279,0.787913080007073));
#2126=CARTESIAN_POINT('Ctrl Pts',(-75.2676835540368,37.2318133770964,1.36028172791502));
#2127=CARTESIAN_POINT('Ctrl Pts',(-75.8100654655791,37.5070496388195,1.25480137936589));
#2128=CARTESIAN_POINT('Ctrl Pts',(-73.7019300289334,39.107476600688,-0.0303669617972314));
#2129=CARTESIAN_POINT('Ctrl Pts',(-73.5576250815254,39.2489750490675,0.587233456922564));
#2130=CARTESIAN_POINT('Ctrl Pts',(-74.0577624932015,39.6422373097622,0.436521337561527));
#2131=CARTESIAN_POINT('Ctrl Pts',(-71.6429993702543,40.7971972410532,-0.70191190305587));
#2132=CARTESIAN_POINT('Ctrl Pts',(-71.5009132856312,40.8888708355654,-0.0412330760159004));
#2133=CARTESIAN_POINT('Ctrl Pts',(-71.9225751434601,41.3945401960668,-0.235023603697096));
#2134=CARTESIAN_POINT('Ctrl Pts',(-69.2939823268124,42.0527730315792,-1.20091484493406));
#2135=CARTESIAN_POINT('Ctrl Pts',(-69.1796540789832,42.0964945296648,-0.504037531258677));
#2136=CARTESIAN_POINT('Ctrl Pts',(-69.4865574687797,42.6966187936494,-0.734026545575287));
#2137=CARTESIAN_POINT('Ctrl Pts',(-66.7451503062434,42.825952766018,-1.50819933145946));
#2138=CARTESIAN_POINT('Ctrl Pts',(-66.6812575835308,42.834781378344,-0.786975373970219));
#2139=CARTESIAN_POINT('Ctrl Pts',(-66.8433242622636,43.4984348145488,-1.04131103210069));
#2140=CARTESIAN_POINT('Ctrl Pts',(-64.0944534936958,43.0870236169845,-1.61195660653114));
#2141=CARTESIAN_POINT('Ctrl Pts',(-64.0944534936958,43.0830564649127,-0.882123238947658));
#2142=CARTESIAN_POINT('Ctrl Pts',(-64.0944534936958,43.7691749562919,-1.14506830717237));
#2143=CARTESIAN_POINT('Ctrl Pts',(-61.4437566811484,42.8259527660179,-1.50819933145946));
#2144=CARTESIAN_POINT('Ctrl Pts',(-61.507649403861,42.834781378344,-0.786975373970222));
#2145=CARTESIAN_POINT('Ctrl Pts',(-61.3455827251282,43.4984348145488,-1.04131103210069));
#2146=CARTESIAN_POINT('Ctrl Pts',(-58.8949246605793,42.0527730315792,-1.20091484493407));
#2147=CARTESIAN_POINT('Ctrl Pts',(-59.0092529084085,42.0964945296649,-0.504037531258677));
#2148=CARTESIAN_POINT('Ctrl Pts',(-58.702349518612,42.6966187936494,-0.734026545575296));
#2149=CARTESIAN_POINT('Ctrl Pts',(-56.5459076171374,40.7971972410532,-0.701911903055863));
#2150=CARTESIAN_POINT('Ctrl Pts',(-56.6879937017604,40.8888708355654,-0.0412330760158914));
#2151=CARTESIAN_POINT('Ctrl Pts',(-56.2663318439315,41.3945401960669,-0.235023603697095));
#2152=CARTESIAN_POINT('Ctrl Pts',(-54.4869769584585,39.107476600688,-0.0303669617972668));
#2153=CARTESIAN_POINT('Ctrl Pts',(-54.6312819058666,39.2489750490676,0.587233456922509));
#2154=CARTESIAN_POINT('Ctrl Pts',(-54.1311444941904,39.6422373097622,0.436521337561512));
#2155=CARTESIAN_POINT('Ctrl Pts',(-52.7972562350937,37.0485456322794,0.787913080007078));
#2156=CARTESIAN_POINT('Ctrl Pts',(-52.9212234333545,37.2318133770965,1.36028172791507));
#2157=CARTESIAN_POINT('Ctrl Pts',(-52.3788415218122,37.5070496388197,1.25480137936582));
#2158=CARTESIAN_POINT('Ctrl Pts',(-51.5416804668358,34.6995297447563,1.72148144540293));
#2159=CARTESIAN_POINT('Ctrl Pts',(-51.6294597809163,34.90989439289,2.25012386653305));
#2160=CARTESIAN_POINT('Ctrl Pts',(-51.0767629473221,35.0710331628708,2.18836974476182));
#2161=CARTESIAN_POINT('Ctrl Pts',(-50.7685007263239,32.1506934102417,2.73446436438572));
#2162=CARTESIAN_POINT('Ctrl Pts',(-50.8122636205717,32.3706558907825,3.22325059255068));
#2163=CARTESIAN_POINT('Ctrl Pts',(-50.2749469201266,32.4277954826299,3.20135266374406));
#2164=CARTESIAN_POINT('Ctrl Pts',(-50.5944534936959,30.3835729351188,3.43677028839865));
#2165=CARTESIAN_POINT('Ctrl Pts',(-50.6063030890896,30.5772116130439,3.91056238182741));
#2166=CARTESIAN_POINT('Ctrl Pts',(-50.0944534936924,30.5952261010297,3.90365858775833));
#2167=CARTESIAN_POINT('Ctrl Pts',(-50.5944534936959,29.4999999999956,3.78792829679709));
#2168=CARTESIAN_POINT('Ctrl Pts',(-50.5944534936958,29.6789282423775,4.25481659615586));
#2169=CARTESIAN_POINT('Ctrl Pts',(-50.0944534936959,29.6789282423775,4.25481659615586));
#2170=CARTESIAN_POINT('',(-50.5944534936958,29.4999999999956,3.78792829679707));
#2171=CARTESIAN_POINT('Origin',(-50.0944534936958,29.4999999999956,3.78792829679707));
#2172=CARTESIAN_POINT('Origin',(-64.0944534936959,29.4999999999956,3.78792829679707));
#2173=CARTESIAN_POINT('Origin',(-50.0944534936958,45.8210717576181,-2.46688829935878));
#2174=CARTESIAN_POINT('',(-50.5944534936958,5.49999999999998,12.9855839738885));
#2175=CARTESIAN_POINT('Origin',(-50.0944534936958,5.5,12.9855839738885));
#2176=CARTESIAN_POINT('',(-50.5944534936958,29.4999999999956,3.78792829679707));
#2177=CARTESIAN_POINT('Origin',(-69.0944534936959,7.99999999999999,0.));
#2178=CARTESIAN_POINT('',(-71.5944534936959,5.,-3.06161699786839E-16));
#2179=CARTESIAN_POINT('Origin',(-69.0944534936959,5.,0.));
#2180=CARTESIAN_POINT('',(-71.5944534936959,7.99999999999999,-3.06161699786839E-16));
#2181=CARTESIAN_POINT('Origin',(-73.5944534936959,7.99999999999999,0.));
#2182=CARTESIAN_POINT('',(-74.8944534936958,5.,-1.59204083889155E-16));
#2183=CARTESIAN_POINT('Origin',(-73.5944534936959,5.,0.));
#2184=CARTESIAN_POINT('',(-74.8944534936958,7.99999999999999,-1.59204083889155E-16));
#2185=CARTESIAN_POINT('Origin',(-64.5944534936959,7.99999999999999,0.));
#2186=CARTESIAN_POINT('',(-65.8944534936958,5.,-1.59204083889155E-16));
#2187=CARTESIAN_POINT('Origin',(-64.5944534936959,5.,0.));
#2188=CARTESIAN_POINT('',(-65.8944534936958,7.99999999999999,-1.59204083889155E-16));
#2189=CARTESIAN_POINT('Origin',(-51.0944534936959,5.5,13.5));
#2190=CARTESIAN_POINT('',(-51.0944534936959,5.,12.9855839738885));
#2191=CARTESIAN_POINT('Origin',(-51.0944534936959,5.5,12.9855839738885));
#2192=CARTESIAN_POINT('',(-50.5944534936958,5.5,-3.));
#2193=CARTESIAN_POINT('',(-50.5944534936958,5.5,12.9855839738885));
#2194=CARTESIAN_POINT('',(-51.0944534936959,5.,-3.));
#2195=CARTESIAN_POINT('Origin',(-51.0944534936959,5.5,-3.));
#2196=CARTESIAN_POINT('',(-51.0944534936959,5.,12.9855839738885));
#2197=CARTESIAN_POINT('Origin',(-49.9475741928119,5.49997962018296,12.9855839015002));
#2198=CARTESIAN_POINT('Origin',(-50.0944534936958,5.,12.9855839738885));
#2199=CARTESIAN_POINT('Origin',(-77.5944534936958,4.5,13.));
#2200=CARTESIAN_POINT('',(-77.0945441017434,5.,13.));
#2201=CARTESIAN_POINT('Origin',(-78.2412999925106,5.50002141939152,12.9855841022543));
#2202=CARTESIAN_POINT('',(-77.0944534936958,5.,12.9855839738885));
#2203=CARTESIAN_POINT('Origin',(-78.0944534936958,5.,12.9855839738885));
#2204=CARTESIAN_POINT('Origin',(-77.0944534936958,5.49999999999999,12.9855839738885));
#2205=CARTESIAN_POINT('Origin',(-77.0944534936958,5.5,13.5));
#2206=CARTESIAN_POINT('',(-77.0944534936958,5.,-3.));
#2207=CARTESIAN_POINT('',(-77.0944534936958,5.,12.9855839738885));
#2208=CARTESIAN_POINT('',(-77.5944534936958,5.5,-3.));
#2209=CARTESIAN_POINT('Origin',(-77.0944534936958,5.5,-3.));
#2210=CARTESIAN_POINT('',(-77.5944534936958,5.5,12.9855839738885));
#2211=CARTESIAN_POINT('Origin',(-64.0944534936959,29.4999999999956,-12.5));
#2212=CARTESIAN_POINT('',(-57.5944534936958,34.4999999985078,-12.5));
#2213=CARTESIAN_POINT('',(-57.5944534936958,27.9999999985078,-12.5));
#2214=CARTESIAN_POINT('',(-57.5944534936958,34.4999999985078,-12.5));
#2215=CARTESIAN_POINT('Origin',(-64.0944534936959,29.4999999999956,-12.5));
#2216=CARTESIAN_POINT('',(-70.5944534936958,34.4999999985078,-12.5));
#2217=CARTESIAN_POINT('',(-64.0944534936959,34.4999999985078,-12.5));
#2218=CARTESIAN_POINT('',(-70.5944534936958,34.4999999985078,-12.5));
#2219=CARTESIAN_POINT('Origin',(-64.0944534936959,29.4999999999956,-12.5));
#2220=CARTESIAN_POINT('',(-70.5944534936958,12.2155101976039,-12.5));
#2221=CARTESIAN_POINT('',(-70.5944534936958,27.9999999985078,-12.5));
#2222=CARTESIAN_POINT('',(-57.5944534936958,12.2155101976039,-12.5));
#2223=CARTESIAN_POINT('',(-70.5944534936958,12.2155101976039,-12.5));
#2224=CARTESIAN_POINT('',(-57.5944534936958,12.2155101976039,-12.5));
#2225=CARTESIAN_POINT('Origin',(-64.0944534936958,36.8155101976039,-11.5));
#2226=CARTESIAN_POINT('',(-65.0944534936958,36.8155101976039,-11.5));
#2227=CARTESIAN_POINT('Origin',(-64.0944534936958,36.8155101976039,-11.5));
#2228=CARTESIAN_POINT('Origin',(-77.5944534936958,29.4999999999956,13.5));
#2229=CARTESIAN_POINT('',(-77.5944534936958,29.4999999999956,-3.));
#2230=CARTESIAN_POINT('',(-77.5944534936958,29.4999999999956,-3.));
#2231=CARTESIAN_POINT('',(-77.5944534936958,29.4999999999956,3.78792829679707));
#2232=CARTESIAN_POINT('Origin',(-64.0944534936959,29.4999999999956,13.5));
#2233=CARTESIAN_POINT('',(-50.5944534936958,29.4999999999956,-3.));
#2234=CARTESIAN_POINT('Origin',(-64.0944534936959,29.4999999999956,-3.));
#2235=CARTESIAN_POINT('',(-50.5944534936958,29.4999999999956,3.78792829679707));
#2236=CARTESIAN_POINT('Origin',(-50.5944534936958,5.,13.5));
#2237=CARTESIAN_POINT('',(-50.5944534936958,5.5,-3.));
#2238=CARTESIAN_POINT('Origin',(-51.0944534936959,5.5,-3.));
#2239=CARTESIAN_POINT('',(-51.0944534936959,5.5,-3.5));
#2240=CARTESIAN_POINT('Origin',(-51.0944534936959,5.5,-3.));
#2241=CARTESIAN_POINT('Origin',(-51.0944534936959,5.5,-3.));
#2242=CARTESIAN_POINT('Origin',(-77.5944534936958,5.,13.5));
#2243=CARTESIAN_POINT('',(-77.0944534936958,5.,-3.));
#2244=CARTESIAN_POINT('Origin',(-77.0944534936958,5.5,-3.));
#2245=CARTESIAN_POINT('',(-77.0944534936958,5.5,-3.5));
#2246=CARTESIAN_POINT('Origin',(-77.0944534936958,5.5,-3.));
#2247=CARTESIAN_POINT('Origin',(-77.0944534936958,5.5,-3.));
#2248=CARTESIAN_POINT('Origin',(-57.5944534936958,34.4999999985078,-3.5));
#2249=CARTESIAN_POINT('',(-57.5944534936958,12.2155101976039,-3.5));
#2250=CARTESIAN_POINT('',(-57.5944534936958,12.2155101976039,-3.5));
#2251=CARTESIAN_POINT('',(-57.5944534936958,34.4999999985078,-3.5));
#2252=CARTESIAN_POINT('',(-57.5944534936958,12.2155101976039,-3.5));
#2253=CARTESIAN_POINT('',(-57.5944534936958,34.4999999985078,-3.5));
#2254=CARTESIAN_POINT('Origin',(-70.5944534936958,34.4999999985078,-3.5));
#2255=CARTESIAN_POINT('',(-70.5944534936958,34.4999999985078,-3.5));
#2256=CARTESIAN_POINT('',(-57.5944534936958,34.4999999985078,-3.5));
#2257=CARTESIAN_POINT('',(-70.5944534936958,34.4999999985078,-3.5));
#2258=CARTESIAN_POINT('Origin',(-70.5944534936958,34.4999999985078,-3.5));
#2259=CARTESIAN_POINT('',(-70.5944534936958,12.2155101976039,-3.5));
#2260=CARTESIAN_POINT('',(-70.5944534936958,34.4999999985078,-3.5));
#2261=CARTESIAN_POINT('',(-70.5944534936958,12.2155101976039,-3.5));
#2262=CARTESIAN_POINT('Origin',(-70.5944534936958,12.2155101976039,-3.5));
#2263=CARTESIAN_POINT('',(-70.5944534936958,12.2155101976039,-3.5));
#2264=CARTESIAN_POINT('Origin',(-64.0944534936958,36.8155101976039,-11.5));
#2265=CARTESIAN_POINT('',(-65.0944534936958,36.8155101976039,-3.5));
#2266=CARTESIAN_POINT('',(-65.0944534936958,36.8155101976039,-11.5));
#2267=CARTESIAN_POINT('Origin',(-64.0944534936958,36.8155101976039,-3.5));
#2268=CARTESIAN_POINT('Origin',(-77.0944534936959,29.4999999999956,-3.));
#2269=CARTESIAN_POINT('',(-77.0944534936959,29.4999999999956,-3.5));
#2270=CARTESIAN_POINT('',(-77.0944534936959,29.4999999999956,-3.5));
#2271=CARTESIAN_POINT('Origin',(-77.0944534936959,29.4999999999956,-3.));
#2272=CARTESIAN_POINT('Origin',(-64.0944534936959,29.4999999999956,-3.));
#2273=CARTESIAN_POINT('',(-51.0944534936959,29.4999999999956,-3.5));
#2274=CARTESIAN_POINT('Origin',(-64.0944534936959,29.4999999999956,-3.5));
#2275=CARTESIAN_POINT('Origin',(-51.0944534936959,29.4999999999956,-3.));
#2276=CARTESIAN_POINT('Origin',(-51.0944534936959,29.4999999999956,-3.));
#2277=CARTESIAN_POINT('',(-51.0944534936959,5.5,-3.5));
#2278=CARTESIAN_POINT('Origin',(-64.0944534936959,5.5,-3.));
#2279=CARTESIAN_POINT('',(-77.0944534936958,5.5,-3.5));
#2280=CARTESIAN_POINT('Origin',(-64.0944534936959,29.4999999999956,-3.5));
#2281=CARTESIAN_POINT('',(-65.0944534936958,9.21551019760385,-3.5));
#2282=CARTESIAN_POINT('Origin',(-64.0944534936958,9.21551019760385,-3.5));
#2283=CARTESIAN_POINT('Origin',(-64.0944534936958,9.21551019760385,-11.5));
#2284=CARTESIAN_POINT('',(-65.0944534936958,9.21551019760385,-11.5));
#2285=UNCERTAINTY_MEASURE_WITH_UNIT(LENGTH_MEASURE(0.01),#2289,
'DISTANCE_ACCURACY_VALUE',
'Maximum model space distance between geometric entities at asserted c
onnectivities');
#2286=UNCERTAINTY_MEASURE_WITH_UNIT(LENGTH_MEASURE(0.01),#2289,
'DISTANCE_ACCURACY_VALUE',
'Maximum model space distance between geometric entities at asserted c
onnectivities');
#2287=(
GEOMETRIC_REPRESENTATION_CONTEXT(3)
GLOBAL_UNCERTAINTY_ASSIGNED_CONTEXT((#2285))
GLOBAL_UNIT_ASSIGNED_CONTEXT((#2289,#2291,#2292))
REPRESENTATION_CONTEXT('','3D')
);
#2288=(
GEOMETRIC_REPRESENTATION_CONTEXT(3)
GLOBAL_UNCERTAINTY_ASSIGNED_CONTEXT((#2286))
GLOBAL_UNIT_ASSIGNED_CONTEXT((#2289,#2291,#2292))
REPRESENTATION_CONTEXT('','3D')
);
#2289=(
LENGTH_UNIT()
NAMED_UNIT(*)
SI_UNIT(.MILLI.,.METRE.)
);
#2290=(
LENGTH_UNIT()
NAMED_UNIT(*)
SI_UNIT($,.METRE.)
);
#2291=(
NAMED_UNIT(*)
PLANE_ANGLE_UNIT()
SI_UNIT($,.RADIAN.)
);
#2292=(
NAMED_UNIT(*)
SI_UNIT($,.STERADIAN.)
SOLID_ANGLE_UNIT()
);
#2293=SHAPE_DEFINITION_REPRESENTATION(#2294,#2295);
#2294=PRODUCT_DEFINITION_SHAPE('',$,#2297);
#2295=SHAPE_REPRESENTATION('',(#1143),#2287);
#2296=PRODUCT_DEFINITION_CONTEXT('part definition',#2301,'design');
#2297=PRODUCT_DEFINITION('2026-09-14-23-38-42-365','link_4',#2298,#2296);
#2298=PRODUCT_DEFINITION_FORMATION('',$,#2303);
#2299=PRODUCT_RELATED_PRODUCT_CATEGORY('link_4','link_4',(#2303));
#2300=APPLICATION_PROTOCOL_DEFINITION('international standard',
'automotive_design',2009,#2301);
#2301=APPLICATION_CONTEXT(
'Core Data for Automotive Mechanical Design Process');
#2302=PRODUCT_CONTEXT('part definition',#2301,'mechanical');
#2303=PRODUCT('2026-09-14-23-38-42-365','link_4',$,(#2302));
#2304=PRESENTATION_STYLE_ASSIGNMENT((#2306));
#2305=PRESENTATION_STYLE_ASSIGNMENT((#2307));
#2306=SURFACE_STYLE_USAGE(.BOTH.,#2308);
#2307=SURFACE_STYLE_USAGE(.BOTH.,#2309);
#2308=SURFACE_SIDE_STYLE('',(#2310));
#2309=SURFACE_SIDE_STYLE('',(#2311));
#2310=SURFACE_STYLE_FILL_AREA(#2312);
#2311=SURFACE_STYLE_FILL_AREA(#2313);
#2312=FILL_AREA_STYLE('Steel - Satin',(#2314));
#2313=FILL_AREA_STYLE('Aluminum - Anodized Rough (Blue)',(#2315));
#2314=FILL_AREA_STYLE_COLOUR('Steel - Satin',#2316);
#2315=FILL_AREA_STYLE_COLOUR('Aluminum - Anodized Rough (Blue)',#2317);
#2316=COLOUR_RGB('Steel - Satin',0.627450980392157,0.627450980392157,0.627450980392157);
#2317=COLOUR_RGB('Aluminum - Anodized Rough (Blue)',0.349019607843137,0.584313725490196,
0.854901960784314);
ENDSEC;
END-ISO-10303-21;
