ISO-10303-21;
HEADER;
/* Generated by software containing ST-Developer
 * from STEP Tools, Inc. (www.steptools.com) 
 */

FILE_DESCRIPTION(
/* description */ (''),
/* implementation_level */ '2;1');

FILE_NAME(
/* name */ 'Servo_Motor_MG996R.step',
/* time_stamp */ '2026-09-21T22:55:11+05:30',
/* author */ (''),
/* organization */ (''),
/* preprocessor_version */ 'ST-DEVELOPER v20.2',
/* originating_system */ 'Autodesk Translation Framework v15.15.0.0',
/* authorisation */ '');

FILE_SCHEMA (('AUTOMOTIVE_DESIGN { 1 0 10303 214 3 1 1 }'));
ENDSEC;

DATA;
#10=MECHANICAL_DESIGN_GEOMETRIC_PRESENTATION_REPRESENTATION('',(#83,#84,
#85,#86),#4073);
#11=SHAPE_REPRESENTATION_RELATIONSHIP('SRR','None',#4080,#12);
#12=ADVANCED_BREP_SHAPE_REPRESENTATION('',(#87,#88,#89,#82),#4072);
#13=(
BOUNDED_SURFACE()
B_SPLINE_SURFACE(3,2,((#3764,#3765,#3766),(#3767,#3768,#3769),(#3770,#3771,
#3772),(#3773,#3774,#3775),(#3776,#3777,#3778),(#3779,#3780,#3781),(#3782,
#3783,#3784),(#3785,#3786,#3787)),.UNSPECIFIED.,.F.,.F.,.F.)
B_SPLINE_SURFACE_WITH_KNOTS((4,1,1,1,1,4),(3,3),(0.00129445483567008,0.00210021492940454,
0.00283112683890327,0.003562038748402,0.00392749470315137,0.00429295065790074),
(0.,1.00007484818424),.UNSPECIFIED.)
GEOMETRIC_REPRESENTATION_ITEM()
RATIONAL_B_SPLINE_SURFACE(((1.,0.689311911953177,1.00004650887851),(1.,
0.754504913832645,1.00003674972288),(1.,0.849398253903115,1.00002254453448),
(1.,0.939420499124889,1.00000906853128),(1.,0.980868217228584,1.0000028639584),
(1.,0.997275410979335,1.00000040786108),(1.,1.,1.),(1.,1.,1.)))
REPRESENTATION_ITEM('')
SURFACE()
);
#14=(
BOUNDED_SURFACE()
B_SPLINE_SURFACE(3,2,((#3791,#3792,#3793),(#3794,#3795,#3796),(#3797,#3798,
#3799),(#3800,#3801,#3802),(#3803,#3804,#3805),(#3806,#3807,#3808),(#3809,
#3810,#3811),(#3812,#3813,#3814)),.UNSPECIFIED.,.F.,.F.,.F.)
B_SPLINE_SURFACE_WITH_KNOTS((4,1,1,1,1,4),(3,3),(0.00107693825610663,0.00210021492940488,
0.00283112683890371,0.00356203874840255,0.00392749470315196,0.00429295065790138),
(-0.0189384236511066,1.),.UNSPECIFIED.)
GEOMETRIC_REPRESENTATION_ITEM()
RATIONAL_B_SPLINE_SURFACE(((1.01416222628164,0.626098070712182,1.),(1.01053690585588,
0.721811433464642,1.),(1.00614516356327,0.837759370143979,1.),(1.00233784088007,
0.938277838664539,1.),(1.00073832011201,0.980507350410675,1.),(1.00010514539575,
0.997224019335305,1.),(1.,1.,1.),(1.,1.,1.)))
REPRESENTATION_ITEM('')
SURFACE()
);
#15=(
BOUNDED_SURFACE()
B_SPLINE_SURFACE(2,2,((#3816,#3817,#3818),(#3819,#3820,#3821),(#3822,#3823,
#3824)),.UNSPECIFIED.,.F.,.F.,.F.)
B_SPLINE_SURFACE_WITH_KNOTS((3,3),(3,3),(-1.5707963267949,0.),(0.,1.5707963267949),
 .UNSPECIFIED.)
GEOMETRIC_REPRESENTATION_ITEM()
RATIONAL_B_SPLINE_SURFACE(((1.,0.707106781186548,1.),(0.707106781186564,
0.500000000000012,0.707106781186564),(1.,0.707106781186548,1.)))
REPRESENTATION_ITEM('')
SURFACE()
);
#16=(
BOUNDED_SURFACE()
B_SPLINE_SURFACE(2,2,((#3830,#3831,#3832),(#3833,#3834,#3835),(#3836,#3837,
#3838)),.UNSPECIFIED.,.F.,.F.,.F.)
B_SPLINE_SURFACE_WITH_KNOTS((3,3),(3,3),(-1.5707963267949,0.),(1.5707963267949,
3.1415926535898),.UNSPECIFIED.)
GEOMETRIC_REPRESENTATION_ITEM()
RATIONAL_B_SPLINE_SURFACE(((1.,0.707106781186546,1.),(0.70710678118655,
0.500000000000001,0.70710678118655),(1.,0.707106781186546,1.)))
REPRESENTATION_ITEM('')
SURFACE()
);
#17=(
BOUNDED_SURFACE()
B_SPLINE_SURFACE(3,2,((#3839,#3840,#3841),(#3842,#3843,#3844),(#3845,#3846,
#3847),(#3848,#3849,#3850),(#3851,#3852,#3853),(#3854,#3855,#3856),(#3857,
#3858,#3859),(#3860,#3861,#3862)),.UNSPECIFIED.,.F.,.F.,.F.)
B_SPLINE_SURFACE_WITH_KNOTS((4,1,1,1,1,4),(3,3),(0.00136930301990605,0.00210021492940488,
0.00283112683890371,0.00356203874840254,0.00392749470315195,0.00429295065790137),
(-0.0174730300627139,1.),.UNSPECIFIED.)
GEOMETRIC_REPRESENTATION_ITEM()
RATIONAL_B_SPLINE_SURFACE(((1.01041430860578,0.701989049169027,1.),(1.0084025281061,
0.759557212574285,1.),(1.00524884956398,0.849801392627993,1.),(1.00215384433325,
0.938366604832704,1.),(1.0006802116444,0.980535383904225,1.),(1.00009687007218,
0.997228011631773,1.),(1.,1.,1.),(1.,1.,1.)))
REPRESENTATION_ITEM('')
SURFACE()
);
#18=(
BOUNDED_SURFACE()
B_SPLINE_SURFACE(2,2,((#3866,#3867,#3868),(#3869,#3870,#3871),(#3872,#3873,
#3874)),.UNSPECIFIED.,.F.,.F.,.F.)
B_SPLINE_SURFACE_WITH_KNOTS((3,3),(3,3),(-1.5707963267949,0.),(-3.14159265358979,
-1.5707963267949),.UNSPECIFIED.)
GEOMETRIC_REPRESENTATION_ITEM()
RATIONAL_B_SPLINE_SURFACE(((1.,0.707106781186548,1.),(0.70710678118655,
0.500000000000002,0.70710678118655),(1.,0.707106781186548,1.)))
REPRESENTATION_ITEM('')
SURFACE()
);
#19=(
BOUNDED_SURFACE()
B_SPLINE_SURFACE(3,2,((#3876,#3877,#3878),(#3879,#3880,#3881),(#3882,#3883,
#3884),(#3885,#3886,#3887),(#3888,#3889,#3890),(#3891,#3892,#3893),(#3894,
#3895,#3896),(#3897,#3898,#3899)),.UNSPECIFIED.,.F.,.F.,.F.)
B_SPLINE_SURFACE_WITH_KNOTS((4,1,1,1,1,4),(3,3),(0.00136930301990583,0.00210021492940458,
0.00283112683890333,0.00356203874840208,0.00392749470315146,0.00429295065790083),
(0.,1.01747303004012),.UNSPECIFIED.)
GEOMETRIC_REPRESENTATION_ITEM()
RATIONAL_B_SPLINE_SURFACE(((1.,0.701989049175673,1.01041430859208),(1.,
0.759557212569159,1.00840252809542),(1.,0.849801392636197,1.0052488495569),
(1.,0.938366604832737,1.00215384433046),(1.,0.980535383904831,1.0006802116435),
(1.,0.997228011631798,1.00009687007206),(1.,1.,1.),(1.,1.,1.)))
REPRESENTATION_ITEM('')
SURFACE()
);
#20=(
BOUNDED_SURFACE()
B_SPLINE_SURFACE(3,2,((#3902,#3903,#3904),(#3905,#3906,#3907),(#3908,#3909,
#3910),(#3911,#3912,#3913),(#3914,#3915,#3916),(#3917,#3918,#3919),(#3920,
#3921,#3922),(#3923,#3924,#3925)),.UNSPECIFIED.,.F.,.F.,.F.)
B_SPLINE_SURFACE_WITH_KNOTS((4,1,1,1,1,4),(3,3),(0.00107693825610652,0.00210021492940489,
0.00283112683890372,0.00356203874840256,0.00392749470315198,0.00429295065790139),
(-0.0189384236590791,1.),.UNSPECIFIED.)
GEOMETRIC_REPRESENTATION_ITEM()
RATIONAL_B_SPLINE_SURFACE(((1.0141622262868,0.626098070733293,1.),(1.01053690586109,
0.721811433444111,1.),(1.00614516356568,0.837759370148709,1.),(1.00233784088112,
0.93827783866265,1.),(1.00073832011232,0.980507350410698,1.),(1.0001051453958,
0.997224019335244,1.),(1.,1.,1.),(1.,1.,1.)))
REPRESENTATION_ITEM('')
SURFACE()
);
#21=(
BOUNDED_SURFACE()
B_SPLINE_SURFACE(2,2,((#3929,#3930,#3931),(#3932,#3933,#3934),(#3935,#3936,
#3937)),.UNSPECIFIED.,.F.,.F.,.F.)
B_SPLINE_SURFACE_WITH_KNOTS((3,3),(3,3),(-1.5707963267949,0.),(-1.5707963267949,
0.),.UNSPECIFIED.)
GEOMETRIC_REPRESENTATION_ITEM()
RATIONAL_B_SPLINE_SURFACE(((1.,0.707106781186548,1.),(0.707106781186564,
0.500000000000012,0.707106781186564),(1.,0.707106781186548,1.)))
REPRESENTATION_ITEM('')
SURFACE()
);
#22=(
BOUNDED_SURFACE()
B_SPLINE_SURFACE(3,2,((#3939,#3940,#3941),(#3942,#3943,#3944),(#3945,#3946,
#3947),(#3948,#3949,#3950),(#3951,#3952,#3953),(#3954,#3955,#3956),(#3957,
#3958,#3959),(#3960,#3961,#3962)),.UNSPECIFIED.,.F.,.F.,.F.)
B_SPLINE_SURFACE_WITH_KNOTS((4,1,1,1,1,4),(3,3),(0.00129445483794522,0.00210021492940463,
0.0028311268389034,0.00356203874840217,0.00392749470315156,0.00429295065790095),
(0.,1.00007484818196),.UNSPECIFIED.)
GEOMETRIC_REPRESENTATION_ITEM()
RATIONAL_B_SPLINE_SURFACE(((1.,0.689311912509562,1.00004650887701),(1.,
0.754504914103337,1.00003674972172),(1.,0.849398253998334,1.00002254453378),
(1.,0.939420499123838,1.00000906853101),(1.,0.980868217228775,1.00000286395832),
(1.,0.99727541097932,1.00000040786107),(1.,1.,1.),(1.,1.,1.)))
REPRESENTATION_ITEM('')
SURFACE()
);
#23=TOROIDAL_SURFACE('',#2296,2.91545990058115,0.4);
#24=TOROIDAL_SURFACE('',#2297,9.85,0.4);
#25=ELLIPSE('',#2251,1.13137084989848,0.8);
#26=ELLIPSE('',#2252,1.13137084989848,0.8);
#27=ELLIPSE('',#2254,1.13137084989848,0.8);
#28=ELLIPSE('',#2255,1.13137084989848,0.8);
#29=ELLIPSE('',#2257,1.13137084989848,0.8);
#30=ELLIPSE('',#2258,1.13137084989848,0.8);
#31=ELLIPSE('',#2260,1.13137084989848,0.8);
#32=ELLIPSE('',#2261,1.13137084989848,0.8);
#33=ELLIPSE('',#2299,0.565685424949238,0.4);
#34=ELLIPSE('',#2301,0.565685424949238,0.4);
#35=B_SPLINE_CURVE_WITH_KNOTS('',3,(#3044,#3045,#3046,#3047,#3048,#3049,
#3050,#3051,#3052,#3053,#3054,#3055,#3056,#3057,#3058,#3059,#3060,#3061,
#3062,#3063,#3064,#3065,#3066,#3067,#3068,#3069,#3070,#3071,#3072,#3073,
#3074,#3075,#3076,#3077,#3078,#3079,#3080),.UNSPECIFIED.,.F.,.F.,(4,3,3,
3,3,3,3,3,3,3,3,3,4),(0.,0.000370124307704063,0.000717074808531395,0.000718034031306142,
0.0013637085525654,0.00143380275910633,0.00143414961706279,0.0021505780734162,
0.00215122442559418,0.00250925657615153,0.00268468566652732,0.00283260680686803,
0.00286829923412558),.UNSPECIFIED.);
#36=B_SPLINE_CURVE_WITH_KNOTS('',3,(#3082,#3083,#3084,#3085,#3086,#3087,
#3088,#3089,#3090,#3091,#3092,#3093,#3094,#3095,#3096,#3097,#3098,#3099,
#3100,#3101,#3102,#3103,#3104,#3105,#3106,#3107,#3108,#3109,#3110,#3111,
#3112,#3113,#3114,#3115,#3116,#3117,#3118),.UNSPECIFIED.,.F.,.F.,(4,3,3,
3,3,3,3,3,3,3,3,3,4),(0.,0.000370124313264006,0.000717074808531399,0.000718034031306163,
0.00136370856326595,0.00143380275910635,0.0014341496170628,0.00215057807341623,
0.0021512244255942,0.00250925657615155,0.00268468566653708,0.00283260680688145,
0.00286829923412559),.UNSPECIFIED.);
#37=B_SPLINE_CURVE_WITH_KNOTS('',3,(#3363,#3364,#3365,#3366,#3367,#3368,
#3369,#3370,#3371,#3372,#3373,#3374,#3375,#3376,#3377,#3378,#3379,#3380,
#3381,#3382,#3383,#3384,#3385,#3386,#3387,#3388,#3389,#3390,#3391,#3392,
#3393,#3394,#3395,#3396,#3397,#3398,#3399),.UNSPECIFIED.,.F.,.F.,(4,3,3,
3,3,3,3,3,3,3,3,3,4),(0.,0.000370124313038622,0.00071707480853139,0.00071803403130614,
0.00136370855166376,0.00143380275910632,0.00143414961706278,0.00215057807341613,
0.00215122442559417,0.00250925657615151,0.00268468566653885,0.00283260680688715,
0.00286829923412556),.UNSPECIFIED.);
#38=B_SPLINE_CURVE_WITH_KNOTS('',3,(#3401,#3402,#3403,#3404,#3405,#3406,
#3407,#3408,#3409,#3410,#3411,#3412,#3413,#3414,#3415,#3416,#3417,#3418,
#3419,#3420,#3421,#3422,#3423,#3424,#3425,#3426,#3427,#3428,#3429,#3430,
#3431,#3432,#3433,#3434,#3435,#3436,#3437),.UNSPECIFIED.,.F.,.F.,(4,3,3,
3,3,3,3,3,3,3,3,3,4),(0.,0.000370124307625735,0.000717074808531389,0.000718034031306158,
0.0013637085413599,0.00143380275910634,0.00143414961706278,0.00215057807341615,
0.00215122442559417,0.00250925657615151,0.00268468566654204,0.0028326068068853,
0.00286829923412556),.UNSPECIFIED.);
#39=B_SPLINE_CURVE_WITH_KNOTS('',3,(#3450,#3451,#3452,#3453,#3454,#3455,
#3456,#3457,#3458,#3459,#3460,#3461,#3462,#3463,#3464,#3465,#3466,#3467,
#3468,#3469,#3470,#3471,#3472,#3473,#3474,#3475,#3476,#3477,#3478,#3479,
#3480,#3481,#3482,#3483,#3484,#3485,#3486),.UNSPECIFIED.,.F.,.F.,(4,3,3,
3,3,3,3,3,3,3,3,3,4),(0.,0.000370124307673656,0.000717074808531393,0.000718034031306139,
0.00136370854528245,0.00143380275910633,0.00143414961706279,0.00215057807341617,
0.00215122442559418,0.00250925657615151,0.00268468566654575,0.00283260680689058,
0.00286829923412557),.UNSPECIFIED.);
#40=B_SPLINE_CURVE_WITH_KNOTS('',3,(#3488,#3489,#3490,#3491,#3492,#3493,
#3494,#3495,#3496,#3497,#3498,#3499,#3500,#3501,#3502,#3503,#3504,#3505,
#3506,#3507,#3508,#3509,#3510,#3511,#3512,#3513,#3514,#3515,#3516,#3517,
#3518,#3519,#3520,#3521,#3522,#3523,#3524),.UNSPECIFIED.,.F.,.F.,(4,3,3,
3,3,3,3,3,3,3,3,3,4),(0.,0.00037012431310947,0.000717074808531393,0.000718034031306163,
0.00136370855564966,0.00143380275910635,0.00143414961706279,0.00215057807341618,
0.00215122442559418,0.00250925657615153,0.00268468566655339,0.00283260680689921,
0.00286829923412557),.UNSPECIFIED.);
#41=B_SPLINE_CURVE_WITH_KNOTS('',3,(#3546,#3547,#3548,#3549,#3550,#3551,
#3552,#3553,#3554,#3555),.UNSPECIFIED.,.F.,.F.,(4,2,2,2,4),(0.,0.0142355616270044,
0.0293144291852662,0.0456406908814787,0.063450068826819),.UNSPECIFIED.);
#42=B_SPLINE_CURVE_WITH_KNOTS('',3,(#3558,#3559,#3560,#3561,#3562,#3563,
#3564,#3565,#3566,#3567),.UNSPECIFIED.,.F.,.F.,(4,2,2,2,4),(0.193385595066139,
0.211194973011479,0.227521234707692,0.242600102265954,0.256835663892958),
 .UNSPECIFIED.);
#43=B_SPLINE_CURVE_WITH_KNOTS('',3,(#3577,#3578,#3579,#3580,#3581,#3582,
#3583,#3584,#3585),.UNSPECIFIED.,.F.,.F.,(4,1,2,2,4),(-0.0719687507166943,
-0.0359843753583472,0.,0.0717103604125056,0.21538725489397),
 .UNSPECIFIED.);
#44=B_SPLINE_CURVE_WITH_KNOTS('',3,(#3587,#3588,#3589,#3590,#3591,#3592,
#3593,#3594,#3595,#3596,#3597,#3598,#3599,#3600),.UNSPECIFIED.,.F.,.F.,
(4,2,2,2,2,2,4),(-0.0366131546434271,0.,0.00859641546324165,0.0172106551950683,
0.035435933524152,0.107039027788778,0.250713022651639),.UNSPECIFIED.);
#45=B_SPLINE_CURVE_WITH_KNOTS('',3,(#3601,#3602,#3603,#3604,#3605,#3606,
#3607,#3608,#3609,#3610,#3611,#3612,#3613,#3614),.UNSPECIFIED.,.F.,.F.,
(4,2,2,2,2,2,4),(0.,0.143702204877756,0.215321914383758,0.233550134719795,
0.242165100046257,0.250762240143919,0.287382578618777),.UNSPECIFIED.);
#46=B_SPLINE_CURVE_WITH_KNOTS('',3,(#3615,#3616,#3617,#3618,#3619,#3620,
#3621,#3622,#3623),.UNSPECIFIED.,.F.,.F.,(4,1,2,2,4),(-0.0719687507167691,
-0.0359843753583846,0.,0.0717103604123528,0.215387254893329),
 .UNSPECIFIED.);
#47=B_SPLINE_CURVE_WITH_KNOTS('',3,(#3731,#3732,#3733,#3734,#3735,#3736,
#3737,#3738,#3739,#3740,#3741,#3742,#3743,#3744),.UNSPECIFIED.,.F.,.F.,
(4,2,2,2,2,2,4),(0.0638832820733987,0.0790274060104632,0.094439862196741,
0.110407783270307,0.119073252163448,0.127766564146676,0.128060490821824),
 .UNSPECIFIED.);
#48=B_SPLINE_CURVE_WITH_KNOTS('',3,(#3745,#3746,#3747,#3748,#3749,#3750,
#3751,#3752,#3753,#3754,#3755,#3756,#3757,#3758),.UNSPECIFIED.,.F.,.F.,
(4,2,2,2,2,2,4),(-0.0638832820733313,-0.0487391581363035,-0.033326701950029,
-0.0173587808764682,-0.00869331198327199,0.,0.000293926675015651),
 .UNSPECIFIED.);
#49=FACE_BOUND('',#297,.T.);
#50=FACE_BOUND('',#299,.T.);
#51=FACE_BOUND('',#300,.T.);
#52=FACE_BOUND('',#318,.T.);
#53=FACE_BOUND('',#327,.T.);
#54=FACE_BOUND('',#330,.T.);
#55=FACE_BOUND('',#333,.T.);
#56=FACE_BOUND('',#402,.T.);
#57=FACE_BOUND('',#403,.T.);
#58=FACE_BOUND('',#404,.T.);
#59=FACE_BOUND('',#405,.T.);
#60=FACE_BOUND('',#406,.T.);
#61=FACE_BOUND('',#407,.T.);
#62=FACE_BOUND('',#408,.T.);
#63=FACE_BOUND('',#409,.T.);
#64=FACE_BOUND('',#410,.T.);
#65=FACE_BOUND('',#411,.T.);
#66=FACE_BOUND('',#412,.T.);
#67=FACE_BOUND('',#413,.T.);
#68=FACE_BOUND('',#414,.T.);
#69=FACE_BOUND('',#416,.T.);
#70=FACE_BOUND('',#417,.T.);
#71=FACE_BOUND('',#418,.T.);
#72=FACE_BOUND('',#419,.T.);
#73=FACE_BOUND('',#420,.T.);
#74=FACE_BOUND('',#421,.T.);
#75=FACE_BOUND('',#422,.T.);
#76=FACE_BOUND('',#423,.T.);
#77=FACE_BOUND('',#424,.T.);
#78=FACE_BOUND('',#425,.T.);
#79=FACE_BOUND('',#426,.T.);
#80=FACE_BOUND('',#427,.T.);
#81=ORIENTED_CLOSED_SHELL('',*,#2145,.F.);
#82=BREP_WITH_VOIDS('Body4',#2146,(#81));
#83=STYLED_ITEM('',(#4090),#87);
#84=STYLED_ITEM('',(#4091),#88);
#85=STYLED_ITEM('',(#4092),#89);
#86=STYLED_ITEM('',(#4093),#82);
#87=MANIFOLD_SOLID_BREP('Body1',#2142);
#88=MANIFOLD_SOLID_BREP('Body2',#2143);
#89=MANIFOLD_SOLID_BREP('Body3',#2144);
#90=PLANE('',#2163);
#91=PLANE('',#2164);
#92=PLANE('',#2168);
#93=PLANE('',#2169);
#94=PLANE('',#2173);
#95=PLANE('',#2174);
#96=PLANE('',#2175);
#97=PLANE('',#2179);
#98=PLANE('',#2180);
#99=PLANE('',#2181);
#100=PLANE('',#2182);
#101=PLANE('',#2183);
#102=PLANE('',#2184);
#103=PLANE('',#2185);
#104=PLANE('',#2188);
#105=PLANE('',#2191);
#106=PLANE('',#2196);
#107=PLANE('',#2197);
#108=PLANE('',#2200);
#109=PLANE('',#2203);
#110=PLANE('',#2208);
#111=PLANE('',#2209);
#112=PLANE('',#2213);
#113=PLANE('',#2218);
#114=PLANE('',#2221);
#115=PLANE('',#2224);
#116=PLANE('',#2225);
#117=PLANE('',#2226);
#118=PLANE('',#2227);
#119=PLANE('',#2228);
#120=PLANE('',#2229);
#121=PLANE('',#2234);
#122=PLANE('',#2235);
#123=PLANE('',#2240);
#124=PLANE('',#2244);
#125=PLANE('',#2246);
#126=PLANE('',#2250);
#127=PLANE('',#2253);
#128=PLANE('',#2256);
#129=PLANE('',#2259);
#130=PLANE('',#2270);
#131=PLANE('',#2271);
#132=PLANE('',#2272);
#133=PLANE('',#2274);
#134=PLANE('',#2275);
#135=PLANE('',#2277);
#136=PLANE('',#2278);
#137=PLANE('',#2281);
#138=PLANE('',#2282);
#139=PLANE('',#2283);
#140=PLANE('',#2284);
#141=PLANE('',#2285);
#142=PLANE('',#2286);
#143=PLANE('',#2288);
#144=PLANE('',#2289);
#145=PLANE('',#2291);
#146=PLANE('',#2292);
#147=PLANE('',#2295);
#148=PLANE('',#2324);
#149=PLANE('',#2325);
#150=PLANE('',#2326);
#151=PLANE('',#2327);
#152=PLANE('',#2328);
#153=PLANE('',#2329);
#154=PLANE('',#2330);
#155=PLANE('',#2331);
#156=PLANE('',#2332);
#157=PLANE('',#2333);
#158=PLANE('',#2347);
#159=FACE_OUTER_BOUND('',#284,.T.);
#160=FACE_OUTER_BOUND('',#285,.T.);
#161=FACE_OUTER_BOUND('',#286,.T.);
#162=FACE_OUTER_BOUND('',#287,.T.);
#163=FACE_OUTER_BOUND('',#288,.T.);
#164=FACE_OUTER_BOUND('',#289,.T.);
#165=FACE_OUTER_BOUND('',#290,.T.);
#166=FACE_OUTER_BOUND('',#291,.T.);
#167=FACE_OUTER_BOUND('',#292,.T.);
#168=FACE_OUTER_BOUND('',#293,.T.);
#169=FACE_OUTER_BOUND('',#294,.T.);
#170=FACE_OUTER_BOUND('',#295,.T.);
#171=FACE_OUTER_BOUND('',#296,.T.);
#172=FACE_OUTER_BOUND('',#298,.T.);
#173=FACE_OUTER_BOUND('',#301,.T.);
#174=FACE_OUTER_BOUND('',#302,.T.);
#175=FACE_OUTER_BOUND('',#303,.T.);
#176=FACE_OUTER_BOUND('',#304,.T.);
#177=FACE_OUTER_BOUND('',#305,.T.);
#178=FACE_OUTER_BOUND('',#306,.T.);
#179=FACE_OUTER_BOUND('',#307,.T.);
#180=FACE_OUTER_BOUND('',#308,.T.);
#181=FACE_OUTER_BOUND('',#309,.T.);
#182=FACE_OUTER_BOUND('',#310,.T.);
#183=FACE_OUTER_BOUND('',#311,.T.);
#184=FACE_OUTER_BOUND('',#312,.T.);
#185=FACE_OUTER_BOUND('',#313,.T.);
#186=FACE_OUTER_BOUND('',#314,.T.);
#187=FACE_OUTER_BOUND('',#315,.T.);
#188=FACE_OUTER_BOUND('',#316,.T.);
#189=FACE_OUTER_BOUND('',#317,.T.);
#190=FACE_OUTER_BOUND('',#319,.T.);
#191=FACE_OUTER_BOUND('',#320,.T.);
#192=FACE_OUTER_BOUND('',#321,.T.);
#193=FACE_OUTER_BOUND('',#322,.T.);
#194=FACE_OUTER_BOUND('',#323,.T.);
#195=FACE_OUTER_BOUND('',#324,.T.);
#196=FACE_OUTER_BOUND('',#325,.T.);
#197=FACE_OUTER_BOUND('',#326,.T.);
#198=FACE_OUTER_BOUND('',#328,.T.);
#199=FACE_OUTER_BOUND('',#329,.T.);
#200=FACE_OUTER_BOUND('',#331,.T.);
#201=FACE_OUTER_BOUND('',#332,.T.);
#202=FACE_OUTER_BOUND('',#334,.T.);
#203=FACE_OUTER_BOUND('',#335,.T.);
#204=FACE_OUTER_BOUND('',#336,.T.);
#205=FACE_OUTER_BOUND('',#337,.T.);
#206=FACE_OUTER_BOUND('',#338,.T.);
#207=FACE_OUTER_BOUND('',#339,.T.);
#208=FACE_OUTER_BOUND('',#340,.T.);
#209=FACE_OUTER_BOUND('',#341,.T.);
#210=FACE_OUTER_BOUND('',#342,.T.);
#211=FACE_OUTER_BOUND('',#343,.T.);
#212=FACE_OUTER_BOUND('',#344,.T.);
#213=FACE_OUTER_BOUND('',#345,.T.);
#214=FACE_OUTER_BOUND('',#346,.T.);
#215=FACE_OUTER_BOUND('',#347,.T.);
#216=FACE_OUTER_BOUND('',#348,.T.);
#217=FACE_OUTER_BOUND('',#349,.T.);
#218=FACE_OUTER_BOUND('',#350,.T.);
#219=FACE_OUTER_BOUND('',#351,.T.);
#220=FACE_OUTER_BOUND('',#352,.T.);
#221=FACE_OUTER_BOUND('',#353,.T.);
#222=FACE_OUTER_BOUND('',#354,.T.);
#223=FACE_OUTER_BOUND('',#355,.T.);
#224=FACE_OUTER_BOUND('',#356,.T.);
#225=FACE_OUTER_BOUND('',#357,.T.);
#226=FACE_OUTER_BOUND('',#358,.T.);
#227=FACE_OUTER_BOUND('',#359,.T.);
#228=FACE_OUTER_BOUND('',#360,.T.);
#229=FACE_OUTER_BOUND('',#361,.T.);
#230=FACE_OUTER_BOUND('',#362,.T.);
#231=FACE_OUTER_BOUND('',#363,.T.);
#232=FACE_OUTER_BOUND('',#364,.T.);
#233=FACE_OUTER_BOUND('',#365,.T.);
#234=FACE_OUTER_BOUND('',#366,.T.);
#235=FACE_OUTER_BOUND('',#367,.T.);
#236=FACE_OUTER_BOUND('',#368,.T.);
#237=FACE_OUTER_BOUND('',#369,.T.);
#238=FACE_OUTER_BOUND('',#370,.T.);
#239=FACE_OUTER_BOUND('',#371,.T.);
#240=FACE_OUTER_BOUND('',#372,.T.);
#241=FACE_OUTER_BOUND('',#373,.T.);
#242=FACE_OUTER_BOUND('',#374,.T.);
#243=FACE_OUTER_BOUND('',#375,.T.);
#244=FACE_OUTER_BOUND('',#376,.T.);
#245=FACE_OUTER_BOUND('',#377,.T.);
#246=FACE_OUTER_BOUND('',#378,.T.);
#247=FACE_OUTER_BOUND('',#379,.T.);
#248=FACE_OUTER_BOUND('',#380,.T.);
#249=FACE_OUTER_BOUND('',#381,.T.);
#250=FACE_OUTER_BOUND('',#382,.T.);
#251=FACE_OUTER_BOUND('',#383,.T.);
#252=FACE_OUTER_BOUND('',#384,.T.);
#253=FACE_OUTER_BOUND('',#385,.T.);
#254=FACE_OUTER_BOUND('',#386,.T.);
#255=FACE_OUTER_BOUND('',#387,.T.);
#256=FACE_OUTER_BOUND('',#388,.T.);
#257=FACE_OUTER_BOUND('',#389,.T.);
#258=FACE_OUTER_BOUND('',#390,.T.);
#259=FACE_OUTER_BOUND('',#391,.T.);
#260=FACE_OUTER_BOUND('',#392,.T.);
#261=FACE_OUTER_BOUND('',#393,.T.);
#262=FACE_OUTER_BOUND('',#394,.T.);
#263=FACE_OUTER_BOUND('',#395,.T.);
#264=FACE_OUTER_BOUND('',#396,.T.);
#265=FACE_OUTER_BOUND('',#397,.T.);
#266=FACE_OUTER_BOUND('',#398,.T.);
#267=FACE_OUTER_BOUND('',#399,.T.);
#268=FACE_OUTER_BOUND('',#400,.T.);
#269=FACE_OUTER_BOUND('',#401,.T.);
#270=FACE_OUTER_BOUND('',#415,.T.);
#271=FACE_OUTER_BOUND('',#428,.T.);
#272=FACE_OUTER_BOUND('',#429,.T.);
#273=FACE_OUTER_BOUND('',#430,.T.);
#274=FACE_OUTER_BOUND('',#431,.T.);
#275=FACE_OUTER_BOUND('',#432,.T.);
#276=FACE_OUTER_BOUND('',#433,.T.);
#277=FACE_OUTER_BOUND('',#434,.T.);
#278=FACE_OUTER_BOUND('',#435,.T.);
#279=FACE_OUTER_BOUND('',#436,.T.);
#280=FACE_OUTER_BOUND('',#437,.T.);
#281=FACE_OUTER_BOUND('',#438,.T.);
#282=FACE_OUTER_BOUND('',#439,.T.);
#283=FACE_OUTER_BOUND('',#440,.T.);
#284=EDGE_LOOP('',(#1381,#1382,#1383,#1384));
#285=EDGE_LOOP('',(#1385));
#286=EDGE_LOOP('',(#1386));
#287=EDGE_LOOP('',(#1387,#1388,#1389,#1390));
#288=EDGE_LOOP('',(#1391));
#289=EDGE_LOOP('',(#1392));
#290=EDGE_LOOP('',(#1393,#1394,#1395,#1396));
#291=EDGE_LOOP('',(#1397));
#292=EDGE_LOOP('',(#1398));
#293=EDGE_LOOP('',(#1399));
#294=EDGE_LOOP('',(#1400,#1401,#1402,#1403));
#295=EDGE_LOOP('',(#1404));
#296=EDGE_LOOP('',(#1405,#1406,#1407,#1408));
#297=EDGE_LOOP('',(#1409,#1410,#1411,#1412));
#298=EDGE_LOOP('',(#1413,#1414,#1415,#1416,#1417,#1418,#1419));
#299=EDGE_LOOP('',(#1420,#1421,#1422,#1423));
#300=EDGE_LOOP('',(#1424,#1425,#1426,#1427,#1428,#1429,#1430,#1431));
#301=EDGE_LOOP('',(#1432,#1433,#1434,#1435,#1436,#1437));
#302=EDGE_LOOP('',(#1438,#1439,#1440));
#303=EDGE_LOOP('',(#1441,#1442,#1443));
#304=EDGE_LOOP('',(#1444,#1445,#1446,#1447,#1448,#1449,#1450,#1451,#1452));
#305=EDGE_LOOP('',(#1453,#1454,#1455,#1456,#1457,#1458,#1459,#1460,#1461));
#306=EDGE_LOOP('',(#1462,#1463,#1464,#1465,#1466,#1467,#1468,#1469,#1470,
#1471,#1472,#1473,#1474,#1475));
#307=EDGE_LOOP('',(#1476,#1477,#1478,#1479));
#308=EDGE_LOOP('',(#1480,#1481,#1482,#1483,#1484,#1485,#1486,#1487,#1488));
#309=EDGE_LOOP('',(#1489,#1490,#1491,#1492,#1493,#1494,#1495,#1496,#1497));
#310=EDGE_LOOP('',(#1498,#1499,#1500,#1501,#1502,#1503,#1504,#1505,#1506,
#1507,#1508,#1509,#1510,#1511));
#311=EDGE_LOOP('',(#1512,#1513,#1514,#1515,#1516,#1517));
#312=EDGE_LOOP('',(#1518,#1519,#1520,#1521));
#313=EDGE_LOOP('',(#1522,#1523,#1524,#1525));
#314=EDGE_LOOP('',(#1526,#1527,#1528,#1529,#1530,#1531,#1532,#1533,#1534,
#1535,#1536,#1537));
#315=EDGE_LOOP('',(#1538,#1539,#1540,#1541));
#316=EDGE_LOOP('',(#1542,#1543,#1544,#1545));
#317=EDGE_LOOP('',(#1546,#1547,#1548,#1549));
#318=EDGE_LOOP('',(#1550,#1551,#1552,#1553,#1554,#1555,#1556,#1557));
#319=EDGE_LOOP('',(#1558,#1559,#1560,#1561,#1562,#1563,#1564));
#320=EDGE_LOOP('',(#1565,#1566,#1567,#1568,#1569,#1570,#1571));
#321=EDGE_LOOP('',(#1572,#1573,#1574,#1575));
#322=EDGE_LOOP('',(#1576,#1577,#1578,#1579,#1580,#1581,#1582,#1583,#1584,
#1585));
#323=EDGE_LOOP('',(#1586,#1587,#1588,#1589));
#324=EDGE_LOOP('',(#1590,#1591,#1592,#1593,#1594,#1595,#1596,#1597,#1598,
#1599,#1600,#1601,#1602));
#325=EDGE_LOOP('',(#1603,#1604,#1605,#1606));
#326=EDGE_LOOP('',(#1607,#1608,#1609,#1610));
#327=EDGE_LOOP('',(#1611));
#328=EDGE_LOOP('',(#1612,#1613,#1614,#1615));
#329=EDGE_LOOP('',(#1616));
#330=EDGE_LOOP('',(#1617));
#331=EDGE_LOOP('',(#1618,#1619,#1620,#1621));
#332=EDGE_LOOP('',(#1622));
#333=EDGE_LOOP('',(#1623));
#334=EDGE_LOOP('',(#1624,#1625));
#335=EDGE_LOOP('',(#1626,#1627,#1628,#1629));
#336=EDGE_LOOP('',(#1630,#1631,#1632,#1633,#1634,#1635));
#337=EDGE_LOOP('',(#1636,#1637,#1638,#1639,#1640,#1641));
#338=EDGE_LOOP('',(#1642,#1643,#1644,#1645,#1646,#1647));
#339=EDGE_LOOP('',(#1648,#1649,#1650,#1651,#1652,#1653));
#340=EDGE_LOOP('',(#1654,#1655,#1656,#1657,#1658));
#341=EDGE_LOOP('',(#1659,#1660,#1661,#1662,#1663));
#342=EDGE_LOOP('',(#1664,#1665,#1666,#1667,#1668));
#343=EDGE_LOOP('',(#1669,#1670,#1671,#1672,#1673));
#344=EDGE_LOOP('',(#1674,#1675,#1676,#1677));
#345=EDGE_LOOP('',(#1678,#1679,#1680,#1681));
#346=EDGE_LOOP('',(#1682,#1683,#1684,#1685));
#347=EDGE_LOOP('',(#1686,#1687,#1688,#1689));
#348=EDGE_LOOP('',(#1690,#1691,#1692,#1693));
#349=EDGE_LOOP('',(#1694,#1695,#1696,#1697));
#350=EDGE_LOOP('',(#1698,#1699,#1700,#1701));
#351=EDGE_LOOP('',(#1702,#1703,#1704,#1705));
#352=EDGE_LOOP('',(#1706,#1707,#1708,#1709));
#353=EDGE_LOOP('',(#1710,#1711,#1712,#1713));
#354=EDGE_LOOP('',(#1714,#1715,#1716,#1717));
#355=EDGE_LOOP('',(#1718,#1719,#1720));
#356=EDGE_LOOP('',(#1721,#1722,#1723));
#357=EDGE_LOOP('',(#1724,#1725,#1726,#1727));
#358=EDGE_LOOP('',(#1728,#1729,#1730,#1731));
#359=EDGE_LOOP('',(#1732,#1733,#1734,#1735));
#360=EDGE_LOOP('',(#1736,#1737,#1738,#1739));
#361=EDGE_LOOP('',(#1740,#1741,#1742,#1743));
#362=EDGE_LOOP('',(#1744,#1745,#1746,#1747));
#363=EDGE_LOOP('',(#1748,#1749,#1750,#1751));
#364=EDGE_LOOP('',(#1752,#1753,#1754,#1755));
#365=EDGE_LOOP('',(#1756,#1757,#1758,#1759));
#366=EDGE_LOOP('',(#1760,#1761,#1762,#1763));
#367=EDGE_LOOP('',(#1764,#1765,#1766,#1767));
#368=EDGE_LOOP('',(#1768,#1769,#1770,#1771));
#369=EDGE_LOOP('',(#1772,#1773,#1774,#1775));
#370=EDGE_LOOP('',(#1776,#1777,#1778,#1779));
#371=EDGE_LOOP('',(#1780,#1781,#1782,#1783));
#372=EDGE_LOOP('',(#1784,#1785,#1786,#1787));
#373=EDGE_LOOP('',(#1788,#1789,#1790,#1791));
#374=EDGE_LOOP('',(#1792,#1793,#1794,#1795));
#375=EDGE_LOOP('',(#1796,#1797,#1798));
#376=EDGE_LOOP('',(#1799,#1800,#1801,#1802));
#377=EDGE_LOOP('',(#1803,#1804,#1805));
#378=EDGE_LOOP('',(#1806,#1807,#1808,#1809));
#379=EDGE_LOOP('',(#1810,#1811,#1812,#1813));
#380=EDGE_LOOP('',(#1814,#1815,#1816,#1817));
#381=EDGE_LOOP('',(#1818,#1819,#1820,#1821));
#382=EDGE_LOOP('',(#1822,#1823,#1824));
#383=EDGE_LOOP('',(#1825,#1826,#1827,#1828));
#384=EDGE_LOOP('',(#1829,#1830,#1831,#1832));
#385=EDGE_LOOP('',(#1833,#1834,#1835));
#386=EDGE_LOOP('',(#1836,#1837,#1838,#1839));
#387=EDGE_LOOP('',(#1840,#1841,#1842));
#388=EDGE_LOOP('',(#1843,#1844,#1845,#1846));
#389=EDGE_LOOP('',(#1847,#1848,#1849,#1850));
#390=EDGE_LOOP('',(#1851,#1852,#1853));
#391=EDGE_LOOP('',(#1854,#1855,#1856,#1857));
#392=EDGE_LOOP('',(#1858,#1859,#1860,#1861));
#393=EDGE_LOOP('',(#1862,#1863,#1864,#1865));
#394=EDGE_LOOP('',(#1866,#1867,#1868,#1869));
#395=EDGE_LOOP('',(#1870,#1871,#1872,#1873));
#396=EDGE_LOOP('',(#1874,#1875,#1876,#1877));
#397=EDGE_LOOP('',(#1878,#1879,#1880,#1881));
#398=EDGE_LOOP('',(#1882,#1883,#1884,#1885));
#399=EDGE_LOOP('',(#1886,#1887,#1888,#1889));
#400=EDGE_LOOP('',(#1890,#1891,#1892,#1893));
#401=EDGE_LOOP('',(#1894));
#402=EDGE_LOOP('',(#1895));
#403=EDGE_LOOP('',(#1896));
#404=EDGE_LOOP('',(#1897));
#405=EDGE_LOOP('',(#1898));
#406=EDGE_LOOP('',(#1899));
#407=EDGE_LOOP('',(#1900));
#408=EDGE_LOOP('',(#1901));
#409=EDGE_LOOP('',(#1902));
#410=EDGE_LOOP('',(#1903));
#411=EDGE_LOOP('',(#1904));
#412=EDGE_LOOP('',(#1905));
#413=EDGE_LOOP('',(#1906));
#414=EDGE_LOOP('',(#1907));
#415=EDGE_LOOP('',(#1908));
#416=EDGE_LOOP('',(#1909));
#417=EDGE_LOOP('',(#1910));
#418=EDGE_LOOP('',(#1911));
#419=EDGE_LOOP('',(#1912));
#420=EDGE_LOOP('',(#1913));
#421=EDGE_LOOP('',(#1914));
#422=EDGE_LOOP('',(#1915));
#423=EDGE_LOOP('',(#1916));
#424=EDGE_LOOP('',(#1917));
#425=EDGE_LOOP('',(#1918));
#426=EDGE_LOOP('',(#1919));
#427=EDGE_LOOP('',(#1920));
#428=EDGE_LOOP('',(#1921,#1922,#1923,#1924));
#429=EDGE_LOOP('',(#1925,#1926,#1927,#1928));
#430=EDGE_LOOP('',(#1929,#1930,#1931,#1932));
#431=EDGE_LOOP('',(#1933,#1934,#1935,#1936));
#432=EDGE_LOOP('',(#1937,#1938,#1939,#1940));
#433=EDGE_LOOP('',(#1941,#1942,#1943,#1944));
#434=EDGE_LOOP('',(#1945,#1946,#1947,#1948));
#435=EDGE_LOOP('',(#1949,#1950,#1951,#1952));
#436=EDGE_LOOP('',(#1953,#1954,#1955,#1956));
#437=EDGE_LOOP('',(#1957,#1958,#1959,#1960));
#438=EDGE_LOOP('',(#1961,#1962,#1963,#1964));
#439=EDGE_LOOP('',(#1965,#1966,#1967,#1968));
#440=EDGE_LOOP('',(#1969,#1970,#1971,#1972));
#441=LINE('',#2992,#624);
#442=LINE('',#3000,#625);
#443=LINE('',#3008,#626);
#444=LINE('',#3017,#627);
#445=LINE('',#3023,#628);
#446=LINE('',#3025,#629);
#447=LINE('',#3027,#630);
#448=LINE('',#3028,#631);
#449=LINE('',#3031,#632);
#450=LINE('',#3033,#633);
#451=LINE('',#3035,#634);
#452=LINE('',#3036,#635);
#453=LINE('',#3040,#636);
#454=LINE('',#3042,#637);
#455=LINE('',#3120,#638);
#456=LINE('',#3122,#639);
#457=LINE('',#3123,#640);
#458=LINE('',#3126,#641);
#459=LINE('',#3128,#642);
#460=LINE('',#3130,#643);
#461=LINE('',#3131,#644);
#462=LINE('',#3134,#645);
#463=LINE('',#3136,#646);
#464=LINE('',#3138,#647);
#465=LINE('',#3140,#648);
#466=LINE('',#3142,#649);
#467=LINE('',#3144,#650);
#468=LINE('',#3146,#651);
#469=LINE('',#3147,#652);
#470=LINE('',#3151,#653);
#471=LINE('',#3153,#654);
#472=LINE('',#3155,#655);
#473=LINE('',#3157,#656);
#474=LINE('',#3159,#657);
#475=LINE('',#3160,#658);
#476=LINE('',#3163,#659);
#477=LINE('',#3165,#660);
#478=LINE('',#3166,#661);
#479=LINE('',#3170,#662);
#480=LINE('',#3171,#663);
#481=LINE('',#3172,#664);
#482=LINE('',#3175,#665);
#483=LINE('',#3177,#666);
#484=LINE('',#3181,#667);
#485=LINE('',#3183,#668);
#486=LINE('',#3186,#669);
#487=LINE('',#3189,#670);
#488=LINE('',#3193,#671);
#489=LINE('',#3195,#672);
#490=LINE('',#3199,#673);
#491=LINE('',#3200,#674);
#492=LINE('',#3204,#675);
#493=LINE('',#3208,#676);
#494=LINE('',#3210,#677);
#495=LINE('',#3212,#678);
#496=LINE('',#3216,#679);
#497=LINE('',#3218,#680);
#498=LINE('',#3221,#681);
#499=LINE('',#3223,#682);
#500=LINE('',#3226,#683);
#501=LINE('',#3228,#684);
#502=LINE('',#3229,#685);
#503=LINE('',#3232,#686);
#504=LINE('',#3234,#687);
#505=LINE('',#3238,#688);
#506=LINE('',#3240,#689);
#507=LINE('',#3244,#690);
#508=LINE('',#3245,#691);
#509=LINE('',#3248,#692);
#510=LINE('',#3250,#693);
#511=LINE('',#3252,#694);
#512=LINE('',#3256,#695);
#513=LINE('',#3258,#696);
#514=LINE('',#3261,#697);
#515=LINE('',#3264,#698);
#516=LINE('',#3268,#699);
#517=LINE('',#3270,#700);
#518=LINE('',#3274,#701);
#519=LINE('',#3276,#702);
#520=LINE('',#3278,#703);
#521=LINE('',#3282,#704);
#522=LINE('',#3284,#705);
#523=LINE('',#3287,#706);
#524=LINE('',#3289,#707);
#525=LINE('',#3290,#708);
#526=LINE('',#3291,#709);
#527=LINE('',#3293,#710);
#528=LINE('',#3294,#711);
#529=LINE('',#3298,#712);
#530=LINE('',#3302,#713);
#531=LINE('',#3309,#714);
#532=LINE('',#3313,#715);
#533=LINE('',#3317,#716);
#534=LINE('',#3321,#717);
#535=LINE('',#3322,#718);
#536=LINE('',#3324,#719);
#537=LINE('',#3325,#720);
#538=LINE('',#3331,#721);
#539=LINE('',#3334,#722);
#540=LINE('',#3340,#723);
#541=LINE('',#3343,#724);
#542=LINE('',#3347,#725);
#543=LINE('',#3349,#726);
#544=LINE('',#3351,#727);
#545=LINE('',#3352,#728);
#546=LINE('',#3353,#729);
#547=LINE('',#3354,#730);
#548=LINE('',#3355,#731);
#549=LINE('',#3359,#732);
#550=LINE('',#3361,#733);
#551=LINE('',#3439,#734);
#552=LINE('',#3441,#735);
#553=LINE('',#3442,#736);
#554=LINE('',#3446,#737);
#555=LINE('',#3448,#738);
#556=LINE('',#3526,#739);
#557=LINE('',#3528,#740);
#558=LINE('',#3529,#741);
#559=LINE('',#3533,#742);
#560=LINE('',#3535,#743);
#561=LINE('',#3537,#744);
#562=LINE('',#3538,#745);
#563=LINE('',#3541,#746);
#564=LINE('',#3543,#747);
#565=LINE('',#3544,#748);
#566=LINE('',#3557,#749);
#567=LINE('',#3570,#750);
#568=LINE('',#3571,#751);
#569=LINE('',#3574,#752);
#570=LINE('',#3625,#753);
#571=LINE('',#3629,#754);
#572=LINE('',#3631,#755);
#573=LINE('',#3633,#756);
#574=LINE('',#3639,#757);
#575=LINE('',#3646,#758);
#576=LINE('',#3655,#759);
#577=LINE('',#3659,#760);
#578=LINE('',#3663,#761);
#579=LINE('',#3666,#762);
#580=LINE('',#3672,#763);
#581=LINE('',#3686,#764);
#582=LINE('',#3688,#765);
#583=LINE('',#3690,#766);
#584=LINE('',#3691,#767);
#585=LINE('',#3693,#768);
#586=LINE('',#3694,#769);
#587=LINE('',#3698,#770);
#588=LINE('',#3699,#771);
#589=LINE('',#3705,#772);
#590=LINE('',#3707,#773);
#591=LINE('',#3710,#774);
#592=LINE('',#3712,#775);
#593=LINE('',#3714,#776);
#594=LINE('',#3715,#777);
#595=LINE('',#3717,#778);
#596=LINE('',#3718,#779);
#597=LINE('',#3722,#780);
#598=LINE('',#3723,#781);
#599=LINE('',#3966,#782);
#600=LINE('',#3967,#783);
#601=LINE('',#3969,#784);
#602=LINE('',#3971,#785);
#603=LINE('',#3975,#786);
#604=LINE('',#3977,#787);
#605=LINE('',#3978,#788);
#606=LINE('',#3981,#789);
#607=LINE('',#3982,#790);
#608=LINE('',#3985,#791);
#609=LINE('',#3986,#792);
#610=LINE('',#3988,#793);
#611=LINE('',#4045,#794);
#612=LINE('',#4047,#795);
#613=LINE('',#4049,#796);
#614=LINE('',#4051,#797);
#615=LINE('',#4053,#798);
#616=LINE('',#4055,#799);
#617=LINE('',#4057,#800);
#618=LINE('',#4059,#801);
#619=LINE('',#4061,#802);
#620=LINE('',#4063,#803);
#621=LINE('',#4065,#804);
#622=LINE('',#4067,#805);
#623=LINE('',#4069,#806);
#624=VECTOR('',#2380,0.75);
#625=VECTOR('',#2391,0.75);
#626=VECTOR('',#2402,0.75);
#627=VECTOR('',#2415,1.25);
#628=VECTOR('',#2422,4.2);
#629=VECTOR('',#2423,7.);
#630=VECTOR('',#2424,4.2);
#631=VECTOR('',#2425,7.);
#632=VECTOR('',#2426,3.5);
#633=VECTOR('',#2427,6.3);
#634=VECTOR('',#2428,3.5);
#635=VECTOR('',#2429,6.3);
#636=VECTOR('',#2432,34.6);
#637=VECTOR('',#2433,6.61451062424844);
#638=VECTOR('',#2434,6.61451062424843);
#639=VECTOR('',#2435,34.6);
#640=VECTOR('',#2436,18.9);
#641=VECTOR('',#2437,4.2);
#642=VECTOR('',#2438,7.);
#643=VECTOR('',#2439,4.2);
#644=VECTOR('',#2440,7.);
#645=VECTOR('',#2441,1.5);
#646=VECTOR('',#2442,1.);
#647=VECTOR('',#2443,1.5);
#648=VECTOR('',#2444,8.75);
#649=VECTOR('',#2445,2.4);
#650=VECTOR('',#2446,18.5);
#651=VECTOR('',#2447,2.4);
#652=VECTOR('',#2448,8.75);
#653=VECTOR('',#2451,3.25000000000001);
#654=VECTOR('',#2452,0.999999999999999);
#655=VECTOR('',#2453,3.25);
#656=VECTOR('',#2454,2.4);
#657=VECTOR('',#2455,7.50000000000001);
#658=VECTOR('',#2456,2.4);
#659=VECTOR('',#2459,6.8);
#660=VECTOR('',#2460,6.96347614342148);
#661=VECTOR('',#2461,1.5);
#662=VECTOR('',#2464,1.5);
#663=VECTOR('',#2465,6.96347614342147);
#664=VECTOR('',#2466,6.8);
#665=VECTOR('',#2469,8.75);
#666=VECTOR('',#2470,5.8);
#667=VECTOR('',#2473,2.);
#668=VECTOR('',#2474,1.61254629693139);
#669=VECTOR('',#2477,1.61254629693138);
#670=VECTOR('',#2480,1.61254629693138);
#671=VECTOR('',#2483,1.6125462969314);
#672=VECTOR('',#2484,1.99999999999998);
#673=VECTOR('',#2487,5.8);
#674=VECTOR('',#2488,8.75);
#675=VECTOR('',#2491,2.00000000000001);
#676=VECTOR('',#2494,5.79999999999999);
#677=VECTOR('',#2495,18.5);
#678=VECTOR('',#2496,5.8);
#679=VECTOR('',#2499,1.99999999999998);
#680=VECTOR('',#2500,1.6125462969314);
#681=VECTOR('',#2503,1.61254629693138);
#682=VECTOR('',#2504,1.61254629693138);
#683=VECTOR('',#2507,1.61254629693139);
#684=VECTOR('',#2510,2.4);
#685=VECTOR('',#2511,2.4);
#686=VECTOR('',#2514,6.8);
#687=VECTOR('',#2515,5.8);
#688=VECTOR('',#2518,1.99999999999997);
#689=VECTOR('',#2519,1.6125462969314);
#690=VECTOR('',#2522,1.61254629693138);
#691=VECTOR('',#2523,3.25000000000002);
#692=VECTOR('',#2526,6.8);
#693=VECTOR('',#2527,3.25);
#694=VECTOR('',#2528,1.61254629693138);
#695=VECTOR('',#2531,1.61254629693138);
#696=VECTOR('',#2532,2.00000000000001);
#697=VECTOR('',#2535,5.8);
#698=VECTOR('',#2538,5.8);
#699=VECTOR('',#2541,2.00000000000001);
#700=VECTOR('',#2542,1.61254629693138);
#701=VECTOR('',#2545,1.61254629693138);
#702=VECTOR('',#2546,7.50000000000002);
#703=VECTOR('',#2547,1.61254629693138);
#704=VECTOR('',#2550,1.6125462969314);
#705=VECTOR('',#2551,1.99999999999997);
#706=VECTOR('',#2554,5.8);
#707=VECTOR('',#2557,1.);
#708=VECTOR('',#2558,2.4);
#709=VECTOR('',#2559,2.4);
#710=VECTOR('',#2562,2.4);
#711=VECTOR('',#2563,2.4);
#712=VECTOR('',#2566,1.3);
#713=VECTOR('',#2569,1.3);
#714=VECTOR('',#2576,27.1145106242484);
#715=VECTOR('',#2579,18.9);
#716=VECTOR('',#2582,27.1145106242485);
#717=VECTOR('',#2585,19.9219521258085);
#718=VECTOR('',#2586,5.9077991344342);
#719=VECTOR('',#2587,5.9077991344342);
#720=VECTOR('',#2588,19.9219521258085);
#721=VECTOR('',#2593,6.61451062424844);
#722=VECTOR('',#2596,6.61451062424844);
#723=VECTOR('',#2601,6.61451062424843);
#724=VECTOR('',#2604,6.61451062424845);
#725=VECTOR('',#2607,34.6);
#726=VECTOR('',#2608,18.9);
#727=VECTOR('',#2609,34.6);
#728=VECTOR('',#2610,18.9);
#729=VECTOR('',#2611,1.);
#730=VECTOR('',#2612,2.4);
#731=VECTOR('',#2613,2.4);
#732=VECTOR('',#2616,34.6);
#733=VECTOR('',#2617,6.61451062424845);
#734=VECTOR('',#2618,27.1145106242485);
#735=VECTOR('',#2619,34.6);
#736=VECTOR('',#2620,39.4);
#737=VECTOR('',#2623,34.6);
#738=VECTOR('',#2624,27.1145106242484);
#739=VECTOR('',#2625,6.61451062424844);
#740=VECTOR('',#2626,34.6);
#741=VECTOR('',#2627,39.4);
#742=VECTOR('',#2630,37.);
#743=VECTOR('',#2631,16.5);
#744=VECTOR('',#2632,37.);
#745=VECTOR('',#2633,16.5);
#746=VECTOR('',#2636,1.90000000000001);
#747=VECTOR('',#2637,17.75);
#748=VECTOR('',#2638,1.90000000000001);
#749=VECTOR('',#2639,5.02470419274589);
#750=VECTOR('',#2642,1.90000000000001);
#751=VECTOR('',#2643,19.9219521258085);
#752=VECTOR('',#2646,1.90000000000001);
#753=VECTOR('',#2655,19.9219521258085);
#754=VECTOR('',#2658,19.6303511078961);
#755=VECTOR('',#2659,16.95);
#756=VECTOR('',#2660,19.6303511078961);
#757=VECTOR('',#2667,6.5);
#758=VECTOR('',#2676,5.35);
#759=VECTOR('',#2689,3.);
#760=VECTOR('',#2694,3.05825686619594);
#761=VECTOR('',#2699,3.05825686619593);
#762=VECTOR('',#2702,3.05825686619593);
#763=VECTOR('',#2711,3.05825686619593);
#764=VECTOR('',#2738,2.4);
#765=VECTOR('',#2741,2.4);
#766=VECTOR('',#2744,2.4);
#767=VECTOR('',#2745,2.4);
#768=VECTOR('',#2748,2.4);
#769=VECTOR('',#2749,2.4);
#770=VECTOR('',#2756,2.4);
#771=VECTOR('',#2757,2.4);
#772=VECTOR('',#2768,6.96347614342148);
#773=VECTOR('',#2771,6.96347614342148);
#774=VECTOR('',#2776,2.4);
#775=VECTOR('',#2779,2.4);
#776=VECTOR('',#2782,2.4);
#777=VECTOR('',#2783,2.4);
#778=VECTOR('',#2786,2.4);
#779=VECTOR('',#2787,2.4);
#780=VECTOR('',#2794,2.4);
#781=VECTOR('',#2795,2.4);
#782=VECTOR('',#2864,1.);
#783=VECTOR('',#2865,1.);
#784=VECTOR('',#2868,0.999999999999996);
#785=VECTOR('',#2871,0.999999999999996);
#786=VECTOR('',#2876,4.0305007778014);
#787=VECTOR('',#2877,2.80009069179261);
#788=VECTOR('',#2878,4.0305007778014);
#789=VECTOR('',#2881,4.0305007778014);
#790=VECTOR('',#2882,5.60009069179261);
#791=VECTOR('',#2885,4.0305007778014);
#792=VECTOR('',#2886,2.80009069179261);
#793=VECTOR('',#2889,5.60009069179261);
#794=VECTOR('',#2950,10.5);
#795=VECTOR('',#2953,0.749999999999999);
#796=VECTOR('',#2956,0.750000000000003);
#797=VECTOR('',#2959,0.750000000000003);
#798=VECTOR('',#2962,0.750000000000002);
#799=VECTOR('',#2965,0.75);
#800=VECTOR('',#2968,0.750000000000001);
#801=VECTOR('',#2971,0.750000000000001);
#802=VECTOR('',#2974,0.750000000000001);
#803=VECTOR('',#2977,0.750000000000001);
#804=VECTOR('',#2980,0.750000000000001);
#805=VECTOR('',#2983,0.749999999999999);
#806=VECTOR('',#2986,0.750000000000002);
#807=CIRCLE('',#2161,0.75);
#808=CIRCLE('',#2162,0.75);
#809=CIRCLE('',#2166,0.75);
#810=CIRCLE('',#2167,0.75);
#811=CIRCLE('',#2171,0.75);
#812=CIRCLE('',#2172,0.75);
#813=CIRCLE('',#2176,1.25);
#814=CIRCLE('',#2178,1.25);
#815=CIRCLE('',#2186,1.);
#816=CIRCLE('',#2187,2.1);
#817=CIRCLE('',#2189,2.1);
#818=CIRCLE('',#2190,1.);
#819=CIRCLE('',#2192,1.);
#820=CIRCLE('',#2193,1.);
#821=CIRCLE('',#2194,2.1);
#822=CIRCLE('',#2195,2.1);
#823=CIRCLE('',#2198,1.);
#824=CIRCLE('',#2199,2.1);
#825=CIRCLE('',#2201,2.1);
#826=CIRCLE('',#2202,1.);
#827=CIRCLE('',#2204,1.);
#828=CIRCLE('',#2205,2.1);
#829=CIRCLE('',#2206,2.1);
#830=CIRCLE('',#2207,1.);
#831=CIRCLE('',#2211,3.31545990058115);
#832=CIRCLE('',#2212,3.31545990058115);
#833=CIRCLE('',#2214,10.25);
#834=CIRCLE('',#2215,0.4);
#835=CIRCLE('',#2216,0.4);
#836=CIRCLE('',#2217,10.25);
#837=CIRCLE('',#2219,0.4);
#838=CIRCLE('',#2220,10.25);
#839=CIRCLE('',#2222,0.4);
#840=CIRCLE('',#2223,10.25);
#841=CIRCLE('',#2231,10.25);
#842=CIRCLE('',#2232,10.25);
#843=CIRCLE('',#2233,10.25);
#844=CIRCLE('',#2236,9.85);
#845=CIRCLE('',#2237,6.5);
#846=CIRCLE('',#2239,6.5);
#847=CIRCLE('',#2241,5.35);
#848=CIRCLE('',#2243,5.35);
#849=CIRCLE('',#2245,3.);
#850=CIRCLE('',#2247,2.91545990058115);
#851=CIRCLE('',#2249,3.);
#852=CIRCLE('',#2263,0.8);
#853=CIRCLE('',#2265,0.8);
#854=CIRCLE('',#2267,0.8);
#855=CIRCLE('',#2269,0.8);
#856=CIRCLE('',#2303,0.4);
#857=CIRCLE('',#2305,0.4);
#858=CIRCLE('',#2306,0.4);
#859=CIRCLE('',#2307,0.4);
#860=CIRCLE('',#2309,0.4);
#861=CIRCLE('',#2311,0.4);
#862=CIRCLE('',#2312,0.4);
#863=CIRCLE('',#2314,0.4);
#864=CIRCLE('',#2315,0.4);
#865=CIRCLE('',#2316,0.4);
#866=CIRCLE('',#2318,0.4);
#867=CIRCLE('',#2320,0.4);
#868=CIRCLE('',#2321,0.4);
#869=CIRCLE('',#2322,0.4);
#870=CIRCLE('',#2334,10.5);
#871=CIRCLE('',#2335,0.750000000000002);
#872=CIRCLE('',#2336,0.749999999999999);
#873=CIRCLE('',#2337,0.750000000000001);
#874=CIRCLE('',#2338,0.750000000000001);
#875=CIRCLE('',#2339,0.750000000000001);
#876=CIRCLE('',#2340,0.750000000000001);
#877=CIRCLE('',#2341,0.750000000000001);
#878=CIRCLE('',#2342,0.75);
#879=CIRCLE('',#2343,0.750000000000002);
#880=CIRCLE('',#2344,0.750000000000003);
#881=CIRCLE('',#2345,0.750000000000003);
#882=CIRCLE('',#2346,0.749999999999999);
#883=CIRCLE('',#2348,10.5);
#884=CIRCLE('',#2349,0.750000000000002);
#885=CIRCLE('',#2350,0.749999999999999);
#886=CIRCLE('',#2351,0.750000000000001);
#887=CIRCLE('',#2352,0.750000000000001);
#888=CIRCLE('',#2353,0.750000000000001);
#889=CIRCLE('',#2354,0.750000000000001);
#890=CIRCLE('',#2355,0.750000000000001);
#891=CIRCLE('',#2356,0.75);
#892=CIRCLE('',#2357,0.750000000000002);
#893=CIRCLE('',#2358,0.750000000000003);
#894=CIRCLE('',#2359,0.750000000000003);
#895=CIRCLE('',#2360,0.749999999999999);
#896=VERTEX_POINT('',#2989);
#897=VERTEX_POINT('',#2991);
#898=VERTEX_POINT('',#2997);
#899=VERTEX_POINT('',#2999);
#900=VERTEX_POINT('',#3005);
#901=VERTEX_POINT('',#3007);
#902=VERTEX_POINT('',#3013);
#903=VERTEX_POINT('',#3016);
#904=VERTEX_POINT('',#3021);
#905=VERTEX_POINT('',#3022);
#906=VERTEX_POINT('',#3024);
#907=VERTEX_POINT('',#3026);
#908=VERTEX_POINT('',#3029);
#909=VERTEX_POINT('',#3030);
#910=VERTEX_POINT('',#3032);
#911=VERTEX_POINT('',#3034);
#912=VERTEX_POINT('',#3038);
#913=VERTEX_POINT('',#3039);
#914=VERTEX_POINT('',#3041);
#915=VERTEX_POINT('',#3043);
#916=VERTEX_POINT('',#3081);
#917=VERTEX_POINT('',#3119);
#918=VERTEX_POINT('',#3121);
#919=VERTEX_POINT('',#3124);
#920=VERTEX_POINT('',#3125);
#921=VERTEX_POINT('',#3127);
#922=VERTEX_POINT('',#3129);
#923=VERTEX_POINT('',#3132);
#924=VERTEX_POINT('',#3133);
#925=VERTEX_POINT('',#3135);
#926=VERTEX_POINT('',#3137);
#927=VERTEX_POINT('',#3139);
#928=VERTEX_POINT('',#3141);
#929=VERTEX_POINT('',#3143);
#930=VERTEX_POINT('',#3145);
#931=VERTEX_POINT('',#3149);
#932=VERTEX_POINT('',#3150);
#933=VERTEX_POINT('',#3152);
#934=VERTEX_POINT('',#3154);
#935=VERTEX_POINT('',#3156);
#936=VERTEX_POINT('',#3158);
#937=VERTEX_POINT('',#3162);
#938=VERTEX_POINT('',#3164);
#939=VERTEX_POINT('',#3168);
#940=VERTEX_POINT('',#3169);
#941=VERTEX_POINT('',#3174);
#942=VERTEX_POINT('',#3176);
#943=VERTEX_POINT('',#3178);
#944=VERTEX_POINT('',#3180);
#945=VERTEX_POINT('',#3182);
#946=VERTEX_POINT('',#3184);
#947=VERTEX_POINT('',#3188);
#948=VERTEX_POINT('',#3190);
#949=VERTEX_POINT('',#3192);
#950=VERTEX_POINT('',#3194);
#951=VERTEX_POINT('',#3196);
#952=VERTEX_POINT('',#3198);
#953=VERTEX_POINT('',#3202);
#954=VERTEX_POINT('',#3203);
#955=VERTEX_POINT('',#3205);
#956=VERTEX_POINT('',#3207);
#957=VERTEX_POINT('',#3209);
#958=VERTEX_POINT('',#3211);
#959=VERTEX_POINT('',#3213);
#960=VERTEX_POINT('',#3215);
#961=VERTEX_POINT('',#3217);
#962=VERTEX_POINT('',#3219);
#963=VERTEX_POINT('',#3222);
#964=VERTEX_POINT('',#3224);
#965=VERTEX_POINT('',#3231);
#966=VERTEX_POINT('',#3233);
#967=VERTEX_POINT('',#3235);
#968=VERTEX_POINT('',#3237);
#969=VERTEX_POINT('',#3239);
#970=VERTEX_POINT('',#3241);
#971=VERTEX_POINT('',#3243);
#972=VERTEX_POINT('',#3247);
#973=VERTEX_POINT('',#3249);
#974=VERTEX_POINT('',#3251);
#975=VERTEX_POINT('',#3253);
#976=VERTEX_POINT('',#3255);
#977=VERTEX_POINT('',#3257);
#978=VERTEX_POINT('',#3259);
#979=VERTEX_POINT('',#3263);
#980=VERTEX_POINT('',#3265);
#981=VERTEX_POINT('',#3267);
#982=VERTEX_POINT('',#3269);
#983=VERTEX_POINT('',#3271);
#984=VERTEX_POINT('',#3273);
#985=VERTEX_POINT('',#3275);
#986=VERTEX_POINT('',#3277);
#987=VERTEX_POINT('',#3279);
#988=VERTEX_POINT('',#3281);
#989=VERTEX_POINT('',#3283);
#990=VERTEX_POINT('',#3285);
#991=VERTEX_POINT('',#3296);
#992=VERTEX_POINT('',#3297);
#993=VERTEX_POINT('',#3299);
#994=VERTEX_POINT('',#3301);
#995=VERTEX_POINT('',#3305);
#996=VERTEX_POINT('',#3306);
#997=VERTEX_POINT('',#3308);
#998=VERTEX_POINT('',#3310);
#999=VERTEX_POINT('',#3312);
#1000=VERTEX_POINT('',#3314);
#1001=VERTEX_POINT('',#3316);
#1002=VERTEX_POINT('',#3318);
#1003=VERTEX_POINT('',#3320);
#1004=VERTEX_POINT('',#3323);
#1005=VERTEX_POINT('',#3327);
#1006=VERTEX_POINT('',#3328);
#1007=VERTEX_POINT('',#3330);
#1008=VERTEX_POINT('',#3332);
#1009=VERTEX_POINT('',#3336);
#1010=VERTEX_POINT('',#3337);
#1011=VERTEX_POINT('',#3339);
#1012=VERTEX_POINT('',#3341);
#1013=VERTEX_POINT('',#3345);
#1014=VERTEX_POINT('',#3346);
#1015=VERTEX_POINT('',#3348);
#1016=VERTEX_POINT('',#3350);
#1017=VERTEX_POINT('',#3357);
#1018=VERTEX_POINT('',#3358);
#1019=VERTEX_POINT('',#3360);
#1020=VERTEX_POINT('',#3362);
#1021=VERTEX_POINT('',#3400);
#1022=VERTEX_POINT('',#3438);
#1023=VERTEX_POINT('',#3440);
#1024=VERTEX_POINT('',#3444);
#1025=VERTEX_POINT('',#3445);
#1026=VERTEX_POINT('',#3447);
#1027=VERTEX_POINT('',#3449);
#1028=VERTEX_POINT('',#3487);
#1029=VERTEX_POINT('',#3525);
#1030=VERTEX_POINT('',#3527);
#1031=VERTEX_POINT('',#3531);
#1032=VERTEX_POINT('',#3532);
#1033=VERTEX_POINT('',#3534);
#1034=VERTEX_POINT('',#3536);
#1035=VERTEX_POINT('',#3540);
#1036=VERTEX_POINT('',#3542);
#1037=VERTEX_POINT('',#3545);
#1038=VERTEX_POINT('',#3556);
#1039=VERTEX_POINT('',#3569);
#1040=VERTEX_POINT('',#3573);
#1041=VERTEX_POINT('',#3627);
#1042=VERTEX_POINT('',#3628);
#1043=VERTEX_POINT('',#3630);
#1044=VERTEX_POINT('',#3632);
#1045=VERTEX_POINT('',#3635);
#1046=VERTEX_POINT('',#3638);
#1047=VERTEX_POINT('',#3642);
#1048=VERTEX_POINT('',#3645);
#1049=VERTEX_POINT('',#3649);
#1050=VERTEX_POINT('',#3654);
#1051=VERTEX_POINT('',#3658);
#1052=VERTEX_POINT('',#3661);
#1053=VERTEX_POINT('',#3665);
#1054=VERTEX_POINT('',#3670);
#1055=VERTEX_POINT('',#3974);
#1056=VERTEX_POINT('',#3976);
#1057=VERTEX_POINT('',#3980);
#1058=VERTEX_POINT('',#3984);
#1059=VERTEX_POINT('',#3991);
#1060=VERTEX_POINT('',#3993);
#1061=VERTEX_POINT('',#3995);
#1062=VERTEX_POINT('',#3997);
#1063=VERTEX_POINT('',#3999);
#1064=VERTEX_POINT('',#4001);
#1065=VERTEX_POINT('',#4003);
#1066=VERTEX_POINT('',#4005);
#1067=VERTEX_POINT('',#4007);
#1068=VERTEX_POINT('',#4009);
#1069=VERTEX_POINT('',#4011);
#1070=VERTEX_POINT('',#4013);
#1071=VERTEX_POINT('',#4015);
#1072=VERTEX_POINT('',#4018);
#1073=VERTEX_POINT('',#4020);
#1074=VERTEX_POINT('',#4022);
#1075=VERTEX_POINT('',#4024);
#1076=VERTEX_POINT('',#4026);
#1077=VERTEX_POINT('',#4028);
#1078=VERTEX_POINT('',#4030);
#1079=VERTEX_POINT('',#4032);
#1080=VERTEX_POINT('',#4034);
#1081=VERTEX_POINT('',#4036);
#1082=VERTEX_POINT('',#4038);
#1083=VERTEX_POINT('',#4040);
#1084=VERTEX_POINT('',#4042);
#1085=EDGE_CURVE('',#896,#896,#807,.T.);
#1086=EDGE_CURVE('',#896,#897,#441,.T.);
#1087=EDGE_CURVE('',#897,#897,#808,.T.);
#1088=EDGE_CURVE('',#898,#898,#809,.T.);
#1089=EDGE_CURVE('',#898,#899,#442,.T.);
#1090=EDGE_CURVE('',#899,#899,#810,.T.);
#1091=EDGE_CURVE('',#900,#900,#811,.T.);
#1092=EDGE_CURVE('',#900,#901,#443,.T.);
#1093=EDGE_CURVE('',#901,#901,#812,.T.);
#1094=EDGE_CURVE('',#902,#902,#813,.T.);
#1095=EDGE_CURVE('',#902,#903,#444,.T.);
#1096=EDGE_CURVE('',#903,#903,#814,.T.);
#1097=EDGE_CURVE('',#904,#905,#445,.T.);
#1098=EDGE_CURVE('',#905,#906,#446,.T.);
#1099=EDGE_CURVE('',#906,#907,#447,.T.);
#1100=EDGE_CURVE('',#907,#904,#448,.T.);
#1101=EDGE_CURVE('',#908,#909,#449,.T.);
#1102=EDGE_CURVE('',#910,#908,#450,.T.);
#1103=EDGE_CURVE('',#911,#910,#451,.T.);
#1104=EDGE_CURVE('',#909,#911,#452,.T.);
#1105=EDGE_CURVE('',#912,#913,#453,.F.);
#1106=EDGE_CURVE('',#913,#914,#454,.F.);
#1107=EDGE_CURVE('',#914,#915,#35,.T.);
#1108=EDGE_CURVE('',#915,#916,#36,.F.);
#1109=EDGE_CURVE('',#916,#917,#455,.F.);
#1110=EDGE_CURVE('',#917,#918,#456,.T.);
#1111=EDGE_CURVE('',#918,#912,#457,.T.);
#1112=EDGE_CURVE('',#919,#920,#458,.T.);
#1113=EDGE_CURVE('',#921,#919,#459,.T.);
#1114=EDGE_CURVE('',#922,#921,#460,.T.);
#1115=EDGE_CURVE('',#920,#922,#461,.T.);
#1116=EDGE_CURVE('',#923,#924,#462,.T.);
#1117=EDGE_CURVE('',#925,#923,#463,.T.);
#1118=EDGE_CURVE('',#925,#926,#464,.T.);
#1119=EDGE_CURVE('',#927,#926,#465,.T.);
#1120=EDGE_CURVE('',#928,#927,#466,.T.);
#1121=EDGE_CURVE('',#929,#928,#467,.T.);
#1122=EDGE_CURVE('',#930,#929,#468,.T.);
#1123=EDGE_CURVE('',#924,#930,#469,.T.);
#1124=EDGE_CURVE('',#931,#932,#470,.T.);
#1125=EDGE_CURVE('',#931,#933,#471,.T.);
#1126=EDGE_CURVE('',#934,#933,#472,.T.);
#1127=EDGE_CURVE('',#934,#935,#473,.T.);
#1128=EDGE_CURVE('',#936,#935,#474,.T.);
#1129=EDGE_CURVE('',#932,#936,#475,.T.);
#1130=EDGE_CURVE('',#933,#937,#476,.T.);
#1131=EDGE_CURVE('',#933,#938,#477,.T.);
#1132=EDGE_CURVE('',#938,#937,#478,.T.);
#1133=EDGE_CURVE('',#939,#940,#479,.T.);
#1134=EDGE_CURVE('',#939,#931,#480,.T.);
#1135=EDGE_CURVE('',#940,#931,#481,.T.);
#1136=EDGE_CURVE('',#941,#937,#482,.T.);
#1137=EDGE_CURVE('',#942,#941,#483,.T.);
#1138=EDGE_CURVE('',#942,#943,#815,.T.);
#1139=EDGE_CURVE('',#943,#944,#484,.T.);
#1140=EDGE_CURVE('',#945,#944,#485,.T.);
#1141=EDGE_CURVE('',#945,#946,#816,.T.);
#1142=EDGE_CURVE('',#946,#934,#486,.T.);
#1143=EDGE_CURVE('',#947,#932,#487,.T.);
#1144=EDGE_CURVE('',#947,#948,#817,.T.);
#1145=EDGE_CURVE('',#948,#949,#488,.T.);
#1146=EDGE_CURVE('',#949,#950,#489,.T.);
#1147=EDGE_CURVE('',#950,#951,#818,.T.);
#1148=EDGE_CURVE('',#951,#952,#490,.T.);
#1149=EDGE_CURVE('',#940,#952,#491,.T.);
#1150=EDGE_CURVE('',#953,#954,#492,.T.);
#1151=EDGE_CURVE('',#954,#955,#819,.T.);
#1152=EDGE_CURVE('',#955,#956,#493,.T.);
#1153=EDGE_CURVE('',#957,#956,#494,.T.);
#1154=EDGE_CURVE('',#958,#957,#495,.T.);
#1155=EDGE_CURVE('',#958,#959,#820,.T.);
#1156=EDGE_CURVE('',#959,#960,#496,.T.);
#1157=EDGE_CURVE('',#960,#961,#497,.T.);
#1158=EDGE_CURVE('',#961,#962,#821,.F.);
#1159=EDGE_CURVE('',#936,#962,#498,.T.);
#1160=EDGE_CURVE('',#935,#963,#499,.T.);
#1161=EDGE_CURVE('',#963,#964,#822,.F.);
#1162=EDGE_CURVE('',#953,#964,#500,.T.);
#1163=EDGE_CURVE('',#959,#950,#501,.F.);
#1164=EDGE_CURVE('',#949,#960,#502,.T.);
#1165=EDGE_CURVE('',#924,#965,#503,.T.);
#1166=EDGE_CURVE('',#966,#930,#504,.T.);
#1167=EDGE_CURVE('',#966,#967,#823,.F.);
#1168=EDGE_CURVE('',#968,#967,#505,.T.);
#1169=EDGE_CURVE('',#969,#968,#506,.T.);
#1170=EDGE_CURVE('',#970,#969,#824,.T.);
#1171=EDGE_CURVE('',#970,#971,#507,.T.);
#1172=EDGE_CURVE('',#965,#971,#508,.T.);
#1173=EDGE_CURVE('',#972,#926,#509,.T.);
#1174=EDGE_CURVE('',#973,#972,#510,.T.);
#1175=EDGE_CURVE('',#974,#973,#511,.T.);
#1176=EDGE_CURVE('',#975,#974,#825,.T.);
#1177=EDGE_CURVE('',#975,#976,#512,.T.);
#1178=EDGE_CURVE('',#977,#976,#513,.T.);
#1179=EDGE_CURVE('',#977,#978,#826,.F.);
#1180=EDGE_CURVE('',#978,#927,#514,.T.);
#1181=EDGE_CURVE('',#979,#928,#515,.T.);
#1182=EDGE_CURVE('',#979,#980,#827,.F.);
#1183=EDGE_CURVE('',#981,#980,#516,.T.);
#1184=EDGE_CURVE('',#982,#981,#517,.T.);
#1185=EDGE_CURVE('',#982,#983,#828,.T.);
#1186=EDGE_CURVE('',#983,#984,#518,.T.);
#1187=EDGE_CURVE('',#985,#984,#519,.T.);
#1188=EDGE_CURVE('',#986,#985,#520,.T.);
#1189=EDGE_CURVE('',#986,#987,#829,.T.);
#1190=EDGE_CURVE('',#987,#988,#521,.T.);
#1191=EDGE_CURVE('',#989,#988,#522,.T.);
#1192=EDGE_CURVE('',#989,#990,#830,.F.);
#1193=EDGE_CURVE('',#990,#929,#523,.T.);
#1194=EDGE_CURVE('',#965,#972,#524,.T.);
#1195=EDGE_CURVE('',#971,#985,#525,.T.);
#1196=EDGE_CURVE('',#973,#984,#526,.T.);
#1197=EDGE_CURVE('',#980,#977,#527,.T.);
#1198=EDGE_CURVE('',#976,#981,#528,.T.);
#1199=EDGE_CURVE('',#991,#992,#529,.T.);
#1200=EDGE_CURVE('',#991,#993,#831,.F.);
#1201=EDGE_CURVE('',#993,#994,#530,.T.);
#1202=EDGE_CURVE('',#994,#992,#832,.T.);
#1203=EDGE_CURVE('',#995,#996,#833,.T.);
#1204=EDGE_CURVE('',#995,#997,#531,.T.);
#1205=EDGE_CURVE('',#997,#998,#834,.F.);
#1206=EDGE_CURVE('',#998,#999,#532,.T.);
#1207=EDGE_CURVE('',#999,#1000,#835,.F.);
#1208=EDGE_CURVE('',#1000,#1001,#533,.T.);
#1209=EDGE_CURVE('',#1002,#1001,#836,.T.);
#1210=EDGE_CURVE('',#1003,#1002,#534,.T.);
#1211=EDGE_CURVE('',#992,#1003,#535,.T.);
#1212=EDGE_CURVE('',#1004,#994,#536,.T.);
#1213=EDGE_CURVE('',#996,#1004,#537,.T.);
#1214=EDGE_CURVE('',#1005,#1006,#837,.F.);
#1215=EDGE_CURVE('',#1006,#1007,#538,.T.);
#1216=EDGE_CURVE('',#1008,#1007,#838,.T.);
#1217=EDGE_CURVE('',#1008,#1005,#539,.T.);
#1218=EDGE_CURVE('',#1009,#1010,#839,.F.);
#1219=EDGE_CURVE('',#1010,#1011,#540,.T.);
#1220=EDGE_CURVE('',#1012,#1011,#840,.T.);
#1221=EDGE_CURVE('',#1012,#1009,#541,.T.);
#1222=EDGE_CURVE('',#1013,#1014,#542,.F.);
#1223=EDGE_CURVE('',#1014,#1015,#543,.F.);
#1224=EDGE_CURVE('',#1015,#1016,#544,.T.);
#1225=EDGE_CURVE('',#1016,#1013,#545,.T.);
#1226=EDGE_CURVE('',#938,#939,#546,.T.);
#1227=EDGE_CURVE('',#952,#957,#547,.T.);
#1228=EDGE_CURVE('',#956,#941,#548,.T.);
#1229=EDGE_CURVE('',#1017,#1018,#549,.F.);
#1230=EDGE_CURVE('',#1018,#1019,#550,.F.);
#1231=EDGE_CURVE('',#1019,#1020,#37,.T.);
#1232=EDGE_CURVE('',#1020,#1021,#38,.F.);
#1233=EDGE_CURVE('',#1021,#1022,#551,.F.);
#1234=EDGE_CURVE('',#1022,#1023,#552,.T.);
#1235=EDGE_CURVE('',#1023,#1017,#553,.T.);
#1236=EDGE_CURVE('',#1024,#1025,#554,.F.);
#1237=EDGE_CURVE('',#1025,#1026,#555,.F.);
#1238=EDGE_CURVE('',#1026,#1027,#39,.T.);
#1239=EDGE_CURVE('',#1027,#1028,#40,.F.);
#1240=EDGE_CURVE('',#1028,#1029,#556,.F.);
#1241=EDGE_CURVE('',#1029,#1030,#557,.T.);
#1242=EDGE_CURVE('',#1030,#1024,#558,.T.);
#1243=EDGE_CURVE('',#1031,#1032,#559,.T.);
#1244=EDGE_CURVE('',#1032,#1033,#560,.T.);
#1245=EDGE_CURVE('',#1033,#1034,#561,.T.);
#1246=EDGE_CURVE('',#1034,#1031,#562,.T.);
#1247=EDGE_CURVE('',#1035,#1003,#563,.T.);
#1248=EDGE_CURVE('',#1035,#1036,#564,.F.);
#1249=EDGE_CURVE('',#1036,#1004,#565,.T.);
#1250=EDGE_CURVE('',#993,#1037,#41,.T.);
#1251=EDGE_CURVE('',#1038,#1037,#566,.T.);
#1252=EDGE_CURVE('',#1038,#991,#42,.T.);
#1253=EDGE_CURVE('',#1039,#1002,#567,.T.);
#1254=EDGE_CURVE('',#1039,#1035,#568,.F.);
#1255=EDGE_CURVE('',#1040,#996,#569,.T.);
#1256=EDGE_CURVE('',#1040,#1039,#841,.F.);
#1257=EDGE_CURVE('',#1001,#1020,#842,.T.);
#1258=EDGE_CURVE('',#1020,#1012,#43,.T.);
#1259=EDGE_CURVE('',#1011,#915,#843,.T.);
#1260=EDGE_CURVE('',#915,#1008,#44,.T.);
#1261=EDGE_CURVE('',#1007,#1027,#45,.T.);
#1262=EDGE_CURVE('',#1027,#995,#46,.T.);
#1263=EDGE_CURVE('',#1036,#1040,#570,.F.);
#1264=EDGE_CURVE('',#1041,#1042,#571,.T.);
#1265=EDGE_CURVE('',#1042,#1043,#572,.T.);
#1266=EDGE_CURVE('',#1043,#1044,#573,.T.);
#1267=EDGE_CURVE('',#1044,#1041,#844,.T.);
#1268=EDGE_CURVE('',#1045,#1045,#845,.T.);
#1269=EDGE_CURVE('',#1045,#1046,#574,.T.);
#1270=EDGE_CURVE('',#1046,#1046,#846,.T.);
#1271=EDGE_CURVE('',#1047,#1047,#847,.T.);
#1272=EDGE_CURVE('',#1047,#1048,#575,.T.);
#1273=EDGE_CURVE('',#1048,#1048,#848,.T.);
#1274=EDGE_CURVE('',#1049,#1049,#849,.T.);
#1275=EDGE_CURVE('',#1037,#1038,#850,.T.);
#1276=EDGE_CURVE('',#1049,#1050,#576,.T.);
#1277=EDGE_CURVE('',#1050,#1050,#851,.T.);
#1278=EDGE_CURVE('',#1051,#1034,#577,.F.);
#1279=EDGE_CURVE('',#1051,#1013,#25,.T.);
#1280=EDGE_CURVE('',#1016,#1052,#26,.T.);
#1281=EDGE_CURVE('',#1031,#1052,#578,.T.);
#1282=EDGE_CURVE('',#1053,#1033,#579,.F.);
#1283=EDGE_CURVE('',#1053,#1017,#27,.T.);
#1284=EDGE_CURVE('',#1023,#1051,#28,.T.);
#1285=EDGE_CURVE('',#1030,#1054,#29,.T.);
#1286=EDGE_CURVE('',#1032,#1054,#580,.F.);
#1287=EDGE_CURVE('',#1052,#1024,#30,.T.);
#1288=EDGE_CURVE('',#918,#1053,#31,.T.);
#1289=EDGE_CURVE('',#1054,#912,#32,.T.);
#1290=EDGE_CURVE('',#917,#1018,#852,.T.);
#1291=EDGE_CURVE('',#1029,#913,#853,.T.);
#1292=EDGE_CURVE('',#1022,#1014,#854,.T.);
#1293=EDGE_CURVE('',#1015,#1025,#855,.T.);
#1294=EDGE_CURVE('',#990,#966,#581,.F.);
#1295=EDGE_CURVE('',#978,#979,#582,.F.);
#1296=EDGE_CURVE('',#967,#989,#583,.T.);
#1297=EDGE_CURVE('',#968,#988,#584,.T.);
#1298=EDGE_CURVE('',#982,#975,#585,.T.);
#1299=EDGE_CURVE('',#983,#974,#586,.T.);
#1300=EDGE_CURVE('',#986,#970,#587,.T.);
#1301=EDGE_CURVE('',#987,#969,#588,.T.);
#1302=EDGE_CURVE('',#965,#923,#589,.T.);
#1303=EDGE_CURVE('',#972,#925,#590,.T.);
#1304=EDGE_CURVE('',#951,#958,#591,.T.);
#1305=EDGE_CURVE('',#955,#942,#592,.T.);
#1306=EDGE_CURVE('',#943,#954,#593,.F.);
#1307=EDGE_CURVE('',#944,#953,#594,.T.);
#1308=EDGE_CURVE('',#963,#946,#595,.T.);
#1309=EDGE_CURVE('',#964,#945,#596,.T.);
#1310=EDGE_CURVE('',#961,#948,#597,.T.);
#1311=EDGE_CURVE('',#962,#947,#598,.T.);
#1312=EDGE_CURVE('',#1039,#1044,#47,.T.);
#1313=EDGE_CURVE('',#1041,#1040,#48,.F.);
#1314=EDGE_CURVE('',#1042,#1036,#33,.F.);
#1315=EDGE_CURVE('',#1035,#1043,#34,.T.);
#1316=EDGE_CURVE('',#1021,#1001,#856,.T.);
#1317=EDGE_CURVE('',#1022,#1000,#857,.T.);
#1318=EDGE_CURVE('',#995,#1026,#858,.T.);
#1319=EDGE_CURVE('',#1014,#999,#859,.T.);
#1320=EDGE_CURVE('',#997,#1025,#860,.T.);
#1321=EDGE_CURVE('',#1015,#998,#861,.T.);
#1322=EDGE_CURVE('',#1008,#914,#862,.T.);
#1323=EDGE_CURVE('',#1005,#913,#863,.T.);
#1324=EDGE_CURVE('',#1006,#1029,#864,.T.);
#1325=EDGE_CURVE('',#1028,#1007,#865,.T.);
#1326=EDGE_CURVE('',#1012,#1019,#866,.T.);
#1327=EDGE_CURVE('',#1009,#1018,#867,.T.);
#1328=EDGE_CURVE('',#1010,#917,#868,.T.);
#1329=EDGE_CURVE('',#916,#1011,#869,.T.);
#1330=EDGE_CURVE('',#905,#920,#599,.T.);
#1331=EDGE_CURVE('',#904,#919,#600,.T.);
#1332=EDGE_CURVE('',#906,#922,#601,.T.);
#1333=EDGE_CURVE('',#907,#921,#602,.T.);
#1334=EDGE_CURVE('',#1055,#909,#603,.T.);
#1335=EDGE_CURVE('',#1056,#1055,#604,.F.);
#1336=EDGE_CURVE('',#1056,#908,#605,.T.);
#1337=EDGE_CURVE('',#1057,#911,#606,.T.);
#1338=EDGE_CURVE('',#1055,#1057,#607,.F.);
#1339=EDGE_CURVE('',#1058,#910,#608,.T.);
#1340=EDGE_CURVE('',#1057,#1058,#609,.F.);
#1341=EDGE_CURVE('',#1058,#1056,#610,.F.);
#1342=EDGE_CURVE('',#1059,#1059,#870,.T.);
#1343=EDGE_CURVE('',#1060,#1060,#871,.F.);
#1344=EDGE_CURVE('',#1061,#1061,#872,.F.);
#1345=EDGE_CURVE('',#1062,#1062,#873,.F.);
#1346=EDGE_CURVE('',#1063,#1063,#874,.F.);
#1347=EDGE_CURVE('',#1064,#1064,#875,.F.);
#1348=EDGE_CURVE('',#1065,#1065,#876,.F.);
#1349=EDGE_CURVE('',#1066,#1066,#877,.F.);
#1350=EDGE_CURVE('',#1067,#1067,#878,.F.);
#1351=EDGE_CURVE('',#1068,#1068,#879,.F.);
#1352=EDGE_CURVE('',#1069,#1069,#880,.F.);
#1353=EDGE_CURVE('',#1070,#1070,#881,.F.);
#1354=EDGE_CURVE('',#1071,#1071,#882,.F.);
#1355=EDGE_CURVE('',#1072,#1072,#883,.T.);
#1356=EDGE_CURVE('',#1073,#1073,#884,.T.);
#1357=EDGE_CURVE('',#1074,#1074,#885,.T.);
#1358=EDGE_CURVE('',#1075,#1075,#886,.T.);
#1359=EDGE_CURVE('',#1076,#1076,#887,.T.);
#1360=EDGE_CURVE('',#1077,#1077,#888,.T.);
#1361=EDGE_CURVE('',#1078,#1078,#889,.T.);
#1362=EDGE_CURVE('',#1079,#1079,#890,.T.);
#1363=EDGE_CURVE('',#1080,#1080,#891,.T.);
#1364=EDGE_CURVE('',#1081,#1081,#892,.T.);
#1365=EDGE_CURVE('',#1082,#1082,#893,.T.);
#1366=EDGE_CURVE('',#1083,#1083,#894,.T.);
#1367=EDGE_CURVE('',#1084,#1084,#895,.T.);
#1368=EDGE_CURVE('',#1059,#1072,#611,.T.);
#1369=EDGE_CURVE('',#1071,#1084,#612,.T.);
#1370=EDGE_CURVE('',#1070,#1083,#613,.T.);
#1371=EDGE_CURVE('',#1069,#1082,#614,.T.);
#1372=EDGE_CURVE('',#1068,#1081,#615,.T.);
#1373=EDGE_CURVE('',#1067,#1080,#616,.T.);
#1374=EDGE_CURVE('',#1066,#1079,#617,.T.);
#1375=EDGE_CURVE('',#1065,#1078,#618,.T.);
#1376=EDGE_CURVE('',#1064,#1077,#619,.T.);
#1377=EDGE_CURVE('',#1063,#1076,#620,.T.);
#1378=EDGE_CURVE('',#1062,#1075,#621,.T.);
#1379=EDGE_CURVE('',#1061,#1074,#622,.T.);
#1380=EDGE_CURVE('',#1060,#1073,#623,.T.);
#1381=ORIENTED_EDGE('',*,*,#1085,.T.);
#1382=ORIENTED_EDGE('',*,*,#1086,.T.);
#1383=ORIENTED_EDGE('',*,*,#1087,.F.);
#1384=ORIENTED_EDGE('',*,*,#1086,.F.);
#1385=ORIENTED_EDGE('',*,*,#1087,.T.);
#1386=ORIENTED_EDGE('',*,*,#1085,.F.);
#1387=ORIENTED_EDGE('',*,*,#1088,.T.);
#1388=ORIENTED_EDGE('',*,*,#1089,.T.);
#1389=ORIENTED_EDGE('',*,*,#1090,.F.);
#1390=ORIENTED_EDGE('',*,*,#1089,.F.);
#1391=ORIENTED_EDGE('',*,*,#1090,.T.);
#1392=ORIENTED_EDGE('',*,*,#1088,.F.);
#1393=ORIENTED_EDGE('',*,*,#1091,.T.);
#1394=ORIENTED_EDGE('',*,*,#1092,.T.);
#1395=ORIENTED_EDGE('',*,*,#1093,.F.);
#1396=ORIENTED_EDGE('',*,*,#1092,.F.);
#1397=ORIENTED_EDGE('',*,*,#1093,.T.);
#1398=ORIENTED_EDGE('',*,*,#1091,.F.);
#1399=ORIENTED_EDGE('',*,*,#1094,.T.);
#1400=ORIENTED_EDGE('',*,*,#1094,.F.);
#1401=ORIENTED_EDGE('',*,*,#1095,.T.);
#1402=ORIENTED_EDGE('',*,*,#1096,.T.);
#1403=ORIENTED_EDGE('',*,*,#1095,.F.);
#1404=ORIENTED_EDGE('',*,*,#1096,.F.);
#1405=ORIENTED_EDGE('',*,*,#1097,.T.);
#1406=ORIENTED_EDGE('',*,*,#1098,.T.);
#1407=ORIENTED_EDGE('',*,*,#1099,.T.);
#1408=ORIENTED_EDGE('',*,*,#1100,.T.);
#1409=ORIENTED_EDGE('',*,*,#1101,.F.);
#1410=ORIENTED_EDGE('',*,*,#1102,.F.);
#1411=ORIENTED_EDGE('',*,*,#1103,.F.);
#1412=ORIENTED_EDGE('',*,*,#1104,.F.);
#1413=ORIENTED_EDGE('',*,*,#1105,.T.);
#1414=ORIENTED_EDGE('',*,*,#1106,.T.);
#1415=ORIENTED_EDGE('',*,*,#1107,.T.);
#1416=ORIENTED_EDGE('',*,*,#1108,.T.);
#1417=ORIENTED_EDGE('',*,*,#1109,.T.);
#1418=ORIENTED_EDGE('',*,*,#1110,.T.);
#1419=ORIENTED_EDGE('',*,*,#1111,.T.);
#1420=ORIENTED_EDGE('',*,*,#1112,.F.);
#1421=ORIENTED_EDGE('',*,*,#1113,.F.);
#1422=ORIENTED_EDGE('',*,*,#1114,.F.);
#1423=ORIENTED_EDGE('',*,*,#1115,.F.);
#1424=ORIENTED_EDGE('',*,*,#1116,.F.);
#1425=ORIENTED_EDGE('',*,*,#1117,.F.);
#1426=ORIENTED_EDGE('',*,*,#1118,.T.);
#1427=ORIENTED_EDGE('',*,*,#1119,.F.);
#1428=ORIENTED_EDGE('',*,*,#1120,.F.);
#1429=ORIENTED_EDGE('',*,*,#1121,.F.);
#1430=ORIENTED_EDGE('',*,*,#1122,.F.);
#1431=ORIENTED_EDGE('',*,*,#1123,.F.);
#1432=ORIENTED_EDGE('',*,*,#1124,.F.);
#1433=ORIENTED_EDGE('',*,*,#1125,.T.);
#1434=ORIENTED_EDGE('',*,*,#1126,.F.);
#1435=ORIENTED_EDGE('',*,*,#1127,.T.);
#1436=ORIENTED_EDGE('',*,*,#1128,.F.);
#1437=ORIENTED_EDGE('',*,*,#1129,.F.);
#1438=ORIENTED_EDGE('',*,*,#1130,.F.);
#1439=ORIENTED_EDGE('',*,*,#1131,.T.);
#1440=ORIENTED_EDGE('',*,*,#1132,.T.);
#1441=ORIENTED_EDGE('',*,*,#1133,.F.);
#1442=ORIENTED_EDGE('',*,*,#1134,.T.);
#1443=ORIENTED_EDGE('',*,*,#1135,.F.);
#1444=ORIENTED_EDGE('',*,*,#1130,.T.);
#1445=ORIENTED_EDGE('',*,*,#1136,.F.);
#1446=ORIENTED_EDGE('',*,*,#1137,.F.);
#1447=ORIENTED_EDGE('',*,*,#1138,.T.);
#1448=ORIENTED_EDGE('',*,*,#1139,.T.);
#1449=ORIENTED_EDGE('',*,*,#1140,.F.);
#1450=ORIENTED_EDGE('',*,*,#1141,.T.);
#1451=ORIENTED_EDGE('',*,*,#1142,.T.);
#1452=ORIENTED_EDGE('',*,*,#1126,.T.);
#1453=ORIENTED_EDGE('',*,*,#1135,.T.);
#1454=ORIENTED_EDGE('',*,*,#1124,.T.);
#1455=ORIENTED_EDGE('',*,*,#1143,.F.);
#1456=ORIENTED_EDGE('',*,*,#1144,.T.);
#1457=ORIENTED_EDGE('',*,*,#1145,.T.);
#1458=ORIENTED_EDGE('',*,*,#1146,.T.);
#1459=ORIENTED_EDGE('',*,*,#1147,.T.);
#1460=ORIENTED_EDGE('',*,*,#1148,.T.);
#1461=ORIENTED_EDGE('',*,*,#1149,.F.);
#1462=ORIENTED_EDGE('',*,*,#1150,.T.);
#1463=ORIENTED_EDGE('',*,*,#1151,.T.);
#1464=ORIENTED_EDGE('',*,*,#1152,.T.);
#1465=ORIENTED_EDGE('',*,*,#1153,.F.);
#1466=ORIENTED_EDGE('',*,*,#1154,.F.);
#1467=ORIENTED_EDGE('',*,*,#1155,.T.);
#1468=ORIENTED_EDGE('',*,*,#1156,.T.);
#1469=ORIENTED_EDGE('',*,*,#1157,.T.);
#1470=ORIENTED_EDGE('',*,*,#1158,.T.);
#1471=ORIENTED_EDGE('',*,*,#1159,.F.);
#1472=ORIENTED_EDGE('',*,*,#1128,.T.);
#1473=ORIENTED_EDGE('',*,*,#1160,.T.);
#1474=ORIENTED_EDGE('',*,*,#1161,.T.);
#1475=ORIENTED_EDGE('',*,*,#1162,.F.);
#1476=ORIENTED_EDGE('',*,*,#1156,.F.);
#1477=ORIENTED_EDGE('',*,*,#1163,.T.);
#1478=ORIENTED_EDGE('',*,*,#1146,.F.);
#1479=ORIENTED_EDGE('',*,*,#1164,.T.);
#1480=ORIENTED_EDGE('',*,*,#1165,.F.);
#1481=ORIENTED_EDGE('',*,*,#1123,.T.);
#1482=ORIENTED_EDGE('',*,*,#1166,.F.);
#1483=ORIENTED_EDGE('',*,*,#1167,.T.);
#1484=ORIENTED_EDGE('',*,*,#1168,.F.);
#1485=ORIENTED_EDGE('',*,*,#1169,.F.);
#1486=ORIENTED_EDGE('',*,*,#1170,.F.);
#1487=ORIENTED_EDGE('',*,*,#1171,.T.);
#1488=ORIENTED_EDGE('',*,*,#1172,.F.);
#1489=ORIENTED_EDGE('',*,*,#1173,.F.);
#1490=ORIENTED_EDGE('',*,*,#1174,.F.);
#1491=ORIENTED_EDGE('',*,*,#1175,.F.);
#1492=ORIENTED_EDGE('',*,*,#1176,.F.);
#1493=ORIENTED_EDGE('',*,*,#1177,.T.);
#1494=ORIENTED_EDGE('',*,*,#1178,.F.);
#1495=ORIENTED_EDGE('',*,*,#1179,.T.);
#1496=ORIENTED_EDGE('',*,*,#1180,.T.);
#1497=ORIENTED_EDGE('',*,*,#1119,.T.);
#1498=ORIENTED_EDGE('',*,*,#1181,.F.);
#1499=ORIENTED_EDGE('',*,*,#1182,.T.);
#1500=ORIENTED_EDGE('',*,*,#1183,.F.);
#1501=ORIENTED_EDGE('',*,*,#1184,.F.);
#1502=ORIENTED_EDGE('',*,*,#1185,.T.);
#1503=ORIENTED_EDGE('',*,*,#1186,.T.);
#1504=ORIENTED_EDGE('',*,*,#1187,.F.);
#1505=ORIENTED_EDGE('',*,*,#1188,.F.);
#1506=ORIENTED_EDGE('',*,*,#1189,.T.);
#1507=ORIENTED_EDGE('',*,*,#1190,.T.);
#1508=ORIENTED_EDGE('',*,*,#1191,.F.);
#1509=ORIENTED_EDGE('',*,*,#1192,.T.);
#1510=ORIENTED_EDGE('',*,*,#1193,.T.);
#1511=ORIENTED_EDGE('',*,*,#1121,.T.);
#1512=ORIENTED_EDGE('',*,*,#1194,.F.);
#1513=ORIENTED_EDGE('',*,*,#1172,.T.);
#1514=ORIENTED_EDGE('',*,*,#1195,.T.);
#1515=ORIENTED_EDGE('',*,*,#1187,.T.);
#1516=ORIENTED_EDGE('',*,*,#1196,.F.);
#1517=ORIENTED_EDGE('',*,*,#1174,.T.);
#1518=ORIENTED_EDGE('',*,*,#1183,.T.);
#1519=ORIENTED_EDGE('',*,*,#1197,.T.);
#1520=ORIENTED_EDGE('',*,*,#1178,.T.);
#1521=ORIENTED_EDGE('',*,*,#1198,.T.);
#1522=ORIENTED_EDGE('',*,*,#1199,.F.);
#1523=ORIENTED_EDGE('',*,*,#1200,.T.);
#1524=ORIENTED_EDGE('',*,*,#1201,.T.);
#1525=ORIENTED_EDGE('',*,*,#1202,.T.);
#1526=ORIENTED_EDGE('',*,*,#1203,.F.);
#1527=ORIENTED_EDGE('',*,*,#1204,.T.);
#1528=ORIENTED_EDGE('',*,*,#1205,.T.);
#1529=ORIENTED_EDGE('',*,*,#1206,.T.);
#1530=ORIENTED_EDGE('',*,*,#1207,.T.);
#1531=ORIENTED_EDGE('',*,*,#1208,.T.);
#1532=ORIENTED_EDGE('',*,*,#1209,.F.);
#1533=ORIENTED_EDGE('',*,*,#1210,.F.);
#1534=ORIENTED_EDGE('',*,*,#1211,.F.);
#1535=ORIENTED_EDGE('',*,*,#1202,.F.);
#1536=ORIENTED_EDGE('',*,*,#1212,.F.);
#1537=ORIENTED_EDGE('',*,*,#1213,.F.);
#1538=ORIENTED_EDGE('',*,*,#1214,.T.);
#1539=ORIENTED_EDGE('',*,*,#1215,.T.);
#1540=ORIENTED_EDGE('',*,*,#1216,.F.);
#1541=ORIENTED_EDGE('',*,*,#1217,.T.);
#1542=ORIENTED_EDGE('',*,*,#1218,.T.);
#1543=ORIENTED_EDGE('',*,*,#1219,.T.);
#1544=ORIENTED_EDGE('',*,*,#1220,.F.);
#1545=ORIENTED_EDGE('',*,*,#1221,.T.);
#1546=ORIENTED_EDGE('',*,*,#1222,.T.);
#1547=ORIENTED_EDGE('',*,*,#1223,.T.);
#1548=ORIENTED_EDGE('',*,*,#1224,.T.);
#1549=ORIENTED_EDGE('',*,*,#1225,.T.);
#1550=ORIENTED_EDGE('',*,*,#1226,.T.);
#1551=ORIENTED_EDGE('',*,*,#1133,.T.);
#1552=ORIENTED_EDGE('',*,*,#1149,.T.);
#1553=ORIENTED_EDGE('',*,*,#1227,.T.);
#1554=ORIENTED_EDGE('',*,*,#1153,.T.);
#1555=ORIENTED_EDGE('',*,*,#1228,.T.);
#1556=ORIENTED_EDGE('',*,*,#1136,.T.);
#1557=ORIENTED_EDGE('',*,*,#1132,.F.);
#1558=ORIENTED_EDGE('',*,*,#1229,.T.);
#1559=ORIENTED_EDGE('',*,*,#1230,.T.);
#1560=ORIENTED_EDGE('',*,*,#1231,.T.);
#1561=ORIENTED_EDGE('',*,*,#1232,.T.);
#1562=ORIENTED_EDGE('',*,*,#1233,.T.);
#1563=ORIENTED_EDGE('',*,*,#1234,.T.);
#1564=ORIENTED_EDGE('',*,*,#1235,.T.);
#1565=ORIENTED_EDGE('',*,*,#1236,.T.);
#1566=ORIENTED_EDGE('',*,*,#1237,.T.);
#1567=ORIENTED_EDGE('',*,*,#1238,.T.);
#1568=ORIENTED_EDGE('',*,*,#1239,.T.);
#1569=ORIENTED_EDGE('',*,*,#1240,.T.);
#1570=ORIENTED_EDGE('',*,*,#1241,.T.);
#1571=ORIENTED_EDGE('',*,*,#1242,.T.);
#1572=ORIENTED_EDGE('',*,*,#1243,.T.);
#1573=ORIENTED_EDGE('',*,*,#1244,.T.);
#1574=ORIENTED_EDGE('',*,*,#1245,.T.);
#1575=ORIENTED_EDGE('',*,*,#1246,.T.);
#1576=ORIENTED_EDGE('',*,*,#1247,.F.);
#1577=ORIENTED_EDGE('',*,*,#1248,.T.);
#1578=ORIENTED_EDGE('',*,*,#1249,.T.);
#1579=ORIENTED_EDGE('',*,*,#1212,.T.);
#1580=ORIENTED_EDGE('',*,*,#1201,.F.);
#1581=ORIENTED_EDGE('',*,*,#1250,.T.);
#1582=ORIENTED_EDGE('',*,*,#1251,.F.);
#1583=ORIENTED_EDGE('',*,*,#1252,.T.);
#1584=ORIENTED_EDGE('',*,*,#1199,.T.);
#1585=ORIENTED_EDGE('',*,*,#1211,.T.);
#1586=ORIENTED_EDGE('',*,*,#1253,.F.);
#1587=ORIENTED_EDGE('',*,*,#1254,.T.);
#1588=ORIENTED_EDGE('',*,*,#1247,.T.);
#1589=ORIENTED_EDGE('',*,*,#1210,.T.);
#1590=ORIENTED_EDGE('',*,*,#1255,.F.);
#1591=ORIENTED_EDGE('',*,*,#1256,.T.);
#1592=ORIENTED_EDGE('',*,*,#1253,.T.);
#1593=ORIENTED_EDGE('',*,*,#1209,.T.);
#1594=ORIENTED_EDGE('',*,*,#1257,.T.);
#1595=ORIENTED_EDGE('',*,*,#1258,.T.);
#1596=ORIENTED_EDGE('',*,*,#1220,.T.);
#1597=ORIENTED_EDGE('',*,*,#1259,.T.);
#1598=ORIENTED_EDGE('',*,*,#1260,.T.);
#1599=ORIENTED_EDGE('',*,*,#1216,.T.);
#1600=ORIENTED_EDGE('',*,*,#1261,.T.);
#1601=ORIENTED_EDGE('',*,*,#1262,.T.);
#1602=ORIENTED_EDGE('',*,*,#1203,.T.);
#1603=ORIENTED_EDGE('',*,*,#1249,.F.);
#1604=ORIENTED_EDGE('',*,*,#1263,.T.);
#1605=ORIENTED_EDGE('',*,*,#1255,.T.);
#1606=ORIENTED_EDGE('',*,*,#1213,.T.);
#1607=ORIENTED_EDGE('',*,*,#1264,.T.);
#1608=ORIENTED_EDGE('',*,*,#1265,.T.);
#1609=ORIENTED_EDGE('',*,*,#1266,.T.);
#1610=ORIENTED_EDGE('',*,*,#1267,.T.);
#1611=ORIENTED_EDGE('',*,*,#1268,.F.);
#1612=ORIENTED_EDGE('',*,*,#1268,.T.);
#1613=ORIENTED_EDGE('',*,*,#1269,.T.);
#1614=ORIENTED_EDGE('',*,*,#1270,.F.);
#1615=ORIENTED_EDGE('',*,*,#1269,.F.);
#1616=ORIENTED_EDGE('',*,*,#1270,.T.);
#1617=ORIENTED_EDGE('',*,*,#1271,.F.);
#1618=ORIENTED_EDGE('',*,*,#1271,.T.);
#1619=ORIENTED_EDGE('',*,*,#1272,.T.);
#1620=ORIENTED_EDGE('',*,*,#1273,.F.);
#1621=ORIENTED_EDGE('',*,*,#1272,.F.);
#1622=ORIENTED_EDGE('',*,*,#1273,.T.);
#1623=ORIENTED_EDGE('',*,*,#1274,.F.);
#1624=ORIENTED_EDGE('',*,*,#1251,.T.);
#1625=ORIENTED_EDGE('',*,*,#1275,.T.);
#1626=ORIENTED_EDGE('',*,*,#1274,.T.);
#1627=ORIENTED_EDGE('',*,*,#1276,.T.);
#1628=ORIENTED_EDGE('',*,*,#1277,.F.);
#1629=ORIENTED_EDGE('',*,*,#1276,.F.);
#1630=ORIENTED_EDGE('',*,*,#1278,.F.);
#1631=ORIENTED_EDGE('',*,*,#1279,.T.);
#1632=ORIENTED_EDGE('',*,*,#1225,.F.);
#1633=ORIENTED_EDGE('',*,*,#1280,.T.);
#1634=ORIENTED_EDGE('',*,*,#1281,.F.);
#1635=ORIENTED_EDGE('',*,*,#1246,.F.);
#1636=ORIENTED_EDGE('',*,*,#1282,.F.);
#1637=ORIENTED_EDGE('',*,*,#1283,.T.);
#1638=ORIENTED_EDGE('',*,*,#1235,.F.);
#1639=ORIENTED_EDGE('',*,*,#1284,.T.);
#1640=ORIENTED_EDGE('',*,*,#1278,.T.);
#1641=ORIENTED_EDGE('',*,*,#1245,.F.);
#1642=ORIENTED_EDGE('',*,*,#1242,.F.);
#1643=ORIENTED_EDGE('',*,*,#1285,.T.);
#1644=ORIENTED_EDGE('',*,*,#1286,.F.);
#1645=ORIENTED_EDGE('',*,*,#1243,.F.);
#1646=ORIENTED_EDGE('',*,*,#1281,.T.);
#1647=ORIENTED_EDGE('',*,*,#1287,.T.);
#1648=ORIENTED_EDGE('',*,*,#1111,.F.);
#1649=ORIENTED_EDGE('',*,*,#1288,.T.);
#1650=ORIENTED_EDGE('',*,*,#1282,.T.);
#1651=ORIENTED_EDGE('',*,*,#1244,.F.);
#1652=ORIENTED_EDGE('',*,*,#1286,.T.);
#1653=ORIENTED_EDGE('',*,*,#1289,.T.);
#1654=ORIENTED_EDGE('',*,*,#1110,.F.);
#1655=ORIENTED_EDGE('',*,*,#1290,.T.);
#1656=ORIENTED_EDGE('',*,*,#1229,.F.);
#1657=ORIENTED_EDGE('',*,*,#1283,.F.);
#1658=ORIENTED_EDGE('',*,*,#1288,.F.);
#1659=ORIENTED_EDGE('',*,*,#1241,.F.);
#1660=ORIENTED_EDGE('',*,*,#1291,.T.);
#1661=ORIENTED_EDGE('',*,*,#1105,.F.);
#1662=ORIENTED_EDGE('',*,*,#1289,.F.);
#1663=ORIENTED_EDGE('',*,*,#1285,.F.);
#1664=ORIENTED_EDGE('',*,*,#1234,.F.);
#1665=ORIENTED_EDGE('',*,*,#1292,.T.);
#1666=ORIENTED_EDGE('',*,*,#1222,.F.);
#1667=ORIENTED_EDGE('',*,*,#1279,.F.);
#1668=ORIENTED_EDGE('',*,*,#1284,.F.);
#1669=ORIENTED_EDGE('',*,*,#1224,.F.);
#1670=ORIENTED_EDGE('',*,*,#1293,.T.);
#1671=ORIENTED_EDGE('',*,*,#1236,.F.);
#1672=ORIENTED_EDGE('',*,*,#1287,.F.);
#1673=ORIENTED_EDGE('',*,*,#1280,.F.);
#1674=ORIENTED_EDGE('',*,*,#1193,.F.);
#1675=ORIENTED_EDGE('',*,*,#1294,.T.);
#1676=ORIENTED_EDGE('',*,*,#1166,.T.);
#1677=ORIENTED_EDGE('',*,*,#1122,.T.);
#1678=ORIENTED_EDGE('',*,*,#1180,.F.);
#1679=ORIENTED_EDGE('',*,*,#1295,.T.);
#1680=ORIENTED_EDGE('',*,*,#1181,.T.);
#1681=ORIENTED_EDGE('',*,*,#1120,.T.);
#1682=ORIENTED_EDGE('',*,*,#1168,.T.);
#1683=ORIENTED_EDGE('',*,*,#1296,.T.);
#1684=ORIENTED_EDGE('',*,*,#1191,.T.);
#1685=ORIENTED_EDGE('',*,*,#1297,.F.);
#1686=ORIENTED_EDGE('',*,*,#1298,.T.);
#1687=ORIENTED_EDGE('',*,*,#1176,.T.);
#1688=ORIENTED_EDGE('',*,*,#1299,.F.);
#1689=ORIENTED_EDGE('',*,*,#1185,.F.);
#1690=ORIENTED_EDGE('',*,*,#1184,.T.);
#1691=ORIENTED_EDGE('',*,*,#1198,.F.);
#1692=ORIENTED_EDGE('',*,*,#1177,.F.);
#1693=ORIENTED_EDGE('',*,*,#1298,.F.);
#1694=ORIENTED_EDGE('',*,*,#1299,.T.);
#1695=ORIENTED_EDGE('',*,*,#1175,.T.);
#1696=ORIENTED_EDGE('',*,*,#1196,.T.);
#1697=ORIENTED_EDGE('',*,*,#1186,.F.);
#1698=ORIENTED_EDGE('',*,*,#1300,.T.);
#1699=ORIENTED_EDGE('',*,*,#1170,.T.);
#1700=ORIENTED_EDGE('',*,*,#1301,.F.);
#1701=ORIENTED_EDGE('',*,*,#1189,.F.);
#1702=ORIENTED_EDGE('',*,*,#1188,.T.);
#1703=ORIENTED_EDGE('',*,*,#1195,.F.);
#1704=ORIENTED_EDGE('',*,*,#1171,.F.);
#1705=ORIENTED_EDGE('',*,*,#1300,.F.);
#1706=ORIENTED_EDGE('',*,*,#1301,.T.);
#1707=ORIENTED_EDGE('',*,*,#1169,.T.);
#1708=ORIENTED_EDGE('',*,*,#1297,.T.);
#1709=ORIENTED_EDGE('',*,*,#1190,.F.);
#1710=ORIENTED_EDGE('',*,*,#1182,.F.);
#1711=ORIENTED_EDGE('',*,*,#1295,.F.);
#1712=ORIENTED_EDGE('',*,*,#1179,.F.);
#1713=ORIENTED_EDGE('',*,*,#1197,.F.);
#1714=ORIENTED_EDGE('',*,*,#1167,.F.);
#1715=ORIENTED_EDGE('',*,*,#1294,.F.);
#1716=ORIENTED_EDGE('',*,*,#1192,.F.);
#1717=ORIENTED_EDGE('',*,*,#1296,.F.);
#1718=ORIENTED_EDGE('',*,*,#1165,.T.);
#1719=ORIENTED_EDGE('',*,*,#1302,.T.);
#1720=ORIENTED_EDGE('',*,*,#1116,.T.);
#1721=ORIENTED_EDGE('',*,*,#1118,.F.);
#1722=ORIENTED_EDGE('',*,*,#1303,.F.);
#1723=ORIENTED_EDGE('',*,*,#1173,.T.);
#1724=ORIENTED_EDGE('',*,*,#1194,.T.);
#1725=ORIENTED_EDGE('',*,*,#1303,.T.);
#1726=ORIENTED_EDGE('',*,*,#1117,.T.);
#1727=ORIENTED_EDGE('',*,*,#1302,.F.);
#1728=ORIENTED_EDGE('',*,*,#1148,.F.);
#1729=ORIENTED_EDGE('',*,*,#1304,.T.);
#1730=ORIENTED_EDGE('',*,*,#1154,.T.);
#1731=ORIENTED_EDGE('',*,*,#1227,.F.);
#1732=ORIENTED_EDGE('',*,*,#1152,.F.);
#1733=ORIENTED_EDGE('',*,*,#1305,.T.);
#1734=ORIENTED_EDGE('',*,*,#1137,.T.);
#1735=ORIENTED_EDGE('',*,*,#1228,.F.);
#1736=ORIENTED_EDGE('',*,*,#1139,.F.);
#1737=ORIENTED_EDGE('',*,*,#1306,.T.);
#1738=ORIENTED_EDGE('',*,*,#1150,.F.);
#1739=ORIENTED_EDGE('',*,*,#1307,.F.);
#1740=ORIENTED_EDGE('',*,*,#1308,.T.);
#1741=ORIENTED_EDGE('',*,*,#1141,.F.);
#1742=ORIENTED_EDGE('',*,*,#1309,.F.);
#1743=ORIENTED_EDGE('',*,*,#1161,.F.);
#1744=ORIENTED_EDGE('',*,*,#1127,.F.);
#1745=ORIENTED_EDGE('',*,*,#1142,.F.);
#1746=ORIENTED_EDGE('',*,*,#1308,.F.);
#1747=ORIENTED_EDGE('',*,*,#1160,.F.);
#1748=ORIENTED_EDGE('',*,*,#1162,.T.);
#1749=ORIENTED_EDGE('',*,*,#1309,.T.);
#1750=ORIENTED_EDGE('',*,*,#1140,.T.);
#1751=ORIENTED_EDGE('',*,*,#1307,.T.);
#1752=ORIENTED_EDGE('',*,*,#1310,.T.);
#1753=ORIENTED_EDGE('',*,*,#1144,.F.);
#1754=ORIENTED_EDGE('',*,*,#1311,.F.);
#1755=ORIENTED_EDGE('',*,*,#1158,.F.);
#1756=ORIENTED_EDGE('',*,*,#1164,.F.);
#1757=ORIENTED_EDGE('',*,*,#1145,.F.);
#1758=ORIENTED_EDGE('',*,*,#1310,.F.);
#1759=ORIENTED_EDGE('',*,*,#1157,.F.);
#1760=ORIENTED_EDGE('',*,*,#1159,.T.);
#1761=ORIENTED_EDGE('',*,*,#1311,.T.);
#1762=ORIENTED_EDGE('',*,*,#1143,.T.);
#1763=ORIENTED_EDGE('',*,*,#1129,.T.);
#1764=ORIENTED_EDGE('',*,*,#1151,.F.);
#1765=ORIENTED_EDGE('',*,*,#1306,.F.);
#1766=ORIENTED_EDGE('',*,*,#1138,.F.);
#1767=ORIENTED_EDGE('',*,*,#1305,.F.);
#1768=ORIENTED_EDGE('',*,*,#1147,.F.);
#1769=ORIENTED_EDGE('',*,*,#1163,.F.);
#1770=ORIENTED_EDGE('',*,*,#1155,.F.);
#1771=ORIENTED_EDGE('',*,*,#1304,.F.);
#1772=ORIENTED_EDGE('',*,*,#1226,.F.);
#1773=ORIENTED_EDGE('',*,*,#1131,.F.);
#1774=ORIENTED_EDGE('',*,*,#1125,.F.);
#1775=ORIENTED_EDGE('',*,*,#1134,.F.);
#1776=ORIENTED_EDGE('',*,*,#1250,.F.);
#1777=ORIENTED_EDGE('',*,*,#1200,.F.);
#1778=ORIENTED_EDGE('',*,*,#1252,.F.);
#1779=ORIENTED_EDGE('',*,*,#1275,.F.);
#1780=ORIENTED_EDGE('',*,*,#1312,.F.);
#1781=ORIENTED_EDGE('',*,*,#1256,.F.);
#1782=ORIENTED_EDGE('',*,*,#1313,.F.);
#1783=ORIENTED_EDGE('',*,*,#1267,.F.);
#1784=ORIENTED_EDGE('',*,*,#1313,.T.);
#1785=ORIENTED_EDGE('',*,*,#1263,.F.);
#1786=ORIENTED_EDGE('',*,*,#1314,.F.);
#1787=ORIENTED_EDGE('',*,*,#1264,.F.);
#1788=ORIENTED_EDGE('',*,*,#1312,.T.);
#1789=ORIENTED_EDGE('',*,*,#1266,.F.);
#1790=ORIENTED_EDGE('',*,*,#1315,.F.);
#1791=ORIENTED_EDGE('',*,*,#1254,.F.);
#1792=ORIENTED_EDGE('',*,*,#1314,.T.);
#1793=ORIENTED_EDGE('',*,*,#1248,.F.);
#1794=ORIENTED_EDGE('',*,*,#1315,.T.);
#1795=ORIENTED_EDGE('',*,*,#1265,.F.);
#1796=ORIENTED_EDGE('',*,*,#1232,.F.);
#1797=ORIENTED_EDGE('',*,*,#1257,.F.);
#1798=ORIENTED_EDGE('',*,*,#1316,.F.);
#1799=ORIENTED_EDGE('',*,*,#1316,.T.);
#1800=ORIENTED_EDGE('',*,*,#1208,.F.);
#1801=ORIENTED_EDGE('',*,*,#1317,.F.);
#1802=ORIENTED_EDGE('',*,*,#1233,.F.);
#1803=ORIENTED_EDGE('',*,*,#1262,.F.);
#1804=ORIENTED_EDGE('',*,*,#1238,.F.);
#1805=ORIENTED_EDGE('',*,*,#1318,.F.);
#1806=ORIENTED_EDGE('',*,*,#1317,.T.);
#1807=ORIENTED_EDGE('',*,*,#1207,.F.);
#1808=ORIENTED_EDGE('',*,*,#1319,.F.);
#1809=ORIENTED_EDGE('',*,*,#1292,.F.);
#1810=ORIENTED_EDGE('',*,*,#1318,.T.);
#1811=ORIENTED_EDGE('',*,*,#1237,.F.);
#1812=ORIENTED_EDGE('',*,*,#1320,.F.);
#1813=ORIENTED_EDGE('',*,*,#1204,.F.);
#1814=ORIENTED_EDGE('',*,*,#1319,.T.);
#1815=ORIENTED_EDGE('',*,*,#1206,.F.);
#1816=ORIENTED_EDGE('',*,*,#1321,.F.);
#1817=ORIENTED_EDGE('',*,*,#1223,.F.);
#1818=ORIENTED_EDGE('',*,*,#1320,.T.);
#1819=ORIENTED_EDGE('',*,*,#1293,.F.);
#1820=ORIENTED_EDGE('',*,*,#1321,.T.);
#1821=ORIENTED_EDGE('',*,*,#1205,.F.);
#1822=ORIENTED_EDGE('',*,*,#1260,.F.);
#1823=ORIENTED_EDGE('',*,*,#1107,.F.);
#1824=ORIENTED_EDGE('',*,*,#1322,.F.);
#1825=ORIENTED_EDGE('',*,*,#1322,.T.);
#1826=ORIENTED_EDGE('',*,*,#1106,.F.);
#1827=ORIENTED_EDGE('',*,*,#1323,.F.);
#1828=ORIENTED_EDGE('',*,*,#1217,.F.);
#1829=ORIENTED_EDGE('',*,*,#1323,.T.);
#1830=ORIENTED_EDGE('',*,*,#1291,.F.);
#1831=ORIENTED_EDGE('',*,*,#1324,.F.);
#1832=ORIENTED_EDGE('',*,*,#1214,.F.);
#1833=ORIENTED_EDGE('',*,*,#1239,.F.);
#1834=ORIENTED_EDGE('',*,*,#1261,.F.);
#1835=ORIENTED_EDGE('',*,*,#1325,.F.);
#1836=ORIENTED_EDGE('',*,*,#1324,.T.);
#1837=ORIENTED_EDGE('',*,*,#1240,.F.);
#1838=ORIENTED_EDGE('',*,*,#1325,.T.);
#1839=ORIENTED_EDGE('',*,*,#1215,.F.);
#1840=ORIENTED_EDGE('',*,*,#1258,.F.);
#1841=ORIENTED_EDGE('',*,*,#1231,.F.);
#1842=ORIENTED_EDGE('',*,*,#1326,.F.);
#1843=ORIENTED_EDGE('',*,*,#1326,.T.);
#1844=ORIENTED_EDGE('',*,*,#1230,.F.);
#1845=ORIENTED_EDGE('',*,*,#1327,.F.);
#1846=ORIENTED_EDGE('',*,*,#1221,.F.);
#1847=ORIENTED_EDGE('',*,*,#1327,.T.);
#1848=ORIENTED_EDGE('',*,*,#1290,.F.);
#1849=ORIENTED_EDGE('',*,*,#1328,.F.);
#1850=ORIENTED_EDGE('',*,*,#1218,.F.);
#1851=ORIENTED_EDGE('',*,*,#1108,.F.);
#1852=ORIENTED_EDGE('',*,*,#1259,.F.);
#1853=ORIENTED_EDGE('',*,*,#1329,.F.);
#1854=ORIENTED_EDGE('',*,*,#1328,.T.);
#1855=ORIENTED_EDGE('',*,*,#1109,.F.);
#1856=ORIENTED_EDGE('',*,*,#1329,.T.);
#1857=ORIENTED_EDGE('',*,*,#1219,.F.);
#1858=ORIENTED_EDGE('',*,*,#1112,.T.);
#1859=ORIENTED_EDGE('',*,*,#1330,.F.);
#1860=ORIENTED_EDGE('',*,*,#1097,.F.);
#1861=ORIENTED_EDGE('',*,*,#1331,.T.);
#1862=ORIENTED_EDGE('',*,*,#1115,.T.);
#1863=ORIENTED_EDGE('',*,*,#1332,.F.);
#1864=ORIENTED_EDGE('',*,*,#1098,.F.);
#1865=ORIENTED_EDGE('',*,*,#1330,.T.);
#1866=ORIENTED_EDGE('',*,*,#1114,.T.);
#1867=ORIENTED_EDGE('',*,*,#1333,.F.);
#1868=ORIENTED_EDGE('',*,*,#1099,.F.);
#1869=ORIENTED_EDGE('',*,*,#1332,.T.);
#1870=ORIENTED_EDGE('',*,*,#1113,.T.);
#1871=ORIENTED_EDGE('',*,*,#1331,.F.);
#1872=ORIENTED_EDGE('',*,*,#1100,.F.);
#1873=ORIENTED_EDGE('',*,*,#1333,.T.);
#1874=ORIENTED_EDGE('',*,*,#1101,.T.);
#1875=ORIENTED_EDGE('',*,*,#1334,.F.);
#1876=ORIENTED_EDGE('',*,*,#1335,.F.);
#1877=ORIENTED_EDGE('',*,*,#1336,.T.);
#1878=ORIENTED_EDGE('',*,*,#1104,.T.);
#1879=ORIENTED_EDGE('',*,*,#1337,.F.);
#1880=ORIENTED_EDGE('',*,*,#1338,.F.);
#1881=ORIENTED_EDGE('',*,*,#1334,.T.);
#1882=ORIENTED_EDGE('',*,*,#1103,.T.);
#1883=ORIENTED_EDGE('',*,*,#1339,.F.);
#1884=ORIENTED_EDGE('',*,*,#1340,.F.);
#1885=ORIENTED_EDGE('',*,*,#1337,.T.);
#1886=ORIENTED_EDGE('',*,*,#1102,.T.);
#1887=ORIENTED_EDGE('',*,*,#1336,.F.);
#1888=ORIENTED_EDGE('',*,*,#1341,.F.);
#1889=ORIENTED_EDGE('',*,*,#1339,.T.);
#1890=ORIENTED_EDGE('',*,*,#1335,.T.);
#1891=ORIENTED_EDGE('',*,*,#1338,.T.);
#1892=ORIENTED_EDGE('',*,*,#1340,.T.);
#1893=ORIENTED_EDGE('',*,*,#1341,.T.);
#1894=ORIENTED_EDGE('',*,*,#1342,.F.);
#1895=ORIENTED_EDGE('',*,*,#1343,.F.);
#1896=ORIENTED_EDGE('',*,*,#1344,.F.);
#1897=ORIENTED_EDGE('',*,*,#1345,.F.);
#1898=ORIENTED_EDGE('',*,*,#1346,.F.);
#1899=ORIENTED_EDGE('',*,*,#1347,.F.);
#1900=ORIENTED_EDGE('',*,*,#1348,.F.);
#1901=ORIENTED_EDGE('',*,*,#1349,.F.);
#1902=ORIENTED_EDGE('',*,*,#1350,.F.);
#1903=ORIENTED_EDGE('',*,*,#1351,.F.);
#1904=ORIENTED_EDGE('',*,*,#1352,.F.);
#1905=ORIENTED_EDGE('',*,*,#1353,.F.);
#1906=ORIENTED_EDGE('',*,*,#1354,.F.);
#1907=ORIENTED_EDGE('',*,*,#1277,.T.);
#1908=ORIENTED_EDGE('',*,*,#1355,.T.);
#1909=ORIENTED_EDGE('',*,*,#1356,.F.);
#1910=ORIENTED_EDGE('',*,*,#1357,.F.);
#1911=ORIENTED_EDGE('',*,*,#1358,.F.);
#1912=ORIENTED_EDGE('',*,*,#1359,.F.);
#1913=ORIENTED_EDGE('',*,*,#1360,.F.);
#1914=ORIENTED_EDGE('',*,*,#1361,.F.);
#1915=ORIENTED_EDGE('',*,*,#1362,.F.);
#1916=ORIENTED_EDGE('',*,*,#1363,.F.);
#1917=ORIENTED_EDGE('',*,*,#1364,.F.);
#1918=ORIENTED_EDGE('',*,*,#1365,.F.);
#1919=ORIENTED_EDGE('',*,*,#1366,.F.);
#1920=ORIENTED_EDGE('',*,*,#1367,.F.);
#1921=ORIENTED_EDGE('',*,*,#1342,.T.);
#1922=ORIENTED_EDGE('',*,*,#1368,.T.);
#1923=ORIENTED_EDGE('',*,*,#1355,.F.);
#1924=ORIENTED_EDGE('',*,*,#1368,.F.);
#1925=ORIENTED_EDGE('',*,*,#1354,.T.);
#1926=ORIENTED_EDGE('',*,*,#1369,.T.);
#1927=ORIENTED_EDGE('',*,*,#1367,.T.);
#1928=ORIENTED_EDGE('',*,*,#1369,.F.);
#1929=ORIENTED_EDGE('',*,*,#1353,.T.);
#1930=ORIENTED_EDGE('',*,*,#1370,.T.);
#1931=ORIENTED_EDGE('',*,*,#1366,.T.);
#1932=ORIENTED_EDGE('',*,*,#1370,.F.);
#1933=ORIENTED_EDGE('',*,*,#1352,.T.);
#1934=ORIENTED_EDGE('',*,*,#1371,.T.);
#1935=ORIENTED_EDGE('',*,*,#1365,.T.);
#1936=ORIENTED_EDGE('',*,*,#1371,.F.);
#1937=ORIENTED_EDGE('',*,*,#1351,.T.);
#1938=ORIENTED_EDGE('',*,*,#1372,.T.);
#1939=ORIENTED_EDGE('',*,*,#1364,.T.);
#1940=ORIENTED_EDGE('',*,*,#1372,.F.);
#1941=ORIENTED_EDGE('',*,*,#1350,.T.);
#1942=ORIENTED_EDGE('',*,*,#1373,.T.);
#1943=ORIENTED_EDGE('',*,*,#1363,.T.);
#1944=ORIENTED_EDGE('',*,*,#1373,.F.);
#1945=ORIENTED_EDGE('',*,*,#1349,.T.);
#1946=ORIENTED_EDGE('',*,*,#1374,.T.);
#1947=ORIENTED_EDGE('',*,*,#1362,.T.);
#1948=ORIENTED_EDGE('',*,*,#1374,.F.);
#1949=ORIENTED_EDGE('',*,*,#1348,.T.);
#1950=ORIENTED_EDGE('',*,*,#1375,.T.);
#1951=ORIENTED_EDGE('',*,*,#1361,.T.);
#1952=ORIENTED_EDGE('',*,*,#1375,.F.);
#1953=ORIENTED_EDGE('',*,*,#1347,.T.);
#1954=ORIENTED_EDGE('',*,*,#1376,.T.);
#1955=ORIENTED_EDGE('',*,*,#1360,.T.);
#1956=ORIENTED_EDGE('',*,*,#1376,.F.);
#1957=ORIENTED_EDGE('',*,*,#1346,.T.);
#1958=ORIENTED_EDGE('',*,*,#1377,.T.);
#1959=ORIENTED_EDGE('',*,*,#1359,.T.);
#1960=ORIENTED_EDGE('',*,*,#1377,.F.);
#1961=ORIENTED_EDGE('',*,*,#1345,.T.);
#1962=ORIENTED_EDGE('',*,*,#1378,.T.);
#1963=ORIENTED_EDGE('',*,*,#1358,.T.);
#1964=ORIENTED_EDGE('',*,*,#1378,.F.);
#1965=ORIENTED_EDGE('',*,*,#1344,.T.);
#1966=ORIENTED_EDGE('',*,*,#1379,.T.);
#1967=ORIENTED_EDGE('',*,*,#1357,.T.);
#1968=ORIENTED_EDGE('',*,*,#1379,.F.);
#1969=ORIENTED_EDGE('',*,*,#1343,.T.);
#1970=ORIENTED_EDGE('',*,*,#1380,.T.);
#1971=ORIENTED_EDGE('',*,*,#1356,.T.);
#1972=ORIENTED_EDGE('',*,*,#1380,.F.);
#1973=CYLINDRICAL_SURFACE('',#2160,0.75);
#1974=CYLINDRICAL_SURFACE('',#2165,0.75);
#1975=CYLINDRICAL_SURFACE('',#2170,0.75);
#1976=CYLINDRICAL_SURFACE('',#2177,1.25);
#1977=CYLINDRICAL_SURFACE('',#2210,3.31545990058115);
#1978=CYLINDRICAL_SURFACE('',#2230,10.25);
#1979=CYLINDRICAL_SURFACE('',#2238,6.5);
#1980=CYLINDRICAL_SURFACE('',#2242,5.35);
#1981=CYLINDRICAL_SURFACE('',#2248,3.);
#1982=CYLINDRICAL_SURFACE('',#2262,0.8);
#1983=CYLINDRICAL_SURFACE('',#2264,0.8);
#1984=CYLINDRICAL_SURFACE('',#2266,0.8);
#1985=CYLINDRICAL_SURFACE('',#2268,0.8);
#1986=CYLINDRICAL_SURFACE('',#2273,2.1);
#1987=CYLINDRICAL_SURFACE('',#2276,2.1);
#1988=CYLINDRICAL_SURFACE('',#2279,1.);
#1989=CYLINDRICAL_SURFACE('',#2280,1.);
#1990=CYLINDRICAL_SURFACE('',#2287,2.1);
#1991=CYLINDRICAL_SURFACE('',#2290,2.1);
#1992=CYLINDRICAL_SURFACE('',#2293,1.);
#1993=CYLINDRICAL_SURFACE('',#2294,1.);
#1994=CYLINDRICAL_SURFACE('',#2298,0.4);
#1995=CYLINDRICAL_SURFACE('',#2300,0.4);
#1996=CYLINDRICAL_SURFACE('',#2302,0.4);
#1997=CYLINDRICAL_SURFACE('',#2304,0.4);
#1998=CYLINDRICAL_SURFACE('',#2308,0.4);
#1999=CYLINDRICAL_SURFACE('',#2310,0.4);
#2000=CYLINDRICAL_SURFACE('',#2313,0.4);
#2001=CYLINDRICAL_SURFACE('',#2317,0.4);
#2002=CYLINDRICAL_SURFACE('',#2319,0.4);
#2003=CYLINDRICAL_SURFACE('',#2323,0.4);
#2004=CYLINDRICAL_SURFACE('',#2361,10.5);
#2005=CYLINDRICAL_SURFACE('',#2362,0.749999999999999);
#2006=CYLINDRICAL_SURFACE('',#2363,0.750000000000003);
#2007=CYLINDRICAL_SURFACE('',#2364,0.750000000000003);
#2008=CYLINDRICAL_SURFACE('',#2365,0.750000000000002);
#2009=CYLINDRICAL_SURFACE('',#2366,0.75);
#2010=CYLINDRICAL_SURFACE('',#2367,0.750000000000001);
#2011=CYLINDRICAL_SURFACE('',#2368,0.750000000000001);
#2012=CYLINDRICAL_SURFACE('',#2369,0.750000000000001);
#2013=CYLINDRICAL_SURFACE('',#2370,0.750000000000001);
#2014=CYLINDRICAL_SURFACE('',#2371,0.750000000000001);
#2015=CYLINDRICAL_SURFACE('',#2372,0.749999999999999);
#2016=CYLINDRICAL_SURFACE('',#2373,0.750000000000002);
#2017=ADVANCED_FACE('',(#159),#1973,.T.);
#2018=ADVANCED_FACE('',(#160),#90,.T.);
#2019=ADVANCED_FACE('',(#161),#91,.F.);
#2020=ADVANCED_FACE('',(#162),#1974,.T.);
#2021=ADVANCED_FACE('',(#163),#92,.T.);
#2022=ADVANCED_FACE('',(#164),#93,.F.);
#2023=ADVANCED_FACE('',(#165),#1975,.T.);
#2024=ADVANCED_FACE('',(#166),#94,.T.);
#2025=ADVANCED_FACE('',(#167),#95,.F.);
#2026=ADVANCED_FACE('',(#168),#96,.T.);
#2027=ADVANCED_FACE('',(#169),#1976,.F.);
#2028=ADVANCED_FACE('',(#170),#97,.F.);
#2029=ADVANCED_FACE('',(#171,#49),#98,.F.);
#2030=ADVANCED_FACE('',(#172,#50,#51),#99,.F.);
#2031=ADVANCED_FACE('',(#173),#100,.T.);
#2032=ADVANCED_FACE('',(#174),#101,.T.);
#2033=ADVANCED_FACE('',(#175),#102,.T.);
#2034=ADVANCED_FACE('',(#176),#103,.T.);
#2035=ADVANCED_FACE('',(#177),#104,.T.);
#2036=ADVANCED_FACE('',(#178),#105,.T.);
#2037=ADVANCED_FACE('',(#179),#106,.T.);
#2038=ADVANCED_FACE('',(#180),#107,.F.);
#2039=ADVANCED_FACE('',(#181),#108,.F.);
#2040=ADVANCED_FACE('',(#182),#109,.F.);
#2041=ADVANCED_FACE('',(#183),#110,.T.);
#2042=ADVANCED_FACE('',(#184),#111,.T.);
#2043=ADVANCED_FACE('',(#185),#1977,.T.);
#2044=ADVANCED_FACE('',(#186),#112,.F.);
#2045=ADVANCED_FACE('',(#187),#113,.F.);
#2046=ADVANCED_FACE('',(#188),#114,.F.);
#2047=ADVANCED_FACE('',(#189,#52),#115,.F.);
#2048=ADVANCED_FACE('',(#190),#116,.F.);
#2049=ADVANCED_FACE('',(#191),#117,.F.);
#2050=ADVANCED_FACE('',(#192),#118,.T.);
#2051=ADVANCED_FACE('',(#193),#119,.F.);
#2052=ADVANCED_FACE('',(#194),#120,.F.);
#2053=ADVANCED_FACE('',(#195),#1978,.T.);
#2054=ADVANCED_FACE('',(#196),#121,.F.);
#2055=ADVANCED_FACE('',(#197,#53),#122,.T.);
#2056=ADVANCED_FACE('',(#198),#1979,.T.);
#2057=ADVANCED_FACE('',(#199,#54),#123,.T.);
#2058=ADVANCED_FACE('',(#200),#1980,.T.);
#2059=ADVANCED_FACE('',(#201,#55),#124,.T.);
#2060=ADVANCED_FACE('',(#202),#125,.T.);
#2061=ADVANCED_FACE('',(#203),#1981,.T.);
#2062=ADVANCED_FACE('',(#204),#126,.T.);
#2063=ADVANCED_FACE('',(#205),#127,.T.);
#2064=ADVANCED_FACE('',(#206),#128,.T.);
#2065=ADVANCED_FACE('',(#207),#129,.T.);
#2066=ADVANCED_FACE('',(#208),#1982,.T.);
#2067=ADVANCED_FACE('',(#209),#1983,.T.);
#2068=ADVANCED_FACE('',(#210),#1984,.T.);
#2069=ADVANCED_FACE('',(#211),#1985,.T.);
#2070=ADVANCED_FACE('',(#212),#130,.F.);
#2071=ADVANCED_FACE('',(#213),#131,.F.);
#2072=ADVANCED_FACE('',(#214),#132,.T.);
#2073=ADVANCED_FACE('',(#215),#1986,.F.);
#2074=ADVANCED_FACE('',(#216),#133,.T.);
#2075=ADVANCED_FACE('',(#217),#134,.F.);
#2076=ADVANCED_FACE('',(#218),#1987,.F.);
#2077=ADVANCED_FACE('',(#219),#135,.T.);
#2078=ADVANCED_FACE('',(#220),#136,.F.);
#2079=ADVANCED_FACE('',(#221),#1988,.T.);
#2080=ADVANCED_FACE('',(#222),#1989,.T.);
#2081=ADVANCED_FACE('',(#223),#137,.F.);
#2082=ADVANCED_FACE('',(#224),#138,.F.);
#2083=ADVANCED_FACE('',(#225),#139,.F.);
#2084=ADVANCED_FACE('',(#226),#140,.T.);
#2085=ADVANCED_FACE('',(#227),#141,.T.);
#2086=ADVANCED_FACE('',(#228),#142,.T.);
#2087=ADVANCED_FACE('',(#229),#1990,.F.);
#2088=ADVANCED_FACE('',(#230),#143,.T.);
#2089=ADVANCED_FACE('',(#231),#144,.F.);
#2090=ADVANCED_FACE('',(#232),#1991,.F.);
#2091=ADVANCED_FACE('',(#233),#145,.T.);
#2092=ADVANCED_FACE('',(#234),#146,.F.);
#2093=ADVANCED_FACE('',(#235),#1992,.T.);
#2094=ADVANCED_FACE('',(#236),#1993,.T.);
#2095=ADVANCED_FACE('',(#237),#147,.T.);
#2096=ADVANCED_FACE('',(#238),#23,.T.);
#2097=ADVANCED_FACE('',(#239),#24,.T.);
#2098=ADVANCED_FACE('',(#240),#1994,.T.);
#2099=ADVANCED_FACE('',(#241),#1995,.T.);
#2100=ADVANCED_FACE('',(#242),#1996,.T.);
#2101=ADVANCED_FACE('',(#243),#13,.T.);
#2102=ADVANCED_FACE('',(#244),#1997,.T.);
#2103=ADVANCED_FACE('',(#245),#14,.T.);
#2104=ADVANCED_FACE('',(#246),#15,.F.);
#2105=ADVANCED_FACE('',(#247),#1998,.T.);
#2106=ADVANCED_FACE('',(#248),#1999,.T.);
#2107=ADVANCED_FACE('',(#249),#16,.F.);
#2108=ADVANCED_FACE('',(#250),#17,.T.);
#2109=ADVANCED_FACE('',(#251),#2000,.T.);
#2110=ADVANCED_FACE('',(#252),#18,.F.);
#2111=ADVANCED_FACE('',(#253),#19,.T.);
#2112=ADVANCED_FACE('',(#254),#2001,.T.);
#2113=ADVANCED_FACE('',(#255),#20,.T.);
#2114=ADVANCED_FACE('',(#256),#2002,.T.);
#2115=ADVANCED_FACE('',(#257),#21,.F.);
#2116=ADVANCED_FACE('',(#258),#22,.T.);
#2117=ADVANCED_FACE('',(#259),#2003,.T.);
#2118=ADVANCED_FACE('',(#260),#148,.F.);
#2119=ADVANCED_FACE('',(#261),#149,.F.);
#2120=ADVANCED_FACE('',(#262),#150,.F.);
#2121=ADVANCED_FACE('',(#263),#151,.F.);
#2122=ADVANCED_FACE('',(#264),#152,.T.);
#2123=ADVANCED_FACE('',(#265),#153,.T.);
#2124=ADVANCED_FACE('',(#266),#154,.T.);
#2125=ADVANCED_FACE('',(#267),#155,.T.);
#2126=ADVANCED_FACE('',(#268),#156,.T.);
#2127=ADVANCED_FACE('',(#269,#56,#57,#58,#59,#60,#61,#62,#63,#64,#65,#66,
#67,#68),#157,.F.);
#2128=ADVANCED_FACE('',(#270,#69,#70,#71,#72,#73,#74,#75,#76,#77,#78,#79,
#80),#158,.T.);
#2129=ADVANCED_FACE('',(#271),#2004,.T.);
#2130=ADVANCED_FACE('',(#272),#2005,.F.);
#2131=ADVANCED_FACE('',(#273),#2006,.F.);
#2132=ADVANCED_FACE('',(#274),#2007,.F.);
#2133=ADVANCED_FACE('',(#275),#2008,.F.);
#2134=ADVANCED_FACE('',(#276),#2009,.F.);
#2135=ADVANCED_FACE('',(#277),#2010,.F.);
#2136=ADVANCED_FACE('',(#278),#2011,.F.);
#2137=ADVANCED_FACE('',(#279),#2012,.F.);
#2138=ADVANCED_FACE('',(#280),#2013,.F.);
#2139=ADVANCED_FACE('',(#281),#2014,.F.);
#2140=ADVANCED_FACE('',(#282),#2015,.F.);
#2141=ADVANCED_FACE('',(#283),#2016,.F.);
#2142=CLOSED_SHELL('',(#2017,#2018,#2019));
#2143=CLOSED_SHELL('',(#2020,#2021,#2022));
#2144=CLOSED_SHELL('',(#2023,#2024,#2025));
#2145=CLOSED_SHELL('',(#2026,#2027,#2028));
#2146=CLOSED_SHELL('',(#2029,#2030,#2031,#2032,#2033,#2034,#2035,#2036,
#2037,#2038,#2039,#2040,#2041,#2042,#2043,#2044,#2045,#2046,#2047,#2048,
#2049,#2050,#2051,#2052,#2053,#2054,#2055,#2056,#2057,#2058,#2059,#2060,
#2061,#2062,#2063,#2064,#2065,#2066,#2067,#2068,#2069,#2070,#2071,#2072,
#2073,#2074,#2075,#2076,#2077,#2078,#2079,#2080,#2081,#2082,#2083,#2084,
#2085,#2086,#2087,#2088,#2089,#2090,#2091,#2092,#2093,#2094,#2095,#2096,
#2097,#2098,#2099,#2100,#2101,#2102,#2103,#2104,#2105,#2106,#2107,#2108,
#2109,#2110,#2111,#2112,#2113,#2114,#2115,#2116,#2117,#2118,#2119,#2120,
#2121,#2122,#2123,#2124,#2125,#2126,#2127,#2128,#2129,#2130,#2131,#2132,
#2133,#2134,#2135,#2136,#2137,#2138,#2139,#2140,#2141));
#2147=DERIVED_UNIT_ELEMENT(#2149,1.);
#2148=DERIVED_UNIT_ELEMENT(#4075,-3.);
#2149=(
MASS_UNIT()
NAMED_UNIT(*)
SI_UNIT(.KILO.,.GRAM.)
);
#2150=DERIVED_UNIT((#2147,#2148));
#2151=MEASURE_REPRESENTATION_ITEM('density measure',
POSITIVE_RATIO_MEASURE(7850.),#2150);
#2152=PROPERTY_DEFINITION_REPRESENTATION(#2157,#2154);
#2153=PROPERTY_DEFINITION_REPRESENTATION(#2158,#2155);
#2154=REPRESENTATION('material name',(#2156),#4072);
#2155=REPRESENTATION('density',(#2151),#4072);
#2156=DESCRIPTIVE_REPRESENTATION_ITEM('Steel','Steel');
#2157=PROPERTY_DEFINITION('material property','material name',#4082);
#2158=PROPERTY_DEFINITION('material property','density of part',#4082);
#2159=AXIS2_PLACEMENT_3D('',#2987,#2374,#2375);
#2160=AXIS2_PLACEMENT_3D('',#2988,#2376,#2377);
#2161=AXIS2_PLACEMENT_3D('',#2990,#2378,#2379);
#2162=AXIS2_PLACEMENT_3D('',#2993,#2381,#2382);
#2163=AXIS2_PLACEMENT_3D('',#2994,#2383,#2384);
#2164=AXIS2_PLACEMENT_3D('',#2995,#2385,#2386);
#2165=AXIS2_PLACEMENT_3D('',#2996,#2387,#2388);
#2166=AXIS2_PLACEMENT_3D('',#2998,#2389,#2390);
#2167=AXIS2_PLACEMENT_3D('',#3001,#2392,#2393);
#2168=AXIS2_PLACEMENT_3D('',#3002,#2394,#2395);
#2169=AXIS2_PLACEMENT_3D('',#3003,#2396,#2397);
#2170=AXIS2_PLACEMENT_3D('',#3004,#2398,#2399);
#2171=AXIS2_PLACEMENT_3D('',#3006,#2400,#2401);
#2172=AXIS2_PLACEMENT_3D('',#3009,#2403,#2404);
#2173=AXIS2_PLACEMENT_3D('',#3010,#2405,#2406);
#2174=AXIS2_PLACEMENT_3D('',#3011,#2407,#2408);
#2175=AXIS2_PLACEMENT_3D('',#3012,#2409,#2410);
#2176=AXIS2_PLACEMENT_3D('',#3014,#2411,#2412);
#2177=AXIS2_PLACEMENT_3D('',#3015,#2413,#2414);
#2178=AXIS2_PLACEMENT_3D('',#3018,#2416,#2417);
#2179=AXIS2_PLACEMENT_3D('',#3019,#2418,#2419);
#2180=AXIS2_PLACEMENT_3D('',#3020,#2420,#2421);
#2181=AXIS2_PLACEMENT_3D('',#3037,#2430,#2431);
#2182=AXIS2_PLACEMENT_3D('',#3148,#2449,#2450);
#2183=AXIS2_PLACEMENT_3D('',#3161,#2457,#2458);
#2184=AXIS2_PLACEMENT_3D('',#3167,#2462,#2463);
#2185=AXIS2_PLACEMENT_3D('',#3173,#2467,#2468);
#2186=AXIS2_PLACEMENT_3D('',#3179,#2471,#2472);
#2187=AXIS2_PLACEMENT_3D('',#3185,#2475,#2476);
#2188=AXIS2_PLACEMENT_3D('',#3187,#2478,#2479);
#2189=AXIS2_PLACEMENT_3D('',#3191,#2481,#2482);
#2190=AXIS2_PLACEMENT_3D('',#3197,#2485,#2486);
#2191=AXIS2_PLACEMENT_3D('',#3201,#2489,#2490);
#2192=AXIS2_PLACEMENT_3D('',#3206,#2492,#2493);
#2193=AXIS2_PLACEMENT_3D('',#3214,#2497,#2498);
#2194=AXIS2_PLACEMENT_3D('',#3220,#2501,#2502);
#2195=AXIS2_PLACEMENT_3D('',#3225,#2505,#2506);
#2196=AXIS2_PLACEMENT_3D('',#3227,#2508,#2509);
#2197=AXIS2_PLACEMENT_3D('',#3230,#2512,#2513);
#2198=AXIS2_PLACEMENT_3D('',#3236,#2516,#2517);
#2199=AXIS2_PLACEMENT_3D('',#3242,#2520,#2521);
#2200=AXIS2_PLACEMENT_3D('',#3246,#2524,#2525);
#2201=AXIS2_PLACEMENT_3D('',#3254,#2529,#2530);
#2202=AXIS2_PLACEMENT_3D('',#3260,#2533,#2534);
#2203=AXIS2_PLACEMENT_3D('',#3262,#2536,#2537);
#2204=AXIS2_PLACEMENT_3D('',#3266,#2539,#2540);
#2205=AXIS2_PLACEMENT_3D('',#3272,#2543,#2544);
#2206=AXIS2_PLACEMENT_3D('',#3280,#2548,#2549);
#2207=AXIS2_PLACEMENT_3D('',#3286,#2552,#2553);
#2208=AXIS2_PLACEMENT_3D('',#3288,#2555,#2556);
#2209=AXIS2_PLACEMENT_3D('',#3292,#2560,#2561);
#2210=AXIS2_PLACEMENT_3D('',#3295,#2564,#2565);
#2211=AXIS2_PLACEMENT_3D('',#3300,#2567,#2568);
#2212=AXIS2_PLACEMENT_3D('',#3303,#2570,#2571);
#2213=AXIS2_PLACEMENT_3D('',#3304,#2572,#2573);
#2214=AXIS2_PLACEMENT_3D('',#3307,#2574,#2575);
#2215=AXIS2_PLACEMENT_3D('',#3311,#2577,#2578);
#2216=AXIS2_PLACEMENT_3D('',#3315,#2580,#2581);
#2217=AXIS2_PLACEMENT_3D('',#3319,#2583,#2584);
#2218=AXIS2_PLACEMENT_3D('',#3326,#2589,#2590);
#2219=AXIS2_PLACEMENT_3D('',#3329,#2591,#2592);
#2220=AXIS2_PLACEMENT_3D('',#3333,#2594,#2595);
#2221=AXIS2_PLACEMENT_3D('',#3335,#2597,#2598);
#2222=AXIS2_PLACEMENT_3D('',#3338,#2599,#2600);
#2223=AXIS2_PLACEMENT_3D('',#3342,#2602,#2603);
#2224=AXIS2_PLACEMENT_3D('',#3344,#2605,#2606);
#2225=AXIS2_PLACEMENT_3D('',#3356,#2614,#2615);
#2226=AXIS2_PLACEMENT_3D('',#3443,#2621,#2622);
#2227=AXIS2_PLACEMENT_3D('',#3530,#2628,#2629);
#2228=AXIS2_PLACEMENT_3D('',#3539,#2634,#2635);
#2229=AXIS2_PLACEMENT_3D('',#3568,#2640,#2641);
#2230=AXIS2_PLACEMENT_3D('',#3572,#2644,#2645);
#2231=AXIS2_PLACEMENT_3D('',#3575,#2647,#2648);
#2232=AXIS2_PLACEMENT_3D('',#3576,#2649,#2650);
#2233=AXIS2_PLACEMENT_3D('',#3586,#2651,#2652);
#2234=AXIS2_PLACEMENT_3D('',#3624,#2653,#2654);
#2235=AXIS2_PLACEMENT_3D('',#3626,#2656,#2657);
#2236=AXIS2_PLACEMENT_3D('',#3634,#2661,#2662);
#2237=AXIS2_PLACEMENT_3D('',#3636,#2663,#2664);
#2238=AXIS2_PLACEMENT_3D('',#3637,#2665,#2666);
#2239=AXIS2_PLACEMENT_3D('',#3640,#2668,#2669);
#2240=AXIS2_PLACEMENT_3D('',#3641,#2670,#2671);
#2241=AXIS2_PLACEMENT_3D('',#3643,#2672,#2673);
#2242=AXIS2_PLACEMENT_3D('',#3644,#2674,#2675);
#2243=AXIS2_PLACEMENT_3D('',#3647,#2677,#2678);
#2244=AXIS2_PLACEMENT_3D('',#3648,#2679,#2680);
#2245=AXIS2_PLACEMENT_3D('',#3650,#2681,#2682);
#2246=AXIS2_PLACEMENT_3D('',#3651,#2683,#2684);
#2247=AXIS2_PLACEMENT_3D('',#3652,#2685,#2686);
#2248=AXIS2_PLACEMENT_3D('',#3653,#2687,#2688);
#2249=AXIS2_PLACEMENT_3D('',#3656,#2690,#2691);
#2250=AXIS2_PLACEMENT_3D('',#3657,#2692,#2693);
#2251=AXIS2_PLACEMENT_3D('',#3660,#2695,#2696);
#2252=AXIS2_PLACEMENT_3D('',#3662,#2697,#2698);
#2253=AXIS2_PLACEMENT_3D('',#3664,#2700,#2701);
#2254=AXIS2_PLACEMENT_3D('',#3667,#2703,#2704);
#2255=AXIS2_PLACEMENT_3D('',#3668,#2705,#2706);
#2256=AXIS2_PLACEMENT_3D('',#3669,#2707,#2708);
#2257=AXIS2_PLACEMENT_3D('',#3671,#2709,#2710);
#2258=AXIS2_PLACEMENT_3D('',#3673,#2712,#2713);
#2259=AXIS2_PLACEMENT_3D('',#3674,#2714,#2715);
#2260=AXIS2_PLACEMENT_3D('',#3675,#2716,#2717);
#2261=AXIS2_PLACEMENT_3D('',#3676,#2718,#2719);
#2262=AXIS2_PLACEMENT_3D('',#3677,#2720,#2721);
#2263=AXIS2_PLACEMENT_3D('',#3678,#2722,#2723);
#2264=AXIS2_PLACEMENT_3D('',#3679,#2724,#2725);
#2265=AXIS2_PLACEMENT_3D('',#3680,#2726,#2727);
#2266=AXIS2_PLACEMENT_3D('',#3681,#2728,#2729);
#2267=AXIS2_PLACEMENT_3D('',#3682,#2730,#2731);
#2268=AXIS2_PLACEMENT_3D('',#3683,#2732,#2733);
#2269=AXIS2_PLACEMENT_3D('',#3684,#2734,#2735);
#2270=AXIS2_PLACEMENT_3D('',#3685,#2736,#2737);
#2271=AXIS2_PLACEMENT_3D('',#3687,#2739,#2740);
#2272=AXIS2_PLACEMENT_3D('',#3689,#2742,#2743);
#2273=AXIS2_PLACEMENT_3D('',#3692,#2746,#2747);
#2274=AXIS2_PLACEMENT_3D('',#3695,#2750,#2751);
#2275=AXIS2_PLACEMENT_3D('',#3696,#2752,#2753);
#2276=AXIS2_PLACEMENT_3D('',#3697,#2754,#2755);
#2277=AXIS2_PLACEMENT_3D('',#3700,#2758,#2759);
#2278=AXIS2_PLACEMENT_3D('',#3701,#2760,#2761);
#2279=AXIS2_PLACEMENT_3D('',#3702,#2762,#2763);
#2280=AXIS2_PLACEMENT_3D('',#3703,#2764,#2765);
#2281=AXIS2_PLACEMENT_3D('',#3704,#2766,#2767);
#2282=AXIS2_PLACEMENT_3D('',#3706,#2769,#2770);
#2283=AXIS2_PLACEMENT_3D('',#3708,#2772,#2773);
#2284=AXIS2_PLACEMENT_3D('',#3709,#2774,#2775);
#2285=AXIS2_PLACEMENT_3D('',#3711,#2777,#2778);
#2286=AXIS2_PLACEMENT_3D('',#3713,#2780,#2781);
#2287=AXIS2_PLACEMENT_3D('',#3716,#2784,#2785);
#2288=AXIS2_PLACEMENT_3D('',#3719,#2788,#2789);
#2289=AXIS2_PLACEMENT_3D('',#3720,#2790,#2791);
#2290=AXIS2_PLACEMENT_3D('',#3721,#2792,#2793);
#2291=AXIS2_PLACEMENT_3D('',#3724,#2796,#2797);
#2292=AXIS2_PLACEMENT_3D('',#3725,#2798,#2799);
#2293=AXIS2_PLACEMENT_3D('',#3726,#2800,#2801);
#2294=AXIS2_PLACEMENT_3D('',#3727,#2802,#2803);
#2295=AXIS2_PLACEMENT_3D('',#3728,#2804,#2805);
#2296=AXIS2_PLACEMENT_3D('',#3729,#2806,#2807);
#2297=AXIS2_PLACEMENT_3D('',#3730,#2808,#2809);
#2298=AXIS2_PLACEMENT_3D('',#3759,#2810,#2811);
#2299=AXIS2_PLACEMENT_3D('',#3760,#2812,#2813);
#2300=AXIS2_PLACEMENT_3D('',#3761,#2814,#2815);
#2301=AXIS2_PLACEMENT_3D('',#3762,#2816,#2817);
#2302=AXIS2_PLACEMENT_3D('',#3763,#2818,#2819);
#2303=AXIS2_PLACEMENT_3D('',#3788,#2820,#2821);
#2304=AXIS2_PLACEMENT_3D('',#3789,#2822,#2823);
#2305=AXIS2_PLACEMENT_3D('',#3790,#2824,#2825);
#2306=AXIS2_PLACEMENT_3D('',#3815,#2826,#2827);
#2307=AXIS2_PLACEMENT_3D('',#3825,#2828,#2829);
#2308=AXIS2_PLACEMENT_3D('',#3826,#2830,#2831);
#2309=AXIS2_PLACEMENT_3D('',#3827,#2832,#2833);
#2310=AXIS2_PLACEMENT_3D('',#3828,#2834,#2835);
#2311=AXIS2_PLACEMENT_3D('',#3829,#2836,#2837);
#2312=AXIS2_PLACEMENT_3D('',#3863,#2838,#2839);
#2313=AXIS2_PLACEMENT_3D('',#3864,#2840,#2841);
#2314=AXIS2_PLACEMENT_3D('',#3865,#2842,#2843);
#2315=AXIS2_PLACEMENT_3D('',#3875,#2844,#2845);
#2316=AXIS2_PLACEMENT_3D('',#3900,#2846,#2847);
#2317=AXIS2_PLACEMENT_3D('',#3901,#2848,#2849);
#2318=AXIS2_PLACEMENT_3D('',#3926,#2850,#2851);
#2319=AXIS2_PLACEMENT_3D('',#3927,#2852,#2853);
#2320=AXIS2_PLACEMENT_3D('',#3928,#2854,#2855);
#2321=AXIS2_PLACEMENT_3D('',#3938,#2856,#2857);
#2322=AXIS2_PLACEMENT_3D('',#3963,#2858,#2859);
#2323=AXIS2_PLACEMENT_3D('',#3964,#2860,#2861);
#2324=AXIS2_PLACEMENT_3D('',#3965,#2862,#2863);
#2325=AXIS2_PLACEMENT_3D('',#3968,#2866,#2867);
#2326=AXIS2_PLACEMENT_3D('',#3970,#2869,#2870);
#2327=AXIS2_PLACEMENT_3D('',#3972,#2872,#2873);
#2328=AXIS2_PLACEMENT_3D('',#3973,#2874,#2875);
#2329=AXIS2_PLACEMENT_3D('',#3979,#2879,#2880);
#2330=AXIS2_PLACEMENT_3D('',#3983,#2883,#2884);
#2331=AXIS2_PLACEMENT_3D('',#3987,#2887,#2888);
#2332=AXIS2_PLACEMENT_3D('',#3989,#2890,#2891);
#2333=AXIS2_PLACEMENT_3D('',#3990,#2892,#2893);
#2334=AXIS2_PLACEMENT_3D('',#3992,#2894,#2895);
#2335=AXIS2_PLACEMENT_3D('',#3994,#2896,#2897);
#2336=AXIS2_PLACEMENT_3D('',#3996,#2898,#2899);
#2337=AXIS2_PLACEMENT_3D('',#3998,#2900,#2901);
#2338=AXIS2_PLACEMENT_3D('',#4000,#2902,#2903);
#2339=AXIS2_PLACEMENT_3D('',#4002,#2904,#2905);
#2340=AXIS2_PLACEMENT_3D('',#4004,#2906,#2907);
#2341=AXIS2_PLACEMENT_3D('',#4006,#2908,#2909);
#2342=AXIS2_PLACEMENT_3D('',#4008,#2910,#2911);
#2343=AXIS2_PLACEMENT_3D('',#4010,#2912,#2913);
#2344=AXIS2_PLACEMENT_3D('',#4012,#2914,#2915);
#2345=AXIS2_PLACEMENT_3D('',#4014,#2916,#2917);
#2346=AXIS2_PLACEMENT_3D('',#4016,#2918,#2919);
#2347=AXIS2_PLACEMENT_3D('',#4017,#2920,#2921);
#2348=AXIS2_PLACEMENT_3D('',#4019,#2922,#2923);
#2349=AXIS2_PLACEMENT_3D('',#4021,#2924,#2925);
#2350=AXIS2_PLACEMENT_3D('',#4023,#2926,#2927);
#2351=AXIS2_PLACEMENT_3D('',#4025,#2928,#2929);
#2352=AXIS2_PLACEMENT_3D('',#4027,#2930,#2931);
#2353=AXIS2_PLACEMENT_3D('',#4029,#2932,#2933);
#2354=AXIS2_PLACEMENT_3D('',#4031,#2934,#2935);
#2355=AXIS2_PLACEMENT_3D('',#4033,#2936,#2937);
#2356=AXIS2_PLACEMENT_3D('',#4035,#2938,#2939);
#2357=AXIS2_PLACEMENT_3D('',#4037,#2940,#2941);
#2358=AXIS2_PLACEMENT_3D('',#4039,#2942,#2943);
#2359=AXIS2_PLACEMENT_3D('',#4041,#2944,#2945);
#2360=AXIS2_PLACEMENT_3D('',#4043,#2946,#2947);
#2361=AXIS2_PLACEMENT_3D('',#4044,#2948,#2949);
#2362=AXIS2_PLACEMENT_3D('',#4046,#2951,#2952);
#2363=AXIS2_PLACEMENT_3D('',#4048,#2954,#2955);
#2364=AXIS2_PLACEMENT_3D('',#4050,#2957,#2958);
#2365=AXIS2_PLACEMENT_3D('',#4052,#2960,#2961);
#2366=AXIS2_PLACEMENT_3D('',#4054,#2963,#2964);
#2367=AXIS2_PLACEMENT_3D('',#4056,#2966,#2967);
#2368=AXIS2_PLACEMENT_3D('',#4058,#2969,#2970);
#2369=AXIS2_PLACEMENT_3D('',#4060,#2972,#2973);
#2370=AXIS2_PLACEMENT_3D('',#4062,#2975,#2976);
#2371=AXIS2_PLACEMENT_3D('',#4064,#2978,#2979);
#2372=AXIS2_PLACEMENT_3D('',#4066,#2981,#2982);
#2373=AXIS2_PLACEMENT_3D('',#4068,#2984,#2985);
#2374=DIRECTION('axis',(0.,0.,1.));
#2375=DIRECTION('refdir',(1.,0.,0.));
#2376=DIRECTION('center_axis',(1.,0.,0.));
#2377=DIRECTION('ref_axis',(0.,0.,-1.));
#2378=DIRECTION('center_axis',(-1.,0.,0.));
#2379=DIRECTION('ref_axis',(0.,0.,1.));
#2380=DIRECTION('',(-1.,0.,0.));
#2381=DIRECTION('center_axis',(-1.,0.,0.));
#2382=DIRECTION('ref_axis',(0.,0.,1.));
#2383=DIRECTION('center_axis',(-1.,0.,0.));
#2384=DIRECTION('ref_axis',(0.,0.,1.));
#2385=DIRECTION('center_axis',(-1.,0.,0.));
#2386=DIRECTION('ref_axis',(0.,0.,1.));
#2387=DIRECTION('center_axis',(1.,0.,0.));
#2388=DIRECTION('ref_axis',(0.,0.,-1.));
#2389=DIRECTION('center_axis',(-1.,0.,0.));
#2390=DIRECTION('ref_axis',(0.,0.,1.));
#2391=DIRECTION('',(-1.,0.,0.));
#2392=DIRECTION('center_axis',(-1.,0.,0.));
#2393=DIRECTION('ref_axis',(0.,0.,1.));
#2394=DIRECTION('center_axis',(-1.,0.,0.));
#2395=DIRECTION('ref_axis',(0.,0.,1.));
#2396=DIRECTION('center_axis',(-1.,0.,0.));
#2397=DIRECTION('ref_axis',(0.,0.,1.));
#2398=DIRECTION('center_axis',(1.,0.,0.));
#2399=DIRECTION('ref_axis',(0.,0.,-1.));
#2400=DIRECTION('center_axis',(-1.,0.,0.));
#2401=DIRECTION('ref_axis',(0.,0.,1.));
#2402=DIRECTION('',(-1.,0.,0.));
#2403=DIRECTION('center_axis',(-1.,0.,0.));
#2404=DIRECTION('ref_axis',(0.,0.,1.));
#2405=DIRECTION('center_axis',(-1.,0.,0.));
#2406=DIRECTION('ref_axis',(0.,0.,1.));
#2407=DIRECTION('center_axis',(-1.,0.,0.));
#2408=DIRECTION('ref_axis',(0.,0.,1.));
#2409=DIRECTION('center_axis',(0.,1.,0.));
#2410=DIRECTION('ref_axis',(0.,0.,1.));
#2411=DIRECTION('center_axis',(0.,1.,0.));
#2412=DIRECTION('ref_axis',(0.,0.,1.));
#2413=DIRECTION('center_axis',(0.,1.,0.));
#2414=DIRECTION('ref_axis',(0.,0.,1.));
#2415=DIRECTION('',(0.,1.,0.));
#2416=DIRECTION('center_axis',(0.,1.,0.));
#2417=DIRECTION('ref_axis',(0.,0.,1.));
#2418=DIRECTION('center_axis',(0.,1.,0.));
#2419=DIRECTION('ref_axis',(0.,0.,1.));
#2420=DIRECTION('center_axis',(1.,0.,0.));
#2421=DIRECTION('ref_axis',(0.,0.,-1.));
#2422=DIRECTION('',(0.,1.,2.64338815386942E-16));
#2423=DIRECTION('',(0.,0.,-1.));
#2424=DIRECTION('',(0.,-1.,-2.64338815386942E-16));
#2425=DIRECTION('',(0.,7.93016446160826E-17,1.));
#2426=DIRECTION('',(0.,1.,1.58603289232165E-16));
#2427=DIRECTION('',(0.,1.76225876924628E-16,1.));
#2428=DIRECTION('',(0.,-1.,-1.58603289232165E-16));
#2429=DIRECTION('',(0.,0.,-1.));
#2430=DIRECTION('center_axis',(1.,0.,-1.69241314729445E-16));
#2431=DIRECTION('ref_axis',(-1.69241314729445E-16,0.,-1.));
#2432=DIRECTION('',(0.,-1.,0.));
#2433=DIRECTION('',(0.,0.,1.));
#2434=DIRECTION('',(0.,0.,1.));
#2435=DIRECTION('',(0.,-1.,0.));
#2436=DIRECTION('',(2.34967835899504E-16,0.,1.));
#2437=DIRECTION('',(0.,1.,2.64338815386942E-16));
#2438=DIRECTION('',(0.,7.93016446160826E-17,1.));
#2439=DIRECTION('',(0.,-1.,-2.64338815386942E-16));
#2440=DIRECTION('',(0.,0.,-1.));
#2441=DIRECTION('',(0.,-1.,0.));
#2442=DIRECTION('',(0.,0.,-1.));
#2443=DIRECTION('',(0.,-1.,0.));
#2444=DIRECTION('',(0.,0.,-1.));
#2445=DIRECTION('',(0.,1.,0.));
#2446=DIRECTION('',(0.,0.,1.));
#2447=DIRECTION('',(0.,-1.,0.));
#2448=DIRECTION('',(0.,0.,-1.));
#2449=DIRECTION('center_axis',(1.,0.,-3.38482629458889E-16));
#2450=DIRECTION('ref_axis',(-3.38482629458889E-16,0.,-1.));
#2451=DIRECTION('',(0.,0.,-1.));
#2452=DIRECTION('',(0.,0.,1.));
#2453=DIRECTION('',(0.,0.,-1.));
#2454=DIRECTION('',(0.,-1.,0.));
#2455=DIRECTION('',(0.,0.,1.));
#2456=DIRECTION('',(0.,-1.,0.));
#2457=DIRECTION('center_axis',(3.38482629458889E-16,0.,1.));
#2458=DIRECTION('ref_axis',(1.,0.,-3.38482629458889E-16));
#2459=DIRECTION('',(-1.,0.,3.36740439454321E-16));
#2460=DIRECTION('',(-0.976523773463931,0.215409655911162,3.28835044613836E-16));
#2461=DIRECTION('',(0.,-1.,0.));
#2462=DIRECTION('center_axis',(-3.38482629458889E-16,0.,-1.));
#2463=DIRECTION('ref_axis',(-1.,0.,3.38482629458889E-16));
#2464=DIRECTION('',(0.,-1.,0.));
#2465=DIRECTION('',(0.976523773463931,-0.215409655911162,-3.28835044613837E-16));
#2466=DIRECTION('',(1.,0.,-3.36740439454321E-16));
#2467=DIRECTION('center_axis',(0.,1.,0.));
#2468=DIRECTION('ref_axis',(0.,0.,1.));
#2469=DIRECTION('',(-5.07530525542929E-16,0.,-1.));
#2470=DIRECTION('',(-1.,0.,1.91417762866406E-16));
#2471=DIRECTION('center_axis',(0.,1.,0.));
#2472=DIRECTION('ref_axis',(0.,0.,1.));
#2473=DIRECTION('',(0.,0.,-1.));
#2474=DIRECTION('',(1.,0.,6.88490635424154E-16));
#2475=DIRECTION('center_axis',(0.,-1.,0.));
#2476=DIRECTION('ref_axis',(3.38482629458889E-16,0.,1.));
#2477=DIRECTION('',(1.,0.,3.44245317712078E-16));
#2478=DIRECTION('center_axis',(0.,1.,0.));
#2479=DIRECTION('ref_axis',(0.,0.,1.));
#2480=DIRECTION('',(1.,0.,-8.60613294280195E-15));
#2481=DIRECTION('center_axis',(0.,-1.,0.));
#2482=DIRECTION('ref_axis',(3.38482629458889E-16,0.,1.));
#2483=DIRECTION('',(1.,0.,8.26188762508976E-15));
#2484=DIRECTION('',(0.,0.,-1.));
#2485=DIRECTION('center_axis',(0.,1.,0.));
#2486=DIRECTION('ref_axis',(0.,0.,1.));
#2487=DIRECTION('',(-1.,0.,3.82835525732813E-16));
#2488=DIRECTION('',(-5.07530525542929E-16,0.,-1.));
#2489=DIRECTION('center_axis',(0.,-1.,0.));
#2490=DIRECTION('ref_axis',(0.,0.,-1.));
#2491=DIRECTION('',(0.,0.,1.));
#2492=DIRECTION('center_axis',(0.,-1.,0.));
#2493=DIRECTION('ref_axis',(0.,0.,-1.));
#2494=DIRECTION('',(-1.,0.,1.91417762866407E-16));
#2495=DIRECTION('',(4.80096443081149E-16,0.,1.));
#2496=DIRECTION('',(-1.,0.,3.82835525732813E-16));
#2497=DIRECTION('center_axis',(0.,-1.,0.));
#2498=DIRECTION('ref_axis',(0.,0.,-1.));
#2499=DIRECTION('',(0.,0.,1.));
#2500=DIRECTION('',(-1.,0.,-8.26188762508976E-15));
#2501=DIRECTION('center_axis',(0.,-1.,0.));
#2502=DIRECTION('ref_axis',(0.,0.,-1.));
#2503=DIRECTION('',(-1.,0.,8.95037826051403E-15));
#2504=DIRECTION('',(-1.,0.,-3.44245317712078E-16));
#2505=DIRECTION('center_axis',(0.,-1.,0.));
#2506=DIRECTION('ref_axis',(0.,0.,-1.));
#2507=DIRECTION('',(-1.,0.,-6.88490635424154E-16));
#2508=DIRECTION('center_axis',(1.,0.,-3.38482629458889E-16));
#2509=DIRECTION('ref_axis',(-3.38482629458889E-16,0.,-1.));
#2510=DIRECTION('',(0.,-1.,0.));
#2511=DIRECTION('',(0.,-1.,0.));
#2512=DIRECTION('center_axis',(0.,-1.,0.));
#2513=DIRECTION('ref_axis',(0.,0.,-1.));
#2514=DIRECTION('',(-1.,0.,0.));
#2515=DIRECTION('',(1.,0.,-3.82835525732813E-16));
#2516=DIRECTION('center_axis',(0.,-1.,0.));
#2517=DIRECTION('ref_axis',(0.,0.,-1.));
#2518=DIRECTION('',(0.,0.,-1.));
#2519=DIRECTION('',(-1.,0.,8.26188762508976E-15));
#2520=DIRECTION('center_axis',(0.,1.,0.));
#2521=DIRECTION('ref_axis',(0.,0.,1.));
#2522=DIRECTION('',(-1.,0.,-8.60613294280195E-15));
#2523=DIRECTION('',(0.,0.,-1.));
#2524=DIRECTION('center_axis',(0.,-1.,0.));
#2525=DIRECTION('ref_axis',(0.,0.,-1.));
#2526=DIRECTION('',(1.,0.,0.));
#2527=DIRECTION('',(0.,0.,-1.));
#2528=DIRECTION('',(-1.,0.,1.03273595313623E-15));
#2529=DIRECTION('center_axis',(0.,1.,0.));
#2530=DIRECTION('ref_axis',(0.,0.,1.));
#2531=DIRECTION('',(-1.,0.,6.88490635424156E-16));
#2532=DIRECTION('',(0.,0.,-1.));
#2533=DIRECTION('center_axis',(0.,-1.,0.));
#2534=DIRECTION('ref_axis',(0.,0.,-1.));
#2535=DIRECTION('',(1.,0.,-1.91417762866406E-16));
#2536=DIRECTION('center_axis',(0.,1.,0.));
#2537=DIRECTION('ref_axis',(0.,0.,1.));
#2538=DIRECTION('',(1.,0.,-1.91417762866406E-16));
#2539=DIRECTION('center_axis',(0.,1.,0.));
#2540=DIRECTION('ref_axis',(0.,0.,1.));
#2541=DIRECTION('',(0.,0.,1.));
#2542=DIRECTION('',(-1.,0.,6.88490635424156E-16));
#2543=DIRECTION('center_axis',(0.,1.,0.));
#2544=DIRECTION('ref_axis',(0.,0.,1.));
#2545=DIRECTION('',(-1.,0.,1.03273595313623E-15));
#2546=DIRECTION('',(0.,0.,1.));
#2547=DIRECTION('',(-1.,0.,-8.60613294280195E-15));
#2548=DIRECTION('center_axis',(0.,1.,0.));
#2549=DIRECTION('ref_axis',(0.,0.,1.));
#2550=DIRECTION('',(-1.,0.,8.26188762508976E-15));
#2551=DIRECTION('',(0.,0.,1.));
#2552=DIRECTION('center_axis',(0.,1.,0.));
#2553=DIRECTION('ref_axis',(0.,0.,1.));
#2554=DIRECTION('',(1.,0.,-3.82835525732813E-16));
#2555=DIRECTION('center_axis',(-1.,0.,0.));
#2556=DIRECTION('ref_axis',(0.,0.,1.));
#2557=DIRECTION('',(0.,0.,1.));
#2558=DIRECTION('',(0.,-1.,0.));
#2559=DIRECTION('',(0.,-1.,0.));
#2560=DIRECTION('center_axis',(-1.,0.,0.));
#2561=DIRECTION('ref_axis',(0.,0.,1.));
#2562=DIRECTION('',(0.,1.,0.));
#2563=DIRECTION('',(0.,-1.,0.));
#2564=DIRECTION('center_axis',(0.,-1.,0.));
#2565=DIRECTION('ref_axis',(0.,0.,-1.));
#2566=DIRECTION('',(0.,-1.,0.));
#2567=DIRECTION('center_axis',(0.,1.,0.));
#2568=DIRECTION('ref_axis',(0.,0.,1.));
#2569=DIRECTION('',(0.,-1.,0.));
#2570=DIRECTION('center_axis',(0.,1.,0.));
#2571=DIRECTION('ref_axis',(0.,0.,1.));
#2572=DIRECTION('center_axis',(0.,-1.,0.));
#2573=DIRECTION('ref_axis',(0.,0.,-1.));
#2574=DIRECTION('center_axis',(0.,1.,0.));
#2575=DIRECTION('ref_axis',(0.,0.,1.));
#2576=DIRECTION('',(1.,0.,0.));
#2577=DIRECTION('center_axis',(0.,-1.,0.));
#2578=DIRECTION('ref_axis',(0.,0.,-1.));
#2579=DIRECTION('',(0.,0.,-1.));
#2580=DIRECTION('center_axis',(0.,-1.,0.));
#2581=DIRECTION('ref_axis',(0.,0.,-1.));
#2582=DIRECTION('',(-1.,0.,0.));
#2583=DIRECTION('center_axis',(0.,1.,0.));
#2584=DIRECTION('ref_axis',(0.,0.,1.));
#2585=DIRECTION('',(-1.,0.,1.67185878815593E-16));
#2586=DIRECTION('',(-3.75849956764478E-16,0.,-1.));
#2587=DIRECTION('',(0.,0.,-1.));
#2588=DIRECTION('',(1.,0.,0.));
#2589=DIRECTION('center_axis',(0.,-1.,0.));
#2590=DIRECTION('ref_axis',(0.,0.,-1.));
#2591=DIRECTION('center_axis',(0.,-1.,0.));
#2592=DIRECTION('ref_axis',(0.,0.,-1.));
#2593=DIRECTION('',(1.,0.,0.));
#2594=DIRECTION('center_axis',(0.,1.,0.));
#2595=DIRECTION('ref_axis',(0.,0.,1.));
#2596=DIRECTION('',(0.,0.,1.));
#2597=DIRECTION('center_axis',(0.,-1.,0.));
#2598=DIRECTION('ref_axis',(0.,0.,-1.));
#2599=DIRECTION('center_axis',(0.,-1.,0.));
#2600=DIRECTION('ref_axis',(0.,0.,-1.));
#2601=DIRECTION('',(0.,0.,1.));
#2602=DIRECTION('center_axis',(0.,1.,0.));
#2603=DIRECTION('ref_axis',(0.,0.,1.));
#2604=DIRECTION('',(-1.,0.,0.));
#2605=DIRECTION('center_axis',(-1.,0.,1.69241314729445E-16));
#2606=DIRECTION('ref_axis',(1.69241314729445E-16,0.,1.));
#2607=DIRECTION('',(0.,-1.,0.));
#2608=DIRECTION('',(-2.34967835899504E-16,0.,-1.));
#2609=DIRECTION('',(0.,-1.,0.));
#2610=DIRECTION('',(-2.34967835899504E-16,0.,-1.));
#2611=DIRECTION('',(0.,0.,-1.));
#2612=DIRECTION('',(0.,-1.,0.));
#2613=DIRECTION('',(0.,1.,0.));
#2614=DIRECTION('center_axis',(0.,0.,1.));
#2615=DIRECTION('ref_axis',(1.,0.,0.));
#2616=DIRECTION('',(0.,-1.,0.));
#2617=DIRECTION('',(-1.,0.,0.));
#2618=DIRECTION('',(-1.,0.,0.));
#2619=DIRECTION('',(0.,-1.,0.));
#2620=DIRECTION('',(-1.,0.,0.));
#2621=DIRECTION('center_axis',(0.,0.,-1.));
#2622=DIRECTION('ref_axis',(-1.,0.,0.));
#2623=DIRECTION('',(0.,-1.,0.));
#2624=DIRECTION('',(1.,0.,0.));
#2625=DIRECTION('',(1.,0.,0.));
#2626=DIRECTION('',(0.,-1.,0.));
#2627=DIRECTION('',(1.,0.,0.));
#2628=DIRECTION('center_axis',(0.,-1.,0.));
#2629=DIRECTION('ref_axis',(0.,0.,-1.));
#2630=DIRECTION('',(-1.,0.,0.));
#2631=DIRECTION('',(-2.69144975666705E-16,0.,-1.));
#2632=DIRECTION('',(1.,0.,0.));
#2633=DIRECTION('',(2.69144975666705E-16,0.,1.));
#2634=DIRECTION('center_axis',(-1.,0.,2.93632778722248E-16));
#2635=DIRECTION('ref_axis',(2.93632778722248E-16,0.,1.));
#2636=DIRECTION('',(0.,-1.,0.));
#2637=DIRECTION('',(-2.5019110414088E-16,0.,-1.));
#2638=DIRECTION('',(0.,-1.,0.));
#2639=DIRECTION('',(0.,0.,1.));
#2640=DIRECTION('center_axis',(1.74151957099576E-16,0.,1.));
#2641=DIRECTION('ref_axis',(1.,0.,-1.74151957099576E-16));
#2642=DIRECTION('',(0.,-1.,0.));
#2643=DIRECTION('',(-1.,0.,1.67185878815593E-16));
#2644=DIRECTION('center_axis',(0.,-1.,0.));
#2645=DIRECTION('ref_axis',(-1.,0.,1.83697019872103E-16));
#2646=DIRECTION('',(0.,-1.,0.));
#2647=DIRECTION('center_axis',(0.,1.,0.));
#2648=DIRECTION('ref_axis',(0.,0.,1.));
#2649=DIRECTION('center_axis',(0.,1.,0.));
#2650=DIRECTION('ref_axis',(0.,0.,1.));
#2651=DIRECTION('center_axis',(0.,1.,0.));
#2652=DIRECTION('ref_axis',(0.,0.,1.));
#2653=DIRECTION('center_axis',(0.,0.,-1.));
#2654=DIRECTION('ref_axis',(-1.,0.,0.));
#2655=DIRECTION('',(1.,0.,0.));
#2656=DIRECTION('center_axis',(0.,1.,0.));
#2657=DIRECTION('ref_axis',(0.,0.,1.));
#2658=DIRECTION('',(1.,0.,0.));
#2659=DIRECTION('',(-3.92999300752268E-16,0.,-1.));
#2660=DIRECTION('',(-1.,0.,1.69669358208053E-16));
#2661=DIRECTION('center_axis',(0.,1.,0.));
#2662=DIRECTION('ref_axis',(0.,0.,1.));
#2663=DIRECTION('center_axis',(0.,1.,0.));
#2664=DIRECTION('ref_axis',(0.,0.,1.));
#2665=DIRECTION('center_axis',(0.,-1.,0.));
#2666=DIRECTION('ref_axis',(0.,0.,-1.));
#2667=DIRECTION('',(0.,1.,0.));
#2668=DIRECTION('center_axis',(0.,1.,0.));
#2669=DIRECTION('ref_axis',(0.,0.,1.));
#2670=DIRECTION('center_axis',(0.,1.,0.));
#2671=DIRECTION('ref_axis',(0.,0.,1.));
#2672=DIRECTION('center_axis',(0.,1.,0.));
#2673=DIRECTION('ref_axis',(0.,0.,1.));
#2674=DIRECTION('center_axis',(0.,-1.,0.));
#2675=DIRECTION('ref_axis',(0.,0.,-1.));
#2676=DIRECTION('',(0.,1.,0.));
#2677=DIRECTION('center_axis',(0.,1.,0.));
#2678=DIRECTION('ref_axis',(0.,0.,1.));
#2679=DIRECTION('center_axis',(0.,1.,0.));
#2680=DIRECTION('ref_axis',(0.,0.,1.));
#2681=DIRECTION('center_axis',(0.,1.,0.));
#2682=DIRECTION('ref_axis',(0.,0.,1.));
#2683=DIRECTION('center_axis',(0.,1.,0.));
#2684=DIRECTION('ref_axis',(0.,0.,1.));
#2685=DIRECTION('center_axis',(0.,1.,0.));
#2686=DIRECTION('ref_axis',(0.,0.,1.));
#2687=DIRECTION('center_axis',(0.,-1.,0.));
#2688=DIRECTION('ref_axis',(0.,0.,-1.));
#2689=DIRECTION('',(0.,1.,0.));
#2690=DIRECTION('center_axis',(0.,1.,0.));
#2691=DIRECTION('ref_axis',(0.,0.,1.));
#2692=DIRECTION('center_axis',(0.707106781186547,-0.707106781186548,-1.19671681302117E-16));
#2693=DIRECTION('ref_axis',(-1.69241314729445E-16,0.,-1.));
#2694=DIRECTION('',(0.577350269189625,0.577350269189626,-0.577350269189626));
#2695=DIRECTION('center_axis',(0.707106781186547,-0.707106781186548,-1.19671681302117E-16));
#2696=DIRECTION('ref_axis',(-0.707106781186548,-0.707106781186547,1.19671681302117E-16));
#2697=DIRECTION('center_axis',(0.707106781186547,-0.707106781186548,-1.19671681302117E-16));
#2698=DIRECTION('ref_axis',(-0.707106781186548,-0.707106781186547,1.19671681302117E-16));
#2699=DIRECTION('',(0.577350269189625,0.577350269189626,0.577350269189626));
#2700=DIRECTION('center_axis',(0.,-0.707106781186548,-0.707106781186548));
#2701=DIRECTION('ref_axis',(-1.,0.,0.));
#2702=DIRECTION('',(-0.577350269189626,0.577350269189626,-0.577350269189626));
#2703=DIRECTION('center_axis',(0.,-0.707106781186548,-0.707106781186548));
#2704=DIRECTION('ref_axis',(0.,-0.707106781186547,0.707106781186547));
#2705=DIRECTION('center_axis',(0.,-0.707106781186548,-0.707106781186548));
#2706=DIRECTION('ref_axis',(0.,-0.707106781186547,0.707106781186547));
#2707=DIRECTION('center_axis',(0.,-0.707106781186548,0.707106781186548));
#2708=DIRECTION('ref_axis',(1.,0.,0.));
#2709=DIRECTION('center_axis',(0.,-0.707106781186548,0.707106781186548));
#2710=DIRECTION('ref_axis',(0.,-0.707106781186547,-0.707106781186547));
#2711=DIRECTION('',(0.577350269189625,-0.577350269189626,-0.577350269189626));
#2712=DIRECTION('center_axis',(0.,-0.707106781186548,0.707106781186548));
#2713=DIRECTION('ref_axis',(0.,-0.707106781186547,-0.707106781186547));
#2714=DIRECTION('center_axis',(-0.707106781186548,-0.707106781186547,1.19671681302117E-16));
#2715=DIRECTION('ref_axis',(1.69241314729445E-16,0.,1.));
#2716=DIRECTION('center_axis',(-0.707106781186548,-0.707106781186547,1.19671681302117E-16));
#2717=DIRECTION('ref_axis',(0.707106781186547,-0.707106781186548,-1.19671681302117E-16));
#2718=DIRECTION('center_axis',(-0.707106781186548,-0.707106781186547,1.19671681302117E-16));
#2719=DIRECTION('ref_axis',(0.707106781186547,-0.707106781186548,-1.19671681302117E-16));
#2720=DIRECTION('center_axis',(0.,-1.,0.));
#2721=DIRECTION('ref_axis',(0.,0.,-1.));
#2722=DIRECTION('center_axis',(0.,-1.,0.));
#2723=DIRECTION('ref_axis',(0.,0.,-1.));
#2724=DIRECTION('center_axis',(0.,-1.,0.));
#2725=DIRECTION('ref_axis',(0.,0.,-1.));
#2726=DIRECTION('center_axis',(0.,-1.,0.));
#2727=DIRECTION('ref_axis',(0.,0.,-1.));
#2728=DIRECTION('center_axis',(0.,-1.,0.));
#2729=DIRECTION('ref_axis',(0.,0.,-1.));
#2730=DIRECTION('center_axis',(0.,-1.,0.));
#2731=DIRECTION('ref_axis',(0.,0.,-1.));
#2732=DIRECTION('center_axis',(0.,-1.,0.));
#2733=DIRECTION('ref_axis',(0.,0.,-1.));
#2734=DIRECTION('center_axis',(0.,-1.,0.));
#2735=DIRECTION('ref_axis',(0.,0.,-1.));
#2736=DIRECTION('center_axis',(1.69241314729445E-16,0.,1.));
#2737=DIRECTION('ref_axis',(1.,0.,-1.69241314729445E-16));
#2738=DIRECTION('',(0.,-1.,0.));
#2739=DIRECTION('center_axis',(-1.69241314729445E-16,0.,-1.));
#2740=DIRECTION('ref_axis',(-1.,0.,1.69241314729445E-16));
#2741=DIRECTION('',(0.,1.,0.));
#2742=DIRECTION('center_axis',(-1.,0.,0.));
#2743=DIRECTION('ref_axis',(0.,0.,1.));
#2744=DIRECTION('',(0.,-1.,0.));
#2745=DIRECTION('',(0.,-1.,0.));
#2746=DIRECTION('center_axis',(0.,1.,0.));
#2747=DIRECTION('ref_axis',(1.,0.,-6.04901474817726E-16));
#2748=DIRECTION('',(0.,1.,0.));
#2749=DIRECTION('',(0.,1.,0.));
#2750=DIRECTION('center_axis',(-1.06518108174014E-15,0.,-1.));
#2751=DIRECTION('ref_axis',(-1.,0.,1.06518108174014E-15));
#2752=DIRECTION('center_axis',(-9.89096718758706E-16,0.,-1.));
#2753=DIRECTION('ref_axis',(-1.,0.,9.89096718758706E-16));
#2754=DIRECTION('center_axis',(0.,1.,0.));
#2755=DIRECTION('ref_axis',(1.,0.,8.27688272218352E-15));
#2756=DIRECTION('',(0.,1.,0.));
#2757=DIRECTION('',(0.,1.,0.));
#2758=DIRECTION('center_axis',(8.60613294280197E-15,0.,-1.));
#2759=DIRECTION('ref_axis',(-1.,0.,-8.60613294280197E-15));
#2760=DIRECTION('center_axis',(-8.60613294280186E-15,0.,-1.));
#2761=DIRECTION('ref_axis',(-1.,0.,8.60613294280186E-15));
#2762=DIRECTION('center_axis',(0.,-1.,0.));
#2763=DIRECTION('ref_axis',(0.,0.,-1.));
#2764=DIRECTION('center_axis',(0.,1.,0.));
#2765=DIRECTION('ref_axis',(0.,0.,1.));
#2766=DIRECTION('center_axis',(0.,0.,1.));
#2767=DIRECTION('ref_axis',(1.,0.,0.));
#2768=DIRECTION('',(0.976523773463931,0.215409655911162,0.));
#2769=DIRECTION('center_axis',(0.,0.,-1.));
#2770=DIRECTION('ref_axis',(-1.,0.,0.));
#2771=DIRECTION('',(0.976523773463931,0.215409655911162,0.));
#2772=DIRECTION('center_axis',(0.215409655911161,-0.976523773463931,0.));
#2773=DIRECTION('ref_axis',(0.,0.,-1.));
#2774=DIRECTION('center_axis',(-1.69241314729445E-16,0.,-1.));
#2775=DIRECTION('ref_axis',(-1.,0.,1.69241314729445E-16));
#2776=DIRECTION('',(0.,-1.,0.));
#2777=DIRECTION('center_axis',(1.69241314729445E-16,0.,1.));
#2778=DIRECTION('ref_axis',(1.,0.,-1.69241314729445E-16));
#2779=DIRECTION('',(0.,1.,0.));
#2780=DIRECTION('center_axis',(1.,0.,-3.38482629458889E-16));
#2781=DIRECTION('ref_axis',(-3.38482629458889E-16,0.,-1.));
#2782=DIRECTION('',(0.,1.,0.));
#2783=DIRECTION('',(0.,-1.,0.));
#2784=DIRECTION('center_axis',(0.,1.,0.));
#2785=DIRECTION('ref_axis',(-1.,0.,-1.83697019872103E-16));
#2786=DIRECTION('',(0.,1.,0.));
#2787=DIRECTION('',(0.,1.,0.));
#2788=DIRECTION('center_axis',(-6.50614089299816E-16,0.,1.));
#2789=DIRECTION('ref_axis',(1.,0.,6.50614089299816E-16));
#2790=DIRECTION('center_axis',(-7.26698452281255E-16,0.,1.));
#2791=DIRECTION('ref_axis',(1.,0.,7.26698452281255E-16));
#2792=DIRECTION('center_axis',(0.,1.,0.));
#2793=DIRECTION('ref_axis',(-1.,0.,9.58626559682927E-15));
#2794=DIRECTION('',(0.,1.,0.));
#2795=DIRECTION('',(0.,1.,0.));
#2796=DIRECTION('center_axis',(-8.26765031334297E-15,0.,1.));
#2797=DIRECTION('ref_axis',(1.,0.,8.26765031334297E-15));
#2798=DIRECTION('center_axis',(8.94461557226085E-15,0.,1.));
#2799=DIRECTION('ref_axis',(1.,0.,-8.94461557226085E-15));
#2800=DIRECTION('center_axis',(0.,1.,0.));
#2801=DIRECTION('ref_axis',(0.,0.,1.));
#2802=DIRECTION('center_axis',(0.,-1.,0.));
#2803=DIRECTION('ref_axis',(0.,0.,-1.));
#2804=DIRECTION('center_axis',(0.215409655911161,0.976523773463931,-7.29124267436445E-17));
#2805=DIRECTION('ref_axis',(0.,7.46652859100492E-17,1.));
#2806=DIRECTION('center_axis',(0.,1.,0.));
#2807=DIRECTION('ref_axis',(0.,0.,1.));
#2808=DIRECTION('center_axis',(0.,1.,0.));
#2809=DIRECTION('ref_axis',(-1.,0.,-1.83697019872103E-16));
#2810=DIRECTION('center_axis',(-1.,0.,0.));
#2811=DIRECTION('ref_axis',(0.,0.,1.));
#2812=DIRECTION('center_axis',(-0.707106781186547,0.,0.707106781186548));
#2813=DIRECTION('ref_axis',(-0.707106781186548,0.,-0.707106781186548));
#2814=DIRECTION('center_axis',(1.,0.,-1.74151957099576E-16));
#2815=DIRECTION('ref_axis',(-1.74151957099576E-16,0.,-1.));
#2816=DIRECTION('center_axis',(0.707106781186548,0.,0.707106781186547));
#2817=DIRECTION('ref_axis',(0.707106781186547,0.,-0.707106781186548));
#2818=DIRECTION('center_axis',(2.93632778722248E-16,0.,1.));
#2819=DIRECTION('ref_axis',(1.,0.,-2.93632778722248E-16));
#2820=DIRECTION('center_axis',(1.,0.,0.));
#2821=DIRECTION('ref_axis',(0.,0.,-1.));
#2822=DIRECTION('center_axis',(-1.,0.,0.));
#2823=DIRECTION('ref_axis',(0.,0.,1.));
#2824=DIRECTION('center_axis',(1.,0.,0.));
#2825=DIRECTION('ref_axis',(0.,0.,-1.));
#2826=DIRECTION('center_axis',(1.,0.,0.));
#2827=DIRECTION('ref_axis',(0.,0.,-1.));
#2828=DIRECTION('center_axis',(4.33680868994201E-15,-3.76158192263133E-29,
1.));
#2829=DIRECTION('ref_axis',(1.,0.,-4.33680868994201E-15));
#2830=DIRECTION('center_axis',(1.,0.,0.));
#2831=DIRECTION('ref_axis',(0.,0.,-1.));
#2832=DIRECTION('center_axis',(1.,0.,0.));
#2833=DIRECTION('ref_axis',(0.,0.,-1.));
#2834=DIRECTION('center_axis',(-1.69241314729445E-16,0.,-1.));
#2835=DIRECTION('ref_axis',(-1.,0.,1.69241314729445E-16));
#2836=DIRECTION('center_axis',(0.,0.,1.));
#2837=DIRECTION('ref_axis',(1.,0.,0.));
#2838=DIRECTION('center_axis',(1.69241314729445E-16,-3.25260651745653E-15,
1.));
#2839=DIRECTION('ref_axis',(0.,-1.,-3.25260651745653E-15));
#2840=DIRECTION('center_axis',(1.69241314729445E-16,0.,1.));
#2841=DIRECTION('ref_axis',(1.,0.,-1.69241314729445E-16));
#2842=DIRECTION('center_axis',(0.,0.,1.));
#2843=DIRECTION('ref_axis',(1.,0.,0.));
#2844=DIRECTION('center_axis',(1.,0.,0.));
#2845=DIRECTION('ref_axis',(0.,0.,-1.));
#2846=DIRECTION('center_axis',(-1.,0.,0.));
#2847=DIRECTION('ref_axis',(0.,0.,1.));
#2848=DIRECTION('center_axis',(1.,0.,0.));
#2849=DIRECTION('ref_axis',(0.,0.,-1.));
#2850=DIRECTION('center_axis',(-1.,0.,0.));
#2851=DIRECTION('ref_axis',(0.,0.,1.));
#2852=DIRECTION('center_axis',(-1.,0.,0.));
#2853=DIRECTION('ref_axis',(0.,0.,1.));
#2854=DIRECTION('center_axis',(-1.,0.,0.));
#2855=DIRECTION('ref_axis',(0.,0.,1.));
#2856=DIRECTION('center_axis',(0.,0.,1.));
#2857=DIRECTION('ref_axis',(1.,0.,0.));
#2858=DIRECTION('center_axis',(-1.69241314729445E-16,1.08420217248551E-15,
-1.));
#2859=DIRECTION('ref_axis',(0.,1.,1.08420217248551E-15));
#2860=DIRECTION('center_axis',(1.69241314729445E-16,0.,1.));
#2861=DIRECTION('ref_axis',(1.,0.,-1.69241314729445E-16));
#2862=DIRECTION('center_axis',(-1.69241314729445E-16,2.06514699521048E-16,
-1.));
#2863=DIRECTION('ref_axis',(-1.,0.,1.69241314729445E-16));
#2864=DIRECTION('',(1.,0.,0.));
#2865=DIRECTION('',(1.,0.,0.));
#2866=DIRECTION('center_axis',(0.,-1.,0.));
#2867=DIRECTION('ref_axis',(0.,0.,-1.));
#2868=DIRECTION('',(1.,0.,0.));
#2869=DIRECTION('center_axis',(1.69241314729445E-16,-2.06514699521048E-16,
1.));
#2870=DIRECTION('ref_axis',(1.,0.,-1.69241314729445E-16));
#2871=DIRECTION('',(1.,0.,0.));
#2872=DIRECTION('center_axis',(-2.09704915547391E-32,1.,-1.23908819712629E-16));
#2873=DIRECTION('ref_axis',(0.,1.23908819712629E-16,1.));
#2874=DIRECTION('center_axis',(-0.0871557427476584,-2.46874618489054E-16,
0.996194698091746));
#2875=DIRECTION('ref_axis',(0.996194698091746,0.,0.0871557427476584));
#2876=DIRECTION('',(0.992432509138967,0.0868265938642478,0.0868265938642478));
#2877=DIRECTION('',(0.,-1.,-3.96495380624403E-16));
#2878=DIRECTION('',(0.992432509138967,-0.0868265938642478,0.0868265938642478));
#2879=DIRECTION('center_axis',(-0.0871557427476584,0.996194698091746,0.));
#2880=DIRECTION('ref_axis',(0.,0.,1.));
#2881=DIRECTION('',(0.992432509138967,0.0868265938642478,-0.0868265938642478));
#2882=DIRECTION('',(0.,0.,1.));
#2883=DIRECTION('center_axis',(-0.0871557427476584,2.46874618489054E-16,
-0.996194698091746));
#2884=DIRECTION('ref_axis',(-0.996194698091746,0.,0.0871557427476584));
#2885=DIRECTION('',(0.992432509138967,-0.086826593864248,-0.0868265938642478));
#2886=DIRECTION('',(0.,1.,3.96495380624403E-16));
#2887=DIRECTION('center_axis',(-0.0871557427476584,-0.996194698091746,1.37152565827252E-16));
#2888=DIRECTION('ref_axis',(0.,-1.37676466347366E-16,-1.));
#2889=DIRECTION('',(0.,-9.91254504371045E-17,-1.));
#2890=DIRECTION('center_axis',(-1.,0.,0.));
#2891=DIRECTION('ref_axis',(0.,0.,1.));
#2892=DIRECTION('center_axis',(0.,1.,0.));
#2893=DIRECTION('ref_axis',(0.,0.,1.));
#2894=DIRECTION('center_axis',(0.,1.,0.));
#2895=DIRECTION('ref_axis',(0.,0.,1.));
#2896=DIRECTION('center_axis',(0.,1.,0.));
#2897=DIRECTION('ref_axis',(0.,0.,1.));
#2898=DIRECTION('center_axis',(0.,1.,0.));
#2899=DIRECTION('ref_axis',(0.,0.,1.));
#2900=DIRECTION('center_axis',(0.,1.,0.));
#2901=DIRECTION('ref_axis',(0.,0.,1.));
#2902=DIRECTION('center_axis',(0.,1.,0.));
#2903=DIRECTION('ref_axis',(0.,0.,1.));
#2904=DIRECTION('center_axis',(0.,1.,0.));
#2905=DIRECTION('ref_axis',(0.,0.,1.));
#2906=DIRECTION('center_axis',(0.,1.,0.));
#2907=DIRECTION('ref_axis',(0.,0.,1.));
#2908=DIRECTION('center_axis',(0.,1.,0.));
#2909=DIRECTION('ref_axis',(0.,0.,1.));
#2910=DIRECTION('center_axis',(0.,1.,0.));
#2911=DIRECTION('ref_axis',(0.,0.,1.));
#2912=DIRECTION('center_axis',(0.,1.,0.));
#2913=DIRECTION('ref_axis',(0.,0.,1.));
#2914=DIRECTION('center_axis',(0.,1.,0.));
#2915=DIRECTION('ref_axis',(0.,0.,1.));
#2916=DIRECTION('center_axis',(0.,1.,0.));
#2917=DIRECTION('ref_axis',(0.,0.,1.));
#2918=DIRECTION('center_axis',(0.,1.,0.));
#2919=DIRECTION('ref_axis',(0.,0.,1.));
#2920=DIRECTION('center_axis',(0.,1.,0.));
#2921=DIRECTION('ref_axis',(0.,0.,1.));
#2922=DIRECTION('center_axis',(0.,1.,0.));
#2923=DIRECTION('ref_axis',(0.,0.,1.));
#2924=DIRECTION('center_axis',(0.,1.,0.));
#2925=DIRECTION('ref_axis',(0.,0.,1.));
#2926=DIRECTION('center_axis',(0.,1.,0.));
#2927=DIRECTION('ref_axis',(0.,0.,1.));
#2928=DIRECTION('center_axis',(0.,1.,0.));
#2929=DIRECTION('ref_axis',(0.,0.,1.));
#2930=DIRECTION('center_axis',(0.,1.,0.));
#2931=DIRECTION('ref_axis',(0.,0.,1.));
#2932=DIRECTION('center_axis',(0.,1.,0.));
#2933=DIRECTION('ref_axis',(0.,0.,1.));
#2934=DIRECTION('center_axis',(0.,1.,0.));
#2935=DIRECTION('ref_axis',(0.,0.,1.));
#2936=DIRECTION('center_axis',(0.,1.,0.));
#2937=DIRECTION('ref_axis',(0.,0.,1.));
#2938=DIRECTION('center_axis',(0.,1.,0.));
#2939=DIRECTION('ref_axis',(0.,0.,1.));
#2940=DIRECTION('center_axis',(0.,1.,0.));
#2941=DIRECTION('ref_axis',(0.,0.,1.));
#2942=DIRECTION('center_axis',(0.,1.,0.));
#2943=DIRECTION('ref_axis',(0.,0.,1.));
#2944=DIRECTION('center_axis',(0.,1.,0.));
#2945=DIRECTION('ref_axis',(0.,0.,1.));
#2946=DIRECTION('center_axis',(0.,1.,0.));
#2947=DIRECTION('ref_axis',(0.,0.,1.));
#2948=DIRECTION('center_axis',(0.,-1.,0.));
#2949=DIRECTION('ref_axis',(0.,0.,-1.));
#2950=DIRECTION('',(0.,1.,0.));
#2951=DIRECTION('center_axis',(0.,1.,0.));
#2952=DIRECTION('ref_axis',(0.,0.,1.));
#2953=DIRECTION('',(0.,1.,0.));
#2954=DIRECTION('center_axis',(0.,1.,0.));
#2955=DIRECTION('ref_axis',(0.,0.,1.));
#2956=DIRECTION('',(0.,1.,0.));
#2957=DIRECTION('center_axis',(0.,1.,0.));
#2958=DIRECTION('ref_axis',(0.,0.,1.));
#2959=DIRECTION('',(0.,1.,0.));
#2960=DIRECTION('center_axis',(0.,1.,0.));
#2961=DIRECTION('ref_axis',(0.,0.,1.));
#2962=DIRECTION('',(0.,1.,0.));
#2963=DIRECTION('center_axis',(0.,1.,0.));
#2964=DIRECTION('ref_axis',(0.,0.,1.));
#2965=DIRECTION('',(0.,1.,0.));
#2966=DIRECTION('center_axis',(0.,1.,0.));
#2967=DIRECTION('ref_axis',(0.,0.,1.));
#2968=DIRECTION('',(0.,1.,0.));
#2969=DIRECTION('center_axis',(0.,1.,0.));
#2970=DIRECTION('ref_axis',(0.,0.,1.));
#2971=DIRECTION('',(0.,1.,0.));
#2972=DIRECTION('center_axis',(0.,1.,0.));
#2973=DIRECTION('ref_axis',(0.,0.,1.));
#2974=DIRECTION('',(0.,1.,0.));
#2975=DIRECTION('center_axis',(0.,1.,0.));
#2976=DIRECTION('ref_axis',(0.,0.,1.));
#2977=DIRECTION('',(0.,1.,0.));
#2978=DIRECTION('center_axis',(0.,1.,0.));
#2979=DIRECTION('ref_axis',(0.,0.,1.));
#2980=DIRECTION('',(0.,1.,0.));
#2981=DIRECTION('center_axis',(0.,1.,0.));
#2982=DIRECTION('ref_axis',(0.,0.,1.));
#2983=DIRECTION('',(0.,1.,0.));
#2984=DIRECTION('center_axis',(0.,1.,0.));
#2985=DIRECTION('ref_axis',(0.,0.,1.));
#2986=DIRECTION('',(0.,1.,0.));
#2987=CARTESIAN_POINT('',(0.,0.,0.));
#2988=CARTESIAN_POINT('Origin',(-28.5,5.2999546541037,-1.5));
#2989=CARTESIAN_POINT('',(-25.5,5.2999546541037,-0.75));
#2990=CARTESIAN_POINT('Origin',(-25.5,5.2999546541037,-1.5));
#2991=CARTESIAN_POINT('',(-28.5,5.2999546541037,-0.75));
#2992=CARTESIAN_POINT('',(-28.5,5.2999546541037,-0.75));
#2993=CARTESIAN_POINT('Origin',(-28.5,5.2999546541037,-1.5));
#2994=CARTESIAN_POINT('Origin',(-28.5,0.,0.));
#2995=CARTESIAN_POINT('Origin',(-25.5,0.,0.));
#2996=CARTESIAN_POINT('Origin',(-28.5,5.2999546541037,0.));
#2997=CARTESIAN_POINT('',(-25.5,5.2999546541037,0.75));
#2998=CARTESIAN_POINT('Origin',(-25.5,5.2999546541037,0.));
#2999=CARTESIAN_POINT('',(-28.5,5.2999546541037,0.75));
#3000=CARTESIAN_POINT('',(-28.5,5.2999546541037,0.75));
#3001=CARTESIAN_POINT('Origin',(-28.5,5.2999546541037,0.));
#3002=CARTESIAN_POINT('Origin',(-28.5,0.,0.));
#3003=CARTESIAN_POINT('Origin',(-25.5,0.,0.));
#3004=CARTESIAN_POINT('Origin',(-28.5,5.2999546541037,1.5));
#3005=CARTESIAN_POINT('',(-25.5,5.2999546541037,2.25));
#3006=CARTESIAN_POINT('Origin',(-25.5,5.2999546541037,1.5));
#3007=CARTESIAN_POINT('',(-28.5,5.2999546541037,2.25));
#3008=CARTESIAN_POINT('',(-28.5,5.2999546541037,2.25));
#3009=CARTESIAN_POINT('Origin',(-28.5,5.2999546541037,1.5));
#3010=CARTESIAN_POINT('Origin',(-28.5,0.,0.));
#3011=CARTESIAN_POINT('Origin',(-25.5,0.,0.));
#3012=CARTESIAN_POINT('Origin',(-10.25,41.2,0.));
#3013=CARTESIAN_POINT('',(-10.25,41.2,-1.25));
#3014=CARTESIAN_POINT('Origin',(-10.25,41.2,0.));
#3015=CARTESIAN_POINT('Origin',(-10.25,41.2,0.));
#3016=CARTESIAN_POINT('',(-10.25,45.2,-1.25));
#3017=CARTESIAN_POINT('',(-10.25,41.2,-1.25));
#3018=CARTESIAN_POINT('Origin',(-10.25,45.2,0.));
#3019=CARTESIAN_POINT('Origin',(-10.25,45.2,0.));
#3020=CARTESIAN_POINT('Origin',(-21.5,0.,1.69241314729445E-16));
#3021=CARTESIAN_POINT('',(-21.5,3.2,3.5));
#3022=CARTESIAN_POINT('',(-21.5,7.4,3.50000000000001));
#3023=CARTESIAN_POINT('',(-21.5,3.2,3.5));
#3024=CARTESIAN_POINT('',(-21.5,7.4,-3.49999999999999));
#3025=CARTESIAN_POINT('',(-21.5,7.4,3.50000000000001));
#3026=CARTESIAN_POINT('',(-21.5,3.2,-3.5));
#3027=CARTESIAN_POINT('',(-21.5,7.4,-3.49999999999999));
#3028=CARTESIAN_POINT('',(-21.5,3.2,-3.5));
#3029=CARTESIAN_POINT('',(-21.5,3.55,3.15));
#3030=CARTESIAN_POINT('',(-21.5,7.05,3.15000000000001));
#3031=CARTESIAN_POINT('',(-21.5,3.55,3.15));
#3032=CARTESIAN_POINT('',(-21.5,3.55,-3.15));
#3033=CARTESIAN_POINT('',(-21.5,3.55,-3.15));
#3034=CARTESIAN_POINT('',(-21.5,7.05,-3.15));
#3035=CARTESIAN_POINT('',(-21.5,7.05,-3.15));
#3036=CARTESIAN_POINT('',(-21.5,7.05,3.15000000000001));
#3037=CARTESIAN_POINT('Origin',(-20.5,37.,10.25));
#3038=CARTESIAN_POINT('',(-20.5,2.,9.45));
#3039=CARTESIAN_POINT('',(-20.5,36.6,9.45));
#3040=CARTESIAN_POINT('',(-20.5,36.6,9.45));
#3041=CARTESIAN_POINT('',(-20.5,36.6,2.83548937575156));
#3042=CARTESIAN_POINT('',(-20.5,36.6,2.83548937575156));
#3043=CARTESIAN_POINT('',(-20.5,37.,1.73472347597681E-15));
#3044=CARTESIAN_POINT('Ctrl Pts',(-20.5,36.6,2.83548937575156));
#3045=CARTESIAN_POINT('Ctrl Pts',(-20.5,36.6000000083059,2.71188312908149));
#3046=CARTESIAN_POINT('Ctrl Pts',(-20.4999999999981,36.6041820181985,2.58848795751153));
#3047=CARTESIAN_POINT('Ctrl Pts',(-20.4999999999927,36.6115897767317,2.46531584948629));
#3048=CARTESIAN_POINT('Ctrl Pts',(-20.4999999999877,36.6185337290192,2.34985565495757));
#3049=CARTESIAN_POINT('Ctrl Pts',(-20.4999999999864,36.6283103945504,2.23459117780643));
#3050=CARTESIAN_POINT('Ctrl Pts',(-20.4999999999934,36.6400912047149,2.11952628122997));
#3051=CARTESIAN_POINT('Ctrl Pts',(-20.4999999999934,36.640123775417,2.11920815841676));
#3052=CARTESIAN_POINT('Ctrl Pts',(-20.4999999999934,36.6401563615303,2.11889003713843));
#3053=CARTESIAN_POINT('Ctrl Pts',(-20.4999999999935,36.6401889630366,2.11857191739335));
#3054=CARTESIAN_POINT('Ctrl Pts',(-20.5000000000058,36.6621337734774,1.90443832974693));
#3055=CARTESIAN_POINT('Ctrl Pts',(-20.4999999987531,36.6910497002683,1.69100078609757));
#3056=CARTESIAN_POINT('Ctrl Pts',(-20.4999999993656,36.7241873129568,1.4783371838002));
#3057=CARTESIAN_POINT('Ctrl Pts',(-20.4999999994321,36.7277847209256,1.45525049542648));
#3058=CARTESIAN_POINT('Ctrl Pts',(-20.499999999517,36.7314319352411,1.43217292345797));
#3059=CARTESIAN_POINT('Ctrl Pts',(-20.4999999996064,36.735125483808,1.40910456862494));
#3060=CARTESIAN_POINT('Ctrl Pts',(-20.4999999996068,36.7351437611632,1.40899041593228));
#3061=CARTESIAN_POINT('Ctrl Pts',(-20.4999999996073,36.735162039653,1.40887626346533));
#3062=CARTESIAN_POINT('Ctrl Pts',(-20.4999999996077,36.7351803192771,1.408762111224));
#3063=CARTESIAN_POINT('Ctrl Pts',(-20.500000000521,36.7729365322779,1.17298284618261));
#3064=CARTESIAN_POINT('Ctrl Pts',(-20.5,36.8156004538247,0.938181684381429));
#3065=CARTESIAN_POINT('Ctrl Pts',(-20.5,36.8605088561555,0.703779216538126));
#3066=CARTESIAN_POINT('Ctrl Pts',(-20.5,36.8605493719159,0.703567741764517));
#3067=CARTESIAN_POINT('Ctrl Pts',(-20.5,36.8605898895052,0.703356267317305));
#3068=CARTESIAN_POINT('Ctrl Pts',(-20.5,36.8606304089205,0.703144793202519));
#3069=CARTESIAN_POINT('Ctrl Pts',(-20.5,36.8830752213405,0.586003496733532));
#3070=CARTESIAN_POINT('Ctrl Pts',(-20.5,36.9060788188346,0.468960994119018));
#3071=CARTESIAN_POINT('Ctrl Pts',(-20.5,36.9293653932064,0.351955607006554));
#3072=CARTESIAN_POINT('Ctrl Pts',(-20.5,36.9407753812582,0.294625144928623));
#3073=CARTESIAN_POINT('Ctrl Pts',(-20.5,36.9522512232808,0.237317237103574));
#3074=CARTESIAN_POINT('Ctrl Pts',(-20.5,36.9637649857843,0.179999732978143));
#3075=CARTESIAN_POINT('Ctrl Pts',(-20.5,36.9734733464415,0.131669831970535));
#3076=CARTESIAN_POINT('Ctrl Pts',(-20.5,36.983208943477,0.0833305867146103));
#3077=CARTESIAN_POINT('Ctrl Pts',(-20.5,36.9929490541802,0.0349909261696348));
#3078=CARTESIAN_POINT('Ctrl Pts',(-20.5,36.9952992807398,0.0233268745426533));
#3079=CARTESIAN_POINT('Ctrl Pts',(-20.5,36.9976497304469,0.0116630254355247));
#3080=CARTESIAN_POINT('Ctrl Pts',(-20.5,37.,1.77635683940025E-15));
#3081=CARTESIAN_POINT('',(-20.5,36.6,-2.83548937575157));
#3082=CARTESIAN_POINT('Ctrl Pts',(-20.5,36.6,-2.83548937575157));
#3083=CARTESIAN_POINT('Ctrl Pts',(-20.5,36.6000000083059,-2.71188312722471));
#3084=CARTESIAN_POINT('Ctrl Pts',(-20.4999999999981,36.604182018325,-2.58848795380453));
#3085=CARTESIAN_POINT('Ctrl Pts',(-20.4999999999927,36.6115897770662,-2.46531584393567));
#3086=CARTESIAN_POINT('Ctrl Pts',(-20.4999999999877,36.6185337293329,-2.34985565126346));
#3087=CARTESIAN_POINT('Ctrl Pts',(-20.4999999999863,36.6283103947389,-2.23459117596248));
#3088=CARTESIAN_POINT('Ctrl Pts',(-20.4999999999934,36.6400912047144,-2.11952628122993));
#3089=CARTESIAN_POINT('Ctrl Pts',(-20.4999999999934,36.6401237754165,-2.1192081584167));
#3090=CARTESIAN_POINT('Ctrl Pts',(-20.4999999999935,36.6401563615297,-2.11889003713837));
#3091=CARTESIAN_POINT('Ctrl Pts',(-20.4999999999935,36.640188963036,-2.11857191739328));
#3092=CARTESIAN_POINT('Ctrl Pts',(-20.5000000000058,36.66213377384,-1.90443832619804));
#3093=CARTESIAN_POINT('Ctrl Pts',(-20.4999999987531,36.6910497012263,-1.6910007790231));
#3094=CARTESIAN_POINT('Ctrl Pts',(-20.4999999993656,36.7241873146044,-1.47833717322703));
#3095=CARTESIAN_POINT('Ctrl Pts',(-20.4999999994321,36.7277847220393,-1.45525048838048));
#3096=CARTESIAN_POINT('Ctrl Pts',(-20.4999999995171,36.7314319358052,-1.43217291993639));
#3097=CARTESIAN_POINT('Ctrl Pts',(-20.4999999996064,36.7351254838082,-1.40910456862496));
#3098=CARTESIAN_POINT('Ctrl Pts',(-20.4999999996068,36.7351437611634,-1.40899041593231));
#3099=CARTESIAN_POINT('Ctrl Pts',(-20.4999999996073,36.7351620396532,-1.40887626346537));
#3100=CARTESIAN_POINT('Ctrl Pts',(-20.4999999996077,36.7351803192773,-1.40876211122404));
#3101=CARTESIAN_POINT('Ctrl Pts',(-20.500000000521,36.7729365322783,-1.17298284618268));
#3102=CARTESIAN_POINT('Ctrl Pts',(-20.5,36.8156004538248,-0.938181684381438));
#3103=CARTESIAN_POINT('Ctrl Pts',(-20.5,36.8605088561556,-0.703779216538116));
#3104=CARTESIAN_POINT('Ctrl Pts',(-20.5,36.8605493719159,-0.70356774176451));
#3105=CARTESIAN_POINT('Ctrl Pts',(-20.5,36.8605898895052,-0.703356267317301));
#3106=CARTESIAN_POINT('Ctrl Pts',(-20.5,36.8606304089205,-0.703144793202519));
#3107=CARTESIAN_POINT('Ctrl Pts',(-20.5,36.8830752213405,-0.586003496733522));
#3108=CARTESIAN_POINT('Ctrl Pts',(-20.5,36.9060788188346,-0.468960994119014));
#3109=CARTESIAN_POINT('Ctrl Pts',(-20.5,36.9293653932064,-0.351955607006548));
#3110=CARTESIAN_POINT('Ctrl Pts',(-20.5,36.9407753812589,-0.294625144925436));
#3111=CARTESIAN_POINT('Ctrl Pts',(-20.5,36.952251223282,-0.237317237097204));
#3112=CARTESIAN_POINT('Ctrl Pts',(-20.5,36.9637649857862,-0.179999732968591));
#3113=CARTESIAN_POINT('Ctrl Pts',(-20.5,36.9734733464437,-0.131669831959784));
#3114=CARTESIAN_POINT('Ctrl Pts',(-20.5,36.9832089434794,-0.0833305867026608));
#3115=CARTESIAN_POINT('Ctrl Pts',(-20.5,36.9929490541828,-0.0349909261564909));
#3116=CARTESIAN_POINT('Ctrl Pts',(-20.5,36.9952992807415,-0.02332687453389));
#3117=CARTESIAN_POINT('Ctrl Pts',(-20.5,36.9976497304478,-0.0116630254311411));
#3118=CARTESIAN_POINT('Ctrl Pts',(-20.5,37.,1.77635683940025E-15));
#3119=CARTESIAN_POINT('',(-20.5,36.6,-9.45));
#3120=CARTESIAN_POINT('',(-20.5,36.6,-9.45));
#3121=CARTESIAN_POINT('',(-20.5,2.,-9.45));
#3122=CARTESIAN_POINT('',(-20.5,36.6,-9.45));
#3123=CARTESIAN_POINT('',(-20.5,2.,-9.45));
#3124=CARTESIAN_POINT('',(-20.5,3.2,3.5));
#3125=CARTESIAN_POINT('',(-20.5,7.4,3.50000000000001));
#3126=CARTESIAN_POINT('',(-20.5,3.2,3.5));
#3127=CARTESIAN_POINT('',(-20.5,3.2,-3.5));
#3128=CARTESIAN_POINT('',(-20.5,3.2,-3.5));
#3129=CARTESIAN_POINT('',(-20.5,7.4,-3.5));
#3130=CARTESIAN_POINT('',(-20.5,7.4,-3.49999999999999));
#3131=CARTESIAN_POINT('',(-20.5,7.4,3.50000000000001));
#3132=CARTESIAN_POINT('',(-20.5,32.7,-0.5));
#3133=CARTESIAN_POINT('',(-20.5,31.2,-0.5));
#3134=CARTESIAN_POINT('',(-20.5,32.7,-0.5));
#3135=CARTESIAN_POINT('',(-20.5,32.7,0.5));
#3136=CARTESIAN_POINT('',(-20.5,32.7,0.5));
#3137=CARTESIAN_POINT('',(-20.5,31.2,0.5));
#3138=CARTESIAN_POINT('',(-20.5,32.7,0.5));
#3139=CARTESIAN_POINT('',(-20.5,31.2,9.25));
#3140=CARTESIAN_POINT('',(-20.5,31.2,9.25));
#3141=CARTESIAN_POINT('',(-20.5,28.8,9.25));
#3142=CARTESIAN_POINT('',(-20.5,28.8,9.25));
#3143=CARTESIAN_POINT('',(-20.5,28.8,-9.25));
#3144=CARTESIAN_POINT('',(-20.5,28.8,-9.25));
#3145=CARTESIAN_POINT('',(-20.5,31.2,-9.25));
#3146=CARTESIAN_POINT('',(-20.5,31.2,-9.25));
#3147=CARTESIAN_POINT('',(-20.5,31.2,-0.5));
#3148=CARTESIAN_POINT('Origin',(27.3,0.,-8.08973484406745E-15));
#3149=CARTESIAN_POINT('',(27.3,31.2,-0.500000000000008));
#3150=CARTESIAN_POINT('',(27.3,31.2,-3.75000000000002));
#3151=CARTESIAN_POINT('',(27.3,31.2,-0.500000000000007));
#3152=CARTESIAN_POINT('',(27.3,31.2,0.499999999999991));
#3153=CARTESIAN_POINT('',(27.3,31.2,-0.500000000000008));
#3154=CARTESIAN_POINT('',(27.3,31.2,3.74999999999999));
#3155=CARTESIAN_POINT('',(27.3,31.2,3.74999999999999));
#3156=CARTESIAN_POINT('',(27.3,28.8,3.74999999999999));
#3157=CARTESIAN_POINT('',(27.3,31.2,3.74999999999999));
#3158=CARTESIAN_POINT('',(27.3,28.8,-3.75000000000003));
#3159=CARTESIAN_POINT('',(27.3,28.8,-3.75000000000003));
#3160=CARTESIAN_POINT('',(27.3,31.2,-3.75000000000003));
#3161=CARTESIAN_POINT('Origin',(27.3,32.7,0.499999999999991));
#3162=CARTESIAN_POINT('',(20.5,31.2,0.499999999999994));
#3163=CARTESIAN_POINT('',(27.3,31.2,0.499999999999991));
#3164=CARTESIAN_POINT('',(20.5,32.7,0.499999999999993));
#3165=CARTESIAN_POINT('',(27.3,31.2,0.499999999999991));
#3166=CARTESIAN_POINT('',(20.5,32.7,0.499999999999993));
#3167=CARTESIAN_POINT('Origin',(27.3,32.7,-0.500000000000009));
#3168=CARTESIAN_POINT('',(20.5,32.7,-0.500000000000009));
#3169=CARTESIAN_POINT('',(20.5,31.2,-0.500000000000009));
#3170=CARTESIAN_POINT('',(20.5,32.7,-0.500000000000007));
#3171=CARTESIAN_POINT('',(20.5,32.7,-0.500000000000007));
#3172=CARTESIAN_POINT('',(20.5,31.2,-0.500000000000007));
#3173=CARTESIAN_POINT('Origin',(27.3,31.2,-9.25000000000001));
#3174=CARTESIAN_POINT('',(20.5,31.2,9.24999999999999));
#3175=CARTESIAN_POINT('',(20.5,31.2,9.24999999999999));
#3176=CARTESIAN_POINT('',(26.3,31.2,9.24999999999999));
#3177=CARTESIAN_POINT('',(26.3,31.2,9.24999999999999));
#3178=CARTESIAN_POINT('',(27.3,31.2,8.24999999999999));
#3179=CARTESIAN_POINT('Origin',(26.3,31.2,8.24999999999999));
#3180=CARTESIAN_POINT('',(27.3,31.2,6.24999999999999));
#3181=CARTESIAN_POINT('',(27.3,31.2,8.24999999999999));
#3182=CARTESIAN_POINT('',(25.6874537030686,31.2,6.24999999999999));
#3183=CARTESIAN_POINT('',(25.6874537030686,31.2,6.24999999999999));
#3184=CARTESIAN_POINT('',(25.6874537030686,31.2,3.74999999999999));
#3185=CARTESIAN_POINT('Origin',(24.,31.2,4.99999999999999));
#3186=CARTESIAN_POINT('',(25.6874537030686,31.2,3.74999999999999));
#3187=CARTESIAN_POINT('Origin',(27.3,31.2,-9.25000000000001));
#3188=CARTESIAN_POINT('',(25.6874537030686,31.2,-3.75000000000001));
#3189=CARTESIAN_POINT('',(25.6874537030686,31.2,-3.75000000000001));
#3190=CARTESIAN_POINT('',(25.6874537030686,31.2,-6.25000000000004));
#3191=CARTESIAN_POINT('Origin',(24.,31.2,-5.00000000000001));
#3192=CARTESIAN_POINT('',(27.3,31.2,-6.25000000000004));
#3193=CARTESIAN_POINT('',(25.6874537030686,31.2,-6.25000000000004));
#3194=CARTESIAN_POINT('',(27.3,31.2,-8.25000000000001));
#3195=CARTESIAN_POINT('',(27.3,31.2,-6.25000000000004));
#3196=CARTESIAN_POINT('',(26.3,31.2,-9.25000000000001));
#3197=CARTESIAN_POINT('Origin',(26.3,31.2,-8.25000000000001));
#3198=CARTESIAN_POINT('',(20.5,31.2,-9.25000000000001));
#3199=CARTESIAN_POINT('',(26.3,31.2,-9.25000000000001));
#3200=CARTESIAN_POINT('',(20.5,31.2,-0.500000000000009));
#3201=CARTESIAN_POINT('Origin',(27.3,28.8,-9.25000000000001));
#3202=CARTESIAN_POINT('',(27.3,28.8,6.24999999999999));
#3203=CARTESIAN_POINT('',(27.3,28.8,8.24999999999999));
#3204=CARTESIAN_POINT('',(27.3,28.8,6.24999999999999));
#3205=CARTESIAN_POINT('',(26.3,28.8,9.24999999999999));
#3206=CARTESIAN_POINT('Origin',(26.3,28.8,8.24999999999999));
#3207=CARTESIAN_POINT('',(20.5,28.8,9.24999999999999));
#3208=CARTESIAN_POINT('',(26.3,28.8,9.24999999999999));
#3209=CARTESIAN_POINT('',(20.5,28.8,-9.25000000000001));
#3210=CARTESIAN_POINT('',(20.5,28.8,-9.25000000000001));
#3211=CARTESIAN_POINT('',(26.3,28.8,-9.25000000000001));
#3212=CARTESIAN_POINT('',(26.3,28.8,-9.25000000000001));
#3213=CARTESIAN_POINT('',(27.3,28.8,-8.25000000000001));
#3214=CARTESIAN_POINT('Origin',(26.3,28.8,-8.25000000000001));
#3215=CARTESIAN_POINT('',(27.3,28.8,-6.25000000000004));
#3216=CARTESIAN_POINT('',(27.3,28.8,-8.25000000000001));
#3217=CARTESIAN_POINT('',(25.6874537030686,28.8,-6.25000000000004));
#3218=CARTESIAN_POINT('',(27.3,28.8,-6.25000000000003));
#3219=CARTESIAN_POINT('',(25.6874537030686,28.8,-3.75000000000001));
#3220=CARTESIAN_POINT('Origin',(24.,28.8,-5.00000000000001));
#3221=CARTESIAN_POINT('',(27.3,28.8,-3.75000000000003));
#3222=CARTESIAN_POINT('',(25.6874537030686,28.8,3.74999999999999));
#3223=CARTESIAN_POINT('',(27.3,28.8,3.74999999999999));
#3224=CARTESIAN_POINT('',(25.6874537030686,28.8,6.24999999999999));
#3225=CARTESIAN_POINT('Origin',(24.,28.8,4.99999999999999));
#3226=CARTESIAN_POINT('',(27.3,28.8,6.24999999999999));
#3227=CARTESIAN_POINT('Origin',(27.3,0.,-8.08973484406745E-15));
#3228=CARTESIAN_POINT('',(27.3,31.2,-8.25000000000001));
#3229=CARTESIAN_POINT('',(27.3,31.2,-6.25000000000003));
#3230=CARTESIAN_POINT('Origin',(-27.3,31.2,-9.25));
#3231=CARTESIAN_POINT('',(-27.3,31.2,-0.5));
#3232=CARTESIAN_POINT('',(-20.5,31.2,-0.5));
#3233=CARTESIAN_POINT('',(-26.3,31.2,-9.25));
#3234=CARTESIAN_POINT('',(-26.3,31.2,-9.25));
#3235=CARTESIAN_POINT('',(-27.3,31.2,-8.25));
#3236=CARTESIAN_POINT('Origin',(-26.3,31.2,-8.25));
#3237=CARTESIAN_POINT('',(-27.3,31.2,-6.25000000000003));
#3238=CARTESIAN_POINT('',(-27.3,31.2,-6.25000000000003));
#3239=CARTESIAN_POINT('',(-25.6874537030686,31.2,-6.25000000000003));
#3240=CARTESIAN_POINT('',(-25.6874537030686,31.2,-6.25000000000003));
#3241=CARTESIAN_POINT('',(-25.6874537030686,31.2,-3.75));
#3242=CARTESIAN_POINT('Origin',(-24.,31.2,-5.));
#3243=CARTESIAN_POINT('',(-27.3,31.2,-3.75000000000002));
#3244=CARTESIAN_POINT('',(-25.6874537030686,31.2,-3.75));
#3245=CARTESIAN_POINT('',(-27.3,31.2,-0.5));
#3246=CARTESIAN_POINT('Origin',(-27.3,31.2,-9.25));
#3247=CARTESIAN_POINT('',(-27.3,31.2,0.5));
#3248=CARTESIAN_POINT('',(-27.3,31.2,0.5));
#3249=CARTESIAN_POINT('',(-27.3,31.2,3.75));
#3250=CARTESIAN_POINT('',(-27.3,31.2,3.75));
#3251=CARTESIAN_POINT('',(-25.6874537030686,31.2,3.75));
#3252=CARTESIAN_POINT('',(-25.6874537030686,31.2,3.75));
#3253=CARTESIAN_POINT('',(-25.6874537030686,31.2,6.25));
#3254=CARTESIAN_POINT('Origin',(-24.,31.2,5.));
#3255=CARTESIAN_POINT('',(-27.3,31.2,6.25));
#3256=CARTESIAN_POINT('',(-25.6874537030686,31.2,6.25));
#3257=CARTESIAN_POINT('',(-27.3,31.2,8.25));
#3258=CARTESIAN_POINT('',(-27.3,31.2,8.25));
#3259=CARTESIAN_POINT('',(-26.3,31.2,9.25));
#3260=CARTESIAN_POINT('Origin',(-26.3,31.2,8.25));
#3261=CARTESIAN_POINT('',(-26.3,31.2,9.25));
#3262=CARTESIAN_POINT('Origin',(-27.3,28.8,-9.25));
#3263=CARTESIAN_POINT('',(-26.3,28.8,9.25));
#3264=CARTESIAN_POINT('',(-26.3,28.8,9.25));
#3265=CARTESIAN_POINT('',(-27.3,28.8,8.25));
#3266=CARTESIAN_POINT('Origin',(-26.3,28.8,8.25));
#3267=CARTESIAN_POINT('',(-27.3,28.8,6.25));
#3268=CARTESIAN_POINT('',(-27.3,28.8,6.25));
#3269=CARTESIAN_POINT('',(-25.6874537030686,28.8,6.25));
#3270=CARTESIAN_POINT('',(-25.6874537030686,28.8,6.25));
#3271=CARTESIAN_POINT('',(-25.6874537030686,28.8,3.75));
#3272=CARTESIAN_POINT('Origin',(-24.,28.8,5.));
#3273=CARTESIAN_POINT('',(-27.3,28.8,3.75));
#3274=CARTESIAN_POINT('',(-25.6874537030686,28.8,3.75));
#3275=CARTESIAN_POINT('',(-27.3,28.8,-3.75000000000002));
#3276=CARTESIAN_POINT('',(-27.3,28.8,-3.75000000000002));
#3277=CARTESIAN_POINT('',(-25.6874537030686,28.8,-3.75));
#3278=CARTESIAN_POINT('',(-25.6874537030686,28.8,-3.75));
#3279=CARTESIAN_POINT('',(-25.6874537030686,28.8,-6.25000000000003));
#3280=CARTESIAN_POINT('Origin',(-24.,28.8,-5.));
#3281=CARTESIAN_POINT('',(-27.3,28.8,-6.25000000000003));
#3282=CARTESIAN_POINT('',(-25.6874537030686,28.8,-6.25000000000003));
#3283=CARTESIAN_POINT('',(-27.3,28.8,-8.25));
#3284=CARTESIAN_POINT('',(-27.3,28.8,-8.25));
#3285=CARTESIAN_POINT('',(-26.3,28.8,-9.25));
#3286=CARTESIAN_POINT('Origin',(-26.3,28.8,-8.25));
#3287=CARTESIAN_POINT('',(-26.3,28.8,-9.25));
#3288=CARTESIAN_POINT('Origin',(-27.3,0.,1.15084094016022E-15));
#3289=CARTESIAN_POINT('',(-27.3,31.2,-0.5));
#3290=CARTESIAN_POINT('',(-27.3,31.2,-3.75000000000002));
#3291=CARTESIAN_POINT('',(-27.3,31.2,3.75));
#3292=CARTESIAN_POINT('Origin',(-27.3,0.,1.15084094016022E-15));
#3293=CARTESIAN_POINT('',(-27.3,28.8,8.25));
#3294=CARTESIAN_POINT('',(-27.3,31.2,6.25));
#3295=CARTESIAN_POINT('Origin',(13.320813272184,39.3,0.));
#3296=CARTESIAN_POINT('',(14.8,38.3,-2.9672008655658));
#3297=CARTESIAN_POINT('',(14.8,37.,-2.9672008655658));
#3298=CARTESIAN_POINT('',(14.8,38.3,-2.9672008655658));
#3299=CARTESIAN_POINT('',(14.8,38.3,2.9672008655658));
#3300=CARTESIAN_POINT('Origin',(13.320813272184,38.3,0.));
#3301=CARTESIAN_POINT('',(14.8,37.,2.9672008655658));
#3302=CARTESIAN_POINT('',(14.8,38.3,2.9672008655658));
#3303=CARTESIAN_POINT('Origin',(13.320813272184,37.,0.));
#3304=CARTESIAN_POINT('Origin',(0.,37.,0.));
#3305=CARTESIAN_POINT('',(-7.41451062424843,37.,9.85));
#3306=CARTESIAN_POINT('',(-5.12195212580849,37.,8.875));
#3307=CARTESIAN_POINT('Origin',(-10.25,37.,0.));
#3308=CARTESIAN_POINT('',(19.7,37.,9.85));
#3309=CARTESIAN_POINT('',(-7.41451062424843,37.,9.85));
#3310=CARTESIAN_POINT('',(20.1,37.,9.45));
#3311=CARTESIAN_POINT('Origin',(19.7,37.,9.45));
#3312=CARTESIAN_POINT('',(20.1,37.,-9.45));
#3313=CARTESIAN_POINT('',(20.1,37.,9.45));
#3314=CARTESIAN_POINT('',(19.7,37.,-9.85));
#3315=CARTESIAN_POINT('Origin',(19.7,37.,-9.45));
#3316=CARTESIAN_POINT('',(-7.41451062424845,37.,-9.85));
#3317=CARTESIAN_POINT('',(19.7,37.,-9.85));
#3318=CARTESIAN_POINT('',(-5.12195212580849,37.,-8.875));
#3319=CARTESIAN_POINT('Origin',(-10.25,37.,0.));
#3320=CARTESIAN_POINT('',(14.8,37.,-8.875));
#3321=CARTESIAN_POINT('',(14.8,37.,-8.875));
#3322=CARTESIAN_POINT('',(14.8,37.,-2.9672008655658));
#3323=CARTESIAN_POINT('',(14.8,37.,8.875));
#3324=CARTESIAN_POINT('',(14.8,37.,8.875));
#3325=CARTESIAN_POINT('',(-5.12195212580849,37.,8.875));
#3326=CARTESIAN_POINT('Origin',(0.,37.,0.));
#3327=CARTESIAN_POINT('',(-20.1,37.,9.45));
#3328=CARTESIAN_POINT('',(-19.7,37.,9.85));
#3329=CARTESIAN_POINT('Origin',(-19.7,37.,9.45));
#3330=CARTESIAN_POINT('',(-13.0854893757516,37.,9.85));
#3331=CARTESIAN_POINT('',(-19.7,37.,9.85));
#3332=CARTESIAN_POINT('',(-20.1,37.,2.83548937575156));
#3333=CARTESIAN_POINT('Origin',(-10.25,37.,0.));
#3334=CARTESIAN_POINT('',(-20.1,37.,2.83548937575156));
#3335=CARTESIAN_POINT('Origin',(0.,37.,0.));
#3336=CARTESIAN_POINT('',(-19.7,37.,-9.85));
#3337=CARTESIAN_POINT('',(-20.1,37.,-9.45));
#3338=CARTESIAN_POINT('Origin',(-19.7,37.,-9.45));
#3339=CARTESIAN_POINT('',(-20.1,37.,-2.83548937575157));
#3340=CARTESIAN_POINT('',(-20.1,37.,-9.45));
#3341=CARTESIAN_POINT('',(-13.0854893757516,37.,-9.85));
#3342=CARTESIAN_POINT('Origin',(-10.25,37.,0.));
#3343=CARTESIAN_POINT('',(-13.0854893757516,37.,-9.85));
#3344=CARTESIAN_POINT('Origin',(20.5,37.,10.25));
#3345=CARTESIAN_POINT('',(20.5,2.,-9.45));
#3346=CARTESIAN_POINT('',(20.5,36.6,-9.45));
#3347=CARTESIAN_POINT('',(20.5,36.6,-9.45));
#3348=CARTESIAN_POINT('',(20.5,36.6,9.45));
#3349=CARTESIAN_POINT('',(20.5,36.6,9.45));
#3350=CARTESIAN_POINT('',(20.5,2.,9.45));
#3351=CARTESIAN_POINT('',(20.5,36.6,9.45));
#3352=CARTESIAN_POINT('',(20.5,2.,9.45));
#3353=CARTESIAN_POINT('',(20.5,32.7,0.499999999999993));
#3354=CARTESIAN_POINT('',(20.5,31.2,-9.25000000000001));
#3355=CARTESIAN_POINT('',(20.5,28.8,9.24999999999999));
#3356=CARTESIAN_POINT('Origin',(-20.5,37.,-10.25));
#3357=CARTESIAN_POINT('',(-19.7,2.,-10.25));
#3358=CARTESIAN_POINT('',(-19.7,36.6,-10.25));
#3359=CARTESIAN_POINT('',(-19.7,36.6,-10.25));
#3360=CARTESIAN_POINT('',(-13.0854893757516,36.6,-10.25));
#3361=CARTESIAN_POINT('',(-13.0854893757516,36.6,-10.25));
#3362=CARTESIAN_POINT('',(-10.25,37.,-10.25));
#3363=CARTESIAN_POINT('Ctrl Pts',(-13.0854893757515,36.6,-10.25));
#3364=CARTESIAN_POINT('Ctrl Pts',(-12.9618831273,36.6000000083059,-10.25));
#3365=CARTESIAN_POINT('Ctrl Pts',(-12.8384879539548,36.6041820183198,-10.2499999999981));
#3366=CARTESIAN_POINT('Ctrl Pts',(-12.7153158441606,36.6115897770525,-10.2499999999927));
#3367=CARTESIAN_POINT('Ctrl Pts',(-12.5998556514132,36.61853372932,-10.2499999999877));
#3368=CARTESIAN_POINT('Ctrl Pts',(-12.4845911760372,36.628310394731,-10.2499999999864));
#3369=CARTESIAN_POINT('Ctrl Pts',(-12.3695262812299,36.6400912047142,-10.2499999999934));
#3370=CARTESIAN_POINT('Ctrl Pts',(-12.3692081584167,36.6401237754163,-10.2499999999934));
#3371=CARTESIAN_POINT('Ctrl Pts',(-12.3688900371384,36.6401563615296,-10.2499999999935));
#3372=CARTESIAN_POINT('Ctrl Pts',(-12.3685719173933,36.6401889630358,-10.2499999999935));
#3373=CARTESIAN_POINT('Ctrl Pts',(-12.1544383300459,36.6621337734457,-10.2500000000058));
#3374=CARTESIAN_POINT('Ctrl Pts',(-11.9410007866938,36.6910497001884,-10.249999998753));
#3375=CARTESIAN_POINT('Ctrl Pts',(-11.7283371846912,36.7241873128188,-10.2499999993656));
#3376=CARTESIAN_POINT('Ctrl Pts',(-11.7052504960203,36.7277847208326,-10.2499999994321));
#3377=CARTESIAN_POINT('Ctrl Pts',(-11.6821729237548,36.7314319351945,-10.2499999995171));
#3378=CARTESIAN_POINT('Ctrl Pts',(-11.6591045686251,36.7351254838088,-10.2499999996064));
#3379=CARTESIAN_POINT('Ctrl Pts',(-11.6589904159324,36.735143761164,-10.2499999996068));
#3380=CARTESIAN_POINT('Ctrl Pts',(-11.6588762634655,36.7351620396538,-10.2499999996073));
#3381=CARTESIAN_POINT('Ctrl Pts',(-11.6587621112241,36.7351803192779,-10.2499999996077));
#3382=CARTESIAN_POINT('Ctrl Pts',(-11.4229828461826,36.7729365322782,-10.250000000521));
#3383=CARTESIAN_POINT('Ctrl Pts',(-11.1881816843814,36.8156004538248,-10.25));
#3384=CARTESIAN_POINT('Ctrl Pts',(-10.9537792165381,36.8605088561556,-10.25));
#3385=CARTESIAN_POINT('Ctrl Pts',(-10.9535677417645,36.8605493719159,-10.25));
#3386=CARTESIAN_POINT('Ctrl Pts',(-10.9533562673173,36.8605898895052,-10.25));
#3387=CARTESIAN_POINT('Ctrl Pts',(-10.9531447932025,36.8606304089205,-10.25));
#3388=CARTESIAN_POINT('Ctrl Pts',(-10.8360034967335,36.8830752213405,-10.25));
#3389=CARTESIAN_POINT('Ctrl Pts',(-10.718960994119,36.9060788188347,-10.25));
#3390=CARTESIAN_POINT('Ctrl Pts',(-10.6019556070065,36.9293653932064,-10.25));
#3391=CARTESIAN_POINT('Ctrl Pts',(-10.5446251449248,36.9407753812589,-10.25));
#3392=CARTESIAN_POINT('Ctrl Pts',(-10.487317237096,36.9522512232821,-10.25));
#3393=CARTESIAN_POINT('Ctrl Pts',(-10.4299997329668,36.9637649857863,-10.25));
#3394=CARTESIAN_POINT('Ctrl Pts',(-10.3816698319567,36.973473346444,-10.25));
#3395=CARTESIAN_POINT('Ctrl Pts',(-10.3333305866983,36.9832089434801,-10.25));
#3396=CARTESIAN_POINT('Ctrl Pts',(-10.2849909261508,36.9929490541838,-10.25));
#3397=CARTESIAN_POINT('Ctrl Pts',(-10.2733268745301,36.9952992807422,-10.25));
#3398=CARTESIAN_POINT('Ctrl Pts',(-10.2616630254293,36.9976497304482,-10.25));
#3399=CARTESIAN_POINT('Ctrl Pts',(-10.25,37.,-10.25));
#3400=CARTESIAN_POINT('',(-7.41451062424845,36.6,-10.25));
#3401=CARTESIAN_POINT('Ctrl Pts',(-7.41451062424845,36.6,-10.25));
#3402=CARTESIAN_POINT('Ctrl Pts',(-7.53811687089236,36.6000000083059,-10.25));
#3403=CARTESIAN_POINT('Ctrl Pts',(-7.66151204243626,36.6041820181966,-10.2499999999981));
#3404=CARTESIAN_POINT('Ctrl Pts',(-7.78468415043554,36.6115897767269,-10.2499999999927));
#3405=CARTESIAN_POINT('Ctrl Pts',(-7.90014434499042,36.6185337290146,-10.2499999999877));
#3406=CARTESIAN_POINT('Ctrl Pts',(-8.01540882216763,36.6283103945475,-10.2499999999863));
#3407=CARTESIAN_POINT('Ctrl Pts',(-8.13047371877004,36.6400912047148,-10.2499999999934));
#3408=CARTESIAN_POINT('Ctrl Pts',(-8.13079184158326,36.6401237754169,-10.2499999999934));
#3409=CARTESIAN_POINT('Ctrl Pts',(-8.1311099628616,36.6401563615301,-10.2499999999935));
#3410=CARTESIAN_POINT('Ctrl Pts',(-8.13142808260669,36.6401889630364,-10.2499999999935));
#3411=CARTESIAN_POINT('Ctrl Pts',(-8.34556166653683,36.6621337730965,-10.2500000000058));
#3412=CARTESIAN_POINT('Ctrl Pts',(-8.55899920649395,36.6910496992659,-10.249999998753));
#3413=CARTESIAN_POINT('Ctrl Pts',(-8.77166280512752,36.7241873112322,-10.2499999993656));
#3414=CARTESIAN_POINT('Ctrl Pts',(-8.7947494971949,36.7277847197602,-10.2499999994321));
#3415=CARTESIAN_POINT('Ctrl Pts',(-8.81782707285415,36.7314319346513,-10.2499999995171));
#3416=CARTESIAN_POINT('Ctrl Pts',(-8.84089543137499,36.7351254838086,-10.2499999996064));
#3417=CARTESIAN_POINT('Ctrl Pts',(-8.84100958406764,36.7351437611638,-10.2499999996068));
#3418=CARTESIAN_POINT('Ctrl Pts',(-8.84112373653458,36.7351620396535,-10.2499999996073));
#3419=CARTESIAN_POINT('Ctrl Pts',(-8.84123788877591,36.7351803192777,-10.2499999996077));
#3420=CARTESIAN_POINT('Ctrl Pts',(-9.07701715381744,36.7729365322778,-10.250000000521));
#3421=CARTESIAN_POINT('Ctrl Pts',(-9.31181831561864,36.8156004538247,-10.25));
#3422=CARTESIAN_POINT('Ctrl Pts',(-9.54622078346189,36.8605088561556,-10.25));
#3423=CARTESIAN_POINT('Ctrl Pts',(-9.54643225823551,36.8605493719159,-10.25));
#3424=CARTESIAN_POINT('Ctrl Pts',(-9.54664373268274,36.8605898895052,-10.25));
#3425=CARTESIAN_POINT('Ctrl Pts',(-9.54685520679754,36.8606304089205,-10.25));
#3426=CARTESIAN_POINT('Ctrl Pts',(-9.66399650326651,36.8830752213406,-10.25));
#3427=CARTESIAN_POINT('Ctrl Pts',(-9.78103900588099,36.9060788188347,-10.25));
#3428=CARTESIAN_POINT('Ctrl Pts',(-9.89804439299346,36.9293653932064,-10.25));
#3429=CARTESIAN_POINT('Ctrl Pts',(-9.95537485507622,36.9407753812591,-10.25));
#3430=CARTESIAN_POINT('Ctrl Pts',(-10.0126827629061,36.9522512232825,-10.25));
#3431=CARTESIAN_POINT('Ctrl Pts',(-10.0700002670364,36.963764985787,-10.25));
#3432=CARTESIAN_POINT('Ctrl Pts',(-10.1183301680448,36.9734733464443,-10.25));
#3433=CARTESIAN_POINT('Ctrl Pts',(-10.1666694133016,36.98320894348,-10.25));
#3434=CARTESIAN_POINT('Ctrl Pts',(-10.2150090738473,36.9929490541835,-10.25));
#3435=CARTESIAN_POINT('Ctrl Pts',(-10.2266731254687,36.995299280742,-10.25));
#3436=CARTESIAN_POINT('Ctrl Pts',(-10.2383369745701,36.997649730448,-10.25));
#3437=CARTESIAN_POINT('Ctrl Pts',(-10.25,37.,-10.25));
#3438=CARTESIAN_POINT('',(19.7,36.6,-10.25));
#3439=CARTESIAN_POINT('',(19.7,36.6,-10.25));
#3440=CARTESIAN_POINT('',(19.7,2.,-10.25));
#3441=CARTESIAN_POINT('',(19.7,36.6,-10.25));
#3442=CARTESIAN_POINT('',(19.7,2.,-10.25));
#3443=CARTESIAN_POINT('Origin',(-20.5,37.,10.25));
#3444=CARTESIAN_POINT('',(19.7,2.,10.25));
#3445=CARTESIAN_POINT('',(19.7,36.6,10.25));
#3446=CARTESIAN_POINT('',(19.7,36.6,10.25));
#3447=CARTESIAN_POINT('',(-7.41451062424843,36.6,10.25));
#3448=CARTESIAN_POINT('',(-7.41451062424843,36.6,10.25));
#3449=CARTESIAN_POINT('',(-10.25,37.,10.25));
#3450=CARTESIAN_POINT('Ctrl Pts',(-7.41451062424843,36.6,10.25));
#3451=CARTESIAN_POINT('Ctrl Pts',(-7.53811687090835,36.6000000083059,10.25));
#3452=CARTESIAN_POINT('Ctrl Pts',(-7.66151204246819,36.6041820181977,10.2499999999981));
#3453=CARTESIAN_POINT('Ctrl Pts',(-7.78468415048336,36.6115897767298,10.2499999999927));
#3454=CARTESIAN_POINT('Ctrl Pts',(-7.90014434502224,36.6185337290174,10.2499999999877));
#3455=CARTESIAN_POINT('Ctrl Pts',(-8.01540882218351,36.6283103945492,10.2499999999863));
#3456=CARTESIAN_POINT('Ctrl Pts',(-8.13047371877003,36.6400912047148,10.2499999999934));
#3457=CARTESIAN_POINT('Ctrl Pts',(-8.13079184158325,36.6401237754169,10.2499999999934));
#3458=CARTESIAN_POINT('Ctrl Pts',(-8.13110996286158,36.6401563615302,10.2499999999934));
#3459=CARTESIAN_POINT('Ctrl Pts',(-8.13142808260666,36.6401889630365,10.2499999999935));
#3460=CARTESIAN_POINT('Ctrl Pts',(-8.34556166783771,36.6621337732298,10.2500000000058));
#3461=CARTESIAN_POINT('Ctrl Pts',(-8.55899920908732,36.6910496996168,10.249999998753));
#3462=CARTESIAN_POINT('Ctrl Pts',(-8.77166280900343,36.7241873118359,10.2499999993656));
#3463=CARTESIAN_POINT('Ctrl Pts',(-8.79474949977782,36.7277847201681,10.2499999994321));
#3464=CARTESIAN_POINT('Ctrl Pts',(-8.8178270741451,36.7314319348578,10.249999999517));
#3465=CARTESIAN_POINT('Ctrl Pts',(-8.840895431375,36.7351254838084,10.2499999996064));
#3466=CARTESIAN_POINT('Ctrl Pts',(-8.84100958406765,36.7351437611636,10.2499999996068));
#3467=CARTESIAN_POINT('Ctrl Pts',(-8.8411237365346,36.7351620396533,10.2499999996073));
#3468=CARTESIAN_POINT('Ctrl Pts',(-8.84123788877593,36.7351803192775,10.2499999996077));
#3469=CARTESIAN_POINT('Ctrl Pts',(-9.07701715381741,36.7729365322778,10.250000000521));
#3470=CARTESIAN_POINT('Ctrl Pts',(-9.31181831561861,36.8156004538247,10.25));
#3471=CARTESIAN_POINT('Ctrl Pts',(-9.54622078346188,36.8605088561556,10.25));
#3472=CARTESIAN_POINT('Ctrl Pts',(-9.54643225823549,36.8605493719159,10.25));
#3473=CARTESIAN_POINT('Ctrl Pts',(-9.54664373268271,36.8605898895052,10.25));
#3474=CARTESIAN_POINT('Ctrl Pts',(-9.54685520679751,36.8606304089205,10.25));
#3475=CARTESIAN_POINT('Ctrl Pts',(-9.66399650326648,36.8830752213406,10.25));
#3476=CARTESIAN_POINT('Ctrl Pts',(-9.78103900588097,36.9060788188347,10.25));
#3477=CARTESIAN_POINT('Ctrl Pts',(-9.89804439299345,36.9293653932064,10.25));
#3478=CARTESIAN_POINT('Ctrl Pts',(-9.95537485507742,36.9407753812594,10.25));
#3479=CARTESIAN_POINT('Ctrl Pts',(-10.0126827629085,36.952251223283,10.25));
#3480=CARTESIAN_POINT('Ctrl Pts',(-10.07000026704,36.9637649857877,10.25));
#3481=CARTESIAN_POINT('Ctrl Pts',(-10.1183301680489,36.9734733464452,10.25));
#3482=CARTESIAN_POINT('Ctrl Pts',(-10.1666694133062,36.983208943481,10.25));
#3483=CARTESIAN_POINT('Ctrl Pts',(-10.2150090738525,36.9929490541845,10.25));
#3484=CARTESIAN_POINT('Ctrl Pts',(-10.2266731254721,36.9952992807427,10.25));
#3485=CARTESIAN_POINT('Ctrl Pts',(-10.2383369745719,36.9976497304484,10.25));
#3486=CARTESIAN_POINT('Ctrl Pts',(-10.25,37.,10.25));
#3487=CARTESIAN_POINT('',(-13.0854893757516,36.6,10.25));
#3488=CARTESIAN_POINT('Ctrl Pts',(-13.0854893757516,36.6,10.25));
#3489=CARTESIAN_POINT('Ctrl Pts',(-12.9618831272763,36.6000000083059,10.25));
#3490=CARTESIAN_POINT('Ctrl Pts',(-12.8384879539076,36.6041820183214,10.2499999999981));
#3491=CARTESIAN_POINT('Ctrl Pts',(-12.7153158440899,36.6115897770567,10.2499999999927));
#3492=CARTESIAN_POINT('Ctrl Pts',(-12.5998556513661,36.6185337293241,10.2499999999877));
#3493=CARTESIAN_POINT('Ctrl Pts',(-12.4845911760137,36.6283103947335,10.2499999999863));
#3494=CARTESIAN_POINT('Ctrl Pts',(-12.3695262812299,36.6400912047142,10.2499999999934));
#3495=CARTESIAN_POINT('Ctrl Pts',(-12.3692081584167,36.6401237754164,10.2499999999934));
#3496=CARTESIAN_POINT('Ctrl Pts',(-12.3688900371383,36.6401563615296,10.2499999999934));
#3497=CARTESIAN_POINT('Ctrl Pts',(-12.3685719173933,36.6401889630359,10.2499999999935));
#3498=CARTESIAN_POINT('Ctrl Pts',(-12.1544383287239,36.6621337735812,10.2500000000058));
#3499=CARTESIAN_POINT('Ctrl Pts',(-11.9410007840586,36.691049700545,10.249999998753));
#3500=CARTESIAN_POINT('Ctrl Pts',(-11.7283371807527,36.7241873134322,10.2499999993656));
#3501=CARTESIAN_POINT('Ctrl Pts',(-11.7052504933957,36.7277847212472,10.2499999994321));
#3502=CARTESIAN_POINT('Ctrl Pts',(-11.682172922443,36.7314319354043,10.2499999995171));
#3503=CARTESIAN_POINT('Ctrl Pts',(-11.659104568625,36.7351254838086,10.2499999996064));
#3504=CARTESIAN_POINT('Ctrl Pts',(-11.6589904159324,36.7351437611638,10.2499999996068));
#3505=CARTESIAN_POINT('Ctrl Pts',(-11.6588762634654,36.7351620396536,10.2499999996073));
#3506=CARTESIAN_POINT('Ctrl Pts',(-11.6587621112241,36.7351803192777,10.2499999996077));
#3507=CARTESIAN_POINT('Ctrl Pts',(-11.4229828461826,36.7729365322782,10.250000000521));
#3508=CARTESIAN_POINT('Ctrl Pts',(-11.1881816843814,36.8156004538248,10.25));
#3509=CARTESIAN_POINT('Ctrl Pts',(-10.9537792165381,36.8605088561556,10.25));
#3510=CARTESIAN_POINT('Ctrl Pts',(-10.9535677417645,36.8605493719159,10.25));
#3511=CARTESIAN_POINT('Ctrl Pts',(-10.9533562673173,36.8605898895052,10.25));
#3512=CARTESIAN_POINT('Ctrl Pts',(-10.9531447932025,36.8606304089205,10.25));
#3513=CARTESIAN_POINT('Ctrl Pts',(-10.8360034967335,36.8830752213405,10.25));
#3514=CARTESIAN_POINT('Ctrl Pts',(-10.718960994119,36.9060788188347,10.25));
#3515=CARTESIAN_POINT('Ctrl Pts',(-10.6019556070065,36.9293653932064,10.25));
#3516=CARTESIAN_POINT('Ctrl Pts',(-10.5446251449201,36.9407753812598,10.25));
#3517=CARTESIAN_POINT('Ctrl Pts',(-10.4873172370865,36.952251223284,10.25));
#3518=CARTESIAN_POINT('Ctrl Pts',(-10.4299997329525,36.9637649857892,10.25));
#3519=CARTESIAN_POINT('Ctrl Pts',(-10.3816698319432,36.9734733464467,10.25));
#3520=CARTESIAN_POINT('Ctrl Pts',(-10.3333305866856,36.9832089434826,10.25));
#3521=CARTESIAN_POINT('Ctrl Pts',(-10.284990926139,36.9929490541862,10.25));
#3522=CARTESIAN_POINT('Ctrl Pts',(-10.2733268745222,36.9952992807438,10.25));
#3523=CARTESIAN_POINT('Ctrl Pts',(-10.2616630254253,36.9976497304489,10.25));
#3524=CARTESIAN_POINT('Ctrl Pts',(-10.25,37.,10.25));
#3525=CARTESIAN_POINT('',(-19.7,36.6,10.25));
#3526=CARTESIAN_POINT('',(-19.7,36.6,10.25));
#3527=CARTESIAN_POINT('',(-19.7,2.,10.25));
#3528=CARTESIAN_POINT('',(-19.7,36.6,10.25));
#3529=CARTESIAN_POINT('',(-19.7,2.,10.25));
#3530=CARTESIAN_POINT('Origin',(0.,0.,0.));
#3531=CARTESIAN_POINT('',(18.5,0.,8.25));
#3532=CARTESIAN_POINT('',(-18.5,0.,8.25));
#3533=CARTESIAN_POINT('',(18.5,0.,8.25));
#3534=CARTESIAN_POINT('',(-18.5,0.,-8.25));
#3535=CARTESIAN_POINT('',(-18.5,0.,8.25));
#3536=CARTESIAN_POINT('',(18.5,0.,-8.25));
#3537=CARTESIAN_POINT('',(-18.5,0.,-8.25));
#3538=CARTESIAN_POINT('',(18.5,0.,-8.25));
#3539=CARTESIAN_POINT('Origin',(14.8,39.3,-2.9672008655658));
#3540=CARTESIAN_POINT('',(14.8,38.9,-8.875));
#3541=CARTESIAN_POINT('',(14.8,38.9,-8.875));
#3542=CARTESIAN_POINT('',(14.8,38.9,8.875));
#3543=CARTESIAN_POINT('',(14.8,38.9,8.875));
#3544=CARTESIAN_POINT('',(14.8,38.9,8.875));
#3545=CARTESIAN_POINT('',(14.8,38.7,2.51235209637294));
#3546=CARTESIAN_POINT('Ctrl Pts',(14.8,38.3,2.9672008655658));
#3547=CARTESIAN_POINT('Ctrl Pts',(14.8,38.34745187209,2.9672008655658));
#3548=CARTESIAN_POINT('Ctrl Pts',(14.8,38.4031229826617,2.95523646482459));
#3549=CARTESIAN_POINT('Ctrl Pts',(14.8,38.4925339504983,2.9158175109508));
#3550=CARTESIAN_POINT('Ctrl Pts',(14.8,38.5413378708891,2.88037554001356));
#3551=CARTESIAN_POINT('Ctrl Pts',(14.8,38.6127528680228,2.80383412202553));
#3552=CARTESIAN_POINT('Ctrl Pts',(14.8,38.6467170555726,2.7480561416062));
#3553=CARTESIAN_POINT('Ctrl Pts',(14.8,38.6875890978056,2.64186476570241));
#3554=CARTESIAN_POINT('Ctrl Pts',(14.8,38.7,2.57171668952408));
#3555=CARTESIAN_POINT('Ctrl Pts',(14.8,38.7,2.51235209637294));
#3556=CARTESIAN_POINT('',(14.8,38.7,-2.51235209637294));
#3557=CARTESIAN_POINT('',(14.8,38.7,-2.51235209637294));
#3558=CARTESIAN_POINT('Ctrl Pts',(14.8,38.7,-2.51235209637294));
#3559=CARTESIAN_POINT('Ctrl Pts',(14.8,38.7,-2.57171668952408));
#3560=CARTESIAN_POINT('Ctrl Pts',(14.8,38.6875890978056,-2.64186476570241));
#3561=CARTESIAN_POINT('Ctrl Pts',(14.8,38.6467170555726,-2.7480561416062));
#3562=CARTESIAN_POINT('Ctrl Pts',(14.8,38.6127528680228,-2.80383412202554));
#3563=CARTESIAN_POINT('Ctrl Pts',(14.8,38.5413378708891,-2.88037554001356));
#3564=CARTESIAN_POINT('Ctrl Pts',(14.8,38.4925339504983,-2.9158175109508));
#3565=CARTESIAN_POINT('Ctrl Pts',(14.8,38.4031229826617,-2.95523646482459));
#3566=CARTESIAN_POINT('Ctrl Pts',(14.8,38.34745187209,-2.9672008655658));
#3567=CARTESIAN_POINT('Ctrl Pts',(14.8,38.3,-2.9672008655658));
#3568=CARTESIAN_POINT('Origin',(-5.12195212580849,39.3,-8.875));
#3569=CARTESIAN_POINT('',(-5.12195212580849,38.9,-8.875));
#3570=CARTESIAN_POINT('',(-5.12195212580849,38.9,-8.875));
#3571=CARTESIAN_POINT('',(14.8,38.9,-8.875));
#3572=CARTESIAN_POINT('Origin',(-10.25,39.3,0.));
#3573=CARTESIAN_POINT('',(-5.12195212580849,38.9,8.875));
#3574=CARTESIAN_POINT('',(-5.12195212580849,38.9,8.875));
#3575=CARTESIAN_POINT('Origin',(-10.25,38.9,0.));
#3576=CARTESIAN_POINT('Origin',(-10.25,37.,0.));
#3577=CARTESIAN_POINT('Ctrl Pts',(-10.25,37.,-10.25));
#3578=CARTESIAN_POINT('Ctrl Pts',(-10.3698739958335,36.9998581458337,-10.25));
#3579=CARTESIAN_POINT('Ctrl Pts',(-10.6096238503275,36.9998304239772,-10.2458419504524));
#3580=CARTESIAN_POINT('Ctrl Pts',(-10.849148957461,36.9999622553661,-10.2331768297329));
#3581=CARTESIAN_POINT('Ctrl Pts',(-11.2072476065025,37.0000654889371,-10.2080024747207));
#3582=CARTESIAN_POINT('Ctrl Pts',(-11.4450383511115,37.0000144317477,-10.182905676838));
#3583=CARTESIAN_POINT('Ctrl Pts',(-12.1561157883968,36.9999710849496,-10.0825946062529));
#3584=CARTESIAN_POINT('Ctrl Pts',(-12.6251749958992,37.,-9.98250929274895));
#3585=CARTESIAN_POINT('Ctrl Pts',(-13.0854893757515,37.,-9.85));
#3586=CARTESIAN_POINT('Origin',(-10.25,37.,0.));
#3587=CARTESIAN_POINT('Ctrl Pts',(-20.5,37.,2.63677968348475E-15));
#3588=CARTESIAN_POINT('Ctrl Pts',(-20.5,37.0004159934368,0.122024333082042));
#3589=CARTESIAN_POINT('Ctrl Pts',(-20.4978209845365,37.0001113976857,0.244048678578276));
#3590=CARTESIAN_POINT('Ctrl Pts',(-20.4924397299947,36.9999738448982,0.394651073251599));
#3591=CARTESIAN_POINT('Ctrl Pts',(-20.4912964231905,36.9999583328803,0.423283200487103));
#3592=CARTESIAN_POINT('Ctrl Pts',(-20.4887670959711,36.9999421382438,0.480596357106213));
#3593=CARTESIAN_POINT('Ctrl Pts',(-20.4873805835764,36.9999414874101,0.509277225934047));
#3594=CARTESIAN_POINT('Ctrl Pts',(-20.4826851664705,36.9999528548706,0.598619227052891));
#3595=CARTESIAN_POINT('Ctrl Pts',(-20.4789574630141,36.9999796897032,0.65925715995562));
#3596=CARTESIAN_POINT('Ctrl Pts',(-20.457928290752,37.0000652696438,0.957950091227238));
#3597=CARTESIAN_POINT('Ctrl Pts',(-20.4328563934032,37.0000144104516,1.19538770775098));
#3598=CARTESIAN_POINT('Ctrl Pts',(-20.3325946062529,36.9999710849487,1.90611578839706));
#3599=CARTESIAN_POINT('Ctrl Pts',(-20.2325092927488,37.,2.37517499589962));
#3600=CARTESIAN_POINT('Ctrl Pts',(-20.1,37.,2.83548937575156));
#3601=CARTESIAN_POINT('Ctrl Pts',(-13.0854893757516,37.,9.85));
#3602=CARTESIAN_POINT('Ctrl Pts',(-12.6251749958992,37.,9.98250929274893));
#3603=CARTESIAN_POINT('Ctrl Pts',(-12.1561157883969,36.9999710849496,10.0825946062529));
#3604=CARTESIAN_POINT('Ctrl Pts',(-11.4453792703544,37.0000144109655,10.1828575836593));
#3605=CARTESIAN_POINT('Ctrl Pts',(-11.2079331251734,37.0000652750335,10.2079300828453));
#3606=CARTESIAN_POINT('Ctrl Pts',(-10.9092337189198,36.9999796803774,10.2289589612147));
#3607=CARTESIAN_POINT('Ctrl Pts',(-10.8485978867695,36.9999528480808,10.232686402326));
#3608=CARTESIAN_POINT('Ctrl Pts',(-10.7592611970524,36.9999414872975,10.2373813719336));
#3609=CARTESIAN_POINT('Ctrl Pts',(-10.7305835372932,36.9999421402007,10.2387676886959));
#3610=CARTESIAN_POINT('Ctrl Pts',(-10.6732767930319,36.9999583363536,10.2412966790446));
#3611=CARTESIAN_POINT('Ctrl Pts',(-10.6446478690207,36.9999738478248,10.2424398444868));
#3612=CARTESIAN_POINT('Ctrl Pts',(-10.4940486785536,37.0001113976854,10.247820984537));
#3613=CARTESIAN_POINT('Ctrl Pts',(-10.3720243330698,37.0004159934361,10.25));
#3614=CARTESIAN_POINT('Ctrl Pts',(-10.25,37.,10.25));
#3615=CARTESIAN_POINT('Ctrl Pts',(-10.25,37.,10.25));
#3616=CARTESIAN_POINT('Ctrl Pts',(-10.1301260041664,36.9998581458337,10.25));
#3617=CARTESIAN_POINT('Ctrl Pts',(-9.89037614967207,36.9998304239771,10.2458419504524));
#3618=CARTESIAN_POINT('Ctrl Pts',(-9.65085104253836,36.999962255366,10.2331768297329));
#3619=CARTESIAN_POINT('Ctrl Pts',(-9.29275239349722,37.0000654889374,10.2080024747206));
#3620=CARTESIAN_POINT('Ctrl Pts',(-9.05496164888893,37.0000144317481,10.1829056768381));
#3621=CARTESIAN_POINT('Ctrl Pts',(-8.34388421160292,36.9999710849486,10.0825946062529));
#3622=CARTESIAN_POINT('Ctrl Pts',(-7.87482500410035,37.,9.98250929274881));
#3623=CARTESIAN_POINT('Ctrl Pts',(-7.41451062424843,37.,9.85));
#3624=CARTESIAN_POINT('Origin',(-5.12195212580849,39.3,8.875));
#3625=CARTESIAN_POINT('',(-5.12195212580849,38.9,8.875));
#3626=CARTESIAN_POINT('Origin',(-10.25,39.3,0.));
#3627=CARTESIAN_POINT('',(-5.23035110789609,39.3,8.475));
#3628=CARTESIAN_POINT('',(14.4,39.3,8.475));
#3629=CARTESIAN_POINT('',(-5.23035110789608,39.3,8.475));
#3630=CARTESIAN_POINT('',(14.4,39.3,-8.475));
#3631=CARTESIAN_POINT('',(14.4,39.3,8.475));
#3632=CARTESIAN_POINT('',(-5.23035110789608,39.3,-8.475));
#3633=CARTESIAN_POINT('',(14.4,39.3,-8.475));
#3634=CARTESIAN_POINT('Origin',(-10.25,39.3,0.));
#3635=CARTESIAN_POINT('',(-10.25,39.3,6.5));
#3636=CARTESIAN_POINT('Origin',(-10.25,39.3,0.));
#3637=CARTESIAN_POINT('Origin',(-10.25,40.6,0.));
#3638=CARTESIAN_POINT('',(-10.25,40.6,6.5));
#3639=CARTESIAN_POINT('',(-10.25,40.6,6.5));
#3640=CARTESIAN_POINT('Origin',(-10.25,40.6,0.));
#3641=CARTESIAN_POINT('Origin',(-10.25,40.6,0.));
#3642=CARTESIAN_POINT('',(-10.25,40.6,5.35));
#3643=CARTESIAN_POINT('Origin',(-10.25,40.6,0.));
#3644=CARTESIAN_POINT('Origin',(-10.25,41.2,0.));
#3645=CARTESIAN_POINT('',(-10.25,41.2,5.35));
#3646=CARTESIAN_POINT('',(-10.25,41.2,5.35));
#3647=CARTESIAN_POINT('Origin',(-10.25,41.2,0.));
#3648=CARTESIAN_POINT('Origin',(-10.25,41.2,0.));
#3649=CARTESIAN_POINT('',(-10.25,41.2,3.));
#3650=CARTESIAN_POINT('Origin',(-10.25,41.2,0.));
#3651=CARTESIAN_POINT('Origin',(13.320813272184,38.7,0.));
#3652=CARTESIAN_POINT('Origin',(13.320813272184,38.7,0.));
#3653=CARTESIAN_POINT('Origin',(-10.25,45.2,0.));
#3654=CARTESIAN_POINT('',(-10.25,45.2,3.));
#3655=CARTESIAN_POINT('',(-10.25,45.2,3.));
#3656=CARTESIAN_POINT('Origin',(-10.25,45.2,0.));
#3657=CARTESIAN_POINT('Origin',(20.5,2.,10.25));
#3658=CARTESIAN_POINT('',(20.2656854249492,1.76568542494925,-10.0156854249492));
#3659=CARTESIAN_POINT('',(18.5,1.73472347597681E-15,-8.25));
#3660=CARTESIAN_POINT('Origin',(19.7,1.20000000000001,-9.45));
#3661=CARTESIAN_POINT('',(20.2656854249492,1.76568542494924,10.0156854249492));
#3662=CARTESIAN_POINT('Origin',(19.7,1.20000000000001,9.45));
#3663=CARTESIAN_POINT('',(18.5,0.,8.25));
#3664=CARTESIAN_POINT('Origin',(-20.5,2.,-10.25));
#3665=CARTESIAN_POINT('',(-20.2656854249492,1.76568542494924,-10.0156854249492));
#3666=CARTESIAN_POINT('',(-18.5,-4.33680868994202E-16,-8.25));
#3667=CARTESIAN_POINT('Origin',(-19.7,1.20000000000001,-9.45));
#3668=CARTESIAN_POINT('Origin',(19.7,1.2,-9.45));
#3669=CARTESIAN_POINT('Origin',(-20.5,2.,10.25));
#3670=CARTESIAN_POINT('',(-20.2656854249492,1.76568542494924,10.0156854249492));
#3671=CARTESIAN_POINT('Origin',(-19.7,1.2,9.45));
#3672=CARTESIAN_POINT('',(-20.2656854249492,1.76568542494924,10.0156854249492));
#3673=CARTESIAN_POINT('Origin',(19.7,1.2,9.45));
#3674=CARTESIAN_POINT('Origin',(-20.5,2.,10.25));
#3675=CARTESIAN_POINT('Origin',(-19.7,1.2,-9.45));
#3676=CARTESIAN_POINT('Origin',(-19.7,1.2,9.45));
#3677=CARTESIAN_POINT('Origin',(-19.7,37.,-9.45));
#3678=CARTESIAN_POINT('Origin',(-19.7,36.6,-9.45));
#3679=CARTESIAN_POINT('Origin',(-19.7,37.,9.45));
#3680=CARTESIAN_POINT('Origin',(-19.7,36.6,9.45));
#3681=CARTESIAN_POINT('Origin',(19.7,37.,-9.45));
#3682=CARTESIAN_POINT('Origin',(19.7,36.6,-9.45));
#3683=CARTESIAN_POINT('Origin',(19.7,37.,9.45));
#3684=CARTESIAN_POINT('Origin',(19.7,36.6,9.45));
#3685=CARTESIAN_POINT('Origin',(-27.3,31.2,-9.25));
#3686=CARTESIAN_POINT('',(-26.3,31.2,-9.25));
#3687=CARTESIAN_POINT('Origin',(-27.3,31.2,9.25));
#3688=CARTESIAN_POINT('',(-26.3,28.8,9.25));
#3689=CARTESIAN_POINT('Origin',(-27.3,0.,1.15084094016022E-15));
#3690=CARTESIAN_POINT('',(-27.3,31.2,-8.25));
#3691=CARTESIAN_POINT('',(-27.3,31.2,-6.25000000000002));
#3692=CARTESIAN_POINT('Origin',(-24.,24.4,5.));
#3693=CARTESIAN_POINT('',(-25.6874537030686,28.8,6.25));
#3694=CARTESIAN_POINT('',(-25.6874537030686,28.8,3.75));
#3695=CARTESIAN_POINT('Origin',(6.65738176087587E-15,24.4,6.24999999999997));
#3696=CARTESIAN_POINT('Origin',(3.70911269534512E-15,24.4,3.74999999999997));
#3697=CARTESIAN_POINT('Origin',(-24.,24.4,-5.));
#3698=CARTESIAN_POINT('',(-25.6874537030686,28.8,-3.75));
#3699=CARTESIAN_POINT('',(-25.6874537030686,28.8,-6.25000000000003));
#3700=CARTESIAN_POINT('Origin',(3.22729985355055E-14,24.4,-3.74999999999978));
#3701=CARTESIAN_POINT('Origin',(-5.37883308925138E-14,24.4,-6.25000000000025));
#3702=CARTESIAN_POINT('Origin',(-26.3,0.,8.25));
#3703=CARTESIAN_POINT('Origin',(-26.3,0.,-8.25));
#3704=CARTESIAN_POINT('Origin',(-27.3,32.7,-0.5));
#3705=CARTESIAN_POINT('',(-27.3,31.2,-0.5));
#3706=CARTESIAN_POINT('Origin',(-27.3,32.7,0.5));
#3707=CARTESIAN_POINT('',(-27.3,31.2,0.5));
#3708=CARTESIAN_POINT('Origin',(-27.3,31.2,-1.));
#3709=CARTESIAN_POINT('Origin',(27.3,31.2,-9.25000000000001));
#3710=CARTESIAN_POINT('',(26.3,31.2,-9.25000000000001));
#3711=CARTESIAN_POINT('Origin',(27.3,31.2,9.24999999999999));
#3712=CARTESIAN_POINT('',(26.3,28.8,9.24999999999999));
#3713=CARTESIAN_POINT('Origin',(27.3,0.,-8.08973484406745E-15));
#3714=CARTESIAN_POINT('',(27.3,28.8,8.24999999999999));
#3715=CARTESIAN_POINT('',(27.3,31.2,6.24999999999999));
#3716=CARTESIAN_POINT('Origin',(24.,24.4,4.99999999999999));
#3717=CARTESIAN_POINT('',(25.6874537030686,28.8,3.74999999999999));
#3718=CARTESIAN_POINT('',(25.6874537030686,28.8,6.24999999999999));
#3719=CARTESIAN_POINT('Origin',(-2.43980283487429E-15,24.4,3.74999999999997));
#3720=CARTESIAN_POINT('Origin',(-4.54186532675782E-15,24.4,6.24999999999997));
#3721=CARTESIAN_POINT('Origin',(24.,24.4,-5.00000000000001));
#3722=CARTESIAN_POINT('',(25.6874537030686,28.8,-6.25000000000004));
#3723=CARTESIAN_POINT('',(25.6874537030686,28.8,-3.75000000000001));
#3724=CARTESIAN_POINT('Origin',(5.16728144583957E-14,24.4,-6.25000000000025));
#3725=CARTESIAN_POINT('Origin',(-3.35423083959763E-14,24.4,-3.74999999999978));
#3726=CARTESIAN_POINT('Origin',(26.3,31.2,8.24999999999999));
#3727=CARTESIAN_POINT('Origin',(26.3,31.2,-8.25000000000001));
#3728=CARTESIAN_POINT('Origin',(27.3,31.2,-1.00000000000001));
#3729=CARTESIAN_POINT('Origin',(13.320813272184,38.3,0.));
#3730=CARTESIAN_POINT('Origin',(-10.25,38.9,0.));
#3731=CARTESIAN_POINT('Ctrl Pts',(-5.12195212580842,38.9,-8.87499999999996));
#3732=CARTESIAN_POINT('Ctrl Pts',(-5.12195212580842,38.9504160564052,-8.87499999999996));
#3733=CARTESIAN_POINT('Ctrl Pts',(-5.1245056134964,39.0002558437375,-8.86547025660132));
#3734=CARTESIAN_POINT('Ctrl Pts',(-5.13449289768823,39.0944310798892,-8.82827728634866));
#3735=CARTESIAN_POINT('Ctrl Pts',(-5.14190107705958,39.1376123581466,-8.8007136004758));
#3736=CARTESIAN_POINT('Ctrl Pts',(-5.16091435882121,39.2124172183448,-8.7302087487106));
#3737=CARTESIAN_POINT('Ctrl Pts',(-5.17247219052857,39.242830127559,-8.6874547444859));
#3738=CARTESIAN_POINT('Ctrl Pts',(-5.19217424210151,39.2757910471136,-8.61488303955999));
#3739=CARTESIAN_POINT('Ctrl Pts',(-5.19941503737934,39.2846428853031,-8.58826481057051));
#3740=CARTESIAN_POINT('Ctrl Pts',(-5.21430304275434,39.2966650474958,-8.53365936512107));
#3741=CARTESIAN_POINT('Ctrl Pts',(-5.22192026929463,39.2997918817612,-8.5057826141512));
#3742=CARTESIAN_POINT('Ctrl Pts',(-5.22983344163245,39.2999966515446,-8.47688989337207));
#3743=CARTESIAN_POINT('Ctrl Pts',(-5.23009226515915,39.3,-8.47594494520559));
#3744=CARTESIAN_POINT('Ctrl Pts',(-5.23035110789608,39.3,-8.47499999999999));
#3745=CARTESIAN_POINT('Ctrl Pts',(-5.12195212580848,38.9,8.875));
#3746=CARTESIAN_POINT('Ctrl Pts',(-5.12195212580848,38.9504160564053,8.875));
#3747=CARTESIAN_POINT('Ctrl Pts',(-5.1245056134964,39.0002558437376,8.86547025660127));
#3748=CARTESIAN_POINT('Ctrl Pts',(-5.13449289768823,39.0944310798892,8.82827728634866));
#3749=CARTESIAN_POINT('Ctrl Pts',(-5.14190107705958,39.1376123581466,8.80071360047579));
#3750=CARTESIAN_POINT('Ctrl Pts',(-5.16091435882121,39.2124172183448,8.73020874871059));
#3751=CARTESIAN_POINT('Ctrl Pts',(-5.17247219052858,39.242830127559,8.6874547444859));
#3752=CARTESIAN_POINT('Ctrl Pts',(-5.19217424210158,39.2757910471137,8.61488303955982));
#3753=CARTESIAN_POINT('Ctrl Pts',(-5.19941503737946,39.2846428853033,8.58826481057016));
#3754=CARTESIAN_POINT('Ctrl Pts',(-5.2143030427546,39.296665047496,8.53365936512026));
#3755=CARTESIAN_POINT('Ctrl Pts',(-5.22192026929484,39.2997918817613,8.50578261415018));
#3756=CARTESIAN_POINT('Ctrl Pts',(-5.22983344163269,39.2999966515446,8.47688989337124));
#3757=CARTESIAN_POINT('Ctrl Pts',(-5.23009226515927,39.3,8.47594494520516));
#3758=CARTESIAN_POINT('Ctrl Pts',(-5.23035110789609,39.3,8.47499999999999));
#3759=CARTESIAN_POINT('Origin',(-10.25,38.9,8.475));
#3760=CARTESIAN_POINT('Origin',(14.4,38.9,8.475));
#3761=CARTESIAN_POINT('Origin',(-10.25,38.9,-8.475));
#3762=CARTESIAN_POINT('Origin',(14.4,38.9,-8.475));
#3763=CARTESIAN_POINT('Origin',(14.4,38.9,-7.23804799550342E-15));
#3764=CARTESIAN_POINT('Ctrl Pts',(-7.34046578897187,36.6005063308569,-10.25));
#3765=CARTESIAN_POINT('Ctrl Pts',(-7.34653036426765,37.0209502872288,-10.25));
#3766=CARTESIAN_POINT('Ctrl Pts',(-7.34633823954585,36.999997840531,-9.83007633284706));
#3767=CARTESIAN_POINT('Ctrl Pts',(-7.60642414639132,36.5968441521955,-10.25));
#3768=CARTESIAN_POINT('Ctrl Pts',(-7.56828286053464,36.9481837458528,-10.2499999999999));
#3769=CARTESIAN_POINT('Ctrl Pts',(-7.5904617287005,37.0000058545155,-9.90218834524418));
#3770=CARTESIAN_POINT('Ctrl Pts',(-8.10832750906001,36.6283250683165,-10.25));
#3771=CARTESIAN_POINT('Ctrl Pts',(-8.0463607804439,36.878110314208,-10.25));
#3772=CARTESIAN_POINT('Ctrl Pts',(-8.06653133762578,37.0000155002299,-10.0239799134951));
#3773=CARTESIAN_POINT('Ctrl Pts',(-8.84173578042074,36.7302116526535,-10.25));
#3774=CARTESIAN_POINT('Ctrl Pts',(-8.79885380541285,36.8784472186292,-10.2500000000001));
#3775=CARTESIAN_POINT('Ctrl Pts',(-8.79569951930194,37.0000170950611,-10.1548275171717));
#3776=CARTESIAN_POINT('Ctrl Pts',(-9.4285480767057,36.8367961333914,-10.25));
#3777=CARTESIAN_POINT('Ctrl Pts',(-9.40803034966693,36.9203389154145,-10.2499999999997));
#3778=CARTESIAN_POINT('Ctrl Pts',(-9.39705205904857,37.0000116977099,-10.2195581091463));
#3779=CARTESIAN_POINT('Ctrl Pts',(-9.89892865623128,36.9292511978315,-10.25));
#3780=CARTESIAN_POINT('Ctrl Pts',(-9.89081319137098,36.9645348954844,-10.2500000000005));
#3781=CARTESIAN_POINT('Ctrl Pts',(-9.88467195196152,37.0000052949267,-10.2456275573938));
#3782=CARTESIAN_POINT('Ctrl Pts',(-10.1305818930428,36.9759355115512,-10.25));
#3783=CARTESIAN_POINT('Ctrl Pts',(-10.1281569700728,36.9879686556048,-10.25));
#3784=CARTESIAN_POINT('Ctrl Pts',(-10.125732062567,37.0000018011834,-10.25));
#3785=CARTESIAN_POINT('Ctrl Pts',(-10.25,37.,-10.25));
#3786=CARTESIAN_POINT('Ctrl Pts',(-10.25,37.,-10.25));
#3787=CARTESIAN_POINT('Ctrl Pts',(-10.25,37.,-10.25));
#3788=CARTESIAN_POINT('Origin',(-7.41451062424845,36.6,-9.85));
#3789=CARTESIAN_POINT('Origin',(0.,36.6,-9.85));
#3790=CARTESIAN_POINT('Origin',(19.7,36.6,-9.85));
#3791=CARTESIAN_POINT('Ctrl Pts',(-7.14976556035524,36.9974958395287,9.75854006368446));
#3792=CARTESIAN_POINT('Ctrl Pts',(-7.15385443922788,37.1130186402125,10.2499999999993));
#3793=CARTESIAN_POINT('Ctrl Pts',(-7.12444101158494,36.6080752311527,10.25));
#3794=CARTESIAN_POINT('Ctrl Pts',(-7.45724459079962,37.0006077771732,9.85659215724835));
#3795=CARTESIAN_POINT('Ctrl Pts',(-7.41161865660582,36.982931299914,10.2500000000005));
#3796=CARTESIAN_POINT('Ctrl Pts',(-7.46423679427437,36.5886845397772,10.25));
#3797=CARTESIAN_POINT('Ctrl Pts',(-7.99759377884763,37.0037969763794,10.003850525123));
#3798=CARTESIAN_POINT('Ctrl Pts',(-7.964081153477,36.8839173582663,10.2499999999998));
#3799=CARTESIAN_POINT('Ctrl Pts',(-8.03797577578372,36.6185516609449,10.25));
#3800=CARTESIAN_POINT('Ctrl Pts',(-8.7956022323122,37.0043006688237,10.1514328770032));
#3801=CARTESIAN_POINT('Ctrl Pts',(-8.79799175070166,36.8814271925685,10.2500000000001));
#3802=CARTESIAN_POINT('Ctrl Pts',(-8.84173578042071,36.7302116526535,10.25));
#3803=CARTESIAN_POINT('Ctrl Pts',(-9.39664967431479,37.0029551625875,10.2184221027303));
#3804=CARTESIAN_POINT('Ctrl Pts',(-9.40763564714357,36.9219460401619,10.2499999999997));
#3805=CARTESIAN_POINT('Ctrl Pts',(-9.42854807670571,36.8367961333914,10.25));
#3806=CARTESIAN_POINT('Ctrl Pts',(-9.88444164756651,37.0013396034833,10.2454615296527));
#3807=CARTESIAN_POINT('Ctrl Pts',(-9.89065969002757,36.9652022749969,10.2500000000004));
#3808=CARTESIAN_POINT('Ctrl Pts',(-9.89892865623121,36.9292511978315,10.25));
#3809=CARTESIAN_POINT('Ctrl Pts',(-10.1256405845678,37.0004557435066,10.25));
#3810=CARTESIAN_POINT('Ctrl Pts',(-10.1281112307793,36.9881956267373,10.25));
#3811=CARTESIAN_POINT('Ctrl Pts',(-10.1305818930429,36.9759355115512,10.25));
#3812=CARTESIAN_POINT('Ctrl Pts',(-10.25,37.,10.25));
#3813=CARTESIAN_POINT('Ctrl Pts',(-10.25,37.,10.25));
#3814=CARTESIAN_POINT('Ctrl Pts',(-10.25,37.,10.25));
#3815=CARTESIAN_POINT('Origin',(-7.41451062424843,36.6,9.85));
#3816=CARTESIAN_POINT('Ctrl Pts',(19.7,37.,-9.85));
#3817=CARTESIAN_POINT('Ctrl Pts',(20.1,37.,-9.85));
#3818=CARTESIAN_POINT('Ctrl Pts',(20.1,37.,-9.45));
#3819=CARTESIAN_POINT('Ctrl Pts',(19.7,37.,-10.25));
#3820=CARTESIAN_POINT('Ctrl Pts',(20.5,37.,-10.25));
#3821=CARTESIAN_POINT('Ctrl Pts',(20.5,37.,-9.45));
#3822=CARTESIAN_POINT('Ctrl Pts',(19.7,36.6,-10.25));
#3823=CARTESIAN_POINT('Ctrl Pts',(20.5,36.6,-10.25));
#3824=CARTESIAN_POINT('Ctrl Pts',(20.5,36.6,-9.45));
#3825=CARTESIAN_POINT('Origin',(20.1,36.6,-9.45));
#3826=CARTESIAN_POINT('Origin',(0.,36.6,9.85));
#3827=CARTESIAN_POINT('Origin',(19.7,36.6,9.85));
#3828=CARTESIAN_POINT('Origin',(20.1,36.6,-3.40175042606184E-15));
#3829=CARTESIAN_POINT('Origin',(20.1,36.6,9.45));
#3830=CARTESIAN_POINT('Ctrl Pts',(20.1,37.,9.45));
#3831=CARTESIAN_POINT('Ctrl Pts',(20.1,37.,9.85));
#3832=CARTESIAN_POINT('Ctrl Pts',(19.7,37.,9.85));
#3833=CARTESIAN_POINT('Ctrl Pts',(20.5,37.,9.45));
#3834=CARTESIAN_POINT('Ctrl Pts',(20.5,37.,10.25));
#3835=CARTESIAN_POINT('Ctrl Pts',(19.7,37.,10.25));
#3836=CARTESIAN_POINT('Ctrl Pts',(20.5,36.6,9.45));
#3837=CARTESIAN_POINT('Ctrl Pts',(20.5,36.6,10.25));
#3838=CARTESIAN_POINT('Ctrl Pts',(19.7,36.6,10.25));
#3839=CARTESIAN_POINT('Ctrl Pts',(-20.0901675745928,36.9998791360031,2.83548937575167));
#3840=CARTESIAN_POINT('Ctrl Pts',(-20.5,37.0099562977989,2.83548937575167));
#3841=CARTESIAN_POINT('Ctrl Pts',(-20.5,36.6,2.83548937575167));
#3842=CARTESIAN_POINT('Ctrl Pts',(-20.1550667552418,37.001474908983,2.61267193664739));
#3843=CARTESIAN_POINT('Ctrl Pts',(-20.5000000000006,36.9485682900351,2.63039865561547));
#3844=CARTESIAN_POINT('Ctrl Pts',(-20.5,36.6000000161805,2.59469407239548));
#3845=CARTESIAN_POINT('Ctrl Pts',(-20.2717111301003,37.0035633439325,2.15888186738544));
#3846=CARTESIAN_POINT('Ctrl Pts',(-20.4999999999997,36.8831675025221,2.17746806592813));
#3847=CARTESIAN_POINT('Ctrl Pts',(-20.5,36.6316881305577,2.11746422367093));
#3848=CARTESIAN_POINT('Ctrl Pts',(-20.4016981381476,37.0039696830001,1.45439124679993));
#3849=CARTESIAN_POINT('Ctrl Pts',(-20.5000000000001,36.881195436973,1.45194120642898));
#3850=CARTESIAN_POINT('Ctrl Pts',(-20.5,36.7302116526535,1.40826421957922));
#3851=CARTESIAN_POINT('Ctrl Pts',(-20.4685110369505,37.0027268370395,0.853319342183759));
#3852=CARTESIAN_POINT('Ctrl Pts',(-20.5,36.9218211502804,0.842333680470273));
#3853=CARTESIAN_POINT('Ctrl Pts',(-20.5,36.8367961333914,0.821451923294377));
#3854=CARTESIAN_POINT('Ctrl Pts',(-20.4954745368873,37.0012359597201,0.365540514451373));
#3855=CARTESIAN_POINT('Ctrl Pts',(-20.5,36.9651504279783,0.359328384842592));
#3856=CARTESIAN_POINT('Ctrl Pts',(-20.5,36.9292511978313,0.351071343768649));
#3857=CARTESIAN_POINT('Ctrl Pts',(-20.5,37.0004204795572,0.124352309078754));
#3858=CARTESIAN_POINT('Ctrl Pts',(-20.5,36.9881779947656,0.121885216021374));
#3859=CARTESIAN_POINT('Ctrl Pts',(-20.5,36.9759355115516,0.119418106957404));
#3860=CARTESIAN_POINT('Ctrl Pts',(-20.5,37.,1.80880896483293E-15));
#3861=CARTESIAN_POINT('Ctrl Pts',(-20.5,37.,1.80880896483293E-15));
#3862=CARTESIAN_POINT('Ctrl Pts',(-20.5,37.,1.80880896483293E-15));
#3863=CARTESIAN_POINT('Origin',(-20.1,36.6,2.83548937575156));
#3864=CARTESIAN_POINT('Origin',(-20.1,36.6,3.40175042606184E-15));
#3865=CARTESIAN_POINT('Origin',(-20.1,36.6,9.45));
#3866=CARTESIAN_POINT('Ctrl Pts',(-19.7,37.,9.85));
#3867=CARTESIAN_POINT('Ctrl Pts',(-20.1,37.,9.85));
#3868=CARTESIAN_POINT('Ctrl Pts',(-20.1,37.,9.45));
#3869=CARTESIAN_POINT('Ctrl Pts',(-19.7,37.,10.25));
#3870=CARTESIAN_POINT('Ctrl Pts',(-20.5,37.,10.25));
#3871=CARTESIAN_POINT('Ctrl Pts',(-20.5,37.,9.45));
#3872=CARTESIAN_POINT('Ctrl Pts',(-19.7,36.6,10.25));
#3873=CARTESIAN_POINT('Ctrl Pts',(-20.5,36.6,10.25));
#3874=CARTESIAN_POINT('Ctrl Pts',(-20.5,36.6,9.45));
#3875=CARTESIAN_POINT('Origin',(-19.7,36.6,9.85));
#3876=CARTESIAN_POINT('Ctrl Pts',(-13.0854893757516,36.6,10.25));
#3877=CARTESIAN_POINT('Ctrl Pts',(-13.0854893757516,37.0099562977859,10.25));
#3878=CARTESIAN_POINT('Ctrl Pts',(-13.0854893757516,36.9998791360034,9.84016757460549));
#3879=CARTESIAN_POINT('Ctrl Pts',(-12.844694072437,36.6000000161805,10.25));
#3880=CARTESIAN_POINT('Ctrl Pts',(-12.8803986556491,36.9485682900359,10.2500000000002));
#3881=CARTESIAN_POINT('Ctrl Pts',(-12.8626719366882,37.0014749089809,9.90506675524154));
#3882=CARTESIAN_POINT('Ctrl Pts',(-12.3674642236516,36.6316881305576,10.25));
#3883=CARTESIAN_POINT('Ctrl Pts',(-12.4274680659147,36.8831675025113,10.2499999999999));
#3884=CARTESIAN_POINT('Ctrl Pts',(-12.4088818673673,37.0035633439281,10.0217111301144));
#3885=CARTESIAN_POINT('Ctrl Pts',(-11.6582642195845,36.7302116526535,10.25));
#3886=CARTESIAN_POINT('Ctrl Pts',(-11.7019412064299,36.8811954369705,10.2500000000001));
#3887=CARTESIAN_POINT('Ctrl Pts',(-11.7043912468052,37.003969682995,10.1516981381501));
#3888=CARTESIAN_POINT('Ctrl Pts',(-11.0714519232936,36.8367961333914,10.25));
#3889=CARTESIAN_POINT('Ctrl Pts',(-11.0923336804694,36.9218211502782,10.2499999999997));
#3890=CARTESIAN_POINT('Ctrl Pts',(-11.1033193421821,37.002726837036,10.2185110369521));
#3891=CARTESIAN_POINT('Ctrl Pts',(-10.6010713437689,36.9292511978315,10.25));
#3892=CARTESIAN_POINT('Ctrl Pts',(-10.6093283848428,36.9651504279779,10.2500000000004));
#3893=CARTESIAN_POINT('Ctrl Pts',(-10.615540514452,37.0012359597185,10.2454745368875));
#3894=CARTESIAN_POINT('Ctrl Pts',(-10.3694181069571,36.9759355115512,10.25));
#3895=CARTESIAN_POINT('Ctrl Pts',(-10.3718852160205,36.9881779947646,10.25));
#3896=CARTESIAN_POINT('Ctrl Pts',(-10.3743523090768,37.0004204795567,10.25));
#3897=CARTESIAN_POINT('Ctrl Pts',(-10.25,37.,10.25));
#3898=CARTESIAN_POINT('Ctrl Pts',(-10.25,37.,10.25));
#3899=CARTESIAN_POINT('Ctrl Pts',(-10.25,37.,10.25));
#3900=CARTESIAN_POINT('Origin',(-13.0854893757516,36.6,9.85));
#3901=CARTESIAN_POINT('Origin',(0.,36.6,9.85));
#3902=CARTESIAN_POINT('Ctrl Pts',(-13.3502344395537,36.9974958395283,-9.75854006370663));
#3903=CARTESIAN_POINT('Ctrl Pts',(-13.346145560659,37.1130186401826,-10.2500000000005));
#3904=CARTESIAN_POINT('Ctrl Pts',(-13.3755589883257,36.6080752311527,-10.25));
#3905=CARTESIAN_POINT('Ctrl Pts',(-13.0427554092699,37.0006077771728,-9.85659215722326));
#3906=CARTESIAN_POINT('Ctrl Pts',(-13.0883813434628,36.9829312999389,-10.2499999999997));
#3907=CARTESIAN_POINT('Ctrl Pts',(-13.0357632057938,36.5886845397772,-10.25));
#3908=CARTESIAN_POINT('Ctrl Pts',(-12.5024062211289,37.0037969763812,-10.0038505251266));
#3909=CARTESIAN_POINT('Ctrl Pts',(-12.5359188465085,36.8839173582636,-10.25));
#3910=CARTESIAN_POINT('Ctrl Pts',(-12.462024224194,36.6185516609449,-10.25));
#3911=CARTESIAN_POINT('Ctrl Pts',(-11.7043977676932,37.0043006688254,-10.1514328770001));
#3912=CARTESIAN_POINT('Ctrl Pts',(-11.7020082493006,36.8814271925708,-10.2500000000001));
#3913=CARTESIAN_POINT('Ctrl Pts',(-11.6582642195845,36.7302116526535,-10.25));
#3914=CARTESIAN_POINT('Ctrl Pts',(-11.1033503256849,37.0029551625888,-10.2184221027301));
#3915=CARTESIAN_POINT('Ctrl Pts',(-11.0923643528566,36.9219460401624,-10.2499999999997));
#3916=CARTESIAN_POINT('Ctrl Pts',(-11.0714519232936,36.8367961333914,-10.25));
#3917=CARTESIAN_POINT('Ctrl Pts',(-10.6155583524334,37.0013396034839,-10.2454615296526));
#3918=CARTESIAN_POINT('Ctrl Pts',(-10.6093403099723,36.9652022749973,-10.2500000000005));
#3919=CARTESIAN_POINT('Ctrl Pts',(-10.6010713437689,36.9292511978315,-10.25));
#3920=CARTESIAN_POINT('Ctrl Pts',(-10.3743594154328,37.0004557435068,-10.25));
#3921=CARTESIAN_POINT('Ctrl Pts',(-10.3718887692211,36.9881956267374,-10.25));
#3922=CARTESIAN_POINT('Ctrl Pts',(-10.3694181069571,36.9759355115512,-10.25));
#3923=CARTESIAN_POINT('Ctrl Pts',(-10.25,37.,-10.25));
#3924=CARTESIAN_POINT('Ctrl Pts',(-10.25,37.,-10.25));
#3925=CARTESIAN_POINT('Ctrl Pts',(-10.25,37.,-10.25));
#3926=CARTESIAN_POINT('Origin',(-13.0854893757516,36.6,-9.85));
#3927=CARTESIAN_POINT('Origin',(0.,36.6,-9.85));
#3928=CARTESIAN_POINT('Origin',(-19.7,36.6,-9.85));
#3929=CARTESIAN_POINT('Ctrl Pts',(-20.1,37.,-9.45));
#3930=CARTESIAN_POINT('Ctrl Pts',(-20.1,37.,-9.85));
#3931=CARTESIAN_POINT('Ctrl Pts',(-19.7,37.,-9.85));
#3932=CARTESIAN_POINT('Ctrl Pts',(-20.5,37.,-9.45));
#3933=CARTESIAN_POINT('Ctrl Pts',(-20.5,37.,-10.25));
#3934=CARTESIAN_POINT('Ctrl Pts',(-19.7,37.,-10.25));
#3935=CARTESIAN_POINT('Ctrl Pts',(-20.5,36.6,-9.45));
#3936=CARTESIAN_POINT('Ctrl Pts',(-20.5,36.6,-10.25));
#3937=CARTESIAN_POINT('Ctrl Pts',(-19.7,36.6,-10.25));
#3938=CARTESIAN_POINT('Origin',(-20.1,36.6,-9.45));
#3939=CARTESIAN_POINT('Ctrl Pts',(-20.5,36.6005063308259,-2.90953420875992));
#3940=CARTESIAN_POINT('Ctrl Pts',(-20.5,37.0209502865485,-2.90346963366013));
#3941=CARTESIAN_POINT('Ctrl Pts',(-20.0800763334631,36.9999978405311,-2.90366175837098));
#3942=CARTESIAN_POINT('Ctrl Pts',(-20.5,36.5968441522887,-2.64357585217086));
#3943=CARTESIAN_POINT('Ctrl Pts',(-20.5,36.9481837456293,-2.68171713791497));
#3944=CARTESIAN_POINT('Ctrl Pts',(-20.1521883455937,37.0000058545154,-2.6595382699381));
#3945=CARTESIAN_POINT('Ctrl Pts',(-20.5,36.6283250684187,-2.14167249018386));
#3946=CARTESIAN_POINT('Ctrl Pts',(-20.5,36.8781103142039,-2.20363921870732));
#3947=CARTESIAN_POINT('Ctrl Pts',(-20.2739799136324,37.0000155002294,-2.1834686616225));
#3948=CARTESIAN_POINT('Ctrl Pts',(-20.5,36.7302116526535,-1.40826421958459));
#3949=CARTESIAN_POINT('Ctrl Pts',(-20.5,36.8784472186297,-1.45114619458933));
#3950=CARTESIAN_POINT('Ctrl Pts',(-20.4048275171707,37.0000170950606,-1.45430048070335));
#3951=CARTESIAN_POINT('Ctrl Pts',(-20.5,36.8367961333914,-0.821451923293663));
#3952=CARTESIAN_POINT('Ctrl Pts',(-20.5,36.9203389154144,-0.841969650332833));
#3953=CARTESIAN_POINT('Ctrl Pts',(-20.4695581091466,37.0000116977095,-0.852947940950751));
#3954=CARTESIAN_POINT('Ctrl Pts',(-20.5,36.9292511978313,-0.351071343768831));
#3955=CARTESIAN_POINT('Ctrl Pts',(-20.5,36.964534895484,-0.359186808629054));
#3956=CARTESIAN_POINT('Ctrl Pts',(-20.4956275573938,37.0000052949266,-0.36532804803855));
#3957=CARTESIAN_POINT('Ctrl Pts',(-20.5,36.9759355115516,-0.119418106957286));
#3958=CARTESIAN_POINT('Ctrl Pts',(-20.5,36.9879686556054,-0.121843029927139));
#3959=CARTESIAN_POINT('Ctrl Pts',(-20.5,37.0000018011833,-0.124267937433129));
#3960=CARTESIAN_POINT('Ctrl Pts',(-20.5,37.,1.80880896483293E-15));
#3961=CARTESIAN_POINT('Ctrl Pts',(-20.5,37.,1.80880896483293E-15));
#3962=CARTESIAN_POINT('Ctrl Pts',(-20.5,37.,1.80880896483293E-15));
#3963=CARTESIAN_POINT('Origin',(-20.1,36.6,-2.83548937575157));
#3964=CARTESIAN_POINT('Origin',(-20.1,36.6,3.40175042606184E-15));
#3965=CARTESIAN_POINT('Origin',(-21.5,3.2,3.5));
#3966=CARTESIAN_POINT('',(-21.5,7.4,3.50000000000001));
#3967=CARTESIAN_POINT('',(-21.5,3.2,3.5));
#3968=CARTESIAN_POINT('Origin',(-21.5,7.4,-3.49999999999999));
#3969=CARTESIAN_POINT('',(-21.5,7.4,-3.49999999999999));
#3970=CARTESIAN_POINT('Origin',(-21.5,3.2,-3.5));
#3971=CARTESIAN_POINT('',(-21.5,3.2,-3.5));
#3972=CARTESIAN_POINT('Origin',(-21.5,3.2,-3.5));
#3973=CARTESIAN_POINT('Origin',(-21.5,3.55,3.15));
#3974=CARTESIAN_POINT('',(-25.5,6.7000453458963,2.80004534589631));
#3975=CARTESIAN_POINT('',(-25.5,6.7000453458963,2.80004534589631));
#3976=CARTESIAN_POINT('',(-25.5,3.8999546541037,2.80004534589631));
#3977=CARTESIAN_POINT('',(-25.5,6.7000453458963,2.80004534589631));
#3978=CARTESIAN_POINT('',(-25.5,3.8999546541037,2.80004534589631));
#3979=CARTESIAN_POINT('Origin',(-21.5,7.05,3.15000000000001));
#3980=CARTESIAN_POINT('',(-25.5,6.7000453458963,-2.8000453458963));
#3981=CARTESIAN_POINT('',(-25.5,6.7000453458963,-2.8000453458963));
#3982=CARTESIAN_POINT('',(-25.5,6.7000453458963,-2.8000453458963));
#3983=CARTESIAN_POINT('Origin',(-21.5,7.05,-3.15));
#3984=CARTESIAN_POINT('',(-25.5,3.8999546541037,-2.8000453458963));
#3985=CARTESIAN_POINT('',(-25.5,3.8999546541037,-2.8000453458963));
#3986=CARTESIAN_POINT('',(-25.5,3.8999546541037,-2.8000453458963));
#3987=CARTESIAN_POINT('Origin',(-21.5,3.55,-3.15));
#3988=CARTESIAN_POINT('',(-25.5,3.8999546541037,2.80004534589631));
#3989=CARTESIAN_POINT('Origin',(-25.5,0.,0.));
#3990=CARTESIAN_POINT('Origin',(-10.25,45.2,0.));
#3991=CARTESIAN_POINT('',(-10.25,45.2,10.5));
#3992=CARTESIAN_POINT('Origin',(-10.25,45.2,0.));
#3993=CARTESIAN_POINT('',(-19.1464903276372,45.2,-0.750000000000002));
#3994=CARTESIAN_POINT('Origin',(-19.1464903276372,45.2,0.));
#3995=CARTESIAN_POINT('',(-10.25,45.2,-4.64649032763725));
#3996=CARTESIAN_POINT('Origin',(-10.25,45.2,-3.89649032763725));
#3997=CARTESIAN_POINT('',(-1.3535096723628,45.2,-0.750000000000048));
#3998=CARTESIAN_POINT('Origin',(-1.3535096723628,45.2,-4.7350092190952E-14));
#3999=CARTESIAN_POINT('',(-3.8535096723628,45.2,-0.750000000000065));
#4000=CARTESIAN_POINT('Origin',(-3.8535096723628,45.2,-6.46480573892139E-14));
#4001=CARTESIAN_POINT('',(-6.3535096723628,45.2,-0.750000000000082));
#4002=CARTESIAN_POINT('Origin',(-6.3535096723628,45.2,-8.19460225874758E-14));
#4003=CARTESIAN_POINT('',(-10.25,45.2,-7.14649032763726));
#4004=CARTESIAN_POINT('Origin',(-10.25,45.2,-6.39649032763726));
#4005=CARTESIAN_POINT('',(-10.25,45.2,-9.64649032763726));
#4006=CARTESIAN_POINT('Origin',(-10.25,45.2,-8.89649032763726));
#4007=CARTESIAN_POINT('',(-14.1464903276372,45.2,-0.750000000000001));
#4008=CARTESIAN_POINT('Origin',(-14.1464903276372,45.2,-3.18882991907501E-16));
#4009=CARTESIAN_POINT('',(-16.6464903276372,45.2,-0.750000000000002));
#4010=CARTESIAN_POINT('Origin',(-16.6464903276372,45.2,-1.59441495953751E-16));
#4011=CARTESIAN_POINT('',(-10.25,45.2,8.14649032763714));
#4012=CARTESIAN_POINT('Origin',(-10.25,45.2,8.89649032763714));
#4013=CARTESIAN_POINT('',(-10.25,45.2,5.64649032763714));
#4014=CARTESIAN_POINT('Origin',(-10.25,45.2,6.39649032763714));
#4015=CARTESIAN_POINT('',(-10.25,45.2,3.14649032763714));
#4016=CARTESIAN_POINT('Origin',(-10.25,45.2,3.89649032763714));
#4017=CARTESIAN_POINT('Origin',(-10.25,47.4,0.));
#4018=CARTESIAN_POINT('',(-10.25,47.4,10.5));
#4019=CARTESIAN_POINT('Origin',(-10.25,47.4,0.));
#4020=CARTESIAN_POINT('',(-19.1464903276372,47.4,-0.750000000000002));
#4021=CARTESIAN_POINT('Origin',(-19.1464903276372,47.4,0.));
#4022=CARTESIAN_POINT('',(-10.25,47.4,-4.64649032763725));
#4023=CARTESIAN_POINT('Origin',(-10.25,47.4,-3.89649032763725));
#4024=CARTESIAN_POINT('',(-1.3535096723628,47.4,-0.750000000000048));
#4025=CARTESIAN_POINT('Origin',(-1.3535096723628,47.4,-4.7350092190952E-14));
#4026=CARTESIAN_POINT('',(-3.8535096723628,47.4,-0.750000000000065));
#4027=CARTESIAN_POINT('Origin',(-3.8535096723628,47.4,-6.46480573892139E-14));
#4028=CARTESIAN_POINT('',(-6.3535096723628,47.4,-0.750000000000082));
#4029=CARTESIAN_POINT('Origin',(-6.3535096723628,47.4,-8.19460225874758E-14));
#4030=CARTESIAN_POINT('',(-10.25,47.4,-7.14649032763726));
#4031=CARTESIAN_POINT('Origin',(-10.25,47.4,-6.39649032763726));
#4032=CARTESIAN_POINT('',(-10.25,47.4,-9.64649032763726));
#4033=CARTESIAN_POINT('Origin',(-10.25,47.4,-8.89649032763726));
#4034=CARTESIAN_POINT('',(-14.1464903276372,47.4,-0.750000000000001));
#4035=CARTESIAN_POINT('Origin',(-14.1464903276372,47.4,-3.18882991907501E-16));
#4036=CARTESIAN_POINT('',(-16.6464903276372,47.4,-0.750000000000002));
#4037=CARTESIAN_POINT('Origin',(-16.6464903276372,47.4,-1.59441495953751E-16));
#4038=CARTESIAN_POINT('',(-10.25,47.4,8.14649032763714));
#4039=CARTESIAN_POINT('Origin',(-10.25,47.4,8.89649032763714));
#4040=CARTESIAN_POINT('',(-10.25,47.4,5.64649032763714));
#4041=CARTESIAN_POINT('Origin',(-10.25,47.4,6.39649032763714));
#4042=CARTESIAN_POINT('',(-10.25,47.4,3.14649032763714));
#4043=CARTESIAN_POINT('Origin',(-10.25,47.4,3.89649032763714));
#4044=CARTESIAN_POINT('Origin',(-10.25,47.4,0.));
#4045=CARTESIAN_POINT('',(-10.25,47.4,10.5));
#4046=CARTESIAN_POINT('Origin',(-10.25,-0.001000000000001,3.89649032763714));
#4047=CARTESIAN_POINT('',(-10.25,-0.001000000000001,3.14649032763714));
#4048=CARTESIAN_POINT('Origin',(-10.25,-0.001000000000001,6.39649032763714));
#4049=CARTESIAN_POINT('',(-10.25,-0.001000000000001,5.64649032763714));
#4050=CARTESIAN_POINT('Origin',(-10.25,-0.001000000000001,8.89649032763714));
#4051=CARTESIAN_POINT('',(-10.25,-0.001000000000001,8.14649032763714));
#4052=CARTESIAN_POINT('Origin',(-16.6464903276372,-0.001000000000001,-1.59441495953751E-16));
#4053=CARTESIAN_POINT('',(-16.6464903276372,-0.001000000000001,-0.750000000000002));
#4054=CARTESIAN_POINT('Origin',(-14.1464903276372,-0.001000000000001,-3.18882991907501E-16));
#4055=CARTESIAN_POINT('',(-14.1464903276372,-0.001000000000001,-0.750000000000001));
#4056=CARTESIAN_POINT('Origin',(-10.25,-0.001000000000001,-8.89649032763726));
#4057=CARTESIAN_POINT('',(-10.25,-0.001000000000001,-9.64649032763726));
#4058=CARTESIAN_POINT('Origin',(-10.25,-0.001000000000001,-6.39649032763726));
#4059=CARTESIAN_POINT('',(-10.25,-0.001000000000001,-7.14649032763726));
#4060=CARTESIAN_POINT('Origin',(-6.3535096723628,-0.001000000000001,-8.19460225874758E-14));
#4061=CARTESIAN_POINT('',(-6.3535096723628,-0.001000000000001,-0.750000000000082));
#4062=CARTESIAN_POINT('Origin',(-3.8535096723628,-0.001000000000001,-6.46480573892139E-14));
#4063=CARTESIAN_POINT('',(-3.8535096723628,-0.001000000000001,-0.750000000000065));
#4064=CARTESIAN_POINT('Origin',(-1.3535096723628,-0.001000000000001,-4.7350092190952E-14));
#4065=CARTESIAN_POINT('',(-1.3535096723628,-0.001000000000001,-0.750000000000048));
#4066=CARTESIAN_POINT('Origin',(-10.25,-0.001000000000001,-3.89649032763725));
#4067=CARTESIAN_POINT('',(-10.25,-0.001000000000001,-4.64649032763725));
#4068=CARTESIAN_POINT('Origin',(-19.1464903276372,-0.001000000000001,0.));
#4069=CARTESIAN_POINT('',(-19.1464903276372,-0.001000000000001,-0.750000000000002));
#4070=UNCERTAINTY_MEASURE_WITH_UNIT(LENGTH_MEASURE(0.01),#4074,
'DISTANCE_ACCURACY_VALUE',
'Maximum model space distance between geometric entities at asserted c
onnectivities');
#4071=UNCERTAINTY_MEASURE_WITH_UNIT(LENGTH_MEASURE(0.01),#4074,
'DISTANCE_ACCURACY_VALUE',
'Maximum model space distance between geometric entities at asserted c
onnectivities');
#4072=(
GEOMETRIC_REPRESENTATION_CONTEXT(3)
GLOBAL_UNCERTAINTY_ASSIGNED_CONTEXT((#4070))
GLOBAL_UNIT_ASSIGNED_CONTEXT((#4074,#4076,#4077))
REPRESENTATION_CONTEXT('','3D')
);
#4073=(
GEOMETRIC_REPRESENTATION_CONTEXT(3)
GLOBAL_UNCERTAINTY_ASSIGNED_CONTEXT((#4071))
GLOBAL_UNIT_ASSIGNED_CONTEXT((#4074,#4076,#4077))
REPRESENTATION_CONTEXT('','3D')
);
#4074=(
LENGTH_UNIT()
NAMED_UNIT(*)
SI_UNIT(.MILLI.,.METRE.)
);
#4075=(
LENGTH_UNIT()
NAMED_UNIT(*)
SI_UNIT($,.METRE.)
);
#4076=(
NAMED_UNIT(*)
PLANE_ANGLE_UNIT()
SI_UNIT($,.RADIAN.)
);
#4077=(
NAMED_UNIT(*)
SI_UNIT($,.STERADIAN.)
SOLID_ANGLE_UNIT()
);
#4078=SHAPE_DEFINITION_REPRESENTATION(#4079,#4080);
#4079=PRODUCT_DEFINITION_SHAPE('',$,#4082);
#4080=SHAPE_REPRESENTATION('',(#2159),#4072);
#4081=PRODUCT_DEFINITION_CONTEXT('part definition',#4086,'design');
#4082=PRODUCT_DEFINITION('2026-09-15-00-08-25-925','Servo_Motor_MG996R',
#4083,#4081);
#4083=PRODUCT_DEFINITION_FORMATION('',$,#4088);
#4084=PRODUCT_RELATED_PRODUCT_CATEGORY('Servo_Motor_MG996R',
'Servo_Motor_MG996R',(#4088));
#4085=APPLICATION_PROTOCOL_DEFINITION('international standard',
'automotive_design',2009,#4086);
#4086=APPLICATION_CONTEXT(
'Core Data for Automotive Mechanical Design Process');
#4087=PRODUCT_CONTEXT('part definition',#4086,'mechanical');
#4088=PRODUCT('2026-09-15-00-08-25-925','Servo_Motor_MG996R',$,(#4087));
#4089=PRESENTATION_STYLE_ASSIGNMENT((#4094));
#4090=PRESENTATION_STYLE_ASSIGNMENT((#4095));
#4091=PRESENTATION_STYLE_ASSIGNMENT((#4096));
#4092=PRESENTATION_STYLE_ASSIGNMENT((#4097));
#4093=PRESENTATION_STYLE_ASSIGNMENT((#4098));
#4094=SURFACE_STYLE_USAGE(.BOTH.,#4099);
#4095=SURFACE_STYLE_USAGE(.BOTH.,#4100);
#4096=SURFACE_STYLE_USAGE(.BOTH.,#4101);
#4097=SURFACE_STYLE_USAGE(.BOTH.,#4102);
#4098=SURFACE_STYLE_USAGE(.BOTH.,#4103);
#4099=SURFACE_SIDE_STYLE('',(#4104));
#4100=SURFACE_SIDE_STYLE('',(#4105));
#4101=SURFACE_SIDE_STYLE('',(#4106));
#4102=SURFACE_SIDE_STYLE('',(#4107));
#4103=SURFACE_SIDE_STYLE('',(#4108));
#4104=SURFACE_STYLE_FILL_AREA(#4109);
#4105=SURFACE_STYLE_FILL_AREA(#4110);
#4106=SURFACE_STYLE_FILL_AREA(#4111);
#4107=SURFACE_STYLE_FILL_AREA(#4112);
#4108=SURFACE_STYLE_FILL_AREA(#4113);
#4109=FILL_AREA_STYLE('Steel - Satin',(#4114));
#4110=FILL_AREA_STYLE('Plastic - Matte (Yellow)',(#4115));
#4111=FILL_AREA_STYLE('Plastic - Matte (Red)',(#4116));
#4112=FILL_AREA_STYLE('Leather - Weathered',(#4117));
#4113=FILL_AREA_STYLE('Plastic - Matte (Black)',(#4118));
#4114=FILL_AREA_STYLE_COLOUR('Steel - Satin',#4119);
#4115=FILL_AREA_STYLE_COLOUR('Plastic - Matte (Yellow)',#4120);
#4116=FILL_AREA_STYLE_COLOUR('Plastic - Matte (Red)',#4121);
#4117=FILL_AREA_STYLE_COLOUR('Leather - Weathered',#4122);
#4118=FILL_AREA_STYLE_COLOUR('Plastic - Matte (Black)',#4123);
#4119=COLOUR_RGB('Steel - Satin',0.627450980392157,0.627450980392157,0.627450980392157);
#4120=COLOUR_RGB('Plastic - Matte (Yellow)',0.909803921568627,0.67843137254902,
0.137254901960784);
#4121=COLOUR_RGB('Plastic - Matte (Red)',0.768627450980392,0.207843137254902,
0.152941176470588);
#4122=COLOUR_RGB('Leather - Weathered',0.,0.,0.);
#4123=COLOUR_RGB('Plastic - Matte (Black)',0.0980392156862745,0.0980392156862745,
0.0980392156862745);
ENDSEC;
END-ISO-10303-21;
