ISO-10303-21;
HEADER;
/* Generated by software containing ST-Developer
 * from STEP Tools, Inc. (www.steptools.com) 
 */

FILE_DESCRIPTION(
/* description */ (''),
/* implementation_level */ '2;1');

FILE_NAME(
/* name */ 'base_link.step',
/* time_stamp */ '2026-09-21T22:43:52+05:30',
/* author */ (''),
/* organization */ (''),
/* preprocessor_version */ 'ST-DEVELOPER v20.2',
/* originating_system */ 'Autodesk Translation Framework v15.15.0.0',
/* authorisation */ '');

FILE_SCHEMA (('AUTOMOTIVE_DESIGN { 1 0 10303 214 3 1 1 }'));
ENDSEC;

DATA;
#10=MECHANICAL_DESIGN_GEOMETRIC_PRESENTATION_REPRESENTATION('',(#18,#19),
#6185);
#11=SHAPE_REPRESENTATION_RELATIONSHIP('SRR','None',#6192,#12);
#12=ADVANCED_BREP_SHAPE_REPRESENTATION('',(#20,#21),#6184);
#13=CONICAL_SURFACE('',#2010,3.23850000000001,0.715584993317679);
#14=CONICAL_SURFACE('',#2013,3.23850000000001,0.715584993317679);
#15=CONICAL_SURFACE('',#2016,3.23850000000001,0.715584993317679);
#16=CONICAL_SURFACE('',#2019,3.23850000000001,0.715584993317679);
#17=CONICAL_SURFACE('',#2022,3.23850000000001,0.715584993317679);
#18=STYLED_ITEM('',(#6202),#20);
#19=STYLED_ITEM('',(#6202),#21);
#20=MANIFOLD_SOLID_BREP('Body1',#1871);
#21=MANIFOLD_SOLID_BREP('Body2',#1872);
#22=SPHERICAL_SURFACE('',#1941,0.5);
#23=SPHERICAL_SURFACE('',#1947,0.5);
#24=SPHERICAL_SURFACE('',#1959,0.5);
#25=SPHERICAL_SURFACE('',#1961,0.5);
#26=SPHERICAL_SURFACE('',#1967,0.5);
#27=SPHERICAL_SURFACE('',#1973,0.5);
#28=SPHERICAL_SURFACE('',#2058,0.5);
#29=SPHERICAL_SURFACE('',#2064,0.5);
#30=ELLIPSE('',#1928,1.1180339887499,0.5);
#31=ELLIPSE('',#1930,1.11803398874989,0.5);
#32=ELLIPSE('',#1931,1.11803398874989,0.5);
#33=ELLIPSE('',#1933,1.1180339887499,0.5);
#34=TOROIDAL_SURFACE('',#1923,44.0239166678787,1.);
#35=TOROIDAL_SURFACE('',#2044,50.,1.);
#36=TOROIDAL_SURFACE('',#2046,60.125,0.5);
#37=TOROIDAL_SURFACE('',#2048,59.625,1.);
#38=TOROIDAL_SURFACE('',#2052,9.5,0.5);
#39=TOROIDAL_SURFACE('',#2068,9.5,0.5);
#40=TOROIDAL_SURFACE('',#2074,44.,1.);
#41=TOROIDAL_SURFACE('',#2081,44.,1.);
#42=TOROIDAL_SURFACE('',#2085,48.5,0.5);
#43=(
BOUNDED_SURFACE()
B_SPLINE_SURFACE(3,2,((#4214,#4215,#4216),(#4217,#4218,#4219),(#4220,#4221,
#4222),(#4223,#4224,#4225),(#4226,#4227,#4228),(#4229,#4230,#4231),(#4232,
#4233,#4234),(#4235,#4236,#4237),(#4238,#4239,#4240),(#4241,#4242,#4243),
(#4244,#4245,#4246),(#4247,#4248,#4249),(#4250,#4251,#4252),(#4253,#4254,
#4255),(#4256,#4257,#4258),(#4259,#4260,#4261),(#4262,#4263,#4264),(#4265,
#4266,#4267),(#4268,#4269,#4270),(#4271,#4272,#4273),(#4274,#4275,#4276),
(#4277,#4278,#4279)),.UNSPECIFIED.,.F.,.F.,.F.)
B_SPLINE_SURFACE_WITH_KNOTS((4,1,1,1,1,1,1,1,1,1,1,1,1,1,1,1,1,1,1,4),(3,
3),(0.0413987341149234,0.0416197059029582,0.0418406776909931,0.0422826212670629,
0.0431665084192024,0.0440503955713419,0.0449342827234814,0.0467020570277605,
0.0484698313320395,0.0502376056363185,0.0520053799405976,0.0537731542448766,
0.0555409285491557,0.0564248157012952,0.0573087028534347,0.0590764771577137,
0.0626120257662718,0.0643798000705508,0.0661475743748299,0.069683122983388),
(0.,1.),.UNSPECIFIED.)
GEOMETRIC_REPRESENTATION_ITEM()
RATIONAL_B_SPLINE_SURFACE(((1.,0.707106781186547,1.),(1.,0.707106781186547,
1.),(1.,0.707106781186547,1.),(1.,0.707106781186547,1.),(1.,0.707106781186547,
1.),(1.,0.707106781186547,1.),(1.,0.707106781186547,1.),(1.,0.707106781186549,
1.),(1.,0.707106781186547,1.),(1.,0.707106781186547,1.),(1.,0.707106781186549,
1.),(1.,0.707106781186547,1.),(1.,0.707106781186547,1.),(1.,0.707106781186546,
1.),(1.,0.707106781186549,1.),(1.,0.707106781186546,1.),(1.,0.707106781186548,
1.),(1.,0.707106781186547,1.),(1.,0.707106781186547,1.),(1.,0.707106781186548,
1.),(1.,0.707106781186542,1.),(1.,0.707106781186542,1.)))
REPRESENTATION_ITEM('')
SURFACE()
);
#44=(
BOUNDED_SURFACE()
B_SPLINE_SURFACE(3,2,((#4340,#4341,#4342),(#4343,#4344,#4345),(#4346,#4347,
#4348),(#4349,#4350,#4351),(#4352,#4353,#4354),(#4355,#4356,#4357),(#4358,
#4359,#4360),(#4361,#4362,#4363),(#4364,#4365,#4366),(#4367,#4368,#4369),
(#4370,#4371,#4372),(#4373,#4374,#4375),(#4376,#4377,#4378),(#4379,#4380,
#4381),(#4382,#4383,#4384),(#4385,#4386,#4387),(#4388,#4389,#4390),(#4391,
#4392,#4393),(#4394,#4395,#4396),(#4397,#4398,#4399),(#4400,#4401,#4402),
(#4403,#4404,#4405)),.UNSPECIFIED.,.F.,.F.,.F.)
B_SPLINE_SURFACE_WITH_KNOTS((4,1,1,1,1,1,1,1,1,1,1,1,1,1,1,1,1,1,1,4),(3,
3),(0.0421338485029156,0.0456687717678685,0.047436233400345,0.0492036950328215,
0.050971156665298,0.0527386182977745,0.054506079930251,0.0553898107464892,
0.0562735415627275,0.058041003195204,0.0598084648276805,0.0633433880926334,
0.0651108497251099,0.0668783113575864,0.0677620421738246,0.0686457729900629,
0.0695295038063011,0.0699713692144203,0.0701923019184798,0.0704132346225394),
(0.,1.),.UNSPECIFIED.)
GEOMETRIC_REPRESENTATION_ITEM()
RATIONAL_B_SPLINE_SURFACE(((1.,0.707106781186547,1.),(1.,0.707106781186547,
1.),(1.,0.707106781186547,1.),(1.,0.707106781186547,1.),(1.,0.707106781186547,
1.),(1.,0.707106781186547,1.),(1.,0.707106781186547,1.),(1.,0.707106781186548,
1.),(1.,0.707106781186546,1.),(1.,0.707106781186548,1.),(1.,0.707106781186547,
1.),(1.,0.707106781186548,1.),(1.,0.707106781186545,1.),(1.,0.707106781186547,
1.),(1.,0.707106781186549,1.),(1.,0.707106781186546,1.),(1.,0.70710678118655,
1.),(1.,0.70710678118654,1.),(1.,0.707106781186557,1.),(1.,0.707106781186545,
1.),(1.,0.707106781186547,1.),(1.,0.707106781186547,1.)))
REPRESENTATION_ITEM('')
SURFACE()
);
#45=(
BOUNDED_SURFACE()
B_SPLINE_SURFACE(3,2,((#4496,#4497,#4498),(#4499,#4500,#4501),(#4502,#4503,
#4504),(#4505,#4506,#4507),(#4508,#4509,#4510),(#4511,#4512,#4513),(#4514,
#4515,#4516),(#4517,#4518,#4519),(#4520,#4521,#4522),(#4523,#4524,#4525),
(#4526,#4527,#4528),(#4529,#4530,#4531),(#4532,#4533,#4534),(#4535,#4536,
#4537),(#4538,#4539,#4540),(#4541,#4542,#4543),(#4544,#4545,#4546),(#4547,
#4548,#4549)),.UNSPECIFIED.,.F.,.F.,.F.)
B_SPLINE_SURFACE_WITH_KNOTS((4,1,1,1,1,1,1,1,1,1,1,1,1,1,1,4),(3,3),(0.0436760083120969,
0.0438602549978728,0.0440445016836488,0.0444129950552007,0.0451499817983046,
0.0458869685414085,0.0466239552845124,0.0480979287707202,0.0495719022569279,
0.0510458757431357,0.0525198492293435,0.0539938227155512,0.0547308094586551,
0.0549150561444311,0.0550993028302071,0.055467796201759),(0.,1.),
 .UNSPECIFIED.)
GEOMETRIC_REPRESENTATION_ITEM()
RATIONAL_B_SPLINE_SURFACE(((1.,0.707106781186546,1.),(1.,0.707106781186546,
1.),(1.,0.707106781186546,1.),(1.,0.707106781186546,1.),(1.,0.707106781186546,
1.),(1.,0.707106781186546,1.),(1.,0.707106781186546,1.),(1.,0.707106781186546,
1.),(1.,0.707106781186546,1.),(1.,0.707106781186548,1.),(1.,0.70710678118654,
1.),(1.,0.707106781186557,1.),(1.,0.707106781186527,1.),(1.,0.70710678118657,
1.),(1.,0.707106781186523,1.),(1.,0.70710678118656,1.),(1.,0.707106781186546,
1.),(1.,0.707106781186546,1.)))
REPRESENTATION_ITEM('')
SURFACE()
);
#46=(
BOUNDED_SURFACE()
B_SPLINE_SURFACE(3,2,((#4564,#4565,#4566),(#4567,#4568,#4569),(#4570,#4571,
#4572),(#4573,#4574,#4575),(#4576,#4577,#4578),(#4579,#4580,#4581),(#4582,
#4583,#4584),(#4585,#4586,#4587),(#4588,#4589,#4590),(#4591,#4592,#4593),
(#4594,#4595,#4596),(#4597,#4598,#4599),(#4600,#4601,#4602),(#4603,#4604,
#4605),(#4606,#4607,#4608),(#4609,#4610,#4611),(#4612,#4613,#4614),(#4615,
#4616,#4617)),.UNSPECIFIED.,.F.,.F.,.F.)
B_SPLINE_SURFACE_WITH_KNOTS((4,1,1,1,1,1,1,1,1,1,1,1,1,1,1,4),(3,3),(0.0436760083120197,
0.0438602549977955,0.0440445016835713,0.0444129950551229,0.045149981798226,
0.0458869685413292,0.0466239552844324,0.0480979287706387,0.049571902256845,
0.0510458757430513,0.0525198492292576,0.053993822715464,0.0547308094585671,
0.0549150561443429,0.0550993028301187,0.0554677962016703),(0.,1.),
 .UNSPECIFIED.)
GEOMETRIC_REPRESENTATION_ITEM()
RATIONAL_B_SPLINE_SURFACE(((1.,0.707106781186546,1.),(1.,0.707106781186546,
1.),(1.,0.707106781186546,1.),(1.,0.707106781186547,1.),(1.,0.707106781186546,
1.),(1.,0.707106781186546,1.),(1.,0.707106781186547,1.),(1.,0.707106781186543,
1.),(1.,0.707106781186545,1.),(1.,0.707106781186554,1.),(1.,0.707106781186546,
1.),(1.,0.707106781186527,1.),(1.,0.707106781186607,1.),(1.,0.707106781186477,
1.),(1.,0.707106781186576,1.),(1.,0.707106781186525,1.),(1.,0.707106781186546,
1.),(1.,0.707106781186546,1.)))
REPRESENTATION_ITEM('')
SURFACE()
);
#47=(
BOUNDED_SURFACE()
B_SPLINE_SURFACE(3,2,((#4632,#4633,#4634),(#4635,#4636,#4637),(#4638,#4639,
#4640),(#4641,#4642,#4643),(#4644,#4645,#4646),(#4647,#4648,#4649),(#4650,
#4651,#4652),(#4653,#4654,#4655),(#4656,#4657,#4658),(#4659,#4660,#4661),
(#4662,#4663,#4664),(#4665,#4666,#4667),(#4668,#4669,#4670),(#4671,#4672,
#4673),(#4674,#4675,#4676),(#4677,#4678,#4679)),.UNSPECIFIED.,.F.,.F.,.F.)
B_SPLINE_SURFACE_WITH_KNOTS((4,1,1,1,1,1,1,1,1,1,1,1,1,4),(3,3),(-2.13370987545147E-16,
0.00356805024696667,0.00713610049393356,0.008920125617417,0.0107041507409004,
0.0142722009878673,0.0160562261113508,0.0178402512348342,0.0214083014818011,
0.0231923266052845,0.024976351728768,0.0267603768522514,0.0276523894139931,
0.0285444019757349),(0.,1.),.UNSPECIFIED.)
GEOMETRIC_REPRESENTATION_ITEM()
RATIONAL_B_SPLINE_SURFACE(((1.,0.707106781186546,1.),(1.,0.707106781186546,
1.),(1.,0.707106781186527,1.),(1.,0.707106781186549,1.),(1.,0.707106781186546,
1.),(1.,0.707106781186547,1.),(1.,0.707106781186546,1.),(1.,0.707106781186547,
1.),(1.,0.707106781186546,1.),(1.,0.707106781186547,1.),(1.,0.707106781186545,
1.),(1.,0.707106781186552,1.),(1.,0.707106781186548,1.),(1.,0.707106781186543,
1.),(1.,0.707106781186548,1.),(1.,0.707106781186548,1.)))
REPRESENTATION_ITEM('')
SURFACE()
);
#48=(
BOUNDED_SURFACE()
B_SPLINE_SURFACE(3,2,((#4681,#4682,#4683),(#4684,#4685,#4686),(#4687,#4688,
#4689),(#4690,#4691,#4692),(#4693,#4694,#4695),(#4696,#4697,#4698),(#4699,
#4700,#4701),(#4702,#4703,#4704),(#4705,#4706,#4707),(#4708,#4709,#4710),
(#4711,#4712,#4713),(#4714,#4715,#4716),(#4717,#4718,#4719),(#4720,#4721,
#4722),(#4723,#4724,#4725),(#4726,#4727,#4728)),.UNSPECIFIED.,.F.,.F.,.F.)
B_SPLINE_SURFACE_WITH_KNOTS((4,1,1,1,1,1,1,1,1,1,1,1,1,4),(3,3),(0.,0.00356805024696686,
0.00713610049393372,0.00892012561741715,0.0107041507409006,0.0142722009878674,
0.0160562261113509,0.0178402512348343,0.0214083014818012,0.0231923266052846,
0.024976351728768,0.0267603768522514,0.0276523894139932,0.0285444019757349),
(0.,1.),.UNSPECIFIED.)
GEOMETRIC_REPRESENTATION_ITEM()
RATIONAL_B_SPLINE_SURFACE(((1.,0.707106781186546,1.),(1.,0.707106781186546,
1.),(1.,0.707106781186546,1.),(1.,0.707106781186546,1.),(1.,0.707106781186546,
1.),(1.,0.707106781186546,1.),(1.,0.707106781186546,1.),(1.,0.707106781186546,
1.),(1.,0.707106781186547,1.),(1.,0.707106781186541,1.),(1.,0.707106781186555,
1.),(1.,0.707106781186519,1.),(1.,0.70710678118657,1.),(1.,0.70710678118651,
1.),(1.,0.707106781186546,1.),(1.,0.707106781186546,1.)))
REPRESENTATION_ITEM('')
SURFACE()
);
#49=(
BOUNDED_SURFACE()
B_SPLINE_SURFACE(3,2,((#4729,#4730,#4731),(#4732,#4733,#4734),(#4735,#4736,
#4737),(#4738,#4739,#4740),(#4741,#4742,#4743),(#4744,#4745,#4746),(#4747,
#4748,#4749),(#4750,#4751,#4752),(#4753,#4754,#4755),(#4756,#4757,#4758)),
 .UNSPECIFIED.,.F.,.F.,.F.)
B_SPLINE_SURFACE_WITH_KNOTS((4,1,1,1,1,1,1,4),(3,3),(0.00500064378630459,
0.00533306120883938,0.00566547863137417,0.00599789605390896,0.00633031347644375,
0.00699514832151332,0.00732756574404811,0.0076599831665829),(0.,1.),
 .UNSPECIFIED.)
GEOMETRIC_REPRESENTATION_ITEM()
RATIONAL_B_SPLINE_SURFACE(((1.,0.707106781186548,1.),(1.,0.715230738884164,
1.),(1.,0.730753766448544,1.),(1.,0.752468928883384,1.),(1.,0.771215256084822,
1.),(1.,0.792313060303356,1.),(1.,0.805746582092243,1.),(1.,0.810354817031123,
1.),(1.,0.809591334930194,1.),(1.,0.808437519474611,1.)))
REPRESENTATION_ITEM('')
SURFACE()
);
#50=(
BOUNDED_SURFACE()
B_SPLINE_SURFACE(3,2,((#4868,#4869,#4870),(#4871,#4872,#4873),(#4874,#4875,
#4876),(#4877,#4878,#4879),(#4880,#4881,#4882),(#4883,#4884,#4885),(#4886,
#4887,#4888),(#4889,#4890,#4891),(#4892,#4893,#4894),(#4895,#4896,#4897)),
 .UNSPECIFIED.,.F.,.F.,.F.)
B_SPLINE_SURFACE_WITH_KNOTS((4,1,1,1,1,1,1,4),(3,3),(0.0050006437863044,
0.00533306120883753,0.00566547863137065,0.00599789605390377,0.0063303134764369,
0.00699514832150315,0.00732756574403627,0.0076599831665694),(0.,1.),
 .UNSPECIFIED.)
GEOMETRIC_REPRESENTATION_ITEM()
RATIONAL_B_SPLINE_SURFACE(((1.,0.707106781186548,1.),(1.,0.715230738883574,
1.),(1.,0.730753766448662,1.),(1.,0.752468928883087,1.),(1.,0.771215256084526,
1.),(1.,0.792313060303011,1.),(1.,0.805746582091939,1.),(1.,0.810354817031041,
1.),(1.,0.809591334930122,1.),(1.,0.808437519474685,1.)))
REPRESENTATION_ITEM('')
SURFACE()
);
#51=(
BOUNDED_SURFACE()
B_SPLINE_SURFACE(3,2,((#5001,#5002,#5003),(#5004,#5005,#5006),(#5007,#5008,
#5009),(#5010,#5011,#5012),(#5013,#5014,#5015),(#5016,#5017,#5018),(#5019,
#5020,#5021),(#5022,#5023,#5024),(#5025,#5026,#5027),(#5028,#5029,#5030),
(#5031,#5032,#5033),(#5034,#5035,#5036),(#5037,#5038,#5039),(#5040,#5041,
#5042),(#5043,#5044,#5045),(#5046,#5047,#5048),(#5049,#5050,#5051),(#5052,
#5053,#5054),(#5055,#5056,#5057),(#5058,#5059,#5060)),.UNSPECIFIED.,.F.,
 .F.,.F.)
B_SPLINE_SURFACE_WITH_KNOTS((4,1,1,1,1,1,1,1,1,1,1,1,1,1,1,1,1,4),(3,3),
(0.0418804312643024,0.042336370301135,0.0427923093379677,0.0437041874116329,
0.0455279435589634,0.0473516997062938,0.0491754558536243,0.0509992120009548,
0.0528229681482852,0.0546467242956157,0.0564704804429462,0.0573823585166114,
0.0582942365902766,0.0601179927376071,0.063765505032268,0.0655892611795985,
0.067413017326929,0.0710605296215899),(0.,1.),.UNSPECIFIED.)
GEOMETRIC_REPRESENTATION_ITEM()
RATIONAL_B_SPLINE_SURFACE(((1.,0.707106781186548,1.),(1.,0.707106781186548,
1.),(1.,0.707106781186548,1.),(1.,0.707106781186548,1.),(1.,0.707106781186548,
1.),(1.,0.707106781186548,1.),(1.,0.707106781186548,1.),(1.,0.707106781186547,
1.),(1.,0.707106781186548,1.),(1.,0.707106781186547,1.),(1.,0.707106781186551,
1.),(1.,0.707106781186547,1.),(1.,0.707106781186548,1.),(1.,0.707106781186548,
1.),(1.,0.707106781186544,1.),(1.,0.707106781186548,1.),(1.,0.707106781186548,
1.),(1.,0.707106781186548,1.),(1.,0.707106781186548,1.),(1.,0.707106781186548,
1.)))
REPRESENTATION_ITEM('')
SURFACE()
);
#52=(
BOUNDED_SURFACE()
B_SPLINE_SURFACE(3,2,((#5065,#5066,#5067),(#5068,#5069,#5070),(#5071,#5072,
#5073),(#5074,#5075,#5076),(#5077,#5078,#5079),(#5080,#5081,#5082),(#5083,
#5084,#5085),(#5086,#5087,#5088),(#5089,#5090,#5091),(#5092,#5093,#5094),
(#5095,#5096,#5097),(#5098,#5099,#5100),(#5101,#5102,#5103),(#5104,#5105,
#5106),(#5107,#5108,#5109),(#5110,#5111,#5112),(#5113,#5114,#5115),(#5116,
#5117,#5118),(#5119,#5120,#5121),(#5122,#5123,#5124)),.UNSPECIFIED.,.F.,
 .F.,.F.)
B_SPLINE_SURFACE_WITH_KNOTS((4,1,1,1,1,1,1,1,1,1,1,1,1,1,1,1,1,4),(3,3),
(0.042803873423166,0.0464507603947167,0.048274203880492,0.0500976473662673,
0.0519210908520427,0.053744534337818,0.0555679778235933,0.056479699566481,
0.0573914213093687,0.059214864795144,0.0610383082809193,0.06468519525247,
0.0665086387382453,0.0683320822240207,0.070155525709796,0.0710672474526837,
0.0715231083241275,0.0719789691955713),(0.,1.),.UNSPECIFIED.)
GEOMETRIC_REPRESENTATION_ITEM()
RATIONAL_B_SPLINE_SURFACE(((1.,0.707106781186548,1.),(1.,0.707106781186548,
1.),(1.,0.707106781186547,1.),(1.,0.707106781186548,1.),(1.,0.707106781186547,
1.),(1.,0.707106781186551,1.),(1.,0.707106781186544,1.),(1.,0.707106781186548,
1.),(1.,0.707106781186548,1.),(1.,0.707106781186548,1.),(1.,0.707106781186548,
1.),(1.,0.707106781186547,1.),(1.,0.70710678118655,1.),(1.,0.707106781186551,
1.),(1.,0.707106781186547,1.),(1.,0.707106781186548,1.),(1.,0.707106781186548,
1.),(1.,0.707106781186548,1.),(1.,0.707106781186548,1.),(1.,0.707106781186548,
1.)))
REPRESENTATION_ITEM('')
SURFACE()
);
#53=(
BOUNDED_SURFACE()
B_SPLINE_SURFACE(3,2,((#5126,#5127,#5128),(#5129,#5130,#5131),(#5132,#5133,
#5134),(#5135,#5136,#5137),(#5138,#5139,#5140),(#5141,#5142,#5143),(#5144,
#5145,#5146),(#5147,#5148,#5149),(#5150,#5151,#5152)),.UNSPECIFIED.,.F.,
 .F.,.F.)
B_SPLINE_SURFACE_WITH_KNOTS((4,1,1,1,1,1,4),(3,3),(4.71238898038469,5.10508806208341,
5.49778714378214,5.6941366846315,5.89048622548086,6.08683576633022,6.28323559565616),
(-5.02884765752563E-5,1.00005028847611),.UNSPECIFIED.)
GEOMETRIC_REPRESENTATION_ITEM()
RATIONAL_B_SPLINE_SURFACE(((1.,1.,1.),(1.,0.999999999985519,1.),(1.00000266403581,
0.973511130515877,1.00000266403578),(1.0000114362587,0.88628772814814,1.00001143625859),
(1.00001930823012,0.808015648280733,1.00001930822994),(1.00002468645689,
0.754539209797405,1.00002468645666),(1.00002852536817,0.716368394069008,
1.00002852536791),(1.00002946002833,0.707074941306379,1.00002946002806),
(1.00002945978887,0.707077322312177,1.0000294597886)))
REPRESENTATION_ITEM('')
SURFACE()
);
#54=(
BOUNDED_SURFACE()
B_SPLINE_SURFACE(3,2,((#5167,#5168,#5169),(#5170,#5171,#5172),(#5173,#5174,
#5175),(#5176,#5177,#5178),(#5179,#5180,#5181),(#5182,#5183,#5184),(#5185,
#5186,#5187),(#5188,#5189,#5190),(#5191,#5192,#5193)),.UNSPECIFIED.,.F.,
 .F.,.F.)
B_SPLINE_SURFACE_WITH_KNOTS((4,1,1,1,1,1,4),(3,3),(4.71238898038469,5.10508806208341,
5.49778714378214,5.6941366846315,5.89048622548086,6.08683576633022,6.28323559565622),
(-5.02884762083185E-5,1.00005028847663),.UNSPECIFIED.)
GEOMETRIC_REPRESENTATION_ITEM()
RATIONAL_B_SPLINE_SURFACE(((1.,1.,1.),(1.,0.999999999985519,1.),(1.00000266403579,
0.973511130515874,1.00000266403581),(1.00001143625861,0.886287728148122,
1.00001143625871),(1.00001930822998,0.808015648280705,1.00001930823014),
(1.00002468645671,0.754539209797366,1.00002468645692),(1.00002852536796,
0.71636839406896,1.0000285253682),(1.00002946002812,0.707074941306331,1.00002946002836),
(1.00002945978865,0.707077322312132,1.0000294597889)))
REPRESENTATION_ITEM('')
SURFACE()
);
#55=(
BOUNDED_SURFACE()
B_SPLINE_SURFACE(3,2,((#5198,#5199,#5200),(#5201,#5202,#5203),(#5204,#5205,
#5206),(#5207,#5208,#5209),(#5210,#5211,#5212),(#5213,#5214,#5215),(#5216,
#5217,#5218),(#5219,#5220,#5221),(#5222,#5223,#5224),(#5225,#5226,#5227),
(#5228,#5229,#5230),(#5231,#5232,#5233),(#5234,#5235,#5236)),
 .UNSPECIFIED.,.F.,.F.,.F.)
B_SPLINE_SURFACE_WITH_KNOTS((4,1,1,1,1,1,1,1,1,1,4),(3,3),(0.,0.000423085972105283,
0.000634628958157925,0.000846171944210567,0.00105771493026321,0.00116348642328953,
0.00126925791631585,0.00137502940934217,0.00148080090236849,0.00158657239539481,
0.00169234388842113),(0.,1.),.UNSPECIFIED.)
GEOMETRIC_REPRESENTATION_ITEM()
RATIONAL_B_SPLINE_SURFACE(((1.,0.707106781186567,1.),(1.,0.726972750411858,
1.),(1.,0.760858719583338,1.),(1.,0.817159285694799,1.),(1.,0.863010435630476,
1.),(1.,0.902987796304765,1.),(1.,0.932830810187348,1.),(1.,0.952347798861311,
1.),(1.,0.965558102459731,1.),(1.,0.966243845709388,1.),(1.,0.954049311719321,
1.),(1.,0.941321042766846,1.),(1.,0.93445324292446,1.)))
REPRESENTATION_ITEM('')
SURFACE()
);
#56=(
BOUNDED_SURFACE()
B_SPLINE_SURFACE(3,2,((#5258,#5259,#5260),(#5261,#5262,#5263),(#5264,#5265,
#5266),(#5267,#5268,#5269),(#5270,#5271,#5272),(#5273,#5274,#5275),(#5276,
#5277,#5278),(#5279,#5280,#5281),(#5282,#5283,#5284),(#5285,#5286,#5287),
(#5288,#5289,#5290),(#5291,#5292,#5293),(#5294,#5295,#5296)),
 .UNSPECIFIED.,.F.,.F.,.F.)
B_SPLINE_SURFACE_WITH_KNOTS((4,1,1,1,1,1,1,1,1,1,4),(3,3),(0.,0.000423085972105387,
0.000634628958158081,0.000846171944210775,0.00105771493026347,0.00116348642328982,
0.00126925791631616,0.00137502940934251,0.00148080090236886,0.0015865723953952,
0.00169234388842155),(0.,1.),.UNSPECIFIED.)
GEOMETRIC_REPRESENTATION_ITEM()
RATIONAL_B_SPLINE_SURFACE(((1.,0.707106781186567,1.),(1.,0.726972750412565,
1.),(1.,0.760858719583189,1.),(1.,0.817159285694867,1.),(1.,0.863010435630499,
1.),(1.,0.902987796304812,1.),(1.,0.932830810187412,1.),(1.,0.952347798861367,
1.),(1.,0.965558102459786,1.),(1.,0.966243845709356,1.),(1.,0.954049311719419,
1.),(1.,0.941321042766619,1.),(1.,0.93445324292443,1.)))
REPRESENTATION_ITEM('')
SURFACE()
);
#57=(
BOUNDED_SURFACE()
B_SPLINE_SURFACE(3,2,((#6025,#6026,#6027),(#6028,#6029,#6030),(#6031,#6032,
#6033),(#6034,#6035,#6036),(#6037,#6038,#6039),(#6040,#6041,#6042),(#6043,
#6044,#6045),(#6046,#6047,#6048),(#6049,#6050,#6051),(#6052,#6053,#6054)),
 .UNSPECIFIED.,.F.,.F.,.F.)
B_SPLINE_SURFACE_WITH_KNOTS((4,1,1,1,1,1,1,4),(3,3),(0.00494677702130602,
0.00540296747384602,0.00563106270011602,0.00585915792638602,0.00608725315265602,
0.00631534837892602,0.00654344360519602,0.00677153883146602),(0.,1.),
 .UNSPECIFIED.)
GEOMETRIC_REPRESENTATION_ITEM()
RATIONAL_B_SPLINE_SURFACE(((1.,0.707106781186548,1.),(1.,0.697201788307856,
1.),(1.,0.681885365564948,1.),(1.,0.660515637680711,1.),(1.,0.645017781827597,
1.),(1.,0.629869120162333,1.),(1.,0.616107951791534,1.),(1.,0.604052407666136,
1.),(1.,0.597496177704603,1.),(1.,0.594736571355467,1.)))
REPRESENTATION_ITEM('')
SURFACE()
);
#58=(
BOUNDED_SURFACE()
B_SPLINE_SURFACE(3,2,((#6057,#6058,#6059),(#6060,#6061,#6062),(#6063,#6064,
#6065),(#6066,#6067,#6068)),.UNSPECIFIED.,.F.,.F.,.F.)
B_SPLINE_SURFACE_WITH_KNOTS((4,4),(3,3),(-3.46944695195361E-18,0.000575498166104294),
(0.,1.),.UNSPECIFIED.)
GEOMETRIC_REPRESENTATION_ITEM()
RATIONAL_B_SPLINE_SURFACE(((1.,0.583874208121142,1.),(1.,0.584077636387503,
1.),(1.,0.588038245225377,1.),(1.,0.594736571355482,1.)))
REPRESENTATION_ITEM('')
SURFACE()
);
#59=(
BOUNDED_SURFACE()
B_SPLINE_SURFACE(3,2,((#6074,#6075,#6076),(#6077,#6078,#6079),(#6080,#6081,
#6082),(#6083,#6084,#6085),(#6086,#6087,#6088),(#6089,#6090,#6091),(#6092,
#6093,#6094),(#6095,#6096,#6097),(#6098,#6099,#6100),(#6101,#6102,#6103)),
 .UNSPECIFIED.,.F.,.F.,.F.)
B_SPLINE_SURFACE_WITH_KNOTS((4,1,1,1,1,1,1,4),(3,3),(0.00494677702130599,
0.00540296747384599,0.00563106270011599,0.00585915792638599,0.00608725315265599,
0.00631534837892599,0.00654344360519599,0.00677153883146599),(0.,1.),
 .UNSPECIFIED.)
GEOMETRIC_REPRESENTATION_ITEM()
RATIONAL_B_SPLINE_SURFACE(((1.,0.707106781186548,1.),(1.,0.697201788307728,
1.),(1.,0.681885365564975,1.),(1.,0.660515637680709,1.),(1.,0.645017781827586,
1.),(1.,0.629869120162381,1.),(1.,0.61610795179135,1.),(1.,0.604052407666823,
1.),(1.,0.597496177703122,1.),(1.,0.594736571355481,1.)))
REPRESENTATION_ITEM('')
SURFACE()
);
#60=(
BOUNDED_SURFACE()
B_SPLINE_SURFACE(3,2,((#6105,#6106,#6107),(#6108,#6109,#6110),(#6111,#6112,
#6113),(#6114,#6115,#6116),(#6117,#6118,#6119),(#6120,#6121,#6122),(#6123,
#6124,#6125),(#6126,#6127,#6128),(#6129,#6130,#6131),(#6132,#6133,#6134),
(#6135,#6136,#6137)),.UNSPECIFIED.,.F.,.F.,.F.)
B_SPLINE_SURFACE_WITH_KNOTS((4,1,1,1,1,1,1,1,4),(3,3),(0.,0.000299972446006728,
0.000599944892013455,0.000899917338020183,0.00119988978402691,0.00149986223003364,
0.00179983467604037,0.00209980712204709,0.00239977956805382),(0.,1.),
 .UNSPECIFIED.)
GEOMETRIC_REPRESENTATION_ITEM()
RATIONAL_B_SPLINE_SURFACE(((1.,0.707106781186548,1.),(1.,0.700595465032975,
1.),(1.,0.687353216895215,1.),(1.,0.666403078254708,1.),(1.,0.645802794456796,
1.),(1.,0.625960357422966,1.),(1.,0.608740119451813,1.),(1.,0.594831476239041,
1.),(1.,0.585997955714572,1.),(1.,0.58387420855778,1.),(1.,0.583874208121142,
1.)))
REPRESENTATION_ITEM('')
SURFACE()
);
#61=(
BOUNDED_SURFACE()
B_SPLINE_SURFACE(3,2,((#6139,#6140,#6141),(#6142,#6143,#6144),(#6145,#6146,
#6147),(#6148,#6149,#6150)),.UNSPECIFIED.,.F.,.F.,.F.)
B_SPLINE_SURFACE_WITH_KNOTS((4,4),(3,3),(-5.42101086242752E-20,0.000575498166104294),
(0.,1.),.UNSPECIFIED.)
GEOMETRIC_REPRESENTATION_ITEM()
RATIONAL_B_SPLINE_SURFACE(((1.,0.583874208121141,1.),(1.,0.584077636387858,
1.),(1.,0.588038245225011,1.),(1.,0.594736571355483,1.)))
REPRESENTATION_ITEM('')
SURFACE()
);
#62=(
BOUNDED_SURFACE()
B_SPLINE_SURFACE(3,2,((#6156,#6157,#6158),(#6159,#6160,#6161),(#6162,#6163,
#6164),(#6165,#6166,#6167),(#6168,#6169,#6170),(#6171,#6172,#6173),(#6174,
#6175,#6176),(#6177,#6178,#6179)),.UNSPECIFIED.,.F.,.F.,.F.)
B_SPLINE_SURFACE_WITH_KNOTS((4,1,1,1,1,4),(3,3),(0.,0.000299964969336938,
0.000599929938673876,0.00119985987734775,0.00179978981602163,0.0023997197546955),
(0.,1.),.UNSPECIFIED.)
GEOMETRIC_REPRESENTATION_ITEM()
RATIONAL_B_SPLINE_SURFACE(((1.,0.583874208121141,1.),(1.,0.583874208944446,
1.),(1.,0.585909550606047,1.),(1.,0.5977912052216,1.),(1.,0.624815716063791,
1.),(1.,0.66636923460094,1.),(1.,0.694094540693707,1.),(1.,0.707106781186548,
1.)))
REPRESENTATION_ITEM('')
SURFACE()
);
#63=B_SPLINE_SURFACE_WITH_KNOTS('',3,1,((#3545,#3546),(#3547,#3548),(#3549,
#3550),(#3551,#3552)),.UNSPECIFIED.,.F.,.F.,.F.,(4,4),(2,2),(0.0024675489919501,
1.),(0.,0.300000000000015),.UNSPECIFIED.);
#64=B_SPLINE_SURFACE_WITH_KNOTS('',3,1,((#3590,#3591),(#3592,#3593),(#3594,
#3595),(#3596,#3597)),.UNSPECIFIED.,.F.,.F.,.F.,(4,4),(2,2),(0.,0.997532451008252),
(0.,0.3),.UNSPECIFIED.);
#65=B_SPLINE_SURFACE_WITH_KNOTS('',3,1,((#3888,#3889),(#3890,#3891),(#3892,
#3893),(#3894,#3895)),.UNSPECIFIED.,.F.,.F.,.F.,(4,4),(2,2),(0.,0.49999999999985),
(0.,0.42),.UNSPECIFIED.);
#66=B_SPLINE_SURFACE_WITH_KNOTS('',3,1,((#3916,#3917),(#3918,#3919),(#3920,
#3921),(#3922,#3923)),.UNSPECIFIED.,.F.,.F.,.F.,(4,4),(2,2),(0.,0.49999999999985),
(0.,0.42),.UNSPECIFIED.);
#67=B_SPLINE_SURFACE_WITH_KNOTS('',3,1,((#3939,#3940),(#3941,#3942),(#3943,
#3944),(#3945,#3946)),.UNSPECIFIED.,.F.,.F.,.F.,(4,4),(2,2),(0.271564142958117,
0.760714960177676),(0.,0.42),.UNSPECIFIED.);
#68=B_SPLINE_SURFACE_WITH_KNOTS('',3,1,((#4026,#4027),(#4028,#4029),(#4030,
#4031),(#4032,#4033)),.UNSPECIFIED.,.F.,.F.,.F.,(4,4),(2,2),(0.271564142957347,
0.760714960177674),(0.,0.42),.UNSPECIFIED.);
#69=CYLINDRICAL_SURFACE('',#1903,45.0239166678787);
#70=CYLINDRICAL_SURFACE('',#1912,5.);
#71=CYLINDRICAL_SURFACE('',#1913,5.);
#72=CYLINDRICAL_SURFACE('',#1914,5.);
#73=CYLINDRICAL_SURFACE('',#1915,5.);
#74=CYLINDRICAL_SURFACE('',#1916,1.29999999999998);
#75=CYLINDRICAL_SURFACE('',#1920,1.29999999999998);
#76=CYLINDRICAL_SURFACE('',#1924,0.5);
#77=CYLINDRICAL_SURFACE('',#1927,0.5);
#78=CYLINDRICAL_SURFACE('',#1929,0.5);
#79=CYLINDRICAL_SURFACE('',#1932,0.5);
#80=CYLINDRICAL_SURFACE('',#1936,0.5);
#81=CYLINDRICAL_SURFACE('',#1943,0.5);
#82=CYLINDRICAL_SURFACE('',#1945,0.5);
#83=CYLINDRICAL_SURFACE('',#1951,0.5);
#84=CYLINDRICAL_SURFACE('',#1953,0.5);
#85=CYLINDRICAL_SURFACE('',#1955,0.5);
#86=CYLINDRICAL_SURFACE('',#1957,0.5);
#87=CYLINDRICAL_SURFACE('',#1963,0.5);
#88=CYLINDRICAL_SURFACE('',#1965,0.5);
#89=CYLINDRICAL_SURFACE('',#1969,0.5);
#90=CYLINDRICAL_SURFACE('',#1971,0.5);
#91=CYLINDRICAL_SURFACE('',#1974,45.);
#92=CYLINDRICAL_SURFACE('',#1980,49.);
#93=CYLINDRICAL_SURFACE('',#2003,60.625);
#94=CYLINDRICAL_SURFACE('',#2008,1.63194999999999);
#95=CYLINDRICAL_SURFACE('',#2011,1.63194999999999);
#96=CYLINDRICAL_SURFACE('',#2014,1.63194999999999);
#97=CYLINDRICAL_SURFACE('',#2017,1.63194999999999);
#98=CYLINDRICAL_SURFACE('',#2020,1.63194999999999);
#99=CYLINDRICAL_SURFACE('',#2023,5.);
#100=CYLINDRICAL_SURFACE('',#2035,10.);
#101=CYLINDRICAL_SURFACE('',#2038,1.30000000000001);
#102=CYLINDRICAL_SURFACE('',#2041,1.30000000000001);
#103=CYLINDRICAL_SURFACE('',#2050,0.5);
#104=CYLINDRICAL_SURFACE('',#2054,0.5);
#105=CYLINDRICAL_SURFACE('',#2056,0.5);
#106=CYLINDRICAL_SURFACE('',#2060,0.5);
#107=CYLINDRICAL_SURFACE('',#2062,0.5);
#108=CYLINDRICAL_SURFACE('',#2066,0.5);
#109=CYLINDRICAL_SURFACE('',#2070,0.5);
#110=CYLINDRICAL_SURFACE('',#2076,1.);
#111=CYLINDRICAL_SURFACE('',#2083,1.);
#112=FACE_BOUND('',#362,.T.);
#113=FACE_BOUND('',#365,.T.);
#114=FACE_BOUND('',#368,.T.);
#115=FACE_BOUND('',#369,.T.);
#116=FACE_BOUND('',#371,.T.);
#117=FACE_BOUND('',#376,.T.);
#118=FACE_BOUND('',#387,.T.);
#119=FACE_BOUND('',#389,.T.);
#120=FACE_BOUND('',#433,.T.);
#121=FACE_BOUND('',#434,.T.);
#122=FACE_BOUND('',#437,.T.);
#123=FACE_BOUND('',#440,.T.);
#124=FACE_BOUND('',#442,.T.);
#125=FACE_BOUND('',#443,.T.);
#126=FACE_BOUND('',#444,.T.);
#127=FACE_BOUND('',#445,.T.);
#128=FACE_BOUND('',#446,.T.);
#129=FACE_BOUND('',#447,.T.);
#130=FACE_BOUND('',#449,.T.);
#131=FACE_BOUND('',#450,.T.);
#132=FACE_BOUND('',#451,.T.);
#133=FACE_BOUND('',#452,.T.);
#134=FACE_BOUND('',#453,.T.);
#135=FACE_BOUND('',#454,.T.);
#136=FACE_BOUND('',#469,.T.);
#137=FACE_BOUND('',#470,.T.);
#138=CIRCLE('',#1887,5.);
#139=CIRCLE('',#1888,5.);
#140=CIRCLE('',#1889,5.);
#141=CIRCLE('',#1890,5.);
#142=CIRCLE('',#1893,5.);
#143=CIRCLE('',#1894,5.);
#144=CIRCLE('',#1895,5.);
#145=CIRCLE('',#1896,5.);
#146=CIRCLE('',#1899,1.29999999999998);
#147=CIRCLE('',#1900,1.29999999999998);
#148=CIRCLE('',#1902,44.0239166678787);
#149=CIRCLE('',#1904,45.0239166678787);
#150=CIRCLE('',#1905,45.0239166678787);
#151=CIRCLE('',#1917,1.29999999999998);
#152=CIRCLE('',#1918,1.29999999999998);
#153=CIRCLE('',#1921,1.29999999999998);
#154=CIRCLE('',#1925,0.5);
#155=CIRCLE('',#1926,0.5);
#156=CIRCLE('',#1934,0.5);
#157=CIRCLE('',#1935,0.5);
#158=CIRCLE('',#1937,0.5);
#159=CIRCLE('',#1938,0.5);
#160=CIRCLE('',#1939,0.5);
#161=CIRCLE('',#1940,0.5);
#162=CIRCLE('',#1942,0.5);
#163=CIRCLE('',#1944,0.5);
#164=CIRCLE('',#1946,0.5);
#165=CIRCLE('',#1948,0.5);
#166=CIRCLE('',#1949,0.5);
#167=CIRCLE('',#1950,0.5);
#168=CIRCLE('',#1952,0.5);
#169=CIRCLE('',#1954,0.5);
#170=CIRCLE('',#1956,0.5);
#171=CIRCLE('',#1958,0.5);
#172=CIRCLE('',#1960,0.5);
#173=CIRCLE('',#1962,0.5);
#174=CIRCLE('',#1964,0.5);
#175=CIRCLE('',#1966,0.5);
#176=CIRCLE('',#1968,0.5);
#177=CIRCLE('',#1970,0.5);
#178=CIRCLE('',#1972,0.5);
#179=CIRCLE('',#1975,45.);
#180=CIRCLE('',#1976,45.);
#181=CIRCLE('',#1977,45.);
#182=CIRCLE('',#1978,45.);
#183=CIRCLE('',#1981,49.);
#184=CIRCLE('',#1982,49.);
#185=CIRCLE('',#1983,49.);
#186=CIRCLE('',#1984,49.);
#187=CIRCLE('',#1987,48.5);
#188=CIRCLE('',#1989,59.625);
#189=CIRCLE('',#1990,3.23850000000001);
#190=CIRCLE('',#1991,50.);
#191=CIRCLE('',#1992,3.23850000000001);
#192=CIRCLE('',#1993,3.23850000000001);
#193=CIRCLE('',#1994,3.23850000000001);
#194=CIRCLE('',#1995,3.23850000000001);
#195=CIRCLE('',#1997,60.125);
#196=CIRCLE('',#1998,1.63194999999999);
#197=CIRCLE('',#1999,1.63194999999999);
#198=CIRCLE('',#2000,1.63194999999999);
#199=CIRCLE('',#2001,1.63194999999999);
#200=CIRCLE('',#2002,1.63194999999999);
#201=CIRCLE('',#2004,60.625);
#202=CIRCLE('',#2005,60.625);
#203=CIRCLE('',#2006,60.625);
#204=CIRCLE('',#2007,60.625);
#205=CIRCLE('',#2009,1.63194999999999);
#206=CIRCLE('',#2012,1.63194999999999);
#207=CIRCLE('',#2015,1.63194999999999);
#208=CIRCLE('',#2018,1.63194999999999);
#209=CIRCLE('',#2021,1.63194999999999);
#210=CIRCLE('',#2025,44.);
#211=CIRCLE('',#2027,44.);
#212=CIRCLE('',#2028,1.30000000000001);
#213=CIRCLE('',#2029,1.30000000000001);
#214=CIRCLE('',#2031,9.5);
#215=CIRCLE('',#2034,9.5);
#216=CIRCLE('',#2036,10.);
#217=CIRCLE('',#2037,10.);
#218=CIRCLE('',#2039,1.30000000000001);
#219=CIRCLE('',#2042,1.30000000000001);
#220=CIRCLE('',#2045,1.);
#221=CIRCLE('',#2047,0.5);
#222=CIRCLE('',#2049,1.);
#223=CIRCLE('',#2051,0.5);
#224=CIRCLE('',#2053,0.5);
#225=CIRCLE('',#2055,0.5);
#226=CIRCLE('',#2057,0.5);
#227=CIRCLE('',#2059,0.5);
#228=CIRCLE('',#2061,0.5);
#229=CIRCLE('',#2063,0.5);
#230=CIRCLE('',#2065,0.5);
#231=CIRCLE('',#2067,0.5);
#232=CIRCLE('',#2069,0.5);
#233=CIRCLE('',#2071,1.);
#234=CIRCLE('',#2072,1.);
#235=CIRCLE('',#2073,1.);
#236=CIRCLE('',#2075,1.);
#237=CIRCLE('',#2077,1.);
#238=CIRCLE('',#2078,1.);
#239=CIRCLE('',#2079,1.);
#240=CIRCLE('',#2080,1.);
#241=CIRCLE('',#2082,1.);
#242=CIRCLE('',#2084,1.);
#243=CIRCLE('',#2086,0.5);
#244=FACE_OUTER_BOUND('',#361,.T.);
#245=FACE_OUTER_BOUND('',#363,.T.);
#246=FACE_OUTER_BOUND('',#364,.T.);
#247=FACE_OUTER_BOUND('',#366,.T.);
#248=FACE_OUTER_BOUND('',#367,.T.);
#249=FACE_OUTER_BOUND('',#370,.T.);
#250=FACE_OUTER_BOUND('',#372,.T.);
#251=FACE_OUTER_BOUND('',#373,.T.);
#252=FACE_OUTER_BOUND('',#374,.T.);
#253=FACE_OUTER_BOUND('',#375,.T.);
#254=FACE_OUTER_BOUND('',#377,.T.);
#255=FACE_OUTER_BOUND('',#378,.T.);
#256=FACE_OUTER_BOUND('',#379,.T.);
#257=FACE_OUTER_BOUND('',#380,.T.);
#258=FACE_OUTER_BOUND('',#381,.T.);
#259=FACE_OUTER_BOUND('',#382,.T.);
#260=FACE_OUTER_BOUND('',#383,.T.);
#261=FACE_OUTER_BOUND('',#384,.T.);
#262=FACE_OUTER_BOUND('',#385,.T.);
#263=FACE_OUTER_BOUND('',#386,.T.);
#264=FACE_OUTER_BOUND('',#388,.T.);
#265=FACE_OUTER_BOUND('',#390,.T.);
#266=FACE_OUTER_BOUND('',#391,.T.);
#267=FACE_OUTER_BOUND('',#392,.T.);
#268=FACE_OUTER_BOUND('',#393,.T.);
#269=FACE_OUTER_BOUND('',#394,.T.);
#270=FACE_OUTER_BOUND('',#395,.T.);
#271=FACE_OUTER_BOUND('',#396,.T.);
#272=FACE_OUTER_BOUND('',#397,.T.);
#273=FACE_OUTER_BOUND('',#398,.T.);
#274=FACE_OUTER_BOUND('',#399,.T.);
#275=FACE_OUTER_BOUND('',#400,.T.);
#276=FACE_OUTER_BOUND('',#401,.T.);
#277=FACE_OUTER_BOUND('',#402,.T.);
#278=FACE_OUTER_BOUND('',#403,.T.);
#279=FACE_OUTER_BOUND('',#404,.T.);
#280=FACE_OUTER_BOUND('',#405,.T.);
#281=FACE_OUTER_BOUND('',#406,.T.);
#282=FACE_OUTER_BOUND('',#407,.T.);
#283=FACE_OUTER_BOUND('',#408,.T.);
#284=FACE_OUTER_BOUND('',#409,.T.);
#285=FACE_OUTER_BOUND('',#410,.T.);
#286=FACE_OUTER_BOUND('',#411,.T.);
#287=FACE_OUTER_BOUND('',#412,.T.);
#288=FACE_OUTER_BOUND('',#413,.T.);
#289=FACE_OUTER_BOUND('',#414,.T.);
#290=FACE_OUTER_BOUND('',#415,.T.);
#291=FACE_OUTER_BOUND('',#416,.T.);
#292=FACE_OUTER_BOUND('',#417,.T.);
#293=FACE_OUTER_BOUND('',#418,.T.);
#294=FACE_OUTER_BOUND('',#419,.T.);
#295=FACE_OUTER_BOUND('',#420,.T.);
#296=FACE_OUTER_BOUND('',#421,.T.);
#297=FACE_OUTER_BOUND('',#422,.T.);
#298=FACE_OUTER_BOUND('',#423,.T.);
#299=FACE_OUTER_BOUND('',#424,.T.);
#300=FACE_OUTER_BOUND('',#425,.T.);
#301=FACE_OUTER_BOUND('',#426,.T.);
#302=FACE_OUTER_BOUND('',#427,.T.);
#303=FACE_OUTER_BOUND('',#428,.T.);
#304=FACE_OUTER_BOUND('',#429,.T.);
#305=FACE_OUTER_BOUND('',#430,.T.);
#306=FACE_OUTER_BOUND('',#431,.T.);
#307=FACE_OUTER_BOUND('',#432,.T.);
#308=FACE_OUTER_BOUND('',#435,.T.);
#309=FACE_OUTER_BOUND('',#436,.T.);
#310=FACE_OUTER_BOUND('',#438,.T.);
#311=FACE_OUTER_BOUND('',#439,.T.);
#312=FACE_OUTER_BOUND('',#441,.T.);
#313=FACE_OUTER_BOUND('',#448,.T.);
#314=FACE_OUTER_BOUND('',#455,.T.);
#315=FACE_OUTER_BOUND('',#456,.T.);
#316=FACE_OUTER_BOUND('',#457,.T.);
#317=FACE_OUTER_BOUND('',#458,.T.);
#318=FACE_OUTER_BOUND('',#459,.T.);
#319=FACE_OUTER_BOUND('',#460,.T.);
#320=FACE_OUTER_BOUND('',#461,.T.);
#321=FACE_OUTER_BOUND('',#462,.T.);
#322=FACE_OUTER_BOUND('',#463,.T.);
#323=FACE_OUTER_BOUND('',#464,.T.);
#324=FACE_OUTER_BOUND('',#465,.T.);
#325=FACE_OUTER_BOUND('',#466,.T.);
#326=FACE_OUTER_BOUND('',#467,.T.);
#327=FACE_OUTER_BOUND('',#468,.T.);
#328=FACE_OUTER_BOUND('',#471,.T.);
#329=FACE_OUTER_BOUND('',#472,.T.);
#330=FACE_OUTER_BOUND('',#473,.T.);
#331=FACE_OUTER_BOUND('',#474,.T.);
#332=FACE_OUTER_BOUND('',#475,.T.);
#333=FACE_OUTER_BOUND('',#476,.T.);
#334=FACE_OUTER_BOUND('',#477,.T.);
#335=FACE_OUTER_BOUND('',#478,.T.);
#336=FACE_OUTER_BOUND('',#479,.T.);
#337=FACE_OUTER_BOUND('',#480,.T.);
#338=FACE_OUTER_BOUND('',#481,.T.);
#339=FACE_OUTER_BOUND('',#482,.T.);
#340=FACE_OUTER_BOUND('',#483,.T.);
#341=FACE_OUTER_BOUND('',#484,.T.);
#342=FACE_OUTER_BOUND('',#485,.T.);
#343=FACE_OUTER_BOUND('',#486,.T.);
#344=FACE_OUTER_BOUND('',#487,.T.);
#345=FACE_OUTER_BOUND('',#488,.T.);
#346=FACE_OUTER_BOUND('',#489,.T.);
#347=FACE_OUTER_BOUND('',#490,.T.);
#348=FACE_OUTER_BOUND('',#491,.T.);
#349=FACE_OUTER_BOUND('',#492,.T.);
#350=FACE_OUTER_BOUND('',#493,.T.);
#351=FACE_OUTER_BOUND('',#494,.T.);
#352=FACE_OUTER_BOUND('',#495,.T.);
#353=FACE_OUTER_BOUND('',#496,.T.);
#354=FACE_OUTER_BOUND('',#497,.T.);
#355=FACE_OUTER_BOUND('',#498,.T.);
#356=FACE_OUTER_BOUND('',#499,.T.);
#357=FACE_OUTER_BOUND('',#500,.T.);
#358=FACE_OUTER_BOUND('',#501,.T.);
#359=FACE_OUTER_BOUND('',#502,.T.);
#360=FACE_OUTER_BOUND('',#503,.T.);
#361=EDGE_LOOP('',(#1190,#1191,#1192,#1193,#1194,#1195,#1196,#1197));
#362=EDGE_LOOP('',(#1198,#1199,#1200,#1201,#1202,#1203,#1204,#1205));
#363=EDGE_LOOP('',(#1206,#1207,#1208,#1209,#1210));
#364=EDGE_LOOP('',(#1211,#1212,#1213,#1214));
#365=EDGE_LOOP('',(#1215,#1216,#1217,#1218,#1219,#1220,#1221,#1222));
#366=EDGE_LOOP('',(#1223,#1224,#1225,#1226,#1227));
#367=EDGE_LOOP('',(#1228,#1229,#1230,#1231));
#368=EDGE_LOOP('',(#1232));
#369=EDGE_LOOP('',(#1233));
#370=EDGE_LOOP('',(#1234,#1235,#1236,#1237,#1238,#1239));
#371=EDGE_LOOP('',(#1240,#1241,#1242,#1243,#1244));
#372=EDGE_LOOP('',(#1245,#1246,#1247,#1248,#1249,#1250));
#373=EDGE_LOOP('',(#1251,#1252,#1253,#1254,#1255,#1256));
#374=EDGE_LOOP('',(#1257,#1258,#1259,#1260,#1261,#1262));
#375=EDGE_LOOP('',(#1263,#1264,#1265,#1266));
#376=EDGE_LOOP('',(#1267,#1268,#1269,#1270,#1271));
#377=EDGE_LOOP('',(#1272,#1273,#1274,#1275));
#378=EDGE_LOOP('',(#1276,#1277,#1278,#1279));
#379=EDGE_LOOP('',(#1280,#1281,#1282,#1283));
#380=EDGE_LOOP('',(#1284,#1285,#1286,#1287));
#381=EDGE_LOOP('',(#1288,#1289,#1290,#1291));
#382=EDGE_LOOP('',(#1292,#1293,#1294,#1295));
#383=EDGE_LOOP('',(#1296,#1297,#1298,#1299));
#384=EDGE_LOOP('',(#1300,#1301,#1302,#1303));
#385=EDGE_LOOP('',(#1304,#1305,#1306,#1307));
#386=EDGE_LOOP('',(#1308,#1309,#1310,#1311));
#387=EDGE_LOOP('',(#1312,#1313,#1314));
#388=EDGE_LOOP('',(#1315,#1316,#1317,#1318));
#389=EDGE_LOOP('',(#1319,#1320));
#390=EDGE_LOOP('',(#1321,#1322,#1323,#1324));
#391=EDGE_LOOP('',(#1325,#1326,#1327,#1328));
#392=EDGE_LOOP('',(#1329,#1330,#1331,#1332,#1333,#1334));
#393=EDGE_LOOP('',(#1335,#1336,#1337));
#394=EDGE_LOOP('',(#1338,#1339,#1340,#1341,#1342,#1343));
#395=EDGE_LOOP('',(#1344,#1345));
#396=EDGE_LOOP('',(#1346,#1347,#1348,#1349));
#397=EDGE_LOOP('',(#1350,#1351,#1352,#1353));
#398=EDGE_LOOP('',(#1354,#1355,#1356,#1357));
#399=EDGE_LOOP('',(#1358,#1359,#1360,#1361));
#400=EDGE_LOOP('',(#1362,#1363,#1364,#1365));
#401=EDGE_LOOP('',(#1366,#1367,#1368,#1369));
#402=EDGE_LOOP('',(#1370,#1371,#1372,#1373));
#403=EDGE_LOOP('',(#1374,#1375,#1376,#1377));
#404=EDGE_LOOP('',(#1378,#1379,#1380,#1381,#1382));
#405=EDGE_LOOP('',(#1383,#1384,#1385,#1386));
#406=EDGE_LOOP('',(#1387,#1388,#1389,#1390));
#407=EDGE_LOOP('',(#1391,#1392,#1393,#1394));
#408=EDGE_LOOP('',(#1395,#1396,#1397,#1398,#1399));
#409=EDGE_LOOP('',(#1400,#1401,#1402,#1403));
#410=EDGE_LOOP('',(#1404,#1405,#1406,#1407));
#411=EDGE_LOOP('',(#1408,#1409,#1410,#1411));
#412=EDGE_LOOP('',(#1412,#1413,#1414));
#413=EDGE_LOOP('',(#1415,#1416,#1417));
#414=EDGE_LOOP('',(#1418,#1419,#1420,#1421));
#415=EDGE_LOOP('',(#1422,#1423,#1424,#1425));
#416=EDGE_LOOP('',(#1426,#1427,#1428));
#417=EDGE_LOOP('',(#1429,#1430,#1431));
#418=EDGE_LOOP('',(#1432,#1433,#1434,#1435,#1436));
#419=EDGE_LOOP('',(#1437,#1438,#1439,#1440));
#420=EDGE_LOOP('',(#1441,#1442,#1443,#1444));
#421=EDGE_LOOP('',(#1445,#1446,#1447,#1448));
#422=EDGE_LOOP('',(#1449,#1450,#1451,#1452));
#423=EDGE_LOOP('',(#1453,#1454,#1455));
#424=EDGE_LOOP('',(#1456,#1457,#1458));
#425=EDGE_LOOP('',(#1459,#1460,#1461,#1462));
#426=EDGE_LOOP('',(#1463,#1464,#1465,#1466));
#427=EDGE_LOOP('',(#1467,#1468,#1469));
#428=EDGE_LOOP('',(#1470,#1471,#1472,#1473));
#429=EDGE_LOOP('',(#1474,#1475,#1476,#1477,#1478));
#430=EDGE_LOOP('',(#1479,#1480,#1481,#1482));
#431=EDGE_LOOP('',(#1483,#1484,#1485));
#432=EDGE_LOOP('',(#1486,#1487,#1488,#1489));
#433=EDGE_LOOP('',(#1490,#1491));
#434=EDGE_LOOP('',(#1492,#1493,#1494,#1495,#1496,#1497,#1498,#1499,#1500,
#1501));
#435=EDGE_LOOP('',(#1502,#1503,#1504,#1505));
#436=EDGE_LOOP('',(#1506,#1507,#1508,#1509,#1510,#1511));
#437=EDGE_LOOP('',(#1512,#1513));
#438=EDGE_LOOP('',(#1514,#1515,#1516,#1517));
#439=EDGE_LOOP('',(#1518));
#440=EDGE_LOOP('',(#1519,#1520,#1521));
#441=EDGE_LOOP('',(#1522));
#442=EDGE_LOOP('',(#1523));
#443=EDGE_LOOP('',(#1524));
#444=EDGE_LOOP('',(#1525));
#445=EDGE_LOOP('',(#1526));
#446=EDGE_LOOP('',(#1527));
#447=EDGE_LOOP('',(#1528));
#448=EDGE_LOOP('',(#1529));
#449=EDGE_LOOP('',(#1530,#1531,#1532));
#450=EDGE_LOOP('',(#1533));
#451=EDGE_LOOP('',(#1534));
#452=EDGE_LOOP('',(#1535));
#453=EDGE_LOOP('',(#1536));
#454=EDGE_LOOP('',(#1537));
#455=EDGE_LOOP('',(#1538,#1539,#1540,#1541,#1542,#1543));
#456=EDGE_LOOP('',(#1544,#1545,#1546,#1547));
#457=EDGE_LOOP('',(#1548,#1549,#1550,#1551));
#458=EDGE_LOOP('',(#1552,#1553,#1554,#1555));
#459=EDGE_LOOP('',(#1556,#1557,#1558,#1559));
#460=EDGE_LOOP('',(#1560,#1561,#1562,#1563));
#461=EDGE_LOOP('',(#1564,#1565,#1566,#1567));
#462=EDGE_LOOP('',(#1568,#1569,#1570,#1571));
#463=EDGE_LOOP('',(#1572,#1573,#1574,#1575));
#464=EDGE_LOOP('',(#1576,#1577,#1578,#1579));
#465=EDGE_LOOP('',(#1580,#1581,#1582,#1583));
#466=EDGE_LOOP('',(#1584,#1585,#1586,#1587,#1588,#1589));
#467=EDGE_LOOP('',(#1590,#1591,#1592,#1593));
#468=EDGE_LOOP('',(#1594,#1595,#1596,#1597));
#469=EDGE_LOOP('',(#1598));
#470=EDGE_LOOP('',(#1599));
#471=EDGE_LOOP('',(#1600,#1601,#1602,#1603));
#472=EDGE_LOOP('',(#1604,#1605,#1606,#1607));
#473=EDGE_LOOP('',(#1608,#1609,#1610,#1611));
#474=EDGE_LOOP('',(#1612,#1613,#1614,#1615));
#475=EDGE_LOOP('',(#1616,#1617,#1618,#1619));
#476=EDGE_LOOP('',(#1620));
#477=EDGE_LOOP('',(#1621,#1622,#1623,#1624));
#478=EDGE_LOOP('',(#1625));
#479=EDGE_LOOP('',(#1626,#1627,#1628,#1629,#1630));
#480=EDGE_LOOP('',(#1631,#1632,#1633,#1634,#1635));
#481=EDGE_LOOP('',(#1636,#1637,#1638,#1639,#1640));
#482=EDGE_LOOP('',(#1641,#1642,#1643));
#483=EDGE_LOOP('',(#1644,#1645,#1646,#1647,#1648));
#484=EDGE_LOOP('',(#1649,#1650,#1651,#1652));
#485=EDGE_LOOP('',(#1653,#1654,#1655,#1656));
#486=EDGE_LOOP('',(#1657,#1658,#1659));
#487=EDGE_LOOP('',(#1660,#1661,#1662,#1663));
#488=EDGE_LOOP('',(#1664,#1665,#1666,#1667));
#489=EDGE_LOOP('',(#1668,#1669,#1670));
#490=EDGE_LOOP('',(#1671,#1672,#1673,#1674));
#491=EDGE_LOOP('',(#1675,#1676,#1677,#1678,#1679));
#492=EDGE_LOOP('',(#1680,#1681,#1682));
#493=EDGE_LOOP('',(#1683,#1684,#1685,#1686));
#494=EDGE_LOOP('',(#1687,#1688,#1689,#1690));
#495=EDGE_LOOP('',(#1691,#1692,#1693,#1694));
#496=EDGE_LOOP('',(#1695,#1696,#1697,#1698));
#497=EDGE_LOOP('',(#1699,#1700,#1701,#1702));
#498=EDGE_LOOP('',(#1703,#1704,#1705,#1706));
#499=EDGE_LOOP('',(#1707,#1708,#1709,#1710));
#500=EDGE_LOOP('',(#1711,#1712,#1713,#1714));
#501=EDGE_LOOP('',(#1715,#1716,#1717,#1718));
#502=EDGE_LOOP('',(#1719,#1720,#1721,#1722));
#503=EDGE_LOOP('',(#1723,#1724,#1725,#1726,#1727));
#504=LINE('',#2694,#602);
#505=LINE('',#2696,#603);
#506=LINE('',#2698,#604);
#507=LINE('',#2807,#605);
#508=LINE('',#2809,#606);
#509=LINE('',#2810,#607);
#510=LINE('',#2813,#608);
#511=LINE('',#2817,#609);
#512=LINE('',#2821,#610);
#513=LINE('',#2825,#611);
#514=LINE('',#2830,#612);
#515=LINE('',#2832,#613);
#516=LINE('',#2834,#614);
#517=LINE('',#2836,#615);
#518=LINE('',#2859,#616);
#519=LINE('',#2861,#617);
#520=LINE('',#2863,#618);
#521=LINE('',#2864,#619);
#522=LINE('',#2867,#620);
#523=LINE('',#2871,#621);
#524=LINE('',#2875,#622);
#525=LINE('',#2879,#623);
#526=LINE('',#2904,#624);
#527=LINE('',#2906,#625);
#528=LINE('',#2908,#626);
#529=LINE('',#2909,#627);
#530=LINE('',#2913,#628);
#531=LINE('',#2915,#629);
#532=LINE('',#2917,#630);
#533=LINE('',#2918,#631);
#534=LINE('',#3033,#632);
#535=LINE('',#3035,#633);
#536=LINE('',#3037,#634);
#537=LINE('',#3415,#635);
#538=LINE('',#3513,#636);
#539=LINE('',#3543,#637);
#540=LINE('',#3566,#638);
#541=LINE('',#3620,#639);
#542=LINE('',#3754,#640);
#543=LINE('',#3874,#641);
#544=LINE('',#3897,#642);
#545=LINE('',#3915,#643);
#546=LINE('',#3925,#644);
#547=LINE('',#3948,#645);
#548=LINE('',#4024,#646);
#549=LINE('',#4025,#647);
#550=LINE('',#4111,#648);
#551=LINE('',#4112,#649);
#552=LINE('',#4114,#650);
#553=LINE('',#4115,#651);
#554=LINE('',#4117,#652);
#555=LINE('',#4118,#653);
#556=LINE('',#4120,#654);
#557=LINE('',#4121,#655);
#558=LINE('',#4125,#656);
#559=LINE('',#4166,#657);
#560=LINE('',#4208,#658);
#561=LINE('',#4212,#659);
#562=LINE('',#5311,#660);
#563=LINE('',#5315,#661);
#564=LINE('',#5403,#662);
#565=LINE('',#5523,#663);
#566=LINE('',#5584,#664);
#567=LINE('',#5586,#665);
#568=LINE('',#5587,#666);
#569=LINE('',#5594,#667);
#570=LINE('',#5637,#668);
#571=LINE('',#5638,#669);
#572=LINE('',#5676,#670);
#573=LINE('',#5682,#671);
#574=LINE('',#5685,#672);
#575=LINE('',#5688,#673);
#576=LINE('',#5691,#674);
#577=LINE('',#5694,#675);
#578=LINE('',#5697,#676);
#579=LINE('',#5700,#677);
#580=LINE('',#5703,#678);
#581=LINE('',#5706,#679);
#582=LINE('',#5709,#680);
#583=LINE('',#5711,#681);
#584=LINE('',#5715,#682);
#585=LINE('',#5719,#683);
#586=LINE('',#5720,#684);
#587=LINE('',#5724,#685);
#588=LINE('',#5728,#686);
#589=LINE('',#5729,#687);
#590=LINE('',#5739,#688);
#591=LINE('',#5741,#689);
#592=LINE('',#5742,#690);
#593=LINE('',#5746,#691);
#594=LINE('',#5748,#692);
#595=LINE('',#5750,#693);
#596=LINE('',#5751,#694);
#597=LINE('',#5755,#695);
#598=LINE('',#5757,#696);
#599=LINE('',#5760,#697);
#600=LINE('',#5767,#698);
#601=LINE('',#5772,#699);
#602=VECTOR('',#2091,2.26225376172032);
#603=VECTOR('',#2092,25.8447371650386);
#604=VECTOR('',#2093,2.26225376172032);
#605=VECTOR('',#2094,33.1628628450338);
#606=VECTOR('',#2095,25.);
#607=VECTOR('',#2096,33.1628628450338);
#608=VECTOR('',#2097,6.);
#609=VECTOR('',#2100,16.);
#610=VECTOR('',#2103,6.);
#611=VECTOR('',#2106,16.);
#612=VECTOR('',#2111,6.28221481710456);
#613=VECTOR('',#2112,33.);
#614=VECTOR('',#2113,7.00000000000001);
#615=VECTOR('',#2114,33.1628628450338);
#616=VECTOR('',#2117,25.);
#617=VECTOR('',#2118,33.);
#618=VECTOR('',#2119,25.);
#619=VECTOR('',#2120,33.);
#620=VECTOR('',#2121,6.);
#621=VECTOR('',#2124,16.);
#622=VECTOR('',#2127,6.);
#623=VECTOR('',#2130,16.);
#624=VECTOR('',#2135,33.1628628450338);
#625=VECTOR('',#2136,7.00000000000001);
#626=VECTOR('',#2137,33.);
#627=VECTOR('',#2138,6.28221481710478);
#628=VECTOR('',#2141,25.);
#629=VECTOR('',#2142,7.00000000000001);
#630=VECTOR('',#2143,25.);
#631=VECTOR('',#2144,7.00000000000001);
#632=VECTOR('',#2151,7.28221481710477);
#633=VECTOR('',#2152,27.);
#634=VECTOR('',#2153,7.28221481710456);
#635=VECTOR('',#2156,37.573232555935);
#636=VECTOR('',#2159,2.5);
#637=VECTOR('',#2162,2.5);
#638=VECTOR('',#2165,2.22487780934072);
#639=VECTOR('',#2166,2.22487780934044);
#640=VECTOR('',#2169,25.8447371650385);
#641=VECTOR('',#2170,37.2606687522168);
#642=VECTOR('',#2171,3.5);
#643=VECTOR('',#2172,3.5);
#644=VECTOR('',#2173,3.5);
#645=VECTOR('',#2174,3.5);
#646=VECTOR('',#2177,3.5);
#647=VECTOR('',#2178,37.2606687522168);
#648=VECTOR('',#2181,8.00000000000001);
#649=VECTOR('',#2182,8.00000000000001);
#650=VECTOR('',#2185,8.00000000000001);
#651=VECTOR('',#2186,8.00000000000001);
#652=VECTOR('',#2189,8.00000000000001);
#653=VECTOR('',#2190,8.00000000000001);
#654=VECTOR('',#2193,8.00000000000001);
#655=VECTOR('',#2194,8.00000000000001);
#656=VECTOR('',#2197,0.71683037719529);
#657=VECTOR('',#2200,0.71683037719529);
#658=VECTOR('',#2211,1.29999999999998);
#659=VECTOR('',#2218,1.29999999999998);
#660=VECTOR('',#2325,3.20123782710877);
#661=VECTOR('',#2328,8.94287821542993);
#662=VECTOR('',#2333,14.9999291387133);
#663=VECTOR('',#2336,14.9999291387133);
#664=VECTOR('',#2339,10.);
#665=VECTOR('',#2340,10.);
#666=VECTOR('',#2341,10.);
#667=VECTOR('',#2348,49.);
#668=VECTOR('',#2355,10.);
#669=VECTOR('',#2356,10.);
#670=VECTOR('',#2397,60.625);
#671=VECTOR('',#2404,1.63194999999999);
#672=VECTOR('',#2409,3.23850000000001);
#673=VECTOR('',#2412,1.63194999999999);
#674=VECTOR('',#2417,3.23850000000001);
#675=VECTOR('',#2420,1.63194999999999);
#676=VECTOR('',#2425,3.23850000000001);
#677=VECTOR('',#2428,1.63194999999999);
#678=VECTOR('',#2433,3.23850000000001);
#679=VECTOR('',#2436,1.63194999999999);
#680=VECTOR('',#2441,3.23850000000001);
#681=VECTOR('',#2444,5.);
#682=VECTOR('',#2447,0.437083331275687);
#683=VECTOR('',#2450,0.437083331275687);
#684=VECTOR('',#2451,25.);
#685=VECTOR('',#2454,9.93708333127572);
#686=VECTOR('',#2457,9.93708333127572);
#687=VECTOR('',#2458,25.);
#688=VECTOR('',#2467,14.9999291387133);
#689=VECTOR('',#2468,9.46330722922845);
#690=VECTOR('',#2469,5.5);
#691=VECTOR('',#2472,25.);
#692=VECTOR('',#2473,5.5);
#693=VECTOR('',#2474,25.);
#694=VECTOR('',#2475,5.5);
#695=VECTOR('',#2478,9.46330722922845);
#696=VECTOR('',#2479,14.9999291387133);
#697=VECTOR('',#2482,5.5);
#698=VECTOR('',#2493,1.30000000000001);
#699=VECTOR('',#2500,1.30000000000001);
#700=B_SPLINE_CURVE_WITH_KNOTS('',3,(#2593,#2594,#2595,#2596,#2597,#2598,
#2599,#2600,#2601,#2602,#2603,#2604,#2605,#2606,#2607,#2608,#2609,#2610,
#2611,#2612,#2613,#2614,#2615,#2616,#2617,#2618,#2619,#2620,#2621,#2622,
#2623,#2624,#2625,#2626,#2627,#2628,#2629,#2630,#2631,#2632,#2633,#2634,
#2635,#2636,#2637,#2638,#2639,#2640,#2641,#2642,#2643,#2644,#2645,#2646,
#2647,#2648,#2649,#2650,#2651,#2652,#2653,#2654,#2655,#2656,#2657,#2658,
#2659,#2660,#2661,#2662,#2663,#2664,#2665,#2666,#2667,#2668,#2669,#2670,
#2671,#2672,#2673,#2674,#2675,#2676,#2677,#2678,#2679,#2680,#2681,#2682,
#2683,#2684,#2685,#2686,#2687,#2688,#2689,#2690,#2691,#2692),
 .UNSPECIFIED.,.F.,.F.,(4,3,3,3,3,3,3,3,3,3,3,3,3,3,3,3,3,3,3,3,3,3,3,3,
3,3,3,3,3,3,3,3,3,4),(0.,0.000354507066440114,0.000420546410301781,0.000423085295667849,
0.000630819615452672,0.000634623206629286,0.000735956218028118,0.000841092820603563,
0.000846176130436158,0.000946229423179008,0.00105136602575445,0.00105770475426218,
0.00113081448858301,0.0011565026283299,0.00116307366599086,0.00116335499146812,
0.00122710018170182,0.00126163923090534,0.00126923723522265,0.00131420753219307,
0.00136312318100116,0.00137507984658816,0.00139305998412465,0.00143248621009044,
0.00145219932307334,0.00147191243605624,0.00148091115995379,0.00152448073734396,
0.00155076488798782,0.00157704903863168,0.00158653691849484,0.0016296173399194,
0.00165590149056326,0.00168218564120713),.UNSPECIFIED.);
#701=B_SPLINE_CURVE_WITH_KNOTS('',3,(#2700,#2701,#2702,#2703,#2704,#2705,
#2706,#2707,#2708,#2709,#2710,#2711,#2712,#2713,#2714,#2715,#2716,#2717,
#2718,#2719,#2720,#2721,#2722,#2723,#2724,#2725,#2726,#2727,#2728,#2729,
#2730,#2731,#2732,#2733,#2734,#2735,#2736,#2737,#2738,#2739,#2740,#2741,
#2742,#2743,#2744,#2745,#2746,#2747,#2748,#2749,#2750,#2751,#2752,#2753,
#2754,#2755,#2756,#2757,#2758,#2759,#2760,#2761,#2762,#2763,#2764,#2765,
#2766,#2767,#2768,#2769,#2770,#2771,#2772,#2773,#2774,#2775,#2776,#2777,
#2778,#2779,#2780,#2781,#2782,#2783,#2784,#2785,#2786,#2787,#2788,#2789,
#2790,#2791,#2792,#2793,#2794,#2795,#2796,#2797,#2798,#2799,#2800,#2801,
#2802,#2803,#2804,#2805),.UNSPECIFIED.,.F.,.F.,(4,3,3,3,3,3,3,3,3,3,3,3,
3,3,3,3,3,3,3,3,3,3,3,3,3,3,3,3,3,3,3,3,3,3,3,4),(0.,2.66510655924283E-5,
6.66276639810709E-5,9.69837621176173E-5,0.000106604262369713,0.000133255327962142,
0.000168234851552204,0.000204084074923778,0.000213208524739427,0.000226534057535641,
0.000238193898732328,0.000279003342920734,0.000299408065014937,0.000311393240769958,
0.00034892410549471,0.000386440451090211,0.000418713083598908,0.000426417049478854,
0.00047971918066371,0.000519695779052353,0.000526073292226189,0.000527191391250223,
0.000534218527685727,0.000608381330529313,0.000633198361117545,0.00063962557421828,
0.000746229836587994,0.000847679828401004,0.000852834098957707,0.000959438361327421,
0.00106218593609457,0.00106604262369713,0.00127667682137012,0.00127925114843656,
0.00163870697438328,0.00170566819791541),.UNSPECIFIED.);
#702=B_SPLINE_CURVE_WITH_KNOTS('',3,(#2837,#2838,#2839,#2840,#2841,#2842,
#2843,#2844,#2845,#2846,#2847,#2848,#2849,#2850,#2851,#2852,#2853,#2854,
#2855),.UNSPECIFIED.,.F.,.F.,(4,3,3,3,3,3,4),(0.000634368721497936,0.000708710130266193,
0.000896051205780984,0.00100775090994748,0.00104484474947755,0.00130092754294029,
0.00138113309839703),.UNSPECIFIED.);
#703=B_SPLINE_CURVE_WITH_KNOTS('',3,(#2884,#2885,#2886,#2887,#2888,#2889,
#2890,#2891,#2892,#2893,#2894,#2895,#2896,#2897,#2898,#2899,#2900,#2901,
#2902),.UNSPECIFIED.,.F.,.F.,(4,3,3,3,3,3,4),(0.,0.000253228004566312,0.000332539435388222,
0.000369219755993923,0.000554472369349901,0.000664926854833967,0.000738439511987846),
 .UNSPECIFIED.);
#704=B_SPLINE_CURVE_WITH_KNOTS('',3,(#2926,#2927,#2928,#2929,#2930,#2931,
#2932,#2933,#2934,#2935,#2936,#2937,#2938,#2939,#2940,#2941,#2942,#2943,
#2944,#2945,#2946,#2947,#2948,#2949,#2950,#2951,#2952,#2953,#2954,#2955,
#2956,#2957,#2958,#2959,#2960,#2961,#2962,#2963,#2964,#2965,#2966,#2967,
#2968,#2969,#2970,#2971,#2972,#2973,#2974,#2975,#2976,#2977,#2978,#2979,
#2980,#2981,#2982,#2983,#2984,#2985,#2986,#2987,#2988,#2989,#2990,#2991,
#2992,#2993,#2994,#2995,#2996,#2997,#2998,#2999,#3000,#3001,#3002,#3003,
#3004,#3005,#3006,#3007,#3008,#3009,#3010,#3011,#3012,#3013,#3014,#3015,
#3016,#3017,#3018,#3019,#3020,#3021,#3022,#3023,#3024,#3025,#3026,#3027,
#3028,#3029,#3030,#3031),.UNSPECIFIED.,.F.,.F.,(4,3,3,3,3,3,3,3,3,3,3,3,
3,3,3,3,3,3,3,3,3,3,3,3,3,3,3,3,3,3,3,3,3,3,3,4),(1.66041836957195E-9,0.000134939403514846,
0.00101344896040245,0.00189297255369351,0.00277369204057688,0.00335236741267847,
0.00453770402589115,0.00502855111901771,0.00620522387385145,0.00630253499348674,
0.00670473482535695,0.00865069463679591,0.00983282648801255,0.0100571022380354,
0.0115979871363673,0.0117332859443747,0.0131651187994759,0.0133630146104381,
0.0134094696507139,0.0142456205891359,0.0142475615038835,0.0150856533570531,
0.0151281851221829,0.0167618370633924,0.0168932758430968,0.0184380207697316,
0.0186584305862718,0.0198540532605703,0.0201142044760708,0.0204234076777581,
0.0216550923536671,0.0217903881824101,0.0221882327245861,0.0234665718887493,
0.0239524486234289,0.0268189393014278),.UNSPECIFIED.);
#705=B_SPLINE_CURVE_WITH_KNOTS('',3,(#3039,#3040,#3041,#3042,#3043,#3044,
#3045,#3046,#3047,#3048,#3049,#3050,#3051,#3052,#3053,#3054,#3055,#3056,
#3057,#3058,#3059,#3060,#3061,#3062,#3063,#3064,#3065,#3066,#3067,#3068,
#3069,#3070,#3071,#3072,#3073,#3074,#3075,#3076,#3077,#3078,#3079,#3080,
#3081,#3082,#3083,#3084,#3085,#3086,#3087,#3088,#3089,#3090,#3091,#3092,
#3093,#3094,#3095,#3096,#3097,#3098,#3099,#3100,#3101,#3102,#3103,#3104,
#3105,#3106,#3107,#3108,#3109,#3110,#3111,#3112,#3113,#3114,#3115,#3116,
#3117,#3118,#3119,#3120,#3121,#3122,#3123,#3124,#3125,#3126,#3127,#3128,
#3129,#3130,#3131,#3132,#3133,#3134,#3135,#3136,#3137,#3138,#3139,#3140,
#3141,#3142,#3143,#3144),.UNSPECIFIED.,.F.,.F.,(4,3,3,3,3,3,3,3,3,3,3,3,
3,3,3,3,3,3,3,3,3,3,3,3,3,3,3,3,3,3,3,3,3,3,3,4),(0.000526454404340174,
0.00220210286640356,0.00338609658779435,0.00387775132846694,0.00515046798980669,
0.00555339979053032,0.00691460793355857,0.0072290482525937,0.009766426066024,
0.0104437216636742,0.0105803451767205,0.0122081999515295,0.0122559936387839,
0.013090466716965,0.0130938178698155,0.0139316421008472,0.013972774204155,
0.0153666279671123,0.0156072905629106,0.0157371789377568,0.017282939024974,
0.0175017510468639,0.0189585874870374,0.0192662306094004,0.0203263653786939,
0.0206342359491008,0.0210309006670895,0.0220884537996601,0.0223098844111641,
0.0227944442719508,0.0239855328732275,0.0245575209264813,0.0254383685791308,
0.0263189291084733,0.027199230290877,0.0273368282286532),.UNSPECIFIED.);
#706=B_SPLINE_CURVE_WITH_KNOTS('',3,(#3148,#3149,#3150,#3151,#3152,#3153,
#3154,#3155,#3156,#3157,#3158,#3159,#3160,#3161,#3162,#3163,#3164,#3165,
#3166,#3167,#3168,#3169,#3170,#3171,#3172,#3173,#3174,#3175,#3176,#3177,
#3178,#3179,#3180,#3181,#3182,#3183,#3184,#3185,#3186,#3187,#3188,#3189,
#3190,#3191,#3192,#3193,#3194,#3195,#3196,#3197,#3198,#3199,#3200,#3201,
#3202,#3203,#3204,#3205,#3206,#3207,#3208,#3209,#3210,#3211,#3212,#3213,
#3214,#3215,#3216,#3217,#3218,#3219,#3220,#3221,#3222,#3223,#3224,#3225,
#3226,#3227,#3228,#3229,#3230,#3231,#3232,#3233,#3234,#3235),
 .UNSPECIFIED.,.F.,.F.,(4,3,3,3,3,3,3,3,3,3,3,3,3,3,3,3,3,3,3,3,3,3,3,3,
3,3,3,3,3,4),(6.06372909676511E-8,0.000445184035608547,0.000724368188165929,
0.000779072062314957,0.00127990410237457,0.00161964272476598,0.00178073614243419,
0.00267110421365128,0.00341063433649057,0.00356147228486838,0.00520232626884456,
0.00699374660230153,0.00712294456973675,0.00969407740337288,0.0105767228869095,
0.0106844168546051,0.0123682603458602,0.0124651529970393,0.0141597590925964,
0.0142458891394735,0.0171722898895211,0.0177427463485897,0.0178073614243419,
0.0195342651633748,0.0195880975667761,0.0213257771115837,0.0213688337092103,
0.0249087674825964,0.0249303059940786,0.028491778278947),.UNSPECIFIED.);
#707=B_SPLINE_CURVE_WITH_KNOTS('',3,(#3237,#3238,#3239,#3240,#3241,#3242,
#3243,#3244,#3245,#3246,#3247,#3248,#3249,#3250,#3251,#3252,#3253,#3254,
#3255,#3256,#3257,#3258,#3259,#3260,#3261,#3262,#3263,#3264,#3265,#3266,
#3267,#3268,#3269,#3270,#3271,#3272,#3273,#3274,#3275,#3276,#3277,#3278,
#3279,#3280,#3281,#3282,#3283,#3284,#3285,#3286,#3287,#3288,#3289,#3290,
#3291,#3292,#3293,#3294,#3295,#3296,#3297,#3298,#3299,#3300,#3301,#3302,
#3303,#3304,#3305,#3306,#3307,#3308,#3309,#3310,#3311,#3312,#3313,#3314,
#3315,#3316,#3317,#3318,#3319,#3320,#3321),.UNSPECIFIED.,.F.,.F.,(4,3,3,
3,3,3,3,3,3,3,3,3,3,3,3,3,3,3,3,3,3,3,3,3,3,3,3,3,4),(0.,0.00354660366714469,
0.00356805225854111,0.00709320733428938,0.00713608417701707,0.00886650916786173,
0.00892011682897569,0.0106398110014341,0.0107041563188437,0.0136183397887063,
0.0141864146685788,0.0142721851353049,0.0159597165021511,0.0160562046409051,
0.0177330183357235,0.0178402626971021,0.0204006614332195,0.0212796220028681,
0.021408280587982,0.0231922220076669,0.0248262256700128,0.0249764338923635,
0.025712876586799,0.0265995275035852,0.0267599478092245,0.0274861784203713,
0.0276514855503395,0.0279295038787644,0.0283727689530212),.UNSPECIFIED.);
#708=B_SPLINE_CURVE_WITH_KNOTS('',3,(#3323,#3324,#3325,#3326,#3327,#3328,
#3329,#3330,#3331,#3332,#3333,#3334,#3335,#3336,#3337,#3338,#3339,#3340,
#3341,#3342,#3343,#3344,#3345,#3346,#3347,#3348,#3349,#3350,#3351,#3352,
#3353,#3354,#3355,#3356,#3357,#3358,#3359,#3360,#3361,#3362,#3363,#3364,
#3365,#3366,#3367,#3368,#3369,#3370,#3371,#3372,#3373,#3374,#3375,#3376,
#3377,#3378,#3379,#3380,#3381,#3382,#3383,#3384,#3385,#3386,#3387,#3388,
#3389,#3390,#3391,#3392,#3393,#3394,#3395,#3396,#3397,#3398,#3399,#3400,
#3401,#3402,#3403,#3404,#3405,#3406,#3407,#3408,#3409,#3410,#3411,#3412,
#3413),.UNSPECIFIED.,.F.,.F.,(4,3,3,3,3,3,3,3,3,3,3,3,3,3,3,3,3,3,3,3,3,
3,3,3,3,3,3,3,3,3,4),(0.,0.000298835323575076,0.000318889739625382,0.000483240738023994,
0.000523890286527413,0.000667644642054971,0.000728890833429445,0.0014053328174008,
0.00145778166685889,0.00288075851387791,0.00291556333371778,0.00435615339404291,
0.00437334500057667,0.00583112666743556,0.00583157206834626,0.00728890833429444,
0.00730698942546241,0.00857516681227231,0.00874669000115333,0.00878238743828984,
0.00951999627084215,0.0102044716680122,0.0102577533064222,0.0105689170847269,
0.0109333625014417,0.0109950982342539,0.0112978079181564,0.0113636484098763,
0.0114800306265138,0.0115479129972999,0.0116622454855274),.UNSPECIFIED.);
#709=B_SPLINE_CURVE_WITH_KNOTS('',3,(#3416,#3417,#3418,#3419,#3420,#3421,
#3422,#3423,#3424,#3425,#3426,#3427,#3428,#3429,#3430,#3431,#3432,#3433,
#3434,#3435,#3436,#3437,#3438,#3439,#3440,#3441,#3442,#3443,#3444,#3445,
#3446,#3447,#3448,#3449,#3450,#3451,#3452,#3453,#3454,#3455,#3456,#3457,
#3458,#3459,#3460,#3461,#3462,#3463,#3464,#3465,#3466,#3467,#3468,#3469,
#3470,#3471,#3472,#3473,#3474,#3475,#3476,#3477,#3478,#3479,#3480,#3481,
#3482,#3483,#3484,#3485,#3486,#3487,#3488,#3489,#3490,#3491,#3492,#3493,
#3494,#3495,#3496,#3497,#3498,#3499,#3500,#3501,#3502,#3503,#3504,#3505,
#3506,#3507,#3508,#3509),.UNSPECIFIED.,.F.,.F.,(4,3,3,3,3,3,3,3,3,3,3,3,
3,3,3,3,3,3,3,3,3,3,3,3,3,3,3,3,3,3,3,4),(7.8445278747946E-9,0.000114270183651153,
0.00018211090496762,0.000298421793799182,0.000318694083693335,0.000421131467737621,
0.000666745726358865,0.00072844361987048,0.00109266542980572,0.00140363829246956,
0.00145688723974096,0.00214094267460072,0.00287809894463468,0.00291377447948192,
0.00418117377140719,0.0043525917217726,0.00437066171922288,0.00582710383133048,
0.00582754895896384,0.0072844361987048,0.00730161725726739,0.00874132343844576,
0.00877610690366493,0.0101982106781867,0.0102506273474669,0.0109266542980572,
0.0109878629803936,0.0111721544442756,0.0112908761079924,0.011356445885851,
0.0114729870129601,0.0116550979179277),.UNSPECIFIED.);
#710=B_SPLINE_CURVE_WITH_KNOTS('',3,(#3515,#3516,#3517,#3518,#3519,#3520,
#3521,#3522,#3523,#3524,#3525,#3526),.UNSPECIFIED.,.F.,.F.,(4,2,2,2,2,4),
(-0.0849358585765563,-0.074252166181406,-0.062694872914241,-0.0423445342525904,
-0.0205373760699297,0.),.UNSPECIFIED.);
#711=B_SPLINE_CURVE_WITH_KNOTS('',3,(#3530,#3531,#3532,#3533,#3534,#3535,
#3536,#3537,#3538,#3539,#3540,#3541),.UNSPECIFIED.,.F.,.F.,(4,2,2,2,2,4),
(-0.0845319554231312,-0.0641785149166133,-0.0424663575766397,-0.0222019593525229,
-0.0106638876654082,0.),.UNSPECIFIED.);
#712=B_SPLINE_CURVE_WITH_KNOTS('',3,(#3555,#3556,#3557,#3558),
 .UNSPECIFIED.,.F.,.F.,(4,4),(0.000842658910516688,0.00103832550978069),
 .UNSPECIFIED.);
#713=B_SPLINE_CURVE_WITH_KNOTS('',3,(#3560,#3561,#3562,#3563,#3564),
 .UNSPECIFIED.,.F.,.F.,(4,1,4),(9.74972081527747E-16,0.000109332295586891,
0.000218662074669355),.UNSPECIFIED.);
#714=B_SPLINE_CURVE_WITH_KNOTS('',3,(#3567,#3568,#3569,#3570),
 .UNSPECIFIED.,.F.,.F.,(4,4),(0.0024675489919501,1.),.UNSPECIFIED.);
#715=B_SPLINE_CURVE_WITH_KNOTS('',3,(#3571,#3572,#3573,#3574,#3575,#3576,
#3577,#3578,#3579,#3580,#3581,#3582,#3583,#3584,#3585,#3586,#3587,#3588,
#3589),.UNSPECIFIED.,.F.,.F.,(4,1,1,1,1,1,1,1,1,1,1,1,1,1,1,1,4),(-5.48626238109126E-8,
0.000899591856132411,0.00179924371226481,0.00359854742452961,0.00539785113679441,
0.00719715484905921,0.00899645856132401,0.0107957622735888,0.0125950659858536,
0.0143943696981184,0.0152940215542508,0.0161936734103832,0.017992977122648,
0.0215915845471776,0.0233908882594424,0.0251901919717072,0.0287887993962368),
 .UNSPECIFIED.);
#716=B_SPLINE_CURVE_WITH_KNOTS('',3,(#3599,#3600,#3601,#3602,#3603,#3604,
#3605,#3606,#3607,#3608,#3609,#3610,#3611,#3612,#3613,#3614,#3615,#3616,
#3617,#3618),.UNSPECIFIED.,.F.,.F.,(4,1,1,1,1,1,1,1,1,1,1,1,1,1,1,1,1,4),
(-6.00000000400255E-8,0.00090835169843006,0.00181676339686016,0.00363358679372036,
0.00545041019058056,0.00726723358744076,0.00908405698430096,0.0109008803811612,
0.0127177037780214,0.0136261154764515,0.0145345271748816,0.0154429388733117,
0.0163513505717418,0.018168173968602,0.0218018207623224,0.0236186441591826,
0.0254354675560428,0.0290691143497632),.UNSPECIFIED.);
#717=B_SPLINE_CURVE_WITH_KNOTS('',3,(#3622,#3623,#3624,#3625,#3626),
 .UNSPECIFIED.,.F.,.F.,(4,1,4),(2.52770386197312E-9,0.000109840768948785,
0.00021968153789757),.UNSPECIFIED.);
#718=B_SPLINE_CURVE_WITH_KNOTS('',3,(#3628,#3629,#3630,#3631),
 .UNSPECIFIED.,.F.,.F.,(4,4),(0.000842658910525488,0.00103832550965585),
 .UNSPECIFIED.);
#719=B_SPLINE_CURVE_WITH_KNOTS('',3,(#3632,#3633,#3634,#3635),
 .UNSPECIFIED.,.F.,.F.,(4,4),(-0.988553723423079,-1.61540394218716E-7),
 .UNSPECIFIED.);
#720=B_SPLINE_CURVE_WITH_KNOTS('',3,(#3638,#3639,#3640,#3641,#3642,#3643,
#3644,#3645,#3646,#3647,#3648,#3649,#3650,#3651,#3652,#3653,#3654,#3655,
#3656,#3657,#3658,#3659,#3660,#3661,#3662,#3663,#3664,#3665,#3666,#3667,
#3668,#3669,#3670,#3671,#3672,#3673,#3674,#3675,#3676,#3677,#3678,#3679,
#3680,#3681,#3682,#3683,#3684,#3685,#3686,#3687,#3688,#3689,#3690,#3691,
#3692,#3693,#3694,#3695,#3696,#3697,#3698,#3699,#3700,#3701,#3702,#3703,
#3704,#3705,#3706,#3707,#3708,#3709,#3710,#3711,#3712,#3713,#3714,#3715,
#3716,#3717,#3718,#3719,#3720,#3721,#3722,#3723,#3724,#3725,#3726,#3727,
#3728,#3729,#3730,#3731,#3732,#3733,#3734,#3735,#3736,#3737,#3738,#3739,
#3740,#3741,#3742,#3743,#3744,#3745,#3746,#3747,#3748,#3749,#3750,#3751,
#3752),.UNSPECIFIED.,.F.,.F.,(4,3,3,3,3,3,3,3,3,3,3,3,3,3,3,3,3,3,3,3,3,
3,3,3,3,3,3,3,3,3,3,3,3,3,3,3,3,3,4),(3.70773717673732E-8,0.0002800788222232,
0.000733128915515327,0.000903236545391049,0.00163970734627057,0.00180647309078207,
0.00345521668596083,0.00361294618156411,0.00527340854554501,0.00541941927234615,
0.00677985128854708,0.00709307393453873,0.00722589236312819,0.0094410642550111,
0.0107320856471704,0.0108388385446923,0.0125516467459311,0.0126453116354743,
0.0140200916169441,0.014371092459004,0.0144517847262564,0.0152809723952913,
0.0153550212716474,0.016190663797204,0.0162582578170384,0.0180102102703485,
0.0180647309078204,0.0198297391631604,0.0198712039986025,0.021649251915371,
0.0216776770893845,0.0227413292890159,0.023466935725149,0.0234841501801666,
0.0244904481947387,0.0252777644325831,0.0252906232709486,0.0282776791707406,
0.0289035694525127),.UNSPECIFIED.);
#721=B_SPLINE_CURVE_WITH_KNOTS('',3,(#3755,#3756,#3757,#3758,#3759,#3760,
#3761,#3762,#3763,#3764,#3765,#3766,#3767,#3768,#3769,#3770,#3771,#3772,
#3773,#3774,#3775,#3776,#3777,#3778,#3779,#3780,#3781,#3782,#3783,#3784,
#3785,#3786,#3787,#3788,#3789,#3790,#3791,#3792,#3793,#3794,#3795,#3796,
#3797,#3798,#3799,#3800,#3801,#3802,#3803,#3804,#3805,#3806,#3807,#3808,
#3809,#3810,#3811,#3812,#3813,#3814,#3815,#3816,#3817,#3818,#3819,#3820,
#3821,#3822,#3823,#3824,#3825,#3826,#3827,#3828,#3829,#3830,#3831,#3832,
#3833,#3834,#3835,#3836,#3837,#3838,#3839,#3840,#3841,#3842,#3843,#3844,
#3845,#3846,#3847,#3848,#3849,#3850,#3851,#3852,#3853,#3854,#3855,#3856,
#3857,#3858,#3859,#3860,#3861,#3862,#3863,#3864,#3865,#3866),
 .UNSPECIFIED.,.F.,.F.,(4,3,3,3,3,3,3,3,3,3,3,3,3,3,3,3,3,3,3,3,3,3,3,3,
3,3,3,3,3,3,3,3,3,3,3,3,3,4),(0.,0.00210861107209515,0.003617021440875,
0.00362945179570952,0.00502518997958652,0.00542553216131249,0.00544898788352194,
0.00723404288174999,0.00726903682515227,0.010851064322625,0.0109091080664257,
0.0126595750430625,0.0127291725539537,0.0135638304032812,0.0136391162752301,
0.0144680857635,0.0145492820929547,0.0158779777010926,0.0162765964839375,
0.0163692039216643,0.018085107204375,0.0181892969332067,0.0198936179248125,
0.0200092542323878,0.0213590974254444,0.02170212864525,0.0218296076164652,
0.0231590815931448,0.0235106393656875,0.0236493238377654,0.025319150086125,
0.0254695543033734,0.0271276608065625,0.0272896787913341,0.0280319161667812,
0.0281997560089138,0.0286548014581302,0.0289361337161231),.UNSPECIFIED.);
#722=B_SPLINE_CURVE_WITH_KNOTS('',3,(#3869,#3870,#3871,#3872),
 .UNSPECIFIED.,.F.,.F.,(4,4),(0.271564142957347,0.760714960177674),
 .UNSPECIFIED.);
#723=B_SPLINE_CURVE_WITH_KNOTS('',3,(#3876,#3877,#3878,#3879,#3880),
 .UNSPECIFIED.,.F.,.F.,(4,1,4),(0.271564142958117,0.480543031446919,0.760714960177676),
 .UNSPECIFIED.);
#724=B_SPLINE_CURVE_WITH_KNOTS('',2,(#3882,#3883,#3884),.UNSPECIFIED.,.F.,
 .F.,(3,3),(0.,0.49999999999985),.UNSPECIFIED.);
#725=B_SPLINE_CURVE_WITH_KNOTS('',2,(#3885,#3886,#3887),.UNSPECIFIED.,.F.,
 .F.,(3,3),(0.,0.49999999999985),.UNSPECIFIED.);
#726=B_SPLINE_CURVE_WITH_KNOTS('',3,(#3899,#3900,#3901,#3902,#3903,#3904,
#3905,#3906,#3907,#3908,#3909,#3910,#3911,#3912,#3913,#3914),
 .UNSPECIFIED.,.F.,.F.,(4,1,1,1,1,1,1,1,1,1,1,1,1,4),(-5.9999999999936E-8,
0.000863599146674657,0.00172725829334931,0.00345457658669863,0.00518189488004794,
0.00690921317339726,0.00863653146674657,0.0103638497600959,0.0138184863467945,
0.0155458046401438,0.0172731229334931,0.0207277595201918,0.0241823961068904,
0.027637032693589),.UNSPECIFIED.);
#727=B_SPLINE_CURVE_WITH_KNOTS('',3,(#3926,#3927,#3928,#3929,#3930,#3931,
#3932,#3933,#3934,#3935,#3936,#3937,#3938),.UNSPECIFIED.,.F.,.F.,(4,1,1,
1,1,1,1,1,1,1,4),(0.,0.00346933115977092,0.00693866231954185,0.0104079934793128,
0.0121426590591982,0.0138773246390837,0.0173466557988546,0.0190813213787401,
0.0208159869586255,0.0242853181183965,0.0277546492781674),.UNSPECIFIED.);
#728=B_SPLINE_CURVE_WITH_KNOTS('',3,(#3949,#3950,#3951,#3952,#3953,#3954,
#3955,#3956,#3957,#3958,#3959,#3960,#3961,#3962,#3963,#3964,#3965,#3966,
#3967,#3968,#3969,#3970,#3971,#3972,#3973,#3974,#3975,#3976,#3977,#3978,
#3979,#3980,#3981,#3982,#3983,#3984,#3985,#3986,#3987,#3988,#3989,#3990,
#3991,#3992,#3993,#3994,#3995,#3996,#3997,#3998,#3999,#4000,#4001,#4002,
#4003,#4004,#4005,#4006,#4007,#4008,#4009,#4010,#4011,#4012,#4013,#4014,
#4015,#4016,#4017,#4018,#4019,#4020,#4021),.UNSPECIFIED.,.F.,.F.,(4,3,3,
3,3,3,3,3,3,3,3,3,3,3,3,3,3,3,3,3,3,3,3,3,4),(-6.00000000099569E-8,0.000139839520019414,
0.0005021880172974,0.00122349297321574,0.00194234301347721,0.00266115382695868,
0.00279188540452017,0.00410123184357157,0.00482161394736645,0.0053489982802164,
0.00554199605116132,0.00671683389318297,0.00698240124654926,0.00770296253253031,
0.00800962304158468,0.00811549576985941,0.00819557885909974,0.00842352381851136,
0.00906395053484478,0.00971025210695206,0.00986174617718635,0.0104384227537244,
0.0105859254620621,0.0107681671846448,0.0108242487199393),.UNSPECIFIED.);
#729=B_SPLINE_CURVE_WITH_KNOTS('',3,(#4034,#4035,#4036,#4037,#4038,#4039,
#4040,#4041,#4042,#4043,#4044,#4045,#4046,#4047,#4048,#4049,#4050,#4051,
#4052,#4053,#4054,#4055,#4056,#4057,#4058,#4059,#4060,#4061,#4062,#4063,
#4064,#4065,#4066,#4067,#4068,#4069,#4070,#4071,#4072,#4073,#4074,#4075,
#4076,#4077,#4078,#4079,#4080,#4081,#4082,#4083,#4084,#4085,#4086,#4087,
#4088,#4089,#4090,#4091,#4092,#4093,#4094,#4095,#4096,#4097,#4098,#4099,
#4100,#4101,#4102,#4103,#4104,#4105,#4106,#4107,#4108,#4109),
 .UNSPECIFIED.,.F.,.F.,(4,3,3,3,3,3,3,3,3,3,3,3,3,3,3,3,3,3,3,3,3,3,3,3,
3,4),(-5.9999999979549E-8,5.60586408737192E-5,0.000238418293894877,0.000814493196947965,
0.000963033668926254,0.0016090017591001,0.00224914030906881,0.00240204847238945,
0.00257035926462972,0.00269752632501615,0.0027836068229313,0.00384399977453124,
0.00503571552044713,0.00528522940241932,0.00562666275558849,0.00672673803403079,
0.0074472334011357,0.00780748108468815,0.00802833086586444,0.00815062324954014,
0.0081677287682406,0.00888712812512965,0.00960652535999621,0.0103281780112422,
0.0106905731618405,0.0108304612451676),.UNSPECIFIED.);
#730=B_SPLINE_CURVE_WITH_KNOTS('',3,(#4127,#4128,#4129,#4130,#4131,#4132,
#4133,#4134,#4135,#4136,#4137,#4138,#4139,#4140,#4141,#4142,#4143,#4144),
 .UNSPECIFIED.,.F.,.F.,(4,2,2,2,2,2,2,2,4),(0.0358044994028599,0.0497297640829935,
0.099459528165987,0.156520288244398,0.213581048322809,0.265157871268226,
0.316734694213644,0.365524563285971,0.414314432358297),.UNSPECIFIED.);
#731=B_SPLINE_CURVE_WITH_KNOTS('',3,(#4145,#4146,#4147,#4148,#4149,#4150,
#4151,#4152,#4153,#4154,#4155,#4156,#4157,#4158,#4159,#4160,#4161,#4162),
 .UNSPECIFIED.,.F.,.F.,(4,2,2,2,2,2,2,2,4),(0.414314432358297,0.463104301430623,
0.51189417050295,0.563470993448367,0.615047816393785,0.672108576472196,
0.729169336550607,0.7788991006336,0.792824365313733),.UNSPECIFIED.);
#732=B_SPLINE_CURVE_WITH_KNOTS('',3,(#4167,#4168,#4169,#4170,#4171,#4172,
#4173,#4174,#4175,#4176,#4177,#4178,#4179,#4180,#4181,#4182,#4183,#4184,
#4185,#4186,#4187,#4188,#4189,#4190,#4191,#4192,#4193,#4194,#4195,#4196,
#4197,#4198,#4199,#4200,#4201),.UNSPECIFIED.,.F.,.F.,(4,2,2,2,2,2,2,2,3,
2,2,2,2,2,2,2,4),(0.450118931761155,0.464044196441291,0.513773960524284,
0.570834720602695,0.627895480681106,0.679472303626524,0.731049126571941,
0.779838995644268,0.828628864716594,0.87741873378892,0.926208602861247,
0.977785425806665,1.02936224875208,1.08642300883049,1.1434837689089,1.1932135329919,
1.20713879767203),.UNSPECIFIED.);
#733=B_SPLINE_CURVE_WITH_KNOTS('',3,(#4280,#4281,#4282,#4283,#4284,#4285,
#4286,#4287,#4288,#4289,#4290,#4291,#4292,#4293,#4294,#4295,#4296,#4297,
#4298,#4299,#4300,#4301,#4302,#4303,#4304,#4305,#4306,#4307,#4308,#4309,
#4310,#4311,#4312,#4313,#4314,#4315,#4316,#4317,#4318,#4319,#4320,#4321,
#4322,#4323,#4324,#4325),.UNSPECIFIED.,.F.,.F.,(4,3,3,3,3,3,3,3,3,3,3,3,
3,3,3,4),(1.49963709553568E-8,0.000180341449995564,0.000235360779285424,
0.000414314952803417,0.000469851016372792,0.000603221104386238,0.00070114541948803,
0.000828629905606834,0.000930438764372616,0.00109308722548239,0.00124294485841025,
0.00136667183310148,0.00138071837995401,0.0015004322181588,0.00160266737979201,
0.00165725980757795),.UNSPECIFIED.);
#734=B_SPLINE_CURVE_WITH_KNOTS('',3,(#4326,#4327,#4328,#4329,#4330,#4331,
#4332,#4333,#4334,#4335,#4336,#4337,#4338,#4339),.UNSPECIFIED.,.F.,.F.,
(4,2,2,2,2,2,4),(0.,0.0214446685391967,0.0446553742489931,0.0851025077919456,
0.128548629346489,0.169193831856437,0.169712102126995),.UNSPECIFIED.);
#735=B_SPLINE_CURVE_WITH_KNOTS('',3,(#4406,#4407,#4408,#4409,#4410,#4411,
#4412,#4413,#4414,#4415,#4416,#4417,#4418,#4419,#4420,#4421,#4422,#4423,
#4424,#4425,#4426,#4427,#4428,#4429,#4430,#4431,#4432,#4433,#4434,#4435,
#4436,#4437,#4438,#4439,#4440,#4441,#4442,#4443,#4444,#4445,#4446,#4447,
#4448,#4449,#4450,#4451),.UNSPECIFIED.,.F.,.F.,(4,3,3,3,3,3,3,3,3,3,3,3,
3,3,3,4),(3.93862392762236E-12,5.52237494355997E-5,0.000176321982846194,
0.000279739412753036,0.00040489719138572,0.000419106175379476,0.000583635536432469,
0.000735226153600432,0.00083821235075895,0.000967171093467726,0.0011020835003866,
0.00120114023221079,0.00125731852613842,0.00143834216220377,0.00162075392920419,
0.00167642163819627),.UNSPECIFIED.);
#736=B_SPLINE_CURVE_WITH_KNOTS('',3,(#4452,#4453,#4454,#4455,#4456,#4457,
#4458,#4459,#4460,#4461,#4462,#4463,#4464,#4465),.UNSPECIFIED.,.F.,.F.,
(4,2,2,2,2,2,4),(-0.170055968573577,-0.148502010737757,-0.125173030913338,
-0.0845198269097949,-0.0408523908204112,-5.08595110471077E-11,0.000520910883649361),
 .UNSPECIFIED.);
#737=B_SPLINE_CURVE_WITH_KNOTS('',3,(#4468,#4469,#4470,#4471,#4472,#4473,
#4474,#4475,#4476,#4477,#4478,#4479,#4480,#4481),.UNSPECIFIED.,.F.,.F.,
(4,2,2,2,2,2,4),(-0.0803520078286291,-0.0703634657763552,-0.0596969833716403,
-0.0400046184955332,-0.0200486483221638,-3.28680547001525E-7,0.000332582590698626),
 .UNSPECIFIED.);
#738=B_SPLINE_CURVE_WITH_KNOTS('',3,(#4482,#4483,#4484,#4485,#4486,#4487,
#4488,#4489,#4490,#4491,#4492,#4493,#4494,#4495),.UNSPECIFIED.,.F.,.F.,
(4,2,2,2,2,2,4),(0.,0.00997181294200963,0.020620430801566,0.0402798143131162,
0.0602023616279218,0.0802171037412768,0.0805494574427055),.UNSPECIFIED.);
#739=B_SPLINE_CURVE_WITH_KNOTS('',3,(#4550,#4551,#4552,#4553,#4554,#4555,
#4556,#4557,#4558,#4559,#4560,#4561,#4562,#4563),.UNSPECIFIED.,.F.,.F.,
(4,2,2,2,2,2,4),(0.,0.0115166316222563,0.0242617882016066,0.0446581183514303,
0.0651270456465506,0.0850003495489968,0.0853653259191221),.UNSPECIFIED.);
#740=B_SPLINE_CURVE_WITH_KNOTS('',3,(#4618,#4619,#4620,#4621,#4622,#4623,
#4624,#4625,#4626,#4627,#4628,#4629,#4630,#4631),.UNSPECIFIED.,.F.,.F.,
(4,2,2,2,2,2,4),(-0.0951765418400988,-0.0822811457938572,-0.0680101464988867,
-0.0451719795960124,-0.0222525242592721,0.,0.00040867112867103),
 .UNSPECIFIED.);
#741=B_SPLINE_CURVE_WITH_KNOTS('',3,(#4759,#4760,#4761,#4762,#4763,#4764,
#4765,#4766,#4767,#4768,#4769,#4770,#4771,#4772,#4773,#4774,#4775,#4776,
#4777,#4778,#4779,#4780,#4781,#4782,#4783,#4784,#4785,#4786,#4787,#4788,
#4789,#4790,#4791,#4792,#4793,#4794,#4795,#4796,#4797,#4798,#4799,#4800,
#4801,#4802,#4803,#4804,#4805,#4806,#4807,#4808,#4809,#4810,#4811,#4812,
#4813,#4814,#4815,#4816,#4817,#4818,#4819,#4820,#4821,#4822,#4823,#4824,
#4825,#4826,#4827,#4828,#4829,#4830,#4831,#4832,#4833,#4834,#4835,#4836,
#4837,#4838,#4839,#4840,#4841,#4842,#4843,#4844,#4845,#4846,#4847,#4848,
#4849,#4850,#4851,#4852,#4853,#4854,#4855,#4856,#4857,#4858),
 .UNSPECIFIED.,.F.,.F.,(4,3,3,3,3,3,3,3,3,3,3,3,3,3,3,3,3,3,3,3,3,3,3,3,
3,3,3,3,3,3,3,3,3,4),(0.,7.9699330774834E-5,0.000156924405802578,0.000199890595383124,
0.000282152106947599,0.000288300775342787,0.000299835893074687,0.000391737839975817,
0.000399781190766249,0.00044975383961203,0.000456601694192486,0.000529053959431089,
0.000604127223509925,0.000624658110572264,0.0006481315813998,0.000668384178312322,
0.000740217912696272,0.000799562381532498,0.000874655751208537,0.000941876548528986,
0.000999452976915622,0.00100751351300155,0.00107786280825553,0.00115959794822459,
0.00119934357229875,0.00126548196132166,0.00129928886999031,0.00133373921241891,
0.00137424784325898,0.00144139284186283,0.00150401480389419,0.00152021279074827,
0.00158481750703978,0.00159912476306284),.UNSPECIFIED.);
#742=B_SPLINE_CURVE_WITH_KNOTS('',3,(#4898,#4899,#4900,#4901,#4902,#4903,
#4904,#4905,#4906,#4907,#4908,#4909,#4910,#4911,#4912,#4913,#4914,#4915,
#4916,#4917,#4918,#4919,#4920,#4921,#4922,#4923,#4924,#4925,#4926,#4927,
#4928,#4929,#4930,#4931,#4932,#4933,#4934,#4935,#4936,#4937,#4938,#4939,
#4940,#4941,#4942,#4943,#4944,#4945,#4946,#4947,#4948,#4949,#4950,#4951,
#4952,#4953,#4954,#4955,#4956,#4957,#4958,#4959,#4960,#4961,#4962,#4963,
#4964,#4965,#4966,#4967,#4968,#4969,#4970,#4971,#4972,#4973,#4974,#4975,
#4976,#4977,#4978,#4979,#4980,#4981,#4982,#4983,#4984,#4985,#4986,#4987,
#4988,#4989,#4990,#4991,#4992,#4993,#4994,#4995,#4996,#4997,#4998,#4999,
#5000),.UNSPECIFIED.,.F.,.F.,(4,3,3,3,3,3,3,3,3,3,3,3,3,3,3,3,3,3,3,3,3,
3,3,3,3,3,3,3,3,3,3,3,3,3,4),(7.42898962268245E-15,6.56296656473243E-5,
7.94798489275434E-5,0.000141911118252591,0.000201386223183705,0.00026204179922294,
0.000267365563612132,0.000302079334773664,0.000368712586563249,0.000402772446363623,
0.00044281545640718,0.000519426639528395,0.00059030230452697,0.000596037822649609,
0.000604158669543542,0.000671884138367369,0.000729889657032188,0.000805544892723461,
0.000879067721697966,0.000906238004313421,0.000943997921159656,0.000958108707619671,
0.00101007777564057,0.00108403235755484,0.00110919755736193,0.0011510721266421,
0.00115875744822262,0.0012083173390833,0.001300894715998,0.00130901045067326,
0.00132063198425886,0.00138453028436573,0.00146253823628687,0.00154246896634695,
0.00161108978544314),.UNSPECIFIED.);
#743=B_SPLINE_CURVE_WITH_KNOTS('',3,(#5159,#5160,#5161,#5162,#5163,#5164,
#5165,#5166),.UNSPECIFIED.,.F.,.F.,(4,2,2,4),(1.41312981369497E-6,0.00795523366802273,
0.0157405039054025,0.0159082788617568),.UNSPECIFIED.);
#744=B_SPLINE_CURVE_WITH_KNOTS('',3,(#5297,#5298,#5299,#5300,#5301,#5302,
#5303,#5304),.UNSPECIFIED.,.F.,.F.,(4,2,2,4),(-0.0157393978379853,-0.00778543234228755,
-2.05606572115102E-8,0.000167757508487055),.UNSPECIFIED.);
#745=B_SPLINE_CURVE_WITH_KNOTS('',3,(#5319,#5320,#5321,#5322,#5323,#5324,
#5325,#5326,#5327,#5328,#5329,#5330,#5331,#5332,#5333,#5334,#5335,#5336),
 .UNSPECIFIED.,.F.,.F.,(4,2,2,2,2,2,2,2,4),(-1.50808402795654,-1.31957303439734,
-1.13106204083814,-0.942552027408206,-0.754042013978271,-0.565532000548336,
-0.377021987118401,-0.1885109935592,0.),.UNSPECIFIED.);
#746=B_SPLINE_CURVE_WITH_KNOTS('',3,(#5337,#5338,#5339,#5340,#5341,#5342,
#5343,#5344,#5345,#5346,#5347,#5348,#5349,#5350,#5351,#5352,#5353,#5354),
 .UNSPECIFIED.,.F.,.F.,(4,2,2,2,2,2,2,2,4),(0.,0.188510993559201,0.377021987118401,
0.565532000548336,0.754042013978271,0.942552027408206,1.13106204083814,
1.31957303439734,1.50808402795654),.UNSPECIFIED.);
#747=B_SPLINE_CURVE_WITH_KNOTS('',3,(#5359,#5360,#5361,#5362,#5363,#5364,
#5365,#5366,#5367,#5368,#5369,#5370,#5371,#5372,#5373,#5374,#5375,#5376,
#5377,#5378,#5379,#5380,#5381,#5382,#5383,#5384,#5385,#5386,#5387,#5388,
#5389,#5390,#5391,#5392,#5393,#5394,#5395,#5396,#5397,#5398,#5399,#5400,
#5401),.UNSPECIFIED.,.F.,.F.,(4,3,3,3,3,3,3,3,3,3,3,3,3,3,4),(0.,0.000308563349128784,
0.000610228184031224,0.00061619488992782,0.000918325628995134,0.00120365109915468,
0.00122045636806245,0.00122906844777256,0.00152987649993312,0.00183068455209367,
0.00183694832888933,0.00207585765257184,0.00213579864410928,0.00213920824200645,
0.0024409127361249),.UNSPECIFIED.);
#748=B_SPLINE_CURVE_WITH_KNOTS('',3,(#5405,#5406,#5407,#5408),
 .UNSPECIFIED.,.F.,.F.,(4,4),(0.,0.000576044458812514),.UNSPECIFIED.);
#749=B_SPLINE_CURVE_WITH_KNOTS('',3,(#5410,#5411,#5412,#5413,#5414,#5415,
#5416,#5417,#5418,#5419,#5420,#5421,#5422,#5423,#5424,#5425,#5426,#5427,
#5428,#5429,#5430,#5431,#5432,#5433,#5434,#5435,#5436,#5437,#5438,#5439,
#5440,#5441,#5442,#5443,#5444,#5445,#5446,#5447,#5448,#5449,#5450,#5451,
#5452,#5453,#5454,#5455,#5456,#5457,#5458,#5459,#5460,#5461),
 .UNSPECIFIED.,.F.,.F.,(4,3,3,3,3,3,3,3,3,3,3,3,3,3,3,3,3,4),(0.,0.000126672760610255,
0.000230997393858955,0.00036485206145748,0.00046387783219286,0.000468928742578016,
0.000664756938144786,0.000697198157533714,0.00088895337438964,0.000932210359468332,
0.000937857485156033,0.00108959807992409,0.00116742456510676,0.00117232185644504,
0.00136938481188588,0.00140322546831427,0.00140678622773405,0.00187571497031207),
 .UNSPECIFIED.);
#750=B_SPLINE_CURVE_WITH_KNOTS('',3,(#5465,#5466,#5467,#5468,#5469,#5470,
#5471,#5472,#5473,#5474,#5475,#5476,#5477,#5478,#5479,#5480,#5481,#5482,
#5483,#5484,#5485,#5486,#5487,#5488,#5489,#5490,#5491,#5492,#5493,#5494,
#5495,#5496,#5497,#5498,#5499,#5500,#5501,#5502,#5503,#5504,#5505,#5506,
#5507,#5508,#5509,#5510,#5511,#5512,#5513,#5514,#5515,#5516),
 .UNSPECIFIED.,.F.,.F.,(4,3,3,3,3,3,3,3,3,3,3,3,3,3,3,3,3,4),(0.,0.000462978043965576,
0.000466493617402435,0.000661055846945523,0.000694467065948364,0.000699302210734026,
0.000849117219662693,0.000925956087931152,0.000931531551679775,0.00112085339774616,
0.0011635614523456,0.00135690459109443,0.00138893413189673,0.00139392094630591,
0.00152607700020014,0.00162384613541886,0.00174891142062009,0.0018519121758623),
 .UNSPECIFIED.);
#751=B_SPLINE_CURVE_WITH_KNOTS('',3,(#5518,#5519,#5520,#5521),
 .UNSPECIFIED.,.F.,.F.,(4,4),(0.,0.00058433631101008),.UNSPECIFIED.);
#752=B_SPLINE_CURVE_WITH_KNOTS('',3,(#5524,#5525,#5526,#5527,#5528,#5529,
#5530,#5531,#5532,#5533,#5534,#5535,#5536,#5537,#5538,#5539,#5540,#5541,
#5542,#5543,#5544,#5545,#5546,#5547,#5548,#5549,#5550,#5551,#5552,#5553,
#5554,#5555,#5556,#5557,#5558,#5559,#5560,#5561,#5562,#5563,#5564,#5565,
#5566,#5567,#5568,#5569,#5570,#5571,#5572,#5573,#5574,#5575,#5576,#5577,
#5578,#5579,#5580,#5581),.UNSPECIFIED.,.F.,.F.,(4,3,3,3,3,3,3,3,3,3,3,3,
3,3,3,3,3,3,3,4),(0.,0.000254765617264465,0.000303482894730041,0.000307038606009795,
0.000607733224135572,0.000614077212019589,0.000874549080651746,0.000912939611057304,
0.000921115818029384,0.00121943782284748,0.00122815442403918,0.00149056307293988,
0.00152731573748549,0.00153519303004897,0.00183620188310365,0.00184223163605877,
0.00209772386015458,0.00214606671623436,0.00214927024206856,0.00245630884807836),
 .UNSPECIFIED.);
#753=B_SPLINE_CURVE_WITH_KNOTS('',3,(#5600,#5601,#5602,#5603,#5604,#5605,
#5606,#5607,#5608,#5609,#5610,#5611,#5612,#5613,#5614,#5615,#5616,#5617),
 .UNSPECIFIED.,.F.,.F.,(4,2,2,2,2,2,2,2,4),(-1.50787355805408,-1.31938901538616,
-1.13090447271824,-0.942420625872639,-0.753936779027041,-0.565452932181442,
-0.376969085335844,-0.188484542667922,0.),.UNSPECIFIED.);
#754=B_SPLINE_CURVE_WITH_KNOTS('',3,(#5618,#5619,#5620,#5621,#5622,#5623,
#5624,#5625,#5626,#5627,#5628,#5629,#5630,#5631,#5632,#5633,#5634,#5635),
 .UNSPECIFIED.,.F.,.F.,(4,2,2,2,2,2,2,2,4),(0.,0.188484542667922,0.376969085335844,
0.565452932181442,0.753936779027041,0.942420625872639,1.13090447271824,
1.31938901538616,1.50787355805408),.UNSPECIFIED.);
#755=B_SPLINE_CURVE_WITH_KNOTS('',3,(#5782,#5783,#5784,#5785,#5786,#5787,
#5788,#5789,#5790,#5791,#5792,#5793,#5794,#5795,#5796,#5797,#5798,#5799,
#5800,#5801,#5802,#5803,#5804,#5805,#5806,#5807,#5808,#5809,#5810,#5811,
#5812,#5813,#5814,#5815,#5816,#5817,#5818,#5819,#5820,#5821,#5822,#5823,
#5824,#5825,#5826,#5827),.UNSPECIFIED.,.F.,.F.,(4,3,3,3,3,3,3,3,3,3,3,3,
3,3,3,4),(0.,8.98608022974005E-5,0.000179473481755324,0.000196341169982658,
0.000272495237410149,0.000293106653467341,0.000369138480239963,0.000387775870619925,
0.000453007019148896,0.000480461514076853,0.000549072743353081,0.000570371703009237,
0.000631481378406113,0.000656502017486739,0.000706682145106646,0.000738276960479927),
 .UNSPECIFIED.);
#756=B_SPLINE_CURVE_WITH_KNOTS('',3,(#5830,#5831,#5832,#5833,#5834,#5835,
#5836,#5837,#5838,#5839,#5840,#5841,#5842),.UNSPECIFIED.,.F.,.F.,(4,3,3,
3,4),(0.,6.2217825539815E-5,0.000123144721397346,0.000182470409745172,0.000197917166597478),
 .UNSPECIFIED.);
#757=B_SPLINE_CURVE_WITH_KNOTS('',3,(#5845,#5846,#5847,#5848,#5849,#5850,
#5851,#5852,#5853,#5854,#5855,#5856,#5857,#5858,#5859,#5860,#5861,#5862,
#5863,#5864,#5865,#5866,#5867,#5868,#5869,#5870,#5871,#5872,#5873,#5874,
#5875,#5876,#5877,#5878,#5879,#5880,#5881,#5882,#5883,#5884,#5885,#5886,
#5887,#5888,#5889,#5890,#5891,#5892,#5893),.UNSPECIFIED.,.F.,.F.,(4,3,3,
3,3,3,3,3,3,3,3,3,3,3,3,3,4),(0.,5.94645305772287E-5,0.000100464703153781,
0.000159849535131075,0.000204211717682638,0.000233290771856634,0.000298692954402551,
0.000368024460216877,0.000429615411336609,0.000466581543713268,0.000539991061546297,
0.000618743604596128,0.000676309826304366,0.000699872315569902,0.000795263244593927,
0.000892740549602466,0.000933163087426536),.UNSPECIFIED.);
#758=B_SPLINE_CURVE_WITH_KNOTS('',3,(#5900,#5901,#5902,#5903,#5904,#5905,
#5906,#5907,#5908,#5909,#5910,#5911,#5912,#5913,#5914,#5915,#5916,#5917,
#5918,#5919,#5920,#5921,#5922,#5923,#5924,#5925,#5926,#5927,#5928,#5929,
#5930,#5931,#5932,#5933,#5934,#5935,#5936,#5937,#5938,#5939,#5940,#5941,
#5942,#5943,#5944,#5945,#5946,#5947,#5948,#5949,#5950,#5951,#5952,#5953,
#5954),.UNSPECIFIED.,.F.,.F.,(4,3,3,3,3,3,3,3,3,3,3,3,3,3,3,3,3,3,4),(0.,
0.000128887771462274,0.000233406807973919,0.000257169959715249,0.000356810636911117,
0.000382780158996062,0.000458508979597939,0.000466813615947838,0.000504216865697686,
0.000583517019934797,0.000619725076480255,0.000671380903479184,0.000700220423921756,
0.000729557061722528,0.000779956970105928,0.000816923827908716,0.000832761552334815,
0.000897128980085746,0.000933627231895675),.UNSPECIFIED.);
#759=B_SPLINE_CURVE_WITH_KNOTS('',3,(#5964,#5965,#5966,#5967,#5968,#5969,
#5970,#5971,#5972,#5973,#5974,#5975,#5976),.UNSPECIFIED.,.F.,.F.,(4,3,3,
3,4),(0.,6.12690493969555E-5,0.000123717942516932,0.000187936363360859,
0.0001953730302806),.UNSPECIFIED.);
#760=B_SPLINE_CURVE_WITH_KNOTS('',3,(#5979,#5980,#5981,#5982,#5983,#5984,
#5985,#5986,#5987,#5988,#5989,#5990,#5991,#5992,#5993,#5994,#5995,#5996,
#5997,#5998,#5999,#6000,#6001,#6002,#6003,#6004,#6005,#6006,#6007,#6008,
#6009,#6010,#6011,#6012,#6013,#6014,#6015,#6016,#6017,#6018,#6019,#6020,
#6021,#6022,#6023,#6024),.UNSPECIFIED.,.F.,.F.,(4,3,3,3,3,3,3,3,3,3,3,3,
3,3,3,4),(0.,5.07392102263356E-5,8.26860396043716E-5,0.000144476569232995,
0.000169775976121827,0.000239151638329165,0.000260687900615285,0.000326645822850067,
0.000354406202396686,0.000373251241508532,0.000450130177886558,0.000527132716863912,
0.000547973775287671,0.000638563615192175,0.00072942387140018,0.000746502483017064),
 .UNSPECIFIED.);
#761=VERTEX_POINT('',#2591);
#762=VERTEX_POINT('',#2592);
#763=VERTEX_POINT('',#2693);
#764=VERTEX_POINT('',#2695);
#765=VERTEX_POINT('',#2697);
#766=VERTEX_POINT('',#2699);
#767=VERTEX_POINT('',#2806);
#768=VERTEX_POINT('',#2808);
#769=VERTEX_POINT('',#2811);
#770=VERTEX_POINT('',#2812);
#771=VERTEX_POINT('',#2814);
#772=VERTEX_POINT('',#2816);
#773=VERTEX_POINT('',#2818);
#774=VERTEX_POINT('',#2820);
#775=VERTEX_POINT('',#2822);
#776=VERTEX_POINT('',#2824);
#777=VERTEX_POINT('',#2828);
#778=VERTEX_POINT('',#2829);
#779=VERTEX_POINT('',#2831);
#780=VERTEX_POINT('',#2833);
#781=VERTEX_POINT('',#2835);
#782=VERTEX_POINT('',#2857);
#783=VERTEX_POINT('',#2858);
#784=VERTEX_POINT('',#2860);
#785=VERTEX_POINT('',#2862);
#786=VERTEX_POINT('',#2865);
#787=VERTEX_POINT('',#2866);
#788=VERTEX_POINT('',#2868);
#789=VERTEX_POINT('',#2870);
#790=VERTEX_POINT('',#2872);
#791=VERTEX_POINT('',#2874);
#792=VERTEX_POINT('',#2876);
#793=VERTEX_POINT('',#2878);
#794=VERTEX_POINT('',#2882);
#795=VERTEX_POINT('',#2883);
#796=VERTEX_POINT('',#2903);
#797=VERTEX_POINT('',#2905);
#798=VERTEX_POINT('',#2907);
#799=VERTEX_POINT('',#2911);
#800=VERTEX_POINT('',#2912);
#801=VERTEX_POINT('',#2914);
#802=VERTEX_POINT('',#2916);
#803=VERTEX_POINT('',#2919);
#804=VERTEX_POINT('',#2921);
#805=VERTEX_POINT('',#2924);
#806=VERTEX_POINT('',#2925);
#807=VERTEX_POINT('',#3032);
#808=VERTEX_POINT('',#3034);
#809=VERTEX_POINT('',#3036);
#810=VERTEX_POINT('',#3038);
#811=VERTEX_POINT('',#3146);
#812=VERTEX_POINT('',#3147);
#813=VERTEX_POINT('',#3236);
#814=VERTEX_POINT('',#3322);
#815=VERTEX_POINT('',#3414);
#816=VERTEX_POINT('',#3511);
#817=VERTEX_POINT('',#3512);
#818=VERTEX_POINT('',#3514);
#819=VERTEX_POINT('',#3527);
#820=VERTEX_POINT('',#3529);
#821=VERTEX_POINT('',#3542);
#822=VERTEX_POINT('',#3553);
#823=VERTEX_POINT('',#3554);
#824=VERTEX_POINT('',#3559);
#825=VERTEX_POINT('',#3565);
#826=VERTEX_POINT('',#3598);
#827=VERTEX_POINT('',#3619);
#828=VERTEX_POINT('',#3621);
#829=VERTEX_POINT('',#3627);
#830=VERTEX_POINT('',#3637);
#831=VERTEX_POINT('',#3753);
#832=VERTEX_POINT('',#3867);
#833=VERTEX_POINT('',#3868);
#834=VERTEX_POINT('',#3873);
#835=VERTEX_POINT('',#3875);
#836=VERTEX_POINT('',#3881);
#837=VERTEX_POINT('',#3896);
#838=VERTEX_POINT('',#3898);
#839=VERTEX_POINT('',#3924);
#840=VERTEX_POINT('',#3947);
#841=VERTEX_POINT('',#4023);
#842=VERTEX_POINT('',#4123);
#843=VERTEX_POINT('',#4124);
#844=VERTEX_POINT('',#4126);
#845=VERTEX_POINT('',#4164);
#846=VERTEX_POINT('',#4165);
#847=VERTEX_POINT('',#4205);
#848=VERTEX_POINT('',#5309);
#849=VERTEX_POINT('',#5310);
#850=VERTEX_POINT('',#5312);
#851=VERTEX_POINT('',#5314);
#852=VERTEX_POINT('',#5317);
#853=VERTEX_POINT('',#5318);
#854=VERTEX_POINT('',#5355);
#855=VERTEX_POINT('',#5356);
#856=VERTEX_POINT('',#5358);
#857=VERTEX_POINT('',#5402);
#858=VERTEX_POINT('',#5404);
#859=VERTEX_POINT('',#5409);
#860=VERTEX_POINT('',#5462);
#861=VERTEX_POINT('',#5464);
#862=VERTEX_POINT('',#5517);
#863=VERTEX_POINT('',#5522);
#864=VERTEX_POINT('',#5583);
#865=VERTEX_POINT('',#5585);
#866=VERTEX_POINT('',#5589);
#867=VERTEX_POINT('',#5590);
#868=VERTEX_POINT('',#5593);
#869=VERTEX_POINT('',#5595);
#870=VERTEX_POINT('',#5598);
#871=VERTEX_POINT('',#5599);
#872=VERTEX_POINT('',#5640);
#873=VERTEX_POINT('',#5643);
#874=VERTEX_POINT('',#5645);
#875=VERTEX_POINT('',#5647);
#876=VERTEX_POINT('',#5649);
#877=VERTEX_POINT('',#5651);
#878=VERTEX_POINT('',#5653);
#879=VERTEX_POINT('',#5655);
#880=VERTEX_POINT('',#5658);
#881=VERTEX_POINT('',#5660);
#882=VERTEX_POINT('',#5662);
#883=VERTEX_POINT('',#5664);
#884=VERTEX_POINT('',#5666);
#885=VERTEX_POINT('',#5668);
#886=VERTEX_POINT('',#5671);
#887=VERTEX_POINT('',#5672);
#888=VERTEX_POINT('',#5675);
#889=VERTEX_POINT('',#5677);
#890=VERTEX_POINT('',#5681);
#891=VERTEX_POINT('',#5687);
#892=VERTEX_POINT('',#5693);
#893=VERTEX_POINT('',#5699);
#894=VERTEX_POINT('',#5705);
#895=VERTEX_POINT('',#5713);
#896=VERTEX_POINT('',#5714);
#897=VERTEX_POINT('',#5716);
#898=VERTEX_POINT('',#5718);
#899=VERTEX_POINT('',#5722);
#900=VERTEX_POINT('',#5723);
#901=VERTEX_POINT('',#5725);
#902=VERTEX_POINT('',#5727);
#903=VERTEX_POINT('',#5730);
#904=VERTEX_POINT('',#5732);
#905=VERTEX_POINT('',#5735);
#906=VERTEX_POINT('',#5736);
#907=VERTEX_POINT('',#5738);
#908=VERTEX_POINT('',#5740);
#909=VERTEX_POINT('',#5744);
#910=VERTEX_POINT('',#5745);
#911=VERTEX_POINT('',#5747);
#912=VERTEX_POINT('',#5749);
#913=VERTEX_POINT('',#5753);
#914=VERTEX_POINT('',#5754);
#915=VERTEX_POINT('',#5756);
#916=VERTEX_POINT('',#5758);
#917=VERTEX_POINT('',#5765);
#918=VERTEX_POINT('',#5770);
#919=VERTEX_POINT('',#5781);
#920=VERTEX_POINT('',#5963);
#921=EDGE_CURVE('',#761,#762,#700,.T.);
#922=EDGE_CURVE('',#762,#763,#504,.T.);
#923=EDGE_CURVE('',#763,#764,#505,.T.);
#924=EDGE_CURVE('',#764,#765,#506,.F.);
#925=EDGE_CURVE('',#765,#766,#701,.T.);
#926=EDGE_CURVE('',#766,#767,#507,.F.);
#927=EDGE_CURVE('',#767,#768,#508,.F.);
#928=EDGE_CURVE('',#768,#761,#509,.T.);
#929=EDGE_CURVE('',#769,#770,#510,.T.);
#930=EDGE_CURVE('',#769,#771,#138,.T.);
#931=EDGE_CURVE('',#772,#771,#511,.T.);
#932=EDGE_CURVE('',#772,#773,#139,.T.);
#933=EDGE_CURVE('',#774,#773,#512,.T.);
#934=EDGE_CURVE('',#774,#775,#140,.T.);
#935=EDGE_CURVE('',#776,#775,#513,.T.);
#936=EDGE_CURVE('',#776,#770,#141,.T.);
#937=EDGE_CURVE('',#777,#778,#514,.T.);
#938=EDGE_CURVE('',#778,#779,#515,.F.);
#939=EDGE_CURVE('',#779,#780,#516,.F.);
#940=EDGE_CURVE('',#780,#781,#517,.T.);
#941=EDGE_CURVE('',#781,#777,#702,.T.);
#942=EDGE_CURVE('',#782,#783,#518,.T.);
#943=EDGE_CURVE('',#783,#784,#519,.F.);
#944=EDGE_CURVE('',#784,#785,#520,.F.);
#945=EDGE_CURVE('',#785,#782,#521,.T.);
#946=EDGE_CURVE('',#786,#787,#522,.T.);
#947=EDGE_CURVE('',#786,#788,#142,.T.);
#948=EDGE_CURVE('',#789,#788,#523,.T.);
#949=EDGE_CURVE('',#789,#790,#143,.T.);
#950=EDGE_CURVE('',#791,#790,#524,.T.);
#951=EDGE_CURVE('',#791,#792,#144,.T.);
#952=EDGE_CURVE('',#793,#792,#525,.T.);
#953=EDGE_CURVE('',#793,#787,#145,.T.);
#954=EDGE_CURVE('',#794,#795,#703,.T.);
#955=EDGE_CURVE('',#795,#796,#526,.F.);
#956=EDGE_CURVE('',#796,#797,#527,.F.);
#957=EDGE_CURVE('',#797,#798,#528,.T.);
#958=EDGE_CURVE('',#798,#794,#529,.T.);
#959=EDGE_CURVE('',#799,#800,#530,.T.);
#960=EDGE_CURVE('',#800,#801,#531,.T.);
#961=EDGE_CURVE('',#801,#802,#532,.T.);
#962=EDGE_CURVE('',#802,#799,#533,.T.);
#963=EDGE_CURVE('',#803,#803,#146,.T.);
#964=EDGE_CURVE('',#804,#804,#147,.T.);
#965=EDGE_CURVE('',#805,#806,#704,.T.);
#966=EDGE_CURVE('',#806,#807,#534,.F.);
#967=EDGE_CURVE('',#807,#808,#535,.F.);
#968=EDGE_CURVE('',#808,#809,#536,.F.);
#969=EDGE_CURVE('',#809,#810,#705,.T.);
#970=EDGE_CURVE('',#810,#805,#148,.T.);
#971=EDGE_CURVE('',#811,#812,#706,.T.);
#972=EDGE_CURVE('',#812,#813,#707,.T.);
#973=EDGE_CURVE('',#813,#814,#708,.T.);
#974=EDGE_CURVE('',#814,#815,#537,.F.);
#975=EDGE_CURVE('',#815,#811,#709,.T.);
#976=EDGE_CURVE('',#816,#817,#538,.T.);
#977=EDGE_CURVE('',#817,#818,#710,.T.);
#978=EDGE_CURVE('',#818,#819,#149,.T.);
#979=EDGE_CURVE('',#819,#820,#711,.T.);
#980=EDGE_CURVE('',#821,#820,#539,.T.);
#981=EDGE_CURVE('',#821,#816,#150,.F.);
#982=EDGE_CURVE('',#822,#823,#712,.F.);
#983=EDGE_CURVE('',#823,#824,#713,.T.);
#984=EDGE_CURVE('',#824,#825,#540,.T.);
#985=EDGE_CURVE('',#825,#817,#714,.T.);
#986=EDGE_CURVE('',#816,#822,#715,.T.);
#987=EDGE_CURVE('',#820,#826,#716,.T.);
#988=EDGE_CURVE('',#826,#827,#541,.F.);
#989=EDGE_CURVE('',#827,#828,#717,.T.);
#990=EDGE_CURVE('',#828,#829,#718,.T.);
#991=EDGE_CURVE('',#829,#821,#719,.T.);
#992=EDGE_CURVE('',#818,#830,#720,.T.);
#993=EDGE_CURVE('',#830,#831,#542,.F.);
#994=EDGE_CURVE('',#831,#819,#721,.T.);
#995=EDGE_CURVE('',#832,#833,#722,.T.);
#996=EDGE_CURVE('',#833,#834,#543,.T.);
#997=EDGE_CURVE('',#834,#835,#723,.T.);
#998=EDGE_CURVE('',#835,#836,#724,.T.);
#999=EDGE_CURVE('',#836,#832,#725,.T.);
#1000=EDGE_CURVE('',#837,#836,#544,.T.);
#1001=EDGE_CURVE('',#837,#838,#726,.T.);
#1002=EDGE_CURVE('',#838,#832,#545,.T.);
#1003=EDGE_CURVE('',#839,#835,#546,.T.);
#1004=EDGE_CURVE('',#839,#837,#727,.T.);
#1005=EDGE_CURVE('',#840,#834,#547,.T.);
#1006=EDGE_CURVE('',#840,#839,#728,.T.);
#1007=EDGE_CURVE('',#841,#833,#548,.T.);
#1008=EDGE_CURVE('',#841,#840,#549,.T.);
#1009=EDGE_CURVE('',#838,#841,#729,.T.);
#1010=EDGE_CURVE('',#788,#772,#550,.T.);
#1011=EDGE_CURVE('',#771,#789,#551,.F.);
#1012=EDGE_CURVE('',#787,#774,#552,.T.);
#1013=EDGE_CURVE('',#773,#786,#553,.F.);
#1014=EDGE_CURVE('',#775,#793,#554,.F.);
#1015=EDGE_CURVE('',#792,#776,#555,.T.);
#1016=EDGE_CURVE('',#770,#791,#556,.F.);
#1017=EDGE_CURVE('',#790,#769,#557,.T.);
#1018=EDGE_CURVE('',#842,#843,#558,.F.);
#1019=EDGE_CURVE('',#842,#844,#730,.T.);
#1020=EDGE_CURVE('',#844,#843,#731,.T.);
#1021=EDGE_CURVE('',#845,#846,#559,.T.);
#1022=EDGE_CURVE('',#845,#846,#732,.T.);
#1023=EDGE_CURVE('',#846,#847,#151,.T.);
#1024=EDGE_CURVE('',#847,#845,#152,.T.);
#1025=EDGE_CURVE('',#847,#803,#560,.T.);
#1026=EDGE_CURVE('',#843,#842,#153,.T.);
#1027=EDGE_CURVE('',#844,#804,#561,.T.);
#1028=EDGE_CURVE('',#809,#822,#733,.T.);
#1029=EDGE_CURVE('',#810,#816,#734,.F.);
#1030=EDGE_CURVE('',#829,#806,#735,.T.);
#1031=EDGE_CURVE('',#821,#805,#736,.T.);
#1032=EDGE_CURVE('',#840,#814,#737,.T.);
#1033=EDGE_CURVE('',#815,#841,#738,.F.);
#1034=EDGE_CURVE('',#811,#838,#739,.F.);
#1035=EDGE_CURVE('',#839,#813,#740,.T.);
#1036=EDGE_CURVE('',#812,#837,#154,.T.);
#1037=EDGE_CURVE('',#781,#823,#741,.T.);
#1038=EDGE_CURVE('',#777,#809,#155,.T.);
#1039=EDGE_CURVE('',#808,#778,#30,.F.);
#1040=EDGE_CURVE('',#807,#783,#31,.F.);
#1041=EDGE_CURVE('',#782,#808,#32,.T.);
#1042=EDGE_CURVE('',#798,#807,#33,.T.);
#1043=EDGE_CURVE('',#794,#806,#156,.T.);
#1044=EDGE_CURVE('',#828,#795,#742,.T.);
#1045=EDGE_CURVE('',#831,#826,#157,.F.);
#1046=EDGE_CURVE('',#763,#831,#158,.T.);
#1047=EDGE_CURVE('',#830,#764,#159,.F.);
#1048=EDGE_CURVE('',#825,#830,#160,.T.);
#1049=EDGE_CURVE('',#778,#782,#161,.T.);
#1050=EDGE_CURVE('',#764,#825,#162,.T.);
#1051=EDGE_CURVE('',#779,#785,#163,.T.);
#1052=EDGE_CURVE('',#765,#824,#743,.F.);
#1053=EDGE_CURVE('',#783,#798,#164,.T.);
#1054=EDGE_CURVE('',#779,#801,#165,.F.);
#1055=EDGE_CURVE('',#801,#785,#166,.F.);
#1056=EDGE_CURVE('',#766,#781,#167,.T.);
#1057=EDGE_CURVE('',#784,#797,#168,.T.);
#1058=EDGE_CURVE('',#802,#784,#169,.T.);
#1059=EDGE_CURVE('',#780,#800,#170,.T.);
#1060=EDGE_CURVE('',#767,#780,#171,.T.);
#1061=EDGE_CURVE('',#802,#797,#172,.F.);
#1062=EDGE_CURVE('',#767,#800,#173,.F.);
#1063=EDGE_CURVE('',#799,#796,#174,.T.);
#1064=EDGE_CURVE('',#768,#799,#175,.T.);
#1065=EDGE_CURVE('',#768,#796,#176,.F.);
#1066=EDGE_CURVE('',#761,#795,#177,.T.);
#1067=EDGE_CURVE('',#762,#827,#744,.F.);
#1068=EDGE_CURVE('',#763,#826,#178,.T.);
#1069=EDGE_CURVE('',#848,#849,#562,.T.);
#1070=EDGE_CURVE('',#848,#850,#179,.T.);
#1071=EDGE_CURVE('',#851,#850,#563,.F.);
#1072=EDGE_CURVE('',#849,#851,#180,.T.);
#1073=EDGE_CURVE('',#852,#853,#745,.T.);
#1074=EDGE_CURVE('',#853,#852,#746,.T.);
#1075=EDGE_CURVE('',#854,#855,#181,.F.);
#1076=EDGE_CURVE('',#855,#856,#747,.T.);
#1077=EDGE_CURVE('',#856,#857,#564,.T.);
#1078=EDGE_CURVE('',#857,#858,#748,.T.);
#1079=EDGE_CURVE('',#858,#859,#749,.T.);
#1080=EDGE_CURVE('',#859,#860,#182,.T.);
#1081=EDGE_CURVE('',#860,#861,#750,.T.);
#1082=EDGE_CURVE('',#861,#862,#751,.T.);
#1083=EDGE_CURVE('',#862,#863,#565,.F.);
#1084=EDGE_CURVE('',#863,#854,#752,.T.);
#1085=EDGE_CURVE('',#850,#864,#566,.T.);
#1086=EDGE_CURVE('',#865,#864,#567,.T.);
#1087=EDGE_CURVE('',#865,#851,#568,.T.);
#1088=EDGE_CURVE('',#866,#867,#183,.T.);
#1089=EDGE_CURVE('',#867,#866,#184,.T.);
#1090=EDGE_CURVE('',#866,#868,#569,.T.);
#1091=EDGE_CURVE('',#868,#869,#185,.F.);
#1092=EDGE_CURVE('',#869,#868,#186,.F.);
#1093=EDGE_CURVE('',#870,#871,#753,.T.);
#1094=EDGE_CURVE('',#871,#870,#754,.T.);
#1095=EDGE_CURVE('',#849,#865,#570,.T.);
#1096=EDGE_CURVE('',#864,#848,#571,.T.);
#1097=EDGE_CURVE('',#872,#872,#187,.T.);
#1098=EDGE_CURVE('',#873,#873,#188,.T.);
#1099=EDGE_CURVE('',#874,#874,#189,.T.);
#1100=EDGE_CURVE('',#875,#875,#190,.F.);
#1101=EDGE_CURVE('',#876,#876,#191,.T.);
#1102=EDGE_CURVE('',#877,#877,#192,.T.);
#1103=EDGE_CURVE('',#878,#878,#193,.T.);
#1104=EDGE_CURVE('',#879,#879,#194,.T.);
#1105=EDGE_CURVE('',#880,#880,#195,.F.);
#1106=EDGE_CURVE('',#881,#881,#196,.T.);
#1107=EDGE_CURVE('',#882,#882,#197,.T.);
#1108=EDGE_CURVE('',#883,#883,#198,.T.);
#1109=EDGE_CURVE('',#884,#884,#199,.T.);
#1110=EDGE_CURVE('',#885,#885,#200,.T.);
#1111=EDGE_CURVE('',#886,#887,#201,.T.);
#1112=EDGE_CURVE('',#887,#886,#202,.T.);
#1113=EDGE_CURVE('',#886,#888,#572,.T.);
#1114=EDGE_CURVE('',#888,#889,#203,.F.);
#1115=EDGE_CURVE('',#889,#888,#204,.F.);
#1116=EDGE_CURVE('',#885,#890,#573,.T.);
#1117=EDGE_CURVE('',#890,#890,#205,.T.);
#1118=EDGE_CURVE('',#890,#879,#574,.T.);
#1119=EDGE_CURVE('',#884,#891,#575,.T.);
#1120=EDGE_CURVE('',#891,#891,#206,.T.);
#1121=EDGE_CURVE('',#891,#878,#576,.T.);
#1122=EDGE_CURVE('',#883,#892,#577,.T.);
#1123=EDGE_CURVE('',#892,#892,#207,.T.);
#1124=EDGE_CURVE('',#892,#877,#578,.T.);
#1125=EDGE_CURVE('',#881,#893,#579,.T.);
#1126=EDGE_CURVE('',#893,#893,#208,.T.);
#1127=EDGE_CURVE('',#893,#874,#580,.T.);
#1128=EDGE_CURVE('',#882,#894,#581,.T.);
#1129=EDGE_CURVE('',#894,#894,#209,.T.);
#1130=EDGE_CURVE('',#894,#876,#582,.T.);
#1131=EDGE_CURVE('',#853,#871,#583,.T.);
#1132=EDGE_CURVE('',#895,#896,#584,.F.);
#1133=EDGE_CURVE('',#896,#897,#210,.F.);
#1134=EDGE_CURVE('',#897,#898,#585,.F.);
#1135=EDGE_CURVE('',#898,#895,#586,.F.);
#1136=EDGE_CURVE('',#899,#900,#587,.T.);
#1137=EDGE_CURVE('',#900,#901,#211,.T.);
#1138=EDGE_CURVE('',#901,#902,#588,.T.);
#1139=EDGE_CURVE('',#902,#899,#589,.T.);
#1140=EDGE_CURVE('',#903,#903,#212,.T.);
#1141=EDGE_CURVE('',#904,#904,#213,.T.);
#1142=EDGE_CURVE('',#905,#906,#214,.T.);
#1143=EDGE_CURVE('',#906,#907,#590,.T.);
#1144=EDGE_CURVE('',#907,#908,#591,.F.);
#1145=EDGE_CURVE('',#908,#905,#592,.F.);
#1146=EDGE_CURVE('',#909,#910,#593,.F.);
#1147=EDGE_CURVE('',#910,#911,#594,.F.);
#1148=EDGE_CURVE('',#911,#912,#595,.T.);
#1149=EDGE_CURVE('',#912,#909,#596,.T.);
#1150=EDGE_CURVE('',#913,#914,#597,.F.);
#1151=EDGE_CURVE('',#914,#915,#598,.F.);
#1152=EDGE_CURVE('',#915,#916,#215,.T.);
#1153=EDGE_CURVE('',#916,#913,#599,.T.);
#1154=EDGE_CURVE('',#911,#895,#216,.F.);
#1155=EDGE_CURVE('',#898,#912,#217,.F.);
#1156=EDGE_CURVE('',#917,#917,#218,.T.);
#1157=EDGE_CURVE('',#917,#904,#600,.T.);
#1158=EDGE_CURVE('',#918,#918,#219,.T.);
#1159=EDGE_CURVE('',#918,#903,#601,.T.);
#1160=EDGE_CURVE('',#867,#875,#220,.T.);
#1161=EDGE_CURVE('',#887,#880,#221,.T.);
#1162=EDGE_CURVE('',#873,#889,#222,.T.);
#1163=EDGE_CURVE('',#897,#919,#755,.T.);
#1164=EDGE_CURVE('',#898,#919,#223,.T.);
#1165=EDGE_CURVE('',#919,#906,#756,.T.);
#1166=EDGE_CURVE('',#912,#905,#224,.T.);
#1167=EDGE_CURVE('',#907,#900,#757,.T.);
#1168=EDGE_CURVE('',#908,#899,#225,.T.);
#1169=EDGE_CURVE('',#909,#908,#226,.T.);
#1170=EDGE_CURVE('',#909,#899,#227,.F.);
#1171=EDGE_CURVE('',#901,#914,#758,.T.);
#1172=EDGE_CURVE('',#902,#913,#228,.T.);
#1173=EDGE_CURVE('',#910,#902,#229,.T.);
#1174=EDGE_CURVE('',#910,#913,#230,.F.);
#1175=EDGE_CURVE('',#911,#916,#231,.T.);
#1176=EDGE_CURVE('',#915,#920,#759,.T.);
#1177=EDGE_CURVE('',#895,#920,#232,.T.);
#1178=EDGE_CURVE('',#920,#896,#760,.T.);
#1179=EDGE_CURVE('',#896,#860,#233,.T.);
#1180=EDGE_CURVE('',#861,#920,#234,.T.);
#1181=EDGE_CURVE('',#862,#915,#235,.T.);
#1182=EDGE_CURVE('',#897,#859,#236,.T.);
#1183=EDGE_CURVE('',#863,#914,#237,.T.);
#1184=EDGE_CURVE('',#919,#858,#238,.T.);
#1185=EDGE_CURVE('',#854,#901,#239,.T.);
#1186=EDGE_CURVE('',#906,#857,#240,.T.);
#1187=EDGE_CURVE('',#855,#900,#241,.T.);
#1188=EDGE_CURVE('',#907,#856,#242,.T.);
#1189=EDGE_CURVE('',#872,#869,#243,.T.);
#1190=ORIENTED_EDGE('',*,*,#921,.T.);
#1191=ORIENTED_EDGE('',*,*,#922,.T.);
#1192=ORIENTED_EDGE('',*,*,#923,.T.);
#1193=ORIENTED_EDGE('',*,*,#924,.T.);
#1194=ORIENTED_EDGE('',*,*,#925,.T.);
#1195=ORIENTED_EDGE('',*,*,#926,.T.);
#1196=ORIENTED_EDGE('',*,*,#927,.T.);
#1197=ORIENTED_EDGE('',*,*,#928,.T.);
#1198=ORIENTED_EDGE('',*,*,#929,.F.);
#1199=ORIENTED_EDGE('',*,*,#930,.T.);
#1200=ORIENTED_EDGE('',*,*,#931,.F.);
#1201=ORIENTED_EDGE('',*,*,#932,.T.);
#1202=ORIENTED_EDGE('',*,*,#933,.F.);
#1203=ORIENTED_EDGE('',*,*,#934,.T.);
#1204=ORIENTED_EDGE('',*,*,#935,.F.);
#1205=ORIENTED_EDGE('',*,*,#936,.T.);
#1206=ORIENTED_EDGE('',*,*,#937,.T.);
#1207=ORIENTED_EDGE('',*,*,#938,.T.);
#1208=ORIENTED_EDGE('',*,*,#939,.T.);
#1209=ORIENTED_EDGE('',*,*,#940,.T.);
#1210=ORIENTED_EDGE('',*,*,#941,.T.);
#1211=ORIENTED_EDGE('',*,*,#942,.T.);
#1212=ORIENTED_EDGE('',*,*,#943,.T.);
#1213=ORIENTED_EDGE('',*,*,#944,.T.);
#1214=ORIENTED_EDGE('',*,*,#945,.T.);
#1215=ORIENTED_EDGE('',*,*,#946,.F.);
#1216=ORIENTED_EDGE('',*,*,#947,.T.);
#1217=ORIENTED_EDGE('',*,*,#948,.F.);
#1218=ORIENTED_EDGE('',*,*,#949,.T.);
#1219=ORIENTED_EDGE('',*,*,#950,.F.);
#1220=ORIENTED_EDGE('',*,*,#951,.T.);
#1221=ORIENTED_EDGE('',*,*,#952,.F.);
#1222=ORIENTED_EDGE('',*,*,#953,.T.);
#1223=ORIENTED_EDGE('',*,*,#954,.T.);
#1224=ORIENTED_EDGE('',*,*,#955,.T.);
#1225=ORIENTED_EDGE('',*,*,#956,.T.);
#1226=ORIENTED_EDGE('',*,*,#957,.T.);
#1227=ORIENTED_EDGE('',*,*,#958,.T.);
#1228=ORIENTED_EDGE('',*,*,#959,.T.);
#1229=ORIENTED_EDGE('',*,*,#960,.T.);
#1230=ORIENTED_EDGE('',*,*,#961,.T.);
#1231=ORIENTED_EDGE('',*,*,#962,.T.);
#1232=ORIENTED_EDGE('',*,*,#963,.F.);
#1233=ORIENTED_EDGE('',*,*,#964,.F.);
#1234=ORIENTED_EDGE('',*,*,#965,.T.);
#1235=ORIENTED_EDGE('',*,*,#966,.T.);
#1236=ORIENTED_EDGE('',*,*,#967,.T.);
#1237=ORIENTED_EDGE('',*,*,#968,.T.);
#1238=ORIENTED_EDGE('',*,*,#969,.T.);
#1239=ORIENTED_EDGE('',*,*,#970,.T.);
#1240=ORIENTED_EDGE('',*,*,#971,.T.);
#1241=ORIENTED_EDGE('',*,*,#972,.T.);
#1242=ORIENTED_EDGE('',*,*,#973,.T.);
#1243=ORIENTED_EDGE('',*,*,#974,.T.);
#1244=ORIENTED_EDGE('',*,*,#975,.T.);
#1245=ORIENTED_EDGE('',*,*,#976,.T.);
#1246=ORIENTED_EDGE('',*,*,#977,.T.);
#1247=ORIENTED_EDGE('',*,*,#978,.T.);
#1248=ORIENTED_EDGE('',*,*,#979,.T.);
#1249=ORIENTED_EDGE('',*,*,#980,.F.);
#1250=ORIENTED_EDGE('',*,*,#981,.T.);
#1251=ORIENTED_EDGE('',*,*,#982,.T.);
#1252=ORIENTED_EDGE('',*,*,#983,.T.);
#1253=ORIENTED_EDGE('',*,*,#984,.T.);
#1254=ORIENTED_EDGE('',*,*,#985,.T.);
#1255=ORIENTED_EDGE('',*,*,#976,.F.);
#1256=ORIENTED_EDGE('',*,*,#986,.T.);
#1257=ORIENTED_EDGE('',*,*,#987,.T.);
#1258=ORIENTED_EDGE('',*,*,#988,.T.);
#1259=ORIENTED_EDGE('',*,*,#989,.T.);
#1260=ORIENTED_EDGE('',*,*,#990,.T.);
#1261=ORIENTED_EDGE('',*,*,#991,.T.);
#1262=ORIENTED_EDGE('',*,*,#980,.T.);
#1263=ORIENTED_EDGE('',*,*,#978,.F.);
#1264=ORIENTED_EDGE('',*,*,#992,.T.);
#1265=ORIENTED_EDGE('',*,*,#993,.T.);
#1266=ORIENTED_EDGE('',*,*,#994,.T.);
#1267=ORIENTED_EDGE('',*,*,#995,.T.);
#1268=ORIENTED_EDGE('',*,*,#996,.T.);
#1269=ORIENTED_EDGE('',*,*,#997,.T.);
#1270=ORIENTED_EDGE('',*,*,#998,.T.);
#1271=ORIENTED_EDGE('',*,*,#999,.T.);
#1272=ORIENTED_EDGE('',*,*,#1000,.F.);
#1273=ORIENTED_EDGE('',*,*,#1001,.T.);
#1274=ORIENTED_EDGE('',*,*,#1002,.T.);
#1275=ORIENTED_EDGE('',*,*,#999,.F.);
#1276=ORIENTED_EDGE('',*,*,#1003,.F.);
#1277=ORIENTED_EDGE('',*,*,#1004,.T.);
#1278=ORIENTED_EDGE('',*,*,#1000,.T.);
#1279=ORIENTED_EDGE('',*,*,#998,.F.);
#1280=ORIENTED_EDGE('',*,*,#1005,.F.);
#1281=ORIENTED_EDGE('',*,*,#1006,.T.);
#1282=ORIENTED_EDGE('',*,*,#1003,.T.);
#1283=ORIENTED_EDGE('',*,*,#997,.F.);
#1284=ORIENTED_EDGE('',*,*,#1007,.F.);
#1285=ORIENTED_EDGE('',*,*,#1008,.T.);
#1286=ORIENTED_EDGE('',*,*,#1005,.T.);
#1287=ORIENTED_EDGE('',*,*,#996,.F.);
#1288=ORIENTED_EDGE('',*,*,#1002,.F.);
#1289=ORIENTED_EDGE('',*,*,#1009,.T.);
#1290=ORIENTED_EDGE('',*,*,#1007,.T.);
#1291=ORIENTED_EDGE('',*,*,#995,.F.);
#1292=ORIENTED_EDGE('',*,*,#948,.T.);
#1293=ORIENTED_EDGE('',*,*,#1010,.T.);
#1294=ORIENTED_EDGE('',*,*,#931,.T.);
#1295=ORIENTED_EDGE('',*,*,#1011,.T.);
#1296=ORIENTED_EDGE('',*,*,#946,.T.);
#1297=ORIENTED_EDGE('',*,*,#1012,.T.);
#1298=ORIENTED_EDGE('',*,*,#933,.T.);
#1299=ORIENTED_EDGE('',*,*,#1013,.T.);
#1300=ORIENTED_EDGE('',*,*,#935,.T.);
#1301=ORIENTED_EDGE('',*,*,#1014,.T.);
#1302=ORIENTED_EDGE('',*,*,#952,.T.);
#1303=ORIENTED_EDGE('',*,*,#1015,.T.);
#1304=ORIENTED_EDGE('',*,*,#929,.T.);
#1305=ORIENTED_EDGE('',*,*,#1016,.T.);
#1306=ORIENTED_EDGE('',*,*,#950,.T.);
#1307=ORIENTED_EDGE('',*,*,#1017,.T.);
#1308=ORIENTED_EDGE('',*,*,#953,.F.);
#1309=ORIENTED_EDGE('',*,*,#1014,.F.);
#1310=ORIENTED_EDGE('',*,*,#934,.F.);
#1311=ORIENTED_EDGE('',*,*,#1012,.F.);
#1312=ORIENTED_EDGE('',*,*,#1018,.F.);
#1313=ORIENTED_EDGE('',*,*,#1019,.T.);
#1314=ORIENTED_EDGE('',*,*,#1020,.T.);
#1315=ORIENTED_EDGE('',*,*,#947,.F.);
#1316=ORIENTED_EDGE('',*,*,#1013,.F.);
#1317=ORIENTED_EDGE('',*,*,#932,.F.);
#1318=ORIENTED_EDGE('',*,*,#1010,.F.);
#1319=ORIENTED_EDGE('',*,*,#1021,.F.);
#1320=ORIENTED_EDGE('',*,*,#1022,.T.);
#1321=ORIENTED_EDGE('',*,*,#951,.F.);
#1322=ORIENTED_EDGE('',*,*,#1016,.F.);
#1323=ORIENTED_EDGE('',*,*,#936,.F.);
#1324=ORIENTED_EDGE('',*,*,#1015,.F.);
#1325=ORIENTED_EDGE('',*,*,#949,.F.);
#1326=ORIENTED_EDGE('',*,*,#1011,.F.);
#1327=ORIENTED_EDGE('',*,*,#930,.F.);
#1328=ORIENTED_EDGE('',*,*,#1017,.F.);
#1329=ORIENTED_EDGE('',*,*,#1023,.F.);
#1330=ORIENTED_EDGE('',*,*,#1022,.F.);
#1331=ORIENTED_EDGE('',*,*,#1024,.F.);
#1332=ORIENTED_EDGE('',*,*,#1025,.T.);
#1333=ORIENTED_EDGE('',*,*,#963,.T.);
#1334=ORIENTED_EDGE('',*,*,#1025,.F.);
#1335=ORIENTED_EDGE('',*,*,#1021,.T.);
#1336=ORIENTED_EDGE('',*,*,#1023,.T.);
#1337=ORIENTED_EDGE('',*,*,#1024,.T.);
#1338=ORIENTED_EDGE('',*,*,#1026,.F.);
#1339=ORIENTED_EDGE('',*,*,#1020,.F.);
#1340=ORIENTED_EDGE('',*,*,#1027,.T.);
#1341=ORIENTED_EDGE('',*,*,#964,.T.);
#1342=ORIENTED_EDGE('',*,*,#1027,.F.);
#1343=ORIENTED_EDGE('',*,*,#1019,.F.);
#1344=ORIENTED_EDGE('',*,*,#1018,.T.);
#1345=ORIENTED_EDGE('',*,*,#1026,.T.);
#1346=ORIENTED_EDGE('',*,*,#969,.F.);
#1347=ORIENTED_EDGE('',*,*,#1028,.T.);
#1348=ORIENTED_EDGE('',*,*,#986,.F.);
#1349=ORIENTED_EDGE('',*,*,#1029,.F.);
#1350=ORIENTED_EDGE('',*,*,#991,.F.);
#1351=ORIENTED_EDGE('',*,*,#1030,.T.);
#1352=ORIENTED_EDGE('',*,*,#965,.F.);
#1353=ORIENTED_EDGE('',*,*,#1031,.F.);
#1354=ORIENTED_EDGE('',*,*,#1029,.T.);
#1355=ORIENTED_EDGE('',*,*,#981,.F.);
#1356=ORIENTED_EDGE('',*,*,#1031,.T.);
#1357=ORIENTED_EDGE('',*,*,#970,.F.);
#1358=ORIENTED_EDGE('',*,*,#1032,.F.);
#1359=ORIENTED_EDGE('',*,*,#1008,.F.);
#1360=ORIENTED_EDGE('',*,*,#1033,.F.);
#1361=ORIENTED_EDGE('',*,*,#974,.F.);
#1362=ORIENTED_EDGE('',*,*,#1033,.T.);
#1363=ORIENTED_EDGE('',*,*,#1009,.F.);
#1364=ORIENTED_EDGE('',*,*,#1034,.F.);
#1365=ORIENTED_EDGE('',*,*,#975,.F.);
#1366=ORIENTED_EDGE('',*,*,#1032,.T.);
#1367=ORIENTED_EDGE('',*,*,#973,.F.);
#1368=ORIENTED_EDGE('',*,*,#1035,.F.);
#1369=ORIENTED_EDGE('',*,*,#1006,.F.);
#1370=ORIENTED_EDGE('',*,*,#1034,.T.);
#1371=ORIENTED_EDGE('',*,*,#1001,.F.);
#1372=ORIENTED_EDGE('',*,*,#1036,.F.);
#1373=ORIENTED_EDGE('',*,*,#971,.F.);
#1374=ORIENTED_EDGE('',*,*,#1035,.T.);
#1375=ORIENTED_EDGE('',*,*,#972,.F.);
#1376=ORIENTED_EDGE('',*,*,#1036,.T.);
#1377=ORIENTED_EDGE('',*,*,#1004,.F.);
#1378=ORIENTED_EDGE('',*,*,#941,.F.);
#1379=ORIENTED_EDGE('',*,*,#1037,.T.);
#1380=ORIENTED_EDGE('',*,*,#982,.F.);
#1381=ORIENTED_EDGE('',*,*,#1028,.F.);
#1382=ORIENTED_EDGE('',*,*,#1038,.F.);
#1383=ORIENTED_EDGE('',*,*,#968,.F.);
#1384=ORIENTED_EDGE('',*,*,#1039,.T.);
#1385=ORIENTED_EDGE('',*,*,#937,.F.);
#1386=ORIENTED_EDGE('',*,*,#1038,.T.);
#1387=ORIENTED_EDGE('',*,*,#967,.F.);
#1388=ORIENTED_EDGE('',*,*,#1040,.T.);
#1389=ORIENTED_EDGE('',*,*,#942,.F.);
#1390=ORIENTED_EDGE('',*,*,#1041,.T.);
#1391=ORIENTED_EDGE('',*,*,#958,.F.);
#1392=ORIENTED_EDGE('',*,*,#1042,.T.);
#1393=ORIENTED_EDGE('',*,*,#966,.F.);
#1394=ORIENTED_EDGE('',*,*,#1043,.F.);
#1395=ORIENTED_EDGE('',*,*,#990,.F.);
#1396=ORIENTED_EDGE('',*,*,#1044,.T.);
#1397=ORIENTED_EDGE('',*,*,#954,.F.);
#1398=ORIENTED_EDGE('',*,*,#1043,.T.);
#1399=ORIENTED_EDGE('',*,*,#1030,.F.);
#1400=ORIENTED_EDGE('',*,*,#994,.F.);
#1401=ORIENTED_EDGE('',*,*,#1045,.T.);
#1402=ORIENTED_EDGE('',*,*,#987,.F.);
#1403=ORIENTED_EDGE('',*,*,#979,.F.);
#1404=ORIENTED_EDGE('',*,*,#923,.F.);
#1405=ORIENTED_EDGE('',*,*,#1046,.T.);
#1406=ORIENTED_EDGE('',*,*,#993,.F.);
#1407=ORIENTED_EDGE('',*,*,#1047,.T.);
#1408=ORIENTED_EDGE('',*,*,#985,.F.);
#1409=ORIENTED_EDGE('',*,*,#1048,.T.);
#1410=ORIENTED_EDGE('',*,*,#992,.F.);
#1411=ORIENTED_EDGE('',*,*,#977,.F.);
#1412=ORIENTED_EDGE('',*,*,#1039,.F.);
#1413=ORIENTED_EDGE('',*,*,#1041,.F.);
#1414=ORIENTED_EDGE('',*,*,#1049,.F.);
#1415=ORIENTED_EDGE('',*,*,#1047,.F.);
#1416=ORIENTED_EDGE('',*,*,#1048,.F.);
#1417=ORIENTED_EDGE('',*,*,#1050,.F.);
#1418=ORIENTED_EDGE('',*,*,#1049,.T.);
#1419=ORIENTED_EDGE('',*,*,#945,.F.);
#1420=ORIENTED_EDGE('',*,*,#1051,.F.);
#1421=ORIENTED_EDGE('',*,*,#938,.F.);
#1422=ORIENTED_EDGE('',*,*,#984,.F.);
#1423=ORIENTED_EDGE('',*,*,#1052,.F.);
#1424=ORIENTED_EDGE('',*,*,#924,.F.);
#1425=ORIENTED_EDGE('',*,*,#1050,.T.);
#1426=ORIENTED_EDGE('',*,*,#1040,.F.);
#1427=ORIENTED_EDGE('',*,*,#1042,.F.);
#1428=ORIENTED_EDGE('',*,*,#1053,.F.);
#1429=ORIENTED_EDGE('',*,*,#1054,.F.);
#1430=ORIENTED_EDGE('',*,*,#1051,.T.);
#1431=ORIENTED_EDGE('',*,*,#1055,.F.);
#1432=ORIENTED_EDGE('',*,*,#983,.F.);
#1433=ORIENTED_EDGE('',*,*,#1037,.F.);
#1434=ORIENTED_EDGE('',*,*,#1056,.F.);
#1435=ORIENTED_EDGE('',*,*,#925,.F.);
#1436=ORIENTED_EDGE('',*,*,#1052,.T.);
#1437=ORIENTED_EDGE('',*,*,#1053,.T.);
#1438=ORIENTED_EDGE('',*,*,#957,.F.);
#1439=ORIENTED_EDGE('',*,*,#1057,.F.);
#1440=ORIENTED_EDGE('',*,*,#943,.F.);
#1441=ORIENTED_EDGE('',*,*,#1055,.T.);
#1442=ORIENTED_EDGE('',*,*,#944,.F.);
#1443=ORIENTED_EDGE('',*,*,#1058,.F.);
#1444=ORIENTED_EDGE('',*,*,#961,.F.);
#1445=ORIENTED_EDGE('',*,*,#1054,.T.);
#1446=ORIENTED_EDGE('',*,*,#960,.F.);
#1447=ORIENTED_EDGE('',*,*,#1059,.F.);
#1448=ORIENTED_EDGE('',*,*,#939,.F.);
#1449=ORIENTED_EDGE('',*,*,#1056,.T.);
#1450=ORIENTED_EDGE('',*,*,#940,.F.);
#1451=ORIENTED_EDGE('',*,*,#1060,.F.);
#1452=ORIENTED_EDGE('',*,*,#926,.F.);
#1453=ORIENTED_EDGE('',*,*,#1058,.T.);
#1454=ORIENTED_EDGE('',*,*,#1057,.T.);
#1455=ORIENTED_EDGE('',*,*,#1061,.F.);
#1456=ORIENTED_EDGE('',*,*,#1060,.T.);
#1457=ORIENTED_EDGE('',*,*,#1059,.T.);
#1458=ORIENTED_EDGE('',*,*,#1062,.F.);
#1459=ORIENTED_EDGE('',*,*,#1061,.T.);
#1460=ORIENTED_EDGE('',*,*,#956,.F.);
#1461=ORIENTED_EDGE('',*,*,#1063,.F.);
#1462=ORIENTED_EDGE('',*,*,#962,.F.);
#1463=ORIENTED_EDGE('',*,*,#1062,.T.);
#1464=ORIENTED_EDGE('',*,*,#959,.F.);
#1465=ORIENTED_EDGE('',*,*,#1064,.F.);
#1466=ORIENTED_EDGE('',*,*,#927,.F.);
#1467=ORIENTED_EDGE('',*,*,#1064,.T.);
#1468=ORIENTED_EDGE('',*,*,#1063,.T.);
#1469=ORIENTED_EDGE('',*,*,#1065,.F.);
#1470=ORIENTED_EDGE('',*,*,#1065,.T.);
#1471=ORIENTED_EDGE('',*,*,#955,.F.);
#1472=ORIENTED_EDGE('',*,*,#1066,.F.);
#1473=ORIENTED_EDGE('',*,*,#928,.F.);
#1474=ORIENTED_EDGE('',*,*,#1044,.F.);
#1475=ORIENTED_EDGE('',*,*,#989,.F.);
#1476=ORIENTED_EDGE('',*,*,#1067,.F.);
#1477=ORIENTED_EDGE('',*,*,#921,.F.);
#1478=ORIENTED_EDGE('',*,*,#1066,.T.);
#1479=ORIENTED_EDGE('',*,*,#1067,.T.);
#1480=ORIENTED_EDGE('',*,*,#988,.F.);
#1481=ORIENTED_EDGE('',*,*,#1068,.F.);
#1482=ORIENTED_EDGE('',*,*,#922,.F.);
#1483=ORIENTED_EDGE('',*,*,#1068,.T.);
#1484=ORIENTED_EDGE('',*,*,#1045,.F.);
#1485=ORIENTED_EDGE('',*,*,#1046,.F.);
#1486=ORIENTED_EDGE('',*,*,#1069,.F.);
#1487=ORIENTED_EDGE('',*,*,#1070,.T.);
#1488=ORIENTED_EDGE('',*,*,#1071,.F.);
#1489=ORIENTED_EDGE('',*,*,#1072,.F.);
#1490=ORIENTED_EDGE('',*,*,#1073,.F.);
#1491=ORIENTED_EDGE('',*,*,#1074,.F.);
#1492=ORIENTED_EDGE('',*,*,#1075,.T.);
#1493=ORIENTED_EDGE('',*,*,#1076,.T.);
#1494=ORIENTED_EDGE('',*,*,#1077,.T.);
#1495=ORIENTED_EDGE('',*,*,#1078,.T.);
#1496=ORIENTED_EDGE('',*,*,#1079,.T.);
#1497=ORIENTED_EDGE('',*,*,#1080,.T.);
#1498=ORIENTED_EDGE('',*,*,#1081,.T.);
#1499=ORIENTED_EDGE('',*,*,#1082,.T.);
#1500=ORIENTED_EDGE('',*,*,#1083,.T.);
#1501=ORIENTED_EDGE('',*,*,#1084,.T.);
#1502=ORIENTED_EDGE('',*,*,#1071,.T.);
#1503=ORIENTED_EDGE('',*,*,#1085,.T.);
#1504=ORIENTED_EDGE('',*,*,#1086,.F.);
#1505=ORIENTED_EDGE('',*,*,#1087,.T.);
#1506=ORIENTED_EDGE('',*,*,#1088,.T.);
#1507=ORIENTED_EDGE('',*,*,#1089,.T.);
#1508=ORIENTED_EDGE('',*,*,#1090,.T.);
#1509=ORIENTED_EDGE('',*,*,#1091,.T.);
#1510=ORIENTED_EDGE('',*,*,#1092,.T.);
#1511=ORIENTED_EDGE('',*,*,#1090,.F.);
#1512=ORIENTED_EDGE('',*,*,#1093,.T.);
#1513=ORIENTED_EDGE('',*,*,#1094,.T.);
#1514=ORIENTED_EDGE('',*,*,#1069,.T.);
#1515=ORIENTED_EDGE('',*,*,#1095,.T.);
#1516=ORIENTED_EDGE('',*,*,#1086,.T.);
#1517=ORIENTED_EDGE('',*,*,#1096,.T.);
#1518=ORIENTED_EDGE('',*,*,#1097,.T.);
#1519=ORIENTED_EDGE('',*,*,#1085,.F.);
#1520=ORIENTED_EDGE('',*,*,#1070,.F.);
#1521=ORIENTED_EDGE('',*,*,#1096,.F.);
#1522=ORIENTED_EDGE('',*,*,#1098,.T.);
#1523=ORIENTED_EDGE('',*,*,#1099,.F.);
#1524=ORIENTED_EDGE('',*,*,#1100,.T.);
#1525=ORIENTED_EDGE('',*,*,#1101,.F.);
#1526=ORIENTED_EDGE('',*,*,#1102,.F.);
#1527=ORIENTED_EDGE('',*,*,#1103,.F.);
#1528=ORIENTED_EDGE('',*,*,#1104,.F.);
#1529=ORIENTED_EDGE('',*,*,#1105,.T.);
#1530=ORIENTED_EDGE('',*,*,#1095,.F.);
#1531=ORIENTED_EDGE('',*,*,#1072,.T.);
#1532=ORIENTED_EDGE('',*,*,#1087,.F.);
#1533=ORIENTED_EDGE('',*,*,#1106,.T.);
#1534=ORIENTED_EDGE('',*,*,#1107,.T.);
#1535=ORIENTED_EDGE('',*,*,#1108,.T.);
#1536=ORIENTED_EDGE('',*,*,#1109,.T.);
#1537=ORIENTED_EDGE('',*,*,#1110,.T.);
#1538=ORIENTED_EDGE('',*,*,#1111,.T.);
#1539=ORIENTED_EDGE('',*,*,#1112,.T.);
#1540=ORIENTED_EDGE('',*,*,#1113,.T.);
#1541=ORIENTED_EDGE('',*,*,#1114,.T.);
#1542=ORIENTED_EDGE('',*,*,#1115,.T.);
#1543=ORIENTED_EDGE('',*,*,#1113,.F.);
#1544=ORIENTED_EDGE('',*,*,#1110,.F.);
#1545=ORIENTED_EDGE('',*,*,#1116,.T.);
#1546=ORIENTED_EDGE('',*,*,#1117,.T.);
#1547=ORIENTED_EDGE('',*,*,#1116,.F.);
#1548=ORIENTED_EDGE('',*,*,#1117,.F.);
#1549=ORIENTED_EDGE('',*,*,#1118,.T.);
#1550=ORIENTED_EDGE('',*,*,#1104,.T.);
#1551=ORIENTED_EDGE('',*,*,#1118,.F.);
#1552=ORIENTED_EDGE('',*,*,#1109,.F.);
#1553=ORIENTED_EDGE('',*,*,#1119,.T.);
#1554=ORIENTED_EDGE('',*,*,#1120,.T.);
#1555=ORIENTED_EDGE('',*,*,#1119,.F.);
#1556=ORIENTED_EDGE('',*,*,#1120,.F.);
#1557=ORIENTED_EDGE('',*,*,#1121,.T.);
#1558=ORIENTED_EDGE('',*,*,#1103,.T.);
#1559=ORIENTED_EDGE('',*,*,#1121,.F.);
#1560=ORIENTED_EDGE('',*,*,#1108,.F.);
#1561=ORIENTED_EDGE('',*,*,#1122,.T.);
#1562=ORIENTED_EDGE('',*,*,#1123,.T.);
#1563=ORIENTED_EDGE('',*,*,#1122,.F.);
#1564=ORIENTED_EDGE('',*,*,#1123,.F.);
#1565=ORIENTED_EDGE('',*,*,#1124,.T.);
#1566=ORIENTED_EDGE('',*,*,#1102,.T.);
#1567=ORIENTED_EDGE('',*,*,#1124,.F.);
#1568=ORIENTED_EDGE('',*,*,#1106,.F.);
#1569=ORIENTED_EDGE('',*,*,#1125,.T.);
#1570=ORIENTED_EDGE('',*,*,#1126,.T.);
#1571=ORIENTED_EDGE('',*,*,#1125,.F.);
#1572=ORIENTED_EDGE('',*,*,#1126,.F.);
#1573=ORIENTED_EDGE('',*,*,#1127,.T.);
#1574=ORIENTED_EDGE('',*,*,#1099,.T.);
#1575=ORIENTED_EDGE('',*,*,#1127,.F.);
#1576=ORIENTED_EDGE('',*,*,#1107,.F.);
#1577=ORIENTED_EDGE('',*,*,#1128,.T.);
#1578=ORIENTED_EDGE('',*,*,#1129,.T.);
#1579=ORIENTED_EDGE('',*,*,#1128,.F.);
#1580=ORIENTED_EDGE('',*,*,#1129,.F.);
#1581=ORIENTED_EDGE('',*,*,#1130,.T.);
#1582=ORIENTED_EDGE('',*,*,#1101,.T.);
#1583=ORIENTED_EDGE('',*,*,#1130,.F.);
#1584=ORIENTED_EDGE('',*,*,#1073,.T.);
#1585=ORIENTED_EDGE('',*,*,#1131,.T.);
#1586=ORIENTED_EDGE('',*,*,#1093,.F.);
#1587=ORIENTED_EDGE('',*,*,#1094,.F.);
#1588=ORIENTED_EDGE('',*,*,#1131,.F.);
#1589=ORIENTED_EDGE('',*,*,#1074,.T.);
#1590=ORIENTED_EDGE('',*,*,#1132,.T.);
#1591=ORIENTED_EDGE('',*,*,#1133,.T.);
#1592=ORIENTED_EDGE('',*,*,#1134,.T.);
#1593=ORIENTED_EDGE('',*,*,#1135,.T.);
#1594=ORIENTED_EDGE('',*,*,#1136,.T.);
#1595=ORIENTED_EDGE('',*,*,#1137,.T.);
#1596=ORIENTED_EDGE('',*,*,#1138,.T.);
#1597=ORIENTED_EDGE('',*,*,#1139,.T.);
#1598=ORIENTED_EDGE('',*,*,#1140,.F.);
#1599=ORIENTED_EDGE('',*,*,#1141,.F.);
#1600=ORIENTED_EDGE('',*,*,#1142,.T.);
#1601=ORIENTED_EDGE('',*,*,#1143,.T.);
#1602=ORIENTED_EDGE('',*,*,#1144,.T.);
#1603=ORIENTED_EDGE('',*,*,#1145,.T.);
#1604=ORIENTED_EDGE('',*,*,#1146,.T.);
#1605=ORIENTED_EDGE('',*,*,#1147,.T.);
#1606=ORIENTED_EDGE('',*,*,#1148,.T.);
#1607=ORIENTED_EDGE('',*,*,#1149,.T.);
#1608=ORIENTED_EDGE('',*,*,#1150,.T.);
#1609=ORIENTED_EDGE('',*,*,#1151,.T.);
#1610=ORIENTED_EDGE('',*,*,#1152,.T.);
#1611=ORIENTED_EDGE('',*,*,#1153,.T.);
#1612=ORIENTED_EDGE('',*,*,#1148,.F.);
#1613=ORIENTED_EDGE('',*,*,#1154,.T.);
#1614=ORIENTED_EDGE('',*,*,#1135,.F.);
#1615=ORIENTED_EDGE('',*,*,#1155,.T.);
#1616=ORIENTED_EDGE('',*,*,#1156,.F.);
#1617=ORIENTED_EDGE('',*,*,#1157,.T.);
#1618=ORIENTED_EDGE('',*,*,#1141,.T.);
#1619=ORIENTED_EDGE('',*,*,#1157,.F.);
#1620=ORIENTED_EDGE('',*,*,#1156,.T.);
#1621=ORIENTED_EDGE('',*,*,#1158,.F.);
#1622=ORIENTED_EDGE('',*,*,#1159,.T.);
#1623=ORIENTED_EDGE('',*,*,#1140,.T.);
#1624=ORIENTED_EDGE('',*,*,#1159,.F.);
#1625=ORIENTED_EDGE('',*,*,#1158,.T.);
#1626=ORIENTED_EDGE('',*,*,#1088,.F.);
#1627=ORIENTED_EDGE('',*,*,#1089,.F.);
#1628=ORIENTED_EDGE('',*,*,#1160,.T.);
#1629=ORIENTED_EDGE('',*,*,#1100,.F.);
#1630=ORIENTED_EDGE('',*,*,#1160,.F.);
#1631=ORIENTED_EDGE('',*,*,#1111,.F.);
#1632=ORIENTED_EDGE('',*,*,#1112,.F.);
#1633=ORIENTED_EDGE('',*,*,#1161,.T.);
#1634=ORIENTED_EDGE('',*,*,#1105,.F.);
#1635=ORIENTED_EDGE('',*,*,#1161,.F.);
#1636=ORIENTED_EDGE('',*,*,#1098,.F.);
#1637=ORIENTED_EDGE('',*,*,#1162,.T.);
#1638=ORIENTED_EDGE('',*,*,#1114,.F.);
#1639=ORIENTED_EDGE('',*,*,#1115,.F.);
#1640=ORIENTED_EDGE('',*,*,#1162,.F.);
#1641=ORIENTED_EDGE('',*,*,#1134,.F.);
#1642=ORIENTED_EDGE('',*,*,#1163,.T.);
#1643=ORIENTED_EDGE('',*,*,#1164,.F.);
#1644=ORIENTED_EDGE('',*,*,#1164,.T.);
#1645=ORIENTED_EDGE('',*,*,#1165,.T.);
#1646=ORIENTED_EDGE('',*,*,#1142,.F.);
#1647=ORIENTED_EDGE('',*,*,#1166,.F.);
#1648=ORIENTED_EDGE('',*,*,#1155,.F.);
#1649=ORIENTED_EDGE('',*,*,#1144,.F.);
#1650=ORIENTED_EDGE('',*,*,#1167,.T.);
#1651=ORIENTED_EDGE('',*,*,#1136,.F.);
#1652=ORIENTED_EDGE('',*,*,#1168,.F.);
#1653=ORIENTED_EDGE('',*,*,#1166,.T.);
#1654=ORIENTED_EDGE('',*,*,#1145,.F.);
#1655=ORIENTED_EDGE('',*,*,#1169,.F.);
#1656=ORIENTED_EDGE('',*,*,#1149,.F.);
#1657=ORIENTED_EDGE('',*,*,#1169,.T.);
#1658=ORIENTED_EDGE('',*,*,#1168,.T.);
#1659=ORIENTED_EDGE('',*,*,#1170,.F.);
#1660=ORIENTED_EDGE('',*,*,#1138,.F.);
#1661=ORIENTED_EDGE('',*,*,#1171,.T.);
#1662=ORIENTED_EDGE('',*,*,#1150,.F.);
#1663=ORIENTED_EDGE('',*,*,#1172,.F.);
#1664=ORIENTED_EDGE('',*,*,#1170,.T.);
#1665=ORIENTED_EDGE('',*,*,#1139,.F.);
#1666=ORIENTED_EDGE('',*,*,#1173,.F.);
#1667=ORIENTED_EDGE('',*,*,#1146,.F.);
#1668=ORIENTED_EDGE('',*,*,#1173,.T.);
#1669=ORIENTED_EDGE('',*,*,#1172,.T.);
#1670=ORIENTED_EDGE('',*,*,#1174,.F.);
#1671=ORIENTED_EDGE('',*,*,#1174,.T.);
#1672=ORIENTED_EDGE('',*,*,#1153,.F.);
#1673=ORIENTED_EDGE('',*,*,#1175,.F.);
#1674=ORIENTED_EDGE('',*,*,#1147,.F.);
#1675=ORIENTED_EDGE('',*,*,#1152,.F.);
#1676=ORIENTED_EDGE('',*,*,#1176,.T.);
#1677=ORIENTED_EDGE('',*,*,#1177,.F.);
#1678=ORIENTED_EDGE('',*,*,#1154,.F.);
#1679=ORIENTED_EDGE('',*,*,#1175,.T.);
#1680=ORIENTED_EDGE('',*,*,#1177,.T.);
#1681=ORIENTED_EDGE('',*,*,#1178,.T.);
#1682=ORIENTED_EDGE('',*,*,#1132,.F.);
#1683=ORIENTED_EDGE('',*,*,#1179,.F.);
#1684=ORIENTED_EDGE('',*,*,#1178,.F.);
#1685=ORIENTED_EDGE('',*,*,#1180,.F.);
#1686=ORIENTED_EDGE('',*,*,#1081,.F.);
#1687=ORIENTED_EDGE('',*,*,#1180,.T.);
#1688=ORIENTED_EDGE('',*,*,#1176,.F.);
#1689=ORIENTED_EDGE('',*,*,#1181,.F.);
#1690=ORIENTED_EDGE('',*,*,#1082,.F.);
#1691=ORIENTED_EDGE('',*,*,#1179,.T.);
#1692=ORIENTED_EDGE('',*,*,#1080,.F.);
#1693=ORIENTED_EDGE('',*,*,#1182,.F.);
#1694=ORIENTED_EDGE('',*,*,#1133,.F.);
#1695=ORIENTED_EDGE('',*,*,#1181,.T.);
#1696=ORIENTED_EDGE('',*,*,#1151,.F.);
#1697=ORIENTED_EDGE('',*,*,#1183,.F.);
#1698=ORIENTED_EDGE('',*,*,#1083,.F.);
#1699=ORIENTED_EDGE('',*,*,#1182,.T.);
#1700=ORIENTED_EDGE('',*,*,#1079,.F.);
#1701=ORIENTED_EDGE('',*,*,#1184,.F.);
#1702=ORIENTED_EDGE('',*,*,#1163,.F.);
#1703=ORIENTED_EDGE('',*,*,#1183,.T.);
#1704=ORIENTED_EDGE('',*,*,#1171,.F.);
#1705=ORIENTED_EDGE('',*,*,#1185,.F.);
#1706=ORIENTED_EDGE('',*,*,#1084,.F.);
#1707=ORIENTED_EDGE('',*,*,#1184,.T.);
#1708=ORIENTED_EDGE('',*,*,#1078,.F.);
#1709=ORIENTED_EDGE('',*,*,#1186,.F.);
#1710=ORIENTED_EDGE('',*,*,#1165,.F.);
#1711=ORIENTED_EDGE('',*,*,#1185,.T.);
#1712=ORIENTED_EDGE('',*,*,#1137,.F.);
#1713=ORIENTED_EDGE('',*,*,#1187,.F.);
#1714=ORIENTED_EDGE('',*,*,#1075,.F.);
#1715=ORIENTED_EDGE('',*,*,#1186,.T.);
#1716=ORIENTED_EDGE('',*,*,#1077,.F.);
#1717=ORIENTED_EDGE('',*,*,#1188,.F.);
#1718=ORIENTED_EDGE('',*,*,#1143,.F.);
#1719=ORIENTED_EDGE('',*,*,#1187,.T.);
#1720=ORIENTED_EDGE('',*,*,#1167,.F.);
#1721=ORIENTED_EDGE('',*,*,#1188,.T.);
#1722=ORIENTED_EDGE('',*,*,#1076,.F.);
#1723=ORIENTED_EDGE('',*,*,#1097,.F.);
#1724=ORIENTED_EDGE('',*,*,#1189,.T.);
#1725=ORIENTED_EDGE('',*,*,#1091,.F.);
#1726=ORIENTED_EDGE('',*,*,#1092,.F.);
#1727=ORIENTED_EDGE('',*,*,#1189,.F.);
#1728=PLANE('',#1886);
#1729=PLANE('',#1891);
#1730=PLANE('',#1892);
#1731=PLANE('',#1897);
#1732=PLANE('',#1898);
#1733=PLANE('',#1901);
#1734=PLANE('',#1906);
#1735=PLANE('',#1907);
#1736=PLANE('',#1908);
#1737=PLANE('',#1909);
#1738=PLANE('',#1910);
#1739=PLANE('',#1911);
#1740=PLANE('',#1919);
#1741=PLANE('',#1922);
#1742=PLANE('',#1979);
#1743=PLANE('',#1985);
#1744=PLANE('',#1986);
#1745=PLANE('',#1988);
#1746=PLANE('',#1996);
#1747=PLANE('',#2024);
#1748=PLANE('',#2026);
#1749=PLANE('',#2030);
#1750=PLANE('',#2032);
#1751=PLANE('',#2033);
#1752=PLANE('',#2040);
#1753=PLANE('',#2043);
#1754=ADVANCED_FACE('',(#244,#112),#1728,.F.);
#1755=ADVANCED_FACE('',(#245),#1729,.F.);
#1756=ADVANCED_FACE('',(#246,#113),#1730,.F.);
#1757=ADVANCED_FACE('',(#247),#1731,.F.);
#1758=ADVANCED_FACE('',(#248,#114,#115),#1732,.T.);
#1759=ADVANCED_FACE('',(#249,#116),#1733,.T.);
#1760=ADVANCED_FACE('',(#250),#69,.T.);
#1761=ADVANCED_FACE('',(#251),#63,.F.);
#1762=ADVANCED_FACE('',(#252),#64,.F.);
#1763=ADVANCED_FACE('',(#253,#117),#1734,.F.);
#1764=ADVANCED_FACE('',(#254),#65,.T.);
#1765=ADVANCED_FACE('',(#255),#66,.T.);
#1766=ADVANCED_FACE('',(#256),#67,.T.);
#1767=ADVANCED_FACE('',(#257),#1735,.T.);
#1768=ADVANCED_FACE('',(#258),#68,.T.);
#1769=ADVANCED_FACE('',(#259),#1736,.F.);
#1770=ADVANCED_FACE('',(#260),#1737,.F.);
#1771=ADVANCED_FACE('',(#261),#1738,.F.);
#1772=ADVANCED_FACE('',(#262),#1739,.F.);
#1773=ADVANCED_FACE('',(#263,#118),#70,.F.);
#1774=ADVANCED_FACE('',(#264,#119),#71,.F.);
#1775=ADVANCED_FACE('',(#265),#72,.F.);
#1776=ADVANCED_FACE('',(#266),#73,.F.);
#1777=ADVANCED_FACE('',(#267),#74,.F.);
#1778=ADVANCED_FACE('',(#268),#1740,.T.);
#1779=ADVANCED_FACE('',(#269),#75,.F.);
#1780=ADVANCED_FACE('',(#270),#1741,.T.);
#1781=ADVANCED_FACE('',(#271),#43,.T.);
#1782=ADVANCED_FACE('',(#272),#44,.T.);
#1783=ADVANCED_FACE('',(#273),#34,.T.);
#1784=ADVANCED_FACE('',(#274),#76,.T.);
#1785=ADVANCED_FACE('',(#275),#45,.T.);
#1786=ADVANCED_FACE('',(#276),#46,.T.);
#1787=ADVANCED_FACE('',(#277),#47,.T.);
#1788=ADVANCED_FACE('',(#278),#48,.T.);
#1789=ADVANCED_FACE('',(#279),#49,.F.);
#1790=ADVANCED_FACE('',(#280),#77,.F.);
#1791=ADVANCED_FACE('',(#281),#78,.F.);
#1792=ADVANCED_FACE('',(#282),#79,.F.);
#1793=ADVANCED_FACE('',(#283),#50,.F.);
#1794=ADVANCED_FACE('',(#284),#51,.T.);
#1795=ADVANCED_FACE('',(#285),#80,.T.);
#1796=ADVANCED_FACE('',(#286),#52,.T.);
#1797=ADVANCED_FACE('',(#287),#53,.T.);
#1798=ADVANCED_FACE('',(#288),#22,.T.);
#1799=ADVANCED_FACE('',(#289),#81,.T.);
#1800=ADVANCED_FACE('',(#290),#82,.T.);
#1801=ADVANCED_FACE('',(#291),#54,.T.);
#1802=ADVANCED_FACE('',(#292),#23,.T.);
#1803=ADVANCED_FACE('',(#293),#55,.T.);
#1804=ADVANCED_FACE('',(#294),#83,.T.);
#1805=ADVANCED_FACE('',(#295),#84,.T.);
#1806=ADVANCED_FACE('',(#296),#85,.T.);
#1807=ADVANCED_FACE('',(#297),#86,.T.);
#1808=ADVANCED_FACE('',(#298),#24,.T.);
#1809=ADVANCED_FACE('',(#299),#25,.T.);
#1810=ADVANCED_FACE('',(#300),#87,.T.);
#1811=ADVANCED_FACE('',(#301),#88,.T.);
#1812=ADVANCED_FACE('',(#302),#26,.T.);
#1813=ADVANCED_FACE('',(#303),#89,.T.);
#1814=ADVANCED_FACE('',(#304),#56,.T.);
#1815=ADVANCED_FACE('',(#305),#90,.T.);
#1816=ADVANCED_FACE('',(#306),#27,.T.);
#1817=ADVANCED_FACE('',(#307,#120,#121),#91,.F.);
#1818=ADVANCED_FACE('',(#308),#1742,.T.);
#1819=ADVANCED_FACE('',(#309,#122),#92,.T.);
#1820=ADVANCED_FACE('',(#310),#1743,.T.);
#1821=ADVANCED_FACE('',(#311,#123),#1744,.T.);
#1822=ADVANCED_FACE('',(#312,#124,#125,#126,#127,#128,#129),#1745,.T.);
#1823=ADVANCED_FACE('',(#313,#130,#131,#132,#133,#134,#135),#1746,.F.);
#1824=ADVANCED_FACE('',(#314),#93,.T.);
#1825=ADVANCED_FACE('',(#315),#94,.F.);
#1826=ADVANCED_FACE('',(#316),#13,.F.);
#1827=ADVANCED_FACE('',(#317),#95,.F.);
#1828=ADVANCED_FACE('',(#318),#14,.F.);
#1829=ADVANCED_FACE('',(#319),#96,.F.);
#1830=ADVANCED_FACE('',(#320),#15,.F.);
#1831=ADVANCED_FACE('',(#321),#97,.F.);
#1832=ADVANCED_FACE('',(#322),#16,.F.);
#1833=ADVANCED_FACE('',(#323),#98,.F.);
#1834=ADVANCED_FACE('',(#324),#17,.F.);
#1835=ADVANCED_FACE('',(#325),#99,.F.);
#1836=ADVANCED_FACE('',(#326),#1747,.F.);
#1837=ADVANCED_FACE('',(#327,#136,#137),#1748,.T.);
#1838=ADVANCED_FACE('',(#328),#1749,.T.);
#1839=ADVANCED_FACE('',(#329),#1750,.T.);
#1840=ADVANCED_FACE('',(#330),#1751,.T.);
#1841=ADVANCED_FACE('',(#331),#100,.T.);
#1842=ADVANCED_FACE('',(#332),#101,.F.);
#1843=ADVANCED_FACE('',(#333),#1752,.T.);
#1844=ADVANCED_FACE('',(#334),#102,.F.);
#1845=ADVANCED_FACE('',(#335),#1753,.T.);
#1846=ADVANCED_FACE('',(#336),#35,.F.);
#1847=ADVANCED_FACE('',(#337),#36,.T.);
#1848=ADVANCED_FACE('',(#338),#37,.T.);
#1849=ADVANCED_FACE('',(#339),#103,.T.);
#1850=ADVANCED_FACE('',(#340),#38,.T.);
#1851=ADVANCED_FACE('',(#341),#104,.T.);
#1852=ADVANCED_FACE('',(#342),#105,.T.);
#1853=ADVANCED_FACE('',(#343),#28,.T.);
#1854=ADVANCED_FACE('',(#344),#106,.T.);
#1855=ADVANCED_FACE('',(#345),#107,.T.);
#1856=ADVANCED_FACE('',(#346),#29,.T.);
#1857=ADVANCED_FACE('',(#347),#108,.T.);
#1858=ADVANCED_FACE('',(#348),#39,.T.);
#1859=ADVANCED_FACE('',(#349),#109,.T.);
#1860=ADVANCED_FACE('',(#350),#57,.F.);
#1861=ADVANCED_FACE('',(#351),#58,.F.);
#1862=ADVANCED_FACE('',(#352),#40,.F.);
#1863=ADVANCED_FACE('',(#353),#110,.F.);
#1864=ADVANCED_FACE('',(#354),#59,.F.);
#1865=ADVANCED_FACE('',(#355),#60,.F.);
#1866=ADVANCED_FACE('',(#356),#61,.F.);
#1867=ADVANCED_FACE('',(#357),#41,.F.);
#1868=ADVANCED_FACE('',(#358),#111,.F.);
#1869=ADVANCED_FACE('',(#359),#62,.F.);
#1870=ADVANCED_FACE('',(#360),#42,.T.);
#1871=CLOSED_SHELL('',(#1754,#1755,#1756,#1757,#1758,#1759,#1760,#1761,
#1762,#1763,#1764,#1765,#1766,#1767,#1768,#1769,#1770,#1771,#1772,#1773,
#1774,#1775,#1776,#1777,#1778,#1779,#1780,#1781,#1782,#1783,#1784,#1785,
#1786,#1787,#1788,#1789,#1790,#1791,#1792,#1793,#1794,#1795,#1796,#1797,
#1798,#1799,#1800,#1801,#1802,#1803,#1804,#1805,#1806,#1807,#1808,#1809,
#1810,#1811,#1812,#1813,#1814,#1815,#1816));
#1872=CLOSED_SHELL('',(#1817,#1818,#1819,#1820,#1821,#1822,#1823,#1824,
#1825,#1826,#1827,#1828,#1829,#1830,#1831,#1832,#1833,#1834,#1835,#1836,
#1837,#1838,#1839,#1840,#1841,#1842,#1843,#1844,#1845,#1846,#1847,#1848,
#1849,#1850,#1851,#1852,#1853,#1854,#1855,#1856,#1857,#1858,#1859,#1860,
#1861,#1862,#1863,#1864,#1865,#1866,#1867,#1868,#1869,#1870));
#1873=DERIVED_UNIT_ELEMENT(#1875,1.);
#1874=DERIVED_UNIT_ELEMENT(#6187,-3.);
#1875=(
MASS_UNIT()
NAMED_UNIT(*)
SI_UNIT(.KILO.,.GRAM.)
);
#1876=DERIVED_UNIT((#1873,#1874));
#1877=MEASURE_REPRESENTATION_ITEM('density measure',
POSITIVE_RATIO_MEASURE(7850.),#1876);
#1878=PROPERTY_DEFINITION_REPRESENTATION(#1883,#1880);
#1879=PROPERTY_DEFINITION_REPRESENTATION(#1884,#1881);
#1880=REPRESENTATION('material name',(#1882),#6184);
#1881=REPRESENTATION('density',(#1877),#6184);
#1882=DESCRIPTIVE_REPRESENTATION_ITEM('Steel','Steel');
#1883=PROPERTY_DEFINITION('material property','material name',#6194);
#1884=PROPERTY_DEFINITION('material property','density of part',#6194);
#1885=AXIS2_PLACEMENT_3D('',#2589,#2087,#2088);
#1886=AXIS2_PLACEMENT_3D('',#2590,#2089,#2090);
#1887=AXIS2_PLACEMENT_3D('',#2815,#2098,#2099);
#1888=AXIS2_PLACEMENT_3D('',#2819,#2101,#2102);
#1889=AXIS2_PLACEMENT_3D('',#2823,#2104,#2105);
#1890=AXIS2_PLACEMENT_3D('',#2826,#2107,#2108);
#1891=AXIS2_PLACEMENT_3D('',#2827,#2109,#2110);
#1892=AXIS2_PLACEMENT_3D('',#2856,#2115,#2116);
#1893=AXIS2_PLACEMENT_3D('',#2869,#2122,#2123);
#1894=AXIS2_PLACEMENT_3D('',#2873,#2125,#2126);
#1895=AXIS2_PLACEMENT_3D('',#2877,#2128,#2129);
#1896=AXIS2_PLACEMENT_3D('',#2880,#2131,#2132);
#1897=AXIS2_PLACEMENT_3D('',#2881,#2133,#2134);
#1898=AXIS2_PLACEMENT_3D('',#2910,#2139,#2140);
#1899=AXIS2_PLACEMENT_3D('',#2920,#2145,#2146);
#1900=AXIS2_PLACEMENT_3D('',#2922,#2147,#2148);
#1901=AXIS2_PLACEMENT_3D('',#2923,#2149,#2150);
#1902=AXIS2_PLACEMENT_3D('',#3145,#2154,#2155);
#1903=AXIS2_PLACEMENT_3D('',#3510,#2157,#2158);
#1904=AXIS2_PLACEMENT_3D('',#3528,#2160,#2161);
#1905=AXIS2_PLACEMENT_3D('',#3544,#2163,#2164);
#1906=AXIS2_PLACEMENT_3D('',#3636,#2167,#2168);
#1907=AXIS2_PLACEMENT_3D('',#4022,#2175,#2176);
#1908=AXIS2_PLACEMENT_3D('',#4110,#2179,#2180);
#1909=AXIS2_PLACEMENT_3D('',#4113,#2183,#2184);
#1910=AXIS2_PLACEMENT_3D('',#4116,#2187,#2188);
#1911=AXIS2_PLACEMENT_3D('',#4119,#2191,#2192);
#1912=AXIS2_PLACEMENT_3D('',#4122,#2195,#2196);
#1913=AXIS2_PLACEMENT_3D('',#4163,#2198,#2199);
#1914=AXIS2_PLACEMENT_3D('',#4202,#2201,#2202);
#1915=AXIS2_PLACEMENT_3D('',#4203,#2203,#2204);
#1916=AXIS2_PLACEMENT_3D('',#4204,#2205,#2206);
#1917=AXIS2_PLACEMENT_3D('',#4206,#2207,#2208);
#1918=AXIS2_PLACEMENT_3D('',#4207,#2209,#2210);
#1919=AXIS2_PLACEMENT_3D('',#4209,#2212,#2213);
#1920=AXIS2_PLACEMENT_3D('',#4210,#2214,#2215);
#1921=AXIS2_PLACEMENT_3D('',#4211,#2216,#2217);
#1922=AXIS2_PLACEMENT_3D('',#4213,#2219,#2220);
#1923=AXIS2_PLACEMENT_3D('',#4466,#2221,#2222);
#1924=AXIS2_PLACEMENT_3D('',#4467,#2223,#2224);
#1925=AXIS2_PLACEMENT_3D('',#4680,#2225,#2226);
#1926=AXIS2_PLACEMENT_3D('',#4859,#2227,#2228);
#1927=AXIS2_PLACEMENT_3D('',#4860,#2229,#2230);
#1928=AXIS2_PLACEMENT_3D('',#4861,#2231,#2232);
#1929=AXIS2_PLACEMENT_3D('',#4862,#2233,#2234);
#1930=AXIS2_PLACEMENT_3D('',#4863,#2235,#2236);
#1931=AXIS2_PLACEMENT_3D('',#4864,#2237,#2238);
#1932=AXIS2_PLACEMENT_3D('',#4865,#2239,#2240);
#1933=AXIS2_PLACEMENT_3D('',#4866,#2241,#2242);
#1934=AXIS2_PLACEMENT_3D('',#4867,#2243,#2244);
#1935=AXIS2_PLACEMENT_3D('',#5061,#2245,#2246);
#1936=AXIS2_PLACEMENT_3D('',#5062,#2247,#2248);
#1937=AXIS2_PLACEMENT_3D('',#5063,#2249,#2250);
#1938=AXIS2_PLACEMENT_3D('',#5064,#2251,#2252);
#1939=AXIS2_PLACEMENT_3D('',#5125,#2253,#2254);
#1940=AXIS2_PLACEMENT_3D('',#5153,#2255,#2256);
#1941=AXIS2_PLACEMENT_3D('',#5154,#2257,#2258);
#1942=AXIS2_PLACEMENT_3D('',#5155,#2259,#2260);
#1943=AXIS2_PLACEMENT_3D('',#5156,#2261,#2262);
#1944=AXIS2_PLACEMENT_3D('',#5157,#2263,#2264);
#1945=AXIS2_PLACEMENT_3D('',#5158,#2265,#2266);
#1946=AXIS2_PLACEMENT_3D('',#5194,#2267,#2268);
#1947=AXIS2_PLACEMENT_3D('',#5195,#2269,#2270);
#1948=AXIS2_PLACEMENT_3D('',#5196,#2271,#2272);
#1949=AXIS2_PLACEMENT_3D('',#5197,#2273,#2274);
#1950=AXIS2_PLACEMENT_3D('',#5237,#2275,#2276);
#1951=AXIS2_PLACEMENT_3D('',#5238,#2277,#2278);
#1952=AXIS2_PLACEMENT_3D('',#5239,#2279,#2280);
#1953=AXIS2_PLACEMENT_3D('',#5240,#2281,#2282);
#1954=AXIS2_PLACEMENT_3D('',#5241,#2283,#2284);
#1955=AXIS2_PLACEMENT_3D('',#5242,#2285,#2286);
#1956=AXIS2_PLACEMENT_3D('',#5243,#2287,#2288);
#1957=AXIS2_PLACEMENT_3D('',#5244,#2289,#2290);
#1958=AXIS2_PLACEMENT_3D('',#5245,#2291,#2292);
#1959=AXIS2_PLACEMENT_3D('',#5246,#2293,#2294);
#1960=AXIS2_PLACEMENT_3D('',#5247,#2295,#2296);
#1961=AXIS2_PLACEMENT_3D('',#5248,#2297,#2298);
#1962=AXIS2_PLACEMENT_3D('',#5249,#2299,#2300);
#1963=AXIS2_PLACEMENT_3D('',#5250,#2301,#2302);
#1964=AXIS2_PLACEMENT_3D('',#5251,#2303,#2304);
#1965=AXIS2_PLACEMENT_3D('',#5252,#2305,#2306);
#1966=AXIS2_PLACEMENT_3D('',#5253,#2307,#2308);
#1967=AXIS2_PLACEMENT_3D('',#5254,#2309,#2310);
#1968=AXIS2_PLACEMENT_3D('',#5255,#2311,#2312);
#1969=AXIS2_PLACEMENT_3D('',#5256,#2313,#2314);
#1970=AXIS2_PLACEMENT_3D('',#5257,#2315,#2316);
#1971=AXIS2_PLACEMENT_3D('',#5305,#2317,#2318);
#1972=AXIS2_PLACEMENT_3D('',#5306,#2319,#2320);
#1973=AXIS2_PLACEMENT_3D('',#5307,#2321,#2322);
#1974=AXIS2_PLACEMENT_3D('',#5308,#2323,#2324);
#1975=AXIS2_PLACEMENT_3D('',#5313,#2326,#2327);
#1976=AXIS2_PLACEMENT_3D('',#5316,#2329,#2330);
#1977=AXIS2_PLACEMENT_3D('',#5357,#2331,#2332);
#1978=AXIS2_PLACEMENT_3D('',#5463,#2334,#2335);
#1979=AXIS2_PLACEMENT_3D('',#5582,#2337,#2338);
#1980=AXIS2_PLACEMENT_3D('',#5588,#2342,#2343);
#1981=AXIS2_PLACEMENT_3D('',#5591,#2344,#2345);
#1982=AXIS2_PLACEMENT_3D('',#5592,#2346,#2347);
#1983=AXIS2_PLACEMENT_3D('',#5596,#2349,#2350);
#1984=AXIS2_PLACEMENT_3D('',#5597,#2351,#2352);
#1985=AXIS2_PLACEMENT_3D('',#5636,#2353,#2354);
#1986=AXIS2_PLACEMENT_3D('',#5639,#2357,#2358);
#1987=AXIS2_PLACEMENT_3D('',#5641,#2359,#2360);
#1988=AXIS2_PLACEMENT_3D('',#5642,#2361,#2362);
#1989=AXIS2_PLACEMENT_3D('',#5644,#2363,#2364);
#1990=AXIS2_PLACEMENT_3D('',#5646,#2365,#2366);
#1991=AXIS2_PLACEMENT_3D('',#5648,#2367,#2368);
#1992=AXIS2_PLACEMENT_3D('',#5650,#2369,#2370);
#1993=AXIS2_PLACEMENT_3D('',#5652,#2371,#2372);
#1994=AXIS2_PLACEMENT_3D('',#5654,#2373,#2374);
#1995=AXIS2_PLACEMENT_3D('',#5656,#2375,#2376);
#1996=AXIS2_PLACEMENT_3D('',#5657,#2377,#2378);
#1997=AXIS2_PLACEMENT_3D('',#5659,#2379,#2380);
#1998=AXIS2_PLACEMENT_3D('',#5661,#2381,#2382);
#1999=AXIS2_PLACEMENT_3D('',#5663,#2383,#2384);
#2000=AXIS2_PLACEMENT_3D('',#5665,#2385,#2386);
#2001=AXIS2_PLACEMENT_3D('',#5667,#2387,#2388);
#2002=AXIS2_PLACEMENT_3D('',#5669,#2389,#2390);
#2003=AXIS2_PLACEMENT_3D('',#5670,#2391,#2392);
#2004=AXIS2_PLACEMENT_3D('',#5673,#2393,#2394);
#2005=AXIS2_PLACEMENT_3D('',#5674,#2395,#2396);
#2006=AXIS2_PLACEMENT_3D('',#5678,#2398,#2399);
#2007=AXIS2_PLACEMENT_3D('',#5679,#2400,#2401);
#2008=AXIS2_PLACEMENT_3D('',#5680,#2402,#2403);
#2009=AXIS2_PLACEMENT_3D('',#5683,#2405,#2406);
#2010=AXIS2_PLACEMENT_3D('',#5684,#2407,#2408);
#2011=AXIS2_PLACEMENT_3D('',#5686,#2410,#2411);
#2012=AXIS2_PLACEMENT_3D('',#5689,#2413,#2414);
#2013=AXIS2_PLACEMENT_3D('',#5690,#2415,#2416);
#2014=AXIS2_PLACEMENT_3D('',#5692,#2418,#2419);
#2015=AXIS2_PLACEMENT_3D('',#5695,#2421,#2422);
#2016=AXIS2_PLACEMENT_3D('',#5696,#2423,#2424);
#2017=AXIS2_PLACEMENT_3D('',#5698,#2426,#2427);
#2018=AXIS2_PLACEMENT_3D('',#5701,#2429,#2430);
#2019=AXIS2_PLACEMENT_3D('',#5702,#2431,#2432);
#2020=AXIS2_PLACEMENT_3D('',#5704,#2434,#2435);
#2021=AXIS2_PLACEMENT_3D('',#5707,#2437,#2438);
#2022=AXIS2_PLACEMENT_3D('',#5708,#2439,#2440);
#2023=AXIS2_PLACEMENT_3D('',#5710,#2442,#2443);
#2024=AXIS2_PLACEMENT_3D('',#5712,#2445,#2446);
#2025=AXIS2_PLACEMENT_3D('',#5717,#2448,#2449);
#2026=AXIS2_PLACEMENT_3D('',#5721,#2452,#2453);
#2027=AXIS2_PLACEMENT_3D('',#5726,#2455,#2456);
#2028=AXIS2_PLACEMENT_3D('',#5731,#2459,#2460);
#2029=AXIS2_PLACEMENT_3D('',#5733,#2461,#2462);
#2030=AXIS2_PLACEMENT_3D('',#5734,#2463,#2464);
#2031=AXIS2_PLACEMENT_3D('',#5737,#2465,#2466);
#2032=AXIS2_PLACEMENT_3D('',#5743,#2470,#2471);
#2033=AXIS2_PLACEMENT_3D('',#5752,#2476,#2477);
#2034=AXIS2_PLACEMENT_3D('',#5759,#2480,#2481);
#2035=AXIS2_PLACEMENT_3D('',#5761,#2483,#2484);
#2036=AXIS2_PLACEMENT_3D('',#5762,#2485,#2486);
#2037=AXIS2_PLACEMENT_3D('',#5763,#2487,#2488);
#2038=AXIS2_PLACEMENT_3D('',#5764,#2489,#2490);
#2039=AXIS2_PLACEMENT_3D('',#5766,#2491,#2492);
#2040=AXIS2_PLACEMENT_3D('',#5768,#2494,#2495);
#2041=AXIS2_PLACEMENT_3D('',#5769,#2496,#2497);
#2042=AXIS2_PLACEMENT_3D('',#5771,#2498,#2499);
#2043=AXIS2_PLACEMENT_3D('',#5773,#2501,#2502);
#2044=AXIS2_PLACEMENT_3D('',#5774,#2503,#2504);
#2045=AXIS2_PLACEMENT_3D('',#5775,#2505,#2506);
#2046=AXIS2_PLACEMENT_3D('',#5776,#2507,#2508);
#2047=AXIS2_PLACEMENT_3D('',#5777,#2509,#2510);
#2048=AXIS2_PLACEMENT_3D('',#5778,#2511,#2512);
#2049=AXIS2_PLACEMENT_3D('',#5779,#2513,#2514);
#2050=AXIS2_PLACEMENT_3D('',#5780,#2515,#2516);
#2051=AXIS2_PLACEMENT_3D('',#5828,#2517,#2518);
#2052=AXIS2_PLACEMENT_3D('',#5829,#2519,#2520);
#2053=AXIS2_PLACEMENT_3D('',#5843,#2521,#2522);
#2054=AXIS2_PLACEMENT_3D('',#5844,#2523,#2524);
#2055=AXIS2_PLACEMENT_3D('',#5894,#2525,#2526);
#2056=AXIS2_PLACEMENT_3D('',#5895,#2527,#2528);
#2057=AXIS2_PLACEMENT_3D('',#5896,#2529,#2530);
#2058=AXIS2_PLACEMENT_3D('',#5897,#2531,#2532);
#2059=AXIS2_PLACEMENT_3D('',#5898,#2533,#2534);
#2060=AXIS2_PLACEMENT_3D('',#5899,#2535,#2536);
#2061=AXIS2_PLACEMENT_3D('',#5955,#2537,#2538);
#2062=AXIS2_PLACEMENT_3D('',#5956,#2539,#2540);
#2063=AXIS2_PLACEMENT_3D('',#5957,#2541,#2542);
#2064=AXIS2_PLACEMENT_3D('',#5958,#2543,#2544);
#2065=AXIS2_PLACEMENT_3D('',#5959,#2545,#2546);
#2066=AXIS2_PLACEMENT_3D('',#5960,#2547,#2548);
#2067=AXIS2_PLACEMENT_3D('',#5961,#2549,#2550);
#2068=AXIS2_PLACEMENT_3D('',#5962,#2551,#2552);
#2069=AXIS2_PLACEMENT_3D('',#5977,#2553,#2554);
#2070=AXIS2_PLACEMENT_3D('',#5978,#2555,#2556);
#2071=AXIS2_PLACEMENT_3D('',#6055,#2557,#2558);
#2072=AXIS2_PLACEMENT_3D('',#6056,#2559,#2560);
#2073=AXIS2_PLACEMENT_3D('',#6069,#2561,#2562);
#2074=AXIS2_PLACEMENT_3D('',#6070,#2563,#2564);
#2075=AXIS2_PLACEMENT_3D('',#6071,#2565,#2566);
#2076=AXIS2_PLACEMENT_3D('',#6072,#2567,#2568);
#2077=AXIS2_PLACEMENT_3D('',#6073,#2569,#2570);
#2078=AXIS2_PLACEMENT_3D('',#6104,#2571,#2572);
#2079=AXIS2_PLACEMENT_3D('',#6138,#2573,#2574);
#2080=AXIS2_PLACEMENT_3D('',#6151,#2575,#2576);
#2081=AXIS2_PLACEMENT_3D('',#6152,#2577,#2578);
#2082=AXIS2_PLACEMENT_3D('',#6153,#2579,#2580);
#2083=AXIS2_PLACEMENT_3D('',#6154,#2581,#2582);
#2084=AXIS2_PLACEMENT_3D('',#6155,#2583,#2584);
#2085=AXIS2_PLACEMENT_3D('',#6180,#2585,#2586);
#2086=AXIS2_PLACEMENT_3D('',#6181,#2587,#2588);
#2087=DIRECTION('axis',(0.,0.,1.));
#2088=DIRECTION('refdir',(1.,0.,0.));
#2089=DIRECTION('center_axis',(1.,0.,0.));
#2090=DIRECTION('ref_axis',(0.,0.,-1.));
#2091=DIRECTION('',(0.,-1.,0.));
#2092=DIRECTION('',(0.,0.,1.));
#2093=DIRECTION('',(0.,-1.,0.));
#2094=DIRECTION('',(0.,-1.,0.));
#2095=DIRECTION('',(0.,0.,1.));
#2096=DIRECTION('',(0.,-1.,0.));
#2097=DIRECTION('',(0.,0.,1.));
#2098=DIRECTION('center_axis',(1.,0.,0.));
#2099=DIRECTION('ref_axis',(0.,0.,-1.));
#2100=DIRECTION('',(0.,-1.,2.08166817117217E-16));
#2101=DIRECTION('center_axis',(1.,0.,0.));
#2102=DIRECTION('ref_axis',(0.,0.,-1.));
#2103=DIRECTION('',(0.,0.,-1.));
#2104=DIRECTION('center_axis',(1.,0.,0.));
#2105=DIRECTION('ref_axis',(0.,0.,-1.));
#2106=DIRECTION('',(0.,1.,-2.08166817117217E-16));
#2107=DIRECTION('center_axis',(1.,0.,0.));
#2108=DIRECTION('ref_axis',(0.,0.,-1.));
#2109=DIRECTION('center_axis',(0.,0.,-1.));
#2110=DIRECTION('ref_axis',(-1.,0.,0.));
#2111=DIRECTION('',(1.,0.,0.));
#2112=DIRECTION('',(0.,-1.,0.));
#2113=DIRECTION('',(1.,0.,0.));
#2114=DIRECTION('',(0.,-1.,0.));
#2115=DIRECTION('center_axis',(-1.,0.,0.));
#2116=DIRECTION('ref_axis',(0.,0.,1.));
#2117=DIRECTION('',(0.,0.,-1.));
#2118=DIRECTION('',(0.,-1.,0.));
#2119=DIRECTION('',(0.,0.,-1.));
#2120=DIRECTION('',(0.,-1.,0.));
#2121=DIRECTION('',(0.,0.,1.));
#2122=DIRECTION('center_axis',(-1.,0.,0.));
#2123=DIRECTION('ref_axis',(0.,0.,1.));
#2124=DIRECTION('',(0.,1.,-2.08166817117217E-16));
#2125=DIRECTION('center_axis',(-1.,0.,0.));
#2126=DIRECTION('ref_axis',(0.,0.,1.));
#2127=DIRECTION('',(0.,0.,-1.));
#2128=DIRECTION('center_axis',(-1.,0.,0.));
#2129=DIRECTION('ref_axis',(0.,0.,1.));
#2130=DIRECTION('',(0.,-1.,2.08166817117217E-16));
#2131=DIRECTION('center_axis',(-1.,0.,0.));
#2132=DIRECTION('ref_axis',(0.,0.,1.));
#2133=DIRECTION('center_axis',(0.,0.,1.));
#2134=DIRECTION('ref_axis',(1.,0.,0.));
#2135=DIRECTION('',(0.,-1.,0.));
#2136=DIRECTION('',(-1.,0.,0.));
#2137=DIRECTION('',(0.,-1.,0.));
#2138=DIRECTION('',(-1.,0.,0.));
#2139=DIRECTION('center_axis',(0.,1.,0.));
#2140=DIRECTION('ref_axis',(0.,0.,1.));
#2141=DIRECTION('',(0.,0.,1.));
#2142=DIRECTION('',(1.,0.,0.));
#2143=DIRECTION('',(0.,0.,-1.));
#2144=DIRECTION('',(-1.,0.,0.));
#2145=DIRECTION('center_axis',(0.,1.,0.));
#2146=DIRECTION('ref_axis',(0.,0.,1.));
#2147=DIRECTION('center_axis',(0.,1.,0.));
#2148=DIRECTION('ref_axis',(0.,0.,1.));
#2149=DIRECTION('center_axis',(0.,1.,0.));
#2150=DIRECTION('ref_axis',(0.,0.,1.));
#2151=DIRECTION('',(-1.,0.,0.));
#2152=DIRECTION('',(0.,0.,-1.));
#2153=DIRECTION('',(1.,0.,0.));
#2154=DIRECTION('center_axis',(0.,1.,0.));
#2155=DIRECTION('ref_axis',(0.,0.,1.));
#2156=DIRECTION('',(0.,0.,1.));
#2157=DIRECTION('center_axis',(0.,-1.,0.));
#2158=DIRECTION('ref_axis',(0.,0.,-1.));
#2159=DIRECTION('',(0.,-1.,0.));
#2160=DIRECTION('center_axis',(0.,1.,0.));
#2161=DIRECTION('ref_axis',(0.,0.,-1.));
#2162=DIRECTION('',(0.,-1.,0.));
#2163=DIRECTION('center_axis',(0.,1.,0.));
#2164=DIRECTION('ref_axis',(0.,0.,1.));
#2165=DIRECTION('',(0.,-1.,0.));
#2166=DIRECTION('',(0.,-1.,0.));
#2167=DIRECTION('center_axis',(0.,1.,0.));
#2168=DIRECTION('ref_axis',(0.,0.,1.));
#2169=DIRECTION('',(0.,0.,1.));
#2170=DIRECTION('',(0.,0.,1.));
#2171=DIRECTION('',(0.,-1.,0.));
#2172=DIRECTION('',(0.,-1.,0.));
#2173=DIRECTION('',(0.,-1.,0.));
#2174=DIRECTION('',(0.,-1.,0.));
#2175=DIRECTION('center_axis',(1.,0.,0.));
#2176=DIRECTION('ref_axis',(0.,0.,-1.));
#2177=DIRECTION('',(0.,-1.,0.));
#2178=DIRECTION('',(0.,0.,1.));
#2179=DIRECTION('center_axis',(0.,-1.33440267382831E-16,-1.));
#2180=DIRECTION('ref_axis',(-1.,0.,0.));
#2181=DIRECTION('',(-1.,0.,0.));
#2182=DIRECTION('',(-1.,0.,0.));
#2183=DIRECTION('center_axis',(0.,1.,0.));
#2184=DIRECTION('ref_axis',(0.,0.,1.));
#2185=DIRECTION('',(-1.,0.,0.));
#2186=DIRECTION('',(-1.,0.,0.));
#2187=DIRECTION('center_axis',(0.,1.33440267382831E-16,1.));
#2188=DIRECTION('ref_axis',(1.,0.,0.));
#2189=DIRECTION('',(-1.,0.,0.));
#2190=DIRECTION('',(-1.,0.,0.));
#2191=DIRECTION('center_axis',(0.,-1.,0.));
#2192=DIRECTION('ref_axis',(0.,0.,-1.));
#2193=DIRECTION('',(-1.,0.,0.));
#2194=DIRECTION('',(-1.,0.,0.));
#2195=DIRECTION('center_axis',(1.,0.,0.));
#2196=DIRECTION('ref_axis',(0.,0.,-1.));
#2197=DIRECTION('',(1.,0.,0.));
#2198=DIRECTION('center_axis',(1.,0.,0.));
#2199=DIRECTION('ref_axis',(0.,0.,-1.));
#2200=DIRECTION('',(1.,0.,0.));
#2201=DIRECTION('center_axis',(1.,0.,0.));
#2202=DIRECTION('ref_axis',(0.,0.,-1.));
#2203=DIRECTION('center_axis',(1.,0.,0.));
#2204=DIRECTION('ref_axis',(0.,0.,-1.));
#2205=DIRECTION('center_axis',(0.,1.,0.));
#2206=DIRECTION('ref_axis',(0.,0.,1.));
#2207=DIRECTION('center_axis',(0.,1.,0.));
#2208=DIRECTION('ref_axis',(0.,0.,1.));
#2209=DIRECTION('center_axis',(0.,1.,0.));
#2210=DIRECTION('ref_axis',(0.,0.,1.));
#2211=DIRECTION('',(0.,1.,0.));
#2212=DIRECTION('center_axis',(0.,1.,0.));
#2213=DIRECTION('ref_axis',(0.,0.,1.));
#2214=DIRECTION('center_axis',(0.,1.,0.));
#2215=DIRECTION('ref_axis',(0.,0.,1.));
#2216=DIRECTION('center_axis',(0.,1.,0.));
#2217=DIRECTION('ref_axis',(0.,0.,1.));
#2218=DIRECTION('',(0.,1.,0.));
#2219=DIRECTION('center_axis',(0.,1.,0.));
#2220=DIRECTION('ref_axis',(0.,0.,1.));
#2221=DIRECTION('center_axis',(0.,1.,0.));
#2222=DIRECTION('ref_axis',(0.,0.,1.));
#2223=DIRECTION('center_axis',(0.,0.,1.));
#2224=DIRECTION('ref_axis',(1.,0.,0.));
#2225=DIRECTION('center_axis',(-2.16540878790475E-13,0.,1.));
#2226=DIRECTION('ref_axis',(1.,0.,2.16540878790475E-13));
#2227=DIRECTION('center_axis',(-1.,0.,0.));
#2228=DIRECTION('ref_axis',(0.,0.,1.));
#2229=DIRECTION('center_axis',(1.,0.,0.));
#2230=DIRECTION('ref_axis',(0.,0.,-1.));
#2231=DIRECTION('center_axis',(-0.447213595499958,0.,0.894427190999916));
#2232=DIRECTION('ref_axis',(-0.894427190999916,0.,-0.447213595499958));
#2233=DIRECTION('center_axis',(0.,0.,-1.));
#2234=DIRECTION('ref_axis',(-1.,0.,0.));
#2235=DIRECTION('center_axis',(0.894427190999916,0.,0.447213595499959));
#2236=DIRECTION('ref_axis',(-0.447213595499958,0.,0.894427190999916));
#2237=DIRECTION('center_axis',(-0.894427190999916,0.,0.447213595499959));
#2238=DIRECTION('ref_axis',(-0.447213595499958,0.,-0.894427190999916));
#2239=DIRECTION('center_axis',(-1.,0.,0.));
#2240=DIRECTION('ref_axis',(0.,0.,1.));
#2241=DIRECTION('center_axis',(0.447213595499958,0.,0.894427190999916));
#2242=DIRECTION('ref_axis',(-0.894427190999916,0.,0.447213595499958));
#2243=DIRECTION('center_axis',(1.,0.,0.));
#2244=DIRECTION('ref_axis',(0.,0.,-1.));
#2245=DIRECTION('center_axis',(-0.304195591868131,0.,0.952609595735838));
#2246=DIRECTION('ref_axis',(0.952609595735838,0.,0.304195591868131));
#2247=DIRECTION('center_axis',(0.,0.,1.));
#2248=DIRECTION('ref_axis',(1.,0.,0.));
#2249=DIRECTION('center_axis',(0.,0.,1.));
#2250=DIRECTION('ref_axis',(1.,0.,0.));
#2251=DIRECTION('center_axis',(0.,0.,1.));
#2252=DIRECTION('ref_axis',(1.,0.,0.));
#2253=DIRECTION('center_axis',(0.30419559186834,0.,0.952609595735772));
#2254=DIRECTION('ref_axis',(0.952609595735772,0.,-0.30419559186834));
#2255=DIRECTION('center_axis',(0.,1.,0.));
#2256=DIRECTION('ref_axis',(0.,0.,1.));
#2257=DIRECTION('center_axis',(0.,0.,1.));
#2258=DIRECTION('ref_axis',(1.,0.,0.));
#2259=DIRECTION('center_axis',(0.,1.,-1.42566454145703E-15));
#2260=DIRECTION('ref_axis',(0.,1.42566454145703E-15,1.));
#2261=DIRECTION('center_axis',(0.,-1.,0.));
#2262=DIRECTION('ref_axis',(0.,0.,-1.));
#2263=DIRECTION('center_axis',(0.,1.,0.));
#2264=DIRECTION('ref_axis',(0.,0.,1.));
#2265=DIRECTION('center_axis',(0.,-1.,0.));
#2266=DIRECTION('ref_axis',(0.,0.,-1.));
#2267=DIRECTION('center_axis',(0.,1.,0.));
#2268=DIRECTION('ref_axis',(0.,0.,1.));
#2269=DIRECTION('center_axis',(0.,0.,1.));
#2270=DIRECTION('ref_axis',(1.,0.,0.));
#2271=DIRECTION('center_axis',(1.,0.,0.));
#2272=DIRECTION('ref_axis',(0.,0.,-1.));
#2273=DIRECTION('center_axis',(0.,0.,1.));
#2274=DIRECTION('ref_axis',(1.,0.,0.));
#2275=DIRECTION('center_axis',(0.,1.,-4.85722573273505E-14));
#2276=DIRECTION('ref_axis',(0.,4.85722573273505E-14,1.));
#2277=DIRECTION('center_axis',(0.,-1.,0.));
#2278=DIRECTION('ref_axis',(0.,0.,-1.));
#2279=DIRECTION('center_axis',(0.,1.,0.));
#2280=DIRECTION('ref_axis',(0.,0.,1.));
#2281=DIRECTION('center_axis',(0.,0.,1.));
#2282=DIRECTION('ref_axis',(1.,0.,0.));
#2283=DIRECTION('center_axis',(0.,0.,-1.));
#2284=DIRECTION('ref_axis',(-1.,0.,0.));
#2285=DIRECTION('center_axis',(-1.,0.,0.));
#2286=DIRECTION('ref_axis',(0.,0.,1.));
#2287=DIRECTION('center_axis',(-1.,0.,0.));
#2288=DIRECTION('ref_axis',(0.,0.,1.));
#2289=DIRECTION('center_axis',(0.,-1.,0.));
#2290=DIRECTION('ref_axis',(0.,0.,-1.));
#2291=DIRECTION('center_axis',(0.,1.,0.));
#2292=DIRECTION('ref_axis',(0.,0.,1.));
#2293=DIRECTION('center_axis',(0.,0.,1.));
#2294=DIRECTION('ref_axis',(1.,0.,0.));
#2295=DIRECTION('center_axis',(1.,0.,0.));
#2296=DIRECTION('ref_axis',(0.,0.,-1.));
#2297=DIRECTION('center_axis',(0.,0.,1.));
#2298=DIRECTION('ref_axis',(1.,0.,0.));
#2299=DIRECTION('center_axis',(0.,0.,1.));
#2300=DIRECTION('ref_axis',(1.,0.,0.));
#2301=DIRECTION('center_axis',(1.,0.,0.));
#2302=DIRECTION('ref_axis',(0.,0.,-1.));
#2303=DIRECTION('center_axis',(-1.,0.,0.));
#2304=DIRECTION('ref_axis',(0.,0.,1.));
#2305=DIRECTION('center_axis',(0.,0.,-1.));
#2306=DIRECTION('ref_axis',(-1.,0.,0.));
#2307=DIRECTION('center_axis',(0.,0.,-1.));
#2308=DIRECTION('ref_axis',(-1.,0.,0.));
#2309=DIRECTION('center_axis',(0.,0.,1.));
#2310=DIRECTION('ref_axis',(1.,0.,0.));
#2311=DIRECTION('center_axis',(0.,1.,0.));
#2312=DIRECTION('ref_axis',(0.,0.,1.));
#2313=DIRECTION('center_axis',(0.,-1.,0.));
#2314=DIRECTION('ref_axis',(0.,0.,-1.));
#2315=DIRECTION('center_axis',(0.,-1.,-3.46944695195361E-14));
#2316=DIRECTION('ref_axis',(0.,3.46944695195361E-14,-1.));
#2317=DIRECTION('center_axis',(0.,-1.,0.));
#2318=DIRECTION('ref_axis',(0.,0.,-1.));
#2319=DIRECTION('center_axis',(0.,-1.,0.));
#2320=DIRECTION('ref_axis',(0.,0.,-1.));
#2321=DIRECTION('center_axis',(0.,0.,1.));
#2322=DIRECTION('ref_axis',(1.,0.,0.));
#2323=DIRECTION('center_axis',(0.,-1.,0.));
#2324=DIRECTION('ref_axis',(-0.527950038307398,0.,-0.849275430617899));
#2325=DIRECTION('',(0.,-1.,0.));
#2326=DIRECTION('center_axis',(0.,1.,0.));
#2327=DIRECTION('ref_axis',(0.,0.,1.));
#2328=DIRECTION('',(0.,-1.,0.));
#2329=DIRECTION('center_axis',(0.,1.,0.));
#2330=DIRECTION('ref_axis',(0.,0.,1.));
#2331=DIRECTION('center_axis',(0.,1.,0.));
#2332=DIRECTION('ref_axis',(0.,0.,1.));
#2333=DIRECTION('',(0.,-1.,0.));
#2334=DIRECTION('center_axis',(0.,1.,0.));
#2335=DIRECTION('ref_axis',(0.,0.,1.));
#2336=DIRECTION('',(0.,-1.,0.));
#2337=DIRECTION('center_axis',(0.,0.,-1.));
#2338=DIRECTION('ref_axis',(0.,1.,0.));
#2339=DIRECTION('',(1.,0.,0.));
#2340=DIRECTION('',(0.,1.,0.));
#2341=DIRECTION('',(-1.,0.,0.));
#2342=DIRECTION('center_axis',(0.,-1.,0.));
#2343=DIRECTION('ref_axis',(0.,0.,-1.));
#2344=DIRECTION('center_axis',(0.,1.,0.));
#2345=DIRECTION('ref_axis',(0.,0.,1.));
#2346=DIRECTION('center_axis',(0.,1.,0.));
#2347=DIRECTION('ref_axis',(0.,0.,1.));
#2348=DIRECTION('',(0.,1.,0.));
#2349=DIRECTION('center_axis',(0.,1.,0.));
#2350=DIRECTION('ref_axis',(0.,0.,1.));
#2351=DIRECTION('center_axis',(0.,1.,0.));
#2352=DIRECTION('ref_axis',(0.,0.,1.));
#2353=DIRECTION('center_axis',(-1.,0.,0.));
#2354=DIRECTION('ref_axis',(0.,0.,1.));
#2355=DIRECTION('',(0.,0.,1.));
#2356=DIRECTION('',(0.,0.,-1.));
#2357=DIRECTION('center_axis',(0.,1.,0.));
#2358=DIRECTION('ref_axis',(0.,0.,1.));
#2359=DIRECTION('center_axis',(0.,1.,0.));
#2360=DIRECTION('ref_axis',(0.,0.,1.));
#2361=DIRECTION('center_axis',(0.,1.,0.));
#2362=DIRECTION('ref_axis',(0.,0.,1.));
#2363=DIRECTION('center_axis',(0.,1.,0.));
#2364=DIRECTION('ref_axis',(0.,0.,1.));
#2365=DIRECTION('center_axis',(0.,1.,0.));
#2366=DIRECTION('ref_axis',(0.,0.,1.));
#2367=DIRECTION('center_axis',(0.,1.,0.));
#2368=DIRECTION('ref_axis',(0.,0.,1.));
#2369=DIRECTION('center_axis',(0.,1.,0.));
#2370=DIRECTION('ref_axis',(0.,0.,1.));
#2371=DIRECTION('center_axis',(0.,1.,0.));
#2372=DIRECTION('ref_axis',(0.,0.,1.));
#2373=DIRECTION('center_axis',(0.,1.,0.));
#2374=DIRECTION('ref_axis',(0.,0.,1.));
#2375=DIRECTION('center_axis',(0.,1.,0.));
#2376=DIRECTION('ref_axis',(0.,0.,1.));
#2377=DIRECTION('center_axis',(0.,1.,0.));
#2378=DIRECTION('ref_axis',(0.,0.,1.));
#2379=DIRECTION('center_axis',(0.,1.,0.));
#2380=DIRECTION('ref_axis',(0.,0.,1.));
#2381=DIRECTION('center_axis',(0.,1.,0.));
#2382=DIRECTION('ref_axis',(0.,0.,1.));
#2383=DIRECTION('center_axis',(0.,1.,0.));
#2384=DIRECTION('ref_axis',(0.,0.,1.));
#2385=DIRECTION('center_axis',(0.,1.,0.));
#2386=DIRECTION('ref_axis',(0.,0.,1.));
#2387=DIRECTION('center_axis',(0.,1.,0.));
#2388=DIRECTION('ref_axis',(0.,0.,1.));
#2389=DIRECTION('center_axis',(0.,1.,0.));
#2390=DIRECTION('ref_axis',(0.,0.,1.));
#2391=DIRECTION('center_axis',(0.,-1.,0.));
#2392=DIRECTION('ref_axis',(0.,0.,-1.));
#2393=DIRECTION('center_axis',(0.,1.,0.));
#2394=DIRECTION('ref_axis',(0.,0.,1.));
#2395=DIRECTION('center_axis',(0.,1.,0.));
#2396=DIRECTION('ref_axis',(0.,0.,1.));
#2397=DIRECTION('',(0.,1.,0.));
#2398=DIRECTION('center_axis',(0.,1.,0.));
#2399=DIRECTION('ref_axis',(0.,0.,1.));
#2400=DIRECTION('center_axis',(0.,1.,0.));
#2401=DIRECTION('ref_axis',(0.,0.,1.));
#2402=DIRECTION('center_axis',(0.,1.,0.));
#2403=DIRECTION('ref_axis',(0.,0.,1.));
#2404=DIRECTION('',(0.,1.,0.));
#2405=DIRECTION('center_axis',(0.,1.,0.));
#2406=DIRECTION('ref_axis',(0.,0.,1.));
#2407=DIRECTION('center_axis',(0.,1.,0.));
#2408=DIRECTION('ref_axis',(0.,0.,1.));
#2409=DIRECTION('',(-8.03440589904949E-17,0.75470958022277,-0.65605902899051));
#2410=DIRECTION('center_axis',(0.,1.,0.));
#2411=DIRECTION('ref_axis',(0.,0.,1.));
#2412=DIRECTION('',(0.,1.,0.));
#2413=DIRECTION('center_axis',(0.,1.,0.));
#2414=DIRECTION('ref_axis',(0.,0.,1.));
#2415=DIRECTION('center_axis',(0.,1.,0.));
#2416=DIRECTION('ref_axis',(0.,0.,1.));
#2417=DIRECTION('',(-8.03440589904949E-17,0.75470958022277,-0.65605902899051));
#2418=DIRECTION('center_axis',(0.,1.,0.));
#2419=DIRECTION('ref_axis',(0.,0.,1.));
#2420=DIRECTION('',(0.,1.,0.));
#2421=DIRECTION('center_axis',(0.,1.,0.));
#2422=DIRECTION('ref_axis',(0.,0.,1.));
#2423=DIRECTION('center_axis',(0.,1.,0.));
#2424=DIRECTION('ref_axis',(0.,0.,1.));
#2425=DIRECTION('',(-8.03440589904949E-17,0.75470958022277,-0.65605902899051));
#2426=DIRECTION('center_axis',(0.,1.,0.));
#2427=DIRECTION('ref_axis',(0.,0.,1.));
#2428=DIRECTION('',(0.,1.,0.));
#2429=DIRECTION('center_axis',(0.,1.,0.));
#2430=DIRECTION('ref_axis',(0.,0.,1.));
#2431=DIRECTION('center_axis',(0.,1.,0.));
#2432=DIRECTION('ref_axis',(0.,0.,1.));
#2433=DIRECTION('',(-8.03440589904949E-17,0.75470958022277,-0.65605902899051));
#2434=DIRECTION('center_axis',(0.,1.,0.));
#2435=DIRECTION('ref_axis',(0.,0.,1.));
#2436=DIRECTION('',(0.,1.,0.));
#2437=DIRECTION('center_axis',(0.,1.,0.));
#2438=DIRECTION('ref_axis',(0.,0.,1.));
#2439=DIRECTION('center_axis',(0.,1.,0.));
#2440=DIRECTION('ref_axis',(0.,0.,1.));
#2441=DIRECTION('',(-8.03440589904949E-17,0.75470958022277,-0.65605902899051));
#2442=DIRECTION('center_axis',(1.,0.,0.));
#2443=DIRECTION('ref_axis',(0.,0.,-1.));
#2444=DIRECTION('',(1.,0.,0.));
#2445=DIRECTION('center_axis',(0.,1.,0.));
#2446=DIRECTION('ref_axis',(0.,0.,1.));
#2447=DIRECTION('',(1.,0.,0.));
#2448=DIRECTION('center_axis',(0.,1.,0.));
#2449=DIRECTION('ref_axis',(0.,0.,1.));
#2450=DIRECTION('',(-1.,0.,0.));
#2451=DIRECTION('',(0.,0.,-1.));
#2452=DIRECTION('center_axis',(0.,1.,0.));
#2453=DIRECTION('ref_axis',(0.,0.,1.));
#2454=DIRECTION('',(-1.,0.,0.));
#2455=DIRECTION('center_axis',(0.,1.,0.));
#2456=DIRECTION('ref_axis',(0.,0.,1.));
#2457=DIRECTION('',(1.,0.,0.));
#2458=DIRECTION('',(0.,0.,-1.));
#2459=DIRECTION('center_axis',(0.,1.,0.));
#2460=DIRECTION('ref_axis',(0.,0.,1.));
#2461=DIRECTION('center_axis',(0.,1.,0.));
#2462=DIRECTION('ref_axis',(0.,0.,1.));
#2463=DIRECTION('center_axis',(0.,0.,-1.));
#2464=DIRECTION('ref_axis',(-1.,0.,0.));
#2465=DIRECTION('center_axis',(0.,0.,-1.));
#2466=DIRECTION('ref_axis',(-1.,0.,0.));
#2467=DIRECTION('',(0.,1.,0.));
#2468=DIRECTION('',(-1.,0.,0.));
#2469=DIRECTION('',(0.,1.,0.));
#2470=DIRECTION('center_axis',(1.,0.,0.));
#2471=DIRECTION('ref_axis',(0.,0.,-1.));
#2472=DIRECTION('',(0.,0.,-1.));
#2473=DIRECTION('',(0.,1.,0.));
#2474=DIRECTION('',(0.,0.,-1.));
#2475=DIRECTION('',(0.,1.,0.));
#2476=DIRECTION('center_axis',(0.,0.,1.));
#2477=DIRECTION('ref_axis',(1.,0.,0.));
#2478=DIRECTION('',(1.,0.,0.));
#2479=DIRECTION('',(0.,1.,0.));
#2480=DIRECTION('center_axis',(0.,0.,1.));
#2481=DIRECTION('ref_axis',(1.,0.,0.));
#2482=DIRECTION('',(0.,1.,0.));
#2483=DIRECTION('center_axis',(0.,0.,1.));
#2484=DIRECTION('ref_axis',(1.,0.,0.));
#2485=DIRECTION('center_axis',(0.,0.,1.));
#2486=DIRECTION('ref_axis',(1.,0.,0.));
#2487=DIRECTION('center_axis',(0.,0.,-1.));
#2488=DIRECTION('ref_axis',(-1.,0.,0.));
#2489=DIRECTION('center_axis',(0.,1.,0.));
#2490=DIRECTION('ref_axis',(0.,0.,1.));
#2491=DIRECTION('center_axis',(0.,1.,0.));
#2492=DIRECTION('ref_axis',(0.,0.,1.));
#2493=DIRECTION('',(0.,1.,0.));
#2494=DIRECTION('center_axis',(0.,1.,0.));
#2495=DIRECTION('ref_axis',(0.,0.,1.));
#2496=DIRECTION('center_axis',(0.,1.,0.));
#2497=DIRECTION('ref_axis',(0.,0.,1.));
#2498=DIRECTION('center_axis',(0.,1.,0.));
#2499=DIRECTION('ref_axis',(0.,0.,1.));
#2500=DIRECTION('',(0.,1.,0.));
#2501=DIRECTION('center_axis',(0.,1.,0.));
#2502=DIRECTION('ref_axis',(0.,0.,1.));
#2503=DIRECTION('center_axis',(0.,1.,0.));
#2504=DIRECTION('ref_axis',(0.,0.,1.));
#2505=DIRECTION('center_axis',(1.,0.,0.));
#2506=DIRECTION('ref_axis',(0.,0.,-1.));
#2507=DIRECTION('center_axis',(0.,1.,0.));
#2508=DIRECTION('ref_axis',(0.,0.,1.));
#2509=DIRECTION('center_axis',(-1.,0.,0.));
#2510=DIRECTION('ref_axis',(0.,0.,-1.));
#2511=DIRECTION('center_axis',(0.,1.,0.));
#2512=DIRECTION('ref_axis',(0.,0.,1.));
#2513=DIRECTION('center_axis',(-1.,0.,0.));
#2514=DIRECTION('ref_axis',(0.,0.,-1.));
#2515=DIRECTION('center_axis',(1.,0.,0.));
#2516=DIRECTION('ref_axis',(0.,0.,-1.));
#2517=DIRECTION('center_axis',(1.,0.,0.));
#2518=DIRECTION('ref_axis',(0.,0.,-1.));
#2519=DIRECTION('center_axis',(0.,0.,-1.));
#2520=DIRECTION('ref_axis',(-1.,0.,0.));
#2521=DIRECTION('center_axis',(0.,1.,0.));
#2522=DIRECTION('ref_axis',(0.,0.,1.));
#2523=DIRECTION('center_axis',(-1.,0.,0.));
#2524=DIRECTION('ref_axis',(0.,0.,1.));
#2525=DIRECTION('center_axis',(1.,0.,0.));
#2526=DIRECTION('ref_axis',(0.,0.,-1.));
#2527=DIRECTION('center_axis',(0.,1.,0.));
#2528=DIRECTION('ref_axis',(0.,0.,1.));
#2529=DIRECTION('center_axis',(0.,1.,0.));
#2530=DIRECTION('ref_axis',(0.,0.,1.));
#2531=DIRECTION('center_axis',(0.,0.,1.));
#2532=DIRECTION('ref_axis',(1.,0.,0.));
#2533=DIRECTION('center_axis',(0.,0.,-1.));
#2534=DIRECTION('ref_axis',(-1.,0.,0.));
#2535=DIRECTION('center_axis',(1.,0.,0.));
#2536=DIRECTION('ref_axis',(0.,0.,-1.));
#2537=DIRECTION('center_axis',(1.,0.,0.));
#2538=DIRECTION('ref_axis',(0.,0.,-1.));
#2539=DIRECTION('center_axis',(0.,0.,-1.));
#2540=DIRECTION('ref_axis',(-1.,0.,0.));
#2541=DIRECTION('center_axis',(0.,0.,1.));
#2542=DIRECTION('ref_axis',(1.,0.,0.));
#2543=DIRECTION('center_axis',(0.,0.,1.));
#2544=DIRECTION('ref_axis',(1.,0.,0.));
#2545=DIRECTION('center_axis',(0.,1.,0.));
#2546=DIRECTION('ref_axis',(0.,0.,1.));
#2547=DIRECTION('center_axis',(0.,1.,0.));
#2548=DIRECTION('ref_axis',(0.,0.,1.));
#2549=DIRECTION('center_axis',(0.,-1.,0.));
#2550=DIRECTION('ref_axis',(0.,0.,-1.));
#2551=DIRECTION('center_axis',(0.,0.,1.));
#2552=DIRECTION('ref_axis',(1.,0.,0.));
#2553=DIRECTION('center_axis',(-1.,0.,0.));
#2554=DIRECTION('ref_axis',(0.,0.,1.));
#2555=DIRECTION('center_axis',(-1.,0.,0.));
#2556=DIRECTION('ref_axis',(0.,0.,1.));
#2557=DIRECTION('center_axis',(0.284090909090906,0.,0.958797348438085));
#2558=DIRECTION('ref_axis',(0.958797348438085,0.,-0.284090909090906));
#2559=DIRECTION('center_axis',(-0.123985919666145,-0.919645074503084,-0.372666645498034));
#2560=DIRECTION('ref_axis',(0.,0.375564509758268,-0.926796255392755));
#2561=DIRECTION('center_axis',(0.,-1.,0.));
#2562=DIRECTION('ref_axis',(0.,0.,-1.));
#2563=DIRECTION('center_axis',(0.,1.,0.));
#2564=DIRECTION('ref_axis',(0.,0.,1.));
#2565=DIRECTION('center_axis',(-0.284090909090906,0.,0.958797348438085));
#2566=DIRECTION('ref_axis',(0.958797348438085,0.,0.284090909090906));
#2567=DIRECTION('center_axis',(0.,-1.,0.));
#2568=DIRECTION('ref_axis',(0.,0.,-1.));
#2569=DIRECTION('center_axis',(0.,-1.,0.));
#2570=DIRECTION('ref_axis',(0.,0.,-1.));
#2571=DIRECTION('center_axis',(-0.123985919666139,-0.919645074503086,0.372666645498031));
#2572=DIRECTION('ref_axis',(0.,-0.375564509758265,-0.926796255392756));
#2573=DIRECTION('center_axis',(0.284090909090906,0.,0.958797348438085));
#2574=DIRECTION('ref_axis',(0.958797348438085,0.,-0.284090909090906));
#2575=DIRECTION('center_axis',(-4.82407022074506E-15,-1.,3.46944695195362E-15));
#2576=DIRECTION('ref_axis',(1.,-4.82407022074506E-15,0.));
#2577=DIRECTION('center_axis',(0.,1.,0.));
#2578=DIRECTION('ref_axis',(0.,0.,1.));
#2579=DIRECTION('center_axis',(-0.284090909090906,0.,0.958797348438085));
#2580=DIRECTION('ref_axis',(0.958797348438085,0.,0.284090909090906));
#2581=DIRECTION('center_axis',(0.,-1.,0.));
#2582=DIRECTION('ref_axis',(0.,0.,-1.));
#2583=DIRECTION('center_axis',(0.,-1.,0.));
#2584=DIRECTION('ref_axis',(0.,0.,-1.));
#2585=DIRECTION('center_axis',(0.,1.,0.));
#2586=DIRECTION('ref_axis',(0.,0.,1.));
#2587=DIRECTION('center_axis',(-1.,0.,0.));
#2588=DIRECTION('ref_axis',(0.,0.,-1.));
#2589=CARTESIAN_POINT('',(0.,0.,0.));
#2590=CARTESIAN_POINT('Origin',(-157.986656113631,38.,0.));
#2591=CARTESIAN_POINT('',(-157.986656113631,4.33713715496622,-12.5));
#2592=CARTESIAN_POINT('',(-157.986656113631,2.76225167920564,-12.9223691746647));
#2593=CARTESIAN_POINT('Ctrl Pts',(-157.986656113631,4.33713715496622,-12.5));
#2594=CARTESIAN_POINT('Ctrl Pts',(-157.986656113631,4.21675493608146,-12.5000000280123));
#2595=CARTESIAN_POINT('Ctrl Pts',(-157.986656113526,4.09973747802749,-12.5172183272872));
#2596=CARTESIAN_POINT('Ctrl Pts',(-157.98665611357,3.98542950152083,-12.5485009148148));
#2597=CARTESIAN_POINT('Ctrl Pts',(-157.986656113579,3.96413564173277,-12.5543283911903));
#2598=CARTESIAN_POINT('Ctrl Pts',(-157.986656113594,3.94293576671738,-12.5606440692184));
#2599=CARTESIAN_POINT('Ctrl Pts',(-157.986656113608,3.92182560404842,-12.5674277528164));
#2600=CARTESIAN_POINT('Ctrl Pts',(-157.986656113609,3.92101402295234,-12.5676885518191));
#2601=CARTESIAN_POINT('Ctrl Pts',(-157.986656113609,3.92020257742038,-12.5679500432284));
#2602=CARTESIAN_POINT('Ctrl Pts',(-157.98665611361,3.91939126723263,-12.5682122258831));
#2603=CARTESIAN_POINT('Ctrl Pts',(-157.986656113652,3.85300899876245,-12.5896642914897));
#2604=CARTESIAN_POINT('Ctrl Pts',(-157.986656113653,3.78753307040944,-12.6157440345206));
#2605=CARTESIAN_POINT('Ctrl Pts',(-157.986656113606,3.7239432424564,-12.6451984055427));
#2606=CARTESIAN_POINT('Ctrl Pts',(-157.986656113605,3.72277892012018,-12.6457377116422));
#2607=CARTESIAN_POINT('Ctrl Pts',(-157.986656113604,3.72161522747361,-12.6462781683093));
#2608=CARTESIAN_POINT('Ctrl Pts',(-157.986656113602,3.72045217038379,-12.6468197666701));
#2609=CARTESIAN_POINT('Ctrl Pts',(-157.986656113568,3.68946669590258,-12.6612487077203));
#2610=CARTESIAN_POINT('Ctrl Pts',(-157.986656113122,3.65893253286003,-12.6764875907101));
#2611=CARTESIAN_POINT('Ctrl Pts',(-157.986656112797,3.6287502158904,-12.6923785587879));
#2612=CARTESIAN_POINT('Ctrl Pts',(-157.98665611246,3.59743498879671,-12.7088660032276));
#2613=CARTESIAN_POINT('Ctrl Pts',(-157.986656112899,3.56649880625377,-12.7260558522554));
#2614=CARTESIAN_POINT('Ctrl Pts',(-157.986656113391,3.53583992089641,-12.7437875248216));
#2615=CARTESIAN_POINT('Ctrl Pts',(-157.986656113415,3.53435757688324,-12.7446448436173));
#2616=CARTESIAN_POINT('Ctrl Pts',(-157.986656113436,3.5328759203897,-12.7455034849762));
#2617=CARTESIAN_POINT('Ctrl Pts',(-157.986656113454,3.53139493586492,-12.7463634310005));
#2618=CARTESIAN_POINT('Ctrl Pts',(-157.986656113816,3.50224515293114,-12.7632894957392));
#2619=CARTESIAN_POINT('Ctrl Pts',(-157.986656113631,3.47335560489362,-12.7807204653308));
#2620=CARTESIAN_POINT('Ctrl Pts',(-157.986656113631,3.44454534792928,-12.7983433020484));
#2621=CARTESIAN_POINT('Ctrl Pts',(-157.986656113631,3.41427135640417,-12.8168614850031));
#2622=CARTESIAN_POINT('Ctrl Pts',(-157.986656116519,3.3840853844349,-12.8355947420921));
#2623=CARTESIAN_POINT('Ctrl Pts',(-157.986656110493,3.35381089095053,-12.854235910902));
#2624=CARTESIAN_POINT('Ctrl Pts',(-157.986656110129,3.35198562943165,-12.8553597945473));
#2625=CARTESIAN_POINT('Ctrl Pts',(-157.986656109669,3.35016025731393,-12.8564836752276));
#2626=CARTESIAN_POINT('Ctrl Pts',(-157.986656109088,3.34833470708568,-12.8576073795389));
#2627=CARTESIAN_POINT('Ctrl Pts',(-157.986656102383,3.3272791449151,-12.8705679793745));
#2628=CARTESIAN_POINT('Ctrl Pts',(-157.986656064122,3.30619745750933,-12.8835021471305));
#2629=CARTESIAN_POINT('Ctrl Pts',(-157.986656035833,3.28489753885907,-12.8960207173449));
#2630=CARTESIAN_POINT('Ctrl Pts',(-157.986656025893,3.27741351102108,-12.900419294143));
#2631=CARTESIAN_POINT('Ctrl Pts',(-157.986656019073,3.26990283526062,-12.9047668914543));
#2632=CARTESIAN_POINT('Ctrl Pts',(-157.986656019228,3.26235837241815,-12.9090477118257));
#2633=CARTESIAN_POINT('Ctrl Pts',(-157.986656019268,3.26042849544153,-12.9101427475954));
#2634=CARTESIAN_POINT('Ctrl Pts',(-157.986656019784,3.25849636628718,-12.9112333787703));
#2635=CARTESIAN_POINT('Ctrl Pts',(-157.986656020808,3.25656185885062,-12.9123193413652));
#2636=CARTESIAN_POINT('Ctrl Pts',(-157.986656020852,3.25647903688917,-12.9123658346226));
#2637=CARTESIAN_POINT('Ctrl Pts',(-157.986656020897,3.25639621042798,-12.912412319197));
#2638=CARTESIAN_POINT('Ctrl Pts',(-157.986656020943,3.25631337946169,-12.9124587950842));
#2639=CARTESIAN_POINT('Ctrl Pts',(-157.986656031344,3.23754481375929,-12.9229897086102));
#2640=CARTESIAN_POINT('Ctrl Pts',(-157.986656084926,3.21854776406669,-12.9330770503092));
#2641=CARTESIAN_POINT('Ctrl Pts',(-157.986656101553,3.19921967403659,-12.9424930764501));
#2642=CARTESIAN_POINT('Ctrl Pts',(-157.986656110562,3.188747137205,-12.9475949608273));
#2643=CARTESIAN_POINT('Ctrl Pts',(-157.98665611261,3.17817685686795,-12.9524992469107));
#2644=CARTESIAN_POINT('Ctrl Pts',(-157.986656113196,3.16748707708768,-12.9571659352741));
#2645=CARTESIAN_POINT('Ctrl Pts',(-157.986656113325,3.16513550705913,-12.958192527469));
#2646=CARTESIAN_POINT('Ctrl Pts',(-157.986656113407,3.16277832962323,-12.959207000537));
#2647=CARTESIAN_POINT('Ctrl Pts',(-157.986656113464,3.16041527827483,-12.9602087157771));
#2648=CARTESIAN_POINT('Ctrl Pts',(-157.986656113805,3.1464290897369,-12.9661375662941));
#2649=CARTESIAN_POINT('Ctrl Pts',(-157.986656113631,3.13223678352368,-12.9716193087749));
#2650=CARTESIAN_POINT('Ctrl Pts',(-157.986656113631,3.11784472761782,-12.9764213006303));
#2651=CARTESIAN_POINT('Ctrl Pts',(-157.986656113631,3.10219002218457,-12.9816445827299));
#2652=CARTESIAN_POINT('Ctrl Pts',(-157.986656113631,3.08629757260719,-12.9860651246449));
#2653=CARTESIAN_POINT('Ctrl Pts',(-157.986656113631,3.07016933286984,-12.9893997493693));
#2654=CARTESIAN_POINT('Ctrl Pts',(-157.986656113631,3.06622703682051,-12.9902148462485));
#2655=CARTESIAN_POINT('Ctrl Pts',(-157.986656113631,3.06227052223016,-12.9909650319418));
#2656=CARTESIAN_POINT('Ctrl Pts',(-157.986656113631,3.05830107743367,-12.9916458979385));
#2657=CARTESIAN_POINT('Ctrl Pts',(-157.986656113631,3.05233192467406,-12.9926697673589));
#2658=CARTESIAN_POINT('Ctrl Pts',(-157.986656113631,3.04633324386364,-12.9935369249285));
#2659=CARTESIAN_POINT('Ctrl Pts',(-157.986656113631,3.04031667973102,-12.9942463965955));
#2660=CARTESIAN_POINT('Ctrl Pts',(-157.986656113631,3.0271237652414,-12.9958021016172));
#2661=CARTESIAN_POINT('Ctrl Pts',(-157.986656113401,3.01384407588499,-12.9966212848498));
#2662=CARTESIAN_POINT('Ctrl Pts',(-157.98665611234,3.00057335745921,-12.996669460977));
#2663=CARTESIAN_POINT('Ctrl Pts',(-157.98665611181,2.99393799824632,-12.9966935490407));
#2664=CARTESIAN_POINT('Ctrl Pts',(-157.986656111294,2.9873049416567,-12.9965241015712));
#2665=CARTESIAN_POINT('Ctrl Pts',(-157.986656111264,2.98068648825612,-12.9961576172206));
#2666=CARTESIAN_POINT('Ctrl Pts',(-157.986656111234,2.97406803485554,-12.99579113287));
#2667=CARTESIAN_POINT('Ctrl Pts',(-157.986656111774,2.96746418464398,-12.9952276116383));
#2668=CARTESIAN_POINT('Ctrl Pts',(-157.986656112524,2.96088723818721,-12.9944635521772));
#2669=CARTESIAN_POINT('Ctrl Pts',(-157.986656112867,2.95788496628298,-12.9941147711329));
#2670=CARTESIAN_POINT('Ctrl Pts',(-157.98665611308,2.95488738588723,-12.9937263187792));
#2671=CARTESIAN_POINT('Ctrl Pts',(-157.986656113228,2.9518958468793,-12.9932979030545));
#2672=CARTESIAN_POINT('Ctrl Pts',(-157.986656113945,2.93741156090659,-12.9912236209357));
#2673=CARTESIAN_POINT('Ctrl Pts',(-157.986656113631,2.92306843004252,-12.9882116268775));
#2674=CARTESIAN_POINT('Ctrl Pts',(-157.986656113631,2.9088962732925,-12.984442115327));
#2675=CARTESIAN_POINT('Ctrl Pts',(-157.986656113631,2.900346658509,-12.9821680880038));
#2676=CARTESIAN_POINT('Ctrl Pts',(-157.986656113631,2.89186067496919,-12.9796181200812));
#2677=CARTESIAN_POINT('Ctrl Pts',(-157.986656113631,2.88344557797359,-12.9768368731306));
#2678=CARTESIAN_POINT('Ctrl Pts',(-157.986656113631,2.875030480978,-12.97405562618));
#2679=CARTESIAN_POINT('Ctrl Pts',(-157.986656113651,2.86668634381091,-12.9710431069131));
#2680=CARTESIAN_POINT('Ctrl Pts',(-157.986656113611,2.8584176736879,-12.9678487841122));
#2681=CARTESIAN_POINT('Ctrl Pts',(-157.986656113596,2.85543290351906,-12.9666957184724));
#2682=CARTESIAN_POINT('Ctrl Pts',(-157.986656113576,2.85245782193902,-12.9655179822404));
#2683=CARTESIAN_POINT('Ctrl Pts',(-157.986656113557,2.84949238325742,-12.9643175565032));
#2684=CARTESIAN_POINT('Ctrl Pts',(-157.986656113472,2.83602758923024,-12.9588669345104));
#2685=CARTESIAN_POINT('Ctrl Pts',(-157.986656113481,2.82276154608745,-12.9529488356284));
#2686=CARTESIAN_POINT('Ctrl Pts',(-157.98665611356,2.80964816383176,-12.9466767069647));
#2687=CARTESIAN_POINT('Ctrl Pts',(-157.986656113609,2.80164745020684,-12.9428499669003));
#2688=CARTESIAN_POINT('Ctrl Pts',(-157.986656113629,2.79370414530622,-12.9388923112864));
#2689=CARTESIAN_POINT('Ctrl Pts',(-157.98665611363,2.78580759539247,-12.9348331179715));
#2690=CARTESIAN_POINT('Ctrl Pts',(-157.986656113631,2.77791104547871,-12.9307739246565));
#2691=CARTESIAN_POINT('Ctrl Pts',(-157.986656113631,2.77006224358194,-12.9266111887276));
#2692=CARTESIAN_POINT('Ctrl Pts',(-157.986656113631,2.76225294915533,-12.9223700797894));
#2693=CARTESIAN_POINT('',(-157.986656113631,0.5,-12.9223685825193));
#2694=CARTESIAN_POINT('',(-157.986656113631,2.76225376172032,-12.9223685825193));
#2695=CARTESIAN_POINT('',(-157.986656113631,0.5,12.9223685825192));
#2696=CARTESIAN_POINT('',(-157.986656113631,0.5,-12.9223685825193));
#2697=CARTESIAN_POINT('',(-157.98665611363,2.76225153039359,12.9223693306039));
#2698=CARTESIAN_POINT('',(-157.986656113631,2.76225376172032,12.9223685825192));
#2699=CARTESIAN_POINT('',(-157.986656113631,4.33713715496616,12.5));
#2700=CARTESIAN_POINT('Ctrl Pts',(-157.986656113631,2.76225294915544,12.9223700797891));
#2701=CARTESIAN_POINT('Ctrl Pts',(-157.986656113631,2.7700622435821,12.9266111887273));
#2702=CARTESIAN_POINT('Ctrl Pts',(-157.986656113632,2.7779110410585,12.9307739272232));
#2703=CARTESIAN_POINT('Ctrl Pts',(-157.986656113629,2.78580744690192,12.934833407127));
#2704=CARTESIAN_POINT('Ctrl Pts',(-157.986656113625,2.79765205566705,12.9409226269828));
#2705=CARTESIAN_POINT('Ctrl Pts',(-157.986656113543,2.80960266262014,12.9467818573914));
#2706=CARTESIAN_POINT('Ctrl Pts',(-157.986656113493,2.8216935048584,12.9523151533298));
#2707=CARTESIAN_POINT('Ctrl Pts',(-157.986656113455,2.83087464603429,12.9565168433509));
#2708=CARTESIAN_POINT('Ctrl Pts',(-157.986656113515,2.84013576590136,12.9605292031672));
#2709=CARTESIAN_POINT('Ctrl Pts',(-157.986656113571,2.84949269552337,12.9643167859064));
#2710=CARTESIAN_POINT('Ctrl Pts',(-157.986656113589,2.85245810772432,12.9655171523215));
#2711=CARTESIAN_POINT('Ctrl Pts',(-157.986656113605,2.85543314925466,12.966694931575));
#2712=CARTESIAN_POINT('Ctrl Pts',(-157.986656113616,2.85841789080761,12.9678482223269));
#2713=CARTESIAN_POINT('Ctrl Pts',(-157.986656113646,2.86668633224204,12.97104311102));
#2714=CARTESIAN_POINT('Ctrl Pts',(-157.986656113631,2.875030480978,12.9740556261799));
#2715=CARTESIAN_POINT('Ctrl Pts',(-157.986656113631,2.88344557797359,12.9768368731305));
#2716=CARTESIAN_POINT('Ctrl Pts',(-157.986656113631,2.89449039278031,12.9804872597532));
#2717=CARTESIAN_POINT('Ctrl Pts',(-157.986656113631,2.90565741996079,12.9837391300517));
#2718=CARTESIAN_POINT('Ctrl Pts',(-157.986656113631,2.91692991741427,12.9864918513108));
#2719=CARTESIAN_POINT('Ctrl Pts',(-157.986656113631,2.9284826842244,12.9893130137844));
#2720=CARTESIAN_POINT('Ctrl Pts',(-157.986656113826,2.94014251982012,12.9916141912875));
#2721=CARTESIAN_POINT('Ctrl Pts',(-157.986656113234,2.95189586948306,12.9932977473235));
#2722=CARTESIAN_POINT('Ctrl Pts',(-157.986656113084,2.95488736662244,12.9937262509595));
#2723=CARTESIAN_POINT('Ctrl Pts',(-157.986656112867,2.95788493082223,12.9941147670132));
#2724=CARTESIAN_POINT('Ctrl Pts',(-157.986656112524,2.96088723818724,12.994463552177));
#2725=CARTESIAN_POINT('Ctrl Pts',(-157.986656112024,2.96527186915842,12.9949729251511));
#2726=CARTESIAN_POINT('Ctrl Pts',(-157.986656111587,2.96966845735396,12.9953931700232));
#2727=CARTESIAN_POINT('Ctrl Pts',(-157.986656111393,2.97407335816176,12.9957253242299));
#2728=CARTESIAN_POINT('Ctrl Pts',(-157.986656111223,2.97792764636859,12.9960159591608));
#2729=CARTESIAN_POINT('Ctrl Pts',(-157.986656111228,2.98178829891918,12.9962391496759));
#2730=CARTESIAN_POINT('Ctrl Pts',(-157.986656111367,2.9856528742082,12.9963955907767));
#2731=CARTESIAN_POINT('Ctrl Pts',(-157.986656111857,2.99917888771974,12.9969431346296));
#2732=CARTESIAN_POINT('Ctrl Pts',(-157.986656113413,3.01275272857254,12.9966729843404));
#2733=CARTESIAN_POINT('Ctrl Pts',(-157.986656113587,3.02627083242395,12.9956204874466));
#2734=CARTESIAN_POINT('Ctrl Pts',(-157.986656113674,3.03302988434966,12.9950942389997));
#2735=CARTESIAN_POINT('Ctrl Pts',(-157.986656113631,3.03977557734004,12.9943765121892));
#2736=CARTESIAN_POINT('Ctrl Pts',(-157.986656113631,3.04649392796611,12.9934616950322));
#2737=CARTESIAN_POINT('Ctrl Pts',(-157.986656113631,3.05044010339872,12.9929243564514));
#2738=CARTESIAN_POINT('Ctrl Pts',(-157.986656113631,3.05437677793014,12.9923190203093));
#2739=CARTESIAN_POINT('Ctrl Pts',(-157.986656113631,3.05830107743391,12.9916458979383));
#2740=CARTESIAN_POINT('Ctrl Pts',(-157.986656113631,3.07058978782296,12.9895380552863));
#2741=CARTESIAN_POINT('Ctrl Pts',(-157.986656113631,3.08274819766931,12.9867670997632));
#2742=CARTESIAN_POINT('Ctrl Pts',(-157.986656113631,3.09476918793236,12.9834581780001));
#2743=CARTESIAN_POINT('Ctrl Pts',(-157.986656113631,3.10678552777468,12.9801505363212));
#2744=CARTESIAN_POINT('Ctrl Pts',(-157.986656113631,3.11866681240717,12.9763048317222));
#2745=CARTESIAN_POINT('Ctrl Pts',(-157.986656113631,3.13041069250552,12.9720428406432));
#2746=CARTESIAN_POINT('Ctrl Pts',(-157.986656113631,3.14051311374684,12.9683765541309));
#2747=CARTESIAN_POINT('Ctrl Pts',(-157.986656113681,3.15051478287254,12.9644016227881));
#2748=CARTESIAN_POINT('Ctrl Pts',(-157.986656113582,3.16041295633093,12.9602032520081));
#2749=CARTESIAN_POINT('Ctrl Pts',(-157.986656113559,3.16277580016081,12.9592010373535));
#2750=CARTESIAN_POINT('Ctrl Pts',(-157.986656113522,3.16513275442079,12.958186095244));
#2751=CARTESIAN_POINT('Ctrl Pts',(-157.986656113451,3.16748408215741,12.9571591042729));
#2752=CARTESIAN_POINT('Ctrl Pts',(-157.986656112964,3.18375242776397,12.9500535681999));
#2753=CARTESIAN_POINT('Ctrl Pts',(-157.986656106378,3.19975248127393,12.9424090652442));
#2754=CARTESIAN_POINT('Ctrl Pts',(-157.986656081637,3.21554434134632,12.9343477276603));
#2755=CARTESIAN_POINT('Ctrl Pts',(-157.986656063082,3.2273882364006,12.9283017244725));
#2756=CARTESIAN_POINT('Ctrl Pts',(-157.98665603702,3.23911473495692,12.9220211281234));
#2757=CARTESIAN_POINT('Ctrl Pts',(-157.986656025318,3.25075107558984,12.9155629594248));
#2758=CARTESIAN_POINT('Ctrl Pts',(-157.986656023451,3.25260743452665,12.9145326802712));
#2759=CARTESIAN_POINT('Ctrl Pts',(-157.986656021966,3.25446149837169,12.913497878265));
#2760=CARTESIAN_POINT('Ctrl Pts',(-157.986656020943,3.25631337921891,12.9124587946515));
#2761=CARTESIAN_POINT('Ctrl Pts',(-157.986656020764,3.25663804905674,12.9122766235853));
#2762=CARTESIAN_POINT('Ctrl Pts',(-157.986656020599,3.25696265179331,12.9120943209125));
#2763=CARTESIAN_POINT('Ctrl Pts',(-157.986656020448,3.25728718790368,12.911911887068));
#2764=CARTESIAN_POINT('Ctrl Pts',(-157.986656019501,3.25932686370768,12.9107653092707));
#2765=CARTESIAN_POINT('Ctrl Pts',(-157.986656019116,3.26136391152638,12.9096135750112));
#2766=CARTESIAN_POINT('Ctrl Pts',(-157.986656019253,3.26339847930528,12.9084569939962));
#2767=CARTESIAN_POINT('Ctrl Pts',(-157.986656020695,3.28487084581527,12.8962507004976));
#2768=CARTESIAN_POINT('Ctrl Pts',(-157.986656075058,3.30606872728579,12.8835060430017));
#2769=CARTESIAN_POINT('Ctrl Pts',(-157.986656095814,3.32717216749332,12.8706006342119));
#2770=CARTESIAN_POINT('Ctrl Pts',(-157.986656102759,3.33423399230395,12.8662821091237));
#2771=CARTESIAN_POINT('Ctrl Pts',(-157.986656106917,3.34128557867349,12.8619458925783));
#2772=CARTESIAN_POINT('Ctrl Pts',(-157.986656109141,3.34833450206153,12.8576070453703));
#2773=CARTESIAN_POINT('Ctrl Pts',(-157.986656109717,3.35016006022348,12.856483353496));
#2774=CARTESIAN_POINT('Ctrl Pts',(-157.986656110172,3.35198544124122,12.8553594874578));
#2775=CARTESIAN_POINT('Ctrl Pts',(-157.986656110531,3.35381071266063,12.8542356208604));
#2776=CARTESIAN_POINT('Ctrl Pts',(-157.986656116484,3.38408537607093,12.8355947312954));
#2777=CARTESIAN_POINT('Ctrl Pts',(-157.986656113631,3.41427135640417,12.816861485003));
#2778=CARTESIAN_POINT('Ctrl Pts',(-157.986656113631,3.44454534792928,12.7983433020483));
#2779=CARTESIAN_POINT('Ctrl Pts',(-157.986656113631,3.47335560489366,12.7807204653307));
#2780=CARTESIAN_POINT('Ctrl Pts',(-157.986656113816,3.50224515293122,12.7632894957391));
#2781=CARTESIAN_POINT('Ctrl Pts',(-157.986656113454,3.53139493586504,12.7463634310004));
#2782=CARTESIAN_POINT('Ctrl Pts',(-157.986656113435,3.53287592038979,12.7455034849761));
#2783=CARTESIAN_POINT('Ctrl Pts',(-157.986656113415,3.53435757688329,12.7446448436172));
#2784=CARTESIAN_POINT('Ctrl Pts',(-157.986656113391,3.53583992089643,12.7437875248215));
#2785=CARTESIAN_POINT('Ctrl Pts',(-157.986656112899,3.56649880625379,12.7260558522553));
#2786=CARTESIAN_POINT('Ctrl Pts',(-157.98665611246,3.59743498879672,12.7088660032275));
#2787=CARTESIAN_POINT('Ctrl Pts',(-157.986656112797,3.62875021589041,12.6923785587879));
#2788=CARTESIAN_POINT('Ctrl Pts',(-157.986656113122,3.65893253286007,12.67648759071));
#2789=CARTESIAN_POINT('Ctrl Pts',(-157.986656113568,3.68946669590264,12.6612487077202));
#2790=CARTESIAN_POINT('Ctrl Pts',(-157.986656113602,3.72045217038388,12.64681976667));
#2791=CARTESIAN_POINT('Ctrl Pts',(-157.986656113604,3.72161522747367,12.6462781683092));
#2792=CARTESIAN_POINT('Ctrl Pts',(-157.986656113605,3.72277892012021,12.6457377116422));
#2793=CARTESIAN_POINT('Ctrl Pts',(-157.986656113606,3.7239432424564,12.6451984055427));
#2794=CARTESIAN_POINT('Ctrl Pts',(-157.986656113653,3.78753307040946,12.6157440345206));
#2795=CARTESIAN_POINT('Ctrl Pts',(-157.986656113652,3.85300899876249,12.5896642914897));
#2796=CARTESIAN_POINT('Ctrl Pts',(-157.98665611361,3.91939126723268,12.5682122258831));
#2797=CARTESIAN_POINT('Ctrl Pts',(-157.986656113609,3.92020257742041,12.5679500432283));
#2798=CARTESIAN_POINT('Ctrl Pts',(-157.986656113609,3.92101402295235,12.5676885518191));
#2799=CARTESIAN_POINT('Ctrl Pts',(-157.986656113608,3.9218256040484,12.5674277528164));
#2800=CARTESIAN_POINT('Ctrl Pts',(-157.986656113531,4.03514747251206,12.5310121309926));
#2801=CARTESIAN_POINT('Ctrl Pts',(-157.986656113623,4.15105528451501,12.5080788339873));
#2802=CARTESIAN_POINT('Ctrl Pts',(-157.98665611363,4.27020690897936,12.5017724459831));
#2803=CARTESIAN_POINT('Ctrl Pts',(-157.986656113631,4.29240306768387,12.5005976605816));
#2804=CARTESIAN_POINT('Ctrl Pts',(-157.986656113631,4.31471175500116,12.5000000052183));
#2805=CARTESIAN_POINT('Ctrl Pts',(-157.986656113631,4.33713715496616,12.5));
#2806=CARTESIAN_POINT('',(-157.986656113631,37.5,12.5));
#2807=CARTESIAN_POINT('',(-157.986656113631,37.5,12.5));
#2808=CARTESIAN_POINT('',(-157.986656113631,37.5,-12.5));
#2809=CARTESIAN_POINT('',(-157.986656113631,37.5,-12.5));
#2810=CARTESIAN_POINT('',(-157.986656113631,37.5,-12.5));
#2811=CARTESIAN_POINT('',(-157.986656113631,6.,-2.99999999999999));
#2812=CARTESIAN_POINT('',(-157.986656113631,6.,3.00000000000001));
#2813=CARTESIAN_POINT('',(-157.986656113631,6.,-2.99999999999999));
#2814=CARTESIAN_POINT('',(-157.986656113631,11.,-7.99999999999999));
#2815=CARTESIAN_POINT('Origin',(-157.986656113631,11.,-2.99999999999999));
#2816=CARTESIAN_POINT('',(-157.986656113631,27.,-8.));
#2817=CARTESIAN_POINT('',(-157.986656113631,27.,-8.));
#2818=CARTESIAN_POINT('',(-157.986656113631,32.,-3.));
#2819=CARTESIAN_POINT('Origin',(-157.986656113631,27.,-3.));
#2820=CARTESIAN_POINT('',(-157.986656113631,32.,3.));
#2821=CARTESIAN_POINT('',(-157.986656113631,32.,3.));
#2822=CARTESIAN_POINT('',(-157.986656113631,27.,8.));
#2823=CARTESIAN_POINT('Origin',(-157.986656113631,27.,3.));
#2824=CARTESIAN_POINT('',(-157.986656113631,11.,8.00000000000001));
#2825=CARTESIAN_POINT('',(-157.986656113631,11.,8.00000000000001));
#2826=CARTESIAN_POINT('Origin',(-157.986656113631,11.,3.00000000000001));
#2827=CARTESIAN_POINT('Origin',(-169.236656113631,38.,13.));
#2828=CARTESIAN_POINT('',(-156.768870930735,4.5,13.));
#2829=CARTESIAN_POINT('',(-150.486656113631,4.5,13.));
#2830=CARTESIAN_POINT('',(-156.768870930735,4.5,13.));
#2831=CARTESIAN_POINT('',(-150.486656113631,37.5,13.));
#2832=CARTESIAN_POINT('',(-150.486656113631,37.5,13.));
#2833=CARTESIAN_POINT('',(-157.486656113631,37.5,13.));
#2834=CARTESIAN_POINT('',(-157.486656113631,37.5,13.));
#2835=CARTESIAN_POINT('',(-157.486656113631,4.33713715496637,13.0000000010695));
#2836=CARTESIAN_POINT('',(-157.486656113631,37.5,13.));
#2837=CARTESIAN_POINT('Ctrl Pts',(-157.486656113631,4.33713715496669,13.0000000042778));
#2838=CARTESIAN_POINT('Ctrl Pts',(-157.464559132899,4.34778224987708,13.0000000025962));
#2839=CARTESIAN_POINT('Ctrl Pts',(-157.442177661593,4.35793437334407,13.0000000017106));
#2840=CARTESIAN_POINT('Ctrl Pts',(-157.419525549171,4.3675883392712,13.0000000011465));
#2841=CARTESIAN_POINT('Ctrl Pts',(-157.36244200483,4.39191642761036,12.9999999997249));
#2842=CARTESIAN_POINT('Ctrl Pts',(-157.303638582861,4.41307750898336,13.0000000000141));
#2843=CARTESIAN_POINT('Ctrl Pts',(-157.243944239265,4.43086826510131,13.0000000000032));
#2844=CARTESIAN_POINT('Ctrl Pts',(-157.20835225549,4.44147577437184,12.9999999999968));
#2845=CARTESIAN_POINT('Ctrl Pts',(-157.172443969596,4.45088606784846,13.));
#2846=CARTESIAN_POINT('Ctrl Pts',(-157.136395950963,4.45906485757086,13.));
#2847=CARTESIAN_POINT('Ctrl Pts',(-157.124424930731,4.46178091412425,13.));
#2848=CARTESIAN_POINT('Ctrl Pts',(-157.112431434858,4.46436282208935,13.));
#2849=CARTESIAN_POINT('Ctrl Pts',(-157.100421225229,4.46680905836121,13.));
#2850=CARTESIAN_POINT('Ctrl Pts',(-157.017506971255,4.48369701134489,13.));
#2851=CARTESIAN_POINT('Ctrl Pts',(-156.93379588598,4.49411453059342,13.));
#2852=CARTESIAN_POINT('Ctrl Pts',(-156.848944100113,4.4981197492135,13.));
#2853=CARTESIAN_POINT('Ctrl Pts',(-156.822368380109,4.49937419032532,13.));
#2854=CARTESIAN_POINT('Ctrl Pts',(-156.795680798428,4.49999999844695,13.));
#2855=CARTESIAN_POINT('Ctrl Pts',(-156.768870930735,4.5,13.));
#2856=CARTESIAN_POINT('Origin',(-149.986656113631,38.,0.));
#2857=CARTESIAN_POINT('',(-149.986656113631,4.5,12.5));
#2858=CARTESIAN_POINT('',(-149.986656113631,4.5,-12.5));
#2859=CARTESIAN_POINT('',(-149.986656113631,4.5,12.5));
#2860=CARTESIAN_POINT('',(-149.986656113631,37.5,-12.5));
#2861=CARTESIAN_POINT('',(-149.986656113631,37.5,-12.5));
#2862=CARTESIAN_POINT('',(-149.986656113631,37.5,12.5));
#2863=CARTESIAN_POINT('',(-149.986656113631,37.5,12.5));
#2864=CARTESIAN_POINT('',(-149.986656113631,37.5,12.5));
#2865=CARTESIAN_POINT('',(-149.986656113631,32.,-3.));
#2866=CARTESIAN_POINT('',(-149.986656113631,32.,3.));
#2867=CARTESIAN_POINT('',(-149.986656113631,32.,-3.));
#2868=CARTESIAN_POINT('',(-149.986656113631,27.,-8.));
#2869=CARTESIAN_POINT('Origin',(-149.986656113631,27.,-3.));
#2870=CARTESIAN_POINT('',(-149.986656113631,11.,-7.99999999999999));
#2871=CARTESIAN_POINT('',(-149.986656113631,11.,-7.99999999999999));
#2872=CARTESIAN_POINT('',(-149.986656113631,6.,-2.99999999999999));
#2873=CARTESIAN_POINT('Origin',(-149.986656113631,11.,-2.99999999999999));
#2874=CARTESIAN_POINT('',(-149.986656113631,6.,3.00000000000001));
#2875=CARTESIAN_POINT('',(-149.986656113631,6.,3.00000000000001));
#2876=CARTESIAN_POINT('',(-149.986656113631,11.,8.00000000000001));
#2877=CARTESIAN_POINT('Origin',(-149.986656113631,11.,3.00000000000001));
#2878=CARTESIAN_POINT('',(-149.986656113631,27.,8.));
#2879=CARTESIAN_POINT('',(-149.986656113631,27.,8.));
#2880=CARTESIAN_POINT('Origin',(-149.986656113631,27.,3.));
#2881=CARTESIAN_POINT('Origin',(-169.236656113631,38.,-13.));
#2882=CARTESIAN_POINT('',(-156.768870930735,4.5,-13.));
#2883=CARTESIAN_POINT('',(-157.486656113631,4.33713715496643,-13.0000000010695));
#2884=CARTESIAN_POINT('Ctrl Pts',(-156.768870930735,4.5,-13.));
#2885=CARTESIAN_POINT('Ctrl Pts',(-156.854470310634,4.49999999504125,-13.));
#2886=CARTESIAN_POINT('Ctrl Pts',(-156.938822505361,4.49361654658746,-13.));
#2887=CARTESIAN_POINT('Ctrl Pts',(-157.022269566847,4.48077529512929,-13.));
#2888=CARTESIAN_POINT('Ctrl Pts',(-157.048405324839,4.47675339388485,-13.));
#2889=CARTESIAN_POINT('Ctrl Pts',(-157.07445234343,4.47209839323249,-13.));
#2890=CARTESIAN_POINT('Ctrl Pts',(-157.100421225228,4.46680905836154,-13.));
#2891=CARTESIAN_POINT('Ctrl Pts',(-157.112431434857,4.46436282208959,-13.));
#2892=CARTESIAN_POINT('Ctrl Pts',(-157.12442493073,4.46178091412438,-13.));
#2893=CARTESIAN_POINT('Ctrl Pts',(-157.136395950963,4.45906485757087,-13.));
#2894=CARTESIAN_POINT('Ctrl Pts',(-157.196855149414,4.4453475136041,-13.));
#2895=CARTESIAN_POINT('Ctrl Pts',(-157.256921340458,4.42816315056702,-12.99999999993));
#2896=CARTESIAN_POINT('Ctrl Pts',(-157.315761241528,4.40768429770391,-13.0000000000709));
#2897=CARTESIAN_POINT('Ctrl Pts',(-157.350843774945,4.39547404536079,-13.000000000155));
#2898=CARTESIAN_POINT('Ctrl Pts',(-157.385490220836,4.38209364870747,-13.0000000002989));
#2899=CARTESIAN_POINT('Ctrl Pts',(-157.419525549168,4.36758833927251,-13.0000000011465));
#2900=CARTESIAN_POINT('Ctrl Pts',(-157.442177661591,4.35793437334501,-13.0000000017106));
#2901=CARTESIAN_POINT('Ctrl Pts',(-157.464559132898,4.34778224987761,-13.0000000025961));
#2902=CARTESIAN_POINT('Ctrl Pts',(-157.486656113631,4.33713715496675,-13.0000000042778));
#2903=CARTESIAN_POINT('',(-157.486656113631,37.5,-13.));
#2904=CARTESIAN_POINT('',(-157.486656113631,37.5,-13.));
#2905=CARTESIAN_POINT('',(-150.486656113631,37.5,-13.));
#2906=CARTESIAN_POINT('',(-150.486656113631,37.5,-13.));
#2907=CARTESIAN_POINT('',(-150.486656113631,4.5,-13.));
#2908=CARTESIAN_POINT('',(-150.486656113631,37.5,-13.));
#2909=CARTESIAN_POINT('',(-150.486656113631,4.5,-13.));
#2910=CARTESIAN_POINT('Origin',(0.,38.,0.));
#2911=CARTESIAN_POINT('',(-157.486656113631,38.,-12.5));
#2912=CARTESIAN_POINT('',(-157.486656113631,38.,12.5));
#2913=CARTESIAN_POINT('',(-157.486656113631,38.,-12.5));
#2914=CARTESIAN_POINT('',(-150.486656113631,38.,12.5));
#2915=CARTESIAN_POINT('',(-157.486656113631,38.,12.5));
#2916=CARTESIAN_POINT('',(-150.486656113631,38.,-12.5));
#2917=CARTESIAN_POINT('',(-150.486656113631,38.,12.5));
#2918=CARTESIAN_POINT('',(-150.486656113631,38.,-12.5));
#2919=CARTESIAN_POINT('',(-155.48665611363,38.,-6.29999999999997));
#2920=CARTESIAN_POINT('Origin',(-155.48665611363,38.,-5.));
#2921=CARTESIAN_POINT('',(-155.486656113631,38.,3.70000000000002));
#2922=CARTESIAN_POINT('Origin',(-155.486656113631,38.,5.));
#2923=CARTESIAN_POINT('Origin',(0.,4.,0.));
#2924=CARTESIAN_POINT('',(-138.323590810801,3.99999999999999,-31.3106023179065));
#2925=CARTESIAN_POINT('',(-156.768874103508,3.999999999999,-13.5000005095068));
#2926=CARTESIAN_POINT('Ctrl Pts',(-138.323590810768,3.99999999999998,-31.3106023177992));
#2927=CARTESIAN_POINT('Ctrl Pts',(-138.366711510122,3.99999999999999,-31.2975241738994));
#2928=CARTESIAN_POINT('Ctrl Pts',(-138.409802822701,3.99999999999893,-31.2843656220356));
#2929=CARTESIAN_POINT('Ctrl Pts',(-138.452864597314,3.99999999999626,-31.2711267774051));
#2930=CARTESIAN_POINT('Ctrl Pts',(-138.733217444978,3.99999999997886,-31.1849355364432));
#2931=CARTESIAN_POINT('Ctrl Pts',(-139.012318229536,3.99999999987349,-31.0953406576667));
#2932=CARTESIAN_POINT('Ctrl Pts',(-139.290120104404,3.99999999964181,-31.0021994576398));
#2933=CARTESIAN_POINT('Ctrl Pts',(-139.568242637382,3.99999999940986,-30.9089507476072));
#2934=CARTESIAN_POINT('Ctrl Pts',(-139.845063178833,3.99999999905546,-30.8121475448472));
#2935=CARTESIAN_POINT('Ctrl Pts',(-140.120423062602,3.99999999881311,-30.7117148042406));
#2936=CARTESIAN_POINT('Ctrl Pts',(-140.396157354883,3.99999999857042,-30.6111455046242));
#2937=CARTESIAN_POINT('Ctrl Pts',(-140.670427310214,3.99999999848034,-30.5069366096978));
#2938=CARTESIAN_POINT('Ctrl Pts',(-140.943489544898,3.99999999871956,-30.3987967491625));
#2939=CARTESIAN_POINT('Ctrl Pts',(-141.122904662442,3.99999999887674,-30.327743621616));
#2940=CARTESIAN_POINT('Ctrl Pts',(-141.301798209038,3.99999999917731,-30.254993634977));
#2941=CARTESIAN_POINT('Ctrl Pts',(-141.479968926675,3.99999999948152,-30.1805955038415));
#2942=CARTESIAN_POINT('Ctrl Pts',(-141.844927045162,4.00000000010466,-30.028201202924));
#2943=CARTESIAN_POINT('Ctrl Pts',(-142.207426128697,3.99999999998912,-29.8686789166203));
#2944=CARTESIAN_POINT('Ctrl Pts',(-142.565651085968,3.99999999998356,-29.7024290592926));
#2945=CARTESIAN_POINT('Ctrl Pts',(-142.713991799485,3.99999999998126,-29.6335851053538));
#2946=CARTESIAN_POINT('Ctrl Pts',(-142.86159966845,3.99999999997288,-29.5635877816863));
#2947=CARTESIAN_POINT('Ctrl Pts',(-143.008448850512,3.99999999993455,-29.4924355641586));
#2948=CARTESIAN_POINT('Ctrl Pts',(-143.360479929075,3.99999999984266,-29.3218674239308));
#2949=CARTESIAN_POINT('Ctrl Pts',(-143.707879609462,3.9999999997839,-29.1447828879903));
#2950=CARTESIAN_POINT('Ctrl Pts',(-144.050726845606,3.99999999982623,-28.9609728927671));
#2951=CARTESIAN_POINT('Ctrl Pts',(-144.079080394438,3.99999999982973,-28.9457717619839));
#2952=CARTESIAN_POINT('Ctrl Pts',(-144.107402791794,3.99999999983365,-28.9305246085378));
#2953=CARTESIAN_POINT('Ctrl Pts',(-144.135694073641,3.99999999983792,-28.9152313005862));
#2954=CARTESIAN_POINT('Ctrl Pts',(-144.252625713569,3.99999999985555,-28.8520220197768));
#2955=CARTESIAN_POINT('Ctrl Pts',(-144.369025845836,3.99999999987909,-28.7880243397301));
#2956=CARTESIAN_POINT('Ctrl Pts',(-144.484901292864,3.99999999990249,-28.7232249995254));
#2957=CARTESIAN_POINT('Ctrl Pts',(-145.045540420927,4.0000000000157,-28.4097069374723));
#2958=CARTESIAN_POINT('Ctrl Pts',(-145.593835339348,3.99999999999717,-28.0774641094601));
#2959=CARTESIAN_POINT('Ctrl Pts',(-146.129120558065,3.99999999999831,-27.7257792671888));
#2960=CARTESIAN_POINT('Ctrl Pts',(-146.454295673611,3.999999999999,-27.5121377257781));
#2961=CARTESIAN_POINT('Ctrl Pts',(-146.774670317774,3.99999999999854,-27.2913222496363));
#2962=CARTESIAN_POINT('Ctrl Pts',(-147.090100510318,3.99999999999431,-27.0631799548476));
#2963=CARTESIAN_POINT('Ctrl Pts',(-147.149944378783,3.99999999999351,-27.0198964715179));
#2964=CARTESIAN_POINT('Ctrl Pts',(-147.209610287468,3.99999999999256,-26.97634928319));
#2965=CARTESIAN_POINT('Ctrl Pts',(-147.26909752961,3.9999999999914,-26.9325369246873));
#2966=CARTESIAN_POINT('Ctrl Pts',(-147.677804191163,3.9999999999835,-26.631524436399));
#2967=CARTESIAN_POINT('Ctrl Pts',(-148.078057917627,3.99999999998083,-26.3180099651431));
#2968=CARTESIAN_POINT('Ctrl Pts',(-148.469809799716,3.9999999999914,-25.9913710672741));
#2969=CARTESIAN_POINT('Ctrl Pts',(-148.504207932074,3.99999999999233,-25.962690240057));
#2970=CARTESIAN_POINT('Ctrl Pts',(-148.538540504015,3.99999999999329,-25.9339082070921));
#2971=CARTESIAN_POINT('Ctrl Pts',(-148.572807004556,3.99999999999422,-25.905024950987));
#2972=CARTESIAN_POINT('Ctrl Pts',(-148.93544065985,4.0000000000041,-25.5993608016676));
#2973=CARTESIAN_POINT('Ctrl Pts',(-149.290715604174,4.00000000000203,-25.2823271525426));
#2974=CARTESIAN_POINT('Ctrl Pts',(-149.637777457029,3.99999999999783,-24.9541351219574));
#2975=CARTESIAN_POINT('Ctrl Pts',(-149.685745407045,3.99999999999725,-24.908775198966));
#2976=CARTESIAN_POINT('Ctrl Pts',(-149.733556514123,3.99999999999646,-24.8632021903696));
#2977=CARTESIAN_POINT('Ctrl Pts',(-149.78120856928,3.99999999999532,-24.8174167174788));
#2978=CARTESIAN_POINT('Ctrl Pts',(-149.79239464811,3.99999999999505,-24.806668809391));
#2979=CARTESIAN_POINT('Ctrl Pts',(-149.803571962405,3.99999999999477,-24.7959091934876));
#2980=CARTESIAN_POINT('Ctrl Pts',(-149.814740320216,3.99999999999446,-24.7851380678117));
#2981=CARTESIAN_POINT('Ctrl Pts',(-150.015761195651,3.99999999998893,-24.5912670306047));
#2982=CARTESIAN_POINT('Ctrl Pts',(-150.21393141672,3.99999999999902,-24.3936095450208));
#2983=CARTESIAN_POINT('Ctrl Pts',(-150.408149558397,3.99999999999967,-24.1933053115121));
#2984=CARTESIAN_POINT('Ctrl Pts',(-150.408600387115,3.99999999999968,-24.1928403554582));
#2985=CARTESIAN_POINT('Ctrl Pts',(-150.409051194539,3.99999999999968,-24.1923753851438));
#2986=CARTESIAN_POINT('Ctrl Pts',(-150.409501980674,3.99999999999968,-24.1919104005669));
#2987=CARTESIAN_POINT('Ctrl Pts',(-150.604152563521,4.00000000000033,-23.9911288947147));
#2988=CARTESIAN_POINT('Ctrl Pts',(-150.794829335553,4.00000000000024,-23.7876901966347));
#2989=CARTESIAN_POINT('Ctrl Pts',(-150.981854224006,3.99999999999977,-23.5813886691386));
#2990=CARTESIAN_POINT('Ctrl Pts',(-150.991345425477,3.99999999999974,-23.5709192103553));
#2991=CARTESIAN_POINT('Ctrl Pts',(-151.000827189646,3.99999999999972,-23.5604424140376));
#2992=CARTESIAN_POINT('Ctrl Pts',(-151.010299557579,3.99999999999969,-23.5499582543188));
#2993=CARTESIAN_POINT('Ctrl Pts',(-151.374134733811,3.9999999999985,-23.1472599928124));
#2994=CARTESIAN_POINT('Ctrl Pts',(-151.724108088964,3.99999999998352,-22.7336985693239));
#2995=CARTESIAN_POINT('Ctrl Pts',(-152.060449243891,3.99999999999442,-22.3097449709231));
#2996=CARTESIAN_POINT('Ctrl Pts',(-152.087510253555,3.99999999999529,-22.2756349244563));
#2997=CARTESIAN_POINT('Ctrl Pts',(-152.114483197196,3.999999999996,-22.2414574821313));
#2998=CARTESIAN_POINT('Ctrl Pts',(-152.141368117892,3.99999999999657,-22.2072129889871));
#2999=CARTESIAN_POINT('Ctrl Pts',(-152.457335330473,4.00000000000333,-21.804751803873));
#3000=CARTESIAN_POINT('Ctrl Pts',(-152.761141897695,4.00000000001654,-21.3930273736357));
#3001=CARTESIAN_POINT('Ctrl Pts',(-153.053125735775,3.99999999998039,-20.9723391564839));
#3002=CARTESIAN_POINT('Ctrl Pts',(-153.094787050258,3.99999999997523,-20.9123138337498));
#3003=CARTESIAN_POINT('Ctrl Pts',(-153.136206974214,3.99999999996965,-20.8521067943399));
#3004=CARTESIAN_POINT('Ctrl Pts',(-153.177387869057,3.99999999996432,-20.791716989228));
#3005=CARTESIAN_POINT('Ctrl Pts',(-153.400775431349,3.99999999993542,-20.4641298544008));
#3006=CARTESIAN_POINT('Ctrl Pts',(-153.617132786867,3.99999999992825,-20.1311672621191));
#3007=CARTESIAN_POINT('Ctrl Pts',(-153.826666648845,3.99999999995725,-19.7927961980089));
#3008=CARTESIAN_POINT('Ctrl Pts',(-153.872258364404,3.99999999996356,-19.7191712613874));
#3009=CARTESIAN_POINT('Ctrl Pts',(-153.917526871938,3.99999999997083,-19.6452901501466));
#3010=CARTESIAN_POINT('Ctrl Pts',(-153.962474038674,3.99999999997774,-19.571152333238));
#3011=CARTESIAN_POINT('Ctrl Pts',(-154.01589607568,3.99999999998595,-19.4830356957273));
#3012=CARTESIAN_POINT('Ctrl Pts',(-154.068857275553,3.99999999998557,-19.3945705777553));
#3013=CARTESIAN_POINT('Ctrl Pts',(-154.121355627558,3.99999999998053,-19.3057648646107));
#3014=CARTESIAN_POINT('Ctrl Pts',(-154.330478351136,3.99999999996046,-18.9520148535612));
#3015=CARTESIAN_POINT('Ctrl Pts',(-154.532253209883,3.99999999967777,-18.5928583846913));
#3016=CARTESIAN_POINT('Ctrl Pts',(-154.726030424248,3.99999999957294,-18.230241294402));
#3017=CARTESIAN_POINT('Ctrl Pts',(-154.747316106632,3.99999999956143,-18.1904092004362));
#3018=CARTESIAN_POINT('Ctrl Pts',(-154.768505334929,3.99999999955415,-18.1505353715706));
#3019=CARTESIAN_POINT('Ctrl Pts',(-154.789597283455,3.99999999955247,-18.1106224002096));
#3020=CARTESIAN_POINT('Ctrl Pts',(-154.851619273957,3.99999999954753,-17.9932561963472));
#3021=CARTESIAN_POINT('Ctrl Pts',(-154.91282179606,3.99999999959746,-17.8755101946557));
#3022=CARTESIAN_POINT('Ctrl Pts',(-154.973190682086,3.9999999996625,-17.7574369590358));
#3023=CARTESIAN_POINT('Ctrl Pts',(-155.167165722895,3.99999999987149,-17.3780484659656));
#3024=CARTESIAN_POINT('Ctrl Pts',(-155.352535247859,4.00000000000142,-16.995282606249));
#3025=CARTESIAN_POINT('Ctrl Pts',(-155.530006134916,3.9999999999973,-16.6088892256347));
#3026=CARTESIAN_POINT('Ctrl Pts',(-155.597460045053,3.99999999999573,-16.4620271413477));
#3027=CARTESIAN_POINT('Ctrl Pts',(-155.663755218865,3.99999999999415,-16.3146716327215));
#3028=CARTESIAN_POINT('Ctrl Pts',(-155.728926593846,3.99999999999326,-16.1668163904681));
#3029=CARTESIAN_POINT('Ctrl Pts',(-156.113413286703,3.99999999998802,-15.2945258621055));
#3030=CARTESIAN_POINT('Ctrl Pts',(-156.458783017346,4.,-14.4048409145624));
#3031=CARTESIAN_POINT('Ctrl Pts',(-156.768876918789,4.,-13.5000020522519));
#3032=CARTESIAN_POINT('',(-149.486656113631,4.,-13.5));
#3033=CARTESIAN_POINT('',(-149.486656113631,4.,-13.5));
#3034=CARTESIAN_POINT('',(-149.486656113631,4.,13.5));
#3035=CARTESIAN_POINT('',(-149.486656113631,4.,13.5));
#3036=CARTESIAN_POINT('',(-156.768886556659,4.,13.5));
#3037=CARTESIAN_POINT('',(-156.768870930735,4.,13.5));
#3038=CARTESIAN_POINT('',(-138.323590869939,3.9999999999999,31.3106028238222));
#3039=CARTESIAN_POINT('Ctrl Pts',(-156.768900392628,4.00000000000004,13.5000100972768));
#3040=CARTESIAN_POINT('Ctrl Pts',(-156.587649664489,4.00000000000004,14.0289999209875));
#3041=CARTESIAN_POINT('Ctrl Pts',(-156.394265078785,4.00000000000003,14.5530933487918));
#3042=CARTESIAN_POINT('Ctrl Pts',(-156.187719161931,4.00000000000002,15.0721388675252));
#3043=CARTESIAN_POINT('Ctrl Pts',(-156.041776218486,4.00000000000001,15.4388903963869));
#3044=CARTESIAN_POINT('Ctrl Pts',(-155.889334693464,3.99999999997418,15.8029875491173));
#3045=CARTESIAN_POINT('Ctrl Pts',(-155.730023913153,3.99999999945783,16.164399295428));
#3046=CARTESIAN_POINT('Ctrl Pts',(-155.663869930269,3.99999999924341,16.3144759345166));
#3047=CARTESIAN_POINT('Ctrl Pts',(-155.596531512536,3.99999999896729,16.4640894413138));
#3048=CARTESIAN_POINT('Ctrl Pts',(-155.528038411073,3.99999999873474,16.6131263856196));
#3049=CARTESIAN_POINT('Ctrl Pts',(-155.350734493899,3.99999999813277,16.9989292396991));
#3050=CARTESIAN_POINT('Ctrl Pts',(-155.165433918103,3.99999999978997,17.3813469264901));
#3051=CARTESIAN_POINT('Ctrl Pts',(-154.972659106283,3.99999999995579,17.7584403194626));
#3052=CARTESIAN_POINT('Ctrl Pts',(-154.911628160103,4.0000000000083,17.877825037591));
#3053=CARTESIAN_POINT('Ctrl Pts',(-154.849847998591,4.,17.9966760828032));
#3054=CARTESIAN_POINT('Ctrl Pts',(-154.787311509014,4.,18.1149957405738));
#3055=CARTESIAN_POINT('Ctrl Pts',(-154.576047025309,4.00000000000001,18.5147102365469));
#3056=CARTESIAN_POINT('Ctrl Pts',(-154.356334357604,3.99999999996586,18.9079447914814));
#3057=CARTESIAN_POINT('Ctrl Pts',(-154.127769326111,3.99999999995788,19.2949169298963));
#3058=CARTESIAN_POINT('Ctrl Pts',(-154.074970595959,3.99999999995604,19.3843078458147));
#3059=CARTESIAN_POINT('Ctrl Pts',(-154.0216993517,3.99999999995816,19.4733644720619));
#3060=CARTESIAN_POINT('Ctrl Pts',(-153.967950494722,3.99999999996477,19.5620865590086));
#3061=CARTESIAN_POINT('Ctrl Pts',(-153.534223809757,4.00000000001813,20.2780299077194));
#3062=CARTESIAN_POINT('Ctrl Pts',(-153.069375106677,4.00000000000015,20.9722985363905));
#3063=CARTESIAN_POINT('Ctrl Pts',(-152.571618666348,3.99999999999925,21.6434074315684));
#3064=CARTESIAN_POINT('Ctrl Pts',(-152.43875384663,3.99999999999901,21.822544766908));
#3065=CARTESIAN_POINT('Ctrl Pts',(-152.303544578541,3.99999999999852,22.000032125609));
#3066=CARTESIAN_POINT('Ctrl Pts',(-152.165957431509,3.99999999999745,22.1758416254199));
#3067=CARTESIAN_POINT('Ctrl Pts',(-152.138203464935,3.99999999999724,22.2113057736801));
#3068=CARTESIAN_POINT('Ctrl Pts',(-152.110352741744,3.999999999997,22.2467016493313));
#3069=CARTESIAN_POINT('Ctrl Pts',(-152.082405059392,3.99999999999673,22.2820289377733));
#3070=CARTESIAN_POINT('Ctrl Pts',(-151.749411366383,3.99999999999355,22.7029498604549));
#3071=CARTESIAN_POINT('Ctrl Pts',(-151.402639321516,3.99999999999918,23.1141450011678));
#3072=CARTESIAN_POINT('Ctrl Pts',(-151.041715501063,3.99999999999982,23.5151222602934));
#3073=CARTESIAN_POINT('Ctrl Pts',(-151.031118806281,3.99999999999984,23.526894920862));
#3074=CARTESIAN_POINT('Ctrl Pts',(-151.020509912355,3.99999999999986,23.5386587734882));
#3075=CARTESIAN_POINT('Ctrl Pts',(-151.009888758706,3.99999999999987,23.550413852668));
#3076=CARTESIAN_POINT('Ctrl Pts',(-150.82444446076,4.00000000000013,23.7556563788471));
#3077=CARTESIAN_POINT('Ctrl Pts',(-150.635276412325,4.0000000000004,23.9582097384942));
#3078=CARTESIAN_POINT('Ctrl Pts',(-150.442057004997,3.9999999999996,24.1582648689174));
#3079=CARTESIAN_POINT('Ctrl Pts',(-150.441281056935,3.9999999999996,24.1590682684974));
#3080=CARTESIAN_POINT('Ctrl Pts',(-150.440505043534,3.9999999999996,24.1598716277865));
#3081=CARTESIAN_POINT('Ctrl Pts',(-150.439728964859,3.99999999999959,24.160674946715));
#3082=CARTESIAN_POINT('Ctrl Pts',(-150.245700954687,3.99999999999877,24.3615133129674));
#3083=CARTESIAN_POINT('Ctrl Pts',(-150.04758844815,3.99999999999073,24.5598347981491));
#3084=CARTESIAN_POINT('Ctrl Pts',(-149.846418890914,3.99999999999537,24.7545340065911));
#3085=CARTESIAN_POINT('Ctrl Pts',(-149.836542682153,3.99999999999559,24.7640925603533));
#3086=CARTESIAN_POINT('Ctrl Pts',(-149.82665900529,3.99999999999581,24.7736424976673));
#3087=CARTESIAN_POINT('Ctrl Pts',(-149.816767985439,3.99999999999601,24.7831836844209));
#3088=CARTESIAN_POINT('Ctrl Pts',(-149.481588548204,4.00000000000282,25.1065082409124));
#3089=CARTESIAN_POINT('Ctrl Pts',(-149.137974068476,4.00000000000216,25.4197807293266));
#3090=CARTESIAN_POINT('Ctrl Pts',(-148.786835938272,3.99999999999757,25.722556181773));
#3091=CARTESIAN_POINT('Ctrl Pts',(-148.726208477814,3.99999999999678,25.7748333490528));
#3092=CARTESIAN_POINT('Ctrl Pts',(-148.665356803079,3.99999999999565,25.8267976843998));
#3093=CARTESIAN_POINT('Ctrl Pts',(-148.604285697254,3.99999999999389,25.8784470237079));
#3094=CARTESIAN_POINT('Ctrl Pts',(-148.571324918038,3.99999999999295,25.9063227670172));
#3095=CARTESIAN_POINT('Ctrl Pts',(-148.538299741926,3.99999999999198,25.9341071006753));
#3096=CARTESIAN_POINT('Ctrl Pts',(-148.505210688877,3.99999999999105,25.9617998728978));
#3097=CARTESIAN_POINT('Ctrl Pts',(-148.111428430931,3.99999999998,26.2913627152739));
#3098=CARTESIAN_POINT('Ctrl Pts',(-147.708601744796,3.99999999998666,26.60796111476));
#3099=CARTESIAN_POINT('Ctrl Pts',(-147.296688560205,3.99999999999531,26.912185573791));
#3100=CARTESIAN_POINT('Ctrl Pts',(-147.238379668994,3.99999999999654,26.955250451413));
#3101=CARTESIAN_POINT('Ctrl Pts',(-147.179888682224,3.99999999999736,26.9980674063903));
#3102=CARTESIAN_POINT('Ctrl Pts',(-147.121216639318,3.99999999999795,27.0406371999088));
#3103=CARTESIAN_POINT('Ctrl Pts',(-146.730581932018,4.00000000000185,27.3240641611554));
#3104=CARTESIAN_POINT('Ctrl Pts',(-146.331918372999,4.00000000001253,27.5965308565197));
#3105=CARTESIAN_POINT('Ctrl Pts',(-145.925445822154,3.99999999998304,27.858255259984));
#3106=CARTESIAN_POINT('Ctrl Pts',(-145.83961018457,3.99999999997682,27.9135241360637));
#3107=CARTESIAN_POINT('Ctrl Pts',(-145.753433699459,3.99999999996468,27.9683101113118));
#3108=CARTESIAN_POINT('Ctrl Pts',(-145.666909301716,3.99999999994291,28.0226210709357));
#3109=CARTESIAN_POINT('Ctrl Pts',(-145.368747191884,3.99999999986789,28.2097760322063));
#3110=CARTESIAN_POINT('Ctrl Pts',(-145.066455835417,3.99999999961029,28.3912936515382));
#3111=CARTESIAN_POINT('Ctrl Pts',(-144.760169735416,3.99999999968284,28.567223483009));
#3112=CARTESIAN_POINT('Ctrl Pts',(-144.671222104373,3.99999999970391,28.6183147396448));
#3113=CARTESIAN_POINT('Ctrl Pts',(-144.581937396759,3.99999999975526,28.6689344552232));
#3114=CARTESIAN_POINT('Ctrl Pts',(-144.492318507836,3.99999999982103,28.7190831293896));
#3115=CARTESIAN_POINT('Ctrl Pts',(-144.376852286903,3.99999999990576,28.7836953775478));
#3116=CARTESIAN_POINT('Ctrl Pts',(-144.260841390302,3.99999999993622,28.8475244744574));
#3117=CARTESIAN_POINT('Ctrl Pts',(-144.144324476908,3.99999999995318,28.9105547241123));
#3118=CARTESIAN_POINT('Ctrl Pts',(-143.833677169071,3.99999999999842,29.07860051933));
#3119=CARTESIAN_POINT('Ctrl Pts',(-143.519431267327,3.99999999999954,29.2409646171437));
#3120=CARTESIAN_POINT('Ctrl Pts',(-143.202774245725,3.99999999982919,29.3973395226999));
#3121=CARTESIAN_POINT('Ctrl Pts',(-143.136472557639,3.99999999979352,29.4300813206246));
#3122=CARTESIAN_POINT('Ctrl Pts',(-143.070065243879,3.99999999974824,29.4625607172297));
#3123=CARTESIAN_POINT('Ctrl Pts',(-143.00356331024,3.99999999969032,29.4947751552891));
#3124=CARTESIAN_POINT('Ctrl Pts',(-142.858036151698,3.99999999956357,29.5652704834434));
#3125=CARTESIAN_POINT('Ctrl Pts',(-142.711999527045,3.99999999955168,29.6345178968201));
#3126=CARTESIAN_POINT('Ctrl Pts',(-142.565522678026,3.99999999962002,29.7025127303729));
#3127=CARTESIAN_POINT('Ctrl Pts',(-142.205470351499,3.99999999978801,29.8696497091952));
#3128=CARTESIAN_POINT('Ctrl Pts',(-141.842759500337,4.,30.0292206051324));
#3129=CARTESIAN_POINT('Ctrl Pts',(-141.476999966684,4.,30.1818537240865));
#3130=CARTESIAN_POINT('Ctrl Pts',(-141.301353853214,4.,30.2551516470782));
#3131=CARTESIAN_POINT('Ctrl Pts',(-141.125050236408,4.00000000000023,30.3268251198076));
#3132=CARTESIAN_POINT('Ctrl Pts',(-140.948071334012,3.99999999999886,30.3969293499359));
#3133=CARTESIAN_POINT('Ctrl Pts',(-140.675528140395,3.99999999999675,30.5048881546664));
#3134=CARTESIAN_POINT('Ctrl Pts',(-140.401383447939,3.99999999998885,30.6091254431159));
#3135=CARTESIAN_POINT('Ctrl Pts',(-140.125770807191,3.99999999997774,30.7097188283985));
#3136=CARTESIAN_POINT('Ctrl Pts',(-139.850248005829,3.99999999996663,30.8102794240094));
#3137=CARTESIAN_POINT('Ctrl Pts',(-139.573258232585,3.99999999995429,30.9071984853637));
#3138=CARTESIAN_POINT('Ctrl Pts',(-139.294829586384,3.99999999995742,31.0006014312814));
#3139=CARTESIAN_POINT('Ctrl Pts',(-139.016482944333,3.99999999996055,31.0939768677125));
#3140=CARTESIAN_POINT('Ctrl Pts',(-138.736698275862,3.99999999998628,31.1838382618814));
#3141=CARTESIAN_POINT('Ctrl Pts',(-138.455535584047,3.9999999999972,31.2703051052122));
#3142=CARTESIAN_POINT('Ctrl Pts',(-138.411587663328,3.99999999999891,31.283820546934));
#3143=CARTESIAN_POINT('Ctrl Pts',(-138.367606075177,4.,31.2972530538235));
#3144=CARTESIAN_POINT('Ctrl Pts',(-138.323590780524,4.,31.3106025290077));
#3145=CARTESIAN_POINT('Origin',(-169.271150025298,4.,0.));
#3146=CARTESIAN_POINT('',(-138.834580110062,3.99999999866555,-26.2734062350755));
#3147=CARTESIAN_POINT('',(-129.251203039903,4.,1.08270439395238E-13));
#3148=CARTESIAN_POINT('Ctrl Pts',(-138.834564143788,3.99999999701458,-26.2733716270133));
#3149=CARTESIAN_POINT('Ctrl Pts',(-138.747780151663,3.99999998840929,-26.1529830391609));
#3150=CARTESIAN_POINT('Ctrl Pts',(-138.661117154717,3.99999989470841,-26.0325186060449));
#3151=CARTESIAN_POINT('Ctrl Pts',(-138.574662894096,3.99999961882121,-25.9119122092233));
#3152=CARTESIAN_POINT('Ctrl Pts',(-138.52043824633,3.99999944578305,-25.8362671300904));
#3153=CARTESIAN_POINT('Ctrl Pts',(-138.466293929564,3.999999227362,-25.7605673641627));
#3154=CARTESIAN_POINT('Ctrl Pts',(-138.41225635958,3.99999911783302,-25.684793498884));
#3155=CARTESIAN_POINT('Ctrl Pts',(-138.401668135282,3.99999909637171,-25.669946223521));
#3156=CARTESIAN_POINT('Ctrl Pts',(-138.391084007955,3.99999907922748,-25.6550961013154));
#3157=CARTESIAN_POINT('Ctrl Pts',(-138.380503679055,3.99999906751812,-25.6402433147883));
#3158=CARTESIAN_POINT('Ctrl Pts',(-138.283637272605,3.999998960315,-25.5042611472975));
#3159=CARTESIAN_POINT('Ctrl Pts',(-138.187118441739,3.99999928415109,-25.3680364700074));
#3160=CARTESIAN_POINT('Ctrl Pts',(-138.091072165148,3.99999956143416,-25.23147510362));
#3161=CARTESIAN_POINT('Ctrl Pts',(-138.025919325304,3.99999974952869,-25.1388389166803));
#3162=CARTESIAN_POINT('Ctrl Pts',(-137.960984347487,3.99999989024065,-25.0460484229817));
#3163=CARTESIAN_POINT('Ctrl Pts',(-137.896335378944,3.99999994445275,-24.953051914676));
#3164=CARTESIAN_POINT('Ctrl Pts',(-137.865680862192,3.99999997015843,-24.9089558821181));
#3165=CARTESIAN_POINT('Ctrl Pts',(-137.835090667642,3.99999998116679,-24.8648135573277));
#3166=CARTESIAN_POINT('Ctrl Pts',(-137.804572542964,3.99999998617113,-24.8206201577938));
#3167=CARTESIAN_POINT('Ctrl Pts',(-137.635897967675,4.00000001383023,-24.5763619349993));
#3168=CARTESIAN_POINT('Ctrl Pts',(-137.468987261625,4.,-24.3308312438273));
#3169=CARTESIAN_POINT('Ctrl Pts',(-137.303852463512,3.99999999999999,-24.08414905604));
#3170=CARTESIAN_POINT('Ctrl Pts',(-137.166693280157,3.99999999999999,-23.8792574898057));
#3171=CARTESIAN_POINT('Ctrl Pts',(-137.03075937629,4.00000000259818,-23.6735717398375));
#3172=CARTESIAN_POINT('Ctrl Pts',(-136.896156457843,3.9999999974019,-23.4670980599546));
#3173=CARTESIAN_POINT('Ctrl Pts',(-136.868702230574,3.99999999634204,-23.424984743261));
#3174=CARTESIAN_POINT('Ctrl Pts',(-136.841303375574,3.99999999476807,-23.3828386561913));
#3175=CARTESIAN_POINT('Ctrl Pts',(-136.813960888866,3.99999999208683,-23.3406600685245));
#3176=CARTESIAN_POINT('Ctrl Pts',(-136.5165222885,3.99999996291954,-22.8818305474668));
#3177=CARTESIAN_POINT('Ctrl Pts',(-136.225235106093,3.99999992610565,-22.419174109364));
#3178=CARTESIAN_POINT('Ctrl Pts',(-135.940838105815,3.99999994135026,-21.9530148095898));
#3179=CARTESIAN_POINT('Ctrl Pts',(-135.63034456157,3.99999995799373,-21.4440802813499));
#3180=CARTESIAN_POINT('Ctrl Pts',(-135.328063490457,3.99999998926258,-20.9309703309887));
#3181=CARTESIAN_POINT('Ctrl Pts',(-135.034367834735,3.99999999498528,-20.4131469655135));
#3182=CARTESIAN_POINT('Ctrl Pts',(-135.013186383875,3.99999999539801,-20.3758013325203));
#3183=CARTESIAN_POINT('Ctrl Pts',(-134.992049595062,3.99999999574392,-20.338431187294));
#3184=CARTESIAN_POINT('Ctrl Pts',(-134.970957694873,3.99999999603183,-20.3010364119794));
#3185=CARTESIAN_POINT('Ctrl Pts',(-134.551213652633,4.00000000176146,-19.5568533839764));
#3186=CARTESIAN_POINT('Ctrl Pts',(-134.149390984371,3.99999999997666,-18.803383652883));
#3187=CARTESIAN_POINT('Ctrl Pts',(-133.766858689648,3.9999999999699,-18.0397986172606));
#3188=CARTESIAN_POINT('Ctrl Pts',(-133.635538985808,3.99999999996758,-17.7776671263585));
#3189=CARTESIAN_POINT('Ctrl Pts',(-133.506492992985,3.99999999995064,-17.5143433315287));
#3190=CARTESIAN_POINT('Ctrl Pts',(-133.379777334477,3.99999999989964,-17.2497929484313));
#3191=CARTESIAN_POINT('Ctrl Pts',(-133.364316413543,3.99999999989342,-17.2175144391741));
#3192=CARTESIAN_POINT('Ctrl Pts',(-133.348890185372,3.99999999988668,-17.185217669065));
#3193=CARTESIAN_POINT('Ctrl Pts',(-133.333498741577,3.99999999987938,-17.1529024811884));
#3194=CARTESIAN_POINT('Ctrl Pts',(-133.092846613991,3.99999999976532,-16.6476400236979));
#3195=CARTESIAN_POINT('Ctrl Pts',(-132.860694028901,3.99999999998796,-16.1379095783255));
#3196=CARTESIAN_POINT('Ctrl Pts',(-132.637480415106,3.99999999999687,-15.6232441004076));
#3197=CARTESIAN_POINT('Ctrl Pts',(-132.62463613419,3.99999999999739,-15.5936289355275));
#3198=CARTESIAN_POINT('Ctrl Pts',(-132.611821449053,3.99999999999773,-15.5639974325986));
#3199=CARTESIAN_POINT('Ctrl Pts',(-132.599036600815,3.99999999999795,-15.5343499279406));
#3200=CARTESIAN_POINT('Ctrl Pts',(-132.375435724068,4.00000000000186,-15.0158292609947));
#3201=CARTESIAN_POINT('Ctrl Pts',(-132.16090386319,3.99999999999359,-14.4922980203009));
#3202=CARTESIAN_POINT('Ctrl Pts',(-131.956686533333,3.99999999999374,-13.9655048775964));
#3203=CARTESIAN_POINT('Ctrl Pts',(-131.946306983631,3.99999999999374,-13.9387300901135));
#3204=CARTESIAN_POINT('Ctrl Pts',(-131.935954078858,3.99999999999378,-13.9119468766757));
#3205=CARTESIAN_POINT('Ctrl Pts',(-131.925627870603,3.99999999999386,-13.8851552239363));
#3206=CARTESIAN_POINT('Ctrl Pts',(-131.574779070698,3.99999999999643,-12.9748676354061));
#3207=CARTESIAN_POINT('Ctrl Pts',(-131.254852565231,4.00000000000018,-12.0550973341372));
#3208=CARTESIAN_POINT('Ctrl Pts',(-130.967767630598,3.99999999999812,-11.1250385687318));
#3209=CARTESIAN_POINT('Ctrl Pts',(-130.911804873186,3.99999999999772,-10.9437380308508));
#3210=CARTESIAN_POINT('Ctrl Pts',(-130.857090229611,3.99999999999707,-10.7620464921378));
#3211=CARTESIAN_POINT('Ctrl Pts',(-130.803638143569,3.99999999999572,-10.5799579172123));
#3212=CARTESIAN_POINT('Ctrl Pts',(-130.797583675198,3.99999999999556,-10.5593329126648));
#3213=CARTESIAN_POINT('Ctrl Pts',(-130.791545405375,3.9999999999954,-10.5387028141647));
#3214=CARTESIAN_POINT('Ctrl Pts',(-130.785523358507,3.99999999999523,-10.5180676005179));
#3215=CARTESIAN_POINT('Ctrl Pts',(-130.6245780198,3.99999999999059,-9.96657048954928));
#3216=CARTESIAN_POINT('Ctrl Pts',(-130.475219991876,3.99999999999951,-9.41143046055858));
#3217=CARTESIAN_POINT('Ctrl Pts',(-130.337943470581,3.99999999999986,-8.85234801977138));
#3218=CARTESIAN_POINT('Ctrl Pts',(-130.333664178745,3.99999999999987,-8.83491986161367));
#3219=CARTESIAN_POINT('Ctrl Pts',(-130.3293966261,3.99999999999988,-8.81748787283432));
#3220=CARTESIAN_POINT('Ctrl Pts',(-130.325140841122,3.99999999999989,-8.80005213446138));
#3221=CARTESIAN_POINT('Ctrl Pts',(-130.187766508278,4.00000000000012,-8.23723635799558));
#3222=CARTESIAN_POINT('Ctrl Pts',(-130.062632420979,3.9999999999951,-7.67042526996179));
#3223=CARTESIAN_POINT('Ctrl Pts',(-129.950680449294,3.9999999999962,-7.10227179637059));
#3224=CARTESIAN_POINT('Ctrl Pts',(-129.947906479252,3.99999999999623,-7.08819396736255));
#3225=CARTESIAN_POINT('Ctrl Pts',(-129.94514060256,3.99999999999626,-7.07411531423735));
#3226=CARTESIAN_POINT('Ctrl Pts',(-129.942382821811,3.9999999999963,-7.06003583516685));
#3227=CARTESIAN_POINT('Ctrl Pts',(-129.715649597446,3.99999999999951,-5.90247982236735));
#3228=CARTESIAN_POINT('Ctrl Pts',(-129.54370057695,4.00000000000056,-4.73961595862367));
#3229=CARTESIAN_POINT('Ctrl Pts',(-129.427948826706,3.99999999999951,-3.57031063608813));
#3230=CARTESIAN_POINT('Ctrl Pts',(-129.42724454223,3.9999999999995,-3.56319606905723));
#3231=CARTESIAN_POINT('Ctrl Pts',(-129.42654233837,3.9999999999995,-3.55608126354588));
#3232=CARTESIAN_POINT('Ctrl Pts',(-129.425842215559,3.99999999999949,-3.54896621953514));
#3233=CARTESIAN_POINT('Ctrl Pts',(-129.310074327452,3.99999999999838,-2.37246745959503));
#3234=CARTESIAN_POINT('Ctrl Pts',(-129.251203040036,4.00000000000001,-1.18944110817847));
#3235=CARTESIAN_POINT('Ctrl Pts',(-129.251203039903,4.00000000000001,-1.08270439395238E-13));
#3236=CARTESIAN_POINT('',(-138.834580110068,3.99999999866556,26.2734062351023));
#3237=CARTESIAN_POINT('Ctrl Pts',(-129.251203039903,4.00000000000001,1.08270439395238E-13));
#3238=CARTESIAN_POINT('Ctrl Pts',(-129.251203039986,4.00000000000001,1.18944110817868));
#3239=CARTESIAN_POINT('Ctrl Pts',(-129.310074327452,3.99999999999834,2.37246745959561));
#3240=CARTESIAN_POINT('Ctrl Pts',(-129.42584221557,3.99999999999945,3.54896621953424));
#3241=CARTESIAN_POINT('Ctrl Pts',(-129.426542338381,3.99999999999946,3.55608126354496));
#3242=CARTESIAN_POINT('Ctrl Pts',(-129.427244542242,3.99999999999946,3.56319606905629));
#3243=CARTESIAN_POINT('Ctrl Pts',(-129.427948826717,3.99999999999947,3.57031063608718));
#3244=CARTESIAN_POINT('Ctrl Pts',(-129.543700576972,4.00000000000052,4.73961595862125));
#3245=CARTESIAN_POINT('Ctrl Pts',(-129.715649597446,3.9999999999995,5.90247982236752));
#3246=CARTESIAN_POINT('Ctrl Pts',(-129.942382821811,3.9999999999963,7.06003583516701));
#3247=CARTESIAN_POINT('Ctrl Pts',(-129.945140602559,3.99999999999626,7.07411531423752));
#3248=CARTESIAN_POINT('Ctrl Pts',(-129.947906479252,3.99999999999623,7.08819396736272));
#3249=CARTESIAN_POINT('Ctrl Pts',(-129.950680449294,3.9999999999962,7.10227179637076));
#3250=CARTESIAN_POINT('Ctrl Pts',(-130.062632420979,3.99999999999511,7.67042526996199));
#3251=CARTESIAN_POINT('Ctrl Pts',(-130.187766508277,4.00000000000012,8.23723635799596));
#3252=CARTESIAN_POINT('Ctrl Pts',(-130.325140841122,3.99999999999989,8.80005213446164));
#3253=CARTESIAN_POINT('Ctrl Pts',(-130.329396626099,3.99999999999988,8.81748787283458));
#3254=CARTESIAN_POINT('Ctrl Pts',(-130.333664178745,3.99999999999987,8.83491986161393));
#3255=CARTESIAN_POINT('Ctrl Pts',(-130.337943470581,3.99999999999986,8.85234801977163));
#3256=CARTESIAN_POINT('Ctrl Pts',(-130.475219991876,3.99999999999951,9.4114304605587));
#3257=CARTESIAN_POINT('Ctrl Pts',(-130.6245780198,3.99999999999059,9.9665704895494));
#3258=CARTESIAN_POINT('Ctrl Pts',(-130.785523358507,3.99999999999523,10.5180676005181));
#3259=CARTESIAN_POINT('Ctrl Pts',(-130.791545405375,3.9999999999954,10.5387028141649));
#3260=CARTESIAN_POINT('Ctrl Pts',(-130.797583675198,3.99999999999556,10.559332912665));
#3261=CARTESIAN_POINT('Ctrl Pts',(-130.803638143569,3.99999999999572,10.5799579172125));
#3262=CARTESIAN_POINT('Ctrl Pts',(-131.077843514789,4.00000000000266,11.5140592588132));
#3263=CARTESIAN_POINT('Ctrl Pts',(-131.38527043437,3.99999999999864,12.4377133453692));
#3264=CARTESIAN_POINT('Ctrl Pts',(-131.723989878619,3.99999999999558,13.3517288004681));
#3265=CARTESIAN_POINT('Ctrl Pts',(-131.790017982062,3.99999999999498,13.5299019406381));
#3266=CARTESIAN_POINT('Ctrl Pts',(-131.85723533716,3.99999999999436,13.7077087730487));
#3267=CARTESIAN_POINT('Ctrl Pts',(-131.925627870604,3.99999999999386,13.8851552239364));
#3268=CARTESIAN_POINT('Ctrl Pts',(-131.935954078859,3.99999999999378,13.9119468766758));
#3269=CARTESIAN_POINT('Ctrl Pts',(-131.946306983631,3.99999999999374,13.9387300901136));
#3270=CARTESIAN_POINT('Ctrl Pts',(-131.956686533333,3.99999999999374,13.9655048775964));
#3271=CARTESIAN_POINT('Ctrl Pts',(-132.16090386319,3.99999999999359,14.492298020301));
#3272=CARTESIAN_POINT('Ctrl Pts',(-132.375435724068,4.00000000000186,15.0158292609948));
#3273=CARTESIAN_POINT('Ctrl Pts',(-132.599036600815,3.99999999999795,15.5343499279407));
#3274=CARTESIAN_POINT('Ctrl Pts',(-132.611821449053,3.99999999999773,15.5639974325987));
#3275=CARTESIAN_POINT('Ctrl Pts',(-132.62463613419,3.99999999999739,15.5936289355275));
#3276=CARTESIAN_POINT('Ctrl Pts',(-132.637480415106,3.99999999999688,15.6232441004076));
#3277=CARTESIAN_POINT('Ctrl Pts',(-132.860694028901,3.99999999998796,16.1379095783256));
#3278=CARTESIAN_POINT('Ctrl Pts',(-133.092846613991,3.99999999976532,16.6476400236979));
#3279=CARTESIAN_POINT('Ctrl Pts',(-133.333498741577,3.99999999987938,17.1529024811885));
#3280=CARTESIAN_POINT('Ctrl Pts',(-133.348890185372,3.99999999988668,17.1852176690651));
#3281=CARTESIAN_POINT('Ctrl Pts',(-133.364316413543,3.99999999989342,17.2175144391742));
#3282=CARTESIAN_POINT('Ctrl Pts',(-133.379777334477,3.99999999989964,17.2497929484313));
#3283=CARTESIAN_POINT('Ctrl Pts',(-133.748898115377,4.00000000004821,18.0204241801661));
#3284=CARTESIAN_POINT('Ctrl Pts',(-134.137789475965,4.00000000063416,18.7806493201943));
#3285=CARTESIAN_POINT('Ctrl Pts',(-134.545067201843,3.99999999927245,19.5313063872783));
#3286=CARTESIAN_POINT('Ctrl Pts',(-134.684881777164,3.99999999880499,19.7889998293144));
#3287=CARTESIAN_POINT('Ctrl Pts',(-134.826863551531,3.99999999799876,20.0455654460649));
#3288=CARTESIAN_POINT('Ctrl Pts',(-134.97095769487,3.99999999603183,20.3010364119809));
#3289=CARTESIAN_POINT('Ctrl Pts',(-134.992049595059,3.99999999574392,20.3384311872956));
#3290=CARTESIAN_POINT('Ctrl Pts',(-135.013186383872,3.99999999539801,20.3758013325219));
#3291=CARTESIAN_POINT('Ctrl Pts',(-135.034367834733,3.99999999498528,20.4131469655152));
#3292=CARTESIAN_POINT('Ctrl Pts',(-135.328063490453,3.99999998926258,20.930970330991));
#3293=CARTESIAN_POINT('Ctrl Pts',(-135.630344561568,3.99999995799371,21.4440802813516));
#3294=CARTESIAN_POINT('Ctrl Pts',(-135.940838105813,3.99999994135026,21.953014809591));
#3295=CARTESIAN_POINT('Ctrl Pts',(-136.225235106092,3.99999992610567,22.4191741093646));
#3296=CARTESIAN_POINT('Ctrl Pts',(-136.5165222885,3.99999996291961,22.8818305474668));
#3297=CARTESIAN_POINT('Ctrl Pts',(-136.813960888866,3.99999999208689,23.3406600685245));
#3298=CARTESIAN_POINT('Ctrl Pts',(-136.841303375574,3.99999999476814,23.3828386561913));
#3299=CARTESIAN_POINT('Ctrl Pts',(-136.868702230574,3.9999999963421,23.424984743261));
#3300=CARTESIAN_POINT('Ctrl Pts',(-136.896156457843,3.99999999740196,23.4670980599546));
#3301=CARTESIAN_POINT('Ctrl Pts',(-137.03075937629,4.00000000259824,23.6735717398374));
#3302=CARTESIAN_POINT('Ctrl Pts',(-137.166693280157,4.00000000000002,23.8792574898056));
#3303=CARTESIAN_POINT('Ctrl Pts',(-137.303852463512,4.00000000000001,24.0841490560398));
#3304=CARTESIAN_POINT('Ctrl Pts',(-137.468987261625,3.99999999999999,24.3308312438271));
#3305=CARTESIAN_POINT('Ctrl Pts',(-137.635898090931,4.00000002664343,24.5763621224739));
#3306=CARTESIAN_POINT('Ctrl Pts',(-137.80461009836,3.99999997336014,24.8205942564621));
#3307=CARTESIAN_POINT('Ctrl Pts',(-137.83513488696,3.99999996371969,24.8647827785056));
#3308=CARTESIAN_POINT('Ctrl Pts',(-137.865726269771,3.99999994679745,24.9089242848181));
#3309=CARTESIAN_POINT('Ctrl Pts',(-137.89637884128,3.99999991672167,24.9530217662396));
#3310=CARTESIAN_POINT('Ctrl Pts',(-138.035144539621,3.99999978056713,25.152653232812));
#3311=CARTESIAN_POINT('Ctrl Pts',(-138.175163042639,3.99999913228505,25.3513805068739));
#3312=CARTESIAN_POINT('Ctrl Pts',(-138.315978938933,3.99999905157502,25.5495515755722));
#3313=CARTESIAN_POINT('Ctrl Pts',(-138.348031941537,3.99999903320352,25.5946599614023));
#3314=CARTESIAN_POINT('Ctrl Pts',(-138.38012071503,3.99999906576728,25.6397430160951));
#3315=CARTESIAN_POINT('Ctrl Pts',(-138.412250245882,3.9999991318887,25.6847978646706));
#3316=CARTESIAN_POINT('Ctrl Pts',(-138.466286623274,3.99999924309362,25.7605724165053));
#3317=CARTESIAN_POINT('Ctrl Pts',(-138.520438299336,3.9999994457833,25.8362672040351));
#3318=CARTESIAN_POINT('Ctrl Pts',(-138.574662894096,3.99999961882127,25.9119122092233));
#3319=CARTESIAN_POINT('Ctrl Pts',(-138.661117154718,3.99999989470845,26.0325186060457));
#3320=CARTESIAN_POINT('Ctrl Pts',(-138.747780151664,3.99999998840931,26.1529830391626));
#3321=CARTESIAN_POINT('Ctrl Pts',(-138.834564143789,3.99999999701459,26.2733716270157));
#3322=CARTESIAN_POINT('',(-147.584630129005,3.99999999998346,18.7866241273232));
#3323=CARTESIAN_POINT('Ctrl Pts',(-138.83459725756,4.00000000000001,26.2734161396926));
#3324=CARTESIAN_POINT('Ctrl Pts',(-138.923618204271,4.00000000000002,26.228712303733));
#3325=CARTESIAN_POINT('Ctrl Pts',(-139.01263055829,4.00000000000004,26.1839938107317));
#3326=CARTESIAN_POINT('Ctrl Pts',(-139.1016774462,4.00000000000001,26.1393460506642));
#3327=CARTESIAN_POINT('Ctrl Pts',(-139.107653256947,4.,26.1363498026123));
#3328=CARTESIAN_POINT('Ctrl Pts',(-139.113629223768,4.,26.133353872827));
#3329=CARTESIAN_POINT('Ctrl Pts',(-139.119605200978,4.,26.1303579775618));
#3330=CARTESIAN_POINT('Ctrl Pts',(-139.168579841697,3.99999999999997,26.1058058601276));
#3331=CARTESIAN_POINT('Ctrl Pts',(-139.217546008728,4.00000000004563,26.0812367519884));
#3332=CARTESIAN_POINT('Ctrl Pts',(-139.266433510393,3.99999999808228,26.0565121985996));
#3333=CARTESIAN_POINT('Ctrl Pts',(-139.278525039434,3.99999999759668,26.05039698213));
#3334=CARTESIAN_POINT('Ctrl Pts',(-139.290611755143,3.99999999700988,26.044272256787));
#3335=CARTESIAN_POINT('Ctrl Pts',(-139.302693757559,3.99999999636282,26.0381380456071));
#3336=CARTESIAN_POINT('Ctrl Pts',(-139.345420934974,3.99999999407456,26.0164448261915));
#3337=CARTESIAN_POINT('Ctrl Pts',(-139.388103158128,3.99999999645752,25.9946637041563));
#3338=CARTESIAN_POINT('Ctrl Pts',(-139.430719263413,3.99999999787243,25.9727494345943));
#3339=CARTESIAN_POINT('Ctrl Pts',(-139.448875750779,3.99999999847525,25.9634129136764));
#3340=CARTESIAN_POINT('Ctrl Pts',(-139.467020226066,3.99999999888406,25.9540522301743));
#3341=CARTESIAN_POINT('Ctrl Pts',(-139.485150935423,3.99999999904465,25.9446648587447));
#3342=CARTESIAN_POINT('Ctrl Pts',(-139.68539804847,4.00000000081821,25.8409847439223));
#3343=CARTESIAN_POINT('Ctrl Pts',(-139.884182329196,4.00000000054436,25.734386476769));
#3344=CARTESIAN_POINT('Ctrl Pts',(-140.081207852516,3.99999999944822,25.6250009514899));
#3345=CARTESIAN_POINT('Ctrl Pts',(-140.0964844945,3.99999999936323,25.6165195959795));
#3346=CARTESIAN_POINT('Ctrl Pts',(-140.111750562136,3.99999999926132,25.6080214818796));
#3347=CARTESIAN_POINT('Ctrl Pts',(-140.127006079095,3.99999999913713,25.5995065605034));
#3348=CARTESIAN_POINT('Ctrl Pts',(-140.540899761148,3.99999999576792,25.3684903209163));
#3349=CARTESIAN_POINT('Ctrl Pts',(-140.947022418902,3.99999999955002,25.1253706549774));
#3350=CARTESIAN_POINT('Ctrl Pts',(-141.345509996728,3.99999999986059,24.8691807102561));
#3351=CARTESIAN_POINT('Ctrl Pts',(-141.355256668561,3.99999999986819,24.8629145191445));
#3352=CARTESIAN_POINT('Ctrl Pts',(-141.364998770702,3.99999999987479,24.8566405094891));
#3353=CARTESIAN_POINT('Ctrl Pts',(-141.374736272139,3.9999999998805,24.8503586929518));
#3354=CARTESIAN_POINT('Ctrl Pts',(-141.777776651262,4.00000000011674,24.5903509553438));
#3355=CARTESIAN_POINT('Ctrl Pts',(-142.173019383737,4.00000000000454,24.3169640258627));
#3356=CARTESIAN_POINT('Ctrl Pts',(-142.558279084421,3.99999999999548,24.0312277818106));
#3357=CARTESIAN_POINT('Ctrl Pts',(-142.562876667987,3.99999999999537,24.0278178838699));
#3358=CARTESIAN_POINT('Ctrl Pts',(-142.567472829979,3.99999999999526,24.0244062273963));
#3359=CARTESIAN_POINT('Ctrl Pts',(-142.572067570355,3.99999999999515,24.0209928119772));
#3360=CARTESIAN_POINT('Ctrl Pts',(-142.961683763061,3.99999999998541,23.7315484014399));
#3361=CARTESIAN_POINT('Ctrl Pts',(-143.341059124964,4.00000000000638,23.42948375507));
#3362=CARTESIAN_POINT('Ctrl Pts',(-143.710279842542,3.99999999999358,23.114431143331));
#3363=CARTESIAN_POINT('Ctrl Pts',(-143.710392651784,3.99999999999358,23.1143348842523));
#3364=CARTESIAN_POINT('Ctrl Pts',(-143.710505460077,3.99999999999357,23.1142386239607));
#3365=CARTESIAN_POINT('Ctrl Pts',(-143.710618267421,3.99999999999357,23.114142362456));
#3366=CARTESIAN_POINT('Ctrl Pts',(-144.07971996994,3.99999999998072,22.7991780721002));
#3367=CARTESIAN_POINT('Ctrl Pts',(-144.438666525087,3.99999999970404,22.4712263343517));
#3368=CARTESIAN_POINT('Ctrl Pts',(-144.785580998369,3.99999999990133,22.1320390731005));
#3369=CARTESIAN_POINT('Ctrl Pts',(-144.789885147223,3.99999999990378,22.1278307953427));
#3370=CARTESIAN_POINT('Ctrl Pts',(-144.794187443255,3.99999999990615,22.1236207819004));
#3371=CARTESIAN_POINT('Ctrl Pts',(-144.798487883447,3.99999999990845,22.1194090354275));
#3372=CARTESIAN_POINT('Ctrl Pts',(-145.100113540512,4.00000000006965,21.8240042069134));
#3373=CARTESIAN_POINT('Ctrl Pts',(-145.392613022408,4.0000000006072,21.5200766711098));
#3374=CARTESIAN_POINT('Ctrl Pts',(-145.676230088982,3.99999999936825,21.2076198823662));
#3375=CARTESIAN_POINT('Ctrl Pts',(-145.714589788647,3.99999999920067,21.1653595603085));
#3376=CARTESIAN_POINT('Ctrl Pts',(-145.752786941065,3.99999999897752,21.1229431638181));
#3377=CARTESIAN_POINT('Ctrl Pts',(-145.790822092504,3.99999999866285,21.0803706315652));
#3378=CARTESIAN_POINT('Ctrl Pts',(-145.79873797511,3.99999999859736,21.0715104284419));
#3379=CARTESIAN_POINT('Ctrl Pts',(-145.806646601762,3.99999999852382,21.0626436469226));
#3380=CARTESIAN_POINT('Ctrl Pts',(-145.814547982697,3.99999999844149,21.0537702938348));
#3381=CARTESIAN_POINT('Ctrl Pts',(-145.977812598723,3.99999999674031,20.8704220162852));
#3382=CARTESIAN_POINT('Ctrl Pts',(-146.137983427856,3.9999999876905,20.6842687590309));
#3383=CARTESIAN_POINT('Ctrl Pts',(-146.295147434147,3.99999998281737,20.495359054126));
#3384=CARTESIAN_POINT('Ctrl Pts',(-146.440990177454,3.99999997829528,20.3200574042711));
#3385=CARTESIAN_POINT('Ctrl Pts',(-146.584243741166,3.99999998918249,20.1423820501317));
#3386=CARTESIAN_POINT('Ctrl Pts',(-146.724699302996,3.99999999772567,19.9627188403342));
#3387=CARTESIAN_POINT('Ctrl Pts',(-146.735632789413,3.99999999839069,19.9487333118265));
#3388=CARTESIAN_POINT('Ctrl Pts',(-146.746548720391,3.99999999881725,19.9347340756529));
#3389=CARTESIAN_POINT('Ctrl Pts',(-146.757447043267,3.99999999911898,19.9207214471561));
#3390=CARTESIAN_POINT('Ctrl Pts',(-146.821093046364,4.00000000088105,19.8388879570989));
#3391=CARTESIAN_POINT('Ctrl Pts',(-146.884138390033,4.00000000000001,19.7565977930149));
#3392=CARTESIAN_POINT('Ctrl Pts',(-146.946615342337,4.00000000000001,19.6738795042141));
#3393=CARTESIAN_POINT('Ctrl Pts',(-147.01979043695,4.00000000000001,19.5769970798004));
#3394=CARTESIAN_POINT('Ctrl Pts',(-147.092185244888,4.00000000635361,19.479528081822));
#3395=CARTESIAN_POINT('Ctrl Pts',(-147.163750577028,3.99999999364682,19.3814428037043));
#3396=CARTESIAN_POINT('Ctrl Pts',(-147.175873484934,3.99999999149433,19.36482751306));
#3397=CARTESIAN_POINT('Ctrl Pts',(-147.187968637652,3.99999998765646,19.3481916595946));
#3398=CARTESIAN_POINT('Ctrl Pts',(-147.200038403842,3.9999999806928,19.331536946765));
#3399=CARTESIAN_POINT('Ctrl Pts',(-147.259220257556,3.99999994654779,19.2498736599377));
#3400=CARTESIAN_POINT('Ctrl Pts',(-147.317790916435,3.99999975999661,19.1677580696572));
#3401=CARTESIAN_POINT('Ctrl Pts',(-147.375961040128,3.9999997576387,19.0853447651957));
#3402=CARTESIAN_POINT('Ctrl Pts',(-147.388613260229,3.99999975712585,19.0674195623411));
#3403=CARTESIAN_POINT('Ctrl Pts',(-147.401250285353,3.99999977211867,19.049482986532));
#3404=CARTESIAN_POINT('Ctrl Pts',(-147.413867597129,3.99999979498571,19.031531800252));
#3405=CARTESIAN_POINT('Ctrl Pts',(-147.436170448674,3.99999983540637,18.9998005844611));
#3406=CARTESIAN_POINT('Ctrl Pts',(-147.45841174176,3.99999989749769,18.9680236615396));
#3407=CARTESIAN_POINT('Ctrl Pts',(-147.480616081287,3.99999993873001,18.9362190111231));
#3408=CARTESIAN_POINT('Ctrl Pts',(-147.493567228399,3.99999996277963,18.9176682811689));
#3409=CARTESIAN_POINT('Ctrl Pts',(-147.506501109476,3.99999997764655,18.8991047125791));
#3410=CARTESIAN_POINT('Ctrl Pts',(-147.519424052253,3.99999998639407,18.8805328928115));
#3411=CARTESIAN_POINT('Ctrl Pts',(-147.541189824217,4.00000000112728,18.8492528661955));
#3412=CARTESIAN_POINT('Ctrl Pts',(-147.562924530629,3.99999999990016,18.8179494856446));
#3413=CARTESIAN_POINT('Ctrl Pts',(-147.584628112214,3.99999999996031,18.7866227300643));
#3414=CARTESIAN_POINT('',(-147.584630129005,3.99999999998346,-18.7866241273088));
#3415=CARTESIAN_POINT('',(-147.584632582305,4.,-18.7866162779603));
#3416=CARTESIAN_POINT('Ctrl Pts',(-147.584628112214,3.99999999996031,-18.78662273005));
#3417=CARTESIAN_POINT('Ctrl Pts',(-147.562924530629,3.99999999990016,-18.8179494856302));
#3418=CARTESIAN_POINT('Ctrl Pts',(-147.541189824217,4.00000000112728,-18.8492528661812));
#3419=CARTESIAN_POINT('Ctrl Pts',(-147.519424052253,3.99999998639407,-18.8805328927972));
#3420=CARTESIAN_POINT('Ctrl Pts',(-147.506501109476,3.99999997764656,-18.8991047125649));
#3421=CARTESIAN_POINT('Ctrl Pts',(-147.493567228399,3.99999996277963,-18.9176682811547));
#3422=CARTESIAN_POINT('Ctrl Pts',(-147.480616081287,3.99999993873001,-18.9362190111088));
#3423=CARTESIAN_POINT('Ctrl Pts',(-147.458411726694,3.99999989749766,-18.9680236831048));
#3424=CARTESIAN_POINT('Ctrl Pts',(-147.436165038172,3.99999982983216,-18.9997967384475));
#3425=CARTESIAN_POINT('Ctrl Pts',(-147.413863201345,3.99999979009328,-19.0315287144766));
#3426=CARTESIAN_POINT('Ctrl Pts',(-147.409976125029,3.99999978316703,-19.0370594074619));
#3427=CARTESIAN_POINT('Ctrl Pts',(-147.40608737163,3.99999977720203,-19.0425888551391));
#3428=CARTESIAN_POINT('Ctrl Pts',(-147.402197135528,3.99999977255384,-19.0481171975703));
#3429=CARTESIAN_POINT('Ctrl Pts',(-147.382539484042,3.9999997490662,-19.0760523218067));
#3430=CARTESIAN_POINT('Ctrl Pts',(-147.362839139618,3.99999975559288,-19.1039556724496));
#3431=CARTESIAN_POINT('Ctrl Pts',(-147.343089337359,3.99999978037642,-19.1318222842317));
#3432=CARTESIAN_POINT('Ctrl Pts',(-147.295735208934,3.99999983979993,-19.1986380981753));
#3433=CARTESIAN_POINT('Ctrl Pts',(-147.24809522208,3.99999995755662,-19.2652417660242));
#3434=CARTESIAN_POINT('Ctrl Pts',(-147.200046161286,3.99999998326525,-19.3315425807697));
#3435=CARTESIAN_POINT('Ctrl Pts',(-147.18797631708,3.99999998972321,-19.3481972352301));
#3436=CARTESIAN_POINT('Ctrl Pts',(-147.175880684431,3.99999999304127,-19.3648327471669));
#3437=CARTESIAN_POINT('Ctrl Pts',(-147.163756723556,3.99999999480227,-19.3814472932765));
#3438=CARTESIAN_POINT('Ctrl Pts',(-147.092185220508,4.00000000519805,-19.4795281143687));
#3439=CARTESIAN_POINT('Ctrl Pts',(-147.01979043695,4.00000000000001,-19.5769970797873));
#3440=CARTESIAN_POINT('Ctrl Pts',(-146.946615342337,4.00000000000001,-19.6738795042013));
#3441=CARTESIAN_POINT('Ctrl Pts',(-146.884138390033,4.00000000000001,-19.7565977930023));
#3442=CARTESIAN_POINT('Ctrl Pts',(-146.821093046365,4.00000000088105,-19.8388879570865));
#3443=CARTESIAN_POINT('Ctrl Pts',(-146.757447043268,3.99999999911898,-19.9207214471439));
#3444=CARTESIAN_POINT('Ctrl Pts',(-146.746548720392,3.99999999881725,-19.9347340756408));
#3445=CARTESIAN_POINT('Ctrl Pts',(-146.735632789414,3.99999999839069,-19.9487333118143));
#3446=CARTESIAN_POINT('Ctrl Pts',(-146.724699302996,3.99999999772567,-19.9627188403221));
#3447=CARTESIAN_POINT('Ctrl Pts',(-146.584243741167,3.99999998918249,-20.1423820501201));
#3448=CARTESIAN_POINT('Ctrl Pts',(-146.440990177455,3.99999997829529,-20.32005740426));
#3449=CARTESIAN_POINT('Ctrl Pts',(-146.295147434148,3.99999998281738,-20.4953590541156));
#3450=CARTESIAN_POINT('Ctrl Pts',(-146.137983427858,3.9999999876905,-20.684268759021));
#3451=CARTESIAN_POINT('Ctrl Pts',(-145.977812598726,3.99999999674031,-20.8704220162759));
#3452=CARTESIAN_POINT('Ctrl Pts',(-145.8145479827,3.99999999844149,-21.0537702938261));
#3453=CARTESIAN_POINT('Ctrl Pts',(-145.806646601765,3.99999999852382,-21.0626436469139));
#3454=CARTESIAN_POINT('Ctrl Pts',(-145.798737975113,3.99999999859736,-21.0715104284333));
#3455=CARTESIAN_POINT('Ctrl Pts',(-145.790822092506,3.99999999866285,-21.0803706315566));
#3456=CARTESIAN_POINT('Ctrl Pts',(-145.509604612428,4.00000000098937,-21.3951357840032));
#3457=CARTESIAN_POINT('Ctrl Pts',(-145.219534559815,4.00000000003564,-21.701368308236));
#3458=CARTESIAN_POINT('Ctrl Pts',(-144.920373688399,3.99999999995618,-21.9990791439116));
#3459=CARTESIAN_POINT('Ctrl Pts',(-144.879911662158,3.99999999994543,-22.039345050306));
#3460=CARTESIAN_POINT('Ctrl Pts',(-144.839283276217,3.99999999993025,-22.0794550204966));
#3461=CARTESIAN_POINT('Ctrl Pts',(-144.798487883451,3.99999999990845,-22.1194090354222));
#3462=CARTESIAN_POINT('Ctrl Pts',(-144.79418744326,3.99999999990615,-22.1236207818951));
#3463=CARTESIAN_POINT('Ctrl Pts',(-144.789885147227,3.99999999990378,-22.1278307953374));
#3464=CARTESIAN_POINT('Ctrl Pts',(-144.785580998373,3.99999999990133,-22.1320390730953));
#3465=CARTESIAN_POINT('Ctrl Pts',(-144.438666525092,3.99999999970405,-22.4712263343474));
#3466=CARTESIAN_POINT('Ctrl Pts',(-144.079719969945,3.99999999998073,-22.7991780720967));
#3467=CARTESIAN_POINT('Ctrl Pts',(-143.710618267426,3.99999999999359,-23.1141423624531));
#3468=CARTESIAN_POINT('Ctrl Pts',(-143.710505460081,3.99999999999359,-23.1142386239578));
#3469=CARTESIAN_POINT('Ctrl Pts',(-143.710392651788,3.9999999999936,-23.1143348842495));
#3470=CARTESIAN_POINT('Ctrl Pts',(-143.710279842547,3.9999999999936,-23.1144311433281));
#3471=CARTESIAN_POINT('Ctrl Pts',(-143.341059124969,4.00000000000641,-23.4294837550677));
#3472=CARTESIAN_POINT('Ctrl Pts',(-142.961683763065,3.99999999998544,-23.731548401438));
#3473=CARTESIAN_POINT('Ctrl Pts',(-142.572067570359,3.99999999999515,-24.0209928119755));
#3474=CARTESIAN_POINT('Ctrl Pts',(-142.567472829983,3.99999999999526,-24.0244062273947));
#3475=CARTESIAN_POINT('Ctrl Pts',(-142.562876667991,3.99999999999537,-24.0278178838682));
#3476=CARTESIAN_POINT('Ctrl Pts',(-142.558279084425,3.99999999999548,-24.031227781809));
#3477=CARTESIAN_POINT('Ctrl Pts',(-142.17301938374,4.00000000000452,-24.3169640258613));
#3478=CARTESIAN_POINT('Ctrl Pts',(-141.777776651265,4.00000000011668,-24.5903509553426));
#3479=CARTESIAN_POINT('Ctrl Pts',(-141.374736272142,3.99999999988049,-24.8503586929508));
#3480=CARTESIAN_POINT('Ctrl Pts',(-141.364998770704,3.99999999987479,-24.8566405094881));
#3481=CARTESIAN_POINT('Ctrl Pts',(-141.355256668564,3.99999999986819,-24.8629145191435));
#3482=CARTESIAN_POINT('Ctrl Pts',(-141.34550999673,3.99999999986059,-24.8691807102551));
#3483=CARTESIAN_POINT('Ctrl Pts',(-140.947022418904,3.99999999955009,-25.1253706549765));
#3484=CARTESIAN_POINT('Ctrl Pts',(-140.540899761149,3.99999999576815,-25.3684903209157));
#3485=CARTESIAN_POINT('Ctrl Pts',(-140.127006079096,3.99999999913716,-25.5995065605029));
#3486=CARTESIAN_POINT('Ctrl Pts',(-140.111750562137,3.99999999926133,-25.6080214818791));
#3487=CARTESIAN_POINT('Ctrl Pts',(-140.096484494498,3.99999999936322,-25.6165195959808));
#3488=CARTESIAN_POINT('Ctrl Pts',(-140.081207849968,3.99999999944797,-25.6250009468962));
#3489=CARTESIAN_POINT('Ctrl Pts',(-139.88418229381,4.00000000054106,-25.7343864129123));
#3490=CARTESIAN_POINT('Ctrl Pts',(-139.685397451265,4.00000000173436,-25.8409839109066));
#3491=CARTESIAN_POINT('Ctrl Pts',(-139.485144446532,3.99999999797404,-25.9446523405833));
#3492=CARTESIAN_POINT('Ctrl Pts',(-139.467013183359,3.99999999763357,-25.9540386645677));
#3493=CARTESIAN_POINT('Ctrl Pts',(-139.448870451372,3.99999999738844,-25.9634026806031));
#3494=CARTESIAN_POINT('Ctrl Pts',(-139.430716464429,3.99999999727076,-25.9727439967428));
#3495=CARTESIAN_POINT('Ctrl Pts',(-139.376057146481,3.99999999691644,-26.0008694972478));
#3496=CARTESIAN_POINT('Ctrl Pts',(-139.321295766111,3.99999999780355,-26.028789223468));
#3497=CARTESIAN_POINT('Ctrl Pts',(-139.266436560898,3.9999999986293,-26.0565182392604));
#3498=CARTESIAN_POINT('Ctrl Pts',(-139.231095932656,3.99999999916125,-26.0743814371468));
#3499=CARTESIAN_POINT('Ctrl Pts',(-139.195714723344,3.99999999962334,-26.0921654850849));
#3500=CARTESIAN_POINT('Ctrl Pts',(-139.160323130558,3.99999999983652,-26.1099272687643));
#3501=CARTESIAN_POINT('Ctrl Pts',(-139.140776412592,3.99999999995426,-26.1197370724157));
#3502=CARTESIAN_POINT('Ctrl Pts',(-139.121225567857,3.99999999997614,-26.1295388410895));
#3503=CARTESIAN_POINT('Ctrl Pts',(-139.101675942685,3.99999999998877,-26.1393430556519));
#3504=CARTESIAN_POINT('Ctrl Pts',(-139.066929212919,4.00000000001122,-26.1567686784439));
#3505=CARTESIAN_POINT('Ctrl Pts',(-139.032186335356,3.99999999999999,-26.1742020281105));
#3506=CARTESIAN_POINT('Ctrl Pts',(-138.997446064629,3.99999999999999,-26.1916411195381));
#3507=CARTESIAN_POINT('Ctrl Pts',(-138.943159802794,3.99999999999999,-26.2188920034147));
#3508=CARTESIAN_POINT('Ctrl Pts',(-138.888880124177,4.,-26.2461567984429));
#3509=CARTESIAN_POINT('Ctrl Pts',(-138.83459725756,4.,-26.273416139692));
#3510=CARTESIAN_POINT('Origin',(-169.271150025298,77.119998551832,0.));
#3511=CARTESIAN_POINT('',(-138.044451720139,3.00000000000001,32.4352645291301));
#3512=CARTESIAN_POINT('',(-138.044451720139,0.499999999999998,32.4352645291301));
#3513=CARTESIAN_POINT('',(-138.044451720139,3.,32.4352645291301));
#3514=CARTESIAN_POINT('',(-137.63212728616,5.05961013826569E-16,32.0331907911379));
#3515=CARTESIAN_POINT('Ctrl Pts',(-138.044444388066,0.5,32.4352574702552));
#3516=CARTESIAN_POINT('Ctrl Pts',(-138.044444388066,0.464557121772923,32.4352574702552));
#3517=CARTESIAN_POINT('Ctrl Pts',(-138.0413083942,0.429346509546215,32.432239156848));
#3518=CARTESIAN_POINT('Ctrl Pts',(-138.02850592733,0.357729133967945,32.4199066502364));
#3519=CARTESIAN_POINT('Ctrl Pts',(-138.018415927173,0.32195189675362,32.4101838246426));
#3520=CARTESIAN_POINT('Ctrl Pts',(-137.982216471667,0.228770879403281,32.3752488589555));
#3521=CARTESIAN_POINT('Ctrl Pts',(-137.950296412489,0.17692305006384,32.3443962638792));
#3522=CARTESIAN_POINT('Ctrl Pts',(-137.872080294827,0.0887555472523388,
32.2684779831614));
#3523=CARTESIAN_POINT('Ctrl Pts',(-137.825481546163,0.0544017158930001,
32.223093848084));
#3524=CARTESIAN_POINT('Ctrl Pts',(-137.729633294084,0.0106653040439378,
32.129270550092));
#3525=CARTESIAN_POINT('Ctrl Pts',(-137.680833081081,7.59567748021154E-16,
32.0812972612833));
#3526=CARTESIAN_POINT('Ctrl Pts',(-137.632127286865,7.58941520739853E-16,
32.0331907913185));
#3527=CARTESIAN_POINT('',(-137.632128345908,5.05961013826569E-16,-32.0331918378558));
#3528=CARTESIAN_POINT('Origin',(-169.271150025298,0.,0.));
#3529=CARTESIAN_POINT('',(-138.0444501011,0.499999999999998,-32.4352617100676));
#3530=CARTESIAN_POINT('Ctrl Pts',(-137.632128346627,7.58941520739853E-16,
-32.0331918380399));
#3531=CARTESIAN_POINT('Ctrl Pts',(-137.680628524783,7.58941762616758E-16,
-32.081095218878));
#3532=CARTESIAN_POINT('Ctrl Pts',(-137.729222506124,0.0105753489295408,
-32.1288667760988));
#3533=CARTESIAN_POINT('Ctrl Pts',(-137.824935935103,0.054048481387536,-32.222561518109));
#3534=CARTESIAN_POINT('Ctrl Pts',(-137.87158708117,0.0883281486158989,-32.2679982028912));
#3535=CARTESIAN_POINT('Ctrl Pts',(-137.949927897116,0.176384821568223,-32.3440395497945));
#3536=CARTESIAN_POINT('Ctrl Pts',(-137.98191839701,0.228199209355785,-32.3749608833025));
#3537=CARTESIAN_POINT('Ctrl Pts',(-138.018265190294,0.321446668181326,-32.4100385290688));
#3538=CARTESIAN_POINT('Ctrl Pts',(-138.028414699583,0.357320575375917,-32.4198187506235));
#3539=CARTESIAN_POINT('Ctrl Pts',(-138.041291781756,0.429141693592145,-32.4322231732072));
#3540=CARTESIAN_POINT('Ctrl Pts',(-138.044446087577,0.464453707781961,-32.4352591064413));
#3541=CARTESIAN_POINT('Ctrl Pts',(-138.044446087577,0.499999999999988,-32.4352591064413));
#3542=CARTESIAN_POINT('',(-138.044451720131,3.,-32.4352645291224));
#3543=CARTESIAN_POINT('',(-138.044451720131,3.,-32.4352645291224));
#3544=CARTESIAN_POINT('Origin',(-169.271150025298,3.,0.));
#3545=CARTESIAN_POINT('Ctrl Pts',(-157.962960911582,3.00000000000013,13.0744663781921));
#3546=CARTESIAN_POINT('Ctrl Pts',(-157.962960911582,-2.44249065417534E-14,
13.0744663781921));
#3547=CARTESIAN_POINT('Ctrl Pts',(-154.761445556746,3.00000000000013,23.1002337775652));
#3548=CARTESIAN_POINT('Ctrl Pts',(-154.761445556746,-2.44249065417534E-14,
23.1002337775652));
#3549=CARTESIAN_POINT('Ctrl Pts',(-148.121942492931,3.00000000000013,29.5538331612112));
#3550=CARTESIAN_POINT('Ctrl Pts',(-148.121942492931,-2.44249065417534E-14,
29.5538331612112));
#3551=CARTESIAN_POINT('Ctrl Pts',(-138.044451720139,3.00000000000013,32.4352645291302));
#3552=CARTESIAN_POINT('Ctrl Pts',(-138.044451720139,-2.44249065417534E-14,
32.4352645291302));
#3553=CARTESIAN_POINT('',(-157.875697529936,3.00001557257583,13.3443444981349));
#3554=CARTESIAN_POINT('',(-157.909084118873,2.83621302594943,13.241872846497));
#3555=CARTESIAN_POINT('Ctrl Pts',(-157.909077331672,2.83621419611431,13.2418687286847));
#3556=CARTESIAN_POINT('Ctrl Pts',(-157.898607526233,2.89187018301317,13.27413884015));
#3557=CARTESIAN_POINT('Ctrl Pts',(-157.887329333018,2.94658966603595,13.3087487460293));
#3558=CARTESIAN_POINT('Ctrl Pts',(-157.875671784205,2.99999189994631,13.344333077243));
#3559=CARTESIAN_POINT('',(-157.962960147921,2.72487724171426,13.0744687696493));
#3560=CARTESIAN_POINT('Ctrl Pts',(-157.909077339814,2.83621415281574,13.2418687035842));
#3561=CARTESIAN_POINT('Ctrl Pts',(-157.914993180905,2.80476638845213,13.2236348545829));
#3562=CARTESIAN_POINT('Ctrl Pts',(-157.929774215303,2.74997637031593,13.1780055064321));
#3563=CARTESIAN_POINT('Ctrl Pts',(-157.951902242837,2.71665761842821,13.1090973575105));
#3564=CARTESIAN_POINT('Ctrl Pts',(-157.962960147921,2.72487724171426,13.0744687696493));
#3565=CARTESIAN_POINT('',(-157.9629609115,0.5,13.0744663784479));
#3566=CARTESIAN_POINT('',(-157.962960911498,2.72487780934072,13.0744663784535));
#3567=CARTESIAN_POINT('Ctrl Pts',(-157.962960911582,0.500000000000001,13.0744663781921));
#3568=CARTESIAN_POINT('Ctrl Pts',(-154.761445556746,0.500000000000001,23.1002337775652));
#3569=CARTESIAN_POINT('Ctrl Pts',(-148.121942492931,0.500000000000001,29.5538331612112));
#3570=CARTESIAN_POINT('Ctrl Pts',(-138.044451720139,0.500000000000001,32.4352645291302));
#3571=CARTESIAN_POINT('Ctrl Pts',(-138.04445665957,3.,32.4352631168065));
#3572=CARTESIAN_POINT('Ctrl Pts',(-138.33278432071,3.,32.3528220284731));
#3573=CARTESIAN_POINT('Ctrl Pts',(-138.911830980268,3.00000000000001,32.1797228731417));
#3574=CARTESIAN_POINT('Ctrl Pts',(-140.053436109042,3.,31.8071573202059));
#3575=CARTESIAN_POINT('Ctrl Pts',(-141.461009734872,3.,31.2867647800524));
#3576=CARTESIAN_POINT('Ctrl Pts',(-143.111298152307,3.,30.570919776182));
#3577=CARTESIAN_POINT('Ctrl Pts',(-144.726854332648,3.,29.7535846204758));
#3578=CARTESIAN_POINT('Ctrl Pts',(-146.28115802932,3.,28.8405954770321));
#3579=CARTESIAN_POINT('Ctrl Pts',(-147.765170411121,3.,27.833612177822));
#3580=CARTESIAN_POINT('Ctrl Pts',(-149.178427451387,3.,26.7292553917372));
#3581=CARTESIAN_POINT('Ctrl Pts',(-150.296557772607,3.00000000000001,25.7243360327623));
#3582=CARTESIAN_POINT('Ctrl Pts',(-151.150935690475,3.,24.8712641053041));
#3583=CARTESIAN_POINT('Ctrl Pts',(-151.968857223128,3.00000000000001,23.9957549134885));
#3584=CARTESIAN_POINT('Ctrl Pts',(-153.312473519874,3.,22.4001616960714));
#3585=CARTESIAN_POINT('Ctrl Pts',(-154.652904892107,3.,20.4390556947613));
#3586=CARTESIAN_POINT('Ctrl Pts',(-155.81227758867,3.,18.3510628622019));
#3587=CARTESIAN_POINT('Ctrl Pts',(-156.856450843347,3.,16.1774628566573));
#3588=CARTESIAN_POINT('Ctrl Pts',(-157.500558595539,3.,14.489354672597));
#3589=CARTESIAN_POINT('Ctrl Pts',(-157.875670015982,3.,13.3443384746905));
#3590=CARTESIAN_POINT('Ctrl Pts',(-138.044451720131,3.,-32.4352645291224));
#3591=CARTESIAN_POINT('Ctrl Pts',(-138.044451720131,-5.55111512312578E-16,
-32.4352645291224));
#3592=CARTESIAN_POINT('Ctrl Pts',(-148.121942492932,3.,-29.5538331612122));
#3593=CARTESIAN_POINT('Ctrl Pts',(-148.121942492932,-1.11022302462516E-15,
-29.5538331612122));
#3594=CARTESIAN_POINT('Ctrl Pts',(-154.76144555675,3.,-23.1002337775667));
#3595=CARTESIAN_POINT('Ctrl Pts',(-154.76144555675,-1.11022302462516E-15,
-23.1002337775667));
#3596=CARTESIAN_POINT('Ctrl Pts',(-157.962960911584,3.,-13.074466378186));
#3597=CARTESIAN_POINT('Ctrl Pts',(-157.962960911584,-5.55111512312578E-16,
-13.074466378186));
#3598=CARTESIAN_POINT('',(-157.962960911502,0.500000000000001,-13.0744663784419));
#3599=CARTESIAN_POINT('Ctrl Pts',(-138.044451720131,0.499999999999993,-32.4352645291224));
#3600=CARTESIAN_POINT('Ctrl Pts',(-138.33558852108,0.500000000037201,-32.3520205223035));
#3601=CARTESIAN_POINT('Ctrl Pts',(-138.920258150414,0.499999999983178,-32.1771656534905));
#3602=CARTESIAN_POINT('Ctrl Pts',(-140.072819539802,0.500000000009712,-31.8005543163807));
#3603=CARTESIAN_POINT('Ctrl Pts',(-141.493673874042,0.499999999996711,-31.2740030472606));
#3604=CARTESIAN_POINT('Ctrl Pts',(-143.159080233624,0.500000000000849,-30.5488731448479));
#3605=CARTESIAN_POINT('Ctrl Pts',(-144.789007760042,0.499999999999773,-29.7200158063309));
#3606=CARTESIAN_POINT('Ctrl Pts',(-146.355309235032,0.500000000000062,-28.7940421898605));
#3607=CARTESIAN_POINT('Ctrl Pts',(-147.849975457148,0.499999999999984,-27.7721090037737));
#3608=CARTESIAN_POINT('Ctrl Pts',(-149.035732391669,0.500000000000003,-26.8371983532783));
#3609=CARTESIAN_POINT('Ctrl Pts',(-149.946705626913,0.5,-26.0384463332547));
#3610=CARTESIAN_POINT('Ctrl Pts',(-150.61207744635,0.500000000000001,-25.4124078261858));
#3611=CARTESIAN_POINT('Ctrl Pts',(-151.254447254632,0.500000000000001,-24.7637537631585));
#3612=CARTESIAN_POINT('Ctrl Pts',(-152.07461360486,0.500000000000001,-23.8754410705364));
#3613=CARTESIAN_POINT('Ctrl Pts',(-153.420427989957,0.500000000000001,-22.2566846061721));
#3614=CARTESIAN_POINT('Ctrl Pts',(-154.760351945888,0.500000000000001,-20.2669680190052));
#3615=CARTESIAN_POINT('Ctrl Pts',(-155.916657574293,0.500000000000001,-18.147944889922));
#3616=CARTESIAN_POINT('Ctrl Pts',(-156.95515150166,0.500000000000001,-15.9438010151002));
#3617=CARTESIAN_POINT('Ctrl Pts',(-157.592837773343,0.500000000000001,-14.2335326582959));
#3618=CARTESIAN_POINT('Ctrl Pts',(-157.962960911502,0.500000000000001,-13.0744663784419));
#3619=CARTESIAN_POINT('',(-157.962960147921,2.72487724171446,-13.0744687696478));
#3620=CARTESIAN_POINT('',(-157.962960911498,2.72487780934044,-13.0744663784535));
#3621=CARTESIAN_POINT('',(-157.909084118873,2.83621302595878,-13.2418728464992));
#3622=CARTESIAN_POINT('Ctrl Pts',(-157.962960147921,2.72487724171446,-13.0744687696478));
#3623=CARTESIAN_POINT('Ctrl Pts',(-157.951900048945,2.7166559856128,-13.109104227853));
#3624=CARTESIAN_POINT('Ctrl Pts',(-157.92979649315,2.74992402420686,-13.1779363757101));
#3625=CARTESIAN_POINT('Ctrl Pts',(-157.914991100767,2.80477744619855,-13.2236412660086));
#3626=CARTESIAN_POINT('Ctrl Pts',(-157.909077339815,2.83621415282577,-13.2418687035854));
#3627=CARTESIAN_POINT('',(-157.875709206,3.00000004530573,-13.3443329844937));
#3628=CARTESIAN_POINT('Ctrl Pts',(-157.909077331671,2.83621419612157,-13.2418687286889));
#3629=CARTESIAN_POINT('Ctrl Pts',(-157.898607526239,2.89187018298229,-13.2741388401323));
#3630=CARTESIAN_POINT('Ctrl Pts',(-157.887329333029,2.94658966596118,-13.3087487459963));
#3631=CARTESIAN_POINT('Ctrl Pts',(-157.875671784227,2.9999918998438,-13.3443330771749));
#3632=CARTESIAN_POINT('Ctrl Pts',(-157.87567538434,3.,-13.3443220879305));
#3633=CARTESIAN_POINT('Ctrl Pts',(-154.641644041446,3.,-23.2161196522894));
#3634=CARTESIAN_POINT('Ctrl Pts',(-148.031237785325,3.,-29.5797666660677));
#3635=CARTESIAN_POINT('Ctrl Pts',(-138.044456615977,3.,-32.4352631292652));
#3636=CARTESIAN_POINT('Origin',(-150.606817058445,0.,-25.4100291252197));
#3637=CARTESIAN_POINT('',(-157.486656113631,0.,12.9223685825192));
#3638=CARTESIAN_POINT('Ctrl Pts',(-137.632127286261,7.58941520739853E-16,
32.0331907914909));
#3639=CARTESIAN_POINT('Ctrl Pts',(-137.722073616278,7.58941520739854E-16,
32.0075237981845));
#3640=CARTESIAN_POINT('Ctrl Pts',(-137.812015115567,-6.79418392672206E-12,
31.9818440972488));
#3641=CARTESIAN_POINT('Ctrl Pts',(-137.901895167334,6.79748666025084E-12,
31.9559909326503));
#3642=CARTESIAN_POINT('Ctrl Pts',(-138.047302652422,2.87860213720693E-11,
31.9141658160432));
#3643=CARTESIAN_POINT('Ctrl Pts',(-138.192549252824,-5.15885432969504E-10,
31.8718866254086));
#3644=CARTESIAN_POINT('Ctrl Pts',(-138.337468908592,2.1863333093987E-9,
31.8286583993995));
#3645=CARTESIAN_POINT('Ctrl Pts',(-138.39188218326,3.20094081632977E-9,
31.8124274104228));
#3646=CARTESIAN_POINT('Ctrl Pts',(-138.446249372245,4.76619324844283E-9,
31.7960626427694));
#3647=CARTESIAN_POINT('Ctrl Pts',(-138.500569675973,7.64641405360436E-9,
31.7795666750648));
#3648=CARTESIAN_POINT('Ctrl Pts',(-138.735746179343,2.01161576191157E-8,
31.7081483703391));
#3649=CARTESIAN_POINT('Ctrl Pts',(-138.970002493353,1.37218549360446E-8,
31.634109850069));
#3650=CARTESIAN_POINT('Ctrl Pts',(-139.203363931928,7.73477420806177E-9,
31.5576985284432));
#3651=CARTESIAN_POINT('Ctrl Pts',(-139.25620607312,6.37906536819993E-9,
31.5403960217793));
#3652=CARTESIAN_POINT('Ctrl Pts',(-139.309002364045,5.24353328410507E-9,
31.522971833835));
#3653=CARTESIAN_POINT('Ctrl Pts',(-139.361753897277,4.42628087986051E-9,
31.5054255973935));
#3654=CARTESIAN_POINT('Ctrl Pts',(-139.883286378701,-3.65355392727977E-9,
31.3319532512769));
#3655=CARTESIAN_POINT('Ctrl Pts',(-140.400266388617,-2.18777872360848E-10,
31.146519939495));
#3656=CARTESIAN_POINT('Ctrl Pts',(-140.913176732259,2.34303673455457E-10,
30.9476487544318));
#3657=CARTESIAN_POINT('Ctrl Pts',(-140.962245059213,2.7764838994002E-10,
30.9286234482521));
#3658=CARTESIAN_POINT('Ctrl Pts',(-141.011276133338,3.32646967529019E-10,
30.9094751783501));
#3659=CARTESIAN_POINT('Ctrl Pts',(-141.060266791566,4.0302678123829E-10,
30.890204480957));
#3660=CARTESIAN_POINT('Ctrl Pts',(-141.576005105844,1.14393469704221E-9,
30.6873364781999));
#3661=CARTESIAN_POINT('Ctrl Pts',(-142.087603242537,2.80597747243883E-11,
30.4706929207652));
#3662=CARTESIAN_POINT('Ctrl Pts',(-142.591388437912,9.47461419995299E-12,
30.2409621182843));
#3663=CARTESIAN_POINT('Ctrl Pts',(-142.635688172807,7.84035084370152E-12,
30.2207610211884));
#3664=CARTESIAN_POINT('Ctrl Pts',(-142.679927518512,7.63870663381574E-12,
30.200458731292));
#3665=CARTESIAN_POINT('Ctrl Pts',(-142.724105613986,9.11148255930403E-12,
30.1800553733864));
#3666=CARTESIAN_POINT('Ctrl Pts',(-143.135728080467,2.28338409477602E-11,
29.9899502904182));
#3667=CARTESIAN_POINT('Ctrl Pts',(-143.541917781435,3.95161879459652E-11,
29.7911008820757));
#3668=CARTESIAN_POINT('Ctrl Pts',(-143.942245789982,3.25705310213378E-11,
29.5834254299471));
#3669=CARTESIAN_POINT('Ctrl Pts',(-144.034416362719,3.09713794178954E-11,
29.5356107256116));
#3670=CARTESIAN_POINT('Ctrl Pts',(-144.126276100038,2.84179448922872E-11,
29.4873279713336));
#3671=CARTESIAN_POINT('Ctrl Pts',(-144.217819555221,2.52251053707083E-11,
29.4385758348787));
#3672=CARTESIAN_POINT('Ctrl Pts',(-144.256637495177,2.38712188193324E-11,
29.4179030571049));
#3673=CARTESIAN_POINT('Ctrl Pts',(-144.295398563808,2.24061552315938E-11,
29.3971458788676));
#3674=CARTESIAN_POINT('Ctrl Pts',(-144.334102881061,2.08716490772432E-11,
29.3763039083717));
#3675=CARTESIAN_POINT('Ctrl Pts',(-144.979621101576,-4.72114656970324E-12,
29.0286974225519));
#3676=CARTESIAN_POINT('Ctrl Pts',(-145.609227328332,-1.6685029485307E-13,
28.6575751478327));
#3677=CARTESIAN_POINT('Ctrl Pts',(-146.222279937315,2.19342292605031E-12,
28.2618191552755));
#3678=CARTESIAN_POINT('Ctrl Pts',(-146.579572315219,3.56901063131727E-12,
28.0311691301741));
#3679=CARTESIAN_POINT('Ctrl Pts',(-146.931242520231,6.14580334190473E-12,
27.7921526238269));
#3680=CARTESIAN_POINT('Ctrl Pts',(-147.277168162126,2.32612181094286E-11,
27.5445551503677));
#3681=CARTESIAN_POINT('Ctrl Pts',(-147.305772308287,2.46764697309879E-11,
27.5240816339168));
#3682=CARTESIAN_POINT('Ctrl Pts',(-147.334337178434,2.62004960242182E-11,
27.5035494487675));
#3683=CARTESIAN_POINT('Ctrl Pts',(-147.362862671596,2.78460047120625E-11,
27.4829584683017));
#3684=CARTESIAN_POINT('Ctrl Pts',(-147.820542975981,5.42475436039947E-11,
27.1525842954959));
#3685=CARTESIAN_POINT('Ctrl Pts',(-148.26809054286,4.97742938043752E-11,
26.80707170603));
#3686=CARTESIAN_POINT('Ctrl Pts',(-148.705276253117,2.00119189450692E-11,
26.4457327414165));
#3687=CARTESIAN_POINT('Ctrl Pts',(-148.729183746806,1.83843639440329E-11,
26.4259729258202));
#3688=CARTESIAN_POINT('Ctrl Pts',(-148.753060247502,1.67661528840942E-11,
26.4061657727375));
#3689=CARTESIAN_POINT('Ctrl Pts',(-148.776905661471,1.5190940918674E-11,
26.3863112079714));
#3690=CARTESIAN_POINT('Ctrl Pts',(-149.126900178462,-7.92946083689633E-12,
26.0948929581402));
#3691=CARTESIAN_POINT('Ctrl Pts',(-149.470194264957,-3.70987936075315E-12,
25.7932636488406));
#3692=CARTESIAN_POINT('Ctrl Pts',(-149.806256155245,4.67364675918865E-12,
25.4814188715076));
#3693=CARTESIAN_POINT('Ctrl Pts',(-149.892057525694,6.81407996827944E-12,
25.4018004737195));
#3694=CARTESIAN_POINT('Ctrl Pts',(-149.977387612697,1.0335729591007E-11,
25.3215163941889));
#3695=CARTESIAN_POINT('Ctrl Pts',(-150.062237882271,1.74001600862285E-11,
25.2405670096184));
#3696=CARTESIAN_POINT('Ctrl Pts',(-150.081744276012,1.9024215772706E-11,
25.2219573979282));
#3697=CARTESIAN_POINT('Ctrl Pts',(-150.101225311788,2.08406302777565E-11,
25.2033126254671));
#3698=CARTESIAN_POINT('Ctrl Pts',(-150.120679964366,2.28850431695535E-11,
25.1846337299709));
#3699=CARTESIAN_POINT('Ctrl Pts',(-150.320594510976,4.38932762756251E-11,
24.9926908047803));
#3700=CARTESIAN_POINT('Ctrl Pts',(-150.517822242414,2.83729453227631E-13,
24.7970373081372));
#3701=CARTESIAN_POINT('Ctrl Pts',(-150.711304437655,1.91074033987872E-14,
24.5987439889344));
#3702=CARTESIAN_POINT('Ctrl Pts',(-150.72858296179,-4.52411716118361E-15,
24.5810358174019));
#3703=CARTESIAN_POINT('Ctrl Pts',(-150.745831612113,7.58941520739853E-16,
24.563306593357));
#3704=CARTESIAN_POINT('Ctrl Pts',(-150.763050594463,7.58941520739853E-16,
24.5455561962216));
#3705=CARTESIAN_POINT('Ctrl Pts',(-150.957367032559,7.58941520739853E-16,
24.3452427354133));
#3706=CARTESIAN_POINT('Ctrl Pts',(-151.147803691568,2.62840665994511E-12,
24.1423315924229));
#3707=CARTESIAN_POINT('Ctrl Pts',(-151.334660504328,2.11178413818793E-12,
23.9366377129839));
#3708=CARTESIAN_POINT('Ctrl Pts',(-151.349775105035,2.06999522496899E-12,
23.9199994068405));
#3709=CARTESIAN_POINT('Ctrl Pts',(-151.364866280479,1.99387955403484E-12,
23.9033428921041));
#3710=CARTESIAN_POINT('Ctrl Pts',(-151.379934057702,1.88444627459151E-12,
23.886668187494));
#3711=CARTESIAN_POINT('Ctrl Pts',(-151.770471997838,-9.51927458828768E-13,
23.4544806992891));
#3712=CARTESIAN_POINT('Ctrl Pts',(-152.145366317049,-4.49830371403096E-13,
23.0100043675168));
#3713=CARTESIAN_POINT('Ctrl Pts',(-152.504858433684,4.77904246412578E-13,
22.5538397696073));
#3714=CARTESIAN_POINT('Ctrl Pts',(-152.51604580314,5.06775282651364E-13,
22.5396439593139));
#3715=CARTESIAN_POINT('Ctrl Pts',(-152.527218256887,5.38279894333601E-13,
22.525436829947));
#3716=CARTESIAN_POINT('Ctrl Pts',(-152.538375812235,5.72809699462526E-13,
22.5112183886194));
#3717=CARTESIAN_POINT('Ctrl Pts',(-152.899581737393,1.69065046460662E-12,
22.0509217471105));
#3718=CARTESIAN_POINT('Ctrl Pts',(-153.245166711171,2.64759881987007E-11,
21.578783644353));
#3719=CARTESIAN_POINT('Ctrl Pts',(-153.575741675241,1.00729331466717E-11,
21.0949990043441));
#3720=CARTESIAN_POINT('Ctrl Pts',(-153.58350777857,9.68758085360347E-12,
21.0836335898047));
#3721=CARTESIAN_POINT('Ctrl Pts',(-153.5912655975,9.28923935419222E-12,
21.0722617474096));
#3722=CARTESIAN_POINT('Ctrl Pts',(-153.599015133871,8.88154886680717E-12,
21.0608834862017));
#3723=CARTESIAN_POINT('Ctrl Pts',(-153.931321939225,-8.60057095961795E-12,
20.5729738292244));
#3724=CARTESIAN_POINT('Ctrl Pts',(-154.248415246748,-1.17048945661523E-10,
20.073253969855));
#3725=CARTESIAN_POINT('Ctrl Pts',(-154.550423661438,1.17065380823252E-10,
19.5624982002381));
#3726=CARTESIAN_POINT('Ctrl Pts',(-154.555251788768,1.20808103618641E-10,
19.5543328850669));
#3727=CARTESIAN_POINT('Ctrl Pts',(-154.560076060972,1.24700626739135E-10,
19.5461647494886));
#3728=CARTESIAN_POINT('Ctrl Pts',(-154.564896472299,1.2875250896293E-10,
19.5379938132361));
#3729=CARTESIAN_POINT('Ctrl Pts',(-154.745273243559,2.80371402762494E-10,
19.232242498789));
#3730=CARTESIAN_POINT('Ctrl Pts',(-154.920253902903,5.3376315111268E-10,
18.9225505604784));
#3731=CARTESIAN_POINT('Ctrl Pts',(-155.089697869332,5.35737338275662E-10,
18.6096123658002));
#3732=CARTESIAN_POINT('Ctrl Pts',(-155.205289820016,5.37084097030158E-10,
18.3961309587678));
#3733=CARTESIAN_POINT('Ctrl Pts',(-155.318304199796,4.02243812997542E-10,
18.1811381773591));
#3734=CARTESIAN_POINT('Ctrl Pts',(-155.428682849097,2.28585832080017E-10,
17.9648511370524));
#3735=CARTESIAN_POINT('Ctrl Pts',(-155.431301497718,2.24465929951157E-10,
17.9597198932529));
#3736=CARTESIAN_POINT('Ctrl Pts',(-155.433918662299,2.20343328248838E-10,
17.9545879209759));
#3737=CARTESIAN_POINT('Ctrl Pts',(-155.436534344776,2.16222413692092E-10,
17.9494552184534));
#3738=CARTESIAN_POINT('Ctrl Pts',(-155.589438173616,-2.46721213048974E-11,
17.6494150282482));
#3739=CARTESIAN_POINT('Ctrl Pts',(-155.737276921743,6.98069254301234E-12,
17.3468950915847));
#3740=CARTESIAN_POINT('Ctrl Pts',(-155.880150989631,1.63563442295927E-11,
17.0421737478422));
#3741=CARTESIAN_POINT('Ctrl Pts',(-155.991934051892,2.36917485594486E-11,
16.8037631990066));
#3742=CARTESIAN_POINT('Ctrl Pts',(-156.100679231172,2.99658439169295E-11,
16.5640054233705));
#3743=CARTESIAN_POINT('Ctrl Pts',(-156.206455312191,2.4536334957479E-10,
16.3230415862801));
#3744=CARTESIAN_POINT('Ctrl Pts',(-156.208182899485,2.48881328217233E-10,
16.3191060456623));
#3745=CARTESIAN_POINT('Ctrl Pts',(-156.209909695144,2.52462524080583E-10,
16.3151701834865));
#3746=CARTESIAN_POINT('Ctrl Pts',(-156.21163569921,2.56108602435969E-10,
16.3112340006947));
#3747=CARTESIAN_POINT('Ctrl Pts',(-156.612579430011,1.10307778837629E-9,
15.3968747330306));
#3748=CARTESIAN_POINT('Ctrl Pts',(-156.970721908561,9.07210381317341E-11,
14.4651553809557));
#3749=CARTESIAN_POINT('Ctrl Pts',(-157.290587217683,1.33730080868688E-11,
13.5189994552174));
#3750=CARTESIAN_POINT('Ctrl Pts',(-157.35760993007,-2.83404726909961E-12,
13.3207474576561));
#3751=CARTESIAN_POINT('Ctrl Pts',(-157.422952275613,7.58941520742958E-16,
13.1218615702064));
#3752=CARTESIAN_POINT('Ctrl Pts',(-157.486656113631,7.58941520739899E-16,
12.9223685825192));
#3753=CARTESIAN_POINT('',(-157.486656113631,0.,-12.9223685825192));
#3754=CARTESIAN_POINT('',(-157.486656113631,0.,-12.9223685825192));
#3755=CARTESIAN_POINT('Ctrl Pts',(-157.486656113631,7.58941520739853E-16,
-12.9223685825192));
#3756=CARTESIAN_POINT('Ctrl Pts',(-157.272391435201,7.58941520739853E-16,
-13.5933532857209));
#3757=CARTESIAN_POINT('Ctrl Pts',(-157.039871758544,-1.40984406986643E-12,
-14.2569081747971));
#3758=CARTESIAN_POINT('Ctrl Pts',(-156.787131607298,1.4113622748209E-12,
-14.9127167041826));
#3759=CARTESIAN_POINT('Ctrl Pts',(-156.606332089649,3.42953288917013E-12,
-15.3818541372307));
#3760=CARTESIAN_POINT('Ctrl Pts',(-156.415185962093,5.96388454988476E-12,
-15.8470277096532));
#3761=CARTESIAN_POINT('Ctrl Pts',(-156.212989760501,3.59371012028257E-11,
-16.3081252727139));
#3762=CARTESIAN_POINT('Ctrl Pts',(-156.211323522596,3.61841014397901E-11,
-16.3119250386402));
#3763=CARTESIAN_POINT('Ctrl Pts',(-156.209656534954,3.64319504612715E-11,
-16.315724526193));
#3764=CARTESIAN_POINT('Ctrl Pts',(-156.20798879709,3.66806068773718E-11,
-16.3195237355247));
#3765=CARTESIAN_POINT('Ctrl Pts',(-156.020727415677,6.46009083681415E-11,
-16.7461166689887));
#3766=CARTESIAN_POINT('Ctrl Pts',(-155.824011730387,1.00174212750776E-10,
-17.169202225484));
#3767=CARTESIAN_POINT('Ctrl Pts',(-155.618353766156,6.8437381717723E-11,
-17.5865546095029));
#3768=CARTESIAN_POINT('Ctrl Pts',(-155.559364509402,5.93342473880825E-11,
-17.7062645707956));
#3769=CARTESIAN_POINT('Ctrl Pts',(-155.499639226057,4.55666321287218E-11,
-17.8255027884827));
#3770=CARTESIAN_POINT('Ctrl Pts',(-155.439189248791,3.15837984528877E-11,
-17.9442164752742));
#3771=CARTESIAN_POINT('Ctrl Pts',(-155.435647533881,3.07645556216994E-11,
-17.9511718134498));
#3772=CARTESIAN_POINT('Ctrl Pts',(-155.432103327865,2.99718725249793E-11,
-17.9581253626219));
#3773=CARTESIAN_POINT('Ctrl Pts',(-155.428556633697,2.92044595476325E-11,
-17.9650771107262));
#3774=CARTESIAN_POINT('Ctrl Pts',(-155.158641936753,-2.91981067296168E-11,
-18.4941272328764));
#3775=CARTESIAN_POINT('Ctrl Pts',(-154.874315468966,-7.26482665847025E-12,
-19.0127453238897));
#3776=CARTESIAN_POINT('Ctrl Pts',(-154.57501423781,7.45981028420417E-12,
-19.5208195034733));
#3777=CARTESIAN_POINT('Ctrl Pts',(-154.569146782548,7.74846980018686E-12,
-19.5307797114793));
#3778=CARTESIAN_POINT('Ctrl Pts',(-154.563273572211,8.03879829952177E-12,
-19.5407358641824));
#3779=CARTESIAN_POINT('Ctrl Pts',(-154.557394602351,8.3297677964209E-12,
-19.5506879613168));
#3780=CARTESIAN_POINT('Ctrl Pts',(-153.955615275776,3.81138000455764E-11,
-20.569398118767));
#3781=CARTESIAN_POINT('Ctrl Pts',(-153.293491485675,1.64880278676959E-13,
-21.5456157086894));
#3782=CARTESIAN_POINT('Ctrl Pts',(-152.566064358105,3.38392431361613E-14,
-22.4758704198691));
#3783=CARTESIAN_POINT('Ctrl Pts',(-152.554277013129,3.1715833335518E-14,
-22.4909444152985));
#3784=CARTESIAN_POINT('Ctrl Pts',(-152.542472524642,3.00640043162629E-14,
-22.506006334838));
#3785=CARTESIAN_POINT('Ctrl Pts',(-152.530650871995,2.87820732093988E-14,
-22.5210561628981));
#3786=CARTESIAN_POINT('Ctrl Pts',(-152.174136780856,-9.87804624455002E-15,
-22.9749246644496));
#3787=CARTESIAN_POINT('Ctrl Pts',(-151.80201175441,4.00233510069068E-13,
-23.4177958960007));
#3788=CARTESIAN_POINT('Ctrl Pts',(-151.413848755079,1.87907721734478E-12,
-23.8490635931713));
#3789=CARTESIAN_POINT('Ctrl Pts',(-151.398415628414,1.9378751509232E-12,
-23.8662105366164));
#3790=CARTESIAN_POINT('Ctrl Pts',(-151.382957028464,1.96635930897745E-12,
-23.8833392552044));
#3791=CARTESIAN_POINT('Ctrl Pts',(-151.367472920417,1.96703346131675E-12,
-23.9004497203299));
#3792=CARTESIAN_POINT('Ctrl Pts',(-151.181777596608,1.97511832720386E-12,
-24.105649358072));
#3793=CARTESIAN_POINT('Ctrl Pts',(-150.992413839122,7.58941520739853E-16,
-24.3082238010058));
#3794=CARTESIAN_POINT('Ctrl Pts',(-150.799067252608,7.58941520739853E-16,
-24.5083499558807));
#3795=CARTESIAN_POINT('Ctrl Pts',(-150.781627452136,7.58941520739853E-16,
-24.526401271257));
#3796=CARTESIAN_POINT('Ctrl Pts',(-150.764156075718,-5.51325790651476E-15,
-24.5444318668681));
#3797=CARTESIAN_POINT('Ctrl Pts',(-150.746652874394,2.26000639496171E-14,
-24.5624418867088));
#3798=CARTESIAN_POINT('Ctrl Pts',(-150.553925879681,3.32154638126097E-13,
-24.7607494382399));
#3799=CARTESIAN_POINT('Ctrl Pts',(-150.357341000882,4.91906910876016E-11,
-24.9565625288469));
#3800=CARTESIAN_POINT('Ctrl Pts',(-150.157886582862,2.5664027738828E-11,
-25.1488414614873));
#3801=CARTESIAN_POINT('Ctrl Pts',(-150.138350319024,2.33596260264999E-11,
-25.1676748971961));
#3802=CARTESIAN_POINT('Ctrl Pts',(-150.118785624484,2.13135320300346E-11,
-25.1864754149999));
#3803=CARTESIAN_POINT('Ctrl Pts',(-150.099193501298,1.94852483582996E-11,
-25.2052419633749));
#3804=CARTESIAN_POINT('Ctrl Pts',(-149.778588269435,-1.04327602681838E-11,
-25.5123375004908));
#3805=CARTESIAN_POINT('Ctrl Pts',(-149.450635476561,-2.8050688614222E-12,
-25.8103332652245));
#3806=CARTESIAN_POINT('Ctrl Pts',(-149.115899200406,4.25287980131949E-12,
-26.0990335724266));
#3807=CARTESIAN_POINT('Ctrl Pts',(-149.01547577298,6.3703180528587E-12,
-26.185645859213));
#3808=CARTESIAN_POINT('Ctrl Pts',(-148.914442020802,1.00425065009941E-11,
-26.2714217945176));
#3809=CARTESIAN_POINT('Ctrl Pts',(-148.812813721633,1.79589467469854E-11,
-26.3563568206839));
#3810=CARTESIAN_POINT('Ctrl Pts',(-148.789203353051,1.9798100541662E-11,
-26.376088994593));
#3811=CARTESIAN_POINT('Ctrl Pts',(-148.765560859143,2.16506382114348E-11,
-26.3957757805679));
#3812=CARTESIAN_POINT('Ctrl Pts',(-148.741886350546,2.34674272684152E-11,
-26.4154171977951));
#3813=CARTESIAN_POINT('Ctrl Pts',(-148.30322647597,5.7130320696725E-11,
-26.7793487903802));
#3814=CARTESIAN_POINT('Ctrl Pts',(-147.853578166487,3.54704043947943E-11,
-27.1277082426125));
#3815=CARTESIAN_POINT('Ctrl Pts',(-147.393101488114,1.22418446744056E-11,
-27.4610965864355));
#3816=CARTESIAN_POINT('Ctrl Pts',(-147.365141322331,1.08314054248254E-11,
-27.4813399425084));
#3817=CARTESIAN_POINT('Ctrl Pts',(-147.337141140599,9.62360642757467E-12,
-27.501528170265));
#3818=CARTESIAN_POINT('Ctrl Pts',(-147.309101045826,8.5774422715716E-12,
-27.5216613457981));
#3819=CARTESIAN_POINT('Ctrl Pts',(-146.850425102782,-8.53556446848217E-12,
-27.8509970113519));
#3820=CARTESIAN_POINT('Ctrl Pts',(-146.381066870719,-3.81681703409159E-12,
-28.1655986253869));
#3821=CARTESIAN_POINT('Ctrl Pts',(-145.900914137938,4.31547647908448E-12,
-28.4660404772822));
#3822=CARTESIAN_POINT('Ctrl Pts',(-145.868336302328,4.86724366297423E-12,
-28.4864251269845));
#3823=CARTESIAN_POINT('Ctrl Pts',(-145.835709554054,5.78300838702734E-12,
-28.5067442077406));
#3824=CARTESIAN_POINT('Ctrl Pts',(-145.803033667368,7.25814078498253E-12,
-28.5269980224031));
#3825=CARTESIAN_POINT('Ctrl Pts',(-145.421602228176,2.44776237310282E-11,
-28.7634244046438));
#3826=CARTESIAN_POINT('Ctrl Pts',(-145.033477381499,3.13598199752598E-10,
-28.9909611341664));
#3827=CARTESIAN_POINT('Ctrl Pts',(-144.639652391204,2.71116836756826E-10,
-29.2093342704316));
#3828=CARTESIAN_POINT('Ctrl Pts',(-144.539570939147,2.60321187423334E-10,
-29.2648287187431));
#3829=CARTESIAN_POINT('Ctrl Pts',(-144.439121239275,2.18123569048771E-10,
-29.3197311496133));
#3830=CARTESIAN_POINT('Ctrl Pts',(-144.338319358234,1.58134776289466E-10,
-29.3740365900727));
#3831=CARTESIAN_POINT('Ctrl Pts',(-144.300858860909,1.35841442202457E-10,
-29.3942178484581));
#3832=CARTESIAN_POINT('Ctrl Pts',(-144.263349742537,1.17465143848661E-10,
-29.4143169075132));
#3833=CARTESIAN_POINT('Ctrl Pts',(-144.225793258702,1.02080866119192E-10,
-29.4343332957735));
#3834=CARTESIAN_POINT('Ctrl Pts',(-143.834117930307,-5.83612577571586E-11,
-29.6430835472495));
#3835=CARTESIAN_POINT('Ctrl Pts',(-143.437288905744,-3.24981726950454E-11,
-29.8428383269744));
#3836=CARTESIAN_POINT('Ctrl Pts',(-143.036867986562,4.65658323976647E-11,
-30.0334039011525));
#3837=CARTESIAN_POINT('Ctrl Pts',(-142.930983186336,6.74730227648743E-11,
-30.0837958681684));
#3838=CARTESIAN_POINT('Ctrl Pts',(-142.824847343432,1.01315544023782E-10,
-30.1335455360003));
#3839=CARTESIAN_POINT('Ctrl Pts',(-142.718489554832,1.657600281736E-10,
-30.1826498805632));
#3840=CARTESIAN_POINT('Ctrl Pts',(-142.676532940825,1.91182447931282E-10,
-30.2020208364468));
#3841=CARTESIAN_POINT('Ctrl Pts',(-142.6345403523,2.176262294997E-10,-30.2212918700723));
#3842=CARTESIAN_POINT('Ctrl Pts',(-142.592513172607,2.43868634003753E-10,
-30.2404629651271));
#3843=CARTESIAN_POINT('Ctrl Pts',(-142.086486169407,5.5983952248434E-10,
-30.4712919631582));
#3844=CARTESIAN_POINT('Ctrl Pts',(-141.575445557076,4.86961541085403E-10,
-30.6876357743992));
#3845=CARTESIAN_POINT('Ctrl Pts',(-141.05896316268,1.71065789874118E-10,
-30.8907238753199));
#3846=CARTESIAN_POINT('Ctrl Pts',(-141.012442675696,1.42612498257879E-10,
-30.9090163814303));
#3847=CARTESIAN_POINT('Ctrl Pts',(-140.965878694493,1.20106064552171E-10,
-30.927201255985));
#3848=CARTESIAN_POINT('Ctrl Pts',(-140.919271091882,1.02385917668538E-10,
-30.9452793532962));
#3849=CARTESIAN_POINT('Ctrl Pts',(-140.405453258839,-9.29669209868822E-11,
-31.144578357443));
#3850=CARTESIAN_POINT('Ctrl Pts',(-139.886334005421,-3.77514567496168E-9,
-31.3308988754506));
#3851=CARTESIAN_POINT('Ctrl Pts',(-139.362545747852,4.52806600747835E-9,
-31.5051585264749));
#3852=CARTESIAN_POINT('Ctrl Pts',(-139.311365007788,5.33939484632796E-9,
-31.522185899223));
#3853=CARTESIAN_POINT('Ctrl Pts',(-139.260139694738,6.44177323888604E-9,
-31.539098877476));
#3854=CARTESIAN_POINT('Ctrl Pts',(-139.208869740714,7.74260178324065E-9,
-31.5558972925065));
#3855=CARTESIAN_POINT('Ctrl Pts',(-138.973991642663,1.37019621964022E-8,
-31.6328542519545));
#3856=CARTESIAN_POINT('Ctrl Pts',(-138.738176014953,1.99014267882078E-8,
-31.7074071775603));
#3857=CARTESIAN_POINT('Ctrl Pts',(-138.501312255518,7.53353043639412E-9,
-31.7793405069263));
#3858=CARTESIAN_POINT('Ctrl Pts',(-138.447750986164,4.73681628554625E-9,
-31.7956065682218));
#3859=CARTESIAN_POINT('Ctrl Pts',(-138.394140558904,3.1995459218109E-9,
-31.8117461913178));
#3860=CARTESIAN_POINT('Ctrl Pts',(-138.340480026884,2.19773504562638E-9,
-31.8277575476986));
#3861=CARTESIAN_POINT('Ctrl Pts',(-138.194996209765,-5.18363077386594E-10,
-31.8711673529288));
#3862=CARTESIAN_POINT('Ctrl Pts',(-138.049144091657,2.89536097484263E-11,
-31.9136343544155));
#3863=CARTESIAN_POINT('Ctrl Pts',(-137.903115098262,6.83812844785822E-12,
-31.95564212898));
#3864=CARTESIAN_POINT('Ctrl Pts',(-137.812832541839,-6.83478774458925E-12,
-31.981613473363));
#3865=CARTESIAN_POINT('Ctrl Pts',(-137.72248238884,7.58941520739854E-16,
-32.0074092763908));
#3866=CARTESIAN_POINT('Ctrl Pts',(-137.632128346011,7.58941520739853E-16,
-32.0331918382158));
#3867=CARTESIAN_POINT('',(-138.991052314418,0.,-25.6354142189416));
#3868=CARTESIAN_POINT('',(-147.084632582305,0.,-18.6303343761013));
#3869=CARTESIAN_POINT('Ctrl Pts',(-138.991052314418,0.,-25.6354142189416));
#3870=CARTESIAN_POINT('Ctrl Pts',(-142.303281680802,0.,-23.9726539581759));
#3871=CARTESIAN_POINT('Ctrl Pts',(-145.001141705921,0.,-21.6376273761269));
#3872=CARTESIAN_POINT('Ctrl Pts',(-147.084632582305,0.,-18.6303343761013));
#3873=CARTESIAN_POINT('',(-147.084632582305,0.,18.6303343761155));
#3874=CARTESIAN_POINT('',(-147.084632582305,0.,-18.6303343761013));
#3875=CARTESIAN_POINT('',(-138.991052314418,0.,25.6354142189416));
#3876=CARTESIAN_POINT('Ctrl Pts',(-147.084632582305,0.,18.6303343761155));
#3877=CARTESIAN_POINT('Ctrl Pts',(-146.194507099139,0.,19.9151339233593));
#3878=CARTESIAN_POINT('Ctrl Pts',(-143.84854056634,0.,22.6352159368181));
#3879=CARTESIAN_POINT('Ctrl Pts',(-140.888204802585,0.,24.6830315735994));
#3880=CARTESIAN_POINT('Ctrl Pts',(-138.991052314418,0.,25.6354142189416));
#3881=CARTESIAN_POINT('',(-129.751203039903,0.,0.));
#3882=CARTESIAN_POINT('Ctrl Pts',(-138.991052314418,0.,25.6354142189416));
#3883=CARTESIAN_POINT('Ctrl Pts',(-129.751203039906,0.,12.8177071094669));
#3884=CARTESIAN_POINT('Ctrl Pts',(-129.751203039903,0.,0.));
#3885=CARTESIAN_POINT('Ctrl Pts',(-129.751203039903,0.,0.));
#3886=CARTESIAN_POINT('Ctrl Pts',(-129.751203039906,0.,-12.8177071094669));
#3887=CARTESIAN_POINT('Ctrl Pts',(-138.991052314418,0.,-25.6354142189416));
#3888=CARTESIAN_POINT('Ctrl Pts',(-129.751203039903,3.5,0.));
#3889=CARTESIAN_POINT('Ctrl Pts',(-129.751203039903,-0.700000000000001,
0.));
#3890=CARTESIAN_POINT('Ctrl Pts',(-129.751203039905,3.5,-8.54513807297796));
#3891=CARTESIAN_POINT('Ctrl Pts',(-129.751203039905,-0.700000000000001,
-8.54513807297796));
#3892=CARTESIAN_POINT('Ctrl Pts',(-132.831152798077,3.5,-17.0902761459585));
#3893=CARTESIAN_POINT('Ctrl Pts',(-132.831152798077,-0.700000000000001,
-17.0902761459585));
#3894=CARTESIAN_POINT('Ctrl Pts',(-138.991052314418,3.5,-25.6354142189416));
#3895=CARTESIAN_POINT('Ctrl Pts',(-138.991052314418,-0.700000000000001,
-25.6354142189416));
#3896=CARTESIAN_POINT('',(-129.751203039903,3.5,0.));
#3897=CARTESIAN_POINT('',(-129.751203039903,3.5,0.));
#3898=CARTESIAN_POINT('',(-138.991052217456,3.5,-25.6354142997876));
#3899=CARTESIAN_POINT('Ctrl Pts',(-129.751203039903,3.5,0.));
#3900=CARTESIAN_POINT('Ctrl Pts',(-129.751203039904,3.50000000001665,-0.287886382224988));
#3901=CARTESIAN_POINT('Ctrl Pts',(-129.758280310944,3.49999999999248,-0.868961839906786));
#3902=CARTESIAN_POINT('Ctrl Pts',(-129.800517854367,3.50000000000435,-2.02162557892467));
#3903=CARTESIAN_POINT('Ctrl Pts',(-129.90553430179,3.49999999999849,-3.45882148375552));
#3904=CARTESIAN_POINT('Ctrl Pts',(-130.113836924382,3.50000000000041,-5.173550342419));
#3905=CARTESIAN_POINT('Ctrl Pts',(-130.402930421399,3.4999999999999,-6.87901189909732));
#3906=CARTESIAN_POINT('Ctrl Pts',(-130.772303323189,3.50000000000003,-8.577601573679));
#3907=CARTESIAN_POINT('Ctrl Pts',(-131.364108926868,3.49999999999999,-10.8108213854269));
#3908=CARTESIAN_POINT('Ctrl Pts',(-132.098181695168,3.50000000000001,-12.9986516708781));
#3909=CARTESIAN_POINT('Ctrl Pts',(-132.965048576067,3.5,-15.1470016390883));
#3910=CARTESIAN_POINT('Ctrl Pts',(-133.90987967958,3.5,-17.2538394268463));
#3911=CARTESIAN_POINT('Ctrl Pts',(-135.228574692857,3.5,-19.8144089482148));
#3912=CARTESIAN_POINT('Ctrl Pts',(-137.009946418215,3.50000000000001,-22.7840382163445));
#3913=CARTESIAN_POINT('Ctrl Pts',(-138.314605760518,3.5,-24.6970337816094));
#3914=CARTESIAN_POINT('Ctrl Pts',(-138.991052314418,3.5,-25.6354142189416));
#3915=CARTESIAN_POINT('',(-138.991052314418,3.5,-25.6354142189416));
#3916=CARTESIAN_POINT('Ctrl Pts',(-138.991052314418,3.5,25.6354142189416));
#3917=CARTESIAN_POINT('Ctrl Pts',(-138.991052314418,-0.700000000000001,
25.6354142189416));
#3918=CARTESIAN_POINT('Ctrl Pts',(-132.831152798077,3.5,17.0902761459585));
#3919=CARTESIAN_POINT('Ctrl Pts',(-132.831152798077,-0.700000000000001,
17.0902761459585));
#3920=CARTESIAN_POINT('Ctrl Pts',(-129.751203039905,3.5,8.54513807297796));
#3921=CARTESIAN_POINT('Ctrl Pts',(-129.751203039905,-0.700000000000001,
8.54513807297796));
#3922=CARTESIAN_POINT('Ctrl Pts',(-129.751203039903,3.5,0.));
#3923=CARTESIAN_POINT('Ctrl Pts',(-129.751203039903,-0.700000000000001,
0.));
#3924=CARTESIAN_POINT('',(-138.991052217456,3.5,25.6354142997876));
#3925=CARTESIAN_POINT('',(-138.991052314418,3.5,25.6354142189416));
#3926=CARTESIAN_POINT('Ctrl Pts',(-138.991052314418,3.5,25.6354142189416));
#3927=CARTESIAN_POINT('Ctrl Pts',(-138.314605751952,3.5,24.6970337697263));
#3928=CARTESIAN_POINT('Ctrl Pts',(-137.009946385291,3.50000000000001,22.7840381543403));
#3929=CARTESIAN_POINT('Ctrl Pts',(-135.228574678842,3.5,19.814408961101));
#3930=CARTESIAN_POINT('Ctrl Pts',(-133.909879538446,3.50000000000001,17.2538390551816));
#3931=CARTESIAN_POINT('Ctrl Pts',(-132.965048665103,3.5,15.1470019486411));
#3932=CARTESIAN_POINT('Ctrl Pts',(-132.098180820303,3.5,12.9986490537054));
#3933=CARTESIAN_POINT('Ctrl Pts',(-131.364113945087,3.5,10.8108364973014));
#3934=CARTESIAN_POINT('Ctrl Pts',(-130.77229457787,3.50000000000001,8.57757515014242));
#3935=CARTESIAN_POINT('Ctrl Pts',(-130.279853121361,3.5,6.31295689071842));
#3936=CARTESIAN_POINT('Ctrl Pts',(-129.864503134572,3.50000000000001,3.46350730811331));
#3937=CARTESIAN_POINT('Ctrl Pts',(-129.751203039904,3.5,1.15859987193027));
#3938=CARTESIAN_POINT('Ctrl Pts',(-129.751203039903,3.5,0.));
#3939=CARTESIAN_POINT('Ctrl Pts',(-147.084632582305,3.5,18.6303343761155));
#3940=CARTESIAN_POINT('Ctrl Pts',(-147.084632582305,-0.700000000000001,
18.6303343761155));
#3941=CARTESIAN_POINT('Ctrl Pts',(-145.001141705944,3.5,21.6376273761032));
#3942=CARTESIAN_POINT('Ctrl Pts',(-145.001141705944,-0.700000000000001,
21.6376273761032));
#3943=CARTESIAN_POINT('Ctrl Pts',(-142.303281680797,3.5,23.9726539581785));
#3944=CARTESIAN_POINT('Ctrl Pts',(-142.303281680797,-0.700000000000001,
23.9726539581785));
#3945=CARTESIAN_POINT('Ctrl Pts',(-138.991052314418,3.5,25.6354142189416));
#3946=CARTESIAN_POINT('Ctrl Pts',(-138.991052314418,-0.700000000000001,
25.6354142189416));
#3947=CARTESIAN_POINT('',(-147.08461132942,3.5,18.6303196228181));
#3948=CARTESIAN_POINT('',(-147.084632582305,3.5,18.6303343761155));
#3949=CARTESIAN_POINT('Ctrl Pts',(-147.08461132942,3.5,18.6303196228181));
#3950=CARTESIAN_POINT('Ctrl Pts',(-147.058018857835,3.5000000000027,18.668627447947));
#3951=CARTESIAN_POINT('Ctrl Pts',(-147.03158513488,3.50000000000516,18.7066053241353));
#3952=CARTESIAN_POINT('Ctrl Pts',(-147.0050036452,3.50000000000739,18.744516663325));
#3953=CARTESIAN_POINT('Ctrl Pts',(-146.936155926213,3.50000000001316,18.8427094003929));
#3954=CARTESIAN_POINT('Ctrl Pts',(-146.866314752345,3.50000000001743,18.9404570219188));
#3955=CARTESIAN_POINT('Ctrl Pts',(-146.79559039616,3.50000000002049,19.037797473745));
#3956=CARTESIAN_POINT('Ctrl Pts',(-146.654803752904,3.50000000002656,19.2315671480805));
#3957=CARTESIAN_POINT('Ctrl Pts',(-146.510516015465,3.50000000002783,19.4237221988621));
#3958=CARTESIAN_POINT('Ctrl Pts',(-146.362713994647,3.50000000002658,19.6138727236068));
#3959=CARTESIAN_POINT('Ctrl Pts',(-146.215415008629,3.50000000002533,19.803376083104));
#3960=CARTESIAN_POINT('Ctrl Pts',(-146.064624846097,3.50000000002159,19.9908887125731));
#3961=CARTESIAN_POINT('Ctrl Pts',(-145.910898874768,3.50000000001763,20.1756373325218));
#3962=CARTESIAN_POINT('Ctrl Pts',(-145.75718129208,3.50000000001366,20.360375870961));
#3963=CARTESIAN_POINT('Ctrl Pts',(-145.600528564822,3.50000000000948,20.5423501697178));
#3964=CARTESIAN_POINT('Ctrl Pts',(-145.441196949602,3.50000000000736,20.7212503250434));
#3965=CARTESIAN_POINT('Ctrl Pts',(-145.412218986246,3.50000000000698,20.7537872583965));
#3966=CARTESIAN_POINT('Ctrl Pts',(-145.383152942686,3.50000000000666,20.78622218284));
#3967=CARTESIAN_POINT('Ctrl Pts',(-145.353988541404,3.50000000000635,20.8185663973164));
#3968=CARTESIAN_POINT('Ctrl Pts',(-145.061891515737,3.50000000000318,21.1425109471991));
#3969=CARTESIAN_POINT('Ctrl Pts',(-144.760176518001,3.50000000000161,21.4570794914944));
#3970=CARTESIAN_POINT('Ctrl Pts',(-144.448620547043,3.50000000000105,21.7622210196926));
#3971=CARTESIAN_POINT('Ctrl Pts',(-144.277207283818,3.50000000000075,21.9301051559934));
#3972=CARTESIAN_POINT('Ctrl Pts',(-144.102814804448,3.50000000000075,22.0951353714711));
#3973=CARTESIAN_POINT('Ctrl Pts',(-143.925655839807,3.50000000000096,22.257123950802));
#3974=CARTESIAN_POINT('Ctrl Pts',(-143.79595958294,3.50000000000112,22.3757141245303));
#3975=CARTESIAN_POINT('Ctrl Pts',(-143.664780566612,3.50000000000139,22.4926740877939));
#3976=CARTESIAN_POINT('Ctrl Pts',(-143.532201624664,3.50000000000174,22.6079295877944));
#3977=CARTESIAN_POINT('Ctrl Pts',(-143.483683990225,3.50000000000186,22.6501076602241));
#3978=CARTESIAN_POINT('Ctrl Pts',(-143.434978679556,3.500000000002,22.6920576499943));
#3979=CARTESIAN_POINT('Ctrl Pts',(-143.38608587828,3.5000000000021,22.7337791209855));
#3980=CARTESIAN_POINT('Ctrl Pts',(-143.088460092966,3.50000000000272,22.9877507741567));
#3981=CARTESIAN_POINT('Ctrl Pts',(-142.783929737916,3.50000000000252,23.2332113726959));
#3982=CARTESIAN_POINT('Ctrl Pts',(-142.472583163615,3.50000000000208,23.4702173465235));
#3983=CARTESIAN_POINT('Ctrl Pts',(-142.402204526871,3.50000000000199,23.5237915905171));
#3984=CARTESIAN_POINT('Ctrl Pts',(-142.33147773498,3.50000000000187,23.5769339950777));
#3985=CARTESIAN_POINT('Ctrl Pts',(-142.260404040653,3.50000000000176,23.6296454970796));
#3986=CARTESIAN_POINT('Ctrl Pts',(-142.067560485394,3.50000000000144,23.7726670966363));
#3987=CARTESIAN_POINT('Ctrl Pts',(-141.872162824863,3.50000000000109,23.9125159585524));
#3988=CARTESIAN_POINT('Ctrl Pts',(-141.674561540386,3.50000000000082,24.0490245258957));
#3989=CARTESIAN_POINT('Ctrl Pts',(-141.59046527867,3.5000000000007,24.1071206067791));
#3990=CARTESIAN_POINT('Ctrl Pts',(-141.505969930367,3.50000000000061,24.1646117608975));
#3991=CARTESIAN_POINT('Ctrl Pts',(-141.421102665868,3.50000000000053,24.2214854302485));
#3992=CARTESIAN_POINT('Ctrl Pts',(-141.391802744396,3.50000000000051,24.2411207284476));
#3993=CARTESIAN_POINT('Ctrl Pts',(-141.362458493587,3.50000000000049,24.2606824284281));
#3994=CARTESIAN_POINT('Ctrl Pts',(-141.333071033438,3.50000000000047,24.2801700196229));
#3995=CARTESIAN_POINT('Ctrl Pts',(-141.310842092784,3.50000000000045,24.2949106098596));
#3996=CARTESIAN_POINT('Ctrl Pts',(-141.28858040211,3.50000000000044,24.3096141237527));
#3997=CARTESIAN_POINT('Ctrl Pts',(-141.266285261568,3.50000000000043,24.3242809881466));
#3998=CARTESIAN_POINT('Ctrl Pts',(-141.202825360681,3.50000000000039,24.3660281015593));
#3999=CARTESIAN_POINT('Ctrl Pts',(-141.139099160318,3.50000000000036,24.4074750969573));
#4000=CARTESIAN_POINT('Ctrl Pts',(-141.075132073741,3.50000000000032,24.4486049482504));
#4001=CARTESIAN_POINT('Ctrl Pts',(-140.895412235603,3.50000000000024,24.5641620356934));
#4002=CARTESIAN_POINT('Ctrl Pts',(-140.713789123859,3.50000000000017,24.6772123246539));
#4003=CARTESIAN_POINT('Ctrl Pts',(-140.530526122375,3.50000000000013,24.7876283884065));
#4004=CARTESIAN_POINT('Ctrl Pts',(-140.345581985993,3.50000000000009,24.8990573369016));
#4005=CARTESIAN_POINT('Ctrl Pts',(-140.158967390997,3.50000000000008,25.0078037881844));
#4006=CARTESIAN_POINT('Ctrl Pts',(-139.970982243802,3.5000000000001,25.1137809567746));
#4007=CARTESIAN_POINT('Ctrl Pts',(-139.92691823975,3.50000000000011,25.1386221660715));
#4008=CARTESIAN_POINT('Ctrl Pts',(-139.882779070008,3.50000000000012,25.1633113985961));
#4009=CARTESIAN_POINT('Ctrl Pts',(-139.838568857415,3.50000000000013,25.1878478564749));
#4010=CARTESIAN_POINT('Ctrl Pts',(-139.670278481383,3.50000000000017,25.2812482153672));
#4011=CARTESIAN_POINT('Ctrl Pts',(-139.500960186967,3.50000000000024,25.3724313129303));
#4012=CARTESIAN_POINT('Ctrl Pts',(-139.33173244478,3.50000000000019,25.4608897446458));
#4013=CARTESIAN_POINT('Ctrl Pts',(-139.288447263251,3.50000000000017,25.4835156996163));
#4014=CARTESIAN_POINT('Ctrl Pts',(-139.245167898791,3.50000000000015,25.5059636318938));
#4015=CARTESIAN_POINT('Ctrl Pts',(-139.201912787135,3.50000000000012,25.5282255631821));
#4016=CARTESIAN_POINT('Ctrl Pts',(-139.148470473109,3.50000000000008,25.5557305002217));
#4017=CARTESIAN_POINT('Ctrl Pts',(-139.095064121788,3.50000000000003,25.5829520686588));
#4018=CARTESIAN_POINT('Ctrl Pts',(-139.041064690322,3.50000000000001,25.6102330194698));
#4019=CARTESIAN_POINT('Ctrl Pts',(-139.024447359346,3.5,25.6186282298755));
#4020=CARTESIAN_POINT('Ctrl Pts',(-139.00777397461,3.5,25.6270290111854));
#4021=CARTESIAN_POINT('Ctrl Pts',(-138.991062419541,3.5,25.6354343101147));
#4022=CARTESIAN_POINT('Origin',(-147.084632582305,77.119998551832,-18.6303343761013));
#4023=CARTESIAN_POINT('',(-147.08461132942,3.5,-18.6303196228039));
#4024=CARTESIAN_POINT('',(-147.084632582305,3.5,-18.6303343761013));
#4025=CARTESIAN_POINT('',(-147.084632582305,3.5,-18.6303343761013));
#4026=CARTESIAN_POINT('Ctrl Pts',(-138.991052314418,3.5,-25.6354142189416));
#4027=CARTESIAN_POINT('Ctrl Pts',(-138.991052314418,-0.700000000000001,
-25.6354142189416));
#4028=CARTESIAN_POINT('Ctrl Pts',(-142.303281680802,3.5,-23.9726539581759));
#4029=CARTESIAN_POINT('Ctrl Pts',(-142.303281680802,-0.700000000000001,
-23.9726539581759));
#4030=CARTESIAN_POINT('Ctrl Pts',(-145.001141705943,3.5,-21.6376273760958));
#4031=CARTESIAN_POINT('Ctrl Pts',(-145.001141705943,-0.700000000000001,
-21.6376273760958));
#4032=CARTESIAN_POINT('Ctrl Pts',(-147.084632582305,3.5,-18.6303343761013));
#4033=CARTESIAN_POINT('Ctrl Pts',(-147.084632582305,-0.700000000000001,
-18.6303343761013));
#4034=CARTESIAN_POINT('Ctrl Pts',(-138.991062419541,3.50000000000004,-25.6354343101147));
#4035=CARTESIAN_POINT('Ctrl Pts',(-139.007773914778,3.50000000000112,-25.6270290412785));
#4036=CARTESIAN_POINT('Ctrl Pts',(-139.024447300499,3.50000000000216,-25.6186282596056));
#4037=CARTESIAN_POINT('Ctrl Pts',(-139.041064690322,3.50000000000316,-25.6102330194696));
#4038=CARTESIAN_POINT('Ctrl Pts',(-139.095063529122,3.50000000000641,-25.5829523680785));
#4039=CARTESIAN_POINT('Ctrl Pts',(-139.14846990808,3.50000000000924,-25.5557307910225));
#4040=CARTESIAN_POINT('Ctrl Pts',(-139.201912787136,3.50000000001172,-25.5282255631818));
#4041=CARTESIAN_POINT('Ctrl Pts',(-139.370739064554,3.50000000001955,-25.4413364339291));
#4042=CARTESIAN_POINT('Ctrl Pts',(-139.539942434775,3.50000000002386,-25.3516071721748));
#4043=CARTESIAN_POINT('Ctrl Pts',(-139.708413810523,3.50000000002575,-25.2595313000615));
#4044=CARTESIAN_POINT('Ctrl Pts',(-139.751854025564,3.50000000002624,-25.2357896070473));
#4045=CARTESIAN_POINT('Ctrl Pts',(-139.795245446339,3.50000000002657,-25.211892143726));
#4046=CARTESIAN_POINT('Ctrl Pts',(-139.838568857416,3.50000000002675,-25.1878478564743));
#4047=CARTESIAN_POINT('Ctrl Pts',(-140.026972332513,3.50000000002755,-25.0832848231897));
#4048=CARTESIAN_POINT('Ctrl Pts',(-140.214086805895,3.50000000002567,-24.9759420382729));
#4049=CARTESIAN_POINT('Ctrl Pts',(-140.399603220454,3.50000000002275,-24.8658975915251));
#4050=CARTESIAN_POINT('Ctrl Pts',(-140.583445441791,3.50000000001986,-24.7568462410873));
#4051=CARTESIAN_POINT('Ctrl Pts',(-140.765718652083,3.50000000001595,-24.6451414878365));
#4052=CARTESIAN_POINT('Ctrl Pts',(-140.946151601207,3.50000000001262,-24.530901188285));
#4053=CARTESIAN_POINT('Ctrl Pts',(-140.989251131542,3.50000000001183,-24.5036129170467));
#4054=CARTESIAN_POINT('Ctrl Pts',(-141.032245781581,3.50000000001107,-24.4761801734714));
#4055=CARTESIAN_POINT('Ctrl Pts',(-141.075132073744,3.50000000001037,-24.4486049482494));
#4056=CARTESIAN_POINT('Ctrl Pts',(-141.122338355301,3.50000000000959,-24.4182520363934));
#4057=CARTESIAN_POINT('Ctrl Pts',(-141.169413344804,3.50000000000888,-24.3877264910967));
#4058=CARTESIAN_POINT('Ctrl Pts',(-141.216346761158,3.50000000000827,-24.3570351501402));
#4059=CARTESIAN_POINT('Ctrl Pts',(-141.251807259633,3.50000000000781,-24.3338463364177));
#4060=CARTESIAN_POINT('Ctrl Pts',(-141.287186943392,3.5000000000074,-24.3105628817453));
#4061=CARTESIAN_POINT('Ctrl Pts',(-141.322481437632,3.50000000000707,-24.2871878109391));
#4062=CARTESIAN_POINT('Ctrl Pts',(-141.346372590173,3.50000000000684,-24.2713650206058));
#4063=CARTESIAN_POINT('Ctrl Pts',(-141.37023074174,3.50000000000662,-24.2554962714996));
#4064=CARTESIAN_POINT('Ctrl Pts',(-141.394061837626,3.50000000000641,-24.2395775049486));
#4065=CARTESIAN_POINT('Ctrl Pts',(-141.687628054349,3.50000000000383,-24.0434802673893));
#4066=CARTESIAN_POINT('Ctrl Pts',(-141.976778607578,3.5000000000023,-23.8399950887948));
#4067=CARTESIAN_POINT('Ctrl Pts',(-142.260404040657,3.50000000000151,-23.629645497078));
#4068=CARTESIAN_POINT('Ctrl Pts',(-142.579154645358,3.50000000000062,-23.3932454717687));
#4069=CARTESIAN_POINT('Ctrl Pts',(-142.890925588899,3.50000000000066,-23.148175161666));
#4070=CARTESIAN_POINT('Ctrl Pts',(-143.195626753258,3.50000000000121,-22.894357642562));
#4071=CARTESIAN_POINT('Ctrl Pts',(-143.259423149858,3.50000000000132,-22.8412149407715));
#4072=CARTESIAN_POINT('Ctrl Pts',(-143.322909740456,3.50000000000146,-22.7876889263726));
#4073=CARTESIAN_POINT('Ctrl Pts',(-143.386085878284,3.50000000000161,-22.7337791209829));
#4074=CARTESIAN_POINT('Ctrl Pts',(-143.472535739945,3.50000000000182,-22.6600092550442));
#4075=CARTESIAN_POINT('Ctrl Pts',(-143.558402652179,3.50000000000207,-22.5855222862172));
#4076=CARTESIAN_POINT('Ctrl Pts',(-143.643677559809,3.50000000000222,-22.5103270967036));
#4077=CARTESIAN_POINT('Ctrl Pts',(-143.918427571442,3.5000000000027,-22.2680532582694));
#4078=CARTESIAN_POINT('Ctrl Pts',(-144.186999808911,3.5000000000025,-22.0184554022218));
#4079=CARTESIAN_POINT('Ctrl Pts',(-144.448620547046,3.50000000000209,-21.7622210196881));
#4080=CARTESIAN_POINT('Ctrl Pts',(-144.619969302408,3.50000000000182,-21.594400063135));
#4081=CARTESIAN_POINT('Ctrl Pts',(-144.788335987558,3.50000000000146,-21.4237321969627));
#4082=CARTESIAN_POINT('Ctrl Pts',(-144.95375398839,3.50000000000115,-21.2502326707314));
#4083=CARTESIAN_POINT('Ctrl Pts',(-145.036462988806,3.50000000000099,-21.1634829076158));
#4084=CARTESIAN_POINT('Ctrl Pts',(-145.118434801291,3.50000000000084,-21.0760252135439));
#4085=CARTESIAN_POINT('Ctrl Pts',(-145.19967349902,3.50000000000072,-20.9878614000225));
#4086=CARTESIAN_POINT('Ctrl Pts',(-145.249476868857,3.50000000000064,-20.933812589127));
#4087=CARTESIAN_POINT('Ctrl Pts',(-145.299004710809,3.50000000000058,-20.8794983960655));
#4088=CARTESIAN_POINT('Ctrl Pts',(-145.348257951125,3.50000000000053,-20.8249192266397));
#4089=CARTESIAN_POINT('Ctrl Pts',(-145.375531223165,3.5000000000005,-20.7946967981067));
#4090=CARTESIAN_POINT('Ctrl Pts',(-145.402718304221,3.50000000000048,-20.7643953586499));
#4091=CARTESIAN_POINT('Ctrl Pts',(-145.429826367595,3.50000000000046,-20.7340070961523));
#4092=CARTESIAN_POINT('Ctrl Pts',(-145.433618079483,3.50000000000045,-20.7297565698579));
#4093=CARTESIAN_POINT('Ctrl Pts',(-145.437408274603,3.50000000000045,-20.7255043115733));
#4094=CARTESIAN_POINT('Ctrl Pts',(-145.441196949604,3.50000000000045,-20.7212503250357));
#4095=CARTESIAN_POINT('Ctrl Pts',(-145.600535605561,3.50000000000033,-20.5423422642545));
#4096=CARTESIAN_POINT('Ctrl Pts',(-145.757182476203,3.50000000000024,-20.3603744478689));
#4097=CARTESIAN_POINT('Ctrl Pts',(-145.910898874769,3.50000000000017,-20.1756373325123));
#4098=CARTESIAN_POINT('Ctrl Pts',(-146.064614819916,3.50000000000011,-19.9909007620774));
#4099=CARTESIAN_POINT('Ctrl Pts',(-146.215399998119,3.50000000000007,-19.8033953944422));
#4100=CARTESIAN_POINT('Ctrl Pts',(-146.362713994647,3.50000000000005,-19.6138727235956));
#4101=CARTESIAN_POINT('Ctrl Pts',(-146.510489842269,3.50000000000002,-19.4237558712378));
#4102=CARTESIAN_POINT('Ctrl Pts',(-146.654773421831,3.50000000000001,-19.2316088938045));
#4103=CARTESIAN_POINT('Ctrl Pts',(-146.795590396159,3.50000000000001,-19.0377974737321));
#4104=CARTESIAN_POINT('Ctrl Pts',(-146.866305010081,3.5,-18.9404704305299));
#4105=CARTESIAN_POINT('Ctrl Pts',(-146.936145742908,3.5,-18.8427239241218));
#4106=CARTESIAN_POINT('Ctrl Pts',(-147.0050036452,3.5,-18.7445166633113));
#4107=CARTESIAN_POINT('Ctrl Pts',(-147.031583471,3.5,-18.7066076971982));
#4108=CARTESIAN_POINT('Ctrl Pts',(-147.05801715183,3.5,-18.6686299055208));
#4109=CARTESIAN_POINT('Ctrl Pts',(-147.08461132942,3.5,-18.6303196228039));
#4110=CARTESIAN_POINT('Origin',(60.626,32.,-8.));
#4111=CARTESIAN_POINT('',(-149.986656113631,27.,-8.));
#4112=CARTESIAN_POINT('',(-149.986656113631,11.,-7.99999999999999));
#4113=CARTESIAN_POINT('Origin',(60.626,32.,-8.));
#4114=CARTESIAN_POINT('',(-149.986656113631,32.,3.));
#4115=CARTESIAN_POINT('',(-149.986656113631,32.,-3.));
#4116=CARTESIAN_POINT('Origin',(60.626,32.,8.));
#4117=CARTESIAN_POINT('',(-149.986656113631,27.,8.));
#4118=CARTESIAN_POINT('',(-149.986656113631,11.,8.00000000000001));
#4119=CARTESIAN_POINT('Origin',(60.626,6.,-7.99999999999999));
#4120=CARTESIAN_POINT('',(-149.986656113631,6.,3.00000000000001));
#4121=CARTESIAN_POINT('',(-149.986656113631,6.,-2.99999999999999));
#4122=CARTESIAN_POINT('Origin',(60.626,27.,3.));
#4123=CARTESIAN_POINT('',(-155.128240925033,30.8,6.24961536185439));
#4124=CARTESIAN_POINT('',(-155.845071302228,30.8,6.24961536185439));
#4125=CARTESIAN_POINT('',(-155.845071302228,30.8,6.24961536185439));
#4126=CARTESIAN_POINT('',(-155.486656113631,31.9507575177946,3.70000000000002));
#4127=CARTESIAN_POINT('Ctrl Pts',(-155.128240925033,30.8,6.24961536185438));
#4128=CARTESIAN_POINT('Ctrl Pts',(-155.082922461378,30.8111156174256,6.23661710159468));
#4129=CARTESIAN_POINT('Ctrl Pts',(-155.038477705509,30.8241931761307,6.22119122534758));
#4130=CARTESIAN_POINT('Ctrl Pts',(-154.841241061846,30.8913842757117,6.14067514246722));
#4131=CARTESIAN_POINT('Ctrl Pts',(-154.704050886601,30.9650961677443,6.04857738707735));
#4132=CARTESIAN_POINT('Ctrl Pts',(-154.472103814938,31.1242492849937,5.83043900693471));
#4133=CARTESIAN_POINT('Ctrl Pts',(-154.366253185442,31.2233617129134,5.68314077825424));
#4134=CARTESIAN_POINT('Ctrl Pts',(-154.223405710685,31.4146301114542,5.35522177739402));
#4135=CARTESIAN_POINT('Ctrl Pts',(-154.186656113631,31.506494681518,5.17432350151402));
#4136=CARTESIAN_POINT('Ctrl Pts',(-154.186656113631,31.6513447922164,4.84243020316486));
#4137=CARTESIAN_POINT('Ctrl Pts',(-154.217219503476,31.7160538161219,4.66963469166063));
#4138=CARTESIAN_POINT('Ctrl Pts',(-154.349728984821,31.8184776642422,4.34577729510772));
#4139=CARTESIAN_POINT('Ctrl Pts',(-154.451883834008,31.856651391408,4.19494619632004));
#4140=CARTESIAN_POINT('Ctrl Pts',(-154.687001827152,31.9078466245459,3.96251114367212));
#4141=CARTESIAN_POINT('Ctrl Pts',(-154.832097252772,31.9252895929113,3.86367944341611));
#4142=CARTESIAN_POINT('Ctrl Pts',(-155.15062289341,31.9465116387404,3.73242219581605));
#4143=CARTESIAN_POINT('Ctrl Pts',(-155.324023216723,31.9507575177946,3.70000000000002));
#4144=CARTESIAN_POINT('Ctrl Pts',(-155.486656113631,31.9507575177946,3.70000000000002));
#4145=CARTESIAN_POINT('Ctrl Pts',(-155.486656113631,31.9507575177946,3.70000000000002));
#4146=CARTESIAN_POINT('Ctrl Pts',(-155.649289010538,31.9507575177946,3.70000000000002));
#4147=CARTESIAN_POINT('Ctrl Pts',(-155.822689333851,31.9465116387404,3.73242219581604));
#4148=CARTESIAN_POINT('Ctrl Pts',(-156.141214974489,31.9252895929113,3.8636794434161));
#4149=CARTESIAN_POINT('Ctrl Pts',(-156.28631040011,31.9078466245459,3.96251114367212));
#4150=CARTESIAN_POINT('Ctrl Pts',(-156.521428393253,31.856651391408,4.19494619632004));
#4151=CARTESIAN_POINT('Ctrl Pts',(-156.62358324244,31.8184776642422,4.3457772951077));
#4152=CARTESIAN_POINT('Ctrl Pts',(-156.756092723785,31.7160538161219,4.66963469166062));
#4153=CARTESIAN_POINT('Ctrl Pts',(-156.786656113631,31.6513447922164,4.84243020316486));
#4154=CARTESIAN_POINT('Ctrl Pts',(-156.786656113631,31.506494681518,5.17432350151402));
#4155=CARTESIAN_POINT('Ctrl Pts',(-156.749906516576,31.4146301114542,5.35522177739402));
#4156=CARTESIAN_POINT('Ctrl Pts',(-156.607059041819,31.2233617129134,5.68314077825424));
#4157=CARTESIAN_POINT('Ctrl Pts',(-156.501208412323,31.1242492849937,5.83043900693471));
#4158=CARTESIAN_POINT('Ctrl Pts',(-156.269261340661,30.9650961677443,6.04857738707735));
#4159=CARTESIAN_POINT('Ctrl Pts',(-156.132071165415,30.8913842757117,6.14067514246724));
#4160=CARTESIAN_POINT('Ctrl Pts',(-155.934834521752,30.8241931761307,6.22119122534759));
#4161=CARTESIAN_POINT('Ctrl Pts',(-155.890389765883,30.8111156174256,6.23661710159469));
#4162=CARTESIAN_POINT('Ctrl Pts',(-155.845071302228,30.8,6.24961536185438));
#4163=CARTESIAN_POINT('Origin',(60.626,27.,-3.));
#4164=CARTESIAN_POINT('',(-155.845071302228,30.8,-6.24961536185438));
#4165=CARTESIAN_POINT('',(-155.128240925033,30.8,-6.24961536185438));
#4166=CARTESIAN_POINT('',(-155.845071302228,30.8,-6.24961536185438));
#4167=CARTESIAN_POINT('Ctrl Pts',(-155.845071302228,30.8,-6.24961536185438));
#4168=CARTESIAN_POINT('Ctrl Pts',(-155.890389765883,30.8111156174256,-6.23661710159468));
#4169=CARTESIAN_POINT('Ctrl Pts',(-155.934834521752,30.8241931761307,-6.22119122534759));
#4170=CARTESIAN_POINT('Ctrl Pts',(-156.132071165415,30.8913842757117,-6.14067514246723));
#4171=CARTESIAN_POINT('Ctrl Pts',(-156.26926134066,30.9650961677443,-6.04857738707734));
#4172=CARTESIAN_POINT('Ctrl Pts',(-156.501208412323,31.1242492849937,-5.8304390069347));
#4173=CARTESIAN_POINT('Ctrl Pts',(-156.607059041819,31.2233617129134,-5.68314077825423));
#4174=CARTESIAN_POINT('Ctrl Pts',(-156.749906516576,31.4146301114542,-5.35522177739401));
#4175=CARTESIAN_POINT('Ctrl Pts',(-156.78665611363,31.506494681518,-5.17432350151402));
#4176=CARTESIAN_POINT('Ctrl Pts',(-156.78665611363,31.6513447922164,-4.84243020316485));
#4177=CARTESIAN_POINT('Ctrl Pts',(-156.756092723785,31.7160538161219,-4.66963469166061));
#4178=CARTESIAN_POINT('Ctrl Pts',(-156.62358324244,31.8184776642422,-4.34577729510769));
#4179=CARTESIAN_POINT('Ctrl Pts',(-156.521428393253,31.856651391408,-4.19494619632003));
#4180=CARTESIAN_POINT('Ctrl Pts',(-156.286310400109,31.9078466245459,-3.96251114367212));
#4181=CARTESIAN_POINT('Ctrl Pts',(-156.141214974489,31.9252895929113,-3.86367944341609));
#4182=CARTESIAN_POINT('Ctrl Pts',(-155.822689333851,31.9465116387404,-3.73242219581603));
#4183=CARTESIAN_POINT('Ctrl Pts',(-155.649289010538,31.9507575177946,-3.70000000000002));
#4184=CARTESIAN_POINT('Ctrl Pts',(-155.48665611363,31.9507575177946,-3.70000000000002));
#4185=CARTESIAN_POINT('Ctrl Pts',(-155.324023216723,31.9507575177946,-3.70000000000002));
#4186=CARTESIAN_POINT('Ctrl Pts',(-155.15062289341,31.9465116387404,-3.73242219581604));
#4187=CARTESIAN_POINT('Ctrl Pts',(-154.832097252772,31.9252895929113,-3.8636794434161));
#4188=CARTESIAN_POINT('Ctrl Pts',(-154.687001827152,31.9078466245459,-3.96251114367212));
#4189=CARTESIAN_POINT('Ctrl Pts',(-154.451883834008,31.856651391408,-4.19494619632003));
#4190=CARTESIAN_POINT('Ctrl Pts',(-154.349728984821,31.8184776642422,-4.34577729510771));
#4191=CARTESIAN_POINT('Ctrl Pts',(-154.217219503476,31.7160538161219,-4.66963469166063));
#4192=CARTESIAN_POINT('Ctrl Pts',(-154.186656113631,31.6513447922164,-4.84243020316485));
#4193=CARTESIAN_POINT('Ctrl Pts',(-154.186656113631,31.506494681518,-5.17432350151402));
#4194=CARTESIAN_POINT('Ctrl Pts',(-154.223405710685,31.4146301114542,-5.35522177739401));
#4195=CARTESIAN_POINT('Ctrl Pts',(-154.366253185442,31.2233617129134,-5.68314077825423));
#4196=CARTESIAN_POINT('Ctrl Pts',(-154.472103814938,31.1242492849937,-5.8304390069347));
#4197=CARTESIAN_POINT('Ctrl Pts',(-154.7040508866,30.9650961677443,-6.04857738707734));
#4198=CARTESIAN_POINT('Ctrl Pts',(-154.841241061846,30.8913842757117,-6.14067514246721));
#4199=CARTESIAN_POINT('Ctrl Pts',(-155.038477705509,30.8241931761307,-6.22119122534758));
#4200=CARTESIAN_POINT('Ctrl Pts',(-155.082922461378,30.8111156174256,-6.23661710159468));
#4201=CARTESIAN_POINT('Ctrl Pts',(-155.128240925033,30.8,-6.24961536185437));
#4202=CARTESIAN_POINT('Origin',(60.626,11.,3.00000000000001));
#4203=CARTESIAN_POINT('Origin',(60.626,11.,-2.99999999999999));
#4204=CARTESIAN_POINT('Origin',(-155.48665611363,30.8,-5.));
#4205=CARTESIAN_POINT('',(-155.48665611363,30.8,-6.29999999999997));
#4206=CARTESIAN_POINT('Origin',(-155.48665611363,30.8,-5.));
#4207=CARTESIAN_POINT('Origin',(-155.48665611363,30.8,-5.));
#4208=CARTESIAN_POINT('',(-155.48665611363,30.8,-6.29999999999997));
#4209=CARTESIAN_POINT('Origin',(-155.48665611363,30.8,-5.));
#4210=CARTESIAN_POINT('Origin',(-155.486656113631,30.8,5.));
#4211=CARTESIAN_POINT('Origin',(-155.486656113631,30.8,5.));
#4212=CARTESIAN_POINT('',(-155.486656113631,30.8,3.70000000000002));
#4213=CARTESIAN_POINT('Origin',(-155.486656113631,30.8,5.));
#4214=CARTESIAN_POINT('Ctrl Pts',(-137.60830838366,4.,31.5198956038286));
#4215=CARTESIAN_POINT('Ctrl Pts',(-137.883219000607,4.,32.481365391544));
#4216=CARTESIAN_POINT('Ctrl Pts',(-137.883219000607,3.,32.481365391544));
#4217=CARTESIAN_POINT('Ctrl Pts',(-137.67912761637,4.,31.4996464403033));
#4218=CARTESIAN_POINT('Ctrl Pts',(-137.954038233316,4.,32.4611162280191));
#4219=CARTESIAN_POINT('Ctrl Pts',(-137.954038233317,3.,32.4611162280188));
#4220=CARTESIAN_POINT('Ctrl Pts',(-137.820826043196,4.,31.4593001687067));
#4221=CARTESIAN_POINT('Ctrl Pts',(-138.096015454553,4.,32.4206948815604));
#4222=CARTESIAN_POINT('Ctrl Pts',(-138.096015454552,3.,32.4206948815606));
#4223=CARTESIAN_POINT('Ctrl Pts',(-138.103628847228,4.00000000000001,31.3771012425647));
#4224=CARTESIAN_POINT('Ctrl Pts',(-138.388344569472,4.,32.3357354577708));
#4225=CARTESIAN_POINT('Ctrl Pts',(-138.388344569473,3.,32.3357354577708));
#4226=CARTESIAN_POINT('Ctrl Pts',(-138.596766283494,4.,31.2287742986545));
#4227=CARTESIAN_POINT('Ctrl Pts',(-138.894154352546,4.,32.1835815867789));
#4228=CARTESIAN_POINT('Ctrl Pts',(-138.894154352546,3.,32.1835815867789));
#4229=CARTESIAN_POINT('Ctrl Pts',(-139.296223565218,4.00000000000001,31.00411993222));
#4230=CARTESIAN_POINT('Ctrl Pts',(-139.614319498155,4.,31.9523030769481));
#4231=CARTESIAN_POINT('Ctrl Pts',(-139.614319498155,3.,31.9523030769481));
#4232=CARTESIAN_POINT('Ctrl Pts',(-140.127190818636,4.,30.7133711891477));
#4233=CARTESIAN_POINT('Ctrl Pts',(-140.469885671986,4.,31.6529417250046));
#4234=CARTESIAN_POINT('Ctrl Pts',(-140.469885671986,3.,31.6529417250046));
#4235=CARTESIAN_POINT('Ctrl Pts',(-141.223768763405,4.,30.2964371663667));
#4236=CARTESIAN_POINT('Ctrl Pts',(-141.600466427808,4.,31.2230947128971));
#4237=CARTESIAN_POINT('Ctrl Pts',(-141.600466427808,3.,31.2230947128971));
#4238=CARTESIAN_POINT('Ctrl Pts',(-142.57118868149,4.,29.7191286898778));
#4239=CARTESIAN_POINT('Ctrl Pts',(-142.991810597316,4.,30.6270125786942));
#4240=CARTESIAN_POINT('Ctrl Pts',(-142.991810597316,3.,30.6270125786943));
#4241=CARTESIAN_POINT('Ctrl Pts',(-144.154026925062,4.,28.9265127300009));
#4242=CARTESIAN_POINT('Ctrl Pts',(-144.629699468208,4.,29.8068948292133));
#4243=CARTESIAN_POINT('Ctrl Pts',(-144.629699468208,3.,29.8068948292133));
#4244=CARTESIAN_POINT('Ctrl Pts',(-145.678622852666,4.,28.0380976683505));
#4245=CARTESIAN_POINT('Ctrl Pts',(-146.210297234982,4.,28.8859055080888));
#4246=CARTESIAN_POINT('Ctrl Pts',(-146.210297234982,3.,28.8859055080887));
#4247=CARTESIAN_POINT('Ctrl Pts',(-147.132903387728,4.,27.0567687169331));
#4248=CARTESIAN_POINT('Ctrl Pts',(-147.72034878247,4.,27.8669932417727));
#4249=CARTESIAN_POINT('Ctrl Pts',(-147.72034878247,3.,27.8669932417727));
#4250=CARTESIAN_POINT('Ctrl Pts',(-148.517056293747,4.,25.9786408246262));
#4251=CARTESIAN_POINT('Ctrl Pts',(-149.159183416577,4.,26.7463082494039));
#4252=CARTESIAN_POINT('Ctrl Pts',(-149.159183416577,3.,26.7463082494038));
#4253=CARTESIAN_POINT('Ctrl Pts',(-149.611275447953,4.,24.995979933138));
#4254=CARTESIAN_POINT('Ctrl Pts',(-150.29728932771,4.00000000000001,25.7242445716809));
#4255=CARTESIAN_POINT('Ctrl Pts',(-150.297289327711,3.,25.7242445716809));
#4256=CARTESIAN_POINT('Ctrl Pts',(-150.44659100418,4.,24.1610529055622));
#4257=CARTESIAN_POINT('Ctrl Pts',(-151.16609788108,4.,24.8558378497656));
#4258=CARTESIAN_POINT('Ctrl Pts',(-151.16609788108,3.,24.8558378497656));
#4259=CARTESIAN_POINT('Ctrl Pts',(-151.245629420943,4.,23.3038166149517));
#4260=CARTESIAN_POINT('Ctrl Pts',(-151.997044141115,4.00000000000001,23.9643666354786));
#4261=CARTESIAN_POINT('Ctrl Pts',(-151.997044141115,3.00000000000001,23.9643666354787));
#4262=CARTESIAN_POINT('Ctrl Pts',(-152.556696604649,4.,21.7405726569878));
#4263=CARTESIAN_POINT('Ctrl Pts',(-153.35983940182,3.99999999999992,22.3394034644564));
#4264=CARTESIAN_POINT('Ctrl Pts',(-153.359839401814,2.99999999999987,22.3394034644556));
#4265=CARTESIAN_POINT('Ctrl Pts',(-153.861255158218,4.,19.8175254754799));
#4266=CARTESIAN_POINT('Ctrl Pts',(-154.713355968776,4.00000000000047,20.3437614091308));
#4267=CARTESIAN_POINT('Ctrl Pts',(-154.713355968813,3.00000000000079,20.3437614091356));
#4268=CARTESIAN_POINT('Ctrl Pts',(-154.986913591711,4.00000000000001,17.7689240406247));
#4269=CARTESIAN_POINT('Ctrl Pts',(-155.878059629189,3.9999999999992,18.2239352119728));
#4270=CARTESIAN_POINT('Ctrl Pts',(-155.878059629127,2.99999999999865,18.2239352119645));
#4271=CARTESIAN_POINT('Ctrl Pts',(-155.998469163897,3.99999999999999,15.6364185931386));
#4272=CARTESIAN_POINT('Ctrl Pts',(-156.922530233688,4.00000000000436,16.0218635841781));
#4273=CARTESIAN_POINT('Ctrl Pts',(-156.922530234028,3.00000000000732,16.0218635842231));
#4274=CARTESIAN_POINT('Ctrl Pts',(-156.616857426763,4.00000000000005,13.9906090535231));
#4275=CARTESIAN_POINT('Ctrl Pts',(-157.558808724303,3.99999999998062,14.3278590686011));
#4276=CARTESIAN_POINT('Ctrl Pts',(-157.55880872279,2.99999999996747,14.3278590684009));
#4277=CARTESIAN_POINT('Ctrl Pts',(-156.976962986459,4.00000000000005,12.8742988452587));
#4278=CARTESIAN_POINT('Ctrl Pts',(-157.928670235968,4.00000000000005,13.1813058667316));
#4279=CARTESIAN_POINT('Ctrl Pts',(-157.928670235968,3.00000000000003,13.1813058667316));
#4280=CARTESIAN_POINT('Ctrl Pts',(-156.768885956,3.9999999999113,13.4999978109415));
#4281=CARTESIAN_POINT('Ctrl Pts',(-156.829110525701,3.99999928881206,13.4912235860095));
#4282=CARTESIAN_POINT('Ctrl Pts',(-156.888598067617,3.99571916112297,13.4825989614834));
#4283=CARTESIAN_POINT('Ctrl Pts',(-156.947551696742,3.98704381506708,13.4741015663343));
#4284=CARTESIAN_POINT('Ctrl Pts',(-156.965539014013,3.98439688383898,13.4715089296334));
#4285=CARTESIAN_POINT('Ctrl Pts',(-156.983476752606,3.98134113789211,13.4689281068943));
#4286=CARTESIAN_POINT('Ctrl Pts',(-157.001370960669,3.97787420881494,13.4663583890157));
#4287=CARTESIAN_POINT('Ctrl Pts',(-157.05957310991,3.9665977822271,13.4580002039002));
#4288=CARTESIAN_POINT('Ctrl Pts',(-157.117314570479,3.95096746547764,13.4497596730957));
#4289=CARTESIAN_POINT('Ctrl Pts',(-157.173227434596,3.93129038692035,13.4418325958542));
#4290=CARTESIAN_POINT('Ctrl Pts',(-157.190579253304,3.92518386554599,13.4393725321578));
#4291=CARTESIAN_POINT('Ctrl Pts',(-157.207812016607,3.9186681200449,13.4369322933552));
#4292=CARTESIAN_POINT('Ctrl Pts',(-157.224875888745,3.91174823515337,13.4345191444188));
#4293=CARTESIAN_POINT('Ctrl Pts',(-157.265854848769,3.89513010275959,13.4287239571953));
#4294=CARTESIAN_POINT('Ctrl Pts',(-157.305857788912,3.87617813702454,13.4230853672682));
#4295=CARTESIAN_POINT('Ctrl Pts',(-157.344648363482,3.85488643546823,13.41763692365));
#4296=CARTESIAN_POINT('Ctrl Pts',(-157.373129565704,3.83925343017214,13.4136365130809));
#4297=CARTESIAN_POINT('Ctrl Pts',(-157.400957542174,3.82236004422401,13.4097385318572));
#4298=CARTESIAN_POINT('Ctrl Pts',(-157.428046592022,3.80422001310711,13.4059547781207));
#4299=CARTESIAN_POINT('Ctrl Pts',(-157.463312946407,3.78060409562315,13.4010288319939));
#4300=CARTESIAN_POINT('Ctrl Pts',(-157.497326015904,3.75487390188828,13.3962966277609));
#4301=CARTESIAN_POINT('Ctrl Pts',(-157.529607551772,3.7273124301978,13.3918229610165));
#4302=CARTESIAN_POINT('Ctrl Pts',(-157.555387522544,3.70530189335413,13.3882502995923));
#4303=CARTESIAN_POINT('Ctrl Pts',(-157.580185672121,3.6820229259889,13.384821172637));
#4304=CARTESIAN_POINT('Ctrl Pts',(-157.603758951769,3.65757966106271,13.3815674449901));
#4305=CARTESIAN_POINT('Ctrl Pts',(-157.641419305735,3.61852943033681,13.3763693335382));
#4306=CARTESIAN_POINT('Ctrl Pts',(-157.6759515207,3.57650508565298,13.3716191961491));
#4307=CARTESIAN_POINT('Ctrl Pts',(-157.706820290957,3.53194626684859,13.3673837089745));
#4308=CARTESIAN_POINT('Ctrl Pts',(-157.735261512046,3.49089159552538,13.3634813045008));
#4309=CARTESIAN_POINT('Ctrl Pts',(-157.760592487531,3.44768647174728,13.3600158133892));
#4310=CARTESIAN_POINT('Ctrl Pts',(-157.782407560857,3.40271155335545,13.3570370294533));
#4311=CARTESIAN_POINT('Ctrl Pts',(-157.800418742353,3.36557890631647,13.35457765573));
#4312=CARTESIAN_POINT('Ctrl Pts',(-157.815990197253,3.32734255079551,13.3524551564222));
#4313=CARTESIAN_POINT('Ctrl Pts',(-157.828969175422,3.2881204812882,13.3506873132344));
#4314=CARTESIAN_POINT('Ctrl Pts',(-157.83044266029,3.2836676557151,13.3504866125203));
#4315=CARTESIAN_POINT('Ctrl Pts',(-157.831882678833,3.27920210936702,13.3502904899832));
#4316=CARTESIAN_POINT('Ctrl Pts',(-157.833288966192,3.27472400358545,13.3500989772173));
#4317=CARTESIAN_POINT('Ctrl Pts',(-157.845274264718,3.23655866397373,13.3484667804564));
#4318=CARTESIAN_POINT('Ctrl Pts',(-157.854813322448,3.19748056869857,13.3471688981191));
#4319=CARTESIAN_POINT('Ctrl Pts',(-157.861794670626,3.15784529893095,13.3462198652432));
#4320=CARTESIAN_POINT('Ctrl Pts',(-157.867756715365,3.12399692958757,13.3454093947837));
#4321=CARTESIAN_POINT('Ctrl Pts',(-157.871852762817,3.08974171168478,13.3448534297354));
#4322=CARTESIAN_POINT('Ctrl Pts',(-157.873984977998,3.05531080340565,13.344564854095));
#4323=CARTESIAN_POINT('Ctrl Pts',(-157.875123556952,3.03692508518694,13.3444107579449));
#4324=CARTESIAN_POINT('Ctrl Pts',(-157.87570167828,3.0184896112642,13.3443329708524));
#4325=CARTESIAN_POINT('Ctrl Pts',(-157.875709077268,3.00000001702305,13.3443329848112));
#4326=CARTESIAN_POINT('Ctrl Pts',(-138.044466524031,3.,32.4352787814096));
#4327=CARTESIAN_POINT('Ctrl Pts',(-138.044466524031,3.07148226633416,32.4352787814096));
#4328=CARTESIAN_POINT('Ctrl Pts',(-138.04660054149,3.14249628696754,32.4266953605598));
#4329=CARTESIAN_POINT('Ctrl Pts',(-138.055320368124,3.28690960588113,32.3916292983884));
#4330=CARTESIAN_POINT('Ctrl Pts',(-138.062197512132,3.35902543618535,32.3639775948527));
#4331=CARTESIAN_POINT('Ctrl Pts',(-138.086725372835,3.54539562415284,32.2653489609874));
#4332=CARTESIAN_POINT('Ctrl Pts',(-138.108213403099,3.6485243849266,32.1789354043461));
#4333=CARTESIAN_POINT('Ctrl Pts',(-138.160960614542,3.82391470881911,31.9666741091606));
#4334=CARTESIAN_POINT('Ctrl Pts',(-138.192407630344,3.89203185576338,31.840047118286));
#4335=CARTESIAN_POINT('Ctrl Pts',(-138.25691473729,3.97840476256743,31.5799337858875));
#4336=CARTESIAN_POINT('Ctrl Pts',(-138.289635036547,3.99946625588052,31.4478467975751));
#4337=CARTESIAN_POINT('Ctrl Pts',(-138.322756934641,3.99999666115835,31.3139735734653));
#4338=CARTESIAN_POINT('Ctrl Pts',(-138.323173737239,3.99999999884124,31.3122889007398));
#4339=CARTESIAN_POINT('Ctrl Pts',(-138.32359075086,3.9999999999997,31.3106033493863));
#4340=CARTESIAN_POINT('Ctrl Pts',(-156.977165647323,4.,-12.8736705869383));
#4341=CARTESIAN_POINT('Ctrl Pts',(-157.928878387223,4.,-13.1806605879348));
#4342=CARTESIAN_POINT('Ctrl Pts',(-157.928878387223,3.,-13.1806605879348));
#4343=CARTESIAN_POINT('Ctrl Pts',(-156.615604012766,4.,-13.9945631669477));
#4344=CARTESIAN_POINT('Ctrl Pts',(-157.557521641315,4.,-14.3319194088155));
#4345=CARTESIAN_POINT('Ctrl Pts',(-157.557521640893,3.,-14.3319194086866));
#4346=CARTESIAN_POINT('Ctrl Pts',(-155.995120999329,4.,-15.6431947559137));
#4347=CARTESIAN_POINT('Ctrl Pts',(-156.919070258564,4.,-16.0288656132277));
#4348=CARTESIAN_POINT('Ctrl Pts',(-156.919070258659,3.,-16.0288656132568));
#4349=CARTESIAN_POINT('Ctrl Pts',(-154.989700032965,4.,-17.7635990798002));
#4350=CARTESIAN_POINT('Ctrl Pts',(-155.880942514571,4.,-18.2184278454261));
#4351=CARTESIAN_POINT('Ctrl Pts',(-155.880942514553,3.,-18.2184278454206));
#4352=CARTESIAN_POINT('Ctrl Pts',(-154.136439403465,4.,-19.3168586417571));
#4353=CARTESIAN_POINT('Ctrl Pts',(-154.998079915874,4.,-19.8256899513466));
#4354=CARTESIAN_POINT('Ctrl Pts',(-154.998079915879,3.,-19.825689951348));
#4355=CARTESIAN_POINT('Ctrl Pts',(-153.192643888569,4.,-20.8035364856491));
#4356=CARTESIAN_POINT('Ctrl Pts',(-154.019681542828,4.,-21.3669713863609));
#4357=CARTESIAN_POINT('Ctrl Pts',(-154.019681542827,3.,-21.3669713863605));
#4358=CARTESIAN_POINT('Ctrl Pts',(-152.157270379823,4.,-22.2192687953794));
#4359=CARTESIAN_POINT('Ctrl Pts',(-152.944662046168,4.,-22.8369846650292));
#4360=CARTESIAN_POINT('Ctrl Pts',(-152.944662046168,3.,-22.8369846650293));
#4361=CARTESIAN_POINT('Ctrl Pts',(-151.21493751088,4.,-23.3387586002907));
#4362=CARTESIAN_POINT('Ctrl Pts',(-151.965134117731,4.,-24.000696526601));
#4363=CARTESIAN_POINT('Ctrl Pts',(-151.965134117731,3.,-24.000696526601));
#4364=CARTESIAN_POINT('Ctrl Pts',(-150.412555302376,4.,-24.1962539197702));
#4365=CARTESIAN_POINT('Ctrl Pts',(-151.13069915609,4.00000000000001,-24.8924485956348));
#4366=CARTESIAN_POINT('Ctrl Pts',(-151.13069915609,3.,-24.8924485956348));
#4367=CARTESIAN_POINT('Ctrl Pts',(-149.574922490653,4.,-25.0301558634142));
#4368=CARTESIAN_POINT('Ctrl Pts',(-150.259476605032,4.,-25.7597930091043));
#4369=CARTESIAN_POINT('Ctrl Pts',(-150.259476605032,3.,-25.7597930091043));
#4370=CARTESIAN_POINT('Ctrl Pts',(-148.481017809111,4.,-26.0085452922601));
#4371=CARTESIAN_POINT('Ctrl Pts',(-149.121708884742,4.,-26.7774025291408));
#4372=CARTESIAN_POINT('Ctrl Pts',(-149.121708884742,3.,-26.7774025291408));
#4373=CARTESIAN_POINT('Ctrl Pts',(-146.641084995238,4.,-27.4365490939751));
#4374=CARTESIAN_POINT('Ctrl Pts',(-147.209124257211,4.,-28.2617517598164));
#4375=CARTESIAN_POINT('Ctrl Pts',(-147.209124257211,3.,-28.2617517598164));
#4376=CARTESIAN_POINT('Ctrl Pts',(-144.66951619736,4.,-28.6681018316098));
#4377=CARTESIAN_POINT('Ctrl Pts',(-145.16311768333,4.00000000000001,-29.5395235230518));
#4378=CARTESIAN_POINT('Ctrl Pts',(-145.16311768333,3.,-29.5395235230518));
#4379=CARTESIAN_POINT('Ctrl Pts',(-142.575131941711,4.,-29.7173309063682));
#4380=CARTESIAN_POINT('Ctrl Pts',(-142.99588721348,4.00000000000001,-30.6251528558889));
#4381=CARTESIAN_POINT('Ctrl Pts',(-142.99588721348,3.,-30.6251528558889));
#4382=CARTESIAN_POINT('Ctrl Pts',(-141.218725430851,4.,-30.298563833607));
#4383=CARTESIAN_POINT('Ctrl Pts',(-141.595259485225,4.,-31.2252903838711));
#4384=CARTESIAN_POINT('Ctrl Pts',(-141.595259485225,3.,-31.2252903838711));
#4385=CARTESIAN_POINT('Ctrl Pts',(-140.121680580414,4.00000000000001,-30.7153680125359));
#4386=CARTESIAN_POINT('Ctrl Pts',(-140.464208604265,4.00000000000001,-31.654998873364));
#4387=CARTESIAN_POINT('Ctrl Pts',(-140.464208604265,3.00000000000001,-31.654998873364));
#4388=CARTESIAN_POINT('Ctrl Pts',(-139.291251659495,3.99999999999998,-31.0057772675547));
#4389=CARTESIAN_POINT('Ctrl Pts',(-139.609201677872,3.99999999999998,-31.9540089896303));
#4390=CARTESIAN_POINT('Ctrl Pts',(-139.609201677872,2.99999999999999,-31.9540089896304));
#4391=CARTESIAN_POINT('Ctrl Pts',(-138.59352723748,4.00000000000006,-31.2297690465026));
#4392=CARTESIAN_POINT('Ctrl Pts',(-138.890826134707,4.00000000000006,-32.1846037440102));
#4393=CARTESIAN_POINT('Ctrl Pts',(-138.890826134707,3.00000000000004,-32.18460374401));
#4394=CARTESIAN_POINT('Ctrl Pts',(-138.102183921487,3.99999999999992,-31.377524782772));
#4395=CARTESIAN_POINT('Ctrl Pts',(-138.386856884177,3.99999999999992,-32.3361715101264));
#4396=CARTESIAN_POINT('Ctrl Pts',(-138.386856884177,2.99999999999995,-32.3361715101266));
#4397=CARTESIAN_POINT('Ctrl Pts',(-137.820583374097,4.00000000000002,-31.4593680533382));
#4398=CARTESIAN_POINT('Ctrl Pts',(-138.09577127513,4.00000000000002,-32.4207631566538));
#4399=CARTESIAN_POINT('Ctrl Pts',(-138.09577127513,3.00000000000001,-32.4207631566534));
#4400=CARTESIAN_POINT('Ctrl Pts',(-137.679537596409,4.,-31.4995292157399));
#4401=CARTESIAN_POINT('Ctrl Pts',(-137.954448213356,4.,-32.4609990034556));
#4402=CARTESIAN_POINT('Ctrl Pts',(-137.954448213356,3.,-32.4609990034565));
#4403=CARTESIAN_POINT('Ctrl Pts',(-137.609039493583,4.,-31.5196865594131));
#4404=CARTESIAN_POINT('Ctrl Pts',(-137.883950110529,4.,-32.4811563471288));
#4405=CARTESIAN_POINT('Ctrl Pts',(-137.883950110529,3.,-32.4811563471288));
#4406=CARTESIAN_POINT('Ctrl Pts',(-157.875709077268,3.00000001728511,-13.3443329848125));
#4407=CARTESIAN_POINT('Ctrl Pts',(-157.875701678274,3.01848961144102,-13.3443329708541));
#4408=CARTESIAN_POINT('Ctrl Pts',(-157.875123556946,3.03692508527898,-13.3444107579463));
#4409=CARTESIAN_POINT('Ctrl Pts',(-157.873984977998,3.0553108034134,-13.3445648540954));
#4410=CARTESIAN_POINT('Ctrl Pts',(-157.871488227769,3.09562820611808,-13.3449027661886));
#4411=CARTESIAN_POINT('Ctrl Pts',(-157.866299894042,3.1357041770286,-13.3456071576607));
#4412=CARTESIAN_POINT('Ctrl Pts',(-157.858573353703,3.17516929693369,-13.346657841557));
#4413=CARTESIAN_POINT('Ctrl Pts',(-157.851974917694,3.208872358957,-13.347555121601));
#4414=CARTESIAN_POINT('Ctrl Pts',(-157.843524365461,3.24213094899293,-13.3487050874034));
#4415=CARTESIAN_POINT('Ctrl Pts',(-157.83328896619,3.27472400359178,-13.3500989772179));
#4416=CARTESIAN_POINT('Ctrl Pts',(-157.820901887557,3.31416875015066,-13.3517858896948));
#4417=CARTESIAN_POINT('Ctrl Pts',(-157.805901860983,3.35264020879853,-13.3538299002106));
#4418=CARTESIAN_POINT('Ctrl Pts',(-157.788447231571,3.39002215766268,-13.3562124701114));
#4419=CARTESIAN_POINT('Ctrl Pts',(-157.786465632404,3.39426607696893,-13.356482959872));
#4420=CARTESIAN_POINT('Ctrl Pts',(-157.784452344588,3.39849593693003,-13.3567578202648));
#4421=CARTESIAN_POINT('Ctrl Pts',(-157.782407560857,3.40271155335528,-13.3570370294538));
#4422=CARTESIAN_POINT('Ctrl Pts',(-157.758730501266,3.45152522484622,-13.3602700621238));
#4423=CARTESIAN_POINT('Ctrl Pts',(-157.730911471758,3.49825352729582,-13.3640764766834));
#4424=CARTESIAN_POINT('Ctrl Pts',(-157.699469952613,3.54241154270249,-13.3683924695424));
#4425=CARTESIAN_POINT('Ctrl Pts',(-157.670501024141,3.58309693019545,-13.3723690486588));
#4426=CARTESIAN_POINT('Ctrl Pts',(-157.638457660029,3.62160037726081,-13.3767781179188));
#4427=CARTESIAN_POINT('Ctrl Pts',(-157.603758951766,3.65757966106595,-13.3815674449906));
#4428=CARTESIAN_POINT('Ctrl Pts',(-157.580185672119,3.68202292599094,-13.3848211726373));
#4429=CARTESIAN_POINT('Ctrl Pts',(-157.555387522543,3.70530189335507,-13.3882502995925));
#4430=CARTESIAN_POINT('Ctrl Pts',(-157.529607551773,3.72731243019774,-13.3918229610165));
#4431=CARTESIAN_POINT('Ctrl Pts',(-157.497326015903,3.754873901889,-13.396296627761));
#4432=CARTESIAN_POINT('Ctrl Pts',(-157.463312946406,3.78060409562453,-13.4010288319941));
#4433=CARTESIAN_POINT('Ctrl Pts',(-157.428046592019,3.80422001310902,-13.4059547781211));
#4434=CARTESIAN_POINT('Ctrl Pts',(-157.391152088758,3.82892621140553,-13.4111081413936));
#4435=CARTESIAN_POINT('Ctrl Pts',(-157.352885966561,3.85131812142985,-13.41647356413));
#4436=CARTESIAN_POINT('Ctrl Pts',(-157.313467980932,3.87136728591612,-13.4220206459948));
#4437=CARTESIAN_POINT('Ctrl Pts',(-157.28452611472,3.88608798325725,-13.4260934797187));
#4438=CARTESIAN_POINT('Ctrl Pts',(-157.254963869136,3.89954670438494,-13.4302641443057));
#4439=CARTESIAN_POINT('Ctrl Pts',(-157.224875888743,3.91174823515422,-13.4345191444191));
#4440=CARTESIAN_POINT('Ctrl Pts',(-157.207812016606,3.91866812004543,-13.4369322933554));
#4441=CARTESIAN_POINT('Ctrl Pts',(-157.190579253303,3.92518386554626,-13.4393725321579));
#4442=CARTESIAN_POINT('Ctrl Pts',(-157.173227434596,3.93129038692039,-13.4418325958543));
#4443=CARTESIAN_POINT('Ctrl Pts',(-157.117314570478,3.95096746547814,-13.4497596730959));
#4444=CARTESIAN_POINT('Ctrl Pts',(-157.05957310991,3.96659778222738,-13.4580002039002));
#4445=CARTESIAN_POINT('Ctrl Pts',(-157.001370960668,3.97787420881517,-13.4663583890159));
#4446=CARTESIAN_POINT('Ctrl Pts',(-156.942722503939,3.98923710563923,-13.4747806666201));
#4447=CARTESIAN_POINT('Ctrl Pts',(-156.883605369547,3.99617926868024,-13.4833225262413));
#4448=CARTESIAN_POINT('Ctrl Pts',(-156.823811398375,3.99880146976194,-13.4920076031308));
#4449=CARTESIAN_POINT('Ctrl Pts',(-156.80556370832,3.9996017028233,-13.4946580808977));
#4450=CARTESIAN_POINT('Ctrl Pts',(-156.787253091231,3.99999995617429,-13.4973218685594));
#4451=CARTESIAN_POINT('Ctrl Pts',(-156.768873964874,3.99999999999639,-13.4999995579506));
#4452=CARTESIAN_POINT('Ctrl Pts',(-138.044466393433,3.,-32.4352786556782));
#4453=CARTESIAN_POINT('Ctrl Pts',(-138.044466393433,3.07148230524856,-32.4352786556781));
#4454=CARTESIAN_POINT('Ctrl Pts',(-138.046600422194,3.1424963666681,-32.4266952337718));
#4455=CARTESIAN_POINT('Ctrl Pts',(-138.055320290026,3.28690971347859,-32.3916291776558));
#4456=CARTESIAN_POINT('Ctrl Pts',(-138.062197460604,3.35902551953795,-32.3639775055282));
#4457=CARTESIAN_POINT('Ctrl Pts',(-138.086725388953,3.54539570081013,-32.2653488999144));
#4458=CARTESIAN_POINT('Ctrl Pts',(-138.108213482308,3.64852444087605,-32.1789354087818));
#4459=CARTESIAN_POINT('Ctrl Pts',(-138.160960717408,3.8239146406754,-31.9666742989277));
#4460=CARTESIAN_POINT('Ctrl Pts',(-138.192407600971,3.8920316867912,-31.8400474387135));
#4461=CARTESIAN_POINT('Ctrl Pts',(-138.256914522835,3.9784046889602,-31.5799341163765));
#4462=CARTESIAN_POINT('Ctrl Pts',(-138.289634811914,3.99946625525878,-31.44784686257));
#4463=CARTESIAN_POINT('Ctrl Pts',(-138.322756778374,3.99999666116201,-31.3139734167097));
#4464=CARTESIAN_POINT('Ctrl Pts',(-138.32317379781,3.99999999999932,-31.312287868317));
#4465=CARTESIAN_POINT('Ctrl Pts',(-138.323590811361,3.99999999999998,-31.310602318045));
#4466=CARTESIAN_POINT('Origin',(-169.271150025298,3.,0.));
#4467=CARTESIAN_POINT('Origin',(-147.584632582305,3.5,-18.6303343761013));
#4468=CARTESIAN_POINT('Ctrl Pts',(-147.084632582305,3.5,18.6302890069212));
#4469=CARTESIAN_POINT('Ctrl Pts',(-147.084632582305,3.53323951243976,18.6302890069212));
#4470=CARTESIAN_POINT('Ctrl Pts',(-147.087947072737,3.56636412689106,18.6313267155689));
#4471=CARTESIAN_POINT('Ctrl Pts',(-147.101515182771,3.63361419630172,18.6355740641788));
#4472=CARTESIAN_POINT('Ctrl Pts',(-147.112172257621,3.66739780907623,18.6389099576904));
#4473=CARTESIAN_POINT('Ctrl Pts',(-147.15221294563,3.75931134955706,18.6514408138306));
#4474=CARTESIAN_POINT('Ctrl Pts',(-147.189337135617,3.81279016728126,18.6630559461337));
#4475=CARTESIAN_POINT('Ctrl Pts',(-147.281479699775,3.90287083165875,18.6918734461092));
#4476=CARTESIAN_POINT('Ctrl Pts',(-147.3358562738,3.93839661875776,18.708874920806));
#4477=CARTESIAN_POINT('Ctrl Pts',(-147.454349655218,3.98697583777715,18.7459135297451));
#4478=CARTESIAN_POINT('Ctrl Pts',(-147.517670123026,3.99958453324334,18.7657018414781));
#4479=CARTESIAN_POINT('Ctrl Pts',(-147.58251419184,3.99999663431074,18.7859653538448));
#4480=CARTESIAN_POINT('Ctrl Pts',(-147.583570235993,3.99999999331674,18.7862953632276));
#4481=CARTESIAN_POINT('Ctrl Pts',(-147.584629432113,3.99999999999008,18.7866263574095));
#4482=CARTESIAN_POINT('Ctrl Pts',(-147.084632582305,3.5,-18.6302890069069));
#4483=CARTESIAN_POINT('Ctrl Pts',(-147.084632582305,3.53323951243987,-18.6302890069069));
#4484=CARTESIAN_POINT('Ctrl Pts',(-147.087947072737,3.56636412689128,-18.6313267155546));
#4485=CARTESIAN_POINT('Ctrl Pts',(-147.101515182771,3.63361419630146,-18.6355740641645));
#4486=CARTESIAN_POINT('Ctrl Pts',(-147.112172257621,3.66739780907573,-18.6389099576761));
#4487=CARTESIAN_POINT('Ctrl Pts',(-147.15221294563,3.75931134955727,-18.6514408138164));
#4488=CARTESIAN_POINT('Ctrl Pts',(-147.189337135617,3.81279016728151,-18.6630559461194));
#4489=CARTESIAN_POINT('Ctrl Pts',(-147.281479699775,3.90287083165865,-18.691873446095));
#4490=CARTESIAN_POINT('Ctrl Pts',(-147.3358562738,3.93839661875766,-18.7088749207918));
#4491=CARTESIAN_POINT('Ctrl Pts',(-147.454349655218,3.98697583777715,-18.7459135297311));
#4492=CARTESIAN_POINT('Ctrl Pts',(-147.517670123026,3.99958453324333,-18.7657018414636));
#4493=CARTESIAN_POINT('Ctrl Pts',(-147.58251419184,3.99999663431074,-18.7859653538304));
#4494=CARTESIAN_POINT('Ctrl Pts',(-147.583570235993,3.99999999331674,-18.7862953632133));
#4495=CARTESIAN_POINT('Ctrl Pts',(-147.584629432113,3.99999999999008,-18.7866263573952));
#4496=CARTESIAN_POINT('Ctrl Pts',(-147.213447756929,3.5,-18.4444036492925));
#4497=CARTESIAN_POINT('Ctrl Pts',(-147.213447756929,4.00000000000001,-18.4444036492925));
#4498=CARTESIAN_POINT('Ctrl Pts',(-147.624446685867,4.00000000000001,-18.7291489397043));
#4499=CARTESIAN_POINT('Ctrl Pts',(-147.178472172896,3.5,-18.4948871096364));
#4500=CARTESIAN_POINT('Ctrl Pts',(-147.178472172898,4.00000000000001,-18.4948871096367));
#4501=CARTESIAN_POINT('Ctrl Pts',(-147.589471101834,4.00000000000001,-18.7796324000484));
#4502=CARTESIAN_POINT('Ctrl Pts',(-147.108057698709,3.5,-18.5966035236919));
#4503=CARTESIAN_POINT('Ctrl Pts',(-147.108057698708,4.00000000000001,-18.5966035236918));
#4504=CARTESIAN_POINT('Ctrl Pts',(-147.519557873062,4.,-18.8806270981923));
#4505=CARTESIAN_POINT('Ctrl Pts',(-146.970935199319,3.5,-18.7940404048367));
#4506=CARTESIAN_POINT('Ctrl Pts',(-146.97093519932,4.00000000000001,-18.7940404048368));
#4507=CARTESIAN_POINT('Ctrl Pts',(-147.379427901181,4.00000000000001,-19.0823942748057));
#4508=CARTESIAN_POINT('Ctrl Pts',(-146.726515067088,3.5,-19.1361000008163));
#4509=CARTESIAN_POINT('Ctrl Pts',(-146.726515067088,4.,-19.1361000008162));
#4510=CARTESIAN_POINT('Ctrl Pts',(-147.129534113976,4.,-19.4321156506746));
#4511=CARTESIAN_POINT('Ctrl Pts',(-146.365958533264,3.5,-19.6161883572936));
#4512=CARTESIAN_POINT('Ctrl Pts',(-146.365958533264,4.00000000000001,-19.6161883572936));
#4513=CARTESIAN_POINT('Ctrl Pts',(-146.760820378425,4.00000000000001,-19.9230677506424));
#4514=CARTESIAN_POINT('Ctrl Pts',(-145.913823460972,3.5,-20.178400582878));
#4515=CARTESIAN_POINT('Ctrl Pts',(-145.913823460972,4.,-20.178400582878));
#4516=CARTESIAN_POINT('Ctrl Pts',(-146.298264491068,4.00000000000001,-20.4982417509431));
#4517=CARTESIAN_POINT('Ctrl Pts',(-145.28758000829,3.5,-20.9059108807313));
#4518=CARTESIAN_POINT('Ctrl Pts',(-145.28758000829,4.00000000000001,-20.9059108807313));
#4519=CARTESIAN_POINT('Ctrl Pts',(-145.657392956288,4.00000000000001,-21.2427495781603));
#4520=CARTESIAN_POINT('Ctrl Pts',(-144.460616864591,3.5,-21.7735540345636));
#4521=CARTESIAN_POINT('Ctrl Pts',(-144.460616864591,4.00000000000001,-21.7735540345636));
#4522=CARTESIAN_POINT('Ctrl Pts',(-144.810802888048,4.00000000000001,-22.1309932970333));
#4523=CARTESIAN_POINT('Ctrl Pts',(-143.396283186884,3.5,-22.7467277299092));
#4524=CARTESIAN_POINT('Ctrl Pts',(-143.396283186884,4.,-22.7467277299092));
#4525=CARTESIAN_POINT('Ctrl Pts',(-143.721044951496,4.,-23.1274212035181));
#4526=CARTESIAN_POINT('Ctrl Pts',(-142.270765657578,3.50000000000001,-23.6422097716968));
#4527=CARTESIAN_POINT('Ctrl Pts',(-142.270765657578,4.00000000000002,-23.6422097716968));
#4528=CARTESIAN_POINT('Ctrl Pts',(-142.568736774838,4.00000000000001,-24.0441876249304));
#4529=CARTESIAN_POINT('Ctrl Pts',(-141.083078426746,3.49999999999998,-24.4623061657714));
#4530=CARTESIAN_POINT('Ctrl Pts',(-141.083078426746,3.99999999999997,-24.4623061657714));
#4531=CARTESIAN_POINT('Ctrl Pts',(-141.353690058321,3.99999999999997,-24.883205237139));
#4532=CARTESIAN_POINT('Ctrl Pts',(-140.053607302707,3.50000000000007,-25.0772137398901));
#4533=CARTESIAN_POINT('Ctrl Pts',(-140.053607302707,4.0000000000001,-25.07721373989));
#4534=CARTESIAN_POINT('Ctrl Pts',(-140.300282745061,4.0000000000001,-25.5123136061011));
#4535=CARTESIAN_POINT('Ctrl Pts',(-139.362162034655,3.49999999999992,-25.4468068798584));
#4536=CARTESIAN_POINT('Ctrl Pts',(-139.362162034655,3.99999999999989,-25.4468068798585));
#4537=CARTESIAN_POINT('Ctrl Pts',(-139.595136793038,3.99999999999988,-25.889269183104));
#4538=CARTESIAN_POINT('Ctrl Pts',(-139.041749158978,3.50000000000007,-25.6101282516657));
#4539=CARTESIAN_POINT('Ctrl Pts',(-139.041749158978,4.00000000000011,-25.6101282516657));
#4540=CARTESIAN_POINT('Ctrl Pts',(-139.266552757501,4.00000000000011,-26.0567452711907));
#4541=CARTESIAN_POINT('Ctrl Pts',(-138.822664825944,3.49999999999996,-25.7198473086352));
#4542=CARTESIAN_POINT('Ctrl Pts',(-138.822664825943,3.99999999999994,-25.7198473086353));
#4543=CARTESIAN_POINT('Ctrl Pts',(-139.04670067727,3.99999999999994,-26.1668441323711));
#4544=CARTESIAN_POINT('Ctrl Pts',(-138.657611600422,3.5,-25.8028035833924));
#4545=CARTESIAN_POINT('Ctrl Pts',(-138.657611600422,4.00000000000001,-25.8028035833917));
#4546=CARTESIAN_POINT('Ctrl Pts',(-138.881935356947,4.00000000000001,-26.2496579805493));
#4547=CARTESIAN_POINT('Ctrl Pts',(-138.547740555799,3.5,-25.857959548333));
#4548=CARTESIAN_POINT('Ctrl Pts',(-138.547740555799,4.00000000000001,-25.857959548333));
#4549=CARTESIAN_POINT('Ctrl Pts',(-138.772064312324,4.00000000000001,-26.3048139454898));
#4550=CARTESIAN_POINT('Ctrl Pts',(-138.990976221254,3.5,-25.6354776645597));
#4551=CARTESIAN_POINT('Ctrl Pts',(-138.990976221252,3.53838877207419,-25.6354776645607));
#4552=CARTESIAN_POINT('Ctrl Pts',(-138.989591800591,3.57629774904575,-25.6411212817274));
#4553=CARTESIAN_POINT('Ctrl Pts',(-138.983965582465,3.65367068838821,-25.6640446758055));
#4554=CARTESIAN_POINT('Ctrl Pts',(-138.979502577608,3.69195453546874,-25.6822232079412));
#4555=CARTESIAN_POINT('Ctrl Pts',(-138.964809850566,3.78380303650556,-25.7420397801301));
#4556=CARTESIAN_POINT('Ctrl Pts',(-138.952466979698,3.83441432529263,-25.7922502109619));
#4557=CARTESIAN_POINT('Ctrl Pts',(-138.922306602597,3.91861810438261,-25.9151344828821));
#4558=CARTESIAN_POINT('Ctrl Pts',(-138.905386844035,3.94960628791138,-25.984160364203));
#4559=CARTESIAN_POINT('Ctrl Pts',(-138.87088816501,3.9897074492708,-26.125006576399));
#4560=CARTESIAN_POINT('Ctrl Pts',(-138.853177773454,3.99963245707099,-26.1973564713734));
#4561=CARTESIAN_POINT('Ctrl Pts',(-138.835212140723,3.99999654407865,-26.2707253331982));
#4562=CARTESIAN_POINT('Ctrl Pts',(-138.834888143033,3.99999988368999,-26.2720484812946));
#4563=CARTESIAN_POINT('Ctrl Pts',(-138.834564143788,3.99999999701458,-26.2733716270133));
#4564=CARTESIAN_POINT('Ctrl Pts',(-147.624446685867,4.00000000000001,18.7291489397189));
#4565=CARTESIAN_POINT('Ctrl Pts',(-147.213447756929,4.00000000000001,18.4444036493067));
#4566=CARTESIAN_POINT('Ctrl Pts',(-147.213447756929,3.5,18.4444036493067));
#4567=CARTESIAN_POINT('Ctrl Pts',(-147.589471101834,4.00000000000001,18.7796324000626));
#4568=CARTESIAN_POINT('Ctrl Pts',(-147.178472172896,4.00000000000001,18.4948871096503));
#4569=CARTESIAN_POINT('Ctrl Pts',(-147.178472172896,3.5,18.4948871096503));
#4570=CARTESIAN_POINT('Ctrl Pts',(-147.519557873062,4.00000000000001,18.8806270982067));
#4571=CARTESIAN_POINT('Ctrl Pts',(-147.108057698709,4.,18.5966035237059));
#4572=CARTESIAN_POINT('Ctrl Pts',(-147.108057698709,3.5,18.5966035237059));
#4573=CARTESIAN_POINT('Ctrl Pts',(-147.379427901181,4.00000000000001,19.0823942748197));
#4574=CARTESIAN_POINT('Ctrl Pts',(-146.97093519932,4.00000000000001,18.7940404048503));
#4575=CARTESIAN_POINT('Ctrl Pts',(-146.97093519932,3.5,18.7940404048503));
#4576=CARTESIAN_POINT('Ctrl Pts',(-147.129534113976,4.,19.4321156506879));
#4577=CARTESIAN_POINT('Ctrl Pts',(-146.726515067089,4.00000000000001,19.1361000008289));
#4578=CARTESIAN_POINT('Ctrl Pts',(-146.726515067089,3.5,19.1361000008289));
#4579=CARTESIAN_POINT('Ctrl Pts',(-146.760820378424,4.00000000000001,19.9230677506547));
#4580=CARTESIAN_POINT('Ctrl Pts',(-146.365958533264,4.,19.616188357305));
#4581=CARTESIAN_POINT('Ctrl Pts',(-146.365958533264,3.5,19.616188357305));
#4582=CARTESIAN_POINT('Ctrl Pts',(-146.298264491066,4.00000000000001,20.4982417509536));
#4583=CARTESIAN_POINT('Ctrl Pts',(-145.913823460971,4.,20.1784005828875));
#4584=CARTESIAN_POINT('Ctrl Pts',(-145.913823460971,3.5,20.1784005828875));
#4585=CARTESIAN_POINT('Ctrl Pts',(-145.657392956285,4.,21.2427495781685));
#4586=CARTESIAN_POINT('Ctrl Pts',(-145.287580008288,4.00000000000001,20.9059108807384));
#4587=CARTESIAN_POINT('Ctrl Pts',(-145.287580008288,3.5,20.9059108807384));
#4588=CARTESIAN_POINT('Ctrl Pts',(-144.810802888044,4.00000000000001,22.1309932970384));
#4589=CARTESIAN_POINT('Ctrl Pts',(-144.460616864587,4.00000000000001,21.7735540345679));
#4590=CARTESIAN_POINT('Ctrl Pts',(-144.460616864587,3.50000000000001,21.7735540345679));
#4591=CARTESIAN_POINT('Ctrl Pts',(-143.721044951491,3.99999999999997,23.1274212035208));
#4592=CARTESIAN_POINT('Ctrl Pts',(-143.396283186879,3.99999999999997,22.7467277299116));
#4593=CARTESIAN_POINT('Ctrl Pts',(-143.396283186879,3.49999999999998,22.7467277299116));
#4594=CARTESIAN_POINT('Ctrl Pts',(-142.568736774834,3.99999999999999,24.0441876249319));
#4595=CARTESIAN_POINT('Ctrl Pts',(-142.270765657574,4.,23.6422097716984));
#4596=CARTESIAN_POINT('Ctrl Pts',(-142.270765657574,3.49999999999999,23.6422097716983));
#4597=CARTESIAN_POINT('Ctrl Pts',(-141.353690058318,4.00000000000008,24.88320523714));
#4598=CARTESIAN_POINT('Ctrl Pts',(-141.083078426744,4.00000000000009,24.4623061657725));
#4599=CARTESIAN_POINT('Ctrl Pts',(-141.083078426743,3.50000000000006,24.4623061657725));
#4600=CARTESIAN_POINT('Ctrl Pts',(-140.30028274506,3.99999999999977,25.5123136061016));
#4601=CARTESIAN_POINT('Ctrl Pts',(-140.053607302704,3.99999999999974,25.0772137398905));
#4602=CARTESIAN_POINT('Ctrl Pts',(-140.053607302706,3.49999999999985,25.0772137398905));
#4603=CARTESIAN_POINT('Ctrl Pts',(-139.595136793036,4.00000000000029,25.8892691831046));
#4604=CARTESIAN_POINT('Ctrl Pts',(-139.362162034655,4.00000000000032,25.4468068798592));
#4605=CARTESIAN_POINT('Ctrl Pts',(-139.362162034654,3.5000000000002,25.4468068798591));
#4606=CARTESIAN_POINT('Ctrl Pts',(-139.266552757501,3.99999999999988,26.0567452711908));
#4607=CARTESIAN_POINT('Ctrl Pts',(-139.041749158977,3.99999999999986,25.6101282516656));
#4608=CARTESIAN_POINT('Ctrl Pts',(-139.041749158978,3.49999999999992,25.6101282516657));
#4609=CARTESIAN_POINT('Ctrl Pts',(-139.046700677269,4.00000000000008,26.1668441323715));
#4610=CARTESIAN_POINT('Ctrl Pts',(-138.822664825948,4.0000000000002,25.7198473086366));
#4611=CARTESIAN_POINT('Ctrl Pts',(-138.822664825942,3.50000000000005,25.7198473086359));
#4612=CARTESIAN_POINT('Ctrl Pts',(-138.881935356952,4.00000000000001,26.2496579805484));
#4613=CARTESIAN_POINT('Ctrl Pts',(-138.657611600399,3.99999999999948,25.8028035833869));
#4614=CARTESIAN_POINT('Ctrl Pts',(-138.657611600426,3.5,25.8028035833903));
#4615=CARTESIAN_POINT('Ctrl Pts',(-138.772064312324,4.00000000000001,26.3048139454898));
#4616=CARTESIAN_POINT('Ctrl Pts',(-138.547740555799,4.00000000000001,25.8579595483329));
#4617=CARTESIAN_POINT('Ctrl Pts',(-138.547740555799,3.5,25.8579595483329));
#4618=CARTESIAN_POINT('Ctrl Pts',(-138.990976221254,3.50000000000004,25.6354776645597));
#4619=CARTESIAN_POINT('Ctrl Pts',(-138.990976221254,3.53838877207635,25.6354776645596));
#4620=CARTESIAN_POINT('Ctrl Pts',(-138.989591800595,3.57629774905017,25.641121281726));
#4621=CARTESIAN_POINT('Ctrl Pts',(-138.983965582472,3.65367068839728,25.6640446758051));
#4622=CARTESIAN_POINT('Ctrl Pts',(-138.979502577617,3.69195453547993,25.6822232079421));
#4623=CARTESIAN_POINT('Ctrl Pts',(-138.964809850578,3.78380303651606,25.7420397801328));
#4624=CARTESIAN_POINT('Ctrl Pts',(-138.952466979712,3.83441432530072,25.7922502109636));
#4625=CARTESIAN_POINT('Ctrl Pts',(-138.922306602612,3.91861810438727,25.9151344828817));
#4626=CARTESIAN_POINT('Ctrl Pts',(-138.905386844049,3.94960628791421,25.9841603642016));
#4627=CARTESIAN_POINT('Ctrl Pts',(-138.87088816502,3.98970744927152,26.1250065763972));
#4628=CARTESIAN_POINT('Ctrl Pts',(-138.853177773459,3.99963245707104,26.1973564713724));
#4629=CARTESIAN_POINT('Ctrl Pts',(-138.835212140726,3.99999654407867,26.2707253331989));
#4630=CARTESIAN_POINT('Ctrl Pts',(-138.834888143035,3.99999988369,26.2720484812961));
#4631=CARTESIAN_POINT('Ctrl Pts',(-138.834564143789,3.99999999701458,26.2733716270157));
#4632=CARTESIAN_POINT('Ctrl Pts',(-129.251203039903,4.00000000000001,-1.08270439395238E-13));
#4633=CARTESIAN_POINT('Ctrl Pts',(-129.751203039903,4.00000000000001,2.95822839457879E-28));
#4634=CARTESIAN_POINT('Ctrl Pts',(-129.751203039903,3.5,-8.62816615085482E-29));
#4635=CARTESIAN_POINT('Ctrl Pts',(-129.251203040036,4.00000000000001,-1.19663374785896));
#4636=CARTESIAN_POINT('Ctrl Pts',(-129.751203031437,3.99999999993102,-1.18004239427359));
#4637=CARTESIAN_POINT('Ctrl Pts',(-129.751203039904,3.50000000013286,-1.18004239427366));
#4638=CARTESIAN_POINT('Ctrl Pts',(-129.370367626925,4.00000000000008,-3.57688408439657));
#4639=CARTESIAN_POINT('Ctrl Pts',(-129.86870376332,4.00000000003292,-3.52729458204464));
#4640=CARTESIAN_POINT('Ctrl Pts',(-129.86870375929,3.49999999993682,-3.52729458204461));
#4641=CARTESIAN_POINT('Ctrl Pts',(-129.807225721286,3.99999999999999,-6.51933012374577));
#4642=CARTESIAN_POINT('Ctrl Pts',(-130.299636615083,3.99999999999593,-6.43011600994129));
#4643=CARTESIAN_POINT('Ctrl Pts',(-130.299636615582,3.50000000000782,-6.4301160099413));
#4644=CARTESIAN_POINT('Ctrl Pts',(-130.324955783816,4.00000000000001,-8.8566454803296));
#4645=CARTESIAN_POINT('Ctrl Pts',(-130.810663506213,4.00000000000076,-8.73722421223552));
#4646=CARTESIAN_POINT('Ctrl Pts',(-130.810663506121,3.49999999999856,-8.73722421223551));
#4647=CARTESIAN_POINT('Ctrl Pts',(-130.946584388828,4.00000000000001,-11.159581877294));
#4648=CARTESIAN_POINT('Ctrl Pts',(-131.424508642596,3.99999999999956,-11.0113703984441));
#4649=CARTESIAN_POINT('Ctrl Pts',(-131.42450864265,3.50000000000085,-11.0113703984441));
#4650=CARTESIAN_POINT('Ctrl Pts',(-131.717720019862,4.00000000000001,-13.415846944078));
#4651=CARTESIAN_POINT('Ctrl Pts',(-132.18650010964,4.00000000000008,-13.2410356904942));
#4652=CARTESIAN_POINT('Ctrl Pts',(-132.186500109631,3.49999999999987,-13.2410356904942));
#4653=CARTESIAN_POINT('Ctrl Pts',(-132.627396463787,4.00000000000001,-15.628889726367));
#4654=CARTESIAN_POINT('Ctrl Pts',(-133.086152399359,3.99999999999999,-15.4297257674883));
#4655=CARTESIAN_POINT('Ctrl Pts',(-133.08615239936,3.50000000000003,-15.4297257674883));
#4656=CARTESIAN_POINT('Ctrl Pts',(-133.617731532893,4.,-17.7967731331245));
#4657=CARTESIAN_POINT('Ctrl Pts',(-134.066107246828,4.00000000000001,-17.5749133712122));
#4658=CARTESIAN_POINT('Ctrl Pts',(-134.066107246827,3.49999999999999,-17.5749133712123));
#4659=CARTESIAN_POINT('Ctrl Pts',(-134.723513007484,4.,-19.9045964762566));
#4660=CARTESIAN_POINT('Ctrl Pts',(-135.161129419165,4.00000000000003,-19.6623301853124));
#4661=CARTESIAN_POINT('Ctrl Pts',(-135.161129419164,3.5,-19.6623301853121));
#4662=CARTESIAN_POINT('Ctrl Pts',(-135.932338059717,4.00000000000001,-21.9573085754564));
#4663=CARTESIAN_POINT('Ctrl Pts',(-136.359216385351,3.99999999999996,-21.6968108685348));
#4664=CARTESIAN_POINT('Ctrl Pts',(-136.359216385354,3.50000000000001,-21.6968108685353));
#4665=CARTESIAN_POINT('Ctrl Pts',(-136.888716640123,3.99999999999997,-23.471836749355));
#4666=CARTESIAN_POINT('Ctrl Pts',(-137.307383534207,4.00000000000019,-23.1983761768545));
#4667=CARTESIAN_POINT('Ctrl Pts',(-137.307383534197,3.49999999999998,-23.1983761768523));
#4668=CARTESIAN_POINT('Ctrl Pts',(-137.722684411786,4.00000000000001,-24.7103893400807));
#4669=CARTESIAN_POINT('Ctrl Pts',(-138.135162957871,3.99999999999936,-24.4277022770504));
#4670=CARTESIAN_POINT('Ctrl Pts',(-138.135162957901,3.50000000000001,-24.4277022770566));
#4671=CARTESIAN_POINT('Ctrl Pts',(-138.40984990351,4.,-25.6864905782678));
#4672=CARTESIAN_POINT('Ctrl Pts',(-138.816158205299,4.00000000000113,-25.3950713386088));
#4673=CARTESIAN_POINT('Ctrl Pts',(-138.816158205247,3.5,-25.3950713385981));
#4674=CARTESIAN_POINT('Ctrl Pts',(-138.760001049398,4.00000000000001,-26.1699361837899));
#4675=CARTESIAN_POINT('Ctrl Pts',(-139.165601596806,3.99999999999753,-25.8775525388001));
#4676=CARTESIAN_POINT('Ctrl Pts',(-139.165601596921,3.5,-25.8775525388238));
#4677=CARTESIAN_POINT('Ctrl Pts',(-138.934526985268,4.00000000000001,-26.4120421167566));
#4678=CARTESIAN_POINT('Ctrl Pts',(-139.340127532796,4.,-26.1196584717876));
#4679=CARTESIAN_POINT('Ctrl Pts',(-139.340127532796,3.5,-26.1196584717876));
#4680=CARTESIAN_POINT('Origin',(-129.251203039903,3.5,1.08270439395238E-13));
#4681=CARTESIAN_POINT('Ctrl Pts',(-129.751203039903,3.5,8.62816615085482E-29));
#4682=CARTESIAN_POINT('Ctrl Pts',(-129.751203039903,4.00000000000001,-3.08148791101958E-28));
#4683=CARTESIAN_POINT('Ctrl Pts',(-129.251203039903,4.00000000000001,1.08270439395238E-13));
#4684=CARTESIAN_POINT('Ctrl Pts',(-129.751203039904,3.5,1.18004239464919));
#4685=CARTESIAN_POINT('Ctrl Pts',(-129.751203039962,4.00000000000001,1.18004239464919));
#4686=CARTESIAN_POINT('Ctrl Pts',(-129.251203039987,4.00000000000001,1.19663374824032));
#4687=CARTESIAN_POINT('Ctrl Pts',(-129.86870375929,3.5,3.52729458186614));
#4688=CARTESIAN_POINT('Ctrl Pts',(-129.868703759262,4.,3.52729458186614));
#4689=CARTESIAN_POINT('Ctrl Pts',(-129.370367626949,4.00000000000001,3.57688408421533));
#4690=CARTESIAN_POINT('Ctrl Pts',(-130.299636615582,3.5,6.43011600996359));
#4691=CARTESIAN_POINT('Ctrl Pts',(-130.299636615585,4.00000000000001,6.43011600996359));
#4692=CARTESIAN_POINT('Ctrl Pts',(-129.807225721283,4.,6.51933012376841));
#4693=CARTESIAN_POINT('Ctrl Pts',(-130.810663506121,3.5,8.73722421223155));
#4694=CARTESIAN_POINT('Ctrl Pts',(-130.81066350612,4.00000000000001,8.73722421223155));
#4695=CARTESIAN_POINT('Ctrl Pts',(-130.324955783817,4.00000000000001,8.85664548032558));
#4696=CARTESIAN_POINT('Ctrl Pts',(-131.42450864265,3.5,11.0113703984466));
#4697=CARTESIAN_POINT('Ctrl Pts',(-131.42450864265,4.,11.0113703984466));
#4698=CARTESIAN_POINT('Ctrl Pts',(-130.946584388828,4.00000000000001,11.1595818772965));
#4699=CARTESIAN_POINT('Ctrl Pts',(-132.186500109631,3.5,13.2410356904939));
#4700=CARTESIAN_POINT('Ctrl Pts',(-132.186500109631,4.,13.2410356904939));
#4701=CARTESIAN_POINT('Ctrl Pts',(-131.717720019862,4.,13.4158469440777));
#4702=CARTESIAN_POINT('Ctrl Pts',(-133.08615239936,3.5,15.4297257674884));
#4703=CARTESIAN_POINT('Ctrl Pts',(-133.08615239936,4.00000000000001,15.4297257674884));
#4704=CARTESIAN_POINT('Ctrl Pts',(-132.627396463787,4.00000000000001,15.6288897263671));
#4705=CARTESIAN_POINT('Ctrl Pts',(-134.066107246827,3.5,17.5749133712123));
#4706=CARTESIAN_POINT('Ctrl Pts',(-134.066107246827,4.,17.5749133712123));
#4707=CARTESIAN_POINT('Ctrl Pts',(-133.617731532893,4.,17.7967731331245));
#4708=CARTESIAN_POINT('Ctrl Pts',(-135.161129419164,3.50000000000001,19.6623301853122));
#4709=CARTESIAN_POINT('Ctrl Pts',(-135.161129419164,4.00000000000002,19.6623301853123));
#4710=CARTESIAN_POINT('Ctrl Pts',(-134.723513007484,4.00000000000002,19.9045964762568));
#4711=CARTESIAN_POINT('Ctrl Pts',(-136.359216385354,3.49999999999998,21.6968108685353));
#4712=CARTESIAN_POINT('Ctrl Pts',(-136.359216385354,3.99999999999997,21.6968108685352));
#4713=CARTESIAN_POINT('Ctrl Pts',(-135.932338059717,3.99999999999998,21.9573085754563));
#4714=CARTESIAN_POINT('Ctrl Pts',(-137.307383534197,3.50000000000007,23.1983761768527));
#4715=CARTESIAN_POINT('Ctrl Pts',(-137.307383534196,4.00000000000011,23.198376176853));
#4716=CARTESIAN_POINT('Ctrl Pts',(-136.888716640123,4.00000000000011,23.4718367493555));
#4717=CARTESIAN_POINT('Ctrl Pts',(-138.135162957901,3.49999999999994,24.4277022770557));
#4718=CARTESIAN_POINT('Ctrl Pts',(-138.135162957903,3.99999999999991,24.4277022770546));
#4719=CARTESIAN_POINT('Ctrl Pts',(-137.722684411786,3.99999999999991,24.7103893400793));
#4720=CARTESIAN_POINT('Ctrl Pts',(-138.816158205248,3.50000000000011,25.3950713385998));
#4721=CARTESIAN_POINT('Ctrl Pts',(-138.816158205244,4.00000000000016,25.3950713386018));
#4722=CARTESIAN_POINT('Ctrl Pts',(-138.40984990351,4.00000000000016,25.6864905782704));
#4723=CARTESIAN_POINT('Ctrl Pts',(-139.165601596918,3.5,25.87755253882));
#4724=CARTESIAN_POINT('Ctrl Pts',(-139.165601596929,4.00000000000001,25.8775525388155));
#4725=CARTESIAN_POINT('Ctrl Pts',(-138.760001049398,4.00000000000001,26.1699361837842));
#4726=CARTESIAN_POINT('Ctrl Pts',(-139.340127532796,3.5,26.1196584717876));
#4727=CARTESIAN_POINT('Ctrl Pts',(-139.340127532796,4.00000000000001,26.1196584717876));
#4728=CARTESIAN_POINT('Ctrl Pts',(-138.934526985268,4.00000000000001,26.4120421167566));
#4729=CARTESIAN_POINT('Ctrl Pts',(-156.768870930735,4.,13.5));
#4730=CARTESIAN_POINT('Ctrl Pts',(-156.768870930735,4.,13.));
#4731=CARTESIAN_POINT('Ctrl Pts',(-156.768870930735,4.5,13.));
#4732=CARTESIAN_POINT('Ctrl Pts',(-156.847729203518,4.,13.4885109885476));
#4733=CARTESIAN_POINT('Ctrl Pts',(-156.846833496657,4.01135851739898,12.9999999999999));
#4734=CARTESIAN_POINT('Ctrl Pts',(-156.881252034534,4.49999999348994,13.));
#4735=CARTESIAN_POINT('Ctrl Pts',(-157.002276039462,3.98533951858191,13.466169157842));
#4736=CARTESIAN_POINT('Ctrl Pts',(-157.004291276325,4.01778219702161,13.));
#4737=CARTESIAN_POINT('Ctrl Pts',(-157.10164453912,4.47800928089289,13.));
#4738=CARTESIAN_POINT('Ctrl Pts',(-157.228663993425,3.91854791840818,13.4339283102689));
#4739=CARTESIAN_POINT('Ctrl Pts',(-157.248126162651,3.97390231017256,13.));
#4740=CARTESIAN_POINT('Ctrl Pts',(-157.424893412656,4.37782187680726,13.));
#4741=CARTESIAN_POINT('Ctrl Pts',(-157.432318410142,3.81094672217218,13.4053271110121));
#4742=CARTESIAN_POINT('Ctrl Pts',(-157.474988558323,3.87745690884225,13.));
#4743=CARTESIAN_POINT('Ctrl Pts',(-157.716014886669,4.21642008345816,13.));
#4744=CARTESIAN_POINT('Ctrl Pts',(-157.669662486291,3.61363540228361,13.3724009346677));
#4745=CARTESIAN_POINT('Ctrl Pts',(-157.744166856886,3.68066199121341,13.));
#4746=CARTESIAN_POINT('Ctrl Pts',(-158.055628507621,3.9204531033659,13.));
#4747=CARTESIAN_POINT('Ctrl Pts',(-157.828179745925,3.35170593699999,13.3507870211663));
#4748=CARTESIAN_POINT('Ctrl Pts',(-157.932276214746,3.39425981821775,12.9999999999999));
#4749=CARTESIAN_POINT('Ctrl Pts',(-158.282755604378,3.527558905117,13.));
#4750=CARTESIAN_POINT('Ctrl Pts',(-157.883134990607,3.05527724990203,13.3433251629505));
#4751=CARTESIAN_POINT('Ctrl Pts',(-157.997273442529,3.06205621039747,13.0000000000001));
#4752=CARTESIAN_POINT('Ctrl Pts',(-158.361521686774,3.08291587553814,13.));
#4753=CARTESIAN_POINT('Ctrl Pts',(-157.874009231593,2.90719692619872,13.3445631997339));
#4754=CARTESIAN_POINT('Ctrl Pts',(-157.98648768317,2.89599474915697,12.9999999999998));
#4755=CARTESIAN_POINT('Ctrl Pts',(-158.348441104374,2.86079538777683,13.));
#4756=CARTESIAN_POINT('Ctrl Pts',(-157.860283285727,2.83342801264537,13.3464287771057));
#4757=CARTESIAN_POINT('Ctrl Pts',(-157.970364630563,2.81385809975608,13.));
#4758=CARTESIAN_POINT('Ctrl Pts',(-158.328769489106,2.75014201896805,13.));
#4759=CARTESIAN_POINT('Ctrl Pts',(-157.486656113631,4.33713715496619,13.));
#4760=CARTESIAN_POINT('Ctrl Pts',(-157.495052136064,4.31162310529255,13.));
#4761=CARTESIAN_POINT('Ctrl Pts',(-157.503777361206,4.28641385392654,13.0010948717994));
#4762=CARTESIAN_POINT('Ctrl Pts',(-157.512801901187,4.26143355945747,13.0030945738768));
#4763=CARTESIAN_POINT('Ctrl Pts',(-157.521546275453,4.23722877510314,13.0050321954536));
#4764=CARTESIAN_POINT('Ctrl Pts',(-157.530571562615,4.21323873122091,13.007819046122));
#4765=CARTESIAN_POINT('Ctrl Pts',(-157.53982842721,4.18943818309356,13.0112829595859));
#4766=CARTESIAN_POINT('Ctrl Pts',(-157.544978725853,4.17619612586547,13.0132101984074));
#4767=CARTESIAN_POINT('Ctrl Pts',(-157.55020031881,4.16301353938806,13.0153470649006));
#4768=CARTESIAN_POINT('Ctrl Pts',(-157.555481823725,4.14989247301916,13.017664439535));
#4769=CARTESIAN_POINT('Ctrl Pts',(-157.565593601891,4.12477135421898,13.0221012011409));
#4770=CARTESIAN_POINT('Ctrl Pts',(-157.575933991426,4.099846872932,13.027202558436));
#4771=CARTESIAN_POINT('Ctrl Pts',(-157.586457934893,4.07507841824566,13.0327998184797));
#4772=CARTESIAN_POINT('Ctrl Pts',(-157.587244551104,4.07322709055145,13.0332181878395));
#4773=CARTESIAN_POINT('Ctrl Pts',(-157.588032188196,4.07137665478882,13.0336393396331));
#4774=CARTESIAN_POINT('Ctrl Pts',(-157.588820825216,4.06952710362038,13.0340632090831));
#4775=CARTESIAN_POINT('Ctrl Pts',(-157.590300335946,4.06605728070785,13.0348584030495));
#4776=CARTESIAN_POINT('Ctrl Pts',(-157.59178336507,4.06259057048911,13.035663160767));
#4777=CARTESIAN_POINT('Ctrl Pts',(-157.593269523896,4.05912700129337,13.0364769394449));
#4778=CARTESIAN_POINT('Ctrl Pts',(-157.605109965637,4.03153224589399,13.0429604315586));
#4779=CARTESIAN_POINT('Ctrl Pts',(-157.617161971363,4.00412566994635,13.0500125825842));
#4780=CARTESIAN_POINT('Ctrl Pts',(-157.629370290506,3.97685908664321,13.0573814329082));
#4781=CARTESIAN_POINT('Ctrl Pts',(-157.630438774871,3.97447268785887,13.0580263620972));
#4782=CARTESIAN_POINT('Ctrl Pts',(-157.631508465518,3.97208736818474,13.0586737477226));
#4783=CARTESIAN_POINT('Ctrl Pts',(-157.632579329903,3.96970309869299,13.0593234381365));
#4784=CARTESIAN_POINT('Ctrl Pts',(-157.639232518512,3.95488983676156,13.0633599089756));
#4785=CARTESIAN_POINT('Ctrl Pts',(-157.645925419909,3.94011786677046,13.06748611936));
#4786=CARTESIAN_POINT('Ctrl Pts',(-157.652634506596,3.92537291265241,13.0716797797614));
#4787=CARTESIAN_POINT('Ctrl Pts',(-157.653553866507,3.92335238134323,13.0722544456486));
#4788=CARTESIAN_POINT('Ctrl Pts',(-157.65447362302,3.9213324108065,13.0728303318925));
#4789=CARTESIAN_POINT('Ctrl Pts',(-157.655393712387,3.91931302489654,13.0734073644166));
#4790=CARTESIAN_POINT('Ctrl Pts',(-157.665128521748,3.89794734286455,13.0795125339988));
#4791=CARTESIAN_POINT('Ctrl Pts',(-157.674899838342,3.87664292899441,13.0857447734803));
#4792=CARTESIAN_POINT('Ctrl Pts',(-157.684638928226,3.8553234018474,13.0920270774158));
#4793=CARTESIAN_POINT('Ctrl Pts',(-157.694730334813,3.83323262958138,13.0985366470038));
#4794=CARTESIAN_POINT('Ctrl Pts',(-157.704787093405,3.8111257907745,13.1051000171951));
#4795=CARTESIAN_POINT('Ctrl Pts',(-157.71474298903,3.78897058866536,13.1116473497357));
#4796=CARTESIAN_POINT('Ctrl Pts',(-157.717465707579,3.78291162802301,13.113437901227));
#4797=CARTESIAN_POINT('Ctrl Pts',(-157.720180942,3.77684933590341,13.1152273391719));
#4798=CARTESIAN_POINT('Ctrl Pts',(-157.722887471147,3.77078367471606,13.1170144228772));
#4799=CARTESIAN_POINT('Ctrl Pts',(-157.725981912843,3.76384865430029,13.1190576398652));
#4800=CARTESIAN_POINT('Ctrl Pts',(-157.729064739922,3.75690760067138,13.1210988516491));
#4801=CARTESIAN_POINT('Ctrl Pts',(-157.732134897816,3.74996016348188,13.1231363421903));
#4802=CARTESIAN_POINT('Ctrl Pts',(-157.734783789015,3.74396600752566,13.1248942617988));
#4803=CARTESIAN_POINT('Ctrl Pts',(-157.737423238072,3.73796709042072,13.1266494068938));
#4804=CARTESIAN_POINT('Ctrl Pts',(-157.740051117876,3.73196152541185,13.1283999747177));
#4805=CARTESIAN_POINT('Ctrl Pts',(-157.749371918594,3.71066044666444,13.134609046306));
#4806=CARTESIAN_POINT('Ctrl Pts',(-157.758546748225,3.68928179511128,13.1407523431848));
#4807=CARTESIAN_POINT('Ctrl Pts',(-157.7675081254,3.66776392398874,13.146759610556));
#4808=CARTESIAN_POINT('Ctrl Pts',(-157.774911446041,3.64998722557254,13.1517224333071));
#4809=CARTESIAN_POINT('Ctrl Pts',(-157.782169606847,3.63211662918446,13.1565928531565));
#4810=CARTESIAN_POINT('Ctrl Pts',(-157.789254839793,3.61413998166129,13.1613408238555));
#4811=CARTESIAN_POINT('Ctrl Pts',(-157.798220359702,3.59139267151652,13.167348816275));
#4812=CARTESIAN_POINT('Ctrl Pts',(-157.806900484242,3.56846568926217,13.1731727413395));
#4813=CARTESIAN_POINT('Ctrl Pts',(-157.815248276396,3.54538250916714,13.1787748730873));
#4814=CARTESIAN_POINT('Ctrl Pts',(-157.82272091009,3.52471930311614,13.1837896934956));
#4815=CARTESIAN_POINT('Ctrl Pts',(-157.829926150391,3.50392969986553,13.1886262115691));
#4816=CARTESIAN_POINT('Ctrl Pts',(-157.836797961648,3.48299065372743,13.1932403075737));
#4817=CARTESIAN_POINT('Ctrl Pts',(-157.842683853581,3.46505579519387,13.1971924054179));
#4818=CARTESIAN_POINT('Ctrl Pts',(-157.848325787124,3.44701231487383,13.2009817644917));
#4819=CARTESIAN_POINT('Ctrl Pts',(-157.853698269197,3.42886900807173,13.2045913287499));
#4820=CARTESIAN_POINT('Ctrl Pts',(-157.854450401394,3.42632899676339,13.2050966574716));
#4821=CARTESIAN_POINT('Ctrl Pts',(-157.855197227213,3.42378721647443,13.205598445218));
#4822=CARTESIAN_POINT('Ctrl Pts',(-157.855938724619,3.42124363174535,13.2060966765458));
#4823=CARTESIAN_POINT('Ctrl Pts',(-157.862410232144,3.39904419101317,13.2104450502042));
#4824=CARTESIAN_POINT('Ctrl Pts',(-157.868472215268,3.37670604778079,13.214520068869));
#4825=CARTESIAN_POINT('Ctrl Pts',(-157.874065010909,3.3542064708674,13.2182811745143));
#4826=CARTESIAN_POINT('Ctrl Pts',(-157.880562985522,3.32806539778884,13.2226510050187));
#4827=CARTESIAN_POINT('Ctrl Pts',(-157.886427936884,3.30170742883085,13.2265973071707));
#4828=CARTESIAN_POINT('Ctrl Pts',(-157.891623957025,3.2751092882038,13.2300952952852));
#4829=CARTESIAN_POINT('Ctrl Pts',(-157.894150643384,3.26217532003743,13.2317962738444));
#4830=CARTESIAN_POINT('Ctrl Pts',(-157.896519685551,3.24918522921945,13.2333915962102));
#4831=CARTESIAN_POINT('Ctrl Pts',(-157.898718035547,3.23616978246826,13.234872083909));
#4832=CARTESIAN_POINT('Ctrl Pts',(-157.902376182341,3.21451153201706,13.2373356776667));
#4833=CARTESIAN_POINT('Ctrl Pts',(-157.905575886188,3.19271252114031,13.2394864821168));
#4834=CARTESIAN_POINT('Ctrl Pts',(-157.908270150663,3.17081569362951,13.2412971253201));
#4835=CARTESIAN_POINT('Ctrl Pts',(-157.909647334993,3.15962304048619,13.2422226430157));
#4836=CARTESIAN_POINT('Ctrl Pts',(-157.910892682667,3.14840392918715,13.2430594223237));
#4837=CARTESIAN_POINT('Ctrl Pts',(-157.91200063081,3.13715906969432,13.2438042324249));
#4838=CARTESIAN_POINT('Ctrl Pts',(-157.9131296661,3.12570019115897,13.2445632182074));
#4839=CARTESIAN_POINT('Ctrl Pts',(-157.914114819134,3.11422505634877,13.2452264995948));
#4840=CARTESIAN_POINT('Ctrl Pts',(-157.914951559412,3.10272420579458,13.2457907322159));
#4841=CARTESIAN_POINT('Ctrl Pts',(-157.91593544522,3.08920086533977,13.2464541883485));
#4842=CARTESIAN_POINT('Ctrl Pts',(-157.91671441488,3.07564242248191,13.2469808886043));
#4843=CARTESIAN_POINT('Ctrl Pts',(-157.917298941337,3.06207853400875,13.2473776656751));
#4844=CARTESIAN_POINT('Ctrl Pts',(-157.918267821977,3.03959573827595,13.2480353427014));
#4845=CARTESIAN_POINT('Ctrl Pts',(-157.918708349883,3.01703649895744,13.2483378099608));
#4846=CARTESIAN_POINT('Ctrl Pts',(-157.918628831891,2.99447418004756,13.2482894113421));
#4847=CARTESIAN_POINT('Ctrl Pts',(-157.918554670408,2.97343170916377,13.248244272962));
#4848=CARTESIAN_POINT('Ctrl Pts',(-157.918027839815,2.95238360090777,13.2478937363421));
#4849=CARTESIAN_POINT('Ctrl Pts',(-157.91702240711,2.93139698495859,13.2472192852932));
#4850=CARTESIAN_POINT('Ctrl Pts',(-157.916762338833,2.92596852315016,13.2470448297369));
#4851=CARTESIAN_POINT('Ctrl Pts',(-157.916470081329,2.92054433988279,13.2468485887143));
#4852=CARTESIAN_POINT('Ctrl Pts',(-157.916144830313,2.91512604132462,13.2466300008128));
#4853=CARTESIAN_POINT('Ctrl Pts',(-157.914847585799,2.8935154767349,13.2457581758455));
#4854=CARTESIAN_POINT('Ctrl Pts',(-157.913026787279,2.87199508704371,13.2445317432957));
#4855=CARTESIAN_POINT('Ctrl Pts',(-157.910709902556,2.85049324183981,13.2429689231124));
#4856=CARTESIAN_POINT('Ctrl Pts',(-157.910196809011,2.84573147796313,13.2426228234812));
#4857=CARTESIAN_POINT('Ctrl Pts',(-157.909659326049,2.84097081123232,13.2422601857581));
#4858=CARTESIAN_POINT('Ctrl Pts',(-157.909097670453,2.83621080695406,13.2418811524685));
#4859=CARTESIAN_POINT('Origin',(-156.768870930735,4.50000000000003,13.5));
#4860=CARTESIAN_POINT('Origin',(-169.236656113631,4.5,13.5));
#4861=CARTESIAN_POINT('Origin',(-149.486656113631,4.5,13.5));
#4862=CARTESIAN_POINT('Origin',(-149.486656113631,4.5,0.));
#4863=CARTESIAN_POINT('Origin',(-149.486656113631,4.5,-13.5));
#4864=CARTESIAN_POINT('Origin',(-149.486656113631,4.5,13.5));
#4865=CARTESIAN_POINT('Origin',(-169.236656113631,4.5,-13.5));
#4866=CARTESIAN_POINT('Origin',(-149.486656113631,4.5,-13.5));
#4867=CARTESIAN_POINT('Origin',(-156.768870930735,4.5,-13.5));
#4868=CARTESIAN_POINT('Ctrl Pts',(-156.768870930735,4.5,-13.));
#4869=CARTESIAN_POINT('Ctrl Pts',(-156.768870930735,4.,-13.));
#4870=CARTESIAN_POINT('Ctrl Pts',(-156.768870930735,4.,-13.5));
#4871=CARTESIAN_POINT('Ctrl Pts',(-156.881252034533,4.49999999348979,-13.));
#4872=CARTESIAN_POINT('Ctrl Pts',(-156.846833496653,4.01135851739785,-13.));
#4873=CARTESIAN_POINT('Ctrl Pts',(-156.847729203513,4.,-13.4885109885484));
#4874=CARTESIAN_POINT('Ctrl Pts',(-157.101644539118,4.47800928089319,-13.));
#4875=CARTESIAN_POINT('Ctrl Pts',(-157.004291276325,4.01778219702208,-13.));
#4876=CARTESIAN_POINT('Ctrl Pts',(-157.002276039463,3.98533951858207,-13.4661691578419));
#4877=CARTESIAN_POINT('Ctrl Pts',(-157.424893412653,4.37782187680842,-13.));
#4878=CARTESIAN_POINT('Ctrl Pts',(-157.248126162648,3.97390231017296,-13.));
#4879=CARTESIAN_POINT('Ctrl Pts',(-157.228663993422,3.91854791840894,-13.4339283102693));
#4880=CARTESIAN_POINT('Ctrl Pts',(-157.716014886665,4.21642008346098,-13.));
#4881=CARTESIAN_POINT('Ctrl Pts',(-157.47498855832,3.87745690884404,-13.));
#4882=CARTESIAN_POINT('Ctrl Pts',(-157.43231841014,3.81094672217406,-13.4053271110126));
#4883=CARTESIAN_POINT('Ctrl Pts',(-158.055628507617,3.9204531033712,-13.));
#4884=CARTESIAN_POINT('Ctrl Pts',(-157.744166856882,3.68066199121701,-13.));
#4885=CARTESIAN_POINT('Ctrl Pts',(-157.669662486287,3.6136354022872,-13.372400934668));
#4886=CARTESIAN_POINT('Ctrl Pts',(-158.28275560437,3.52755890512696,-13.));
#4887=CARTESIAN_POINT('Ctrl Pts',(-157.932276214739,3.39425981822515,-13.));
#4888=CARTESIAN_POINT('Ctrl Pts',(-157.828179745922,3.35170593700626,-13.3507870211681));
#4889=CARTESIAN_POINT('Ctrl Pts',(-158.36152168678,3.08291587554793,-13.));
#4890=CARTESIAN_POINT('Ctrl Pts',(-157.997273442537,3.06205621040474,-13.));
#4891=CARTESIAN_POINT('Ctrl Pts',(-157.883134990607,3.0552772499092,-13.3433251629484));
#4892=CARTESIAN_POINT('Ctrl Pts',(-158.348441104359,2.86079538779388,-13.));
#4893=CARTESIAN_POINT('Ctrl Pts',(-157.986487683153,2.8959947491698,-12.9999999999999));
#4894=CARTESIAN_POINT('Ctrl Pts',(-157.874009231592,2.90719692620865,-13.3445631997388));
#4895=CARTESIAN_POINT('Ctrl Pts',(-158.328769489108,2.75014201898131,-13.));
#4896=CARTESIAN_POINT('Ctrl Pts',(-157.970364630565,2.81385809976595,-13.));
#4897=CARTESIAN_POINT('Ctrl Pts',(-157.860283285729,2.83342801265421,-13.3464287771056));
#4898=CARTESIAN_POINT('Ctrl Pts',(-157.909097670454,2.83621080696483,-13.2418811524695));
#4899=CARTESIAN_POINT('Ctrl Pts',(-157.911654940184,2.85788354543855,-13.2436069259936));
#4900=CARTESIAN_POINT('Ctrl Pts',(-157.913712850037,2.87957358078294,-13.2449940789881));
#4901=CARTESIAN_POINT('Ctrl Pts',(-157.915245254006,2.90133662629784,-13.2460252280617));
#4902=CARTESIAN_POINT('Ctrl Pts',(-157.915568645503,2.90592939949237,-13.2462428370275));
#4903=CARTESIAN_POINT('Ctrl Pts',(-157.915868584644,2.9105256004693,-13.2464445581443));
#4904=CARTESIAN_POINT('Ctrl Pts',(-157.916144731815,2.9151260175884,-13.2466301643447));
#4905=CARTESIAN_POINT('Ctrl Pts',(-157.917389496453,2.93586291863578,-13.2474668053083));
#4906=CARTESIAN_POINT('Ctrl Pts',(-157.918153296318,2.95668207815635,-13.2479776787947));
#4907=CARTESIAN_POINT('Ctrl Pts',(-157.918469876092,2.97750265308496,-13.2481865021792));
#4908=CARTESIAN_POINT('Ctrl Pts',(-157.918771465592,2.99733735918645,-13.24838543763));
#4909=CARTESIAN_POINT('Ctrl Pts',(-157.918666907465,3.01717563105576,-13.2483100563943));
#4910=CARTESIAN_POINT('Ctrl Pts',(-157.918160526896,3.0369643417335,-13.2479640657719));
#4911=CARTESIAN_POINT('Ctrl Pts',(-157.917644095607,3.05714582181029,-13.247611207874));
#4912=CARTESIAN_POINT('Ctrl Pts',(-157.916708534881,3.07732345334076,-13.2469767298243));
#4913=CARTESIAN_POINT('Ctrl Pts',(-157.915325896657,3.0974313620218,-13.246043617485));
#4914=CARTESIAN_POINT('Ctrl Pts',(-157.915204541942,3.09919624128217,-13.2459617178383));
#4915=CARTESIAN_POINT('Ctrl Pts',(-157.91507972546,3.10096055661333,-13.2458775058879));
#4916=CARTESIAN_POINT('Ctrl Pts',(-157.914951418079,3.10272424619234,-13.2457909633339));
#4917=CARTESIAN_POINT('Ctrl Pts',(-157.914114785812,3.11422443890743,-13.2452266599212));
#4918=CARTESIAN_POINT('Ctrl Pts',(-157.913129850323,3.12569832143592,-13.2445633420498));
#4919=CARTESIAN_POINT('Ctrl Pts',(-157.912000630809,3.13715906970277,-13.2438042324244));
#4920=CARTESIAN_POINT('Ctrl Pts',(-157.909833088487,3.15915803148104,-13.2423471178238));
#4921=CARTESIAN_POINT('Ctrl Pts',(-157.907139407397,3.18106135744483,-13.2405378568355));
#4922=CARTESIAN_POINT('Ctrl Pts',(-157.903962237373,3.20285222261439,-13.2384011994261));
#4923=CARTESIAN_POINT('Ctrl Pts',(-157.902338213891,3.2139907126726,-13.2373090382326));
#4924=CARTESIAN_POINT('Ctrl Pts',(-157.900587912275,3.22509907897513,-13.2361313599564));
#4925=CARTESIAN_POINT('Ctrl Pts',(-157.898718035546,3.23616978247637,-13.2348720839081));
#4926=CARTESIAN_POINT('Ctrl Pts',(-157.89651968555,3.24918522922476,-13.2333915962097));
#4927=CARTESIAN_POINT('Ctrl Pts',(-157.894150643383,3.26217532003994,-13.2317962738441));
#4928=CARTESIAN_POINT('Ctrl Pts',(-157.891623957025,3.27510928820353,-13.2300952952854));
#4929=CARTESIAN_POINT('Ctrl Pts',(-157.886789844128,3.29985484560263,-13.2268409450328));
#4930=CARTESIAN_POINT('Ctrl Pts',(-157.881377227904,3.3243925643943,-13.2231988865946));
#4931=CARTESIAN_POINT('Ctrl Pts',(-157.875413607603,3.34874106679811,-13.2191881253487));
#4932=CARTESIAN_POINT('Ctrl Pts',(-157.86989645544,3.37126671160978,-13.21547763089));
#4933=CARTESIAN_POINT('Ctrl Pts',(-157.863907092653,3.39362965291038,-13.2114511562441));
#4934=CARTESIAN_POINT('Ctrl Pts',(-157.85750180235,3.41585153572454,-13.2071469844667));
#4935=CARTESIAN_POINT('Ctrl Pts',(-157.856983462824,3.41764981178449,-13.2067986751389));
#4936=CARTESIAN_POINT('Ctrl Pts',(-157.856462422685,3.41944717178053,-13.2064485628516));
#4937=CARTESIAN_POINT('Ctrl Pts',(-157.855938724619,3.4212436317451,-13.2060966765459));
#4938=CARTESIAN_POINT('Ctrl Pts',(-157.855197227213,3.4237872164765,-13.2055984452176));
#4939=CARTESIAN_POINT('Ctrl Pts',(-157.854450401393,3.42632899676777,-13.2050966574708));
#4940=CARTESIAN_POINT('Ctrl Pts',(-157.853698269195,3.42886900807843,-13.2045913287486));
#4941=CARTESIAN_POINT('Ctrl Pts',(-157.847425708412,3.4500519535371,-13.2003770361918));
#4942=CARTESIAN_POINT('Ctrl Pts',(-157.840785280401,3.47109800596736,-13.1959172795621));
#4943=CARTESIAN_POINT('Ctrl Pts',(-157.833819374563,3.49199581197945,-13.1912404427462));
#4944=CARTESIAN_POINT('Ctrl Pts',(-157.827853214593,3.50989436768884,-13.18723482492));
#4945=CARTESIAN_POINT('Ctrl Pts',(-157.821648537107,3.52768446737895,-13.1830701258803));
#4946=CARTESIAN_POINT('Ctrl Pts',(-157.8152481513,3.54538256620679,-13.1787749660564));
#4947=CARTESIAN_POINT('Ctrl Pts',(-157.80690027841,3.56846578085477,-13.1731728899731));
#4948=CARTESIAN_POINT('Ctrl Pts',(-157.798220019149,3.59139281885256,-13.1673490539043));
#4949=CARTESIAN_POINT('Ctrl Pts',(-157.789254257149,3.61414021450742,-13.161341200612));
#4950=CARTESIAN_POINT('Ctrl Pts',(-157.780541202723,3.63624645560318,-13.1555026837391));
#4951=CARTESIAN_POINT('Ctrl Pts',(-157.771566512441,3.65818794378235,-13.1494800163521));
#4952=CARTESIAN_POINT('Ctrl Pts',(-157.76238327931,3.67999721342083,-13.1433276051195));
#4953=CARTESIAN_POINT('Ctrl Pts',(-157.758989625352,3.68805680563156,-13.1410539881451));
#4954=CARTESIAN_POINT('Ctrl Pts',(-157.755567693997,3.69609874726863,-13.1387628381868));
#4955=CARTESIAN_POINT('Ctrl Pts',(-157.752120932334,3.7041262218933,-13.136457591856));
#4956=CARTESIAN_POINT('Ctrl Pts',(-157.747330793209,3.71528240965192,-13.133253874361));
#4957=CARTESIAN_POINT('Ctrl Pts',(-157.742492211297,3.72640985238428,-13.1300235556548));
#4958=CARTESIAN_POINT('Ctrl Pts',(-157.737616331235,3.73751669175917,-13.1267788714453));
#4959=CARTESIAN_POINT('Ctrl Pts',(-157.735794227054,3.74166728984716,-13.1255663410736));
#4960=CARTESIAN_POINT('Ctrl Pts',(-157.733966819177,3.74581487780877,-13.1243519948347));
#4961=CARTESIAN_POINT('Ctrl Pts',(-157.732134874927,3.74996016995437,-13.1231363533482));
#4962=CARTESIAN_POINT('Ctrl Pts',(-157.725387948693,3.76522699934701,-13.1186592283288));
#4963=CARTESIAN_POINT('Ctrl Pts',(-157.718579291037,3.78046212430881,-13.1141642975915));
#4964=CARTESIAN_POINT('Ctrl Pts',(-157.711724246662,3.79567483082863,-13.109666738224));
#4965=CARTESIAN_POINT('Ctrl Pts',(-157.701969175809,3.81732327274422,-13.1032664863949));
#4966=CARTESIAN_POINT('Ctrl Pts',(-157.692120248209,3.83892847650126,-13.0968572838251));
#4967=CARTESIAN_POINT('Ctrl Pts',(-157.682247880634,3.86052844601028,-13.0905003197746));
#4968=CARTESIAN_POINT('Ctrl Pts',(-157.678888520116,3.86787846455479,-13.0883371776628));
#4969=CARTESIAN_POINT('Ctrl Pts',(-157.675526557113,3.8752282754549,-13.0861802190972));
#4970=CARTESIAN_POINT('Ctrl Pts',(-157.672165111063,3.8825806651287,-13.0840322938861));
#4971=CARTESIAN_POINT('Ctrl Pts',(-157.666571708006,3.89481494711854,-13.0804581739209));
#4972=CARTESIAN_POINT('Ctrl Pts',(-157.660977321417,3.9070550345902,-13.076910632095));
#4973=CARTESIAN_POINT('Ctrl Pts',(-157.655393389665,3.9193130737804,-13.0734074692803));
#4974=CARTESIAN_POINT('Ctrl Pts',(-157.654368559752,3.92156281568205,-13.0727645269589));
#4975=CARTESIAN_POINT('Ctrl Pts',(-157.65334408226,3.92381317817044,-13.0721230822959));
#4976=CARTESIAN_POINT('Ctrl Pts',(-157.65232003034,3.92606410237921,-13.0714832517994));
#4977=CARTESIAN_POINT('Ctrl Pts',(-157.645716285674,3.94057950774696,-13.0673572137094));
#4978=CARTESIAN_POINT('Ctrl Pts',(-157.639128386648,3.95512131589921,-13.0632968900134));
#4979=CARTESIAN_POINT('Ctrl Pts',(-157.632579211023,3.96970311279169,-13.0593234715529));
#4980=CARTESIAN_POINT('Ctrl Pts',(-157.620345416925,3.9969417625055,-13.0519011658927));
#4981=CARTESIAN_POINT('Ctrl Pts',(-157.608263653918,4.02431669215321,-13.0447757661697));
#4982=CARTESIAN_POINT('Ctrl Pts',(-157.596387932777,4.05187505527614,-13.0381948444704));
#4983=CARTESIAN_POINT('Ctrl Pts',(-157.595346855517,4.05429094099946,-13.037617932311));
#4984=CARTESIAN_POINT('Ctrl Pts',(-157.594307371621,4.0567082440585,-13.0370452356023));
#4985=CARTESIAN_POINT('Ctrl Pts',(-157.593269523895,4.05912700129528,-13.0364769394445));
#4986=CARTESIAN_POINT('Ctrl Pts',(-157.591783351331,4.06259060250791,-13.0356631532441));
#4987=CARTESIAN_POINT('Ctrl Pts',(-157.590300346204,4.06605730615672,-13.0348583923994));
#4988=CARTESIAN_POINT('Ctrl Pts',(-157.58882088206,4.06952709998077,-13.0340631977899));
#4989=CARTESIAN_POINT('Ctrl Pts',(-157.580686392479,4.0886049545036,-13.0296910051336));
#4990=CARTESIAN_POINT('Ctrl Pts',(-157.572659242648,4.10777504096722,-13.0256072934062));
#4991=CARTESIAN_POINT('Ctrl Pts',(-157.564758493186,4.12705453832588,-13.0218869174002));
#4992=CARTESIAN_POINT('Ctrl Pts',(-157.555113146078,4.15059122240829,-13.0173450295546));
#4993=CARTESIAN_POINT('Ctrl Pts',(-157.545646356875,4.17431945255694,-13.0133390459965));
#4994=CARTESIAN_POINT('Ctrl Pts',(-157.53642239558,4.19823122526365,-13.0100355852845));
#4995=CARTESIAN_POINT('Ctrl Pts',(-157.526971077577,4.22273238703508,-13.0066506992578));
#4996=CARTESIAN_POINT('Ctrl Pts',(-157.51777486746,4.24742628994881,-13.0040035643609));
#4997=CARTESIAN_POINT('Ctrl Pts',(-157.508880636081,4.27235527492001,-13.0022795540051));
#4998=CARTESIAN_POINT('Ctrl Pts',(-157.501244906469,4.29375689813393,-13.0007994849172));
#4999=CARTESIAN_POINT('Ctrl Pts',(-157.493831369915,4.31533280097474,-13.));
#5000=CARTESIAN_POINT('Ctrl Pts',(-157.486656113631,4.33713715496624,-13.));
#5001=CARTESIAN_POINT('Ctrl Pts',(-137.464742770461,7.58941520739853E-16,
-32.0809820967994));
#5002=CARTESIAN_POINT('Ctrl Pts',(-137.602198078935,7.58941520739853E-16,
-32.5617169906573));
#5003=CARTESIAN_POINT('Ctrl Pts',(-137.602198078935,0.5,-32.5617169906573));
#5004=CARTESIAN_POINT('Ctrl Pts',(-137.610866640117,7.58941520739853E-16,
-32.0392012694963));
#5005=CARTESIAN_POINT('Ctrl Pts',(-137.748321948591,7.58941520739853E-16,
-32.5199361633544));
#5006=CARTESIAN_POINT('Ctrl Pts',(-137.74832194859,0.5,-32.5199361633542));
#5007=CARTESIAN_POINT('Ctrl Pts',(-137.903297226326,7.58941520739853E-16,
-31.9561042968676));
#5008=CARTESIAN_POINT('Ctrl Pts',(-138.038986197781,7.58956590900794E-16,
-32.4373511941562));
#5009=CARTESIAN_POINT('Ctrl Pts',(-138.038986197781,0.5,-32.4373511941562));
#5010=CARTESIAN_POINT('Ctrl Pts',(-138.486695623463,7.58941520739853E-16,
-31.7861928958199));
#5011=CARTESIAN_POINT('Ctrl Pts',(-138.632982617027,7.58866169935148E-16,
-32.264367772524));
#5012=CARTESIAN_POINT('Ctrl Pts',(-138.632982617027,0.500000000000001,-32.264367772524));
#5013=CARTESIAN_POINT('Ctrl Pts',(-139.499674623618,7.58941520739853E-16,
-31.4687276263984));
#5014=CARTESIAN_POINT('Ctrl Pts',(-139.658484075739,7.5981559007443E-16,
-31.9429363343784));
#5015=CARTESIAN_POINT('Ctrl Pts',(-139.658484075739,0.5,-31.9429363343785));
#5016=CARTESIAN_POINT('Ctrl Pts',(-140.925642298575,7.58941520739853E-16,
-30.9609309456007));
#5017=CARTESIAN_POINT('Ctrl Pts',(-141.106526146596,7.52129807994534E-16,
-31.4273674293356));
#5018=CARTESIAN_POINT('Ctrl Pts',(-141.106526146596,0.5,-31.4273674293356));
#5019=CARTESIAN_POINT('Ctrl Pts',(-142.598554308053,7.58941520739853E-16,
-30.2576087743723));
#5020=CARTESIAN_POINT('Ctrl Pts',(-142.805775027651,7.83777145970574E-16,
-30.7129636431924));
#5021=CARTESIAN_POINT('Ctrl Pts',(-142.805775027651,0.500000000000001,-30.7129636431925));
#5022=CARTESIAN_POINT('Ctrl Pts',(-144.235180624602,7.58941520739853E-16,
-29.451326497632));
#5023=CARTESIAN_POINT('Ctrl Pts',(-144.47027754576,6.66410732562288E-16,
-29.8929969625518));
#5024=CARTESIAN_POINT('Ctrl Pts',(-144.47027754576,0.5,-29.8929969625518));
#5025=CARTESIAN_POINT('Ctrl Pts',(-145.815454232572,7.58941520739853E-16,
-28.5430315131752));
#5026=CARTESIAN_POINT('Ctrl Pts',(-146.078904545102,1.10422904821939E-15,
-28.9684300148294));
#5027=CARTESIAN_POINT('Ctrl Pts',(-146.078904545102,0.5,-28.9684300148294));
#5028=CARTESIAN_POINT('Ctrl Pts',(-147.321195933173,7.58941520739853E-16,
-27.5385218457794));
#5029=CARTESIAN_POINT('Ctrl Pts',(-147.612901247515,-5.29677801000739E-16,
-27.9450990597706));
#5030=CARTESIAN_POINT('Ctrl Pts',(-147.612901247515,0.500000000000001,-27.9450990597706));
#5031=CARTESIAN_POINT('Ctrl Pts',(-148.754358061385,7.58941520739853E-16,
-26.4328349049946));
#5032=CARTESIAN_POINT('Ctrl Pts',(-149.073781672273,5.56813128022268E-15,
-26.8180450212244));
#5033=CARTESIAN_POINT('Ctrl Pts',(-149.073781672273,0.5,-26.8180450212244));
#5034=CARTESIAN_POINT('Ctrl Pts',(-149.88628581532,7.58941520739853E-16,
-25.4243219439605));
#5035=CARTESIAN_POINT('Ctrl Pts',(-150.227954637512,1.56217206563521E-16,
-25.7897179376055));
#5036=CARTESIAN_POINT('Ctrl Pts',(-150.227954637512,0.5,-25.7897179376055));
#5037=CARTESIAN_POINT('Ctrl Pts',(-150.751385264176,7.58941520739853E-16,
-24.5653698466681));
#5038=CARTESIAN_POINT('Ctrl Pts',(-151.11006000112,8.82007334360686E-16,
-24.9138796920086));
#5039=CARTESIAN_POINT('Ctrl Pts',(-151.11006000112,0.500000000000001,-24.9138796920086));
#5040=CARTESIAN_POINT('Ctrl Pts',(-151.578624746889,7.58941520739853E-16,
-23.6829932457326));
#5041=CARTESIAN_POINT('Ctrl Pts',(-151.953500946279,6.23270953191191E-16,
-24.0142203099475));
#5042=CARTESIAN_POINT('Ctrl Pts',(-151.953500946279,0.500000000000001,-24.0142203099476));
#5043=CARTESIAN_POINT('Ctrl Pts',(-152.935090936385,7.58941520739853E-16,
-22.0729232466225));
#5044=CARTESIAN_POINT('Ctrl Pts',(-153.33622953332,1.66119820352663E-15,
-22.3729575388728));
#5045=CARTESIAN_POINT('Ctrl Pts',(-153.336229533318,0.5,-22.3729575388723));
#5046=CARTESIAN_POINT('Ctrl Pts',(-154.282796878798,7.58941520739853E-16,
-20.0901970051383));
#5047=CARTESIAN_POINT('Ctrl Pts',(-154.70877594385,-3.0441923842319E-14,
-20.3534701134048));
#5048=CARTESIAN_POINT('Ctrl Pts',(-154.708775943864,0.500000000000001,-20.3534701134082));
#5049=CARTESIAN_POINT('Ctrl Pts',(-155.443509080474,7.58941520739853E-16,
-17.9759839098697));
#5050=CARTESIAN_POINT('Ctrl Pts',(-155.889268440927,5.51348917353959E-14,
-18.203142346941));
#5051=CARTESIAN_POINT('Ctrl Pts',(-155.889268440903,0.5,-18.203142346935));
#5052=CARTESIAN_POINT('Ctrl Pts',(-156.484563199384,7.58941520739853E-16,
-15.7744967712974));
#5053=CARTESIAN_POINT('Ctrl Pts',(-156.946965410421,-2.94295894404139E-13,
-15.9663700696859));
#5054=CARTESIAN_POINT('Ctrl Pts',(-156.94696541055,0.5,-15.966370069718));
#5055=CARTESIAN_POINT('Ctrl Pts',(-157.118506022375,7.58941520739853E-16,
-14.0752561304103));
#5056=CARTESIAN_POINT('Ctrl Pts',(-157.589914248542,1.31290527050117E-12,
-14.2426878809369));
#5057=CARTESIAN_POINT('Ctrl Pts',(-157.589914247967,0.5,-14.2426878807942));
#5058=CARTESIAN_POINT('Ctrl Pts',(-157.486656113634,7.58941520739853E-16,
-12.9223685825079));
#5059=CARTESIAN_POINT('Ctrl Pts',(-157.962960911502,7.58941520739853E-16,
-13.0744663784419));
#5060=CARTESIAN_POINT('Ctrl Pts',(-157.962960911502,0.5,-13.0744663784419));
#5061=CARTESIAN_POINT('Origin',(-157.486656113632,0.5,-12.9223685825139));
#5062=CARTESIAN_POINT('Origin',(-157.486656113631,0.5,0.));
#5063=CARTESIAN_POINT('Origin',(-157.486656113631,0.5,-12.9223685825139));
#5064=CARTESIAN_POINT('Origin',(-157.486656113631,0.5,12.9223685825138));
#5065=CARTESIAN_POINT('Ctrl Pts',(-157.486656113636,7.58941520739853E-16,
12.9223685825014));
#5066=CARTESIAN_POINT('Ctrl Pts',(-157.962960911504,7.58941520739853E-16,
13.0744663784354));
#5067=CARTESIAN_POINT('Ctrl Pts',(-157.962960911504,0.5,13.0744663784354));
#5068=CARTESIAN_POINT('Ctrl Pts',(-157.116938456391,7.58941520739853E-16,
14.0801650723248));
#5069=CARTESIAN_POINT('Ctrl Pts',(-157.588325833186,1.31849232885544E-12,
14.2476621141151));
#5070=CARTESIAN_POINT('Ctrl Pts',(-157.588325832519,0.5,14.2476621139457));
#5071=CARTESIAN_POINT('Ctrl Pts',(-156.480629329063,7.58941520739853E-16,
15.7826538540904));
#5072=CARTESIAN_POINT('Ctrl Pts',(-156.942967647647,-2.96551703261369E-13,
15.9746593474524));
#5073=CARTESIAN_POINT('Ctrl Pts',(-156.942967647797,0.5,15.9746593474906));
#5074=CARTESIAN_POINT('Ctrl Pts',(-155.445961207029,7.58941520739853E-16,
17.9712944228756));
#5075=CARTESIAN_POINT('Ctrl Pts',(-155.891762427154,5.70322203793554E-14,
18.1983738559662));
#5076=CARTESIAN_POINT('Ctrl Pts',(-155.891762427125,0.500000000000001,18.198373855959));
#5077=CARTESIAN_POINT('Ctrl Pts',(-154.566209165318,7.58941520739853E-16,
19.5740739034209));
#5078=CARTESIAN_POINT('Ctrl Pts',(-154.997014990839,-1.54195100417941E-14,
19.8285320928241));
#5079=CARTESIAN_POINT('Ctrl Pts',(-154.997014990847,0.500000000000001,19.8285320928261));
#5080=CARTESIAN_POINT('Ctrl Pts',(-153.59168822164,7.58941520739853E-16,
21.1073661209724));
#5081=CARTESIAN_POINT('Ctrl Pts',(-154.004943737279,9.19946891225986E-15,
21.3894869378155));
#5082=CARTESIAN_POINT('Ctrl Pts',(-154.004943737277,0.5,21.389486937815));
#5083=CARTESIAN_POINT('Ctrl Pts',(-152.521472277451,7.58941520739853E-16,
22.5664448956959));
#5084=CARTESIAN_POINT('Ctrl Pts',(-152.9146068794,-5.11533301996298E-15,
22.8760331500371));
#5085=CARTESIAN_POINT('Ctrl Pts',(-152.914606879401,0.5,22.8760331500373));
#5086=CARTESIAN_POINT('Ctrl Pts',(-151.546553725775,7.58941520739853E-16,
23.7193161064362));
#5087=CARTESIAN_POINT('Ctrl Pts',(-151.92080544139,1.48501634851034E-15,
24.0512509988905));
#5088=CARTESIAN_POINT('Ctrl Pts',(-151.92080544139,0.5,24.0512509988905));
#5089=CARTESIAN_POINT('Ctrl Pts',(-150.715887124831,7.58941520739853E-16,
24.6018522372856));
#5090=CARTESIAN_POINT('Ctrl Pts',(-151.073864804181,6.2686173889353E-16,
24.9510785031112));
#5091=CARTESIAN_POINT('Ctrl Pts',(-151.073864804181,0.500000000000001,24.9510785031112));
#5092=CARTESIAN_POINT('Ctrl Pts',(-149.848558250842,7.58941520739853E-16,
25.4595216245618));
#5093=CARTESIAN_POINT('Ctrl Pts',(-150.189484414417,8.25345384047301E-16,
25.825610477049));
#5094=CARTESIAN_POINT('Ctrl Pts',(-150.189484414417,0.5,25.825610477049));
#5095=CARTESIAN_POINT('Ctrl Pts',(-148.717065163771,7.58941520739853E-16,
26.46350406413));
#5096=CARTESIAN_POINT('Ctrl Pts',(-149.035762312643,8.2170566020444E-16,
26.849311380938));
#5097=CARTESIAN_POINT('Ctrl Pts',(-149.035762312643,0.5,26.849311380938));
#5098=CARTESIAN_POINT('Ctrl Pts',(-146.812342140038,7.58941520739853E-16,
27.9276778011091));
#5099=CARTESIAN_POINT('Ctrl Pts',(-147.094211256411,3.13768986339166E-16,
28.3417705241511));
#5100=CARTESIAN_POINT('Ctrl Pts',(-147.094211256411,0.500000000000001,28.3417705241511));
#5101=CARTESIAN_POINT('Ctrl Pts',(-144.771328626037,7.58941520739853E-16,
29.1868538775496));
#5102=CARTESIAN_POINT('Ctrl Pts',(-145.015551159525,3.62409270368631E-15,
29.6240403062258));
#5103=CARTESIAN_POINT('Ctrl Pts',(-145.015551159525,0.5,29.6240403062258));
#5104=CARTESIAN_POINT('Ctrl Pts',(-142.600540952403,7.58941520739853E-16,
30.2568004699748));
#5105=CARTESIAN_POINT('Ctrl Pts',(-142.807796084153,4.96351833306197E-15,
30.712141100673));
#5106=CARTESIAN_POINT('Ctrl Pts',(-142.807796084153,0.500000000000001,30.712141100673));
#5107=CARTESIAN_POINT('Ctrl Pts',(-140.917527447622,7.58941520739853E-16,
30.9642135010784));
#5108=CARTESIAN_POINT('Ctrl Pts',(-141.098279414108,-3.94255517591228E-16,
31.4307028032061));
#5109=CARTESIAN_POINT('Ctrl Pts',(-141.098279414108,0.5,31.4307028032062));
#5110=CARTESIAN_POINT('Ctrl Pts',(-139.493234947238,7.58941520739853E-16,
31.4708292690786));
#5111=CARTESIAN_POINT('Ctrl Pts',(-139.65196495188,9.06918131853134E-16,
31.9450642617927));
#5112=CARTESIAN_POINT('Ctrl Pts',(-139.65196495188,0.5,31.9450642617925));
#5113=CARTESIAN_POINT('Ctrl Pts',(-138.483000577675,7.58941520739853E-16,
31.7872994101822));
#5114=CARTESIAN_POINT('Ctrl Pts',(-138.629219563472,7.46184916333536E-16,
32.2654944193795));
#5115=CARTESIAN_POINT('Ctrl Pts',(-138.629219563473,0.5,32.2654944193798));
#5116=CARTESIAN_POINT('Ctrl Pts',(-137.90204616944,7.58941520739853E-16,
31.9564520085426));
#5117=CARTESIAN_POINT('Ctrl Pts',(-138.037748742449,7.61492841621116E-16,
32.4376948793321));
#5118=CARTESIAN_POINT('Ctrl Pts',(-138.037748742449,0.5,32.4376948793316));
#5119=CARTESIAN_POINT('Ctrl Pts',(-137.610962090072,7.58941520739853E-16,
32.0391739777412));
#5120=CARTESIAN_POINT('Ctrl Pts',(-137.748417398546,7.58941520739853E-16,
32.5199088715995));
#5121=CARTESIAN_POINT('Ctrl Pts',(-137.748417398547,0.5,32.5199088716008));
#5122=CARTESIAN_POINT('Ctrl Pts',(-137.465495909791,7.58941520739853E-16,
32.0807667535923));
#5123=CARTESIAN_POINT('Ctrl Pts',(-137.602951218265,7.58941520739853E-16,
32.5615016474501));
#5124=CARTESIAN_POINT('Ctrl Pts',(-137.602951218265,0.5,32.5615016474501));
#5125=CARTESIAN_POINT('Origin',(-157.486656113636,0.499999999999973,12.9223685825014));
#5126=CARTESIAN_POINT('Ctrl Pts',(-149.486656113631,4.,13.5));
#5127=CARTESIAN_POINT('Ctrl Pts',(-149.486656113631,4.,13.5));
#5128=CARTESIAN_POINT('Ctrl Pts',(-149.486656113631,4.,13.5));
#5129=CARTESIAN_POINT('Ctrl Pts',(-149.552102680107,4.,13.3690969929129));
#5130=CARTESIAN_POINT('Ctrl Pts',(-149.584830924964,4.,13.4018251886656));
#5131=CARTESIAN_POINT('Ctrl Pts',(-149.617559120717,4.,13.4345534335184));
#5132=CARTESIAN_POINT('Ctrl Pts',(-149.682975087741,4.02602454592998,13.1073324890389));
#5133=CARTESIAN_POINT('Ctrl Pts',(-149.788586255125,4.05677082552902,13.1980698585057));
#5134=CARTESIAN_POINT('Ctrl Pts',(-149.879323624592,4.02602454593,13.3036810258916));
#5135=CARTESIAN_POINT('Ctrl Pts',(-149.821634971686,4.11871516316204,12.8300006351495));
#5136=CARTESIAN_POINT('Ctrl Pts',(-149.953884216292,4.23345918773606,13.0327718973381));
#5137=CARTESIAN_POINT('Ctrl Pts',(-150.156655478481,4.11871516316214,13.1650211419443));
#5138=CARTESIAN_POINT('Ctrl Pts',(-149.905058965954,4.22041603531921,12.6631519980666));
#5139=CARTESIAN_POINT('Ctrl Pts',(-150.007121532053,4.37523470918316,12.9795345815772));
#5140=CARTESIAN_POINT('Ctrl Pts',(-150.323504115564,4.22041603531933,13.0815971476761));
#5141=CARTESIAN_POINT('Ctrl Pts',(-149.951570083418,4.30741207231297,12.5701322683981));
#5142=CARTESIAN_POINT('Ctrl Pts',(-150.010992345632,4.45991578746159,12.9756637679977));
#5143=CARTESIAN_POINT('Ctrl Pts',(-150.416523845232,4.30741207231307,13.0350860302129));
#5144=CARTESIAN_POINT('Ctrl Pts',(-149.980211115294,4.40182751665888,12.5128534613778));
#5145=CARTESIAN_POINT('Ctrl Pts',(-149.993725466423,4.49975483398553,12.9929306472078));
#5146=CARTESIAN_POINT('Ctrl Pts',(-150.473802652252,4.40182751665895,13.0064449983368));
#5147=CARTESIAN_POINT('Ctrl Pts',(-149.986657765987,4.46728950193669,12.4999611392843));
#5148=CARTESIAN_POINT('Ctrl Pts',(-149.986618707408,4.50000485137891,13.0000374062207));
#5149=CARTESIAN_POINT('Ctrl Pts',(-150.486694974346,4.46728950193671,12.9999983476437));
#5150=CARTESIAN_POINT('Ctrl Pts',(-149.986656114261,4.50002514603506,12.4999644424697));
#5151=CARTESIAN_POINT('Ctrl Pts',(-149.986620551746,4.49999999629654,13.0000355618841));
#5152=CARTESIAN_POINT('Ctrl Pts',(-150.486691671161,4.50002514603506,12.99999999937));
#5153=CARTESIAN_POINT('Origin',(-150.486656113631,4.5,12.5));
#5154=CARTESIAN_POINT('Origin',(-157.486656113632,0.500000000000028,12.9223685825138));
#5155=CARTESIAN_POINT('Origin',(-157.486656113631,0.5,12.9223685825138));
#5156=CARTESIAN_POINT('Origin',(-150.486656113631,38.,12.5));
#5157=CARTESIAN_POINT('Origin',(-150.486656113631,37.5,12.5));
#5158=CARTESIAN_POINT('Origin',(-157.486656113631,1.27092568278962,12.9223685825192));
#5159=CARTESIAN_POINT('Ctrl Pts',(-157.962963478046,2.72483756103691,13.0744583408976));
#5160=CARTESIAN_POINT('Ctrl Pts',(-157.970829172633,2.73069055920438,13.0498249382407));
#5161=CARTESIAN_POINT('Ctrl Pts',(-157.976757205398,2.73677249113754,13.0246654839098));
#5162=CARTESIAN_POINT('Ctrl Pts',(-157.984591830558,2.74916417332467,12.9742908844112));
#5163=CARTESIAN_POINT('Ctrl Pts',(-157.986571661942,2.75545158435293,12.9491481133794));
#5164=CARTESIAN_POINT('Ctrl Pts',(-157.986655232196,2.76197484228446,12.9234526805241));
#5165=CARTESIAN_POINT('Ctrl Pts',(-157.98665611282,2.76211230675984,12.9229113740995));
#5166=CARTESIAN_POINT('Ctrl Pts',(-157.98665611363,2.76225000243278,12.9223693295035));
#5167=CARTESIAN_POINT('Ctrl Pts',(-149.486656113631,4.,-13.5));
#5168=CARTESIAN_POINT('Ctrl Pts',(-149.486656113631,4.,-13.5));
#5169=CARTESIAN_POINT('Ctrl Pts',(-149.486656113631,4.,-13.5));
#5170=CARTESIAN_POINT('Ctrl Pts',(-149.617559120717,4.,-13.4345534335184));
#5171=CARTESIAN_POINT('Ctrl Pts',(-149.584830924965,4.,-13.4018251886656));
#5172=CARTESIAN_POINT('Ctrl Pts',(-149.552102680107,4.,-13.3690969929129));
#5173=CARTESIAN_POINT('Ctrl Pts',(-149.879323624592,4.02602454593,-13.3036810258916));
#5174=CARTESIAN_POINT('Ctrl Pts',(-149.788586255125,4.05677082552903,-13.1980698585057));
#5175=CARTESIAN_POINT('Ctrl Pts',(-149.682975087741,4.02602454592997,-13.1073324890389));
#5176=CARTESIAN_POINT('Ctrl Pts',(-150.156655478481,4.11871516316211,-13.1650211419443));
#5177=CARTESIAN_POINT('Ctrl Pts',(-149.953884216292,4.23345918773608,-13.0327718973381));
#5178=CARTESIAN_POINT('Ctrl Pts',(-149.821634971686,4.11871516316203,-12.8300006351495));
#5179=CARTESIAN_POINT('Ctrl Pts',(-150.323504115564,4.2204160353193,-13.0815971476761));
#5180=CARTESIAN_POINT('Ctrl Pts',(-150.007121532053,4.37523470918319,-12.9795345815772));
#5181=CARTESIAN_POINT('Ctrl Pts',(-149.905058965954,4.2204160353192,-12.6631519980665));
#5182=CARTESIAN_POINT('Ctrl Pts',(-150.416523845232,4.30741207231305,-13.0350860302129));
#5183=CARTESIAN_POINT('Ctrl Pts',(-150.010992345632,4.45991578746162,-12.9756637679977));
#5184=CARTESIAN_POINT('Ctrl Pts',(-149.951570083418,4.30741207231295,-12.5701322683981));
#5185=CARTESIAN_POINT('Ctrl Pts',(-150.473802652253,4.40182751665894,-13.0064449983368));
#5186=CARTESIAN_POINT('Ctrl Pts',(-149.993725466423,4.49975483398556,-12.9929306472079));
#5187=CARTESIAN_POINT('Ctrl Pts',(-149.980211115294,4.40182751665888,-12.5128534613778));
#5188=CARTESIAN_POINT('Ctrl Pts',(-150.486694974346,4.46728950193673,-12.9999983476437));
#5189=CARTESIAN_POINT('Ctrl Pts',(-149.986618707408,4.50000485137892,-13.0000374062207));
#5190=CARTESIAN_POINT('Ctrl Pts',(-149.986657765987,4.4672895019367,-12.4999611392842));
#5191=CARTESIAN_POINT('Ctrl Pts',(-150.486691671161,4.50002514603509,-12.99999999937));
#5192=CARTESIAN_POINT('Ctrl Pts',(-149.986620551746,4.49999999629654,-13.0000355618842));
#5193=CARTESIAN_POINT('Ctrl Pts',(-149.986656114261,4.50002514603509,-12.4999644424696));
#5194=CARTESIAN_POINT('Origin',(-150.486656113631,4.5,-12.5));
#5195=CARTESIAN_POINT('Origin',(-150.486656113631,37.5,12.5));
#5196=CARTESIAN_POINT('Origin',(-150.486656113631,37.5,12.5));
#5197=CARTESIAN_POINT('Origin',(-150.486656113631,37.5,12.5));
#5198=CARTESIAN_POINT('Ctrl Pts',(-157.986656113631,4.33713715496616,12.5));
#5199=CARTESIAN_POINT('Ctrl Pts',(-157.986656113631,4.33713715496619,13.));
#5200=CARTESIAN_POINT('Ctrl Pts',(-157.486656113631,4.33713715496619,13.));
#5201=CARTESIAN_POINT('Ctrl Pts',(-157.986656113631,4.19346716748738,12.5000000334313));
#5202=CARTESIAN_POINT('Ctrl Pts',(-157.986656113633,4.25409523514429,12.9726730014634));
#5203=CARTESIAN_POINT('Ctrl Pts',(-157.514750833257,4.25176218551592,13.));
#5204=CARTESIAN_POINT('Ctrl Pts',(-157.986656113631,3.98511627344497,12.5367713390201));
#5205=CARTESIAN_POINT('Ctrl Pts',(-157.98665611363,4.11303154500586,12.9477957968017));
#5206=CARTESIAN_POINT('Ctrl Pts',(-157.564307473124,4.12151789440838,13.0183856732832));
#5207=CARTESIAN_POINT('Ctrl Pts',(-157.986656113631,3.7184867604905,12.6433380809157));
#5208=CARTESIAN_POINT('Ctrl Pts',(-157.986656113631,3.87487893476173,12.9614823872117));
#5209=CARTESIAN_POINT('Ctrl Pts',(-157.653750668607,3.92217014173832,13.0716690397412));
#5210=CARTESIAN_POINT('Ctrl Pts',(-157.986656113631,3.53029360689943,12.7441243389424));
#5211=CARTESIAN_POINT('Ctrl Pts',(-157.986656113631,3.68475253873689,12.9949018496633));
#5212=CARTESIAN_POINT('Ctrl Pts',(-157.730689305802,3.75551693247983,13.1220621696874));
#5213=CARTESIAN_POINT('Ctrl Pts',(-157.98665611363,3.37893927075191,12.8392508521637));
#5214=CARTESIAN_POINT('Ctrl Pts',(-157.986656113631,3.50917831857007,13.0402653297788));
#5215=CARTESIAN_POINT('Ctrl Pts',(-157.801626285293,3.58897034145717,13.1696254259943));
#5216=CARTESIAN_POINT('Ctrl Pts',(-157.986656113631,3.25674897434124,12.9131733946544));
#5217=CARTESIAN_POINT('Ctrl Pts',(-157.986656113631,3.35387852951272,13.081219385123));
#5218=CARTESIAN_POINT('Ctrl Pts',(-157.856679279212,3.42489769750197,13.2065866974414));
#5219=CARTESIAN_POINT('Ctrl Pts',(-157.986656113631,3.16159812621146,12.9627350569947));
#5220=CARTESIAN_POINT('Ctrl Pts',(-157.986656113631,3.2272120195419,13.1104799296373));
#5221=CARTESIAN_POINT('Ctrl Pts',(-157.893525694553,3.27991882135763,13.2313675280776));
#5222=CARTESIAN_POINT('Ctrl Pts',(-157.986656113631,3.05931992520272,12.997067454816));
#5223=CARTESIAN_POINT('Ctrl Pts',(-157.986656113631,3.08456880797708,13.1318886247635));
#5224=CARTESIAN_POINT('Ctrl Pts',(-157.918946918081,3.10609072172945,13.2485337289728));
#5225=CARTESIAN_POINT('Ctrl Pts',(-157.986656113631,2.95092863758109,12.9988705113712));
#5226=CARTESIAN_POINT('Ctrl Pts',(-157.986656113631,2.92999567232382,13.1330394619345));
#5227=CARTESIAN_POINT('Ctrl Pts',(-157.920277772915,2.9120973143667,13.2494352498462));
#5228=CARTESIAN_POINT('Ctrl Pts',(-157.986656113631,2.84835789639309,12.9671187910746));
#5229=CARTESIAN_POINT('Ctrl Pts',(-157.98665611363,2.78641853381542,13.113164243223));
#5230=CARTESIAN_POINT('Ctrl Pts',(-157.8967783613,2.736268410501,13.23355941733));
#5231=CARTESIAN_POINT('Ctrl Pts',(-157.986656113631,2.78452821036624,12.9347143022854));
#5232=CARTESIAN_POINT('Ctrl Pts',(-157.986656113631,2.70157199771811,13.094033431791));
#5233=CARTESIAN_POINT('Ctrl Pts',(-157.872694196261,2.6378067658099,13.2173571041857));
#5234=CARTESIAN_POINT('Ctrl Pts',(-157.986656113631,2.7532936448199,12.9174621689482));
#5235=CARTESIAN_POINT('Ctrl Pts',(-157.986656113631,2.66117360439496,13.0842440977513));
#5236=CARTESIAN_POINT('Ctrl Pts',(-157.859858976843,2.59241467870338,13.2087310844741));
#5237=CARTESIAN_POINT('Origin',(-157.486656113631,4.33713715496616,12.5));
#5238=CARTESIAN_POINT('Origin',(-150.486656113631,38.,-12.5));
#5239=CARTESIAN_POINT('Origin',(-150.486656113631,37.5,-12.5));
#5240=CARTESIAN_POINT('Origin',(-150.486656113631,37.5,0.));
#5241=CARTESIAN_POINT('Origin',(-150.486656113631,37.5,-12.5));
#5242=CARTESIAN_POINT('Origin',(0.,37.5,12.5));
#5243=CARTESIAN_POINT('Origin',(-157.486656113631,37.5,12.5));
#5244=CARTESIAN_POINT('Origin',(-157.486656113631,38.,12.5));
#5245=CARTESIAN_POINT('Origin',(-157.486656113631,37.5,12.5));
#5246=CARTESIAN_POINT('Origin',(-150.486656113631,37.5,-12.5));
#5247=CARTESIAN_POINT('Origin',(-150.486656113631,37.5,-12.5));
#5248=CARTESIAN_POINT('Origin',(-157.486656113631,37.5,12.5));
#5249=CARTESIAN_POINT('Origin',(-157.486656113631,37.5,12.5));
#5250=CARTESIAN_POINT('Origin',(0.,37.5,-12.5));
#5251=CARTESIAN_POINT('Origin',(-157.486656113631,37.5,-12.5));
#5252=CARTESIAN_POINT('Origin',(-157.486656113631,37.5,0.));
#5253=CARTESIAN_POINT('Origin',(-157.486656113631,37.5,-12.5));
#5254=CARTESIAN_POINT('Origin',(-157.486656113631,37.5,-12.5));
#5255=CARTESIAN_POINT('Origin',(-157.486656113631,37.5,-12.5));
#5256=CARTESIAN_POINT('Origin',(-157.486656113631,38.,-12.5));
#5257=CARTESIAN_POINT('Origin',(-157.486656113631,4.33713715496622,-12.5));
#5258=CARTESIAN_POINT('Ctrl Pts',(-157.486656113631,4.33713715496624,-13.));
#5259=CARTESIAN_POINT('Ctrl Pts',(-157.986656113631,4.33713715496624,-13.));
#5260=CARTESIAN_POINT('Ctrl Pts',(-157.986656113631,4.33713715496622,-12.5));
#5261=CARTESIAN_POINT('Ctrl Pts',(-157.514750833257,4.25176218551638,-13.));
#5262=CARTESIAN_POINT('Ctrl Pts',(-157.986656113634,4.25409523514475,-12.9726730014637));
#5263=CARTESIAN_POINT('Ctrl Pts',(-157.986656113631,4.19346716748741,-12.5000000334313));
#5264=CARTESIAN_POINT('Ctrl Pts',(-157.564307473124,4.12151789440832,-13.0183856732832));
#5265=CARTESIAN_POINT('Ctrl Pts',(-157.98665611363,4.11303154500576,-12.9477957968016));
#5266=CARTESIAN_POINT('Ctrl Pts',(-157.986656113631,3.98511627344495,-12.5367713390202));
#5267=CARTESIAN_POINT('Ctrl Pts',(-157.653750668607,3.92217014173827,-13.0716690397412));
#5268=CARTESIAN_POINT('Ctrl Pts',(-157.986656113631,3.87487893476167,-12.9614823872117));
#5269=CARTESIAN_POINT('Ctrl Pts',(-157.986656113631,3.71848676049039,-12.6433380809158));
#5270=CARTESIAN_POINT('Ctrl Pts',(-157.730689305802,3.75551693247973,-13.1220621696875));
#5271=CARTESIAN_POINT('Ctrl Pts',(-157.986656113631,3.68475253873676,-12.9949018496633));
#5272=CARTESIAN_POINT('Ctrl Pts',(-157.986656113631,3.5302936068993,-12.7441243389425));
#5273=CARTESIAN_POINT('Ctrl Pts',(-157.801626285293,3.58897034145707,-13.1696254259945));
#5274=CARTESIAN_POINT('Ctrl Pts',(-157.986656113631,3.50917831856994,-13.040265329779));
#5275=CARTESIAN_POINT('Ctrl Pts',(-157.986656113631,3.3789392707518,-12.8392508521639));
#5276=CARTESIAN_POINT('Ctrl Pts',(-157.856679279213,3.42489769750169,-13.2065866974415));
#5277=CARTESIAN_POINT('Ctrl Pts',(-157.986656113631,3.35387852951246,-13.0812193851231));
#5278=CARTESIAN_POINT('Ctrl Pts',(-157.986656113631,3.25674897434103,-12.9131733946546));
#5279=CARTESIAN_POINT('Ctrl Pts',(-157.893525694553,3.2799188213574,-13.2313675280778));
#5280=CARTESIAN_POINT('Ctrl Pts',(-157.986656113631,3.22721201954169,-13.1104799296375));
#5281=CARTESIAN_POINT('Ctrl Pts',(-157.986656113631,3.16159812621132,-12.9627350569951));
#5282=CARTESIAN_POINT('Ctrl Pts',(-157.918946918081,3.10609072172907,-13.2485337289729));
#5283=CARTESIAN_POINT('Ctrl Pts',(-157.986656113631,3.08456880797677,-13.1318886247636));
#5284=CARTESIAN_POINT('Ctrl Pts',(-157.986656113631,3.05931992520248,-12.9970674548162));
#5285=CARTESIAN_POINT('Ctrl Pts',(-157.920277772915,2.91209731436602,-13.2494352498462));
#5286=CARTESIAN_POINT('Ctrl Pts',(-157.986656113631,2.92999567232327,-13.1330394619347));
#5287=CARTESIAN_POINT('Ctrl Pts',(-157.986656113631,2.9509286375808,-12.9988705113713));
#5288=CARTESIAN_POINT('Ctrl Pts',(-157.8967783613,2.73626841050138,-13.2335594173301));
#5289=CARTESIAN_POINT('Ctrl Pts',(-157.98665611363,2.78641853381577,-13.1131642432226));
#5290=CARTESIAN_POINT('Ctrl Pts',(-157.986656113631,2.84835789639299,-12.9671187910744));
#5291=CARTESIAN_POINT('Ctrl Pts',(-157.87269419626,2.63780676580772,-13.2173571041856));
#5292=CARTESIAN_POINT('Ctrl Pts',(-157.986656113631,2.70157199771617,-13.0940334317921));
#5293=CARTESIAN_POINT('Ctrl Pts',(-157.986656113631,2.78452821036566,-12.934714302286));
#5294=CARTESIAN_POINT('Ctrl Pts',(-157.859858976843,2.59241467870302,-13.2087310844741));
#5295=CARTESIAN_POINT('Ctrl Pts',(-157.986656113631,2.66117360439464,-13.0842440977514));
#5296=CARTESIAN_POINT('Ctrl Pts',(-157.986656113631,2.75329364481965,-12.9174621689482));
#5297=CARTESIAN_POINT('Ctrl Pts',(-157.962963478048,2.72483756103732,-13.0744583408917));
#5298=CARTESIAN_POINT('Ctrl Pts',(-157.970829172634,2.73069055920428,-13.0498249382367));
#5299=CARTESIAN_POINT('Ctrl Pts',(-157.976757205398,2.73677249113648,-13.0246654839075));
#5300=CARTESIAN_POINT('Ctrl Pts',(-157.984591830388,2.74916417305346,-12.9742908855057));
#5301=CARTESIAN_POINT('Ctrl Pts',(-157.986571661923,2.75545158316146,-12.949148119374));
#5302=CARTESIAN_POINT('Ctrl Pts',(-157.986655232198,2.76197484234038,-12.9234526801823));
#5303=CARTESIAN_POINT('Ctrl Pts',(-157.986656113412,2.76211244524269,-12.9229108288393));
#5304=CARTESIAN_POINT('Ctrl Pts',(-157.986656113631,2.76225014102691,-12.9223687839209));
#5305=CARTESIAN_POINT('Origin',(-157.48665611363,1.27092568278954,-12.9223685825193));
#5306=CARTESIAN_POINT('Origin',(-157.486656113631,0.5,-12.9223685825193));
#5307=CARTESIAN_POINT('Origin',(-157.486656113631,0.5,-12.9223685825139));
#5308=CARTESIAN_POINT('Origin',(-169.236656113631,4.,0.));
#5309=CARTESIAN_POINT('',(-144.683873781589,56.,37.7115483606199));
#5310=CARTESIAN_POINT('',(-144.683873781589,0.,37.7115483606198));
#5311=CARTESIAN_POINT('',(-144.683873781589,45.9456317184812,37.7115483606199));
#5312=CARTESIAN_POINT('',(-146.284352670784,56.,38.7064822305966));
#5313=CARTESIAN_POINT('Origin',(-169.236656113631,56.,0.));
#5314=CARTESIAN_POINT('',(-146.284352670784,0.,38.7064822305966));
#5315=CARTESIAN_POINT('',(-146.284352670784,45.9456317184813,38.7064822305966));
#5316=CARTESIAN_POINT('Origin',(-169.236656113631,0.,0.));
#5317=CARTESIAN_POINT('',(-124.515296563635,14.,-5.));
#5318=CARTESIAN_POINT('',(-124.515296563635,14.,5.));
#5319=CARTESIAN_POINT('Ctrl Pts',(-124.515296563635,14.,-5.));
#5320=CARTESIAN_POINT('Ctrl Pts',(-124.515296563635,13.3716300214693,-5.));
#5321=CARTESIAN_POINT('Ctrl Pts',(-124.50068743801,12.7017333977001,-4.87431378339569));
#5322=CARTESIAN_POINT('Ctrl Pts',(-124.448015393977,11.4699918764626,-4.36388477603762));
#5323=CARTESIAN_POINT('Ctrl Pts',(-124.410723442191,10.9081024247035,-3.97917023656896));
#5324=CARTESIAN_POINT('Ctrl Pts',(-124.340796742225,10.020832070039,-3.09189988190444));
#5325=CARTESIAN_POINT('Ctrl Pts',(-124.303605485689,9.63611572662102,-2.53000942287774));
#5326=CARTESIAN_POINT('Ctrl Pts',(-124.251164056017,9.12568538538948,-1.29826451010429));
#5327=CARTESIAN_POINT('Ctrl Pts',(-124.236656113631,9.,-0.628366711433117));
#5328=CARTESIAN_POINT('Ctrl Pts',(-124.236656113631,9.,0.628366711433116));
#5329=CARTESIAN_POINT('Ctrl Pts',(-124.251164056017,9.12568538538948,1.29826451010429));
#5330=CARTESIAN_POINT('Ctrl Pts',(-124.303605485689,9.63611572662102,2.53000942287774));
#5331=CARTESIAN_POINT('Ctrl Pts',(-124.340796742225,10.020832070039,3.09189988190444));
#5332=CARTESIAN_POINT('Ctrl Pts',(-124.410723442191,10.9081024247035,3.97917023656896));
#5333=CARTESIAN_POINT('Ctrl Pts',(-124.448015393977,11.4699918764626,4.36388477603762));
#5334=CARTESIAN_POINT('Ctrl Pts',(-124.50068743801,12.7017333977001,4.87431378339569));
#5335=CARTESIAN_POINT('Ctrl Pts',(-124.515296563635,13.3716300214693,5.));
#5336=CARTESIAN_POINT('Ctrl Pts',(-124.515296563635,14.,5.));
#5337=CARTESIAN_POINT('Ctrl Pts',(-124.515296563635,14.,5.));
#5338=CARTESIAN_POINT('Ctrl Pts',(-124.515296563635,14.6283699785307,5.));
#5339=CARTESIAN_POINT('Ctrl Pts',(-124.50068743801,15.2982666022999,4.87431378339569));
#5340=CARTESIAN_POINT('Ctrl Pts',(-124.448015393977,16.5300081235374,4.36388477603762));
#5341=CARTESIAN_POINT('Ctrl Pts',(-124.410723442191,17.0918975752965,3.97917023656896));
#5342=CARTESIAN_POINT('Ctrl Pts',(-124.340796742225,17.979167929961,3.09189988190444));
#5343=CARTESIAN_POINT('Ctrl Pts',(-124.303605485689,18.363884273379,2.53000942287774));
#5344=CARTESIAN_POINT('Ctrl Pts',(-124.251164056017,18.8743146146105,1.29826451010429));
#5345=CARTESIAN_POINT('Ctrl Pts',(-124.236656113631,19.,0.628366711433116));
#5346=CARTESIAN_POINT('Ctrl Pts',(-124.236656113631,19.,-0.628366711433117));
#5347=CARTESIAN_POINT('Ctrl Pts',(-124.251164056017,18.8743146146105,-1.29826451010429));
#5348=CARTESIAN_POINT('Ctrl Pts',(-124.303605485689,18.363884273379,-2.53000942287774));
#5349=CARTESIAN_POINT('Ctrl Pts',(-124.340796742225,17.979167929961,-3.09189988190444));
#5350=CARTESIAN_POINT('Ctrl Pts',(-124.410723442191,17.0918975752965,-3.97917023656896));
#5351=CARTESIAN_POINT('Ctrl Pts',(-124.448015393977,16.5300081235374,-4.36388477603762));
#5352=CARTESIAN_POINT('Ctrl Pts',(-124.50068743801,15.2982666022999,-4.87431378339569));
#5353=CARTESIAN_POINT('Ctrl Pts',(-124.515296563635,14.6283699785307,-5.));
#5354=CARTESIAN_POINT('Ctrl Pts',(-124.515296563635,14.,-5.));
#5355=CARTESIAN_POINT('',(-212.382536793344,39.,12.7840909090909));
#5356=CARTESIAN_POINT('',(-212.382536793344,39.,-12.7840909090909));
#5357=CARTESIAN_POINT('Origin',(-169.236656113631,39.,0.));
#5358=CARTESIAN_POINT('',(-211.897993052614,37.5,-14.3181818181818));
#5359=CARTESIAN_POINT('Ctrl Pts',(-212.382536793344,39.,-12.7840909090909));
#5360=CARTESIAN_POINT('Ctrl Pts',(-212.353085821502,38.9999999946932,-12.8834869573556));
#5361=CARTESIAN_POINT('Ctrl Pts',(-212.323411077569,38.9905652276301,-12.9823319904899));
#5362=CARTESIAN_POINT('Ctrl Pts',(-212.293965004662,38.9719911987491,-13.0792695931834));
#5363=CARTESIAN_POINT('Ctrl Pts',(-212.265177254116,38.9538324272305,-13.1740399733824));
#5364=CARTESIAN_POINT('Ctrl Pts',(-212.236607696637,38.9269380464002,-13.2669883385863));
#5365=CARTESIAN_POINT('Ctrl Pts',(-212.208684895487,38.8915424805077,-13.3568237845075));
#5366=CARTESIAN_POINT('Ctrl Pts',(-212.208132603264,38.8908423825603,-13.3586006627608));
#5367=CARTESIAN_POINT('Ctrl Pts',(-212.207580566368,38.8901389615576,-13.3603763156389));
#5368=CARTESIAN_POINT('Ctrl Pts',(-212.207028788175,38.8894322192518,-13.3621507329507));
#5369=CARTESIAN_POINT('Ctrl Pts',(-212.179088890363,38.8536455425011,-13.4520003121197));
#5370=CARTESIAN_POINT('Ctrl Pts',(-212.151811090279,38.8093445534454,-13.5386856176502));
#5371=CARTESIAN_POINT('Ctrl Pts',(-212.125765503837,38.7571755523249,-13.62069455821));
#5372=CARTESIAN_POINT('Ctrl Pts',(-212.101168638188,38.7079083217928,-13.6981419559648));
#5373=CARTESIAN_POINT('Ctrl Pts',(-212.077670551711,38.6516234274518,-13.7714191327635));
#5374=CARTESIAN_POINT('Ctrl Pts',(-212.055766198062,38.5888540240625,-13.8392086096739));
#5375=CARTESIAN_POINT('Ctrl Pts',(-212.054476062439,38.5851569944824,-13.8432013145241));
#5376=CARTESIAN_POINT('Ctrl Pts',(-212.053191460445,38.5814374678954,-13.8471749680063));
#5377=CARTESIAN_POINT('Ctrl Pts',(-212.051912495107,38.5776955525884,-13.8511292954184));
#5378=CARTESIAN_POINT('Ctrl Pts',(-212.051257072603,38.5757779591796,-13.8531557421869));
#5379=CARTESIAN_POINT('Ctrl Pts',(-212.050603129777,38.5738545000961,-13.8551771154609));
#5380=CARTESIAN_POINT('Ctrl Pts',(-212.049950680752,38.5719251906516,-13.8571933774819));
#5381=CARTESIAN_POINT('Ctrl Pts',(-212.027161537239,38.5045370758688,-13.9276186256896));
#5382=CARTESIAN_POINT('Ctrl Pts',(-212.006193644422,38.4300083582474,-13.9918110535181));
#5383=CARTESIAN_POINT('Ctrl Pts',(-211.987596858459,38.3495053904673,-14.0484011695129));
#5384=CARTESIAN_POINT('Ctrl Pts',(-211.969000072496,38.2690024226872,-14.1049912855078));
#5385=CARTESIAN_POINT('Ctrl Pts',(-211.952774468378,38.1825250564957,-14.1539788728898));
#5386=CARTESIAN_POINT('Ctrl Pts',(-211.9394837258,38.091278465814,-14.1939606862185));
#5387=CARTESIAN_POINT('Ctrl Pts',(-211.939206970426,38.0893784226693,-14.1947932342596));
#5388=CARTESIAN_POINT('Ctrl Pts',(-211.938931486034,38.0874763237362,-14.1956218824088));
#5389=CARTESIAN_POINT('Ctrl Pts',(-211.938657277924,38.0855721810504,-14.1964466173973));
#5390=CARTESIAN_POINT('Ctrl Pts',(-211.928198592007,38.012945480562,-14.2279031786316));
#5391=CARTESIAN_POINT('Ctrl Pts',(-211.919597413448,37.9373419577751,-14.2536643717102));
#5392=CARTESIAN_POINT('Ctrl Pts',(-211.913064905027,37.8603892023558,-14.2731961014037));
#5393=CARTESIAN_POINT('Ctrl Pts',(-211.91142593579,37.8410821933606,-14.2780965013807));
#5394=CARTESIAN_POINT('Ctrl Pts',(-211.9099171335,37.8216904470857,-14.282604933592));
#5395=CARTESIAN_POINT('Ctrl Pts',(-211.908541720146,37.8022400052551,-14.2867133165953));
#5396=CARTESIAN_POINT('Ctrl Pts',(-211.908463483093,37.8011336140549,-14.2869470119963));
#5397=CARTESIAN_POINT('Ctrl Pts',(-211.908385676843,37.8000270266964,-14.2871794153636));
#5398=CARTESIAN_POINT('Ctrl Pts',(-211.908308301973,37.7989202478074,-14.2874105252516));
#5399=CARTESIAN_POINT('Ctrl Pts',(-211.901461645354,37.7009848974049,-14.3078607055747));
#5400=CARTESIAN_POINT('Ctrl Pts',(-211.897993055423,37.6015503213468,-14.3181818098118));
#5401=CARTESIAN_POINT('Ctrl Pts',(-211.897993052614,37.5,-14.3181818181818));
#5402=CARTESIAN_POINT('',(-211.897993052614,22.5000708612868,-14.3181818181818));
#5403=CARTESIAN_POINT('',(-211.897993052614,37.5,-14.3181818181818));
#5404=CARTESIAN_POINT('',(-211.935519749994,21.9366532353626,-14.2058806190684));
#5405=CARTESIAN_POINT('Ctrl Pts',(-211.897993052614,22.5000708612868,-14.3181818181818));
#5406=CARTESIAN_POINT('Ctrl Pts',(-211.897993052614,22.3051328573953,-14.3181818181818));
#5407=CARTESIAN_POINT('Ctrl Pts',(-211.91089460094,22.1152472549809,-14.2798968599261));
#5408=CARTESIAN_POINT('Ctrl Pts',(-211.935519749994,21.9366532353626,-14.2058806190684));
#5409=CARTESIAN_POINT('',(-212.382536793344,21.,-12.7840909090909));
#5410=CARTESIAN_POINT('Ctrl Pts',(-211.935519749994,21.9366532353626,-14.2058806190684));
#5411=CARTESIAN_POINT('Ctrl Pts',(-211.940867371828,21.8978695806259,-14.1898071786673));
#5412=CARTESIAN_POINT('Ctrl Pts',(-211.946756801639,21.8598275266898,-14.1720750091519));
#5413=CARTESIAN_POINT('Ctrl Pts',(-211.953115651682,21.8227454957094,-14.152882621173));
#5414=CARTESIAN_POINT('Ctrl Pts',(-211.958352647351,21.7922056285468,-14.137076232906));
#5415=CARTESIAN_POINT('Ctrl Pts',(-211.963908493123,21.7623161773669,-14.1202780910783));
#5416=CARTESIAN_POINT('Ctrl Pts',(-211.969751040822,21.7331984347282,-14.1025741601033));
#5417=CARTESIAN_POINT('Ctrl Pts',(-211.977247374678,21.6958386507468,-14.0798589707751));
#5418=CARTESIAN_POINT('Ctrl Pts',(-211.985215462553,21.6597472329462,-14.0556534351));
#5419=CARTESIAN_POINT('Ctrl Pts',(-211.993640045624,21.6248297756176,-14.0299790320365));
#5420=CARTESIAN_POINT('Ctrl Pts',(-211.999872557697,21.5989978178225,-14.010985091839));
#5421=CARTESIAN_POINT('Ctrl Pts',(-212.006355219515,21.5738090091208,-13.9911862894518));
#5422=CARTESIAN_POINT('Ctrl Pts',(-212.013085986653,21.5492368364297,-13.9705779108767));
#5423=CARTESIAN_POINT('Ctrl Pts',(-212.013429296293,21.5479835077122,-13.9695267595189));
#5424=CARTESIAN_POINT('Ctrl Pts',(-212.013773252076,21.5467317854739,-13.9684734997084));
#5425=CARTESIAN_POINT('Ctrl Pts',(-212.014117855166,21.5454816678196,-13.9674181261448));
#5426=CARTESIAN_POINT('Ctrl Pts',(-212.027478417171,21.4970135173648,-13.9265003737288));
#5427=CARTESIAN_POINT('Ctrl Pts',(-212.041665430974,21.451423105694,-13.8828540631447));
#5428=CARTESIAN_POINT('Ctrl Pts',(-212.056630529571,21.4087284551707,-13.8365395314299));
#5429=CARTESIAN_POINT('Ctrl Pts',(-212.059109672299,21.4016555894868,-13.8288669903032));
#5430=CARTESIAN_POINT('Ctrl Pts',(-212.061610194734,21.3946622752467,-13.8211211442806));
#5431=CARTESIAN_POINT('Ctrl Pts',(-212.064131907013,21.3877486911925,-13.8133021758758));
#5432=CARTESIAN_POINT('Ctrl Pts',(-212.079037372776,21.3468835253774,-13.767085417989));
#5433=CARTESIAN_POINT('Ctrl Pts',(-212.094681944822,21.3088020152894,-13.718317889372));
#5434=CARTESIAN_POINT('Ctrl Pts',(-212.110758959883,21.2739888208204,-13.667890358557));
#5435=CARTESIAN_POINT('Ctrl Pts',(-212.11438568364,21.266135507318,-13.6565146943962));
#5436=CARTESIAN_POINT('Ctrl Pts',(-212.118034466739,21.2584486223724,-13.6450543809604));
#5437=CARTESIAN_POINT('Ctrl Pts',(-212.121701867443,21.2509339411396,-13.6335193802611));
#5438=CARTESIAN_POINT('Ctrl Pts',(-212.122180640355,21.2499529123105,-13.6320135055766));
#5439=CARTESIAN_POINT('Ctrl Pts',(-212.122659730592,21.2489748184522,-13.630506357911));
#5440=CARTESIAN_POINT('Ctrl Pts',(-212.123139141136,21.2479996526087,-13.6289979261227));
#5441=CARTESIAN_POINT('Ctrl Pts',(-212.136021100047,21.2217965444653,-13.5884657422521));
#5442=CARTESIAN_POINT('Ctrl Pts',(-212.149173933375,21.1976256492917,-13.5468814059156));
#5443=CARTESIAN_POINT('Ctrl Pts',(-212.162606798608,21.1754547134291,-13.5041804963503));
#5444=CARTESIAN_POINT('Ctrl Pts',(-212.169496403125,21.164083425383,-13.4822795560604));
#5445=CARTESIAN_POINT('Ctrl Pts',(-212.176459596694,21.1532374516503,-13.4600852019177));
#5446=CARTESIAN_POINT('Ctrl Pts',(-212.183497012766,21.1429077610173,-13.4375911823525));
#5447=CARTESIAN_POINT('Ctrl Pts',(-212.183939847576,21.1422577573027,-13.4361757288996));
#5448=CARTESIAN_POINT('Ctrl Pts',(-212.18438297612,21.1416097969163,-13.4347590895246));
#5449=CARTESIAN_POINT('Ctrl Pts',(-212.184826390975,21.1409638871574,-13.4333412873202));
#5450=CARTESIAN_POINT('Ctrl Pts',(-212.202669038247,21.1149730123558,-13.3762900985446));
#5451=CARTESIAN_POINT('Ctrl Pts',(-212.220988108854,21.0922868738503,-13.3173154419477));
#5452=CARTESIAN_POINT('Ctrl Pts',(-212.239423789041,21.0732572535569,-13.2575221819056));
#5453=CARTESIAN_POINT('Ctrl Pts',(-212.24258965813,21.0699893900415,-13.2472541781334));
#5454=CARTESIAN_POINT('Ctrl Pts',(-212.245758985447,21.066829453214,-13.2369619598771));
#5455=CARTESIAN_POINT('Ctrl Pts',(-212.248929966817,21.06377935252,-13.2266510491764));
#5456=CARTESIAN_POINT('Ctrl Pts',(-212.249263621745,21.0634584168195,-13.2255661212737));
#5457=CARTESIAN_POINT('Ctrl Pts',(-212.249597294987,21.063138697211,-13.2244809864084));
#5458=CARTESIAN_POINT('Ctrl Pts',(-212.249930986698,21.0628201934807,-13.2233956439301));
#5459=CARTESIAN_POINT('Ctrl Pts',(-212.293876003989,21.0208753339206,-13.080463133302));
#5460=CARTESIAN_POINT('Ctrl Pts',(-212.338095113702,21.0000000103517,-12.9340800964859));
#5461=CARTESIAN_POINT('Ctrl Pts',(-212.382536793344,21.,-12.7840909090909));
#5462=CARTESIAN_POINT('',(-212.382536793344,21.,12.7840909090909));
#5463=CARTESIAN_POINT('Origin',(-169.236656113631,21.,0.));
#5464=CARTESIAN_POINT('',(-211.935519749994,21.9366532353626,14.2058806190684));
#5465=CARTESIAN_POINT('Ctrl Pts',(-212.382536793344,21.,12.7840909090909));
#5466=CARTESIAN_POINT('Ctrl Pts',(-212.338095113702,21.0000000103517,12.9340800964859));
#5467=CARTESIAN_POINT('Ctrl Pts',(-212.293876003989,21.0208753339206,13.0804631333021));
#5468=CARTESIAN_POINT('Ctrl Pts',(-212.249930986698,21.0628201934807,13.2233956439302));
#5469=CARTESIAN_POINT('Ctrl Pts',(-212.249597294987,21.063138697211,13.2244809864084));
#5470=CARTESIAN_POINT('Ctrl Pts',(-212.249263621745,21.0634584168195,13.2255661212738));
#5471=CARTESIAN_POINT('Ctrl Pts',(-212.248929966817,21.06377935252,13.2266510491764));
#5472=CARTESIAN_POINT('Ctrl Pts',(-212.230464516483,21.0815408831941,13.2866941674407));
#5473=CARTESIAN_POINT('Ctrl Pts',(-212.212054676834,21.1030234973991,13.3461053779661));
#5474=CARTESIAN_POINT('Ctrl Pts',(-212.194058859745,21.1278683741795,13.4037851644954));
#5475=CARTESIAN_POINT('Ctrl Pts',(-212.190968526193,21.1321348632157,13.4136902318063));
#5476=CARTESIAN_POINT('Ctrl Pts',(-212.187890421425,21.1365006014921,13.4235441660232));
#5477=CARTESIAN_POINT('Ctrl Pts',(-212.184826390975,21.1409638871574,13.4333412873203));
#5478=CARTESIAN_POINT('Ctrl Pts',(-212.18438297612,21.1416097969163,13.4347590895247));
#5479=CARTESIAN_POINT('Ctrl Pts',(-212.183939847576,21.1422577573027,13.4361757288996));
#5480=CARTESIAN_POINT('Ctrl Pts',(-212.183497012766,21.1429077610173,13.4375911823525));
#5481=CARTESIAN_POINT('Ctrl Pts',(-212.169775954981,21.1630478636668,13.4814484360825));
#5482=CARTESIAN_POINT('Ctrl Pts',(-212.156337442564,21.1851533274767,13.5241649421968));
#5483=CARTESIAN_POINT('Ctrl Pts',(-212.143175213633,21.2092802517197,13.5657933641132));
#5484=CARTESIAN_POINT('Ctrl Pts',(-212.136424416218,21.2216547498883,13.5871442344348));
#5485=CARTESIAN_POINT('Ctrl Pts',(-212.129746190395,21.2345602970377,13.6082093071495));
#5486=CARTESIAN_POINT('Ctrl Pts',(-212.123139141136,21.2479996526087,13.6289979261227));
#5487=CARTESIAN_POINT('Ctrl Pts',(-212.122659730592,21.2489748184522,13.6305063579109));
#5488=CARTESIAN_POINT('Ctrl Pts',(-212.122180640355,21.2499529123105,13.6320135055766));
#5489=CARTESIAN_POINT('Ctrl Pts',(-212.121701867443,21.2509339411397,13.6335193802611));
#5490=CARTESIAN_POINT('Ctrl Pts',(-212.105444534297,21.2842460022261,13.6846532389076));
#5491=CARTESIAN_POINT('Ctrl Pts',(-212.089552203383,21.3209395910644,13.7343222914067));
#5492=CARTESIAN_POINT('Ctrl Pts',(-212.074328654684,21.360523783092,13.7816452885204));
#5493=CARTESIAN_POINT('Ctrl Pts',(-212.070894459621,21.3694533592055,13.7923206183174));
#5494=CARTESIAN_POINT('Ctrl Pts',(-212.067494347528,21.378530147379,13.8028763963886));
#5495=CARTESIAN_POINT('Ctrl Pts',(-212.064131907013,21.3877486911925,13.8133021758759));
#5496=CARTESIAN_POINT('Ctrl Pts',(-212.048909841546,21.4294818539954,13.8605006012987));
#5497=CARTESIAN_POINT('Ctrl Pts',(-212.034458977458,21.4741172745038,13.9050373884254));
#5498=CARTESIAN_POINT('Ctrl Pts',(-212.020825733865,21.5216309111478,13.9468580761182));
#5499=CARTESIAN_POINT('Ctrl Pts',(-212.018567228418,21.529502097958,13.9537861596877));
#5500=CARTESIAN_POINT('Ctrl Pts',(-212.016331187735,21.5374523546891,13.9606396243109));
#5501=CARTESIAN_POINT('Ctrl Pts',(-212.014117855166,21.5454816678196,13.9674181261448));
#5502=CARTESIAN_POINT('Ctrl Pts',(-212.013773252076,21.5467317854739,13.9684734997085));
#5503=CARTESIAN_POINT('Ctrl Pts',(-212.013429296293,21.5479835077122,13.969526759519));
#5504=CARTESIAN_POINT('Ctrl Pts',(-212.013085986653,21.5492368364297,13.9705779108768));
#5505=CARTESIAN_POINT('Ctrl Pts',(-212.003987904495,21.5824514227249,13.9984345752911));
#5506=CARTESIAN_POINT('Ctrl Pts',(-211.995342731313,21.6167914077198,14.0248133992646));
#5507=CARTESIAN_POINT('Ctrl Pts',(-211.987156938879,21.6523266824194,14.0497213233442));
#5508=CARTESIAN_POINT('Ctrl Pts',(-211.981101084275,21.6786157019139,14.0681482218902));
#5509=CARTESIAN_POINT('Ctrl Pts',(-211.975296833517,21.7055596420734,14.0857694481639));
#5510=CARTESIAN_POINT('Ctrl Pts',(-211.969751040822,21.7331984347278,14.1025741601039));
#5511=CARTESIAN_POINT('Ctrl Pts',(-211.962656919108,21.7685536976971,14.1240705770129));
#5512=CARTESIAN_POINT('Ctrl Pts',(-211.955985092511,21.8050465624171,14.1442327701089));
#5513=CARTESIAN_POINT('Ctrl Pts',(-211.949794414041,21.8424603811785,14.1629028964368));
#5514=CARTESIAN_POINT('Ctrl Pts',(-211.944695920428,21.8732735007641,14.1782791625938));
#5515=CARTESIAN_POINT('Ctrl Pts',(-211.939923922477,21.9047119518769,14.1926429208698));
#5516=CARTESIAN_POINT('Ctrl Pts',(-211.935519749994,21.9366532353626,14.2058806190684));
#5517=CARTESIAN_POINT('',(-211.897993052614,22.5000708612868,14.3181818181818));
#5518=CARTESIAN_POINT('Ctrl Pts',(-211.935519749994,21.9366532353626,14.2058806190684));
#5519=CARTESIAN_POINT('Ctrl Pts',(-211.91089460094,22.1152472549809,14.2798968599261));
#5520=CARTESIAN_POINT('Ctrl Pts',(-211.897993052614,22.3051328573953,14.3181818181818));
#5521=CARTESIAN_POINT('Ctrl Pts',(-211.897993052614,22.5000708612868,14.3181818181818));
#5522=CARTESIAN_POINT('',(-211.897993052614,37.5,14.3181818181818));
#5523=CARTESIAN_POINT('',(-211.897993052614,37.5,14.3181818181818));
#5524=CARTESIAN_POINT('Ctrl Pts',(-211.897993052614,37.5,14.3181818181818));
#5525=CARTESIAN_POINT('Ctrl Pts',(-211.897993053864,37.5852933970988,14.3181818144584));
#5526=CARTESIAN_POINT('Ctrl Pts',(-211.90054478515,37.6706228308753,14.3105867463165));
#5527=CARTESIAN_POINT('Ctrl Pts',(-211.905433224428,37.7539629010972,14.2959949066751));
#5528=CARTESIAN_POINT('Ctrl Pts',(-211.9063680109,37.7698995151843,14.2932045980448));
#5529=CARTESIAN_POINT('Ctrl Pts',(-211.90738820083,37.7857634601912,14.290158567774));
#5530=CARTESIAN_POINT('Ctrl Pts',(-211.908492234382,37.8015407028455,14.2868611697323));
#5531=CARTESIAN_POINT('Ctrl Pts',(-211.908572814102,37.8026922310627,14.2866205036684));
#5532=CARTESIAN_POINT('Ctrl Pts',(-211.908653840454,37.8038432974368,14.2863784985769));
#5533=CARTESIAN_POINT('Ctrl Pts',(-211.908735313154,37.8049939015193,14.2861351549636));
#5534=CARTESIAN_POINT('Ctrl Pts',(-211.915625187115,37.9022966429313,14.2655563989563));
#5535=CARTESIAN_POINT('Ctrl Pts',(-211.925708455452,37.9962495332352,14.2354008432314));
#5536=CARTESIAN_POINT('Ctrl Pts',(-211.938812316384,38.086669411592,14.1959802632873));
#5537=CARTESIAN_POINT('Ctrl Pts',(-211.939088778715,38.0885770699876,14.1951485766974));
#5538=CARTESIAN_POINT('Ctrl Pts',(-211.939366585416,38.0904831562982,14.1943127667048));
#5539=CARTESIAN_POINT('Ctrl Pts',(-211.939645728788,38.0923876413616,14.1934728539905));
#5540=CARTESIAN_POINT('Ctrl Pts',(-211.95110681558,38.1705821134082,14.1589876629429));
#5541=CARTESIAN_POINT('Ctrl Pts',(-211.964832104465,38.2461248450526,14.1175531893727));
#5542=CARTESIAN_POINT('Ctrl Pts',(-211.980291253971,38.3169983994557,14.0705940302801));
#5543=CARTESIAN_POINT('Ctrl Pts',(-211.98256975319,38.3274443388178,14.0636727952368));
#5544=CARTESIAN_POINT('Ctrl Pts',(-211.984885923616,38.3377889400078,14.0566315344057));
#5545=CARTESIAN_POINT('Ctrl Pts',(-211.987238074939,38.3480258421972,14.0494747932005));
#5546=CARTESIAN_POINT('Ctrl Pts',(-211.987739023372,38.3502060421102,14.04795058927));
#5547=CARTESIAN_POINT('Ctrl Pts',(-211.988241603843,38.3523813570942,14.0464211473363));
#5548=CARTESIAN_POINT('Ctrl Pts',(-211.988745811948,38.3545517914525,14.0448864744024));
#5549=CARTESIAN_POINT('Ctrl Pts',(-212.007142652092,38.4337435647661,13.9888914747711));
#5550=CARTESIAN_POINT('Ctrl Pts',(-212.027689587145,38.5063439054714,13.9259826593692));
#5551=CARTESIAN_POINT('Ctrl Pts',(-212.050176569217,38.5726108000523,13.8564954515588));
#5552=CARTESIAN_POINT('Ctrl Pts',(-212.05083361111,38.5745470370142,13.8544651210146));
#5553=CARTESIAN_POINT('Ctrl Pts',(-212.051492309546,38.5764778663811,13.8524291742106));
#5554=CARTESIAN_POINT('Ctrl Pts',(-212.052152640447,38.5784032442289,13.8503876791921));
#5555=CARTESIAN_POINT('Ctrl Pts',(-212.072031551484,38.6363657216387,13.7889295560365));
#5556=CARTESIAN_POINT('Ctrl Pts',(-212.093405975872,38.6894390360812,13.7223935508936));
#5557=CARTESIAN_POINT('Ctrl Pts',(-212.115646739831,38.7364446849351,13.6525484804427));
#5558=CARTESIAN_POINT('Ctrl Pts',(-212.118761756582,38.7430282440186,13.6427660572824));
#5559=CARTESIAN_POINT('Ctrl Pts',(-212.121893793276,38.7494927669601,13.6329186435812));
#5560=CARTESIAN_POINT('Ctrl Pts',(-212.125041144312,38.7558350023265,13.6230110275654));
#5561=CARTESIAN_POINT('Ctrl Pts',(-212.125715724107,38.7571943498487,13.6208875028923));
#5562=CARTESIAN_POINT('Ctrl Pts',(-212.126391007437,38.7585480796508,13.6187612125632));
#5563=CARTESIAN_POINT('Ctrl Pts',(-212.127066991627,38.7598961950955,13.616632160711));
#5564=CARTESIAN_POINT('Ctrl Pts',(-212.15289784966,38.8114106818955,13.5352763584496));
#5565=CARTESIAN_POINT('Ctrl Pts',(-212.179728186187,38.8546885228569,13.4499630065284));
#5566=CARTESIAN_POINT('Ctrl Pts',(-212.207383163709,38.8898885557703,13.3610110690635));
#5567=CARTESIAN_POINT('Ctrl Pts',(-212.207937143038,38.8905936762354,13.3592292005159));
#5568=CARTESIAN_POINT('Ctrl Pts',(-212.208491453214,38.8912955554555,13.3574458723112));
#5569=CARTESIAN_POINT('Ctrl Pts',(-212.209046086812,38.8919941880748,13.3556611074446));
#5570=CARTESIAN_POINT('Ctrl Pts',(-212.232546978546,38.9215965951792,13.2800371890741));
#5571=CARTESIAN_POINT('Ctrl Pts',(-212.256638755344,38.9453938278842,13.2018014564937));
#5572=CARTESIAN_POINT('Ctrl Pts',(-212.280789745628,38.9629837981764,13.12259192731));
#5573=CARTESIAN_POINT('Ctrl Pts',(-212.28535946532,38.9663120771692,13.1076043288301));
#5574=CARTESIAN_POINT('Ctrl Pts',(-212.289931323951,38.9694179947709,13.0925817897728));
#5575=CARTESIAN_POINT('Ctrl Pts',(-212.294501738642,38.972298642004,13.077535323294));
#5576=CARTESIAN_POINT('Ctrl Pts',(-212.294804605347,38.9724895332458,13.0765382422776));
#5577=CARTESIAN_POINT('Ctrl Pts',(-212.295107465712,38.9726794352378,13.075541056185));
#5578=CARTESIAN_POINT('Ctrl Pts',(-212.295410320079,38.972868348058,13.0745437637995));
#5579=CARTESIAN_POINT('Ctrl Pts',(-212.324437082298,38.9909745010809,12.9789593110195));
#5580=CARTESIAN_POINT('Ctrl Pts',(-212.35339465873,38.9999999932121,12.8824446420055));
#5581=CARTESIAN_POINT('Ctrl Pts',(-212.382536793344,39.,12.7840909090909));
#5582=CARTESIAN_POINT('Origin',(-146.284352670784,37.0027535030513,38.7064822305966));
#5583=CARTESIAN_POINT('',(-144.683873781589,56.,38.7064822305966));
#5584=CARTESIAN_POINT('',(-157.760504392207,56.,38.7064822305966));
#5585=CARTESIAN_POINT('',(-144.683873781589,0.,38.7064822305966));
#5586=CARTESIAN_POINT('',(-144.683873781589,39.2813975661326,38.7064822305966));
#5587=CARTESIAN_POINT('',(-157.760504392207,0.,38.7064822305966));
#5588=CARTESIAN_POINT('Origin',(-169.236656113631,56.,0.));
#5589=CARTESIAN_POINT('',(-169.236656113631,5.,49.));
#5590=CARTESIAN_POINT('',(-169.236656113631,5.,-49.));
#5591=CARTESIAN_POINT('Origin',(-169.236656113631,5.,0.));
#5592=CARTESIAN_POINT('Origin',(-169.236656113631,5.,0.));
#5593=CARTESIAN_POINT('',(-169.236656113631,55.5,49.));
#5594=CARTESIAN_POINT('',(-169.236656113631,56.,49.));
#5595=CARTESIAN_POINT('',(-169.236656113631,55.5,-49.));
#5596=CARTESIAN_POINT('Origin',(-169.236656113631,55.5,0.));
#5597=CARTESIAN_POINT('Origin',(-169.236656113631,55.5,0.));
#5598=CARTESIAN_POINT('',(-120.492425685815,14.,-5.));
#5599=CARTESIAN_POINT('',(-120.492425685815,14.,5.));
#5600=CARTESIAN_POINT('Ctrl Pts',(-120.492425685815,14.,-5.));
#5601=CARTESIAN_POINT('Ctrl Pts',(-120.492425685815,13.3717181911069,-5.));
#5602=CARTESIAN_POINT('Ctrl Pts',(-120.479026531902,12.7018589605083,-4.87434813051241));
#5603=CARTESIAN_POINT('Ctrl Pts',(-120.43069641259,11.470092746048,-4.36394425840143));
#5604=CARTESIAN_POINT('Ctrl Pts',(-120.396470577592,10.9081483081363,-3.97921612000176));
#5605=CARTESIAN_POINT('Ctrl Pts',(-120.332276701861,10.0207855179256,-3.09185332979108));
#5606=CARTESIAN_POINT('Ctrl Pts',(-120.298128778161,9.63605610081984,-2.52990817430889));
#5607=CARTESIAN_POINT('Ctrl Pts',(-120.249977038339,9.12565127607066,-1.29813955394642));
#5608=CARTESIAN_POINT('Ctrl Pts',(-120.236656113631,8.99999999999999,-0.628279489485329));
#5609=CARTESIAN_POINT('Ctrl Pts',(-120.236656113631,8.99999999999999,0.628279489485329));
#5610=CARTESIAN_POINT('Ctrl Pts',(-120.249977038339,9.12565127607066,1.29813955394642));
#5611=CARTESIAN_POINT('Ctrl Pts',(-120.298128778161,9.63605610081984,2.52990817430889));
#5612=CARTESIAN_POINT('Ctrl Pts',(-120.332276701861,10.0207855179256,3.09185332979108));
#5613=CARTESIAN_POINT('Ctrl Pts',(-120.396470577592,10.9081483081363,3.97921612000176));
#5614=CARTESIAN_POINT('Ctrl Pts',(-120.43069641259,11.470092746048,4.36394425840143));
#5615=CARTESIAN_POINT('Ctrl Pts',(-120.479026531902,12.7018589605083,4.87434813051241));
#5616=CARTESIAN_POINT('Ctrl Pts',(-120.492425685815,13.3717181911069,5.));
#5617=CARTESIAN_POINT('Ctrl Pts',(-120.492425685815,14.,5.));
#5618=CARTESIAN_POINT('Ctrl Pts',(-120.492425685815,14.,5.));
#5619=CARTESIAN_POINT('Ctrl Pts',(-120.492425685815,14.6282818088931,5.));
#5620=CARTESIAN_POINT('Ctrl Pts',(-120.479026531902,15.2981410394917,4.87434813051241));
#5621=CARTESIAN_POINT('Ctrl Pts',(-120.43069641259,16.529907253952,4.36394425840143));
#5622=CARTESIAN_POINT('Ctrl Pts',(-120.396470577592,17.0918516918637,3.97921612000176));
#5623=CARTESIAN_POINT('Ctrl Pts',(-120.332276701861,17.9792144820744,3.09185332979108));
#5624=CARTESIAN_POINT('Ctrl Pts',(-120.298128778161,18.3639438991802,2.52990817430889));
#5625=CARTESIAN_POINT('Ctrl Pts',(-120.249977038339,18.8743487239293,1.29813955394642));
#5626=CARTESIAN_POINT('Ctrl Pts',(-120.236656113631,19.,0.628279489485328));
#5627=CARTESIAN_POINT('Ctrl Pts',(-120.236656113631,19.,-0.628279489485328));
#5628=CARTESIAN_POINT('Ctrl Pts',(-120.249977038339,18.8743487239293,-1.29813955394642));
#5629=CARTESIAN_POINT('Ctrl Pts',(-120.298128778161,18.3639438991802,-2.52990817430889));
#5630=CARTESIAN_POINT('Ctrl Pts',(-120.332276701861,17.9792144820744,-3.09185332979108));
#5631=CARTESIAN_POINT('Ctrl Pts',(-120.396470577592,17.0918516918637,-3.97921612000176));
#5632=CARTESIAN_POINT('Ctrl Pts',(-120.43069641259,16.529907253952,-4.36394425840143));
#5633=CARTESIAN_POINT('Ctrl Pts',(-120.479026531902,15.2981410394917,-4.87434813051241));
#5634=CARTESIAN_POINT('Ctrl Pts',(-120.492425685815,14.6282818088931,-5.));
#5635=CARTESIAN_POINT('Ctrl Pts',(-120.492425685815,14.,-5.));
#5636=CARTESIAN_POINT('Origin',(-144.683873781589,41.5600416292139,35.));
#5637=CARTESIAN_POINT('',(-144.683873781589,0.,17.5));
#5638=CARTESIAN_POINT('',(-144.683873781589,56.,17.5));
#5639=CARTESIAN_POINT('Origin',(-169.236656113631,56.,0.));
#5640=CARTESIAN_POINT('',(-169.236656113631,56.,-48.5));
#5641=CARTESIAN_POINT('Origin',(-169.236656113631,56.,0.));
#5642=CARTESIAN_POINT('Origin',(-169.236656113631,4.,0.));
#5643=CARTESIAN_POINT('',(-169.236656113631,4.,-59.625));
#5644=CARTESIAN_POINT('Origin',(-169.236656113631,4.,0.));
#5645=CARTESIAN_POINT('',(-136.908467237544,4.,41.2574346906218));
#5646=CARTESIAN_POINT('Origin',(-136.908467237544,4.,44.4959346906218));
#5647=CARTESIAN_POINT('',(-169.236656113631,4.,-50.));
#5648=CARTESIAN_POINT('Origin',(-169.236656113631,4.,0.));
#5649=CARTESIAN_POINT('',(-116.928547717397,4.,-20.2344346906227));
#5650=CARTESIAN_POINT('Origin',(-116.928547717397,4.,-16.9959346906227));
#5651=CARTESIAN_POINT('',(-201.564844989716,4.,41.2574346906223));
#5652=CARTESIAN_POINT('Origin',(-201.564844989716,4.,44.4959346906223));
#5653=CARTESIAN_POINT('',(-221.544764509864,4.,-20.234434690622));
#5654=CARTESIAN_POINT('Origin',(-221.544764509864,4.,-16.995934690622));
#5655=CARTESIAN_POINT('',(-169.236656113631,4.,-58.2385));
#5656=CARTESIAN_POINT('Origin',(-169.236656113631,4.,-55.));
#5657=CARTESIAN_POINT('Origin',(-169.236656113631,0.,0.));
#5658=CARTESIAN_POINT('',(-169.236656113631,0.,-60.125));
#5659=CARTESIAN_POINT('Origin',(-169.236656113631,0.,0.));
#5660=CARTESIAN_POINT('',(-136.908467237544,0.,42.8639846906218));
#5661=CARTESIAN_POINT('Origin',(-136.908467237544,0.,44.4959346906218));
#5662=CARTESIAN_POINT('',(-116.928547717397,0.,-18.6278846906227));
#5663=CARTESIAN_POINT('Origin',(-116.928547717397,0.,-16.9959346906227));
#5664=CARTESIAN_POINT('',(-201.564844989716,0.,42.8639846906223));
#5665=CARTESIAN_POINT('Origin',(-201.564844989716,0.,44.4959346906223));
#5666=CARTESIAN_POINT('',(-221.544764509864,0.,-18.627884690622));
#5667=CARTESIAN_POINT('Origin',(-221.544764509864,0.,-16.995934690622));
#5668=CARTESIAN_POINT('',(-169.236656113631,0.,-56.63195));
#5669=CARTESIAN_POINT('Origin',(-169.236656113631,0.,-55.));
#5670=CARTESIAN_POINT('Origin',(-169.236656113631,4.,0.));
#5671=CARTESIAN_POINT('',(-169.236656113631,0.5,60.625));
#5672=CARTESIAN_POINT('',(-169.236656113631,0.5,-60.625));
#5673=CARTESIAN_POINT('Origin',(-169.236656113631,0.5,0.));
#5674=CARTESIAN_POINT('Origin',(-169.236656113631,0.5,0.));
#5675=CARTESIAN_POINT('',(-169.236656113631,3.,60.625));
#5676=CARTESIAN_POINT('',(-169.236656113631,4.,60.625));
#5677=CARTESIAN_POINT('',(-169.236656113631,3.,-60.625));
#5678=CARTESIAN_POINT('Origin',(-169.236656113631,3.,0.));
#5679=CARTESIAN_POINT('Origin',(-169.236656113631,3.,0.));
#5680=CARTESIAN_POINT('Origin',(-169.236656113631,4.,-55.));
#5681=CARTESIAN_POINT('',(-169.236656113631,2.15187563537909,-56.63195));
#5682=CARTESIAN_POINT('',(-169.236656113631,4.,-56.63195));
#5683=CARTESIAN_POINT('Origin',(-169.236656113631,2.15187563537909,-55.));
#5684=CARTESIAN_POINT('Origin',(-169.236656113631,4.,-55.));
#5685=CARTESIAN_POINT('',(-169.236656113631,4.,-58.2385));
#5686=CARTESIAN_POINT('Origin',(-221.544764509864,4.,-16.995934690622));
#5687=CARTESIAN_POINT('',(-221.544764509864,2.15187563537909,-18.627884690622));
#5688=CARTESIAN_POINT('',(-221.544764509864,4.,-18.627884690622));
#5689=CARTESIAN_POINT('Origin',(-221.544764509864,2.15187563537909,-16.995934690622));
#5690=CARTESIAN_POINT('Origin',(-221.544764509864,4.,-16.995934690622));
#5691=CARTESIAN_POINT('',(-221.544764509864,4.,-20.234434690622));
#5692=CARTESIAN_POINT('Origin',(-201.564844989716,4.,44.4959346906223));
#5693=CARTESIAN_POINT('',(-201.564844989716,2.15187563537909,42.8639846906223));
#5694=CARTESIAN_POINT('',(-201.564844989716,4.,42.8639846906223));
#5695=CARTESIAN_POINT('Origin',(-201.564844989716,2.15187563537909,44.4959346906223));
#5696=CARTESIAN_POINT('Origin',(-201.564844989716,4.,44.4959346906223));
#5697=CARTESIAN_POINT('',(-201.564844989716,4.,41.2574346906223));
#5698=CARTESIAN_POINT('Origin',(-136.908467237544,4.,44.4959346906218));
#5699=CARTESIAN_POINT('',(-136.908467237544,2.15187563537909,42.8639846906218));
#5700=CARTESIAN_POINT('',(-136.908467237544,4.,42.8639846906218));
#5701=CARTESIAN_POINT('Origin',(-136.908467237544,2.15187563537909,44.4959346906218));
#5702=CARTESIAN_POINT('Origin',(-136.908467237544,4.,44.4959346906218));
#5703=CARTESIAN_POINT('',(-136.908467237544,4.,41.2574346906218));
#5704=CARTESIAN_POINT('Origin',(-116.928547717397,4.,-16.9959346906227));
#5705=CARTESIAN_POINT('',(-116.928547717397,2.15187563537909,-18.6278846906227));
#5706=CARTESIAN_POINT('',(-116.928547717397,4.,-18.6278846906227));
#5707=CARTESIAN_POINT('Origin',(-116.928547717397,2.15187563537909,-16.9959346906227));
#5708=CARTESIAN_POINT('Origin',(-116.928547717397,4.,-16.9959346906227));
#5709=CARTESIAN_POINT('',(-116.928547717397,4.,-20.2344346906227));
#5710=CARTESIAN_POINT('Origin',(-134.,14.,0.));
#5711=CARTESIAN_POINT('',(-134.,14.,5.));
#5712=CARTESIAN_POINT('Origin',(0.,22.,0.));
#5713=CARTESIAN_POINT('',(-210.986656113631,22.,12.5));
#5714=CARTESIAN_POINT('',(-211.423739444906,22.,12.5));
#5715=CARTESIAN_POINT('',(-211.423739444906,22.,12.5));
#5716=CARTESIAN_POINT('',(-211.423739444906,22.,-12.5));
#5717=CARTESIAN_POINT('Origin',(-169.236656113631,22.,0.));
#5718=CARTESIAN_POINT('',(-210.986656113631,22.,-12.5));
#5719=CARTESIAN_POINT('',(-210.986656113631,22.,-12.5));
#5720=CARTESIAN_POINT('',(-210.986656113631,22.,12.5));
#5721=CARTESIAN_POINT('Origin',(0.,38.,0.));
#5722=CARTESIAN_POINT('',(-201.48665611363,38.,-12.5));
#5723=CARTESIAN_POINT('',(-211.423739444906,38.,-12.5));
#5724=CARTESIAN_POINT('',(-201.48665611363,38.,-12.5));
#5725=CARTESIAN_POINT('',(-211.423739444906,38.,12.5));
#5726=CARTESIAN_POINT('Origin',(-169.236656113631,38.,0.));
#5727=CARTESIAN_POINT('',(-201.48665611363,38.,12.5));
#5728=CARTESIAN_POINT('',(-211.423739444906,38.,12.5));
#5729=CARTESIAN_POINT('',(-201.48665611363,38.,12.5));
#5730=CARTESIAN_POINT('',(-203.48665611363,38.,-6.3));
#5731=CARTESIAN_POINT('Origin',(-203.48665611363,38.,-5.));
#5732=CARTESIAN_POINT('',(-203.48665611363,38.,3.7));
#5733=CARTESIAN_POINT('Origin',(-203.48665611363,38.,5.));
#5734=CARTESIAN_POINT('Origin',(0.,22.,-13.));
#5735=CARTESIAN_POINT('',(-201.48665611363,32.,-13.));
#5736=CARTESIAN_POINT('',(-210.949963342859,22.5000708612868,-13.));
#5737=CARTESIAN_POINT('Origin',(-210.986656113631,32.,-13.));
#5738=CARTESIAN_POINT('',(-210.949963342859,37.5,-13.));
#5739=CARTESIAN_POINT('',(-210.949963342859,22.5000708612868,-13.));
#5740=CARTESIAN_POINT('',(-201.48665611363,37.5,-13.));
#5741=CARTESIAN_POINT('',(-201.48665611363,37.5,-13.));
#5742=CARTESIAN_POINT('',(-201.48665611363,32.,-13.));
#5743=CARTESIAN_POINT('Origin',(-200.98665611363,22.,0.));
#5744=CARTESIAN_POINT('',(-200.98665611363,37.5,-12.5));
#5745=CARTESIAN_POINT('',(-200.98665611363,37.5,12.5));
#5746=CARTESIAN_POINT('',(-200.98665611363,37.5,12.5));
#5747=CARTESIAN_POINT('',(-200.98665611363,32.,12.5));
#5748=CARTESIAN_POINT('',(-200.98665611363,32.,12.5));
#5749=CARTESIAN_POINT('',(-200.98665611363,32.,-12.5));
#5750=CARTESIAN_POINT('',(-200.98665611363,32.,12.5));
#5751=CARTESIAN_POINT('',(-200.98665611363,32.,-12.5));
#5752=CARTESIAN_POINT('Origin',(0.,22.,13.));
#5753=CARTESIAN_POINT('',(-201.48665611363,37.5,13.));
#5754=CARTESIAN_POINT('',(-210.949963342859,37.5,13.));
#5755=CARTESIAN_POINT('',(-210.949963342859,37.5,13.));
#5756=CARTESIAN_POINT('',(-210.949963342859,22.5000708612868,13.));
#5757=CARTESIAN_POINT('',(-210.949963342859,22.5000708612868,13.));
#5758=CARTESIAN_POINT('',(-201.48665611363,32.,13.));
#5759=CARTESIAN_POINT('Origin',(-210.986656113631,32.,13.));
#5760=CARTESIAN_POINT('',(-201.48665611363,32.,13.));
#5761=CARTESIAN_POINT('Origin',(-210.986656113631,32.,0.));
#5762=CARTESIAN_POINT('Origin',(-210.986656113631,32.,12.5));
#5763=CARTESIAN_POINT('Origin',(-210.986656113631,32.,-12.5));
#5764=CARTESIAN_POINT('Origin',(-203.48665611363,30.8,5.));
#5765=CARTESIAN_POINT('',(-203.48665611363,30.8,3.7));
#5766=CARTESIAN_POINT('Origin',(-203.48665611363,30.8,5.));
#5767=CARTESIAN_POINT('',(-203.48665611363,30.8,3.7));
#5768=CARTESIAN_POINT('Origin',(-203.48665611363,30.8,5.));
#5769=CARTESIAN_POINT('Origin',(-203.48665611363,30.8,-5.));
#5770=CARTESIAN_POINT('',(-203.48665611363,30.8,-6.3));
#5771=CARTESIAN_POINT('Origin',(-203.48665611363,30.8,-5.));
#5772=CARTESIAN_POINT('',(-203.48665611363,30.8,-6.3));
#5773=CARTESIAN_POINT('Origin',(-203.48665611363,30.8,-5.));
#5774=CARTESIAN_POINT('Origin',(-169.236656113631,5.,0.));
#5775=CARTESIAN_POINT('Origin',(-169.236656113631,5.,-50.));
#5776=CARTESIAN_POINT('Origin',(-169.236656113631,0.5,0.));
#5777=CARTESIAN_POINT('Origin',(-169.236656113631,0.5,-60.125));
#5778=CARTESIAN_POINT('Origin',(-169.236656113631,3.,0.));
#5779=CARTESIAN_POINT('Origin',(-169.236656113631,3.,-59.625));
#5780=CARTESIAN_POINT('Origin',(0.,22.5,-12.5));
#5781=CARTESIAN_POINT('',(-210.986656113631,22.3122177451209,-12.9633981276964));
#5782=CARTESIAN_POINT('Ctrl Pts',(-211.423739444906,22.,-12.5));
#5783=CARTESIAN_POINT('Ctrl Pts',(-211.403667777254,22.,-12.5225804030891));
#5784=CARTESIAN_POINT('Ctrl Pts',(-211.383722793722,22.00147902277,-12.5448235569829));
#5785=CARTESIAN_POINT('Ctrl Pts',(-211.363821019013,22.0044361769866,-12.5668331666611));
#5786=CARTESIAN_POINT('Ctrl Pts',(-211.343974196905,22.0073851659356,-12.588782003603));
#5787=CARTESIAN_POINT('Ctrl Pts',(-211.324170316676,22.0118041221601,-12.6104985438303));
#5788=CARTESIAN_POINT('Ctrl Pts',(-211.304328645321,22.0177431214966,-12.6320768322842));
#5789=CARTESIAN_POINT('Ctrl Pts',(-211.300593871087,22.0188610122883,-12.6361384878927));
#5790=CARTESIAN_POINT('Ctrl Pts',(-211.296857764497,22.0200329045587,-12.6401952210374));
#5791=CARTESIAN_POINT('Ctrl Pts',(-211.293119796643,22.0212593366489,-12.6442476255371));
#5792=CARTESIAN_POINT('Ctrl Pts',(-211.276243657354,22.0267964197888,-12.6625433801987));
#5793=CARTESIAN_POINT('Ctrl Pts',(-211.259327246877,22.0334438390826,-12.6807535573172));
#5794=CARTESIAN_POINT('Ctrl Pts',(-211.242640488757,22.041149514602,-12.6985978246486));
#5795=CARTESIAN_POINT('Ctrl Pts',(-211.238124148056,22.0432350878287,-12.7034274500465));
#5796=CARTESIAN_POINT('Ctrl Pts',(-211.233624807255,22.0453982767785,-12.7082300709923));
#5797=CARTESIAN_POINT('Ctrl Pts',(-211.22914827022,22.0476382414617,-12.7129996240027));
#5798=CARTESIAN_POINT('Ctrl Pts',(-211.212635125882,22.0559010704828,-12.7305936518592));
#5799=CARTESIAN_POINT('Ctrl Pts',(-211.19643250114,22.0652058722243,-12.7477374900853));
#5800=CARTESIAN_POINT('Ctrl Pts',(-211.1804305874,22.0757126674595,-12.7645604026721));
#5801=CARTESIAN_POINT('Ctrl Pts',(-211.176508099596,22.0782881579186,-12.7686841387773));
#5802=CARTESIAN_POINT('Ctrl Pts',(-211.17260459641,22.0809316467177,-12.7727815782838));
#5803=CARTESIAN_POINT('Ctrl Pts',(-211.168717594694,22.0836456169048,-12.7768556083341));
#5804=CARTESIAN_POINT('Ctrl Pts',(-211.155113029832,22.0931445536535,-12.7911147751973));
#5805=CARTESIAN_POINT('Ctrl Pts',(-211.141708260676,22.103505715565,-12.8050897146175));
#5806=CARTESIAN_POINT('Ctrl Pts',(-211.128665779749,22.1146857677077,-12.8186227337093));
#5807=CARTESIAN_POINT('Ctrl Pts',(-211.123176458549,22.1193912296193,-12.8243185126798));
#5808=CARTESIAN_POINT('Ctrl Pts',(-211.117751677713,22.124241942774,-12.8299356156084));
#5809=CARTESIAN_POINT('Ctrl Pts',(-211.112405485636,22.1292353395187,-12.8354602309789));
#5810=CARTESIAN_POINT('Ctrl Pts',(-211.099044875238,22.141714282942,-12.8492667370846));
#5811=CARTESIAN_POINT('Ctrl Pts',(-211.086173136827,22.1550825886386,-12.8624975216798));
#5812=CARTESIAN_POINT('Ctrl Pts',(-211.073828556946,22.1694247491198,-12.8751306675707));
#5813=CARTESIAN_POINT('Ctrl Pts',(-211.069996433376,22.1738769809293,-12.8790523705849));
#5814=CARTESIAN_POINT('Ctrl Pts',(-211.066215349361,22.1784232229911,-12.8829162451406));
#5815=CARTESIAN_POINT('Ctrl Pts',(-211.062487125847,22.1830664345031,-12.8867209783086));
#5816=CARTESIAN_POINT('Ctrl Pts',(-211.051790334435,22.1963884536478,-12.8976372865517));
#5817=CARTESIAN_POINT('Ctrl Pts',(-211.041526116826,22.2105076169269,-12.9080692317584));
#5818=CARTESIAN_POINT('Ctrl Pts',(-211.031796755731,22.2255132971704,-12.9179242064766));
#5819=CARTESIAN_POINT('Ctrl Pts',(-211.027813183066,22.231657196759,-12.9219592101642));
#5820=CARTESIAN_POINT('Ctrl Pts',(-211.023919672319,22.2379498845237,-12.9258971064383));
#5821=CARTESIAN_POINT('Ctrl Pts',(-211.020125034371,22.2443982092559,-12.929729827413));
#5822=CARTESIAN_POINT('Ctrl Pts',(-211.012514700523,22.2573306430341,-12.9374165386526));
#5823=CARTESIAN_POINT('Ctrl Pts',(-211.005299969571,22.2708911243341,-12.9446822172288));
#5824=CARTESIAN_POINT('Ctrl Pts',(-210.998614160361,22.2849866415118,-12.9514000653641));
#5825=CARTESIAN_POINT('Ctrl Pts',(-210.994404587416,22.2938615743577,-12.9556298109149));
#5826=CARTESIAN_POINT('Ctrl Pts',(-210.990405253646,22.3029482032825,-12.9596418426274));
#5827=CARTESIAN_POINT('Ctrl Pts',(-210.986656113631,22.3122177451209,-12.9633981276965));
#5828=CARTESIAN_POINT('Origin',(-210.986656113631,22.5,-12.5));
#5829=CARTESIAN_POINT('Origin',(-210.986656113631,32.,-12.5));
#5830=CARTESIAN_POINT('Ctrl Pts',(-210.986656113631,22.3122177451209,-12.9633981276964));
#5831=CARTESIAN_POINT('Ctrl Pts',(-210.97961145216,22.3303105051796,-12.9707298346623));
#5832=CARTESIAN_POINT('Ctrl Pts',(-210.973395397697,22.349044545761,-12.9771003267587));
#5833=CARTESIAN_POINT('Ctrl Pts',(-210.968186376125,22.3682942567903,-12.9823646788208));
#5834=CARTESIAN_POINT('Ctrl Pts',(-210.963085434198,22.3871445642222,-12.9875198032094));
#5835=CARTESIAN_POINT('Ctrl Pts',(-210.958950578243,22.4064889928872,-12.9916140727212));
#5836=CARTESIAN_POINT('Ctrl Pts',(-210.955921703422,22.4261914221777,-12.9945482640216));
#5837=CARTESIAN_POINT('Ctrl Pts',(-210.952972429851,22.4453760558823,-12.9974053424299));
#5838=CARTESIAN_POINT('Ctrl Pts',(-210.95107205811,22.4648997458738,-12.9991624878551));
#5839=CARTESIAN_POINT('Ctrl Pts',(-210.950318218696,22.4846249030254,-12.9997645747706));
#5840=CARTESIAN_POINT('Ctrl Pts',(-210.950121939909,22.4897607845445,-12.9999213414335));
#5841=CARTESIAN_POINT('Ctrl Pts',(-210.950003206486,22.4949102765179,-13.));
#5842=CARTESIAN_POINT('Ctrl Pts',(-210.949963342859,22.5000708612868,-13.));
#5843=CARTESIAN_POINT('Origin',(-201.48665611363,32.,-12.5));
#5844=CARTESIAN_POINT('Origin',(0.,37.5,-12.5));
#5845=CARTESIAN_POINT('Ctrl Pts',(-210.949963342859,37.5,-13.));
#5846=CARTESIAN_POINT('Ctrl Pts',(-210.949963344497,37.5201735570699,-13.));
#5847=CARTESIAN_POINT('Ctrl Pts',(-210.951187574675,37.5400593970742,-12.9988021879179));
#5848=CARTESIAN_POINT('Ctrl Pts',(-210.953575021519,37.5596257965174,-12.9964515408066));
#5849=CARTESIAN_POINT('Ctrl Pts',(-210.955221141175,37.5731166245134,-12.9948307941817));
#5850=CARTESIAN_POINT('Ctrl Pts',(-210.957419441949,37.5864557698337,-12.9926628106637));
#5851=CARTESIAN_POINT('Ctrl Pts',(-210.96013984461,37.5996342370998,-12.9899724716598));
#5852=CARTESIAN_POINT('Ctrl Pts',(-210.964080087901,37.618721987593,-12.9860757727031));
#5853=CARTESIAN_POINT('Ctrl Pts',(-210.969116270141,37.6374697645853,-12.9810825125293));
#5854=CARTESIAN_POINT('Ctrl Pts',(-210.975072268452,37.6556138908861,-12.9751455682436));
#5855=CARTESIAN_POINT('Ctrl Pts',(-210.979521571002,37.6691680766334,-12.9707104996001));
#5856=CARTESIAN_POINT('Ctrl Pts',(-210.984483576542,37.6823859636772,-12.965749420828));
#5857=CARTESIAN_POINT('Ctrl Pts',(-210.989877493246,37.6951733627858,-12.9603339779842));
#5858=CARTESIAN_POINT('Ctrl Pts',(-210.9934131623,37.7035554001436,-12.9567841987178));
#5859=CARTESIAN_POINT('Ctrl Pts',(-210.997134261353,37.7117528757843,-12.953039346368));
#5860=CARTESIAN_POINT('Ctrl Pts',(-211.001013963005,37.7197552974612,-12.9491232125898));
#5861=CARTESIAN_POINT('Ctrl Pts',(-211.009739864274,37.7377536766447,-12.940315371224));
#5862=CARTESIAN_POINT('Ctrl Pts',(-211.019341635258,37.7548380371698,-12.9306089610312));
#5863=CARTESIAN_POINT('Ctrl Pts',(-211.029632549947,37.7710135520182,-12.920172063787));
#5864=CARTESIAN_POINT('Ctrl Pts',(-211.040541736519,37.7881608819406,-12.9091081241171));
#5865=CARTESIAN_POINT('Ctrl Pts',(-211.052225499751,37.8042871764848,-12.8972232108955));
#5866=CARTESIAN_POINT('Ctrl Pts',(-211.064505838361,37.8194039942405,-12.8846762735238));
#5867=CARTESIAN_POINT('Ctrl Pts',(-211.075415131708,37.8328330864338,-12.8735301459836));
#5868=CARTESIAN_POINT('Ctrl Pts',(-211.086796100998,37.8454657503519,-12.8618607724825));
#5869=CARTESIAN_POINT('Ctrl Pts',(-211.098548863985,37.8573104492126,-12.8497559762406));
#5870=CARTESIAN_POINT('Ctrl Pts',(-211.105602727977,37.8644194919873,-12.8424908262122));
#5871=CARTESIAN_POINT('Ctrl Pts',(-211.112790934364,37.8712447148788,-12.8350684377799));
#5872=CARTESIAN_POINT('Ctrl Pts',(-211.120093511941,37.8777926209611,-12.8275070828503));
#5873=CARTESIAN_POINT('Ctrl Pts',(-211.134595399601,37.8907958376195,-12.8124912999199));
#5874=CARTESIAN_POINT('Ctrl Pts',(-211.149518036172,37.902686445181,-12.7969531978555));
#5875=CARTESIAN_POINT('Ctrl Pts',(-211.164742444784,37.9135196141979,-12.7810049236249));
#5876=CARTESIAN_POINT('Ctrl Pts',(-211.181074944029,37.925141262651,-12.7638958730549));
#5877=CARTESIAN_POINT('Ctrl Pts',(-211.197755180742,37.9355464548755,-12.746314439678));
#5878=CARTESIAN_POINT('Ctrl Pts',(-211.214675439186,37.9447778010757,-12.728358324756));
#5879=CARTESIAN_POINT('Ctrl Pts',(-211.227043742624,37.9515256939239,-12.7152328350564));
#5880=CARTESIAN_POINT('Ctrl Pts',(-211.239541179845,37.9576458416674,-12.7019062314344));
#5881=CARTESIAN_POINT('Ctrl Pts',(-211.252135185669,37.9631448121486,-12.688406164946));
#5882=CARTESIAN_POINT('Ctrl Pts',(-211.257290051113,37.9653956013977,-12.6828804388817));
#5883=CARTESIAN_POINT('Ctrl Pts',(-211.262461171016,37.967542218177,-12.6773255645063));
#5884=CARTESIAN_POINT('Ctrl Pts',(-211.267647392512,37.9695856166411,-12.6717427517007));
#5885=CARTESIAN_POINT('Ctrl Pts',(-211.288643412117,37.9778581584621,-12.6491411626201));
#5886=CARTESIAN_POINT('Ctrl Pts',(-211.309850428725,37.9844317467237,-12.6261122326061));
#5887=CARTESIAN_POINT('Ctrl Pts',(-211.331146899977,37.9893299617736,-12.6027795996799));
#5888=CARTESIAN_POINT('Ctrl Pts',(-211.35290916443,37.994335309843,-12.5789366389323));
#5889=CARTESIAN_POINT('Ctrl Pts',(-211.374765759621,37.9975915471169,-12.5547756530081));
#5890=CARTESIAN_POINT('Ctrl Pts',(-211.396598602759,37.999075060698,-12.5304102048126));
#5891=CARTESIAN_POINT('Ctrl Pts',(-211.40565239151,37.9996902539867,-12.5203061785349));
#5892=CARTESIAN_POINT('Ctrl Pts',(-211.414702151251,38.,-12.5101668549471));
#5893=CARTESIAN_POINT('Ctrl Pts',(-211.423739444906,38.,-12.5));
#5894=CARTESIAN_POINT('Origin',(-201.48665611363,37.5,-12.5));
#5895=CARTESIAN_POINT('Origin',(-201.48665611363,22.,-12.5));
#5896=CARTESIAN_POINT('Origin',(-201.48665611363,37.5,-12.5));
#5897=CARTESIAN_POINT('Origin',(-201.48665611363,37.5,-12.5));
#5898=CARTESIAN_POINT('Origin',(-201.48665611363,37.5,-12.5));
#5899=CARTESIAN_POINT('Origin',(0.,37.5,12.5));
#5900=CARTESIAN_POINT('Ctrl Pts',(-211.423739444906,38.,12.5));
#5901=CARTESIAN_POINT('Ctrl Pts',(-211.394950557571,38.,12.5323871783744));
#5902=CARTESIAN_POINT('Ctrl Pts',(-211.366364780886,37.996936491889,12.5641418353589));
#5903=CARTESIAN_POINT('Ctrl Pts',(-211.337661423485,37.9907674386462,12.5956416288297));
#5904=CARTESIAN_POINT('Ctrl Pts',(-211.314384992942,37.9857647646624,12.621185774923));
#5905=CARTESIAN_POINT('Ctrl Pts',(-211.291029676374,37.9787184936064,12.6465638382054));
#5906=CARTESIAN_POINT('Ctrl Pts',(-211.268088564472,37.9697343036858,12.6712681266592));
#5907=CARTESIAN_POINT('Ctrl Pts',(-211.262872738328,37.9676916837432,12.6768848236245));
#5908=CARTESIAN_POINT('Ctrl Pts',(-211.257669750985,37.9655454253595,12.6824759519846));
#5909=CARTESIAN_POINT('Ctrl Pts',(-211.252485478147,37.9632955205611,12.6880352644114));
#5910=CARTESIAN_POINT('Ctrl Pts',(-211.230747433376,37.9538615010264,12.7113458782973));
#5911=CARTESIAN_POINT('Ctrl Pts',(-211.209336774873,37.9426082795054,12.7340987003891));
#5912=CARTESIAN_POINT('Ctrl Pts',(-211.188326022535,37.9293704834861,12.7562424260894));
#5913=CARTESIAN_POINT('Ctrl Pts',(-211.182849953803,37.925920293807,12.7620137836293));
#5914=CARTESIAN_POINT('Ctrl Pts',(-211.17740117939,37.9223350896095,12.7677436403192));
#5915=CARTESIAN_POINT('Ctrl Pts',(-211.171981269653,37.9186115024268,12.7734308142892));
#5916=CARTESIAN_POINT('Ctrl Pts',(-211.156176459274,37.9077532792824,12.7900149846061));
#5917=CARTESIAN_POINT('Ctrl Pts',(-211.140614234916,37.8957175612485,12.8062390244216));
#5918=CARTESIAN_POINT('Ctrl Pts',(-211.125542069658,37.8825844645981,12.821862588389));
#5919=CARTESIAN_POINT('Ctrl Pts',(-211.123889213447,37.8811442521273,12.8235759125396));
#5920=CARTESIAN_POINT('Ctrl Pts',(-211.122242287338,37.8796908510384,12.8252819794154));
#5921=CARTESIAN_POINT('Ctrl Pts',(-211.120601645659,37.878224373664,12.8269804446476));
#5922=CARTESIAN_POINT('Ctrl Pts',(-211.113212359977,37.8716195065543,12.8346301618172));
#5923=CARTESIAN_POINT('Ctrl Pts',(-211.105919288625,37.8647195663425,12.8421601073846));
#5924=CARTESIAN_POINT('Ctrl Pts',(-211.098767744511,37.8575364929938,12.849524900661));
#5925=CARTESIAN_POINT('Ctrl Pts',(-211.08360546436,37.842307366427,12.865139299053));
#5926=CARTESIAN_POINT('Ctrl Pts',(-211.069080723183,37.8258056647717,12.8800093059088));
#5927=CARTESIAN_POINT('Ctrl Pts',(-211.055394019761,37.807946478294,12.8939530528694));
#5928=CARTESIAN_POINT('Ctrl Pts',(-211.04914473896,37.7997920624537,12.9003196984739));
#5929=CARTESIAN_POINT('Ctrl Pts',(-211.043088087061,37.7913793045487,12.9064751558487));
#5930=CARTESIAN_POINT('Ctrl Pts',(-211.037224758883,37.7826769544896,12.9124242226193));
#5931=CARTESIAN_POINT('Ctrl Pts',(-211.028859906006,37.7702618421629,12.9209113935206));
#5932=CARTESIAN_POINT('Ctrl Pts',(-211.020886658623,37.7572567380384,12.9289803634672));
#5933=CARTESIAN_POINT('Ctrl Pts',(-211.013388687612,37.7436711761116,12.9365610429344));
#5934=CARTESIAN_POINT('Ctrl Pts',(-211.009202559912,37.7360863378915,12.9407933468809));
#5935=CARTESIAN_POINT('Ctrl Pts',(-211.005165147162,37.7283205047822,12.9448728704182));
#5936=CARTESIAN_POINT('Ctrl Pts',(-211.001296124671,37.7203757018573,12.9487823113521));
#5937=CARTESIAN_POINT('Ctrl Pts',(-210.997360410424,37.7122939514597,12.9527591407488));
#5938=CARTESIAN_POINT('Ctrl Pts',(-210.993592571346,37.7040031961851,12.9565710186507));
#5939=CARTESIAN_POINT('Ctrl Pts',(-210.990025702334,37.6955385024706,12.96017899333));
#5940=CARTESIAN_POINT('Ctrl Pts',(-210.983897874304,37.6809962842859,12.9663774402864));
#5941=CARTESIAN_POINT('Ctrl Pts',(-210.97836556963,37.6659408555134,12.9719715384451));
#5942=CARTESIAN_POINT('Ctrl Pts',(-210.973505170572,37.6504565181027,12.9768566222833));
#5943=CARTESIAN_POINT('Ctrl Pts',(-210.969940210107,37.6390992097744,12.9804396883125));
#5944=CARTESIAN_POINT('Ctrl Pts',(-210.966736073255,37.6275114003816,12.9836420701522));
#5945=CARTESIAN_POINT('Ctrl Pts',(-210.963910952407,37.6157297017716,12.9864353676493));
#5946=CARTESIAN_POINT('Ctrl Pts',(-210.962700584847,37.6106820643215,12.987632101119));
#5947=CARTESIAN_POINT('Ctrl Pts',(-210.961562921864,37.6056043793259,12.9887526211657));
#5948=CARTESIAN_POINT('Ctrl Pts',(-210.960499741326,37.6004959056425,12.989796498881));
#5949=CARTESIAN_POINT('Ctrl Pts',(-210.95617877989,37.5797341281369,12.9940390100911));
#5950=CARTESIAN_POINT('Ctrl Pts',(-210.953085676065,37.5584620691386,12.9970181656968));
#5951=CARTESIAN_POINT('Ctrl Pts',(-210.951408929427,37.5369035031628,12.9986227994311));
#5952=CARTESIAN_POINT('Ctrl Pts',(-210.950458164061,37.5246791530973,12.9995326746295));
#5953=CARTESIAN_POINT('Ctrl Pts',(-210.94996334339,37.5123630429649,13.));
#5954=CARTESIAN_POINT('Ctrl Pts',(-210.949963342859,37.5,13.));
#5955=CARTESIAN_POINT('Origin',(-201.48665611363,37.5,12.5));
#5956=CARTESIAN_POINT('Origin',(-201.48665611363,37.5,0.));
#5957=CARTESIAN_POINT('Origin',(-201.48665611363,37.5,12.5));
#5958=CARTESIAN_POINT('Origin',(-201.48665611363,37.5,12.5));
#5959=CARTESIAN_POINT('Origin',(-201.48665611363,37.5,12.5));
#5960=CARTESIAN_POINT('Origin',(-201.48665611363,22.,12.5));
#5961=CARTESIAN_POINT('Origin',(-201.48665611363,32.,12.5));
#5962=CARTESIAN_POINT('Origin',(-210.986656113631,32.,12.5));
#5963=CARTESIAN_POINT('',(-210.986656113631,22.3122177451209,12.9633981276964));
#5964=CARTESIAN_POINT('Ctrl Pts',(-210.949963342859,22.5000708612868,13.));
#5965=CARTESIAN_POINT('Ctrl Pts',(-210.950123686516,22.4793134164474,13.));
#5966=CARTESIAN_POINT('Ctrl Pts',(-210.951562706604,22.45875667156,12.9987243675492));
#5967=CARTESIAN_POINT('Ctrl Pts',(-210.954173888798,22.4385469668108,12.9962303541002));
#5968=CARTESIAN_POINT('Ctrl Pts',(-210.956835353915,22.4179480885143,12.9936883140189));
#5969=CARTESIAN_POINT('Ctrl Pts',(-210.960714194594,22.3977101473355,12.9898805985283));
#5970=CARTESIAN_POINT('Ctrl Pts',(-210.965662861858,22.3779752408741,12.9849078780384));
#5971=CARTESIAN_POINT('Ctrl Pts',(-210.970751752647,22.3576811337228,12.9797942524607));
#5972=CARTESIAN_POINT('Ctrl Pts',(-210.976971541585,22.3379194188398,12.9734487646866));
#5973=CARTESIAN_POINT('Ctrl Pts',(-210.984131330787,22.3188245280792,12.9660215340984));
#5974=CARTESIAN_POINT('Ctrl Pts',(-210.984960453752,22.3166132880551,12.9651614406969));
#5975=CARTESIAN_POINT('Ctrl Pts',(-210.985802153945,22.3144109644479,12.964286883274));
#5976=CARTESIAN_POINT('Ctrl Pts',(-210.986656113631,22.3122177451209,12.9633981276964));
#5977=CARTESIAN_POINT('Origin',(-210.986656113631,22.5,12.5));
#5978=CARTESIAN_POINT('Origin',(0.,22.5,12.5));
#5979=CARTESIAN_POINT('Ctrl Pts',(-210.98665611363,22.3122177451208,12.9633981276965));
#5980=CARTESIAN_POINT('Ctrl Pts',(-210.992610645172,22.2974954944167,12.957432248102));
#5981=CARTESIAN_POINT('Ctrl Pts',(-210.999194557052,22.2832361364876,12.950822901821));
#5982=CARTESIAN_POINT('Ctrl Pts',(-211.006254174379,22.2695494696914,12.9437163567637));
#5983=CARTESIAN_POINT('Ctrl Pts',(-211.010699107385,22.2609319605315,12.9392418767433));
#5984=CARTESIAN_POINT('Ctrl Pts',(-211.015333354798,22.2525408321686,12.9345695963333));
#5985=CARTESIAN_POINT('Ctrl Pts',(-211.020125034371,22.2443982092559,12.929729827413));
#5986=CARTESIAN_POINT('Ctrl Pts',(-211.029392946849,22.2286490099727,12.9203689020667));
#5987=CARTESIAN_POINT('Ctrl Pts',(-211.039248007931,22.2138271903875,12.9103831084604));
#5988=CARTESIAN_POINT('Ctrl Pts',(-211.049573170358,22.1998373180072,12.8998792060774));
#5989=CARTESIAN_POINT('Ctrl Pts',(-211.053800686889,22.1941093290128,12.8955785065705));
#5990=CARTESIAN_POINT('Ctrl Pts',(-211.058107450194,22.188520978829,12.8911905325511));
#5991=CARTESIAN_POINT('Ctrl Pts',(-211.062487125847,22.1830664345031,12.8867209783086));
#5992=CARTESIAN_POINT('Ctrl Pts',(-211.074497008136,22.1681090631186,12.8744646322721));
#5993=CARTESIAN_POINT('Ctrl Pts',(-211.087052790899,22.1541563022903,12.8615971247292));
#5994=CARTESIAN_POINT('Ctrl Pts',(-211.10010574722,22.1411167428972,12.848150611591));
#5995=CARTESIAN_POINT('Ctrl Pts',(-211.104157771835,22.1370688770859,12.8439764152725));
#5996=CARTESIAN_POINT('Ctrl Pts',(-211.108257956074,22.1331091735134,12.8397461797877));
#5997=CARTESIAN_POINT('Ctrl Pts',(-211.112405485636,22.1292353395187,12.8354602309789));
#5998=CARTESIAN_POINT('Ctrl Pts',(-211.125107895584,22.117371161883,12.8223338920406));
#5999=CARTESIAN_POINT('Ctrl Pts',(-211.138251271018,22.1063117057322,12.8086882775577));
#6000=CARTESIAN_POINT('Ctrl Pts',(-211.151658659884,22.0960945662478,12.794696522985));
#6001=CARTESIAN_POINT('Ctrl Pts',(-211.157301563588,22.0917943751508,12.7888076713611));
#6002=CARTESIAN_POINT('Ctrl Pts',(-211.162991703529,22.0876435307338,12.7828570084803));
#6003=CARTESIAN_POINT('Ctrl Pts',(-211.168717594694,22.0836456169048,12.7768556083341));
#6004=CARTESIAN_POINT('Ctrl Pts',(-211.17260459641,22.0809316467177,12.7727815782838));
#6005=CARTESIAN_POINT('Ctrl Pts',(-211.176508099596,22.0782881579186,12.7686841387773));
#6006=CARTESIAN_POINT('Ctrl Pts',(-211.1804305874,22.0757126674595,12.7645604026721));
#6007=CARTESIAN_POINT('Ctrl Pts',(-211.19643250114,22.0652058722243,12.7477374900854));
#6008=CARTESIAN_POINT('Ctrl Pts',(-211.212635125882,22.0559010704828,12.7305936518592));
#6009=CARTESIAN_POINT('Ctrl Pts',(-211.22914827022,22.0476382414617,12.7129996240027));
#6010=CARTESIAN_POINT('Ctrl Pts',(-211.245687963672,22.0393621278246,12.695377309236));
#6011=CARTESIAN_POINT('Ctrl Pts',(-211.262536077159,22.0321329466863,12.6773067856749));
#6012=CARTESIAN_POINT('Ctrl Pts',(-211.279413789658,22.0259983860877,12.6590784046006));
#6013=CARTESIAN_POINT('Ctrl Pts',(-211.283981812958,22.0243380416687,12.6541448172152));
#6014=CARTESIAN_POINT('Ctrl Pts',(-211.288552199139,22.022757971301,12.6491994478649));
#6015=CARTESIAN_POINT('Ctrl Pts',(-211.293119796643,22.0212593366489,12.6442476255371));
#6016=CARTESIAN_POINT('Ctrl Pts',(-211.312973775183,22.0147452205972,12.6227235367511));
#6017=CARTESIAN_POINT('Ctrl Pts',(-211.332775051733,22.0097656028241,12.6010780064541));
#6018=CARTESIAN_POINT('Ctrl Pts',(-211.352603865957,22.0062607743255,12.579218653989));
#6019=CARTESIAN_POINT('Ctrl Pts',(-211.372491870424,22.002745483696,12.5572940499979));
#6020=CARTESIAN_POINT('Ctrl Pts',(-211.392407606467,22.0007138256562,12.5351543841321));
#6021=CARTESIAN_POINT('Ctrl Pts',(-211.412434188887,22.0001570532699,12.5126976713365));
#6022=CARTESIAN_POINT('Ctrl Pts',(-211.41619849946,22.0000523991588,12.5084765796069));
#6023=CARTESIAN_POINT('Ctrl Pts',(-211.419966731747,22.,12.5042442603846));
#6024=CARTESIAN_POINT('Ctrl Pts',(-211.423739444906,22.,12.5));
#6025=CARTESIAN_POINT('Ctrl Pts',(-212.382536793344,21.,12.7840909090909));
#6026=CARTESIAN_POINT('Ctrl Pts',(-212.382536793344,22.,12.7840909090909));
#6027=CARTESIAN_POINT('Ctrl Pts',(-211.423739444906,22.,12.5));
#6028=CARTESIAN_POINT('Ctrl Pts',(-212.33771146996,21.0000000104411,12.9353748813264));
#6029=CARTESIAN_POINT('Ctrl Pts',(-212.364317492345,22.0284135787726,12.8455804404981));
#6030=CARTESIAN_POINT('Ctrl Pts',(-211.379910239469,22.,12.5493073686939));
#6031=CARTESIAN_POINT('Ctrl Pts',(-212.270879888979,21.0318273659487,13.156572740066));
#6032=CARTESIAN_POINT('Ctrl Pts',(-212.341325927043,22.0860583572599,12.9240587724262));
#6033=CARTESIAN_POINT('Ctrl Pts',(-211.314563805162,22.0106091227677,12.6214014856589));
#6034=CARTESIAN_POINT('Ctrl Pts',(-212.182751381803,21.1382741670951,13.4405453180311));
#6035=CARTESIAN_POINT('Ctrl Pts',(-212.321438589353,22.1798006868285,12.9965695985951));
#6036=CARTESIAN_POINT('Ctrl Pts',(-211.228393709161,22.0460913888838,12.7139555110606));
#6037=CARTESIAN_POINT('Ctrl Pts',(-212.121126876562,21.2458965925185,13.6358060439411));
#6038=CARTESIAN_POINT('Ctrl Pts',(-212.312754890829,22.2522443507319,13.0323858275291));
#6039=CARTESIAN_POINT('Ctrl Pts',(-211.168138637394,22.0819655308794,12.7775960439513));
#6040=CARTESIAN_POINT('Ctrl Pts',(-212.062946725657,21.3837139875858,13.8173643747505));
#6041=CARTESIAN_POINT('Ctrl Pts',(-212.310041217843,22.3235854016,13.0508508347301));
#6042=CARTESIAN_POINT('Ctrl Pts',(-211.111251378709,22.127904662517,12.8367706110307));
#6043=CARTESIAN_POINT('Ctrl Pts',(-212.01180451288,21.5454628199998,13.9747763459022));
#6044=CARTESIAN_POINT('Ctrl Pts',(-212.31283780154,22.385840751568,13.0528487924508));
#6045=CARTESIAN_POINT('Ctrl Pts',(-211.061245659615,22.1818209400065,12.8880752534756));
#6046=CARTESIAN_POINT('Ctrl Pts',(-211.9682679562,21.729624714262,14.107252448029));
#6047=CARTESIAN_POINT('Ctrl Pts',(-212.3195455287,22.4356170802466,13.042856724968));
#6048=CARTESIAN_POINT('Ctrl Pts',(-211.018676581728,22.2432082380721,12.9312526497424));
#6049=CARTESIAN_POINT('Ctrl Pts',(-211.945168096916,21.8666785495775,14.1768804141115));
#6050=CARTESIAN_POINT('Ctrl Pts',(-212.325253954035,22.4586273489771,13.0317875911426));
#6051=CARTESIAN_POINT('Ctrl Pts',(-210.996090053259,22.2888928498902,12.9539462090126));
#6052=CARTESIAN_POINT('Ctrl Pts',(-211.935519749994,21.9366532353626,14.2058806190685));
#6053=CARTESIAN_POINT('Ctrl Pts',(-212.327951769536,22.4675441096104,13.0263408398542));
#6054=CARTESIAN_POINT('Ctrl Pts',(-210.98665611363,22.3122177451208,12.9633981276965));
#6055=CARTESIAN_POINT('Origin',(-211.423739444906,21.,12.5));
#6056=CARTESIAN_POINT('Origin',(-210.986656113631,21.9366532353626,13.8901943830891));
#6057=CARTESIAN_POINT('Ctrl Pts',(-210.949963342859,22.5000708612868,13.));
#6058=CARTESIAN_POINT('Ctrl Pts',(-212.340406917167,22.5000708612868,13.));
#6059=CARTESIAN_POINT('Ctrl Pts',(-211.897993052614,22.5000708612868,14.3181818181818));
#6060=CARTESIAN_POINT('Ctrl Pts',(-210.950464495218,22.4351936929389,13.));
#6061=CARTESIAN_POINT('Ctrl Pts',(-212.340173127678,22.4957445579673,13.0006965792471));
#6062=CARTESIAN_POINT('Ctrl Pts',(-211.897993058,22.3054451632496,14.3181818021351));
#6063=CARTESIAN_POINT('Ctrl Pts',(-210.963430014657,22.3718691832978,12.98757060682));
#6064=CARTESIAN_POINT('Ctrl Pts',(-212.334611120155,22.490066284558,13.0132423601355));
#6065=CARTESIAN_POINT('Ctrl Pts',(-211.910844922237,22.1156075492183,14.2800461800701));
#6066=CARTESIAN_POINT('Ctrl Pts',(-210.986656113631,22.3122177451209,12.9633981276964));
#6067=CARTESIAN_POINT('Ctrl Pts',(-212.327951769536,22.4675441096104,13.0263408398541));
#6068=CARTESIAN_POINT('Ctrl Pts',(-211.935519749994,21.9366532353626,14.2058806190684));
#6069=CARTESIAN_POINT('Origin',(-210.949963342859,22.5000708612868,14.));
#6070=CARTESIAN_POINT('Origin',(-169.236656113631,21.,0.));
#6071=CARTESIAN_POINT('Origin',(-211.423739444906,21.,-12.5));
#6072=CARTESIAN_POINT('Origin',(-210.949963342859,4.,14.));
#6073=CARTESIAN_POINT('Origin',(-210.949963342859,37.5,14.));
#6074=CARTESIAN_POINT('Ctrl Pts',(-211.423739444906,22.,-12.5));
#6075=CARTESIAN_POINT('Ctrl Pts',(-212.382536793344,22.,-12.7840909090909));
#6076=CARTESIAN_POINT('Ctrl Pts',(-212.382536793344,21.,-12.7840909090909));
#6077=CARTESIAN_POINT('Ctrl Pts',(-211.379910239469,22.,-12.549307368694));
#6078=CARTESIAN_POINT('Ctrl Pts',(-212.364317492351,22.028413578772,-12.8455804404978));
#6079=CARTESIAN_POINT('Ctrl Pts',(-212.33771146996,21.0000000104411,-12.9353748813266));
#6080=CARTESIAN_POINT('Ctrl Pts',(-211.314563805162,22.0106091227677,-12.6214014856589));
#6081=CARTESIAN_POINT('Ctrl Pts',(-212.341325927042,22.0860583572601,-12.9240587724263));
#6082=CARTESIAN_POINT('Ctrl Pts',(-212.270879888979,21.0318273659487,-13.1565727400659));
#6083=CARTESIAN_POINT('Ctrl Pts',(-211.228393709161,22.0460913888838,-12.7139555110606));
#6084=CARTESIAN_POINT('Ctrl Pts',(-212.321438589353,22.1798006868285,-12.9965695985951));
#6085=CARTESIAN_POINT('Ctrl Pts',(-212.182751381803,21.1382741670951,-13.4405453180311));
#6086=CARTESIAN_POINT('Ctrl Pts',(-211.168138637394,22.0819655308794,-12.7775960439513));
#6087=CARTESIAN_POINT('Ctrl Pts',(-212.312754890829,22.2522443507319,-13.0323858275291));
#6088=CARTESIAN_POINT('Ctrl Pts',(-212.121126876562,21.2458965925185,-13.6358060439411));
#6089=CARTESIAN_POINT('Ctrl Pts',(-211.111251378709,22.127904662517,-12.8367706110307));
#6090=CARTESIAN_POINT('Ctrl Pts',(-212.310041217842,22.3235854015999,-13.0508508347302));
#6091=CARTESIAN_POINT('Ctrl Pts',(-212.062946725657,21.3837139875859,-13.8173643747505));
#6092=CARTESIAN_POINT('Ctrl Pts',(-211.061245659615,22.1818209400065,-12.8880752534755));
#6093=CARTESIAN_POINT('Ctrl Pts',(-212.312837801541,22.3858407515683,-13.0528487924504));
#6094=CARTESIAN_POINT('Ctrl Pts',(-212.01180451288,21.5454628199998,-13.9747763459023));
#6095=CARTESIAN_POINT('Ctrl Pts',(-211.018676581729,22.2432082380722,-12.9312526497424));
#6096=CARTESIAN_POINT('Ctrl Pts',(-212.319545528698,22.4356170802454,-13.0428567249696));
#6097=CARTESIAN_POINT('Ctrl Pts',(-211.9682679562,21.7296247142622,-14.1072524480287));
#6098=CARTESIAN_POINT('Ctrl Pts',(-210.996090053256,22.28889284989,-12.9539462090126));
#6099=CARTESIAN_POINT('Ctrl Pts',(-212.325253954039,22.4586273489797,-13.0317875911392));
#6100=CARTESIAN_POINT('Ctrl Pts',(-211.945168096916,21.8666785495769,-14.1768804141122));
#6101=CARTESIAN_POINT('Ctrl Pts',(-210.986656113631,22.3122177451208,-12.9633981276965));
#6102=CARTESIAN_POINT('Ctrl Pts',(-212.327951769536,22.4675441096104,-13.0263408398542));
#6103=CARTESIAN_POINT('Ctrl Pts',(-211.935519749994,21.9366532353626,-14.2058806190685));
#6104=CARTESIAN_POINT('Origin',(-210.986656113631,21.9366532353626,-13.8901943830891));
#6105=CARTESIAN_POINT('Ctrl Pts',(-211.423739444906,38.,12.5));
#6106=CARTESIAN_POINT('Ctrl Pts',(-212.382536793344,38.,12.7840909090909));
#6107=CARTESIAN_POINT('Ctrl Pts',(-212.382536793344,39.,12.7840909090909));
#6108=CARTESIAN_POINT('Ctrl Pts',(-211.394927126022,38.,12.5324135383234));
#6109=CARTESIAN_POINT('Ctrl Pts',(-212.370617857103,37.9814120402426,12.8243169201996));
#6110=CARTESIAN_POINT('Ctrl Pts',(-212.353069649267,38.9999999931364,12.8835415381078));
#6111=CARTESIAN_POINT('Ctrl Pts',(-211.337715749915,37.993854315843,12.5959652734571));
#6112=CARTESIAN_POINT('Ctrl Pts',(-212.349202473351,37.9356295123161,12.8970918810611));
#6113=CARTESIAN_POINT('Ctrl Pts',(-212.294558014266,38.9815629507144,13.0785298162573));
#6114=CARTESIAN_POINT('Ctrl Pts',(-211.251567317783,37.9661148348872,12.6893494255652));
#6115=CARTESIAN_POINT('Ctrl Pts',(-212.32545254476,37.8471218562443,12.9809699502136));
#6116=CARTESIAN_POINT('Ctrl Pts',(-212.206451663361,38.898344503808,13.3650493738992));
#6117=CARTESIAN_POINT('Ctrl Pts',(-211.17088340888,37.9214642826738,12.7748367473118));
#6118=CARTESIAN_POINT('Ctrl Pts',(-212.312283403851,37.75111244876,13.0332505236325));
#6119=CARTESIAN_POINT('Ctrl Pts',(-212.123934029219,38.76439284825,13.6273400201695));
#6120=CARTESIAN_POINT('Ctrl Pts',(-211.096687120254,37.8597115248009,12.8518663069808));
#6121=CARTESIAN_POINT('Ctrl Pts',(-212.309671968026,37.6575613087879,13.0547184228193));
#6122=CARTESIAN_POINT('Ctrl Pts',(-212.048051461316,38.5791345743413,13.863680714561));
#6123=CARTESIAN_POINT('Ctrl Pts',(-211.034958113354,37.7849112396215,12.9148447041024));
#6124=CARTESIAN_POINT('Ctrl Pts',(-212.315992434534,37.5819864707792,13.0493636009261));
#6125=CARTESIAN_POINT('Ctrl Pts',(-211.984919522438,38.354733718881,14.0569098877346));
#6126=CARTESIAN_POINT('Ctrl Pts',(-210.98681601066,37.6967072311946,12.9632988500357));
#6127=CARTESIAN_POINT('Ctrl Pts',(-212.327279246459,37.530715450507,13.0281382618276));
#6128=CARTESIAN_POINT('Ctrl Pts',(-211.935683281047,38.0901216935794,14.2055760166034));
#6129=CARTESIAN_POINT('Ctrl Pts',(-210.957030915229,37.6015986588071,12.9929879662312));
#6130=CARTESIAN_POINT('Ctrl Pts',(-212.337550847805,37.5069074973851,13.0062873244612));
#6131=CARTESIAN_POINT('Ctrl Pts',(-211.905221251629,37.8047959764221,14.2966676257215));
#6132=CARTESIAN_POINT('Ctrl Pts',(-210.949963344314,37.5338535127335,13.));
#6133=CARTESIAN_POINT('Ctrl Pts',(-212.340406916577,37.5022568777905,13.0000000012811));
#6134=CARTESIAN_POINT('Ctrl Pts',(-211.897993054102,37.6015605382014,14.3181818137483));
#6135=CARTESIAN_POINT('Ctrl Pts',(-210.949963342859,37.5,13.));
#6136=CARTESIAN_POINT('Ctrl Pts',(-212.340406917167,37.5,13.));
#6137=CARTESIAN_POINT('Ctrl Pts',(-211.897993052614,37.5,14.3181818181818));
#6138=CARTESIAN_POINT('Origin',(-211.423739444906,39.,12.5));
#6139=CARTESIAN_POINT('Ctrl Pts',(-211.897993052614,22.5000708612868,-14.3181818181818));
#6140=CARTESIAN_POINT('Ctrl Pts',(-212.340406917167,22.5000708612868,-13.));
#6141=CARTESIAN_POINT('Ctrl Pts',(-210.949963342859,22.5000708612868,-13.));
#6142=CARTESIAN_POINT('Ctrl Pts',(-211.897993058,22.3054451632486,-14.3181818021351));
#6143=CARTESIAN_POINT('Ctrl Pts',(-212.34017312768,22.49574455797,-13.0006965792469));
#6144=CARTESIAN_POINT('Ctrl Pts',(-210.950464495218,22.4351936929389,-13.));
#6145=CARTESIAN_POINT('Ctrl Pts',(-211.910844922237,22.1156075492197,-14.2800461800706));
#6146=CARTESIAN_POINT('Ctrl Pts',(-212.334611120163,22.4900662845637,-13.0132423601366));
#6147=CARTESIAN_POINT('Ctrl Pts',(-210.963430014657,22.371869183299,-12.9875706068204));
#6148=CARTESIAN_POINT('Ctrl Pts',(-211.935519749994,21.9366532353626,-14.2058806190684));
#6149=CARTESIAN_POINT('Ctrl Pts',(-212.327951769536,22.4675441096104,-13.0263408398541));
#6150=CARTESIAN_POINT('Ctrl Pts',(-210.986656113631,22.3122177451209,-12.9633981276964));
#6151=CARTESIAN_POINT('Origin',(-210.949963342859,22.5000708612868,-14.));
#6152=CARTESIAN_POINT('Origin',(-169.236656113631,39.,0.));
#6153=CARTESIAN_POINT('Origin',(-211.423739444906,39.,-12.5));
#6154=CARTESIAN_POINT('Origin',(-210.949963342859,4.,-14.));
#6155=CARTESIAN_POINT('Origin',(-210.949963342859,37.5,-14.));
#6156=CARTESIAN_POINT('Ctrl Pts',(-210.949963342859,37.5,-13.));
#6157=CARTESIAN_POINT('Ctrl Pts',(-212.340406917167,37.5,-13.));
#6158=CARTESIAN_POINT('Ctrl Pts',(-211.897993052614,37.5,-14.3181818181818));
#6159=CARTESIAN_POINT('Ctrl Pts',(-210.949963345605,37.5338214158568,-13.));
#6160=CARTESIAN_POINT('Ctrl Pts',(-212.340406916075,37.5022547380261,-13.0000000023904));
#6161=CARTESIAN_POINT('Ctrl Pts',(-211.897993055421,37.6014642475715,-14.3181818098189));
#6162=CARTESIAN_POINT('Ctrl Pts',(-210.9567341056,37.6001087377703,-12.9932843705029));
#6163=CARTESIAN_POINT('Ctrl Pts',(-212.337661884057,37.5067510245556,-13.0060511199848));
#6164=CARTESIAN_POINT('Ctrl Pts',(-211.904917696328,37.8003262132766,-14.2975770496434));
#6165=CARTESIAN_POINT('Ctrl Pts',(-210.996794313192,37.7289349193081,-12.9533482185605));
#6166=CARTESIAN_POINT('Ctrl Pts',(-212.323890725155,37.5381830981829,-13.0353357091662));
#6167=CARTESIAN_POINT('Ctrl Pts',(-211.945888363176,38.1868047580937,-14.1750456683979));
#6168=CARTESIAN_POINT('Ctrl Pts',(-211.090998939632,37.8669224965493,-12.8583349121459));
#6169=CARTESIAN_POINT('Ctrl Pts',(-212.30498410402,37.6456900270655,-13.068956895851));
#6170=CARTESIAN_POINT('Ctrl Pts',(-212.042234003905,38.600767488296,-13.8835275721154));
#6171=CARTESIAN_POINT('Ctrl Pts',(-211.249299202033,37.9748425592864,-12.692837917962));
#6172=CARTESIAN_POINT('Ctrl Pts',(-212.319406400851,37.8484193750173,-12.9993082628598));
#6173=CARTESIAN_POINT('Ctrl Pts',(-212.204131999333,38.9245276827929,-13.3757527025773));
#6174=CARTESIAN_POINT('Ctrl Pts',(-211.366160790274,38.,-12.5647753462756));
#6175=CARTESIAN_POINT('Ctrl Pts',(-212.358494853919,37.962505833626,-12.8652316504051));
#6176=CARTESIAN_POINT('Ctrl Pts',(-212.323649533276,38.9999999893891,-12.9828334489023));
#6177=CARTESIAN_POINT('Ctrl Pts',(-211.423739444906,38.,-12.5));
#6178=CARTESIAN_POINT('Ctrl Pts',(-212.382536793344,38.,-12.7840909090909));
#6179=CARTESIAN_POINT('Ctrl Pts',(-212.382536793344,39.,-12.7840909090909));
#6180=CARTESIAN_POINT('Origin',(-169.236656113631,55.5,0.));
#6181=CARTESIAN_POINT('Origin',(-169.236656113631,55.5,-48.5));
#6182=UNCERTAINTY_MEASURE_WITH_UNIT(LENGTH_MEASURE(0.01),#6186,
'DISTANCE_ACCURACY_VALUE',
'Maximum model space distance between geometric entities at asserted c
onnectivities');
#6183=UNCERTAINTY_MEASURE_WITH_UNIT(LENGTH_MEASURE(0.01),#6186,
'DISTANCE_ACCURACY_VALUE',
'Maximum model space distance between geometric entities at asserted c
onnectivities');
#6184=(
GEOMETRIC_REPRESENTATION_CONTEXT(3)
GLOBAL_UNCERTAINTY_ASSIGNED_CONTEXT((#6182))
GLOBAL_UNIT_ASSIGNED_CONTEXT((#6186,#6188,#6189))
REPRESENTATION_CONTEXT('','3D')
);
#6185=(
GEOMETRIC_REPRESENTATION_CONTEXT(3)
GLOBAL_UNCERTAINTY_ASSIGNED_CONTEXT((#6183))
GLOBAL_UNIT_ASSIGNED_CONTEXT((#6186,#6188,#6189))
REPRESENTATION_CONTEXT('','3D')
);
#6186=(
LENGTH_UNIT()
NAMED_UNIT(*)
SI_UNIT(.MILLI.,.METRE.)
);
#6187=(
LENGTH_UNIT()
NAMED_UNIT(*)
SI_UNIT($,.METRE.)
);
#6188=(
NAMED_UNIT(*)
PLANE_ANGLE_UNIT()
SI_UNIT($,.RADIAN.)
);
#6189=(
NAMED_UNIT(*)
SI_UNIT($,.STERADIAN.)
SOLID_ANGLE_UNIT()
);
#6190=SHAPE_DEFINITION_REPRESENTATION(#6191,#6192);
#6191=PRODUCT_DEFINITION_SHAPE('',$,#6194);
#6192=SHAPE_REPRESENTATION('',(#1885),#6184);
#6193=PRODUCT_DEFINITION_CONTEXT('part definition',#6198,'design');
#6194=PRODUCT_DEFINITION('2026-09-14-20-39-05-580','base_link',#6195,#6193);
#6195=PRODUCT_DEFINITION_FORMATION('',$,#6200);
#6196=PRODUCT_RELATED_PRODUCT_CATEGORY('base_link','base_link',(#6200));
#6197=APPLICATION_PROTOCOL_DEFINITION('international standard',
'automotive_design',2009,#6198);
#6198=APPLICATION_CONTEXT(
'Core Data for Automotive Mechanical Design Process');
#6199=PRODUCT_CONTEXT('part definition',#6198,'mechanical');
#6200=PRODUCT('2026-09-14-20-39-05-580','base_link',$,(#6199));
#6201=PRESENTATION_STYLE_ASSIGNMENT((#6203));
#6202=PRESENTATION_STYLE_ASSIGNMENT((#6204));
#6203=SURFACE_STYLE_USAGE(.BOTH.,#6205);
#6204=SURFACE_STYLE_USAGE(.BOTH.,#6206);
#6205=SURFACE_SIDE_STYLE('',(#6207));
#6206=SURFACE_SIDE_STYLE('',(#6208));
#6207=SURFACE_STYLE_FILL_AREA(#6209);
#6208=SURFACE_STYLE_FILL_AREA(#6210);
#6209=FILL_AREA_STYLE('Steel - Satin',(#6211));
#6210=FILL_AREA_STYLE('ABS (White)',(#6212));
#6211=FILL_AREA_STYLE_COLOUR('Steel - Satin',#6213);
#6212=FILL_AREA_STYLE_COLOUR('ABS (White)',#6214);
#6213=COLOUR_RGB('Steel - Satin',0.627450980392157,0.627450980392157,0.627450980392157);
#6214=COLOUR_RGB('ABS (White)',0.964705882352941,0.964705882352941,0.952941176470588);
ENDSEC;
END-ISO-10303-21;
