ISO-10303-21;
HEADER;
/* Generated by software containing ST-Developer
 * from STEP Tools, Inc. (www.steptools.com) 
 */

FILE_DESCRIPTION(
/* description */ (''),
/* implementation_level */ '2;1');

FILE_NAME(
/* name */ 'Gripper 2.0.step',
/* time_stamp */ '2026-08-23T20:17:18+05:30',
/* author */ (''),
/* organization */ (''),
/* preprocessor_version */ 'ST-DEVELOPER v20.1',
/* originating_system */ 'Autodesk Translation Framework v15.8.0.0',
/* authorisation */ '');

FILE_SCHEMA (('AUTOMOTIVE_DESIGN { 1 0 10303 214 3 1 1 }'));
ENDSEC;

DATA;
#10=MECHANICAL_DESIGN_GEOMETRIC_PRESENTATION_REPRESENTATION('',(#57,#58,
#59,#60,#61),#7519);
#11=ITEM_DEFINED_TRANSFORMATION($,$,#3958,#4385);
#12=ITEM_DEFINED_TRANSFORMATION($,$,#4147,#4386);
#13=ITEM_DEFINED_TRANSFORMATION($,$,#4196,#4387);
#14=ITEM_DEFINED_TRANSFORMATION($,$,#4196,#4388);
#15=ITEM_DEFINED_TRANSFORMATION($,$,#4339,#4389);
#16=ITEM_DEFINED_TRANSFORMATION($,$,#4339,#4390);
#17=ITEM_DEFINED_TRANSFORMATION($,$,#4368,#4391);
#18=ITEM_DEFINED_TRANSFORMATION($,$,#4368,#4392);
#19=(
REPRESENTATION_RELATIONSHIP($,$,#7545,#7544)
REPRESENTATION_RELATIONSHIP_WITH_TRANSFORMATION(#11)
SHAPE_REPRESENTATION_RELATIONSHIP()
);
#20=(
REPRESENTATION_RELATIONSHIP($,$,#7546,#7544)
REPRESENTATION_RELATIONSHIP_WITH_TRANSFORMATION(#12)
SHAPE_REPRESENTATION_RELATIONSHIP()
);
#21=(
REPRESENTATION_RELATIONSHIP($,$,#7547,#7544)
REPRESENTATION_RELATIONSHIP_WITH_TRANSFORMATION(#13)
SHAPE_REPRESENTATION_RELATIONSHIP()
);
#22=(
REPRESENTATION_RELATIONSHIP($,$,#7547,#7544)
REPRESENTATION_RELATIONSHIP_WITH_TRANSFORMATION(#14)
SHAPE_REPRESENTATION_RELATIONSHIP()
);
#23=(
REPRESENTATION_RELATIONSHIP($,$,#7548,#7544)
REPRESENTATION_RELATIONSHIP_WITH_TRANSFORMATION(#15)
SHAPE_REPRESENTATION_RELATIONSHIP()
);
#24=(
REPRESENTATION_RELATIONSHIP($,$,#7548,#7544)
REPRESENTATION_RELATIONSHIP_WITH_TRANSFORMATION(#16)
SHAPE_REPRESENTATION_RELATIONSHIP()
);
#25=(
REPRESENTATION_RELATIONSHIP($,$,#7549,#7544)
REPRESENTATION_RELATIONSHIP_WITH_TRANSFORMATION(#17)
SHAPE_REPRESENTATION_RELATIONSHIP()
);
#26=(
REPRESENTATION_RELATIONSHIP($,$,#7549,#7544)
REPRESENTATION_RELATIONSHIP_WITH_TRANSFORMATION(#18)
SHAPE_REPRESENTATION_RELATIONSHIP()
);
#27=CONTEXT_DEPENDENT_SHAPE_REPRESENTATION(#19,#7536);
#28=CONTEXT_DEPENDENT_SHAPE_REPRESENTATION(#20,#7537);
#29=CONTEXT_DEPENDENT_SHAPE_REPRESENTATION(#21,#7538);
#30=CONTEXT_DEPENDENT_SHAPE_REPRESENTATION(#22,#7539);
#31=CONTEXT_DEPENDENT_SHAPE_REPRESENTATION(#23,#7540);
#32=CONTEXT_DEPENDENT_SHAPE_REPRESENTATION(#24,#7541);
#33=CONTEXT_DEPENDENT_SHAPE_REPRESENTATION(#25,#7542);
#34=CONTEXT_DEPENDENT_SHAPE_REPRESENTATION(#26,#7543);
#35=NEXT_ASSEMBLY_USAGE_OCCURRENCE('Gripper Base:1','Gripper Base:1',
'Gripper Base:1',#7551,#7552,'Gripper Base:1');
#36=NEXT_ASSEMBLY_USAGE_OCCURRENCE('Servo:1','Servo:1','Servo:1',#7551,
#7553,'Servo:1');
#37=NEXT_ASSEMBLY_USAGE_OCCURRENCE('Gear:1','Gear:1','Gear:1',#7551,#7554,
'Gear:1');
#38=NEXT_ASSEMBLY_USAGE_OCCURRENCE('Gear:2','Gear:2','Gear:2',#7551,#7554,
'Gear:2');
#39=NEXT_ASSEMBLY_USAGE_OCCURRENCE('Link:1','Link:1','Link:1',#7551,#7555,
'Link:1');
#40=NEXT_ASSEMBLY_USAGE_OCCURRENCE('Link:2','Link:2','Link:2',#7551,#7555,
'Link:2');
#41=NEXT_ASSEMBLY_USAGE_OCCURRENCE('Gripper Holder 3.0:1',
'Gripper Holder 3.0:1','Gripper Holder 3.0:1',#7551,#7556,
'Gripper Holder 3.0:1');
#42=NEXT_ASSEMBLY_USAGE_OCCURRENCE('Gripper Holder 3.0:2',
'Gripper Holder 3.0:2','Gripper Holder 3.0:2',#7551,#7556,
'Gripper Holder 3.0:2');
#43=(
BOUNDED_CURVE()
B_SPLINE_CURVE(5,(#7284,#7285,#7286,#7287,#7288,#7289,#7290,#7291,#7292,
#7293,#7294,#7295,#7296,#7297,#7298),.UNSPECIFIED.,.F.,.F.)
B_SPLINE_CURVE_WITH_KNOTS((6,1,1,1,1,1,1,1,1,1,6),(0.,0.1,0.2,0.3,0.4,0.5,
0.6,0.7,0.8,0.9,1.),.UNSPECIFIED.)
CURVE()
GEOMETRIC_REPRESENTATION_ITEM()
RATIONAL_B_SPLINE_CURVE((1.,1.,1.,1.,1.,1.,1.,1.,1.,1.,1.,1.,1.,1.,1.))
REPRESENTATION_ITEM('')
);
#44=(
BOUNDED_CURVE()
B_SPLINE_CURVE(5,(#7440,#7441,#7442,#7443,#7444,#7445,#7446,#7447,#7448,
#7449,#7450,#7451,#7452,#7453,#7454,#7455,#7456,#7457,#7458,#7459),
 .UNSPECIFIED.,.F.,.F.)
B_SPLINE_CURVE_WITH_KNOTS((6,1,1,1,1,1,1,1,1,1,1,1,1,1,1,6),(0.,0.0666666666666667,
0.133333333333333,0.2,0.266666666666667,0.333333333333333,0.4,0.466666666666667,
0.533333333333333,0.6,0.666666666666667,0.733333333333333,0.8,0.866666666666667,
0.933333333333333,1.),.UNSPECIFIED.)
CURVE()
GEOMETRIC_REPRESENTATION_ITEM()
RATIONAL_B_SPLINE_CURVE((1.,1.,1.,1.,1.,1.,1.,1.,1.,1.,1.,1.,1.,1.,1.,1.,
1.,1.,1.,1.))
REPRESENTATION_ITEM('')
);
#45=(
BOUNDED_SURFACE()
B_SPLINE_SURFACE(5,1,((#7185,#7186),(#7187,#7188),(#7189,#7190),(#7191,
#7192),(#7193,#7194),(#7195,#7196),(#7197,#7198),(#7199,#7200),(#7201,#7202),
(#7203,#7204),(#7205,#7206),(#7207,#7208),(#7209,#7210),(#7211,#7212),(#7213,
#7214)),.UNSPECIFIED.,.F.,.F.,.F.)
B_SPLINE_SURFACE_WITH_KNOTS((6,1,1,1,1,1,1,1,1,1,6),(2,2),(-1.,-0.9,-0.8,
-0.7,-0.6,-0.5,-0.4,-0.3,-0.2,-0.1,0.),(0.,0.495),.UNSPECIFIED.)
GEOMETRIC_REPRESENTATION_ITEM()
RATIONAL_B_SPLINE_SURFACE(((1.,1.),(1.,1.),(1.,1.),(1.,1.),(1.,1.),(1.,
1.),(1.,1.),(1.,1.),(1.,1.),(1.,1.),(1.,1.),(1.,1.),(1.,1.),(1.,1.),(1.,
1.)))
REPRESENTATION_ITEM('')
SURFACE()
);
#46=(
BOUNDED_SURFACE()
B_SPLINE_SURFACE(5,1,((#7309,#7310),(#7311,#7312),(#7313,#7314),(#7315,
#7316),(#7317,#7318),(#7319,#7320),(#7321,#7322),(#7323,#7324),(#7325,#7326),
(#7327,#7328),(#7329,#7330),(#7331,#7332),(#7333,#7334),(#7335,#7336),(#7337,
#7338),(#7339,#7340),(#7341,#7342),(#7343,#7344),(#7345,#7346),(#7347,#7348)),
 .UNSPECIFIED.,.F.,.F.,.F.)
B_SPLINE_SURFACE_WITH_KNOTS((6,1,1,1,1,1,1,1,1,1,1,1,1,1,1,6),(2,2),(-1.,
-0.933333333333333,-0.866666666666667,-0.8,-0.733333333333333,-0.666666666666667,
-0.6,-0.533333333333333,-0.466666666666667,-0.4,-0.333333333333333,-0.266666666666667,
-0.2,-0.133333333333333,-0.0666666666666667,0.),(0.,0.495),
 .UNSPECIFIED.)
GEOMETRIC_REPRESENTATION_ITEM()
RATIONAL_B_SPLINE_SURFACE(((1.,1.),(1.,1.),(1.,1.),(1.,1.),(1.,1.),(1.,
1.),(1.,1.),(1.,1.),(1.,1.),(1.,1.),(1.,1.),(1.,1.),(1.,1.),(1.,1.),(1.,
1.),(1.,1.),(1.,1.),(1.,1.),(1.,1.),(1.,1.)))
REPRESENTATION_ITEM('')
SURFACE()
);
#47=SHAPE_REPRESENTATION_RELATIONSHIP('SRR','None',#7545,#52);
#48=SHAPE_REPRESENTATION_RELATIONSHIP('SRR','None',#7546,#53);
#49=SHAPE_REPRESENTATION_RELATIONSHIP('SRR','None',#7547,#54);
#50=SHAPE_REPRESENTATION_RELATIONSHIP('SRR','None',#7548,#55);
#51=SHAPE_REPRESENTATION_RELATIONSHIP('SRR','None',#7549,#56);
#52=ADVANCED_BREP_SHAPE_REPRESENTATION('',(#62),#7514);
#53=ADVANCED_BREP_SHAPE_REPRESENTATION('',(#63),#7515);
#54=ADVANCED_BREP_SHAPE_REPRESENTATION('',(#64),#7516);
#55=ADVANCED_BREP_SHAPE_REPRESENTATION('',(#65),#7517);
#56=ADVANCED_BREP_SHAPE_REPRESENTATION('',(#66),#7518);
#57=STYLED_ITEM('',(#7578),#62);
#58=STYLED_ITEM('',(#7578),#63);
#59=STYLED_ITEM('',(#7578),#64);
#60=STYLED_ITEM('',(#7578),#65);
#61=STYLED_ITEM('',(#7578),#66);
#62=MANIFOLD_SOLID_BREP('Body1',#3896);
#63=MANIFOLD_SOLID_BREP('Body1',#3897);
#64=MANIFOLD_SOLID_BREP('Body1',#3898);
#65=MANIFOLD_SOLID_BREP('Body1',#3899);
#66=MANIFOLD_SOLID_BREP('Body1',#3900);
#67=B_SPLINE_SURFACE_WITH_KNOTS('',3,3,((#5847,#5848,#5849,#5850,#5851,
#5852),(#5853,#5854,#5855,#5856,#5857,#5858),(#5859,#5860,#5861,#5862,#5863,
#5864),(#5865,#5866,#5867,#5868,#5869,#5870),(#5871,#5872,#5873,#5874,#5875,
#5876)),.UNSPECIFIED.,.F.,.F.,.F.,(4,1,4),(4,1,1,4),(0.,0.571428571428571,
1.),(-1.5707963267949,-0.897597901025655,-0.448798950512828,-7.7715611723761E-16),
 .UNSPECIFIED.);
#68=B_SPLINE_SURFACE_WITH_KNOTS('',3,3,((#5886,#5887,#5888,#5889,#5890,
#5891),(#5892,#5893,#5894,#5895,#5896,#5897),(#5898,#5899,#5900,#5901,#5902,
#5903),(#5904,#5905,#5906,#5907,#5908,#5909),(#5910,#5911,#5912,#5913,#5914,
#5915)),.UNSPECIFIED.,.F.,.F.,.F.,(4,1,4),(4,1,1,4),(0.,0.571428571428571,
1.),(-1.5707963267949,-0.897597901025655,-0.448798950512827,9.39537703483824E-16),
 .UNSPECIFIED.);
#69=B_SPLINE_SURFACE_WITH_KNOTS('',3,3,((#6099,#6100,#6101,#6102,#6103,
#6104),(#6105,#6106,#6107,#6108,#6109,#6110),(#6111,#6112,#6113,#6114,#6115,
#6116),(#6117,#6118,#6119,#6120,#6121,#6122)),.UNSPECIFIED.,.F.,.F.,.F.,
(4,4),(4,1,1,4),(0.,1.),(-1.5707963267949,-0.897597901025655,-0.448798950512828,
1.53390508985505E-17),.UNSPECIFIED.);
#70=B_SPLINE_SURFACE_WITH_KNOTS('',3,3,((#6127,#6128,#6129,#6130,#6131,
#6132),(#6133,#6134,#6135,#6136,#6137,#6138),(#6139,#6140,#6141,#6142,#6143,
#6144),(#6145,#6146,#6147,#6148,#6149,#6150)),.UNSPECIFIED.,.F.,.F.,.F.,
(4,4),(4,1,1,4),(0.,1.),(-1.5707963267949,-0.897597901025655,-0.448798950512827,
1.36423396609195E-15),.UNSPECIFIED.);
#71=B_SPLINE_SURFACE_WITH_KNOTS('',3,3,((#6162,#6163,#6164,#6165),(#6166,
#6167,#6168,#6169),(#6170,#6171,#6172,#6173),(#6174,#6175,#6176,#6177),
(#6178,#6179,#6180,#6181)),.UNSPECIFIED.,.F.,.F.,.F.,(4,1,4),(4,4),(0.,
0.571428571428571,1.),(0.489516020247867,0.520689530088298),
 .UNSPECIFIED.);
#72=B_SPLINE_SURFACE_WITH_KNOTS('',3,3,((#6220,#6221,#6222,#6223),(#6224,
#6225,#6226,#6227),(#6228,#6229,#6230,#6231),(#6232,#6233,#6234,#6235),
(#6236,#6237,#6238,#6239)),.UNSPECIFIED.,.F.,.F.,.F.,(4,1,4),(4,4),(0.,
0.305361822866786,0.712510920022501),(0.361283321591652,0.489515566719145),
 .UNSPECIFIED.);
#73=B_SPLINE_SURFACE_WITH_KNOTS('',3,3,((#6253,#6254,#6255,#6256),(#6257,
#6258,#6259,#6260),(#6261,#6262,#6263,#6264),(#6265,#6266,#6267,#6268),
(#6269,#6270,#6271,#6272)),.UNSPECIFIED.,.F.,.F.,.F.,(4,1,4),(4,4),(0.,
0.571428571428571,1.),(0.489516020247868,0.520689530088298),
 .UNSPECIFIED.);
#74=B_SPLINE_SURFACE_WITH_KNOTS('',3,3,((#6317,#6318,#6319,#6320),(#6321,
#6322,#6323,#6324),(#6325,#6326,#6327,#6328),(#6329,#6330,#6331,#6332),
(#6333,#6334,#6335,#6336)),.UNSPECIFIED.,.F.,.F.,.F.,(4,1,4),(4,4),(0.,
0.305361822866789,0.712510920022507),(-2.4064304372122E-16,0.128232245127491),
 .UNSPECIFIED.);
#75=B_SPLINE_SURFACE_WITH_KNOTS('',3,3,((#6350,#6351,#6352,#6353,#6354,
#6355,#6356),(#6357,#6358,#6359,#6360,#6361,#6362,#6363),(#6364,#6365,#6366,
#6367,#6368,#6369,#6370),(#6371,#6372,#6373,#6374,#6375,#6376,#6377)),
 .UNSPECIFIED.,.F.,.F.,.F.,(4,4),(4,1,1,1,4),(0.,1.),(-1.46548147346057,
-1.00898749467562,-0.704658175485658,-0.552493515890674,-0.400328856295691),
 .UNSPECIFIED.);
#76=B_SPLINE_SURFACE_WITH_KNOTS('',3,3,((#6393,#6394,#6395,#6396,#6397,
#6398,#6399),(#6400,#6401,#6402,#6403,#6404,#6405,#6406),(#6407,#6408,#6409,
#6410,#6411,#6412,#6413),(#6414,#6415,#6416,#6417,#6418,#6419,#6420)),
 .UNSPECIFIED.,.F.,.F.,.F.,(4,4),(4,1,1,1,4),(0.,1.),(-1.13235722906457,
-0.980209758101465,-0.675914816175265,-0.371619874249065,-0.0673249323228649),
 .UNSPECIFIED.);
#77=B_SPLINE_SURFACE_WITH_KNOTS('',3,3,((#6433,#6434,#6435,#6436,#6437,
#6438),(#6439,#6440,#6441,#6442,#6443,#6444),(#6445,#6446,#6447,#6448,#6449,
#6450),(#6451,#6452,#6453,#6454,#6455,#6456)),.UNSPECIFIED.,.F.,.F.,.F.,
(4,4),(4,2,4),(0.,1.),(0.39888943738023,1.29648318161436,1.30352724883517),
 .UNSPECIFIED.);
#78=B_SPLINE_SURFACE_WITH_KNOTS('',3,3,((#6463,#6464,#6465,#6466,#6467,
#6468,#6469,#6470),(#6471,#6472,#6473,#6474,#6475,#6476,#6477,#6478),(#6479,
#6480,#6481,#6482,#6483,#6484,#6485,#6486),(#6487,#6488,#6489,#6490,#6491,
#6492,#6493,#6494)),.UNSPECIFIED.,.F.,.F.,.F.,(4,4),(4,2,1,1,4),(0.308608892648503,
1.),(-5.28093397431842,-5.27917869937525,-4.64415579829213,-4.43248149793109,
-4.22080719757005),.UNSPECIFIED.);
#79=B_SPLINE_SURFACE_WITH_KNOTS('',3,3,((#6495,#6496,#6497,#6498,#6499,
#6500),(#6501,#6502,#6503,#6504,#6505,#6506),(#6507,#6508,#6509,#6510,#6511,
#6512),(#6513,#6514,#6515,#6516,#6517,#6518)),.UNSPECIFIED.,.F.,.F.,.F.,
(4,4),(4,2,4),(0.,1.),(-0.89759374423413,0.,0.00704406722080685),
 .UNSPECIFIED.);
#80=B_SPLINE_SURFACE_WITH_KNOTS('',3,3,((#6525,#6526,#6527,#6528,#6529,
#6530),(#6531,#6532,#6533,#6534,#6535,#6536),(#6537,#6538,#6539,#6540,#6541,
#6542),(#6543,#6544,#6545,#6546,#6547,#6548)),.UNSPECIFIED.,.F.,.F.,.F.,
(4,4),(4,2,4),(0.308608892648502,1.),(-1.0583715018052,0.,0.00175527494316727),
 .UNSPECIFIED.);
#81=ELLIPSE('',#4002,3.12983481108576,0.7);
#82=ELLIPSE('',#4014,2.46260080341827,0.7);
#83=ELLIPSE('',#4017,3.12983481108576,0.7);
#84=ELLIPSE('',#4018,3.12983481108576,0.7);
#85=ELLIPSE('',#4021,3.12983481108575,0.7);
#86=ELLIPSE('',#4104,2.46260080341828,0.7);
#87=ELLIPSE('',#4107,2.46260080341827,0.7);
#88=ELLIPSE('',#4109,2.46260080341827,0.7);
#89=TOROIDAL_SURFACE('',#3991,1.7,1.);
#90=TOROIDAL_SURFACE('',#3996,1.7,1.);
#91=TOROIDAL_SURFACE('',#4026,4.3,0.7);
#92=TOROIDAL_SURFACE('',#4030,4.3,0.7);
#93=TOROIDAL_SURFACE('',#4051,4.3,0.7);
#94=TOROIDAL_SURFACE('',#4055,4.3,0.7);
#95=TOROIDAL_SURFACE('',#4062,4.3,0.7);
#96=TOROIDAL_SURFACE('',#4066,4.3,0.7);
#97=TOROIDAL_SURFACE('',#4073,4.3,0.7);
#98=TOROIDAL_SURFACE('',#4077,4.3,0.7);
#99=TOROIDAL_SURFACE('',#4084,4.3,0.7);
#100=TOROIDAL_SURFACE('',#4088,4.3,0.7);
#101=TOROIDAL_SURFACE('',#4094,4.3,0.7);
#102=TOROIDAL_SURFACE('',#4098,4.3,0.7);
#103=B_SPLINE_CURVE_WITH_KNOTS('',3,(#5621,#5622,#5623,#5624),
 .UNSPECIFIED.,.F.,.F.,(4,4),(0.128528144229021,0.164384295828188),
 .UNSPECIFIED.);
#104=B_SPLINE_CURVE_WITH_KNOTS('',3,(#5626,#5627,#5628,#5629),
 .UNSPECIFIED.,.F.,.F.,(4,4),(-0.531020554833721,-0.523558732319907),
 .UNSPECIFIED.);
#105=B_SPLINE_CURVE_WITH_KNOTS('',3,(#5631,#5632,#5633,#5634,#5635,#5636),
 .UNSPECIFIED.,.F.,.F.,(4,1,1,4),(-1.13235722906457,-0.980209758101465,
-0.675914816175265,-0.531020554833721),.UNSPECIFIED.);
#106=B_SPLINE_CURVE_WITH_KNOTS('',3,(#5638,#5639,#5640,#5641,#5642,#5643),
 .UNSPECIFIED.,.F.,.F.,(4,2,4),(-1.30352724883517,-1.29648318161436,-0.39888943738023),
 .UNSPECIFIED.);
#107=B_SPLINE_CURVE_WITH_KNOTS('',3,(#5645,#5646,#5647,#5648,#5649,#5650),
 .UNSPECIFIED.,.F.,.F.,(4,2,4),(-0.89759374423413,0.,0.00704406722080685),
 .UNSPECIFIED.);
#108=B_SPLINE_CURVE_WITH_KNOTS('',3,(#5652,#5653,#5654,#5655,#5656,#5657),
 .UNSPECIFIED.,.F.,.F.,(4,1,1,4),(-1.00167659485851,-0.704658175485658,
-0.552493515890674,-0.400328856295691),.UNSPECIFIED.);
#109=B_SPLINE_CURVE_WITH_KNOTS('',3,(#5659,#5660,#5661,#5662,#5663),
 .UNSPECIFIED.,.F.,.F.,(4,1,4),(-1.00913982682705,-1.00898749467562,-1.00167659485851),
 .UNSPECIFIED.);
#110=B_SPLINE_CURVE_WITH_KNOTS('',3,(#5665,#5666,#5667,#5668),
 .UNSPECIFIED.,.F.,.F.,(4,4),(0.16765097866989,0.203507130269775),
 .UNSPECIFIED.);
#111=B_SPLINE_CURVE_WITH_KNOTS('',3,(#5723,#5724,#5725,#5726,#5727,#5728,
#5729,#5730,#5731,#5732,#5733,#5734),.UNSPECIFIED.,.F.,.F.,(4,2,2,2,2,4),
(-0.403432520948564,-0.373698382950416,-0.345566915827274,-0.303819845353973,
-0.271955073633827,-0.263243021272255),.UNSPECIFIED.);
#112=B_SPLINE_CURVE_WITH_KNOTS('',3,(#5753,#5754,#5755,#5756,#5757,#5758,
#5759,#5760,#5761,#5762),.UNSPECIFIED.,.F.,.F.,(4,2,2,2,4),(-0.146158484218616,
-0.139079023094176,-0.100042232560638,-0.0498434943288568,0.),
 .UNSPECIFIED.);
#113=B_SPLINE_CURVE_WITH_KNOTS('',3,(#5771,#5772,#5773,#5774),
 .UNSPECIFIED.,.F.,.F.,(4,4),(0.489516020247868,0.520689530088298),
 .UNSPECIFIED.);
#114=B_SPLINE_CURVE_WITH_KNOTS('',3,(#5775,#5776,#5777,#5778,#5779,#5780),
 .UNSPECIFIED.,.F.,.F.,(4,2,4),(0.159439827283616,0.263397260981845,0.531213267168816),
 .UNSPECIFIED.);
#115=B_SPLINE_CURVE_WITH_KNOTS('',3,(#5833,#5834,#5835,#5836,#5837,#5838),
 .UNSPECIFIED.,.F.,.F.,(4,2,4),(0.668520344143122,0.822663281710141,0.87583962060478),
 .UNSPECIFIED.);
#116=B_SPLINE_CURVE_WITH_KNOTS('',3,(#5840,#5841,#5842,#5843),
 .UNSPECIFIED.,.F.,.F.,(4,4),(-0.520689530088298,-0.489516020247867),
 .UNSPECIFIED.);
#117=B_SPLINE_CURVE_WITH_KNOTS('',3,(#5969,#5970,#5971,#5972,#5973,#5974),
 .UNSPECIFIED.,.F.,.F.,(4,2,4),(-0.00175527494316727,0.,1.0583715018052),
 .UNSPECIFIED.);
#118=B_SPLINE_CURVE_WITH_KNOTS('',3,(#5975,#5976,#5977,#5978,#5979,#5980,
#5981,#5982),.UNSPECIFIED.,.F.,.F.,(4,1,1,2,4),(4.22080719757005,4.43248149793109,
4.64415579829213,5.27917869937525,5.28093397431842),.UNSPECIFIED.);
#119=B_SPLINE_CURVE_WITH_KNOTS('',3,(#6183,#6184,#6185,#6186,#6187,#6188,
#6189,#6190,#6191,#6192,#6193,#6194,#6195,#6196,#6197,#6198,#6199,#6200,
#6201,#6202,#6203,#6204,#6205,#6206,#6207,#6208,#6209,#6210,#6211,#6212,
#6213),.UNSPECIFIED.,.F.,.F.,(4,3,3,3,3,3,3,3,3,3,4),(0.,0.00908451024775027,
0.013430602085084,0.0196519888322057,0.0209530139017479,0.0265866582465197,
0.032258675704138,0.0382955948763888,0.0406085702382411,0.0479702192340668,
0.0548214249885569),.UNSPECIFIED.);
#120=B_SPLINE_CURVE_WITH_KNOTS('',3,(#6216,#6217,#6218,#6219),
 .UNSPECIFIED.,.F.,.F.,(4,4),(0.489516020247867,0.520689530088298),
 .UNSPECIFIED.);
#121=B_SPLINE_CURVE_WITH_KNOTS('',3,(#6241,#6242,#6243,#6244,#6245,#6246,
#6247,#6248),.UNSPECIFIED.,.F.,.F.,(4,2,2,4),(0.,0.0254038104297871,0.0614174304882113,
0.09102405735504),.UNSPECIFIED.);
#122=B_SPLINE_CURVE_WITH_KNOTS('',3,(#6249,#6250,#6251,#6252),
 .UNSPECIFIED.,.F.,.F.,(4,4),(0.361283321591652,0.489515566719145),
 .UNSPECIFIED.);
#123=B_SPLINE_CURVE_WITH_KNOTS('',3,(#6274,#6275,#6276,#6277,#6278,#6279,
#6280,#6281,#6282,#6283,#6284,#6285,#6286,#6287,#6288,#6289,#6290,#6291,
#6292,#6293,#6294,#6295,#6296,#6297,#6298,#6299,#6300,#6301,#6302,#6303,
#6304,#6305,#6306,#6307,#6308,#6309,#6310),.UNSPECIFIED.,.F.,.F.,(4,3,3,
3,3,3,3,3,3,3,3,3,4),(0.187741494827419,0.191123555318432,0.201263905659636,
0.211423860416903,0.213173785569875,0.221982950093015,0.224748298065987,
0.233146687775469,0.241383588624388,0.251030697763604,0.252994900665048,
0.265309047593698,0.271741709410989),.UNSPECIFIED.);
#124=B_SPLINE_CURVE_WITH_KNOTS('',3,(#6312,#6313,#6314,#6315),
 .UNSPECIFIED.,.F.,.F.,(4,4),(-0.520689530088298,-0.489516020247868),
 .UNSPECIFIED.);
#125=B_SPLINE_CURVE_WITH_KNOTS('',3,(#6338,#6339,#6340,#6341,#6342,#6343,
#6344,#6345),.UNSPECIFIED.,.F.,.F.,(4,2,2,4),(0.,0.0703963245299662,0.115914780387534,
0.166213143004902),.UNSPECIFIED.);
#126=B_SPLINE_CURVE_WITH_KNOTS('',3,(#6346,#6347,#6348,#6349),
 .UNSPECIFIED.,.F.,.F.,(4,4),(-2.4064304372122E-16,0.128232245127491),
 .UNSPECIFIED.);
#127=B_SPLINE_CURVE_WITH_KNOTS('',3,(#6380,#6381,#6382,#6383,#6384,#6385,
#6386,#6387,#6388,#6389,#6390,#6391,#6392),.UNSPECIFIED.,.F.,.F.,(4,3,3,
3,4),(0.209626565676207,0.233966754095729,0.362571456404322,0.426873807558619,
0.491176158712915),.UNSPECIFIED.);
#128=B_SPLINE_CURVE_WITH_KNOTS('',3,(#6422,#6423,#6424,#6425,#6426,#6427,
#6428,#6429,#6430,#6431),.UNSPECIFIED.,.F.,.F.,(4,3,3,4),(0.675713190403292,
0.757431803597262,0.920869029985205,1.03336648262759),.UNSPECIFIED.);
#129=B_SPLINE_CURVE_WITH_KNOTS('',3,(#6457,#6458,#6459,#6460,#6461,#6462),
 .UNSPECIFIED.,.F.,.F.,(4,2,4),(0.39888943738023,1.29648318161436,1.30352724883517),
 .UNSPECIFIED.);
#130=B_SPLINE_CURVE_WITH_KNOTS('',3,(#6519,#6520,#6521,#6522,#6523,#6524),
 .UNSPECIFIED.,.F.,.F.,(4,2,4),(-0.00704406722080685,0.,0.89759374423413),
 .UNSPECIFIED.);
#131=B_SPLINE_CURVE_WITH_KNOTS('',3,(#7217,#7218,#7219,#7220,#7221,#7222,
#7223,#7224,#7225,#7226,#7227,#7228,#7229,#7230,#7231,#7232,#7233,#7234,
#7235,#7236,#7237,#7238,#7239,#7240,#7241,#7242,#7243,#7244,#7245,#7246,
#7247,#7248,#7249,#7250,#7251,#7252,#7253,#7254,#7255,#7256,#7257,#7258,
#7259,#7260,#7261,#7262,#7263,#7264,#7265,#7266,#7267,#7268,#7269,#7270,
#7271,#7272,#7273,#7274,#7275,#7276,#7277,#7278,#7279,#7280),
 .UNSPECIFIED.,.F.,.F.,(4,3,3,3,3,3,3,3,3,3,3,3,3,3,3,3,3,3,3,3,3,4),(0.,
0.179346787917855,0.36175429515684,0.550784862247002,0.754328194374412,
0.993362319962218,1.27934533082647,1.4632707681554,1.62895736024025,1.78725848509738,
1.94071182513375,2.09692690077032,2.26776489506864,2.46855643559289,2.74700673041946,
2.99908786577461,3.2063733997627,3.40616810431067,3.59189123184246,3.77503347311271,
3.95623859559284,4.0055522179546),.UNSPECIFIED.);
#132=B_SPLINE_CURVE_WITH_KNOTS('',3,(#7350,#7351,#7352,#7353,#7354,#7355,
#7356,#7357,#7358,#7359,#7360,#7361,#7362,#7363,#7364,#7365,#7366,#7367,
#7368,#7369,#7370,#7371,#7372,#7373,#7374,#7375,#7376,#7377,#7378,#7379,
#7380,#7381,#7382,#7383,#7384,#7385,#7386,#7387,#7388,#7389,#7390,#7391,
#7392,#7393,#7394,#7395,#7396,#7397,#7398,#7399,#7400,#7401,#7402,#7403,
#7404,#7405,#7406,#7407,#7408,#7409,#7410,#7411,#7412,#7413,#7414,#7415,
#7416,#7417,#7418,#7419,#7420,#7421,#7422,#7423,#7424,#7425,#7426,#7427,
#7428,#7429,#7430,#7431,#7432,#7433,#7434,#7435,#7436,#7437),
 .UNSPECIFIED.,.F.,.F.,(4,3,3,3,3,3,3,3,3,3,3,3,3,3,3,3,3,3,3,3,3,3,3,3,
3,3,3,3,3,4),(0.,0.114320977698299,0.220270314211149,0.315400813199034,
0.403517873686939,0.486743109776907,0.565654925271692,0.641038677931354,
0.714236612044241,0.785998810982096,0.857974719309997,0.934197373808248,
1.01708185272742,1.11072859520226,1.25220836746012,1.34432973023419,1.42538864473128,
1.50036038734885,1.57100819608728,1.63884771989874,1.7075215832831,1.77901834290341,
1.85402525912767,1.93612626929927,2.02482143083261,2.12351536543997,2.24557694391268,
2.35394493927171,2.44867770653357,2.46231293463073),.UNSPECIFIED.);
#133=FACE_BOUND('',#469,.T.);
#134=FACE_BOUND('',#479,.T.);
#135=FACE_BOUND('',#481,.T.);
#136=FACE_BOUND('',#492,.T.);
#137=FACE_BOUND('',#493,.T.);
#138=FACE_BOUND('',#494,.T.);
#139=FACE_BOUND('',#495,.T.);
#140=FACE_BOUND('',#508,.T.);
#141=FACE_BOUND('',#509,.T.);
#142=FACE_BOUND('',#510,.T.);
#143=FACE_BOUND('',#511,.T.);
#144=FACE_BOUND('',#512,.T.);
#145=FACE_BOUND('',#513,.T.);
#146=FACE_BOUND('',#563,.T.);
#147=FACE_BOUND('',#564,.T.);
#148=FACE_BOUND('',#565,.T.);
#149=FACE_BOUND('',#571,.T.);
#150=FACE_BOUND('',#575,.T.);
#151=FACE_BOUND('',#591,.T.);
#152=FACE_BOUND('',#673,.T.);
#153=FACE_BOUND('',#674,.T.);
#154=FACE_BOUND('',#675,.T.);
#155=FACE_BOUND('',#676,.T.);
#156=FACE_BOUND('',#678,.T.);
#157=FACE_BOUND('',#679,.T.);
#158=FACE_BOUND('',#680,.T.);
#159=FACE_BOUND('',#681,.T.);
#160=FACE_BOUND('',#693,.T.);
#161=FACE_BOUND('',#694,.T.);
#162=FACE_BOUND('',#696,.T.);
#163=FACE_BOUND('',#697,.T.);
#164=FACE_BOUND('',#709,.T.);
#165=FACE_BOUND('',#710,.T.);
#166=FACE_BOUND('',#712,.T.);
#167=FACE_BOUND('',#713,.T.);
#168=PLANE('',#3965);
#169=PLANE('',#3966);
#170=PLANE('',#3967);
#171=PLANE('',#3968);
#172=PLANE('',#3969);
#173=PLANE('',#3974);
#174=PLANE('',#3975);
#175=PLANE('',#3976);
#176=PLANE('',#3977);
#177=PLANE('',#3978);
#178=PLANE('',#3979);
#179=PLANE('',#4000);
#180=PLANE('',#4003);
#181=PLANE('',#4015);
#182=PLANE('',#4035);
#183=PLANE('',#4036);
#184=PLANE('',#4059);
#185=PLANE('',#4070);
#186=PLANE('',#4081);
#187=PLANE('',#4093);
#188=PLANE('',#4105);
#189=PLANE('',#4119);
#190=PLANE('',#4125);
#191=PLANE('',#4130);
#192=PLANE('',#4131);
#193=PLANE('',#4132);
#194=PLANE('',#4133);
#195=PLANE('',#4134);
#196=PLANE('',#4135);
#197=PLANE('',#4136);
#198=PLANE('',#4137);
#199=PLANE('',#4143);
#200=PLANE('',#4151);
#201=PLANE('',#4167);
#202=PLANE('',#4168);
#203=PLANE('',#4169);
#204=PLANE('',#4170);
#205=PLANE('',#4171);
#206=PLANE('',#4175);
#207=PLANE('',#4176);
#208=PLANE('',#4177);
#209=PLANE('',#4181);
#210=PLANE('',#4182);
#211=PLANE('',#4183);
#212=PLANE('',#4184);
#213=PLANE('',#4185);
#214=PLANE('',#4186);
#215=PLANE('',#4187);
#216=PLANE('',#4188);
#217=PLANE('',#4189);
#218=PLANE('',#4190);
#219=PLANE('',#4191);
#220=PLANE('',#4192);
#221=PLANE('',#4193);
#222=PLANE('',#4194);
#223=PLANE('',#4195);
#224=PLANE('',#4212);
#225=PLANE('',#4219);
#226=PLANE('',#4229);
#227=PLANE('',#4239);
#228=PLANE('',#4249);
#229=PLANE('',#4259);
#230=PLANE('',#4269);
#231=PLANE('',#4279);
#232=PLANE('',#4289);
#233=PLANE('',#4299);
#234=PLANE('',#4309);
#235=PLANE('',#4319);
#236=PLANE('',#4329);
#237=PLANE('',#4336);
#238=PLANE('',#4337);
#239=PLANE('',#4338);
#240=PLANE('',#4349);
#241=PLANE('',#4359);
#242=PLANE('',#4366);
#243=PLANE('',#4367);
#244=PLANE('',#4369);
#245=PLANE('',#4370);
#246=PLANE('',#4371);
#247=PLANE('',#4378);
#248=PLANE('',#4382);
#249=PLANE('',#4383);
#250=PLANE('',#4384);
#251=FACE_OUTER_BOUND('',#465,.T.);
#252=FACE_OUTER_BOUND('',#466,.T.);
#253=FACE_OUTER_BOUND('',#467,.T.);
#254=FACE_OUTER_BOUND('',#468,.T.);
#255=FACE_OUTER_BOUND('',#470,.T.);
#256=FACE_OUTER_BOUND('',#471,.T.);
#257=FACE_OUTER_BOUND('',#472,.T.);
#258=FACE_OUTER_BOUND('',#473,.T.);
#259=FACE_OUTER_BOUND('',#474,.T.);
#260=FACE_OUTER_BOUND('',#475,.T.);
#261=FACE_OUTER_BOUND('',#476,.T.);
#262=FACE_OUTER_BOUND('',#477,.T.);
#263=FACE_OUTER_BOUND('',#478,.T.);
#264=FACE_OUTER_BOUND('',#480,.T.);
#265=FACE_OUTER_BOUND('',#482,.T.);
#266=FACE_OUTER_BOUND('',#483,.T.);
#267=FACE_OUTER_BOUND('',#484,.T.);
#268=FACE_OUTER_BOUND('',#485,.T.);
#269=FACE_OUTER_BOUND('',#486,.T.);
#270=FACE_OUTER_BOUND('',#487,.T.);
#271=FACE_OUTER_BOUND('',#488,.T.);
#272=FACE_OUTER_BOUND('',#489,.T.);
#273=FACE_OUTER_BOUND('',#490,.T.);
#274=FACE_OUTER_BOUND('',#491,.T.);
#275=FACE_OUTER_BOUND('',#496,.T.);
#276=FACE_OUTER_BOUND('',#497,.T.);
#277=FACE_OUTER_BOUND('',#498,.T.);
#278=FACE_OUTER_BOUND('',#499,.T.);
#279=FACE_OUTER_BOUND('',#500,.T.);
#280=FACE_OUTER_BOUND('',#501,.T.);
#281=FACE_OUTER_BOUND('',#502,.T.);
#282=FACE_OUTER_BOUND('',#503,.T.);
#283=FACE_OUTER_BOUND('',#504,.T.);
#284=FACE_OUTER_BOUND('',#505,.T.);
#285=FACE_OUTER_BOUND('',#506,.T.);
#286=FACE_OUTER_BOUND('',#507,.T.);
#287=FACE_OUTER_BOUND('',#514,.T.);
#288=FACE_OUTER_BOUND('',#515,.T.);
#289=FACE_OUTER_BOUND('',#516,.T.);
#290=FACE_OUTER_BOUND('',#517,.T.);
#291=FACE_OUTER_BOUND('',#518,.T.);
#292=FACE_OUTER_BOUND('',#519,.T.);
#293=FACE_OUTER_BOUND('',#520,.T.);
#294=FACE_OUTER_BOUND('',#521,.T.);
#295=FACE_OUTER_BOUND('',#522,.T.);
#296=FACE_OUTER_BOUND('',#523,.T.);
#297=FACE_OUTER_BOUND('',#524,.T.);
#298=FACE_OUTER_BOUND('',#525,.T.);
#299=FACE_OUTER_BOUND('',#526,.T.);
#300=FACE_OUTER_BOUND('',#527,.T.);
#301=FACE_OUTER_BOUND('',#528,.T.);
#302=FACE_OUTER_BOUND('',#529,.T.);
#303=FACE_OUTER_BOUND('',#530,.T.);
#304=FACE_OUTER_BOUND('',#531,.T.);
#305=FACE_OUTER_BOUND('',#532,.T.);
#306=FACE_OUTER_BOUND('',#533,.T.);
#307=FACE_OUTER_BOUND('',#534,.T.);
#308=FACE_OUTER_BOUND('',#535,.T.);
#309=FACE_OUTER_BOUND('',#536,.T.);
#310=FACE_OUTER_BOUND('',#537,.T.);
#311=FACE_OUTER_BOUND('',#538,.T.);
#312=FACE_OUTER_BOUND('',#539,.T.);
#313=FACE_OUTER_BOUND('',#540,.T.);
#314=FACE_OUTER_BOUND('',#541,.T.);
#315=FACE_OUTER_BOUND('',#542,.T.);
#316=FACE_OUTER_BOUND('',#543,.T.);
#317=FACE_OUTER_BOUND('',#544,.T.);
#318=FACE_OUTER_BOUND('',#545,.T.);
#319=FACE_OUTER_BOUND('',#546,.T.);
#320=FACE_OUTER_BOUND('',#547,.T.);
#321=FACE_OUTER_BOUND('',#548,.T.);
#322=FACE_OUTER_BOUND('',#549,.T.);
#323=FACE_OUTER_BOUND('',#550,.T.);
#324=FACE_OUTER_BOUND('',#551,.T.);
#325=FACE_OUTER_BOUND('',#552,.T.);
#326=FACE_OUTER_BOUND('',#553,.T.);
#327=FACE_OUTER_BOUND('',#554,.T.);
#328=FACE_OUTER_BOUND('',#555,.T.);
#329=FACE_OUTER_BOUND('',#556,.T.);
#330=FACE_OUTER_BOUND('',#557,.T.);
#331=FACE_OUTER_BOUND('',#558,.T.);
#332=FACE_OUTER_BOUND('',#559,.T.);
#333=FACE_OUTER_BOUND('',#560,.T.);
#334=FACE_OUTER_BOUND('',#561,.T.);
#335=FACE_OUTER_BOUND('',#562,.T.);
#336=FACE_OUTER_BOUND('',#566,.T.);
#337=FACE_OUTER_BOUND('',#567,.T.);
#338=FACE_OUTER_BOUND('',#568,.T.);
#339=FACE_OUTER_BOUND('',#569,.T.);
#340=FACE_OUTER_BOUND('',#570,.T.);
#341=FACE_OUTER_BOUND('',#572,.T.);
#342=FACE_OUTER_BOUND('',#573,.T.);
#343=FACE_OUTER_BOUND('',#574,.T.);
#344=FACE_OUTER_BOUND('',#576,.T.);
#345=FACE_OUTER_BOUND('',#577,.T.);
#346=FACE_OUTER_BOUND('',#578,.T.);
#347=FACE_OUTER_BOUND('',#579,.T.);
#348=FACE_OUTER_BOUND('',#580,.T.);
#349=FACE_OUTER_BOUND('',#581,.T.);
#350=FACE_OUTER_BOUND('',#582,.T.);
#351=FACE_OUTER_BOUND('',#583,.T.);
#352=FACE_OUTER_BOUND('',#584,.T.);
#353=FACE_OUTER_BOUND('',#585,.T.);
#354=FACE_OUTER_BOUND('',#586,.T.);
#355=FACE_OUTER_BOUND('',#587,.T.);
#356=FACE_OUTER_BOUND('',#588,.T.);
#357=FACE_OUTER_BOUND('',#589,.T.);
#358=FACE_OUTER_BOUND('',#590,.T.);
#359=FACE_OUTER_BOUND('',#592,.T.);
#360=FACE_OUTER_BOUND('',#593,.T.);
#361=FACE_OUTER_BOUND('',#594,.T.);
#362=FACE_OUTER_BOUND('',#595,.T.);
#363=FACE_OUTER_BOUND('',#596,.T.);
#364=FACE_OUTER_BOUND('',#597,.T.);
#365=FACE_OUTER_BOUND('',#598,.T.);
#366=FACE_OUTER_BOUND('',#599,.T.);
#367=FACE_OUTER_BOUND('',#600,.T.);
#368=FACE_OUTER_BOUND('',#601,.T.);
#369=FACE_OUTER_BOUND('',#602,.T.);
#370=FACE_OUTER_BOUND('',#603,.T.);
#371=FACE_OUTER_BOUND('',#604,.T.);
#372=FACE_OUTER_BOUND('',#605,.T.);
#373=FACE_OUTER_BOUND('',#606,.T.);
#374=FACE_OUTER_BOUND('',#607,.T.);
#375=FACE_OUTER_BOUND('',#608,.T.);
#376=FACE_OUTER_BOUND('',#609,.T.);
#377=FACE_OUTER_BOUND('',#610,.T.);
#378=FACE_OUTER_BOUND('',#611,.T.);
#379=FACE_OUTER_BOUND('',#612,.T.);
#380=FACE_OUTER_BOUND('',#613,.T.);
#381=FACE_OUTER_BOUND('',#614,.T.);
#382=FACE_OUTER_BOUND('',#615,.T.);
#383=FACE_OUTER_BOUND('',#616,.T.);
#384=FACE_OUTER_BOUND('',#617,.T.);
#385=FACE_OUTER_BOUND('',#618,.T.);
#386=FACE_OUTER_BOUND('',#619,.T.);
#387=FACE_OUTER_BOUND('',#620,.T.);
#388=FACE_OUTER_BOUND('',#621,.T.);
#389=FACE_OUTER_BOUND('',#622,.T.);
#390=FACE_OUTER_BOUND('',#623,.T.);
#391=FACE_OUTER_BOUND('',#624,.T.);
#392=FACE_OUTER_BOUND('',#625,.T.);
#393=FACE_OUTER_BOUND('',#626,.T.);
#394=FACE_OUTER_BOUND('',#627,.T.);
#395=FACE_OUTER_BOUND('',#628,.T.);
#396=FACE_OUTER_BOUND('',#629,.T.);
#397=FACE_OUTER_BOUND('',#630,.T.);
#398=FACE_OUTER_BOUND('',#631,.T.);
#399=FACE_OUTER_BOUND('',#632,.T.);
#400=FACE_OUTER_BOUND('',#633,.T.);
#401=FACE_OUTER_BOUND('',#634,.T.);
#402=FACE_OUTER_BOUND('',#635,.T.);
#403=FACE_OUTER_BOUND('',#636,.T.);
#404=FACE_OUTER_BOUND('',#637,.T.);
#405=FACE_OUTER_BOUND('',#638,.T.);
#406=FACE_OUTER_BOUND('',#639,.T.);
#407=FACE_OUTER_BOUND('',#640,.T.);
#408=FACE_OUTER_BOUND('',#641,.T.);
#409=FACE_OUTER_BOUND('',#642,.T.);
#410=FACE_OUTER_BOUND('',#643,.T.);
#411=FACE_OUTER_BOUND('',#644,.T.);
#412=FACE_OUTER_BOUND('',#645,.T.);
#413=FACE_OUTER_BOUND('',#646,.T.);
#414=FACE_OUTER_BOUND('',#647,.T.);
#415=FACE_OUTER_BOUND('',#648,.T.);
#416=FACE_OUTER_BOUND('',#649,.T.);
#417=FACE_OUTER_BOUND('',#650,.T.);
#418=FACE_OUTER_BOUND('',#651,.T.);
#419=FACE_OUTER_BOUND('',#652,.T.);
#420=FACE_OUTER_BOUND('',#653,.T.);
#421=FACE_OUTER_BOUND('',#654,.T.);
#422=FACE_OUTER_BOUND('',#655,.T.);
#423=FACE_OUTER_BOUND('',#656,.T.);
#424=FACE_OUTER_BOUND('',#657,.T.);
#425=FACE_OUTER_BOUND('',#658,.T.);
#426=FACE_OUTER_BOUND('',#659,.T.);
#427=FACE_OUTER_BOUND('',#660,.T.);
#428=FACE_OUTER_BOUND('',#661,.T.);
#429=FACE_OUTER_BOUND('',#662,.T.);
#430=FACE_OUTER_BOUND('',#663,.T.);
#431=FACE_OUTER_BOUND('',#664,.T.);
#432=FACE_OUTER_BOUND('',#665,.T.);
#433=FACE_OUTER_BOUND('',#666,.T.);
#434=FACE_OUTER_BOUND('',#667,.T.);
#435=FACE_OUTER_BOUND('',#668,.T.);
#436=FACE_OUTER_BOUND('',#669,.T.);
#437=FACE_OUTER_BOUND('',#670,.T.);
#438=FACE_OUTER_BOUND('',#671,.T.);
#439=FACE_OUTER_BOUND('',#672,.T.);
#440=FACE_OUTER_BOUND('',#677,.T.);
#441=FACE_OUTER_BOUND('',#682,.T.);
#442=FACE_OUTER_BOUND('',#683,.T.);
#443=FACE_OUTER_BOUND('',#684,.T.);
#444=FACE_OUTER_BOUND('',#685,.T.);
#445=FACE_OUTER_BOUND('',#686,.T.);
#446=FACE_OUTER_BOUND('',#687,.T.);
#447=FACE_OUTER_BOUND('',#688,.T.);
#448=FACE_OUTER_BOUND('',#689,.T.);
#449=FACE_OUTER_BOUND('',#690,.T.);
#450=FACE_OUTER_BOUND('',#691,.T.);
#451=FACE_OUTER_BOUND('',#692,.T.);
#452=FACE_OUTER_BOUND('',#695,.T.);
#453=FACE_OUTER_BOUND('',#698,.T.);
#454=FACE_OUTER_BOUND('',#699,.T.);
#455=FACE_OUTER_BOUND('',#700,.T.);
#456=FACE_OUTER_BOUND('',#701,.T.);
#457=FACE_OUTER_BOUND('',#702,.T.);
#458=FACE_OUTER_BOUND('',#703,.T.);
#459=FACE_OUTER_BOUND('',#704,.T.);
#460=FACE_OUTER_BOUND('',#705,.T.);
#461=FACE_OUTER_BOUND('',#706,.T.);
#462=FACE_OUTER_BOUND('',#707,.T.);
#463=FACE_OUTER_BOUND('',#708,.T.);
#464=FACE_OUTER_BOUND('',#711,.T.);
#465=EDGE_LOOP('',(#2459,#2460,#2461,#2462));
#466=EDGE_LOOP('',(#2463,#2464,#2465,#2466));
#467=EDGE_LOOP('',(#2467,#2468,#2469,#2470));
#468=EDGE_LOOP('',(#2471,#2472,#2473,#2474));
#469=EDGE_LOOP('',(#2475));
#470=EDGE_LOOP('',(#2476,#2477,#2478,#2479));
#471=EDGE_LOOP('',(#2480,#2481,#2482,#2483,#2484,#2485));
#472=EDGE_LOOP('',(#2486,#2487,#2488,#2489,#2490,#2491));
#473=EDGE_LOOP('',(#2492,#2493,#2494,#2495,#2496,#2497,#2498,#2499,#2500,
#2501,#2502,#2503,#2504));
#474=EDGE_LOOP('',(#2505,#2506,#2507,#2508,#2509));
#475=EDGE_LOOP('',(#2510,#2511,#2512,#2513));
#476=EDGE_LOOP('',(#2514,#2515,#2516,#2517));
#477=EDGE_LOOP('',(#2518,#2519,#2520,#2521));
#478=EDGE_LOOP('',(#2522,#2523,#2524,#2525));
#479=EDGE_LOOP('',(#2526));
#480=EDGE_LOOP('',(#2527,#2528,#2529,#2530,#2531,#2532,#2533,#2534,#2535,
#2536));
#481=EDGE_LOOP('',(#2537,#2538,#2539,#2540,#2541,#2542,#2543,#2544));
#482=EDGE_LOOP('',(#2545,#2546,#2547,#2548));
#483=EDGE_LOOP('',(#2549,#2550,#2551,#2552,#2553));
#484=EDGE_LOOP('',(#2554,#2555,#2556,#2557,#2558));
#485=EDGE_LOOP('',(#2559,#2560,#2561,#2562));
#486=EDGE_LOOP('',(#2563,#2564,#2565,#2566));
#487=EDGE_LOOP('',(#2567,#2568,#2569,#2570));
#488=EDGE_LOOP('',(#2571,#2572,#2573,#2574,#2575));
#489=EDGE_LOOP('',(#2576,#2577,#2578,#2579,#2580,#2581));
#490=EDGE_LOOP('',(#2582,#2583,#2584,#2585));
#491=EDGE_LOOP('',(#2586,#2587,#2588,#2589,#2590,#2591,#2592,#2593,#2594,
#2595,#2596,#2597,#2598,#2599,#2600,#2601));
#492=EDGE_LOOP('',(#2602));
#493=EDGE_LOOP('',(#2603));
#494=EDGE_LOOP('',(#2604));
#495=EDGE_LOOP('',(#2605,#2606,#2607,#2608));
#496=EDGE_LOOP('',(#2609,#2610,#2611,#2612));
#497=EDGE_LOOP('',(#2613,#2614,#2615,#2616,#2617,#2618));
#498=EDGE_LOOP('',(#2619,#2620,#2621));
#499=EDGE_LOOP('',(#2622,#2623,#2624,#2625));
#500=EDGE_LOOP('',(#2626,#2627,#2628));
#501=EDGE_LOOP('',(#2629,#2630,#2631,#2632));
#502=EDGE_LOOP('',(#2633,#2634,#2635,#2636));
#503=EDGE_LOOP('',(#2637,#2638,#2639,#2640));
#504=EDGE_LOOP('',(#2641,#2642,#2643,#2644));
#505=EDGE_LOOP('',(#2645,#2646,#2647,#2648));
#506=EDGE_LOOP('',(#2649,#2650,#2651,#2652));
#507=EDGE_LOOP('',(#2653,#2654,#2655,#2656,#2657,#2658,#2659,#2660,#2661,
#2662,#2663,#2664,#2665,#2666,#2667,#2668,#2669));
#508=EDGE_LOOP('',(#2670));
#509=EDGE_LOOP('',(#2671));
#510=EDGE_LOOP('',(#2672));
#511=EDGE_LOOP('',(#2673,#2674));
#512=EDGE_LOOP('',(#2675));
#513=EDGE_LOOP('',(#2676));
#514=EDGE_LOOP('',(#2677,#2678,#2679,#2680));
#515=EDGE_LOOP('',(#2681,#2682,#2683,#2684));
#516=EDGE_LOOP('',(#2685,#2686,#2687,#2688));
#517=EDGE_LOOP('',(#2689,#2690,#2691,#2692));
#518=EDGE_LOOP('',(#2693,#2694,#2695,#2696));
#519=EDGE_LOOP('',(#2697,#2698,#2699,#2700));
#520=EDGE_LOOP('',(#2701,#2702,#2703,#2704));
#521=EDGE_LOOP('',(#2705,#2706,#2707,#2708));
#522=EDGE_LOOP('',(#2709,#2710,#2711,#2712));
#523=EDGE_LOOP('',(#2713,#2714,#2715,#2716));
#524=EDGE_LOOP('',(#2717,#2718,#2719,#2720));
#525=EDGE_LOOP('',(#2721,#2722,#2723,#2724));
#526=EDGE_LOOP('',(#2725,#2726,#2727,#2728));
#527=EDGE_LOOP('',(#2729,#2730,#2731,#2732));
#528=EDGE_LOOP('',(#2733,#2734,#2735,#2736));
#529=EDGE_LOOP('',(#2737,#2738,#2739,#2740));
#530=EDGE_LOOP('',(#2741,#2742,#2743,#2744));
#531=EDGE_LOOP('',(#2745,#2746,#2747,#2748));
#532=EDGE_LOOP('',(#2749,#2750,#2751,#2752));
#533=EDGE_LOOP('',(#2753,#2754,#2755,#2756));
#534=EDGE_LOOP('',(#2757,#2758,#2759,#2760));
#535=EDGE_LOOP('',(#2761,#2762,#2763,#2764));
#536=EDGE_LOOP('',(#2765,#2766,#2767,#2768));
#537=EDGE_LOOP('',(#2769,#2770,#2771,#2772));
#538=EDGE_LOOP('',(#2773,#2774,#2775,#2776));
#539=EDGE_LOOP('',(#2777,#2778,#2779,#2780));
#540=EDGE_LOOP('',(#2781,#2782,#2783,#2784));
#541=EDGE_LOOP('',(#2785,#2786,#2787));
#542=EDGE_LOOP('',(#2788,#2789,#2790,#2791));
#543=EDGE_LOOP('',(#2792,#2793,#2794));
#544=EDGE_LOOP('',(#2795,#2796,#2797,#2798));
#545=EDGE_LOOP('',(#2799,#2800,#2801,#2802));
#546=EDGE_LOOP('',(#2803,#2804,#2805,#2806));
#547=EDGE_LOOP('',(#2807,#2808,#2809,#2810));
#548=EDGE_LOOP('',(#2811,#2812,#2813,#2814));
#549=EDGE_LOOP('',(#2815,#2816,#2817,#2818));
#550=EDGE_LOOP('',(#2819,#2820,#2821,#2822));
#551=EDGE_LOOP('',(#2823,#2824,#2825,#2826));
#552=EDGE_LOOP('',(#2827,#2828,#2829,#2830,#2831));
#553=EDGE_LOOP('',(#2832,#2833,#2834));
#554=EDGE_LOOP('',(#2835,#2836,#2837,#2838,#2839));
#555=EDGE_LOOP('',(#2840,#2841,#2842));
#556=EDGE_LOOP('',(#2843,#2844,#2845,#2846,#2847,#2848,#2849,#2850));
#557=EDGE_LOOP('',(#2851,#2852,#2853,#2854,#2855,#2856,#2857,#2858));
#558=EDGE_LOOP('',(#2859,#2860,#2861));
#559=EDGE_LOOP('',(#2862,#2863,#2864,#2865,#2866));
#560=EDGE_LOOP('',(#2867,#2868,#2869));
#561=EDGE_LOOP('',(#2870,#2871,#2872,#2873,#2874));
#562=EDGE_LOOP('',(#2875,#2876,#2877,#2878));
#563=EDGE_LOOP('',(#2879));
#564=EDGE_LOOP('',(#2880));
#565=EDGE_LOOP('',(#2881,#2882));
#566=EDGE_LOOP('',(#2883,#2884,#2885,#2886));
#567=EDGE_LOOP('',(#2887,#2888,#2889,#2890));
#568=EDGE_LOOP('',(#2891,#2892,#2893,#2894));
#569=EDGE_LOOP('',(#2895,#2896,#2897,#2898));
#570=EDGE_LOOP('',(#2899,#2900,#2901,#2902));
#571=EDGE_LOOP('',(#2903));
#572=EDGE_LOOP('',(#2904,#2905,#2906,#2907));
#573=EDGE_LOOP('',(#2908,#2909,#2910,#2911,#2912));
#574=EDGE_LOOP('',(#2913,#2914,#2915,#2916));
#575=EDGE_LOOP('',(#2917));
#576=EDGE_LOOP('',(#2918,#2919,#2920,#2921,#2922,#2923,#2924,#2925));
#577=EDGE_LOOP('',(#2926,#2927,#2928,#2929,#2930,#2931,#2932,#2933));
#578=EDGE_LOOP('',(#2934,#2935,#2936,#2937,#2938));
#579=EDGE_LOOP('',(#2939,#2940,#2941,#2942));
#580=EDGE_LOOP('',(#2943,#2944,#2945,#2946,#2947,#2948,#2949,#2950));
#581=EDGE_LOOP('',(#2951,#2952,#2953,#2954));
#582=EDGE_LOOP('',(#2955,#2956,#2957,#2958));
#583=EDGE_LOOP('',(#2959,#2960,#2961,#2962));
#584=EDGE_LOOP('',(#2963,#2964,#2965,#2966));
#585=EDGE_LOOP('',(#2967));
#586=EDGE_LOOP('',(#2968,#2969,#2970,#2971));
#587=EDGE_LOOP('',(#2972,#2973,#2974,#2975));
#588=EDGE_LOOP('',(#2976,#2977,#2978,#2979));
#589=EDGE_LOOP('',(#2980,#2981,#2982,#2983,#2984,#2985,#2986));
#590=EDGE_LOOP('',(#2987,#2988,#2989,#2990));
#591=EDGE_LOOP('',(#2991));
#592=EDGE_LOOP('',(#2992,#2993,#2994,#2995,#2996,#2997,#2998,#2999));
#593=EDGE_LOOP('',(#3000,#3001,#3002));
#594=EDGE_LOOP('',(#3003,#3004,#3005));
#595=EDGE_LOOP('',(#3006,#3007,#3008,#3009));
#596=EDGE_LOOP('',(#3010,#3011,#3012,#3013));
#597=EDGE_LOOP('',(#3014,#3015,#3016,#3017));
#598=EDGE_LOOP('',(#3018,#3019,#3020,#3021,#3022,#3023,#3024,#3025));
#599=EDGE_LOOP('',(#3026,#3027,#3028,#3029));
#600=EDGE_LOOP('',(#3030,#3031,#3032,#3033));
#601=EDGE_LOOP('',(#3034,#3035,#3036,#3037));
#602=EDGE_LOOP('',(#3038,#3039,#3040,#3041));
#603=EDGE_LOOP('',(#3042,#3043,#3044,#3045,#3046,#3047,#3048,#3049));
#604=EDGE_LOOP('',(#3050,#3051,#3052,#3053));
#605=EDGE_LOOP('',(#3054,#3055,#3056,#3057));
#606=EDGE_LOOP('',(#3058,#3059,#3060,#3061,#3062,#3063,#3064,#3065));
#607=EDGE_LOOP('',(#3066,#3067,#3068,#3069));
#608=EDGE_LOOP('',(#3070,#3071,#3072,#3073));
#609=EDGE_LOOP('',(#3074,#3075,#3076,#3077,#3078,#3079,#3080,#3081));
#610=EDGE_LOOP('',(#3082,#3083,#3084,#3085));
#611=EDGE_LOOP('',(#3086,#3087,#3088,#3089));
#612=EDGE_LOOP('',(#3090,#3091,#3092,#3093,#3094,#3095,#3096,#3097,#3098,
#3099,#3100,#3101,#3102));
#613=EDGE_LOOP('',(#3103,#3104,#3105,#3106,#3107));
#614=EDGE_LOOP('',(#3108,#3109,#3110,#3111,#3112,#3113,#3114,#3115,#3116,
#3117,#3118,#3119,#3120));
#615=EDGE_LOOP('',(#3121,#3122,#3123,#3124));
#616=EDGE_LOOP('',(#3125,#3126,#3127,#3128));
#617=EDGE_LOOP('',(#3129,#3130,#3131,#3132));
#618=EDGE_LOOP('',(#3133,#3134,#3135,#3136));
#619=EDGE_LOOP('',(#3137,#3138,#3139,#3140));
#620=EDGE_LOOP('',(#3141,#3142,#3143,#3144));
#621=EDGE_LOOP('',(#3145,#3146,#3147,#3148));
#622=EDGE_LOOP('',(#3149,#3150,#3151,#3152));
#623=EDGE_LOOP('',(#3153,#3154,#3155,#3156));
#624=EDGE_LOOP('',(#3157,#3158,#3159,#3160));
#625=EDGE_LOOP('',(#3161,#3162,#3163,#3164));
#626=EDGE_LOOP('',(#3165,#3166,#3167,#3168));
#627=EDGE_LOOP('',(#3169,#3170,#3171,#3172));
#628=EDGE_LOOP('',(#3173,#3174,#3175,#3176));
#629=EDGE_LOOP('',(#3177,#3178,#3179,#3180));
#630=EDGE_LOOP('',(#3181,#3182,#3183,#3184));
#631=EDGE_LOOP('',(#3185,#3186,#3187,#3188));
#632=EDGE_LOOP('',(#3189,#3190,#3191,#3192));
#633=EDGE_LOOP('',(#3193,#3194,#3195,#3196));
#634=EDGE_LOOP('',(#3197,#3198,#3199,#3200));
#635=EDGE_LOOP('',(#3201,#3202,#3203,#3204));
#636=EDGE_LOOP('',(#3205,#3206,#3207,#3208));
#637=EDGE_LOOP('',(#3209,#3210,#3211,#3212));
#638=EDGE_LOOP('',(#3213,#3214,#3215,#3216));
#639=EDGE_LOOP('',(#3217,#3218,#3219,#3220));
#640=EDGE_LOOP('',(#3221,#3222,#3223,#3224));
#641=EDGE_LOOP('',(#3225,#3226,#3227,#3228));
#642=EDGE_LOOP('',(#3229,#3230,#3231,#3232));
#643=EDGE_LOOP('',(#3233,#3234,#3235,#3236));
#644=EDGE_LOOP('',(#3237,#3238,#3239,#3240));
#645=EDGE_LOOP('',(#3241,#3242,#3243,#3244));
#646=EDGE_LOOP('',(#3245,#3246,#3247,#3248));
#647=EDGE_LOOP('',(#3249,#3250,#3251,#3252));
#648=EDGE_LOOP('',(#3253,#3254,#3255,#3256));
#649=EDGE_LOOP('',(#3257,#3258,#3259,#3260));
#650=EDGE_LOOP('',(#3261,#3262,#3263,#3264));
#651=EDGE_LOOP('',(#3265,#3266,#3267,#3268));
#652=EDGE_LOOP('',(#3269,#3270,#3271,#3272));
#653=EDGE_LOOP('',(#3273,#3274,#3275,#3276));
#654=EDGE_LOOP('',(#3277,#3278,#3279,#3280));
#655=EDGE_LOOP('',(#3281,#3282,#3283,#3284));
#656=EDGE_LOOP('',(#3285,#3286,#3287,#3288));
#657=EDGE_LOOP('',(#3289,#3290,#3291,#3292));
#658=EDGE_LOOP('',(#3293,#3294,#3295,#3296));
#659=EDGE_LOOP('',(#3297,#3298,#3299,#3300));
#660=EDGE_LOOP('',(#3301,#3302,#3303,#3304));
#661=EDGE_LOOP('',(#3305,#3306,#3307,#3308));
#662=EDGE_LOOP('',(#3309,#3310,#3311,#3312));
#663=EDGE_LOOP('',(#3313,#3314,#3315,#3316));
#664=EDGE_LOOP('',(#3317,#3318,#3319,#3320));
#665=EDGE_LOOP('',(#3321,#3322,#3323,#3324));
#666=EDGE_LOOP('',(#3325,#3326,#3327,#3328));
#667=EDGE_LOOP('',(#3329,#3330,#3331,#3332));
#668=EDGE_LOOP('',(#3333,#3334,#3335,#3336));
#669=EDGE_LOOP('',(#3337,#3338,#3339,#3340));
#670=EDGE_LOOP('',(#3341,#3342,#3343,#3344));
#671=EDGE_LOOP('',(#3345,#3346,#3347,#3348));
#672=EDGE_LOOP('',(#3349,#3350,#3351,#3352,#3353,#3354,#3355,#3356,#3357,
#3358,#3359,#3360,#3361,#3362,#3363,#3364,#3365,#3366,#3367,#3368,#3369,
#3370,#3371,#3372,#3373,#3374,#3375,#3376,#3377,#3378,#3379,#3380,#3381,
#3382,#3383,#3384,#3385,#3386,#3387,#3388,#3389,#3390,#3391,#3392,#3393,
#3394,#3395,#3396,#3397,#3398,#3399,#3400));
#673=EDGE_LOOP('',(#3401));
#674=EDGE_LOOP('',(#3402));
#675=EDGE_LOOP('',(#3403));
#676=EDGE_LOOP('',(#3404));
#677=EDGE_LOOP('',(#3405,#3406,#3407,#3408,#3409,#3410,#3411,#3412,#3413,
#3414,#3415,#3416,#3417,#3418,#3419,#3420,#3421,#3422,#3423,#3424,#3425,
#3426,#3427,#3428,#3429,#3430,#3431,#3432,#3433,#3434,#3435,#3436,#3437,
#3438,#3439,#3440,#3441,#3442,#3443,#3444,#3445,#3446,#3447,#3448,#3449,
#3450,#3451,#3452,#3453,#3454,#3455,#3456));
#678=EDGE_LOOP('',(#3457));
#679=EDGE_LOOP('',(#3458));
#680=EDGE_LOOP('',(#3459));
#681=EDGE_LOOP('',(#3460));
#682=EDGE_LOOP('',(#3461,#3462,#3463,#3464));
#683=EDGE_LOOP('',(#3465,#3466,#3467,#3468));
#684=EDGE_LOOP('',(#3469,#3470,#3471,#3472));
#685=EDGE_LOOP('',(#3473,#3474,#3475,#3476));
#686=EDGE_LOOP('',(#3477,#3478,#3479,#3480));
#687=EDGE_LOOP('',(#3481,#3482,#3483,#3484));
#688=EDGE_LOOP('',(#3485,#3486,#3487,#3488));
#689=EDGE_LOOP('',(#3489,#3490,#3491,#3492));
#690=EDGE_LOOP('',(#3493,#3494,#3495,#3496));
#691=EDGE_LOOP('',(#3497,#3498,#3499,#3500));
#692=EDGE_LOOP('',(#3501,#3502,#3503,#3504,#3505,#3506,#3507,#3508));
#693=EDGE_LOOP('',(#3509));
#694=EDGE_LOOP('',(#3510));
#695=EDGE_LOOP('',(#3511,#3512,#3513,#3514,#3515,#3516,#3517,#3518));
#696=EDGE_LOOP('',(#3519));
#697=EDGE_LOOP('',(#3520));
#698=EDGE_LOOP('',(#3521,#3522,#3523,#3524));
#699=EDGE_LOOP('',(#3525,#3526,#3527,#3528));
#700=EDGE_LOOP('',(#3529,#3530,#3531,#3532));
#701=EDGE_LOOP('',(#3533,#3534,#3535,#3536));
#702=EDGE_LOOP('',(#3537,#3538,#3539,#3540));
#703=EDGE_LOOP('',(#3541,#3542,#3543,#3544));
#704=EDGE_LOOP('',(#3545,#3546,#3547,#3548));
#705=EDGE_LOOP('',(#3549,#3550,#3551,#3552));
#706=EDGE_LOOP('',(#3553,#3554,#3555,#3556));
#707=EDGE_LOOP('',(#3557,#3558,#3559,#3560));
#708=EDGE_LOOP('',(#3561,#3562,#3563,#3564,#3565,#3566,#3567,#3568));
#709=EDGE_LOOP('',(#3569));
#710=EDGE_LOOP('',(#3570));
#711=EDGE_LOOP('',(#3571,#3572,#3573,#3574,#3575,#3576,#3577,#3578));
#712=EDGE_LOOP('',(#3579));
#713=EDGE_LOOP('',(#3580));
#714=LINE('',#5576,#1019);
#715=LINE('',#5582,#1020);
#716=LINE('',#5587,#1021);
#717=LINE('',#5589,#1022);
#718=LINE('',#5591,#1023);
#719=LINE('',#5592,#1024);
#720=LINE('',#5595,#1025);
#721=LINE('',#5597,#1026);
#722=LINE('',#5598,#1027);
#723=LINE('',#5602,#1028);
#724=LINE('',#5603,#1029);
#725=LINE('',#5604,#1030);
#726=LINE('',#5607,#1031);
#727=LINE('',#5609,#1032);
#728=LINE('',#5610,#1033);
#729=LINE('',#5613,#1034);
#730=LINE('',#5615,#1035);
#731=LINE('',#5616,#1036);
#732=LINE('',#5674,#1037);
#733=LINE('',#5676,#1038);
#734=LINE('',#5678,#1039);
#735=LINE('',#5680,#1040);
#736=LINE('',#5681,#1041);
#737=LINE('',#5684,#1042);
#738=LINE('',#5686,#1043);
#739=LINE('',#5687,#1044);
#740=LINE('',#5690,#1045);
#741=LINE('',#5692,#1046);
#742=LINE('',#5693,#1047);
#743=LINE('',#5695,#1048);
#744=LINE('',#5696,#1049);
#745=LINE('',#5700,#1050);
#746=LINE('',#5704,#1051);
#747=LINE('',#5707,#1052);
#748=LINE('',#5717,#1053);
#749=LINE('',#5718,#1054);
#750=LINE('',#5736,#1055);
#751=LINE('',#5745,#1056);
#752=LINE('',#5752,#1057);
#753=LINE('',#5765,#1058);
#754=LINE('',#5767,#1059);
#755=LINE('',#5769,#1060);
#756=LINE('',#5783,#1061);
#757=LINE('',#5787,#1062);
#758=LINE('',#5789,#1063);
#759=LINE('',#5793,#1064);
#760=LINE('',#5797,#1065);
#761=LINE('',#5801,#1066);
#762=LINE('',#5805,#1067);
#763=LINE('',#5809,#1068);
#764=LINE('',#5812,#1069);
#765=LINE('',#5821,#1070);
#766=LINE('',#5823,#1071);
#767=LINE('',#5825,#1072);
#768=LINE('',#5826,#1073);
#769=LINE('',#5829,#1074);
#770=LINE('',#5845,#1075);
#771=LINE('',#5846,#1076);
#772=LINE('',#5885,#1077);
#773=LINE('',#5919,#1078);
#774=LINE('',#5923,#1079);
#775=LINE('',#5926,#1080);
#776=LINE('',#5940,#1081);
#777=LINE('',#5941,#1082);
#778=LINE('',#5943,#1083);
#779=LINE('',#5946,#1084);
#780=LINE('',#5950,#1085);
#781=LINE('',#5954,#1086);
#782=LINE('',#5958,#1087);
#783=LINE('',#5962,#1088);
#784=LINE('',#5966,#1089);
#785=LINE('',#5968,#1090);
#786=LINE('',#5999,#1091);
#787=LINE('',#6012,#1092);
#788=LINE('',#6013,#1093);
#789=LINE('',#6015,#1094);
#790=LINE('',#6018,#1095);
#791=LINE('',#6031,#1096);
#792=LINE('',#6032,#1097);
#793=LINE('',#6034,#1098);
#794=LINE('',#6037,#1099);
#795=LINE('',#6050,#1100);
#796=LINE('',#6051,#1101);
#797=LINE('',#6053,#1102);
#798=LINE('',#6056,#1103);
#799=LINE('',#6069,#1104);
#800=LINE('',#6070,#1105);
#801=LINE('',#6072,#1106);
#802=LINE('',#6087,#1107);
#803=LINE('',#6088,#1108);
#804=LINE('',#6091,#1109);
#805=LINE('',#6095,#1110);
#806=LINE('',#6096,#1111);
#807=LINE('',#6158,#1112);
#808=LINE('',#6160,#1113);
#809=LINE('',#6553,#1114);
#810=LINE('',#6557,#1115);
#811=LINE('',#6561,#1116);
#812=LINE('',#6563,#1117);
#813=LINE('',#6565,#1118);
#814=LINE('',#6566,#1119);
#815=LINE('',#6569,#1120);
#816=LINE('',#6571,#1121);
#817=LINE('',#6572,#1122);
#818=LINE('',#6574,#1123);
#819=LINE('',#6575,#1124);
#820=LINE('',#6578,#1125);
#821=LINE('',#6580,#1126);
#822=LINE('',#6581,#1127);
#823=LINE('',#6585,#1128);
#824=LINE('',#6587,#1129);
#825=LINE('',#6589,#1130);
#826=LINE('',#6591,#1131);
#827=LINE('',#6592,#1132);
#828=LINE('',#6594,#1133);
#829=LINE('',#6595,#1134);
#830=LINE('',#6597,#1135);
#831=LINE('',#6599,#1136);
#832=LINE('',#6602,#1137);
#833=LINE('',#6606,#1138);
#834=LINE('',#6611,#1139);
#835=LINE('',#6613,#1140);
#836=LINE('',#6615,#1141);
#837=LINE('',#6621,#1142);
#838=LINE('',#6629,#1143);
#839=LINE('',#6632,#1144);
#840=LINE('',#6637,#1145);
#841=LINE('',#6644,#1146);
#842=LINE('',#6657,#1147);
#843=LINE('',#6659,#1148);
#844=LINE('',#6660,#1149);
#845=LINE('',#6663,#1150);
#846=LINE('',#6664,#1151);
#847=LINE('',#6667,#1152);
#848=LINE('',#6668,#1153);
#849=LINE('',#6672,#1154);
#850=LINE('',#6674,#1155);
#851=LINE('',#6676,#1156);
#852=LINE('',#6677,#1157);
#853=LINE('',#6683,#1158);
#854=LINE('',#6686,#1159);
#855=LINE('',#6688,#1160);
#856=LINE('',#6689,#1161);
#857=LINE('',#6692,#1162);
#858=LINE('',#6694,#1163);
#859=LINE('',#6696,#1164);
#860=LINE('',#6698,#1165);
#861=LINE('',#6699,#1166);
#862=LINE('',#6702,#1167);
#863=LINE('',#6703,#1168);
#864=LINE('',#6709,#1169);
#865=LINE('',#6712,#1170);
#866=LINE('',#6715,#1171);
#867=LINE('',#6717,#1172);
#868=LINE('',#6718,#1173);
#869=LINE('',#6721,#1174);
#870=LINE('',#6723,#1175);
#871=LINE('',#6724,#1176);
#872=LINE('',#6727,#1177);
#873=LINE('',#6729,#1178);
#874=LINE('',#6731,#1179);
#875=LINE('',#6733,#1180);
#876=LINE('',#6734,#1181);
#877=LINE('',#6737,#1182);
#878=LINE('',#6738,#1183);
#879=LINE('',#6741,#1184);
#880=LINE('',#6742,#1185);
#881=LINE('',#6745,#1186);
#882=LINE('',#6747,#1187);
#883=LINE('',#6748,#1188);
#884=LINE('',#6751,#1189);
#885=LINE('',#6753,#1190);
#886=LINE('',#6754,#1191);
#887=LINE('',#6756,#1192);
#888=LINE('',#6757,#1193);
#889=LINE('',#6760,#1194);
#890=LINE('',#6762,#1195);
#891=LINE('',#6764,#1196);
#892=LINE('',#6765,#1197);
#893=LINE('',#6767,#1198);
#894=LINE('',#6770,#1199);
#895=LINE('',#6772,#1200);
#896=LINE('',#6773,#1201);
#897=LINE('',#6775,#1202);
#898=LINE('',#6776,#1203);
#899=LINE('',#6778,#1204);
#900=LINE('',#6780,#1205);
#901=LINE('',#6787,#1206);
#902=LINE('',#6793,#1207);
#903=LINE('',#6799,#1208);
#904=LINE('',#6805,#1209);
#905=LINE('',#6812,#1210);
#906=LINE('',#6815,#1211);
#907=LINE('',#6818,#1212);
#908=LINE('',#6820,#1213);
#909=LINE('',#6821,#1214);
#910=LINE('',#6827,#1215);
#911=LINE('',#6833,#1216);
#912=LINE('',#6836,#1217);
#913=LINE('',#6838,#1218);
#914=LINE('',#6839,#1219);
#915=LINE('',#6845,#1220);
#916=LINE('',#6851,#1221);
#917=LINE('',#6857,#1222);
#918=LINE('',#6860,#1223);
#919=LINE('',#6862,#1224);
#920=LINE('',#6863,#1225);
#921=LINE('',#6869,#1226);
#922=LINE('',#6875,#1227);
#923=LINE('',#6881,#1228);
#924=LINE('',#6884,#1229);
#925=LINE('',#6886,#1230);
#926=LINE('',#6887,#1231);
#927=LINE('',#6893,#1232);
#928=LINE('',#6899,#1233);
#929=LINE('',#6905,#1234);
#930=LINE('',#6908,#1235);
#931=LINE('',#6910,#1236);
#932=LINE('',#6911,#1237);
#933=LINE('',#6917,#1238);
#934=LINE('',#6923,#1239);
#935=LINE('',#6929,#1240);
#936=LINE('',#6932,#1241);
#937=LINE('',#6934,#1242);
#938=LINE('',#6935,#1243);
#939=LINE('',#6941,#1244);
#940=LINE('',#6947,#1245);
#941=LINE('',#6953,#1246);
#942=LINE('',#6956,#1247);
#943=LINE('',#6958,#1248);
#944=LINE('',#6959,#1249);
#945=LINE('',#6965,#1250);
#946=LINE('',#6971,#1251);
#947=LINE('',#6977,#1252);
#948=LINE('',#6980,#1253);
#949=LINE('',#6982,#1254);
#950=LINE('',#6983,#1255);
#951=LINE('',#6989,#1256);
#952=LINE('',#6995,#1257);
#953=LINE('',#7001,#1258);
#954=LINE('',#7004,#1259);
#955=LINE('',#7006,#1260);
#956=LINE('',#7007,#1261);
#957=LINE('',#7013,#1262);
#958=LINE('',#7019,#1263);
#959=LINE('',#7025,#1264);
#960=LINE('',#7028,#1265);
#961=LINE('',#7030,#1266);
#962=LINE('',#7031,#1267);
#963=LINE('',#7037,#1268);
#964=LINE('',#7043,#1269);
#965=LINE('',#7049,#1270);
#966=LINE('',#7052,#1271);
#967=LINE('',#7054,#1272);
#968=LINE('',#7055,#1273);
#969=LINE('',#7061,#1274);
#970=LINE('',#7067,#1275);
#971=LINE('',#7073,#1276);
#972=LINE('',#7076,#1277);
#973=LINE('',#7078,#1278);
#974=LINE('',#7079,#1279);
#975=LINE('',#7085,#1280);
#976=LINE('',#7091,#1281);
#977=LINE('',#7097,#1282);
#978=LINE('',#7100,#1283);
#979=LINE('',#7102,#1284);
#980=LINE('',#7103,#1285);
#981=LINE('',#7109,#1286);
#982=LINE('',#7115,#1287);
#983=LINE('',#7117,#1288);
#984=LINE('',#7118,#1289);
#985=LINE('',#7127,#1290);
#986=LINE('',#7130,#1291);
#987=LINE('',#7135,#1292);
#988=LINE('',#7142,#1293);
#989=LINE('',#7145,#1294);
#990=LINE('',#7147,#1295);
#991=LINE('',#7148,#1296);
#992=LINE('',#7154,#1297);
#993=LINE('',#7157,#1298);
#994=LINE('',#7165,#1299);
#995=LINE('',#7168,#1300);
#996=LINE('',#7169,#1301);
#997=LINE('',#7174,#1302);
#998=LINE('',#7180,#1303);
#999=LINE('',#7282,#1304);
#1000=LINE('',#7299,#1305);
#1001=LINE('',#7303,#1306);
#1002=LINE('',#7305,#1307);
#1003=LINE('',#7307,#1308);
#1004=LINE('',#7308,#1309);
#1005=LINE('',#7439,#1310);
#1006=LINE('',#7462,#1311);
#1007=LINE('',#7464,#1312);
#1008=LINE('',#7465,#1313);
#1009=LINE('',#7467,#1314);
#1010=LINE('',#7468,#1315);
#1011=LINE('',#7473,#1316);
#1012=LINE('',#7479,#1317);
#1013=LINE('',#7483,#1318);
#1014=LINE('',#7485,#1319);
#1015=LINE('',#7486,#1320);
#1016=LINE('',#7492,#1321);
#1017=LINE('',#7494,#1322);
#1018=LINE('',#7495,#1323);
#1019=VECTOR('',#4401,1.25);
#1020=VECTOR('',#4408,1.25);
#1021=VECTOR('',#4413,10.);
#1022=VECTOR('',#4414,10.);
#1023=VECTOR('',#4415,10.);
#1024=VECTOR('',#4416,10.);
#1025=VECTOR('',#4419,10.);
#1026=VECTOR('',#4420,10.);
#1027=VECTOR('',#4421,10.);
#1028=VECTOR('',#4424,10.);
#1029=VECTOR('',#4425,10.);
#1030=VECTOR('',#4426,10.);
#1031=VECTOR('',#4429,10.);
#1032=VECTOR('',#4430,10.);
#1033=VECTOR('',#4431,10.);
#1034=VECTOR('',#4434,10.);
#1035=VECTOR('',#4435,10.);
#1036=VECTOR('',#4436,10.);
#1037=VECTOR('',#4447,10.);
#1038=VECTOR('',#4448,10.);
#1039=VECTOR('',#4449,10.);
#1040=VECTOR('',#4450,10.);
#1041=VECTOR('',#4451,10.);
#1042=VECTOR('',#4454,10.);
#1043=VECTOR('',#4455,10.);
#1044=VECTOR('',#4456,10.);
#1045=VECTOR('',#4459,10.);
#1046=VECTOR('',#4460,10.);
#1047=VECTOR('',#4461,10.);
#1048=VECTOR('',#4464,10.);
#1049=VECTOR('',#4465,10.);
#1050=VECTOR('',#4470,10.);
#1051=VECTOR('',#4473,10.);
#1052=VECTOR('',#4476,10.);
#1053=VECTOR('',#4487,10.);
#1054=VECTOR('',#4488,10.);
#1055=VECTOR('',#4495,10.);
#1056=VECTOR('',#4508,10.);
#1057=VECTOR('',#4517,10.);
#1058=VECTOR('',#4520,10.);
#1059=VECTOR('',#4521,10.);
#1060=VECTOR('',#4522,10.);
#1061=VECTOR('',#4525,10.);
#1062=VECTOR('',#4530,10.);
#1063=VECTOR('',#4531,10.);
#1064=VECTOR('',#4534,10.);
#1065=VECTOR('',#4537,10.);
#1066=VECTOR('',#4540,10.);
#1067=VECTOR('',#4543,10.);
#1068=VECTOR('',#4546,10.);
#1069=VECTOR('',#4549,10.);
#1070=VECTOR('',#4556,10.);
#1071=VECTOR('',#4557,10.);
#1072=VECTOR('',#4558,10.);
#1073=VECTOR('',#4559,10.);
#1074=VECTOR('',#4562,10.);
#1075=VECTOR('',#4567,10.);
#1076=VECTOR('',#4568,10.);
#1077=VECTOR('',#4579,10.);
#1078=VECTOR('',#4584,10.);
#1079=VECTOR('',#4589,10.);
#1080=VECTOR('',#4592,10.);
#1081=VECTOR('',#4611,10.);
#1082=VECTOR('',#4612,10.);
#1083=VECTOR('',#4615,10.);
#1084=VECTOR('',#4618,10.);
#1085=VECTOR('',#4621,10.);
#1086=VECTOR('',#4624,10.);
#1087=VECTOR('',#4627,10.);
#1088=VECTOR('',#4630,10.);
#1089=VECTOR('',#4633,10.);
#1090=VECTOR('',#4634,10.);
#1091=VECTOR('',#4651,10.);
#1092=VECTOR('',#4670,10.);
#1093=VECTOR('',#4671,10.);
#1094=VECTOR('',#4674,10.);
#1095=VECTOR('',#4677,10.);
#1096=VECTOR('',#4696,10.);
#1097=VECTOR('',#4697,10.);
#1098=VECTOR('',#4700,10.);
#1099=VECTOR('',#4703,10.);
#1100=VECTOR('',#4722,10.);
#1101=VECTOR('',#4723,10.);
#1102=VECTOR('',#4726,10.);
#1103=VECTOR('',#4729,10.);
#1104=VECTOR('',#4748,10.);
#1105=VECTOR('',#4749,10.);
#1106=VECTOR('',#4752,10.);
#1107=VECTOR('',#4773,10.);
#1108=VECTOR('',#4774,10.);
#1109=VECTOR('',#4777,10.);
#1110=VECTOR('',#4782,10.);
#1111=VECTOR('',#4783,10.);
#1112=VECTOR('',#4810,10.);
#1113=VECTOR('',#4813,10.);
#1114=VECTOR('',#4830,1.25);
#1115=VECTOR('',#4835,1.25);
#1116=VECTOR('',#4838,10.);
#1117=VECTOR('',#4839,10.);
#1118=VECTOR('',#4840,10.);
#1119=VECTOR('',#4841,10.);
#1120=VECTOR('',#4844,10.);
#1121=VECTOR('',#4845,10.);
#1122=VECTOR('',#4846,10.);
#1123=VECTOR('',#4849,10.);
#1124=VECTOR('',#4850,10.);
#1125=VECTOR('',#4853,10.);
#1126=VECTOR('',#4854,10.);
#1127=VECTOR('',#4855,10.);
#1128=VECTOR('',#4858,10.);
#1129=VECTOR('',#4859,10.);
#1130=VECTOR('',#4860,10.);
#1131=VECTOR('',#4861,10.);
#1132=VECTOR('',#4862,10.);
#1133=VECTOR('',#4865,10.);
#1134=VECTOR('',#4866,10.);
#1135=VECTOR('',#4869,10.);
#1136=VECTOR('',#4872,10.);
#1137=VECTOR('',#4875,10.);
#1138=VECTOR('',#4880,10.);
#1139=VECTOR('',#4889,1.75);
#1140=VECTOR('',#4892,1.75);
#1141=VECTOR('',#4895,1.75);
#1142=VECTOR('',#4902,2.5);
#1143=VECTOR('',#4911,10.);
#1144=VECTOR('',#4914,10.);
#1145=VECTOR('',#4919,10.);
#1146=VECTOR('',#4928,10.);
#1147=VECTOR('',#4945,10.);
#1148=VECTOR('',#4946,10.);
#1149=VECTOR('',#4947,10.);
#1150=VECTOR('',#4950,10.);
#1151=VECTOR('',#4951,10.);
#1152=VECTOR('',#4954,10.);
#1153=VECTOR('',#4955,10.);
#1154=VECTOR('',#4958,10.);
#1155=VECTOR('',#4959,10.);
#1156=VECTOR('',#4960,10.);
#1157=VECTOR('',#4961,10.);
#1158=VECTOR('',#4968,10.);
#1159=VECTOR('',#4971,10.);
#1160=VECTOR('',#4972,10.);
#1161=VECTOR('',#4973,10.);
#1162=VECTOR('',#4976,10.);
#1163=VECTOR('',#4977,10.);
#1164=VECTOR('',#4978,10.);
#1165=VECTOR('',#4979,10.);
#1166=VECTOR('',#4980,10.);
#1167=VECTOR('',#4983,10.);
#1168=VECTOR('',#4984,10.);
#1169=VECTOR('',#4989,10.);
#1170=VECTOR('',#4992,10.);
#1171=VECTOR('',#4995,10.);
#1172=VECTOR('',#4996,10.);
#1173=VECTOR('',#4997,10.);
#1174=VECTOR('',#5000,10.);
#1175=VECTOR('',#5001,10.);
#1176=VECTOR('',#5002,10.);
#1177=VECTOR('',#5005,10.);
#1178=VECTOR('',#5006,10.);
#1179=VECTOR('',#5007,10.);
#1180=VECTOR('',#5008,10.);
#1181=VECTOR('',#5009,10.);
#1182=VECTOR('',#5012,10.);
#1183=VECTOR('',#5013,10.);
#1184=VECTOR('',#5016,10.);
#1185=VECTOR('',#5017,10.);
#1186=VECTOR('',#5020,10.);
#1187=VECTOR('',#5021,10.);
#1188=VECTOR('',#5022,10.);
#1189=VECTOR('',#5025,10.);
#1190=VECTOR('',#5026,10.);
#1191=VECTOR('',#5027,10.);
#1192=VECTOR('',#5030,10.);
#1193=VECTOR('',#5031,10.);
#1194=VECTOR('',#5034,10.);
#1195=VECTOR('',#5035,10.);
#1196=VECTOR('',#5036,10.);
#1197=VECTOR('',#5037,10.);
#1198=VECTOR('',#5040,10.);
#1199=VECTOR('',#5043,10.);
#1200=VECTOR('',#5044,10.);
#1201=VECTOR('',#5045,10.);
#1202=VECTOR('',#5048,10.);
#1203=VECTOR('',#5049,10.);
#1204=VECTOR('',#5052,10.);
#1205=VECTOR('',#5055,10.);
#1206=VECTOR('',#5064,2.4);
#1207=VECTOR('',#5071,1.3);
#1208=VECTOR('',#5078,1.3);
#1209=VECTOR('',#5085,1.75);
#1210=VECTOR('',#5092,10.);
#1211=VECTOR('',#5095,10.);
#1212=VECTOR('',#5098,10.);
#1213=VECTOR('',#5099,10.);
#1214=VECTOR('',#5100,10.);
#1215=VECTOR('',#5107,10.);
#1216=VECTOR('',#5114,10.);
#1217=VECTOR('',#5117,10.);
#1218=VECTOR('',#5118,10.);
#1219=VECTOR('',#5119,10.);
#1220=VECTOR('',#5126,10.);
#1221=VECTOR('',#5133,10.);
#1222=VECTOR('',#5140,10.);
#1223=VECTOR('',#5143,10.);
#1224=VECTOR('',#5144,10.);
#1225=VECTOR('',#5145,10.);
#1226=VECTOR('',#5152,10.);
#1227=VECTOR('',#5159,10.);
#1228=VECTOR('',#5166,10.);
#1229=VECTOR('',#5169,10.);
#1230=VECTOR('',#5170,10.);
#1231=VECTOR('',#5171,10.);
#1232=VECTOR('',#5178,10.);
#1233=VECTOR('',#5185,10.);
#1234=VECTOR('',#5192,10.);
#1235=VECTOR('',#5195,10.);
#1236=VECTOR('',#5196,10.);
#1237=VECTOR('',#5197,10.);
#1238=VECTOR('',#5204,10.);
#1239=VECTOR('',#5211,10.);
#1240=VECTOR('',#5218,10.);
#1241=VECTOR('',#5221,10.);
#1242=VECTOR('',#5222,10.);
#1243=VECTOR('',#5223,10.);
#1244=VECTOR('',#5230,10.);
#1245=VECTOR('',#5237,10.);
#1246=VECTOR('',#5244,10.);
#1247=VECTOR('',#5247,10.);
#1248=VECTOR('',#5248,10.);
#1249=VECTOR('',#5249,10.);
#1250=VECTOR('',#5256,10.);
#1251=VECTOR('',#5263,10.);
#1252=VECTOR('',#5270,10.);
#1253=VECTOR('',#5273,10.);
#1254=VECTOR('',#5274,10.);
#1255=VECTOR('',#5275,10.);
#1256=VECTOR('',#5282,10.);
#1257=VECTOR('',#5289,10.);
#1258=VECTOR('',#5296,10.);
#1259=VECTOR('',#5299,10.);
#1260=VECTOR('',#5300,10.);
#1261=VECTOR('',#5301,10.);
#1262=VECTOR('',#5308,10.);
#1263=VECTOR('',#5315,10.);
#1264=VECTOR('',#5322,10.);
#1265=VECTOR('',#5325,10.);
#1266=VECTOR('',#5326,10.);
#1267=VECTOR('',#5327,10.);
#1268=VECTOR('',#5334,10.);
#1269=VECTOR('',#5341,10.);
#1270=VECTOR('',#5348,10.);
#1271=VECTOR('',#5351,10.);
#1272=VECTOR('',#5352,10.);
#1273=VECTOR('',#5353,10.);
#1274=VECTOR('',#5360,10.);
#1275=VECTOR('',#5367,10.);
#1276=VECTOR('',#5374,10.);
#1277=VECTOR('',#5377,10.);
#1278=VECTOR('',#5378,10.);
#1279=VECTOR('',#5379,10.);
#1280=VECTOR('',#5386,10.);
#1281=VECTOR('',#5393,10.);
#1282=VECTOR('',#5400,10.);
#1283=VECTOR('',#5403,10.);
#1284=VECTOR('',#5404,10.);
#1285=VECTOR('',#5405,10.);
#1286=VECTOR('',#5412,10.);
#1287=VECTOR('',#5419,10.);
#1288=VECTOR('',#5422,10.);
#1289=VECTOR('',#5423,10.);
#1290=VECTOR('',#5434,10.);
#1291=VECTOR('',#5437,10.);
#1292=VECTOR('',#5442,10.);
#1293=VECTOR('',#5449,10.);
#1294=VECTOR('',#5452,10.);
#1295=VECTOR('',#5455,10.);
#1296=VECTOR('',#5456,10.);
#1297=VECTOR('',#5461,10.);
#1298=VECTOR('',#5464,10.);
#1299=VECTOR('',#5475,10.);
#1300=VECTOR('',#5480,10.);
#1301=VECTOR('',#5481,10.);
#1302=VECTOR('',#5486,1.5);
#1303=VECTOR('',#5493,1.5);
#1304=VECTOR('',#5502,10.);
#1305=VECTOR('',#5503,10.);
#1306=VECTOR('',#5506,10.);
#1307=VECTOR('',#5507,10.);
#1308=VECTOR('',#5508,10.);
#1309=VECTOR('',#5509,10.);
#1310=VECTOR('',#5510,10.);
#1311=VECTOR('',#5513,10.);
#1312=VECTOR('',#5514,10.);
#1313=VECTOR('',#5515,10.);
#1314=VECTOR('',#5518,10.);
#1315=VECTOR('',#5519,10.);
#1316=VECTOR('',#5524,1.75);
#1317=VECTOR('',#5531,1.75);
#1318=VECTOR('',#5536,10.);
#1319=VECTOR('',#5537,10.);
#1320=VECTOR('',#5538,10.);
#1321=VECTOR('',#5545,10.);
#1322=VECTOR('',#5548,10.);
#1323=VECTOR('',#5549,10.);
#1324=CIRCLE('',#3960,1.03775);
#1325=CIRCLE('',#3961,1.03775);
#1326=CIRCLE('',#3963,1.03775);
#1327=CIRCLE('',#3964,1.03775);
#1328=CIRCLE('',#3971,20.);
#1329=CIRCLE('',#3972,20.);
#1330=CIRCLE('',#3973,20.);
#1331=CIRCLE('',#3980,1.7);
#1332=CIRCLE('',#3981,1.7);
#1333=CIRCLE('',#3982,2.75);
#1334=CIRCLE('',#3983,6.);
#1335=CIRCLE('',#3984,6.);
#1336=CIRCLE('',#3986,2.75);
#1337=CIRCLE('',#3988,6.);
#1338=CIRCLE('',#3990,0.999999999999996);
#1339=CIRCLE('',#3992,1.);
#1340=CIRCLE('',#3993,0.7);
#1341=CIRCLE('',#3995,1.);
#1342=CIRCLE('',#3997,0.999999999999999);
#1343=CIRCLE('',#3998,0.7);
#1344=CIRCLE('',#4004,4.3);
#1345=CIRCLE('',#4005,4.3);
#1346=CIRCLE('',#4006,4.3);
#1347=CIRCLE('',#4007,4.3);
#1348=CIRCLE('',#4008,4.3);
#1349=CIRCLE('',#4009,4.3);
#1350=CIRCLE('',#4010,1.75);
#1351=CIRCLE('',#4011,1.75);
#1352=CIRCLE('',#4012,1.75);
#1353=CIRCLE('',#4016,5.);
#1354=CIRCLE('',#4020,5.);
#1355=CIRCLE('',#4023,0.7);
#1356=CIRCLE('',#4025,0.7);
#1357=CIRCLE('',#4027,0.700000000000001);
#1358=CIRCLE('',#4028,0.7);
#1359=CIRCLE('',#4029,5.);
#1360=CIRCLE('',#4031,5.);
#1361=CIRCLE('',#4032,0.700000000000001);
#1362=CIRCLE('',#4033,4.3);
#1363=CIRCLE('',#4037,4.3);
#1364=CIRCLE('',#4038,4.3);
#1365=CIRCLE('',#4039,4.3);
#1366=CIRCLE('',#4040,4.3);
#1367=CIRCLE('',#4041,4.3);
#1368=CIRCLE('',#4042,1.75);
#1369=CIRCLE('',#4043,1.75);
#1370=CIRCLE('',#4044,1.75);
#1371=CIRCLE('',#4045,6.00000000000001);
#1372=CIRCLE('',#4046,2.75);
#1373=CIRCLE('',#4047,1.03775);
#1374=CIRCLE('',#4048,1.03775);
#1375=CIRCLE('',#4050,0.7);
#1376=CIRCLE('',#4052,0.7);
#1377=CIRCLE('',#4053,0.7);
#1378=CIRCLE('',#4054,5.);
#1379=CIRCLE('',#4056,5.);
#1380=CIRCLE('',#4057,0.699999999999997);
#1381=CIRCLE('',#4061,0.7);
#1382=CIRCLE('',#4063,0.699999999999997);
#1383=CIRCLE('',#4064,0.7);
#1384=CIRCLE('',#4065,5.);
#1385=CIRCLE('',#4067,5.);
#1386=CIRCLE('',#4068,0.700000000000003);
#1387=CIRCLE('',#4072,0.7);
#1388=CIRCLE('',#4074,0.700000000000003);
#1389=CIRCLE('',#4075,0.7);
#1390=CIRCLE('',#4076,5.);
#1391=CIRCLE('',#4078,5.);
#1392=CIRCLE('',#4079,0.699999999999997);
#1393=CIRCLE('',#4083,0.7);
#1394=CIRCLE('',#4085,0.699999999999999);
#1395=CIRCLE('',#4086,0.7);
#1396=CIRCLE('',#4087,5.);
#1397=CIRCLE('',#4089,5.);
#1398=CIRCLE('',#4090,0.699999999999994);
#1399=CIRCLE('',#4095,0.699999999999994);
#1400=CIRCLE('',#4096,0.7);
#1401=CIRCLE('',#4097,5.);
#1402=CIRCLE('',#4099,0.7);
#1403=CIRCLE('',#4100,5.);
#1404=CIRCLE('',#4101,0.700000000000003);
#1405=CIRCLE('',#4108,5.00000000000001);
#1406=CIRCLE('',#4111,5.);
#1407=CIRCLE('',#4113,0.700000000000003);
#1408=CIRCLE('',#4121,0.699999999999998);
#1409=CIRCLE('',#4122,0.7);
#1410=CIRCLE('',#4123,6.);
#1411=CIRCLE('',#4124,6.);
#1412=CIRCLE('',#4127,1.03775);
#1413=CIRCLE('',#4129,1.03775);
#1414=CIRCLE('',#4139,6.00000000000001);
#1415=CIRCLE('',#4140,6.00000000000001);
#1416=CIRCLE('',#4142,2.75);
#1417=CIRCLE('',#4149,2.5);
#1418=CIRCLE('',#4150,2.5);
#1419=CIRCLE('',#4153,0.25);
#1420=CIRCLE('',#4154,0.25);
#1421=CIRCLE('',#4156,1.3);
#1422=CIRCLE('',#4157,1.3);
#1423=CIRCLE('',#4159,0.25);
#1424=CIRCLE('',#4160,0.25);
#1425=CIRCLE('',#4162,6.2);
#1426=CIRCLE('',#4163,6.2);
#1427=CIRCLE('',#4164,6.2);
#1428=CIRCLE('',#4165,6.2);
#1429=CIRCLE('',#4166,6.2);
#1430=CIRCLE('',#4173,1.25);
#1431=CIRCLE('',#4174,1.25);
#1432=CIRCLE('',#4179,1.25);
#1433=CIRCLE('',#4180,1.25);
#1434=CIRCLE('',#4198,2.4);
#1435=CIRCLE('',#4199,2.4);
#1436=CIRCLE('',#4201,1.3);
#1437=CIRCLE('',#4202,1.3);
#1438=CIRCLE('',#4204,1.3);
#1439=CIRCLE('',#4205,1.3);
#1440=CIRCLE('',#4207,1.75);
#1441=CIRCLE('',#4208,1.75);
#1442=CIRCLE('',#4210,4.);
#1443=CIRCLE('',#4211,4.);
#1444=CIRCLE('',#4214,12.09);
#1445=CIRCLE('',#4215,12.09);
#1446=CIRCLE('',#4217,4.94120866697575);
#1447=CIRCLE('',#4218,4.94120866697575);
#1448=CIRCLE('',#4221,4.94120866697575);
#1449=CIRCLE('',#4222,4.94120866697575);
#1450=CIRCLE('',#4224,12.09);
#1451=CIRCLE('',#4225,12.09);
#1452=CIRCLE('',#4227,4.94120866697575);
#1453=CIRCLE('',#4228,4.94120866697575);
#1454=CIRCLE('',#4231,4.94120866697575);
#1455=CIRCLE('',#4232,4.94120866697575);
#1456=CIRCLE('',#4234,12.09);
#1457=CIRCLE('',#4235,12.09);
#1458=CIRCLE('',#4237,4.94120866697575);
#1459=CIRCLE('',#4238,4.94120866697575);
#1460=CIRCLE('',#4241,4.94120866697575);
#1461=CIRCLE('',#4242,4.94120866697575);
#1462=CIRCLE('',#4244,12.09);
#1463=CIRCLE('',#4245,12.09);
#1464=CIRCLE('',#4247,4.94120866697576);
#1465=CIRCLE('',#4248,4.94120866697576);
#1466=CIRCLE('',#4251,4.94120866697575);
#1467=CIRCLE('',#4252,4.94120866697575);
#1468=CIRCLE('',#4254,12.09);
#1469=CIRCLE('',#4255,12.09);
#1470=CIRCLE('',#4257,4.94120866697575);
#1471=CIRCLE('',#4258,4.94120866697575);
#1472=CIRCLE('',#4261,4.94120866697575);
#1473=CIRCLE('',#4262,4.94120866697575);
#1474=CIRCLE('',#4264,12.09);
#1475=CIRCLE('',#4265,12.09);
#1476=CIRCLE('',#4267,4.94120866697575);
#1477=CIRCLE('',#4268,4.94120866697575);
#1478=CIRCLE('',#4271,4.94120866697575);
#1479=CIRCLE('',#4272,4.94120866697575);
#1480=CIRCLE('',#4274,12.09);
#1481=CIRCLE('',#4275,12.09);
#1482=CIRCLE('',#4277,4.94120866697575);
#1483=CIRCLE('',#4278,4.94120866697575);
#1484=CIRCLE('',#4281,4.94120866697575);
#1485=CIRCLE('',#4282,4.94120866697575);
#1486=CIRCLE('',#4284,12.09);
#1487=CIRCLE('',#4285,12.09);
#1488=CIRCLE('',#4287,4.94120866697577);
#1489=CIRCLE('',#4288,4.94120866697577);
#1490=CIRCLE('',#4291,4.94120866697575);
#1491=CIRCLE('',#4292,4.94120866697575);
#1492=CIRCLE('',#4294,12.09);
#1493=CIRCLE('',#4295,12.09);
#1494=CIRCLE('',#4297,4.94120866697575);
#1495=CIRCLE('',#4298,4.94120866697575);
#1496=CIRCLE('',#4301,4.94120866697575);
#1497=CIRCLE('',#4302,4.94120866697575);
#1498=CIRCLE('',#4304,12.09);
#1499=CIRCLE('',#4305,12.09);
#1500=CIRCLE('',#4307,4.94120866697575);
#1501=CIRCLE('',#4308,4.94120866697575);
#1502=CIRCLE('',#4311,4.94120866697576);
#1503=CIRCLE('',#4312,4.94120866697576);
#1504=CIRCLE('',#4314,12.09);
#1505=CIRCLE('',#4315,12.09);
#1506=CIRCLE('',#4317,4.94120866697576);
#1507=CIRCLE('',#4318,4.94120866697576);
#1508=CIRCLE('',#4321,4.94120866697575);
#1509=CIRCLE('',#4322,4.94120866697575);
#1510=CIRCLE('',#4324,12.09);
#1511=CIRCLE('',#4325,12.09);
#1512=CIRCLE('',#4327,4.94120866697575);
#1513=CIRCLE('',#4328,4.94120866697575);
#1514=CIRCLE('',#4331,4.94120866697575);
#1515=CIRCLE('',#4332,4.94120866697575);
#1516=CIRCLE('',#4334,12.09);
#1517=CIRCLE('',#4335,12.09);
#1518=CIRCLE('',#4341,3.);
#1519=CIRCLE('',#4342,3.);
#1520=CIRCLE('',#4344,4.);
#1521=CIRCLE('',#4345,4.);
#1522=CIRCLE('',#4347,3.);
#1523=CIRCLE('',#4348,3.);
#1524=CIRCLE('',#4351,3.);
#1525=CIRCLE('',#4352,3.);
#1526=CIRCLE('',#4354,4.);
#1527=CIRCLE('',#4355,4.);
#1528=CIRCLE('',#4357,3.);
#1529=CIRCLE('',#4358,3.);
#1530=CIRCLE('',#4361,1.5);
#1531=CIRCLE('',#4362,1.5);
#1532=CIRCLE('',#4364,1.5);
#1533=CIRCLE('',#4365,1.5);
#1534=CIRCLE('',#4373,1.75);
#1535=CIRCLE('',#4374,1.75);
#1536=CIRCLE('',#4376,1.75);
#1537=CIRCLE('',#4377,1.75);
#1538=CIRCLE('',#4380,5.);
#1539=CIRCLE('',#4381,5.);
#1540=VERTEX_POINT('',#5573);
#1541=VERTEX_POINT('',#5575);
#1542=VERTEX_POINT('',#5579);
#1543=VERTEX_POINT('',#5581);
#1544=VERTEX_POINT('',#5585);
#1545=VERTEX_POINT('',#5586);
#1546=VERTEX_POINT('',#5588);
#1547=VERTEX_POINT('',#5590);
#1548=VERTEX_POINT('',#5594);
#1549=VERTEX_POINT('',#5596);
#1550=VERTEX_POINT('',#5600);
#1551=VERTEX_POINT('',#5601);
#1552=VERTEX_POINT('',#5606);
#1553=VERTEX_POINT('',#5608);
#1554=VERTEX_POINT('',#5612);
#1555=VERTEX_POINT('',#5614);
#1556=VERTEX_POINT('',#5618);
#1557=VERTEX_POINT('',#5620);
#1558=VERTEX_POINT('',#5625);
#1559=VERTEX_POINT('',#5630);
#1560=VERTEX_POINT('',#5637);
#1561=VERTEX_POINT('',#5644);
#1562=VERTEX_POINT('',#5651);
#1563=VERTEX_POINT('',#5658);
#1564=VERTEX_POINT('',#5664);
#1565=VERTEX_POINT('',#5672);
#1566=VERTEX_POINT('',#5673);
#1567=VERTEX_POINT('',#5675);
#1568=VERTEX_POINT('',#5677);
#1569=VERTEX_POINT('',#5679);
#1570=VERTEX_POINT('',#5683);
#1571=VERTEX_POINT('',#5685);
#1572=VERTEX_POINT('',#5689);
#1573=VERTEX_POINT('',#5691);
#1574=VERTEX_POINT('',#5699);
#1575=VERTEX_POINT('',#5701);
#1576=VERTEX_POINT('',#5703);
#1577=VERTEX_POINT('',#5705);
#1578=VERTEX_POINT('',#5708);
#1579=VERTEX_POINT('',#5709);
#1580=VERTEX_POINT('',#5714);
#1581=VERTEX_POINT('',#5715);
#1582=VERTEX_POINT('',#5722);
#1583=VERTEX_POINT('',#5735);
#1584=VERTEX_POINT('',#5739);
#1585=VERTEX_POINT('',#5743);
#1586=VERTEX_POINT('',#5747);
#1587=VERTEX_POINT('',#5751);
#1588=VERTEX_POINT('',#5764);
#1589=VERTEX_POINT('',#5766);
#1590=VERTEX_POINT('',#5768);
#1591=VERTEX_POINT('',#5770);
#1592=VERTEX_POINT('',#5782);
#1593=VERTEX_POINT('',#5786);
#1594=VERTEX_POINT('',#5788);
#1595=VERTEX_POINT('',#5790);
#1596=VERTEX_POINT('',#5792);
#1597=VERTEX_POINT('',#5794);
#1598=VERTEX_POINT('',#5796);
#1599=VERTEX_POINT('',#5798);
#1600=VERTEX_POINT('',#5800);
#1601=VERTEX_POINT('',#5802);
#1602=VERTEX_POINT('',#5804);
#1603=VERTEX_POINT('',#5806);
#1604=VERTEX_POINT('',#5808);
#1605=VERTEX_POINT('',#5810);
#1606=VERTEX_POINT('',#5813);
#1607=VERTEX_POINT('',#5815);
#1608=VERTEX_POINT('',#5817);
#1609=VERTEX_POINT('',#5819);
#1610=VERTEX_POINT('',#5820);
#1611=VERTEX_POINT('',#5822);
#1612=VERTEX_POINT('',#5824);
#1613=VERTEX_POINT('',#5828);
#1614=VERTEX_POINT('',#5832);
#1615=VERTEX_POINT('',#5839);
#1616=VERTEX_POINT('',#5844);
#1617=VERTEX_POINT('',#5877);
#1618=VERTEX_POINT('',#5879);
#1619=VERTEX_POINT('',#5883);
#1620=VERTEX_POINT('',#5918);
#1621=VERTEX_POINT('',#5922);
#1622=VERTEX_POINT('',#5924);
#1623=VERTEX_POINT('',#5928);
#1624=VERTEX_POINT('',#5930);
#1625=VERTEX_POINT('',#5934);
#1626=VERTEX_POINT('',#5936);
#1627=VERTEX_POINT('',#5945);
#1628=VERTEX_POINT('',#5947);
#1629=VERTEX_POINT('',#5949);
#1630=VERTEX_POINT('',#5951);
#1631=VERTEX_POINT('',#5953);
#1632=VERTEX_POINT('',#5955);
#1633=VERTEX_POINT('',#5957);
#1634=VERTEX_POINT('',#5959);
#1635=VERTEX_POINT('',#5961);
#1636=VERTEX_POINT('',#5963);
#1637=VERTEX_POINT('',#5965);
#1638=VERTEX_POINT('',#5967);
#1639=VERTEX_POINT('',#5983);
#1640=VERTEX_POINT('',#5985);
#1641=VERTEX_POINT('',#5987);
#1642=VERTEX_POINT('',#5989);
#1643=VERTEX_POINT('',#5990);
#1644=VERTEX_POINT('',#5993);
#1645=VERTEX_POINT('',#5995);
#1646=VERTEX_POINT('',#5998);
#1647=VERTEX_POINT('',#6002);
#1648=VERTEX_POINT('',#6004);
#1649=VERTEX_POINT('',#6008);
#1650=VERTEX_POINT('',#6017);
#1651=VERTEX_POINT('',#6021);
#1652=VERTEX_POINT('',#6023);
#1653=VERTEX_POINT('',#6027);
#1654=VERTEX_POINT('',#6036);
#1655=VERTEX_POINT('',#6040);
#1656=VERTEX_POINT('',#6042);
#1657=VERTEX_POINT('',#6046);
#1658=VERTEX_POINT('',#6055);
#1659=VERTEX_POINT('',#6059);
#1660=VERTEX_POINT('',#6061);
#1661=VERTEX_POINT('',#6065);
#1662=VERTEX_POINT('',#6075);
#1663=VERTEX_POINT('',#6077);
#1664=VERTEX_POINT('',#6081);
#1665=VERTEX_POINT('',#6083);
#1666=VERTEX_POINT('',#6090);
#1667=VERTEX_POINT('',#6094);
#1668=VERTEX_POINT('',#6182);
#1669=VERTEX_POINT('',#6214);
#1670=VERTEX_POINT('',#6240);
#1671=VERTEX_POINT('',#6273);
#1672=VERTEX_POINT('',#6311);
#1673=VERTEX_POINT('',#6337);
#1674=VERTEX_POINT('',#6378);
#1675=VERTEX_POINT('',#6421);
#1676=VERTEX_POINT('',#6551);
#1677=VERTEX_POINT('',#6555);
#1678=VERTEX_POINT('',#6559);
#1679=VERTEX_POINT('',#6560);
#1680=VERTEX_POINT('',#6562);
#1681=VERTEX_POINT('',#6564);
#1682=VERTEX_POINT('',#6568);
#1683=VERTEX_POINT('',#6570);
#1684=VERTEX_POINT('',#6577);
#1685=VERTEX_POINT('',#6579);
#1686=VERTEX_POINT('',#6583);
#1687=VERTEX_POINT('',#6584);
#1688=VERTEX_POINT('',#6586);
#1689=VERTEX_POINT('',#6588);
#1690=VERTEX_POINT('',#6590);
#1691=VERTEX_POINT('',#6601);
#1692=VERTEX_POINT('',#6604);
#1693=VERTEX_POINT('',#6618);
#1694=VERTEX_POINT('',#6620);
#1695=VERTEX_POINT('',#6625);
#1696=VERTEX_POINT('',#6626);
#1697=VERTEX_POINT('',#6628);
#1698=VERTEX_POINT('',#6630);
#1699=VERTEX_POINT('',#6634);
#1700=VERTEX_POINT('',#6636);
#1701=VERTEX_POINT('',#6640);
#1702=VERTEX_POINT('',#6642);
#1703=VERTEX_POINT('',#6646);
#1704=VERTEX_POINT('',#6648);
#1705=VERTEX_POINT('',#6650);
#1706=VERTEX_POINT('',#6656);
#1707=VERTEX_POINT('',#6658);
#1708=VERTEX_POINT('',#6662);
#1709=VERTEX_POINT('',#6666);
#1710=VERTEX_POINT('',#6670);
#1711=VERTEX_POINT('',#6671);
#1712=VERTEX_POINT('',#6673);
#1713=VERTEX_POINT('',#6675);
#1714=VERTEX_POINT('',#6679);
#1715=VERTEX_POINT('',#6681);
#1716=VERTEX_POINT('',#6685);
#1717=VERTEX_POINT('',#6687);
#1718=VERTEX_POINT('',#6691);
#1719=VERTEX_POINT('',#6693);
#1720=VERTEX_POINT('',#6695);
#1721=VERTEX_POINT('',#6697);
#1722=VERTEX_POINT('',#6701);
#1723=VERTEX_POINT('',#6705);
#1724=VERTEX_POINT('',#6706);
#1725=VERTEX_POINT('',#6708);
#1726=VERTEX_POINT('',#6710);
#1727=VERTEX_POINT('',#6714);
#1728=VERTEX_POINT('',#6716);
#1729=VERTEX_POINT('',#6720);
#1730=VERTEX_POINT('',#6722);
#1731=VERTEX_POINT('',#6726);
#1732=VERTEX_POINT('',#6728);
#1733=VERTEX_POINT('',#6730);
#1734=VERTEX_POINT('',#6732);
#1735=VERTEX_POINT('',#6736);
#1736=VERTEX_POINT('',#6740);
#1737=VERTEX_POINT('',#6744);
#1738=VERTEX_POINT('',#6746);
#1739=VERTEX_POINT('',#6750);
#1740=VERTEX_POINT('',#6752);
#1741=VERTEX_POINT('',#6759);
#1742=VERTEX_POINT('',#6761);
#1743=VERTEX_POINT('',#6763);
#1744=VERTEX_POINT('',#6769);
#1745=VERTEX_POINT('',#6771);
#1746=VERTEX_POINT('',#6784);
#1747=VERTEX_POINT('',#6786);
#1748=VERTEX_POINT('',#6790);
#1749=VERTEX_POINT('',#6792);
#1750=VERTEX_POINT('',#6796);
#1751=VERTEX_POINT('',#6798);
#1752=VERTEX_POINT('',#6802);
#1753=VERTEX_POINT('',#6804);
#1754=VERTEX_POINT('',#6808);
#1755=VERTEX_POINT('',#6809);
#1756=VERTEX_POINT('',#6811);
#1757=VERTEX_POINT('',#6813);
#1758=VERTEX_POINT('',#6817);
#1759=VERTEX_POINT('',#6819);
#1760=VERTEX_POINT('',#6823);
#1761=VERTEX_POINT('',#6825);
#1762=VERTEX_POINT('',#6829);
#1763=VERTEX_POINT('',#6831);
#1764=VERTEX_POINT('',#6835);
#1765=VERTEX_POINT('',#6837);
#1766=VERTEX_POINT('',#6841);
#1767=VERTEX_POINT('',#6843);
#1768=VERTEX_POINT('',#6847);
#1769=VERTEX_POINT('',#6849);
#1770=VERTEX_POINT('',#6853);
#1771=VERTEX_POINT('',#6855);
#1772=VERTEX_POINT('',#6859);
#1773=VERTEX_POINT('',#6861);
#1774=VERTEX_POINT('',#6865);
#1775=VERTEX_POINT('',#6867);
#1776=VERTEX_POINT('',#6871);
#1777=VERTEX_POINT('',#6873);
#1778=VERTEX_POINT('',#6877);
#1779=VERTEX_POINT('',#6879);
#1780=VERTEX_POINT('',#6883);
#1781=VERTEX_POINT('',#6885);
#1782=VERTEX_POINT('',#6889);
#1783=VERTEX_POINT('',#6891);
#1784=VERTEX_POINT('',#6895);
#1785=VERTEX_POINT('',#6897);
#1786=VERTEX_POINT('',#6901);
#1787=VERTEX_POINT('',#6903);
#1788=VERTEX_POINT('',#6907);
#1789=VERTEX_POINT('',#6909);
#1790=VERTEX_POINT('',#6913);
#1791=VERTEX_POINT('',#6915);
#1792=VERTEX_POINT('',#6919);
#1793=VERTEX_POINT('',#6921);
#1794=VERTEX_POINT('',#6925);
#1795=VERTEX_POINT('',#6927);
#1796=VERTEX_POINT('',#6931);
#1797=VERTEX_POINT('',#6933);
#1798=VERTEX_POINT('',#6937);
#1799=VERTEX_POINT('',#6939);
#1800=VERTEX_POINT('',#6943);
#1801=VERTEX_POINT('',#6945);
#1802=VERTEX_POINT('',#6949);
#1803=VERTEX_POINT('',#6951);
#1804=VERTEX_POINT('',#6955);
#1805=VERTEX_POINT('',#6957);
#1806=VERTEX_POINT('',#6961);
#1807=VERTEX_POINT('',#6963);
#1808=VERTEX_POINT('',#6967);
#1809=VERTEX_POINT('',#6969);
#1810=VERTEX_POINT('',#6973);
#1811=VERTEX_POINT('',#6975);
#1812=VERTEX_POINT('',#6979);
#1813=VERTEX_POINT('',#6981);
#1814=VERTEX_POINT('',#6985);
#1815=VERTEX_POINT('',#6987);
#1816=VERTEX_POINT('',#6991);
#1817=VERTEX_POINT('',#6993);
#1818=VERTEX_POINT('',#6997);
#1819=VERTEX_POINT('',#6999);
#1820=VERTEX_POINT('',#7003);
#1821=VERTEX_POINT('',#7005);
#1822=VERTEX_POINT('',#7009);
#1823=VERTEX_POINT('',#7011);
#1824=VERTEX_POINT('',#7015);
#1825=VERTEX_POINT('',#7017);
#1826=VERTEX_POINT('',#7021);
#1827=VERTEX_POINT('',#7023);
#1828=VERTEX_POINT('',#7027);
#1829=VERTEX_POINT('',#7029);
#1830=VERTEX_POINT('',#7033);
#1831=VERTEX_POINT('',#7035);
#1832=VERTEX_POINT('',#7039);
#1833=VERTEX_POINT('',#7041);
#1834=VERTEX_POINT('',#7045);
#1835=VERTEX_POINT('',#7047);
#1836=VERTEX_POINT('',#7051);
#1837=VERTEX_POINT('',#7053);
#1838=VERTEX_POINT('',#7057);
#1839=VERTEX_POINT('',#7059);
#1840=VERTEX_POINT('',#7063);
#1841=VERTEX_POINT('',#7065);
#1842=VERTEX_POINT('',#7069);
#1843=VERTEX_POINT('',#7071);
#1844=VERTEX_POINT('',#7075);
#1845=VERTEX_POINT('',#7077);
#1846=VERTEX_POINT('',#7081);
#1847=VERTEX_POINT('',#7083);
#1848=VERTEX_POINT('',#7087);
#1849=VERTEX_POINT('',#7089);
#1850=VERTEX_POINT('',#7093);
#1851=VERTEX_POINT('',#7095);
#1852=VERTEX_POINT('',#7099);
#1853=VERTEX_POINT('',#7101);
#1854=VERTEX_POINT('',#7105);
#1855=VERTEX_POINT('',#7107);
#1856=VERTEX_POINT('',#7111);
#1857=VERTEX_POINT('',#7113);
#1858=VERTEX_POINT('',#7123);
#1859=VERTEX_POINT('',#7124);
#1860=VERTEX_POINT('',#7126);
#1861=VERTEX_POINT('',#7128);
#1862=VERTEX_POINT('',#7132);
#1863=VERTEX_POINT('',#7134);
#1864=VERTEX_POINT('',#7138);
#1865=VERTEX_POINT('',#7139);
#1866=VERTEX_POINT('',#7141);
#1867=VERTEX_POINT('',#7143);
#1868=VERTEX_POINT('',#7150);
#1869=VERTEX_POINT('',#7151);
#1870=VERTEX_POINT('',#7153);
#1871=VERTEX_POINT('',#7155);
#1872=VERTEX_POINT('',#7162);
#1873=VERTEX_POINT('',#7164);
#1874=VERTEX_POINT('',#7171);
#1875=VERTEX_POINT('',#7173);
#1876=VERTEX_POINT('',#7177);
#1877=VERTEX_POINT('',#7179);
#1878=VERTEX_POINT('',#7215);
#1879=VERTEX_POINT('',#7216);
#1880=VERTEX_POINT('',#7281);
#1881=VERTEX_POINT('',#7283);
#1882=VERTEX_POINT('',#7301);
#1883=VERTEX_POINT('',#7302);
#1884=VERTEX_POINT('',#7304);
#1885=VERTEX_POINT('',#7306);
#1886=VERTEX_POINT('',#7349);
#1887=VERTEX_POINT('',#7438);
#1888=VERTEX_POINT('',#7461);
#1889=VERTEX_POINT('',#7463);
#1890=VERTEX_POINT('',#7470);
#1891=VERTEX_POINT('',#7472);
#1892=VERTEX_POINT('',#7476);
#1893=VERTEX_POINT('',#7478);
#1894=VERTEX_POINT('',#7482);
#1895=VERTEX_POINT('',#7484);
#1896=VERTEX_POINT('',#7488);
#1897=VERTEX_POINT('',#7490);
#1898=EDGE_CURVE('',#1540,#1540,#1324,.T.);
#1899=EDGE_CURVE('',#1540,#1541,#714,.T.);
#1900=EDGE_CURVE('',#1541,#1541,#1325,.T.);
#1901=EDGE_CURVE('',#1542,#1542,#1326,.T.);
#1902=EDGE_CURVE('',#1542,#1543,#715,.T.);
#1903=EDGE_CURVE('',#1543,#1543,#1327,.T.);
#1904=EDGE_CURVE('',#1544,#1545,#716,.T.);
#1905=EDGE_CURVE('',#1544,#1546,#717,.T.);
#1906=EDGE_CURVE('',#1547,#1546,#718,.T.);
#1907=EDGE_CURVE('',#1545,#1547,#719,.T.);
#1908=EDGE_CURVE('',#1548,#1547,#720,.T.);
#1909=EDGE_CURVE('',#1546,#1549,#721,.T.);
#1910=EDGE_CURVE('',#1549,#1548,#722,.T.);
#1911=EDGE_CURVE('',#1550,#1551,#723,.T.);
#1912=EDGE_CURVE('',#1548,#1551,#724,.T.);
#1913=EDGE_CURVE('',#1550,#1549,#725,.T.);
#1914=EDGE_CURVE('',#1551,#1552,#726,.T.);
#1915=EDGE_CURVE('',#1553,#1552,#727,.T.);
#1916=EDGE_CURVE('',#1545,#1553,#728,.T.);
#1917=EDGE_CURVE('',#1554,#1550,#729,.T.);
#1918=EDGE_CURVE('',#1555,#1544,#730,.T.);
#1919=EDGE_CURVE('',#1554,#1555,#731,.T.);
#1920=EDGE_CURVE('',#1555,#1556,#1328,.T.);
#1921=EDGE_CURVE('',#1557,#1556,#103,.T.);
#1922=EDGE_CURVE('',#1557,#1558,#104,.F.);
#1923=EDGE_CURVE('',#1559,#1558,#105,.T.);
#1924=EDGE_CURVE('',#1560,#1559,#106,.T.);
#1925=EDGE_CURVE('',#1561,#1560,#107,.T.);
#1926=EDGE_CURVE('',#1562,#1561,#108,.T.);
#1927=EDGE_CURVE('',#1563,#1562,#109,.T.);
#1928=EDGE_CURVE('',#1563,#1564,#110,.F.);
#1929=EDGE_CURVE('',#1564,#1553,#1329,.T.);
#1930=EDGE_CURVE('',#1554,#1552,#1330,.T.);
#1931=EDGE_CURVE('',#1565,#1566,#732,.T.);
#1932=EDGE_CURVE('',#1565,#1567,#733,.T.);
#1933=EDGE_CURVE('',#1568,#1567,#734,.T.);
#1934=EDGE_CURVE('',#1569,#1568,#735,.T.);
#1935=EDGE_CURVE('',#1566,#1569,#736,.T.);
#1936=EDGE_CURVE('',#1569,#1570,#737,.T.);
#1937=EDGE_CURVE('',#1571,#1568,#738,.T.);
#1938=EDGE_CURVE('',#1570,#1571,#739,.T.);
#1939=EDGE_CURVE('',#1570,#1572,#740,.T.);
#1940=EDGE_CURVE('',#1573,#1571,#741,.T.);
#1941=EDGE_CURVE('',#1572,#1573,#742,.T.);
#1942=EDGE_CURVE('',#1572,#1565,#743,.T.);
#1943=EDGE_CURVE('',#1567,#1573,#744,.T.);
#1944=EDGE_CURVE('',#1574,#1564,#745,.T.);
#1945=EDGE_CURVE('',#1575,#1574,#1331,.T.);
#1946=EDGE_CURVE('',#1576,#1575,#746,.T.);
#1947=EDGE_CURVE('',#1577,#1576,#1332,.T.);
#1948=EDGE_CURVE('',#1556,#1577,#747,.T.);
#1949=EDGE_CURVE('',#1578,#1579,#1333,.T.);
#1950=EDGE_CURVE('',#1579,#1566,#1334,.T.);
#1951=EDGE_CURVE('',#1566,#1578,#1335,.T.);
#1952=EDGE_CURVE('',#1580,#1581,#1336,.T.);
#1953=EDGE_CURVE('',#1579,#1580,#748,.T.);
#1954=EDGE_CURVE('',#1578,#1581,#749,.T.);
#1955=EDGE_CURVE('',#1581,#1580,#1337,.T.);
#1956=EDGE_CURVE('',#1582,#1563,#111,.F.);
#1957=EDGE_CURVE('',#1582,#1583,#750,.T.);
#1958=EDGE_CURVE('',#1583,#1574,#1338,.T.);
#1959=EDGE_CURVE('',#1584,#1575,#1339,.T.);
#1960=EDGE_CURVE('',#1583,#1584,#1340,.T.);
#1961=EDGE_CURVE('',#1585,#1576,#1341,.T.);
#1962=EDGE_CURVE('',#1584,#1585,#751,.T.);
#1963=EDGE_CURVE('',#1586,#1577,#1342,.T.);
#1964=EDGE_CURVE('',#1585,#1586,#1343,.T.);
#1965=EDGE_CURVE('',#1586,#1587,#752,.T.);
#1966=EDGE_CURVE('',#1587,#1557,#112,.T.);
#1967=EDGE_CURVE('',#1588,#1586,#753,.T.);
#1968=EDGE_CURVE('',#1589,#1588,#754,.T.);
#1969=EDGE_CURVE('',#1590,#1589,#755,.T.);
#1970=EDGE_CURVE('',#1591,#1590,#113,.T.);
#1971=EDGE_CURVE('',#1587,#1591,#114,.T.);
#1972=EDGE_CURVE('',#1585,#1592,#756,.T.);
#1973=EDGE_CURVE('',#1588,#1592,#81,.T.);
#1974=EDGE_CURVE('',#1593,#1584,#757,.T.);
#1975=EDGE_CURVE('',#1594,#1593,#758,.T.);
#1976=EDGE_CURVE('',#1595,#1594,#1344,.T.);
#1977=EDGE_CURVE('',#1596,#1595,#759,.T.);
#1978=EDGE_CURVE('',#1597,#1596,#1345,.T.);
#1979=EDGE_CURVE('',#1598,#1597,#760,.T.);
#1980=EDGE_CURVE('',#1599,#1598,#1346,.T.);
#1981=EDGE_CURVE('',#1600,#1599,#761,.T.);
#1982=EDGE_CURVE('',#1601,#1600,#1347,.T.);
#1983=EDGE_CURVE('',#1602,#1601,#762,.T.);
#1984=EDGE_CURVE('',#1603,#1602,#1348,.T.);
#1985=EDGE_CURVE('',#1604,#1603,#763,.T.);
#1986=EDGE_CURVE('',#1605,#1604,#1349,.T.);
#1987=EDGE_CURVE('',#1592,#1605,#764,.T.);
#1988=EDGE_CURVE('',#1606,#1606,#1350,.T.);
#1989=EDGE_CURVE('',#1607,#1607,#1351,.T.);
#1990=EDGE_CURVE('',#1608,#1608,#1352,.T.);
#1991=EDGE_CURVE('',#1609,#1610,#765,.T.);
#1992=EDGE_CURVE('',#1610,#1611,#766,.T.);
#1993=EDGE_CURVE('',#1611,#1612,#767,.T.);
#1994=EDGE_CURVE('',#1612,#1609,#768,.T.);
#1995=EDGE_CURVE('',#1583,#1613,#769,.T.);
#1996=EDGE_CURVE('',#1593,#1613,#82,.T.);
#1997=EDGE_CURVE('',#1582,#1614,#115,.F.);
#1998=EDGE_CURVE('',#1615,#1614,#116,.T.);
#1999=EDGE_CURVE('',#1616,#1615,#770,.T.);
#2000=EDGE_CURVE('',#1613,#1616,#771,.T.);
#2001=EDGE_CURVE('',#1589,#1617,#1353,.T.);
#2002=EDGE_CURVE('',#1617,#1618,#83,.T.);
#2003=EDGE_CURVE('',#1618,#1589,#84,.T.);
#2004=EDGE_CURVE('',#1588,#1619,#1354,.T.);
#2005=EDGE_CURVE('',#1619,#1617,#772,.T.);
#2006=EDGE_CURVE('',#1592,#1619,#85,.T.);
#2007=EDGE_CURVE('',#1618,#1620,#773,.T.);
#2008=EDGE_CURVE('',#1620,#1590,#1355,.T.);
#2009=EDGE_CURVE('',#1617,#1621,#774,.T.);
#2010=EDGE_CURVE('',#1622,#1621,#1356,.T.);
#2011=EDGE_CURVE('',#1622,#1618,#775,.T.);
#2012=EDGE_CURVE('',#1623,#1605,#1357,.T.);
#2013=EDGE_CURVE('',#1604,#1624,#1358,.T.);
#2014=EDGE_CURVE('',#1624,#1623,#1359,.T.);
#2015=EDGE_CURVE('',#1621,#1625,#1360,.T.);
#2016=EDGE_CURVE('',#1625,#1626,#1361,.T.);
#2017=EDGE_CURVE('',#1626,#1622,#1362,.T.);
#2018=EDGE_CURVE('',#1621,#1623,#776,.T.);
#2019=EDGE_CURVE('',#1624,#1625,#777,.T.);
#2020=EDGE_CURVE('',#1623,#1619,#778,.T.);
#2021=EDGE_CURVE('',#1627,#1626,#779,.T.);
#2022=EDGE_CURVE('',#1628,#1627,#1363,.T.);
#2023=EDGE_CURVE('',#1629,#1628,#780,.T.);
#2024=EDGE_CURVE('',#1630,#1629,#1364,.T.);
#2025=EDGE_CURVE('',#1631,#1630,#781,.T.);
#2026=EDGE_CURVE('',#1632,#1631,#1365,.T.);
#2027=EDGE_CURVE('',#1633,#1632,#782,.T.);
#2028=EDGE_CURVE('',#1634,#1633,#1366,.T.);
#2029=EDGE_CURVE('',#1635,#1634,#783,.T.);
#2030=EDGE_CURVE('',#1636,#1635,#1367,.T.);
#2031=EDGE_CURVE('',#1637,#1636,#784,.T.);
#2032=EDGE_CURVE('',#1638,#1637,#785,.T.);
#2033=EDGE_CURVE('',#1560,#1638,#117,.T.);
#2034=EDGE_CURVE('',#1620,#1560,#118,.T.);
#2035=EDGE_CURVE('',#1639,#1639,#1368,.T.);
#2036=EDGE_CURVE('',#1640,#1640,#1369,.T.);
#2037=EDGE_CURVE('',#1641,#1641,#1370,.T.);
#2038=EDGE_CURVE('',#1642,#1643,#1371,.T.);
#2039=EDGE_CURVE('',#1643,#1642,#1372,.T.);
#2040=EDGE_CURVE('',#1644,#1644,#1373,.F.);
#2041=EDGE_CURVE('',#1645,#1645,#1374,.F.);
#2042=EDGE_CURVE('',#1625,#1646,#786,.T.);
#2043=EDGE_CURVE('',#1627,#1646,#1375,.T.);
#2044=EDGE_CURVE('',#1647,#1603,#1376,.T.);
#2045=EDGE_CURVE('',#1602,#1648,#1377,.T.);
#2046=EDGE_CURVE('',#1648,#1647,#1378,.T.);
#2047=EDGE_CURVE('',#1646,#1649,#1379,.T.);
#2048=EDGE_CURVE('',#1649,#1628,#1380,.T.);
#2049=EDGE_CURVE('',#1646,#1647,#787,.T.);
#2050=EDGE_CURVE('',#1648,#1649,#788,.T.);
#2051=EDGE_CURVE('',#1647,#1624,#789,.T.);
#2052=EDGE_CURVE('',#1649,#1650,#790,.T.);
#2053=EDGE_CURVE('',#1629,#1650,#1381,.T.);
#2054=EDGE_CURVE('',#1651,#1601,#1382,.T.);
#2055=EDGE_CURVE('',#1600,#1652,#1383,.T.);
#2056=EDGE_CURVE('',#1652,#1651,#1384,.T.);
#2057=EDGE_CURVE('',#1650,#1653,#1385,.T.);
#2058=EDGE_CURVE('',#1653,#1630,#1386,.T.);
#2059=EDGE_CURVE('',#1650,#1651,#791,.T.);
#2060=EDGE_CURVE('',#1652,#1653,#792,.T.);
#2061=EDGE_CURVE('',#1651,#1648,#793,.T.);
#2062=EDGE_CURVE('',#1653,#1654,#794,.T.);
#2063=EDGE_CURVE('',#1631,#1654,#1387,.T.);
#2064=EDGE_CURVE('',#1655,#1599,#1388,.T.);
#2065=EDGE_CURVE('',#1598,#1656,#1389,.T.);
#2066=EDGE_CURVE('',#1656,#1655,#1390,.T.);
#2067=EDGE_CURVE('',#1654,#1657,#1391,.T.);
#2068=EDGE_CURVE('',#1657,#1632,#1392,.T.);
#2069=EDGE_CURVE('',#1654,#1655,#795,.T.);
#2070=EDGE_CURVE('',#1656,#1657,#796,.T.);
#2071=EDGE_CURVE('',#1655,#1652,#797,.T.);
#2072=EDGE_CURVE('',#1657,#1658,#798,.T.);
#2073=EDGE_CURVE('',#1633,#1658,#1393,.T.);
#2074=EDGE_CURVE('',#1659,#1597,#1394,.T.);
#2075=EDGE_CURVE('',#1596,#1660,#1395,.T.);
#2076=EDGE_CURVE('',#1660,#1659,#1396,.T.);
#2077=EDGE_CURVE('',#1658,#1661,#1397,.T.);
#2078=EDGE_CURVE('',#1661,#1634,#1398,.T.);
#2079=EDGE_CURVE('',#1658,#1659,#799,.T.);
#2080=EDGE_CURVE('',#1660,#1661,#800,.T.);
#2081=EDGE_CURVE('',#1659,#1656,#801,.T.);
#2082=EDGE_CURVE('',#1662,#1636,#1399,.T.);
#2083=EDGE_CURVE('',#1635,#1663,#1400,.T.);
#2084=EDGE_CURVE('',#1663,#1662,#1401,.T.);
#2085=EDGE_CURVE('',#1594,#1664,#1402,.T.);
#2086=EDGE_CURVE('',#1664,#1665,#1403,.T.);
#2087=EDGE_CURVE('',#1665,#1595,#1404,.T.);
#2088=EDGE_CURVE('',#1663,#1665,#802,.T.);
#2089=EDGE_CURVE('',#1664,#1662,#803,.T.);
#2090=EDGE_CURVE('',#1662,#1666,#804,.T.);
#2091=EDGE_CURVE('',#1637,#1666,#86,.T.);
#2092=EDGE_CURVE('',#1667,#1664,#805,.T.);
#2093=EDGE_CURVE('',#1666,#1667,#806,.T.);
#2094=EDGE_CURVE('',#1667,#1593,#87,.T.);
#2095=EDGE_CURVE('',#1666,#1616,#1405,.T.);
#2096=EDGE_CURVE('',#1616,#1637,#88,.T.);
#2097=EDGE_CURVE('',#1667,#1613,#1406,.T.);
#2098=EDGE_CURVE('',#1615,#1638,#1407,.T.);
#2099=EDGE_CURVE('',#1665,#1660,#807,.T.);
#2100=EDGE_CURVE('',#1661,#1663,#808,.T.);
#2101=EDGE_CURVE('',#1614,#1668,#119,.T.);
#2102=EDGE_CURVE('',#1668,#1669,#1408,.T.);
#2103=EDGE_CURVE('',#1669,#1638,#120,.T.);
#2104=EDGE_CURVE('',#1668,#1670,#121,.T.);
#2105=EDGE_CURVE('',#1670,#1669,#122,.T.);
#2106=EDGE_CURVE('',#1671,#1591,#123,.T.);
#2107=EDGE_CURVE('',#1620,#1672,#124,.T.);
#2108=EDGE_CURVE('',#1672,#1671,#1409,.T.);
#2109=EDGE_CURVE('',#1673,#1671,#125,.T.);
#2110=EDGE_CURVE('',#1672,#1673,#126,.T.);
#2111=EDGE_CURVE('',#1561,#1674,#1410,.T.);
#2112=EDGE_CURVE('',#1670,#1674,#127,.T.);
#2113=EDGE_CURVE('',#1675,#1673,#128,.T.);
#2114=EDGE_CURVE('',#1675,#1559,#1411,.T.);
#2115=EDGE_CURVE('',#1675,#1560,#129,.T.);
#2116=EDGE_CURVE('',#1560,#1674,#130,.T.);
#2117=EDGE_CURVE('',#1676,#1676,#1412,.T.);
#2118=EDGE_CURVE('',#1676,#1645,#809,.T.);
#2119=EDGE_CURVE('',#1677,#1677,#1413,.T.);
#2120=EDGE_CURVE('',#1677,#1644,#810,.T.);
#2121=EDGE_CURVE('',#1678,#1679,#811,.T.);
#2122=EDGE_CURVE('',#1678,#1680,#812,.T.);
#2123=EDGE_CURVE('',#1681,#1680,#813,.T.);
#2124=EDGE_CURVE('',#1679,#1681,#814,.T.);
#2125=EDGE_CURVE('',#1610,#1682,#815,.T.);
#2126=EDGE_CURVE('',#1683,#1682,#816,.T.);
#2127=EDGE_CURVE('',#1611,#1683,#817,.T.);
#2128=EDGE_CURVE('',#1680,#1683,#818,.T.);
#2129=EDGE_CURVE('',#1682,#1681,#819,.T.);
#2130=EDGE_CURVE('',#1612,#1684,#820,.T.);
#2131=EDGE_CURVE('',#1685,#1684,#821,.T.);
#2132=EDGE_CURVE('',#1609,#1685,#822,.T.);
#2133=EDGE_CURVE('',#1686,#1687,#823,.T.);
#2134=EDGE_CURVE('',#1686,#1688,#824,.T.);
#2135=EDGE_CURVE('',#1689,#1688,#825,.T.);
#2136=EDGE_CURVE('',#1690,#1689,#826,.T.);
#2137=EDGE_CURVE('',#1687,#1690,#827,.T.);
#2138=EDGE_CURVE('',#1684,#1689,#828,.T.);
#2139=EDGE_CURVE('',#1688,#1685,#829,.T.);
#2140=EDGE_CURVE('',#1679,#1686,#830,.T.);
#2141=EDGE_CURVE('',#1690,#1678,#831,.T.);
#2142=EDGE_CURVE('',#1691,#1642,#832,.T.);
#2143=EDGE_CURVE('',#1687,#1691,#1414,.T.);
#2144=EDGE_CURVE('',#1692,#1687,#1415,.T.);
#2145=EDGE_CURVE('',#1692,#1643,#833,.T.);
#2146=EDGE_CURVE('',#1691,#1692,#1416,.T.);
#2147=EDGE_CURVE('',#1608,#1641,#834,.T.);
#2148=EDGE_CURVE('',#1607,#1640,#835,.T.);
#2149=EDGE_CURVE('',#1606,#1639,#836,.T.);
#2150=EDGE_CURVE('',#1693,#1693,#1417,.T.);
#2151=EDGE_CURVE('',#1693,#1694,#837,.T.);
#2152=EDGE_CURVE('',#1694,#1694,#1418,.T.);
#2153=EDGE_CURVE('',#1695,#1696,#1419,.T.);
#2154=EDGE_CURVE('',#1695,#1697,#838,.T.);
#2155=EDGE_CURVE('',#1697,#1698,#1420,.T.);
#2156=EDGE_CURVE('',#1698,#1696,#839,.T.);
#2157=EDGE_CURVE('',#1699,#1698,#1421,.T.);
#2158=EDGE_CURVE('',#1700,#1699,#840,.T.);
#2159=EDGE_CURVE('',#1696,#1700,#1422,.T.);
#2160=EDGE_CURVE('',#1700,#1701,#1423,.T.);
#2161=EDGE_CURVE('',#1699,#1702,#1424,.T.);
#2162=EDGE_CURVE('',#1702,#1701,#841,.T.);
#2163=EDGE_CURVE('',#1703,#1695,#1425,.T.);
#2164=EDGE_CURVE('',#1704,#1703,#1426,.T.);
#2165=EDGE_CURVE('',#1705,#1704,#1427,.T.);
#2166=EDGE_CURVE('',#1701,#1705,#1428,.T.);
#2167=EDGE_CURVE('',#1697,#1702,#1429,.T.);
#2168=EDGE_CURVE('',#1705,#1706,#842,.T.);
#2169=EDGE_CURVE('',#1706,#1707,#843,.T.);
#2170=EDGE_CURVE('',#1707,#1703,#844,.T.);
#2171=EDGE_CURVE('',#1704,#1708,#845,.T.);
#2172=EDGE_CURVE('',#1708,#1705,#846,.T.);
#2173=EDGE_CURVE('',#1703,#1709,#847,.T.);
#2174=EDGE_CURVE('',#1709,#1704,#848,.T.);
#2175=EDGE_CURVE('',#1710,#1711,#849,.T.);
#2176=EDGE_CURVE('',#1712,#1710,#850,.T.);
#2177=EDGE_CURVE('',#1713,#1712,#851,.T.);
#2178=EDGE_CURVE('',#1713,#1711,#852,.T.);
#2179=EDGE_CURVE('',#1711,#1714,#1430,.T.);
#2180=EDGE_CURVE('',#1715,#1713,#1431,.T.);
#2181=EDGE_CURVE('',#1715,#1714,#853,.T.);
#2182=EDGE_CURVE('',#1714,#1716,#854,.T.);
#2183=EDGE_CURVE('',#1717,#1715,#855,.T.);
#2184=EDGE_CURVE('',#1716,#1717,#856,.T.);
#2185=EDGE_CURVE('',#1712,#1718,#857,.T.);
#2186=EDGE_CURVE('',#1718,#1719,#858,.T.);
#2187=EDGE_CURVE('',#1720,#1719,#859,.T.);
#2188=EDGE_CURVE('',#1720,#1721,#860,.T.);
#2189=EDGE_CURVE('',#1721,#1717,#861,.T.);
#2190=EDGE_CURVE('',#1710,#1722,#862,.T.);
#2191=EDGE_CURVE('',#1722,#1718,#863,.T.);
#2192=EDGE_CURVE('',#1723,#1724,#1432,.T.);
#2193=EDGE_CURVE('',#1725,#1723,#864,.T.);
#2194=EDGE_CURVE('',#1726,#1725,#1433,.T.);
#2195=EDGE_CURVE('',#1726,#1724,#865,.T.);
#2196=EDGE_CURVE('',#1724,#1727,#866,.T.);
#2197=EDGE_CURVE('',#1728,#1726,#867,.T.);
#2198=EDGE_CURVE('',#1727,#1728,#868,.T.);
#2199=EDGE_CURVE('',#1729,#1723,#869,.T.);
#2200=EDGE_CURVE('',#1730,#1729,#870,.T.);
#2201=EDGE_CURVE('',#1725,#1730,#871,.T.);
#2202=EDGE_CURVE('',#1731,#1730,#872,.T.);
#2203=EDGE_CURVE('',#1732,#1731,#873,.T.);
#2204=EDGE_CURVE('',#1733,#1732,#874,.T.);
#2205=EDGE_CURVE('',#1733,#1734,#875,.T.);
#2206=EDGE_CURVE('',#1728,#1734,#876,.T.);
#2207=EDGE_CURVE('',#1735,#1729,#877,.T.);
#2208=EDGE_CURVE('',#1731,#1735,#878,.T.);
#2209=EDGE_CURVE('',#1734,#1736,#879,.T.);
#2210=EDGE_CURVE('',#1727,#1736,#880,.T.);
#2211=EDGE_CURVE('',#1736,#1737,#881,.T.);
#2212=EDGE_CURVE('',#1738,#1737,#882,.T.);
#2213=EDGE_CURVE('',#1735,#1738,#883,.T.);
#2214=EDGE_CURVE('',#1739,#1737,#884,.T.);
#2215=EDGE_CURVE('',#1739,#1740,#885,.T.);
#2216=EDGE_CURVE('',#1740,#1738,#886,.T.);
#2217=EDGE_CURVE('',#1732,#1707,#887,.T.);
#2218=EDGE_CURVE('',#1733,#1706,#888,.T.);
#2219=EDGE_CURVE('',#1741,#1716,#889,.T.);
#2220=EDGE_CURVE('',#1741,#1742,#890,.T.);
#2221=EDGE_CURVE('',#1743,#1742,#891,.T.);
#2222=EDGE_CURVE('',#1743,#1722,#892,.T.);
#2223=EDGE_CURVE('',#1721,#1741,#893,.T.);
#2224=EDGE_CURVE('',#1744,#1742,#894,.T.);
#2225=EDGE_CURVE('',#1744,#1745,#895,.T.);
#2226=EDGE_CURVE('',#1745,#1743,#896,.T.);
#2227=EDGE_CURVE('',#1745,#1739,#897,.T.);
#2228=EDGE_CURVE('',#1719,#1708,#898,.T.);
#2229=EDGE_CURVE('',#1720,#1709,#899,.T.);
#2230=EDGE_CURVE('',#1740,#1744,#900,.T.);
#2231=EDGE_CURVE('',#1746,#1746,#1434,.T.);
#2232=EDGE_CURVE('',#1746,#1747,#901,.T.);
#2233=EDGE_CURVE('',#1747,#1747,#1435,.T.);
#2234=EDGE_CURVE('',#1748,#1748,#1436,.T.);
#2235=EDGE_CURVE('',#1748,#1749,#902,.T.);
#2236=EDGE_CURVE('',#1749,#1749,#1437,.T.);
#2237=EDGE_CURVE('',#1750,#1750,#1438,.T.);
#2238=EDGE_CURVE('',#1750,#1751,#903,.T.);
#2239=EDGE_CURVE('',#1751,#1751,#1439,.T.);
#2240=EDGE_CURVE('',#1752,#1752,#1440,.T.);
#2241=EDGE_CURVE('',#1752,#1753,#904,.T.);
#2242=EDGE_CURVE('',#1753,#1753,#1441,.T.);
#2243=EDGE_CURVE('',#1754,#1755,#1442,.T.);
#2244=EDGE_CURVE('',#1755,#1756,#905,.T.);
#2245=EDGE_CURVE('',#1757,#1756,#1443,.T.);
#2246=EDGE_CURVE('',#1754,#1757,#906,.T.);
#2247=EDGE_CURVE('',#1754,#1758,#907,.T.);
#2248=EDGE_CURVE('',#1759,#1757,#908,.T.);
#2249=EDGE_CURVE('',#1758,#1759,#909,.T.);
#2250=EDGE_CURVE('',#1760,#1758,#1444,.T.);
#2251=EDGE_CURVE('',#1761,#1759,#1445,.T.);
#2252=EDGE_CURVE('',#1760,#1761,#910,.T.);
#2253=EDGE_CURVE('',#1762,#1760,#1446,.T.);
#2254=EDGE_CURVE('',#1763,#1761,#1447,.T.);
#2255=EDGE_CURVE('',#1762,#1763,#911,.T.);
#2256=EDGE_CURVE('',#1764,#1762,#912,.T.);
#2257=EDGE_CURVE('',#1765,#1763,#913,.T.);
#2258=EDGE_CURVE('',#1764,#1765,#914,.T.);
#2259=EDGE_CURVE('',#1766,#1764,#1448,.T.);
#2260=EDGE_CURVE('',#1767,#1765,#1449,.T.);
#2261=EDGE_CURVE('',#1766,#1767,#915,.T.);
#2262=EDGE_CURVE('',#1768,#1766,#1450,.T.);
#2263=EDGE_CURVE('',#1769,#1767,#1451,.T.);
#2264=EDGE_CURVE('',#1768,#1769,#916,.T.);
#2265=EDGE_CURVE('',#1770,#1768,#1452,.T.);
#2266=EDGE_CURVE('',#1771,#1769,#1453,.T.);
#2267=EDGE_CURVE('',#1770,#1771,#917,.T.);
#2268=EDGE_CURVE('',#1772,#1770,#918,.T.);
#2269=EDGE_CURVE('',#1773,#1771,#919,.T.);
#2270=EDGE_CURVE('',#1772,#1773,#920,.T.);
#2271=EDGE_CURVE('',#1774,#1772,#1454,.T.);
#2272=EDGE_CURVE('',#1775,#1773,#1455,.T.);
#2273=EDGE_CURVE('',#1774,#1775,#921,.T.);
#2274=EDGE_CURVE('',#1776,#1774,#1456,.T.);
#2275=EDGE_CURVE('',#1777,#1775,#1457,.T.);
#2276=EDGE_CURVE('',#1776,#1777,#922,.T.);
#2277=EDGE_CURVE('',#1778,#1776,#1458,.T.);
#2278=EDGE_CURVE('',#1779,#1777,#1459,.T.);
#2279=EDGE_CURVE('',#1778,#1779,#923,.T.);
#2280=EDGE_CURVE('',#1780,#1778,#924,.T.);
#2281=EDGE_CURVE('',#1781,#1779,#925,.T.);
#2282=EDGE_CURVE('',#1780,#1781,#926,.T.);
#2283=EDGE_CURVE('',#1782,#1780,#1460,.T.);
#2284=EDGE_CURVE('',#1783,#1781,#1461,.T.);
#2285=EDGE_CURVE('',#1782,#1783,#927,.T.);
#2286=EDGE_CURVE('',#1784,#1782,#1462,.T.);
#2287=EDGE_CURVE('',#1785,#1783,#1463,.T.);
#2288=EDGE_CURVE('',#1784,#1785,#928,.T.);
#2289=EDGE_CURVE('',#1786,#1784,#1464,.T.);
#2290=EDGE_CURVE('',#1787,#1785,#1465,.T.);
#2291=EDGE_CURVE('',#1786,#1787,#929,.T.);
#2292=EDGE_CURVE('',#1788,#1786,#930,.T.);
#2293=EDGE_CURVE('',#1789,#1787,#931,.T.);
#2294=EDGE_CURVE('',#1788,#1789,#932,.T.);
#2295=EDGE_CURVE('',#1790,#1788,#1466,.T.);
#2296=EDGE_CURVE('',#1791,#1789,#1467,.T.);
#2297=EDGE_CURVE('',#1790,#1791,#933,.T.);
#2298=EDGE_CURVE('',#1792,#1790,#1468,.T.);
#2299=EDGE_CURVE('',#1793,#1791,#1469,.T.);
#2300=EDGE_CURVE('',#1792,#1793,#934,.T.);
#2301=EDGE_CURVE('',#1794,#1792,#1470,.T.);
#2302=EDGE_CURVE('',#1795,#1793,#1471,.T.);
#2303=EDGE_CURVE('',#1794,#1795,#935,.T.);
#2304=EDGE_CURVE('',#1796,#1794,#936,.T.);
#2305=EDGE_CURVE('',#1797,#1795,#937,.T.);
#2306=EDGE_CURVE('',#1796,#1797,#938,.T.);
#2307=EDGE_CURVE('',#1798,#1796,#1472,.T.);
#2308=EDGE_CURVE('',#1799,#1797,#1473,.T.);
#2309=EDGE_CURVE('',#1798,#1799,#939,.T.);
#2310=EDGE_CURVE('',#1800,#1798,#1474,.T.);
#2311=EDGE_CURVE('',#1801,#1799,#1475,.T.);
#2312=EDGE_CURVE('',#1800,#1801,#940,.T.);
#2313=EDGE_CURVE('',#1802,#1800,#1476,.T.);
#2314=EDGE_CURVE('',#1803,#1801,#1477,.T.);
#2315=EDGE_CURVE('',#1802,#1803,#941,.T.);
#2316=EDGE_CURVE('',#1804,#1802,#942,.T.);
#2317=EDGE_CURVE('',#1805,#1803,#943,.T.);
#2318=EDGE_CURVE('',#1804,#1805,#944,.T.);
#2319=EDGE_CURVE('',#1806,#1804,#1478,.T.);
#2320=EDGE_CURVE('',#1807,#1805,#1479,.T.);
#2321=EDGE_CURVE('',#1806,#1807,#945,.T.);
#2322=EDGE_CURVE('',#1808,#1806,#1480,.T.);
#2323=EDGE_CURVE('',#1809,#1807,#1481,.T.);
#2324=EDGE_CURVE('',#1808,#1809,#946,.T.);
#2325=EDGE_CURVE('',#1810,#1808,#1482,.T.);
#2326=EDGE_CURVE('',#1811,#1809,#1483,.T.);
#2327=EDGE_CURVE('',#1810,#1811,#947,.T.);
#2328=EDGE_CURVE('',#1812,#1810,#948,.T.);
#2329=EDGE_CURVE('',#1813,#1811,#949,.T.);
#2330=EDGE_CURVE('',#1812,#1813,#950,.T.);
#2331=EDGE_CURVE('',#1814,#1812,#1484,.T.);
#2332=EDGE_CURVE('',#1815,#1813,#1485,.T.);
#2333=EDGE_CURVE('',#1814,#1815,#951,.T.);
#2334=EDGE_CURVE('',#1816,#1814,#1486,.T.);
#2335=EDGE_CURVE('',#1817,#1815,#1487,.T.);
#2336=EDGE_CURVE('',#1816,#1817,#952,.T.);
#2337=EDGE_CURVE('',#1818,#1816,#1488,.T.);
#2338=EDGE_CURVE('',#1819,#1817,#1489,.T.);
#2339=EDGE_CURVE('',#1818,#1819,#953,.T.);
#2340=EDGE_CURVE('',#1820,#1818,#954,.T.);
#2341=EDGE_CURVE('',#1821,#1819,#955,.T.);
#2342=EDGE_CURVE('',#1820,#1821,#956,.T.);
#2343=EDGE_CURVE('',#1822,#1820,#1490,.T.);
#2344=EDGE_CURVE('',#1823,#1821,#1491,.T.);
#2345=EDGE_CURVE('',#1822,#1823,#957,.T.);
#2346=EDGE_CURVE('',#1824,#1822,#1492,.T.);
#2347=EDGE_CURVE('',#1825,#1823,#1493,.T.);
#2348=EDGE_CURVE('',#1824,#1825,#958,.T.);
#2349=EDGE_CURVE('',#1826,#1824,#1494,.T.);
#2350=EDGE_CURVE('',#1827,#1825,#1495,.T.);
#2351=EDGE_CURVE('',#1826,#1827,#959,.T.);
#2352=EDGE_CURVE('',#1828,#1826,#960,.T.);
#2353=EDGE_CURVE('',#1829,#1827,#961,.T.);
#2354=EDGE_CURVE('',#1828,#1829,#962,.T.);
#2355=EDGE_CURVE('',#1830,#1828,#1496,.T.);
#2356=EDGE_CURVE('',#1831,#1829,#1497,.T.);
#2357=EDGE_CURVE('',#1830,#1831,#963,.T.);
#2358=EDGE_CURVE('',#1832,#1830,#1498,.T.);
#2359=EDGE_CURVE('',#1833,#1831,#1499,.T.);
#2360=EDGE_CURVE('',#1832,#1833,#964,.T.);
#2361=EDGE_CURVE('',#1834,#1832,#1500,.T.);
#2362=EDGE_CURVE('',#1835,#1833,#1501,.T.);
#2363=EDGE_CURVE('',#1834,#1835,#965,.T.);
#2364=EDGE_CURVE('',#1836,#1834,#966,.T.);
#2365=EDGE_CURVE('',#1837,#1835,#967,.T.);
#2366=EDGE_CURVE('',#1836,#1837,#968,.T.);
#2367=EDGE_CURVE('',#1838,#1836,#1502,.T.);
#2368=EDGE_CURVE('',#1839,#1837,#1503,.T.);
#2369=EDGE_CURVE('',#1838,#1839,#969,.T.);
#2370=EDGE_CURVE('',#1840,#1838,#1504,.T.);
#2371=EDGE_CURVE('',#1841,#1839,#1505,.T.);
#2372=EDGE_CURVE('',#1840,#1841,#970,.T.);
#2373=EDGE_CURVE('',#1842,#1840,#1506,.T.);
#2374=EDGE_CURVE('',#1843,#1841,#1507,.T.);
#2375=EDGE_CURVE('',#1842,#1843,#971,.T.);
#2376=EDGE_CURVE('',#1844,#1842,#972,.T.);
#2377=EDGE_CURVE('',#1845,#1843,#973,.T.);
#2378=EDGE_CURVE('',#1844,#1845,#974,.T.);
#2379=EDGE_CURVE('',#1846,#1844,#1508,.T.);
#2380=EDGE_CURVE('',#1847,#1845,#1509,.T.);
#2381=EDGE_CURVE('',#1846,#1847,#975,.T.);
#2382=EDGE_CURVE('',#1848,#1846,#1510,.T.);
#2383=EDGE_CURVE('',#1849,#1847,#1511,.T.);
#2384=EDGE_CURVE('',#1848,#1849,#976,.T.);
#2385=EDGE_CURVE('',#1850,#1848,#1512,.T.);
#2386=EDGE_CURVE('',#1851,#1849,#1513,.T.);
#2387=EDGE_CURVE('',#1850,#1851,#977,.T.);
#2388=EDGE_CURVE('',#1852,#1850,#978,.T.);
#2389=EDGE_CURVE('',#1853,#1851,#979,.T.);
#2390=EDGE_CURVE('',#1852,#1853,#980,.T.);
#2391=EDGE_CURVE('',#1854,#1852,#1514,.T.);
#2392=EDGE_CURVE('',#1855,#1853,#1515,.T.);
#2393=EDGE_CURVE('',#1854,#1855,#981,.T.);
#2394=EDGE_CURVE('',#1856,#1854,#1516,.T.);
#2395=EDGE_CURVE('',#1857,#1855,#1517,.T.);
#2396=EDGE_CURVE('',#1856,#1857,#982,.T.);
#2397=EDGE_CURVE('',#1755,#1856,#983,.T.);
#2398=EDGE_CURVE('',#1756,#1857,#984,.T.);
#2399=EDGE_CURVE('',#1858,#1859,#1518,.T.);
#2400=EDGE_CURVE('',#1859,#1860,#985,.T.);
#2401=EDGE_CURVE('',#1860,#1861,#1519,.T.);
#2402=EDGE_CURVE('',#1861,#1858,#986,.T.);
#2403=EDGE_CURVE('',#1859,#1862,#1520,.T.);
#2404=EDGE_CURVE('',#1863,#1862,#987,.T.);
#2405=EDGE_CURVE('',#1860,#1863,#1521,.T.);
#2406=EDGE_CURVE('',#1864,#1865,#1522,.T.);
#2407=EDGE_CURVE('',#1865,#1866,#988,.T.);
#2408=EDGE_CURVE('',#1866,#1867,#1523,.T.);
#2409=EDGE_CURVE('',#1867,#1864,#989,.T.);
#2410=EDGE_CURVE('',#1866,#1861,#990,.T.);
#2411=EDGE_CURVE('',#1858,#1865,#991,.T.);
#2412=EDGE_CURVE('',#1868,#1869,#1524,.T.);
#2413=EDGE_CURVE('',#1869,#1870,#992,.T.);
#2414=EDGE_CURVE('',#1870,#1871,#1525,.T.);
#2415=EDGE_CURVE('',#1871,#1868,#993,.T.);
#2416=EDGE_CURVE('',#1870,#1867,#1526,.T.);
#2417=EDGE_CURVE('',#1869,#1864,#1527,.T.);
#2418=EDGE_CURVE('',#1862,#1872,#1528,.T.);
#2419=EDGE_CURVE('',#1872,#1873,#994,.T.);
#2420=EDGE_CURVE('',#1873,#1863,#1529,.T.);
#2421=EDGE_CURVE('',#1873,#1871,#995,.T.);
#2422=EDGE_CURVE('',#1868,#1872,#996,.T.);
#2423=EDGE_CURVE('',#1874,#1874,#1530,.T.);
#2424=EDGE_CURVE('',#1874,#1875,#997,.T.);
#2425=EDGE_CURVE('',#1875,#1875,#1531,.T.);
#2426=EDGE_CURVE('',#1876,#1876,#1532,.T.);
#2427=EDGE_CURVE('',#1876,#1877,#998,.T.);
#2428=EDGE_CURVE('',#1877,#1877,#1533,.T.);
#2429=EDGE_CURVE('',#1878,#1879,#131,.T.);
#2430=EDGE_CURVE('',#1879,#1880,#999,.T.);
#2431=EDGE_CURVE('',#1881,#1880,#43,.T.);
#2432=EDGE_CURVE('',#1881,#1878,#1000,.T.);
#2433=EDGE_CURVE('',#1882,#1883,#1001,.T.);
#2434=EDGE_CURVE('',#1884,#1883,#1002,.T.);
#2435=EDGE_CURVE('',#1884,#1885,#1003,.T.);
#2436=EDGE_CURVE('',#1882,#1885,#1004,.T.);
#2437=EDGE_CURVE('',#1883,#1886,#132,.T.);
#2438=EDGE_CURVE('',#1887,#1886,#1005,.T.);
#2439=EDGE_CURVE('',#1884,#1887,#44,.T.);
#2440=EDGE_CURVE('',#1886,#1888,#1006,.T.);
#2441=EDGE_CURVE('',#1889,#1888,#1007,.T.);
#2442=EDGE_CURVE('',#1889,#1887,#1008,.T.);
#2443=EDGE_CURVE('',#1888,#1878,#1009,.T.);
#2444=EDGE_CURVE('',#1889,#1881,#1010,.T.);
#2445=EDGE_CURVE('',#1890,#1890,#1534,.T.);
#2446=EDGE_CURVE('',#1890,#1891,#1011,.T.);
#2447=EDGE_CURVE('',#1891,#1891,#1535,.T.);
#2448=EDGE_CURVE('',#1892,#1892,#1536,.T.);
#2449=EDGE_CURVE('',#1892,#1893,#1012,.T.);
#2450=EDGE_CURVE('',#1893,#1893,#1537,.T.);
#2451=EDGE_CURVE('',#1882,#1894,#1013,.T.);
#2452=EDGE_CURVE('',#1895,#1885,#1014,.T.);
#2453=EDGE_CURVE('',#1894,#1895,#1015,.T.);
#2454=EDGE_CURVE('',#1896,#1894,#1538,.T.);
#2455=EDGE_CURVE('',#1897,#1895,#1539,.T.);
#2456=EDGE_CURVE('',#1896,#1897,#1016,.T.);
#2457=EDGE_CURVE('',#1896,#1879,#1017,.T.);
#2458=EDGE_CURVE('',#1880,#1897,#1018,.T.);
#2459=ORIENTED_EDGE('',*,*,#1898,.F.);
#2460=ORIENTED_EDGE('',*,*,#1899,.T.);
#2461=ORIENTED_EDGE('',*,*,#1900,.F.);
#2462=ORIENTED_EDGE('',*,*,#1899,.F.);
#2463=ORIENTED_EDGE('',*,*,#1901,.F.);
#2464=ORIENTED_EDGE('',*,*,#1902,.T.);
#2465=ORIENTED_EDGE('',*,*,#1903,.F.);
#2466=ORIENTED_EDGE('',*,*,#1902,.F.);
#2467=ORIENTED_EDGE('',*,*,#1904,.F.);
#2468=ORIENTED_EDGE('',*,*,#1905,.T.);
#2469=ORIENTED_EDGE('',*,*,#1906,.F.);
#2470=ORIENTED_EDGE('',*,*,#1907,.F.);
#2471=ORIENTED_EDGE('',*,*,#1908,.T.);
#2472=ORIENTED_EDGE('',*,*,#1906,.T.);
#2473=ORIENTED_EDGE('',*,*,#1909,.T.);
#2474=ORIENTED_EDGE('',*,*,#1910,.T.);
#2475=ORIENTED_EDGE('',*,*,#1898,.T.);
#2476=ORIENTED_EDGE('',*,*,#1911,.T.);
#2477=ORIENTED_EDGE('',*,*,#1912,.F.);
#2478=ORIENTED_EDGE('',*,*,#1910,.F.);
#2479=ORIENTED_EDGE('',*,*,#1913,.F.);
#2480=ORIENTED_EDGE('',*,*,#1914,.T.);
#2481=ORIENTED_EDGE('',*,*,#1915,.F.);
#2482=ORIENTED_EDGE('',*,*,#1916,.F.);
#2483=ORIENTED_EDGE('',*,*,#1907,.T.);
#2484=ORIENTED_EDGE('',*,*,#1908,.F.);
#2485=ORIENTED_EDGE('',*,*,#1912,.T.);
#2486=ORIENTED_EDGE('',*,*,#1917,.T.);
#2487=ORIENTED_EDGE('',*,*,#1913,.T.);
#2488=ORIENTED_EDGE('',*,*,#1909,.F.);
#2489=ORIENTED_EDGE('',*,*,#1905,.F.);
#2490=ORIENTED_EDGE('',*,*,#1918,.F.);
#2491=ORIENTED_EDGE('',*,*,#1919,.F.);
#2492=ORIENTED_EDGE('',*,*,#1919,.T.);
#2493=ORIENTED_EDGE('',*,*,#1920,.T.);
#2494=ORIENTED_EDGE('',*,*,#1921,.F.);
#2495=ORIENTED_EDGE('',*,*,#1922,.T.);
#2496=ORIENTED_EDGE('',*,*,#1923,.F.);
#2497=ORIENTED_EDGE('',*,*,#1924,.F.);
#2498=ORIENTED_EDGE('',*,*,#1925,.F.);
#2499=ORIENTED_EDGE('',*,*,#1926,.F.);
#2500=ORIENTED_EDGE('',*,*,#1927,.F.);
#2501=ORIENTED_EDGE('',*,*,#1928,.T.);
#2502=ORIENTED_EDGE('',*,*,#1929,.T.);
#2503=ORIENTED_EDGE('',*,*,#1915,.T.);
#2504=ORIENTED_EDGE('',*,*,#1930,.F.);
#2505=ORIENTED_EDGE('',*,*,#1931,.F.);
#2506=ORIENTED_EDGE('',*,*,#1932,.T.);
#2507=ORIENTED_EDGE('',*,*,#1933,.F.);
#2508=ORIENTED_EDGE('',*,*,#1934,.F.);
#2509=ORIENTED_EDGE('',*,*,#1935,.F.);
#2510=ORIENTED_EDGE('',*,*,#1936,.F.);
#2511=ORIENTED_EDGE('',*,*,#1934,.T.);
#2512=ORIENTED_EDGE('',*,*,#1937,.F.);
#2513=ORIENTED_EDGE('',*,*,#1938,.F.);
#2514=ORIENTED_EDGE('',*,*,#1939,.F.);
#2515=ORIENTED_EDGE('',*,*,#1938,.T.);
#2516=ORIENTED_EDGE('',*,*,#1940,.F.);
#2517=ORIENTED_EDGE('',*,*,#1941,.F.);
#2518=ORIENTED_EDGE('',*,*,#1942,.F.);
#2519=ORIENTED_EDGE('',*,*,#1941,.T.);
#2520=ORIENTED_EDGE('',*,*,#1943,.F.);
#2521=ORIENTED_EDGE('',*,*,#1932,.F.);
#2522=ORIENTED_EDGE('',*,*,#1943,.T.);
#2523=ORIENTED_EDGE('',*,*,#1940,.T.);
#2524=ORIENTED_EDGE('',*,*,#1937,.T.);
#2525=ORIENTED_EDGE('',*,*,#1933,.T.);
#2526=ORIENTED_EDGE('',*,*,#1903,.T.);
#2527=ORIENTED_EDGE('',*,*,#1916,.T.);
#2528=ORIENTED_EDGE('',*,*,#1929,.F.);
#2529=ORIENTED_EDGE('',*,*,#1944,.F.);
#2530=ORIENTED_EDGE('',*,*,#1945,.F.);
#2531=ORIENTED_EDGE('',*,*,#1946,.F.);
#2532=ORIENTED_EDGE('',*,*,#1947,.F.);
#2533=ORIENTED_EDGE('',*,*,#1948,.F.);
#2534=ORIENTED_EDGE('',*,*,#1920,.F.);
#2535=ORIENTED_EDGE('',*,*,#1918,.T.);
#2536=ORIENTED_EDGE('',*,*,#1904,.T.);
#2537=ORIENTED_EDGE('',*,*,#1949,.T.);
#2538=ORIENTED_EDGE('',*,*,#1950,.T.);
#2539=ORIENTED_EDGE('',*,*,#1935,.T.);
#2540=ORIENTED_EDGE('',*,*,#1936,.T.);
#2541=ORIENTED_EDGE('',*,*,#1939,.T.);
#2542=ORIENTED_EDGE('',*,*,#1942,.T.);
#2543=ORIENTED_EDGE('',*,*,#1931,.T.);
#2544=ORIENTED_EDGE('',*,*,#1951,.T.);
#2545=ORIENTED_EDGE('',*,*,#1952,.F.);
#2546=ORIENTED_EDGE('',*,*,#1953,.F.);
#2547=ORIENTED_EDGE('',*,*,#1949,.F.);
#2548=ORIENTED_EDGE('',*,*,#1954,.T.);
#2549=ORIENTED_EDGE('',*,*,#1955,.F.);
#2550=ORIENTED_EDGE('',*,*,#1954,.F.);
#2551=ORIENTED_EDGE('',*,*,#1951,.F.);
#2552=ORIENTED_EDGE('',*,*,#1950,.F.);
#2553=ORIENTED_EDGE('',*,*,#1953,.T.);
#2554=ORIENTED_EDGE('',*,*,#1956,.F.);
#2555=ORIENTED_EDGE('',*,*,#1957,.T.);
#2556=ORIENTED_EDGE('',*,*,#1958,.T.);
#2557=ORIENTED_EDGE('',*,*,#1944,.T.);
#2558=ORIENTED_EDGE('',*,*,#1928,.F.);
#2559=ORIENTED_EDGE('',*,*,#1959,.T.);
#2560=ORIENTED_EDGE('',*,*,#1945,.T.);
#2561=ORIENTED_EDGE('',*,*,#1958,.F.);
#2562=ORIENTED_EDGE('',*,*,#1960,.T.);
#2563=ORIENTED_EDGE('',*,*,#1961,.T.);
#2564=ORIENTED_EDGE('',*,*,#1946,.T.);
#2565=ORIENTED_EDGE('',*,*,#1959,.F.);
#2566=ORIENTED_EDGE('',*,*,#1962,.T.);
#2567=ORIENTED_EDGE('',*,*,#1963,.T.);
#2568=ORIENTED_EDGE('',*,*,#1947,.T.);
#2569=ORIENTED_EDGE('',*,*,#1961,.F.);
#2570=ORIENTED_EDGE('',*,*,#1964,.T.);
#2571=ORIENTED_EDGE('',*,*,#1921,.T.);
#2572=ORIENTED_EDGE('',*,*,#1948,.T.);
#2573=ORIENTED_EDGE('',*,*,#1963,.F.);
#2574=ORIENTED_EDGE('',*,*,#1965,.T.);
#2575=ORIENTED_EDGE('',*,*,#1966,.T.);
#2576=ORIENTED_EDGE('',*,*,#1965,.F.);
#2577=ORIENTED_EDGE('',*,*,#1967,.F.);
#2578=ORIENTED_EDGE('',*,*,#1968,.F.);
#2579=ORIENTED_EDGE('',*,*,#1969,.F.);
#2580=ORIENTED_EDGE('',*,*,#1970,.F.);
#2581=ORIENTED_EDGE('',*,*,#1971,.F.);
#2582=ORIENTED_EDGE('',*,*,#1964,.F.);
#2583=ORIENTED_EDGE('',*,*,#1972,.T.);
#2584=ORIENTED_EDGE('',*,*,#1973,.F.);
#2585=ORIENTED_EDGE('',*,*,#1967,.T.);
#2586=ORIENTED_EDGE('',*,*,#1962,.F.);
#2587=ORIENTED_EDGE('',*,*,#1974,.F.);
#2588=ORIENTED_EDGE('',*,*,#1975,.F.);
#2589=ORIENTED_EDGE('',*,*,#1976,.F.);
#2590=ORIENTED_EDGE('',*,*,#1977,.F.);
#2591=ORIENTED_EDGE('',*,*,#1978,.F.);
#2592=ORIENTED_EDGE('',*,*,#1979,.F.);
#2593=ORIENTED_EDGE('',*,*,#1980,.F.);
#2594=ORIENTED_EDGE('',*,*,#1981,.F.);
#2595=ORIENTED_EDGE('',*,*,#1982,.F.);
#2596=ORIENTED_EDGE('',*,*,#1983,.F.);
#2597=ORIENTED_EDGE('',*,*,#1984,.F.);
#2598=ORIENTED_EDGE('',*,*,#1985,.F.);
#2599=ORIENTED_EDGE('',*,*,#1986,.F.);
#2600=ORIENTED_EDGE('',*,*,#1987,.F.);
#2601=ORIENTED_EDGE('',*,*,#1972,.F.);
#2602=ORIENTED_EDGE('',*,*,#1988,.T.);
#2603=ORIENTED_EDGE('',*,*,#1989,.T.);
#2604=ORIENTED_EDGE('',*,*,#1990,.T.);
#2605=ORIENTED_EDGE('',*,*,#1991,.T.);
#2606=ORIENTED_EDGE('',*,*,#1992,.T.);
#2607=ORIENTED_EDGE('',*,*,#1993,.T.);
#2608=ORIENTED_EDGE('',*,*,#1994,.T.);
#2609=ORIENTED_EDGE('',*,*,#1960,.F.);
#2610=ORIENTED_EDGE('',*,*,#1995,.T.);
#2611=ORIENTED_EDGE('',*,*,#1996,.F.);
#2612=ORIENTED_EDGE('',*,*,#1974,.T.);
#2613=ORIENTED_EDGE('',*,*,#1957,.F.);
#2614=ORIENTED_EDGE('',*,*,#1997,.T.);
#2615=ORIENTED_EDGE('',*,*,#1998,.F.);
#2616=ORIENTED_EDGE('',*,*,#1999,.F.);
#2617=ORIENTED_EDGE('',*,*,#2000,.F.);
#2618=ORIENTED_EDGE('',*,*,#1995,.F.);
#2619=ORIENTED_EDGE('',*,*,#2001,.T.);
#2620=ORIENTED_EDGE('',*,*,#2002,.T.);
#2621=ORIENTED_EDGE('',*,*,#2003,.T.);
#2622=ORIENTED_EDGE('',*,*,#2001,.F.);
#2623=ORIENTED_EDGE('',*,*,#1968,.T.);
#2624=ORIENTED_EDGE('',*,*,#2004,.T.);
#2625=ORIENTED_EDGE('',*,*,#2005,.T.);
#2626=ORIENTED_EDGE('',*,*,#2004,.F.);
#2627=ORIENTED_EDGE('',*,*,#1973,.T.);
#2628=ORIENTED_EDGE('',*,*,#2006,.T.);
#2629=ORIENTED_EDGE('',*,*,#2003,.F.);
#2630=ORIENTED_EDGE('',*,*,#2007,.T.);
#2631=ORIENTED_EDGE('',*,*,#2008,.T.);
#2632=ORIENTED_EDGE('',*,*,#1969,.T.);
#2633=ORIENTED_EDGE('',*,*,#2002,.F.);
#2634=ORIENTED_EDGE('',*,*,#2009,.T.);
#2635=ORIENTED_EDGE('',*,*,#2010,.F.);
#2636=ORIENTED_EDGE('',*,*,#2011,.T.);
#2637=ORIENTED_EDGE('',*,*,#2012,.T.);
#2638=ORIENTED_EDGE('',*,*,#1986,.T.);
#2639=ORIENTED_EDGE('',*,*,#2013,.T.);
#2640=ORIENTED_EDGE('',*,*,#2014,.T.);
#2641=ORIENTED_EDGE('',*,*,#2010,.T.);
#2642=ORIENTED_EDGE('',*,*,#2015,.T.);
#2643=ORIENTED_EDGE('',*,*,#2016,.T.);
#2644=ORIENTED_EDGE('',*,*,#2017,.T.);
#2645=ORIENTED_EDGE('',*,*,#2015,.F.);
#2646=ORIENTED_EDGE('',*,*,#2018,.T.);
#2647=ORIENTED_EDGE('',*,*,#2014,.F.);
#2648=ORIENTED_EDGE('',*,*,#2019,.T.);
#2649=ORIENTED_EDGE('',*,*,#2005,.F.);
#2650=ORIENTED_EDGE('',*,*,#2020,.F.);
#2651=ORIENTED_EDGE('',*,*,#2018,.F.);
#2652=ORIENTED_EDGE('',*,*,#2009,.F.);
#2653=ORIENTED_EDGE('',*,*,#2017,.F.);
#2654=ORIENTED_EDGE('',*,*,#2021,.F.);
#2655=ORIENTED_EDGE('',*,*,#2022,.F.);
#2656=ORIENTED_EDGE('',*,*,#2023,.F.);
#2657=ORIENTED_EDGE('',*,*,#2024,.F.);
#2658=ORIENTED_EDGE('',*,*,#2025,.F.);
#2659=ORIENTED_EDGE('',*,*,#2026,.F.);
#2660=ORIENTED_EDGE('',*,*,#2027,.F.);
#2661=ORIENTED_EDGE('',*,*,#2028,.F.);
#2662=ORIENTED_EDGE('',*,*,#2029,.F.);
#2663=ORIENTED_EDGE('',*,*,#2030,.F.);
#2664=ORIENTED_EDGE('',*,*,#2031,.F.);
#2665=ORIENTED_EDGE('',*,*,#2032,.F.);
#2666=ORIENTED_EDGE('',*,*,#2033,.F.);
#2667=ORIENTED_EDGE('',*,*,#2034,.F.);
#2668=ORIENTED_EDGE('',*,*,#2007,.F.);
#2669=ORIENTED_EDGE('',*,*,#2011,.F.);
#2670=ORIENTED_EDGE('',*,*,#2035,.T.);
#2671=ORIENTED_EDGE('',*,*,#2036,.T.);
#2672=ORIENTED_EDGE('',*,*,#2037,.T.);
#2673=ORIENTED_EDGE('',*,*,#2038,.T.);
#2674=ORIENTED_EDGE('',*,*,#2039,.T.);
#2675=ORIENTED_EDGE('',*,*,#2040,.T.);
#2676=ORIENTED_EDGE('',*,*,#2041,.T.);
#2677=ORIENTED_EDGE('',*,*,#2016,.F.);
#2678=ORIENTED_EDGE('',*,*,#2042,.T.);
#2679=ORIENTED_EDGE('',*,*,#2043,.F.);
#2680=ORIENTED_EDGE('',*,*,#2021,.T.);
#2681=ORIENTED_EDGE('',*,*,#2044,.T.);
#2682=ORIENTED_EDGE('',*,*,#1984,.T.);
#2683=ORIENTED_EDGE('',*,*,#2045,.T.);
#2684=ORIENTED_EDGE('',*,*,#2046,.T.);
#2685=ORIENTED_EDGE('',*,*,#2043,.T.);
#2686=ORIENTED_EDGE('',*,*,#2047,.T.);
#2687=ORIENTED_EDGE('',*,*,#2048,.T.);
#2688=ORIENTED_EDGE('',*,*,#2022,.T.);
#2689=ORIENTED_EDGE('',*,*,#2047,.F.);
#2690=ORIENTED_EDGE('',*,*,#2049,.T.);
#2691=ORIENTED_EDGE('',*,*,#2046,.F.);
#2692=ORIENTED_EDGE('',*,*,#2050,.T.);
#2693=ORIENTED_EDGE('',*,*,#2019,.F.);
#2694=ORIENTED_EDGE('',*,*,#2051,.F.);
#2695=ORIENTED_EDGE('',*,*,#2049,.F.);
#2696=ORIENTED_EDGE('',*,*,#2042,.F.);
#2697=ORIENTED_EDGE('',*,*,#2048,.F.);
#2698=ORIENTED_EDGE('',*,*,#2052,.T.);
#2699=ORIENTED_EDGE('',*,*,#2053,.F.);
#2700=ORIENTED_EDGE('',*,*,#2023,.T.);
#2701=ORIENTED_EDGE('',*,*,#2054,.T.);
#2702=ORIENTED_EDGE('',*,*,#1982,.T.);
#2703=ORIENTED_EDGE('',*,*,#2055,.T.);
#2704=ORIENTED_EDGE('',*,*,#2056,.T.);
#2705=ORIENTED_EDGE('',*,*,#2053,.T.);
#2706=ORIENTED_EDGE('',*,*,#2057,.T.);
#2707=ORIENTED_EDGE('',*,*,#2058,.T.);
#2708=ORIENTED_EDGE('',*,*,#2024,.T.);
#2709=ORIENTED_EDGE('',*,*,#2057,.F.);
#2710=ORIENTED_EDGE('',*,*,#2059,.T.);
#2711=ORIENTED_EDGE('',*,*,#2056,.F.);
#2712=ORIENTED_EDGE('',*,*,#2060,.T.);
#2713=ORIENTED_EDGE('',*,*,#2050,.F.);
#2714=ORIENTED_EDGE('',*,*,#2061,.F.);
#2715=ORIENTED_EDGE('',*,*,#2059,.F.);
#2716=ORIENTED_EDGE('',*,*,#2052,.F.);
#2717=ORIENTED_EDGE('',*,*,#2058,.F.);
#2718=ORIENTED_EDGE('',*,*,#2062,.T.);
#2719=ORIENTED_EDGE('',*,*,#2063,.F.);
#2720=ORIENTED_EDGE('',*,*,#2025,.T.);
#2721=ORIENTED_EDGE('',*,*,#2064,.T.);
#2722=ORIENTED_EDGE('',*,*,#1980,.T.);
#2723=ORIENTED_EDGE('',*,*,#2065,.T.);
#2724=ORIENTED_EDGE('',*,*,#2066,.T.);
#2725=ORIENTED_EDGE('',*,*,#2063,.T.);
#2726=ORIENTED_EDGE('',*,*,#2067,.T.);
#2727=ORIENTED_EDGE('',*,*,#2068,.T.);
#2728=ORIENTED_EDGE('',*,*,#2026,.T.);
#2729=ORIENTED_EDGE('',*,*,#2067,.F.);
#2730=ORIENTED_EDGE('',*,*,#2069,.T.);
#2731=ORIENTED_EDGE('',*,*,#2066,.F.);
#2732=ORIENTED_EDGE('',*,*,#2070,.T.);
#2733=ORIENTED_EDGE('',*,*,#2060,.F.);
#2734=ORIENTED_EDGE('',*,*,#2071,.F.);
#2735=ORIENTED_EDGE('',*,*,#2069,.F.);
#2736=ORIENTED_EDGE('',*,*,#2062,.F.);
#2737=ORIENTED_EDGE('',*,*,#2068,.F.);
#2738=ORIENTED_EDGE('',*,*,#2072,.T.);
#2739=ORIENTED_EDGE('',*,*,#2073,.F.);
#2740=ORIENTED_EDGE('',*,*,#2027,.T.);
#2741=ORIENTED_EDGE('',*,*,#2074,.T.);
#2742=ORIENTED_EDGE('',*,*,#1978,.T.);
#2743=ORIENTED_EDGE('',*,*,#2075,.T.);
#2744=ORIENTED_EDGE('',*,*,#2076,.T.);
#2745=ORIENTED_EDGE('',*,*,#2073,.T.);
#2746=ORIENTED_EDGE('',*,*,#2077,.T.);
#2747=ORIENTED_EDGE('',*,*,#2078,.T.);
#2748=ORIENTED_EDGE('',*,*,#2028,.T.);
#2749=ORIENTED_EDGE('',*,*,#2077,.F.);
#2750=ORIENTED_EDGE('',*,*,#2079,.T.);
#2751=ORIENTED_EDGE('',*,*,#2076,.F.);
#2752=ORIENTED_EDGE('',*,*,#2080,.T.);
#2753=ORIENTED_EDGE('',*,*,#2065,.F.);
#2754=ORIENTED_EDGE('',*,*,#1979,.T.);
#2755=ORIENTED_EDGE('',*,*,#2074,.F.);
#2756=ORIENTED_EDGE('',*,*,#2081,.T.);
#2757=ORIENTED_EDGE('',*,*,#2070,.F.);
#2758=ORIENTED_EDGE('',*,*,#2081,.F.);
#2759=ORIENTED_EDGE('',*,*,#2079,.F.);
#2760=ORIENTED_EDGE('',*,*,#2072,.F.);
#2761=ORIENTED_EDGE('',*,*,#2082,.T.);
#2762=ORIENTED_EDGE('',*,*,#2030,.T.);
#2763=ORIENTED_EDGE('',*,*,#2083,.T.);
#2764=ORIENTED_EDGE('',*,*,#2084,.T.);
#2765=ORIENTED_EDGE('',*,*,#2085,.T.);
#2766=ORIENTED_EDGE('',*,*,#2086,.T.);
#2767=ORIENTED_EDGE('',*,*,#2087,.T.);
#2768=ORIENTED_EDGE('',*,*,#1976,.T.);
#2769=ORIENTED_EDGE('',*,*,#2084,.F.);
#2770=ORIENTED_EDGE('',*,*,#2088,.T.);
#2771=ORIENTED_EDGE('',*,*,#2086,.F.);
#2772=ORIENTED_EDGE('',*,*,#2089,.T.);
#2773=ORIENTED_EDGE('',*,*,#2082,.F.);
#2774=ORIENTED_EDGE('',*,*,#2090,.T.);
#2775=ORIENTED_EDGE('',*,*,#2091,.F.);
#2776=ORIENTED_EDGE('',*,*,#2031,.T.);
#2777=ORIENTED_EDGE('',*,*,#2089,.F.);
#2778=ORIENTED_EDGE('',*,*,#2092,.F.);
#2779=ORIENTED_EDGE('',*,*,#2093,.F.);
#2780=ORIENTED_EDGE('',*,*,#2090,.F.);
#2781=ORIENTED_EDGE('',*,*,#2085,.F.);
#2782=ORIENTED_EDGE('',*,*,#1975,.T.);
#2783=ORIENTED_EDGE('',*,*,#2094,.F.);
#2784=ORIENTED_EDGE('',*,*,#2092,.T.);
#2785=ORIENTED_EDGE('',*,*,#2095,.T.);
#2786=ORIENTED_EDGE('',*,*,#2096,.T.);
#2787=ORIENTED_EDGE('',*,*,#2091,.T.);
#2788=ORIENTED_EDGE('',*,*,#2095,.F.);
#2789=ORIENTED_EDGE('',*,*,#2093,.T.);
#2790=ORIENTED_EDGE('',*,*,#2097,.T.);
#2791=ORIENTED_EDGE('',*,*,#2000,.T.);
#2792=ORIENTED_EDGE('',*,*,#2097,.F.);
#2793=ORIENTED_EDGE('',*,*,#2094,.T.);
#2794=ORIENTED_EDGE('',*,*,#1996,.T.);
#2795=ORIENTED_EDGE('',*,*,#2096,.F.);
#2796=ORIENTED_EDGE('',*,*,#1999,.T.);
#2797=ORIENTED_EDGE('',*,*,#2098,.T.);
#2798=ORIENTED_EDGE('',*,*,#2032,.T.);
#2799=ORIENTED_EDGE('',*,*,#2006,.F.);
#2800=ORIENTED_EDGE('',*,*,#1987,.T.);
#2801=ORIENTED_EDGE('',*,*,#2012,.F.);
#2802=ORIENTED_EDGE('',*,*,#2020,.T.);
#2803=ORIENTED_EDGE('',*,*,#2013,.F.);
#2804=ORIENTED_EDGE('',*,*,#1985,.T.);
#2805=ORIENTED_EDGE('',*,*,#2044,.F.);
#2806=ORIENTED_EDGE('',*,*,#2051,.T.);
#2807=ORIENTED_EDGE('',*,*,#2045,.F.);
#2808=ORIENTED_EDGE('',*,*,#1983,.T.);
#2809=ORIENTED_EDGE('',*,*,#2054,.F.);
#2810=ORIENTED_EDGE('',*,*,#2061,.T.);
#2811=ORIENTED_EDGE('',*,*,#2055,.F.);
#2812=ORIENTED_EDGE('',*,*,#1981,.T.);
#2813=ORIENTED_EDGE('',*,*,#2064,.F.);
#2814=ORIENTED_EDGE('',*,*,#2071,.T.);
#2815=ORIENTED_EDGE('',*,*,#2075,.F.);
#2816=ORIENTED_EDGE('',*,*,#1977,.T.);
#2817=ORIENTED_EDGE('',*,*,#2087,.F.);
#2818=ORIENTED_EDGE('',*,*,#2099,.T.);
#2819=ORIENTED_EDGE('',*,*,#2080,.F.);
#2820=ORIENTED_EDGE('',*,*,#2099,.F.);
#2821=ORIENTED_EDGE('',*,*,#2088,.F.);
#2822=ORIENTED_EDGE('',*,*,#2100,.F.);
#2823=ORIENTED_EDGE('',*,*,#2078,.F.);
#2824=ORIENTED_EDGE('',*,*,#2100,.T.);
#2825=ORIENTED_EDGE('',*,*,#2083,.F.);
#2826=ORIENTED_EDGE('',*,*,#2029,.T.);
#2827=ORIENTED_EDGE('',*,*,#2101,.T.);
#2828=ORIENTED_EDGE('',*,*,#2102,.T.);
#2829=ORIENTED_EDGE('',*,*,#2103,.T.);
#2830=ORIENTED_EDGE('',*,*,#2098,.F.);
#2831=ORIENTED_EDGE('',*,*,#1998,.T.);
#2832=ORIENTED_EDGE('',*,*,#2104,.T.);
#2833=ORIENTED_EDGE('',*,*,#2105,.T.);
#2834=ORIENTED_EDGE('',*,*,#2102,.F.);
#2835=ORIENTED_EDGE('',*,*,#2106,.T.);
#2836=ORIENTED_EDGE('',*,*,#1970,.T.);
#2837=ORIENTED_EDGE('',*,*,#2008,.F.);
#2838=ORIENTED_EDGE('',*,*,#2107,.T.);
#2839=ORIENTED_EDGE('',*,*,#2108,.T.);
#2840=ORIENTED_EDGE('',*,*,#2109,.T.);
#2841=ORIENTED_EDGE('',*,*,#2108,.F.);
#2842=ORIENTED_EDGE('',*,*,#2110,.T.);
#2843=ORIENTED_EDGE('',*,*,#2104,.F.);
#2844=ORIENTED_EDGE('',*,*,#2101,.F.);
#2845=ORIENTED_EDGE('',*,*,#1997,.F.);
#2846=ORIENTED_EDGE('',*,*,#1956,.T.);
#2847=ORIENTED_EDGE('',*,*,#1927,.T.);
#2848=ORIENTED_EDGE('',*,*,#1926,.T.);
#2849=ORIENTED_EDGE('',*,*,#2111,.T.);
#2850=ORIENTED_EDGE('',*,*,#2112,.F.);
#2851=ORIENTED_EDGE('',*,*,#2109,.F.);
#2852=ORIENTED_EDGE('',*,*,#2113,.F.);
#2853=ORIENTED_EDGE('',*,*,#2114,.T.);
#2854=ORIENTED_EDGE('',*,*,#1923,.T.);
#2855=ORIENTED_EDGE('',*,*,#1922,.F.);
#2856=ORIENTED_EDGE('',*,*,#1966,.F.);
#2857=ORIENTED_EDGE('',*,*,#1971,.T.);
#2858=ORIENTED_EDGE('',*,*,#2106,.F.);
#2859=ORIENTED_EDGE('',*,*,#2114,.F.);
#2860=ORIENTED_EDGE('',*,*,#2115,.T.);
#2861=ORIENTED_EDGE('',*,*,#1924,.T.);
#2862=ORIENTED_EDGE('',*,*,#2107,.F.);
#2863=ORIENTED_EDGE('',*,*,#2034,.T.);
#2864=ORIENTED_EDGE('',*,*,#2115,.F.);
#2865=ORIENTED_EDGE('',*,*,#2113,.T.);
#2866=ORIENTED_EDGE('',*,*,#2110,.F.);
#2867=ORIENTED_EDGE('',*,*,#2111,.F.);
#2868=ORIENTED_EDGE('',*,*,#1925,.T.);
#2869=ORIENTED_EDGE('',*,*,#2116,.T.);
#2870=ORIENTED_EDGE('',*,*,#2105,.F.);
#2871=ORIENTED_EDGE('',*,*,#2112,.T.);
#2872=ORIENTED_EDGE('',*,*,#2116,.F.);
#2873=ORIENTED_EDGE('',*,*,#2033,.T.);
#2874=ORIENTED_EDGE('',*,*,#2103,.F.);
#2875=ORIENTED_EDGE('',*,*,#1930,.T.);
#2876=ORIENTED_EDGE('',*,*,#1914,.F.);
#2877=ORIENTED_EDGE('',*,*,#1911,.F.);
#2878=ORIENTED_EDGE('',*,*,#1917,.F.);
#2879=ORIENTED_EDGE('',*,*,#1900,.T.);
#2880=ORIENTED_EDGE('',*,*,#1901,.T.);
#2881=ORIENTED_EDGE('',*,*,#1952,.T.);
#2882=ORIENTED_EDGE('',*,*,#1955,.T.);
#2883=ORIENTED_EDGE('',*,*,#2117,.F.);
#2884=ORIENTED_EDGE('',*,*,#2118,.T.);
#2885=ORIENTED_EDGE('',*,*,#2041,.F.);
#2886=ORIENTED_EDGE('',*,*,#2118,.F.);
#2887=ORIENTED_EDGE('',*,*,#2119,.F.);
#2888=ORIENTED_EDGE('',*,*,#2120,.T.);
#2889=ORIENTED_EDGE('',*,*,#2040,.F.);
#2890=ORIENTED_EDGE('',*,*,#2120,.F.);
#2891=ORIENTED_EDGE('',*,*,#2121,.F.);
#2892=ORIENTED_EDGE('',*,*,#2122,.T.);
#2893=ORIENTED_EDGE('',*,*,#2123,.F.);
#2894=ORIENTED_EDGE('',*,*,#2124,.F.);
#2895=ORIENTED_EDGE('',*,*,#1992,.F.);
#2896=ORIENTED_EDGE('',*,*,#2125,.T.);
#2897=ORIENTED_EDGE('',*,*,#2126,.F.);
#2898=ORIENTED_EDGE('',*,*,#2127,.F.);
#2899=ORIENTED_EDGE('',*,*,#2128,.T.);
#2900=ORIENTED_EDGE('',*,*,#2126,.T.);
#2901=ORIENTED_EDGE('',*,*,#2129,.T.);
#2902=ORIENTED_EDGE('',*,*,#2123,.T.);
#2903=ORIENTED_EDGE('',*,*,#2117,.T.);
#2904=ORIENTED_EDGE('',*,*,#1994,.F.);
#2905=ORIENTED_EDGE('',*,*,#2130,.T.);
#2906=ORIENTED_EDGE('',*,*,#2131,.F.);
#2907=ORIENTED_EDGE('',*,*,#2132,.F.);
#2908=ORIENTED_EDGE('',*,*,#2133,.F.);
#2909=ORIENTED_EDGE('',*,*,#2134,.T.);
#2910=ORIENTED_EDGE('',*,*,#2135,.F.);
#2911=ORIENTED_EDGE('',*,*,#2136,.F.);
#2912=ORIENTED_EDGE('',*,*,#2137,.F.);
#2913=ORIENTED_EDGE('',*,*,#2138,.T.);
#2914=ORIENTED_EDGE('',*,*,#2135,.T.);
#2915=ORIENTED_EDGE('',*,*,#2139,.T.);
#2916=ORIENTED_EDGE('',*,*,#2131,.T.);
#2917=ORIENTED_EDGE('',*,*,#2119,.T.);
#2918=ORIENTED_EDGE('',*,*,#1991,.F.);
#2919=ORIENTED_EDGE('',*,*,#2132,.T.);
#2920=ORIENTED_EDGE('',*,*,#2139,.F.);
#2921=ORIENTED_EDGE('',*,*,#2134,.F.);
#2922=ORIENTED_EDGE('',*,*,#2140,.F.);
#2923=ORIENTED_EDGE('',*,*,#2124,.T.);
#2924=ORIENTED_EDGE('',*,*,#2129,.F.);
#2925=ORIENTED_EDGE('',*,*,#2125,.F.);
#2926=ORIENTED_EDGE('',*,*,#1993,.F.);
#2927=ORIENTED_EDGE('',*,*,#2127,.T.);
#2928=ORIENTED_EDGE('',*,*,#2128,.F.);
#2929=ORIENTED_EDGE('',*,*,#2122,.F.);
#2930=ORIENTED_EDGE('',*,*,#2141,.F.);
#2931=ORIENTED_EDGE('',*,*,#2136,.T.);
#2932=ORIENTED_EDGE('',*,*,#2138,.F.);
#2933=ORIENTED_EDGE('',*,*,#2130,.F.);
#2934=ORIENTED_EDGE('',*,*,#2142,.F.);
#2935=ORIENTED_EDGE('',*,*,#2143,.F.);
#2936=ORIENTED_EDGE('',*,*,#2144,.F.);
#2937=ORIENTED_EDGE('',*,*,#2145,.T.);
#2938=ORIENTED_EDGE('',*,*,#2038,.F.);
#2939=ORIENTED_EDGE('',*,*,#2145,.F.);
#2940=ORIENTED_EDGE('',*,*,#2146,.F.);
#2941=ORIENTED_EDGE('',*,*,#2142,.T.);
#2942=ORIENTED_EDGE('',*,*,#2039,.F.);
#2943=ORIENTED_EDGE('',*,*,#2133,.T.);
#2944=ORIENTED_EDGE('',*,*,#2143,.T.);
#2945=ORIENTED_EDGE('',*,*,#2146,.T.);
#2946=ORIENTED_EDGE('',*,*,#2144,.T.);
#2947=ORIENTED_EDGE('',*,*,#2137,.T.);
#2948=ORIENTED_EDGE('',*,*,#2141,.T.);
#2949=ORIENTED_EDGE('',*,*,#2121,.T.);
#2950=ORIENTED_EDGE('',*,*,#2140,.T.);
#2951=ORIENTED_EDGE('',*,*,#1990,.F.);
#2952=ORIENTED_EDGE('',*,*,#2147,.T.);
#2953=ORIENTED_EDGE('',*,*,#2037,.F.);
#2954=ORIENTED_EDGE('',*,*,#2147,.F.);
#2955=ORIENTED_EDGE('',*,*,#1989,.F.);
#2956=ORIENTED_EDGE('',*,*,#2148,.T.);
#2957=ORIENTED_EDGE('',*,*,#2036,.F.);
#2958=ORIENTED_EDGE('',*,*,#2148,.F.);
#2959=ORIENTED_EDGE('',*,*,#1988,.F.);
#2960=ORIENTED_EDGE('',*,*,#2149,.T.);
#2961=ORIENTED_EDGE('',*,*,#2035,.F.);
#2962=ORIENTED_EDGE('',*,*,#2149,.F.);
#2963=ORIENTED_EDGE('',*,*,#2150,.F.);
#2964=ORIENTED_EDGE('',*,*,#2151,.T.);
#2965=ORIENTED_EDGE('',*,*,#2152,.F.);
#2966=ORIENTED_EDGE('',*,*,#2151,.F.);
#2967=ORIENTED_EDGE('',*,*,#2150,.T.);
#2968=ORIENTED_EDGE('',*,*,#2153,.F.);
#2969=ORIENTED_EDGE('',*,*,#2154,.T.);
#2970=ORIENTED_EDGE('',*,*,#2155,.T.);
#2971=ORIENTED_EDGE('',*,*,#2156,.T.);
#2972=ORIENTED_EDGE('',*,*,#2156,.F.);
#2973=ORIENTED_EDGE('',*,*,#2157,.F.);
#2974=ORIENTED_EDGE('',*,*,#2158,.F.);
#2975=ORIENTED_EDGE('',*,*,#2159,.F.);
#2976=ORIENTED_EDGE('',*,*,#2160,.F.);
#2977=ORIENTED_EDGE('',*,*,#2158,.T.);
#2978=ORIENTED_EDGE('',*,*,#2161,.T.);
#2979=ORIENTED_EDGE('',*,*,#2162,.T.);
#2980=ORIENTED_EDGE('',*,*,#2154,.F.);
#2981=ORIENTED_EDGE('',*,*,#2163,.F.);
#2982=ORIENTED_EDGE('',*,*,#2164,.F.);
#2983=ORIENTED_EDGE('',*,*,#2165,.F.);
#2984=ORIENTED_EDGE('',*,*,#2166,.F.);
#2985=ORIENTED_EDGE('',*,*,#2162,.F.);
#2986=ORIENTED_EDGE('',*,*,#2167,.F.);
#2987=ORIENTED_EDGE('',*,*,#2167,.T.);
#2988=ORIENTED_EDGE('',*,*,#2161,.F.);
#2989=ORIENTED_EDGE('',*,*,#2157,.T.);
#2990=ORIENTED_EDGE('',*,*,#2155,.F.);
#2991=ORIENTED_EDGE('',*,*,#2152,.T.);
#2992=ORIENTED_EDGE('',*,*,#2153,.T.);
#2993=ORIENTED_EDGE('',*,*,#2159,.T.);
#2994=ORIENTED_EDGE('',*,*,#2160,.T.);
#2995=ORIENTED_EDGE('',*,*,#2166,.T.);
#2996=ORIENTED_EDGE('',*,*,#2168,.T.);
#2997=ORIENTED_EDGE('',*,*,#2169,.T.);
#2998=ORIENTED_EDGE('',*,*,#2170,.T.);
#2999=ORIENTED_EDGE('',*,*,#2163,.T.);
#3000=ORIENTED_EDGE('',*,*,#2165,.T.);
#3001=ORIENTED_EDGE('',*,*,#2171,.T.);
#3002=ORIENTED_EDGE('',*,*,#2172,.T.);
#3003=ORIENTED_EDGE('',*,*,#2164,.T.);
#3004=ORIENTED_EDGE('',*,*,#2173,.T.);
#3005=ORIENTED_EDGE('',*,*,#2174,.T.);
#3006=ORIENTED_EDGE('',*,*,#2175,.F.);
#3007=ORIENTED_EDGE('',*,*,#2176,.F.);
#3008=ORIENTED_EDGE('',*,*,#2177,.F.);
#3009=ORIENTED_EDGE('',*,*,#2178,.T.);
#3010=ORIENTED_EDGE('',*,*,#2179,.F.);
#3011=ORIENTED_EDGE('',*,*,#2178,.F.);
#3012=ORIENTED_EDGE('',*,*,#2180,.F.);
#3013=ORIENTED_EDGE('',*,*,#2181,.T.);
#3014=ORIENTED_EDGE('',*,*,#2182,.F.);
#3015=ORIENTED_EDGE('',*,*,#2181,.F.);
#3016=ORIENTED_EDGE('',*,*,#2183,.F.);
#3017=ORIENTED_EDGE('',*,*,#2184,.F.);
#3018=ORIENTED_EDGE('',*,*,#2183,.T.);
#3019=ORIENTED_EDGE('',*,*,#2180,.T.);
#3020=ORIENTED_EDGE('',*,*,#2177,.T.);
#3021=ORIENTED_EDGE('',*,*,#2185,.T.);
#3022=ORIENTED_EDGE('',*,*,#2186,.T.);
#3023=ORIENTED_EDGE('',*,*,#2187,.F.);
#3024=ORIENTED_EDGE('',*,*,#2188,.T.);
#3025=ORIENTED_EDGE('',*,*,#2189,.T.);
#3026=ORIENTED_EDGE('',*,*,#2176,.T.);
#3027=ORIENTED_EDGE('',*,*,#2190,.T.);
#3028=ORIENTED_EDGE('',*,*,#2191,.T.);
#3029=ORIENTED_EDGE('',*,*,#2185,.F.);
#3030=ORIENTED_EDGE('',*,*,#2192,.F.);
#3031=ORIENTED_EDGE('',*,*,#2193,.F.);
#3032=ORIENTED_EDGE('',*,*,#2194,.F.);
#3033=ORIENTED_EDGE('',*,*,#2195,.T.);
#3034=ORIENTED_EDGE('',*,*,#2196,.F.);
#3035=ORIENTED_EDGE('',*,*,#2195,.F.);
#3036=ORIENTED_EDGE('',*,*,#2197,.F.);
#3037=ORIENTED_EDGE('',*,*,#2198,.F.);
#3038=ORIENTED_EDGE('',*,*,#2199,.F.);
#3039=ORIENTED_EDGE('',*,*,#2200,.F.);
#3040=ORIENTED_EDGE('',*,*,#2201,.F.);
#3041=ORIENTED_EDGE('',*,*,#2193,.T.);
#3042=ORIENTED_EDGE('',*,*,#2197,.T.);
#3043=ORIENTED_EDGE('',*,*,#2194,.T.);
#3044=ORIENTED_EDGE('',*,*,#2201,.T.);
#3045=ORIENTED_EDGE('',*,*,#2202,.F.);
#3046=ORIENTED_EDGE('',*,*,#2203,.F.);
#3047=ORIENTED_EDGE('',*,*,#2204,.F.);
#3048=ORIENTED_EDGE('',*,*,#2205,.T.);
#3049=ORIENTED_EDGE('',*,*,#2206,.F.);
#3050=ORIENTED_EDGE('',*,*,#2200,.T.);
#3051=ORIENTED_EDGE('',*,*,#2207,.F.);
#3052=ORIENTED_EDGE('',*,*,#2208,.F.);
#3053=ORIENTED_EDGE('',*,*,#2202,.T.);
#3054=ORIENTED_EDGE('',*,*,#2198,.T.);
#3055=ORIENTED_EDGE('',*,*,#2206,.T.);
#3056=ORIENTED_EDGE('',*,*,#2209,.T.);
#3057=ORIENTED_EDGE('',*,*,#2210,.F.);
#3058=ORIENTED_EDGE('',*,*,#2196,.T.);
#3059=ORIENTED_EDGE('',*,*,#2210,.T.);
#3060=ORIENTED_EDGE('',*,*,#2211,.T.);
#3061=ORIENTED_EDGE('',*,*,#2212,.F.);
#3062=ORIENTED_EDGE('',*,*,#2213,.F.);
#3063=ORIENTED_EDGE('',*,*,#2207,.T.);
#3064=ORIENTED_EDGE('',*,*,#2199,.T.);
#3065=ORIENTED_EDGE('',*,*,#2192,.T.);
#3066=ORIENTED_EDGE('',*,*,#2212,.T.);
#3067=ORIENTED_EDGE('',*,*,#2214,.F.);
#3068=ORIENTED_EDGE('',*,*,#2215,.T.);
#3069=ORIENTED_EDGE('',*,*,#2216,.T.);
#3070=ORIENTED_EDGE('',*,*,#2204,.T.);
#3071=ORIENTED_EDGE('',*,*,#2217,.T.);
#3072=ORIENTED_EDGE('',*,*,#2169,.F.);
#3073=ORIENTED_EDGE('',*,*,#2218,.F.);
#3074=ORIENTED_EDGE('',*,*,#2182,.T.);
#3075=ORIENTED_EDGE('',*,*,#2219,.F.);
#3076=ORIENTED_EDGE('',*,*,#2220,.T.);
#3077=ORIENTED_EDGE('',*,*,#2221,.F.);
#3078=ORIENTED_EDGE('',*,*,#2222,.T.);
#3079=ORIENTED_EDGE('',*,*,#2190,.F.);
#3080=ORIENTED_EDGE('',*,*,#2175,.T.);
#3081=ORIENTED_EDGE('',*,*,#2179,.T.);
#3082=ORIENTED_EDGE('',*,*,#2184,.T.);
#3083=ORIENTED_EDGE('',*,*,#2189,.F.);
#3084=ORIENTED_EDGE('',*,*,#2223,.T.);
#3085=ORIENTED_EDGE('',*,*,#2219,.T.);
#3086=ORIENTED_EDGE('',*,*,#2221,.T.);
#3087=ORIENTED_EDGE('',*,*,#2224,.F.);
#3088=ORIENTED_EDGE('',*,*,#2225,.T.);
#3089=ORIENTED_EDGE('',*,*,#2226,.T.);
#3090=ORIENTED_EDGE('',*,*,#2227,.T.);
#3091=ORIENTED_EDGE('',*,*,#2214,.T.);
#3092=ORIENTED_EDGE('',*,*,#2211,.F.);
#3093=ORIENTED_EDGE('',*,*,#2209,.F.);
#3094=ORIENTED_EDGE('',*,*,#2205,.F.);
#3095=ORIENTED_EDGE('',*,*,#2218,.T.);
#3096=ORIENTED_EDGE('',*,*,#2168,.F.);
#3097=ORIENTED_EDGE('',*,*,#2172,.F.);
#3098=ORIENTED_EDGE('',*,*,#2228,.F.);
#3099=ORIENTED_EDGE('',*,*,#2186,.F.);
#3100=ORIENTED_EDGE('',*,*,#2191,.F.);
#3101=ORIENTED_EDGE('',*,*,#2222,.F.);
#3102=ORIENTED_EDGE('',*,*,#2226,.F.);
#3103=ORIENTED_EDGE('',*,*,#2187,.T.);
#3104=ORIENTED_EDGE('',*,*,#2228,.T.);
#3105=ORIENTED_EDGE('',*,*,#2171,.F.);
#3106=ORIENTED_EDGE('',*,*,#2174,.F.);
#3107=ORIENTED_EDGE('',*,*,#2229,.F.);
#3108=ORIENTED_EDGE('',*,*,#2230,.T.);
#3109=ORIENTED_EDGE('',*,*,#2224,.T.);
#3110=ORIENTED_EDGE('',*,*,#2220,.F.);
#3111=ORIENTED_EDGE('',*,*,#2223,.F.);
#3112=ORIENTED_EDGE('',*,*,#2188,.F.);
#3113=ORIENTED_EDGE('',*,*,#2229,.T.);
#3114=ORIENTED_EDGE('',*,*,#2173,.F.);
#3115=ORIENTED_EDGE('',*,*,#2170,.F.);
#3116=ORIENTED_EDGE('',*,*,#2217,.F.);
#3117=ORIENTED_EDGE('',*,*,#2203,.T.);
#3118=ORIENTED_EDGE('',*,*,#2208,.T.);
#3119=ORIENTED_EDGE('',*,*,#2213,.T.);
#3120=ORIENTED_EDGE('',*,*,#2216,.F.);
#3121=ORIENTED_EDGE('',*,*,#2215,.F.);
#3122=ORIENTED_EDGE('',*,*,#2227,.F.);
#3123=ORIENTED_EDGE('',*,*,#2225,.F.);
#3124=ORIENTED_EDGE('',*,*,#2230,.F.);
#3125=ORIENTED_EDGE('',*,*,#2231,.F.);
#3126=ORIENTED_EDGE('',*,*,#2232,.T.);
#3127=ORIENTED_EDGE('',*,*,#2233,.F.);
#3128=ORIENTED_EDGE('',*,*,#2232,.F.);
#3129=ORIENTED_EDGE('',*,*,#2234,.F.);
#3130=ORIENTED_EDGE('',*,*,#2235,.T.);
#3131=ORIENTED_EDGE('',*,*,#2236,.F.);
#3132=ORIENTED_EDGE('',*,*,#2235,.F.);
#3133=ORIENTED_EDGE('',*,*,#2237,.F.);
#3134=ORIENTED_EDGE('',*,*,#2238,.T.);
#3135=ORIENTED_EDGE('',*,*,#2239,.F.);
#3136=ORIENTED_EDGE('',*,*,#2238,.F.);
#3137=ORIENTED_EDGE('',*,*,#2240,.F.);
#3138=ORIENTED_EDGE('',*,*,#2241,.T.);
#3139=ORIENTED_EDGE('',*,*,#2242,.T.);
#3140=ORIENTED_EDGE('',*,*,#2241,.F.);
#3141=ORIENTED_EDGE('',*,*,#2243,.T.);
#3142=ORIENTED_EDGE('',*,*,#2244,.T.);
#3143=ORIENTED_EDGE('',*,*,#2245,.F.);
#3144=ORIENTED_EDGE('',*,*,#2246,.F.);
#3145=ORIENTED_EDGE('',*,*,#2247,.F.);
#3146=ORIENTED_EDGE('',*,*,#2246,.T.);
#3147=ORIENTED_EDGE('',*,*,#2248,.F.);
#3148=ORIENTED_EDGE('',*,*,#2249,.F.);
#3149=ORIENTED_EDGE('',*,*,#2250,.T.);
#3150=ORIENTED_EDGE('',*,*,#2249,.T.);
#3151=ORIENTED_EDGE('',*,*,#2251,.F.);
#3152=ORIENTED_EDGE('',*,*,#2252,.F.);
#3153=ORIENTED_EDGE('',*,*,#2253,.T.);
#3154=ORIENTED_EDGE('',*,*,#2252,.T.);
#3155=ORIENTED_EDGE('',*,*,#2254,.F.);
#3156=ORIENTED_EDGE('',*,*,#2255,.F.);
#3157=ORIENTED_EDGE('',*,*,#2256,.T.);
#3158=ORIENTED_EDGE('',*,*,#2255,.T.);
#3159=ORIENTED_EDGE('',*,*,#2257,.F.);
#3160=ORIENTED_EDGE('',*,*,#2258,.F.);
#3161=ORIENTED_EDGE('',*,*,#2259,.T.);
#3162=ORIENTED_EDGE('',*,*,#2258,.T.);
#3163=ORIENTED_EDGE('',*,*,#2260,.F.);
#3164=ORIENTED_EDGE('',*,*,#2261,.F.);
#3165=ORIENTED_EDGE('',*,*,#2262,.T.);
#3166=ORIENTED_EDGE('',*,*,#2261,.T.);
#3167=ORIENTED_EDGE('',*,*,#2263,.F.);
#3168=ORIENTED_EDGE('',*,*,#2264,.F.);
#3169=ORIENTED_EDGE('',*,*,#2265,.T.);
#3170=ORIENTED_EDGE('',*,*,#2264,.T.);
#3171=ORIENTED_EDGE('',*,*,#2266,.F.);
#3172=ORIENTED_EDGE('',*,*,#2267,.F.);
#3173=ORIENTED_EDGE('',*,*,#2268,.T.);
#3174=ORIENTED_EDGE('',*,*,#2267,.T.);
#3175=ORIENTED_EDGE('',*,*,#2269,.F.);
#3176=ORIENTED_EDGE('',*,*,#2270,.F.);
#3177=ORIENTED_EDGE('',*,*,#2271,.T.);
#3178=ORIENTED_EDGE('',*,*,#2270,.T.);
#3179=ORIENTED_EDGE('',*,*,#2272,.F.);
#3180=ORIENTED_EDGE('',*,*,#2273,.F.);
#3181=ORIENTED_EDGE('',*,*,#2274,.T.);
#3182=ORIENTED_EDGE('',*,*,#2273,.T.);
#3183=ORIENTED_EDGE('',*,*,#2275,.F.);
#3184=ORIENTED_EDGE('',*,*,#2276,.F.);
#3185=ORIENTED_EDGE('',*,*,#2277,.T.);
#3186=ORIENTED_EDGE('',*,*,#2276,.T.);
#3187=ORIENTED_EDGE('',*,*,#2278,.F.);
#3188=ORIENTED_EDGE('',*,*,#2279,.F.);
#3189=ORIENTED_EDGE('',*,*,#2280,.T.);
#3190=ORIENTED_EDGE('',*,*,#2279,.T.);
#3191=ORIENTED_EDGE('',*,*,#2281,.F.);
#3192=ORIENTED_EDGE('',*,*,#2282,.F.);
#3193=ORIENTED_EDGE('',*,*,#2283,.T.);
#3194=ORIENTED_EDGE('',*,*,#2282,.T.);
#3195=ORIENTED_EDGE('',*,*,#2284,.F.);
#3196=ORIENTED_EDGE('',*,*,#2285,.F.);
#3197=ORIENTED_EDGE('',*,*,#2286,.T.);
#3198=ORIENTED_EDGE('',*,*,#2285,.T.);
#3199=ORIENTED_EDGE('',*,*,#2287,.F.);
#3200=ORIENTED_EDGE('',*,*,#2288,.F.);
#3201=ORIENTED_EDGE('',*,*,#2289,.T.);
#3202=ORIENTED_EDGE('',*,*,#2288,.T.);
#3203=ORIENTED_EDGE('',*,*,#2290,.F.);
#3204=ORIENTED_EDGE('',*,*,#2291,.F.);
#3205=ORIENTED_EDGE('',*,*,#2292,.T.);
#3206=ORIENTED_EDGE('',*,*,#2291,.T.);
#3207=ORIENTED_EDGE('',*,*,#2293,.F.);
#3208=ORIENTED_EDGE('',*,*,#2294,.F.);
#3209=ORIENTED_EDGE('',*,*,#2295,.T.);
#3210=ORIENTED_EDGE('',*,*,#2294,.T.);
#3211=ORIENTED_EDGE('',*,*,#2296,.F.);
#3212=ORIENTED_EDGE('',*,*,#2297,.F.);
#3213=ORIENTED_EDGE('',*,*,#2298,.T.);
#3214=ORIENTED_EDGE('',*,*,#2297,.T.);
#3215=ORIENTED_EDGE('',*,*,#2299,.F.);
#3216=ORIENTED_EDGE('',*,*,#2300,.F.);
#3217=ORIENTED_EDGE('',*,*,#2301,.T.);
#3218=ORIENTED_EDGE('',*,*,#2300,.T.);
#3219=ORIENTED_EDGE('',*,*,#2302,.F.);
#3220=ORIENTED_EDGE('',*,*,#2303,.F.);
#3221=ORIENTED_EDGE('',*,*,#2304,.T.);
#3222=ORIENTED_EDGE('',*,*,#2303,.T.);
#3223=ORIENTED_EDGE('',*,*,#2305,.F.);
#3224=ORIENTED_EDGE('',*,*,#2306,.F.);
#3225=ORIENTED_EDGE('',*,*,#2307,.T.);
#3226=ORIENTED_EDGE('',*,*,#2306,.T.);
#3227=ORIENTED_EDGE('',*,*,#2308,.F.);
#3228=ORIENTED_EDGE('',*,*,#2309,.F.);
#3229=ORIENTED_EDGE('',*,*,#2310,.T.);
#3230=ORIENTED_EDGE('',*,*,#2309,.T.);
#3231=ORIENTED_EDGE('',*,*,#2311,.F.);
#3232=ORIENTED_EDGE('',*,*,#2312,.F.);
#3233=ORIENTED_EDGE('',*,*,#2313,.T.);
#3234=ORIENTED_EDGE('',*,*,#2312,.T.);
#3235=ORIENTED_EDGE('',*,*,#2314,.F.);
#3236=ORIENTED_EDGE('',*,*,#2315,.F.);
#3237=ORIENTED_EDGE('',*,*,#2316,.T.);
#3238=ORIENTED_EDGE('',*,*,#2315,.T.);
#3239=ORIENTED_EDGE('',*,*,#2317,.F.);
#3240=ORIENTED_EDGE('',*,*,#2318,.F.);
#3241=ORIENTED_EDGE('',*,*,#2319,.T.);
#3242=ORIENTED_EDGE('',*,*,#2318,.T.);
#3243=ORIENTED_EDGE('',*,*,#2320,.F.);
#3244=ORIENTED_EDGE('',*,*,#2321,.F.);
#3245=ORIENTED_EDGE('',*,*,#2322,.T.);
#3246=ORIENTED_EDGE('',*,*,#2321,.T.);
#3247=ORIENTED_EDGE('',*,*,#2323,.F.);
#3248=ORIENTED_EDGE('',*,*,#2324,.F.);
#3249=ORIENTED_EDGE('',*,*,#2325,.T.);
#3250=ORIENTED_EDGE('',*,*,#2324,.T.);
#3251=ORIENTED_EDGE('',*,*,#2326,.F.);
#3252=ORIENTED_EDGE('',*,*,#2327,.F.);
#3253=ORIENTED_EDGE('',*,*,#2328,.T.);
#3254=ORIENTED_EDGE('',*,*,#2327,.T.);
#3255=ORIENTED_EDGE('',*,*,#2329,.F.);
#3256=ORIENTED_EDGE('',*,*,#2330,.F.);
#3257=ORIENTED_EDGE('',*,*,#2331,.T.);
#3258=ORIENTED_EDGE('',*,*,#2330,.T.);
#3259=ORIENTED_EDGE('',*,*,#2332,.F.);
#3260=ORIENTED_EDGE('',*,*,#2333,.F.);
#3261=ORIENTED_EDGE('',*,*,#2334,.T.);
#3262=ORIENTED_EDGE('',*,*,#2333,.T.);
#3263=ORIENTED_EDGE('',*,*,#2335,.F.);
#3264=ORIENTED_EDGE('',*,*,#2336,.F.);
#3265=ORIENTED_EDGE('',*,*,#2337,.T.);
#3266=ORIENTED_EDGE('',*,*,#2336,.T.);
#3267=ORIENTED_EDGE('',*,*,#2338,.F.);
#3268=ORIENTED_EDGE('',*,*,#2339,.F.);
#3269=ORIENTED_EDGE('',*,*,#2340,.T.);
#3270=ORIENTED_EDGE('',*,*,#2339,.T.);
#3271=ORIENTED_EDGE('',*,*,#2341,.F.);
#3272=ORIENTED_EDGE('',*,*,#2342,.F.);
#3273=ORIENTED_EDGE('',*,*,#2343,.T.);
#3274=ORIENTED_EDGE('',*,*,#2342,.T.);
#3275=ORIENTED_EDGE('',*,*,#2344,.F.);
#3276=ORIENTED_EDGE('',*,*,#2345,.F.);
#3277=ORIENTED_EDGE('',*,*,#2346,.T.);
#3278=ORIENTED_EDGE('',*,*,#2345,.T.);
#3279=ORIENTED_EDGE('',*,*,#2347,.F.);
#3280=ORIENTED_EDGE('',*,*,#2348,.F.);
#3281=ORIENTED_EDGE('',*,*,#2349,.T.);
#3282=ORIENTED_EDGE('',*,*,#2348,.T.);
#3283=ORIENTED_EDGE('',*,*,#2350,.F.);
#3284=ORIENTED_EDGE('',*,*,#2351,.F.);
#3285=ORIENTED_EDGE('',*,*,#2352,.T.);
#3286=ORIENTED_EDGE('',*,*,#2351,.T.);
#3287=ORIENTED_EDGE('',*,*,#2353,.F.);
#3288=ORIENTED_EDGE('',*,*,#2354,.F.);
#3289=ORIENTED_EDGE('',*,*,#2355,.T.);
#3290=ORIENTED_EDGE('',*,*,#2354,.T.);
#3291=ORIENTED_EDGE('',*,*,#2356,.F.);
#3292=ORIENTED_EDGE('',*,*,#2357,.F.);
#3293=ORIENTED_EDGE('',*,*,#2358,.T.);
#3294=ORIENTED_EDGE('',*,*,#2357,.T.);
#3295=ORIENTED_EDGE('',*,*,#2359,.F.);
#3296=ORIENTED_EDGE('',*,*,#2360,.F.);
#3297=ORIENTED_EDGE('',*,*,#2361,.T.);
#3298=ORIENTED_EDGE('',*,*,#2360,.T.);
#3299=ORIENTED_EDGE('',*,*,#2362,.F.);
#3300=ORIENTED_EDGE('',*,*,#2363,.F.);
#3301=ORIENTED_EDGE('',*,*,#2364,.T.);
#3302=ORIENTED_EDGE('',*,*,#2363,.T.);
#3303=ORIENTED_EDGE('',*,*,#2365,.F.);
#3304=ORIENTED_EDGE('',*,*,#2366,.F.);
#3305=ORIENTED_EDGE('',*,*,#2367,.T.);
#3306=ORIENTED_EDGE('',*,*,#2366,.T.);
#3307=ORIENTED_EDGE('',*,*,#2368,.F.);
#3308=ORIENTED_EDGE('',*,*,#2369,.F.);
#3309=ORIENTED_EDGE('',*,*,#2370,.T.);
#3310=ORIENTED_EDGE('',*,*,#2369,.T.);
#3311=ORIENTED_EDGE('',*,*,#2371,.F.);
#3312=ORIENTED_EDGE('',*,*,#2372,.F.);
#3313=ORIENTED_EDGE('',*,*,#2373,.T.);
#3314=ORIENTED_EDGE('',*,*,#2372,.T.);
#3315=ORIENTED_EDGE('',*,*,#2374,.F.);
#3316=ORIENTED_EDGE('',*,*,#2375,.F.);
#3317=ORIENTED_EDGE('',*,*,#2376,.T.);
#3318=ORIENTED_EDGE('',*,*,#2375,.T.);
#3319=ORIENTED_EDGE('',*,*,#2377,.F.);
#3320=ORIENTED_EDGE('',*,*,#2378,.F.);
#3321=ORIENTED_EDGE('',*,*,#2379,.T.);
#3322=ORIENTED_EDGE('',*,*,#2378,.T.);
#3323=ORIENTED_EDGE('',*,*,#2380,.F.);
#3324=ORIENTED_EDGE('',*,*,#2381,.F.);
#3325=ORIENTED_EDGE('',*,*,#2382,.T.);
#3326=ORIENTED_EDGE('',*,*,#2381,.T.);
#3327=ORIENTED_EDGE('',*,*,#2383,.F.);
#3328=ORIENTED_EDGE('',*,*,#2384,.F.);
#3329=ORIENTED_EDGE('',*,*,#2385,.T.);
#3330=ORIENTED_EDGE('',*,*,#2384,.T.);
#3331=ORIENTED_EDGE('',*,*,#2386,.F.);
#3332=ORIENTED_EDGE('',*,*,#2387,.F.);
#3333=ORIENTED_EDGE('',*,*,#2388,.T.);
#3334=ORIENTED_EDGE('',*,*,#2387,.T.);
#3335=ORIENTED_EDGE('',*,*,#2389,.F.);
#3336=ORIENTED_EDGE('',*,*,#2390,.F.);
#3337=ORIENTED_EDGE('',*,*,#2391,.T.);
#3338=ORIENTED_EDGE('',*,*,#2390,.T.);
#3339=ORIENTED_EDGE('',*,*,#2392,.F.);
#3340=ORIENTED_EDGE('',*,*,#2393,.F.);
#3341=ORIENTED_EDGE('',*,*,#2394,.T.);
#3342=ORIENTED_EDGE('',*,*,#2393,.T.);
#3343=ORIENTED_EDGE('',*,*,#2395,.F.);
#3344=ORIENTED_EDGE('',*,*,#2396,.F.);
#3345=ORIENTED_EDGE('',*,*,#2397,.T.);
#3346=ORIENTED_EDGE('',*,*,#2396,.T.);
#3347=ORIENTED_EDGE('',*,*,#2398,.F.);
#3348=ORIENTED_EDGE('',*,*,#2244,.F.);
#3349=ORIENTED_EDGE('',*,*,#2398,.T.);
#3350=ORIENTED_EDGE('',*,*,#2395,.T.);
#3351=ORIENTED_EDGE('',*,*,#2392,.T.);
#3352=ORIENTED_EDGE('',*,*,#2389,.T.);
#3353=ORIENTED_EDGE('',*,*,#2386,.T.);
#3354=ORIENTED_EDGE('',*,*,#2383,.T.);
#3355=ORIENTED_EDGE('',*,*,#2380,.T.);
#3356=ORIENTED_EDGE('',*,*,#2377,.T.);
#3357=ORIENTED_EDGE('',*,*,#2374,.T.);
#3358=ORIENTED_EDGE('',*,*,#2371,.T.);
#3359=ORIENTED_EDGE('',*,*,#2368,.T.);
#3360=ORIENTED_EDGE('',*,*,#2365,.T.);
#3361=ORIENTED_EDGE('',*,*,#2362,.T.);
#3362=ORIENTED_EDGE('',*,*,#2359,.T.);
#3363=ORIENTED_EDGE('',*,*,#2356,.T.);
#3364=ORIENTED_EDGE('',*,*,#2353,.T.);
#3365=ORIENTED_EDGE('',*,*,#2350,.T.);
#3366=ORIENTED_EDGE('',*,*,#2347,.T.);
#3367=ORIENTED_EDGE('',*,*,#2344,.T.);
#3368=ORIENTED_EDGE('',*,*,#2341,.T.);
#3369=ORIENTED_EDGE('',*,*,#2338,.T.);
#3370=ORIENTED_EDGE('',*,*,#2335,.T.);
#3371=ORIENTED_EDGE('',*,*,#2332,.T.);
#3372=ORIENTED_EDGE('',*,*,#2329,.T.);
#3373=ORIENTED_EDGE('',*,*,#2326,.T.);
#3374=ORIENTED_EDGE('',*,*,#2323,.T.);
#3375=ORIENTED_EDGE('',*,*,#2320,.T.);
#3376=ORIENTED_EDGE('',*,*,#2317,.T.);
#3377=ORIENTED_EDGE('',*,*,#2314,.T.);
#3378=ORIENTED_EDGE('',*,*,#2311,.T.);
#3379=ORIENTED_EDGE('',*,*,#2308,.T.);
#3380=ORIENTED_EDGE('',*,*,#2305,.T.);
#3381=ORIENTED_EDGE('',*,*,#2302,.T.);
#3382=ORIENTED_EDGE('',*,*,#2299,.T.);
#3383=ORIENTED_EDGE('',*,*,#2296,.T.);
#3384=ORIENTED_EDGE('',*,*,#2293,.T.);
#3385=ORIENTED_EDGE('',*,*,#2290,.T.);
#3386=ORIENTED_EDGE('',*,*,#2287,.T.);
#3387=ORIENTED_EDGE('',*,*,#2284,.T.);
#3388=ORIENTED_EDGE('',*,*,#2281,.T.);
#3389=ORIENTED_EDGE('',*,*,#2278,.T.);
#3390=ORIENTED_EDGE('',*,*,#2275,.T.);
#3391=ORIENTED_EDGE('',*,*,#2272,.T.);
#3392=ORIENTED_EDGE('',*,*,#2269,.T.);
#3393=ORIENTED_EDGE('',*,*,#2266,.T.);
#3394=ORIENTED_EDGE('',*,*,#2263,.T.);
#3395=ORIENTED_EDGE('',*,*,#2260,.T.);
#3396=ORIENTED_EDGE('',*,*,#2257,.T.);
#3397=ORIENTED_EDGE('',*,*,#2254,.T.);
#3398=ORIENTED_EDGE('',*,*,#2251,.T.);
#3399=ORIENTED_EDGE('',*,*,#2248,.T.);
#3400=ORIENTED_EDGE('',*,*,#2245,.T.);
#3401=ORIENTED_EDGE('',*,*,#2231,.T.);
#3402=ORIENTED_EDGE('',*,*,#2234,.T.);
#3403=ORIENTED_EDGE('',*,*,#2237,.T.);
#3404=ORIENTED_EDGE('',*,*,#2240,.T.);
#3405=ORIENTED_EDGE('',*,*,#2397,.F.);
#3406=ORIENTED_EDGE('',*,*,#2243,.F.);
#3407=ORIENTED_EDGE('',*,*,#2247,.T.);
#3408=ORIENTED_EDGE('',*,*,#2250,.F.);
#3409=ORIENTED_EDGE('',*,*,#2253,.F.);
#3410=ORIENTED_EDGE('',*,*,#2256,.F.);
#3411=ORIENTED_EDGE('',*,*,#2259,.F.);
#3412=ORIENTED_EDGE('',*,*,#2262,.F.);
#3413=ORIENTED_EDGE('',*,*,#2265,.F.);
#3414=ORIENTED_EDGE('',*,*,#2268,.F.);
#3415=ORIENTED_EDGE('',*,*,#2271,.F.);
#3416=ORIENTED_EDGE('',*,*,#2274,.F.);
#3417=ORIENTED_EDGE('',*,*,#2277,.F.);
#3418=ORIENTED_EDGE('',*,*,#2280,.F.);
#3419=ORIENTED_EDGE('',*,*,#2283,.F.);
#3420=ORIENTED_EDGE('',*,*,#2286,.F.);
#3421=ORIENTED_EDGE('',*,*,#2289,.F.);
#3422=ORIENTED_EDGE('',*,*,#2292,.F.);
#3423=ORIENTED_EDGE('',*,*,#2295,.F.);
#3424=ORIENTED_EDGE('',*,*,#2298,.F.);
#3425=ORIENTED_EDGE('',*,*,#2301,.F.);
#3426=ORIENTED_EDGE('',*,*,#2304,.F.);
#3427=ORIENTED_EDGE('',*,*,#2307,.F.);
#3428=ORIENTED_EDGE('',*,*,#2310,.F.);
#3429=ORIENTED_EDGE('',*,*,#2313,.F.);
#3430=ORIENTED_EDGE('',*,*,#2316,.F.);
#3431=ORIENTED_EDGE('',*,*,#2319,.F.);
#3432=ORIENTED_EDGE('',*,*,#2322,.F.);
#3433=ORIENTED_EDGE('',*,*,#2325,.F.);
#3434=ORIENTED_EDGE('',*,*,#2328,.F.);
#3435=ORIENTED_EDGE('',*,*,#2331,.F.);
#3436=ORIENTED_EDGE('',*,*,#2334,.F.);
#3437=ORIENTED_EDGE('',*,*,#2337,.F.);
#3438=ORIENTED_EDGE('',*,*,#2340,.F.);
#3439=ORIENTED_EDGE('',*,*,#2343,.F.);
#3440=ORIENTED_EDGE('',*,*,#2346,.F.);
#3441=ORIENTED_EDGE('',*,*,#2349,.F.);
#3442=ORIENTED_EDGE('',*,*,#2352,.F.);
#3443=ORIENTED_EDGE('',*,*,#2355,.F.);
#3444=ORIENTED_EDGE('',*,*,#2358,.F.);
#3445=ORIENTED_EDGE('',*,*,#2361,.F.);
#3446=ORIENTED_EDGE('',*,*,#2364,.F.);
#3447=ORIENTED_EDGE('',*,*,#2367,.F.);
#3448=ORIENTED_EDGE('',*,*,#2370,.F.);
#3449=ORIENTED_EDGE('',*,*,#2373,.F.);
#3450=ORIENTED_EDGE('',*,*,#2376,.F.);
#3451=ORIENTED_EDGE('',*,*,#2379,.F.);
#3452=ORIENTED_EDGE('',*,*,#2382,.F.);
#3453=ORIENTED_EDGE('',*,*,#2385,.F.);
#3454=ORIENTED_EDGE('',*,*,#2388,.F.);
#3455=ORIENTED_EDGE('',*,*,#2391,.F.);
#3456=ORIENTED_EDGE('',*,*,#2394,.F.);
#3457=ORIENTED_EDGE('',*,*,#2233,.T.);
#3458=ORIENTED_EDGE('',*,*,#2236,.T.);
#3459=ORIENTED_EDGE('',*,*,#2239,.T.);
#3460=ORIENTED_EDGE('',*,*,#2242,.F.);
#3461=ORIENTED_EDGE('',*,*,#2399,.T.);
#3462=ORIENTED_EDGE('',*,*,#2400,.T.);
#3463=ORIENTED_EDGE('',*,*,#2401,.T.);
#3464=ORIENTED_EDGE('',*,*,#2402,.T.);
#3465=ORIENTED_EDGE('',*,*,#2400,.F.);
#3466=ORIENTED_EDGE('',*,*,#2403,.T.);
#3467=ORIENTED_EDGE('',*,*,#2404,.F.);
#3468=ORIENTED_EDGE('',*,*,#2405,.F.);
#3469=ORIENTED_EDGE('',*,*,#2406,.T.);
#3470=ORIENTED_EDGE('',*,*,#2407,.T.);
#3471=ORIENTED_EDGE('',*,*,#2408,.T.);
#3472=ORIENTED_EDGE('',*,*,#2409,.T.);
#3473=ORIENTED_EDGE('',*,*,#2402,.F.);
#3474=ORIENTED_EDGE('',*,*,#2410,.F.);
#3475=ORIENTED_EDGE('',*,*,#2407,.F.);
#3476=ORIENTED_EDGE('',*,*,#2411,.F.);
#3477=ORIENTED_EDGE('',*,*,#2412,.T.);
#3478=ORIENTED_EDGE('',*,*,#2413,.T.);
#3479=ORIENTED_EDGE('',*,*,#2414,.T.);
#3480=ORIENTED_EDGE('',*,*,#2415,.T.);
#3481=ORIENTED_EDGE('',*,*,#2409,.F.);
#3482=ORIENTED_EDGE('',*,*,#2416,.F.);
#3483=ORIENTED_EDGE('',*,*,#2413,.F.);
#3484=ORIENTED_EDGE('',*,*,#2417,.T.);
#3485=ORIENTED_EDGE('',*,*,#2418,.T.);
#3486=ORIENTED_EDGE('',*,*,#2419,.T.);
#3487=ORIENTED_EDGE('',*,*,#2420,.T.);
#3488=ORIENTED_EDGE('',*,*,#2404,.T.);
#3489=ORIENTED_EDGE('',*,*,#2415,.F.);
#3490=ORIENTED_EDGE('',*,*,#2421,.F.);
#3491=ORIENTED_EDGE('',*,*,#2419,.F.);
#3492=ORIENTED_EDGE('',*,*,#2422,.F.);
#3493=ORIENTED_EDGE('',*,*,#2423,.F.);
#3494=ORIENTED_EDGE('',*,*,#2424,.T.);
#3495=ORIENTED_EDGE('',*,*,#2425,.T.);
#3496=ORIENTED_EDGE('',*,*,#2424,.F.);
#3497=ORIENTED_EDGE('',*,*,#2426,.F.);
#3498=ORIENTED_EDGE('',*,*,#2427,.T.);
#3499=ORIENTED_EDGE('',*,*,#2428,.T.);
#3500=ORIENTED_EDGE('',*,*,#2427,.F.);
#3501=ORIENTED_EDGE('',*,*,#2416,.T.);
#3502=ORIENTED_EDGE('',*,*,#2408,.F.);
#3503=ORIENTED_EDGE('',*,*,#2410,.T.);
#3504=ORIENTED_EDGE('',*,*,#2401,.F.);
#3505=ORIENTED_EDGE('',*,*,#2405,.T.);
#3506=ORIENTED_EDGE('',*,*,#2420,.F.);
#3507=ORIENTED_EDGE('',*,*,#2421,.T.);
#3508=ORIENTED_EDGE('',*,*,#2414,.F.);
#3509=ORIENTED_EDGE('',*,*,#2426,.T.);
#3510=ORIENTED_EDGE('',*,*,#2423,.T.);
#3511=ORIENTED_EDGE('',*,*,#2412,.F.);
#3512=ORIENTED_EDGE('',*,*,#2422,.T.);
#3513=ORIENTED_EDGE('',*,*,#2418,.F.);
#3514=ORIENTED_EDGE('',*,*,#2403,.F.);
#3515=ORIENTED_EDGE('',*,*,#2399,.F.);
#3516=ORIENTED_EDGE('',*,*,#2411,.T.);
#3517=ORIENTED_EDGE('',*,*,#2406,.F.);
#3518=ORIENTED_EDGE('',*,*,#2417,.F.);
#3519=ORIENTED_EDGE('',*,*,#2428,.F.);
#3520=ORIENTED_EDGE('',*,*,#2425,.F.);
#3521=ORIENTED_EDGE('',*,*,#2429,.T.);
#3522=ORIENTED_EDGE('',*,*,#2430,.T.);
#3523=ORIENTED_EDGE('',*,*,#2431,.F.);
#3524=ORIENTED_EDGE('',*,*,#2432,.T.);
#3525=ORIENTED_EDGE('',*,*,#2433,.T.);
#3526=ORIENTED_EDGE('',*,*,#2434,.F.);
#3527=ORIENTED_EDGE('',*,*,#2435,.T.);
#3528=ORIENTED_EDGE('',*,*,#2436,.F.);
#3529=ORIENTED_EDGE('',*,*,#2437,.T.);
#3530=ORIENTED_EDGE('',*,*,#2438,.F.);
#3531=ORIENTED_EDGE('',*,*,#2439,.F.);
#3532=ORIENTED_EDGE('',*,*,#2434,.T.);
#3533=ORIENTED_EDGE('',*,*,#2440,.T.);
#3534=ORIENTED_EDGE('',*,*,#2441,.F.);
#3535=ORIENTED_EDGE('',*,*,#2442,.T.);
#3536=ORIENTED_EDGE('',*,*,#2438,.T.);
#3537=ORIENTED_EDGE('',*,*,#2443,.T.);
#3538=ORIENTED_EDGE('',*,*,#2432,.F.);
#3539=ORIENTED_EDGE('',*,*,#2444,.F.);
#3540=ORIENTED_EDGE('',*,*,#2441,.T.);
#3541=ORIENTED_EDGE('',*,*,#2445,.F.);
#3542=ORIENTED_EDGE('',*,*,#2446,.T.);
#3543=ORIENTED_EDGE('',*,*,#2447,.T.);
#3544=ORIENTED_EDGE('',*,*,#2446,.F.);
#3545=ORIENTED_EDGE('',*,*,#2448,.F.);
#3546=ORIENTED_EDGE('',*,*,#2449,.T.);
#3547=ORIENTED_EDGE('',*,*,#2450,.T.);
#3548=ORIENTED_EDGE('',*,*,#2449,.F.);
#3549=ORIENTED_EDGE('',*,*,#2451,.F.);
#3550=ORIENTED_EDGE('',*,*,#2436,.T.);
#3551=ORIENTED_EDGE('',*,*,#2452,.F.);
#3552=ORIENTED_EDGE('',*,*,#2453,.F.);
#3553=ORIENTED_EDGE('',*,*,#2454,.T.);
#3554=ORIENTED_EDGE('',*,*,#2453,.T.);
#3555=ORIENTED_EDGE('',*,*,#2455,.F.);
#3556=ORIENTED_EDGE('',*,*,#2456,.F.);
#3557=ORIENTED_EDGE('',*,*,#2457,.F.);
#3558=ORIENTED_EDGE('',*,*,#2456,.T.);
#3559=ORIENTED_EDGE('',*,*,#2458,.F.);
#3560=ORIENTED_EDGE('',*,*,#2430,.F.);
#3561=ORIENTED_EDGE('',*,*,#2458,.T.);
#3562=ORIENTED_EDGE('',*,*,#2455,.T.);
#3563=ORIENTED_EDGE('',*,*,#2452,.T.);
#3564=ORIENTED_EDGE('',*,*,#2435,.F.);
#3565=ORIENTED_EDGE('',*,*,#2439,.T.);
#3566=ORIENTED_EDGE('',*,*,#2442,.F.);
#3567=ORIENTED_EDGE('',*,*,#2444,.T.);
#3568=ORIENTED_EDGE('',*,*,#2431,.T.);
#3569=ORIENTED_EDGE('',*,*,#2448,.T.);
#3570=ORIENTED_EDGE('',*,*,#2445,.T.);
#3571=ORIENTED_EDGE('',*,*,#2451,.T.);
#3572=ORIENTED_EDGE('',*,*,#2454,.F.);
#3573=ORIENTED_EDGE('',*,*,#2457,.T.);
#3574=ORIENTED_EDGE('',*,*,#2429,.F.);
#3575=ORIENTED_EDGE('',*,*,#2443,.F.);
#3576=ORIENTED_EDGE('',*,*,#2440,.F.);
#3577=ORIENTED_EDGE('',*,*,#2437,.F.);
#3578=ORIENTED_EDGE('',*,*,#2433,.F.);
#3579=ORIENTED_EDGE('',*,*,#2450,.F.);
#3580=ORIENTED_EDGE('',*,*,#2447,.F.);
#3581=CYLINDRICAL_SURFACE('',#3959,1.03775);
#3582=CYLINDRICAL_SURFACE('',#3962,1.03775);
#3583=CYLINDRICAL_SURFACE('',#3970,20.);
#3584=CYLINDRICAL_SURFACE('',#3985,2.75);
#3585=CYLINDRICAL_SURFACE('',#3987,6.);
#3586=CYLINDRICAL_SURFACE('',#3989,1.);
#3587=CYLINDRICAL_SURFACE('',#3994,1.);
#3588=CYLINDRICAL_SURFACE('',#3999,1.);
#3589=CYLINDRICAL_SURFACE('',#4001,0.7);
#3590=CYLINDRICAL_SURFACE('',#4013,0.7);
#3591=CYLINDRICAL_SURFACE('',#4019,5.);
#3592=CYLINDRICAL_SURFACE('',#4022,0.7);
#3593=CYLINDRICAL_SURFACE('',#4024,0.7);
#3594=CYLINDRICAL_SURFACE('',#4034,5.);
#3595=CYLINDRICAL_SURFACE('',#4049,0.7);
#3596=CYLINDRICAL_SURFACE('',#4058,5.);
#3597=CYLINDRICAL_SURFACE('',#4060,0.7);
#3598=CYLINDRICAL_SURFACE('',#4069,5.);
#3599=CYLINDRICAL_SURFACE('',#4071,0.7);
#3600=CYLINDRICAL_SURFACE('',#4080,5.);
#3601=CYLINDRICAL_SURFACE('',#4082,0.7);
#3602=CYLINDRICAL_SURFACE('',#4091,5.);
#3603=CYLINDRICAL_SURFACE('',#4092,0.7);
#3604=CYLINDRICAL_SURFACE('',#4102,5.);
#3605=CYLINDRICAL_SURFACE('',#4103,0.7);
#3606=CYLINDRICAL_SURFACE('',#4106,0.7);
#3607=CYLINDRICAL_SURFACE('',#4110,5.);
#3608=CYLINDRICAL_SURFACE('',#4112,0.7);
#3609=CYLINDRICAL_SURFACE('',#4114,0.7);
#3610=CYLINDRICAL_SURFACE('',#4115,0.7);
#3611=CYLINDRICAL_SURFACE('',#4116,0.7);
#3612=CYLINDRICAL_SURFACE('',#4117,0.7);
#3613=CYLINDRICAL_SURFACE('',#4118,0.7);
#3614=CYLINDRICAL_SURFACE('',#4120,0.7);
#3615=CYLINDRICAL_SURFACE('',#4126,1.03775);
#3616=CYLINDRICAL_SURFACE('',#4128,1.03775);
#3617=CYLINDRICAL_SURFACE('',#4138,6.00000000000001);
#3618=CYLINDRICAL_SURFACE('',#4141,2.75);
#3619=CYLINDRICAL_SURFACE('',#4144,1.75);
#3620=CYLINDRICAL_SURFACE('',#4145,1.75);
#3621=CYLINDRICAL_SURFACE('',#4146,1.75);
#3622=CYLINDRICAL_SURFACE('',#4148,2.5);
#3623=CYLINDRICAL_SURFACE('',#4152,0.25);
#3624=CYLINDRICAL_SURFACE('',#4155,1.3);
#3625=CYLINDRICAL_SURFACE('',#4158,0.25);
#3626=CYLINDRICAL_SURFACE('',#4161,6.2);
#3627=CYLINDRICAL_SURFACE('',#4172,1.25);
#3628=CYLINDRICAL_SURFACE('',#4178,1.25);
#3629=CYLINDRICAL_SURFACE('',#4197,2.4);
#3630=CYLINDRICAL_SURFACE('',#4200,1.3);
#3631=CYLINDRICAL_SURFACE('',#4203,1.3);
#3632=CYLINDRICAL_SURFACE('',#4206,1.75);
#3633=CYLINDRICAL_SURFACE('',#4209,4.);
#3634=CYLINDRICAL_SURFACE('',#4213,12.09);
#3635=CYLINDRICAL_SURFACE('',#4216,4.94120866697575);
#3636=CYLINDRICAL_SURFACE('',#4220,4.94120866697575);
#3637=CYLINDRICAL_SURFACE('',#4223,12.09);
#3638=CYLINDRICAL_SURFACE('',#4226,4.94120866697575);
#3639=CYLINDRICAL_SURFACE('',#4230,4.94120866697575);
#3640=CYLINDRICAL_SURFACE('',#4233,12.09);
#3641=CYLINDRICAL_SURFACE('',#4236,4.94120866697575);
#3642=CYLINDRICAL_SURFACE('',#4240,4.94120866697575);
#3643=CYLINDRICAL_SURFACE('',#4243,12.09);
#3644=CYLINDRICAL_SURFACE('',#4246,4.94120866697576);
#3645=CYLINDRICAL_SURFACE('',#4250,4.94120866697575);
#3646=CYLINDRICAL_SURFACE('',#4253,12.09);
#3647=CYLINDRICAL_SURFACE('',#4256,4.94120866697575);
#3648=CYLINDRICAL_SURFACE('',#4260,4.94120866697575);
#3649=CYLINDRICAL_SURFACE('',#4263,12.09);
#3650=CYLINDRICAL_SURFACE('',#4266,4.94120866697575);
#3651=CYLINDRICAL_SURFACE('',#4270,4.94120866697575);
#3652=CYLINDRICAL_SURFACE('',#4273,12.09);
#3653=CYLINDRICAL_SURFACE('',#4276,4.94120866697575);
#3654=CYLINDRICAL_SURFACE('',#4280,4.94120866697575);
#3655=CYLINDRICAL_SURFACE('',#4283,12.09);
#3656=CYLINDRICAL_SURFACE('',#4286,4.94120866697577);
#3657=CYLINDRICAL_SURFACE('',#4290,4.94120866697575);
#3658=CYLINDRICAL_SURFACE('',#4293,12.09);
#3659=CYLINDRICAL_SURFACE('',#4296,4.94120866697575);
#3660=CYLINDRICAL_SURFACE('',#4300,4.94120866697575);
#3661=CYLINDRICAL_SURFACE('',#4303,12.09);
#3662=CYLINDRICAL_SURFACE('',#4306,4.94120866697575);
#3663=CYLINDRICAL_SURFACE('',#4310,4.94120866697576);
#3664=CYLINDRICAL_SURFACE('',#4313,12.09);
#3665=CYLINDRICAL_SURFACE('',#4316,4.94120866697576);
#3666=CYLINDRICAL_SURFACE('',#4320,4.94120866697575);
#3667=CYLINDRICAL_SURFACE('',#4323,12.09);
#3668=CYLINDRICAL_SURFACE('',#4326,4.94120866697575);
#3669=CYLINDRICAL_SURFACE('',#4330,4.94120866697575);
#3670=CYLINDRICAL_SURFACE('',#4333,12.09);
#3671=CYLINDRICAL_SURFACE('',#4340,3.);
#3672=CYLINDRICAL_SURFACE('',#4343,4.);
#3673=CYLINDRICAL_SURFACE('',#4346,3.);
#3674=CYLINDRICAL_SURFACE('',#4350,3.);
#3675=CYLINDRICAL_SURFACE('',#4353,4.);
#3676=CYLINDRICAL_SURFACE('',#4356,3.);
#3677=CYLINDRICAL_SURFACE('',#4360,1.5);
#3678=CYLINDRICAL_SURFACE('',#4363,1.5);
#3679=CYLINDRICAL_SURFACE('',#4372,1.75);
#3680=CYLINDRICAL_SURFACE('',#4375,1.75);
#3681=CYLINDRICAL_SURFACE('',#4379,5.);
#3682=ADVANCED_FACE('',(#251),#3581,.F.);
#3683=ADVANCED_FACE('',(#252),#3582,.F.);
#3684=ADVANCED_FACE('',(#253),#168,.T.);
#3685=ADVANCED_FACE('',(#254,#133),#169,.T.);
#3686=ADVANCED_FACE('',(#255),#170,.T.);
#3687=ADVANCED_FACE('',(#256),#171,.T.);
#3688=ADVANCED_FACE('',(#257),#172,.T.);
#3689=ADVANCED_FACE('',(#258),#3583,.T.);
#3690=ADVANCED_FACE('',(#259),#173,.T.);
#3691=ADVANCED_FACE('',(#260),#174,.T.);
#3692=ADVANCED_FACE('',(#261),#175,.T.);
#3693=ADVANCED_FACE('',(#262),#176,.T.);
#3694=ADVANCED_FACE('',(#263,#134),#177,.T.);
#3695=ADVANCED_FACE('',(#264,#135),#178,.F.);
#3696=ADVANCED_FACE('',(#265),#3584,.F.);
#3697=ADVANCED_FACE('',(#266),#3585,.F.);
#3698=ADVANCED_FACE('',(#267),#3586,.F.);
#3699=ADVANCED_FACE('',(#268),#89,.F.);
#3700=ADVANCED_FACE('',(#269),#3587,.F.);
#3701=ADVANCED_FACE('',(#270),#90,.F.);
#3702=ADVANCED_FACE('',(#271),#3588,.F.);
#3703=ADVANCED_FACE('',(#272),#179,.T.);
#3704=ADVANCED_FACE('',(#273),#3589,.T.);
#3705=ADVANCED_FACE('',(#274,#136,#137,#138,#139),#180,.T.);
#3706=ADVANCED_FACE('',(#275),#3590,.T.);
#3707=ADVANCED_FACE('',(#276),#181,.T.);
#3708=ADVANCED_FACE('',(#277),#67,.T.);
#3709=ADVANCED_FACE('',(#278),#3591,.F.);
#3710=ADVANCED_FACE('',(#279),#68,.T.);
#3711=ADVANCED_FACE('',(#280),#3592,.T.);
#3712=ADVANCED_FACE('',(#281),#3593,.T.);
#3713=ADVANCED_FACE('',(#282),#91,.T.);
#3714=ADVANCED_FACE('',(#283),#92,.T.);
#3715=ADVANCED_FACE('',(#284),#3594,.T.);
#3716=ADVANCED_FACE('',(#285),#182,.T.);
#3717=ADVANCED_FACE('',(#286,#140,#141,#142,#143,#144,#145),#183,.F.);
#3718=ADVANCED_FACE('',(#287),#3595,.T.);
#3719=ADVANCED_FACE('',(#288),#93,.T.);
#3720=ADVANCED_FACE('',(#289),#94,.T.);
#3721=ADVANCED_FACE('',(#290),#3596,.T.);
#3722=ADVANCED_FACE('',(#291),#184,.T.);
#3723=ADVANCED_FACE('',(#292),#3597,.T.);
#3724=ADVANCED_FACE('',(#293),#95,.T.);
#3725=ADVANCED_FACE('',(#294),#96,.T.);
#3726=ADVANCED_FACE('',(#295),#3598,.T.);
#3727=ADVANCED_FACE('',(#296),#185,.T.);
#3728=ADVANCED_FACE('',(#297),#3599,.T.);
#3729=ADVANCED_FACE('',(#298),#97,.T.);
#3730=ADVANCED_FACE('',(#299),#98,.T.);
#3731=ADVANCED_FACE('',(#300),#3600,.T.);
#3732=ADVANCED_FACE('',(#301),#186,.T.);
#3733=ADVANCED_FACE('',(#302),#3601,.T.);
#3734=ADVANCED_FACE('',(#303),#99,.T.);
#3735=ADVANCED_FACE('',(#304),#100,.T.);
#3736=ADVANCED_FACE('',(#305),#3602,.T.);
#3737=ADVANCED_FACE('',(#306),#3603,.T.);
#3738=ADVANCED_FACE('',(#307),#187,.T.);
#3739=ADVANCED_FACE('',(#308),#101,.T.);
#3740=ADVANCED_FACE('',(#309),#102,.T.);
#3741=ADVANCED_FACE('',(#310),#3604,.T.);
#3742=ADVANCED_FACE('',(#311),#3605,.T.);
#3743=ADVANCED_FACE('',(#312),#188,.T.);
#3744=ADVANCED_FACE('',(#313),#3606,.T.);
#3745=ADVANCED_FACE('',(#314),#69,.T.);
#3746=ADVANCED_FACE('',(#315),#3607,.F.);
#3747=ADVANCED_FACE('',(#316),#70,.T.);
#3748=ADVANCED_FACE('',(#317),#3608,.T.);
#3749=ADVANCED_FACE('',(#318),#3609,.T.);
#3750=ADVANCED_FACE('',(#319),#3610,.T.);
#3751=ADVANCED_FACE('',(#320),#3611,.T.);
#3752=ADVANCED_FACE('',(#321),#3612,.T.);
#3753=ADVANCED_FACE('',(#322),#3613,.T.);
#3754=ADVANCED_FACE('',(#323),#189,.T.);
#3755=ADVANCED_FACE('',(#324),#3614,.T.);
#3756=ADVANCED_FACE('',(#325),#71,.F.);
#3757=ADVANCED_FACE('',(#326),#72,.F.);
#3758=ADVANCED_FACE('',(#327),#73,.F.);
#3759=ADVANCED_FACE('',(#328),#74,.F.);
#3760=ADVANCED_FACE('',(#329),#75,.T.);
#3761=ADVANCED_FACE('',(#330),#76,.T.);
#3762=ADVANCED_FACE('',(#331),#77,.T.);
#3763=ADVANCED_FACE('',(#332),#78,.F.);
#3764=ADVANCED_FACE('',(#333),#79,.T.);
#3765=ADVANCED_FACE('',(#334),#80,.F.);
#3766=ADVANCED_FACE('',(#335,#146,#147,#148),#190,.T.);
#3767=ADVANCED_FACE('',(#336),#3615,.F.);
#3768=ADVANCED_FACE('',(#337),#3616,.F.);
#3769=ADVANCED_FACE('',(#338),#191,.T.);
#3770=ADVANCED_FACE('',(#339),#192,.T.);
#3771=ADVANCED_FACE('',(#340,#149),#193,.T.);
#3772=ADVANCED_FACE('',(#341),#194,.T.);
#3773=ADVANCED_FACE('',(#342),#195,.T.);
#3774=ADVANCED_FACE('',(#343,#150),#196,.T.);
#3775=ADVANCED_FACE('',(#344),#197,.T.);
#3776=ADVANCED_FACE('',(#345),#198,.T.);
#3777=ADVANCED_FACE('',(#346),#3617,.F.);
#3778=ADVANCED_FACE('',(#347),#3618,.F.);
#3779=ADVANCED_FACE('',(#348),#199,.T.);
#3780=ADVANCED_FACE('',(#349),#3619,.F.);
#3781=ADVANCED_FACE('',(#350),#3620,.F.);
#3782=ADVANCED_FACE('',(#351),#3621,.F.);
#3783=ADVANCED_FACE('',(#352),#3622,.T.);
#3784=ADVANCED_FACE('',(#353),#200,.T.);
#3785=ADVANCED_FACE('',(#354),#3623,.F.);
#3786=ADVANCED_FACE('',(#355),#3624,.T.);
#3787=ADVANCED_FACE('',(#356),#3625,.F.);
#3788=ADVANCED_FACE('',(#357),#3626,.T.);
#3789=ADVANCED_FACE('',(#358,#151),#201,.T.);
#3790=ADVANCED_FACE('',(#359),#202,.T.);
#3791=ADVANCED_FACE('',(#360),#203,.T.);
#3792=ADVANCED_FACE('',(#361),#204,.T.);
#3793=ADVANCED_FACE('',(#362),#205,.F.);
#3794=ADVANCED_FACE('',(#363),#3627,.F.);
#3795=ADVANCED_FACE('',(#364),#206,.F.);
#3796=ADVANCED_FACE('',(#365),#207,.T.);
#3797=ADVANCED_FACE('',(#366),#208,.T.);
#3798=ADVANCED_FACE('',(#367),#3628,.F.);
#3799=ADVANCED_FACE('',(#368),#209,.F.);
#3800=ADVANCED_FACE('',(#369),#210,.F.);
#3801=ADVANCED_FACE('',(#370),#211,.T.);
#3802=ADVANCED_FACE('',(#371),#212,.T.);
#3803=ADVANCED_FACE('',(#372),#213,.T.);
#3804=ADVANCED_FACE('',(#373),#214,.T.);
#3805=ADVANCED_FACE('',(#374),#215,.T.);
#3806=ADVANCED_FACE('',(#375),#216,.T.);
#3807=ADVANCED_FACE('',(#376),#217,.T.);
#3808=ADVANCED_FACE('',(#377),#218,.T.);
#3809=ADVANCED_FACE('',(#378),#219,.T.);
#3810=ADVANCED_FACE('',(#379),#220,.T.);
#3811=ADVANCED_FACE('',(#380),#221,.T.);
#3812=ADVANCED_FACE('',(#381),#222,.T.);
#3813=ADVANCED_FACE('',(#382),#223,.F.);
#3814=ADVANCED_FACE('',(#383),#3629,.F.);
#3815=ADVANCED_FACE('',(#384),#3630,.F.);
#3816=ADVANCED_FACE('',(#385),#3631,.F.);
#3817=ADVANCED_FACE('',(#386),#3632,.F.);
#3818=ADVANCED_FACE('',(#387),#3633,.T.);
#3819=ADVANCED_FACE('',(#388),#224,.T.);
#3820=ADVANCED_FACE('',(#389),#3634,.T.);
#3821=ADVANCED_FACE('',(#390),#3635,.T.);
#3822=ADVANCED_FACE('',(#391),#225,.T.);
#3823=ADVANCED_FACE('',(#392),#3636,.T.);
#3824=ADVANCED_FACE('',(#393),#3637,.T.);
#3825=ADVANCED_FACE('',(#394),#3638,.T.);
#3826=ADVANCED_FACE('',(#395),#226,.T.);
#3827=ADVANCED_FACE('',(#396),#3639,.T.);
#3828=ADVANCED_FACE('',(#397),#3640,.T.);
#3829=ADVANCED_FACE('',(#398),#3641,.T.);
#3830=ADVANCED_FACE('',(#399),#227,.T.);
#3831=ADVANCED_FACE('',(#400),#3642,.T.);
#3832=ADVANCED_FACE('',(#401),#3643,.T.);
#3833=ADVANCED_FACE('',(#402),#3644,.T.);
#3834=ADVANCED_FACE('',(#403),#228,.T.);
#3835=ADVANCED_FACE('',(#404),#3645,.T.);
#3836=ADVANCED_FACE('',(#405),#3646,.T.);
#3837=ADVANCED_FACE('',(#406),#3647,.T.);
#3838=ADVANCED_FACE('',(#407),#229,.T.);
#3839=ADVANCED_FACE('',(#408),#3648,.T.);
#3840=ADVANCED_FACE('',(#409),#3649,.T.);
#3841=ADVANCED_FACE('',(#410),#3650,.T.);
#3842=ADVANCED_FACE('',(#411),#230,.T.);
#3843=ADVANCED_FACE('',(#412),#3651,.T.);
#3844=ADVANCED_FACE('',(#413),#3652,.T.);
#3845=ADVANCED_FACE('',(#414),#3653,.T.);
#3846=ADVANCED_FACE('',(#415),#231,.T.);
#3847=ADVANCED_FACE('',(#416),#3654,.T.);
#3848=ADVANCED_FACE('',(#417),#3655,.T.);
#3849=ADVANCED_FACE('',(#418),#3656,.T.);
#3850=ADVANCED_FACE('',(#419),#232,.T.);
#3851=ADVANCED_FACE('',(#420),#3657,.T.);
#3852=ADVANCED_FACE('',(#421),#3658,.T.);
#3853=ADVANCED_FACE('',(#422),#3659,.T.);
#3854=ADVANCED_FACE('',(#423),#233,.T.);
#3855=ADVANCED_FACE('',(#424),#3660,.T.);
#3856=ADVANCED_FACE('',(#425),#3661,.T.);
#3857=ADVANCED_FACE('',(#426),#3662,.T.);
#3858=ADVANCED_FACE('',(#427),#234,.T.);
#3859=ADVANCED_FACE('',(#428),#3663,.T.);
#3860=ADVANCED_FACE('',(#429),#3664,.T.);
#3861=ADVANCED_FACE('',(#430),#3665,.T.);
#3862=ADVANCED_FACE('',(#431),#235,.T.);
#3863=ADVANCED_FACE('',(#432),#3666,.T.);
#3864=ADVANCED_FACE('',(#433),#3667,.T.);
#3865=ADVANCED_FACE('',(#434),#3668,.T.);
#3866=ADVANCED_FACE('',(#435),#236,.T.);
#3867=ADVANCED_FACE('',(#436),#3669,.T.);
#3868=ADVANCED_FACE('',(#437),#3670,.T.);
#3869=ADVANCED_FACE('',(#438),#237,.T.);
#3870=ADVANCED_FACE('',(#439,#152,#153,#154,#155),#238,.T.);
#3871=ADVANCED_FACE('',(#440,#156,#157,#158,#159),#239,.F.);
#3872=ADVANCED_FACE('',(#441),#3671,.F.);
#3873=ADVANCED_FACE('',(#442),#3672,.T.);
#3874=ADVANCED_FACE('',(#443),#3673,.F.);
#3875=ADVANCED_FACE('',(#444),#240,.T.);
#3876=ADVANCED_FACE('',(#445),#3674,.F.);
#3877=ADVANCED_FACE('',(#446),#3675,.T.);
#3878=ADVANCED_FACE('',(#447),#3676,.F.);
#3879=ADVANCED_FACE('',(#448),#241,.T.);
#3880=ADVANCED_FACE('',(#449),#3677,.F.);
#3881=ADVANCED_FACE('',(#450),#3678,.F.);
#3882=ADVANCED_FACE('',(#451,#160,#161),#242,.T.);
#3883=ADVANCED_FACE('',(#452,#162,#163),#243,.F.);
#3884=ADVANCED_FACE('',(#453),#45,.T.);
#3885=ADVANCED_FACE('',(#454),#244,.T.);
#3886=ADVANCED_FACE('',(#455),#46,.T.);
#3887=ADVANCED_FACE('',(#456),#245,.T.);
#3888=ADVANCED_FACE('',(#457),#246,.T.);
#3889=ADVANCED_FACE('',(#458),#3679,.F.);
#3890=ADVANCED_FACE('',(#459),#3680,.F.);
#3891=ADVANCED_FACE('',(#460),#247,.T.);
#3892=ADVANCED_FACE('',(#461),#3681,.T.);
#3893=ADVANCED_FACE('',(#462),#248,.T.);
#3894=ADVANCED_FACE('',(#463,#164,#165),#249,.T.);
#3895=ADVANCED_FACE('',(#464,#166,#167),#250,.F.);
#3896=CLOSED_SHELL('',(#3682,#3683,#3684,#3685,#3686,#3687,#3688,#3689,
#3690,#3691,#3692,#3693,#3694,#3695,#3696,#3697,#3698,#3699,#3700,#3701,
#3702,#3703,#3704,#3705,#3706,#3707,#3708,#3709,#3710,#3711,#3712,#3713,
#3714,#3715,#3716,#3717,#3718,#3719,#3720,#3721,#3722,#3723,#3724,#3725,
#3726,#3727,#3728,#3729,#3730,#3731,#3732,#3733,#3734,#3735,#3736,#3737,
#3738,#3739,#3740,#3741,#3742,#3743,#3744,#3745,#3746,#3747,#3748,#3749,
#3750,#3751,#3752,#3753,#3754,#3755,#3756,#3757,#3758,#3759,#3760,#3761,
#3762,#3763,#3764,#3765,#3766,#3767,#3768,#3769,#3770,#3771,#3772,#3773,
#3774,#3775,#3776,#3777,#3778,#3779,#3780,#3781,#3782));
#3897=CLOSED_SHELL('',(#3783,#3784,#3785,#3786,#3787,#3788,#3789,#3790,
#3791,#3792,#3793,#3794,#3795,#3796,#3797,#3798,#3799,#3800,#3801,#3802,
#3803,#3804,#3805,#3806,#3807,#3808,#3809,#3810,#3811,#3812,#3813));
#3898=CLOSED_SHELL('',(#3814,#3815,#3816,#3817,#3818,#3819,#3820,#3821,
#3822,#3823,#3824,#3825,#3826,#3827,#3828,#3829,#3830,#3831,#3832,#3833,
#3834,#3835,#3836,#3837,#3838,#3839,#3840,#3841,#3842,#3843,#3844,#3845,
#3846,#3847,#3848,#3849,#3850,#3851,#3852,#3853,#3854,#3855,#3856,#3857,
#3858,#3859,#3860,#3861,#3862,#3863,#3864,#3865,#3866,#3867,#3868,#3869,
#3870,#3871));
#3899=CLOSED_SHELL('',(#3872,#3873,#3874,#3875,#3876,#3877,#3878,#3879,
#3880,#3881,#3882,#3883));
#3900=CLOSED_SHELL('',(#3884,#3885,#3886,#3887,#3888,#3889,#3890,#3891,
#3892,#3893,#3894,#3895));
#3901=DERIVED_UNIT_ELEMENT(#3911,1.);
#3902=DERIVED_UNIT_ELEMENT(#7521,-3.);
#3903=DERIVED_UNIT_ELEMENT(#3911,1.);
#3904=DERIVED_UNIT_ELEMENT(#7521,-3.);
#3905=DERIVED_UNIT_ELEMENT(#3911,1.);
#3906=DERIVED_UNIT_ELEMENT(#7521,-3.);
#3907=DERIVED_UNIT_ELEMENT(#3911,1.);
#3908=DERIVED_UNIT_ELEMENT(#7521,-3.);
#3909=DERIVED_UNIT_ELEMENT(#3911,1.);
#3910=DERIVED_UNIT_ELEMENT(#7521,-3.);
#3911=(
MASS_UNIT()
NAMED_UNIT(*)
SI_UNIT(.KILO.,.GRAM.)
);
#3912=DERIVED_UNIT((#3901,#3902));
#3913=DERIVED_UNIT((#3903,#3904));
#3914=DERIVED_UNIT((#3905,#3906));
#3915=DERIVED_UNIT((#3907,#3908));
#3916=DERIVED_UNIT((#3909,#3910));
#3917=MEASURE_REPRESENTATION_ITEM('density measure',
POSITIVE_RATIO_MEASURE(7850.),#3912);
#3918=MEASURE_REPRESENTATION_ITEM('density measure',
POSITIVE_RATIO_MEASURE(7850.),#3913);
#3919=MEASURE_REPRESENTATION_ITEM('density measure',
POSITIVE_RATIO_MEASURE(7850.),#3914);
#3920=MEASURE_REPRESENTATION_ITEM('density measure',
POSITIVE_RATIO_MEASURE(7850.),#3915);
#3921=MEASURE_REPRESENTATION_ITEM('density measure',
POSITIVE_RATIO_MEASURE(7850.),#3916);
#3922=PROPERTY_DEFINITION_REPRESENTATION(#3947,#3932);
#3923=PROPERTY_DEFINITION_REPRESENTATION(#3948,#3933);
#3924=PROPERTY_DEFINITION_REPRESENTATION(#3949,#3934);
#3925=PROPERTY_DEFINITION_REPRESENTATION(#3950,#3935);
#3926=PROPERTY_DEFINITION_REPRESENTATION(#3951,#3936);
#3927=PROPERTY_DEFINITION_REPRESENTATION(#3952,#3937);
#3928=PROPERTY_DEFINITION_REPRESENTATION(#3953,#3938);
#3929=PROPERTY_DEFINITION_REPRESENTATION(#3954,#3939);
#3930=PROPERTY_DEFINITION_REPRESENTATION(#3955,#3940);
#3931=PROPERTY_DEFINITION_REPRESENTATION(#3956,#3941);
#3932=REPRESENTATION('material name',(#3942),#7514);
#3933=REPRESENTATION('density',(#3917),#7514);
#3934=REPRESENTATION('material name',(#3943),#7515);
#3935=REPRESENTATION('density',(#3918),#7515);
#3936=REPRESENTATION('material name',(#3944),#7516);
#3937=REPRESENTATION('density',(#3919),#7516);
#3938=REPRESENTATION('material name',(#3945),#7517);
#3939=REPRESENTATION('density',(#3920),#7517);
#3940=REPRESENTATION('material name',(#3946),#7518);
#3941=REPRESENTATION('density',(#3921),#7518);
#3942=DESCRIPTIVE_REPRESENTATION_ITEM('Steel','Steel');
#3943=DESCRIPTIVE_REPRESENTATION_ITEM('Steel','Steel');
#3944=DESCRIPTIVE_REPRESENTATION_ITEM('Steel','Steel');
#3945=DESCRIPTIVE_REPRESENTATION_ITEM('Steel','Steel');
#3946=DESCRIPTIVE_REPRESENTATION_ITEM('Steel','Steel');
#3947=PROPERTY_DEFINITION('material property','material name',#7552);
#3948=PROPERTY_DEFINITION('material property','density of part',#7552);
#3949=PROPERTY_DEFINITION('material property','material name',#7553);
#3950=PROPERTY_DEFINITION('material property','density of part',#7553);
#3951=PROPERTY_DEFINITION('material property','material name',#7554);
#3952=PROPERTY_DEFINITION('material property','density of part',#7554);
#3953=PROPERTY_DEFINITION('material property','material name',#7555);
#3954=PROPERTY_DEFINITION('material property','density of part',#7555);
#3955=PROPERTY_DEFINITION('material property','material name',#7556);
#3956=PROPERTY_DEFINITION('material property','density of part',#7556);
#3957=AXIS2_PLACEMENT_3D('',#5570,#4393,#4394);
#3958=AXIS2_PLACEMENT_3D('',#5571,#4395,#4396);
#3959=AXIS2_PLACEMENT_3D('',#5572,#4397,#4398);
#3960=AXIS2_PLACEMENT_3D('',#5574,#4399,#4400);
#3961=AXIS2_PLACEMENT_3D('',#5577,#4402,#4403);
#3962=AXIS2_PLACEMENT_3D('',#5578,#4404,#4405);
#3963=AXIS2_PLACEMENT_3D('',#5580,#4406,#4407);
#3964=AXIS2_PLACEMENT_3D('',#5583,#4409,#4410);
#3965=AXIS2_PLACEMENT_3D('',#5584,#4411,#4412);
#3966=AXIS2_PLACEMENT_3D('',#5593,#4417,#4418);
#3967=AXIS2_PLACEMENT_3D('',#5599,#4422,#4423);
#3968=AXIS2_PLACEMENT_3D('',#5605,#4427,#4428);
#3969=AXIS2_PLACEMENT_3D('',#5611,#4432,#4433);
#3970=AXIS2_PLACEMENT_3D('',#5617,#4437,#4438);
#3971=AXIS2_PLACEMENT_3D('',#5619,#4439,#4440);
#3972=AXIS2_PLACEMENT_3D('',#5669,#4441,#4442);
#3973=AXIS2_PLACEMENT_3D('',#5670,#4443,#4444);
#3974=AXIS2_PLACEMENT_3D('',#5671,#4445,#4446);
#3975=AXIS2_PLACEMENT_3D('',#5682,#4452,#4453);
#3976=AXIS2_PLACEMENT_3D('',#5688,#4457,#4458);
#3977=AXIS2_PLACEMENT_3D('',#5694,#4462,#4463);
#3978=AXIS2_PLACEMENT_3D('',#5697,#4466,#4467);
#3979=AXIS2_PLACEMENT_3D('',#5698,#4468,#4469);
#3980=AXIS2_PLACEMENT_3D('',#5702,#4471,#4472);
#3981=AXIS2_PLACEMENT_3D('',#5706,#4474,#4475);
#3982=AXIS2_PLACEMENT_3D('',#5710,#4477,#4478);
#3983=AXIS2_PLACEMENT_3D('',#5711,#4479,#4480);
#3984=AXIS2_PLACEMENT_3D('',#5712,#4481,#4482);
#3985=AXIS2_PLACEMENT_3D('',#5713,#4483,#4484);
#3986=AXIS2_PLACEMENT_3D('',#5716,#4485,#4486);
#3987=AXIS2_PLACEMENT_3D('',#5719,#4489,#4490);
#3988=AXIS2_PLACEMENT_3D('',#5720,#4491,#4492);
#3989=AXIS2_PLACEMENT_3D('',#5721,#4493,#4494);
#3990=AXIS2_PLACEMENT_3D('',#5737,#4496,#4497);
#3991=AXIS2_PLACEMENT_3D('',#5738,#4498,#4499);
#3992=AXIS2_PLACEMENT_3D('',#5740,#4500,#4501);
#3993=AXIS2_PLACEMENT_3D('',#5741,#4502,#4503);
#3994=AXIS2_PLACEMENT_3D('',#5742,#4504,#4505);
#3995=AXIS2_PLACEMENT_3D('',#5744,#4506,#4507);
#3996=AXIS2_PLACEMENT_3D('',#5746,#4509,#4510);
#3997=AXIS2_PLACEMENT_3D('',#5748,#4511,#4512);
#3998=AXIS2_PLACEMENT_3D('',#5749,#4513,#4514);
#3999=AXIS2_PLACEMENT_3D('',#5750,#4515,#4516);
#4000=AXIS2_PLACEMENT_3D('',#5763,#4518,#4519);
#4001=AXIS2_PLACEMENT_3D('',#5781,#4523,#4524);
#4002=AXIS2_PLACEMENT_3D('',#5784,#4526,#4527);
#4003=AXIS2_PLACEMENT_3D('',#5785,#4528,#4529);
#4004=AXIS2_PLACEMENT_3D('',#5791,#4532,#4533);
#4005=AXIS2_PLACEMENT_3D('',#5795,#4535,#4536);
#4006=AXIS2_PLACEMENT_3D('',#5799,#4538,#4539);
#4007=AXIS2_PLACEMENT_3D('',#5803,#4541,#4542);
#4008=AXIS2_PLACEMENT_3D('',#5807,#4544,#4545);
#4009=AXIS2_PLACEMENT_3D('',#5811,#4547,#4548);
#4010=AXIS2_PLACEMENT_3D('',#5814,#4550,#4551);
#4011=AXIS2_PLACEMENT_3D('',#5816,#4552,#4553);
#4012=AXIS2_PLACEMENT_3D('',#5818,#4554,#4555);
#4013=AXIS2_PLACEMENT_3D('',#5827,#4560,#4561);
#4014=AXIS2_PLACEMENT_3D('',#5830,#4563,#4564);
#4015=AXIS2_PLACEMENT_3D('',#5831,#4565,#4566);
#4016=AXIS2_PLACEMENT_3D('',#5878,#4569,#4570);
#4017=AXIS2_PLACEMENT_3D('',#5880,#4571,#4572);
#4018=AXIS2_PLACEMENT_3D('',#5881,#4573,#4574);
#4019=AXIS2_PLACEMENT_3D('',#5882,#4575,#4576);
#4020=AXIS2_PLACEMENT_3D('',#5884,#4577,#4578);
#4021=AXIS2_PLACEMENT_3D('',#5916,#4580,#4581);
#4022=AXIS2_PLACEMENT_3D('',#5917,#4582,#4583);
#4023=AXIS2_PLACEMENT_3D('',#5920,#4585,#4586);
#4024=AXIS2_PLACEMENT_3D('',#5921,#4587,#4588);
#4025=AXIS2_PLACEMENT_3D('',#5925,#4590,#4591);
#4026=AXIS2_PLACEMENT_3D('',#5927,#4593,#4594);
#4027=AXIS2_PLACEMENT_3D('',#5929,#4595,#4596);
#4028=AXIS2_PLACEMENT_3D('',#5931,#4597,#4598);
#4029=AXIS2_PLACEMENT_3D('',#5932,#4599,#4600);
#4030=AXIS2_PLACEMENT_3D('',#5933,#4601,#4602);
#4031=AXIS2_PLACEMENT_3D('',#5935,#4603,#4604);
#4032=AXIS2_PLACEMENT_3D('',#5937,#4605,#4606);
#4033=AXIS2_PLACEMENT_3D('',#5938,#4607,#4608);
#4034=AXIS2_PLACEMENT_3D('',#5939,#4609,#4610);
#4035=AXIS2_PLACEMENT_3D('',#5942,#4613,#4614);
#4036=AXIS2_PLACEMENT_3D('',#5944,#4616,#4617);
#4037=AXIS2_PLACEMENT_3D('',#5948,#4619,#4620);
#4038=AXIS2_PLACEMENT_3D('',#5952,#4622,#4623);
#4039=AXIS2_PLACEMENT_3D('',#5956,#4625,#4626);
#4040=AXIS2_PLACEMENT_3D('',#5960,#4628,#4629);
#4041=AXIS2_PLACEMENT_3D('',#5964,#4631,#4632);
#4042=AXIS2_PLACEMENT_3D('',#5984,#4635,#4636);
#4043=AXIS2_PLACEMENT_3D('',#5986,#4637,#4638);
#4044=AXIS2_PLACEMENT_3D('',#5988,#4639,#4640);
#4045=AXIS2_PLACEMENT_3D('',#5991,#4641,#4642);
#4046=AXIS2_PLACEMENT_3D('',#5992,#4643,#4644);
#4047=AXIS2_PLACEMENT_3D('',#5994,#4645,#4646);
#4048=AXIS2_PLACEMENT_3D('',#5996,#4647,#4648);
#4049=AXIS2_PLACEMENT_3D('',#5997,#4649,#4650);
#4050=AXIS2_PLACEMENT_3D('',#6000,#4652,#4653);
#4051=AXIS2_PLACEMENT_3D('',#6001,#4654,#4655);
#4052=AXIS2_PLACEMENT_3D('',#6003,#4656,#4657);
#4053=AXIS2_PLACEMENT_3D('',#6005,#4658,#4659);
#4054=AXIS2_PLACEMENT_3D('',#6006,#4660,#4661);
#4055=AXIS2_PLACEMENT_3D('',#6007,#4662,#4663);
#4056=AXIS2_PLACEMENT_3D('',#6009,#4664,#4665);
#4057=AXIS2_PLACEMENT_3D('',#6010,#4666,#4667);
#4058=AXIS2_PLACEMENT_3D('',#6011,#4668,#4669);
#4059=AXIS2_PLACEMENT_3D('',#6014,#4672,#4673);
#4060=AXIS2_PLACEMENT_3D('',#6016,#4675,#4676);
#4061=AXIS2_PLACEMENT_3D('',#6019,#4678,#4679);
#4062=AXIS2_PLACEMENT_3D('',#6020,#4680,#4681);
#4063=AXIS2_PLACEMENT_3D('',#6022,#4682,#4683);
#4064=AXIS2_PLACEMENT_3D('',#6024,#4684,#4685);
#4065=AXIS2_PLACEMENT_3D('',#6025,#4686,#4687);
#4066=AXIS2_PLACEMENT_3D('',#6026,#4688,#4689);
#4067=AXIS2_PLACEMENT_3D('',#6028,#4690,#4691);
#4068=AXIS2_PLACEMENT_3D('',#6029,#4692,#4693);
#4069=AXIS2_PLACEMENT_3D('',#6030,#4694,#4695);
#4070=AXIS2_PLACEMENT_3D('',#6033,#4698,#4699);
#4071=AXIS2_PLACEMENT_3D('',#6035,#4701,#4702);
#4072=AXIS2_PLACEMENT_3D('',#6038,#4704,#4705);
#4073=AXIS2_PLACEMENT_3D('',#6039,#4706,#4707);
#4074=AXIS2_PLACEMENT_3D('',#6041,#4708,#4709);
#4075=AXIS2_PLACEMENT_3D('',#6043,#4710,#4711);
#4076=AXIS2_PLACEMENT_3D('',#6044,#4712,#4713);
#4077=AXIS2_PLACEMENT_3D('',#6045,#4714,#4715);
#4078=AXIS2_PLACEMENT_3D('',#6047,#4716,#4717);
#4079=AXIS2_PLACEMENT_3D('',#6048,#4718,#4719);
#4080=AXIS2_PLACEMENT_3D('',#6049,#4720,#4721);
#4081=AXIS2_PLACEMENT_3D('',#6052,#4724,#4725);
#4082=AXIS2_PLACEMENT_3D('',#6054,#4727,#4728);
#4083=AXIS2_PLACEMENT_3D('',#6057,#4730,#4731);
#4084=AXIS2_PLACEMENT_3D('',#6058,#4732,#4733);
#4085=AXIS2_PLACEMENT_3D('',#6060,#4734,#4735);
#4086=AXIS2_PLACEMENT_3D('',#6062,#4736,#4737);
#4087=AXIS2_PLACEMENT_3D('',#6063,#4738,#4739);
#4088=AXIS2_PLACEMENT_3D('',#6064,#4740,#4741);
#4089=AXIS2_PLACEMENT_3D('',#6066,#4742,#4743);
#4090=AXIS2_PLACEMENT_3D('',#6067,#4744,#4745);
#4091=AXIS2_PLACEMENT_3D('',#6068,#4746,#4747);
#4092=AXIS2_PLACEMENT_3D('',#6071,#4750,#4751);
#4093=AXIS2_PLACEMENT_3D('',#6073,#4753,#4754);
#4094=AXIS2_PLACEMENT_3D('',#6074,#4755,#4756);
#4095=AXIS2_PLACEMENT_3D('',#6076,#4757,#4758);
#4096=AXIS2_PLACEMENT_3D('',#6078,#4759,#4760);
#4097=AXIS2_PLACEMENT_3D('',#6079,#4761,#4762);
#4098=AXIS2_PLACEMENT_3D('',#6080,#4763,#4764);
#4099=AXIS2_PLACEMENT_3D('',#6082,#4765,#4766);
#4100=AXIS2_PLACEMENT_3D('',#6084,#4767,#4768);
#4101=AXIS2_PLACEMENT_3D('',#6085,#4769,#4770);
#4102=AXIS2_PLACEMENT_3D('',#6086,#4771,#4772);
#4103=AXIS2_PLACEMENT_3D('',#6089,#4775,#4776);
#4104=AXIS2_PLACEMENT_3D('',#6092,#4778,#4779);
#4105=AXIS2_PLACEMENT_3D('',#6093,#4780,#4781);
#4106=AXIS2_PLACEMENT_3D('',#6097,#4784,#4785);
#4107=AXIS2_PLACEMENT_3D('',#6098,#4786,#4787);
#4108=AXIS2_PLACEMENT_3D('',#6123,#4788,#4789);
#4109=AXIS2_PLACEMENT_3D('',#6124,#4790,#4791);
#4110=AXIS2_PLACEMENT_3D('',#6125,#4792,#4793);
#4111=AXIS2_PLACEMENT_3D('',#6126,#4794,#4795);
#4112=AXIS2_PLACEMENT_3D('',#6151,#4796,#4797);
#4113=AXIS2_PLACEMENT_3D('',#6152,#4798,#4799);
#4114=AXIS2_PLACEMENT_3D('',#6153,#4800,#4801);
#4115=AXIS2_PLACEMENT_3D('',#6154,#4802,#4803);
#4116=AXIS2_PLACEMENT_3D('',#6155,#4804,#4805);
#4117=AXIS2_PLACEMENT_3D('',#6156,#4806,#4807);
#4118=AXIS2_PLACEMENT_3D('',#6157,#4808,#4809);
#4119=AXIS2_PLACEMENT_3D('',#6159,#4811,#4812);
#4120=AXIS2_PLACEMENT_3D('',#6161,#4814,#4815);
#4121=AXIS2_PLACEMENT_3D('',#6215,#4816,#4817);
#4122=AXIS2_PLACEMENT_3D('',#6316,#4818,#4819);
#4123=AXIS2_PLACEMENT_3D('',#6379,#4820,#4821);
#4124=AXIS2_PLACEMENT_3D('',#6432,#4822,#4823);
#4125=AXIS2_PLACEMENT_3D('',#6549,#4824,#4825);
#4126=AXIS2_PLACEMENT_3D('',#6550,#4826,#4827);
#4127=AXIS2_PLACEMENT_3D('',#6552,#4828,#4829);
#4128=AXIS2_PLACEMENT_3D('',#6554,#4831,#4832);
#4129=AXIS2_PLACEMENT_3D('',#6556,#4833,#4834);
#4130=AXIS2_PLACEMENT_3D('',#6558,#4836,#4837);
#4131=AXIS2_PLACEMENT_3D('',#6567,#4842,#4843);
#4132=AXIS2_PLACEMENT_3D('',#6573,#4847,#4848);
#4133=AXIS2_PLACEMENT_3D('',#6576,#4851,#4852);
#4134=AXIS2_PLACEMENT_3D('',#6582,#4856,#4857);
#4135=AXIS2_PLACEMENT_3D('',#6593,#4863,#4864);
#4136=AXIS2_PLACEMENT_3D('',#6596,#4867,#4868);
#4137=AXIS2_PLACEMENT_3D('',#6598,#4870,#4871);
#4138=AXIS2_PLACEMENT_3D('',#6600,#4873,#4874);
#4139=AXIS2_PLACEMENT_3D('',#6603,#4876,#4877);
#4140=AXIS2_PLACEMENT_3D('',#6605,#4878,#4879);
#4141=AXIS2_PLACEMENT_3D('',#6607,#4881,#4882);
#4142=AXIS2_PLACEMENT_3D('',#6608,#4883,#4884);
#4143=AXIS2_PLACEMENT_3D('',#6609,#4885,#4886);
#4144=AXIS2_PLACEMENT_3D('',#6610,#4887,#4888);
#4145=AXIS2_PLACEMENT_3D('',#6612,#4890,#4891);
#4146=AXIS2_PLACEMENT_3D('',#6614,#4893,#4894);
#4147=AXIS2_PLACEMENT_3D('',#6616,#4896,#4897);
#4148=AXIS2_PLACEMENT_3D('',#6617,#4898,#4899);
#4149=AXIS2_PLACEMENT_3D('',#6619,#4900,#4901);
#4150=AXIS2_PLACEMENT_3D('',#6622,#4903,#4904);
#4151=AXIS2_PLACEMENT_3D('',#6623,#4905,#4906);
#4152=AXIS2_PLACEMENT_3D('',#6624,#4907,#4908);
#4153=AXIS2_PLACEMENT_3D('',#6627,#4909,#4910);
#4154=AXIS2_PLACEMENT_3D('',#6631,#4912,#4913);
#4155=AXIS2_PLACEMENT_3D('',#6633,#4915,#4916);
#4156=AXIS2_PLACEMENT_3D('',#6635,#4917,#4918);
#4157=AXIS2_PLACEMENT_3D('',#6638,#4920,#4921);
#4158=AXIS2_PLACEMENT_3D('',#6639,#4922,#4923);
#4159=AXIS2_PLACEMENT_3D('',#6641,#4924,#4925);
#4160=AXIS2_PLACEMENT_3D('',#6643,#4926,#4927);
#4161=AXIS2_PLACEMENT_3D('',#6645,#4929,#4930);
#4162=AXIS2_PLACEMENT_3D('',#6647,#4931,#4932);
#4163=AXIS2_PLACEMENT_3D('',#6649,#4933,#4934);
#4164=AXIS2_PLACEMENT_3D('',#6651,#4935,#4936);
#4165=AXIS2_PLACEMENT_3D('',#6652,#4937,#4938);
#4166=AXIS2_PLACEMENT_3D('',#6653,#4939,#4940);
#4167=AXIS2_PLACEMENT_3D('',#6654,#4941,#4942);
#4168=AXIS2_PLACEMENT_3D('',#6655,#4943,#4944);
#4169=AXIS2_PLACEMENT_3D('',#6661,#4948,#4949);
#4170=AXIS2_PLACEMENT_3D('',#6665,#4952,#4953);
#4171=AXIS2_PLACEMENT_3D('',#6669,#4956,#4957);
#4172=AXIS2_PLACEMENT_3D('',#6678,#4962,#4963);
#4173=AXIS2_PLACEMENT_3D('',#6680,#4964,#4965);
#4174=AXIS2_PLACEMENT_3D('',#6682,#4966,#4967);
#4175=AXIS2_PLACEMENT_3D('',#6684,#4969,#4970);
#4176=AXIS2_PLACEMENT_3D('',#6690,#4974,#4975);
#4177=AXIS2_PLACEMENT_3D('',#6700,#4981,#4982);
#4178=AXIS2_PLACEMENT_3D('',#6704,#4985,#4986);
#4179=AXIS2_PLACEMENT_3D('',#6707,#4987,#4988);
#4180=AXIS2_PLACEMENT_3D('',#6711,#4990,#4991);
#4181=AXIS2_PLACEMENT_3D('',#6713,#4993,#4994);
#4182=AXIS2_PLACEMENT_3D('',#6719,#4998,#4999);
#4183=AXIS2_PLACEMENT_3D('',#6725,#5003,#5004);
#4184=AXIS2_PLACEMENT_3D('',#6735,#5010,#5011);
#4185=AXIS2_PLACEMENT_3D('',#6739,#5014,#5015);
#4186=AXIS2_PLACEMENT_3D('',#6743,#5018,#5019);
#4187=AXIS2_PLACEMENT_3D('',#6749,#5023,#5024);
#4188=AXIS2_PLACEMENT_3D('',#6755,#5028,#5029);
#4189=AXIS2_PLACEMENT_3D('',#6758,#5032,#5033);
#4190=AXIS2_PLACEMENT_3D('',#6766,#5038,#5039);
#4191=AXIS2_PLACEMENT_3D('',#6768,#5041,#5042);
#4192=AXIS2_PLACEMENT_3D('',#6774,#5046,#5047);
#4193=AXIS2_PLACEMENT_3D('',#6777,#5050,#5051);
#4194=AXIS2_PLACEMENT_3D('',#6779,#5053,#5054);
#4195=AXIS2_PLACEMENT_3D('',#6781,#5056,#5057);
#4196=AXIS2_PLACEMENT_3D('',#6782,#5058,#5059);
#4197=AXIS2_PLACEMENT_3D('',#6783,#5060,#5061);
#4198=AXIS2_PLACEMENT_3D('',#6785,#5062,#5063);
#4199=AXIS2_PLACEMENT_3D('',#6788,#5065,#5066);
#4200=AXIS2_PLACEMENT_3D('',#6789,#5067,#5068);
#4201=AXIS2_PLACEMENT_3D('',#6791,#5069,#5070);
#4202=AXIS2_PLACEMENT_3D('',#6794,#5072,#5073);
#4203=AXIS2_PLACEMENT_3D('',#6795,#5074,#5075);
#4204=AXIS2_PLACEMENT_3D('',#6797,#5076,#5077);
#4205=AXIS2_PLACEMENT_3D('',#6800,#5079,#5080);
#4206=AXIS2_PLACEMENT_3D('',#6801,#5081,#5082);
#4207=AXIS2_PLACEMENT_3D('',#6803,#5083,#5084);
#4208=AXIS2_PLACEMENT_3D('',#6806,#5086,#5087);
#4209=AXIS2_PLACEMENT_3D('',#6807,#5088,#5089);
#4210=AXIS2_PLACEMENT_3D('',#6810,#5090,#5091);
#4211=AXIS2_PLACEMENT_3D('',#6814,#5093,#5094);
#4212=AXIS2_PLACEMENT_3D('',#6816,#5096,#5097);
#4213=AXIS2_PLACEMENT_3D('',#6822,#5101,#5102);
#4214=AXIS2_PLACEMENT_3D('',#6824,#5103,#5104);
#4215=AXIS2_PLACEMENT_3D('',#6826,#5105,#5106);
#4216=AXIS2_PLACEMENT_3D('',#6828,#5108,#5109);
#4217=AXIS2_PLACEMENT_3D('',#6830,#5110,#5111);
#4218=AXIS2_PLACEMENT_3D('',#6832,#5112,#5113);
#4219=AXIS2_PLACEMENT_3D('',#6834,#5115,#5116);
#4220=AXIS2_PLACEMENT_3D('',#6840,#5120,#5121);
#4221=AXIS2_PLACEMENT_3D('',#6842,#5122,#5123);
#4222=AXIS2_PLACEMENT_3D('',#6844,#5124,#5125);
#4223=AXIS2_PLACEMENT_3D('',#6846,#5127,#5128);
#4224=AXIS2_PLACEMENT_3D('',#6848,#5129,#5130);
#4225=AXIS2_PLACEMENT_3D('',#6850,#5131,#5132);
#4226=AXIS2_PLACEMENT_3D('',#6852,#5134,#5135);
#4227=AXIS2_PLACEMENT_3D('',#6854,#5136,#5137);
#4228=AXIS2_PLACEMENT_3D('',#6856,#5138,#5139);
#4229=AXIS2_PLACEMENT_3D('',#6858,#5141,#5142);
#4230=AXIS2_PLACEMENT_3D('',#6864,#5146,#5147);
#4231=AXIS2_PLACEMENT_3D('',#6866,#5148,#5149);
#4232=AXIS2_PLACEMENT_3D('',#6868,#5150,#5151);
#4233=AXIS2_PLACEMENT_3D('',#6870,#5153,#5154);
#4234=AXIS2_PLACEMENT_3D('',#6872,#5155,#5156);
#4235=AXIS2_PLACEMENT_3D('',#6874,#5157,#5158);
#4236=AXIS2_PLACEMENT_3D('',#6876,#5160,#5161);
#4237=AXIS2_PLACEMENT_3D('',#6878,#5162,#5163);
#4238=AXIS2_PLACEMENT_3D('',#6880,#5164,#5165);
#4239=AXIS2_PLACEMENT_3D('',#6882,#5167,#5168);
#4240=AXIS2_PLACEMENT_3D('',#6888,#5172,#5173);
#4241=AXIS2_PLACEMENT_3D('',#6890,#5174,#5175);
#4242=AXIS2_PLACEMENT_3D('',#6892,#5176,#5177);
#4243=AXIS2_PLACEMENT_3D('',#6894,#5179,#5180);
#4244=AXIS2_PLACEMENT_3D('',#6896,#5181,#5182);
#4245=AXIS2_PLACEMENT_3D('',#6898,#5183,#5184);
#4246=AXIS2_PLACEMENT_3D('',#6900,#5186,#5187);
#4247=AXIS2_PLACEMENT_3D('',#6902,#5188,#5189);
#4248=AXIS2_PLACEMENT_3D('',#6904,#5190,#5191);
#4249=AXIS2_PLACEMENT_3D('',#6906,#5193,#5194);
#4250=AXIS2_PLACEMENT_3D('',#6912,#5198,#5199);
#4251=AXIS2_PLACEMENT_3D('',#6914,#5200,#5201);
#4252=AXIS2_PLACEMENT_3D('',#6916,#5202,#5203);
#4253=AXIS2_PLACEMENT_3D('',#6918,#5205,#5206);
#4254=AXIS2_PLACEMENT_3D('',#6920,#5207,#5208);
#4255=AXIS2_PLACEMENT_3D('',#6922,#5209,#5210);
#4256=AXIS2_PLACEMENT_3D('',#6924,#5212,#5213);
#4257=AXIS2_PLACEMENT_3D('',#6926,#5214,#5215);
#4258=AXIS2_PLACEMENT_3D('',#6928,#5216,#5217);
#4259=AXIS2_PLACEMENT_3D('',#6930,#5219,#5220);
#4260=AXIS2_PLACEMENT_3D('',#6936,#5224,#5225);
#4261=AXIS2_PLACEMENT_3D('',#6938,#5226,#5227);
#4262=AXIS2_PLACEMENT_3D('',#6940,#5228,#5229);
#4263=AXIS2_PLACEMENT_3D('',#6942,#5231,#5232);
#4264=AXIS2_PLACEMENT_3D('',#6944,#5233,#5234);
#4265=AXIS2_PLACEMENT_3D('',#6946,#5235,#5236);
#4266=AXIS2_PLACEMENT_3D('',#6948,#5238,#5239);
#4267=AXIS2_PLACEMENT_3D('',#6950,#5240,#5241);
#4268=AXIS2_PLACEMENT_3D('',#6952,#5242,#5243);
#4269=AXIS2_PLACEMENT_3D('',#6954,#5245,#5246);
#4270=AXIS2_PLACEMENT_3D('',#6960,#5250,#5251);
#4271=AXIS2_PLACEMENT_3D('',#6962,#5252,#5253);
#4272=AXIS2_PLACEMENT_3D('',#6964,#5254,#5255);
#4273=AXIS2_PLACEMENT_3D('',#6966,#5257,#5258);
#4274=AXIS2_PLACEMENT_3D('',#6968,#5259,#5260);
#4275=AXIS2_PLACEMENT_3D('',#6970,#5261,#5262);
#4276=AXIS2_PLACEMENT_3D('',#6972,#5264,#5265);
#4277=AXIS2_PLACEMENT_3D('',#6974,#5266,#5267);
#4278=AXIS2_PLACEMENT_3D('',#6976,#5268,#5269);
#4279=AXIS2_PLACEMENT_3D('',#6978,#5271,#5272);
#4280=AXIS2_PLACEMENT_3D('',#6984,#5276,#5277);
#4281=AXIS2_PLACEMENT_3D('',#6986,#5278,#5279);
#4282=AXIS2_PLACEMENT_3D('',#6988,#5280,#5281);
#4283=AXIS2_PLACEMENT_3D('',#6990,#5283,#5284);
#4284=AXIS2_PLACEMENT_3D('',#6992,#5285,#5286);
#4285=AXIS2_PLACEMENT_3D('',#6994,#5287,#5288);
#4286=AXIS2_PLACEMENT_3D('',#6996,#5290,#5291);
#4287=AXIS2_PLACEMENT_3D('',#6998,#5292,#5293);
#4288=AXIS2_PLACEMENT_3D('',#7000,#5294,#5295);
#4289=AXIS2_PLACEMENT_3D('',#7002,#5297,#5298);
#4290=AXIS2_PLACEMENT_3D('',#7008,#5302,#5303);
#4291=AXIS2_PLACEMENT_3D('',#7010,#5304,#5305);
#4292=AXIS2_PLACEMENT_3D('',#7012,#5306,#5307);
#4293=AXIS2_PLACEMENT_3D('',#7014,#5309,#5310);
#4294=AXIS2_PLACEMENT_3D('',#7016,#5311,#5312);
#4295=AXIS2_PLACEMENT_3D('',#7018,#5313,#5314);
#4296=AXIS2_PLACEMENT_3D('',#7020,#5316,#5317);
#4297=AXIS2_PLACEMENT_3D('',#7022,#5318,#5319);
#4298=AXIS2_PLACEMENT_3D('',#7024,#5320,#5321);
#4299=AXIS2_PLACEMENT_3D('',#7026,#5323,#5324);
#4300=AXIS2_PLACEMENT_3D('',#7032,#5328,#5329);
#4301=AXIS2_PLACEMENT_3D('',#7034,#5330,#5331);
#4302=AXIS2_PLACEMENT_3D('',#7036,#5332,#5333);
#4303=AXIS2_PLACEMENT_3D('',#7038,#5335,#5336);
#4304=AXIS2_PLACEMENT_3D('',#7040,#5337,#5338);
#4305=AXIS2_PLACEMENT_3D('',#7042,#5339,#5340);
#4306=AXIS2_PLACEMENT_3D('',#7044,#5342,#5343);
#4307=AXIS2_PLACEMENT_3D('',#7046,#5344,#5345);
#4308=AXIS2_PLACEMENT_3D('',#7048,#5346,#5347);
#4309=AXIS2_PLACEMENT_3D('',#7050,#5349,#5350);
#4310=AXIS2_PLACEMENT_3D('',#7056,#5354,#5355);
#4311=AXIS2_PLACEMENT_3D('',#7058,#5356,#5357);
#4312=AXIS2_PLACEMENT_3D('',#7060,#5358,#5359);
#4313=AXIS2_PLACEMENT_3D('',#7062,#5361,#5362);
#4314=AXIS2_PLACEMENT_3D('',#7064,#5363,#5364);
#4315=AXIS2_PLACEMENT_3D('',#7066,#5365,#5366);
#4316=AXIS2_PLACEMENT_3D('',#7068,#5368,#5369);
#4317=AXIS2_PLACEMENT_3D('',#7070,#5370,#5371);
#4318=AXIS2_PLACEMENT_3D('',#7072,#5372,#5373);
#4319=AXIS2_PLACEMENT_3D('',#7074,#5375,#5376);
#4320=AXIS2_PLACEMENT_3D('',#7080,#5380,#5381);
#4321=AXIS2_PLACEMENT_3D('',#7082,#5382,#5383);
#4322=AXIS2_PLACEMENT_3D('',#7084,#5384,#5385);
#4323=AXIS2_PLACEMENT_3D('',#7086,#5387,#5388);
#4324=AXIS2_PLACEMENT_3D('',#7088,#5389,#5390);
#4325=AXIS2_PLACEMENT_3D('',#7090,#5391,#5392);
#4326=AXIS2_PLACEMENT_3D('',#7092,#5394,#5395);
#4327=AXIS2_PLACEMENT_3D('',#7094,#5396,#5397);
#4328=AXIS2_PLACEMENT_3D('',#7096,#5398,#5399);
#4329=AXIS2_PLACEMENT_3D('',#7098,#5401,#5402);
#4330=AXIS2_PLACEMENT_3D('',#7104,#5406,#5407);
#4331=AXIS2_PLACEMENT_3D('',#7106,#5408,#5409);
#4332=AXIS2_PLACEMENT_3D('',#7108,#5410,#5411);
#4333=AXIS2_PLACEMENT_3D('',#7110,#5413,#5414);
#4334=AXIS2_PLACEMENT_3D('',#7112,#5415,#5416);
#4335=AXIS2_PLACEMENT_3D('',#7114,#5417,#5418);
#4336=AXIS2_PLACEMENT_3D('',#7116,#5420,#5421);
#4337=AXIS2_PLACEMENT_3D('',#7119,#5424,#5425);
#4338=AXIS2_PLACEMENT_3D('',#7120,#5426,#5427);
#4339=AXIS2_PLACEMENT_3D('',#7121,#5428,#5429);
#4340=AXIS2_PLACEMENT_3D('',#7122,#5430,#5431);
#4341=AXIS2_PLACEMENT_3D('',#7125,#5432,#5433);
#4342=AXIS2_PLACEMENT_3D('',#7129,#5435,#5436);
#4343=AXIS2_PLACEMENT_3D('',#7131,#5438,#5439);
#4344=AXIS2_PLACEMENT_3D('',#7133,#5440,#5441);
#4345=AXIS2_PLACEMENT_3D('',#7136,#5443,#5444);
#4346=AXIS2_PLACEMENT_3D('',#7137,#5445,#5446);
#4347=AXIS2_PLACEMENT_3D('',#7140,#5447,#5448);
#4348=AXIS2_PLACEMENT_3D('',#7144,#5450,#5451);
#4349=AXIS2_PLACEMENT_3D('',#7146,#5453,#5454);
#4350=AXIS2_PLACEMENT_3D('',#7149,#5457,#5458);
#4351=AXIS2_PLACEMENT_3D('',#7152,#5459,#5460);
#4352=AXIS2_PLACEMENT_3D('',#7156,#5462,#5463);
#4353=AXIS2_PLACEMENT_3D('',#7158,#5465,#5466);
#4354=AXIS2_PLACEMENT_3D('',#7159,#5467,#5468);
#4355=AXIS2_PLACEMENT_3D('',#7160,#5469,#5470);
#4356=AXIS2_PLACEMENT_3D('',#7161,#5471,#5472);
#4357=AXIS2_PLACEMENT_3D('',#7163,#5473,#5474);
#4358=AXIS2_PLACEMENT_3D('',#7166,#5476,#5477);
#4359=AXIS2_PLACEMENT_3D('',#7167,#5478,#5479);
#4360=AXIS2_PLACEMENT_3D('',#7170,#5482,#5483);
#4361=AXIS2_PLACEMENT_3D('',#7172,#5484,#5485);
#4362=AXIS2_PLACEMENT_3D('',#7175,#5487,#5488);
#4363=AXIS2_PLACEMENT_3D('',#7176,#5489,#5490);
#4364=AXIS2_PLACEMENT_3D('',#7178,#5491,#5492);
#4365=AXIS2_PLACEMENT_3D('',#7181,#5494,#5495);
#4366=AXIS2_PLACEMENT_3D('',#7182,#5496,#5497);
#4367=AXIS2_PLACEMENT_3D('',#7183,#5498,#5499);
#4368=AXIS2_PLACEMENT_3D('',#7184,#5500,#5501);
#4369=AXIS2_PLACEMENT_3D('',#7300,#5504,#5505);
#4370=AXIS2_PLACEMENT_3D('',#7460,#5511,#5512);
#4371=AXIS2_PLACEMENT_3D('',#7466,#5516,#5517);
#4372=AXIS2_PLACEMENT_3D('',#7469,#5520,#5521);
#4373=AXIS2_PLACEMENT_3D('',#7471,#5522,#5523);
#4374=AXIS2_PLACEMENT_3D('',#7474,#5525,#5526);
#4375=AXIS2_PLACEMENT_3D('',#7475,#5527,#5528);
#4376=AXIS2_PLACEMENT_3D('',#7477,#5529,#5530);
#4377=AXIS2_PLACEMENT_3D('',#7480,#5532,#5533);
#4378=AXIS2_PLACEMENT_3D('',#7481,#5534,#5535);
#4379=AXIS2_PLACEMENT_3D('',#7487,#5539,#5540);
#4380=AXIS2_PLACEMENT_3D('',#7489,#5541,#5542);
#4381=AXIS2_PLACEMENT_3D('',#7491,#5543,#5544);
#4382=AXIS2_PLACEMENT_3D('',#7493,#5546,#5547);
#4383=AXIS2_PLACEMENT_3D('',#7496,#5550,#5551);
#4384=AXIS2_PLACEMENT_3D('',#7497,#5552,#5553);
#4385=AXIS2_PLACEMENT_3D('',#7498,#5554,#5555);
#4386=AXIS2_PLACEMENT_3D('',#7499,#5556,#5557);
#4387=AXIS2_PLACEMENT_3D('',#7500,#5558,#5559);
#4388=AXIS2_PLACEMENT_3D('',#7501,#5560,#5561);
#4389=AXIS2_PLACEMENT_3D('',#7502,#5562,#5563);
#4390=AXIS2_PLACEMENT_3D('',#7503,#5564,#5565);
#4391=AXIS2_PLACEMENT_3D('',#7504,#5566,#5567);
#4392=AXIS2_PLACEMENT_3D('',#7505,#5568,#5569);
#4393=DIRECTION('axis',(0.,0.,1.));
#4394=DIRECTION('refdir',(1.,0.,0.));
#4395=DIRECTION('axis',(0.,0.,1.));
#4396=DIRECTION('refdir',(1.,0.,0.));
#4397=DIRECTION('center_axis',(1.,0.,0.));
#4398=DIRECTION('ref_axis',(0.,-1.,0.));
#4399=DIRECTION('center_axis',(1.,0.,0.));
#4400=DIRECTION('ref_axis',(0.,-1.,0.));
#4401=DIRECTION('',(1.,0.,0.));
#4402=DIRECTION('center_axis',(-1.,0.,0.));
#4403=DIRECTION('ref_axis',(0.,-1.,0.));
#4404=DIRECTION('center_axis',(-1.,0.,0.));
#4405=DIRECTION('ref_axis',(0.,-1.,0.));
#4406=DIRECTION('center_axis',(-1.,0.,0.));
#4407=DIRECTION('ref_axis',(0.,-1.,0.));
#4408=DIRECTION('',(-1.,0.,0.));
#4409=DIRECTION('center_axis',(1.,0.,0.));
#4410=DIRECTION('ref_axis',(0.,-1.,0.));
#4411=DIRECTION('center_axis',(0.,1.,0.));
#4412=DIRECTION('ref_axis',(0.,0.,-1.));
#4413=DIRECTION('',(0.,0.,1.));
#4414=DIRECTION('',(-1.,0.,0.));
#4415=DIRECTION('',(0.,0.,-1.));
#4416=DIRECTION('',(-1.,0.,0.));
#4417=DIRECTION('center_axis',(-1.,0.,0.));
#4418=DIRECTION('ref_axis',(0.,0.,1.));
#4419=DIRECTION('',(0.,1.,0.));
#4420=DIRECTION('',(0.,-1.,0.));
#4421=DIRECTION('',(0.,0.,1.));
#4422=DIRECTION('center_axis',(0.,-1.,0.));
#4423=DIRECTION('ref_axis',(0.,0.,-1.));
#4424=DIRECTION('',(0.,0.,1.));
#4425=DIRECTION('',(1.,0.,0.));
#4426=DIRECTION('',(-1.,0.,0.));
#4427=DIRECTION('center_axis',(0.,0.,1.));
#4428=DIRECTION('ref_axis',(0.,-1.,0.));
#4429=DIRECTION('',(0.,1.,0.));
#4430=DIRECTION('',(1.,0.,0.));
#4431=DIRECTION('',(0.,-1.,0.));
#4432=DIRECTION('center_axis',(0.,0.,-1.));
#4433=DIRECTION('ref_axis',(0.,1.,0.));
#4434=DIRECTION('',(0.,-1.,0.));
#4435=DIRECTION('',(0.,1.,0.));
#4436=DIRECTION('',(-1.,0.,0.));
#4437=DIRECTION('center_axis',(1.,0.,0.));
#4438=DIRECTION('ref_axis',(0.,1.,0.));
#4439=DIRECTION('center_axis',(1.,0.,0.));
#4440=DIRECTION('ref_axis',(0.,1.,0.));
#4441=DIRECTION('center_axis',(1.,0.,0.));
#4442=DIRECTION('ref_axis',(0.,1.,0.));
#4443=DIRECTION('center_axis',(1.,0.,0.));
#4444=DIRECTION('ref_axis',(0.,1.,0.));
#4445=DIRECTION('center_axis',(0.,-1.,0.));
#4446=DIRECTION('ref_axis',(0.,0.,1.));
#4447=DIRECTION('',(0.,0.,-1.));
#4448=DIRECTION('',(-1.,0.,0.));
#4449=DIRECTION('',(0.,0.,1.));
#4450=DIRECTION('',(-1.,0.,0.));
#4451=DIRECTION('',(0.,0.,-1.));
#4452=DIRECTION('center_axis',(0.,0.,-1.));
#4453=DIRECTION('ref_axis',(0.,-1.,0.));
#4454=DIRECTION('',(0.,1.,0.));
#4455=DIRECTION('',(0.,-1.,0.));
#4456=DIRECTION('',(-1.,0.,0.));
#4457=DIRECTION('center_axis',(0.,1.,0.));
#4458=DIRECTION('ref_axis',(0.,0.,-1.));
#4459=DIRECTION('',(0.,0.,1.));
#4460=DIRECTION('',(0.,0.,-1.));
#4461=DIRECTION('',(-1.,0.,0.));
#4462=DIRECTION('center_axis',(0.,0.,1.));
#4463=DIRECTION('ref_axis',(0.,1.,0.));
#4464=DIRECTION('',(0.,-1.,0.));
#4465=DIRECTION('',(0.,1.,0.));
#4466=DIRECTION('center_axis',(-1.,0.,0.));
#4467=DIRECTION('ref_axis',(0.,0.,1.));
#4468=DIRECTION('center_axis',(1.,0.,0.));
#4469=DIRECTION('ref_axis',(0.,1.,0.));
#4470=DIRECTION('',(0.,0.,-1.));
#4471=DIRECTION('center_axis',(-1.,0.,0.));
#4472=DIRECTION('ref_axis',(0.,0.707106781186548,0.707106781186548));
#4473=DIRECTION('',(0.,1.,0.));
#4474=DIRECTION('center_axis',(-1.,0.,0.));
#4475=DIRECTION('ref_axis',(0.,-0.707106781186548,0.707106781186548));
#4476=DIRECTION('',(0.,0.,1.));
#4477=DIRECTION('center_axis',(1.,0.,0.));
#4478=DIRECTION('ref_axis',(0.,-1.,0.));
#4479=DIRECTION('center_axis',(1.,0.,0.));
#4480=DIRECTION('ref_axis',(0.,-1.,0.));
#4481=DIRECTION('center_axis',(1.,0.,0.));
#4482=DIRECTION('ref_axis',(0.,-1.,0.));
#4483=DIRECTION('center_axis',(1.,0.,0.));
#4484=DIRECTION('ref_axis',(0.,-1.,0.));
#4485=DIRECTION('center_axis',(-1.,0.,0.));
#4486=DIRECTION('ref_axis',(0.,-1.,0.));
#4487=DIRECTION('',(1.,0.,0.));
#4488=DIRECTION('',(1.,0.,0.));
#4489=DIRECTION('center_axis',(1.,0.,0.));
#4490=DIRECTION('ref_axis',(0.,1.,-1.22464679914735E-16));
#4491=DIRECTION('center_axis',(-1.,0.,0.));
#4492=DIRECTION('ref_axis',(0.,-1.,0.));
#4493=DIRECTION('center_axis',(0.,0.,-1.));
#4494=DIRECTION('ref_axis',(0.707106781186549,-0.707106781186546,0.));
#4495=DIRECTION('',(0.,0.,1.));
#4496=DIRECTION('center_axis',(0.,5.5511151231258E-16,1.));
#4497=DIRECTION('ref_axis',(0.,-1.,5.5511151231258E-16));
#4498=DIRECTION('center_axis',(-1.,0.,0.));
#4499=DIRECTION('ref_axis',(0.,0.,1.));
#4500=DIRECTION('center_axis',(0.,-1.,0.));
#4501=DIRECTION('ref_axis',(0.,0.,-1.));
#4502=DIRECTION('center_axis',(1.,0.,0.));
#4503=DIRECTION('ref_axis',(0.,0.707106781186548,0.707106781186548));
#4504=DIRECTION('center_axis',(0.,1.,0.));
#4505=DIRECTION('ref_axis',(0.707106781186548,0.,-0.707106781186548));
#4506=DIRECTION('center_axis',(0.,-1.,0.));
#4507=DIRECTION('ref_axis',(0.,0.,-1.));
#4508=DIRECTION('',(0.,-1.,0.));
#4509=DIRECTION('center_axis',(-1.,0.,0.));
#4510=DIRECTION('ref_axis',(0.,0.,1.));
#4511=DIRECTION('center_axis',(0.,-5.55111512312579E-16,-1.));
#4512=DIRECTION('ref_axis',(0.,1.,-5.55111512312579E-16));
#4513=DIRECTION('center_axis',(1.,0.,0.));
#4514=DIRECTION('ref_axis',(0.,-0.707106781186548,0.707106781186548));
#4515=DIRECTION('center_axis',(0.,0.,-1.));
#4516=DIRECTION('ref_axis',(0.707106781186548,0.707106781186548,0.));
#4517=DIRECTION('',(0.,0.,-1.));
#4518=DIRECTION('center_axis',(1.85075698166528E-16,-1.,0.));
#4519=DIRECTION('ref_axis',(1.,1.85075698166528E-16,0.));
#4520=DIRECTION('',(1.,1.85075698166528E-16,0.));
#4521=DIRECTION('',(0.,0.,1.));
#4522=DIRECTION('',(-1.,-1.85075698166528E-16,0.));
#4523=DIRECTION('center_axis',(1.,1.85075698166528E-16,0.));
#4524=DIRECTION('ref_axis',(0.,-0.707106781186547,0.707106781186548));
#4525=DIRECTION('',(-1.,-1.85075698166528E-16,0.));
#4526=DIRECTION('center_axis',(-0.22365397608865,-0.97466860982579,0.));
#4527=DIRECTION('ref_axis',(0.97466860982579,-0.22365397608865,0.));
#4528=DIRECTION('center_axis',(0.,0.,1.));
#4529=DIRECTION('ref_axis',(1.,0.,0.));
#4530=DIRECTION('',(1.,0.,0.));
#4531=DIRECTION('',(0.707106781186546,-0.707106781186549,0.));
#4532=DIRECTION('center_axis',(0.,0.,-1.));
#4533=DIRECTION('ref_axis',(0.38268343236509,0.923879532511287,0.));
#4534=DIRECTION('',(1.,5.55111512312578E-16,0.));
#4535=DIRECTION('center_axis',(0.,0.,-1.));
#4536=DIRECTION('ref_axis',(-0.471858445081041,0.881674320713551,0.));
#4537=DIRECTION('',(0.554699215611405,0.832050948079558,0.));
#4538=DIRECTION('center_axis',(0.,0.,-1.));
#4539=DIRECTION('ref_axis',(-0.957092197251539,0.28978358469765,0.));
#4540=DIRECTION('',(-1.1842378929335E-15,1.,0.));
#4541=DIRECTION('center_axis',(0.,0.,-1.));
#4542=DIRECTION('ref_axis',(-0.957092197251539,-0.289783584697652,0.));
#4543=DIRECTION('',(-0.554699215611405,0.832050948079558,0.));
#4544=DIRECTION('center_axis',(0.,0.,-1.));
#4545=DIRECTION('ref_axis',(-0.471858445081041,-0.881674320713551,0.));
#4546=DIRECTION('',(-1.,-8.32667268468868E-16,0.));
#4547=DIRECTION('center_axis',(0.,0.,-1.));
#4548=DIRECTION('ref_axis',(0.471858445081041,-0.881674320713551,0.));
#4549=DIRECTION('',(-0.554699215611405,-0.832050948079558,0.));
#4550=DIRECTION('center_axis',(0.,0.,-1.));
#4551=DIRECTION('ref_axis',(-1.,0.,0.));
#4552=DIRECTION('center_axis',(0.,0.,-1.));
#4553=DIRECTION('ref_axis',(-1.,0.,0.));
#4554=DIRECTION('center_axis',(0.,0.,-1.));
#4555=DIRECTION('ref_axis',(-1.,0.,0.));
#4556=DIRECTION('',(-1.,0.,0.));
#4557=DIRECTION('',(0.,1.,0.));
#4558=DIRECTION('',(1.,0.,0.));
#4559=DIRECTION('',(0.,-1.,0.));
#4560=DIRECTION('center_axis',(-1.,0.,0.));
#4561=DIRECTION('ref_axis',(0.,0.707106781186545,0.70710678118655));
#4562=DIRECTION('',(-1.,0.,0.));
#4563=DIRECTION('center_axis',(-0.284252323408791,0.958749506720449,0.));
#4564=DIRECTION('ref_axis',(0.958749506720449,0.284252323408791,0.));
#4565=DIRECTION('center_axis',(0.,1.,0.));
#4566=DIRECTION('ref_axis',(-1.,0.,0.));
#4567=DIRECTION('',(1.,0.,0.));
#4568=DIRECTION('',(0.,0.,-1.));
#4569=DIRECTION('center_axis',(-4.45630629518181E-17,8.32667268468868E-17,
1.));
#4570=DIRECTION('ref_axis',(-8.88178419700126E-16,1.,-8.32667268468868E-17));
#4571=DIRECTION('center_axis',(0.93503462597368,-0.3545564105051,1.12467625848917E-15));
#4572=DIRECTION('ref_axis',(-0.3545564105051,-0.93503462597368,1.7736128128756E-16));
#4573=DIRECTION('center_axis',(-0.223653976088651,-0.97466860982579,0.));
#4574=DIRECTION('ref_axis',(0.97466860982579,-0.223653976088651,1.7736128128756E-16));
#4575=DIRECTION('center_axis',(0.,0.,1.));
#4576=DIRECTION('ref_axis',(-0.47185844508104,0.881674320713552,0.));
#4577=DIRECTION('center_axis',(0.,0.,1.));
#4578=DIRECTION('ref_axis',(0.,1.,0.));
#4579=DIRECTION('',(0.,0.,-1.));
#4580=DIRECTION('center_axis',(0.93503462597368,-0.3545564105051,1.12467625848917E-15));
#4581=DIRECTION('ref_axis',(-0.3545564105051,-0.93503462597368,0.));
#4582=DIRECTION('center_axis',(-1.,-1.85075698166528E-16,0.));
#4583=DIRECTION('ref_axis',(0.,-0.707106781186547,-0.707106781186548));
#4584=DIRECTION('',(1.,1.85075698166528E-16,0.));
#4585=DIRECTION('center_axis',(-1.,0.,0.));
#4586=DIRECTION('ref_axis',(0.,-3.1720657846433E-14,-1.));
#4587=DIRECTION('center_axis',(-0.554699215611405,-0.832050948079558,0.));
#4588=DIRECTION('ref_axis',(0.58834886767975,-0.39223157687768,-0.70710678118655));
#4589=DIRECTION('',(-0.554699215611405,-0.832050948079558,0.));
#4590=DIRECTION('center_axis',(-0.554699215611405,-0.832050948079558,-8.79764461735648E-16));
#4591=DIRECTION('ref_axis',(6.34413156928661E-15,-3.1720657846433E-15,-1.));
#4592=DIRECTION('',(0.554699215611405,0.832050948079558,0.));
#4593=DIRECTION('center_axis',(0.,0.,1.));
#4594=DIRECTION('ref_axis',(1.,0.,0.));
#4595=DIRECTION('center_axis',(-0.554699215611405,-0.832050948079558,8.79764461735648E-16));
#4596=DIRECTION('ref_axis',(0.832050948079558,-0.554699215611405,0.));
#4597=DIRECTION('center_axis',(1.,0.,0.));
#4598=DIRECTION('ref_axis',(0.,-7.93016446160826E-16,1.));
#4599=DIRECTION('center_axis',(0.,0.,1.));
#4600=DIRECTION('ref_axis',(0.471858445081041,-0.881674320713551,0.));
#4601=DIRECTION('center_axis',(0.,0.,1.));
#4602=DIRECTION('ref_axis',(1.,0.,0.));
#4603=DIRECTION('center_axis',(0.,0.,-1.));
#4604=DIRECTION('ref_axis',(0.471858445081041,-0.881674320713551,0.));
#4605=DIRECTION('center_axis',(1.,0.,0.));
#4606=DIRECTION('ref_axis',(0.,-1.,0.));
#4607=DIRECTION('center_axis',(0.,0.,1.));
#4608=DIRECTION('ref_axis',(0.471858445081041,-0.881674320713551,0.));
#4609=DIRECTION('center_axis',(0.,0.,1.));
#4610=DIRECTION('ref_axis',(0.47185844508104,-0.881674320713552,0.));
#4611=DIRECTION('',(0.,0.,1.));
#4612=DIRECTION('',(0.,0.,-1.));
#4613=DIRECTION('center_axis',(0.832050948079558,-0.554699215611405,0.));
#4614=DIRECTION('ref_axis',(0.554699215611405,0.832050948079558,0.));
#4615=DIRECTION('',(0.554699215611405,0.832050948079558,0.));
#4616=DIRECTION('center_axis',(0.,0.,1.));
#4617=DIRECTION('ref_axis',(1.,0.,0.));
#4618=DIRECTION('',(1.,8.32667268468868E-16,0.));
#4619=DIRECTION('center_axis',(0.,0.,1.));
#4620=DIRECTION('ref_axis',(-0.471858445081041,-0.881674320713551,0.));
#4621=DIRECTION('',(0.554699215611405,-0.832050948079558,0.));
#4622=DIRECTION('center_axis',(0.,0.,1.));
#4623=DIRECTION('ref_axis',(-0.957092197251539,-0.289783584697652,0.));
#4624=DIRECTION('',(1.1842378929335E-15,-1.,0.));
#4625=DIRECTION('center_axis',(0.,0.,1.));
#4626=DIRECTION('ref_axis',(-0.957092197251539,0.28978358469765,0.));
#4627=DIRECTION('',(-0.554699215611405,-0.832050948079558,0.));
#4628=DIRECTION('center_axis',(0.,0.,1.));
#4629=DIRECTION('ref_axis',(-0.471858445081041,0.881674320713551,0.));
#4630=DIRECTION('',(-1.,-5.55111512312578E-16,0.));
#4631=DIRECTION('center_axis',(0.,0.,1.));
#4632=DIRECTION('ref_axis',(0.38268343236509,0.923879532511287,0.));
#4633=DIRECTION('',(-0.707106781186546,0.707106781186549,0.));
#4634=DIRECTION('',(-1.,0.,0.));
#4635=DIRECTION('center_axis',(0.,0.,1.));
#4636=DIRECTION('ref_axis',(-1.,0.,0.));
#4637=DIRECTION('center_axis',(0.,0.,1.));
#4638=DIRECTION('ref_axis',(-1.,0.,0.));
#4639=DIRECTION('center_axis',(0.,0.,1.));
#4640=DIRECTION('ref_axis',(-1.,0.,0.));
#4641=DIRECTION('center_axis',(0.,0.,1.));
#4642=DIRECTION('ref_axis',(-1.,0.,0.));
#4643=DIRECTION('center_axis',(0.,0.,1.));
#4644=DIRECTION('ref_axis',(-1.,0.,0.));
#4645=DIRECTION('center_axis',(0.,0.,-1.));
#4646=DIRECTION('ref_axis',(-1.,0.,0.));
#4647=DIRECTION('center_axis',(0.,0.,-1.));
#4648=DIRECTION('ref_axis',(-1.,0.,0.));
#4649=DIRECTION('center_axis',(-1.,-8.32667268468868E-16,0.));
#4650=DIRECTION('ref_axis',(0.,-0.707106781186548,-0.707106781186547));
#4651=DIRECTION('',(-1.,-8.32667268468868E-16,0.));
#4652=DIRECTION('center_axis',(-1.,0.,0.));
#4653=DIRECTION('ref_axis',(0.,-7.93016446160826E-16,-1.));
#4654=DIRECTION('center_axis',(0.,0.,1.));
#4655=DIRECTION('ref_axis',(1.,0.,0.));
#4656=DIRECTION('center_axis',(-1.,0.,0.));
#4657=DIRECTION('ref_axis',(0.,-1.,0.));
#4658=DIRECTION('center_axis',(0.554699215611408,-0.832050948079556,-3.95898051522477E-15));
#4659=DIRECTION('ref_axis',(0.,-4.75809867696496E-15,1.));
#4660=DIRECTION('center_axis',(0.,0.,1.));
#4661=DIRECTION('ref_axis',(-0.471858445081041,-0.881674320713551,0.));
#4662=DIRECTION('center_axis',(0.,0.,1.));
#4663=DIRECTION('ref_axis',(1.,0.,0.));
#4664=DIRECTION('center_axis',(0.,0.,-1.));
#4665=DIRECTION('ref_axis',(-0.471858445081041,-0.881674320713551,0.));
#4666=DIRECTION('center_axis',(0.554699215611408,-0.832050948079556,3.95898051522477E-15));
#4667=DIRECTION('ref_axis',(-0.832050948079556,-0.554699215611408,0.));
#4668=DIRECTION('center_axis',(0.,0.,1.));
#4669=DIRECTION('ref_axis',(-0.471858445081041,-0.881674320713551,0.));
#4670=DIRECTION('',(0.,0.,1.));
#4671=DIRECTION('',(0.,0.,-1.));
#4672=DIRECTION('center_axis',(8.32667268468868E-16,-1.,0.));
#4673=DIRECTION('ref_axis',(1.,8.32667268468868E-16,0.));
#4674=DIRECTION('',(1.,8.32667268468868E-16,0.));
#4675=DIRECTION('center_axis',(-0.554699215611405,0.832050948079558,0.));
#4676=DIRECTION('ref_axis',(-0.588348867679749,-0.392231576877684,-0.707106781186549));
#4677=DIRECTION('',(-0.554699215611405,0.832050948079558,0.));
#4678=DIRECTION('center_axis',(-0.554699215611407,0.832050948079557,-2.63932034348319E-15));
#4679=DIRECTION('ref_axis',(0.,-3.1720657846433E-15,-1.));
#4680=DIRECTION('center_axis',(0.,0.,1.));
#4681=DIRECTION('ref_axis',(1.,0.,0.));
#4682=DIRECTION('center_axis',(-0.554699215611407,0.832050948079557,2.63932034348318E-15));
#4683=DIRECTION('ref_axis',(-0.832050948079557,-0.554699215611407,0.));
#4684=DIRECTION('center_axis',(0.,-1.,0.));
#4685=DIRECTION('ref_axis',(0.,0.,1.));
#4686=DIRECTION('center_axis',(0.,0.,1.));
#4687=DIRECTION('ref_axis',(-0.957092197251539,-0.289783584697652,0.));
#4688=DIRECTION('center_axis',(0.,0.,1.));
#4689=DIRECTION('ref_axis',(1.,0.,0.));
#4690=DIRECTION('center_axis',(0.,0.,-1.));
#4691=DIRECTION('ref_axis',(-0.957092197251539,-0.289783584697652,0.));
#4692=DIRECTION('center_axis',(0.,-1.,0.));
#4693=DIRECTION('ref_axis',(-1.,0.,0.));
#4694=DIRECTION('center_axis',(0.,0.,1.));
#4695=DIRECTION('ref_axis',(-0.957092197251539,-0.289783584697652,0.));
#4696=DIRECTION('',(0.,0.,1.));
#4697=DIRECTION('',(0.,0.,-1.));
#4698=DIRECTION('center_axis',(-0.832050948079558,-0.554699215611405,0.));
#4699=DIRECTION('ref_axis',(0.554699215611405,-0.832050948079558,0.));
#4700=DIRECTION('',(0.554699215611405,-0.832050948079558,0.));
#4701=DIRECTION('center_axis',(-1.1842378929335E-15,1.,0.));
#4702=DIRECTION('ref_axis',(-0.707106781186549,0.,-0.707106781186546));
#4703=DIRECTION('',(-1.1842378929335E-15,1.,0.));
#4704=DIRECTION('center_axis',(0.,1.,0.));
#4705=DIRECTION('ref_axis',(0.,0.,-1.));
#4706=DIRECTION('center_axis',(0.,0.,1.));
#4707=DIRECTION('ref_axis',(1.,0.,0.));
#4708=DIRECTION('center_axis',(0.,1.,0.));
#4709=DIRECTION('ref_axis',(-1.,0.,0.));
#4710=DIRECTION('center_axis',(-0.554699215611407,-0.832050948079557,0.));
#4711=DIRECTION('ref_axis',(0.,0.,1.));
#4712=DIRECTION('center_axis',(0.,0.,1.));
#4713=DIRECTION('ref_axis',(-0.957092197251539,0.28978358469765,0.));
#4714=DIRECTION('center_axis',(0.,0.,1.));
#4715=DIRECTION('ref_axis',(1.,0.,0.));
#4716=DIRECTION('center_axis',(0.,0.,-1.));
#4717=DIRECTION('ref_axis',(-0.957092197251539,0.28978358469765,0.));
#4718=DIRECTION('center_axis',(-0.554699215611407,-0.832050948079557,0.));
#4719=DIRECTION('ref_axis',(-0.832050948079557,0.554699215611407,0.));
#4720=DIRECTION('center_axis',(0.,0.,1.));
#4721=DIRECTION('ref_axis',(-0.957092197251539,0.289783584697651,0.));
#4722=DIRECTION('',(0.,0.,1.));
#4723=DIRECTION('',(0.,0.,-1.));
#4724=DIRECTION('center_axis',(-1.,-1.1842378929335E-15,0.));
#4725=DIRECTION('ref_axis',(1.1842378929335E-15,-1.,0.));
#4726=DIRECTION('',(1.1842378929335E-15,-1.,0.));
#4727=DIRECTION('center_axis',(0.554699215611405,0.832050948079558,0.));
#4728=DIRECTION('ref_axis',(-0.588348867679751,0.392231576877676,-0.707106781186552));
#4729=DIRECTION('',(0.554699215611405,0.832050948079558,0.));
#4730=DIRECTION('center_axis',(0.554699215611393,0.832050948079567,-7.03816961043751E-15));
#4731=DIRECTION('ref_axis',(-1.26882631385732E-14,0.,-1.));
#4732=DIRECTION('center_axis',(0.,0.,1.));
#4733=DIRECTION('ref_axis',(1.,0.,0.));
#4734=DIRECTION('center_axis',(0.554699215611393,0.832050948079567,7.03816961043751E-15));
#4735=DIRECTION('ref_axis',(-0.832050948079567,0.554699215611393,0.));
#4736=DIRECTION('center_axis',(-1.,0.,0.));
#4737=DIRECTION('ref_axis',(0.,-2.53765262771464E-14,1.));
#4738=DIRECTION('center_axis',(0.,0.,1.));
#4739=DIRECTION('ref_axis',(-0.471858445081041,0.881674320713551,0.));
#4740=DIRECTION('center_axis',(0.,0.,1.));
#4741=DIRECTION('ref_axis',(1.,0.,0.));
#4742=DIRECTION('center_axis',(0.,0.,-1.));
#4743=DIRECTION('ref_axis',(-0.471858445081041,0.881674320713551,0.));
#4744=DIRECTION('center_axis',(-1.,0.,0.));
#4745=DIRECTION('ref_axis',(0.,1.,0.));
#4746=DIRECTION('center_axis',(0.,0.,1.));
#4747=DIRECTION('ref_axis',(-0.471858445081041,0.881674320713551,0.));
#4748=DIRECTION('',(0.,0.,1.));
#4749=DIRECTION('',(0.,0.,-1.));
#4750=DIRECTION('center_axis',(-0.554699215611405,-0.832050948079558,0.));
#4751=DIRECTION('ref_axis',(-0.588348867679752,0.392231576877677,0.707106781186551));
#4752=DIRECTION('',(-0.554699215611405,-0.832050948079558,0.));
#4753=DIRECTION('center_axis',(-0.832050948079558,0.554699215611405,0.));
#4754=DIRECTION('ref_axis',(-0.554699215611405,-0.832050948079558,0.));
#4755=DIRECTION('center_axis',(0.,0.,-1.));
#4756=DIRECTION('ref_axis',(-1.,0.,0.));
#4757=DIRECTION('center_axis',(-0.707106781186548,0.707106781186548,0.));
#4758=DIRECTION('ref_axis',(0.707106781186547,0.707106781186547,0.));
#4759=DIRECTION('center_axis',(1.,0.,0.));
#4760=DIRECTION('ref_axis',(0.,0.,-1.));
#4761=DIRECTION('center_axis',(0.,0.,-1.));
#4762=DIRECTION('ref_axis',(0.38268343236509,0.923879532511287,0.));
#4763=DIRECTION('center_axis',(0.,0.,-1.));
#4764=DIRECTION('ref_axis',(-1.,0.,0.));
#4765=DIRECTION('center_axis',(-0.707106781186548,0.707106781186548,0.));
#4766=DIRECTION('ref_axis',(0.,0.,1.));
#4767=DIRECTION('center_axis',(0.,0.,1.));
#4768=DIRECTION('ref_axis',(0.38268343236509,0.923879532511287,0.));
#4769=DIRECTION('center_axis',(1.,0.,0.));
#4770=DIRECTION('ref_axis',(0.,1.,0.));
#4771=DIRECTION('center_axis',(0.,0.,1.));
#4772=DIRECTION('ref_axis',(0.382683432365091,0.923879532511286,0.));
#4773=DIRECTION('',(0.,0.,1.));
#4774=DIRECTION('',(0.,0.,-1.));
#4775=DIRECTION('center_axis',(0.707106781186546,-0.707106781186549,0.));
#4776=DIRECTION('ref_axis',(0.499999999999998,0.499999999999998,-0.707106781186551));
#4777=DIRECTION('',(0.707106781186546,-0.707106781186549,0.));
#4778=DIRECTION('center_axis',(0.878935023111675,0.476941532210898,0.));
#4779=DIRECTION('ref_axis',(-0.476941532210898,0.878935023111675,0.));
#4780=DIRECTION('center_axis',(0.707106781186549,0.707106781186546,0.));
#4781=DIRECTION('ref_axis',(-0.707106781186546,0.707106781186549,0.));
#4782=DIRECTION('',(-0.707106781186546,0.707106781186549,0.));
#4783=DIRECTION('',(0.,0.,1.));
#4784=DIRECTION('center_axis',(-0.707106781186546,0.707106781186549,0.));
#4785=DIRECTION('ref_axis',(0.499999999999998,0.499999999999998,0.707106781186551));
#4786=DIRECTION('center_axis',(0.878935023111676,0.476941532210897,0.));
#4787=DIRECTION('ref_axis',(-0.476941532210897,0.878935023111676,0.));
#4788=DIRECTION('center_axis',(0.,0.,1.));
#4789=DIRECTION('ref_axis',(-0.707106781186548,-0.707106781186547,0.));
#4790=DIRECTION('center_axis',(-0.284252323408791,0.958749506720449,0.));
#4791=DIRECTION('ref_axis',(0.958749506720449,0.28425232340879,0.));
#4792=DIRECTION('center_axis',(0.,0.,1.));
#4793=DIRECTION('ref_axis',(-0.382683432365091,-0.923879532511286,0.));
#4794=DIRECTION('center_axis',(0.,0.,1.));
#4795=DIRECTION('ref_axis',(-0.707106781186549,-0.707106781186546,0.));
#4796=DIRECTION('center_axis',(-1.,0.,0.));
#4797=DIRECTION('ref_axis',(0.,0.707106781186549,-0.707106781186546));
#4798=DIRECTION('center_axis',(-1.,0.,0.));
#4799=DIRECTION('ref_axis',(0.,1.,0.));
#4800=DIRECTION('center_axis',(0.554699215611405,0.832050948079558,0.));
#4801=DIRECTION('ref_axis',(0.58834886767975,-0.39223157687768,0.70710678118655));
#4802=DIRECTION('center_axis',(1.,8.32667268468868E-16,0.));
#4803=DIRECTION('ref_axis',(0.,-0.707106781186548,0.707106781186547));
#4804=DIRECTION('center_axis',(0.554699215611405,-0.832050948079558,0.));
#4805=DIRECTION('ref_axis',(-0.588348867679749,-0.392231576877684,0.707106781186549));
#4806=DIRECTION('center_axis',(1.1842378929335E-15,-1.,0.));
#4807=DIRECTION('ref_axis',(-0.707106781186549,0.,0.707106781186546));
#4808=DIRECTION('center_axis',(-1.,-5.55111512312578E-16,0.));
#4809=DIRECTION('ref_axis',(0.,0.707106781186549,0.707106781186546));
#4810=DIRECTION('',(-1.,-5.55111512312578E-16,0.));
#4811=DIRECTION('center_axis',(-5.55111512312578E-16,1.,0.));
#4812=DIRECTION('ref_axis',(-1.,-5.55111512312578E-16,0.));
#4813=DIRECTION('',(1.,5.55111512312578E-16,0.));
#4814=DIRECTION('center_axis',(1.,5.55111512312578E-16,0.));
#4815=DIRECTION('ref_axis',(0.,0.707106781186549,-0.707106781186546));
#4816=DIRECTION('center_axis',(-0.99863037865565,9.15482466638371E-17,-0.052319851166391));
#4817=DIRECTION('ref_axis',(-3.96508223080414E-16,1.,9.31794324238973E-15));
#4818=DIRECTION('center_axis',(-0.99863037865565,-2.38570389004913E-16,
-0.0523198511663942));
#4819=DIRECTION('ref_axis',(0.0523109095648356,-0.0184871876047638,-0.99845971007095));
#4820=DIRECTION('center_axis',(-0.193373168904669,-0.923422367293114,-0.331508595862231));
#4821=DIRECTION('ref_axis',(0.,-0.337886100980914,0.941187007328467));
#4822=DIRECTION('center_axis',(-0.19337316890467,0.923422367293113,-0.331508595862232));
#4823=DIRECTION('ref_axis',(-0.435049154250851,0.222149952394619,0.872571849211678));
#4824=DIRECTION('center_axis',(1.,0.,0.));
#4825=DIRECTION('ref_axis',(0.,1.,0.));
#4826=DIRECTION('center_axis',(0.,0.,-1.));
#4827=DIRECTION('ref_axis',(-1.,0.,0.));
#4828=DIRECTION('center_axis',(0.,0.,-1.));
#4829=DIRECTION('ref_axis',(-1.,0.,0.));
#4830=DIRECTION('',(0.,0.,-1.));
#4831=DIRECTION('center_axis',(0.,0.,-1.));
#4832=DIRECTION('ref_axis',(-1.,0.,0.));
#4833=DIRECTION('center_axis',(0.,0.,-1.));
#4834=DIRECTION('ref_axis',(-1.,0.,0.));
#4835=DIRECTION('',(0.,0.,-1.));
#4836=DIRECTION('center_axis',(1.,0.,0.));
#4837=DIRECTION('ref_axis',(0.,1.,0.));
#4838=DIRECTION('',(0.,-1.,0.));
#4839=DIRECTION('',(0.,0.,1.));
#4840=DIRECTION('',(0.,1.,0.));
#4841=DIRECTION('',(0.,0.,1.));
#4842=DIRECTION('center_axis',(-1.,0.,0.));
#4843=DIRECTION('ref_axis',(0.,-1.,0.));
#4844=DIRECTION('',(0.,0.,1.));
#4845=DIRECTION('',(0.,-1.,0.));
#4846=DIRECTION('',(0.,0.,1.));
#4847=DIRECTION('center_axis',(0.,0.,1.));
#4848=DIRECTION('ref_axis',(1.,0.,0.));
#4849=DIRECTION('',(-1.,0.,0.));
#4850=DIRECTION('',(1.,0.,0.));
#4851=DIRECTION('center_axis',(1.,0.,0.));
#4852=DIRECTION('ref_axis',(0.,1.,0.));
#4853=DIRECTION('',(0.,0.,1.));
#4854=DIRECTION('',(0.,1.,0.));
#4855=DIRECTION('',(0.,0.,1.));
#4856=DIRECTION('center_axis',(-1.,0.,0.));
#4857=DIRECTION('ref_axis',(0.,-1.,0.));
#4858=DIRECTION('',(0.,1.,0.));
#4859=DIRECTION('',(0.,0.,1.));
#4860=DIRECTION('',(0.,-1.,0.));
#4861=DIRECTION('',(0.,0.,1.));
#4862=DIRECTION('',(0.,1.,0.));
#4863=DIRECTION('center_axis',(0.,0.,1.));
#4864=DIRECTION('ref_axis',(1.,0.,0.));
#4865=DIRECTION('',(-1.,0.,0.));
#4866=DIRECTION('',(1.,0.,0.));
#4867=DIRECTION('center_axis',(0.,-1.,0.));
#4868=DIRECTION('ref_axis',(1.,0.,0.));
#4869=DIRECTION('',(1.,0.,0.));
#4870=DIRECTION('center_axis',(0.,1.,0.));
#4871=DIRECTION('ref_axis',(-1.,0.,0.));
#4872=DIRECTION('',(-1.,0.,0.));
#4873=DIRECTION('center_axis',(0.,0.,1.));
#4874=DIRECTION('ref_axis',(1.,2.09798136933558E-15,0.));
#4875=DIRECTION('',(0.,0.,-1.));
#4876=DIRECTION('center_axis',(0.,0.,-1.));
#4877=DIRECTION('ref_axis',(-1.,0.,0.));
#4878=DIRECTION('center_axis',(0.,0.,-1.));
#4879=DIRECTION('ref_axis',(-1.,0.,0.));
#4880=DIRECTION('',(0.,0.,-1.));
#4881=DIRECTION('center_axis',(0.,0.,1.));
#4882=DIRECTION('ref_axis',(-1.,0.,0.));
#4883=DIRECTION('center_axis',(0.,0.,-1.));
#4884=DIRECTION('ref_axis',(-1.,0.,0.));
#4885=DIRECTION('center_axis',(0.,0.,1.));
#4886=DIRECTION('ref_axis',(-1.,0.,0.));
#4887=DIRECTION('center_axis',(0.,0.,-1.));
#4888=DIRECTION('ref_axis',(-1.,0.,0.));
#4889=DIRECTION('',(0.,0.,-1.));
#4890=DIRECTION('center_axis',(0.,0.,-1.));
#4891=DIRECTION('ref_axis',(-1.,0.,0.));
#4892=DIRECTION('',(0.,0.,-1.));
#4893=DIRECTION('center_axis',(0.,0.,-1.));
#4894=DIRECTION('ref_axis',(-1.,0.,0.));
#4895=DIRECTION('',(0.,0.,-1.));
#4896=DIRECTION('axis',(0.,0.,1.));
#4897=DIRECTION('refdir',(1.,0.,0.));
#4898=DIRECTION('center_axis',(0.,0.,1.));
#4899=DIRECTION('ref_axis',(-1.,0.,0.));
#4900=DIRECTION('center_axis',(0.,0.,1.));
#4901=DIRECTION('ref_axis',(-1.,0.,0.));
#4902=DIRECTION('',(0.,0.,-1.));
#4903=DIRECTION('center_axis',(0.,0.,-1.));
#4904=DIRECTION('ref_axis',(-1.,0.,0.));
#4905=DIRECTION('center_axis',(0.,0.,1.));
#4906=DIRECTION('ref_axis',(-1.,0.,0.));
#4907=DIRECTION('center_axis',(0.,0.,1.));
#4908=DIRECTION('ref_axis',(-0.631842905102515,-0.775096473525467,0.));
#4909=DIRECTION('center_axis',(0.,0.,1.));
#4910=DIRECTION('ref_axis',(-0.631842905102515,-0.775096473525467,0.));
#4911=DIRECTION('',(0.,0.,1.));
#4912=DIRECTION('center_axis',(0.,0.,1.));
#4913=DIRECTION('ref_axis',(-0.631842905102515,-0.775096473525467,0.));
#4914=DIRECTION('',(0.,0.,-1.));
#4915=DIRECTION('center_axis',(0.,0.,1.));
#4916=DIRECTION('ref_axis',(1.,1.22464679914735E-16,0.));
#4917=DIRECTION('center_axis',(0.,0.,1.));
#4918=DIRECTION('ref_axis',(-1.,0.,0.));
#4919=DIRECTION('',(0.,0.,1.));
#4920=DIRECTION('center_axis',(0.,0.,-1.));
#4921=DIRECTION('ref_axis',(-1.,0.,0.));
#4922=DIRECTION('center_axis',(0.,0.,1.));
#4923=DIRECTION('ref_axis',(-0.631842905102515,0.775096473525466,0.));
#4924=DIRECTION('center_axis',(0.,0.,1.));
#4925=DIRECTION('ref_axis',(-0.631842905102515,0.775096473525466,0.));
#4926=DIRECTION('center_axis',(0.,0.,1.));
#4927=DIRECTION('ref_axis',(-0.631842905102515,0.775096473525466,0.));
#4928=DIRECTION('',(0.,0.,-1.));
#4929=DIRECTION('center_axis',(0.,0.,1.));
#4930=DIRECTION('ref_axis',(-1.,0.,0.));
#4931=DIRECTION('center_axis',(0.,0.,-1.));
#4932=DIRECTION('ref_axis',(-1.,0.,0.));
#4933=DIRECTION('center_axis',(0.,0.,-1.));
#4934=DIRECTION('ref_axis',(-1.,0.,0.));
#4935=DIRECTION('center_axis',(0.,0.,-1.));
#4936=DIRECTION('ref_axis',(-1.,0.,0.));
#4937=DIRECTION('center_axis',(0.,0.,-1.));
#4938=DIRECTION('ref_axis',(-1.,0.,0.));
#4939=DIRECTION('center_axis',(0.,0.,1.));
#4940=DIRECTION('ref_axis',(-1.,0.,0.));
#4941=DIRECTION('center_axis',(0.,0.,1.));
#4942=DIRECTION('ref_axis',(-1.,0.,0.));
#4943=DIRECTION('center_axis',(0.,0.,1.));
#4944=DIRECTION('ref_axis',(1.,0.,0.));
#4945=DIRECTION('',(1.,0.,0.));
#4946=DIRECTION('',(0.,1.,0.));
#4947=DIRECTION('',(-1.,0.,0.));
#4948=DIRECTION('center_axis',(0.,0.,1.));
#4949=DIRECTION('ref_axis',(1.,0.,0.));
#4950=DIRECTION('',(0.,-1.,0.));
#4951=DIRECTION('',(1.,0.,0.));
#4952=DIRECTION('center_axis',(0.,0.,1.));
#4953=DIRECTION('ref_axis',(1.,0.,0.));
#4954=DIRECTION('',(-1.,0.,0.));
#4955=DIRECTION('',(0.,-1.,0.));
#4956=DIRECTION('center_axis',(0.,-1.,0.));
#4957=DIRECTION('ref_axis',(-1.,0.,0.));
#4958=DIRECTION('',(1.,0.,0.));
#4959=DIRECTION('',(0.,0.,-1.));
#4960=DIRECTION('',(-1.,0.,0.));
#4961=DIRECTION('',(0.,0.,-1.));
#4962=DIRECTION('center_axis',(0.,0.,-1.));
#4963=DIRECTION('ref_axis',(1.,1.01064309961486E-15,0.));
#4964=DIRECTION('center_axis',(0.,0.,1.));
#4965=DIRECTION('ref_axis',(-1.,0.,0.));
#4966=DIRECTION('center_axis',(0.,0.,-1.));
#4967=DIRECTION('ref_axis',(-1.,0.,0.));
#4968=DIRECTION('',(0.,0.,-1.));
#4969=DIRECTION('center_axis',(0.,1.,0.));
#4970=DIRECTION('ref_axis',(1.,0.,0.));
#4971=DIRECTION('',(-1.,0.,0.));
#4972=DIRECTION('',(1.,0.,0.));
#4973=DIRECTION('',(0.,0.,1.));
#4974=DIRECTION('center_axis',(0.,0.,1.));
#4975=DIRECTION('ref_axis',(-1.,0.,0.));
#4976=DIRECTION('',(0.,-1.,0.));
#4977=DIRECTION('',(1.,0.,0.));
#4978=DIRECTION('',(0.,-1.,0.));
#4979=DIRECTION('',(-1.,0.,0.));
#4980=DIRECTION('',(0.,-1.,0.));
#4981=DIRECTION('center_axis',(-1.,0.,0.));
#4982=DIRECTION('ref_axis',(0.,0.,-1.));
#4983=DIRECTION('',(0.,-1.,0.));
#4984=DIRECTION('',(0.,0.,1.));
#4985=DIRECTION('center_axis',(0.,0.,-1.));
#4986=DIRECTION('ref_axis',(-1.,0.,0.));
#4987=DIRECTION('center_axis',(0.,0.,1.));
#4988=DIRECTION('ref_axis',(-1.,0.,0.));
#4989=DIRECTION('',(0.,0.,-1.));
#4990=DIRECTION('center_axis',(0.,0.,-1.));
#4991=DIRECTION('ref_axis',(-1.,0.,0.));
#4992=DIRECTION('',(0.,0.,-1.));
#4993=DIRECTION('center_axis',(0.,-1.,0.));
#4994=DIRECTION('ref_axis',(-1.,0.,0.));
#4995=DIRECTION('',(1.,0.,0.));
#4996=DIRECTION('',(-1.,0.,0.));
#4997=DIRECTION('',(0.,0.,1.));
#4998=DIRECTION('center_axis',(0.,1.,0.));
#4999=DIRECTION('ref_axis',(1.,0.,0.));
#5000=DIRECTION('',(-1.,0.,0.));
#5001=DIRECTION('',(0.,0.,-1.));
#5002=DIRECTION('',(1.,0.,0.));
#5003=DIRECTION('center_axis',(0.,0.,1.));
#5004=DIRECTION('ref_axis',(-1.,0.,0.));
#5005=DIRECTION('',(0.,-1.,0.));
#5006=DIRECTION('',(1.,0.,0.));
#5007=DIRECTION('',(0.,1.,0.));
#5008=DIRECTION('',(1.,0.,0.));
#5009=DIRECTION('',(0.,-1.,0.));
#5010=DIRECTION('center_axis',(1.,0.,0.));
#5011=DIRECTION('ref_axis',(0.,0.,1.));
#5012=DIRECTION('',(0.,-1.,0.));
#5013=DIRECTION('',(0.,0.,-1.));
#5014=DIRECTION('center_axis',(1.,0.,0.));
#5015=DIRECTION('ref_axis',(0.,0.,1.));
#5016=DIRECTION('',(0.,0.,-1.));
#5017=DIRECTION('',(0.,-1.,0.));
#5018=DIRECTION('center_axis',(0.,0.,-1.));
#5019=DIRECTION('ref_axis',(1.,0.,0.));
#5020=DIRECTION('',(-1.,0.,0.));
#5021=DIRECTION('',(0.,-1.,0.));
#5022=DIRECTION('',(-1.,0.,0.));
#5023=DIRECTION('center_axis',(1.,0.,0.));
#5024=DIRECTION('ref_axis',(0.,1.,0.));
#5025=DIRECTION('',(0.,0.,1.));
#5026=DIRECTION('',(0.,1.,0.));
#5027=DIRECTION('',(0.,0.,1.));
#5028=DIRECTION('center_axis',(1.,0.,0.));
#5029=DIRECTION('ref_axis',(0.,1.,0.));
#5030=DIRECTION('',(0.,0.,1.));
#5031=DIRECTION('',(0.,0.,1.));
#5032=DIRECTION('center_axis',(0.,0.,-1.));
#5033=DIRECTION('ref_axis',(1.,0.,0.));
#5034=DIRECTION('',(0.,-1.,0.));
#5035=DIRECTION('',(1.,0.,0.));
#5036=DIRECTION('',(0.,1.,0.));
#5037=DIRECTION('',(-1.,0.,0.));
#5038=DIRECTION('center_axis',(-1.,0.,0.));
#5039=DIRECTION('ref_axis',(0.,0.,-1.));
#5040=DIRECTION('',(0.,0.,-1.));
#5041=DIRECTION('center_axis',(-1.,0.,0.));
#5042=DIRECTION('ref_axis',(0.,-1.,0.));
#5043=DIRECTION('',(0.,0.,1.));
#5044=DIRECTION('',(0.,-1.,0.));
#5045=DIRECTION('',(0.,0.,1.));
#5046=DIRECTION('center_axis',(0.,-1.,0.));
#5047=DIRECTION('ref_axis',(1.,0.,0.));
#5048=DIRECTION('',(1.,0.,0.));
#5049=DIRECTION('',(0.,0.,1.));
#5050=DIRECTION('center_axis',(-1.,0.,0.));
#5051=DIRECTION('ref_axis',(0.,-1.,0.));
#5052=DIRECTION('',(0.,0.,1.));
#5053=DIRECTION('center_axis',(0.,1.,0.));
#5054=DIRECTION('ref_axis',(-1.,0.,0.));
#5055=DIRECTION('',(-1.,0.,0.));
#5056=DIRECTION('center_axis',(0.,0.,1.));
#5057=DIRECTION('ref_axis',(1.,0.,0.));
#5058=DIRECTION('axis',(0.,0.,1.));
#5059=DIRECTION('refdir',(1.,0.,0.));
#5060=DIRECTION('center_axis',(0.,0.,-1.));
#5061=DIRECTION('ref_axis',(-1.,0.,0.));
#5062=DIRECTION('center_axis',(0.,0.,-1.));
#5063=DIRECTION('ref_axis',(-1.,0.,0.));
#5064=DIRECTION('',(0.,0.,-1.));
#5065=DIRECTION('center_axis',(0.,0.,1.));
#5066=DIRECTION('ref_axis',(-1.,0.,0.));
#5067=DIRECTION('center_axis',(0.,0.,-1.));
#5068=DIRECTION('ref_axis',(-1.,0.,0.));
#5069=DIRECTION('center_axis',(0.,0.,-1.));
#5070=DIRECTION('ref_axis',(-1.,0.,0.));
#5071=DIRECTION('',(0.,0.,-1.));
#5072=DIRECTION('center_axis',(0.,0.,1.));
#5073=DIRECTION('ref_axis',(-1.,0.,0.));
#5074=DIRECTION('center_axis',(0.,0.,-1.));
#5075=DIRECTION('ref_axis',(-1.,0.,0.));
#5076=DIRECTION('center_axis',(0.,0.,-1.));
#5077=DIRECTION('ref_axis',(-1.,0.,0.));
#5078=DIRECTION('',(0.,0.,-1.));
#5079=DIRECTION('center_axis',(0.,0.,1.));
#5080=DIRECTION('ref_axis',(-1.,0.,0.));
#5081=DIRECTION('center_axis',(0.,0.,1.));
#5082=DIRECTION('ref_axis',(1.,0.,0.));
#5083=DIRECTION('center_axis',(0.,0.,-1.));
#5084=DIRECTION('ref_axis',(1.,0.,0.));
#5085=DIRECTION('',(0.,0.,-1.));
#5086=DIRECTION('center_axis',(0.,0.,-1.));
#5087=DIRECTION('ref_axis',(1.,0.,0.));
#5088=DIRECTION('center_axis',(0.,0.,1.));
#5089=DIRECTION('ref_axis',(1.,0.,0.));
#5090=DIRECTION('center_axis',(0.,0.,1.));
#5091=DIRECTION('ref_axis',(1.,0.,0.));
#5092=DIRECTION('',(0.,0.,1.));
#5093=DIRECTION('center_axis',(0.,0.,1.));
#5094=DIRECTION('ref_axis',(1.,0.,0.));
#5095=DIRECTION('',(0.,0.,1.));
#5096=DIRECTION('center_axis',(0.,-1.,0.));
#5097=DIRECTION('ref_axis',(1.,0.,0.));
#5098=DIRECTION('',(-1.,0.,0.));
#5099=DIRECTION('',(1.,0.,0.));
#5100=DIRECTION('',(0.,0.,1.));
#5101=DIRECTION('center_axis',(0.,0.,1.));
#5102=DIRECTION('ref_axis',(1.,0.,0.));
#5103=DIRECTION('center_axis',(0.,0.,1.));
#5104=DIRECTION('ref_axis',(1.,0.,0.));
#5105=DIRECTION('center_axis',(0.,0.,1.));
#5106=DIRECTION('ref_axis',(1.,0.,0.));
#5107=DIRECTION('',(0.,0.,1.));
#5108=DIRECTION('center_axis',(0.,0.,1.));
#5109=DIRECTION('ref_axis',(-0.284707228370956,-0.958614517996326,0.));
#5110=DIRECTION('center_axis',(0.,0.,1.));
#5111=DIRECTION('ref_axis',(-0.284707228370956,-0.958614517996326,0.));
#5112=DIRECTION('center_axis',(0.,0.,1.));
#5113=DIRECTION('ref_axis',(-0.284707228370956,-0.958614517996326,0.));
#5114=DIRECTION('',(0.,0.,1.));
#5115=DIRECTION('center_axis',(-0.965925826289069,-0.25881904510252,0.));
#5116=DIRECTION('ref_axis',(0.25881904510252,-0.965925826289068,0.));
#5117=DIRECTION('',(0.25881904510252,-0.965925826289068,0.));
#5118=DIRECTION('',(0.25881904510252,-0.965925826289068,0.));
#5119=DIRECTION('',(0.,0.,1.));
#5120=DIRECTION('center_axis',(0.,0.,1.));
#5121=DIRECTION('ref_axis',(-0.25881904510252,0.965925826289069,0.));
#5122=DIRECTION('center_axis',(0.,0.,1.));
#5123=DIRECTION('ref_axis',(-0.25881904510252,0.965925826289069,0.));
#5124=DIRECTION('center_axis',(0.,0.,1.));
#5125=DIRECTION('ref_axis',(-0.25881904510252,0.965925826289069,0.));
#5126=DIRECTION('',(0.,0.,1.));
#5127=DIRECTION('center_axis',(0.,0.,1.));
#5128=DIRECTION('ref_axis',(1.,0.,0.));
#5129=DIRECTION('center_axis',(0.,0.,1.));
#5130=DIRECTION('ref_axis',(1.,0.,0.));
#5131=DIRECTION('center_axis',(0.,0.,1.));
#5132=DIRECTION('ref_axis',(1.,0.,0.));
#5133=DIRECTION('',(0.,0.,1.));
#5134=DIRECTION('center_axis',(0.,0.,1.));
#5135=DIRECTION('ref_axis',(-0.523113758983908,-0.852262867407542,0.));
#5136=DIRECTION('center_axis',(0.,0.,1.));
#5137=DIRECTION('ref_axis',(-0.523113758983908,-0.852262867407542,0.));
#5138=DIRECTION('center_axis',(0.,0.,1.));
#5139=DIRECTION('ref_axis',(-0.523113758983908,-0.852262867407542,0.));
#5140=DIRECTION('',(0.,0.,1.));
#5141=DIRECTION('center_axis',(-1.,0.,0.));
#5142=DIRECTION('ref_axis',(0.,-1.,0.));
#5143=DIRECTION('',(0.,-1.,0.));
#5144=DIRECTION('',(0.,-1.,0.));
#5145=DIRECTION('',(0.,0.,1.));
#5146=DIRECTION('center_axis',(0.,0.,1.));
#5147=DIRECTION('ref_axis',(8.98746116143817E-16,1.,0.));
#5148=DIRECTION('center_axis',(0.,0.,1.));
#5149=DIRECTION('ref_axis',(8.98746116143817E-16,1.,0.));
#5150=DIRECTION('center_axis',(0.,0.,1.));
#5151=DIRECTION('ref_axis',(8.98746116143817E-16,1.,0.));
#5152=DIRECTION('',(0.,0.,1.));
#5153=DIRECTION('center_axis',(0.,0.,1.));
#5154=DIRECTION('ref_axis',(1.,0.,0.));
#5155=DIRECTION('center_axis',(0.,0.,1.));
#5156=DIRECTION('ref_axis',(1.,0.,0.));
#5157=DIRECTION('center_axis',(0.,0.,1.));
#5158=DIRECTION('ref_axis',(1.,0.,0.));
#5159=DIRECTION('',(0.,0.,1.));
#5160=DIRECTION('center_axis',(0.,0.,1.));
#5161=DIRECTION('ref_axis',(-0.725870951408469,-0.687830910835915,0.));
#5162=DIRECTION('center_axis',(0.,0.,1.));
#5163=DIRECTION('ref_axis',(-0.725870951408469,-0.687830910835915,0.));
#5164=DIRECTION('center_axis',(0.,0.,1.));
#5165=DIRECTION('ref_axis',(-0.725870951408469,-0.687830910835915,0.));
#5166=DIRECTION('',(0.,0.,1.));
#5167=DIRECTION('center_axis',(-0.965925826289069,0.25881904510252,0.));
#5168=DIRECTION('ref_axis',(-0.25881904510252,-0.965925826289068,0.));
#5169=DIRECTION('',(-0.25881904510252,-0.965925826289068,0.));
#5170=DIRECTION('',(-0.25881904510252,-0.965925826289068,0.));
#5171=DIRECTION('',(0.,0.,1.));
#5172=DIRECTION('center_axis',(0.,0.,1.));
#5173=DIRECTION('ref_axis',(0.258819045102522,0.965925826289068,0.));
#5174=DIRECTION('center_axis',(0.,0.,1.));
#5175=DIRECTION('ref_axis',(0.258819045102522,0.965925826289068,0.));
#5176=DIRECTION('center_axis',(0.,0.,1.));
#5177=DIRECTION('ref_axis',(0.258819045102522,0.965925826289068,0.));
#5178=DIRECTION('',(0.,0.,1.));
#5179=DIRECTION('center_axis',(0.,0.,1.));
#5180=DIRECTION('ref_axis',(1.,0.,0.));
#5181=DIRECTION('center_axis',(0.,0.,1.));
#5182=DIRECTION('ref_axis',(1.,0.,0.));
#5183=DIRECTION('center_axis',(0.,0.,1.));
#5184=DIRECTION('ref_axis',(1.,0.,0.));
#5185=DIRECTION('',(0.,0.,1.));
#5186=DIRECTION('center_axis',(0.,0.,1.));
#5187=DIRECTION('ref_axis',(-0.879161238053006,-0.476524414385146,0.));
#5188=DIRECTION('center_axis',(0.,0.,1.));
#5189=DIRECTION('ref_axis',(-0.879161238053006,-0.476524414385146,0.));
#5190=DIRECTION('center_axis',(0.,0.,1.));
#5191=DIRECTION('ref_axis',(-0.879161238053006,-0.476524414385146,0.));
#5192=DIRECTION('',(0.,0.,1.));
#5193=DIRECTION('center_axis',(-0.866025403784438,0.500000000000001,0.));
#5194=DIRECTION('ref_axis',(-0.500000000000001,-0.866025403784438,0.));
#5195=DIRECTION('',(-0.500000000000001,-0.866025403784438,0.));
#5196=DIRECTION('',(-0.500000000000001,-0.866025403784438,0.));
#5197=DIRECTION('',(0.,0.,1.));
#5198=DIRECTION('center_axis',(0.,0.,1.));
#5199=DIRECTION('ref_axis',(0.500000000000001,0.866025403784438,0.));
#5200=DIRECTION('center_axis',(0.,0.,1.));
#5201=DIRECTION('ref_axis',(0.500000000000001,0.866025403784438,0.));
#5202=DIRECTION('center_axis',(0.,0.,1.));
#5203=DIRECTION('ref_axis',(0.500000000000001,0.866025403784438,0.));
#5204=DIRECTION('',(0.,0.,1.));
#5205=DIRECTION('center_axis',(0.,0.,1.));
#5206=DIRECTION('ref_axis',(1.,0.,0.));
#5207=DIRECTION('center_axis',(0.,0.,1.));
#5208=DIRECTION('ref_axis',(1.,0.,0.));
#5209=DIRECTION('center_axis',(0.,0.,1.));
#5210=DIRECTION('ref_axis',(1.,0.,0.));
#5211=DIRECTION('',(0.,0.,1.));
#5212=DIRECTION('center_axis',(0.,0.,1.));
#5213=DIRECTION('ref_axis',(-0.972538139206871,-0.232743566587858,0.));
#5214=DIRECTION('center_axis',(0.,0.,1.));
#5215=DIRECTION('ref_axis',(-0.972538139206871,-0.232743566587858,0.));
#5216=DIRECTION('center_axis',(0.,0.,1.));
#5217=DIRECTION('ref_axis',(-0.972538139206871,-0.232743566587858,0.));
#5218=DIRECTION('',(0.,0.,1.));
#5219=DIRECTION('center_axis',(-0.707106781186548,0.707106781186548,0.));
#5220=DIRECTION('ref_axis',(-0.707106781186548,-0.707106781186548,0.));
#5221=DIRECTION('',(-0.707106781186548,-0.707106781186548,0.));
#5222=DIRECTION('',(-0.707106781186548,-0.707106781186548,0.));
#5223=DIRECTION('',(0.,0.,1.));
#5224=DIRECTION('center_axis',(0.,0.,1.));
#5225=DIRECTION('ref_axis',(0.707106781186548,0.707106781186547,0.));
#5226=DIRECTION('center_axis',(0.,0.,1.));
#5227=DIRECTION('ref_axis',(0.707106781186548,0.707106781186547,0.));
#5228=DIRECTION('center_axis',(0.,0.,1.));
#5229=DIRECTION('ref_axis',(0.707106781186548,0.707106781186547,0.));
#5230=DIRECTION('',(0.,0.,1.));
#5231=DIRECTION('center_axis',(0.,0.,1.));
#5232=DIRECTION('ref_axis',(1.,0.,0.));
#5233=DIRECTION('center_axis',(0.,0.,1.));
#5234=DIRECTION('ref_axis',(1.,0.,0.));
#5235=DIRECTION('center_axis',(0.,0.,1.));
#5236=DIRECTION('ref_axis',(1.,0.,0.));
#5237=DIRECTION('',(0.,0.,1.));
#5238=DIRECTION('center_axis',(0.,0.,1.));
#5239=DIRECTION('ref_axis',(-0.999638173369054,0.0268983706454632,0.));
#5240=DIRECTION('center_axis',(0.,0.,1.));
#5241=DIRECTION('ref_axis',(-0.999638173369054,0.0268983706454632,0.));
#5242=DIRECTION('center_axis',(0.,0.,1.));
#5243=DIRECTION('ref_axis',(-0.999638173369054,0.0268983706454632,0.));
#5244=DIRECTION('',(0.,0.,1.));
#5245=DIRECTION('center_axis',(-0.500000000000001,0.866025403784438,0.));
#5246=DIRECTION('ref_axis',(-0.866025403784438,-0.500000000000001,0.));
#5247=DIRECTION('',(-0.866025403784438,-0.500000000000001,0.));
#5248=DIRECTION('',(-0.866025403784438,-0.500000000000001,0.));
#5249=DIRECTION('',(0.,0.,1.));
#5250=DIRECTION('center_axis',(0.,0.,1.));
#5251=DIRECTION('ref_axis',(0.866025403784439,0.499999999999999,0.));
#5252=DIRECTION('center_axis',(0.,0.,1.));
#5253=DIRECTION('ref_axis',(0.866025403784439,0.499999999999999,0.));
#5254=DIRECTION('center_axis',(0.,0.,1.));
#5255=DIRECTION('ref_axis',(0.866025403784439,0.499999999999999,0.));
#5256=DIRECTION('',(0.,0.,1.));
#5257=DIRECTION('center_axis',(0.,0.,1.));
#5258=DIRECTION('ref_axis',(1.,0.,0.));
#5259=DIRECTION('center_axis',(0.,0.,1.));
#5260=DIRECTION('ref_axis',(1.,0.,0.));
#5261=DIRECTION('center_axis',(0.,0.,1.));
#5262=DIRECTION('ref_axis',(1.,0.,0.));
#5263=DIRECTION('',(0.,0.,1.));
#5264=DIRECTION('center_axis',(0.,0.,1.));
#5265=DIRECTION('ref_axis',(-0.958614517996326,0.284707228370956,0.));
#5266=DIRECTION('center_axis',(0.,0.,1.));
#5267=DIRECTION('ref_axis',(-0.958614517996326,0.284707228370956,0.));
#5268=DIRECTION('center_axis',(0.,0.,1.));
#5269=DIRECTION('ref_axis',(-0.958614517996326,0.284707228370956,0.));
#5270=DIRECTION('',(0.,0.,1.));
#5271=DIRECTION('center_axis',(-0.25881904510252,0.965925826289069,0.));
#5272=DIRECTION('ref_axis',(-0.965925826289068,-0.25881904510252,0.));
#5273=DIRECTION('',(-0.965925826289068,-0.25881904510252,0.));
#5274=DIRECTION('',(-0.965925826289068,-0.25881904510252,0.));
#5275=DIRECTION('',(0.,0.,1.));
#5276=DIRECTION('center_axis',(0.,0.,1.));
#5277=DIRECTION('ref_axis',(0.965925826289069,0.25881904510252,0.));
#5278=DIRECTION('center_axis',(0.,0.,1.));
#5279=DIRECTION('ref_axis',(0.965925826289069,0.25881904510252,0.));
#5280=DIRECTION('center_axis',(0.,0.,1.));
#5281=DIRECTION('ref_axis',(0.965925826289069,0.25881904510252,0.));
#5282=DIRECTION('',(0.,0.,1.));
#5283=DIRECTION('center_axis',(0.,0.,1.));
#5284=DIRECTION('ref_axis',(1.,0.,0.));
#5285=DIRECTION('center_axis',(0.,0.,1.));
#5286=DIRECTION('ref_axis',(1.,0.,0.));
#5287=DIRECTION('center_axis',(0.,0.,1.));
#5288=DIRECTION('ref_axis',(1.,0.,0.));
#5289=DIRECTION('',(0.,0.,1.));
#5290=DIRECTION('center_axis',(0.,0.,1.));
#5291=DIRECTION('ref_axis',(-0.852262867407542,0.523113758983908,0.));
#5292=DIRECTION('center_axis',(0.,0.,1.));
#5293=DIRECTION('ref_axis',(-0.852262867407542,0.523113758983908,0.));
#5294=DIRECTION('center_axis',(0.,0.,1.));
#5295=DIRECTION('ref_axis',(-0.852262867407542,0.523113758983908,0.));
#5296=DIRECTION('',(0.,0.,1.));
#5297=DIRECTION('center_axis',(0.,1.,0.));
#5298=DIRECTION('ref_axis',(-1.,0.,0.));
#5299=DIRECTION('',(-1.,0.,0.));
#5300=DIRECTION('',(-1.,0.,0.));
#5301=DIRECTION('',(0.,0.,1.));
#5302=DIRECTION('center_axis',(0.,0.,1.));
#5303=DIRECTION('ref_axis',(1.,-8.98746116143817E-16,0.));
#5304=DIRECTION('center_axis',(0.,0.,1.));
#5305=DIRECTION('ref_axis',(1.,-8.98746116143817E-16,0.));
#5306=DIRECTION('center_axis',(0.,0.,1.));
#5307=DIRECTION('ref_axis',(1.,-8.98746116143817E-16,0.));
#5308=DIRECTION('',(0.,0.,1.));
#5309=DIRECTION('center_axis',(0.,0.,1.));
#5310=DIRECTION('ref_axis',(1.,0.,0.));
#5311=DIRECTION('center_axis',(0.,0.,1.));
#5312=DIRECTION('ref_axis',(1.,0.,0.));
#5313=DIRECTION('center_axis',(0.,0.,1.));
#5314=DIRECTION('ref_axis',(1.,0.,0.));
#5315=DIRECTION('',(0.,0.,1.));
#5316=DIRECTION('center_axis',(0.,0.,1.));
#5317=DIRECTION('ref_axis',(-0.687830910835915,0.725870951408469,0.));
#5318=DIRECTION('center_axis',(0.,0.,1.));
#5319=DIRECTION('ref_axis',(-0.687830910835915,0.725870951408469,0.));
#5320=DIRECTION('center_axis',(0.,0.,1.));
#5321=DIRECTION('ref_axis',(-0.687830910835915,0.725870951408469,0.));
#5322=DIRECTION('',(0.,0.,1.));
#5323=DIRECTION('center_axis',(0.25881904510252,0.965925826289069,0.));
#5324=DIRECTION('ref_axis',(-0.965925826289068,0.25881904510252,0.));
#5325=DIRECTION('',(-0.965925826289068,0.25881904510252,0.));
#5326=DIRECTION('',(-0.965925826289068,0.25881904510252,0.));
#5327=DIRECTION('',(0.,0.,1.));
#5328=DIRECTION('center_axis',(0.,0.,1.));
#5329=DIRECTION('ref_axis',(0.965925826289068,-0.258819045102522,0.));
#5330=DIRECTION('center_axis',(0.,0.,1.));
#5331=DIRECTION('ref_axis',(0.965925826289068,-0.258819045102522,0.));
#5332=DIRECTION('center_axis',(0.,0.,1.));
#5333=DIRECTION('ref_axis',(0.965925826289068,-0.258819045102522,0.));
#5334=DIRECTION('',(0.,0.,1.));
#5335=DIRECTION('center_axis',(0.,0.,1.));
#5336=DIRECTION('ref_axis',(1.,0.,0.));
#5337=DIRECTION('center_axis',(0.,0.,1.));
#5338=DIRECTION('ref_axis',(1.,0.,0.));
#5339=DIRECTION('center_axis',(0.,0.,1.));
#5340=DIRECTION('ref_axis',(1.,0.,0.));
#5341=DIRECTION('',(0.,0.,1.));
#5342=DIRECTION('center_axis',(0.,0.,1.));
#5343=DIRECTION('ref_axis',(-0.476524414385146,0.879161238053006,0.));
#5344=DIRECTION('center_axis',(0.,0.,1.));
#5345=DIRECTION('ref_axis',(-0.476524414385146,0.879161238053006,0.));
#5346=DIRECTION('center_axis',(0.,0.,1.));
#5347=DIRECTION('ref_axis',(-0.476524414385146,0.879161238053006,0.));
#5348=DIRECTION('',(0.,0.,1.));
#5349=DIRECTION('center_axis',(0.500000000000001,0.866025403784438,0.));
#5350=DIRECTION('ref_axis',(-0.866025403784438,0.500000000000001,0.));
#5351=DIRECTION('',(-0.866025403784438,0.500000000000001,0.));
#5352=DIRECTION('',(-0.866025403784438,0.500000000000001,0.));
#5353=DIRECTION('',(0.,0.,1.));
#5354=DIRECTION('center_axis',(0.,0.,1.));
#5355=DIRECTION('ref_axis',(0.866025403784438,-0.500000000000002,0.));
#5356=DIRECTION('center_axis',(0.,0.,1.));
#5357=DIRECTION('ref_axis',(0.866025403784438,-0.500000000000002,0.));
#5358=DIRECTION('center_axis',(0.,0.,1.));
#5359=DIRECTION('ref_axis',(0.866025403784438,-0.500000000000002,0.));
#5360=DIRECTION('',(0.,0.,1.));
#5361=DIRECTION('center_axis',(0.,0.,1.));
#5362=DIRECTION('ref_axis',(1.,0.,0.));
#5363=DIRECTION('center_axis',(0.,0.,1.));
#5364=DIRECTION('ref_axis',(1.,0.,0.));
#5365=DIRECTION('center_axis',(0.,0.,1.));
#5366=DIRECTION('ref_axis',(1.,0.,0.));
#5367=DIRECTION('',(0.,0.,1.));
#5368=DIRECTION('center_axis',(0.,0.,1.));
#5369=DIRECTION('ref_axis',(-0.232743566587857,0.972538139206871,0.));
#5370=DIRECTION('center_axis',(0.,0.,1.));
#5371=DIRECTION('ref_axis',(-0.232743566587857,0.972538139206871,0.));
#5372=DIRECTION('center_axis',(0.,0.,1.));
#5373=DIRECTION('ref_axis',(-0.232743566587857,0.972538139206871,0.));
#5374=DIRECTION('',(0.,0.,1.));
#5375=DIRECTION('center_axis',(0.707106781186551,0.707106781186544,0.));
#5376=DIRECTION('ref_axis',(-0.707106781186544,0.707106781186551,0.));
#5377=DIRECTION('',(-0.707106781186544,0.707106781186551,0.));
#5378=DIRECTION('',(-0.707106781186544,0.707106781186551,0.));
#5379=DIRECTION('',(0.,0.,1.));
#5380=DIRECTION('center_axis',(0.,0.,1.));
#5381=DIRECTION('ref_axis',(0.707106781186547,-0.707106781186548,0.));
#5382=DIRECTION('center_axis',(0.,0.,1.));
#5383=DIRECTION('ref_axis',(0.707106781186547,-0.707106781186548,0.));
#5384=DIRECTION('center_axis',(0.,0.,1.));
#5385=DIRECTION('ref_axis',(0.707106781186547,-0.707106781186548,0.));
#5386=DIRECTION('',(0.,0.,1.));
#5387=DIRECTION('center_axis',(0.,0.,1.));
#5388=DIRECTION('ref_axis',(1.,0.,0.));
#5389=DIRECTION('center_axis',(0.,0.,1.));
#5390=DIRECTION('ref_axis',(1.,0.,0.));
#5391=DIRECTION('center_axis',(0.,0.,1.));
#5392=DIRECTION('ref_axis',(1.,0.,0.));
#5393=DIRECTION('',(0.,0.,1.));
#5394=DIRECTION('center_axis',(0.,0.,1.));
#5395=DIRECTION('ref_axis',(0.0268983706454637,0.999638173369054,0.));
#5396=DIRECTION('center_axis',(0.,0.,1.));
#5397=DIRECTION('ref_axis',(0.0268983706454637,0.999638173369054,0.));
#5398=DIRECTION('center_axis',(0.,0.,1.));
#5399=DIRECTION('ref_axis',(0.0268983706454637,0.999638173369054,0.));
#5400=DIRECTION('',(0.,0.,1.));
#5401=DIRECTION('center_axis',(0.866025403784438,0.500000000000001,0.));
#5402=DIRECTION('ref_axis',(-0.500000000000001,0.866025403784438,0.));
#5403=DIRECTION('',(-0.500000000000001,0.866025403784438,0.));
#5404=DIRECTION('',(-0.500000000000001,0.866025403784438,0.));
#5405=DIRECTION('',(0.,0.,1.));
#5406=DIRECTION('center_axis',(0.,0.,1.));
#5407=DIRECTION('ref_axis',(0.499999999999998,-0.86602540378444,0.));
#5408=DIRECTION('center_axis',(0.,0.,1.));
#5409=DIRECTION('ref_axis',(0.499999999999998,-0.86602540378444,0.));
#5410=DIRECTION('center_axis',(0.,0.,1.));
#5411=DIRECTION('ref_axis',(0.499999999999998,-0.86602540378444,0.));
#5412=DIRECTION('',(0.,0.,1.));
#5413=DIRECTION('center_axis',(0.,0.,1.));
#5414=DIRECTION('ref_axis',(1.,0.,0.));
#5415=DIRECTION('center_axis',(0.,0.,1.));
#5416=DIRECTION('ref_axis',(1.,0.,0.));
#5417=DIRECTION('center_axis',(0.,0.,1.));
#5418=DIRECTION('ref_axis',(1.,0.,0.));
#5419=DIRECTION('',(0.,0.,1.));
#5420=DIRECTION('center_axis',(0.,1.,0.));
#5421=DIRECTION('ref_axis',(-1.,0.,0.));
#5422=DIRECTION('',(-1.,0.,0.));
#5423=DIRECTION('',(-1.,0.,0.));
#5424=DIRECTION('center_axis',(0.,0.,1.));
#5425=DIRECTION('ref_axis',(1.,0.,0.));
#5426=DIRECTION('center_axis',(0.,0.,1.));
#5427=DIRECTION('ref_axis',(1.,0.,0.));
#5428=DIRECTION('axis',(0.,0.,1.));
#5429=DIRECTION('refdir',(1.,0.,0.));
#5430=DIRECTION('center_axis',(0.,0.,1.));
#5431=DIRECTION('ref_axis',(-0.327326835353988,-0.944911182523068,0.));
#5432=DIRECTION('center_axis',(0.,0.,-1.));
#5433=DIRECTION('ref_axis',(-0.327326835353988,-0.944911182523068,0.));
#5434=DIRECTION('',(0.,0.,1.));
#5435=DIRECTION('center_axis',(0.,0.,1.));
#5436=DIRECTION('ref_axis',(-0.327326835353988,-0.944911182523068,0.));
#5437=DIRECTION('',(0.,0.,-1.));
#5438=DIRECTION('center_axis',(0.,0.,1.));
#5439=DIRECTION('ref_axis',(-1.,1.45473230946492E-15,0.));
#5440=DIRECTION('center_axis',(0.,0.,1.));
#5441=DIRECTION('ref_axis',(1.,0.,0.));
#5442=DIRECTION('',(0.,0.,-1.));
#5443=DIRECTION('center_axis',(0.,0.,1.));
#5444=DIRECTION('ref_axis',(1.,0.,0.));
#5445=DIRECTION('center_axis',(0.,0.,1.));
#5446=DIRECTION('ref_axis',(0.327326835353989,-0.944911182523068,0.));
#5447=DIRECTION('center_axis',(0.,0.,-1.));
#5448=DIRECTION('ref_axis',(0.327326835353989,-0.944911182523068,0.));
#5449=DIRECTION('',(0.,0.,1.));
#5450=DIRECTION('center_axis',(0.,0.,1.));
#5451=DIRECTION('ref_axis',(0.327326835353989,-0.944911182523068,0.));
#5452=DIRECTION('',(0.,0.,-1.));
#5453=DIRECTION('center_axis',(0.,1.,0.));
#5454=DIRECTION('ref_axis',(-1.,0.,0.));
#5455=DIRECTION('',(-1.,0.,0.));
#5456=DIRECTION('',(1.,0.,0.));
#5457=DIRECTION('center_axis',(0.,0.,1.));
#5458=DIRECTION('ref_axis',(0.327326835353989,0.944911182523068,0.));
#5459=DIRECTION('center_axis',(0.,0.,-1.));
#5460=DIRECTION('ref_axis',(0.327326835353989,0.944911182523068,0.));
#5461=DIRECTION('',(0.,0.,1.));
#5462=DIRECTION('center_axis',(0.,0.,1.));
#5463=DIRECTION('ref_axis',(0.327326835353989,0.944911182523068,0.));
#5464=DIRECTION('',(0.,0.,-1.));
#5465=DIRECTION('center_axis',(0.,0.,1.));
#5466=DIRECTION('ref_axis',(1.,0.,0.));
#5467=DIRECTION('center_axis',(0.,0.,1.));
#5468=DIRECTION('ref_axis',(1.,0.,0.));
#5469=DIRECTION('center_axis',(0.,0.,1.));
#5470=DIRECTION('ref_axis',(1.,0.,0.));
#5471=DIRECTION('center_axis',(0.,0.,1.));
#5472=DIRECTION('ref_axis',(-0.327326835353987,0.944911182523069,0.));
#5473=DIRECTION('center_axis',(0.,0.,-1.));
#5474=DIRECTION('ref_axis',(-0.327326835353987,0.944911182523069,0.));
#5475=DIRECTION('',(0.,0.,1.));
#5476=DIRECTION('center_axis',(0.,0.,1.));
#5477=DIRECTION('ref_axis',(-0.327326835353987,0.944911182523069,0.));
#5478=DIRECTION('center_axis',(5.60605400351677E-16,-1.,0.));
#5479=DIRECTION('ref_axis',(1.,5.60605400351677E-16,0.));
#5480=DIRECTION('',(1.,5.60605400351677E-16,0.));
#5481=DIRECTION('',(-1.,-5.60605400351677E-16,0.));
#5482=DIRECTION('center_axis',(0.,0.,1.));
#5483=DIRECTION('ref_axis',(1.,0.,0.));
#5484=DIRECTION('center_axis',(0.,0.,-1.));
#5485=DIRECTION('ref_axis',(1.,0.,0.));
#5486=DIRECTION('',(0.,0.,-1.));
#5487=DIRECTION('center_axis',(0.,0.,-1.));
#5488=DIRECTION('ref_axis',(1.,0.,0.));
#5489=DIRECTION('center_axis',(0.,0.,1.));
#5490=DIRECTION('ref_axis',(1.,0.,0.));
#5491=DIRECTION('center_axis',(0.,0.,-1.));
#5492=DIRECTION('ref_axis',(1.,0.,0.));
#5493=DIRECTION('',(0.,0.,-1.));
#5494=DIRECTION('center_axis',(0.,0.,-1.));
#5495=DIRECTION('ref_axis',(1.,0.,0.));
#5496=DIRECTION('center_axis',(0.,0.,1.));
#5497=DIRECTION('ref_axis',(1.,0.,0.));
#5498=DIRECTION('center_axis',(0.,0.,1.));
#5499=DIRECTION('ref_axis',(1.,0.,0.));
#5500=DIRECTION('axis',(0.,0.,1.));
#5501=DIRECTION('refdir',(1.,0.,0.));
#5502=DIRECTION('',(0.,0.,1.));
#5503=DIRECTION('',(0.,0.,-1.));
#5504=DIRECTION('center_axis',(-3.27825540775171E-8,0.999999999999999,0.));
#5505=DIRECTION('ref_axis',(0.999999999999999,3.27825540775171E-8,0.));
#5506=DIRECTION('',(-0.999999999999999,-3.27825540775171E-8,0.));
#5507=DIRECTION('',(0.,0.,-1.));
#5508=DIRECTION('',(0.999999999999999,3.27825540775171E-8,0.));
#5509=DIRECTION('',(0.,0.,1.));
#5510=DIRECTION('',(0.,0.,-1.));
#5511=DIRECTION('center_axis',(-0.320303313863006,0.947315041117989,0.));
#5512=DIRECTION('ref_axis',(0.947315041117989,0.320303313863006,0.));
#5513=DIRECTION('',(-0.947315041117989,-0.320303313863006,0.));
#5514=DIRECTION('',(0.,0.,-1.));
#5515=DIRECTION('',(0.947315041117989,0.320303313863006,0.));
#5516=DIRECTION('center_axis',(-0.7905725384305,-0.612368403397461,0.));
#5517=DIRECTION('ref_axis',(-0.612368403397461,0.7905725384305,0.));
#5518=DIRECTION('',(0.612368403397461,-0.7905725384305,0.));
#5519=DIRECTION('',(0.612368403397461,-0.7905725384305,0.));
#5520=DIRECTION('center_axis',(0.,0.,1.));
#5521=DIRECTION('ref_axis',(1.,0.,0.));
#5522=DIRECTION('center_axis',(0.,0.,-1.));
#5523=DIRECTION('ref_axis',(1.,0.,0.));
#5524=DIRECTION('',(0.,0.,-1.));
#5525=DIRECTION('center_axis',(0.,0.,-1.));
#5526=DIRECTION('ref_axis',(1.,0.,0.));
#5527=DIRECTION('center_axis',(0.,0.,1.));
#5528=DIRECTION('ref_axis',(1.,0.,0.));
#5529=DIRECTION('center_axis',(0.,0.,-1.));
#5530=DIRECTION('ref_axis',(1.,0.,0.));
#5531=DIRECTION('',(0.,0.,-1.));
#5532=DIRECTION('center_axis',(0.,0.,-1.));
#5533=DIRECTION('ref_axis',(1.,0.,0.));
#5534=DIRECTION('center_axis',(0.,1.,0.));
#5535=DIRECTION('ref_axis',(-1.,0.,0.));
#5536=DIRECTION('',(1.,0.,0.));
#5537=DIRECTION('',(-1.,0.,0.));
#5538=DIRECTION('',(0.,0.,1.));
#5539=DIRECTION('center_axis',(0.,0.,1.));
#5540=DIRECTION('ref_axis',(1.,0.,0.));
#5541=DIRECTION('center_axis',(0.,0.,1.));
#5542=DIRECTION('ref_axis',(1.,0.,0.));
#5543=DIRECTION('center_axis',(0.,0.,1.));
#5544=DIRECTION('ref_axis',(1.,0.,0.));
#5545=DIRECTION('',(0.,0.,1.));
#5546=DIRECTION('center_axis',(0.,-1.,0.));
#5547=DIRECTION('ref_axis',(1.,0.,0.));
#5548=DIRECTION('',(-1.,0.,0.));
#5549=DIRECTION('',(1.,0.,0.));
#5550=DIRECTION('center_axis',(0.,0.,1.));
#5551=DIRECTION('ref_axis',(1.,0.,0.));
#5552=DIRECTION('center_axis',(0.,0.,1.));
#5553=DIRECTION('ref_axis',(1.,0.,0.));
#5554=DIRECTION('',(0.,0.,1.));
#5555=DIRECTION('',(1.,0.,0.));
#5556=DIRECTION('',(0.,0.,-1.));
#5557=DIRECTION('',(-1.,1.22464679914735E-16,0.));
#5558=DIRECTION('',(-6.12323399573676E-17,-2.75750290012602E-17,-1.));
#5559=DIRECTION('',(0.188358284298551,-0.982100380173079,1.55478279674659E-17));
#5560=DIRECTION('',(6.12323399573671E-17,1.25674155874638E-16,1.));
#5561=DIRECTION('',(-0.315648903872502,-0.948876055912514,1.38577118345552E-16));
#5562=DIRECTION('',(-6.12323399573679E-17,6.12323399573674E-17,-1.));
#5563=DIRECTION('',(-0.126934441301833,0.991911108724664,6.85095310790102E-17));
#5564=DIRECTION('',(-6.12323399573679E-17,6.12323399573674E-17,-1.));
#5565=DIRECTION('',(0.248579436265671,0.968611513386993,4.4089248926502E-17));
#5566=DIRECTION('',(8.26779460254232E-18,-1.29741871036378E-16,1.));
#5567=DIRECTION('',(0.356534164198493,0.934282285906825,1.18267780611313E-16));
#5568=DIRECTION('',(1.32991100647951E-17,1.0532158888387E-16,-1.));
#5569=DIRECTION('',(-0.318342695007578,0.947975700392849,9.56086324494448E-17));
#5570=CARTESIAN_POINT('',(0.,0.,0.));
#5571=CARTESIAN_POINT('',(0.,0.,0.));
#5572=CARTESIAN_POINT('Origin',(5.41401428673392,7.88971192635525,20.));
#5573=CARTESIAN_POINT('',(5.41401428673392,8.92746192635525,20.));
#5574=CARTESIAN_POINT('Origin',(5.41401428673392,7.88971192635525,20.));
#5575=CARTESIAN_POINT('',(12.4140142867339,8.92746192635525,20.));
#5576=CARTESIAN_POINT('',(5.41401428673392,8.92746192635525,20.));
#5577=CARTESIAN_POINT('Origin',(12.4140142867339,7.88971192635525,20.));
#5578=CARTESIAN_POINT('Origin',(6.41401428673392,36.8897119263552,20.));
#5579=CARTESIAN_POINT('',(12.4140142867339,37.9274619263552,20.));
#5580=CARTESIAN_POINT('Origin',(12.4140142867339,36.8897119263552,20.));
#5581=CARTESIAN_POINT('',(5.41401428673392,37.9274619263552,20.));
#5582=CARTESIAN_POINT('',(6.41401428673392,37.9274619263552,20.));
#5583=CARTESIAN_POINT('Origin',(5.41401428673392,36.8897119263552,20.));
#5584=CARTESIAN_POINT('Origin',(6.41401428673392,10.3897119263553,26.25));
#5585=CARTESIAN_POINT('',(6.41401428673392,10.3897119263553,13.75));
#5586=CARTESIAN_POINT('',(6.41401428673392,10.3897119263553,26.25));
#5587=CARTESIAN_POINT('',(6.41401428673392,10.3897119263553,23.125));
#5588=CARTESIAN_POINT('',(5.41401428673392,10.3897119263553,13.75));
#5589=CARTESIAN_POINT('',(6.41401428673392,10.3897119263553,13.75));
#5590=CARTESIAN_POINT('',(5.41401428673392,10.3897119263553,26.25));
#5591=CARTESIAN_POINT('',(5.41401428673392,10.3897119263553,26.25));
#5592=CARTESIAN_POINT('',(6.41401428673392,10.3897119263553,26.25));
#5593=CARTESIAN_POINT('Origin',(5.41401428673392,7.88971192635525,20.));
#5594=CARTESIAN_POINT('',(5.41401428673392,5.38971192635525,26.25));
#5595=CARTESIAN_POINT('',(5.41401428673392,39.3897119263553,26.25));
#5596=CARTESIAN_POINT('',(5.41401428673392,5.38971192635525,13.75));
#5597=CARTESIAN_POINT('',(5.41401428673392,5.38971192635525,13.75));
#5598=CARTESIAN_POINT('',(5.41401428673392,5.38971192635525,26.25));
#5599=CARTESIAN_POINT('Origin',(6.41401428673392,5.38971192635525,26.25));
#5600=CARTESIAN_POINT('',(12.4140142867339,5.38971192635525,13.75));
#5601=CARTESIAN_POINT('',(12.4140142867339,5.38971192635525,26.25));
#5602=CARTESIAN_POINT('',(12.4140142867339,5.38971192635525,23.125));
#5603=CARTESIAN_POINT('',(6.41401428673392,5.38971192635525,26.25));
#5604=CARTESIAN_POINT('',(6.41401428673392,5.38971192635525,13.75));
#5605=CARTESIAN_POINT('Origin',(6.41401428673392,9.39135673439192,26.25));
#5606=CARTESIAN_POINT('',(12.4140142867339,9.39135673439192,26.25));
#5607=CARTESIAN_POINT('',(12.4140142867339,8.39094553238276,26.25));
#5608=CARTESIAN_POINT('',(6.41401428673392,9.39135673439192,26.25));
#5609=CARTESIAN_POINT('',(6.41401428673392,9.39135673439193,26.25));
#5610=CARTESIAN_POINT('',(6.41401428673392,16.8897119263553,26.25));
#5611=CARTESIAN_POINT('Origin',(6.41401428673392,5.38971192635525,13.75));
#5612=CARTESIAN_POINT('',(12.4140142867339,9.39135673439192,13.75));
#5613=CARTESIAN_POINT('',(12.4140142867339,6.39012312836442,13.75));
#5614=CARTESIAN_POINT('',(6.41401428673392,9.39135673439192,13.75));
#5615=CARTESIAN_POINT('',(6.41401428673392,19.3897119263553,13.75));
#5616=CARTESIAN_POINT('',(6.41401428673392,9.39135673439192,13.75));
#5617=CARTESIAN_POINT('Origin',(6.41401428673392,28.3897119263553,20.));
#5618=CARTESIAN_POINT('',(6.41401428673392,17.3897119263553,3.29670691150993));
#5619=CARTESIAN_POINT('Origin',(6.41401428673392,28.3897119263553,20.));
#5620=CARTESIAN_POINT('',(6.36466219717328,17.6999836627047,3.09645866543611));
#5621=CARTESIAN_POINT('Ctrl Pts',(6.36466219717328,17.6999836627047,3.09645866543611));
#5622=CARTESIAN_POINT('Ctrl Pts',(6.39851982127701,17.5962465966562,3.16206154858219));
#5623=CARTESIAN_POINT('Ctrl Pts',(6.41401428673392,17.4895312278863,3.23097063357813));
#5624=CARTESIAN_POINT('Ctrl Pts',(6.41401428673392,17.3897119263553,3.29670691150993));
#5625=CARTESIAN_POINT('',(6.41401425654602,17.7367612724634,3.07325659301989));
#5626=CARTESIAN_POINT('Ctrl Pts',(6.41380336420387,17.7368395191883,3.07293636104616));
#5627=CARTESIAN_POINT('Ctrl Pts',(6.39745116241954,17.7245226885846,3.08069574344469));
#5628=CARTESIAN_POINT('Ctrl Pts',(6.38099746580382,17.7122706678316,3.08843304432713));
#5629=CARTESIAN_POINT('Ctrl Pts',(6.36444342832026,17.7000838375745,3.0961474700544));
#5630=CARTESIAN_POINT('',(7.93172573605483,21.631989906737,1.17625985343066));
#5631=CARTESIAN_POINT('Ctrl Pts',(7.93172573605483,21.631989906737,1.17625985343066));
#5632=CARTESIAN_POINT('Ctrl Pts',(8.03033701591145,21.2697574021218,1.30630130925182));
#5633=CARTESIAN_POINT('Ctrl Pts',(8.15495062454452,20.1657867640747,1.73711818458404));
#5634=CARTESIAN_POINT('Ctrl Pts',(7.59706589983446,18.7932198177332,2.42935037390667));
#5635=CARTESIAN_POINT('Ctrl Pts',(6.73133171528192,17.9760087126526,2.92226405826489));
#5636=CARTESIAN_POINT('Ctrl Pts',(6.41380336420387,17.7368395191883,3.07293636104616));
#5637=CARTESIAN_POINT('',(6.41401428673392,28.3897119263553,0.));
#5638=CARTESIAN_POINT('Ctrl Pts',(6.41401428673392,28.3897119263553,-2.22044604925031E-15));
#5639=CARTESIAN_POINT('Ctrl Pts',(6.41766386218934,28.3718697405744,-2.22153856803563E-15));
#5640=CARTESIAN_POINT('Ctrl Pts',(6.42130653181339,28.3540277731975,3.21267924308541E-5));
#5641=CARTESIAN_POINT('Ctrl Pts',(6.89127770503933,26.0626051419179,0.0046476735410297));
#5642=CARTESIAN_POINT('Ctrl Pts',(7.3531572470163,23.7572671892195,0.413285387261998));
#5643=CARTESIAN_POINT('Ctrl Pts',(7.93172573605483,21.631989906737,1.17625985343066));
#5644=CARTESIAN_POINT('',(7.93172573605483,35.1474339459735,1.17625985343066));
#5645=CARTESIAN_POINT('Ctrl Pts',(7.93172573605483,35.1474339459735,1.17625985343066));
#5646=CARTESIAN_POINT('Ctrl Pts',(7.35315724701629,33.0221566634911,0.413285387261996));
#5647=CARTESIAN_POINT('Ctrl Pts',(6.89121839022466,30.7168154963082,0.0047129509312369));
#5648=CARTESIAN_POINT('Ctrl Pts',(6.42130684699737,28.4253960967655,3.17803252909214E-5));
#5649=CARTESIAN_POINT('Ctrl Pts',(6.41766386219232,28.407554112155,-2.21984737873937E-15));
#5650=CARTESIAN_POINT('Ctrl Pts',(6.41401428673392,28.3897119263553,-2.22044604925031E-15));
#5651=CARTESIAN_POINT('',(6.41401426304832,39.0426625704429,3.07325658684953));
#5652=CARTESIAN_POINT('Ctrl Pts',(6.41396983413815,39.0427688521653,3.07299311499288));
#5653=CARTESIAN_POINT('Ctrl Pts',(7.06429840397025,38.551206487885,2.76503804815317));
#5654=CARTESIAN_POINT('Ctrl Pts',(7.79986519825068,37.6407938774454,2.23841933557435));
#5655=CARTESIAN_POINT('Ctrl Pts',(8.11116061793231,36.2469631931742,1.59585031493379));
#5656=CARTESIAN_POINT('Ctrl Pts',(8.03058622036764,35.5105818626435,1.30662994214581));
#5657=CARTESIAN_POINT('Ctrl Pts',(7.93172573605482,35.1474339459735,1.17625985343066));
#5658=CARTESIAN_POINT('',(6.36466219717125,39.0794401899996,3.09645866543217));
#5659=CARTESIAN_POINT('Ctrl Pts',(6.36463745007987,39.0796135312158,3.09612999880831));
#5660=CARTESIAN_POINT('Ctrl Pts',(6.36497519206745,39.0793642868338,3.09597311504711));
#5661=CARTESIAN_POINT('Ctrl Pts',(6.38152014157987,39.067151579262,3.08828634702584));
#5662=CARTESIAN_POINT('Ctrl Pts',(6.39796245307308,39.0548683145713,3.08057321270733));
#5663=CARTESIAN_POINT('Ctrl Pts',(6.41396983413816,39.0427688521653,3.07299311499287));
#5664=CARTESIAN_POINT('',(6.41401428673392,39.3897119263552,3.29670691150993));
#5665=CARTESIAN_POINT('Ctrl Pts',(6.41401428673392,39.3897119263552,3.29670691150993));
#5666=CARTESIAN_POINT('Ctrl Pts',(6.41401428673392,39.2898926248222,3.23097063357681));
#5667=CARTESIAN_POINT('Ctrl Pts',(6.39851982127637,39.18317725605,3.16206154857943));
#5668=CARTESIAN_POINT('Ctrl Pts',(6.36466219717125,39.0794401899996,3.09645866543217));
#5669=CARTESIAN_POINT('Origin',(6.41401428673392,28.3897119263553,20.));
#5670=CARTESIAN_POINT('Origin',(12.4140142867339,28.3897119263553,20.));
#5671=CARTESIAN_POINT('Origin',(6.41401428673392,34.3897119263553,13.75));
#5672=CARTESIAN_POINT('',(6.41401428673392,34.3897119263553,26.25));
#5673=CARTESIAN_POINT('',(6.41401428673392,34.3897119263553,20.));
#5674=CARTESIAN_POINT('',(6.41401428673392,34.3897119263552,16.875));
#5675=CARTESIAN_POINT('',(5.41401428673392,34.3897119263553,26.25));
#5676=CARTESIAN_POINT('',(6.41401428673392,34.3897119263553,26.25));
#5677=CARTESIAN_POINT('',(5.41401428673392,34.3897119263553,13.75));
#5678=CARTESIAN_POINT('',(5.41401428673392,34.3897119263553,26.25));
#5679=CARTESIAN_POINT('',(6.41401428673392,34.3897119263553,13.75));
#5680=CARTESIAN_POINT('',(6.41401428673392,34.3897119263553,13.75));
#5681=CARTESIAN_POINT('',(6.41401428673392,34.3897119263552,16.875));
#5682=CARTESIAN_POINT('Origin',(6.41401428673392,39.3897119263553,13.75));
#5683=CARTESIAN_POINT('',(6.41401428673392,39.3897119263553,13.75));
#5684=CARTESIAN_POINT('',(6.41401428673392,33.8897119263552,13.75));
#5685=CARTESIAN_POINT('',(5.41401428673392,39.3897119263553,13.75));
#5686=CARTESIAN_POINT('',(5.41401428673392,5.38971192635525,13.75));
#5687=CARTESIAN_POINT('',(6.41401428673392,39.3897119263553,13.75));
#5688=CARTESIAN_POINT('Origin',(6.41401428673392,39.3897119263553,26.25));
#5689=CARTESIAN_POINT('',(6.41401428673392,39.3897119263553,26.25));
#5690=CARTESIAN_POINT('',(6.41401428673392,39.3897119263552,23.125));
#5691=CARTESIAN_POINT('',(5.41401428673392,39.3897119263553,26.25));
#5692=CARTESIAN_POINT('',(5.41401428673392,39.3897119263553,13.75));
#5693=CARTESIAN_POINT('',(6.41401428673392,39.3897119263553,26.25));
#5694=CARTESIAN_POINT('Origin',(6.41401428673392,34.3897119263553,26.25));
#5695=CARTESIAN_POINT('',(6.41401428673392,31.3897119263553,26.25));
#5696=CARTESIAN_POINT('',(5.41401428673392,39.3897119263553,26.25));
#5697=CARTESIAN_POINT('Origin',(5.41401428673392,36.8897119263553,20.));
#5698=CARTESIAN_POINT('Origin',(6.41401428673392,28.3897119263553,20.));
#5699=CARTESIAN_POINT('',(6.41401428673392,39.3897119263552,4.3));
#5700=CARTESIAN_POINT('',(6.41401428673392,39.3897119263552,10.));
#5701=CARTESIAN_POINT('',(6.41401428673392,37.6897119263553,6.));
#5702=CARTESIAN_POINT('Origin',(6.41401428673392,37.6897119263553,4.3));
#5703=CARTESIAN_POINT('',(6.41401428673392,19.0897119263553,6.));
#5704=CARTESIAN_POINT('',(6.41401428673392,27.1380175724069,6.));
#5705=CARTESIAN_POINT('',(6.41401428673392,17.3897119263553,4.3));
#5706=CARTESIAN_POINT('Origin',(6.41401428673392,19.0897119263553,4.3));
#5707=CARTESIAN_POINT('',(6.41401428673392,17.3897119263553,10.));
#5708=CARTESIAN_POINT('',(6.41401428673392,22.9522119263553,22.5364529859629));
#5709=CARTESIAN_POINT('',(6.41401428673392,22.9522119263553,17.4635470140371));
#5710=CARTESIAN_POINT('Origin',(6.41401428673392,21.8897119263553,20.));
#5711=CARTESIAN_POINT('Origin',(6.41401428673392,28.3897119263553,20.));
#5712=CARTESIAN_POINT('Origin',(6.41401428673392,28.3897119263553,20.));
#5713=CARTESIAN_POINT('Origin',(6.41401428673392,21.8897119263553,20.));
#5714=CARTESIAN_POINT('',(12.4140142867339,22.9522119263553,17.4635470140371));
#5715=CARTESIAN_POINT('',(12.4140142867339,22.9522119263553,22.5364529859629));
#5716=CARTESIAN_POINT('Origin',(12.4140142867339,21.8897119263553,20.));
#5717=CARTESIAN_POINT('',(6.41401428673392,22.9522119263553,17.4635470140371));
#5718=CARTESIAN_POINT('',(6.41401428673392,22.9522119263553,22.5364529859629));
#5719=CARTESIAN_POINT('Origin',(6.41401428673392,28.3897119263553,20.));
#5720=CARTESIAN_POINT('Origin',(12.4140142867339,28.3897119263553,20.));
#5721=CARTESIAN_POINT('Origin',(5.41401428673392,39.3897119263552,10.));
#5722=CARTESIAN_POINT('',(5.41401428673393,38.3897119263553,2.48816837540157));
#5723=CARTESIAN_POINT('Ctrl Pts',(6.36466219716702,39.0794401899866,3.09645866542397));
#5724=CARTESIAN_POINT('Ctrl Pts',(6.33825828057829,38.9985406906442,3.04529816316488));
#5725=CARTESIAN_POINT('Ctrl Pts',(6.30154813534353,38.9210750951298,2.99438154545541));
#5726=CARTESIAN_POINT('Ctrl Pts',(6.21141829668323,38.7808489999272,2.8967115796544));
#5727=CARTESIAN_POINT('Ctrl Pts',(6.1591315381694,38.7177223150092,2.85001099618502));
#5728=CARTESIAN_POINT('Ctrl Pts',(6.01026827168257,38.5776836618089,2.73769237528812));
#5729=CARTESIAN_POINT('Ctrl Pts',(5.90473074183711,38.5091567301828,2.67386782586587));
#5730=CARTESIAN_POINT('Ctrl Pts',(5.69659742868774,38.4255681242529,2.57562287635872));
#5731=CARTESIAN_POINT('Ctrl Pts',(5.59923227818028,38.4017556882161,2.53786839650039));
#5732=CARTESIAN_POINT('Ctrl Pts',(5.47005519649036,38.3908955855816,2.50150652447841));
#5733=CARTESIAN_POINT('Ctrl Pts',(5.44209949838457,38.3897119263553,2.49442217211279));
#5734=CARTESIAN_POINT('Ctrl Pts',(5.41401428673393,38.3897119263553,2.48816837540157));
#5735=CARTESIAN_POINT('',(5.41401428673392,38.3897119263553,4.3));
#5736=CARTESIAN_POINT('',(5.41401428673392,38.3897119263553,10.));
#5737=CARTESIAN_POINT('Origin',(5.41401428673392,39.3897119263552,4.3));
#5738=CARTESIAN_POINT('Origin',(5.41401428673392,37.6897119263553,4.3));
#5739=CARTESIAN_POINT('',(5.41401428673392,37.6897119263553,5.));
#5740=CARTESIAN_POINT('Origin',(5.41401428673392,37.6897119263553,6.));
#5741=CARTESIAN_POINT('Origin',(5.41401428673392,37.6897119263553,4.3));
#5742=CARTESIAN_POINT('Origin',(5.41401428673392,27.1380175724069,6.));
#5743=CARTESIAN_POINT('',(5.41401428673392,19.0897119263553,5.));
#5744=CARTESIAN_POINT('Origin',(5.41401428673392,19.0897119263553,6.));
#5745=CARTESIAN_POINT('',(5.41401428673392,27.1380175724069,5.));
#5746=CARTESIAN_POINT('Origin',(5.41401428673392,19.0897119263553,4.3));
#5747=CARTESIAN_POINT('',(5.41401428673392,18.3897119263553,4.3));
#5748=CARTESIAN_POINT('Origin',(5.41401428673392,17.3897119263553,4.3));
#5749=CARTESIAN_POINT('Origin',(5.41401428673392,19.0897119263553,4.3));
#5750=CARTESIAN_POINT('Origin',(5.41401428673392,17.3897119263553,10.));
#5751=CARTESIAN_POINT('',(5.41401428673239,18.3897119263553,2.48816837540088));
#5752=CARTESIAN_POINT('',(5.41401428673392,18.3897119263553,10.));
#5753=CARTESIAN_POINT('Ctrl Pts',(5.41401428673231,18.3897119263553,2.48816837540121));
#5754=CARTESIAN_POINT('Ctrl Pts',(5.43501606991508,18.3897119263553,2.49284488929868));
#5755=CARTESIAN_POINT('Ctrl Pts',(5.45595216493021,18.389050165985,2.49798747695707));
#5756=CARTESIAN_POINT('Ctrl Pts',(5.59165587145225,18.3805151847235,2.5342327123258));
#5757=CARTESIAN_POINT('Ctrl Pts',(5.70169118078657,18.3536470136385,2.57702592686397));
#5758=CARTESIAN_POINT('Ctrl Pts',(5.93176590118535,18.2566946962679,2.68810930871551));
#5759=CARTESIAN_POINT('Ctrl Pts',(6.05091694112621,18.1742912974094,2.76269477142559));
#5760=CARTESIAN_POINT('Ctrl Pts',(6.24754207980677,17.9608004207318,2.92602125015373));
#5761=CARTESIAN_POINT('Ctrl Pts',(6.32048148657879,17.8353498442965,3.01085366298951));
#5762=CARTESIAN_POINT('Ctrl Pts',(6.36466219716702,17.6999836627239,3.09645866542397));
#5763=CARTESIAN_POINT('Origin',(-30.5712728654898,18.3897119263552,0.));
#5764=CARTESIAN_POINT('',(-27.8953502827658,18.3897119263552,4.3));
#5765=CARTESIAN_POINT('',(-33.5737001035151,18.3897119263552,4.3));
#5766=CARTESIAN_POINT('',(-27.8953502827658,18.3897119263552,0.7));
#5767=CARTESIAN_POINT('',(-27.8953502827658,18.3897119263552,0.));
#5768=CARTESIAN_POINT('',(1.3339007868982,18.3897119263553,0.7));
#5769=CARTESIAN_POINT('',(-33.5737001035151,18.3897119263552,0.7));
#5770=CARTESIAN_POINT('',(1.6454987014074,18.3897119263553,0.708163536623967));
#5771=CARTESIAN_POINT('Ctrl Pts',(1.6454987014074,18.3897119263553,0.708163536623964));
#5772=CARTESIAN_POINT('Ctrl Pts',(1.54172624275982,18.3897119263553,0.702726730666868));
#5773=CARTESIAN_POINT('Ctrl Pts',(1.43781248636632,18.3897119263553,0.7));
#5774=CARTESIAN_POINT('Ctrl Pts',(1.33390078689821,18.3897119263553,0.7));
#5775=CARTESIAN_POINT('Ctrl Pts',(5.41401428673231,18.3897119263553,2.48816837540121));
#5776=CARTESIAN_POINT('Ctrl Pts',(5.0176662615169,18.3897119263553,2.39991267672858));
#5777=CARTESIAN_POINT('Ctrl Pts',(4.60671762301429,18.3897119263553,2.27786299085855));
#5778=CARTESIAN_POINT('Ctrl Pts',(3.09268098298749,18.3897119263553,1.69619928506002));
#5779=CARTESIAN_POINT('Ctrl Pts',(2.24454423353605,18.3897119263553,1.13457776873863));
#5780=CARTESIAN_POINT('Ctrl Pts',(1.6454987014074,18.3897119263553,0.708163536623966));
#5781=CARTESIAN_POINT('Origin',(-33.5737001035151,19.0897119263552,4.3));
#5782=CARTESIAN_POINT('',(-30.9459020270711,19.0897119263552,5.));
#5783=CARTESIAN_POINT('',(-33.5737001035151,19.0897119263552,5.));
#5784=CARTESIAN_POINT('Origin',(-30.9459020270711,19.0897119263552,4.3));
#5785=CARTESIAN_POINT('Origin',(-36.5761273415404,25.8863232184586,5.));
#5786=CARTESIAN_POINT('',(-30.8662184634758,37.6897119263553,5.));
#5787=CARTESIAN_POINT('',(-21.5761981556775,37.6897119263553,5.));
#5788=CARTESIAN_POINT('',(-39.6052675085558,46.4287609714352,5.));
#5789=CARTESIAN_POINT('',(-29.4453611326025,36.2688545954819,5.));
#5790=CARTESIAN_POINT('',(-42.6458266676579,47.6882018123331,5.));
#5791=CARTESIAN_POINT('Origin',(-42.6458266676579,43.3882018123331,5.));
#5792=CARTESIAN_POINT('',(-53.8988362730685,47.688201812333,5.));
#5793=CARTESIAN_POINT('',(-38.5754430986664,47.6882018123331,5.));
#5794=CARTESIAN_POINT('',(-57.4766553498106,45.7734084394621,5.));
#5795=CARTESIAN_POINT('Origin',(-53.8988362730685,43.3882018123331,5.));
#5796=CARTESIAN_POINT('',(-65.1538047900082,34.2576548734072,5.));
#5797=CARTESIAN_POINT('',(-58.1083576436949,44.8258525790285,5.));
#5798=CARTESIAN_POINT('',(-65.8759857132661,31.8724482462782,5.));
#5799=CARTESIAN_POINT('Origin',(-61.5759857132661,31.8724482462782,5.));
#5800=CARTESIAN_POINT('',(-65.8759857132661,19.900198190639,5.));
#5801=CARTESIAN_POINT('',(-65.8759857132661,29.6363232184586,5.));
#5802=CARTESIAN_POINT('',(-65.1538047900082,17.51499156351,5.));
#5803=CARTESIAN_POINT('Origin',(-61.5759857132661,19.900198190639,5.));
#5804=CARTESIAN_POINT('',(-57.4766553498106,5.99923799745513,5.));
#5805=CARTESIAN_POINT('',(-63.1089710724317,14.4477331548259,5.));
#5806=CARTESIAN_POINT('',(-53.8988362730685,4.08444462458418,5.));
#5807=CARTESIAN_POINT('Origin',(-53.8988362730685,8.38444462458417,5.));
#5808=CARTESIAN_POINT('',(-43.2506814385164,4.08444462458418,5.));
#5809=CARTESIAN_POINT('',(-46.5754430986664,4.08444462458418,5.));
#5810=CARTESIAN_POINT('',(-39.6728623617743,5.99923799745514,5.));
#5811=CARTESIAN_POINT('Origin',(-43.2506814385164,8.38444462458418,5.));
#5812=CARTESIAN_POINT('',(-35.3492865013401,12.4846183486837,5.));
#5813=CARTESIAN_POINT('',(-38.8226877638093,8.38477060865091,5.));
#5814=CARTESIAN_POINT('Origin',(-40.5726877638093,8.38477060865091,5.));
#5815=CARTESIAN_POINT('',(-54.822687692943,8.38326471339949,5.));
#5816=CARTESIAN_POINT('Origin',(-56.572687692943,8.38326471339949,5.));
#5817=CARTESIAN_POINT('',(-59.8259857132661,28.3897119263552,5.));
#5818=CARTESIAN_POINT('Origin',(-61.5759857132661,28.3897119263552,5.));
#5819=CARTESIAN_POINT('',(-23.5859857132661,22.1393232184587,5.));
#5820=CARTESIAN_POINT('',(-57.5859857132661,22.1393232184587,5.));
#5821=CARTESIAN_POINT('',(-44.5810565274032,22.1393232184587,5.));
#5822=CARTESIAN_POINT('',(-57.5859857132661,34.6393232184587,5.));
#5823=CARTESIAN_POINT('',(-57.5859857132661,30.2628232184586,5.));
#5824=CARTESIAN_POINT('',(-23.5859857132661,34.6393232184587,5.));
#5825=CARTESIAN_POINT('',(-44.5810565274032,34.6393232184587,5.));
#5826=CARTESIAN_POINT('',(-23.5859857132661,24.0128232184586,5.));
#5827=CARTESIAN_POINT('Origin',(-21.5761981556775,37.6897119263553,4.3));
#5828=CARTESIAN_POINT('',(-28.5052011579492,38.3897119263553,4.3));
#5829=CARTESIAN_POINT('',(-21.5761981556775,38.3897119263553,4.3));
#5830=CARTESIAN_POINT('Origin',(-30.8662184634758,37.6897119263553,4.3));
#5831=CARTESIAN_POINT('Origin',(-6.57626896981467,38.3897119263553,0.));
#5832=CARTESIAN_POINT('',(1.64549870140738,38.3897119263553,0.708163536623971));
#5833=CARTESIAN_POINT('Ctrl Pts',(1.64549870140738,38.3897119263553,0.708163536623971));
#5834=CARTESIAN_POINT('Ctrl Pts',(2.24402308182081,38.3897119263553,1.1342068010967));
#5835=CARTESIAN_POINT('Ctrl Pts',(3.1149292280769,38.3897119263535,1.71230717811708));
#5836=CARTESIAN_POINT('Ctrl Pts',(4.6217161239558,38.3897119263535,2.28077579413833));
#5837=CARTESIAN_POINT('Ctrl Pts',(5.01514564731571,38.3897119263553,2.39935140594325));
#5838=CARTESIAN_POINT('Ctrl Pts',(5.41401428673393,38.3897119263553,2.48816837540157));
#5839=CARTESIAN_POINT('',(1.3339007868982,38.3897119263553,0.7));
#5840=CARTESIAN_POINT('Ctrl Pts',(1.33390078689822,38.3897119263553,0.700000000000001));
#5841=CARTESIAN_POINT('Ctrl Pts',(1.43781248636632,38.3897119263553,0.700000000000001));
#5842=CARTESIAN_POINT('Ctrl Pts',(1.54172624275983,38.3897119263553,0.702726730666869));
#5843=CARTESIAN_POINT('Ctrl Pts',(1.64549870140741,38.3897119263553,0.708163536623966));
#5844=CARTESIAN_POINT('',(-28.5052011579492,38.3897119263553,0.7));
#5845=CARTESIAN_POINT('',(-21.5761981556775,38.3897119263553,0.7));
#5846=CARTESIAN_POINT('',(-28.5052011579492,38.3897119263553,0.));
#5847=CARTESIAN_POINT('Ctrl Pts',(-30.9459020270711,19.0897119263552,0.));
#5848=CARTESIAN_POINT('Ctrl Pts',(-31.1949187970848,18.4330059819354,2.28891370181816E-15));
#5849=CARTESIAN_POINT('Ctrl Pts',(-31.608465588668,17.342402179173,0.0917371211766268));
#5850=CARTESIAN_POINT('Ctrl Pts',(-31.9796949936453,16.3633976045867,0.386190869252184));
#5851=CARTESIAN_POINT('Ctrl Pts',(-32.0556050231636,16.1632080044123,0.595280244880333));
#5852=CARTESIAN_POINT('Ctrl Pts',(-32.0556050231636,16.1632080044123,0.699999999999993));
#5853=CARTESIAN_POINT('Ctrl Pts',(-30.9459020270711,19.0897119263552,-8.36381856829556E-32));
#5854=CARTESIAN_POINT('Ctrl Pts',(-31.0170980388603,18.5281728984574,2.28891370181816E-15));
#5855=CARTESIAN_POINT('Ctrl Pts',(-31.1474840610727,17.6102698856438,0.231071759486055));
#5856=CARTESIAN_POINT('Ctrl Pts',(-31.4446060844146,17.0202319377496,0.606536409156554));
#5857=CARTESIAN_POINT('Ctrl Pts',(-31.5364092506548,16.9420036518492,0.670650491506255));
#5858=CARTESIAN_POINT('Ctrl Pts',(-31.5364092506548,16.9420036518492,0.699999999999993));
#5859=CARTESIAN_POINT('Ctrl Pts',(-30.9459020270711,19.0897119263552,1.94789959524036E-31));
#5860=CARTESIAN_POINT('Ctrl Pts',(-30.7059117119676,18.6947150023708,2.20438850029395E-15));
#5861=CARTESIAN_POINT('Ctrl Pts',(-30.3219427376619,18.0680121175397,0.335854123477422));
#5862=CARTESIAN_POINT('Ctrl Pts',(-30.2127459072901,17.971161098132,0.780218124723119));
#5863=CARTESIAN_POINT('Ctrl Pts',(-30.2359318561281,18.0403684217507,0.730281652829532));
#5864=CARTESIAN_POINT('Ctrl Pts',(-30.2359318561281,18.0403684217507,0.699999999999994));
#5865=CARTESIAN_POINT('Ctrl Pts',(-30.9459020270711,19.0897119263552,1.8818591778665E-31));
#5866=CARTESIAN_POINT('Ctrl Pts',(-30.3947253850748,18.8612571062843,1.97194419610234E-15));
#5867=CARTESIAN_POINT('Ctrl Pts',(-29.4838351725203,18.4962802463174,0.196354517014787));
#5868=CARTESIAN_POINT('Ctrl Pts',(-28.7365455585104,18.3769785683042,0.550918640491817));
#5869=CARTESIAN_POINT('Ctrl Pts',(-28.597346641193,18.3897119263553,0.651525728511651));
#5870=CARTESIAN_POINT('Ctrl Pts',(-28.597346641193,18.3897119263553,0.699999999999996));
#5871=CARTESIAN_POINT('Ctrl Pts',(-30.9459020270711,19.0897119263552,0.));
#5872=CARTESIAN_POINT('Ctrl Pts',(-30.2613598164065,18.9326322936758,1.84515639381602E-15));
#5873=CARTESIAN_POINT('Ctrl Pts',(-29.124527807429,18.6717672197527,0.0917371211766264));
#5874=CARTESIAN_POINT('Ctrl Pts',(-28.1040254632175,18.4375959285161,0.386190869252185));
#5875=CARTESIAN_POINT('Ctrl Pts',(-27.8953502827658,18.3897119263553,0.595280244880336));
#5876=CARTESIAN_POINT('Ctrl Pts',(-27.8953502827658,18.3897119263553,0.699999999999996));
#5877=CARTESIAN_POINT('',(-32.0556050231636,16.1632080044123,0.7));
#5878=CARTESIAN_POINT('Origin',(-27.8953502827658,13.3897119263553,0.7));
#5879=CARTESIAN_POINT('',(-30.9459020270711,19.0897119263552,0.));
#5880=CARTESIAN_POINT('Origin',(-30.9459020270711,19.0897119263553,0.7));
#5881=CARTESIAN_POINT('Origin',(-30.9459020270711,19.0897119263552,0.7));
#5882=CARTESIAN_POINT('Origin',(-27.8953502827658,13.3897119263552,0.));
#5883=CARTESIAN_POINT('',(-32.0556050231636,16.1632080044123,4.3));
#5884=CARTESIAN_POINT('Origin',(-27.8953502827658,13.3897119263552,4.3));
#5885=CARTESIAN_POINT('',(-32.0556050231636,16.1632080044123,0.));
#5886=CARTESIAN_POINT('Ctrl Pts',(-30.9459020270711,19.0897119263552,5.));
#5887=CARTESIAN_POINT('Ctrl Pts',(-30.2613598164065,18.9326322936758,5.));
#5888=CARTESIAN_POINT('Ctrl Pts',(-29.1245431052388,18.6717707300905,4.90825391805808));
#5889=CARTESIAN_POINT('Ctrl Pts',(-28.1040367827628,18.4375985259747,4.61380552934169));
#5890=CARTESIAN_POINT('Ctrl Pts',(-27.8953502827658,18.3897119263552,4.40471975511966));
#5891=CARTESIAN_POINT('Ctrl Pts',(-27.8953502827658,18.3897119263552,4.3));
#5892=CARTESIAN_POINT('Ctrl Pts',(-30.9459020270711,19.0897119263552,5.));
#5893=CARTESIAN_POINT('Ctrl Pts',(-30.4391805746309,18.8374653771538,5.));
#5894=CARTESIAN_POINT('Ctrl Pts',(-29.6031229451304,18.436794415662,4.76883379537436));
#5895=CARTESIAN_POINT('Ctrl Pts',(-28.9473560299009,18.3566946141385,4.39342422476968));
#5896=CARTESIAN_POINT('Ctrl Pts',(-28.8313454273353,18.3897119263552,4.32934950849374));
#5897=CARTESIAN_POINT('Ctrl Pts',(-28.8313454273353,18.3897119263552,4.3));
#5898=CARTESIAN_POINT('Ctrl Pts',(-30.9459020270711,19.0897119263553,5.));
#5899=CARTESIAN_POINT('Ctrl Pts',(-30.7503669015237,18.6709232732403,5.));
#5900=CARTESIAN_POINT('Ctrl Pts',(-30.4419280008977,18.0038536160743,4.66400588895557));
#5901=CARTESIAN_POINT('Ctrl Pts',(-30.4218726562425,17.8591975863349,4.21975938811775));
#5902=CARTESIAN_POINT('Ctrl Pts',(-30.4666060834859,17.9168964305951,4.26971834717046));
#5903=CARTESIAN_POINT('Ctrl Pts',(-30.4666060834859,17.9168964305951,4.3));
#5904=CARTESIAN_POINT('Ctrl Pts',(-30.9459020270711,19.0897119263552,5.));
#5905=CARTESIAN_POINT('Ctrl Pts',(-31.0615532284164,18.5043811693269,5.));
#5906=CARTESIAN_POINT('Ctrl Pts',(-31.2631501162711,17.5440503480852,4.80357737593843));
#5907=CARTESIAN_POINT('Ctrl Pts',(-31.578388435999,16.856060584293,4.44906285550915));
#5908=CARTESIAN_POINT('Ctrl Pts',(-31.666208193782,16.74730473999,4.34847427148834));
#5909=CARTESIAN_POINT('Ctrl Pts',(-31.666208193782,16.74730473999,4.3));
#5910=CARTESIAN_POINT('Ctrl Pts',(-30.9459020270711,19.0897119263552,5.));
#5911=CARTESIAN_POINT('Ctrl Pts',(-31.1949187970848,18.4330059819354,5.));
#5912=CARTESIAN_POINT('Ctrl Pts',(-31.6084600237647,17.3424168549118,4.90825391805808));
#5913=CARTESIAN_POINT('Ctrl Pts',(-31.9796908759203,16.3634084638333,4.61380552934168));
#5914=CARTESIAN_POINT('Ctrl Pts',(-32.0556050231636,16.1632080044123,4.40471975511966));
#5915=CARTESIAN_POINT('Ctrl Pts',(-32.0556050231636,16.1632080044123,4.3));
#5916=CARTESIAN_POINT('Origin',(-30.9459020270711,19.0897119263553,4.3));
#5917=CARTESIAN_POINT('Origin',(-33.5737001035151,19.0897119263552,0.7));
#5918=CARTESIAN_POINT('',(1.3339007868982,19.0897119263552,0.));
#5919=CARTESIAN_POINT('',(-33.5737001035151,19.0897119263552,0.));
#5920=CARTESIAN_POINT('Origin',(1.3339007868982,19.0897119263553,0.7));
#5921=CARTESIAN_POINT('Origin',(-35.3492865013401,12.4846183486837,0.7));
#5922=CARTESIAN_POINT('',(-39.0904266981186,5.61094854652716,0.7));
#5923=CARTESIAN_POINT('',(-34.7668508376844,12.0963288977558,0.7));
#5924=CARTESIAN_POINT('',(-39.6728623617743,5.99923799745514,0.));
#5925=CARTESIAN_POINT('Origin',(-39.6728623617743,5.99923799745514,0.7));
#5926=CARTESIAN_POINT('',(-35.3492865013401,12.4846183486837,0.));
#5927=CARTESIAN_POINT('Origin',(-43.2506814385164,8.38444462458418,4.3));
#5928=CARTESIAN_POINT('',(-39.0904266981186,5.61094854652716,4.3));
#5929=CARTESIAN_POINT('Origin',(-39.6728623617743,5.99923799745514,4.3));
#5930=CARTESIAN_POINT('',(-43.2506814385164,3.38444462458418,4.3));
#5931=CARTESIAN_POINT('Origin',(-43.2506814385164,4.08444462458418,4.3));
#5932=CARTESIAN_POINT('Origin',(-43.2506814385164,8.38444462458418,4.3));
#5933=CARTESIAN_POINT('Origin',(-43.2506814385164,8.38444462458418,0.7));
#5934=CARTESIAN_POINT('',(-43.2506814385164,3.38444462458418,0.7));
#5935=CARTESIAN_POINT('Origin',(-43.2506814385164,8.38444462458418,0.7));
#5936=CARTESIAN_POINT('',(-43.2506814385164,4.08444462458418,0.));
#5937=CARTESIAN_POINT('Origin',(-43.2506814385164,4.08444462458418,0.7));
#5938=CARTESIAN_POINT('Origin',(-43.2506814385164,8.38444462458418,0.));
#5939=CARTESIAN_POINT('Origin',(-43.2506814385164,8.38444462458418,0.));
#5940=CARTESIAN_POINT('',(-39.0904266981186,5.61094854652715,0.));
#5941=CARTESIAN_POINT('',(-43.2506814385164,3.38444462458418,0.));
#5942=CARTESIAN_POINT('Origin',(-40.5747588557924,3.38444462458419,0.));
#5943=CARTESIAN_POINT('',(-34.7668508376844,12.0963288977558,4.3));
#5944=CARTESIAN_POINT('Origin',(-36.5761273415404,25.8863232184586,0.));
#5945=CARTESIAN_POINT('',(-53.8988362730685,4.08444462458418,0.));
#5946=CARTESIAN_POINT('',(-46.5754430986664,4.08444462458418,0.));
#5947=CARTESIAN_POINT('',(-57.4766553498106,5.99923799745513,0.));
#5948=CARTESIAN_POINT('Origin',(-53.8988362730685,8.38444462458417,0.));
#5949=CARTESIAN_POINT('',(-65.1538047900082,17.51499156351,0.));
#5950=CARTESIAN_POINT('',(-63.1089710724317,14.4477331548259,0.));
#5951=CARTESIAN_POINT('',(-65.8759857132661,19.900198190639,0.));
#5952=CARTESIAN_POINT('Origin',(-61.5759857132661,19.900198190639,0.));
#5953=CARTESIAN_POINT('',(-65.8759857132661,31.8724482462782,0.));
#5954=CARTESIAN_POINT('',(-65.8759857132661,29.6363232184586,0.));
#5955=CARTESIAN_POINT('',(-65.1538047900082,34.2576548734072,0.));
#5956=CARTESIAN_POINT('Origin',(-61.5759857132661,31.8724482462782,0.));
#5957=CARTESIAN_POINT('',(-57.4766553498106,45.7734084394621,0.));
#5958=CARTESIAN_POINT('',(-58.1083576436949,44.8258525790285,0.));
#5959=CARTESIAN_POINT('',(-53.8988362730685,47.688201812333,0.));
#5960=CARTESIAN_POINT('Origin',(-53.8988362730685,43.3882018123331,0.));
#5961=CARTESIAN_POINT('',(-42.6458266676579,47.6882018123331,0.));
#5962=CARTESIAN_POINT('',(-38.5754430986664,47.6882018123331,0.));
#5963=CARTESIAN_POINT('',(-39.6052675085558,46.4287609714352,0.));
#5964=CARTESIAN_POINT('Origin',(-42.6458266676579,43.3882018123331,0.));
#5965=CARTESIAN_POINT('',(-30.8662184634758,37.6897119263553,0.));
#5966=CARTESIAN_POINT('',(-29.4453611326025,36.2688545954819,0.));
#5967=CARTESIAN_POINT('',(1.3339007868982,37.6897119263553,0.));
#5968=CARTESIAN_POINT('',(-21.5761981556775,37.6897119263553,0.));
#5969=CARTESIAN_POINT('Ctrl Pts',(6.41401428673392,28.3897119263553,-2.22044604925031E-15));
#5970=CARTESIAN_POINT('Ctrl Pts',(6.41080960780123,28.3946071542911,-2.21942485558325E-15));
#5971=CARTESIAN_POINT('Ctrl Pts',(6.40759916392883,28.3995077185254,1.56262159763651E-15));
#5972=CARTESIAN_POINT('Ctrl Pts',(4.47705263063594,31.3514588105797,-1.68257155680033E-13));
#5973=CARTESIAN_POINT('Ctrl Pts',(2.49240692530145,34.358125238034,1.69773722958078E-15));
#5974=CARTESIAN_POINT('Ctrl Pts',(1.33390078689821,37.6897119263553,1.11022302462516E-15));
#5975=CARTESIAN_POINT('Ctrl Pts',(1.33390078689821,19.0897119263552,0.));
#5976=CARTESIAN_POINT('Ctrl Pts',(1.56560201457886,19.7560292640195,9.86443391216707E-17));
#5977=CARTESIAN_POINT('Ctrl Pts',(2.09636287181896,21.0620556762155,-1.6587200920959E-14));
#5978=CARTESIAN_POINT('Ctrl Pts',(3.68740757210102,24.2274079007591,2.37389805705402E-14));
#5979=CARTESIAN_POINT('Ctrl Pts',(5.24616725106004,26.6055405840344,-1.14180727890173E-13));
#5980=CARTESIAN_POINT('Ctrl Pts',(6.40760270364974,28.3799185593737,1.57419386824284E-15));
#5981=CARTESIAN_POINT('Ctrl Pts',(6.41080960780123,28.3848166984194,-2.22146724291737E-15));
#5982=CARTESIAN_POINT('Ctrl Pts',(6.41401428673392,28.3897119263553,-2.22044604925031E-15));
#5983=CARTESIAN_POINT('',(-38.8226877638093,8.38477060865091,0.));
#5984=CARTESIAN_POINT('Origin',(-40.5726877638093,8.38477060865091,0.));
#5985=CARTESIAN_POINT('',(-54.822687692943,8.38326471339949,0.));
#5986=CARTESIAN_POINT('Origin',(-56.572687692943,8.38326471339949,0.));
#5987=CARTESIAN_POINT('',(-59.8259857132661,28.3897119263552,0.));
#5988=CARTESIAN_POINT('Origin',(-61.5759857132661,28.3897119263552,0.));
#5989=CARTESIAN_POINT('',(-40.0234857132661,25.8528702324958,0.));
#5990=CARTESIAN_POINT('',(-40.0234857132661,30.9257762044215,0.));
#5991=CARTESIAN_POINT('Origin',(-34.5859857132661,28.3893232184587,0.));
#5992=CARTESIAN_POINT('Origin',(-41.0859857132661,28.3893232184587,0.));
#5993=CARTESIAN_POINT('',(-25.0482357132661,28.3893232184587,0.));
#5994=CARTESIAN_POINT('Origin',(-26.0859857132661,28.3893232184587,0.));
#5995=CARTESIAN_POINT('',(-54.0482357132661,28.3893232184587,0.));
#5996=CARTESIAN_POINT('Origin',(-55.0859857132661,28.3893232184587,0.));
#5997=CARTESIAN_POINT('Origin',(-46.5754430986664,4.08444462458418,0.7));
#5998=CARTESIAN_POINT('',(-53.8988362730685,3.38444462458418,0.7));
#5999=CARTESIAN_POINT('',(-46.5754430986664,3.38444462458418,0.7));
#6000=CARTESIAN_POINT('Origin',(-53.8988362730685,4.08444462458418,0.7));
#6001=CARTESIAN_POINT('Origin',(-53.8988362730685,8.38444462458417,4.3));
#6002=CARTESIAN_POINT('',(-53.8988362730685,3.38444462458418,4.3));
#6003=CARTESIAN_POINT('Origin',(-53.8988362730685,4.08444462458418,4.3));
#6004=CARTESIAN_POINT('',(-58.0590910134663,5.61094854652715,4.3));
#6005=CARTESIAN_POINT('Origin',(-57.4766553498106,5.99923799745514,4.3));
#6006=CARTESIAN_POINT('Origin',(-53.8988362730685,8.38444462458417,4.3));
#6007=CARTESIAN_POINT('Origin',(-53.8988362730685,8.38444462458417,0.7));
#6008=CARTESIAN_POINT('',(-58.0590910134663,5.61094854652715,0.7));
#6009=CARTESIAN_POINT('Origin',(-53.8988362730685,8.38444462458417,0.7));
#6010=CARTESIAN_POINT('Origin',(-57.4766553498106,5.99923799745514,0.7));
#6011=CARTESIAN_POINT('Origin',(-53.8988362730685,8.38444462458417,0.));
#6012=CARTESIAN_POINT('',(-53.8988362730685,3.38444462458418,0.));
#6013=CARTESIAN_POINT('',(-58.0590910134663,5.61094854652715,0.));
#6014=CARTESIAN_POINT('Origin',(-56.5747588557924,3.38444462458417,0.));
#6015=CARTESIAN_POINT('',(-46.5754430986664,3.38444462458418,4.3));
#6016=CARTESIAN_POINT('Origin',(-63.1089710724317,14.4477331548259,0.7));
#6017=CARTESIAN_POINT('',(-65.7362404536639,17.126702112582,0.7));
#6018=CARTESIAN_POINT('',(-63.6914067360874,14.0594437038979,0.7));
#6019=CARTESIAN_POINT('Origin',(-65.1538047900082,17.51499156351,0.7));
#6020=CARTESIAN_POINT('Origin',(-61.5759857132661,19.900198190639,4.3));
#6021=CARTESIAN_POINT('',(-65.7362404536639,17.126702112582,4.3));
#6022=CARTESIAN_POINT('Origin',(-65.1538047900082,17.51499156351,4.3));
#6023=CARTESIAN_POINT('',(-66.575985713266,19.900198190639,4.3));
#6024=CARTESIAN_POINT('Origin',(-65.8759857132661,19.900198190639,4.3));
#6025=CARTESIAN_POINT('Origin',(-61.5759857132661,19.900198190639,4.3));
#6026=CARTESIAN_POINT('Origin',(-61.5759857132661,19.900198190639,0.7));
#6027=CARTESIAN_POINT('',(-66.575985713266,19.900198190639,0.7));
#6028=CARTESIAN_POINT('Origin',(-61.5759857132661,19.900198190639,0.7));
#6029=CARTESIAN_POINT('Origin',(-65.8759857132661,19.900198190639,0.7));
#6030=CARTESIAN_POINT('Origin',(-61.5759857132661,19.900198190639,0.));
#6031=CARTESIAN_POINT('',(-65.7362404536639,17.126702112582,0.));
#6032=CARTESIAN_POINT('',(-66.575985713266,19.900198190639,0.));
#6033=CARTESIAN_POINT('Origin',(-66.575985713266,18.3863232184586,0.));
#6034=CARTESIAN_POINT('',(-63.6914067360874,14.0594437038979,4.3));
#6035=CARTESIAN_POINT('Origin',(-65.8759857132661,29.6363232184586,0.7));
#6036=CARTESIAN_POINT('',(-66.5759857132661,31.8724482462782,0.7));
#6037=CARTESIAN_POINT('',(-66.5759857132661,29.6363232184586,0.7));
#6038=CARTESIAN_POINT('Origin',(-65.8759857132661,31.8724482462782,0.7));
#6039=CARTESIAN_POINT('Origin',(-61.5759857132661,31.8724482462782,4.3));
#6040=CARTESIAN_POINT('',(-66.5759857132661,31.8724482462782,4.3));
#6041=CARTESIAN_POINT('Origin',(-65.8759857132661,31.8724482462782,4.3));
#6042=CARTESIAN_POINT('',(-65.7362404536639,34.6459443243352,4.3));
#6043=CARTESIAN_POINT('Origin',(-65.1538047900082,34.2576548734072,4.3));
#6044=CARTESIAN_POINT('Origin',(-61.5759857132661,31.8724482462782,4.3));
#6045=CARTESIAN_POINT('Origin',(-61.5759857132661,31.8724482462782,0.7));
#6046=CARTESIAN_POINT('',(-65.7362404536639,34.6459443243352,0.7));
#6047=CARTESIAN_POINT('Origin',(-61.5759857132661,31.8724482462782,0.7));
#6048=CARTESIAN_POINT('Origin',(-65.1538047900082,34.2576548734072,0.7));
#6049=CARTESIAN_POINT('Origin',(-61.5759857132661,31.8724482462782,0.));
#6050=CARTESIAN_POINT('',(-66.5759857132661,31.8724482462782,0.));
#6051=CARTESIAN_POINT('',(-65.7362404536639,34.6459443243352,0.));
#6052=CARTESIAN_POINT('Origin',(-66.5759857132661,33.3863232184586,0.));
#6053=CARTESIAN_POINT('',(-66.5759857132661,29.6363232184586,4.3));
#6054=CARTESIAN_POINT('Origin',(-58.1083576436949,44.8258525790285,0.7));
#6055=CARTESIAN_POINT('',(-58.0590910134663,46.1616978903901,0.7));
#6056=CARTESIAN_POINT('',(-58.6907933073506,45.2141420299565,0.7));
#6057=CARTESIAN_POINT('Origin',(-57.4766553498106,45.7734084394621,0.7));
#6058=CARTESIAN_POINT('Origin',(-53.8988362730685,43.3882018123331,4.3));
#6059=CARTESIAN_POINT('',(-58.0590910134663,46.1616978903901,4.3));
#6060=CARTESIAN_POINT('Origin',(-57.4766553498106,45.7734084394621,4.3));
#6061=CARTESIAN_POINT('',(-53.8988362730685,48.3882018123331,4.3));
#6062=CARTESIAN_POINT('Origin',(-53.8988362730685,47.6882018123331,4.3));
#6063=CARTESIAN_POINT('Origin',(-53.8988362730685,43.3882018123331,4.3));
#6064=CARTESIAN_POINT('Origin',(-53.8988362730685,43.3882018123331,0.7));
#6065=CARTESIAN_POINT('',(-53.8988362730685,48.3882018123331,0.7));
#6066=CARTESIAN_POINT('Origin',(-53.8988362730685,43.3882018123331,0.7));
#6067=CARTESIAN_POINT('Origin',(-53.8988362730685,47.6882018123331,0.7));
#6068=CARTESIAN_POINT('Origin',(-53.8988362730685,43.3882018123331,0.));
#6069=CARTESIAN_POINT('',(-58.0590910134663,46.1616978903901,0.));
#6070=CARTESIAN_POINT('',(-53.8988362730685,48.3882018123331,0.));
#6071=CARTESIAN_POINT('Origin',(-58.1083576436949,44.8258525790285,4.3));
#6072=CARTESIAN_POINT('',(-58.6907933073506,45.2141420299565,4.3));
#6073=CARTESIAN_POINT('Origin',(-56.5747588557924,48.3882018123331,0.));
#6074=CARTESIAN_POINT('Origin',(-42.6458266676579,43.3882018123331,0.7));
#6075=CARTESIAN_POINT('',(-39.1102927617252,46.9237357182658,0.7));
#6076=CARTESIAN_POINT('Origin',(-39.6052675085558,46.4287609714352,0.7));
#6077=CARTESIAN_POINT('',(-42.6458266676579,48.3882018123331,0.7));
#6078=CARTESIAN_POINT('Origin',(-42.6458266676579,47.6882018123331,0.7));
#6079=CARTESIAN_POINT('Origin',(-42.6458266676579,43.3882018123331,0.7));
#6080=CARTESIAN_POINT('Origin',(-42.6458266676579,43.3882018123331,4.3));
#6081=CARTESIAN_POINT('',(-39.1102927617252,46.9237357182658,4.3));
#6082=CARTESIAN_POINT('Origin',(-39.6052675085558,46.4287609714352,4.3));
#6083=CARTESIAN_POINT('',(-42.6458266676579,48.3882018123331,4.3));
#6084=CARTESIAN_POINT('Origin',(-42.6458266676579,43.3882018123331,4.3));
#6085=CARTESIAN_POINT('Origin',(-42.6458266676579,47.6882018123331,4.3));
#6086=CARTESIAN_POINT('Origin',(-42.6458266676579,43.3882018123331,0.));
#6087=CARTESIAN_POINT('',(-42.6458266676579,48.3882018123331,0.));
#6088=CARTESIAN_POINT('',(-39.1102927617252,46.9237357182658,0.));
#6089=CARTESIAN_POINT('Origin',(-29.4453611326025,36.2688545954819,0.7));
#6090=CARTESIAN_POINT('',(-32.0407350638819,39.8541780204225,0.7));
#6091=CARTESIAN_POINT('',(-28.9503863857719,36.7638293423125,0.7));
#6092=CARTESIAN_POINT('Origin',(-30.8662184634758,37.6897119263553,0.7));
#6093=CARTESIAN_POINT('Origin',(-30.5762689698147,38.3897119263553,0.));
#6094=CARTESIAN_POINT('',(-32.0407350638819,39.8541780204225,4.3));
#6095=CARTESIAN_POINT('',(-28.9503863857719,36.7638293423125,4.3));
#6096=CARTESIAN_POINT('',(-32.0407350638819,39.8541780204225,0.));
#6097=CARTESIAN_POINT('Origin',(-29.4453611326025,36.2688545954819,4.3));
#6098=CARTESIAN_POINT('Origin',(-30.8662184634758,37.6897119263553,4.3));
#6099=CARTESIAN_POINT('Ctrl Pts',(-30.8662184634758,37.6897119263553,0.));
#6100=CARTESIAN_POINT('Ctrl Pts',(-30.3364074190443,37.8467915590347,0.));
#6101=CARTESIAN_POINT('Ctrl Pts',(-29.4565846723843,38.1076434897768,0.0917702609727561));
#6102=CARTESIAN_POINT('Ctrl Pts',(-28.6667408546133,38.3418182546739,0.386204651911491));
#6103=CARTESIAN_POINT('Ctrl Pts',(-28.5052011579492,38.3897119263552,0.59528024488034));
#6104=CARTESIAN_POINT('Ctrl Pts',(-28.5052011579492,38.3897119263552,0.7));
#6105=CARTESIAN_POINT('Ctrl Pts',(-30.8662184634758,37.6897119263553,0.));
#6106=CARTESIAN_POINT('Ctrl Pts',(-30.6008647367919,37.9563333667146,4.86463348180856E-17));
#6107=CARTESIAN_POINT('Ctrl Pts',(-30.1659678788627,38.3748895390295,0.252674637645557));
#6108=CARTESIAN_POINT('Ctrl Pts',(-29.8624417282927,38.4280586053979,0.628080924733288));
#6109=CARTESIAN_POINT('Ctrl Pts',(-29.8141980969449,38.3897119263552,0.67731290469787));
#6110=CARTESIAN_POINT('Ctrl Pts',(-29.8141980969449,38.3897119263552,0.7));
#6111=CARTESIAN_POINT('Ctrl Pts',(-30.8662184634758,37.6897119263553,1.92543341438565E-31));
#6112=CARTESIAN_POINT('Ctrl Pts',(-30.8653220545394,38.0658751743944,1.34751532320505E-31));
#6113=CARTESIAN_POINT('Ctrl Pts',(-30.8768766641465,38.6693575995042,0.252674637645557));
#6114=CARTESIAN_POINT('Ctrl Pts',(-31.0539058561035,38.9215792062181,0.628080924733287));
#6115=CARTESIAN_POINT('Ctrl Pts',(-31.1151344517656,38.9285774083062,0.67731290469787));
#6116=CARTESIAN_POINT('Ctrl Pts',(-31.1151344517656,38.9285774083062,0.7));
#6117=CARTESIAN_POINT('Ctrl Pts',(-30.8662184634758,37.6897119263553,0.));
#6118=CARTESIAN_POINT('Ctrl Pts',(-31.1297793722869,38.1754169820742,-1.45939004454257E-16));
#6119=CARTESIAN_POINT('Ctrl Pts',(-31.5674578335791,38.981995781593,0.0917702609727563));
#6120=CARTESIAN_POINT('Ctrl Pts',(-31.9603751889617,39.7060862654587,0.386204651911491));
#6121=CARTESIAN_POINT('Ctrl Pts',(-32.0407350638819,39.8541780204225,0.595280244880341));
#6122=CARTESIAN_POINT('Ctrl Pts',(-32.0407350638819,39.8541780204225,0.7));
#6123=CARTESIAN_POINT('Origin',(-28.5052011579492,43.3897119263553,0.7));
#6124=CARTESIAN_POINT('Origin',(-30.8662184634758,37.6897119263553,0.7));
#6125=CARTESIAN_POINT('Origin',(-28.5052011579492,43.3897119263553,0.));
#6126=CARTESIAN_POINT('Origin',(-28.5052011579492,43.3897119263553,4.3));
#6127=CARTESIAN_POINT('Ctrl Pts',(-30.8662184634758,37.6897119263553,5.));
#6128=CARTESIAN_POINT('Ctrl Pts',(-31.1297793722869,38.1754169820743,5.));
#6129=CARTESIAN_POINT('Ctrl Pts',(-31.5674551258213,38.9819907915827,4.90822574132924));
#6130=CARTESIAN_POINT('Ctrl Pts',(-31.9603732131066,39.7060826242404,4.613793603857));
#6131=CARTESIAN_POINT('Ctrl Pts',(-32.0407350638819,39.8541780204225,4.40471975511966));
#6132=CARTESIAN_POINT('Ctrl Pts',(-32.0407350638819,39.8541780204225,4.30000000000001));
#6133=CARTESIAN_POINT('Ctrl Pts',(-30.8662184634758,37.6897119263553,5.));
#6134=CARTESIAN_POINT('Ctrl Pts',(-30.8653220545394,38.0658751743944,5.));
#6135=CARTESIAN_POINT('Ctrl Pts',(-30.8768743575268,38.6693637719275,4.74727115890783));
#6136=CARTESIAN_POINT('Ctrl Pts',(-31.0538990297988,38.921591132737,4.37188657247315));
#6137=CARTESIAN_POINT('Ctrl Pts',(-31.1151344517656,38.9285774083062,4.32268709530214));
#6138=CARTESIAN_POINT('Ctrl Pts',(-31.1151344517656,38.9285774083062,4.30000000000001));
#6139=CARTESIAN_POINT('Ctrl Pts',(-30.8662184634758,37.6897119263553,5.));
#6140=CARTESIAN_POINT('Ctrl Pts',(-30.6008647367919,37.9563333667146,5.));
#6141=CARTESIAN_POINT('Ctrl Pts',(-30.1659651453268,38.3748955346182,4.74727115890783));
#6142=CARTESIAN_POINT('Ctrl Pts',(-29.8624381218967,38.4280718656466,4.37188657247315));
#6143=CARTESIAN_POINT('Ctrl Pts',(-29.814198096945,38.3897119263553,4.32268709530213));
#6144=CARTESIAN_POINT('Ctrl Pts',(-29.814198096945,38.3897119263553,4.30000000000001));
#6145=CARTESIAN_POINT('Ctrl Pts',(-30.8662184634758,37.6897119263553,5.));
#6146=CARTESIAN_POINT('Ctrl Pts',(-30.3364074190444,37.8467915590347,5.));
#6147=CARTESIAN_POINT('Ctrl Pts',(-29.4565901155284,38.1076418759806,4.90822574132924));
#6148=CARTESIAN_POINT('Ctrl Pts',(-28.666744826484,38.3418170770843,4.613793603857));
#6149=CARTESIAN_POINT('Ctrl Pts',(-28.5052011579492,38.3897119263553,4.40471975511966));
#6150=CARTESIAN_POINT('Ctrl Pts',(-28.5052011579492,38.3897119263553,4.3));
#6151=CARTESIAN_POINT('Origin',(-21.5761981556775,37.6897119263553,0.7));
#6152=CARTESIAN_POINT('Origin',(1.3339007868982,37.6897119263553,0.7));
#6153=CARTESIAN_POINT('Origin',(-35.3492865013401,12.4846183486837,4.3));
#6154=CARTESIAN_POINT('Origin',(-46.5754430986664,4.08444462458418,4.3));
#6155=CARTESIAN_POINT('Origin',(-63.1089710724317,14.4477331548259,4.3));
#6156=CARTESIAN_POINT('Origin',(-65.8759857132661,29.6363232184586,4.3));
#6157=CARTESIAN_POINT('Origin',(-38.5754430986664,47.6882018123331,4.3));
#6158=CARTESIAN_POINT('',(-38.5754430986664,48.3882018123331,4.3));
#6159=CARTESIAN_POINT('Origin',(-40.5747588557924,48.3882018123331,0.));
#6160=CARTESIAN_POINT('',(-38.5754430986664,48.3882018123331,0.7));
#6161=CARTESIAN_POINT('Origin',(-38.5754430986664,47.6882018123331,0.7));
#6162=CARTESIAN_POINT('Ctrl Pts',(1.6821163381028,37.7026529576786,0.00924173957430108));
#6163=CARTESIAN_POINT('Ctrl Pts',(1.5661818125479,37.6982848570823,0.00308686490588979));
#6164=CARTESIAN_POINT('Ctrl Pts',(1.45005617844314,37.6939694750114,8.35551397500803E-16));
#6165=CARTESIAN_POINT('Ctrl Pts',(1.33390078689822,37.6897119263553,8.32667268468867E-16));
#6166=CARTESIAN_POINT('Ctrl Pts',(1.68191614274411,37.9095919966616,0.0130628736637815));
#6167=CARTESIAN_POINT('Ctrl Pts',(1.56608004289094,37.9060843718473,0.00559674381568641));
#6168=CARTESIAN_POINT('Ctrl Pts',(1.45009530736002,37.9025940532879,0.00131279274783157));
#6169=CARTESIAN_POINT('Ctrl Pts',(1.33390078689822,37.8991514365946,8.32667268468867E-16));
#6170=CARTESIAN_POINT('Ctrl Pts',(1.67260076565455,38.2648548222158,0.190865721777529));
#6171=CARTESIAN_POINT('Ctrl Pts',(1.55994273460149,38.2638054951906,0.182883001645703));
#6172=CARTESIAN_POINT('Ctrl Pts',(1.44697006333645,38.2627701122464,0.177830327660102));
#6173=CARTESIAN_POINT('Ctrl Pts',(1.33390078689822,38.2617331420338,0.175806040354264));
#6174=CARTESIAN_POINT('Ctrl Pts',(1.65362035420953,38.3897119263553,0.553145335457888));
#6175=CARTESIAN_POINT('Ctrl Pts',(1.54718714994146,38.3897226597227,0.546949389967587));
#6176=CARTESIAN_POINT('Ctrl Pts',(1.44055434428695,38.3897009480083,0.543523318689931));
#6177=CARTESIAN_POINT('Ctrl Pts',(1.33390078689822,38.3897119263553,0.542920367320511));
#6178=CARTESIAN_POINT('Ctrl Pts',(1.64549870140741,38.3897119263553,0.708163536623966));
#6179=CARTESIAN_POINT('Ctrl Pts',(1.54172624275983,38.3897119263553,0.702726730666869));
#6180=CARTESIAN_POINT('Ctrl Pts',(1.43781248636632,38.3897119263553,0.700000000000001));
#6181=CARTESIAN_POINT('Ctrl Pts',(1.33390078689822,38.3897119263553,0.700000000000001));
#6182=CARTESIAN_POINT('',(1.6613057694197,38.3211557151544,0.406453612710558));
#6183=CARTESIAN_POINT('Ctrl Pts',(1.64549870140738,38.3897119263553,0.708163536623964));
#6184=CARTESIAN_POINT('Ctrl Pts',(1.62082876221583,38.3897119263553,0.690602912910936));
#6185=CARTESIAN_POINT('Ctrl Pts',(1.59999566289709,38.389128374147,0.673373141322984));
#6186=CARTESIAN_POINT('Ctrl Pts',(1.58326081764853,38.3879547709937,0.656309785434501));
#6187=CARTESIAN_POINT('Ctrl Pts',(1.57525475322125,38.3873933112182,0.648146559270182));
#6188=CARTESIAN_POINT('Ctrl Pts',(1.56818667920847,38.3866964976283,0.640022058294967));
#6189=CARTESIAN_POINT('Ctrl Pts',(1.56208536352695,38.3858618593605,0.631922228879703));
#6190=CARTESIAN_POINT('Ctrl Pts',(1.55335139150296,38.3846670830759,0.620327404549212));
#6191=CARTESIAN_POINT('Ctrl Pts',(1.54578699166668,38.383078574831,0.607700985475337));
#6192=CARTESIAN_POINT('Ctrl Pts',(1.54073074707193,38.3809431347817,0.594202669639604));
#6193=CARTESIAN_POINT('Ctrl Pts',(1.53967337815357,38.3804965685817,0.591379883014578));
#6194=CARTESIAN_POINT('Ctrl Pts',(1.5387258541384,38.3800260789867,0.588519049603005));
#6195=CARTESIAN_POINT('Ctrl Pts',(1.53790067839419,38.3795302708131,0.585621796466067));
#6196=CARTESIAN_POINT('Ctrl Pts',(1.53432753689702,38.3773833429952,0.573076232101169));
#6197=CARTESIAN_POINT('Ctrl Pts',(1.53320349402682,38.3748617422079,0.560422811465662));
#6198=CARTESIAN_POINT('Ctrl Pts',(1.5347583957472,38.371912979936,0.547625874301465));
#6199=CARTESIAN_POINT('Ctrl Pts',(1.53632388855489,38.3689441324084,0.534741771834697));
#6200=CARTESIAN_POINT('Ctrl Pts',(1.54050302537682,38.365736520245,0.522563738031743));
#6201=CARTESIAN_POINT('Ctrl Pts',(1.54643714443907,38.3624028192034,0.511131354504406));
#6202=CARTESIAN_POINT('Ctrl Pts',(1.55275302717479,38.3588546489302,0.498963483757109));
#6203=CARTESIAN_POINT('Ctrl Pts',(1.56106030942637,38.3551599598498,0.487634604676966));
#6204=CARTESIAN_POINT('Ctrl Pts',(1.5702663600396,38.351495174962,0.477282213633345));
#6205=CARTESIAN_POINT('Ctrl Pts',(1.57379355125101,38.3500910552595,0.473315815419796));
#6206=CARTESIAN_POINT('Ctrl Pts',(1.57745233301581,38.3486914865881,0.4694923549908));
#6207=CARTESIAN_POINT('Ctrl Pts',(1.58118007680091,38.3473068257179,0.465817980574592));
#6208=CARTESIAN_POINT('Ctrl Pts',(1.59304354092299,38.3429001723903,0.45412436331686));
#6209=CARTESIAN_POINT('Ctrl Pts',(1.60647595907233,38.3383171296597,0.443078627678352));
#6210=CARTESIAN_POINT('Ctrl Pts',(1.62062987240237,38.3337006988733,0.432802395755605));
#6211=CARTESIAN_POINT('Ctrl Pts',(1.63380237933803,38.3294043629319,0.423238698909488));
#6212=CARTESIAN_POINT('Ctrl Pts',(1.64759926727185,38.3250797271525,0.414341218330844));
#6213=CARTESIAN_POINT('Ctrl Pts',(1.66132048093883,38.3208538328728,0.406172813556854));
#6214=CARTESIAN_POINT('',(1.68211633810276,37.7026529576786,0.0092417395742994));
#6215=CARTESIAN_POINT('Origin',(1.64549870140738,37.6897119263553,0.708163536623965));
#6216=CARTESIAN_POINT('Ctrl Pts',(1.6821163381028,37.7026529576786,0.00924173957430108));
#6217=CARTESIAN_POINT('Ctrl Pts',(1.5661818125479,37.6982848570823,0.00308686490588979));
#6218=CARTESIAN_POINT('Ctrl Pts',(1.45005617844314,37.6939694750114,8.35551397500803E-16));
#6219=CARTESIAN_POINT('Ctrl Pts',(1.33390078689822,37.6897119263553,8.32667268468867E-16));
#6220=CARTESIAN_POINT('Ctrl Pts',(3.09222425774954,37.7588078792278,0.239019673286156));
#6221=CARTESIAN_POINT('Ctrl Pts',(2.63260339188523,37.7394957518404,0.11189282928723));
#6222=CARTESIAN_POINT('Ctrl Pts',(2.15899890587059,37.7206206081145,0.0345590677999688));
#6223=CARTESIAN_POINT('Ctrl Pts',(1.68211633810276,37.7026529576786,0.00924173957429844));
#6224=CARTESIAN_POINT('Ctrl Pts',(3.08950465709671,37.8631720974323,0.249008249253365));
#6225=CARTESIAN_POINT('Ctrl Pts',(2.63129719704055,37.8461064735503,0.119463047656947));
#6226=CARTESIAN_POINT('Ctrl Pts',(2.15860605911601,37.8293316467898,0.0394015777466363));
#6227=CARTESIAN_POINT('Ctrl Pts',(1.68200935706836,37.8132377014693,0.0112836893985165));
#6228=CARTESIAN_POINT('Ctrl Pts',(3.06856463469238,38.1012838720774,0.325916969040099));
#6229=CARTESIAN_POINT('Ctrl Pts',(2.61687747280534,38.0908128653949,0.193996447907233));
#6230=CARTESIAN_POINT('Ctrl Pts',(2.15006909348806,38.0803871722311,0.110417501384609));
#6231=CARTESIAN_POINT('Ctrl Pts',(1.67850619797383,38.0702520291356,0.0781485793986356));
#6232=CARTESIAN_POINT('Ctrl Pts',(3.0182384087154,38.2705453795953,0.510755625697285));
#6233=CARTESIAN_POINT('Ctrl Pts',(2.57922697052161,38.2661806783569,0.383910198215637));
#6234=CARTESIAN_POINT('Ctrl Pts',(2.12592821025231,38.2617455822229,0.304015424021329));
#6235=CARTESIAN_POINT('Ctrl Pts',(1.66826580302688,38.2575062200303,0.273607267744989));
#6236=CARTESIAN_POINT('Ctrl Pts',(2.98474291725774,38.3279681985001,0.633778195439298));
#6237=CARTESIAN_POINT('Ctrl Pts',(2.55396219638031,38.325677090203,0.511216711315501));
#6238=CARTESIAN_POINT('Ctrl Pts',(2.10952051494329,38.3233855549049,0.434603099200536));
#6239=CARTESIAN_POINT('Ctrl Pts',(1.6613057694197,38.3211557151544,0.406453612710557));
#6240=CARTESIAN_POINT('',(3.09222425774954,37.7588078792278,0.239019673286155));
#6241=CARTESIAN_POINT('Ctrl Pts',(1.6613057694197,38.3211557151544,0.406453612710558));
#6242=CARTESIAN_POINT('Ctrl Pts',(1.73161734229388,38.2993896013737,0.364583403819982));
#6243=CARTESIAN_POINT('Ctrl Pts',(1.82754304849711,38.2716430521331,0.325368574174193));
#6244=CARTESIAN_POINT('Ctrl Pts',(2.09261526605365,38.188169882996,0.245256151334785));
#6245=CARTESIAN_POINT('Ctrl Pts',(2.30069779799899,38.11733679298,0.202771579721677));
#6246=CARTESIAN_POINT('Ctrl Pts',(2.7247801788604,37.9388855077209,0.184236403099604));
#6247=CARTESIAN_POINT('Ctrl Pts',(2.90996110061266,37.8497243033479,0.198741240908259));
#6248=CARTESIAN_POINT('Ctrl Pts',(3.09222425774954,37.7588078792278,0.239019673286156));
#6249=CARTESIAN_POINT('Ctrl Pts',(3.09222425774954,37.7588078792278,0.239019673286156));
#6250=CARTESIAN_POINT('Ctrl Pts',(2.63260339188523,37.7394957518404,0.11189282928723));
#6251=CARTESIAN_POINT('Ctrl Pts',(2.15899890587059,37.7206206081145,0.0345590677999688));
#6252=CARTESIAN_POINT('Ctrl Pts',(1.68211633810276,37.7026529576786,0.00924173957429844));
#6253=CARTESIAN_POINT('Ctrl Pts',(1.6454987014074,18.3897119263553,0.708163536623964));
#6254=CARTESIAN_POINT('Ctrl Pts',(1.54172624275982,18.3897119263553,0.702726730666868));
#6255=CARTESIAN_POINT('Ctrl Pts',(1.43781248636632,18.3897119263553,0.7));
#6256=CARTESIAN_POINT('Ctrl Pts',(1.33390078689821,18.3897119263553,0.7));
#6257=CARTESIAN_POINT('Ctrl Pts',(1.65632757181023,18.3897119263553,0.50147260173586));
#6258=CARTESIAN_POINT('Ctrl Pts',(1.54898676756063,18.3896787431312,0.494998315772033));
#6259=CARTESIAN_POINT('Ctrl Pts',(1.44149166277145,18.3897453441841,0.491389028180317));
#6260=CARTESIAN_POINT('Ctrl Pts',(1.33390078689821,18.3897119263553,0.49056048976068));
#6261=CARTESIAN_POINT('Ctrl Pts',(1.67508919819382,18.5610743248969,0.143368944291194));
#6262=CARTESIAN_POINT('Ctrl Pts',(1.56160839766659,18.5625436248072,0.135213022391511));
#6263=CARTESIAN_POINT('Ctrl Pts',(1.44781140476226,18.5639763726419,0.130019527636101));
#6264=CARTESIAN_POINT('Ctrl Pts',(1.33390078689821,18.5654290497446,0.12787209650332));
#6265=CARTESIAN_POINT('Ctrl Pts',(1.68196619158377,18.9215666157947,0.0121075901414087));
#6266=CARTESIAN_POINT('Ctrl Pts',(1.56612267909959,18.9253012049519,0.00499005108093084));
#6267=CARTESIAN_POINT('Ctrl Pts',(1.45006612943692,18.9289742360896,0.000964415711470971));
#6268=CARTESIAN_POINT('Ctrl Pts',(1.33390078689821,18.9326322936758,-6.84271036922114E-16));
#6269=CARTESIAN_POINT('Ctrl Pts',(1.68211633810278,19.0767708950319,0.00924173957429844));
#6270=CARTESIAN_POINT('Ctrl Pts',(1.56618181254789,19.0811389956282,0.00308686490588773));
#6271=CARTESIAN_POINT('Ctrl Pts',(1.45005617844313,19.0854543776991,-7.19420915882429E-16));
#6272=CARTESIAN_POINT('Ctrl Pts',(1.33390078689821,19.0897119263553,-6.93889390390723E-16));
#6273=CARTESIAN_POINT('',(1.66130576941971,18.4582681375561,0.406453612710561));
#6274=CARTESIAN_POINT('Ctrl Pts',(1.66126862543798,18.457697917221,0.406181510331801));
#6275=CARTESIAN_POINT('Ctrl Pts',(1.6566547423463,18.4562598167157,0.408928729914565));
#6276=CARTESIAN_POINT('Ctrl Pts',(1.65214816731338,18.4548463894571,0.411689131865748));
#6277=CARTESIAN_POINT('Ctrl Pts',(1.64775274231425,18.453457461365,0.414461964835151));
#6278=CARTESIAN_POINT('Ctrl Pts',(1.63457369346448,18.4492929605082,0.422775905162488));
#6279=CARTESIAN_POINT('Ctrl Pts',(1.6210747950234,18.4449347699108,0.432033913814667));
#6280=CARTESIAN_POINT('Ctrl Pts',(1.60818810745529,18.4405654324117,0.442137902989801));
#6281=CARTESIAN_POINT('Ctrl Pts',(1.59527650595656,18.4361876476394,0.452261426283682));
#6282=CARTESIAN_POINT('Ctrl Pts',(1.58297921210187,18.4317983172283,0.463234092405972));
#6283=CARTESIAN_POINT('Ctrl Pts',(1.57227740165087,18.4275602330639,0.474934812445136));
#6284=CARTESIAN_POINT('Ctrl Pts',(1.57043414863076,18.4268302760654,0.476950115150079));
#6285=CARTESIAN_POINT('Ctrl Pts',(1.56863833502022,18.4261047659477,0.478986966593389));
#6286=CARTESIAN_POINT('Ctrl Pts',(1.56689510852383,18.4253844902923,0.481044689306938));
#6287=CARTESIAN_POINT('Ctrl Pts',(1.55811966519603,18.4217586056426,0.491403314014895));
#6288=CARTESIAN_POINT('Ctrl Pts',(1.55022424479359,18.4180829908734,0.502812640490304));
#6289=CARTESIAN_POINT('Ctrl Pts',(1.54439170215711,18.4145442037852,0.515153195324995));
#6290=CARTESIAN_POINT('Ctrl Pts',(1.54256076689479,18.4134333177669,0.519027107341035));
#6291=CARTESIAN_POINT('Ctrl Pts',(1.54093347470569,18.4123358296857,0.522992648737351));
#6292=CARTESIAN_POINT('Ctrl Pts',(1.53954739775563,18.4112573671909,0.527045788066371));
#6293=CARTESIAN_POINT('Ctrl Pts',(1.53533786806617,18.4079820657071,0.539355213124135));
#6294=CARTESIAN_POINT('Ctrl Pts',(1.53348646818148,18.4049906854694,0.552055564006753));
#6295=CARTESIAN_POINT('Ctrl Pts',(1.53444507747653,18.4023215403586,0.565169925459861));
#6296=CARTESIAN_POINT('Ctrl Pts',(1.53538525410434,18.3997037190393,0.578032116751626));
#6297=CARTESIAN_POINT('Ctrl Pts',(1.53896250764376,18.3975787137391,0.590390765744475));
#6298=CARTESIAN_POINT('Ctrl Pts',(1.54445432598336,18.3958417259282,0.602219885711014));
#6299=CARTESIAN_POINT('Ctrl Pts',(1.55088637753609,18.3938073550778,0.616074224063656));
#6300=CARTESIAN_POINT('Ctrl Pts',(1.55986847213274,18.3923332371589,0.629025912956628));
#6301=CARTESIAN_POINT('Ctrl Pts',(1.56986668233663,18.3912561955111,0.640837814929936));
#6302=CARTESIAN_POINT('Ctrl Pts',(1.57190237128845,18.3910369040841,0.643242781204571));
#6303=CARTESIAN_POINT('Ctrl Pts',(1.57398001481927,18.390834047331,0.645600532612339));
#6304=CARTESIAN_POINT('Ctrl Pts',(1.57608643000786,18.3906461884911,0.647909110059931));
#6305=CARTESIAN_POINT('Ctrl Pts',(1.58929214623301,18.3894684479661,0.662382239014642));
#6306=CARTESIAN_POINT('Ctrl Pts',(1.60471412584195,18.388790469133,0.676085451390015));
#6307=CARTESIAN_POINT('Ctrl Pts',(1.6206094741399,18.3884495808943,0.688660786290778));
#6308=CARTESIAN_POINT('Ctrl Pts',(1.62891288327261,18.3882715077586,0.695229887433106));
#6309=CARTESIAN_POINT('Ctrl Pts',(1.63734458950036,18.388185048353,0.701491306546962));
#6310=CARTESIAN_POINT('Ctrl Pts',(1.64565161716446,18.3881637931489,0.707394302721965));
#6311=CARTESIAN_POINT('',(1.68211633810278,19.0767708950319,0.00924173957429922));
#6312=CARTESIAN_POINT('Ctrl Pts',(1.33390078689821,19.0897119263553,-6.93889390390723E-16));
#6313=CARTESIAN_POINT('Ctrl Pts',(1.45005617844313,19.0854543776991,-7.19420915882429E-16));
#6314=CARTESIAN_POINT('Ctrl Pts',(1.56618181254789,19.0811389956282,0.00308686490588773));
#6315=CARTESIAN_POINT('Ctrl Pts',(1.68211633810278,19.0767708950319,0.00924173957429844));
#6316=CARTESIAN_POINT('Origin',(1.6454987014074,19.0897119263553,0.708163536623964));
#6317=CARTESIAN_POINT('Ctrl Pts',(1.68211633810278,19.0767708950319,0.00924173957429886));
#6318=CARTESIAN_POINT('Ctrl Pts',(2.15899890587059,19.058803244596,0.0345590677999699));
#6319=CARTESIAN_POINT('Ctrl Pts',(2.63260339188523,19.0399281008701,0.11189282928723));
#6320=CARTESIAN_POINT('Ctrl Pts',(3.09222425774954,19.0206159734827,0.239019673286154));
#6321=CARTESIAN_POINT('Ctrl Pts',(1.68200935706838,18.9661861512412,0.011283689398518));
#6322=CARTESIAN_POINT('Ctrl Pts',(2.15860605911602,18.9500922059207,0.0394015777466384));
#6323=CARTESIAN_POINT('Ctrl Pts',(2.63129719704055,18.9333173791602,0.119463047656948));
#6324=CARTESIAN_POINT('Ctrl Pts',(3.0895046570967,18.9162517552782,0.249008249253364));
#6325=CARTESIAN_POINT('Ctrl Pts',(1.67850721130795,18.7091609998962,0.0781292378639674));
#6326=CARTESIAN_POINT('Ctrl Pts',(2.15007010682217,18.6990258568008,0.110398159849942));
#6327=CARTESIAN_POINT('Ctrl Pts',(2.61688147307523,18.6886013401252,0.193981755676748));
#6328=CARTESIAN_POINT('Ctrl Pts',(3.06856863496226,18.6781303334427,0.325902276809612));
#6329=CARTESIAN_POINT('Ctrl Pts',(1.66826580302689,18.5219176326802,0.273607267744995));
#6330=CARTESIAN_POINT('Ctrl Pts',(2.12592821025231,18.5176782704876,0.304015424021336));
#6331=CARTESIAN_POINT('Ctrl Pts',(2.57922697052161,18.5132431743536,0.383910198215642));
#6332=CARTESIAN_POINT('Ctrl Pts',(3.01823840871539,18.5088784731152,0.510755625697288));
#6333=CARTESIAN_POINT('Ctrl Pts',(1.66130576941971,18.4582681375561,0.406453612710564));
#6334=CARTESIAN_POINT('Ctrl Pts',(2.10952051494329,18.4560382978056,0.434603099200544));
#6335=CARTESIAN_POINT('Ctrl Pts',(2.55396219638031,18.4537467625075,0.511216711315507));
#6336=CARTESIAN_POINT('Ctrl Pts',(2.98474291725773,18.4514556542104,0.633778195439302));
#6337=CARTESIAN_POINT('',(3.09222425774954,19.0206159734827,0.239019673286153));
#6338=CARTESIAN_POINT('Ctrl Pts',(3.09222425774954,19.0206159734827,0.239019673286153));
#6339=CARTESIAN_POINT('Ctrl Pts',(2.88623306714901,18.9178635426358,0.193497570128384));
#6340=CARTESIAN_POINT('Ctrl Pts',(2.67624615495256,18.8175620213887,0.180869137281404));
#6341=CARTESIAN_POINT('Ctrl Pts',(2.31916048118846,18.6723705434026,0.207382817623105));
#6342=CARTESIAN_POINT('Ctrl Pts',(2.17620064846496,18.6203155930247,0.229867127941786));
#6343=CARTESIAN_POINT('Ctrl Pts',(1.88450287559675,18.5241897584312,0.302892853937463));
#6344=CARTESIAN_POINT('Ctrl Pts',(1.75138500694673,18.4861536598555,0.352811853071518));
#6345=CARTESIAN_POINT('Ctrl Pts',(1.66130576941971,18.4582681375561,0.406453612710564));
#6346=CARTESIAN_POINT('Ctrl Pts',(1.68211633810278,19.0767708950319,0.00924173957429886));
#6347=CARTESIAN_POINT('Ctrl Pts',(2.15899890587059,19.058803244596,0.0345590677999699));
#6348=CARTESIAN_POINT('Ctrl Pts',(2.63260339188523,19.0399281008701,0.11189282928723));
#6349=CARTESIAN_POINT('Ctrl Pts',(3.09222425774954,19.0206159734827,0.239019673286154));
#6350=CARTESIAN_POINT('Ctrl Pts',(1.43545365381616,38.3021278132305,0.00698901794920451));
#6351=CARTESIAN_POINT('Ctrl Pts',(2.1444152646899,38.1796463584492,0.0378541607939362));
#6352=CARTESIAN_POINT('Ctrl Pts',(3.17444801853137,37.7845745247627,0.240627345893984));
#6353=CARTESIAN_POINT('Ctrl Pts',(4.12747086246158,37.1321615886536,0.498136930994844));
#6354=CARTESIAN_POINT('Ctrl Pts',(4.77104514104511,36.5360963941868,0.663019712744765));
#6355=CARTESIAN_POINT('Ctrl Pts',(5.12695441852788,36.1183103555662,0.73799078269626));
#6356=CARTESIAN_POINT('Ctrl Pts',(5.32143081054973,35.8418508374913,0.764568904729933));
#6357=CARTESIAN_POINT('Ctrl Pts',(1.70162198196628,38.4383362967211,1.61877199385517));
#6358=CARTESIAN_POINT('Ctrl Pts',(2.60834453211495,38.3131014120829,1.59890393988291));
#6359=CARTESIAN_POINT('Ctrl Pts',(3.99007001868211,37.9055254842616,1.58639258505444));
#6360=CARTESIAN_POINT('Ctrl Pts',(5.15384687532225,37.0625438738006,1.42614257072213));
#6361=CARTESIAN_POINT('Ctrl Pts',(5.75807933318329,36.319515770781,1.2615277917608));
#6362=CARTESIAN_POINT('Ctrl Pts',(6.0124205377501,35.8415761264872,1.1562698772535));
#6363=CARTESIAN_POINT('Ctrl Pts',(6.12943676736541,35.5543025288595,1.09421908233819));
#6364=CARTESIAN_POINT('Ctrl Pts',(2.08878028427136,39.2652583615815,3.14005833639841));
#6365=CARTESIAN_POINT('Ctrl Pts',(3.28059909590641,39.1013732760809,3.04242778424103));
#6366=CARTESIAN_POINT('Ctrl Pts',(5.13358620428565,38.532639788795,2.7101969726603));
#6367=CARTESIAN_POINT('Ctrl Pts',(6.47251928326724,37.2491014496787,2.05224334274854));
#6368=CARTESIAN_POINT('Ctrl Pts',(6.93356510738772,36.2164001867144,1.58875990868646));
#6369=CARTESIAN_POINT('Ctrl Pts',(7.02096883331591,35.6301221774976,1.35353566699411));
#6370=CARTESIAN_POINT('Ctrl Pts',(7.03024996527453,35.3146591480989,1.23629369483723));
#6371=CARTESIAN_POINT('Ctrl Pts',(2.47877967721309,40.5305426617648,4.10659793958085));
#6372=CARTESIAN_POINT('Ctrl Pts',(3.95794518576105,40.3090685444706,3.93741579971419));
#6373=CARTESIAN_POINT('Ctrl Pts',(6.28436135757059,39.5038757784478,3.31815439142384));
#6374=CARTESIAN_POINT('Ctrl Pts',(7.79608061658374,37.6577394080282,2.246231384135));
#6375=CARTESIAN_POINT('Ctrl Pts',(8.11116061793231,36.2469631931742,1.59585031493379));
#6376=CARTESIAN_POINT('Ctrl Pts',(8.03058622036764,35.5105818626435,1.30662994214581));
#6377=CARTESIAN_POINT('Ctrl Pts',(7.93172573605482,35.1474339459735,1.17625985343066));
#6378=CARTESIAN_POINT('',(5.32143081054972,35.8418508374913,0.764568904729932));
#6379=CARTESIAN_POINT('Origin',(7.93172573605483,37.174750551859,-4.47086219054014));
#6380=CARTESIAN_POINT('Ctrl Pts',(3.08968394837441,37.7593620739403,0.238150005014956));
#6381=CARTESIAN_POINT('Ctrl Pts',(3.15966564058284,37.7245289084131,0.253728542919659));
#6382=CARTESIAN_POINT('Ctrl Pts',(3.22828349252024,37.6887213755374,0.269548660643846));
#6383=CARTESIAN_POINT('Ctrl Pts',(3.2955496310958,37.6520621373198,0.285436511808234));
#6384=CARTESIAN_POINT('Ctrl Pts',(3.65095944049648,37.4583680567082,0.369382138444414));
#6385=CARTESIAN_POINT('Ctrl Pts',(3.96863372180655,37.2408970780051,0.455218666811367));
#6386=CARTESIAN_POINT('Ctrl Pts',(4.28904990843775,36.9697183536152,0.538791770183659));
#6387=CARTESIAN_POINT('Ctrl Pts',(4.44925800175335,36.8341289914202,0.580578321869804));
#6388=CARTESIAN_POINT('Ctrl Pts',(4.61015157139923,36.6851126928035,0.621799017307285));
#6389=CARTESIAN_POINT('Ctrl Pts',(4.77957567559286,36.50615803384,0.661152132513899));
#6390=CARTESIAN_POINT('Ctrl Pts',(4.94899977978649,36.3272033748765,0.700505247720512));
#6391=CARTESIAN_POINT('Ctrl Pts',(5.12695441852788,36.1183103555662,0.73799078269626));
#6392=CARTESIAN_POINT('Ctrl Pts',(5.32143081054972,35.8418508374913,0.764568904729933));
#6393=CARTESIAN_POINT('Ctrl Pts',(5.32143081054972,20.9375730152192,0.764568904729933));
#6394=CARTESIAN_POINT('Ctrl Pts',(5.12744464861168,20.6618103877608,0.738057780005581));
#6395=CARTESIAN_POINT('Ctrl Pts',(4.59598719998059,20.0425455746333,0.624909310807909));
#6396=CARTESIAN_POINT('Ctrl Pts',(3.82319594997233,19.411341550922,0.41242147537031));
#6397=CARTESIAN_POINT('Ctrl Pts',(2.78537082344039,18.8289343128937,0.155521872294171));
#6398=CARTESIAN_POINT('Ctrl Pts',(1.9085993149858,18.5590314744698,0.0275831434430271));
#6399=CARTESIAN_POINT('Ctrl Pts',(1.4353803518224,18.4772833761666,0.00698582705190715));
#6400=CARTESIAN_POINT('Ctrl Pts',(6.12943676736541,21.225121323851,1.09421908233819));
#6401=CARTESIAN_POINT('Ctrl Pts',(6.01271550864837,20.9385718766375,1.15611346152572));
#6402=CARTESIAN_POINT('Ctrl Pts',(5.63255676922824,20.2273054847645,1.31340651016712));
#6403=CARTESIAN_POINT('Ctrl Pts',(4.81187264211155,19.4008432236665,1.49430632613235));
#6404=CARTESIAN_POINT('Ctrl Pts',(3.45643853449048,18.6972763110498,1.59403401100883));
#6405=CARTESIAN_POINT('Ctrl Pts',(2.3067480842501,18.4246607770265,1.60551177044852));
#6406=CARTESIAN_POINT('Ctrl Pts',(1.70152816957277,18.3410745551208,1.61877405665762));
#6407=CARTESIAN_POINT('Ctrl Pts',(7.03024996527453,21.4647647046116,1.23629369483723));
#6408=CARTESIAN_POINT('Ctrl Pts',(7.02099222890675,21.1500968846764,1.35324012705098));
#6409=CARTESIAN_POINT('Ctrl Pts',(6.89240916333869,20.2740454528556,1.70470901325832));
#6410=CARTESIAN_POINT('Ctrl Pts',(6.12745440931111,19.0479971926817,2.28829235291338));
#6411=CARTESIAN_POINT('Ctrl Pts',(4.40798271044392,17.9953522859741,2.85849199655206));
#6412=CARTESIAN_POINT('Ctrl Pts',(2.88417297597184,17.6235304264185,3.07490657533244));
#6413=CARTESIAN_POINT('Ctrl Pts',(2.08865701181929,17.5141484989296,3.14006842994211));
#6414=CARTESIAN_POINT('Ctrl Pts',(7.93172573605483,21.631989906737,1.17625985343066));
#6415=CARTESIAN_POINT('Ctrl Pts',(8.03033701591145,21.2697574021218,1.30630130925182));
#6416=CARTESIAN_POINT('Ctrl Pts',(8.15495062454452,20.1657867640747,1.73711818458404));
#6417=CARTESIAN_POINT('Ctrl Pts',(7.44918334316134,18.4293835264,2.61284538897751));
#6418=CARTESIAN_POINT('Ctrl Pts',(5.36594156355361,16.9186307538303,3.59715795923758));
#6419=CARTESIAN_POINT('Ctrl Pts',(3.46594090440979,16.3966756926907,3.99369867598121));
#6420=CARTESIAN_POINT('Ctrl Pts',(2.47862674131882,16.2488582929417,4.10661543119182));
#6421=CARTESIAN_POINT('',(5.32143081054972,20.9375730152192,0.764568904729932));
#6422=CARTESIAN_POINT('Ctrl Pts',(5.32143081054972,20.9375730152192,0.764568904729933));
#6423=CARTESIAN_POINT('Ctrl Pts',(5.12744464861168,20.6618103877608,0.738057780005581));
#6424=CARTESIAN_POINT('Ctrl Pts',(4.95029216573465,20.4553887833849,0.700341623606358));
#6425=CARTESIAN_POINT('Ctrl Pts',(4.78067109381608,20.2756941122203,0.66103166364437));
#6426=CARTESIAN_POINT('Ctrl Pts',(4.44142894997894,19.9163047698911,0.582411743720392));
#6427=CARTESIAN_POINT('Ctrl Pts',(4.13231244997564,19.6638231604066,0.497416609545353));
#6428=CARTESIAN_POINT('Ctrl Pts',(3.804783345552,19.4405144826596,0.412102441945144));
#6429=CARTESIAN_POINT('Ctrl Pts',(3.57933782907927,19.2868061877094,0.353378816113736));
#6430=CARTESIAN_POINT('Ctrl Pts',(3.34516865457437,19.1469196571585,0.294504036298977));
#6431=CARTESIAN_POINT('Ctrl Pts',(3.09320666296771,19.0209916101062,0.239114631463298));
#6432=CARTESIAN_POINT('Origin',(7.93172573605483,19.6046733008515,-4.47086219054014));
#6433=CARTESIAN_POINT('Ctrl Pts',(7.93172573605483,21.631989906737,1.17625985343066));
#6434=CARTESIAN_POINT('Ctrl Pts',(7.3531572470163,23.7572671892195,0.413285387261998));
#6435=CARTESIAN_POINT('Ctrl Pts',(6.89127770503933,26.0626051419179,0.0046476735410297));
#6436=CARTESIAN_POINT('Ctrl Pts',(6.42130653181339,28.3540277731975,3.21267924308541E-5));
#6437=CARTESIAN_POINT('Ctrl Pts',(6.41766386218934,28.3718697405744,-2.22153856803563E-15));
#6438=CARTESIAN_POINT('Ctrl Pts',(6.41401428673392,28.3897119263553,-2.22044604925031E-15));
#6439=CARTESIAN_POINT('Ctrl Pts',(7.03024996527453,21.4647647046116,1.23629369483723));
#6440=CARTESIAN_POINT('Ctrl Pts',(6.78683511411506,23.6730877633471,0.420951171064774));
#6441=CARTESIAN_POINT('Ctrl Pts',(6.60408532443254,26.0166622712803,0.00577565252184619));
#6442=CARTESIAN_POINT('Ctrl Pts',(6.41691520583997,28.3533409447317,2.81470999688087E-5));
#6443=CARTESIAN_POINT('Ctrl Pts',(6.4154665430957,28.371524005001,-2.22153856803563E-15));
#6444=CARTESIAN_POINT('Ctrl Pts',(6.41401428673392,28.3897119263553,-2.22044604925031E-15));
#6445=CARTESIAN_POINT('Ctrl Pts',(6.12943676736541,21.225121323851,1.09421908233819));
#6446=CARTESIAN_POINT('Ctrl Pts',(6.21975472827272,23.5952245956146,0.374724178734818));
#6447=CARTESIAN_POINT('Ctrl Pts',(6.31698261897712,25.9698370174909,0.00499263082575296));
#6448=CARTESIAN_POINT('Ctrl Pts',(6.41252338416302,28.3526589418416,2.57175207809315E-5));
#6449=CARTESIAN_POINT('Ctrl Pts',(6.41326922400205,28.3711782694276,-2.22153856803563E-15));
#6450=CARTESIAN_POINT('Ctrl Pts',(6.41401428673392,28.3897119263553,-2.22044604925031E-15));
#6451=CARTESIAN_POINT('Ctrl Pts',(5.32143081054972,20.9375730152192,0.764568904729931));
#6452=CARTESIAN_POINT('Ctrl Pts',(5.6421448972848,23.5135984096511,0.268635501720298));
#6453=CARTESIAN_POINT('Ctrl Pts',(6.0313537585877,25.9235381519861,0.00302098780376399));
#6454=CARTESIAN_POINT('Ctrl Pts',(6.40812349973863,28.3519740433475,2.08824149968789E-5));
#6455=CARTESIAN_POINT('Ctrl Pts',(6.41107190490841,28.3708325338541,-2.22153856803563E-15));
#6456=CARTESIAN_POINT('Ctrl Pts',(6.41401428673392,28.3897119263553,-2.22044604925031E-15));
#6457=CARTESIAN_POINT('Ctrl Pts',(5.32143081054972,20.9375730152192,0.764568904729931));
#6458=CARTESIAN_POINT('Ctrl Pts',(5.6421448972848,23.5135984096511,0.268635501720298));
#6459=CARTESIAN_POINT('Ctrl Pts',(6.0313537585877,25.9235381519861,0.00302098780376399));
#6460=CARTESIAN_POINT('Ctrl Pts',(6.40812349973863,28.3519740433475,2.08824149968789E-5));
#6461=CARTESIAN_POINT('Ctrl Pts',(6.41107190490841,28.3708325338541,-2.22153856803563E-15));
#6462=CARTESIAN_POINT('Ctrl Pts',(6.41401428673392,28.3897119263553,-2.22044604925031E-15));
#6463=CARTESIAN_POINT('Ctrl Pts',(6.41401428673392,28.3897119263553,-2.22044604925031E-15));
#6464=CARTESIAN_POINT('Ctrl Pts',(6.41302529431721,28.3833661911106,-2.22156335783574E-15));
#6465=CARTESIAN_POINT('Ctrl Pts',(6.41203626867306,28.3770179202564,4.27726546841825E-6));
#6466=CARTESIAN_POINT('Ctrl Pts',(6.05326834703984,26.0762325757972,-3.4678686663462E-5));
#6467=CARTESIAN_POINT('Ctrl Pts',(5.57589426824044,23.0006008593658,0.324422301678461));
#6468=CARTESIAN_POINT('Ctrl Pts',(5.29782418504027,19.5747646660037,1.11955690470125));
#6469=CARTESIAN_POINT('Ctrl Pts',(5.26611564394236,18.316661505864,1.49060633133785));
#6470=CARTESIAN_POINT('Ctrl Pts',(5.2731366684925,17.7199054718383,1.68652681168369));
#6471=CARTESIAN_POINT('Ctrl Pts',(6.41401428673392,28.3897119263553,-2.22044604925031E-15));
#6472=CARTESIAN_POINT('Ctrl Pts',(6.41229151118924,28.3838840772701,3.80837196129239E-5));
#6473=CARTESIAN_POINT('Ctrl Pts',(6.41055391434329,28.3779514596721,-3.50414056473825E-5));
#6474=CARTESIAN_POINT('Ctrl Pts',(5.78485464348146,26.2548518270884,0.00289036535478353));
#6475=CARTESIAN_POINT('Ctrl Pts',(4.94755851091644,23.4024635224469,0.104582619628865));
#6476=CARTESIAN_POINT('Ctrl Pts',(4.36522922746306,20.0052078598289,0.395357317264933));
#6477=CARTESIAN_POINT('Ctrl Pts',(4.25133915703419,18.7104892399402,0.539836105708919));
#6478=CARTESIAN_POINT('Ctrl Pts',(4.22938628618548,18.0828530214554,0.618073003737973));
#6479=CARTESIAN_POINT('Ctrl Pts',(6.41401428673392,28.3897119263553,-2.22044604925031E-15));
#6480=CARTESIAN_POINT('Ctrl Pts',(6.41153511970334,28.3843409027722,-2.22426755267786E-15));
#6481=CARTESIAN_POINT('Ctrl Pts',(6.40909309782839,28.3789436020833,1.57713910518996E-15));
#6482=CARTESIAN_POINT('Ctrl Pts',(5.51405322002653,26.430208359261,-1.14242030255893E-13));
#6483=CARTESIAN_POINT('Ctrl Pts',(4.31745981949999,23.8148868779787,2.37960428349739E-14));
#6484=CARTESIAN_POINT('Ctrl Pts',(3.23178566720119,20.5331560088021,-1.64679482756841E-14));
#6485=CARTESIAN_POINT('Ctrl Pts',(2.91106339950575,19.2319853388496,-7.36865592832095E-16));
#6486=CARTESIAN_POINT('Ctrl Pts',(2.78574759814188,18.5848553519359,-7.11061054963688E-17));
#6487=CARTESIAN_POINT('Ctrl Pts',(6.41401428673392,28.3897119263553,-2.22044604925031E-15));
#6488=CARTESIAN_POINT('Ctrl Pts',(6.41080960780123,28.3848166984194,-2.22146724291737E-15));
#6489=CARTESIAN_POINT('Ctrl Pts',(6.40760270364974,28.3799185593737,1.57419386824284E-15));
#6490=CARTESIAN_POINT('Ctrl Pts',(5.24616725106004,26.6055405840344,-1.14180727890173E-13));
#6491=CARTESIAN_POINT('Ctrl Pts',(3.68740757210102,24.2274079007591,2.37389805705402E-14));
#6492=CARTESIAN_POINT('Ctrl Pts',(2.09636287181896,21.0620556762155,-1.6587200920959E-14));
#6493=CARTESIAN_POINT('Ctrl Pts',(1.56560201457886,19.7560292640195,9.86443391216707E-17));
#6494=CARTESIAN_POINT('Ctrl Pts',(1.33390078689821,19.0897119263552,0.));
#6495=CARTESIAN_POINT('Ctrl Pts',(5.32143081054972,35.8418508374913,0.764568904729931));
#6496=CARTESIAN_POINT('Ctrl Pts',(5.64214489728481,33.2658254430593,0.268635501720299));
#6497=CARTESIAN_POINT('Ctrl Pts',(6.03130196261881,30.8557032531002,0.00306341811253871));
#6498=CARTESIAN_POINT('Ctrl Pts',(6.40812377495075,28.427450779038,2.0657211148941E-5));
#6499=CARTESIAN_POINT('Ctrl Pts',(6.41107190491139,28.4085913188753,-2.21862762161426E-15));
#6500=CARTESIAN_POINT('Ctrl Pts',(6.41401428673392,28.3897119263553,-2.22044604925031E-15));
#6501=CARTESIAN_POINT('Ctrl Pts',(6.12943676736541,35.5543025288595,1.09421908233819));
#6502=CARTESIAN_POINT('Ctrl Pts',(6.21975472827273,33.1841992570959,0.374724178734817));
#6503=CARTESIAN_POINT('Ctrl Pts',(6.31698005956547,30.8094651693295,0.00500530771259966));
#6504=CARTESIAN_POINT('Ctrl Pts',(6.41252339775184,28.4267655575865,2.56504967286749E-5));
#6505=CARTESIAN_POINT('Ctrl Pts',(6.41326922400503,28.4082455833019,-2.21903420732263E-15));
#6506=CARTESIAN_POINT('Ctrl Pts',(6.41401428673392,28.3897119263553,-2.22044604925031E-15));
#6507=CARTESIAN_POINT('Ctrl Pts',(7.03024996527453,35.3146591480989,1.23629369483723));
#6508=CARTESIAN_POINT('Ctrl Pts',(6.78683511411506,33.1063360893634,0.420951171064769));
#6509=CARTESIAN_POINT('Ctrl Pts',(6.60405750308677,30.7627223747341,0.00578488861603181));
#6510=CARTESIAN_POINT('Ctrl Pts',(6.41691535366662,28.4260831165087,2.80983708202176E-5));
#6511=CARTESIAN_POINT('Ctrl Pts',(6.41546654309868,28.4078998477284,-2.219440793031E-15));
#6512=CARTESIAN_POINT('Ctrl Pts',(6.41401428673392,28.3897119263553,-2.22044604925031E-15));
#6513=CARTESIAN_POINT('Ctrl Pts',(7.93172573605483,35.1474339459735,1.17625985343066));
#6514=CARTESIAN_POINT('Ctrl Pts',(7.35315724701629,33.0221566634911,0.413285387261996));
#6515=CARTESIAN_POINT('Ctrl Pts',(6.89121839022466,30.7168154963082,0.0047129509312369));
#6516=CARTESIAN_POINT('Ctrl Pts',(6.42130684699737,28.4253960967655,3.17803252909214E-5));
#6517=CARTESIAN_POINT('Ctrl Pts',(6.41766386219232,28.407554112155,-2.21984737873937E-15));
#6518=CARTESIAN_POINT('Ctrl Pts',(6.41401428673392,28.3897119263553,-2.22044604925031E-15));
#6519=CARTESIAN_POINT('Ctrl Pts',(6.41401428673392,28.3897119263553,-2.22044604925031E-15));
#6520=CARTESIAN_POINT('Ctrl Pts',(6.41107190491139,28.4085913188753,-2.21862762161426E-15));
#6521=CARTESIAN_POINT('Ctrl Pts',(6.40812377495075,28.427450779038,2.0657211148941E-5));
#6522=CARTESIAN_POINT('Ctrl Pts',(6.03130196261881,30.8557032531002,0.00306341811253871));
#6523=CARTESIAN_POINT('Ctrl Pts',(5.64214489728481,33.2658254430593,0.268635501720299));
#6524=CARTESIAN_POINT('Ctrl Pts',(5.32143081054972,35.8418508374913,0.764568904729931));
#6525=CARTESIAN_POINT('Ctrl Pts',(5.2731366684925,39.0595183808722,1.68652681168369));
#6526=CARTESIAN_POINT('Ctrl Pts',(5.2380315457418,36.0757382107438,0.706924409954538));
#6527=CARTESIAN_POINT('Ctrl Pts',(5.81137985648085,32.235853238809,-0.00459774896854205));
#6528=CARTESIAN_POINT('Ctrl Pts',(6.41204018606836,28.4024024097646,9.55549277968499E-6));
#6529=CARTESIAN_POINT('Ctrl Pts',(6.41302529431721,28.3960576615999,-2.21983483994749E-15));
#6530=CARTESIAN_POINT('Ctrl Pts',(6.41401428673392,28.3897119263553,-2.22044604925031E-15));
#6531=CARTESIAN_POINT('Ctrl Pts',(4.22938628618548,38.6965708312551,0.618073003737975));
#6532=CARTESIAN_POINT('Ctrl Pts',(4.33493653118406,35.5600656419501,0.231064505221298));
#6533=CARTESIAN_POINT('Ctrl Pts',(5.36440114958055,31.9332128257962,-0.00048639482408625));
#6534=CARTESIAN_POINT('Ctrl Pts',(6.41056240278073,28.4014466262365,1.98015268353833E-6));
#6535=CARTESIAN_POINT('Ctrl Pts',(6.41228673214522,28.3955741591636,-2.21969817849274E-15));
#6536=CARTESIAN_POINT('Ctrl Pts',(6.41401428673392,28.3897119263553,-2.22044604925031E-15));
#6537=CARTESIAN_POINT('Ctrl Pts',(2.78574759814188,38.1945685007746,1.11022302462516E-15));
#6538=CARTESIAN_POINT('Ctrl Pts',(3.41039010512878,34.9588631571262,0.00703726944542497));
#6539=CARTESIAN_POINT('Ctrl Pts',(4.92107342832203,31.6422941399609,8.27831949581539E-5));
#6540=CARTESIAN_POINT('Ctrl Pts',(6.40908037961588,28.4004772205988,-8.58132131798238E-8));
#6541=CARTESIAN_POINT('Ctrl Pts',(6.41154816997322,28.3950906567274,-2.219561517038E-15));
#6542=CARTESIAN_POINT('Ctrl Pts',(6.41401428673392,28.3897119263553,-2.22044604925031E-15));
#6543=CARTESIAN_POINT('Ctrl Pts',(1.33390078689821,37.6897119263553,1.11022302462516E-15));
#6544=CARTESIAN_POINT('Ctrl Pts',(2.49240692530145,34.358125238034,1.69773722958078E-15));
#6545=CARTESIAN_POINT('Ctrl Pts',(4.47705263063594,31.3514588105797,-1.68257155680033E-13));
#6546=CARTESIAN_POINT('Ctrl Pts',(6.40759916392883,28.3995077185254,1.56262159763651E-15));
#6547=CARTESIAN_POINT('Ctrl Pts',(6.41080960780123,28.3946071542911,-2.21942485558325E-15));
#6548=CARTESIAN_POINT('Ctrl Pts',(6.41401428673392,28.3897119263553,-2.22044604925031E-15));
#6549=CARTESIAN_POINT('Origin',(12.4140142867339,28.3897119263553,20.));
#6550=CARTESIAN_POINT('Origin',(-55.0859857132661,28.3893232184587,7.));
#6551=CARTESIAN_POINT('',(-54.0482357132661,28.3893232184587,7.));
#6552=CARTESIAN_POINT('Origin',(-55.0859857132661,28.3893232184587,7.));
#6553=CARTESIAN_POINT('',(-54.0482357132661,28.3893232184587,7.));
#6554=CARTESIAN_POINT('Origin',(-26.0859857132661,28.3893232184587,7.));
#6555=CARTESIAN_POINT('',(-25.0482357132661,28.3893232184587,7.));
#6556=CARTESIAN_POINT('Origin',(-26.0859857132661,28.3893232184587,7.));
#6557=CARTESIAN_POINT('',(-25.0482357132661,28.3893232184587,7.));
#6558=CARTESIAN_POINT('Origin',(-52.5859857132661,22.1393232184587,5.));
#6559=CARTESIAN_POINT('',(-52.5859857132661,34.6393232184587,6.));
#6560=CARTESIAN_POINT('',(-52.5859857132661,22.1393232184587,6.));
#6561=CARTESIAN_POINT('',(-52.5859857132661,34.6393232184587,6.));
#6562=CARTESIAN_POINT('',(-52.5859857132661,34.6393232184587,7.));
#6563=CARTESIAN_POINT('',(-52.5859857132661,34.6393232184587,5.));
#6564=CARTESIAN_POINT('',(-52.5859857132661,22.1393232184587,7.));
#6565=CARTESIAN_POINT('',(-52.5859857132661,34.6393232184587,7.));
#6566=CARTESIAN_POINT('',(-52.5859857132661,22.1393232184587,5.));
#6567=CARTESIAN_POINT('Origin',(-57.5859857132661,34.6393232184587,5.));
#6568=CARTESIAN_POINT('',(-57.5859857132661,22.1393232184587,7.));
#6569=CARTESIAN_POINT('',(-57.5859857132661,22.1393232184587,5.));
#6570=CARTESIAN_POINT('',(-57.5859857132661,34.6393232184587,7.));
#6571=CARTESIAN_POINT('',(-57.5859857132661,22.1393232184587,7.));
#6572=CARTESIAN_POINT('',(-57.5859857132661,34.6393232184587,5.));
#6573=CARTESIAN_POINT('Origin',(-55.0859857132661,28.3893232184587,7.));
#6574=CARTESIAN_POINT('',(-57.5859857132661,34.6393232184587,7.));
#6575=CARTESIAN_POINT('',(-23.5859857132661,22.1393232184587,7.));
#6576=CARTESIAN_POINT('Origin',(-23.5859857132661,22.1393232184587,5.));
#6577=CARTESIAN_POINT('',(-23.5859857132661,34.6393232184587,7.));
#6578=CARTESIAN_POINT('',(-23.5859857132661,34.6393232184587,5.));
#6579=CARTESIAN_POINT('',(-23.5859857132661,22.1393232184587,7.));
#6580=CARTESIAN_POINT('',(-23.5859857132661,34.6393232184587,7.));
#6581=CARTESIAN_POINT('',(-23.5859857132661,22.1393232184587,5.));
#6582=CARTESIAN_POINT('Origin',(-28.5859857132661,34.6393232184587,5.));
#6583=CARTESIAN_POINT('',(-28.5859857132661,22.1393232184587,6.));
#6584=CARTESIAN_POINT('',(-28.5859857132661,28.3893232184587,6.));
#6585=CARTESIAN_POINT('',(-28.5859857132661,34.6393232184587,6.));
#6586=CARTESIAN_POINT('',(-28.5859857132661,22.1393232184587,7.));
#6587=CARTESIAN_POINT('',(-28.5859857132661,22.1393232184587,5.));
#6588=CARTESIAN_POINT('',(-28.5859857132661,34.6393232184587,7.));
#6589=CARTESIAN_POINT('',(-28.5859857132661,34.6393232184587,7.));
#6590=CARTESIAN_POINT('',(-28.5859857132661,34.6393232184587,6.));
#6591=CARTESIAN_POINT('',(-28.5859857132661,34.6393232184587,5.));
#6592=CARTESIAN_POINT('',(-28.5859857132661,34.6393232184587,6.));
#6593=CARTESIAN_POINT('Origin',(-26.0859857132661,28.3893232184587,7.));
#6594=CARTESIAN_POINT('',(-57.5859857132661,34.6393232184587,7.));
#6595=CARTESIAN_POINT('',(-23.5859857132661,22.1393232184587,7.));
#6596=CARTESIAN_POINT('Origin',(-52.5859857132661,22.1393232184587,5.));
#6597=CARTESIAN_POINT('',(-23.5859857132661,22.1393232184587,6.));
#6598=CARTESIAN_POINT('Origin',(-28.5859857132661,34.6393232184587,5.));
#6599=CARTESIAN_POINT('',(-57.5859857132661,34.6393232184587,6.));
#6600=CARTESIAN_POINT('Origin',(-34.5859857132661,28.3893232184587,5.));
#6601=CARTESIAN_POINT('',(-40.0234857132661,25.8528702324958,6.));
#6602=CARTESIAN_POINT('',(-40.0234857132661,25.8528702324958,5.));
#6603=CARTESIAN_POINT('Origin',(-34.5859857132661,28.3893232184587,6.));
#6604=CARTESIAN_POINT('',(-40.0234857132661,30.9257762044215,6.));
#6605=CARTESIAN_POINT('Origin',(-34.5859857132661,28.3893232184587,6.));
#6606=CARTESIAN_POINT('',(-40.0234857132661,30.9257762044215,5.));
#6607=CARTESIAN_POINT('Origin',(-41.0859857132661,28.3893232184587,5.));
#6608=CARTESIAN_POINT('Origin',(-41.0859857132661,28.3893232184587,6.));
#6609=CARTESIAN_POINT('Origin',(-40.5859857132661,28.3893232184587,6.));
#6610=CARTESIAN_POINT('Origin',(-61.5759857132661,28.3897119263552,5.));
#6611=CARTESIAN_POINT('',(-59.8259857132661,28.3897119263552,5.));
#6612=CARTESIAN_POINT('Origin',(-56.572687692943,8.38326471339949,5.));
#6613=CARTESIAN_POINT('',(-54.822687692943,8.38326471339949,5.));
#6614=CARTESIAN_POINT('Origin',(-40.5726877638093,8.38477060865091,5.));
#6615=CARTESIAN_POINT('',(-38.8226877638093,8.38477060865091,5.));
#6616=CARTESIAN_POINT('',(0.,0.,0.));
#6617=CARTESIAN_POINT('Origin',(-5.1,3.7964050773568E-16,26.75));
#6618=CARTESIAN_POINT('',(-2.6,6.85802207522518E-16,30.05));
#6619=CARTESIAN_POINT('Origin',(-5.1,3.7964050773568E-16,30.05));
#6620=CARTESIAN_POINT('',(-2.6,6.85802207522518E-16,26.75));
#6621=CARTESIAN_POINT('',(-2.6,6.85802207522518E-16,26.75));
#6622=CARTESIAN_POINT('Origin',(-5.1,3.7964050773568E-16,26.75));
#6623=CARTESIAN_POINT('Origin',(-5.1,5.55111512312578E-16,30.05));
#6624=CARTESIAN_POINT('Origin',(1.16129032258065,1.54878775058365,22.5));
#6625=CARTESIAN_POINT('',(0.918604651162792,1.48875721761529,22.5));
#6626=CARTESIAN_POINT('',(1.15140478668054,1.29898327468306,22.5));
#6627=CARTESIAN_POINT('Origin',(1.16129032258065,1.54878775058365,22.5));
#6628=CARTESIAN_POINT('',(0.918604651162792,1.48875721761529,26.75));
#6629=CARTESIAN_POINT('',(0.918604651162792,1.48875721761529,22.5));
#6630=CARTESIAN_POINT('',(1.15140478668054,1.29898327468306,26.75));
#6631=CARTESIAN_POINT('Origin',(1.16129032258065,1.54878775058365,26.75));
#6632=CARTESIAN_POINT('',(1.15140478668054,1.29898327468306,22.5));
#6633=CARTESIAN_POINT('Origin',(1.1,0.,22.5));
#6634=CARTESIAN_POINT('',(1.15140478668054,-1.29898327468306,26.75));
#6635=CARTESIAN_POINT('Origin',(1.1,0.,26.75));
#6636=CARTESIAN_POINT('',(1.15140478668054,-1.29898327468306,22.5));
#6637=CARTESIAN_POINT('',(1.15140478668054,-1.29898327468306,22.5));
#6638=CARTESIAN_POINT('Origin',(1.1,0.,22.5));
#6639=CARTESIAN_POINT('Origin',(1.16129032258065,-1.54878775058365,22.5));
#6640=CARTESIAN_POINT('',(0.918604651162792,-1.48875721761529,22.5));
#6641=CARTESIAN_POINT('Origin',(1.16129032258065,-1.54878775058365,22.5));
#6642=CARTESIAN_POINT('',(0.918604651162792,-1.48875721761529,26.75));
#6643=CARTESIAN_POINT('Origin',(1.16129032258065,-1.54878775058365,26.75));
#6644=CARTESIAN_POINT('',(0.918604651162792,-1.48875721761529,22.5));
#6645=CARTESIAN_POINT('Origin',(-5.1,3.7964050773568E-16,22.5));
#6646=CARTESIAN_POINT('',(-5.1,6.2,22.5));
#6647=CARTESIAN_POINT('Origin',(-5.1,3.7964050773568E-16,22.5));
#6648=CARTESIAN_POINT('',(-11.3,3.7964050773568E-16,22.5));
#6649=CARTESIAN_POINT('Origin',(-5.1,3.7964050773568E-16,22.5));
#6650=CARTESIAN_POINT('',(-5.1,-6.2,22.5));
#6651=CARTESIAN_POINT('Origin',(-5.1,3.7964050773568E-16,22.5));
#6652=CARTESIAN_POINT('Origin',(-5.1,3.7964050773568E-16,22.5));
#6653=CARTESIAN_POINT('Origin',(-5.1,3.7964050773568E-16,26.75));
#6654=CARTESIAN_POINT('Origin',(-4.45,0.,26.75));
#6655=CARTESIAN_POINT('Origin',(0.,0.,22.5));
#6656=CARTESIAN_POINT('',(11.3,-6.2,22.5));
#6657=CARTESIAN_POINT('',(-11.3,-6.2,22.5));
#6658=CARTESIAN_POINT('',(11.3,6.2,22.5));
#6659=CARTESIAN_POINT('',(11.3,-6.2,22.5));
#6660=CARTESIAN_POINT('',(11.3,6.2,22.5));
#6661=CARTESIAN_POINT('Origin',(0.,0.,22.5));
#6662=CARTESIAN_POINT('',(-11.3,-6.2,22.5));
#6663=CARTESIAN_POINT('',(-11.3,6.2,22.5));
#6664=CARTESIAN_POINT('',(-11.3,-6.2,22.5));
#6665=CARTESIAN_POINT('Origin',(0.,0.,22.5));
#6666=CARTESIAN_POINT('',(-11.3,6.2,22.5));
#6667=CARTESIAN_POINT('',(11.3,6.2,22.5));
#6668=CARTESIAN_POINT('',(-11.3,6.2,22.5));
#6669=CARTESIAN_POINT('Origin',(-14.9224972160322,-0.550000000000002,18.25));
#6670=CARTESIAN_POINT('',(-16.3,-0.550000000000002,15.85));
#6671=CARTESIAN_POINT('',(-14.9224972160322,-0.550000000000002,15.85));
#6672=CARTESIAN_POINT('',(-15.6112486080161,-0.550000000000003,15.85));
#6673=CARTESIAN_POINT('',(-16.3,-0.550000000000002,18.25));
#6674=CARTESIAN_POINT('',(-16.3,-0.550000000000003,18.25));
#6675=CARTESIAN_POINT('',(-14.9224972160322,-0.550000000000002,18.25));
#6676=CARTESIAN_POINT('',(-13.1112486080161,-0.550000000000003,18.25));
#6677=CARTESIAN_POINT('',(-14.9224972160322,-0.550000000000002,18.25));
#6678=CARTESIAN_POINT('Origin',(-13.8,-8.45006291411674E-16,18.25));
#6679=CARTESIAN_POINT('',(-14.9224972160322,0.549999999999998,15.85));
#6680=CARTESIAN_POINT('Origin',(-13.8,-8.45006291411674E-16,15.85));
#6681=CARTESIAN_POINT('',(-14.9224972160322,0.549999999999998,18.25));
#6682=CARTESIAN_POINT('Origin',(-13.8,-8.45006291411674E-16,18.25));
#6683=CARTESIAN_POINT('',(-14.9224972160322,0.549999999999998,18.25));
#6684=CARTESIAN_POINT('Origin',(-16.3,0.549999999999998,18.25));
#6685=CARTESIAN_POINT('',(-16.3,0.549999999999998,15.85));
#6686=CARTESIAN_POINT('',(-16.3,0.549999999999998,15.85));
#6687=CARTESIAN_POINT('',(-16.3,0.549999999999998,18.25));
#6688=CARTESIAN_POINT('',(-13.8,0.549999999999998,18.25));
#6689=CARTESIAN_POINT('',(-16.3,0.549999999999998,18.25));
#6690=CARTESIAN_POINT('Origin',(-11.3,6.2,18.25));
#6691=CARTESIAN_POINT('',(-16.3,-6.2,18.25));
#6692=CARTESIAN_POINT('',(-16.3,6.2,18.25));
#6693=CARTESIAN_POINT('',(-11.3,-6.2,18.25));
#6694=CARTESIAN_POINT('',(-5.65,-6.2,18.25));
#6695=CARTESIAN_POINT('',(-11.3,6.2,18.25));
#6696=CARTESIAN_POINT('',(-11.3,6.2,18.25));
#6697=CARTESIAN_POINT('',(-16.3,6.2,18.25));
#6698=CARTESIAN_POINT('',(-11.3,6.2,18.25));
#6699=CARTESIAN_POINT('',(-16.3,6.2,18.25));
#6700=CARTESIAN_POINT('Origin',(-16.3,6.2,18.25));
#6701=CARTESIAN_POINT('',(-16.3,-6.2,15.85));
#6702=CARTESIAN_POINT('',(-16.3,6.2,15.85));
#6703=CARTESIAN_POINT('',(-16.3,-6.2,17.65));
#6704=CARTESIAN_POINT('Origin',(13.8141323655931,0.,18.25));
#6705=CARTESIAN_POINT('',(14.9366295816253,0.549999999999998,15.85));
#6706=CARTESIAN_POINT('',(14.9366295816253,-0.550000000000002,15.85));
#6707=CARTESIAN_POINT('Origin',(13.8141323655931,0.,15.85));
#6708=CARTESIAN_POINT('',(14.9366295816253,0.549999999999998,18.25));
#6709=CARTESIAN_POINT('',(14.9366295816253,0.549999999999998,18.25));
#6710=CARTESIAN_POINT('',(14.9366295816253,-0.550000000000002,18.25));
#6711=CARTESIAN_POINT('Origin',(13.8141323655931,0.,18.25));
#6712=CARTESIAN_POINT('',(14.9366295816253,-0.550000000000002,18.25));
#6713=CARTESIAN_POINT('Origin',(16.3,-0.550000000000002,18.25));
#6714=CARTESIAN_POINT('',(16.3,-0.550000000000003,15.85));
#6715=CARTESIAN_POINT('',(13.8,-0.550000000000003,15.85));
#6716=CARTESIAN_POINT('',(16.3,-0.550000000000002,18.25));
#6717=CARTESIAN_POINT('',(16.3,-0.550000000000003,18.25));
#6718=CARTESIAN_POINT('',(16.3,-0.550000000000003,17.05));
#6719=CARTESIAN_POINT('Origin',(14.9366295816253,0.549999999999998,18.25));
#6720=CARTESIAN_POINT('',(16.3,0.549999999999998,15.85));
#6721=CARTESIAN_POINT('',(13.1183147908127,0.549999999999998,15.85));
#6722=CARTESIAN_POINT('',(16.3,0.549999999999998,18.25));
#6723=CARTESIAN_POINT('',(16.3,0.549999999999998,17.05));
#6724=CARTESIAN_POINT('',(15.6183147908127,0.549999999999998,18.25));
#6725=CARTESIAN_POINT('Origin',(16.3,6.2,18.25));
#6726=CARTESIAN_POINT('',(16.3,6.2,18.25));
#6727=CARTESIAN_POINT('',(16.3,6.2,18.25));
#6728=CARTESIAN_POINT('',(11.3,6.2,18.25));
#6729=CARTESIAN_POINT('',(11.3,6.2,18.25));
#6730=CARTESIAN_POINT('',(11.3,-6.2,18.25));
#6731=CARTESIAN_POINT('',(11.3,0.,18.25));
#6732=CARTESIAN_POINT('',(16.3,-6.2,18.25));
#6733=CARTESIAN_POINT('',(8.15,-6.2,18.25));
#6734=CARTESIAN_POINT('',(16.3,6.2,18.25));
#6735=CARTESIAN_POINT('Origin',(16.3,6.2,15.85));
#6736=CARTESIAN_POINT('',(16.3,6.2,15.85));
#6737=CARTESIAN_POINT('',(16.3,6.2,15.85));
#6738=CARTESIAN_POINT('',(16.3,6.2,18.25));
#6739=CARTESIAN_POINT('Origin',(16.3,6.2,15.85));
#6740=CARTESIAN_POINT('',(16.3,-6.2,15.85));
#6741=CARTESIAN_POINT('',(16.3,-6.2,16.45));
#6742=CARTESIAN_POINT('',(16.3,6.2,15.85));
#6743=CARTESIAN_POINT('Origin',(11.3,6.2,15.85));
#6744=CARTESIAN_POINT('',(11.3,-6.2,15.85));
#6745=CARTESIAN_POINT('',(5.65,-6.2,15.85));
#6746=CARTESIAN_POINT('',(11.3,6.2,15.85));
#6747=CARTESIAN_POINT('',(11.3,0.,15.85));
#6748=CARTESIAN_POINT('',(16.3,6.2,15.85));
#6749=CARTESIAN_POINT('Origin',(11.3,-6.2,0.));
#6750=CARTESIAN_POINT('',(11.3,-6.2,0.));
#6751=CARTESIAN_POINT('',(11.3,-6.2,0.));
#6752=CARTESIAN_POINT('',(11.3,6.2,0.));
#6753=CARTESIAN_POINT('',(11.3,-6.2,0.));
#6754=CARTESIAN_POINT('',(11.3,6.2,0.));
#6755=CARTESIAN_POINT('Origin',(11.3,-6.2,0.));
#6756=CARTESIAN_POINT('',(11.3,6.2,0.));
#6757=CARTESIAN_POINT('',(11.3,-6.2,0.));
#6758=CARTESIAN_POINT('Origin',(-16.3,6.2,15.85));
#6759=CARTESIAN_POINT('',(-16.3,6.2,15.85));
#6760=CARTESIAN_POINT('',(-16.3,6.2,15.85));
#6761=CARTESIAN_POINT('',(-11.3,6.2,15.85));
#6762=CARTESIAN_POINT('',(-16.3,6.2,15.85));
#6763=CARTESIAN_POINT('',(-11.3,-6.2,15.85));
#6764=CARTESIAN_POINT('',(-11.3,6.2,15.85));
#6765=CARTESIAN_POINT('',(-8.15,-6.2,15.85));
#6766=CARTESIAN_POINT('Origin',(-16.3,6.2,18.25));
#6767=CARTESIAN_POINT('',(-16.3,6.2,18.25));
#6768=CARTESIAN_POINT('Origin',(-11.3,6.2,0.));
#6769=CARTESIAN_POINT('',(-11.3,6.2,0.));
#6770=CARTESIAN_POINT('',(-11.3,6.2,0.));
#6771=CARTESIAN_POINT('',(-11.3,-6.2,0.));
#6772=CARTESIAN_POINT('',(-11.3,6.2,0.));
#6773=CARTESIAN_POINT('',(-11.3,-6.2,0.));
#6774=CARTESIAN_POINT('Origin',(-11.3,-6.2,0.));
#6775=CARTESIAN_POINT('',(-11.3,-6.2,0.));
#6776=CARTESIAN_POINT('',(-11.3,-6.2,0.));
#6777=CARTESIAN_POINT('Origin',(-11.3,6.2,0.));
#6778=CARTESIAN_POINT('',(-11.3,6.2,0.));
#6779=CARTESIAN_POINT('Origin',(11.3,6.2,0.));
#6780=CARTESIAN_POINT('',(11.3,6.2,0.));
#6781=CARTESIAN_POINT('Origin',(0.,0.,0.));
#6782=CARTESIAN_POINT('',(0.,0.,0.));
#6783=CARTESIAN_POINT('Origin',(0.,0.,10.));
#6784=CARTESIAN_POINT('',(2.4,2.93915231795365E-16,10.));
#6785=CARTESIAN_POINT('Origin',(0.,0.,10.));
#6786=CARTESIAN_POINT('',(2.4,2.93915231795365E-16,0.));
#6787=CARTESIAN_POINT('',(2.4,-2.93915231795365E-16,10.));
#6788=CARTESIAN_POINT('Origin',(0.,0.,0.));
#6789=CARTESIAN_POINT('Origin',(4.5,0.,10.));
#6790=CARTESIAN_POINT('',(5.8,1.59204083889156E-16,10.));
#6791=CARTESIAN_POINT('Origin',(4.5,0.,10.));
#6792=CARTESIAN_POINT('',(5.8,1.59204083889156E-16,0.));
#6793=CARTESIAN_POINT('',(5.8,-1.59204083889156E-16,10.));
#6794=CARTESIAN_POINT('Origin',(4.5,0.,0.));
#6795=CARTESIAN_POINT('Origin',(-4.5,0.,10.));
#6796=CARTESIAN_POINT('',(-3.2,1.59204083889156E-16,10.));
#6797=CARTESIAN_POINT('Origin',(-4.5,0.,10.));
#6798=CARTESIAN_POINT('',(-3.2,1.59204083889156E-16,0.));
#6799=CARTESIAN_POINT('',(-3.2,-1.59204083889156E-16,10.));
#6800=CARTESIAN_POINT('Origin',(-4.5,0.,0.));
#6801=CARTESIAN_POINT('Origin',(30.75,0.,0.));
#6802=CARTESIAN_POINT('',(29.,-2.14313189850787E-16,10.));
#6803=CARTESIAN_POINT('Origin',(30.75,0.,10.));
#6804=CARTESIAN_POINT('',(29.,-2.14313189850787E-16,0.));
#6805=CARTESIAN_POINT('',(29.,-2.14313189850787E-16,0.));
#6806=CARTESIAN_POINT('Origin',(30.75,0.,0.));
#6807=CARTESIAN_POINT('Origin',(30.75,0.,0.));
#6808=CARTESIAN_POINT('',(30.75,-4.,0.));
#6809=CARTESIAN_POINT('',(30.75,4.,0.));
#6810=CARTESIAN_POINT('Origin',(30.75,0.,0.));
#6811=CARTESIAN_POINT('',(30.75,4.,10.));
#6812=CARTESIAN_POINT('',(30.75,4.,0.));
#6813=CARTESIAN_POINT('',(30.75,-4.,10.));
#6814=CARTESIAN_POINT('Origin',(30.75,0.,10.));
#6815=CARTESIAN_POINT('',(30.75,-4.,0.));
#6816=CARTESIAN_POINT('Origin',(11.4091235421482,-4.,0.));
#6817=CARTESIAN_POINT('',(11.4091235421482,-4.,0.));
#6818=CARTESIAN_POINT('',(30.75,-4.,0.));
#6819=CARTESIAN_POINT('',(11.4091235421482,-4.,10.));
#6820=CARTESIAN_POINT('',(30.75,-4.,10.));
#6821=CARTESIAN_POINT('',(11.4091235421482,-4.,0.));
#6822=CARTESIAN_POINT('Origin',(0.,0.,0.));
#6823=CARTESIAN_POINT('',(-11.3655842014111,-4.12208633590252,0.));
#6824=CARTESIAN_POINT('Origin',(0.,0.,0.));
#6825=CARTESIAN_POINT('',(-11.3655842014111,-4.12208633590252,10.));
#6826=CARTESIAN_POINT('Origin',(0.,0.,10.));
#6827=CARTESIAN_POINT('',(-11.3655842014111,-4.12208633590252,0.));
#6828=CARTESIAN_POINT('Origin',(-12.6444631102501,0.650754728612741,0.));
#6829=CARTESIAN_POINT('',(-14.0512609346273,-4.08595963599949,0.));
#6830=CARTESIAN_POINT('Origin',(-12.6444631102501,0.650754728612741,0.));
#6831=CARTESIAN_POINT('',(-14.0512609346273,-4.08595963599949,10.));
#6832=CARTESIAN_POINT('Origin',(-12.6444631102501,0.650754728612741,10.));
#6833=CARTESIAN_POINT('',(-14.0512609346273,-4.08595963599949,0.));
#6834=CARTESIAN_POINT('Origin',(-14.2117287425909,-3.48708562370027,0.));
#6835=CARTESIAN_POINT('',(-14.2117287425909,-3.48708562370027,0.));
#6836=CARTESIAN_POINT('',(-14.2117287425909,-3.48708562370027,0.));
#6837=CARTESIAN_POINT('',(-14.2117287425909,-3.48708562370027,10.));
#6838=CARTESIAN_POINT('',(-14.2117287425909,-3.48708562370027,10.));
#6839=CARTESIAN_POINT('',(-14.2117287425909,-3.48708562370027,0.));
#6840=CARTESIAN_POINT('Origin',(-10.6250489063854,-6.88580168173652,0.));
#6841=CARTESIAN_POINT('',(-11.9039278152244,-2.11296061722126,0.));
#6842=CARTESIAN_POINT('Origin',(-10.6250489063854,-6.88580168173652,0.));
#6843=CARTESIAN_POINT('',(-11.9039278152244,-2.11296061722126,10.));
#6844=CARTESIAN_POINT('Origin',(-10.6250489063854,-6.88580168173652,10.));
#6845=CARTESIAN_POINT('',(-11.9039278152244,-2.11296061722126,0.));
#6846=CARTESIAN_POINT('Origin',(0.,0.,0.));
#6847=CARTESIAN_POINT('',(-12.0451857602944,-1.04,0.));
#6848=CARTESIAN_POINT('Origin',(0.,0.,0.));
#6849=CARTESIAN_POINT('',(-12.0451857602944,-1.04,10.));
#6850=CARTESIAN_POINT('Origin',(0.,0.,10.));
#6851=CARTESIAN_POINT('',(-12.0451857602944,-1.04,0.));
#6852=CARTESIAN_POINT('Origin',(-12.0451857602944,3.90120866697576,0.));
#6853=CARTESIAN_POINT('',(-14.63,-0.309999999999997,0.));
#6854=CARTESIAN_POINT('Origin',(-12.0451857602944,3.90120866697576,0.));
#6855=CARTESIAN_POINT('',(-14.63,-0.309999999999997,10.));
#6856=CARTESIAN_POINT('Origin',(-12.0451857602944,3.90120866697576,10.));
#6857=CARTESIAN_POINT('',(-14.63,-0.309999999999997,0.));
#6858=CARTESIAN_POINT('Origin',(-14.63,0.310000000000003,0.));
#6859=CARTESIAN_POINT('',(-14.63,0.310000000000003,0.));
#6860=CARTESIAN_POINT('',(-14.63,0.310000000000003,0.));
#6861=CARTESIAN_POINT('',(-14.63,0.310000000000003,10.));
#6862=CARTESIAN_POINT('',(-14.63,0.310000000000003,10.));
#6863=CARTESIAN_POINT('',(-14.63,0.310000000000003,0.));
#6864=CARTESIAN_POINT('Origin',(-12.0451857602944,-3.90120866697575,0.));
#6865=CARTESIAN_POINT('',(-12.0451857602944,1.04,0.));
#6866=CARTESIAN_POINT('Origin',(-12.0451857602944,-3.90120866697575,0.));
#6867=CARTESIAN_POINT('',(-12.0451857602944,1.04,10.));
#6868=CARTESIAN_POINT('Origin',(-12.0451857602944,-3.90120866697575,10.));
#6869=CARTESIAN_POINT('',(-12.0451857602944,1.04,0.));
#6870=CARTESIAN_POINT('Origin',(0.,0.,0.));
#6871=CARTESIAN_POINT('',(-11.9039278152244,2.11296061722126,0.));
#6872=CARTESIAN_POINT('Origin',(0.,0.,0.));
#6873=CARTESIAN_POINT('',(-11.9039278152244,2.11296061722126,10.));
#6874=CARTESIAN_POINT('Origin',(0.,0.,10.));
#6875=CARTESIAN_POINT('',(-11.9039278152244,2.11296061722126,0.));
#6876=CARTESIAN_POINT('Origin',(-10.6250489063854,6.88580168173652,0.));
#6877=CARTESIAN_POINT('',(-14.2117287425909,3.48708562370027,0.));
#6878=CARTESIAN_POINT('Origin',(-10.6250489063854,6.88580168173652,0.));
#6879=CARTESIAN_POINT('',(-14.2117287425909,3.48708562370027,10.));
#6880=CARTESIAN_POINT('Origin',(-10.6250489063854,6.88580168173652,10.));
#6881=CARTESIAN_POINT('',(-14.2117287425909,3.48708562370027,0.));
#6882=CARTESIAN_POINT('Origin',(-14.0512609346273,4.08595963599949,0.));
#6883=CARTESIAN_POINT('',(-14.0512609346273,4.08595963599949,0.));
#6884=CARTESIAN_POINT('',(-14.0512609346273,4.08595963599949,0.));
#6885=CARTESIAN_POINT('',(-14.0512609346273,4.08595963599949,10.));
#6886=CARTESIAN_POINT('',(-14.0512609346273,4.08595963599949,10.));
#6887=CARTESIAN_POINT('',(-14.0512609346273,4.08595963599949,0.));
#6888=CARTESIAN_POINT('Origin',(-12.6444631102501,-0.650754728612738,0.));
#6889=CARTESIAN_POINT('',(-11.3655842014111,4.12208633590252,0.));
#6890=CARTESIAN_POINT('Origin',(-12.6444631102501,-0.650754728612738,0.));
#6891=CARTESIAN_POINT('',(-11.3655842014111,4.12208633590252,10.));
#6892=CARTESIAN_POINT('Origin',(-12.6444631102501,-0.650754728612738,10.));
#6893=CARTESIAN_POINT('',(-11.3655842014111,4.12208633590252,0.));
#6894=CARTESIAN_POINT('Origin',(0.,0.,0.));
#6895=CARTESIAN_POINT('',(-10.9514368617176,5.1219264602114,0.));
#6896=CARTESIAN_POINT('Origin',(0.,0.,0.));
#6897=CARTESIAN_POINT('',(-10.9514368617176,5.1219264602114,10.));
#6898=CARTESIAN_POINT('Origin',(0.,0.,10.));
#6899=CARTESIAN_POINT('',(-10.9514368617176,5.1219264602114,0.));
#6900=CARTESIAN_POINT('Origin',(-8.48083252822969,9.40113869121225,0.));
#6901=CARTESIAN_POINT('',(-12.8249516573663,7.04653212482683,0.));
#6902=CARTESIAN_POINT('Origin',(-8.48083252822969,9.40113869121225,0.));
#6903=CARTESIAN_POINT('',(-12.8249516573663,7.04653212482683,10.));
#6904=CARTESIAN_POINT('Origin',(-8.48083252822969,9.40113869121225,10.));
#6905=CARTESIAN_POINT('',(-12.8249516573663,7.04653212482683,0.));
#6906=CARTESIAN_POINT('Origin',(-12.5149516573663,7.58346787517318,0.));
#6907=CARTESIAN_POINT('',(-12.5149516573663,7.58346787517318,0.));
#6908=CARTESIAN_POINT('',(-12.5149516573663,7.58346787517318,0.));
#6909=CARTESIAN_POINT('',(-12.5149516573663,7.58346787517318,10.));
#6910=CARTESIAN_POINT('',(-12.5149516573663,7.58346787517318,10.));
#6911=CARTESIAN_POINT('',(-12.5149516573663,7.58346787517318,0.));
#6912=CARTESIAN_POINT('Origin',(-12.3820411952054,2.6440470690822,0.));
#6913=CARTESIAN_POINT('',(-9.91143686171756,6.92325930008304,0.));
#6914=CARTESIAN_POINT('Origin',(-12.3820411952054,2.6440470690822,0.));
#6915=CARTESIAN_POINT('',(-9.91143686171756,6.92325930008304,10.));
#6916=CARTESIAN_POINT('Origin',(-12.3820411952054,2.6440470690822,10.));
#6917=CARTESIAN_POINT('',(-9.91143686171756,6.92325930008304,0.));
#6918=CARTESIAN_POINT('Origin',(0.,0.,0.));
#6919=CARTESIAN_POINT('',(-9.25262358418985,7.78184147932183,0.));
#6920=CARTESIAN_POINT('Origin',(0.,0.,0.));
#6921=CARTESIAN_POINT('',(-9.25262358418985,7.78184147932183,10.));
#6922=CARTESIAN_POINT('Origin',(0.,0.,10.));
#6923=CARTESIAN_POINT('',(-9.25262358418985,7.78184147932183,0.));
#6924=CARTESIAN_POINT('Origin',(-5.75866142851356,11.2758036349981,0.));
#6925=CARTESIAN_POINT('',(-10.564175310927,10.1257691065914,0.));
#6926=CARTESIAN_POINT('Origin',(-5.75866142851356,11.2758036349981,0.));
#6927=CARTESIAN_POINT('',(-10.564175310927,10.1257691065914,10.));
#6928=CARTESIAN_POINT('Origin',(-5.75866142851356,11.2758036349981,10.));
#6929=CARTESIAN_POINT('',(-10.564175310927,10.1257691065914,0.));
#6930=CARTESIAN_POINT('Origin',(-10.1257691065914,10.564175310927,0.));
#6931=CARTESIAN_POINT('',(-10.1257691065914,10.564175310927,0.));
#6932=CARTESIAN_POINT('',(-10.1257691065914,10.564175310927,0.));
#6933=CARTESIAN_POINT('',(-10.1257691065914,10.564175310927,10.));
#6934=CARTESIAN_POINT('',(-10.1257691065914,10.564175310927,10.));
#6935=CARTESIAN_POINT('',(-10.1257691065914,10.564175310927,0.));
#6936=CARTESIAN_POINT('Origin',(-11.2758036349981,5.75866142851356,0.));
#6937=CARTESIAN_POINT('',(-7.78184147932183,9.25262358418985,0.));
#6938=CARTESIAN_POINT('Origin',(-11.2758036349981,5.75866142851356,0.));
#6939=CARTESIAN_POINT('',(-7.78184147932183,9.25262358418985,10.));
#6940=CARTESIAN_POINT('Origin',(-11.2758036349981,5.75866142851356,10.));
#6941=CARTESIAN_POINT('',(-7.78184147932183,9.25262358418985,0.));
#6942=CARTESIAN_POINT('Origin',(0.,0.,0.));
#6943=CARTESIAN_POINT('',(-6.92325930008304,9.91143686171757,0.));
#6944=CARTESIAN_POINT('Origin',(0.,0.,0.));
#6945=CARTESIAN_POINT('',(-6.92325930008304,9.91143686171757,10.));
#6946=CARTESIAN_POINT('Origin',(0.,0.,10.));
#6947=CARTESIAN_POINT('',(-6.92325930008304,9.91143686171757,0.));
#6948=CARTESIAN_POINT('Origin',(-2.64404706908219,12.3820411952054,0.));
#6949=CARTESIAN_POINT('',(-7.58346787517318,12.5149516573663,0.));
#6950=CARTESIAN_POINT('Origin',(-2.64404706908219,12.3820411952054,0.));
#6951=CARTESIAN_POINT('',(-7.58346787517318,12.5149516573663,10.));
#6952=CARTESIAN_POINT('Origin',(-2.64404706908219,12.3820411952054,10.));
#6953=CARTESIAN_POINT('',(-7.58346787517318,12.5149516573663,0.));
#6954=CARTESIAN_POINT('Origin',(-7.04653212482682,12.8249516573663,0.));
#6955=CARTESIAN_POINT('',(-7.04653212482682,12.8249516573663,0.));
#6956=CARTESIAN_POINT('',(-7.04653212482682,12.8249516573663,0.));
#6957=CARTESIAN_POINT('',(-7.04653212482683,12.8249516573663,10.));
#6958=CARTESIAN_POINT('',(-7.04653212482682,12.8249516573663,10.));
#6959=CARTESIAN_POINT('',(-7.04653212482682,12.8249516573663,0.));
#6960=CARTESIAN_POINT('Origin',(-9.40113869121225,8.48083252822969,0.));
#6961=CARTESIAN_POINT('',(-5.1219264602114,10.9514368617176,0.));
#6962=CARTESIAN_POINT('Origin',(-9.40113869121225,8.48083252822969,0.));
#6963=CARTESIAN_POINT('',(-5.1219264602114,10.9514368617176,10.));
#6964=CARTESIAN_POINT('Origin',(-9.40113869121225,8.48083252822969,10.));
#6965=CARTESIAN_POINT('',(-5.1219264602114,10.9514368617176,0.));
#6966=CARTESIAN_POINT('Origin',(0.,0.,0.));
#6967=CARTESIAN_POINT('',(-4.12208633590252,11.3655842014111,0.));
#6968=CARTESIAN_POINT('Origin',(0.,0.,0.));
#6969=CARTESIAN_POINT('',(-4.12208633590252,11.3655842014111,10.));
#6970=CARTESIAN_POINT('Origin',(0.,0.,10.));
#6971=CARTESIAN_POINT('',(-4.12208633590252,11.3655842014111,0.));
#6972=CARTESIAN_POINT('Origin',(0.650754728612741,12.6444631102501,0.));
#6973=CARTESIAN_POINT('',(-4.08595963599949,14.0512609346273,0.));
#6974=CARTESIAN_POINT('Origin',(0.650754728612741,12.6444631102501,0.));
#6975=CARTESIAN_POINT('',(-4.08595963599949,14.0512609346273,10.));
#6976=CARTESIAN_POINT('Origin',(0.650754728612741,12.6444631102501,10.));
#6977=CARTESIAN_POINT('',(-4.08595963599949,14.0512609346273,0.));
#6978=CARTESIAN_POINT('Origin',(-3.48708562370027,14.2117287425909,0.));
#6979=CARTESIAN_POINT('',(-3.48708562370027,14.2117287425909,0.));
#6980=CARTESIAN_POINT('',(-3.48708562370027,14.2117287425909,0.));
#6981=CARTESIAN_POINT('',(-3.48708562370027,14.2117287425909,10.));
#6982=CARTESIAN_POINT('',(-3.48708562370027,14.2117287425909,10.));
#6983=CARTESIAN_POINT('',(-3.48708562370027,14.2117287425909,0.));
#6984=CARTESIAN_POINT('Origin',(-6.88580168173652,10.6250489063854,0.));
#6985=CARTESIAN_POINT('',(-2.11296061722126,11.9039278152244,0.));
#6986=CARTESIAN_POINT('Origin',(-6.88580168173652,10.6250489063854,0.));
#6987=CARTESIAN_POINT('',(-2.11296061722126,11.9039278152244,10.));
#6988=CARTESIAN_POINT('Origin',(-6.88580168173652,10.6250489063854,10.));
#6989=CARTESIAN_POINT('',(-2.11296061722126,11.9039278152244,0.));
#6990=CARTESIAN_POINT('Origin',(0.,0.,0.));
#6991=CARTESIAN_POINT('',(-1.04,12.0451857602944,0.));
#6992=CARTESIAN_POINT('Origin',(0.,0.,0.));
#6993=CARTESIAN_POINT('',(-1.04,12.0451857602944,10.));
#6994=CARTESIAN_POINT('Origin',(0.,0.,10.));
#6995=CARTESIAN_POINT('',(-1.04,12.0451857602944,0.));
#6996=CARTESIAN_POINT('Origin',(3.90120866697576,12.0451857602944,0.));
#6997=CARTESIAN_POINT('',(-0.310000000000001,14.63,0.));
#6998=CARTESIAN_POINT('Origin',(3.90120866697576,12.0451857602944,0.));
#6999=CARTESIAN_POINT('',(-0.310000000000001,14.63,10.));
#7000=CARTESIAN_POINT('Origin',(3.90120866697576,12.0451857602944,10.));
#7001=CARTESIAN_POINT('',(-0.310000000000001,14.63,0.));
#7002=CARTESIAN_POINT('Origin',(0.31,14.63,0.));
#7003=CARTESIAN_POINT('',(0.31,14.63,0.));
#7004=CARTESIAN_POINT('',(0.31,14.63,0.));
#7005=CARTESIAN_POINT('',(0.310000000000001,14.63,10.));
#7006=CARTESIAN_POINT('',(0.31,14.63,10.));
#7007=CARTESIAN_POINT('',(0.31,14.63,0.));
#7008=CARTESIAN_POINT('Origin',(-3.90120866697575,12.0451857602944,0.));
#7009=CARTESIAN_POINT('',(1.04,12.0451857602944,0.));
#7010=CARTESIAN_POINT('Origin',(-3.90120866697575,12.0451857602944,0.));
#7011=CARTESIAN_POINT('',(1.04,12.0451857602944,10.));
#7012=CARTESIAN_POINT('Origin',(-3.90120866697575,12.0451857602944,10.));
#7013=CARTESIAN_POINT('',(1.04,12.0451857602944,0.));
#7014=CARTESIAN_POINT('Origin',(0.,0.,0.));
#7015=CARTESIAN_POINT('',(2.11296061722127,11.9039278152244,0.));
#7016=CARTESIAN_POINT('Origin',(0.,0.,0.));
#7017=CARTESIAN_POINT('',(2.11296061722127,11.9039278152244,10.));
#7018=CARTESIAN_POINT('Origin',(0.,0.,10.));
#7019=CARTESIAN_POINT('',(2.11296061722127,11.9039278152244,0.));
#7020=CARTESIAN_POINT('Origin',(6.88580168173653,10.6250489063854,0.));
#7021=CARTESIAN_POINT('',(3.48708562370028,14.2117287425908,0.));
#7022=CARTESIAN_POINT('Origin',(6.88580168173653,10.6250489063854,0.));
#7023=CARTESIAN_POINT('',(3.48708562370028,14.2117287425908,10.));
#7024=CARTESIAN_POINT('Origin',(6.88580168173653,10.6250489063854,10.));
#7025=CARTESIAN_POINT('',(3.48708562370028,14.2117287425908,0.));
#7026=CARTESIAN_POINT('Origin',(4.0859596359995,14.0512609346273,0.));
#7027=CARTESIAN_POINT('',(4.0859596359995,14.0512609346273,0.));
#7028=CARTESIAN_POINT('',(4.0859596359995,14.0512609346273,0.));
#7029=CARTESIAN_POINT('',(4.0859596359995,14.0512609346273,10.));
#7030=CARTESIAN_POINT('',(4.0859596359995,14.0512609346273,10.));
#7031=CARTESIAN_POINT('',(4.0859596359995,14.0512609346273,0.));
#7032=CARTESIAN_POINT('Origin',(-0.65075472861273,12.6444631102501,0.));
#7033=CARTESIAN_POINT('',(4.12208633590253,11.3655842014111,0.));
#7034=CARTESIAN_POINT('Origin',(-0.65075472861273,12.6444631102501,0.));
#7035=CARTESIAN_POINT('',(4.12208633590253,11.3655842014111,10.));
#7036=CARTESIAN_POINT('Origin',(-0.65075472861273,12.6444631102501,10.));
#7037=CARTESIAN_POINT('',(4.12208633590253,11.3655842014111,0.));
#7038=CARTESIAN_POINT('Origin',(0.,0.,0.));
#7039=CARTESIAN_POINT('',(5.12192646021141,10.9514368617176,0.));
#7040=CARTESIAN_POINT('Origin',(0.,0.,0.));
#7041=CARTESIAN_POINT('',(5.12192646021141,10.9514368617176,10.));
#7042=CARTESIAN_POINT('Origin',(0.,0.,10.));
#7043=CARTESIAN_POINT('',(5.12192646021141,10.9514368617176,0.));
#7044=CARTESIAN_POINT('Origin',(9.40113869121226,8.48083252822969,0.));
#7045=CARTESIAN_POINT('',(7.04653212482683,12.8249516573663,0.));
#7046=CARTESIAN_POINT('Origin',(9.40113869121226,8.48083252822969,0.));
#7047=CARTESIAN_POINT('',(7.04653212482683,12.8249516573663,10.));
#7048=CARTESIAN_POINT('Origin',(9.40113869121226,8.48083252822969,10.));
#7049=CARTESIAN_POINT('',(7.04653212482683,12.8249516573663,0.));
#7050=CARTESIAN_POINT('Origin',(7.58346787517318,12.5149516573663,0.));
#7051=CARTESIAN_POINT('',(7.58346787517318,12.5149516573663,0.));
#7052=CARTESIAN_POINT('',(7.58346787517318,12.5149516573663,0.));
#7053=CARTESIAN_POINT('',(7.58346787517318,12.5149516573663,10.));
#7054=CARTESIAN_POINT('',(7.58346787517318,12.5149516573663,10.));
#7055=CARTESIAN_POINT('',(7.58346787517318,12.5149516573663,0.));
#7056=CARTESIAN_POINT('Origin',(2.6440470690822,12.3820411952054,0.));
#7057=CARTESIAN_POINT('',(6.92325930008304,9.91143686171756,0.));
#7058=CARTESIAN_POINT('Origin',(2.6440470690822,12.3820411952054,0.));
#7059=CARTESIAN_POINT('',(6.92325930008304,9.91143686171756,10.));
#7060=CARTESIAN_POINT('Origin',(2.6440470690822,12.3820411952054,10.));
#7061=CARTESIAN_POINT('',(6.92325930008304,9.91143686171756,0.));
#7062=CARTESIAN_POINT('Origin',(0.,0.,0.));
#7063=CARTESIAN_POINT('',(7.78184147932183,9.25262358418985,0.));
#7064=CARTESIAN_POINT('Origin',(0.,0.,0.));
#7065=CARTESIAN_POINT('',(7.78184147932183,9.25262358418985,10.));
#7066=CARTESIAN_POINT('Origin',(0.,0.,10.));
#7067=CARTESIAN_POINT('',(7.78184147932183,9.25262358418985,0.));
#7068=CARTESIAN_POINT('Origin',(11.2758036349981,5.75866142851355,0.));
#7069=CARTESIAN_POINT('',(10.1257691065914,10.564175310927,0.));
#7070=CARTESIAN_POINT('Origin',(11.2758036349981,5.75866142851355,0.));
#7071=CARTESIAN_POINT('',(10.1257691065914,10.564175310927,10.));
#7072=CARTESIAN_POINT('Origin',(11.2758036349981,5.75866142851355,10.));
#7073=CARTESIAN_POINT('',(10.1257691065914,10.564175310927,0.));
#7074=CARTESIAN_POINT('Origin',(10.564175310927,10.1257691065914,0.));
#7075=CARTESIAN_POINT('',(10.564175310927,10.1257691065914,0.));
#7076=CARTESIAN_POINT('',(10.564175310927,10.1257691065914,0.));
#7077=CARTESIAN_POINT('',(10.564175310927,10.1257691065914,10.));
#7078=CARTESIAN_POINT('',(10.564175310927,10.1257691065914,10.));
#7079=CARTESIAN_POINT('',(10.564175310927,10.1257691065914,0.));
#7080=CARTESIAN_POINT('Origin',(5.75866142851356,11.2758036349981,0.));
#7081=CARTESIAN_POINT('',(9.25262358418985,7.78184147932183,0.));
#7082=CARTESIAN_POINT('Origin',(5.75866142851356,11.2758036349981,0.));
#7083=CARTESIAN_POINT('',(9.25262358418985,7.78184147932183,10.));
#7084=CARTESIAN_POINT('Origin',(5.75866142851356,11.2758036349981,10.));
#7085=CARTESIAN_POINT('',(9.25262358418985,7.78184147932183,0.));
#7086=CARTESIAN_POINT('Origin',(0.,0.,0.));
#7087=CARTESIAN_POINT('',(9.91143686171757,6.92325930008303,0.));
#7088=CARTESIAN_POINT('Origin',(0.,0.,0.));
#7089=CARTESIAN_POINT('',(9.91143686171757,6.92325930008303,10.));
#7090=CARTESIAN_POINT('Origin',(0.,0.,10.));
#7091=CARTESIAN_POINT('',(9.91143686171757,6.92325930008303,0.));
#7092=CARTESIAN_POINT('Origin',(12.3820411952055,2.64404706908219,0.));
#7093=CARTESIAN_POINT('',(12.5149516573663,7.58346787517317,0.));
#7094=CARTESIAN_POINT('Origin',(12.3820411952055,2.64404706908219,0.));
#7095=CARTESIAN_POINT('',(12.5149516573663,7.58346787517317,10.));
#7096=CARTESIAN_POINT('Origin',(12.3820411952055,2.64404706908219,10.));
#7097=CARTESIAN_POINT('',(12.5149516573663,7.58346787517317,0.));
#7098=CARTESIAN_POINT('Origin',(12.8249516573663,7.04653212482681,0.));
#7099=CARTESIAN_POINT('',(12.8249516573663,7.04653212482681,0.));
#7100=CARTESIAN_POINT('',(12.8249516573663,7.04653212482681,0.));
#7101=CARTESIAN_POINT('',(12.8249516573663,7.04653212482681,10.));
#7102=CARTESIAN_POINT('',(12.8249516573663,7.04653212482681,10.));
#7103=CARTESIAN_POINT('',(12.8249516573663,7.04653212482681,0.));
#7104=CARTESIAN_POINT('Origin',(8.4808325282297,9.40113869121225,0.));
#7105=CARTESIAN_POINT('',(10.9514368617176,5.1219264602114,0.));
#7106=CARTESIAN_POINT('Origin',(8.4808325282297,9.40113869121225,0.));
#7107=CARTESIAN_POINT('',(10.9514368617176,5.1219264602114,10.));
#7108=CARTESIAN_POINT('Origin',(8.4808325282297,9.40113869121225,10.));
#7109=CARTESIAN_POINT('',(10.9514368617176,5.1219264602114,0.));
#7110=CARTESIAN_POINT('Origin',(0.,0.,0.));
#7111=CARTESIAN_POINT('',(11.4091235421482,4.,0.));
#7112=CARTESIAN_POINT('Origin',(0.,0.,0.));
#7113=CARTESIAN_POINT('',(11.4091235421482,4.,10.));
#7114=CARTESIAN_POINT('Origin',(0.,0.,10.));
#7115=CARTESIAN_POINT('',(11.4091235421482,4.,0.));
#7116=CARTESIAN_POINT('Origin',(30.75,4.,0.));
#7117=CARTESIAN_POINT('',(30.75,4.,0.));
#7118=CARTESIAN_POINT('',(30.75,4.,10.));
#7119=CARTESIAN_POINT('Origin',(10.06,1.27,10.));
#7120=CARTESIAN_POINT('Origin',(10.06,1.27,0.));
#7121=CARTESIAN_POINT('',(0.,0.,0.));
#7122=CARTESIAN_POINT('Origin',(-11.1698729810778,5.5,0.));
#7123=CARTESIAN_POINT('',(-11.1698729810778,2.5,0.));
#7124=CARTESIAN_POINT('',(-13.025641703473,3.14285714285714,0.));
#7125=CARTESIAN_POINT('Origin',(-11.1698729810778,5.5,0.));
#7126=CARTESIAN_POINT('',(-13.025641703473,3.14285714285714,4.));
#7127=CARTESIAN_POINT('',(-13.025641703473,3.14285714285714,0.));
#7128=CARTESIAN_POINT('',(-11.1698729810778,2.5,4.));
#7129=CARTESIAN_POINT('Origin',(-11.1698729810778,5.5,4.));
#7130=CARTESIAN_POINT('',(-11.1698729810778,2.5,0.));
#7131=CARTESIAN_POINT('Origin',(-15.5,0.,0.));
#7132=CARTESIAN_POINT('',(-13.025641703473,-3.14285714285715,0.));
#7133=CARTESIAN_POINT('Origin',(-15.5,0.,0.));
#7134=CARTESIAN_POINT('',(-13.025641703473,-3.14285714285715,4.));
#7135=CARTESIAN_POINT('',(-13.025641703473,-3.14285714285715,0.));
#7136=CARTESIAN_POINT('Origin',(-15.5,0.,4.));
#7137=CARTESIAN_POINT('Origin',(11.1698729810778,5.5,0.));
#7138=CARTESIAN_POINT('',(13.025641703473,3.14285714285714,0.));
#7139=CARTESIAN_POINT('',(11.1698729810778,2.5,0.));
#7140=CARTESIAN_POINT('Origin',(11.1698729810778,5.5,0.));
#7141=CARTESIAN_POINT('',(11.1698729810778,2.5,4.));
#7142=CARTESIAN_POINT('',(11.1698729810778,2.5,0.));
#7143=CARTESIAN_POINT('',(13.025641703473,3.14285714285714,4.));
#7144=CARTESIAN_POINT('Origin',(11.1698729810778,5.5,4.));
#7145=CARTESIAN_POINT('',(13.025641703473,3.14285714285714,0.));
#7146=CARTESIAN_POINT('Origin',(12.3775010008008,2.5,0.));
#7147=CARTESIAN_POINT('',(-12.3775010008009,2.5,4.));
#7148=CARTESIAN_POINT('',(-12.3775010008009,2.5,0.));
#7149=CARTESIAN_POINT('Origin',(11.1698729810778,-5.5,0.));
#7150=CARTESIAN_POINT('',(11.1698729810778,-2.5,0.));
#7151=CARTESIAN_POINT('',(13.025641703473,-3.14285714285714,0.));
#7152=CARTESIAN_POINT('Origin',(11.1698729810778,-5.5,0.));
#7153=CARTESIAN_POINT('',(13.025641703473,-3.14285714285714,4.));
#7154=CARTESIAN_POINT('',(13.025641703473,-3.14285714285714,0.));
#7155=CARTESIAN_POINT('',(11.1698729810778,-2.5,4.));
#7156=CARTESIAN_POINT('Origin',(11.1698729810778,-5.5,4.));
#7157=CARTESIAN_POINT('',(11.1698729810778,-2.5,0.));
#7158=CARTESIAN_POINT('Origin',(15.5,0.,0.));
#7159=CARTESIAN_POINT('Origin',(15.5,0.,4.));
#7160=CARTESIAN_POINT('Origin',(15.5,0.,0.));
#7161=CARTESIAN_POINT('Origin',(-11.1698729810778,-5.50000000000001,0.));
#7162=CARTESIAN_POINT('',(-11.1698729810778,-2.50000000000001,0.));
#7163=CARTESIAN_POINT('Origin',(-11.1698729810778,-5.50000000000001,0.));
#7164=CARTESIAN_POINT('',(-11.1698729810778,-2.50000000000001,4.));
#7165=CARTESIAN_POINT('',(-11.1698729810778,-2.50000000000001,0.));
#7166=CARTESIAN_POINT('Origin',(-11.1698729810778,-5.50000000000001,4.));
#7167=CARTESIAN_POINT('Origin',(-12.3775010008009,-2.50000000000001,0.));
#7168=CARTESIAN_POINT('',(12.3775010008008,-2.5,4.));
#7169=CARTESIAN_POINT('',(12.3775010008008,-2.5,0.));
#7170=CARTESIAN_POINT('Origin',(15.5,0.,0.));
#7171=CARTESIAN_POINT('',(14.,-1.83697019872103E-16,4.));
#7172=CARTESIAN_POINT('Origin',(15.5,0.,4.));
#7173=CARTESIAN_POINT('',(14.,-1.83697019872103E-16,0.));
#7174=CARTESIAN_POINT('',(14.,-1.83697019872103E-16,0.));
#7175=CARTESIAN_POINT('Origin',(15.5,0.,0.));
#7176=CARTESIAN_POINT('Origin',(-15.5,0.,0.));
#7177=CARTESIAN_POINT('',(-17.,-1.83697019872103E-16,4.));
#7178=CARTESIAN_POINT('Origin',(-15.5,0.,4.));
#7179=CARTESIAN_POINT('',(-17.,-1.83697019872103E-16,0.));
#7180=CARTESIAN_POINT('',(-17.,-1.83697019872103E-16,0.));
#7181=CARTESIAN_POINT('Origin',(-15.5,0.,0.));
#7182=CARTESIAN_POINT('Origin',(0.,0.,4.));
#7183=CARTESIAN_POINT('Origin',(0.,0.,0.));
#7184=CARTESIAN_POINT('',(0.,0.,0.));
#7185=CARTESIAN_POINT('Ctrl Pts',(-11.0000001639128,-5.,4.5));
#7186=CARTESIAN_POINT('Ctrl Pts',(-11.0000001639128,-5.,-0.450000000000003));
#7187=CARTESIAN_POINT('Ctrl Pts',(-11.7237111292159,-5.18610163189579,4.5));
#7188=CARTESIAN_POINT('Ctrl Pts',(-11.7237111292159,-5.18610163189579,-0.450000000000003));
#7189=CARTESIAN_POINT('Ctrl Pts',(-13.1646684008568,-5.54461477475234,4.5));
#7190=CARTESIAN_POINT('Ctrl Pts',(-13.1646684008568,-5.54461477475234,-0.450000000000003));
#7191=CARTESIAN_POINT('Ctrl Pts',(-15.3067115449973,-6.04131669620324,4.5));
#7192=CARTESIAN_POINT('Ctrl Pts',(-15.3067115449973,-6.04131669620324,-0.450000000000003));
#7193=CARTESIAN_POINT('Ctrl Pts',(-18.1233349563675,-6.62007683413422,4.5));
#7194=CARTESIAN_POINT('Ctrl Pts',(-18.1233349563675,-6.62007683413422,-0.450000000000003));
#7195=CARTESIAN_POINT('Ctrl Pts',(-21.5737746697608,-7.19456989026048,4.5));
#7196=CARTESIAN_POINT('Ctrl Pts',(-21.5737746697608,-7.19456989026048,-0.450000000000003));
#7197=CARTESIAN_POINT('Ctrl Pts',(-24.9470273328936,-7.60560497305977,4.5));
#7198=CARTESIAN_POINT('Ctrl Pts',(-24.9470273328936,-7.60560497305977,-0.450000000000003));
#7199=CARTESIAN_POINT('Ctrl Pts',(-28.2358542104752,-7.83785271061962,4.5));
#7200=CARTESIAN_POINT('Ctrl Pts',(-28.2358542104752,-7.83785271061962,-0.450000000000003));
#7201=CARTESIAN_POINT('Ctrl Pts',(-31.4347630379063,-7.87968220841128,4.5));
#7202=CARTESIAN_POINT('Ctrl Pts',(-31.4347630379063,-7.87968220841128,-0.450000000000003));
#7203=CARTESIAN_POINT('Ctrl Pts',(-34.544909461335,-7.73354076266597,4.5));
#7204=CARTESIAN_POINT('Ctrl Pts',(-34.544909461335,-7.73354076266597,-0.450000000000003));
#7205=CARTESIAN_POINT('Ctrl Pts',(-37.572011192604,-7.41153669448951,4.5));
#7206=CARTESIAN_POINT('Ctrl Pts',(-37.572011192604,-7.41153669448951,-0.450000000000003));
#7207=CARTESIAN_POINT('Ctrl Pts',(-39.9322074847803,-7.02372728967027,4.5));
#7208=CARTESIAN_POINT('Ctrl Pts',(-39.9322074847803,-7.02372728967027,-0.450000000000003));
#7209=CARTESIAN_POINT('Ctrl Pts',(-41.6698942829893,-6.66412924129223,4.5));
#7210=CARTESIAN_POINT('Ctrl Pts',(-41.6698942829893,-6.66412924129223,-0.450000000000003));
#7211=CARTESIAN_POINT('Ctrl Pts',(-42.814157752385,-6.39433792827146,4.5));
#7212=CARTESIAN_POINT('Ctrl Pts',(-42.814157752385,-6.39433792827146,-0.450000000000003));
#7213=CARTESIAN_POINT('Ctrl Pts',(-43.3827409494761,-6.25192758162117,4.5));
#7214=CARTESIAN_POINT('Ctrl Pts',(-43.3827409494761,-6.25192758162117,-0.450000000000003));
#7215=CARTESIAN_POINT('',(-43.3827409494761,-6.25192758162117,0.));
#7216=CARTESIAN_POINT('',(-11.0000001639128,-5.00000007450581,0.));
#7217=CARTESIAN_POINT('Ctrl Pts',(-43.3827409494761,-6.25192758162117,0.));
#7218=CARTESIAN_POINT('Ctrl Pts',(-42.9584400270163,-6.35820022872133,0.));
#7219=CARTESIAN_POINT('Ctrl Pts',(-42.5317696745487,-6.45945516591135,0.));
#7220=CARTESIAN_POINT('Ctrl Pts',(-42.1027184086685,-6.55566807493957,0.));
#7221=CARTESIAN_POINT('Ctrl Pts',(-41.6663449848924,-6.65352294651992,0.));
#7222=CARTESIAN_POINT('Ctrl Pts',(-41.2275086476994,-6.74616213963758,0.));
#7223=CARTESIAN_POINT('Ctrl Pts',(-40.786174187447,-6.83351109130855,0.));
#7224=CARTESIAN_POINT('Ctrl Pts',(-40.3288152521667,-6.92403160835865,0.));
#7225=CARTESIAN_POINT('Ctrl Pts',(-39.868773442301,-7.00887063815173,0.));
#7226=CARTESIAN_POINT('Ctrl Pts',(-39.4059852745055,-7.08789374286745,0.));
#7227=CARTESIAN_POINT('Ctrl Pts',(-38.9076666840666,-7.17298382272327,0.));
#7228=CARTESIAN_POINT('Ctrl Pts',(-38.4061636410419,-7.25133023036858,0.));
#7229=CARTESIAN_POINT('Ctrl Pts',(-37.9013712247399,-7.3227107766727,0.));
#7230=CARTESIAN_POINT('Ctrl Pts',(-37.3085607770925,-7.40653757802969,0.));
#7231=CARTESIAN_POINT('Ctrl Pts',(-36.7112135175972,-7.48075683424074,0.));
#7232=CARTESIAN_POINT('Ctrl Pts',(-36.109128535607,-7.54494307954348,0.));
#7233=CARTESIAN_POINT('Ctrl Pts',(-35.3887875570027,-7.62173619702246,0.));
#7234=CARTESIAN_POINT('Ctrl Pts',(-34.6616624053291,-7.68416256286463,0.));
#7235=CARTESIAN_POINT('Ctrl Pts',(-33.9273904723788,-7.73145428656915,0.));
#7236=CARTESIAN_POINT('Ctrl Pts',(-33.4551551253275,-7.76186920855387,0.));
#7237=CARTESIAN_POINT('Ctrl Pts',(-32.9799629778667,-7.78602255426577,0.));
#7238=CARTESIAN_POINT('Ctrl Pts',(-32.5017274588764,-7.80373099321363,0.));
#7239=CARTESIAN_POINT('Ctrl Pts',(-32.070915851161,-7.81968338643897,0.));
#7240=CARTESIAN_POINT('Ctrl Pts',(-31.6376341778451,-7.83040495511941,0.));
#7241=CARTESIAN_POINT('Ctrl Pts',(-31.2018350424578,-7.83579532838873,0.));
#7242=CARTESIAN_POINT('Ctrl Pts',(-30.785461620351,-7.84094542617997,0.));
#7243=CARTESIAN_POINT('Ctrl Pts',(-30.3667900021417,-7.84122866513984,0.));
#7244=CARTESIAN_POINT('Ctrl Pts',(-29.9457980729245,-7.83659821283196,0.));
#7245=CARTESIAN_POINT('Ctrl Pts',(-29.5376985238845,-7.83210956265234,0.));
#7246=CARTESIAN_POINT('Ctrl Pts',(-29.1274185068627,-7.82300336489185,1.37514608801689E-17));
#7247=CARTESIAN_POINT('Ctrl Pts',(-28.7149580002894,-7.80927957387231,0.));
#7248=CARTESIAN_POINT('Ctrl Pts',(-28.2950743456477,-7.79530879258055,-1.39989491333316E-17));
#7249=CARTESIAN_POINT('Ctrl Pts',(-27.8729308085195,-7.77655228868447,0.));
#7250=CARTESIAN_POINT('Ctrl Pts',(-27.4485512895786,-7.75306067631761,0.));
#7251=CARTESIAN_POINT('Ctrl Pts',(-26.9844466214362,-7.7273700704447,0.));
#7252=CARTESIAN_POINT('Ctrl Pts',(-26.5176680135201,-7.6960168984452,0.));
#7253=CARTESIAN_POINT('Ctrl Pts',(-26.0482753826033,-7.65912804525957,0.));
#7254=CARTESIAN_POINT('Ctrl Pts',(-25.4965827110776,-7.61577135701386,0.));
#7255=CARTESIAN_POINT('Ctrl Pts',(-24.9412795651785,-7.56476881597469,-8.73127559190061E-16));
#7256=CARTESIAN_POINT('Ctrl Pts',(-24.3824953557989,-7.50639447384171,-8.88178419700125E-16));
#7257=CARTESIAN_POINT('Ctrl Pts',(-23.607594045515,-7.4254430914538,-9.09050397351568E-16));
#7258=CARTESIAN_POINT('Ctrl Pts',(-22.8259990234822,-7.33031652614577,-8.69422129741144E-16));
#7259=CARTESIAN_POINT('Ctrl Pts',(-22.0380995626864,-7.22183913605936,-8.88178419700125E-16));
#7260=CARTESIAN_POINT('Ctrl Pts',(-21.3248139447026,-7.12363452230458,-9.05158494621056E-16));
#7261=CARTESIAN_POINT('Ctrl Pts',(-20.6063640383799,-7.01449356491812,0.));
#7262=CARTESIAN_POINT('Ctrl Pts',(-19.8830377201365,-6.89502589590112,0.));
#7263=CARTESIAN_POINT('Ctrl Pts',(-19.2882487371629,-6.79678800304329,0.));
#7264=CARTESIAN_POINT('Ctrl Pts',(-18.6901629081492,-6.69156842387566,-1.1962277616737E-17));
#7265=CARTESIAN_POINT('Ctrl Pts',(-18.0889240564689,-6.57967173121328,0.));
#7266=CARTESIAN_POINT('Ctrl Pts',(-17.5094126143384,-6.47181873143926,1.15299880130285E-17));
#7267=CARTESIAN_POINT('Ctrl Pts',(-16.9269722498802,-6.3577631924296,0.));
#7268=CARTESIAN_POINT('Ctrl Pts',(-16.3417091718346,-6.23773003099878,0.));
#7269=CARTESIAN_POINT('Ctrl Pts',(-15.7976662777577,-6.12615082674061,0.));
#7270=CARTESIAN_POINT('Ctrl Pts',(-15.2511842165987,-6.00940623131262,-8.78610846561901E-16));
#7271=CARTESIAN_POINT('Ctrl Pts',(-14.7023274511114,-5.88763275661744,-8.88178419700125E-16));
#7272=CARTESIAN_POINT('Ctrl Pts',(-14.1610978288045,-5.76755149706013,-8.97613037840246E-16));
#7273=CARTESIAN_POINT('Ctrl Pts',(-13.6175591204537,-5.64258031718986,-8.97690640749178E-18));
#7274=CARTESIAN_POINT('Ctrl Pts',(-13.0717515580492,-5.51280441574859,0.));
#7275=CARTESIAN_POINT('Ctrl Pts',(-12.5317170716843,-5.38440117053039,8.8819565261397E-18));
#7276=CARTESIAN_POINT('Ctrl Pts',(-11.9894614927953,-5.2512943476872,0.));
#7277=CARTESIAN_POINT('Ctrl Pts',(-11.44500196578,-5.11352025367838,0.));
#7278=CARTESIAN_POINT('Ctrl Pts',(-11.2968313669635,-5.07602606173615,0.));
#7279=CARTESIAN_POINT('Ctrl Pts',(-11.1484974134807,-5.03818593582461,0.));
#7280=CARTESIAN_POINT('Ctrl Pts',(-11.0000001639128,-5.,0.));
#7281=CARTESIAN_POINT('',(-11.0000001639128,-5.00000007450581,4.5));
#7282=CARTESIAN_POINT('',(-11.0000001639128,-5.00000007450581,0.));
#7283=CARTESIAN_POINT('',(-43.3827409494761,-6.25192758162117,4.5));
#7284=CARTESIAN_POINT('Ctrl Pts',(-43.3827409494761,-6.25192758162117,4.5));
#7285=CARTESIAN_POINT('Ctrl Pts',(-42.814157752385,-6.39433792827146,4.5));
#7286=CARTESIAN_POINT('Ctrl Pts',(-41.6698942829893,-6.66412924129223,4.5));
#7287=CARTESIAN_POINT('Ctrl Pts',(-39.9322074847803,-7.02372728967027,4.5));
#7288=CARTESIAN_POINT('Ctrl Pts',(-37.572011192604,-7.41153669448951,4.5));
#7289=CARTESIAN_POINT('Ctrl Pts',(-34.544909461335,-7.73354076266597,4.5));
#7290=CARTESIAN_POINT('Ctrl Pts',(-31.4347630379063,-7.87968220841128,4.5));
#7291=CARTESIAN_POINT('Ctrl Pts',(-28.2358542104752,-7.83785271061962,4.5));
#7292=CARTESIAN_POINT('Ctrl Pts',(-24.9470273328936,-7.60560497305977,4.5));
#7293=CARTESIAN_POINT('Ctrl Pts',(-21.5737746697608,-7.19456989026048,4.5));
#7294=CARTESIAN_POINT('Ctrl Pts',(-18.1233349563675,-6.62007683413422,4.5));
#7295=CARTESIAN_POINT('Ctrl Pts',(-15.3067115449973,-6.04131669620324,4.5));
#7296=CARTESIAN_POINT('Ctrl Pts',(-13.1646684008568,-5.54461477475234,4.5));
#7297=CARTESIAN_POINT('Ctrl Pts',(-11.7237111292159,-5.18610163189579,4.5));
#7298=CARTESIAN_POINT('Ctrl Pts',(-11.0000001639128,-5.,4.5));
#7299=CARTESIAN_POINT('',(-43.3827409494761,-6.25192758162117,4.5));
#7300=CARTESIAN_POINT('Origin',(-13.9900001639128,4.99999990198016,4.5));
#7301=CARTESIAN_POINT('',(-11.0000001639128,5.00000007450581,0.));
#7302=CARTESIAN_POINT('',(-13.9900001639128,4.99999990198016,0.));
#7303=CARTESIAN_POINT('',(-21.995000411031,4.99999963955581,0.));
#7304=CARTESIAN_POINT('',(-13.9900001639128,4.99999990198016,4.5));
#7305=CARTESIAN_POINT('',(-13.9900001639128,4.99999990198016,4.5));
#7306=CARTESIAN_POINT('',(-11.0000001639128,5.00000007450581,4.5));
#7307=CARTESIAN_POINT('',(-13.9900001639128,4.99999990198016,4.5));
#7308=CARTESIAN_POINT('',(-11.0000001639128,5.00000007450581,0.));
#7309=CARTESIAN_POINT('Ctrl Pts',(-42.4734910637756,3.20672384315767,4.5));
#7310=CARTESIAN_POINT('Ctrl Pts',(-42.4734910637756,3.20672384315767,-0.450000000000003));
#7311=CARTESIAN_POINT('Ctrl Pts',(-42.1182295036445,3.041365193512,4.5));
#7312=CARTESIAN_POINT('Ctrl Pts',(-42.1182295036445,3.041365193512,-0.450000000000003));
#7313=CARTESIAN_POINT('Ctrl Pts',(-41.4029027546819,2.72576490896026,4.5));
#7314=CARTESIAN_POINT('Ctrl Pts',(-41.4029027546819,2.72576490896026,-0.450000000000003));
#7315=CARTESIAN_POINT('Ctrl Pts',(-40.3155018348703,2.29771524982371,4.5));
#7316=CARTESIAN_POINT('Ctrl Pts',(-40.3155018348703,2.29771524982371,-0.450000000000003));
#7317=CARTESIAN_POINT('Ctrl Pts',(-38.8366020036777,1.81834565926024,4.5));
#7318=CARTESIAN_POINT('Ctrl Pts',(-38.8366020036777,1.81834565926024,-0.450000000000003));
#7319=CARTESIAN_POINT('Ctrl Pts',(-36.9392399612602,1.37464808198151,4.5));
#7320=CARTESIAN_POINT('Ctrl Pts',(-36.9392399612602,1.37464808198151,-0.450000000000003));
#7321=CARTESIAN_POINT('Ctrl Pts',(-34.9943120660725,1.08923907517015,4.5));
#7322=CARTESIAN_POINT('Ctrl Pts',(-34.9943120660725,1.08923907517015,-0.450000000000003));
#7323=CARTESIAN_POINT('Ctrl Pts',(-33.0060141783801,0.961970177535339,4.5));
#7324=CARTESIAN_POINT('Ctrl Pts',(-33.0060141783801,0.961970177535339,-0.450000000000003));
#7325=CARTESIAN_POINT('Ctrl Pts',(-30.9832481878582,0.986863739320685,4.5));
#7326=CARTESIAN_POINT('Ctrl Pts',(-30.9832481878582,0.986863739320685,-0.450000000000003));
#7327=CARTESIAN_POINT('Ctrl Pts',(-28.9415164949073,1.14869034905193,4.5));
#7328=CARTESIAN_POINT('Ctrl Pts',(-28.9415164949073,1.14869034905193,-0.450000000000003));
#7329=CARTESIAN_POINT('Ctrl Pts',(-26.9002279494428,1.42663971422999,4.5));
#7330=CARTESIAN_POINT('Ctrl Pts',(-26.9002279494428,1.42663971422999,-0.450000000000003));
#7331=CARTESIAN_POINT('Ctrl Pts',(-24.8801898100817,1.79748861477804,4.5));
#7332=CARTESIAN_POINT('Ctrl Pts',(-24.8801898100817,1.79748861477804,-0.450000000000003));
#7333=CARTESIAN_POINT('Ctrl Pts',(-22.9010124286139,2.2385132787298,4.5));
#7334=CARTESIAN_POINT('Ctrl Pts',(-22.9010124286139,2.2385132787298,-0.450000000000003));
#7335=CARTESIAN_POINT('Ctrl Pts',(-20.9787030504704,2.72999554167218,4.5));
#7336=CARTESIAN_POINT('Ctrl Pts',(-20.9787030504704,2.72999554167218,-0.450000000000003));
#7337=CARTESIAN_POINT('Ctrl Pts',(-19.1223973684334,3.25809649806824,4.5));
#7338=CARTESIAN_POINT('Ctrl Pts',(-19.1223973684334,3.25809649806824,-0.450000000000003));
#7339=CARTESIAN_POINT('Ctrl Pts',(-17.3358278920315,3.81423169149772,4.5));
#7340=CARTESIAN_POINT('Ctrl Pts',(-17.3358278920315,3.81423169149772,-0.450000000000003));
#7341=CARTESIAN_POINT('Ctrl Pts',(-15.9628398542616,4.2778192387691,4.5));
#7342=CARTESIAN_POINT('Ctrl Pts',(-15.9628398542616,4.2778192387691,-0.450000000000003));
#7343=CARTESIAN_POINT('Ctrl Pts',(-14.9643528458662,4.6351776774461,4.5));
#7344=CARTESIAN_POINT('Ctrl Pts',(-14.9643528458662,4.6351776774461,-0.450000000000003));
#7345=CARTESIAN_POINT('Ctrl Pts',(-14.3124859056139,4.87768162984819,4.5));
#7346=CARTESIAN_POINT('Ctrl Pts',(-14.3124859056139,4.87768162984819,-0.450000000000003));
#7347=CARTESIAN_POINT('Ctrl Pts',(-13.9900001639128,4.99999990198016,4.5));
#7348=CARTESIAN_POINT('Ctrl Pts',(-13.9900001639128,4.99999990198016,-0.450000000000003));
#7349=CARTESIAN_POINT('',(-42.4734910637756,3.20672384315767,0.));
#7350=CARTESIAN_POINT('Ctrl Pts',(-13.9900001639128,4.99999990198016,0.));
#7351=CARTESIAN_POINT('Ctrl Pts',(-14.3643116980655,4.85802419832543,0.));
#7352=CARTESIAN_POINT('Ctrl Pts',(-14.744193505813,4.71776974592304,0.));
#7353=CARTESIAN_POINT('Ctrl Pts',(-15.1296693633528,4.57925053140742,0.));
#7354=CARTESIAN_POINT('Ctrl Pts',(-15.4869171071209,4.45087497717676,0.));
#7355=CARTESIAN_POINT('Ctrl Pts',(-15.8489717433324,4.32398872190366,0.));
#7356=CARTESIAN_POINT('Ctrl Pts',(-16.2158691478016,4.19864085439002,0.));
#7357=CARTESIAN_POINT('Ctrl Pts',(-16.5453014435884,4.08609267262587,0.));
#7358=CARTESIAN_POINT('Ctrl Pts',(-16.8786392081381,3.97478447657734,0.));
#7359=CARTESIAN_POINT('Ctrl Pts',(-17.2159007153642,3.86479176048708,0.));
#7360=CARTESIAN_POINT('Ctrl Pts',(-17.5282978219563,3.76290819086353,0.));
#7361=CARTESIAN_POINT('Ctrl Pts',(-17.8440620974151,3.66215315668649,0.));
#7362=CARTESIAN_POINT('Ctrl Pts',(-18.1631888750722,3.56262558515864,0.));
#7363=CARTESIAN_POINT('Ctrl Pts',(-18.4645993087168,3.46862329329822,0.));
#7364=CARTESIAN_POINT('Ctrl Pts',(-18.7690096935441,3.37571589028354,0.));
#7365=CARTESIAN_POINT('Ctrl Pts',(-19.0763909018048,3.28402418618719,0.));
#7366=CARTESIAN_POINT('Ctrl Pts',(-19.367841071638,3.19708470513565,0.));
#7367=CARTESIAN_POINT('Ctrl Pts',(-19.6619624282132,3.11123812825393,0.));
#7368=CARTESIAN_POINT('Ctrl Pts',(-19.9587018241183,3.02662280870724,0.));
#7369=CARTESIAN_POINT('Ctrl Pts',(-20.2421743191436,2.94579054955908,0.));
#7370=CARTESIAN_POINT('Ctrl Pts',(-20.5280362946087,2.8660818488836,0.));
#7371=CARTESIAN_POINT('Ctrl Pts',(-20.8162100786646,2.78765141723635,0.));
#7372=CARTESIAN_POINT('Ctrl Pts',(-21.0960280091094,2.71149514528635,0.));
#7373=CARTESIAN_POINT('Ctrl Pts',(-21.3780258785097,2.63654401717366,0.));
#7374=CARTESIAN_POINT('Ctrl Pts',(-21.6620980982372,2.56297377459488,0.));
#7375=CARTESIAN_POINT('Ctrl Pts',(-21.940598405546,2.49084656980653,0.));
#7376=CARTESIAN_POINT('Ctrl Pts',(-22.2210926343497,2.42004660893989,7.92135201417632E-18));
#7377=CARTESIAN_POINT('Ctrl Pts',(-22.5034449242599,2.35077313664603,0.));
#7378=CARTESIAN_POINT('Ctrl Pts',(-22.7866380654338,2.28129336644422,-7.94494197285013E-18));
#7379=CARTESIAN_POINT('Ctrl Pts',(-23.0717005815813,2.21334909946234,-8.96479797996468E-16));
#7380=CARTESIAN_POINT('Ctrl Pts',(-23.3584552189225,2.14717658256197,-8.88178419700125E-16));
#7381=CARTESIAN_POINT('Ctrl Pts',(-23.6621290475078,2.0770997330973,-8.79387240756487E-16));
#7382=CARTESIAN_POINT('Ctrl Pts',(-23.967700319282,2.0090101113759,9.22968438945147E-18));
#7383=CARTESIAN_POINT('Ctrl Pts',(-24.2749126988967,1.94322738299608,0.));
#7384=CARTESIAN_POINT('Ctrl Pts',(-24.608975297077,1.87169527486452,-1.00363544964922E-17));
#7385=CARTESIAN_POINT('Ctrl Pts',(-24.9449779931035,1.80289131067313,-8.98790362435139E-16));
#7386=CARTESIAN_POINT('Ctrl Pts',(-25.2825436225678,1.73726663991408,-8.88178419700125E-16));
#7387=CARTESIAN_POINT('Ctrl Pts',(-25.6639409840887,1.66312083212585,-8.76188552822483E-16));
#7388=CARTESIAN_POINT('Ctrl Pts',(-26.0473330991016,1.59303420376582,0.));
#7389=CARTESIAN_POINT('Ctrl Pts',(-26.4321244799968,1.52769854851034,0.));
#7390=CARTESIAN_POINT('Ctrl Pts',(-27.0134602050538,1.4289906449402,0.));
#7391=CARTESIAN_POINT('Ctrl Pts',(-27.5979888751139,1.34113094781869,0.));
#7392=CARTESIAN_POINT('Ctrl Pts',(-28.1835394701134,1.26656952748495,0.));
#7393=CARTESIAN_POINT('Ctrl Pts',(-28.5648075335522,1.21802054029126,0.));
#7394=CARTESIAN_POINT('Ctrl Pts',(-28.946505964354,1.17511125300324,-1.26798328950891E-17));
#7395=CARTESIAN_POINT('Ctrl Pts',(-29.3280396217671,1.13849563207756,0.));
#7396=CARTESIAN_POINT('Ctrl Pts',(-29.6637565845074,1.10627701962443,1.11571676702305E-17));
#7397=CARTESIAN_POINT('Ctrl Pts',(-29.9993454070502,1.07893180632521,0.));
#7398=CARTESIAN_POINT('Ctrl Pts',(-30.334419911792,1.05687424823222,0.));
#7399=CARTESIAN_POINT('Ctrl Pts',(-30.6443317787725,1.03647311680357,0.));
#7400=CARTESIAN_POINT('Ctrl Pts',(-30.9538033641689,1.02059562508835,-8.7893226840295E-16));
#7401=CARTESIAN_POINT('Ctrl Pts',(-31.2625523947748,1.00953525778502,-8.88178419700125E-16));
#7402=CARTESIAN_POINT('Ctrl Pts',(-31.5534945778008,0.999112788111239,-8.96891306790685E-16));
#7403=CARTESIAN_POINT('Ctrl Pts',(-31.8437949266646,0.992968096652708,0.));
#7404=CARTESIAN_POINT('Ctrl Pts',(-32.1332423831727,0.991310958991712,0.));
#7405=CARTESIAN_POINT('Ctrl Pts',(-32.4111841618152,0.989719693362678,0.));
#7406=CARTESIAN_POINT('Ctrl Pts',(-32.6883393083727,0.992266568159487,0.));
#7407=CARTESIAN_POINT('Ctrl Pts',(-32.9645478863953,0.999099335875555,0.));
#7408=CARTESIAN_POINT('Ctrl Pts',(-33.244153477458,1.00601613791524,0.));
#7409=CARTESIAN_POINT('Ctrl Pts',(-33.5227889243147,1.01732505526865,-8.80736512370255E-16));
#7410=CARTESIAN_POINT('Ctrl Pts',(-33.8003203195626,1.03313467896699,-8.88178419700125E-16));
#7411=CARTESIAN_POINT('Ctrl Pts',(-34.0892598734954,1.04959417038837,-8.95926232816484E-16));
#7412=CARTESIAN_POINT('Ctrl Pts',(-34.3770028296397,1.07093172609625,0.));
#7413=CARTESIAN_POINT('Ctrl Pts',(-34.6634323515315,1.09722368400561,0.));
#7414=CARTESIAN_POINT('Ctrl Pts',(-34.9639242237057,1.12480645411648,0.));
#7415=CARTESIAN_POINT('Ctrl Pts',(-35.2629706363279,1.15784170596809,0.));
#7416=CARTESIAN_POINT('Ctrl Pts',(-35.5604721968754,1.19637237736419,0.));
#7417=CARTESIAN_POINT('Ctrl Pts',(-35.8861112162899,1.23854724874206,0.));
#7418=CARTESIAN_POINT('Ctrl Pts',(-36.2098992539255,1.2873060240003,0.));
#7419=CARTESIAN_POINT('Ctrl Pts',(-36.5317477681022,1.34265575450069,0.));
#7420=CARTESIAN_POINT('Ctrl Pts',(-36.8794463639478,1.40245103932482,0.));
#7421=CARTESIAN_POINT('Ctrl Pts',(-37.2248815588307,1.46993782558342,0.));
#7422=CARTESIAN_POINT('Ctrl Pts',(-37.567987568541,1.54507724722212,0.));
#7423=CARTESIAN_POINT('Ctrl Pts',(-37.9497725667342,1.62868727777444,0.));
#7424=CARTESIAN_POINT('Ctrl Pts',(-38.3286738861863,1.72177146791335,-8.7957850715454E-16));
#7425=CARTESIAN_POINT('Ctrl Pts',(-38.7046524599993,1.82423374652675,-8.88178419700125E-16));
#7426=CARTESIAN_POINT('Ctrl Pts',(-39.1696510272782,1.95095589527093,-8.98814523167046E-16));
#7427=CARTESIAN_POINT('Ctrl Pts',(-39.6301793382508,2.09201931751111,-8.78120457000765E-16));
#7428=CARTESIAN_POINT('Ctrl Pts',(-40.0862357361746,2.24721663402456,-8.88178419700125E-16));
#7429=CARTESIAN_POINT('Ctrl Pts',(-40.491129055039,2.3850030061664,-8.97108021207524E-16));
#7430=CARTESIAN_POINT('Ctrl Pts',(-40.8925002486444,2.53392711866517,0.));
#7431=CARTESIAN_POINT('Ctrl Pts',(-41.2903697423818,2.69387329841575,0.));
#7432=CARTESIAN_POINT('Ctrl Pts',(-41.6381779492786,2.83369450827146,0.));
#7433=CARTESIAN_POINT('Ctrl Pts',(-41.9833111924732,2.98193809744565,-7.15859142534703E-18));
#7434=CARTESIAN_POINT('Ctrl Pts',(-42.3257789387466,3.13856898096035,0.));
#7435=CARTESIAN_POINT('Ctrl Pts',(-42.3750715538715,3.16111342767623,1.03036182474395E-18));
#7436=CARTESIAN_POINT('Ctrl Pts',(-42.4243089275571,3.18383171931299,0.));
#7437=CARTESIAN_POINT('Ctrl Pts',(-42.4734910637756,3.20672384315767,0.));
#7438=CARTESIAN_POINT('',(-42.4734910637756,3.20672384315767,4.5));
#7439=CARTESIAN_POINT('',(-42.4734910637756,3.20672384315767,4.5));
#7440=CARTESIAN_POINT('Ctrl Pts',(-13.9900001639128,4.99999990198016,4.5));
#7441=CARTESIAN_POINT('Ctrl Pts',(-14.3124859056139,4.87768162984819,4.5));
#7442=CARTESIAN_POINT('Ctrl Pts',(-14.9643528458662,4.6351776774461,4.5));
#7443=CARTESIAN_POINT('Ctrl Pts',(-15.9628398542616,4.2778192387691,4.5));
#7444=CARTESIAN_POINT('Ctrl Pts',(-17.3358278920315,3.81423169149772,4.5));
#7445=CARTESIAN_POINT('Ctrl Pts',(-19.1223973684334,3.25809649806824,4.5));
#7446=CARTESIAN_POINT('Ctrl Pts',(-20.9787030504704,2.72999554167218,4.5));
#7447=CARTESIAN_POINT('Ctrl Pts',(-22.9010124286139,2.2385132787298,4.5));
#7448=CARTESIAN_POINT('Ctrl Pts',(-24.8801898100817,1.79748861477804,4.5));
#7449=CARTESIAN_POINT('Ctrl Pts',(-26.9002279494428,1.42663971422999,4.5));
#7450=CARTESIAN_POINT('Ctrl Pts',(-28.9415164949073,1.14869034905193,4.5));
#7451=CARTESIAN_POINT('Ctrl Pts',(-30.9832481878582,0.986863739320685,4.5));
#7452=CARTESIAN_POINT('Ctrl Pts',(-33.0060141783801,0.961970177535339,4.5));
#7453=CARTESIAN_POINT('Ctrl Pts',(-34.9943120660725,1.08923907517015,4.5));
#7454=CARTESIAN_POINT('Ctrl Pts',(-36.9392399612602,1.37464808198151,4.5));
#7455=CARTESIAN_POINT('Ctrl Pts',(-38.8366020036777,1.81834565926024,4.5));
#7456=CARTESIAN_POINT('Ctrl Pts',(-40.3155018348703,2.29771524982371,4.5));
#7457=CARTESIAN_POINT('Ctrl Pts',(-41.4029027546819,2.72576490896026,4.5));
#7458=CARTESIAN_POINT('Ctrl Pts',(-42.1182295036445,3.041365193512,4.5));
#7459=CARTESIAN_POINT('Ctrl Pts',(-42.4734910637756,3.20672384315767,4.5));
#7460=CARTESIAN_POINT('Origin',(-49.0000007301569,1.00000001490116,4.5));
#7461=CARTESIAN_POINT('',(-49.0000007301569,1.00000001490116,0.));
#7462=CARTESIAN_POINT('',(-40.8448038602018,3.7574106642339,2.77555756156289E-16));
#7463=CARTESIAN_POINT('',(-49.0000007301569,1.00000001490116,4.5));
#7464=CARTESIAN_POINT('',(-49.0000007301569,1.00000001490116,4.5));
#7465=CARTESIAN_POINT('',(-49.0000007301569,1.00000001490116,4.5));
#7466=CARTESIAN_POINT('Origin',(-43.3827409494761,-6.25192758162117,4.5));
#7467=CARTESIAN_POINT('',(-42.0383277568987,-7.98757583593761,-2.77555756156289E-16));
#7468=CARTESIAN_POINT('',(-49.0000007301569,1.00000001490116,4.5));
#7469=CARTESIAN_POINT('Origin',(-11.,0.,0.));
#7470=CARTESIAN_POINT('',(-12.75,-2.14313189850787E-16,4.5));
#7471=CARTESIAN_POINT('Origin',(-11.,0.,4.5));
#7472=CARTESIAN_POINT('',(-12.75,-2.14313189850787E-16,0.));
#7473=CARTESIAN_POINT('',(-12.75,-2.14313189850787E-16,0.));
#7474=CARTESIAN_POINT('Origin',(-11.,0.,0.));
#7475=CARTESIAN_POINT('Origin',(11.,0.,0.));
#7476=CARTESIAN_POINT('',(9.25,-2.14313189850787E-16,4.5));
#7477=CARTESIAN_POINT('Origin',(11.,0.,4.5));
#7478=CARTESIAN_POINT('',(9.25,-2.14313189850787E-16,0.));
#7479=CARTESIAN_POINT('',(9.25,-2.14313189850787E-16,0.));
#7480=CARTESIAN_POINT('Origin',(11.,0.,0.));
#7481=CARTESIAN_POINT('Origin',(11.0000001639128,5.00000007450581,0.));
#7482=CARTESIAN_POINT('',(11.0000001639128,5.00000007450581,0.));
#7483=CARTESIAN_POINT('',(-11.0000001639128,5.00000007450581,0.));
#7484=CARTESIAN_POINT('',(11.0000001639128,5.00000007450581,4.5));
#7485=CARTESIAN_POINT('',(-11.0000001639128,5.00000007450581,4.5));
#7486=CARTESIAN_POINT('',(11.0000001639128,5.00000007450581,0.));
#7487=CARTESIAN_POINT('Origin',(11.,0.,0.));
#7488=CARTESIAN_POINT('',(11.0000001639128,-5.00000007450581,0.));
#7489=CARTESIAN_POINT('Origin',(11.,0.,0.));
#7490=CARTESIAN_POINT('',(11.0000001639128,-5.00000007450581,4.5));
#7491=CARTESIAN_POINT('Origin',(11.,0.,4.5));
#7492=CARTESIAN_POINT('',(11.0000001639128,-5.00000007450581,0.));
#7493=CARTESIAN_POINT('Origin',(-11.0000001639128,-5.00000007450581,0.));
#7494=CARTESIAN_POINT('',(11.0000001639128,-5.00000007450581,0.));
#7495=CARTESIAN_POINT('',(11.0000001639128,-5.00000007450581,4.5));
#7496=CARTESIAN_POINT('Origin',(0.,0.,4.5));
#7497=CARTESIAN_POINT('Origin',(0.,0.,0.));
#7498=CARTESIAN_POINT('',(0.,0.,0.));
#7499=CARTESIAN_POINT('',(-39.6859857132661,28.3893232184587,26.75));
#7500=CARTESIAN_POINT('',(-34.5859857132661,28.3893232184587,6.45070396297734E-31));
#7501=CARTESIAN_POINT('',(-61.5759857132661,28.3897119263552,-10.));
#7502=CARTESIAN_POINT('',(-38.6052039236309,-6.98985157658138,-1.06189773172466E-15));
#7503=CARTESIAN_POINT('',(-60.4256689550609,-6.63021374409891,-6.83383358360781E-16));
#7504=CARTESIAN_POINT('',(-32.7158442772691,-12.0873686168386,-8.22849876724866E-16));
#7505=CARTESIAN_POINT('',(-67.7804198622622,-11.215959497276,4.5));
#7506=UNCERTAINTY_MEASURE_WITH_UNIT(LENGTH_MEASURE(0.01),#7520,
'DISTANCE_ACCURACY_VALUE',
'Maximum model space distance between geometric entities at asserted c
onnectivities');
#7507=UNCERTAINTY_MEASURE_WITH_UNIT(LENGTH_MEASURE(0.01),#7520,
'DISTANCE_ACCURACY_VALUE',
'Maximum model space distance between geometric entities at asserted c
onnectivities');
#7508=UNCERTAINTY_MEASURE_WITH_UNIT(LENGTH_MEASURE(0.01),#7520,
'DISTANCE_ACCURACY_VALUE',
'Maximum model space distance between geometric entities at asserted c
onnectivities');
#7509=UNCERTAINTY_MEASURE_WITH_UNIT(LENGTH_MEASURE(0.01),#7520,
'DISTANCE_ACCURACY_VALUE',
'Maximum model space distance between geometric entities at asserted c
onnectivities');
#7510=UNCERTAINTY_MEASURE_WITH_UNIT(LENGTH_MEASURE(0.01),#7520,
'DISTANCE_ACCURACY_VALUE',
'Maximum model space distance between geometric entities at asserted c
onnectivities');
#7511=UNCERTAINTY_MEASURE_WITH_UNIT(LENGTH_MEASURE(0.01),#7520,
'DISTANCE_ACCURACY_VALUE',
'Maximum model space distance between geometric entities at asserted c
onnectivities');
#7512=UNCERTAINTY_MEASURE_WITH_UNIT(LENGTH_MEASURE(0.01),#7520,
'DISTANCE_ACCURACY_VALUE',
'Maximum model space distance between geometric entities at asserted c
onnectivities');
#7513=(
GEOMETRIC_REPRESENTATION_CONTEXT(3)
GLOBAL_UNCERTAINTY_ASSIGNED_CONTEXT((#7506))
GLOBAL_UNIT_ASSIGNED_CONTEXT((#7520,#7522,#7523))
REPRESENTATION_CONTEXT('','3D')
);
#7514=(
GEOMETRIC_REPRESENTATION_CONTEXT(3)
GLOBAL_UNCERTAINTY_ASSIGNED_CONTEXT((#7507))
GLOBAL_UNIT_ASSIGNED_CONTEXT((#7520,#7522,#7523))
REPRESENTATION_CONTEXT('','3D')
);
#7515=(
GEOMETRIC_REPRESENTATION_CONTEXT(3)
GLOBAL_UNCERTAINTY_ASSIGNED_CONTEXT((#7508))
GLOBAL_UNIT_ASSIGNED_CONTEXT((#7520,#7522,#7523))
REPRESENTATION_CONTEXT('','3D')
);
#7516=(
GEOMETRIC_REPRESENTATION_CONTEXT(3)
GLOBAL_UNCERTAINTY_ASSIGNED_CONTEXT((#7509))
GLOBAL_UNIT_ASSIGNED_CONTEXT((#7520,#7522,#7523))
REPRESENTATION_CONTEXT('','3D')
);
#7517=(
GEOMETRIC_REPRESENTATION_CONTEXT(3)
GLOBAL_UNCERTAINTY_ASSIGNED_CONTEXT((#7510))
GLOBAL_UNIT_ASSIGNED_CONTEXT((#7520,#7522,#7523))
REPRESENTATION_CONTEXT('','3D')
);
#7518=(
GEOMETRIC_REPRESENTATION_CONTEXT(3)
GLOBAL_UNCERTAINTY_ASSIGNED_CONTEXT((#7511))
GLOBAL_UNIT_ASSIGNED_CONTEXT((#7520,#7522,#7523))
REPRESENTATION_CONTEXT('','3D')
);
#7519=(
GEOMETRIC_REPRESENTATION_CONTEXT(3)
GLOBAL_UNCERTAINTY_ASSIGNED_CONTEXT((#7512))
GLOBAL_UNIT_ASSIGNED_CONTEXT((#7520,#7522,#7523))
REPRESENTATION_CONTEXT('','3D')
);
#7520=(
LENGTH_UNIT()
NAMED_UNIT(*)
SI_UNIT(.MILLI.,.METRE.)
);
#7521=(
LENGTH_UNIT()
NAMED_UNIT(*)
SI_UNIT($,.METRE.)
);
#7522=(
NAMED_UNIT(*)
PLANE_ANGLE_UNIT()
SI_UNIT($,.RADIAN.)
);
#7523=(
NAMED_UNIT(*)
SI_UNIT($,.STERADIAN.)
SOLID_ANGLE_UNIT()
);
#7524=SHAPE_DEFINITION_REPRESENTATION(#7530,#7544);
#7525=SHAPE_DEFINITION_REPRESENTATION(#7531,#7545);
#7526=SHAPE_DEFINITION_REPRESENTATION(#7532,#7546);
#7527=SHAPE_DEFINITION_REPRESENTATION(#7533,#7547);
#7528=SHAPE_DEFINITION_REPRESENTATION(#7534,#7548);
#7529=SHAPE_DEFINITION_REPRESENTATION(#7535,#7549);
#7530=PRODUCT_DEFINITION_SHAPE('',$,#7551);
#7531=PRODUCT_DEFINITION_SHAPE('',$,#7552);
#7532=PRODUCT_DEFINITION_SHAPE('',$,#7553);
#7533=PRODUCT_DEFINITION_SHAPE('',$,#7554);
#7534=PRODUCT_DEFINITION_SHAPE('',$,#7555);
#7535=PRODUCT_DEFINITION_SHAPE('',$,#7556);
#7536=PRODUCT_DEFINITION_SHAPE($,$,#35);
#7537=PRODUCT_DEFINITION_SHAPE($,$,#36);
#7538=PRODUCT_DEFINITION_SHAPE($,$,#37);
#7539=PRODUCT_DEFINITION_SHAPE($,$,#38);
#7540=PRODUCT_DEFINITION_SHAPE($,$,#39);
#7541=PRODUCT_DEFINITION_SHAPE($,$,#40);
#7542=PRODUCT_DEFINITION_SHAPE($,$,#41);
#7543=PRODUCT_DEFINITION_SHAPE($,$,#42);
#7544=SHAPE_REPRESENTATION('',(#3957,#4385,#4386,#4387,#4388,#4389,#4390,
#4391,#4392),#7513);
#7545=SHAPE_REPRESENTATION('',(#3958),#7514);
#7546=SHAPE_REPRESENTATION('',(#4147),#7515);
#7547=SHAPE_REPRESENTATION('',(#4196),#7516);
#7548=SHAPE_REPRESENTATION('',(#4339),#7517);
#7549=SHAPE_REPRESENTATION('',(#4368),#7518);
#7550=PRODUCT_DEFINITION_CONTEXT('part definition',#7570,'design');
#7551=PRODUCT_DEFINITION('2026-08-23-01-23-45-156','Gripper 2.0',#7557,
#7550);
#7552=PRODUCT_DEFINITION('2026-08-20-15-56-53-692','Gripper Base',#7558,
#7550);
#7553=PRODUCT_DEFINITION('2026-08-19-23-11-10-944','Servo',#7559,#7550);
#7554=PRODUCT_DEFINITION('2026-08-19-19-26-28-269','Gear',#7560,#7550);
#7555=PRODUCT_DEFINITION('2026-08-19-23-00-53-516','Link',#7561,#7550);
#7556=PRODUCT_DEFINITION('2026-08-19-22-23-44-975','Gripper Holder 3.0',
#7562,#7550);
#7557=PRODUCT_DEFINITION_FORMATION('',$,#7572);
#7558=PRODUCT_DEFINITION_FORMATION('',$,#7573);
#7559=PRODUCT_DEFINITION_FORMATION('',$,#7574);
#7560=PRODUCT_DEFINITION_FORMATION('',$,#7575);
#7561=PRODUCT_DEFINITION_FORMATION('',$,#7576);
#7562=PRODUCT_DEFINITION_FORMATION('',$,#7577);
#7563=PRODUCT_RELATED_PRODUCT_CATEGORY('Gripper 2.0','Gripper 2.0',(#7572));
#7564=PRODUCT_RELATED_PRODUCT_CATEGORY('Gripper Base','Gripper Base',(#7573));
#7565=PRODUCT_RELATED_PRODUCT_CATEGORY('Servo','Servo',(#7574));
#7566=PRODUCT_RELATED_PRODUCT_CATEGORY('Gear','Gear',(#7575));
#7567=PRODUCT_RELATED_PRODUCT_CATEGORY('Link','Link',(#7576));
#7568=PRODUCT_RELATED_PRODUCT_CATEGORY('Gripper Holder 3.0',
'Gripper Holder 3.0',(#7577));
#7569=APPLICATION_PROTOCOL_DEFINITION('international standard',
'automotive_design',2009,#7570);
#7570=APPLICATION_CONTEXT(
'Core Data for Automotive Mechanical Design Process');
#7571=PRODUCT_CONTEXT('part definition',#7570,'mechanical');
#7572=PRODUCT('2026-08-23-01-23-45-156','Gripper 2.0',$,(#7571));
#7573=PRODUCT('2026-08-20-15-56-53-692','Gripper Base',$,(#7571));
#7574=PRODUCT('2026-08-19-23-11-10-944','Servo',$,(#7571));
#7575=PRODUCT('2026-08-19-19-26-28-269','Gear',$,(#7571));
#7576=PRODUCT('2026-08-19-23-00-53-516','Link',$,(#7571));
#7577=PRODUCT('2026-08-19-22-23-44-975','Gripper Holder 3.0',$,(#7571));
#7578=PRESENTATION_STYLE_ASSIGNMENT((#7579));
#7579=SURFACE_STYLE_USAGE(.BOTH.,#7580);
#7580=SURFACE_SIDE_STYLE('',(#7581));
#7581=SURFACE_STYLE_FILL_AREA(#7582);
#7582=FILL_AREA_STYLE('Steel - Satin',(#7583));
#7583=FILL_AREA_STYLE_COLOUR('Steel - Satin',#7584);
#7584=COLOUR_RGB('Steel - Satin',0.627450980392157,0.627450980392157,0.627450980392157);
ENDSEC;
END-ISO-10303-21;
