ISO-10303-21;
HEADER;
/* Generated by software containing ST-Developer
 * from STEP Tools, Inc. (www.steptools.com) 
 */

FILE_DESCRIPTION(
/* description */ (''),
/* implementation_level */ '2;1');

FILE_NAME(
/* name */ 'Robotic Arm.step',
/* time_stamp */ '2026-08-23T20:21:03+05:30',
/* author */ (''),
/* organization */ (''),
/* preprocessor_version */ 'ST-DEVELOPER v20.1',
/* originating_system */ 'Autodesk Translation Framework v15.8.0.0',
/* authorisation */ '');

FILE_SCHEMA (('AUTOMOTIVE_DESIGN { 1 0 10303 214 3 1 1 }'));
ENDSEC;

DATA;
#10=MECHANICAL_DESIGN_GEOMETRIC_PRESENTATION_REPRESENTATION('',(#117,#118,
#119,#120,#121,#122,#123,#124,#125),#11662);
#11=ITEM_DEFINED_TRANSFORMATION($,$,#6467,#6894);
#12=ITEM_DEFINED_TRANSFORMATION($,$,#6656,#6895);
#13=ITEM_DEFINED_TRANSFORMATION($,$,#6705,#6896);
#14=ITEM_DEFINED_TRANSFORMATION($,$,#6705,#6897);
#15=ITEM_DEFINED_TRANSFORMATION($,$,#6848,#6898);
#16=ITEM_DEFINED_TRANSFORMATION($,$,#6848,#6899);
#17=ITEM_DEFINED_TRANSFORMATION($,$,#6877,#6900);
#18=ITEM_DEFINED_TRANSFORMATION($,$,#6877,#6901);
#19=ITEM_DEFINED_TRANSFORMATION($,$,#6245,#6935);
#20=ITEM_DEFINED_TRANSFORMATION($,$,#6392,#6936);
#21=ITEM_DEFINED_TRANSFORMATION($,$,#6902,#6937);
#22=ITEM_DEFINED_TRANSFORMATION($,$,#6449,#6938);
#23=ITEM_DEFINED_TRANSFORMATION($,$,#6466,#6939);
#24=ITEM_DEFINED_TRANSFORMATION($,$,#6902,#6940);
#25=(
REPRESENTATION_RELATIONSHIP($,$,#11708,#11707)
REPRESENTATION_RELATIONSHIP_WITH_TRANSFORMATION(#11)
SHAPE_REPRESENTATION_RELATIONSHIP()
);
#26=(
REPRESENTATION_RELATIONSHIP($,$,#11709,#11707)
REPRESENTATION_RELATIONSHIP_WITH_TRANSFORMATION(#12)
SHAPE_REPRESENTATION_RELATIONSHIP()
);
#27=(
REPRESENTATION_RELATIONSHIP($,$,#11710,#11707)
REPRESENTATION_RELATIONSHIP_WITH_TRANSFORMATION(#13)
SHAPE_REPRESENTATION_RELATIONSHIP()
);
#28=(
REPRESENTATION_RELATIONSHIP($,$,#11710,#11707)
REPRESENTATION_RELATIONSHIP_WITH_TRANSFORMATION(#14)
SHAPE_REPRESENTATION_RELATIONSHIP()
);
#29=(
REPRESENTATION_RELATIONSHIP($,$,#11711,#11707)
REPRESENTATION_RELATIONSHIP_WITH_TRANSFORMATION(#15)
SHAPE_REPRESENTATION_RELATIONSHIP()
);
#30=(
REPRESENTATION_RELATIONSHIP($,$,#11711,#11707)
REPRESENTATION_RELATIONSHIP_WITH_TRANSFORMATION(#16)
SHAPE_REPRESENTATION_RELATIONSHIP()
);
#31=(
REPRESENTATION_RELATIONSHIP($,$,#11712,#11707)
REPRESENTATION_RELATIONSHIP_WITH_TRANSFORMATION(#17)
SHAPE_REPRESENTATION_RELATIONSHIP()
);
#32=(
REPRESENTATION_RELATIONSHIP($,$,#11712,#11707)
REPRESENTATION_RELATIONSHIP_WITH_TRANSFORMATION(#18)
SHAPE_REPRESENTATION_RELATIONSHIP()
);
#33=(
REPRESENTATION_RELATIONSHIP($,$,#11704,#11703)
REPRESENTATION_RELATIONSHIP_WITH_TRANSFORMATION(#19)
SHAPE_REPRESENTATION_RELATIONSHIP()
);
#34=(
REPRESENTATION_RELATIONSHIP($,$,#11705,#11703)
REPRESENTATION_RELATIONSHIP_WITH_TRANSFORMATION(#20)
SHAPE_REPRESENTATION_RELATIONSHIP()
);
#35=(
REPRESENTATION_RELATIONSHIP($,$,#11713,#11703)
REPRESENTATION_RELATIONSHIP_WITH_TRANSFORMATION(#21)
SHAPE_REPRESENTATION_RELATIONSHIP()
);
#36=(
REPRESENTATION_RELATIONSHIP($,$,#11706,#11703)
REPRESENTATION_RELATIONSHIP_WITH_TRANSFORMATION(#22)
SHAPE_REPRESENTATION_RELATIONSHIP()
);
#37=(
REPRESENTATION_RELATIONSHIP($,$,#11707,#11703)
REPRESENTATION_RELATIONSHIP_WITH_TRANSFORMATION(#23)
SHAPE_REPRESENTATION_RELATIONSHIP()
);
#38=(
REPRESENTATION_RELATIONSHIP($,$,#11713,#11703)
REPRESENTATION_RELATIONSHIP_WITH_TRANSFORMATION(#24)
SHAPE_REPRESENTATION_RELATIONSHIP()
);
#39=CONTEXT_DEPENDENT_SHAPE_REPRESENTATION(#25,#11688);
#40=CONTEXT_DEPENDENT_SHAPE_REPRESENTATION(#26,#11689);
#41=CONTEXT_DEPENDENT_SHAPE_REPRESENTATION(#27,#11690);
#42=CONTEXT_DEPENDENT_SHAPE_REPRESENTATION(#28,#11691);
#43=CONTEXT_DEPENDENT_SHAPE_REPRESENTATION(#29,#11692);
#44=CONTEXT_DEPENDENT_SHAPE_REPRESENTATION(#30,#11693);
#45=CONTEXT_DEPENDENT_SHAPE_REPRESENTATION(#31,#11694);
#46=CONTEXT_DEPENDENT_SHAPE_REPRESENTATION(#32,#11695);
#47=CONTEXT_DEPENDENT_SHAPE_REPRESENTATION(#33,#11697);
#48=CONTEXT_DEPENDENT_SHAPE_REPRESENTATION(#34,#11698);
#49=CONTEXT_DEPENDENT_SHAPE_REPRESENTATION(#35,#11699);
#50=CONTEXT_DEPENDENT_SHAPE_REPRESENTATION(#36,#11700);
#51=CONTEXT_DEPENDENT_SHAPE_REPRESENTATION(#37,#11701);
#52=CONTEXT_DEPENDENT_SHAPE_REPRESENTATION(#38,#11702);
#53=NEXT_ASSEMBLY_USAGE_OCCURRENCE('Gripper Base:1','Gripper Base:1',
'Gripper Base:1',#11719,#11720,'Gripper Base:1');
#54=NEXT_ASSEMBLY_USAGE_OCCURRENCE('Servo:1','Servo:1','Servo:1',#11719,
#11721,'Servo:1');
#55=NEXT_ASSEMBLY_USAGE_OCCURRENCE('Gear:1','Gear:1','Gear:1',#11719,#11722,
'Gear:1');
#56=NEXT_ASSEMBLY_USAGE_OCCURRENCE('Gear:2','Gear:2','Gear:2',#11719,#11722,
'Gear:2');
#57=NEXT_ASSEMBLY_USAGE_OCCURRENCE('Link:1','Link:1','Link:1',#11719,#11723,
'Link:1');
#58=NEXT_ASSEMBLY_USAGE_OCCURRENCE('Link:2','Link:2','Link:2',#11719,#11723,
'Link:2');
#59=NEXT_ASSEMBLY_USAGE_OCCURRENCE('Gripper Holder 3.0:1',
'Gripper Holder 3.0:1','Gripper Holder 3.0:1',#11719,#11724,
'Gripper Holder 3.0:1');
#60=NEXT_ASSEMBLY_USAGE_OCCURRENCE('Gripper Holder 3.0:2',
'Gripper Holder 3.0:2','Gripper Holder 3.0:2',#11719,#11724,
'Gripper Holder 3.0:2');
#61=NEXT_ASSEMBLY_USAGE_OCCURRENCE('Base:1','Base:1','Base:1',#11715,#11716,
'Base:1');
#62=NEXT_ASSEMBLY_USAGE_OCCURRENCE('Base Link:1','Base Link:1',
'Base Link:1',#11715,#11717,'Base Link:1');
#63=NEXT_ASSEMBLY_USAGE_OCCURRENCE('SG90:1','SG90:1','SG90:1',#11715,#11725,
'SG90:1');
#64=NEXT_ASSEMBLY_USAGE_OCCURRENCE('Linker:1','Linker:1','Linker:1',#11715,
#11718,'Linker:1');
#65=NEXT_ASSEMBLY_USAGE_OCCURRENCE('Gripper 2.0:1','Gripper 2.0:1',
'Gripper 2.0:1',#11715,#11719,'Gripper 2.0:1');
#66=NEXT_ASSEMBLY_USAGE_OCCURRENCE('SG90:2','SG90:2','SG90:2',#11715,#11725,
'SG90:2');
#67=B_SPLINE_SURFACE_WITH_KNOTS('',3,3,((#9864,#9865,#9866,#9867,#9868,
#9869),(#9870,#9871,#9872,#9873,#9874,#9875),(#9876,#9877,#9878,#9879,#9880,
#9881),(#9882,#9883,#9884,#9885,#9886,#9887),(#9888,#9889,#9890,#9891,#9892,
#9893)),.UNSPECIFIED.,.F.,.F.,.F.,(4,1,4),(4,1,1,4),(0.,0.571428571428571,
1.),(-1.5707963267949,-0.897597901025655,-0.448798950512828,-7.7715611723761E-16),
 .UNSPECIFIED.);
#68=B_SPLINE_SURFACE_WITH_KNOTS('',3,3,((#9903,#9904,#9905,#9906,#9907,
#9908),(#9909,#9910,#9911,#9912,#9913,#9914),(#9915,#9916,#9917,#9918,#9919,
#9920),(#9921,#9922,#9923,#9924,#9925,#9926),(#9927,#9928,#9929,#9930,#9931,
#9932)),.UNSPECIFIED.,.F.,.F.,.F.,(4,1,4),(4,1,1,4),(0.,0.571428571428571,
1.),(-1.5707963267949,-0.897597901025655,-0.448798950512827,9.39537703483824E-16),
 .UNSPECIFIED.);
#69=B_SPLINE_SURFACE_WITH_KNOTS('',3,3,((#10116,#10117,#10118,#10119,#10120,
#10121),(#10122,#10123,#10124,#10125,#10126,#10127),(#10128,#10129,#10130,
#10131,#10132,#10133),(#10134,#10135,#10136,#10137,#10138,#10139)),
 .UNSPECIFIED.,.F.,.F.,.F.,(4,4),(4,1,1,4),(0.,1.),(-1.5707963267949,-0.897597901025655,
-0.448798950512828,1.53390508985505E-17),.UNSPECIFIED.);
#70=B_SPLINE_SURFACE_WITH_KNOTS('',3,3,((#10144,#10145,#10146,#10147,#10148,
#10149),(#10150,#10151,#10152,#10153,#10154,#10155),(#10156,#10157,#10158,
#10159,#10160,#10161),(#10162,#10163,#10164,#10165,#10166,#10167)),
 .UNSPECIFIED.,.F.,.F.,.F.,(4,4),(4,1,1,4),(0.,1.),(-1.5707963267949,-0.897597901025655,
-0.448798950512827,1.36423396609195E-15),.UNSPECIFIED.);
#71=B_SPLINE_SURFACE_WITH_KNOTS('',3,3,((#10179,#10180,#10181,#10182),(#10183,
#10184,#10185,#10186),(#10187,#10188,#10189,#10190),(#10191,#10192,#10193,
#10194),(#10195,#10196,#10197,#10198)),.UNSPECIFIED.,.F.,.F.,.F.,(4,1,4),
(4,4),(0.,0.571428571428571,1.),(0.489516020247867,0.520689530088298),
 .UNSPECIFIED.);
#72=B_SPLINE_SURFACE_WITH_KNOTS('',3,3,((#10237,#10238,#10239,#10240),(#10241,
#10242,#10243,#10244),(#10245,#10246,#10247,#10248),(#10249,#10250,#10251,
#10252),(#10253,#10254,#10255,#10256)),.UNSPECIFIED.,.F.,.F.,.F.,(4,1,4),
(4,4),(0.,0.305361822866786,0.712510920022501),(0.361283321591652,0.489515566719145),
 .UNSPECIFIED.);
#73=B_SPLINE_SURFACE_WITH_KNOTS('',3,3,((#10270,#10271,#10272,#10273),(#10274,
#10275,#10276,#10277),(#10278,#10279,#10280,#10281),(#10282,#10283,#10284,
#10285),(#10286,#10287,#10288,#10289)),.UNSPECIFIED.,.F.,.F.,.F.,(4,1,4),
(4,4),(0.,0.571428571428571,1.),(0.489516020247868,0.520689530088298),
 .UNSPECIFIED.);
#74=B_SPLINE_SURFACE_WITH_KNOTS('',3,3,((#10334,#10335,#10336,#10337),(#10338,
#10339,#10340,#10341),(#10342,#10343,#10344,#10345),(#10346,#10347,#10348,
#10349),(#10350,#10351,#10352,#10353)),.UNSPECIFIED.,.F.,.F.,.F.,(4,1,4),
(4,4),(0.,0.305361822866789,0.712510920022507),(-2.4064304372122E-16,0.128232245127491),
 .UNSPECIFIED.);
#75=B_SPLINE_SURFACE_WITH_KNOTS('',3,3,((#10367,#10368,#10369,#10370,#10371,
#10372,#10373),(#10374,#10375,#10376,#10377,#10378,#10379,#10380),(#10381,
#10382,#10383,#10384,#10385,#10386,#10387),(#10388,#10389,#10390,#10391,
#10392,#10393,#10394)),.UNSPECIFIED.,.F.,.F.,.F.,(4,4),(4,1,1,1,4),(0.,
1.),(-1.46548147346057,-1.00898749467562,-0.704658175485658,-0.552493515890674,
-0.400328856295691),.UNSPECIFIED.);
#76=B_SPLINE_SURFACE_WITH_KNOTS('',3,3,((#10410,#10411,#10412,#10413,#10414,
#10415,#10416),(#10417,#10418,#10419,#10420,#10421,#10422,#10423),(#10424,
#10425,#10426,#10427,#10428,#10429,#10430),(#10431,#10432,#10433,#10434,
#10435,#10436,#10437)),.UNSPECIFIED.,.F.,.F.,.F.,(4,4),(4,1,1,1,4),(0.,
1.),(-1.13235722906457,-0.980209758101465,-0.675914816175265,-0.371619874249065,
-0.0673249323228649),.UNSPECIFIED.);
#77=B_SPLINE_SURFACE_WITH_KNOTS('',3,3,((#10450,#10451,#10452,#10453,#10454,
#10455),(#10456,#10457,#10458,#10459,#10460,#10461),(#10462,#10463,#10464,
#10465,#10466,#10467),(#10468,#10469,#10470,#10471,#10472,#10473)),
 .UNSPECIFIED.,.F.,.F.,.F.,(4,4),(4,2,4),(0.,1.),(0.39888943738023,1.29648318161436,
1.30352724883517),.UNSPECIFIED.);
#78=B_SPLINE_SURFACE_WITH_KNOTS('',3,3,((#10480,#10481,#10482,#10483,#10484,
#10485,#10486,#10487),(#10488,#10489,#10490,#10491,#10492,#10493,#10494,
#10495),(#10496,#10497,#10498,#10499,#10500,#10501,#10502,#10503),(#10504,
#10505,#10506,#10507,#10508,#10509,#10510,#10511)),.UNSPECIFIED.,.F.,.F.,
 .F.,(4,4),(4,2,1,1,4),(0.308608892648503,1.),(-5.28093397431842,-5.27917869937525,
-4.64415579829213,-4.43248149793109,-4.22080719757005),.UNSPECIFIED.);
#79=B_SPLINE_SURFACE_WITH_KNOTS('',3,3,((#10512,#10513,#10514,#10515,#10516,
#10517),(#10518,#10519,#10520,#10521,#10522,#10523),(#10524,#10525,#10526,
#10527,#10528,#10529),(#10530,#10531,#10532,#10533,#10534,#10535)),
 .UNSPECIFIED.,.F.,.F.,.F.,(4,4),(4,2,4),(0.,1.),(-0.89759374423413,0.,
0.00704406722080685),.UNSPECIFIED.);
#80=B_SPLINE_SURFACE_WITH_KNOTS('',3,3,((#10542,#10543,#10544,#10545,#10546,
#10547),(#10548,#10549,#10550,#10551,#10552,#10553),(#10554,#10555,#10556,
#10557,#10558,#10559),(#10560,#10561,#10562,#10563,#10564,#10565)),
 .UNSPECIFIED.,.F.,.F.,.F.,(4,4),(4,2,4),(0.308608892648502,1.),(-1.0583715018052,
0.,0.00175527494316727),.UNSPECIFIED.);
#81=ELLIPSE('',#6511,3.12983481108576,0.7);
#82=ELLIPSE('',#6523,2.46260080341827,0.7);
#83=ELLIPSE('',#6526,3.12983481108576,0.7);
#84=ELLIPSE('',#6527,3.12983481108576,0.7);
#85=ELLIPSE('',#6530,3.12983481108575,0.7);
#86=ELLIPSE('',#6613,2.46260080341828,0.7);
#87=ELLIPSE('',#6616,2.46260080341827,0.7);
#88=ELLIPSE('',#6618,2.46260080341827,0.7);
#89=(
BOUNDED_CURVE()
B_SPLINE_CURVE(5,(#9427,#9428,#9429,#9430,#9431,#9432,#9433,#9434,#9435,
#9436,#9437,#9438,#9439,#9440,#9441,#9442,#9443,#9444,#9445,#9446,#9447,
#9448,#9449,#9450,#9451),.UNSPECIFIED.,.F.,.F.)
B_SPLINE_CURVE_WITH_KNOTS((6,1,1,1,1,1,1,1,1,1,1,1,1,1,1,1,1,1,1,1,6),(0.,
0.05,0.1,0.15,0.2,0.25,0.3,0.35,0.4,0.45,0.5,0.55,0.6,0.65,0.7,0.75,0.8,
0.85,0.9,0.95,1.),.UNSPECIFIED.)
CURVE()
GEOMETRIC_REPRESENTATION_ITEM()
RATIONAL_B_SPLINE_CURVE((1.,1.,1.,1.,1.,1.,1.,1.,1.,1.,1.,1.,1.,1.,1.,1.,
1.,1.,1.,1.,1.,1.,1.,1.,1.))
REPRESENTATION_ITEM('')
);
#90=(
BOUNDED_CURVE()
B_SPLINE_CURVE(5,(#9453,#9454,#9455,#9456,#9457,#9458,#9459,#9460,#9461,
#9462,#9463,#9464,#9465,#9466,#9467,#9468,#9469,#9470,#9471,#9472,#9473,
#9474,#9475,#9476,#9477),.UNSPECIFIED.,.F.,.F.)
B_SPLINE_CURVE_WITH_KNOTS((6,1,1,1,1,1,1,1,1,1,1,1,1,1,1,1,1,1,1,1,6),(0.,
0.05,0.1,0.15,0.2,0.25,0.3,0.35,0.4,0.45,0.5,0.55,0.6,0.65,0.7,0.75,0.8,
0.85,0.9,0.95,1.),.UNSPECIFIED.)
CURVE()
GEOMETRIC_REPRESENTATION_ITEM()
RATIONAL_B_SPLINE_CURVE((1.,1.,1.,1.,1.,1.,1.,1.,1.,1.,1.,1.,1.,1.,1.,1.,
1.,1.,1.,1.,1.,1.,1.,1.,1.))
REPRESENTATION_ITEM('')
);
#91=(
BOUNDED_CURVE()
B_SPLINE_CURVE(5,(#9535,#9536,#9537,#9538,#9539,#9540,#9541,#9542,#9543,
#9544,#9545,#9546,#9547,#9548,#9549,#9550,#9551,#9552,#9553,#9554,#9555,
#9556,#9557,#9558,#9559),.UNSPECIFIED.,.F.,.F.)
B_SPLINE_CURVE_WITH_KNOTS((6,1,1,1,1,1,1,1,1,1,1,1,1,1,1,1,1,1,1,1,6),(0.,
0.05,0.1,0.15,0.2,0.25,0.3,0.35,0.4,0.45,0.5,0.55,0.6,0.65,0.7,0.75,0.8,
0.85,0.9,0.95,1.),.UNSPECIFIED.)
CURVE()
GEOMETRIC_REPRESENTATION_ITEM()
RATIONAL_B_SPLINE_CURVE((1.,1.,1.,1.,1.,1.,1.,1.,1.,1.,1.,1.,1.,1.,1.,1.,
1.,1.,1.,1.,1.,1.,1.,1.,1.))
REPRESENTATION_ITEM('')
);
#92=(
BOUNDED_CURVE()
B_SPLINE_CURVE(5,(#9560,#9561,#9562,#9563,#9564,#9565,#9566,#9567,#9568,
#9569,#9570,#9571,#9572,#9573,#9574,#9575,#9576,#9577,#9578,#9579,#9580,
#9581,#9582,#9583,#9584),.UNSPECIFIED.,.F.,.F.)
B_SPLINE_CURVE_WITH_KNOTS((6,1,1,1,1,1,1,1,1,1,1,1,1,1,1,1,1,1,1,1,6),(0.,
0.05,0.1,0.15,0.2,0.25,0.3,0.35,0.4,0.45,0.5,0.55,0.6,0.65,0.7,0.75,0.8,
0.85,0.9,0.95,1.),.UNSPECIFIED.)
CURVE()
GEOMETRIC_REPRESENTATION_ITEM()
RATIONAL_B_SPLINE_CURVE((1.,1.,1.,1.,1.,1.,1.,1.,1.,1.,1.,1.,1.,1.,1.,1.,
1.,1.,1.,1.,1.,1.,1.,1.,1.))
REPRESENTATION_ITEM('')
);
#93=(
BOUNDED_CURVE()
B_SPLINE_CURVE(5,(#11301,#11302,#11303,#11304,#11305,#11306,#11307,#11308,
#11309,#11310,#11311,#11312,#11313,#11314,#11315),.UNSPECIFIED.,.F.,.F.)
B_SPLINE_CURVE_WITH_KNOTS((6,1,1,1,1,1,1,1,1,1,6),(0.,0.1,0.2,0.3,0.4,0.5,
0.6,0.7,0.8,0.9,1.),.UNSPECIFIED.)
CURVE()
GEOMETRIC_REPRESENTATION_ITEM()
RATIONAL_B_SPLINE_CURVE((1.,1.,1.,1.,1.,1.,1.,1.,1.,1.,1.,1.,1.,1.,1.))
REPRESENTATION_ITEM('')
);
#94=(
BOUNDED_CURVE()
B_SPLINE_CURVE(5,(#11457,#11458,#11459,#11460,#11461,#11462,#11463,#11464,
#11465,#11466,#11467,#11468,#11469,#11470,#11471,#11472,#11473,#11474,#11475,
#11476),.UNSPECIFIED.,.F.,.F.)
B_SPLINE_CURVE_WITH_KNOTS((6,1,1,1,1,1,1,1,1,1,1,1,1,1,1,6),(0.,0.0666666666666667,
0.133333333333333,0.2,0.266666666666667,0.333333333333333,0.4,0.466666666666667,
0.533333333333333,0.6,0.666666666666667,0.733333333333333,0.8,0.866666666666667,
0.933333333333333,1.),.UNSPECIFIED.)
CURVE()
GEOMETRIC_REPRESENTATION_ITEM()
RATIONAL_B_SPLINE_CURVE((1.,1.,1.,1.,1.,1.,1.,1.,1.,1.,1.,1.,1.,1.,1.,1.,
1.,1.,1.,1.))
REPRESENTATION_ITEM('')
);
#95=(
BOUNDED_SURFACE()
B_SPLINE_SURFACE(5,1,((#9376,#9377),(#9378,#9379),(#9380,#9381),(#9382,
#9383),(#9384,#9385),(#9386,#9387),(#9388,#9389),(#9390,#9391),(#9392,#9393),
(#9394,#9395),(#9396,#9397),(#9398,#9399),(#9400,#9401),(#9402,#9403),(#9404,
#9405),(#9406,#9407),(#9408,#9409),(#9410,#9411),(#9412,#9413),(#9414,#9415),
(#9416,#9417),(#9418,#9419),(#9420,#9421),(#9422,#9423),(#9424,#9425)),
 .UNSPECIFIED.,.F.,.F.,.F.)
B_SPLINE_SURFACE_WITH_KNOTS((6,1,1,1,1,1,1,1,1,1,1,1,1,1,1,1,1,1,1,1,6),
(2,2),(0.,0.05,0.1,0.15,0.2,0.25,0.3,0.35,0.4,0.45,0.5,0.55,0.6,0.65,0.7,
0.75,0.8,0.85,0.9,0.95,1.),(0.,1.),.UNSPECIFIED.)
GEOMETRIC_REPRESENTATION_ITEM()
RATIONAL_B_SPLINE_SURFACE(((1.,1.),(1.,1.),(1.,1.),(1.,1.),(1.,1.),(1.,
1.),(1.,1.),(1.,1.),(1.,1.),(1.,1.),(1.,1.),(1.,1.),(1.,1.),(1.,1.),(1.,
1.),(1.,1.),(1.,1.),(1.,1.),(1.,1.),(1.,1.),(1.,1.),(1.,1.),(1.,1.),(1.,
1.),(1.,1.)))
REPRESENTATION_ITEM('')
SURFACE()
);
#96=(
BOUNDED_SURFACE()
B_SPLINE_SURFACE(5,1,((#9485,#9486),(#9487,#9488),(#9489,#9490),(#9491,
#9492),(#9493,#9494),(#9495,#9496),(#9497,#9498),(#9499,#9500),(#9501,#9502),
(#9503,#9504),(#9505,#9506),(#9507,#9508),(#9509,#9510),(#9511,#9512),(#9513,
#9514),(#9515,#9516),(#9517,#9518),(#9519,#9520),(#9521,#9522),(#9523,#9524),
(#9525,#9526),(#9527,#9528),(#9529,#9530),(#9531,#9532),(#9533,#9534)),
 .UNSPECIFIED.,.F.,.F.,.F.)
B_SPLINE_SURFACE_WITH_KNOTS((6,1,1,1,1,1,1,1,1,1,1,1,1,1,1,1,1,1,1,1,6),
(2,2),(0.,0.05,0.1,0.15,0.2,0.25,0.3,0.35,0.4,0.45,0.5,0.55,0.6,0.65,0.7,
0.75,0.8,0.85,0.9,0.95,1.),(0.,1.),.UNSPECIFIED.)
GEOMETRIC_REPRESENTATION_ITEM()
RATIONAL_B_SPLINE_SURFACE(((1.,1.),(1.,1.),(1.,1.),(1.,1.),(1.,1.),(1.,
1.),(1.,1.),(1.,1.),(1.,1.),(1.,1.),(1.,1.),(1.,1.),(1.,1.),(1.,1.),(1.,
1.),(1.,1.),(1.,1.),(1.,1.),(1.,1.),(1.,1.),(1.,1.),(1.,1.),(1.,1.),(1.,
1.),(1.,1.)))
REPRESENTATION_ITEM('')
SURFACE()
);
#97=(
BOUNDED_SURFACE()
B_SPLINE_SURFACE(5,1,((#11202,#11203),(#11204,#11205),(#11206,#11207),(#11208,
#11209),(#11210,#11211),(#11212,#11213),(#11214,#11215),(#11216,#11217),
(#11218,#11219),(#11220,#11221),(#11222,#11223),(#11224,#11225),(#11226,
#11227),(#11228,#11229),(#11230,#11231)),.UNSPECIFIED.,.F.,.F.,.F.)
B_SPLINE_SURFACE_WITH_KNOTS((6,1,1,1,1,1,1,1,1,1,6),(2,2),(-1.,-0.9,-0.8,
-0.7,-0.6,-0.5,-0.4,-0.3,-0.2,-0.1,0.),(0.,0.495),.UNSPECIFIED.)
GEOMETRIC_REPRESENTATION_ITEM()
RATIONAL_B_SPLINE_SURFACE(((1.,1.),(1.,1.),(1.,1.),(1.,1.),(1.,1.),(1.,
1.),(1.,1.),(1.,1.),(1.,1.),(1.,1.),(1.,1.),(1.,1.),(1.,1.),(1.,1.),(1.,
1.)))
REPRESENTATION_ITEM('')
SURFACE()
);
#98=(
BOUNDED_SURFACE()
B_SPLINE_SURFACE(5,1,((#11326,#11327),(#11328,#11329),(#11330,#11331),(#11332,
#11333),(#11334,#11335),(#11336,#11337),(#11338,#11339),(#11340,#11341),
(#11342,#11343),(#11344,#11345),(#11346,#11347),(#11348,#11349),(#11350,
#11351),(#11352,#11353),(#11354,#11355),(#11356,#11357),(#11358,#11359),
(#11360,#11361),(#11362,#11363),(#11364,#11365)),.UNSPECIFIED.,.F.,.F.,
 .F.)
B_SPLINE_SURFACE_WITH_KNOTS((6,1,1,1,1,1,1,1,1,1,1,1,1,1,1,6),(2,2),(-1.,
-0.933333333333333,-0.866666666666667,-0.8,-0.733333333333333,-0.666666666666667,
-0.6,-0.533333333333333,-0.466666666666667,-0.4,-0.333333333333333,-0.266666666666667,
-0.2,-0.133333333333333,-0.0666666666666667,0.),(0.,0.495),
 .UNSPECIFIED.)
GEOMETRIC_REPRESENTATION_ITEM()
RATIONAL_B_SPLINE_SURFACE(((1.,1.),(1.,1.),(1.,1.),(1.,1.),(1.,1.),(1.,
1.),(1.,1.),(1.,1.),(1.,1.),(1.,1.),(1.,1.),(1.,1.),(1.,1.),(1.,1.),(1.,
1.),(1.,1.),(1.,1.),(1.,1.),(1.,1.),(1.,1.)))
REPRESENTATION_ITEM('')
SURFACE()
);
#99=SHAPE_REPRESENTATION_RELATIONSHIP('SRR','None',#11704,#108);
#100=SHAPE_REPRESENTATION_RELATIONSHIP('SRR','None',#11705,#109);
#101=SHAPE_REPRESENTATION_RELATIONSHIP('SRR','None',#11706,#110);
#102=SHAPE_REPRESENTATION_RELATIONSHIP('SRR','None',#11708,#111);
#103=SHAPE_REPRESENTATION_RELATIONSHIP('SRR','None',#11709,#112);
#104=SHAPE_REPRESENTATION_RELATIONSHIP('SRR','None',#11710,#113);
#105=SHAPE_REPRESENTATION_RELATIONSHIP('SRR','None',#11711,#114);
#106=SHAPE_REPRESENTATION_RELATIONSHIP('SRR','None',#11712,#115);
#107=SHAPE_REPRESENTATION_RELATIONSHIP('SRR','None',#11713,#116);
#108=ADVANCED_BREP_SHAPE_REPRESENTATION('',(#126),#11652);
#109=ADVANCED_BREP_SHAPE_REPRESENTATION('',(#127),#11653);
#110=ADVANCED_BREP_SHAPE_REPRESENTATION('',(#128),#11654);
#111=ADVANCED_BREP_SHAPE_REPRESENTATION('',(#129),#11656);
#112=ADVANCED_BREP_SHAPE_REPRESENTATION('',(#130),#11657);
#113=ADVANCED_BREP_SHAPE_REPRESENTATION('',(#131),#11658);
#114=ADVANCED_BREP_SHAPE_REPRESENTATION('',(#132),#11659);
#115=ADVANCED_BREP_SHAPE_REPRESENTATION('',(#133),#11660);
#116=ADVANCED_BREP_SHAPE_REPRESENTATION('',(#134),#11661);
#117=STYLED_ITEM('',(#11762),#126);
#118=STYLED_ITEM('',(#11762),#127);
#119=STYLED_ITEM('',(#11762),#128);
#120=STYLED_ITEM('',(#11762),#129);
#121=STYLED_ITEM('',(#11762),#130);
#122=STYLED_ITEM('',(#11762),#131);
#123=STYLED_ITEM('',(#11762),#132);
#124=STYLED_ITEM('',(#11762),#133);
#125=STYLED_ITEM('',(#11762),#134);
#126=MANIFOLD_SOLID_BREP('Body1',#6135);
#127=MANIFOLD_SOLID_BREP('Body1',#6136);
#128=MANIFOLD_SOLID_BREP('Body1',#6137);
#129=MANIFOLD_SOLID_BREP('Body1',#6138);
#130=MANIFOLD_SOLID_BREP('Body1',#6139);
#131=MANIFOLD_SOLID_BREP('Body1',#6140);
#132=MANIFOLD_SOLID_BREP('Body1',#6141);
#133=MANIFOLD_SOLID_BREP('Body1',#6142);
#134=MANIFOLD_SOLID_BREP('Body1',#6143);
#135=FACE_BOUND('',#800,.T.);
#136=FACE_BOUND('',#801,.T.);
#137=FACE_BOUND('',#802,.T.);
#138=FACE_BOUND('',#803,.T.);
#139=FACE_BOUND('',#815,.T.);
#140=FACE_BOUND('',#816,.T.);
#141=FACE_BOUND('',#817,.T.);
#142=FACE_BOUND('',#818,.T.);
#143=FACE_BOUND('',#819,.T.);
#144=FACE_BOUND('',#822,.T.);
#145=FACE_BOUND('',#828,.T.);
#146=FACE_BOUND('',#832,.T.);
#147=FACE_BOUND('',#836,.T.);
#148=FACE_BOUND('',#840,.T.);
#149=FACE_BOUND('',#852,.T.);
#150=FACE_BOUND('',#854,.T.);
#151=FACE_BOUND('',#861,.T.);
#152=FACE_BOUND('',#862,.T.);
#153=FACE_BOUND('',#863,.T.);
#154=FACE_BOUND('',#867,.T.);
#155=FACE_BOUND('',#869,.T.);
#156=FACE_BOUND('',#870,.T.);
#157=FACE_BOUND('',#871,.T.);
#158=FACE_BOUND('',#881,.T.);
#159=FACE_BOUND('',#883,.T.);
#160=FACE_BOUND('',#889,.T.);
#161=FACE_BOUND('',#900,.T.);
#162=FACE_BOUND('',#901,.T.);
#163=FACE_BOUND('',#906,.T.);
#164=FACE_BOUND('',#916,.T.);
#165=FACE_BOUND('',#918,.T.);
#166=FACE_BOUND('',#929,.T.);
#167=FACE_BOUND('',#930,.T.);
#168=FACE_BOUND('',#931,.T.);
#169=FACE_BOUND('',#932,.T.);
#170=FACE_BOUND('',#945,.T.);
#171=FACE_BOUND('',#946,.T.);
#172=FACE_BOUND('',#947,.T.);
#173=FACE_BOUND('',#948,.T.);
#174=FACE_BOUND('',#949,.T.);
#175=FACE_BOUND('',#950,.T.);
#176=FACE_BOUND('',#1000,.T.);
#177=FACE_BOUND('',#1001,.T.);
#178=FACE_BOUND('',#1002,.T.);
#179=FACE_BOUND('',#1008,.T.);
#180=FACE_BOUND('',#1012,.T.);
#181=FACE_BOUND('',#1028,.T.);
#182=FACE_BOUND('',#1110,.T.);
#183=FACE_BOUND('',#1111,.T.);
#184=FACE_BOUND('',#1112,.T.);
#185=FACE_BOUND('',#1113,.T.);
#186=FACE_BOUND('',#1115,.T.);
#187=FACE_BOUND('',#1116,.T.);
#188=FACE_BOUND('',#1117,.T.);
#189=FACE_BOUND('',#1118,.T.);
#190=FACE_BOUND('',#1130,.T.);
#191=FACE_BOUND('',#1131,.T.);
#192=FACE_BOUND('',#1133,.T.);
#193=FACE_BOUND('',#1134,.T.);
#194=FACE_BOUND('',#1146,.T.);
#195=FACE_BOUND('',#1147,.T.);
#196=FACE_BOUND('',#1149,.T.);
#197=FACE_BOUND('',#1150,.T.);
#198=FACE_BOUND('',#1158,.T.);
#199=FACE_BOUND('',#1161,.T.);
#200=FACE_BOUND('',#1164,.T.);
#201=FACE_BOUND('',#1167,.T.);
#202=FACE_BOUND('',#1170,.T.);
#203=PLANE('',#6258);
#204=PLANE('',#6268);
#205=PLANE('',#6283);
#206=PLANE('',#6296);
#207=PLANE('',#6323);
#208=PLANE('',#6326);
#209=PLANE('',#6327);
#210=PLANE('',#6354);
#211=PLANE('',#6356);
#212=PLANE('',#6368);
#213=PLANE('',#6370);
#214=PLANE('',#6371);
#215=PLANE('',#6376);
#216=PLANE('',#6381);
#217=PLANE('',#6386);
#218=PLANE('',#6391);
#219=PLANE('',#6406);
#220=PLANE('',#6407);
#221=PLANE('',#6408);
#222=PLANE('',#6409);
#223=PLANE('',#6410);
#224=PLANE('',#6411);
#225=PLANE('',#6412);
#226=PLANE('',#6413);
#227=PLANE('',#6414);
#228=PLANE('',#6415);
#229=PLANE('',#6416);
#230=PLANE('',#6418);
#231=PLANE('',#6421);
#232=PLANE('',#6422);
#233=PLANE('',#6439);
#234=PLANE('',#6440);
#235=PLANE('',#6441);
#236=PLANE('',#6442);
#237=PLANE('',#6443);
#238=PLANE('',#6444);
#239=PLANE('',#6445);
#240=PLANE('',#6446);
#241=PLANE('',#6447);
#242=PLANE('',#6448);
#243=PLANE('',#6453);
#244=PLANE('',#6457);
#245=PLANE('',#6464);
#246=PLANE('',#6465);
#247=PLANE('',#6474);
#248=PLANE('',#6475);
#249=PLANE('',#6476);
#250=PLANE('',#6477);
#251=PLANE('',#6478);
#252=PLANE('',#6483);
#253=PLANE('',#6484);
#254=PLANE('',#6485);
#255=PLANE('',#6486);
#256=PLANE('',#6487);
#257=PLANE('',#6488);
#258=PLANE('',#6509);
#259=PLANE('',#6512);
#260=PLANE('',#6524);
#261=PLANE('',#6544);
#262=PLANE('',#6545);
#263=PLANE('',#6568);
#264=PLANE('',#6579);
#265=PLANE('',#6590);
#266=PLANE('',#6602);
#267=PLANE('',#6614);
#268=PLANE('',#6628);
#269=PLANE('',#6634);
#270=PLANE('',#6639);
#271=PLANE('',#6640);
#272=PLANE('',#6641);
#273=PLANE('',#6642);
#274=PLANE('',#6643);
#275=PLANE('',#6644);
#276=PLANE('',#6645);
#277=PLANE('',#6646);
#278=PLANE('',#6652);
#279=PLANE('',#6660);
#280=PLANE('',#6676);
#281=PLANE('',#6677);
#282=PLANE('',#6678);
#283=PLANE('',#6679);
#284=PLANE('',#6680);
#285=PLANE('',#6684);
#286=PLANE('',#6685);
#287=PLANE('',#6686);
#288=PLANE('',#6690);
#289=PLANE('',#6691);
#290=PLANE('',#6692);
#291=PLANE('',#6693);
#292=PLANE('',#6694);
#293=PLANE('',#6695);
#294=PLANE('',#6696);
#295=PLANE('',#6697);
#296=PLANE('',#6698);
#297=PLANE('',#6699);
#298=PLANE('',#6700);
#299=PLANE('',#6701);
#300=PLANE('',#6702);
#301=PLANE('',#6703);
#302=PLANE('',#6704);
#303=PLANE('',#6721);
#304=PLANE('',#6728);
#305=PLANE('',#6738);
#306=PLANE('',#6748);
#307=PLANE('',#6758);
#308=PLANE('',#6768);
#309=PLANE('',#6778);
#310=PLANE('',#6788);
#311=PLANE('',#6798);
#312=PLANE('',#6808);
#313=PLANE('',#6818);
#314=PLANE('',#6828);
#315=PLANE('',#6838);
#316=PLANE('',#6845);
#317=PLANE('',#6846);
#318=PLANE('',#6847);
#319=PLANE('',#6858);
#320=PLANE('',#6868);
#321=PLANE('',#6875);
#322=PLANE('',#6876);
#323=PLANE('',#6878);
#324=PLANE('',#6879);
#325=PLANE('',#6880);
#326=PLANE('',#6887);
#327=PLANE('',#6891);
#328=PLANE('',#6892);
#329=PLANE('',#6893);
#330=PLANE('',#6912);
#331=PLANE('',#6920);
#332=PLANE('',#6921);
#333=PLANE('',#6922);
#334=PLANE('',#6923);
#335=PLANE('',#6924);
#336=PLANE('',#6925);
#337=PLANE('',#6926);
#338=PLANE('',#6927);
#339=PLANE('',#6928);
#340=PLANE('',#6929);
#341=PLANE('',#6930);
#342=PLANE('',#6931);
#343=PLANE('',#6932);
#344=PLANE('',#6933);
#345=PLANE('',#6934);
#346=TOROIDAL_SURFACE('',#6254,10.,5.);
#347=TOROIDAL_SURFACE('',#6267,10.,5.);
#348=TOROIDAL_SURFACE('',#6281,10.,5.);
#349=TOROIDAL_SURFACE('',#6293,10.,5.);
#350=TOROIDAL_SURFACE('',#6300,2.,1.);
#351=TOROIDAL_SURFACE('',#6306,2.,1.);
#352=TOROIDAL_SURFACE('',#6312,2.,1.);
#353=TOROIDAL_SURFACE('',#6318,2.,1.);
#354=TOROIDAL_SURFACE('',#6332,2.,1.);
#355=TOROIDAL_SURFACE('',#6338,2.,1.);
#356=TOROIDAL_SURFACE('',#6343,2.,1.);
#357=TOROIDAL_SURFACE('',#6349,2.,1.);
#358=TOROIDAL_SURFACE('',#6362,53.,3.);
#359=TOROIDAL_SURFACE('',#6500,1.7,1.);
#360=TOROIDAL_SURFACE('',#6505,1.7,1.);
#361=TOROIDAL_SURFACE('',#6535,4.3,0.7);
#362=TOROIDAL_SURFACE('',#6539,4.3,0.7);
#363=TOROIDAL_SURFACE('',#6560,4.3,0.7);
#364=TOROIDAL_SURFACE('',#6564,4.3,0.7);
#365=TOROIDAL_SURFACE('',#6571,4.3,0.7);
#366=TOROIDAL_SURFACE('',#6575,4.3,0.7);
#367=TOROIDAL_SURFACE('',#6582,4.3,0.7);
#368=TOROIDAL_SURFACE('',#6586,4.3,0.7);
#369=TOROIDAL_SURFACE('',#6593,4.3,0.7);
#370=TOROIDAL_SURFACE('',#6597,4.3,0.7);
#371=TOROIDAL_SURFACE('',#6603,4.3,0.7);
#372=TOROIDAL_SURFACE('',#6607,4.3,0.7);
#373=B_SPLINE_CURVE_WITH_KNOTS('',3,(#8834,#8835,#8836,#8837,#8838,#8839),
 .UNSPECIFIED.,.F.,.F.,(4,2,4),(0.881591412919051,1.16843646570842,1.44028385220892),
 .UNSPECIFIED.);
#374=B_SPLINE_CURVE_WITH_KNOTS('',3,(#8845,#8846,#8847,#8848,#8849,#8850,
#8851,#8852),.UNSPECIFIED.,.F.,.F.,(4,2,2,4),(2.02922982572016,2.03537998155994,
2.42606743385634,2.42706743399222),.UNSPECIFIED.);
#375=B_SPLINE_CURVE_WITH_KNOTS('',3,(#8878,#8879,#8880,#8881,#8882,#8883),
 .UNSPECIFIED.,.F.,.F.,(4,2,4),(0.39599008878052,0.667837475281027,0.954682528070393),
 .UNSPECIFIED.);
#376=B_SPLINE_CURVE_WITH_KNOTS('',3,(#8886,#8887,#8888,#8889,#8890,#8891,
#8892,#8893),.UNSPECIFIED.,.F.,.F.,(4,2,2,4),(-0.00100000014049282,0.,0.39068744928272,
0.396837605057257),.UNSPECIFIED.);
#377=B_SPLINE_CURVE_WITH_KNOTS('',3,(#8921,#8922,#8923,#8924,#8925,#8926),
 .UNSPECIFIED.,.F.,.F.,(4,2,4),(2.23226402976996,2.50411141627047,2.79095646905984),
 .UNSPECIFIED.);
#378=B_SPLINE_CURVE_WITH_KNOTS('',3,(#8932,#8933,#8934,#8935,#8936,#8937,
#8938,#8939),.UNSPECIFIED.,.F.,.F.,(4,2,2,4),(-0.00100000002916073,0.,0.390683570375278,
0.396833644039811),.UNSPECIFIED.);
#379=B_SPLINE_CURVE_WITH_KNOTS('',3,(#8956,#8957,#8958,#8959,#8960,#8961),
 .UNSPECIFIED.,.F.,.F.,(4,2,4),(2.7178653539085,3.00471040669786,3.27655779319837),
 .UNSPECIFIED.);
#380=B_SPLINE_CURVE_WITH_KNOTS('',3,(#8967,#8968,#8969,#8970,#8971,#8972,
#8973,#8974),.UNSPECIFIED.,.F.,.F.,(4,2,2,4),(2.02924381964384,2.03539402009813,
2.426083579988,2.42708358018785),.UNSPECIFIED.);
#381=B_SPLINE_CURVE_WITH_KNOTS('',3,(#9638,#9639,#9640,#9641),
 .UNSPECIFIED.,.F.,.F.,(4,4),(0.128528144229021,0.164384295828188),
 .UNSPECIFIED.);
#382=B_SPLINE_CURVE_WITH_KNOTS('',3,(#9643,#9644,#9645,#9646),
 .UNSPECIFIED.,.F.,.F.,(4,4),(-0.531020554833721,-0.523558732319907),
 .UNSPECIFIED.);
#383=B_SPLINE_CURVE_WITH_KNOTS('',3,(#9648,#9649,#9650,#9651,#9652,#9653),
 .UNSPECIFIED.,.F.,.F.,(4,1,1,4),(-1.13235722906457,-0.980209758101465,
-0.675914816175265,-0.531020554833721),.UNSPECIFIED.);
#384=B_SPLINE_CURVE_WITH_KNOTS('',3,(#9655,#9656,#9657,#9658,#9659,#9660),
 .UNSPECIFIED.,.F.,.F.,(4,2,4),(-1.30352724883517,-1.29648318161436,-0.39888943738023),
 .UNSPECIFIED.);
#385=B_SPLINE_CURVE_WITH_KNOTS('',3,(#9662,#9663,#9664,#9665,#9666,#9667),
 .UNSPECIFIED.,.F.,.F.,(4,2,4),(-0.89759374423413,0.,0.00704406722080685),
 .UNSPECIFIED.);
#386=B_SPLINE_CURVE_WITH_KNOTS('',3,(#9669,#9670,#9671,#9672,#9673,#9674),
 .UNSPECIFIED.,.F.,.F.,(4,1,1,4),(-1.00167659485851,-0.704658175485658,
-0.552493515890674,-0.400328856295691),.UNSPECIFIED.);
#387=B_SPLINE_CURVE_WITH_KNOTS('',3,(#9676,#9677,#9678,#9679,#9680),
 .UNSPECIFIED.,.F.,.F.,(4,1,4),(-1.00913982682705,-1.00898749467562,-1.00167659485851),
 .UNSPECIFIED.);
#388=B_SPLINE_CURVE_WITH_KNOTS('',3,(#9682,#9683,#9684,#9685),
 .UNSPECIFIED.,.F.,.F.,(4,4),(0.16765097866989,0.203507130269775),
 .UNSPECIFIED.);
#389=B_SPLINE_CURVE_WITH_KNOTS('',3,(#9740,#9741,#9742,#9743,#9744,#9745,
#9746,#9747,#9748,#9749,#9750,#9751),.UNSPECIFIED.,.F.,.F.,(4,2,2,2,2,4),
(-0.403432520948564,-0.373698382950416,-0.345566915827274,-0.303819845353973,
-0.271955073633827,-0.263243021272255),.UNSPECIFIED.);
#390=B_SPLINE_CURVE_WITH_KNOTS('',3,(#9770,#9771,#9772,#9773,#9774,#9775,
#9776,#9777,#9778,#9779),.UNSPECIFIED.,.F.,.F.,(4,2,2,2,4),(-0.146158484218616,
-0.139079023094176,-0.100042232560638,-0.0498434943288568,0.),
 .UNSPECIFIED.);
#391=B_SPLINE_CURVE_WITH_KNOTS('',3,(#9788,#9789,#9790,#9791),
 .UNSPECIFIED.,.F.,.F.,(4,4),(0.489516020247868,0.520689530088298),
 .UNSPECIFIED.);
#392=B_SPLINE_CURVE_WITH_KNOTS('',3,(#9792,#9793,#9794,#9795,#9796,#9797),
 .UNSPECIFIED.,.F.,.F.,(4,2,4),(0.159439827283616,0.263397260981845,0.531213267168816),
 .UNSPECIFIED.);
#393=B_SPLINE_CURVE_WITH_KNOTS('',3,(#9850,#9851,#9852,#9853,#9854,#9855),
 .UNSPECIFIED.,.F.,.F.,(4,2,4),(0.668520344143122,0.822663281710141,0.87583962060478),
 .UNSPECIFIED.);
#394=B_SPLINE_CURVE_WITH_KNOTS('',3,(#9857,#9858,#9859,#9860),
 .UNSPECIFIED.,.F.,.F.,(4,4),(-0.520689530088298,-0.489516020247867),
 .UNSPECIFIED.);
#395=B_SPLINE_CURVE_WITH_KNOTS('',3,(#9986,#9987,#9988,#9989,#9990,#9991),
 .UNSPECIFIED.,.F.,.F.,(4,2,4),(-0.00175527494316727,0.,1.0583715018052),
 .UNSPECIFIED.);
#396=B_SPLINE_CURVE_WITH_KNOTS('',3,(#9992,#9993,#9994,#9995,#9996,#9997,
#9998,#9999),.UNSPECIFIED.,.F.,.F.,(4,1,1,2,4),(4.22080719757005,4.43248149793109,
4.64415579829213,5.27917869937525,5.28093397431842),.UNSPECIFIED.);
#397=B_SPLINE_CURVE_WITH_KNOTS('',3,(#10200,#10201,#10202,#10203,#10204,
#10205,#10206,#10207,#10208,#10209,#10210,#10211,#10212,#10213,#10214,#10215,
#10216,#10217,#10218,#10219,#10220,#10221,#10222,#10223,#10224,#10225,#10226,
#10227,#10228,#10229,#10230),.UNSPECIFIED.,.F.,.F.,(4,3,3,3,3,3,3,3,3,3,
4),(0.,0.00908451024775027,0.013430602085084,0.0196519888322057,0.0209530139017479,
0.0265866582465197,0.032258675704138,0.0382955948763888,0.0406085702382411,
0.0479702192340668,0.0548214249885569),.UNSPECIFIED.);
#398=B_SPLINE_CURVE_WITH_KNOTS('',3,(#10233,#10234,#10235,#10236),
 .UNSPECIFIED.,.F.,.F.,(4,4),(0.489516020247867,0.520689530088298),
 .UNSPECIFIED.);
#399=B_SPLINE_CURVE_WITH_KNOTS('',3,(#10258,#10259,#10260,#10261,#10262,
#10263,#10264,#10265),.UNSPECIFIED.,.F.,.F.,(4,2,2,4),(0.,0.0254038104297871,
0.0614174304882113,0.09102405735504),.UNSPECIFIED.);
#400=B_SPLINE_CURVE_WITH_KNOTS('',3,(#10266,#10267,#10268,#10269),
 .UNSPECIFIED.,.F.,.F.,(4,4),(0.361283321591652,0.489515566719145),
 .UNSPECIFIED.);
#401=B_SPLINE_CURVE_WITH_KNOTS('',3,(#10291,#10292,#10293,#10294,#10295,
#10296,#10297,#10298,#10299,#10300,#10301,#10302,#10303,#10304,#10305,#10306,
#10307,#10308,#10309,#10310,#10311,#10312,#10313,#10314,#10315,#10316,#10317,
#10318,#10319,#10320,#10321,#10322,#10323,#10324,#10325,#10326,#10327),
 .UNSPECIFIED.,.F.,.F.,(4,3,3,3,3,3,3,3,3,3,3,3,4),(0.187741494827419,0.191123555318432,
0.201263905659636,0.211423860416903,0.213173785569875,0.221982950093015,
0.224748298065987,0.233146687775469,0.241383588624388,0.251030697763604,
0.252994900665048,0.265309047593698,0.271741709410989),.UNSPECIFIED.);
#402=B_SPLINE_CURVE_WITH_KNOTS('',3,(#10329,#10330,#10331,#10332),
 .UNSPECIFIED.,.F.,.F.,(4,4),(-0.520689530088298,-0.489516020247868),
 .UNSPECIFIED.);
#403=B_SPLINE_CURVE_WITH_KNOTS('',3,(#10355,#10356,#10357,#10358,#10359,
#10360,#10361,#10362),.UNSPECIFIED.,.F.,.F.,(4,2,2,4),(0.,0.0703963245299662,
0.115914780387534,0.166213143004902),.UNSPECIFIED.);
#404=B_SPLINE_CURVE_WITH_KNOTS('',3,(#10363,#10364,#10365,#10366),
 .UNSPECIFIED.,.F.,.F.,(4,4),(-2.4064304372122E-16,0.128232245127491),
 .UNSPECIFIED.);
#405=B_SPLINE_CURVE_WITH_KNOTS('',3,(#10397,#10398,#10399,#10400,#10401,
#10402,#10403,#10404,#10405,#10406,#10407,#10408,#10409),.UNSPECIFIED.,
 .F.,.F.,(4,3,3,3,4),(0.209626565676207,0.233966754095729,0.362571456404322,
0.426873807558619,0.491176158712915),.UNSPECIFIED.);
#406=B_SPLINE_CURVE_WITH_KNOTS('',3,(#10439,#10440,#10441,#10442,#10443,
#10444,#10445,#10446,#10447,#10448),.UNSPECIFIED.,.F.,.F.,(4,3,3,4),(0.675713190403292,
0.757431803597262,0.920869029985205,1.03336648262759),.UNSPECIFIED.);
#407=B_SPLINE_CURVE_WITH_KNOTS('',3,(#10474,#10475,#10476,#10477,#10478,
#10479),.UNSPECIFIED.,.F.,.F.,(4,2,4),(0.39888943738023,1.29648318161436,
1.30352724883517),.UNSPECIFIED.);
#408=B_SPLINE_CURVE_WITH_KNOTS('',3,(#10536,#10537,#10538,#10539,#10540,
#10541),.UNSPECIFIED.,.F.,.F.,(4,2,4),(-0.00704406722080685,0.,0.89759374423413),
 .UNSPECIFIED.);
#409=B_SPLINE_CURVE_WITH_KNOTS('',3,(#11234,#11235,#11236,#11237,#11238,
#11239,#11240,#11241,#11242,#11243,#11244,#11245,#11246,#11247,#11248,#11249,
#11250,#11251,#11252,#11253,#11254,#11255,#11256,#11257,#11258,#11259,#11260,
#11261,#11262,#11263,#11264,#11265,#11266,#11267,#11268,#11269,#11270,#11271,
#11272,#11273,#11274,#11275,#11276,#11277,#11278,#11279,#11280,#11281,#11282,
#11283,#11284,#11285,#11286,#11287,#11288,#11289,#11290,#11291,#11292,#11293,
#11294,#11295,#11296,#11297),.UNSPECIFIED.,.F.,.F.,(4,3,3,3,3,3,3,3,3,3,
3,3,3,3,3,3,3,3,3,3,3,4),(0.,0.179346787917855,0.36175429515684,0.550784862247002,
0.754328194374412,0.993362319962218,1.27934533082647,1.4632707681554,1.62895736024025,
1.78725848509738,1.94071182513375,2.09692690077032,2.26776489506864,2.46855643559289,
2.74700673041946,2.99908786577461,3.2063733997627,3.40616810431067,3.59189123184246,
3.77503347311271,3.95623859559284,4.0055522179546),.UNSPECIFIED.);
#410=B_SPLINE_CURVE_WITH_KNOTS('',3,(#11367,#11368,#11369,#11370,#11371,
#11372,#11373,#11374,#11375,#11376,#11377,#11378,#11379,#11380,#11381,#11382,
#11383,#11384,#11385,#11386,#11387,#11388,#11389,#11390,#11391,#11392,#11393,
#11394,#11395,#11396,#11397,#11398,#11399,#11400,#11401,#11402,#11403,#11404,
#11405,#11406,#11407,#11408,#11409,#11410,#11411,#11412,#11413,#11414,#11415,
#11416,#11417,#11418,#11419,#11420,#11421,#11422,#11423,#11424,#11425,#11426,
#11427,#11428,#11429,#11430,#11431,#11432,#11433,#11434,#11435,#11436,#11437,
#11438,#11439,#11440,#11441,#11442,#11443,#11444,#11445,#11446,#11447,#11448,
#11449,#11450,#11451,#11452,#11453,#11454),.UNSPECIFIED.,.F.,.F.,(4,3,3,
3,3,3,3,3,3,3,3,3,3,3,3,3,3,3,3,3,3,3,3,3,3,3,3,3,3,4),(0.,0.114320977698299,
0.220270314211149,0.315400813199034,0.403517873686939,0.486743109776907,
0.565654925271692,0.641038677931354,0.714236612044241,0.785998810982096,
0.857974719309997,0.934197373808248,1.01708185272742,1.11072859520226,1.25220836746012,
1.34432973023419,1.42538864473128,1.50036038734885,1.57100819608728,1.63884771989874,
1.7075215832831,1.77901834290341,1.85402525912767,1.93612626929927,2.02482143083261,
2.12351536543997,2.24557694391268,2.35394493927171,2.44867770653357,2.46231293463073),
 .UNSPECIFIED.);
#411=SPHERICAL_SURFACE('',#6249,5.);
#412=SPHERICAL_SURFACE('',#6259,5.);
#413=SPHERICAL_SURFACE('',#6273,5.);
#414=SPHERICAL_SURFACE('',#6289,5.);
#415=FACE_OUTER_BOUND('',#762,.T.);
#416=FACE_OUTER_BOUND('',#763,.T.);
#417=FACE_OUTER_BOUND('',#764,.T.);
#418=FACE_OUTER_BOUND('',#765,.T.);
#419=FACE_OUTER_BOUND('',#766,.T.);
#420=FACE_OUTER_BOUND('',#767,.T.);
#421=FACE_OUTER_BOUND('',#768,.T.);
#422=FACE_OUTER_BOUND('',#769,.T.);
#423=FACE_OUTER_BOUND('',#770,.T.);
#424=FACE_OUTER_BOUND('',#771,.T.);
#425=FACE_OUTER_BOUND('',#772,.T.);
#426=FACE_OUTER_BOUND('',#773,.T.);
#427=FACE_OUTER_BOUND('',#774,.T.);
#428=FACE_OUTER_BOUND('',#775,.T.);
#429=FACE_OUTER_BOUND('',#776,.T.);
#430=FACE_OUTER_BOUND('',#777,.T.);
#431=FACE_OUTER_BOUND('',#778,.T.);
#432=FACE_OUTER_BOUND('',#779,.T.);
#433=FACE_OUTER_BOUND('',#780,.T.);
#434=FACE_OUTER_BOUND('',#781,.T.);
#435=FACE_OUTER_BOUND('',#782,.T.);
#436=FACE_OUTER_BOUND('',#783,.T.);
#437=FACE_OUTER_BOUND('',#784,.T.);
#438=FACE_OUTER_BOUND('',#785,.T.);
#439=FACE_OUTER_BOUND('',#786,.T.);
#440=FACE_OUTER_BOUND('',#787,.T.);
#441=FACE_OUTER_BOUND('',#788,.T.);
#442=FACE_OUTER_BOUND('',#789,.T.);
#443=FACE_OUTER_BOUND('',#790,.T.);
#444=FACE_OUTER_BOUND('',#791,.T.);
#445=FACE_OUTER_BOUND('',#792,.T.);
#446=FACE_OUTER_BOUND('',#793,.T.);
#447=FACE_OUTER_BOUND('',#794,.T.);
#448=FACE_OUTER_BOUND('',#795,.T.);
#449=FACE_OUTER_BOUND('',#796,.T.);
#450=FACE_OUTER_BOUND('',#797,.T.);
#451=FACE_OUTER_BOUND('',#798,.T.);
#452=FACE_OUTER_BOUND('',#799,.T.);
#453=FACE_OUTER_BOUND('',#804,.T.);
#454=FACE_OUTER_BOUND('',#805,.T.);
#455=FACE_OUTER_BOUND('',#806,.T.);
#456=FACE_OUTER_BOUND('',#807,.T.);
#457=FACE_OUTER_BOUND('',#808,.T.);
#458=FACE_OUTER_BOUND('',#809,.T.);
#459=FACE_OUTER_BOUND('',#810,.T.);
#460=FACE_OUTER_BOUND('',#811,.T.);
#461=FACE_OUTER_BOUND('',#812,.T.);
#462=FACE_OUTER_BOUND('',#813,.T.);
#463=FACE_OUTER_BOUND('',#814,.T.);
#464=FACE_OUTER_BOUND('',#820,.T.);
#465=FACE_OUTER_BOUND('',#821,.T.);
#466=FACE_OUTER_BOUND('',#823,.T.);
#467=FACE_OUTER_BOUND('',#824,.T.);
#468=FACE_OUTER_BOUND('',#825,.T.);
#469=FACE_OUTER_BOUND('',#826,.T.);
#470=FACE_OUTER_BOUND('',#827,.T.);
#471=FACE_OUTER_BOUND('',#829,.T.);
#472=FACE_OUTER_BOUND('',#830,.T.);
#473=FACE_OUTER_BOUND('',#831,.T.);
#474=FACE_OUTER_BOUND('',#833,.T.);
#475=FACE_OUTER_BOUND('',#834,.T.);
#476=FACE_OUTER_BOUND('',#835,.T.);
#477=FACE_OUTER_BOUND('',#837,.T.);
#478=FACE_OUTER_BOUND('',#838,.T.);
#479=FACE_OUTER_BOUND('',#839,.T.);
#480=FACE_OUTER_BOUND('',#841,.T.);
#481=FACE_OUTER_BOUND('',#842,.T.);
#482=FACE_OUTER_BOUND('',#843,.T.);
#483=FACE_OUTER_BOUND('',#844,.T.);
#484=FACE_OUTER_BOUND('',#845,.T.);
#485=FACE_OUTER_BOUND('',#846,.T.);
#486=FACE_OUTER_BOUND('',#847,.T.);
#487=FACE_OUTER_BOUND('',#848,.T.);
#488=FACE_OUTER_BOUND('',#849,.T.);
#489=FACE_OUTER_BOUND('',#850,.T.);
#490=FACE_OUTER_BOUND('',#851,.T.);
#491=FACE_OUTER_BOUND('',#853,.T.);
#492=FACE_OUTER_BOUND('',#855,.T.);
#493=FACE_OUTER_BOUND('',#856,.T.);
#494=FACE_OUTER_BOUND('',#857,.T.);
#495=FACE_OUTER_BOUND('',#858,.T.);
#496=FACE_OUTER_BOUND('',#859,.T.);
#497=FACE_OUTER_BOUND('',#860,.T.);
#498=FACE_OUTER_BOUND('',#864,.T.);
#499=FACE_OUTER_BOUND('',#865,.T.);
#500=FACE_OUTER_BOUND('',#866,.T.);
#501=FACE_OUTER_BOUND('',#868,.T.);
#502=FACE_OUTER_BOUND('',#872,.T.);
#503=FACE_OUTER_BOUND('',#873,.T.);
#504=FACE_OUTER_BOUND('',#874,.T.);
#505=FACE_OUTER_BOUND('',#875,.T.);
#506=FACE_OUTER_BOUND('',#876,.T.);
#507=FACE_OUTER_BOUND('',#877,.T.);
#508=FACE_OUTER_BOUND('',#878,.T.);
#509=FACE_OUTER_BOUND('',#879,.T.);
#510=FACE_OUTER_BOUND('',#880,.T.);
#511=FACE_OUTER_BOUND('',#882,.T.);
#512=FACE_OUTER_BOUND('',#884,.T.);
#513=FACE_OUTER_BOUND('',#885,.T.);
#514=FACE_OUTER_BOUND('',#886,.T.);
#515=FACE_OUTER_BOUND('',#887,.T.);
#516=FACE_OUTER_BOUND('',#888,.T.);
#517=FACE_OUTER_BOUND('',#890,.T.);
#518=FACE_OUTER_BOUND('',#891,.T.);
#519=FACE_OUTER_BOUND('',#892,.T.);
#520=FACE_OUTER_BOUND('',#893,.T.);
#521=FACE_OUTER_BOUND('',#894,.T.);
#522=FACE_OUTER_BOUND('',#895,.T.);
#523=FACE_OUTER_BOUND('',#896,.T.);
#524=FACE_OUTER_BOUND('',#897,.T.);
#525=FACE_OUTER_BOUND('',#898,.T.);
#526=FACE_OUTER_BOUND('',#899,.T.);
#527=FACE_OUTER_BOUND('',#902,.T.);
#528=FACE_OUTER_BOUND('',#903,.T.);
#529=FACE_OUTER_BOUND('',#904,.T.);
#530=FACE_OUTER_BOUND('',#905,.T.);
#531=FACE_OUTER_BOUND('',#907,.T.);
#532=FACE_OUTER_BOUND('',#908,.T.);
#533=FACE_OUTER_BOUND('',#909,.T.);
#534=FACE_OUTER_BOUND('',#910,.T.);
#535=FACE_OUTER_BOUND('',#911,.T.);
#536=FACE_OUTER_BOUND('',#912,.T.);
#537=FACE_OUTER_BOUND('',#913,.T.);
#538=FACE_OUTER_BOUND('',#914,.T.);
#539=FACE_OUTER_BOUND('',#915,.T.);
#540=FACE_OUTER_BOUND('',#917,.T.);
#541=FACE_OUTER_BOUND('',#919,.T.);
#542=FACE_OUTER_BOUND('',#920,.T.);
#543=FACE_OUTER_BOUND('',#921,.T.);
#544=FACE_OUTER_BOUND('',#922,.T.);
#545=FACE_OUTER_BOUND('',#923,.T.);
#546=FACE_OUTER_BOUND('',#924,.T.);
#547=FACE_OUTER_BOUND('',#925,.T.);
#548=FACE_OUTER_BOUND('',#926,.T.);
#549=FACE_OUTER_BOUND('',#927,.T.);
#550=FACE_OUTER_BOUND('',#928,.T.);
#551=FACE_OUTER_BOUND('',#933,.T.);
#552=FACE_OUTER_BOUND('',#934,.T.);
#553=FACE_OUTER_BOUND('',#935,.T.);
#554=FACE_OUTER_BOUND('',#936,.T.);
#555=FACE_OUTER_BOUND('',#937,.T.);
#556=FACE_OUTER_BOUND('',#938,.T.);
#557=FACE_OUTER_BOUND('',#939,.T.);
#558=FACE_OUTER_BOUND('',#940,.T.);
#559=FACE_OUTER_BOUND('',#941,.T.);
#560=FACE_OUTER_BOUND('',#942,.T.);
#561=FACE_OUTER_BOUND('',#943,.T.);
#562=FACE_OUTER_BOUND('',#944,.T.);
#563=FACE_OUTER_BOUND('',#951,.T.);
#564=FACE_OUTER_BOUND('',#952,.T.);
#565=FACE_OUTER_BOUND('',#953,.T.);
#566=FACE_OUTER_BOUND('',#954,.T.);
#567=FACE_OUTER_BOUND('',#955,.T.);
#568=FACE_OUTER_BOUND('',#956,.T.);
#569=FACE_OUTER_BOUND('',#957,.T.);
#570=FACE_OUTER_BOUND('',#958,.T.);
#571=FACE_OUTER_BOUND('',#959,.T.);
#572=FACE_OUTER_BOUND('',#960,.T.);
#573=FACE_OUTER_BOUND('',#961,.T.);
#574=FACE_OUTER_BOUND('',#962,.T.);
#575=FACE_OUTER_BOUND('',#963,.T.);
#576=FACE_OUTER_BOUND('',#964,.T.);
#577=FACE_OUTER_BOUND('',#965,.T.);
#578=FACE_OUTER_BOUND('',#966,.T.);
#579=FACE_OUTER_BOUND('',#967,.T.);
#580=FACE_OUTER_BOUND('',#968,.T.);
#581=FACE_OUTER_BOUND('',#969,.T.);
#582=FACE_OUTER_BOUND('',#970,.T.);
#583=FACE_OUTER_BOUND('',#971,.T.);
#584=FACE_OUTER_BOUND('',#972,.T.);
#585=FACE_OUTER_BOUND('',#973,.T.);
#586=FACE_OUTER_BOUND('',#974,.T.);
#587=FACE_OUTER_BOUND('',#975,.T.);
#588=FACE_OUTER_BOUND('',#976,.T.);
#589=FACE_OUTER_BOUND('',#977,.T.);
#590=FACE_OUTER_BOUND('',#978,.T.);
#591=FACE_OUTER_BOUND('',#979,.T.);
#592=FACE_OUTER_BOUND('',#980,.T.);
#593=FACE_OUTER_BOUND('',#981,.T.);
#594=FACE_OUTER_BOUND('',#982,.T.);
#595=FACE_OUTER_BOUND('',#983,.T.);
#596=FACE_OUTER_BOUND('',#984,.T.);
#597=FACE_OUTER_BOUND('',#985,.T.);
#598=FACE_OUTER_BOUND('',#986,.T.);
#599=FACE_OUTER_BOUND('',#987,.T.);
#600=FACE_OUTER_BOUND('',#988,.T.);
#601=FACE_OUTER_BOUND('',#989,.T.);
#602=FACE_OUTER_BOUND('',#990,.T.);
#603=FACE_OUTER_BOUND('',#991,.T.);
#604=FACE_OUTER_BOUND('',#992,.T.);
#605=FACE_OUTER_BOUND('',#993,.T.);
#606=FACE_OUTER_BOUND('',#994,.T.);
#607=FACE_OUTER_BOUND('',#995,.T.);
#608=FACE_OUTER_BOUND('',#996,.T.);
#609=FACE_OUTER_BOUND('',#997,.T.);
#610=FACE_OUTER_BOUND('',#998,.T.);
#611=FACE_OUTER_BOUND('',#999,.T.);
#612=FACE_OUTER_BOUND('',#1003,.T.);
#613=FACE_OUTER_BOUND('',#1004,.T.);
#614=FACE_OUTER_BOUND('',#1005,.T.);
#615=FACE_OUTER_BOUND('',#1006,.T.);
#616=FACE_OUTER_BOUND('',#1007,.T.);
#617=FACE_OUTER_BOUND('',#1009,.T.);
#618=FACE_OUTER_BOUND('',#1010,.T.);
#619=FACE_OUTER_BOUND('',#1011,.T.);
#620=FACE_OUTER_BOUND('',#1013,.T.);
#621=FACE_OUTER_BOUND('',#1014,.T.);
#622=FACE_OUTER_BOUND('',#1015,.T.);
#623=FACE_OUTER_BOUND('',#1016,.T.);
#624=FACE_OUTER_BOUND('',#1017,.T.);
#625=FACE_OUTER_BOUND('',#1018,.T.);
#626=FACE_OUTER_BOUND('',#1019,.T.);
#627=FACE_OUTER_BOUND('',#1020,.T.);
#628=FACE_OUTER_BOUND('',#1021,.T.);
#629=FACE_OUTER_BOUND('',#1022,.T.);
#630=FACE_OUTER_BOUND('',#1023,.T.);
#631=FACE_OUTER_BOUND('',#1024,.T.);
#632=FACE_OUTER_BOUND('',#1025,.T.);
#633=FACE_OUTER_BOUND('',#1026,.T.);
#634=FACE_OUTER_BOUND('',#1027,.T.);
#635=FACE_OUTER_BOUND('',#1029,.T.);
#636=FACE_OUTER_BOUND('',#1030,.T.);
#637=FACE_OUTER_BOUND('',#1031,.T.);
#638=FACE_OUTER_BOUND('',#1032,.T.);
#639=FACE_OUTER_BOUND('',#1033,.T.);
#640=FACE_OUTER_BOUND('',#1034,.T.);
#641=FACE_OUTER_BOUND('',#1035,.T.);
#642=FACE_OUTER_BOUND('',#1036,.T.);
#643=FACE_OUTER_BOUND('',#1037,.T.);
#644=FACE_OUTER_BOUND('',#1038,.T.);
#645=FACE_OUTER_BOUND('',#1039,.T.);
#646=FACE_OUTER_BOUND('',#1040,.T.);
#647=FACE_OUTER_BOUND('',#1041,.T.);
#648=FACE_OUTER_BOUND('',#1042,.T.);
#649=FACE_OUTER_BOUND('',#1043,.T.);
#650=FACE_OUTER_BOUND('',#1044,.T.);
#651=FACE_OUTER_BOUND('',#1045,.T.);
#652=FACE_OUTER_BOUND('',#1046,.T.);
#653=FACE_OUTER_BOUND('',#1047,.T.);
#654=FACE_OUTER_BOUND('',#1048,.T.);
#655=FACE_OUTER_BOUND('',#1049,.T.);
#656=FACE_OUTER_BOUND('',#1050,.T.);
#657=FACE_OUTER_BOUND('',#1051,.T.);
#658=FACE_OUTER_BOUND('',#1052,.T.);
#659=FACE_OUTER_BOUND('',#1053,.T.);
#660=FACE_OUTER_BOUND('',#1054,.T.);
#661=FACE_OUTER_BOUND('',#1055,.T.);
#662=FACE_OUTER_BOUND('',#1056,.T.);
#663=FACE_OUTER_BOUND('',#1057,.T.);
#664=FACE_OUTER_BOUND('',#1058,.T.);
#665=FACE_OUTER_BOUND('',#1059,.T.);
#666=FACE_OUTER_BOUND('',#1060,.T.);
#667=FACE_OUTER_BOUND('',#1061,.T.);
#668=FACE_OUTER_BOUND('',#1062,.T.);
#669=FACE_OUTER_BOUND('',#1063,.T.);
#670=FACE_OUTER_BOUND('',#1064,.T.);
#671=FACE_OUTER_BOUND('',#1065,.T.);
#672=FACE_OUTER_BOUND('',#1066,.T.);
#673=FACE_OUTER_BOUND('',#1067,.T.);
#674=FACE_OUTER_BOUND('',#1068,.T.);
#675=FACE_OUTER_BOUND('',#1069,.T.);
#676=FACE_OUTER_BOUND('',#1070,.T.);
#677=FACE_OUTER_BOUND('',#1071,.T.);
#678=FACE_OUTER_BOUND('',#1072,.T.);
#679=FACE_OUTER_BOUND('',#1073,.T.);
#680=FACE_OUTER_BOUND('',#1074,.T.);
#681=FACE_OUTER_BOUND('',#1075,.T.);
#682=FACE_OUTER_BOUND('',#1076,.T.);
#683=FACE_OUTER_BOUND('',#1077,.T.);
#684=FACE_OUTER_BOUND('',#1078,.T.);
#685=FACE_OUTER_BOUND('',#1079,.T.);
#686=FACE_OUTER_BOUND('',#1080,.T.);
#687=FACE_OUTER_BOUND('',#1081,.T.);
#688=FACE_OUTER_BOUND('',#1082,.T.);
#689=FACE_OUTER_BOUND('',#1083,.T.);
#690=FACE_OUTER_BOUND('',#1084,.T.);
#691=FACE_OUTER_BOUND('',#1085,.T.);
#692=FACE_OUTER_BOUND('',#1086,.T.);
#693=FACE_OUTER_BOUND('',#1087,.T.);
#694=FACE_OUTER_BOUND('',#1088,.T.);
#695=FACE_OUTER_BOUND('',#1089,.T.);
#696=FACE_OUTER_BOUND('',#1090,.T.);
#697=FACE_OUTER_BOUND('',#1091,.T.);
#698=FACE_OUTER_BOUND('',#1092,.T.);
#699=FACE_OUTER_BOUND('',#1093,.T.);
#700=FACE_OUTER_BOUND('',#1094,.T.);
#701=FACE_OUTER_BOUND('',#1095,.T.);
#702=FACE_OUTER_BOUND('',#1096,.T.);
#703=FACE_OUTER_BOUND('',#1097,.T.);
#704=FACE_OUTER_BOUND('',#1098,.T.);
#705=FACE_OUTER_BOUND('',#1099,.T.);
#706=FACE_OUTER_BOUND('',#1100,.T.);
#707=FACE_OUTER_BOUND('',#1101,.T.);
#708=FACE_OUTER_BOUND('',#1102,.T.);
#709=FACE_OUTER_BOUND('',#1103,.T.);
#710=FACE_OUTER_BOUND('',#1104,.T.);
#711=FACE_OUTER_BOUND('',#1105,.T.);
#712=FACE_OUTER_BOUND('',#1106,.T.);
#713=FACE_OUTER_BOUND('',#1107,.T.);
#714=FACE_OUTER_BOUND('',#1108,.T.);
#715=FACE_OUTER_BOUND('',#1109,.T.);
#716=FACE_OUTER_BOUND('',#1114,.T.);
#717=FACE_OUTER_BOUND('',#1119,.T.);
#718=FACE_OUTER_BOUND('',#1120,.T.);
#719=FACE_OUTER_BOUND('',#1121,.T.);
#720=FACE_OUTER_BOUND('',#1122,.T.);
#721=FACE_OUTER_BOUND('',#1123,.T.);
#722=FACE_OUTER_BOUND('',#1124,.T.);
#723=FACE_OUTER_BOUND('',#1125,.T.);
#724=FACE_OUTER_BOUND('',#1126,.T.);
#725=FACE_OUTER_BOUND('',#1127,.T.);
#726=FACE_OUTER_BOUND('',#1128,.T.);
#727=FACE_OUTER_BOUND('',#1129,.T.);
#728=FACE_OUTER_BOUND('',#1132,.T.);
#729=FACE_OUTER_BOUND('',#1135,.T.);
#730=FACE_OUTER_BOUND('',#1136,.T.);
#731=FACE_OUTER_BOUND('',#1137,.T.);
#732=FACE_OUTER_BOUND('',#1138,.T.);
#733=FACE_OUTER_BOUND('',#1139,.T.);
#734=FACE_OUTER_BOUND('',#1140,.T.);
#735=FACE_OUTER_BOUND('',#1141,.T.);
#736=FACE_OUTER_BOUND('',#1142,.T.);
#737=FACE_OUTER_BOUND('',#1143,.T.);
#738=FACE_OUTER_BOUND('',#1144,.T.);
#739=FACE_OUTER_BOUND('',#1145,.T.);
#740=FACE_OUTER_BOUND('',#1148,.T.);
#741=FACE_OUTER_BOUND('',#1151,.T.);
#742=FACE_OUTER_BOUND('',#1152,.T.);
#743=FACE_OUTER_BOUND('',#1153,.T.);
#744=FACE_OUTER_BOUND('',#1154,.T.);
#745=FACE_OUTER_BOUND('',#1155,.T.);
#746=FACE_OUTER_BOUND('',#1156,.T.);
#747=FACE_OUTER_BOUND('',#1157,.T.);
#748=FACE_OUTER_BOUND('',#1159,.T.);
#749=FACE_OUTER_BOUND('',#1160,.T.);
#750=FACE_OUTER_BOUND('',#1162,.T.);
#751=FACE_OUTER_BOUND('',#1163,.T.);
#752=FACE_OUTER_BOUND('',#1165,.T.);
#753=FACE_OUTER_BOUND('',#1166,.T.);
#754=FACE_OUTER_BOUND('',#1168,.T.);
#755=FACE_OUTER_BOUND('',#1169,.T.);
#756=FACE_OUTER_BOUND('',#1171,.T.);
#757=FACE_OUTER_BOUND('',#1172,.T.);
#758=FACE_OUTER_BOUND('',#1173,.T.);
#759=FACE_OUTER_BOUND('',#1174,.T.);
#760=FACE_OUTER_BOUND('',#1175,.T.);
#761=FACE_OUTER_BOUND('',#1176,.T.);
#762=EDGE_LOOP('',(#3895,#3896,#3897,#3898));
#763=EDGE_LOOP('',(#3899,#3900,#3901));
#764=EDGE_LOOP('',(#3902,#3903,#3904,#3905));
#765=EDGE_LOOP('',(#3906,#3907,#3908));
#766=EDGE_LOOP('',(#3909,#3910,#3911,#3912));
#767=EDGE_LOOP('',(#3913,#3914,#3915,#3916,#3917,#3918));
#768=EDGE_LOOP('',(#3919,#3920,#3921));
#769=EDGE_LOOP('',(#3922,#3923,#3924,#3925));
#770=EDGE_LOOP('',(#3926,#3927,#3928,#3929));
#771=EDGE_LOOP('',(#3930,#3931,#3932));
#772=EDGE_LOOP('',(#3933,#3934,#3935,#3936));
#773=EDGE_LOOP('',(#3937,#3938,#3939,#3940));
#774=EDGE_LOOP('',(#3941,#3942,#3943,#3944));
#775=EDGE_LOOP('',(#3945,#3946,#3947));
#776=EDGE_LOOP('',(#3948,#3949,#3950,#3951));
#777=EDGE_LOOP('',(#3952,#3953,#3954,#3955));
#778=EDGE_LOOP('',(#3956,#3957,#3958));
#779=EDGE_LOOP('',(#3959,#3960,#3961,#3962));
#780=EDGE_LOOP('',(#3963,#3964,#3965,#3966));
#781=EDGE_LOOP('',(#3967,#3968,#3969,#3970));
#782=EDGE_LOOP('',(#3971,#3972,#3973));
#783=EDGE_LOOP('',(#3974,#3975,#3976,#3977));
#784=EDGE_LOOP('',(#3978,#3979,#3980));
#785=EDGE_LOOP('',(#3981,#3982,#3983,#3984));
#786=EDGE_LOOP('',(#3985,#3986,#3987,#3988,#3989,#3990));
#787=EDGE_LOOP('',(#3991,#3992,#3993,#3994));
#788=EDGE_LOOP('',(#3995,#3996,#3997,#3998));
#789=EDGE_LOOP('',(#3999,#4000,#4001,#4002));
#790=EDGE_LOOP('',(#4003,#4004,#4005,#4006));
#791=EDGE_LOOP('',(#4007,#4008,#4009,#4010));
#792=EDGE_LOOP('',(#4011,#4012,#4013,#4014));
#793=EDGE_LOOP('',(#4015,#4016,#4017,#4018));
#794=EDGE_LOOP('',(#4019,#4020,#4021,#4022));
#795=EDGE_LOOP('',(#4023,#4024,#4025,#4026));
#796=EDGE_LOOP('',(#4027,#4028,#4029,#4030));
#797=EDGE_LOOP('',(#4031,#4032,#4033,#4034));
#798=EDGE_LOOP('',(#4035,#4036,#4037,#4038));
#799=EDGE_LOOP('',(#4039,#4040,#4041,#4042,#4043,#4044,#4045,#4046));
#800=EDGE_LOOP('',(#4047));
#801=EDGE_LOOP('',(#4048));
#802=EDGE_LOOP('',(#4049));
#803=EDGE_LOOP('',(#4050));
#804=EDGE_LOOP('',(#4051,#4052,#4053,#4054));
#805=EDGE_LOOP('',(#4055,#4056,#4057,#4058));
#806=EDGE_LOOP('',(#4059,#4060,#4061,#4062));
#807=EDGE_LOOP('',(#4063,#4064,#4065,#4066));
#808=EDGE_LOOP('',(#4067,#4068,#4069,#4070));
#809=EDGE_LOOP('',(#4071,#4072,#4073,#4074));
#810=EDGE_LOOP('',(#4075,#4076,#4077,#4078));
#811=EDGE_LOOP('',(#4079,#4080,#4081,#4082));
#812=EDGE_LOOP('',(#4083,#4084,#4085,#4086));
#813=EDGE_LOOP('',(#4087,#4088,#4089,#4090));
#814=EDGE_LOOP('',(#4091,#4092,#4093,#4094,#4095,#4096,#4097,#4098));
#815=EDGE_LOOP('',(#4099));
#816=EDGE_LOOP('',(#4100));
#817=EDGE_LOOP('',(#4101));
#818=EDGE_LOOP('',(#4102));
#819=EDGE_LOOP('',(#4103));
#820=EDGE_LOOP('',(#4104,#4105,#4106,#4107));
#821=EDGE_LOOP('',(#4108,#4109,#4110,#4111));
#822=EDGE_LOOP('',(#4112,#4113,#4114,#4115,#4116,#4117,#4118,#4119,#4120,
#4121,#4122,#4123));
#823=EDGE_LOOP('',(#4124,#4125,#4126,#4127));
#824=EDGE_LOOP('',(#4128,#4129,#4130,#4131));
#825=EDGE_LOOP('',(#4132,#4133,#4134,#4135));
#826=EDGE_LOOP('',(#4136,#4137,#4138,#4139));
#827=EDGE_LOOP('',(#4140));
#828=EDGE_LOOP('',(#4141));
#829=EDGE_LOOP('',(#4142,#4143,#4144,#4145));
#830=EDGE_LOOP('',(#4146,#4147,#4148,#4149));
#831=EDGE_LOOP('',(#4150));
#832=EDGE_LOOP('',(#4151));
#833=EDGE_LOOP('',(#4152,#4153,#4154,#4155));
#834=EDGE_LOOP('',(#4156,#4157,#4158,#4159));
#835=EDGE_LOOP('',(#4160));
#836=EDGE_LOOP('',(#4161));
#837=EDGE_LOOP('',(#4162,#4163,#4164,#4165));
#838=EDGE_LOOP('',(#4166,#4167,#4168,#4169));
#839=EDGE_LOOP('',(#4170));
#840=EDGE_LOOP('',(#4171));
#841=EDGE_LOOP('',(#4172,#4173,#4174,#4175));
#842=EDGE_LOOP('',(#4176,#4177,#4178,#4179));
#843=EDGE_LOOP('',(#4180));
#844=EDGE_LOOP('',(#4181,#4182,#4183,#4184));
#845=EDGE_LOOP('',(#4185,#4186,#4187,#4188));
#846=EDGE_LOOP('',(#4189,#4190,#4191,#4192,#4193));
#847=EDGE_LOOP('',(#4194,#4195,#4196,#4197));
#848=EDGE_LOOP('',(#4198,#4199,#4200,#4201,#4202,#4203,#4204,#4205));
#849=EDGE_LOOP('',(#4206,#4207,#4208,#4209));
#850=EDGE_LOOP('',(#4210,#4211,#4212,#4213,#4214));
#851=EDGE_LOOP('',(#4215,#4216,#4217,#4218));
#852=EDGE_LOOP('',(#4219));
#853=EDGE_LOOP('',(#4220,#4221,#4222,#4223));
#854=EDGE_LOOP('',(#4224));
#855=EDGE_LOOP('',(#4225,#4226,#4227,#4228,#4229,#4230,#4231,#4232));
#856=EDGE_LOOP('',(#4233,#4234,#4235,#4236));
#857=EDGE_LOOP('',(#4237,#4238,#4239,#4240,#4241,#4242,#4243,#4244));
#858=EDGE_LOOP('',(#4245,#4246,#4247,#4248));
#859=EDGE_LOOP('',(#4249,#4250,#4251,#4252));
#860=EDGE_LOOP('',(#4253,#4254,#4255,#4256,#4257,#4258));
#861=EDGE_LOOP('',(#4259));
#862=EDGE_LOOP('',(#4260));
#863=EDGE_LOOP('',(#4261,#4262));
#864=EDGE_LOOP('',(#4263,#4264,#4265,#4266));
#865=EDGE_LOOP('',(#4267,#4268,#4269,#4270));
#866=EDGE_LOOP('',(#4271,#4272,#4273,#4274,#4275,#4276));
#867=EDGE_LOOP('',(#4277,#4278,#4279,#4280));
#868=EDGE_LOOP('',(#4281,#4282,#4283,#4284));
#869=EDGE_LOOP('',(#4285,#4286));
#870=EDGE_LOOP('',(#4287));
#871=EDGE_LOOP('',(#4288));
#872=EDGE_LOOP('',(#4289,#4290,#4291,#4292));
#873=EDGE_LOOP('',(#4293,#4294,#4295,#4296));
#874=EDGE_LOOP('',(#4297,#4298,#4299,#4300));
#875=EDGE_LOOP('',(#4301,#4302,#4303,#4304,#4305));
#876=EDGE_LOOP('',(#4306,#4307,#4308,#4309));
#877=EDGE_LOOP('',(#4310,#4311,#4312,#4313,#4314,#4315,#4316,#4317));
#878=EDGE_LOOP('',(#4318,#4319,#4320,#4321));
#879=EDGE_LOOP('',(#4322,#4323,#4324,#4325,#4326));
#880=EDGE_LOOP('',(#4327,#4328,#4329,#4330));
#881=EDGE_LOOP('',(#4331));
#882=EDGE_LOOP('',(#4332,#4333,#4334,#4335));
#883=EDGE_LOOP('',(#4336));
#884=EDGE_LOOP('',(#4337,#4338,#4339,#4340));
#885=EDGE_LOOP('',(#4341,#4342,#4343,#4344,#4345,#4346,#4347,#4348));
#886=EDGE_LOOP('',(#4349,#4350,#4351,#4352));
#887=EDGE_LOOP('',(#4353,#4354,#4355,#4356,#4357,#4358,#4359,#4360));
#888=EDGE_LOOP('',(#4361,#4362,#4363,#4364));
#889=EDGE_LOOP('',(#4365,#4366,#4367,#4368));
#890=EDGE_LOOP('',(#4369,#4370,#4371,#4372));
#891=EDGE_LOOP('',(#4373));
#892=EDGE_LOOP('',(#4374,#4375,#4376,#4377));
#893=EDGE_LOOP('',(#4378));
#894=EDGE_LOOP('',(#4379,#4380,#4381,#4382));
#895=EDGE_LOOP('',(#4383,#4384,#4385,#4386));
#896=EDGE_LOOP('',(#4387,#4388,#4389,#4390));
#897=EDGE_LOOP('',(#4391,#4392,#4393,#4394));
#898=EDGE_LOOP('',(#4395,#4396,#4397,#4398));
#899=EDGE_LOOP('',(#4399,#4400,#4401,#4402));
#900=EDGE_LOOP('',(#4403));
#901=EDGE_LOOP('',(#4404));
#902=EDGE_LOOP('',(#4405,#4406,#4407,#4408));
#903=EDGE_LOOP('',(#4409,#4410,#4411,#4412));
#904=EDGE_LOOP('',(#4413,#4414,#4415,#4416));
#905=EDGE_LOOP('',(#4417,#4418,#4419,#4420));
#906=EDGE_LOOP('',(#4421));
#907=EDGE_LOOP('',(#4422,#4423,#4424,#4425));
#908=EDGE_LOOP('',(#4426,#4427,#4428,#4429,#4430,#4431));
#909=EDGE_LOOP('',(#4432,#4433,#4434,#4435,#4436,#4437));
#910=EDGE_LOOP('',(#4438,#4439,#4440,#4441,#4442,#4443,#4444,#4445,#4446,
#4447,#4448,#4449,#4450));
#911=EDGE_LOOP('',(#4451,#4452,#4453,#4454,#4455));
#912=EDGE_LOOP('',(#4456,#4457,#4458,#4459));
#913=EDGE_LOOP('',(#4460,#4461,#4462,#4463));
#914=EDGE_LOOP('',(#4464,#4465,#4466,#4467));
#915=EDGE_LOOP('',(#4468,#4469,#4470,#4471));
#916=EDGE_LOOP('',(#4472));
#917=EDGE_LOOP('',(#4473,#4474,#4475,#4476,#4477,#4478,#4479,#4480,#4481,
#4482));
#918=EDGE_LOOP('',(#4483,#4484,#4485,#4486,#4487,#4488,#4489,#4490));
#919=EDGE_LOOP('',(#4491,#4492,#4493,#4494));
#920=EDGE_LOOP('',(#4495,#4496,#4497,#4498,#4499));
#921=EDGE_LOOP('',(#4500,#4501,#4502,#4503,#4504));
#922=EDGE_LOOP('',(#4505,#4506,#4507,#4508));
#923=EDGE_LOOP('',(#4509,#4510,#4511,#4512));
#924=EDGE_LOOP('',(#4513,#4514,#4515,#4516));
#925=EDGE_LOOP('',(#4517,#4518,#4519,#4520,#4521));
#926=EDGE_LOOP('',(#4522,#4523,#4524,#4525,#4526,#4527));
#927=EDGE_LOOP('',(#4528,#4529,#4530,#4531));
#928=EDGE_LOOP('',(#4532,#4533,#4534,#4535,#4536,#4537,#4538,#4539,#4540,
#4541,#4542,#4543,#4544,#4545,#4546,#4547));
#929=EDGE_LOOP('',(#4548));
#930=EDGE_LOOP('',(#4549));
#931=EDGE_LOOP('',(#4550));
#932=EDGE_LOOP('',(#4551,#4552,#4553,#4554));
#933=EDGE_LOOP('',(#4555,#4556,#4557,#4558));
#934=EDGE_LOOP('',(#4559,#4560,#4561,#4562,#4563,#4564));
#935=EDGE_LOOP('',(#4565,#4566,#4567));
#936=EDGE_LOOP('',(#4568,#4569,#4570,#4571));
#937=EDGE_LOOP('',(#4572,#4573,#4574));
#938=EDGE_LOOP('',(#4575,#4576,#4577,#4578));
#939=EDGE_LOOP('',(#4579,#4580,#4581,#4582));
#940=EDGE_LOOP('',(#4583,#4584,#4585,#4586));
#941=EDGE_LOOP('',(#4587,#4588,#4589,#4590));
#942=EDGE_LOOP('',(#4591,#4592,#4593,#4594));
#943=EDGE_LOOP('',(#4595,#4596,#4597,#4598));
#944=EDGE_LOOP('',(#4599,#4600,#4601,#4602,#4603,#4604,#4605,#4606,#4607,
#4608,#4609,#4610,#4611,#4612,#4613,#4614,#4615));
#945=EDGE_LOOP('',(#4616));
#946=EDGE_LOOP('',(#4617));
#947=EDGE_LOOP('',(#4618));
#948=EDGE_LOOP('',(#4619,#4620));
#949=EDGE_LOOP('',(#4621));
#950=EDGE_LOOP('',(#4622));
#951=EDGE_LOOP('',(#4623,#4624,#4625,#4626));
#952=EDGE_LOOP('',(#4627,#4628,#4629,#4630));
#953=EDGE_LOOP('',(#4631,#4632,#4633,#4634));
#954=EDGE_LOOP('',(#4635,#4636,#4637,#4638));
#955=EDGE_LOOP('',(#4639,#4640,#4641,#4642));
#956=EDGE_LOOP('',(#4643,#4644,#4645,#4646));
#957=EDGE_LOOP('',(#4647,#4648,#4649,#4650));
#958=EDGE_LOOP('',(#4651,#4652,#4653,#4654));
#959=EDGE_LOOP('',(#4655,#4656,#4657,#4658));
#960=EDGE_LOOP('',(#4659,#4660,#4661,#4662));
#961=EDGE_LOOP('',(#4663,#4664,#4665,#4666));
#962=EDGE_LOOP('',(#4667,#4668,#4669,#4670));
#963=EDGE_LOOP('',(#4671,#4672,#4673,#4674));
#964=EDGE_LOOP('',(#4675,#4676,#4677,#4678));
#965=EDGE_LOOP('',(#4679,#4680,#4681,#4682));
#966=EDGE_LOOP('',(#4683,#4684,#4685,#4686));
#967=EDGE_LOOP('',(#4687,#4688,#4689,#4690));
#968=EDGE_LOOP('',(#4691,#4692,#4693,#4694));
#969=EDGE_LOOP('',(#4695,#4696,#4697,#4698));
#970=EDGE_LOOP('',(#4699,#4700,#4701,#4702));
#971=EDGE_LOOP('',(#4703,#4704,#4705,#4706));
#972=EDGE_LOOP('',(#4707,#4708,#4709,#4710));
#973=EDGE_LOOP('',(#4711,#4712,#4713,#4714));
#974=EDGE_LOOP('',(#4715,#4716,#4717,#4718));
#975=EDGE_LOOP('',(#4719,#4720,#4721,#4722));
#976=EDGE_LOOP('',(#4723,#4724,#4725,#4726));
#977=EDGE_LOOP('',(#4727,#4728,#4729,#4730));
#978=EDGE_LOOP('',(#4731,#4732,#4733));
#979=EDGE_LOOP('',(#4734,#4735,#4736,#4737));
#980=EDGE_LOOP('',(#4738,#4739,#4740));
#981=EDGE_LOOP('',(#4741,#4742,#4743,#4744));
#982=EDGE_LOOP('',(#4745,#4746,#4747,#4748));
#983=EDGE_LOOP('',(#4749,#4750,#4751,#4752));
#984=EDGE_LOOP('',(#4753,#4754,#4755,#4756));
#985=EDGE_LOOP('',(#4757,#4758,#4759,#4760));
#986=EDGE_LOOP('',(#4761,#4762,#4763,#4764));
#987=EDGE_LOOP('',(#4765,#4766,#4767,#4768));
#988=EDGE_LOOP('',(#4769,#4770,#4771,#4772));
#989=EDGE_LOOP('',(#4773,#4774,#4775,#4776,#4777));
#990=EDGE_LOOP('',(#4778,#4779,#4780));
#991=EDGE_LOOP('',(#4781,#4782,#4783,#4784,#4785));
#992=EDGE_LOOP('',(#4786,#4787,#4788));
#993=EDGE_LOOP('',(#4789,#4790,#4791,#4792,#4793,#4794,#4795,#4796));
#994=EDGE_LOOP('',(#4797,#4798,#4799,#4800,#4801,#4802,#4803,#4804));
#995=EDGE_LOOP('',(#4805,#4806,#4807));
#996=EDGE_LOOP('',(#4808,#4809,#4810,#4811,#4812));
#997=EDGE_LOOP('',(#4813,#4814,#4815));
#998=EDGE_LOOP('',(#4816,#4817,#4818,#4819,#4820));
#999=EDGE_LOOP('',(#4821,#4822,#4823,#4824));
#1000=EDGE_LOOP('',(#4825));
#1001=EDGE_LOOP('',(#4826));
#1002=EDGE_LOOP('',(#4827,#4828));
#1003=EDGE_LOOP('',(#4829,#4830,#4831,#4832));
#1004=EDGE_LOOP('',(#4833,#4834,#4835,#4836));
#1005=EDGE_LOOP('',(#4837,#4838,#4839,#4840));
#1006=EDGE_LOOP('',(#4841,#4842,#4843,#4844));
#1007=EDGE_LOOP('',(#4845,#4846,#4847,#4848));
#1008=EDGE_LOOP('',(#4849));
#1009=EDGE_LOOP('',(#4850,#4851,#4852,#4853));
#1010=EDGE_LOOP('',(#4854,#4855,#4856,#4857,#4858));
#1011=EDGE_LOOP('',(#4859,#4860,#4861,#4862));
#1012=EDGE_LOOP('',(#4863));
#1013=EDGE_LOOP('',(#4864,#4865,#4866,#4867,#4868,#4869,#4870,#4871));
#1014=EDGE_LOOP('',(#4872,#4873,#4874,#4875,#4876,#4877,#4878,#4879));
#1015=EDGE_LOOP('',(#4880,#4881,#4882,#4883,#4884));
#1016=EDGE_LOOP('',(#4885,#4886,#4887,#4888));
#1017=EDGE_LOOP('',(#4889,#4890,#4891,#4892,#4893,#4894,#4895,#4896));
#1018=EDGE_LOOP('',(#4897,#4898,#4899,#4900));
#1019=EDGE_LOOP('',(#4901,#4902,#4903,#4904));
#1020=EDGE_LOOP('',(#4905,#4906,#4907,#4908));
#1021=EDGE_LOOP('',(#4909,#4910,#4911,#4912));
#1022=EDGE_LOOP('',(#4913));
#1023=EDGE_LOOP('',(#4914,#4915,#4916,#4917));
#1024=EDGE_LOOP('',(#4918,#4919,#4920,#4921));
#1025=EDGE_LOOP('',(#4922,#4923,#4924,#4925));
#1026=EDGE_LOOP('',(#4926,#4927,#4928,#4929,#4930,#4931,#4932));
#1027=EDGE_LOOP('',(#4933,#4934,#4935,#4936));
#1028=EDGE_LOOP('',(#4937));
#1029=EDGE_LOOP('',(#4938,#4939,#4940,#4941,#4942,#4943,#4944,#4945));
#1030=EDGE_LOOP('',(#4946,#4947,#4948));
#1031=EDGE_LOOP('',(#4949,#4950,#4951));
#1032=EDGE_LOOP('',(#4952,#4953,#4954,#4955));
#1033=EDGE_LOOP('',(#4956,#4957,#4958,#4959));
#1034=EDGE_LOOP('',(#4960,#4961,#4962,#4963));
#1035=EDGE_LOOP('',(#4964,#4965,#4966,#4967,#4968,#4969,#4970,#4971));
#1036=EDGE_LOOP('',(#4972,#4973,#4974,#4975));
#1037=EDGE_LOOP('',(#4976,#4977,#4978,#4979));
#1038=EDGE_LOOP('',(#4980,#4981,#4982,#4983));
#1039=EDGE_LOOP('',(#4984,#4985,#4986,#4987));
#1040=EDGE_LOOP('',(#4988,#4989,#4990,#4991,#4992,#4993,#4994,#4995));
#1041=EDGE_LOOP('',(#4996,#4997,#4998,#4999));
#1042=EDGE_LOOP('',(#5000,#5001,#5002,#5003));
#1043=EDGE_LOOP('',(#5004,#5005,#5006,#5007,#5008,#5009,#5010,#5011));
#1044=EDGE_LOOP('',(#5012,#5013,#5014,#5015));
#1045=EDGE_LOOP('',(#5016,#5017,#5018,#5019));
#1046=EDGE_LOOP('',(#5020,#5021,#5022,#5023,#5024,#5025,#5026,#5027));
#1047=EDGE_LOOP('',(#5028,#5029,#5030,#5031));
#1048=EDGE_LOOP('',(#5032,#5033,#5034,#5035));
#1049=EDGE_LOOP('',(#5036,#5037,#5038,#5039,#5040,#5041,#5042,#5043,#5044,
#5045,#5046,#5047,#5048));
#1050=EDGE_LOOP('',(#5049,#5050,#5051,#5052,#5053));
#1051=EDGE_LOOP('',(#5054,#5055,#5056,#5057,#5058,#5059,#5060,#5061,#5062,
#5063,#5064,#5065,#5066));
#1052=EDGE_LOOP('',(#5067,#5068,#5069,#5070));
#1053=EDGE_LOOP('',(#5071,#5072,#5073,#5074));
#1054=EDGE_LOOP('',(#5075,#5076,#5077,#5078));
#1055=EDGE_LOOP('',(#5079,#5080,#5081,#5082));
#1056=EDGE_LOOP('',(#5083,#5084,#5085,#5086));
#1057=EDGE_LOOP('',(#5087,#5088,#5089,#5090));
#1058=EDGE_LOOP('',(#5091,#5092,#5093,#5094));
#1059=EDGE_LOOP('',(#5095,#5096,#5097,#5098));
#1060=EDGE_LOOP('',(#5099,#5100,#5101,#5102));
#1061=EDGE_LOOP('',(#5103,#5104,#5105,#5106));
#1062=EDGE_LOOP('',(#5107,#5108,#5109,#5110));
#1063=EDGE_LOOP('',(#5111,#5112,#5113,#5114));
#1064=EDGE_LOOP('',(#5115,#5116,#5117,#5118));
#1065=EDGE_LOOP('',(#5119,#5120,#5121,#5122));
#1066=EDGE_LOOP('',(#5123,#5124,#5125,#5126));
#1067=EDGE_LOOP('',(#5127,#5128,#5129,#5130));
#1068=EDGE_LOOP('',(#5131,#5132,#5133,#5134));
#1069=EDGE_LOOP('',(#5135,#5136,#5137,#5138));
#1070=EDGE_LOOP('',(#5139,#5140,#5141,#5142));
#1071=EDGE_LOOP('',(#5143,#5144,#5145,#5146));
#1072=EDGE_LOOP('',(#5147,#5148,#5149,#5150));
#1073=EDGE_LOOP('',(#5151,#5152,#5153,#5154));
#1074=EDGE_LOOP('',(#5155,#5156,#5157,#5158));
#1075=EDGE_LOOP('',(#5159,#5160,#5161,#5162));
#1076=EDGE_LOOP('',(#5163,#5164,#5165,#5166));
#1077=EDGE_LOOP('',(#5167,#5168,#5169,#5170));
#1078=EDGE_LOOP('',(#5171,#5172,#5173,#5174));
#1079=EDGE_LOOP('',(#5175,#5176,#5177,#5178));
#1080=EDGE_LOOP('',(#5179,#5180,#5181,#5182));
#1081=EDGE_LOOP('',(#5183,#5184,#5185,#5186));
#1082=EDGE_LOOP('',(#5187,#5188,#5189,#5190));
#1083=EDGE_LOOP('',(#5191,#5192,#5193,#5194));
#1084=EDGE_LOOP('',(#5195,#5196,#5197,#5198));
#1085=EDGE_LOOP('',(#5199,#5200,#5201,#5202));
#1086=EDGE_LOOP('',(#5203,#5204,#5205,#5206));
#1087=EDGE_LOOP('',(#5207,#5208,#5209,#5210));
#1088=EDGE_LOOP('',(#5211,#5212,#5213,#5214));
#1089=EDGE_LOOP('',(#5215,#5216,#5217,#5218));
#1090=EDGE_LOOP('',(#5219,#5220,#5221,#5222));
#1091=EDGE_LOOP('',(#5223,#5224,#5225,#5226));
#1092=EDGE_LOOP('',(#5227,#5228,#5229,#5230));
#1093=EDGE_LOOP('',(#5231,#5232,#5233,#5234));
#1094=EDGE_LOOP('',(#5235,#5236,#5237,#5238));
#1095=EDGE_LOOP('',(#5239,#5240,#5241,#5242));
#1096=EDGE_LOOP('',(#5243,#5244,#5245,#5246));
#1097=EDGE_LOOP('',(#5247,#5248,#5249,#5250));
#1098=EDGE_LOOP('',(#5251,#5252,#5253,#5254));
#1099=EDGE_LOOP('',(#5255,#5256,#5257,#5258));
#1100=EDGE_LOOP('',(#5259,#5260,#5261,#5262));
#1101=EDGE_LOOP('',(#5263,#5264,#5265,#5266));
#1102=EDGE_LOOP('',(#5267,#5268,#5269,#5270));
#1103=EDGE_LOOP('',(#5271,#5272,#5273,#5274));
#1104=EDGE_LOOP('',(#5275,#5276,#5277,#5278));
#1105=EDGE_LOOP('',(#5279,#5280,#5281,#5282));
#1106=EDGE_LOOP('',(#5283,#5284,#5285,#5286));
#1107=EDGE_LOOP('',(#5287,#5288,#5289,#5290));
#1108=EDGE_LOOP('',(#5291,#5292,#5293,#5294));
#1109=EDGE_LOOP('',(#5295,#5296,#5297,#5298,#5299,#5300,#5301,#5302,#5303,
#5304,#5305,#5306,#5307,#5308,#5309,#5310,#5311,#5312,#5313,#5314,#5315,
#5316,#5317,#5318,#5319,#5320,#5321,#5322,#5323,#5324,#5325,#5326,#5327,
#5328,#5329,#5330,#5331,#5332,#5333,#5334,#5335,#5336,#5337,#5338,#5339,
#5340,#5341,#5342,#5343,#5344,#5345,#5346));
#1110=EDGE_LOOP('',(#5347));
#1111=EDGE_LOOP('',(#5348));
#1112=EDGE_LOOP('',(#5349));
#1113=EDGE_LOOP('',(#5350));
#1114=EDGE_LOOP('',(#5351,#5352,#5353,#5354,#5355,#5356,#5357,#5358,#5359,
#5360,#5361,#5362,#5363,#5364,#5365,#5366,#5367,#5368,#5369,#5370,#5371,
#5372,#5373,#5374,#5375,#5376,#5377,#5378,#5379,#5380,#5381,#5382,#5383,
#5384,#5385,#5386,#5387,#5388,#5389,#5390,#5391,#5392,#5393,#5394,#5395,
#5396,#5397,#5398,#5399,#5400,#5401,#5402));
#1115=EDGE_LOOP('',(#5403));
#1116=EDGE_LOOP('',(#5404));
#1117=EDGE_LOOP('',(#5405));
#1118=EDGE_LOOP('',(#5406));
#1119=EDGE_LOOP('',(#5407,#5408,#5409,#5410));
#1120=EDGE_LOOP('',(#5411,#5412,#5413,#5414));
#1121=EDGE_LOOP('',(#5415,#5416,#5417,#5418));
#1122=EDGE_LOOP('',(#5419,#5420,#5421,#5422));
#1123=EDGE_LOOP('',(#5423,#5424,#5425,#5426));
#1124=EDGE_LOOP('',(#5427,#5428,#5429,#5430));
#1125=EDGE_LOOP('',(#5431,#5432,#5433,#5434));
#1126=EDGE_LOOP('',(#5435,#5436,#5437,#5438));
#1127=EDGE_LOOP('',(#5439,#5440,#5441,#5442));
#1128=EDGE_LOOP('',(#5443,#5444,#5445,#5446));
#1129=EDGE_LOOP('',(#5447,#5448,#5449,#5450,#5451,#5452,#5453,#5454));
#1130=EDGE_LOOP('',(#5455));
#1131=EDGE_LOOP('',(#5456));
#1132=EDGE_LOOP('',(#5457,#5458,#5459,#5460,#5461,#5462,#5463,#5464));
#1133=EDGE_LOOP('',(#5465));
#1134=EDGE_LOOP('',(#5466));
#1135=EDGE_LOOP('',(#5467,#5468,#5469,#5470));
#1136=EDGE_LOOP('',(#5471,#5472,#5473,#5474));
#1137=EDGE_LOOP('',(#5475,#5476,#5477,#5478));
#1138=EDGE_LOOP('',(#5479,#5480,#5481,#5482));
#1139=EDGE_LOOP('',(#5483,#5484,#5485,#5486));
#1140=EDGE_LOOP('',(#5487,#5488,#5489,#5490));
#1141=EDGE_LOOP('',(#5491,#5492,#5493,#5494));
#1142=EDGE_LOOP('',(#5495,#5496,#5497,#5498));
#1143=EDGE_LOOP('',(#5499,#5500,#5501,#5502));
#1144=EDGE_LOOP('',(#5503,#5504,#5505,#5506));
#1145=EDGE_LOOP('',(#5507,#5508,#5509,#5510,#5511,#5512,#5513,#5514));
#1146=EDGE_LOOP('',(#5515));
#1147=EDGE_LOOP('',(#5516));
#1148=EDGE_LOOP('',(#5517,#5518,#5519,#5520,#5521,#5522,#5523,#5524));
#1149=EDGE_LOOP('',(#5525));
#1150=EDGE_LOOP('',(#5526));
#1151=EDGE_LOOP('',(#5527,#5528,#5529,#5530));
#1152=EDGE_LOOP('',(#5531,#5532,#5533,#5534));
#1153=EDGE_LOOP('',(#5535,#5536,#5537,#5538));
#1154=EDGE_LOOP('',(#5539));
#1155=EDGE_LOOP('',(#5540,#5541,#5542,#5543,#5544));
#1156=EDGE_LOOP('',(#5545,#5546,#5547,#5548));
#1157=EDGE_LOOP('',(#5549,#5550));
#1158=EDGE_LOOP('',(#5551));
#1159=EDGE_LOOP('',(#5552,#5553,#5554,#5555,#5556,#5557,#5558,#5559));
#1160=EDGE_LOOP('',(#5560,#5561,#5562,#5563));
#1161=EDGE_LOOP('',(#5564));
#1162=EDGE_LOOP('',(#5565,#5566,#5567,#5568));
#1163=EDGE_LOOP('',(#5569,#5570,#5571,#5572));
#1164=EDGE_LOOP('',(#5573));
#1165=EDGE_LOOP('',(#5574,#5575,#5576,#5577));
#1166=EDGE_LOOP('',(#5578,#5579,#5580,#5581));
#1167=EDGE_LOOP('',(#5582));
#1168=EDGE_LOOP('',(#5583,#5584,#5585,#5586));
#1169=EDGE_LOOP('',(#5587,#5588,#5589,#5590));
#1170=EDGE_LOOP('',(#5591));
#1171=EDGE_LOOP('',(#5592,#5593,#5594,#5595,#5596));
#1172=EDGE_LOOP('',(#5597,#5598,#5599,#5600));
#1173=EDGE_LOOP('',(#5601,#5602,#5603,#5604,#5605,#5606,#5607,#5608,#5609,
#5610,#5611,#5612));
#1174=EDGE_LOOP('',(#5613,#5614,#5615,#5616));
#1175=EDGE_LOOP('',(#5617,#5618,#5619,#5620,#5621,#5622,#5623,#5624,#5625,
#5626,#5627,#5628));
#1176=EDGE_LOOP('',(#5629,#5630,#5631,#5632));
#1177=LINE('',#8824,#1659);
#1178=LINE('',#8827,#1660);
#1179=LINE('',#8841,#1661);
#1180=LINE('',#8856,#1662);
#1181=LINE('',#8859,#1663);
#1182=LINE('',#8862,#1664);
#1183=LINE('',#8864,#1665);
#1184=LINE('',#8865,#1666);
#1185=LINE('',#8875,#1667);
#1186=LINE('',#8896,#1668);
#1187=LINE('',#8898,#1669);
#1188=LINE('',#8902,#1670);
#1189=LINE('',#8905,#1671);
#1190=LINE('',#8917,#1672);
#1191=LINE('',#8918,#1673);
#1192=LINE('',#8929,#1674);
#1193=LINE('',#8943,#1675);
#1194=LINE('',#8945,#1676);
#1195=LINE('',#8951,#1677);
#1196=LINE('',#8963,#1678);
#1197=LINE('',#8977,#1679);
#1198=LINE('',#8978,#1680);
#1199=LINE('',#8980,#1681);
#1200=LINE('',#8986,#1682);
#1201=LINE('',#8989,#1683);
#1202=LINE('',#9000,#1684);
#1203=LINE('',#9001,#1685);
#1204=LINE('',#9012,#1686);
#1205=LINE('',#9013,#1687);
#1206=LINE('',#9024,#1688);
#1207=LINE('',#9025,#1689);
#1208=LINE('',#9031,#1690);
#1209=LINE('',#9034,#1691);
#1210=LINE('',#9037,#1692);
#1211=LINE('',#9038,#1693);
#1212=LINE('',#9041,#1694);
#1213=LINE('',#9045,#1695);
#1214=LINE('',#9046,#1696);
#1215=LINE('',#9065,#1697);
#1216=LINE('',#9074,#1698);
#1217=LINE('',#9075,#1699);
#1218=LINE('',#9086,#1700);
#1219=LINE('',#9087,#1701);
#1220=LINE('',#9094,#1702);
#1221=LINE('',#9096,#1703);
#1222=LINE('',#9097,#1704);
#1223=LINE('',#9117,#1705);
#1224=LINE('',#9119,#1706);
#1225=LINE('',#9122,#1707);
#1226=LINE('',#9130,#1708);
#1227=LINE('',#9132,#1709);
#1228=LINE('',#9139,#1710);
#1229=LINE('',#9141,#1711);
#1230=LINE('',#9148,#1712);
#1231=LINE('',#9150,#1713);
#1232=LINE('',#9157,#1714);
#1233=LINE('',#9159,#1715);
#1234=LINE('',#9166,#1716);
#1235=LINE('',#9172,#1717);
#1236=LINE('',#9181,#1718);
#1237=LINE('',#9184,#1719);
#1238=LINE('',#9191,#1720);
#1239=LINE('',#9193,#1721);
#1240=LINE('',#9195,#1722);
#1241=LINE('',#9196,#1723);
#1242=LINE('',#9197,#1724);
#1243=LINE('',#9201,#1725);
#1244=LINE('',#9202,#1726);
#1245=LINE('',#9203,#1727);
#1246=LINE('',#9207,#1728);
#1247=LINE('',#9208,#1729);
#1248=LINE('',#9209,#1730);
#1249=LINE('',#9212,#1731);
#1250=LINE('',#9214,#1732);
#1251=LINE('',#9215,#1733);
#1252=LINE('',#9218,#1734);
#1253=LINE('',#9220,#1735);
#1254=LINE('',#9221,#1736);
#1255=LINE('',#9225,#1737);
#1256=LINE('',#9226,#1738);
#1257=LINE('',#9227,#1739);
#1258=LINE('',#9230,#1740);
#1259=LINE('',#9231,#1741);
#1260=LINE('',#9234,#1742);
#1261=LINE('',#9235,#1743);
#1262=LINE('',#9237,#1744);
#1263=LINE('',#9241,#1745);
#1264=LINE('',#9243,#1746);
#1265=LINE('',#9245,#1747);
#1266=LINE('',#9246,#1748);
#1267=LINE('',#9249,#1749);
#1268=LINE('',#9251,#1750);
#1269=LINE('',#9253,#1751);
#1270=LINE('',#9255,#1752);
#1271=LINE('',#9259,#1753);
#1272=LINE('',#9261,#1754);
#1273=LINE('',#9262,#1755);
#1274=LINE('',#9267,#1756);
#1275=LINE('',#9269,#1757);
#1276=LINE('',#9270,#1758);
#1277=LINE('',#9286,#1759);
#1278=LINE('',#9290,#1760);
#1279=LINE('',#9297,#1761);
#1280=LINE('',#9298,#1762);
#1281=LINE('',#9304,#1763);
#1282=LINE('',#9306,#1764);
#1283=LINE('',#9308,#1765);
#1284=LINE('',#9309,#1766);
#1285=LINE('',#9310,#1767);
#1286=LINE('',#9314,#1768);
#1287=LINE('',#9315,#1769);
#1288=LINE('',#9316,#1770);
#1289=LINE('',#9320,#1771);
#1290=LINE('',#9321,#1772);
#1291=LINE('',#9322,#1773);
#1292=LINE('',#9325,#1774);
#1293=LINE('',#9327,#1775);
#1294=LINE('',#9328,#1776);
#1295=LINE('',#9331,#1777);
#1296=LINE('',#9333,#1778);
#1297=LINE('',#9334,#1779);
#1298=LINE('',#9338,#1780);
#1299=LINE('',#9339,#1781);
#1300=LINE('',#9340,#1782);
#1301=LINE('',#9343,#1783);
#1302=LINE('',#9344,#1784);
#1303=LINE('',#9347,#1785);
#1304=LINE('',#9348,#1786);
#1305=LINE('',#9350,#1787);
#1306=LINE('',#9357,#1788);
#1307=LINE('',#9364,#1789);
#1308=LINE('',#9372,#1790);
#1309=LINE('',#9375,#1791);
#1310=LINE('',#9478,#1792);
#1311=LINE('',#9484,#1793);
#1312=LINE('',#9593,#1794);
#1313=LINE('',#9599,#1795);
#1314=LINE('',#9604,#1796);
#1315=LINE('',#9606,#1797);
#1316=LINE('',#9608,#1798);
#1317=LINE('',#9609,#1799);
#1318=LINE('',#9612,#1800);
#1319=LINE('',#9614,#1801);
#1320=LINE('',#9615,#1802);
#1321=LINE('',#9619,#1803);
#1322=LINE('',#9620,#1804);
#1323=LINE('',#9621,#1805);
#1324=LINE('',#9624,#1806);
#1325=LINE('',#9626,#1807);
#1326=LINE('',#9627,#1808);
#1327=LINE('',#9630,#1809);
#1328=LINE('',#9632,#1810);
#1329=LINE('',#9633,#1811);
#1330=LINE('',#9691,#1812);
#1331=LINE('',#9693,#1813);
#1332=LINE('',#9695,#1814);
#1333=LINE('',#9697,#1815);
#1334=LINE('',#9698,#1816);
#1335=LINE('',#9701,#1817);
#1336=LINE('',#9703,#1818);
#1337=LINE('',#9704,#1819);
#1338=LINE('',#9707,#1820);
#1339=LINE('',#9709,#1821);
#1340=LINE('',#9710,#1822);
#1341=LINE('',#9712,#1823);
#1342=LINE('',#9713,#1824);
#1343=LINE('',#9717,#1825);
#1344=LINE('',#9721,#1826);
#1345=LINE('',#9724,#1827);
#1346=LINE('',#9734,#1828);
#1347=LINE('',#9735,#1829);
#1348=LINE('',#9753,#1830);
#1349=LINE('',#9762,#1831);
#1350=LINE('',#9769,#1832);
#1351=LINE('',#9782,#1833);
#1352=LINE('',#9784,#1834);
#1353=LINE('',#9786,#1835);
#1354=LINE('',#9800,#1836);
#1355=LINE('',#9804,#1837);
#1356=LINE('',#9806,#1838);
#1357=LINE('',#9810,#1839);
#1358=LINE('',#9814,#1840);
#1359=LINE('',#9818,#1841);
#1360=LINE('',#9822,#1842);
#1361=LINE('',#9826,#1843);
#1362=LINE('',#9829,#1844);
#1363=LINE('',#9838,#1845);
#1364=LINE('',#9840,#1846);
#1365=LINE('',#9842,#1847);
#1366=LINE('',#9843,#1848);
#1367=LINE('',#9846,#1849);
#1368=LINE('',#9862,#1850);
#1369=LINE('',#9863,#1851);
#1370=LINE('',#9902,#1852);
#1371=LINE('',#9936,#1853);
#1372=LINE('',#9940,#1854);
#1373=LINE('',#9943,#1855);
#1374=LINE('',#9957,#1856);
#1375=LINE('',#9958,#1857);
#1376=LINE('',#9960,#1858);
#1377=LINE('',#9963,#1859);
#1378=LINE('',#9967,#1860);
#1379=LINE('',#9971,#1861);
#1380=LINE('',#9975,#1862);
#1381=LINE('',#9979,#1863);
#1382=LINE('',#9983,#1864);
#1383=LINE('',#9985,#1865);
#1384=LINE('',#10016,#1866);
#1385=LINE('',#10029,#1867);
#1386=LINE('',#10030,#1868);
#1387=LINE('',#10032,#1869);
#1388=LINE('',#10035,#1870);
#1389=LINE('',#10048,#1871);
#1390=LINE('',#10049,#1872);
#1391=LINE('',#10051,#1873);
#1392=LINE('',#10054,#1874);
#1393=LINE('',#10067,#1875);
#1394=LINE('',#10068,#1876);
#1395=LINE('',#10070,#1877);
#1396=LINE('',#10073,#1878);
#1397=LINE('',#10086,#1879);
#1398=LINE('',#10087,#1880);
#1399=LINE('',#10089,#1881);
#1400=LINE('',#10104,#1882);
#1401=LINE('',#10105,#1883);
#1402=LINE('',#10108,#1884);
#1403=LINE('',#10112,#1885);
#1404=LINE('',#10113,#1886);
#1405=LINE('',#10175,#1887);
#1406=LINE('',#10177,#1888);
#1407=LINE('',#10570,#1889);
#1408=LINE('',#10574,#1890);
#1409=LINE('',#10578,#1891);
#1410=LINE('',#10580,#1892);
#1411=LINE('',#10582,#1893);
#1412=LINE('',#10583,#1894);
#1413=LINE('',#10586,#1895);
#1414=LINE('',#10588,#1896);
#1415=LINE('',#10589,#1897);
#1416=LINE('',#10591,#1898);
#1417=LINE('',#10592,#1899);
#1418=LINE('',#10595,#1900);
#1419=LINE('',#10597,#1901);
#1420=LINE('',#10598,#1902);
#1421=LINE('',#10602,#1903);
#1422=LINE('',#10604,#1904);
#1423=LINE('',#10606,#1905);
#1424=LINE('',#10608,#1906);
#1425=LINE('',#10609,#1907);
#1426=LINE('',#10611,#1908);
#1427=LINE('',#10612,#1909);
#1428=LINE('',#10614,#1910);
#1429=LINE('',#10616,#1911);
#1430=LINE('',#10619,#1912);
#1431=LINE('',#10623,#1913);
#1432=LINE('',#10628,#1914);
#1433=LINE('',#10630,#1915);
#1434=LINE('',#10632,#1916);
#1435=LINE('',#10638,#1917);
#1436=LINE('',#10646,#1918);
#1437=LINE('',#10649,#1919);
#1438=LINE('',#10654,#1920);
#1439=LINE('',#10661,#1921);
#1440=LINE('',#10674,#1922);
#1441=LINE('',#10676,#1923);
#1442=LINE('',#10677,#1924);
#1443=LINE('',#10680,#1925);
#1444=LINE('',#10681,#1926);
#1445=LINE('',#10684,#1927);
#1446=LINE('',#10685,#1928);
#1447=LINE('',#10689,#1929);
#1448=LINE('',#10691,#1930);
#1449=LINE('',#10693,#1931);
#1450=LINE('',#10694,#1932);
#1451=LINE('',#10700,#1933);
#1452=LINE('',#10703,#1934);
#1453=LINE('',#10705,#1935);
#1454=LINE('',#10706,#1936);
#1455=LINE('',#10709,#1937);
#1456=LINE('',#10711,#1938);
#1457=LINE('',#10713,#1939);
#1458=LINE('',#10715,#1940);
#1459=LINE('',#10716,#1941);
#1460=LINE('',#10719,#1942);
#1461=LINE('',#10720,#1943);
#1462=LINE('',#10726,#1944);
#1463=LINE('',#10729,#1945);
#1464=LINE('',#10732,#1946);
#1465=LINE('',#10734,#1947);
#1466=LINE('',#10735,#1948);
#1467=LINE('',#10738,#1949);
#1468=LINE('',#10740,#1950);
#1469=LINE('',#10741,#1951);
#1470=LINE('',#10744,#1952);
#1471=LINE('',#10746,#1953);
#1472=LINE('',#10748,#1954);
#1473=LINE('',#10750,#1955);
#1474=LINE('',#10751,#1956);
#1475=LINE('',#10754,#1957);
#1476=LINE('',#10755,#1958);
#1477=LINE('',#10758,#1959);
#1478=LINE('',#10759,#1960);
#1479=LINE('',#10762,#1961);
#1480=LINE('',#10764,#1962);
#1481=LINE('',#10765,#1963);
#1482=LINE('',#10768,#1964);
#1483=LINE('',#10770,#1965);
#1484=LINE('',#10771,#1966);
#1485=LINE('',#10773,#1967);
#1486=LINE('',#10774,#1968);
#1487=LINE('',#10777,#1969);
#1488=LINE('',#10779,#1970);
#1489=LINE('',#10781,#1971);
#1490=LINE('',#10782,#1972);
#1491=LINE('',#10784,#1973);
#1492=LINE('',#10787,#1974);
#1493=LINE('',#10789,#1975);
#1494=LINE('',#10790,#1976);
#1495=LINE('',#10792,#1977);
#1496=LINE('',#10793,#1978);
#1497=LINE('',#10795,#1979);
#1498=LINE('',#10797,#1980);
#1499=LINE('',#10804,#1981);
#1500=LINE('',#10810,#1982);
#1501=LINE('',#10816,#1983);
#1502=LINE('',#10822,#1984);
#1503=LINE('',#10829,#1985);
#1504=LINE('',#10832,#1986);
#1505=LINE('',#10835,#1987);
#1506=LINE('',#10837,#1988);
#1507=LINE('',#10838,#1989);
#1508=LINE('',#10844,#1990);
#1509=LINE('',#10850,#1991);
#1510=LINE('',#10853,#1992);
#1511=LINE('',#10855,#1993);
#1512=LINE('',#10856,#1994);
#1513=LINE('',#10862,#1995);
#1514=LINE('',#10868,#1996);
#1515=LINE('',#10874,#1997);
#1516=LINE('',#10877,#1998);
#1517=LINE('',#10879,#1999);
#1518=LINE('',#10880,#2000);
#1519=LINE('',#10886,#2001);
#1520=LINE('',#10892,#2002);
#1521=LINE('',#10898,#2003);
#1522=LINE('',#10901,#2004);
#1523=LINE('',#10903,#2005);
#1524=LINE('',#10904,#2006);
#1525=LINE('',#10910,#2007);
#1526=LINE('',#10916,#2008);
#1527=LINE('',#10922,#2009);
#1528=LINE('',#10925,#2010);
#1529=LINE('',#10927,#2011);
#1530=LINE('',#10928,#2012);
#1531=LINE('',#10934,#2013);
#1532=LINE('',#10940,#2014);
#1533=LINE('',#10946,#2015);
#1534=LINE('',#10949,#2016);
#1535=LINE('',#10951,#2017);
#1536=LINE('',#10952,#2018);
#1537=LINE('',#10958,#2019);
#1538=LINE('',#10964,#2020);
#1539=LINE('',#10970,#2021);
#1540=LINE('',#10973,#2022);
#1541=LINE('',#10975,#2023);
#1542=LINE('',#10976,#2024);
#1543=LINE('',#10982,#2025);
#1544=LINE('',#10988,#2026);
#1545=LINE('',#10994,#2027);
#1546=LINE('',#10997,#2028);
#1547=LINE('',#10999,#2029);
#1548=LINE('',#11000,#2030);
#1549=LINE('',#11006,#2031);
#1550=LINE('',#11012,#2032);
#1551=LINE('',#11018,#2033);
#1552=LINE('',#11021,#2034);
#1553=LINE('',#11023,#2035);
#1554=LINE('',#11024,#2036);
#1555=LINE('',#11030,#2037);
#1556=LINE('',#11036,#2038);
#1557=LINE('',#11042,#2039);
#1558=LINE('',#11045,#2040);
#1559=LINE('',#11047,#2041);
#1560=LINE('',#11048,#2042);
#1561=LINE('',#11054,#2043);
#1562=LINE('',#11060,#2044);
#1563=LINE('',#11066,#2045);
#1564=LINE('',#11069,#2046);
#1565=LINE('',#11071,#2047);
#1566=LINE('',#11072,#2048);
#1567=LINE('',#11078,#2049);
#1568=LINE('',#11084,#2050);
#1569=LINE('',#11090,#2051);
#1570=LINE('',#11093,#2052);
#1571=LINE('',#11095,#2053);
#1572=LINE('',#11096,#2054);
#1573=LINE('',#11102,#2055);
#1574=LINE('',#11108,#2056);
#1575=LINE('',#11114,#2057);
#1576=LINE('',#11117,#2058);
#1577=LINE('',#11119,#2059);
#1578=LINE('',#11120,#2060);
#1579=LINE('',#11126,#2061);
#1580=LINE('',#11132,#2062);
#1581=LINE('',#11134,#2063);
#1582=LINE('',#11135,#2064);
#1583=LINE('',#11144,#2065);
#1584=LINE('',#11147,#2066);
#1585=LINE('',#11152,#2067);
#1586=LINE('',#11159,#2068);
#1587=LINE('',#11162,#2069);
#1588=LINE('',#11164,#2070);
#1589=LINE('',#11165,#2071);
#1590=LINE('',#11171,#2072);
#1591=LINE('',#11174,#2073);
#1592=LINE('',#11182,#2074);
#1593=LINE('',#11185,#2075);
#1594=LINE('',#11186,#2076);
#1595=LINE('',#11191,#2077);
#1596=LINE('',#11197,#2078);
#1597=LINE('',#11299,#2079);
#1598=LINE('',#11316,#2080);
#1599=LINE('',#11320,#2081);
#1600=LINE('',#11322,#2082);
#1601=LINE('',#11324,#2083);
#1602=LINE('',#11325,#2084);
#1603=LINE('',#11456,#2085);
#1604=LINE('',#11479,#2086);
#1605=LINE('',#11481,#2087);
#1606=LINE('',#11482,#2088);
#1607=LINE('',#11484,#2089);
#1608=LINE('',#11485,#2090);
#1609=LINE('',#11490,#2091);
#1610=LINE('',#11496,#2092);
#1611=LINE('',#11500,#2093);
#1612=LINE('',#11502,#2094);
#1613=LINE('',#11503,#2095);
#1614=LINE('',#11509,#2096);
#1615=LINE('',#11511,#2097);
#1616=LINE('',#11512,#2098);
#1617=LINE('',#11528,#2099);
#1618=LINE('',#11534,#2100);
#1619=LINE('',#11540,#2101);
#1620=LINE('',#11550,#2102);
#1621=LINE('',#11553,#2103);
#1622=LINE('',#11560,#2104);
#1623=LINE('',#11562,#2105);
#1624=LINE('',#11564,#2106);
#1625=LINE('',#11566,#2107);
#1626=LINE('',#11567,#2108);
#1627=LINE('',#11571,#2109);
#1628=LINE('',#11573,#2110);
#1629=LINE('',#11575,#2111);
#1630=LINE('',#11576,#2112);
#1631=LINE('',#11579,#2113);
#1632=LINE('',#11581,#2114);
#1633=LINE('',#11582,#2115);
#1634=LINE('',#11585,#2116);
#1635=LINE('',#11587,#2117);
#1636=LINE('',#11588,#2118);
#1637=LINE('',#11591,#2119);
#1638=LINE('',#11593,#2120);
#1639=LINE('',#11594,#2121);
#1640=LINE('',#11598,#2122);
#1641=LINE('',#11600,#2123);
#1642=LINE('',#11602,#2124);
#1643=LINE('',#11603,#2125);
#1644=LINE('',#11606,#2126);
#1645=LINE('',#11608,#2127);
#1646=LINE('',#11609,#2128);
#1647=LINE('',#11612,#2129);
#1648=LINE('',#11614,#2130);
#1649=LINE('',#11615,#2131);
#1650=LINE('',#11617,#2132);
#1651=LINE('',#11618,#2133);
#1652=LINE('',#11621,#2134);
#1653=LINE('',#11623,#2135);
#1654=LINE('',#11624,#2136);
#1655=LINE('',#11626,#2137);
#1656=LINE('',#11627,#2138);
#1657=LINE('',#11629,#2139);
#1658=LINE('',#11631,#2140);
#1659=VECTOR('',#6949,10.);
#1660=VECTOR('',#6952,10.);
#1661=VECTOR('',#6961,10.);
#1662=VECTOR('',#6970,10.);
#1663=VECTOR('',#6973,10.);
#1664=VECTOR('',#6976,10.);
#1665=VECTOR('',#6977,10.);
#1666=VECTOR('',#6978,10.);
#1667=VECTOR('',#6991,10.);
#1668=VECTOR('',#7000,10.);
#1669=VECTOR('',#7001,10.);
#1670=VECTOR('',#7006,10.);
#1671=VECTOR('',#7011,10.);
#1672=VECTOR('',#7024,10.);
#1673=VECTOR('',#7025,10.);
#1674=VECTOR('',#7030,10.);
#1675=VECTOR('',#7039,10.);
#1676=VECTOR('',#7042,10.);
#1677=VECTOR('',#7049,10.);
#1678=VECTOR('',#7056,10.);
#1679=VECTOR('',#7065,10.);
#1680=VECTOR('',#7066,10.);
#1681=VECTOR('',#7069,10.);
#1682=VECTOR('',#7074,10.);
#1683=VECTOR('',#7077,10.);
#1684=VECTOR('',#7090,10.);
#1685=VECTOR('',#7091,10.);
#1686=VECTOR('',#7104,10.);
#1687=VECTOR('',#7105,10.);
#1688=VECTOR('',#7118,10.);
#1689=VECTOR('',#7119,10.);
#1690=VECTOR('',#7128,10.);
#1691=VECTOR('',#7131,10.);
#1692=VECTOR('',#7134,10.);
#1693=VECTOR('',#7135,10.);
#1694=VECTOR('',#7138,10.);
#1695=VECTOR('',#7143,10.);
#1696=VECTOR('',#7144,10.);
#1697=VECTOR('',#7167,10.);
#1698=VECTOR('',#7178,10.);
#1699=VECTOR('',#7179,10.);
#1700=VECTOR('',#7192,10.);
#1701=VECTOR('',#7193,10.);
#1702=VECTOR('',#7204,10.);
#1703=VECTOR('',#7207,10.);
#1704=VECTOR('',#7208,10.);
#1705=VECTOR('',#7233,50.);
#1706=VECTOR('',#7236,10.);
#1707=VECTOR('',#7241,10.);
#1708=VECTOR('',#7252,4.);
#1709=VECTOR('',#7255,2.25);
#1710=VECTOR('',#7264,4.);
#1711=VECTOR('',#7267,2.25);
#1712=VECTOR('',#7276,4.);
#1713=VECTOR('',#7279,2.25);
#1714=VECTOR('',#7288,4.);
#1715=VECTOR('',#7291,2.25);
#1716=VECTOR('',#7300,1.25);
#1717=VECTOR('',#7307,1.25);
#1718=VECTOR('',#7316,10.);
#1719=VECTOR('',#7319,10.);
#1720=VECTOR('',#7328,10.);
#1721=VECTOR('',#7329,10.);
#1722=VECTOR('',#7330,10.);
#1723=VECTOR('',#7331,10.);
#1724=VECTOR('',#7332,10.);
#1725=VECTOR('',#7335,10.);
#1726=VECTOR('',#7336,10.);
#1727=VECTOR('',#7337,10.);
#1728=VECTOR('',#7340,10.);
#1729=VECTOR('',#7341,10.);
#1730=VECTOR('',#7342,10.);
#1731=VECTOR('',#7345,10.);
#1732=VECTOR('',#7346,10.);
#1733=VECTOR('',#7347,10.);
#1734=VECTOR('',#7350,10.);
#1735=VECTOR('',#7351,10.);
#1736=VECTOR('',#7352,10.);
#1737=VECTOR('',#7355,10.);
#1738=VECTOR('',#7356,10.);
#1739=VECTOR('',#7357,10.);
#1740=VECTOR('',#7360,10.);
#1741=VECTOR('',#7361,10.);
#1742=VECTOR('',#7364,10.);
#1743=VECTOR('',#7365,10.);
#1744=VECTOR('',#7368,10.);
#1745=VECTOR('',#7371,10.);
#1746=VECTOR('',#7372,10.);
#1747=VECTOR('',#7373,10.);
#1748=VECTOR('',#7374,10.);
#1749=VECTOR('',#7377,10.);
#1750=VECTOR('',#7378,10.);
#1751=VECTOR('',#7379,10.);
#1752=VECTOR('',#7380,10.);
#1753=VECTOR('',#7385,10.);
#1754=VECTOR('',#7386,10.);
#1755=VECTOR('',#7387,10.);
#1756=VECTOR('',#7394,10.);
#1757=VECTOR('',#7395,10.);
#1758=VECTOR('',#7396,10.);
#1759=VECTOR('',#7417,1.25);
#1760=VECTOR('',#7422,1.25);
#1761=VECTOR('',#7429,10.);
#1762=VECTOR('',#7430,10.);
#1763=VECTOR('',#7437,10.);
#1764=VECTOR('',#7438,10.);
#1765=VECTOR('',#7439,10.);
#1766=VECTOR('',#7440,10.);
#1767=VECTOR('',#7441,10.);
#1768=VECTOR('',#7444,10.);
#1769=VECTOR('',#7445,10.);
#1770=VECTOR('',#7446,10.);
#1771=VECTOR('',#7449,10.);
#1772=VECTOR('',#7450,10.);
#1773=VECTOR('',#7451,10.);
#1774=VECTOR('',#7454,10.);
#1775=VECTOR('',#7455,10.);
#1776=VECTOR('',#7456,10.);
#1777=VECTOR('',#7459,10.);
#1778=VECTOR('',#7460,10.);
#1779=VECTOR('',#7461,10.);
#1780=VECTOR('',#7464,10.);
#1781=VECTOR('',#7465,10.);
#1782=VECTOR('',#7466,10.);
#1783=VECTOR('',#7469,10.);
#1784=VECTOR('',#7470,10.);
#1785=VECTOR('',#7473,10.);
#1786=VECTOR('',#7474,10.);
#1787=VECTOR('',#7477,10.);
#1788=VECTOR('',#7486,2.5);
#1789=VECTOR('',#7495,2.5);
#1790=VECTOR('',#7504,10.);
#1791=VECTOR('',#7507,10.);
#1792=VECTOR('',#7508,10.);
#1793=VECTOR('',#7515,10.);
#1794=VECTOR('',#7528,1.25);
#1795=VECTOR('',#7535,1.25);
#1796=VECTOR('',#7540,10.);
#1797=VECTOR('',#7541,10.);
#1798=VECTOR('',#7542,10.);
#1799=VECTOR('',#7543,10.);
#1800=VECTOR('',#7546,10.);
#1801=VECTOR('',#7547,10.);
#1802=VECTOR('',#7548,10.);
#1803=VECTOR('',#7551,10.);
#1804=VECTOR('',#7552,10.);
#1805=VECTOR('',#7553,10.);
#1806=VECTOR('',#7556,10.);
#1807=VECTOR('',#7557,10.);
#1808=VECTOR('',#7558,10.);
#1809=VECTOR('',#7561,10.);
#1810=VECTOR('',#7562,10.);
#1811=VECTOR('',#7563,10.);
#1812=VECTOR('',#7574,10.);
#1813=VECTOR('',#7575,10.);
#1814=VECTOR('',#7576,10.);
#1815=VECTOR('',#7577,10.);
#1816=VECTOR('',#7578,10.);
#1817=VECTOR('',#7581,10.);
#1818=VECTOR('',#7582,10.);
#1819=VECTOR('',#7583,10.);
#1820=VECTOR('',#7586,10.);
#1821=VECTOR('',#7587,10.);
#1822=VECTOR('',#7588,10.);
#1823=VECTOR('',#7591,10.);
#1824=VECTOR('',#7592,10.);
#1825=VECTOR('',#7597,10.);
#1826=VECTOR('',#7600,10.);
#1827=VECTOR('',#7603,10.);
#1828=VECTOR('',#7614,10.);
#1829=VECTOR('',#7615,10.);
#1830=VECTOR('',#7622,10.);
#1831=VECTOR('',#7635,10.);
#1832=VECTOR('',#7644,10.);
#1833=VECTOR('',#7647,10.);
#1834=VECTOR('',#7648,10.);
#1835=VECTOR('',#7649,10.);
#1836=VECTOR('',#7652,10.);
#1837=VECTOR('',#7657,10.);
#1838=VECTOR('',#7658,10.);
#1839=VECTOR('',#7661,10.);
#1840=VECTOR('',#7664,10.);
#1841=VECTOR('',#7667,10.);
#1842=VECTOR('',#7670,10.);
#1843=VECTOR('',#7673,10.);
#1844=VECTOR('',#7676,10.);
#1845=VECTOR('',#7683,10.);
#1846=VECTOR('',#7684,10.);
#1847=VECTOR('',#7685,10.);
#1848=VECTOR('',#7686,10.);
#1849=VECTOR('',#7689,10.);
#1850=VECTOR('',#7694,10.);
#1851=VECTOR('',#7695,10.);
#1852=VECTOR('',#7706,10.);
#1853=VECTOR('',#7711,10.);
#1854=VECTOR('',#7716,10.);
#1855=VECTOR('',#7719,10.);
#1856=VECTOR('',#7738,10.);
#1857=VECTOR('',#7739,10.);
#1858=VECTOR('',#7742,10.);
#1859=VECTOR('',#7745,10.);
#1860=VECTOR('',#7748,10.);
#1861=VECTOR('',#7751,10.);
#1862=VECTOR('',#7754,10.);
#1863=VECTOR('',#7757,10.);
#1864=VECTOR('',#7760,10.);
#1865=VECTOR('',#7761,10.);
#1866=VECTOR('',#7778,10.);
#1867=VECTOR('',#7797,10.);
#1868=VECTOR('',#7798,10.);
#1869=VECTOR('',#7801,10.);
#1870=VECTOR('',#7804,10.);
#1871=VECTOR('',#7823,10.);
#1872=VECTOR('',#7824,10.);
#1873=VECTOR('',#7827,10.);
#1874=VECTOR('',#7830,10.);
#1875=VECTOR('',#7849,10.);
#1876=VECTOR('',#7850,10.);
#1877=VECTOR('',#7853,10.);
#1878=VECTOR('',#7856,10.);
#1879=VECTOR('',#7875,10.);
#1880=VECTOR('',#7876,10.);
#1881=VECTOR('',#7879,10.);
#1882=VECTOR('',#7900,10.);
#1883=VECTOR('',#7901,10.);
#1884=VECTOR('',#7904,10.);
#1885=VECTOR('',#7909,10.);
#1886=VECTOR('',#7910,10.);
#1887=VECTOR('',#7937,10.);
#1888=VECTOR('',#7940,10.);
#1889=VECTOR('',#7957,1.25);
#1890=VECTOR('',#7962,1.25);
#1891=VECTOR('',#7965,10.);
#1892=VECTOR('',#7966,10.);
#1893=VECTOR('',#7967,10.);
#1894=VECTOR('',#7968,10.);
#1895=VECTOR('',#7971,10.);
#1896=VECTOR('',#7972,10.);
#1897=VECTOR('',#7973,10.);
#1898=VECTOR('',#7976,10.);
#1899=VECTOR('',#7977,10.);
#1900=VECTOR('',#7980,10.);
#1901=VECTOR('',#7981,10.);
#1902=VECTOR('',#7982,10.);
#1903=VECTOR('',#7985,10.);
#1904=VECTOR('',#7986,10.);
#1905=VECTOR('',#7987,10.);
#1906=VECTOR('',#7988,10.);
#1907=VECTOR('',#7989,10.);
#1908=VECTOR('',#7992,10.);
#1909=VECTOR('',#7993,10.);
#1910=VECTOR('',#7996,10.);
#1911=VECTOR('',#7999,10.);
#1912=VECTOR('',#8002,10.);
#1913=VECTOR('',#8007,10.);
#1914=VECTOR('',#8016,1.75);
#1915=VECTOR('',#8019,1.75);
#1916=VECTOR('',#8022,1.75);
#1917=VECTOR('',#8029,2.5);
#1918=VECTOR('',#8038,10.);
#1919=VECTOR('',#8041,10.);
#1920=VECTOR('',#8046,10.);
#1921=VECTOR('',#8055,10.);
#1922=VECTOR('',#8072,10.);
#1923=VECTOR('',#8073,10.);
#1924=VECTOR('',#8074,10.);
#1925=VECTOR('',#8077,10.);
#1926=VECTOR('',#8078,10.);
#1927=VECTOR('',#8081,10.);
#1928=VECTOR('',#8082,10.);
#1929=VECTOR('',#8085,10.);
#1930=VECTOR('',#8086,10.);
#1931=VECTOR('',#8087,10.);
#1932=VECTOR('',#8088,10.);
#1933=VECTOR('',#8095,10.);
#1934=VECTOR('',#8098,10.);
#1935=VECTOR('',#8099,10.);
#1936=VECTOR('',#8100,10.);
#1937=VECTOR('',#8103,10.);
#1938=VECTOR('',#8104,10.);
#1939=VECTOR('',#8105,10.);
#1940=VECTOR('',#8106,10.);
#1941=VECTOR('',#8107,10.);
#1942=VECTOR('',#8110,10.);
#1943=VECTOR('',#8111,10.);
#1944=VECTOR('',#8116,10.);
#1945=VECTOR('',#8119,10.);
#1946=VECTOR('',#8122,10.);
#1947=VECTOR('',#8123,10.);
#1948=VECTOR('',#8124,10.);
#1949=VECTOR('',#8127,10.);
#1950=VECTOR('',#8128,10.);
#1951=VECTOR('',#8129,10.);
#1952=VECTOR('',#8132,10.);
#1953=VECTOR('',#8133,10.);
#1954=VECTOR('',#8134,10.);
#1955=VECTOR('',#8135,10.);
#1956=VECTOR('',#8136,10.);
#1957=VECTOR('',#8139,10.);
#1958=VECTOR('',#8140,10.);
#1959=VECTOR('',#8143,10.);
#1960=VECTOR('',#8144,10.);
#1961=VECTOR('',#8147,10.);
#1962=VECTOR('',#8148,10.);
#1963=VECTOR('',#8149,10.);
#1964=VECTOR('',#8152,10.);
#1965=VECTOR('',#8153,10.);
#1966=VECTOR('',#8154,10.);
#1967=VECTOR('',#8157,10.);
#1968=VECTOR('',#8158,10.);
#1969=VECTOR('',#8161,10.);
#1970=VECTOR('',#8162,10.);
#1971=VECTOR('',#8163,10.);
#1972=VECTOR('',#8164,10.);
#1973=VECTOR('',#8167,10.);
#1974=VECTOR('',#8170,10.);
#1975=VECTOR('',#8171,10.);
#1976=VECTOR('',#8172,10.);
#1977=VECTOR('',#8175,10.);
#1978=VECTOR('',#8176,10.);
#1979=VECTOR('',#8179,10.);
#1980=VECTOR('',#8182,10.);
#1981=VECTOR('',#8191,2.4);
#1982=VECTOR('',#8198,1.3);
#1983=VECTOR('',#8205,1.3);
#1984=VECTOR('',#8212,1.75);
#1985=VECTOR('',#8219,10.);
#1986=VECTOR('',#8222,10.);
#1987=VECTOR('',#8225,10.);
#1988=VECTOR('',#8226,10.);
#1989=VECTOR('',#8227,10.);
#1990=VECTOR('',#8234,10.);
#1991=VECTOR('',#8241,10.);
#1992=VECTOR('',#8244,10.);
#1993=VECTOR('',#8245,10.);
#1994=VECTOR('',#8246,10.);
#1995=VECTOR('',#8253,10.);
#1996=VECTOR('',#8260,10.);
#1997=VECTOR('',#8267,10.);
#1998=VECTOR('',#8270,10.);
#1999=VECTOR('',#8271,10.);
#2000=VECTOR('',#8272,10.);
#2001=VECTOR('',#8279,10.);
#2002=VECTOR('',#8286,10.);
#2003=VECTOR('',#8293,10.);
#2004=VECTOR('',#8296,10.);
#2005=VECTOR('',#8297,10.);
#2006=VECTOR('',#8298,10.);
#2007=VECTOR('',#8305,10.);
#2008=VECTOR('',#8312,10.);
#2009=VECTOR('',#8319,10.);
#2010=VECTOR('',#8322,10.);
#2011=VECTOR('',#8323,10.);
#2012=VECTOR('',#8324,10.);
#2013=VECTOR('',#8331,10.);
#2014=VECTOR('',#8338,10.);
#2015=VECTOR('',#8345,10.);
#2016=VECTOR('',#8348,10.);
#2017=VECTOR('',#8349,10.);
#2018=VECTOR('',#8350,10.);
#2019=VECTOR('',#8357,10.);
#2020=VECTOR('',#8364,10.);
#2021=VECTOR('',#8371,10.);
#2022=VECTOR('',#8374,10.);
#2023=VECTOR('',#8375,10.);
#2024=VECTOR('',#8376,10.);
#2025=VECTOR('',#8383,10.);
#2026=VECTOR('',#8390,10.);
#2027=VECTOR('',#8397,10.);
#2028=VECTOR('',#8400,10.);
#2029=VECTOR('',#8401,10.);
#2030=VECTOR('',#8402,10.);
#2031=VECTOR('',#8409,10.);
#2032=VECTOR('',#8416,10.);
#2033=VECTOR('',#8423,10.);
#2034=VECTOR('',#8426,10.);
#2035=VECTOR('',#8427,10.);
#2036=VECTOR('',#8428,10.);
#2037=VECTOR('',#8435,10.);
#2038=VECTOR('',#8442,10.);
#2039=VECTOR('',#8449,10.);
#2040=VECTOR('',#8452,10.);
#2041=VECTOR('',#8453,10.);
#2042=VECTOR('',#8454,10.);
#2043=VECTOR('',#8461,10.);
#2044=VECTOR('',#8468,10.);
#2045=VECTOR('',#8475,10.);
#2046=VECTOR('',#8478,10.);
#2047=VECTOR('',#8479,10.);
#2048=VECTOR('',#8480,10.);
#2049=VECTOR('',#8487,10.);
#2050=VECTOR('',#8494,10.);
#2051=VECTOR('',#8501,10.);
#2052=VECTOR('',#8504,10.);
#2053=VECTOR('',#8505,10.);
#2054=VECTOR('',#8506,10.);
#2055=VECTOR('',#8513,10.);
#2056=VECTOR('',#8520,10.);
#2057=VECTOR('',#8527,10.);
#2058=VECTOR('',#8530,10.);
#2059=VECTOR('',#8531,10.);
#2060=VECTOR('',#8532,10.);
#2061=VECTOR('',#8539,10.);
#2062=VECTOR('',#8546,10.);
#2063=VECTOR('',#8549,10.);
#2064=VECTOR('',#8550,10.);
#2065=VECTOR('',#8561,10.);
#2066=VECTOR('',#8564,10.);
#2067=VECTOR('',#8569,10.);
#2068=VECTOR('',#8576,10.);
#2069=VECTOR('',#8579,10.);
#2070=VECTOR('',#8582,10.);
#2071=VECTOR('',#8583,10.);
#2072=VECTOR('',#8588,10.);
#2073=VECTOR('',#8591,10.);
#2074=VECTOR('',#8602,10.);
#2075=VECTOR('',#8607,10.);
#2076=VECTOR('',#8608,10.);
#2077=VECTOR('',#8613,1.5);
#2078=VECTOR('',#8620,1.5);
#2079=VECTOR('',#8629,10.);
#2080=VECTOR('',#8630,10.);
#2081=VECTOR('',#8633,10.);
#2082=VECTOR('',#8634,10.);
#2083=VECTOR('',#8635,10.);
#2084=VECTOR('',#8636,10.);
#2085=VECTOR('',#8637,10.);
#2086=VECTOR('',#8640,10.);
#2087=VECTOR('',#8641,10.);
#2088=VECTOR('',#8642,10.);
#2089=VECTOR('',#8645,10.);
#2090=VECTOR('',#8646,10.);
#2091=VECTOR('',#8651,1.75);
#2092=VECTOR('',#8658,1.75);
#2093=VECTOR('',#8663,10.);
#2094=VECTOR('',#8664,10.);
#2095=VECTOR('',#8665,10.);
#2096=VECTOR('',#8672,10.);
#2097=VECTOR('',#8675,10.);
#2098=VECTOR('',#8676,10.);
#2099=VECTOR('',#8703,1.25);
#2100=VECTOR('',#8710,1.25);
#2101=VECTOR('',#8717,2.5);
#2102=VECTOR('',#8728,10.);
#2103=VECTOR('',#8731,10.);
#2104=VECTOR('',#8742,10.);
#2105=VECTOR('',#8743,10.);
#2106=VECTOR('',#8744,10.);
#2107=VECTOR('',#8745,10.);
#2108=VECTOR('',#8746,10.);
#2109=VECTOR('',#8749,10.);
#2110=VECTOR('',#8750,10.);
#2111=VECTOR('',#8751,10.);
#2112=VECTOR('',#8752,10.);
#2113=VECTOR('',#8755,10.);
#2114=VECTOR('',#8756,10.);
#2115=VECTOR('',#8757,10.);
#2116=VECTOR('',#8760,10.);
#2117=VECTOR('',#8761,10.);
#2118=VECTOR('',#8762,10.);
#2119=VECTOR('',#8765,10.);
#2120=VECTOR('',#8766,10.);
#2121=VECTOR('',#8767,10.);
#2122=VECTOR('',#8770,10.);
#2123=VECTOR('',#8771,10.);
#2124=VECTOR('',#8772,10.);
#2125=VECTOR('',#8773,10.);
#2126=VECTOR('',#8776,10.);
#2127=VECTOR('',#8777,10.);
#2128=VECTOR('',#8778,10.);
#2129=VECTOR('',#8781,10.);
#2130=VECTOR('',#8782,10.);
#2131=VECTOR('',#8783,10.);
#2132=VECTOR('',#8786,10.);
#2133=VECTOR('',#8787,10.);
#2134=VECTOR('',#8790,10.);
#2135=VECTOR('',#8791,10.);
#2136=VECTOR('',#8792,10.);
#2137=VECTOR('',#8795,10.);
#2138=VECTOR('',#8796,10.);
#2139=VECTOR('',#8799,10.);
#2140=VECTOR('',#8802,10.);
#2141=CIRCLE('',#6247,5.);
#2142=CIRCLE('',#6248,5.);
#2143=CIRCLE('',#6250,5.);
#2144=CIRCLE('',#6251,5.);
#2145=CIRCLE('',#6253,5.);
#2146=CIRCLE('',#6255,5.);
#2147=CIRCLE('',#6257,5.);
#2148=CIRCLE('',#6260,5.);
#2149=CIRCLE('',#6261,5.);
#2150=CIRCLE('',#6262,5.);
#2151=CIRCLE('',#6264,5.);
#2152=CIRCLE('',#6266,5.);
#2153=CIRCLE('',#6269,50.);
#2154=CIRCLE('',#6271,5.);
#2155=CIRCLE('',#6274,5.);
#2156=CIRCLE('',#6275,5.);
#2157=CIRCLE('',#6276,5.);
#2158=CIRCLE('',#6278,5.);
#2159=CIRCLE('',#6280,5.);
#2160=CIRCLE('',#6282,5.);
#2161=CIRCLE('',#6284,50.);
#2162=CIRCLE('',#6287,5.);
#2163=CIRCLE('',#6288,5.);
#2164=CIRCLE('',#6290,5.);
#2165=CIRCLE('',#6292,5.);
#2166=CIRCLE('',#6294,5.);
#2167=CIRCLE('',#6298,0.999999999999996);
#2168=CIRCLE('',#6299,1.);
#2169=CIRCLE('',#6301,1.);
#2170=CIRCLE('',#6302,3.);
#2171=CIRCLE('',#6303,2.);
#2172=CIRCLE('',#6305,1.);
#2173=CIRCLE('',#6307,1.);
#2174=CIRCLE('',#6308,3.);
#2175=CIRCLE('',#6309,2.);
#2176=CIRCLE('',#6311,1.);
#2177=CIRCLE('',#6313,1.);
#2178=CIRCLE('',#6314,3.);
#2179=CIRCLE('',#6315,2.);
#2180=CIRCLE('',#6317,1.);
#2181=CIRCLE('',#6319,3.);
#2182=CIRCLE('',#6320,2.);
#2183=CIRCLE('',#6322,3.);
#2184=CIRCLE('',#6325,3.);
#2185=CIRCLE('',#6328,2.25);
#2186=CIRCLE('',#6329,2.25);
#2187=CIRCLE('',#6330,2.25);
#2188=CIRCLE('',#6331,2.25);
#2189=CIRCLE('',#6333,1.00000000000001);
#2190=CIRCLE('',#6334,2.);
#2191=CIRCLE('',#6335,1.);
#2192=CIRCLE('',#6337,1.);
#2193=CIRCLE('',#6339,1.);
#2194=CIRCLE('',#6340,2.);
#2195=CIRCLE('',#6342,1.);
#2196=CIRCLE('',#6344,1.);
#2197=CIRCLE('',#6345,3.);
#2198=CIRCLE('',#6346,2.);
#2199=CIRCLE('',#6348,1.);
#2200=CIRCLE('',#6350,1.);
#2201=CIRCLE('',#6351,3.);
#2202=CIRCLE('',#6352,2.);
#2203=CIRCLE('',#6357,53.);
#2204=CIRCLE('',#6358,4.);
#2205=CIRCLE('',#6359,4.);
#2206=CIRCLE('',#6360,4.);
#2207=CIRCLE('',#6361,4.);
#2208=CIRCLE('',#6363,50.);
#2209=CIRCLE('',#6364,3.);
#2210=CIRCLE('',#6366,50.);
#2211=CIRCLE('',#6372,4.);
#2212=CIRCLE('',#6373,2.25);
#2213=CIRCLE('',#6377,4.);
#2214=CIRCLE('',#6378,2.25);
#2215=CIRCLE('',#6382,4.);
#2216=CIRCLE('',#6383,2.25);
#2217=CIRCLE('',#6387,4.);
#2218=CIRCLE('',#6388,2.25);
#2219=CIRCLE('',#6394,1.03775);
#2220=CIRCLE('',#6395,1.03775);
#2221=CIRCLE('',#6397,1.03775);
#2222=CIRCLE('',#6398,1.03775);
#2223=CIRCLE('',#6400,6.);
#2224=CIRCLE('',#6401,6.);
#2225=CIRCLE('',#6402,6.);
#2226=CIRCLE('',#6404,2.5);
#2227=CIRCLE('',#6405,2.5);
#2228=CIRCLE('',#6417,30.5388572933124);
#2229=CIRCLE('',#6420,30.5388572933124);
#2230=CIRCLE('',#6423,50.);
#2231=CIRCLE('',#6424,6.);
#2232=CIRCLE('',#6425,2.5);
#2233=CIRCLE('',#6426,1.03775);
#2234=CIRCLE('',#6427,1.03775);
#2235=CIRCLE('',#6429,50.);
#2236=CIRCLE('',#6431,1.03775);
#2237=CIRCLE('',#6433,1.03775);
#2238=CIRCLE('',#6435,6.);
#2239=CIRCLE('',#6436,6.);
#2240=CIRCLE('',#6438,2.5);
#2241=CIRCLE('',#6451,2.5);
#2242=CIRCLE('',#6452,2.5);
#2243=CIRCLE('',#6455,2.5);
#2244=CIRCLE('',#6456,2.5);
#2245=CIRCLE('',#6459,30.539);
#2246=CIRCLE('',#6460,30.539);
#2247=CIRCLE('',#6462,20.);
#2248=CIRCLE('',#6463,20.);
#2249=CIRCLE('',#6469,1.03775);
#2250=CIRCLE('',#6470,1.03775);
#2251=CIRCLE('',#6472,1.03775);
#2252=CIRCLE('',#6473,1.03775);
#2253=CIRCLE('',#6480,20.);
#2254=CIRCLE('',#6481,20.);
#2255=CIRCLE('',#6482,20.);
#2256=CIRCLE('',#6489,1.7);
#2257=CIRCLE('',#6490,1.7);
#2258=CIRCLE('',#6491,2.75);
#2259=CIRCLE('',#6492,6.);
#2260=CIRCLE('',#6493,6.);
#2261=CIRCLE('',#6495,2.75);
#2262=CIRCLE('',#6497,6.);
#2263=CIRCLE('',#6499,0.999999999999996);
#2264=CIRCLE('',#6501,1.);
#2265=CIRCLE('',#6502,0.7);
#2266=CIRCLE('',#6504,1.);
#2267=CIRCLE('',#6506,0.999999999999999);
#2268=CIRCLE('',#6507,0.7);
#2269=CIRCLE('',#6513,4.3);
#2270=CIRCLE('',#6514,4.3);
#2271=CIRCLE('',#6515,4.3);
#2272=CIRCLE('',#6516,4.3);
#2273=CIRCLE('',#6517,4.3);
#2274=CIRCLE('',#6518,4.3);
#2275=CIRCLE('',#6519,1.75);
#2276=CIRCLE('',#6520,1.75);
#2277=CIRCLE('',#6521,1.75);
#2278=CIRCLE('',#6525,5.);
#2279=CIRCLE('',#6529,5.);
#2280=CIRCLE('',#6532,0.7);
#2281=CIRCLE('',#6534,0.7);
#2282=CIRCLE('',#6536,0.700000000000001);
#2283=CIRCLE('',#6537,0.7);
#2284=CIRCLE('',#6538,5.);
#2285=CIRCLE('',#6540,5.);
#2286=CIRCLE('',#6541,0.700000000000001);
#2287=CIRCLE('',#6542,4.3);
#2288=CIRCLE('',#6546,4.3);
#2289=CIRCLE('',#6547,4.3);
#2290=CIRCLE('',#6548,4.3);
#2291=CIRCLE('',#6549,4.3);
#2292=CIRCLE('',#6550,4.3);
#2293=CIRCLE('',#6551,1.75);
#2294=CIRCLE('',#6552,1.75);
#2295=CIRCLE('',#6553,1.75);
#2296=CIRCLE('',#6554,6.00000000000001);
#2297=CIRCLE('',#6555,2.75);
#2298=CIRCLE('',#6556,1.03775);
#2299=CIRCLE('',#6557,1.03775);
#2300=CIRCLE('',#6559,0.7);
#2301=CIRCLE('',#6561,0.7);
#2302=CIRCLE('',#6562,0.7);
#2303=CIRCLE('',#6563,5.);
#2304=CIRCLE('',#6565,5.);
#2305=CIRCLE('',#6566,0.699999999999997);
#2306=CIRCLE('',#6570,0.7);
#2307=CIRCLE('',#6572,0.699999999999997);
#2308=CIRCLE('',#6573,0.7);
#2309=CIRCLE('',#6574,5.);
#2310=CIRCLE('',#6576,5.);
#2311=CIRCLE('',#6577,0.700000000000003);
#2312=CIRCLE('',#6581,0.7);
#2313=CIRCLE('',#6583,0.700000000000003);
#2314=CIRCLE('',#6584,0.7);
#2315=CIRCLE('',#6585,5.);
#2316=CIRCLE('',#6587,5.);
#2317=CIRCLE('',#6588,0.699999999999997);
#2318=CIRCLE('',#6592,0.7);
#2319=CIRCLE('',#6594,0.699999999999999);
#2320=CIRCLE('',#6595,0.7);
#2321=CIRCLE('',#6596,5.);
#2322=CIRCLE('',#6598,5.);
#2323=CIRCLE('',#6599,0.699999999999994);
#2324=CIRCLE('',#6604,0.699999999999994);
#2325=CIRCLE('',#6605,0.7);
#2326=CIRCLE('',#6606,5.);
#2327=CIRCLE('',#6608,0.7);
#2328=CIRCLE('',#6609,5.);
#2329=CIRCLE('',#6610,0.700000000000003);
#2330=CIRCLE('',#6617,5.00000000000001);
#2331=CIRCLE('',#6620,5.);
#2332=CIRCLE('',#6622,0.700000000000003);
#2333=CIRCLE('',#6630,0.699999999999998);
#2334=CIRCLE('',#6631,0.7);
#2335=CIRCLE('',#6632,6.);
#2336=CIRCLE('',#6633,6.);
#2337=CIRCLE('',#6636,1.03775);
#2338=CIRCLE('',#6638,1.03775);
#2339=CIRCLE('',#6648,6.00000000000001);
#2340=CIRCLE('',#6649,6.00000000000001);
#2341=CIRCLE('',#6651,2.75);
#2342=CIRCLE('',#6658,2.5);
#2343=CIRCLE('',#6659,2.5);
#2344=CIRCLE('',#6662,0.25);
#2345=CIRCLE('',#6663,0.25);
#2346=CIRCLE('',#6665,1.3);
#2347=CIRCLE('',#6666,1.3);
#2348=CIRCLE('',#6668,0.25);
#2349=CIRCLE('',#6669,0.25);
#2350=CIRCLE('',#6671,6.2);
#2351=CIRCLE('',#6672,6.2);
#2352=CIRCLE('',#6673,6.2);
#2353=CIRCLE('',#6674,6.2);
#2354=CIRCLE('',#6675,6.2);
#2355=CIRCLE('',#6682,1.25);
#2356=CIRCLE('',#6683,1.25);
#2357=CIRCLE('',#6688,1.25);
#2358=CIRCLE('',#6689,1.25);
#2359=CIRCLE('',#6707,2.4);
#2360=CIRCLE('',#6708,2.4);
#2361=CIRCLE('',#6710,1.3);
#2362=CIRCLE('',#6711,1.3);
#2363=CIRCLE('',#6713,1.3);
#2364=CIRCLE('',#6714,1.3);
#2365=CIRCLE('',#6716,1.75);
#2366=CIRCLE('',#6717,1.75);
#2367=CIRCLE('',#6719,4.);
#2368=CIRCLE('',#6720,4.);
#2369=CIRCLE('',#6723,12.09);
#2370=CIRCLE('',#6724,12.09);
#2371=CIRCLE('',#6726,4.94120866697575);
#2372=CIRCLE('',#6727,4.94120866697575);
#2373=CIRCLE('',#6730,4.94120866697575);
#2374=CIRCLE('',#6731,4.94120866697575);
#2375=CIRCLE('',#6733,12.09);
#2376=CIRCLE('',#6734,12.09);
#2377=CIRCLE('',#6736,4.94120866697575);
#2378=CIRCLE('',#6737,4.94120866697575);
#2379=CIRCLE('',#6740,4.94120866697575);
#2380=CIRCLE('',#6741,4.94120866697575);
#2381=CIRCLE('',#6743,12.09);
#2382=CIRCLE('',#6744,12.09);
#2383=CIRCLE('',#6746,4.94120866697575);
#2384=CIRCLE('',#6747,4.94120866697575);
#2385=CIRCLE('',#6750,4.94120866697575);
#2386=CIRCLE('',#6751,4.94120866697575);
#2387=CIRCLE('',#6753,12.09);
#2388=CIRCLE('',#6754,12.09);
#2389=CIRCLE('',#6756,4.94120866697576);
#2390=CIRCLE('',#6757,4.94120866697576);
#2391=CIRCLE('',#6760,4.94120866697575);
#2392=CIRCLE('',#6761,4.94120866697575);
#2393=CIRCLE('',#6763,12.09);
#2394=CIRCLE('',#6764,12.09);
#2395=CIRCLE('',#6766,4.94120866697575);
#2396=CIRCLE('',#6767,4.94120866697575);
#2397=CIRCLE('',#6770,4.94120866697575);
#2398=CIRCLE('',#6771,4.94120866697575);
#2399=CIRCLE('',#6773,12.09);
#2400=CIRCLE('',#6774,12.09);
#2401=CIRCLE('',#6776,4.94120866697575);
#2402=CIRCLE('',#6777,4.94120866697575);
#2403=CIRCLE('',#6780,4.94120866697575);
#2404=CIRCLE('',#6781,4.94120866697575);
#2405=CIRCLE('',#6783,12.09);
#2406=CIRCLE('',#6784,12.09);
#2407=CIRCLE('',#6786,4.94120866697575);
#2408=CIRCLE('',#6787,4.94120866697575);
#2409=CIRCLE('',#6790,4.94120866697575);
#2410=CIRCLE('',#6791,4.94120866697575);
#2411=CIRCLE('',#6793,12.09);
#2412=CIRCLE('',#6794,12.09);
#2413=CIRCLE('',#6796,4.94120866697577);
#2414=CIRCLE('',#6797,4.94120866697577);
#2415=CIRCLE('',#6800,4.94120866697575);
#2416=CIRCLE('',#6801,4.94120866697575);
#2417=CIRCLE('',#6803,12.09);
#2418=CIRCLE('',#6804,12.09);
#2419=CIRCLE('',#6806,4.94120866697575);
#2420=CIRCLE('',#6807,4.94120866697575);
#2421=CIRCLE('',#6810,4.94120866697575);
#2422=CIRCLE('',#6811,4.94120866697575);
#2423=CIRCLE('',#6813,12.09);
#2424=CIRCLE('',#6814,12.09);
#2425=CIRCLE('',#6816,4.94120866697575);
#2426=CIRCLE('',#6817,4.94120866697575);
#2427=CIRCLE('',#6820,4.94120866697576);
#2428=CIRCLE('',#6821,4.94120866697576);
#2429=CIRCLE('',#6823,12.09);
#2430=CIRCLE('',#6824,12.09);
#2431=CIRCLE('',#6826,4.94120866697576);
#2432=CIRCLE('',#6827,4.94120866697576);
#2433=CIRCLE('',#6830,4.94120866697575);
#2434=CIRCLE('',#6831,4.94120866697575);
#2435=CIRCLE('',#6833,12.09);
#2436=CIRCLE('',#6834,12.09);
#2437=CIRCLE('',#6836,4.94120866697575);
#2438=CIRCLE('',#6837,4.94120866697575);
#2439=CIRCLE('',#6840,4.94120866697575);
#2440=CIRCLE('',#6841,4.94120866697575);
#2441=CIRCLE('',#6843,12.09);
#2442=CIRCLE('',#6844,12.09);
#2443=CIRCLE('',#6850,3.);
#2444=CIRCLE('',#6851,3.);
#2445=CIRCLE('',#6853,4.);
#2446=CIRCLE('',#6854,4.);
#2447=CIRCLE('',#6856,3.);
#2448=CIRCLE('',#6857,3.);
#2449=CIRCLE('',#6860,3.);
#2450=CIRCLE('',#6861,3.);
#2451=CIRCLE('',#6863,4.);
#2452=CIRCLE('',#6864,4.);
#2453=CIRCLE('',#6866,3.);
#2454=CIRCLE('',#6867,3.);
#2455=CIRCLE('',#6870,1.5);
#2456=CIRCLE('',#6871,1.5);
#2457=CIRCLE('',#6873,1.5);
#2458=CIRCLE('',#6874,1.5);
#2459=CIRCLE('',#6882,1.75);
#2460=CIRCLE('',#6883,1.75);
#2461=CIRCLE('',#6885,1.75);
#2462=CIRCLE('',#6886,1.75);
#2463=CIRCLE('',#6889,5.);
#2464=CIRCLE('',#6890,5.);
#2465=CIRCLE('',#6904,1.25);
#2466=CIRCLE('',#6905,1.25);
#2467=CIRCLE('',#6907,1.25);
#2468=CIRCLE('',#6908,1.25);
#2469=CIRCLE('',#6910,2.5);
#2470=CIRCLE('',#6911,2.5);
#2471=CIRCLE('',#6914,6.);
#2472=CIRCLE('',#6915,6.);
#2473=CIRCLE('',#6916,6.);
#2474=CIRCLE('',#6918,2.5);
#2475=CIRCLE('',#6919,2.5);
#2476=VERTEX_POINT('',#8820);
#2477=VERTEX_POINT('',#8821);
#2478=VERTEX_POINT('',#8823);
#2479=VERTEX_POINT('',#8825);
#2480=VERTEX_POINT('',#8829);
#2481=VERTEX_POINT('',#8833);
#2482=VERTEX_POINT('',#8840);
#2483=VERTEX_POINT('',#8844);
#2484=VERTEX_POINT('',#8855);
#2485=VERTEX_POINT('',#8857);
#2486=VERTEX_POINT('',#8861);
#2487=VERTEX_POINT('',#8863);
#2488=VERTEX_POINT('',#8867);
#2489=VERTEX_POINT('',#8869);
#2490=VERTEX_POINT('',#8873);
#2491=VERTEX_POINT('',#8877);
#2492=VERTEX_POINT('',#8895);
#2493=VERTEX_POINT('',#8897);
#2494=VERTEX_POINT('',#8901);
#2495=VERTEX_POINT('',#8907);
#2496=VERTEX_POINT('',#8908);
#2497=VERTEX_POINT('',#8910);
#2498=VERTEX_POINT('',#8914);
#2499=VERTEX_POINT('',#8915);
#2500=VERTEX_POINT('',#8920);
#2501=VERTEX_POINT('',#8927);
#2502=VERTEX_POINT('',#8931);
#2503=VERTEX_POINT('',#8947);
#2504=VERTEX_POINT('',#8949);
#2505=VERTEX_POINT('',#8955);
#2506=VERTEX_POINT('',#8962);
#2507=VERTEX_POINT('',#8966);
#2508=VERTEX_POINT('',#8982);
#2509=VERTEX_POINT('',#8983);
#2510=VERTEX_POINT('',#8985);
#2511=VERTEX_POINT('',#8987);
#2512=VERTEX_POINT('',#8991);
#2513=VERTEX_POINT('',#8992);
#2514=VERTEX_POINT('',#8997);
#2515=VERTEX_POINT('',#8998);
#2516=VERTEX_POINT('',#9003);
#2517=VERTEX_POINT('',#9004);
#2518=VERTEX_POINT('',#9009);
#2519=VERTEX_POINT('',#9010);
#2520=VERTEX_POINT('',#9015);
#2521=VERTEX_POINT('',#9016);
#2522=VERTEX_POINT('',#9021);
#2523=VERTEX_POINT('',#9022);
#2524=VERTEX_POINT('',#9030);
#2525=VERTEX_POINT('',#9032);
#2526=VERTEX_POINT('',#9036);
#2527=VERTEX_POINT('',#9040);
#2528=VERTEX_POINT('',#9044);
#2529=VERTEX_POINT('',#9048);
#2530=VERTEX_POINT('',#9050);
#2531=VERTEX_POINT('',#9052);
#2532=VERTEX_POINT('',#9054);
#2533=VERTEX_POINT('',#9057);
#2534=VERTEX_POINT('',#9059);
#2535=VERTEX_POINT('',#9063);
#2536=VERTEX_POINT('',#9067);
#2537=VERTEX_POINT('',#9071);
#2538=VERTEX_POINT('',#9072);
#2539=VERTEX_POINT('',#9077);
#2540=VERTEX_POINT('',#9078);
#2541=VERTEX_POINT('',#9083);
#2542=VERTEX_POINT('',#9084);
#2543=VERTEX_POINT('',#9089);
#2544=VERTEX_POINT('',#9100);
#2545=VERTEX_POINT('',#9102);
#2546=VERTEX_POINT('',#9104);
#2547=VERTEX_POINT('',#9106);
#2548=VERTEX_POINT('',#9108);
#2549=VERTEX_POINT('',#9111);
#2550=VERTEX_POINT('',#9115);
#2551=VERTEX_POINT('',#9125);
#2552=VERTEX_POINT('',#9127);
#2553=VERTEX_POINT('',#9134);
#2554=VERTEX_POINT('',#9136);
#2555=VERTEX_POINT('',#9143);
#2556=VERTEX_POINT('',#9145);
#2557=VERTEX_POINT('',#9152);
#2558=VERTEX_POINT('',#9154);
#2559=VERTEX_POINT('',#9163);
#2560=VERTEX_POINT('',#9165);
#2561=VERTEX_POINT('',#9169);
#2562=VERTEX_POINT('',#9171);
#2563=VERTEX_POINT('',#9175);
#2564=VERTEX_POINT('',#9176);
#2565=VERTEX_POINT('',#9178);
#2566=VERTEX_POINT('',#9180);
#2567=VERTEX_POINT('',#9182);
#2568=VERTEX_POINT('',#9189);
#2569=VERTEX_POINT('',#9190);
#2570=VERTEX_POINT('',#9192);
#2571=VERTEX_POINT('',#9194);
#2572=VERTEX_POINT('',#9199);
#2573=VERTEX_POINT('',#9200);
#2574=VERTEX_POINT('',#9205);
#2575=VERTEX_POINT('',#9206);
#2576=VERTEX_POINT('',#9211);
#2577=VERTEX_POINT('',#9213);
#2578=VERTEX_POINT('',#9217);
#2579=VERTEX_POINT('',#9219);
#2580=VERTEX_POINT('',#9223);
#2581=VERTEX_POINT('',#9224);
#2582=VERTEX_POINT('',#9229);
#2583=VERTEX_POINT('',#9233);
#2584=VERTEX_POINT('',#9239);
#2585=VERTEX_POINT('',#9240);
#2586=VERTEX_POINT('',#9242);
#2587=VERTEX_POINT('',#9244);
#2588=VERTEX_POINT('',#9248);
#2589=VERTEX_POINT('',#9250);
#2590=VERTEX_POINT('',#9252);
#2591=VERTEX_POINT('',#9254);
#2592=VERTEX_POINT('',#9258);
#2593=VERTEX_POINT('',#9260);
#2594=VERTEX_POINT('',#9266);
#2595=VERTEX_POINT('',#9268);
#2596=VERTEX_POINT('',#9273);
#2597=VERTEX_POINT('',#9274);
#2598=VERTEX_POINT('',#9277);
#2599=VERTEX_POINT('',#9279);
#2600=VERTEX_POINT('',#9284);
#2601=VERTEX_POINT('',#9288);
#2602=VERTEX_POINT('',#9292);
#2603=VERTEX_POINT('',#9293);
#2604=VERTEX_POINT('',#9295);
#2605=VERTEX_POINT('',#9302);
#2606=VERTEX_POINT('',#9303);
#2607=VERTEX_POINT('',#9305);
#2608=VERTEX_POINT('',#9307);
#2609=VERTEX_POINT('',#9312);
#2610=VERTEX_POINT('',#9313);
#2611=VERTEX_POINT('',#9318);
#2612=VERTEX_POINT('',#9319);
#2613=VERTEX_POINT('',#9324);
#2614=VERTEX_POINT('',#9326);
#2615=VERTEX_POINT('',#9330);
#2616=VERTEX_POINT('',#9332);
#2617=VERTEX_POINT('',#9336);
#2618=VERTEX_POINT('',#9337);
#2619=VERTEX_POINT('',#9342);
#2620=VERTEX_POINT('',#9346);
#2621=VERTEX_POINT('',#9354);
#2622=VERTEX_POINT('',#9356);
#2623=VERTEX_POINT('',#9361);
#2624=VERTEX_POINT('',#9363);
#2625=VERTEX_POINT('',#9368);
#2626=VERTEX_POINT('',#9369);
#2627=VERTEX_POINT('',#9371);
#2628=VERTEX_POINT('',#9373);
#2629=VERTEX_POINT('',#9426);
#2630=VERTEX_POINT('',#9452);
#2631=VERTEX_POINT('',#9480);
#2632=VERTEX_POINT('',#9482);
#2633=VERTEX_POINT('',#9590);
#2634=VERTEX_POINT('',#9592);
#2635=VERTEX_POINT('',#9596);
#2636=VERTEX_POINT('',#9598);
#2637=VERTEX_POINT('',#9602);
#2638=VERTEX_POINT('',#9603);
#2639=VERTEX_POINT('',#9605);
#2640=VERTEX_POINT('',#9607);
#2641=VERTEX_POINT('',#9611);
#2642=VERTEX_POINT('',#9613);
#2643=VERTEX_POINT('',#9617);
#2644=VERTEX_POINT('',#9618);
#2645=VERTEX_POINT('',#9623);
#2646=VERTEX_POINT('',#9625);
#2647=VERTEX_POINT('',#9629);
#2648=VERTEX_POINT('',#9631);
#2649=VERTEX_POINT('',#9635);
#2650=VERTEX_POINT('',#9637);
#2651=VERTEX_POINT('',#9642);
#2652=VERTEX_POINT('',#9647);
#2653=VERTEX_POINT('',#9654);
#2654=VERTEX_POINT('',#9661);
#2655=VERTEX_POINT('',#9668);
#2656=VERTEX_POINT('',#9675);
#2657=VERTEX_POINT('',#9681);
#2658=VERTEX_POINT('',#9689);
#2659=VERTEX_POINT('',#9690);
#2660=VERTEX_POINT('',#9692);
#2661=VERTEX_POINT('',#9694);
#2662=VERTEX_POINT('',#9696);
#2663=VERTEX_POINT('',#9700);
#2664=VERTEX_POINT('',#9702);
#2665=VERTEX_POINT('',#9706);
#2666=VERTEX_POINT('',#9708);
#2667=VERTEX_POINT('',#9716);
#2668=VERTEX_POINT('',#9718);
#2669=VERTEX_POINT('',#9720);
#2670=VERTEX_POINT('',#9722);
#2671=VERTEX_POINT('',#9725);
#2672=VERTEX_POINT('',#9726);
#2673=VERTEX_POINT('',#9731);
#2674=VERTEX_POINT('',#9732);
#2675=VERTEX_POINT('',#9739);
#2676=VERTEX_POINT('',#9752);
#2677=VERTEX_POINT('',#9756);
#2678=VERTEX_POINT('',#9760);
#2679=VERTEX_POINT('',#9764);
#2680=VERTEX_POINT('',#9768);
#2681=VERTEX_POINT('',#9781);
#2682=VERTEX_POINT('',#9783);
#2683=VERTEX_POINT('',#9785);
#2684=VERTEX_POINT('',#9787);
#2685=VERTEX_POINT('',#9799);
#2686=VERTEX_POINT('',#9803);
#2687=VERTEX_POINT('',#9805);
#2688=VERTEX_POINT('',#9807);
#2689=VERTEX_POINT('',#9809);
#2690=VERTEX_POINT('',#9811);
#2691=VERTEX_POINT('',#9813);
#2692=VERTEX_POINT('',#9815);
#2693=VERTEX_POINT('',#9817);
#2694=VERTEX_POINT('',#9819);
#2695=VERTEX_POINT('',#9821);
#2696=VERTEX_POINT('',#9823);
#2697=VERTEX_POINT('',#9825);
#2698=VERTEX_POINT('',#9827);
#2699=VERTEX_POINT('',#9830);
#2700=VERTEX_POINT('',#9832);
#2701=VERTEX_POINT('',#9834);
#2702=VERTEX_POINT('',#9836);
#2703=VERTEX_POINT('',#9837);
#2704=VERTEX_POINT('',#9839);
#2705=VERTEX_POINT('',#9841);
#2706=VERTEX_POINT('',#9845);
#2707=VERTEX_POINT('',#9849);
#2708=VERTEX_POINT('',#9856);
#2709=VERTEX_POINT('',#9861);
#2710=VERTEX_POINT('',#9894);
#2711=VERTEX_POINT('',#9896);
#2712=VERTEX_POINT('',#9900);
#2713=VERTEX_POINT('',#9935);
#2714=VERTEX_POINT('',#9939);
#2715=VERTEX_POINT('',#9941);
#2716=VERTEX_POINT('',#9945);
#2717=VERTEX_POINT('',#9947);
#2718=VERTEX_POINT('',#9951);
#2719=VERTEX_POINT('',#9953);
#2720=VERTEX_POINT('',#9962);
#2721=VERTEX_POINT('',#9964);
#2722=VERTEX_POINT('',#9966);
#2723=VERTEX_POINT('',#9968);
#2724=VERTEX_POINT('',#9970);
#2725=VERTEX_POINT('',#9972);
#2726=VERTEX_POINT('',#9974);
#2727=VERTEX_POINT('',#9976);
#2728=VERTEX_POINT('',#9978);
#2729=VERTEX_POINT('',#9980);
#2730=VERTEX_POINT('',#9982);
#2731=VERTEX_POINT('',#9984);
#2732=VERTEX_POINT('',#10000);
#2733=VERTEX_POINT('',#10002);
#2734=VERTEX_POINT('',#10004);
#2735=VERTEX_POINT('',#10006);
#2736=VERTEX_POINT('',#10007);
#2737=VERTEX_POINT('',#10010);
#2738=VERTEX_POINT('',#10012);
#2739=VERTEX_POINT('',#10015);
#2740=VERTEX_POINT('',#10019);
#2741=VERTEX_POINT('',#10021);
#2742=VERTEX_POINT('',#10025);
#2743=VERTEX_POINT('',#10034);
#2744=VERTEX_POINT('',#10038);
#2745=VERTEX_POINT('',#10040);
#2746=VERTEX_POINT('',#10044);
#2747=VERTEX_POINT('',#10053);
#2748=VERTEX_POINT('',#10057);
#2749=VERTEX_POINT('',#10059);
#2750=VERTEX_POINT('',#10063);
#2751=VERTEX_POINT('',#10072);
#2752=VERTEX_POINT('',#10076);
#2753=VERTEX_POINT('',#10078);
#2754=VERTEX_POINT('',#10082);
#2755=VERTEX_POINT('',#10092);
#2756=VERTEX_POINT('',#10094);
#2757=VERTEX_POINT('',#10098);
#2758=VERTEX_POINT('',#10100);
#2759=VERTEX_POINT('',#10107);
#2760=VERTEX_POINT('',#10111);
#2761=VERTEX_POINT('',#10199);
#2762=VERTEX_POINT('',#10231);
#2763=VERTEX_POINT('',#10257);
#2764=VERTEX_POINT('',#10290);
#2765=VERTEX_POINT('',#10328);
#2766=VERTEX_POINT('',#10354);
#2767=VERTEX_POINT('',#10395);
#2768=VERTEX_POINT('',#10438);
#2769=VERTEX_POINT('',#10568);
#2770=VERTEX_POINT('',#10572);
#2771=VERTEX_POINT('',#10576);
#2772=VERTEX_POINT('',#10577);
#2773=VERTEX_POINT('',#10579);
#2774=VERTEX_POINT('',#10581);
#2775=VERTEX_POINT('',#10585);
#2776=VERTEX_POINT('',#10587);
#2777=VERTEX_POINT('',#10594);
#2778=VERTEX_POINT('',#10596);
#2779=VERTEX_POINT('',#10600);
#2780=VERTEX_POINT('',#10601);
#2781=VERTEX_POINT('',#10603);
#2782=VERTEX_POINT('',#10605);
#2783=VERTEX_POINT('',#10607);
#2784=VERTEX_POINT('',#10618);
#2785=VERTEX_POINT('',#10621);
#2786=VERTEX_POINT('',#10635);
#2787=VERTEX_POINT('',#10637);
#2788=VERTEX_POINT('',#10642);
#2789=VERTEX_POINT('',#10643);
#2790=VERTEX_POINT('',#10645);
#2791=VERTEX_POINT('',#10647);
#2792=VERTEX_POINT('',#10651);
#2793=VERTEX_POINT('',#10653);
#2794=VERTEX_POINT('',#10657);
#2795=VERTEX_POINT('',#10659);
#2796=VERTEX_POINT('',#10663);
#2797=VERTEX_POINT('',#10665);
#2798=VERTEX_POINT('',#10667);
#2799=VERTEX_POINT('',#10673);
#2800=VERTEX_POINT('',#10675);
#2801=VERTEX_POINT('',#10679);
#2802=VERTEX_POINT('',#10683);
#2803=VERTEX_POINT('',#10687);
#2804=VERTEX_POINT('',#10688);
#2805=VERTEX_POINT('',#10690);
#2806=VERTEX_POINT('',#10692);
#2807=VERTEX_POINT('',#10696);
#2808=VERTEX_POINT('',#10698);
#2809=VERTEX_POINT('',#10702);
#2810=VERTEX_POINT('',#10704);
#2811=VERTEX_POINT('',#10708);
#2812=VERTEX_POINT('',#10710);
#2813=VERTEX_POINT('',#10712);
#2814=VERTEX_POINT('',#10714);
#2815=VERTEX_POINT('',#10718);
#2816=VERTEX_POINT('',#10722);
#2817=VERTEX_POINT('',#10723);
#2818=VERTEX_POINT('',#10725);
#2819=VERTEX_POINT('',#10727);
#2820=VERTEX_POINT('',#10731);
#2821=VERTEX_POINT('',#10733);
#2822=VERTEX_POINT('',#10737);
#2823=VERTEX_POINT('',#10739);
#2824=VERTEX_POINT('',#10743);
#2825=VERTEX_POINT('',#10745);
#2826=VERTEX_POINT('',#10747);
#2827=VERTEX_POINT('',#10749);
#2828=VERTEX_POINT('',#10753);
#2829=VERTEX_POINT('',#10757);
#2830=VERTEX_POINT('',#10761);
#2831=VERTEX_POINT('',#10763);
#2832=VERTEX_POINT('',#10767);
#2833=VERTEX_POINT('',#10769);
#2834=VERTEX_POINT('',#10776);
#2835=VERTEX_POINT('',#10778);
#2836=VERTEX_POINT('',#10780);
#2837=VERTEX_POINT('',#10786);
#2838=VERTEX_POINT('',#10788);
#2839=VERTEX_POINT('',#10801);
#2840=VERTEX_POINT('',#10803);
#2841=VERTEX_POINT('',#10807);
#2842=VERTEX_POINT('',#10809);
#2843=VERTEX_POINT('',#10813);
#2844=VERTEX_POINT('',#10815);
#2845=VERTEX_POINT('',#10819);
#2846=VERTEX_POINT('',#10821);
#2847=VERTEX_POINT('',#10825);
#2848=VERTEX_POINT('',#10826);
#2849=VERTEX_POINT('',#10828);
#2850=VERTEX_POINT('',#10830);
#2851=VERTEX_POINT('',#10834);
#2852=VERTEX_POINT('',#10836);
#2853=VERTEX_POINT('',#10840);
#2854=VERTEX_POINT('',#10842);
#2855=VERTEX_POINT('',#10846);
#2856=VERTEX_POINT('',#10848);
#2857=VERTEX_POINT('',#10852);
#2858=VERTEX_POINT('',#10854);
#2859=VERTEX_POINT('',#10858);
#2860=VERTEX_POINT('',#10860);
#2861=VERTEX_POINT('',#10864);
#2862=VERTEX_POINT('',#10866);
#2863=VERTEX_POINT('',#10870);
#2864=VERTEX_POINT('',#10872);
#2865=VERTEX_POINT('',#10876);
#2866=VERTEX_POINT('',#10878);
#2867=VERTEX_POINT('',#10882);
#2868=VERTEX_POINT('',#10884);
#2869=VERTEX_POINT('',#10888);
#2870=VERTEX_POINT('',#10890);
#2871=VERTEX_POINT('',#10894);
#2872=VERTEX_POINT('',#10896);
#2873=VERTEX_POINT('',#10900);
#2874=VERTEX_POINT('',#10902);
#2875=VERTEX_POINT('',#10906);
#2876=VERTEX_POINT('',#10908);
#2877=VERTEX_POINT('',#10912);
#2878=VERTEX_POINT('',#10914);
#2879=VERTEX_POINT('',#10918);
#2880=VERTEX_POINT('',#10920);
#2881=VERTEX_POINT('',#10924);
#2882=VERTEX_POINT('',#10926);
#2883=VERTEX_POINT('',#10930);
#2884=VERTEX_POINT('',#10932);
#2885=VERTEX_POINT('',#10936);
#2886=VERTEX_POINT('',#10938);
#2887=VERTEX_POINT('',#10942);
#2888=VERTEX_POINT('',#10944);
#2889=VERTEX_POINT('',#10948);
#2890=VERTEX_POINT('',#10950);
#2891=VERTEX_POINT('',#10954);
#2892=VERTEX_POINT('',#10956);
#2893=VERTEX_POINT('',#10960);
#2894=VERTEX_POINT('',#10962);
#2895=VERTEX_POINT('',#10966);
#2896=VERTEX_POINT('',#10968);
#2897=VERTEX_POINT('',#10972);
#2898=VERTEX_POINT('',#10974);
#2899=VERTEX_POINT('',#10978);
#2900=VERTEX_POINT('',#10980);
#2901=VERTEX_POINT('',#10984);
#2902=VERTEX_POINT('',#10986);
#2903=VERTEX_POINT('',#10990);
#2904=VERTEX_POINT('',#10992);
#2905=VERTEX_POINT('',#10996);
#2906=VERTEX_POINT('',#10998);
#2907=VERTEX_POINT('',#11002);
#2908=VERTEX_POINT('',#11004);
#2909=VERTEX_POINT('',#11008);
#2910=VERTEX_POINT('',#11010);
#2911=VERTEX_POINT('',#11014);
#2912=VERTEX_POINT('',#11016);
#2913=VERTEX_POINT('',#11020);
#2914=VERTEX_POINT('',#11022);
#2915=VERTEX_POINT('',#11026);
#2916=VERTEX_POINT('',#11028);
#2917=VERTEX_POINT('',#11032);
#2918=VERTEX_POINT('',#11034);
#2919=VERTEX_POINT('',#11038);
#2920=VERTEX_POINT('',#11040);
#2921=VERTEX_POINT('',#11044);
#2922=VERTEX_POINT('',#11046);
#2923=VERTEX_POINT('',#11050);
#2924=VERTEX_POINT('',#11052);
#2925=VERTEX_POINT('',#11056);
#2926=VERTEX_POINT('',#11058);
#2927=VERTEX_POINT('',#11062);
#2928=VERTEX_POINT('',#11064);
#2929=VERTEX_POINT('',#11068);
#2930=VERTEX_POINT('',#11070);
#2931=VERTEX_POINT('',#11074);
#2932=VERTEX_POINT('',#11076);
#2933=VERTEX_POINT('',#11080);
#2934=VERTEX_POINT('',#11082);
#2935=VERTEX_POINT('',#11086);
#2936=VERTEX_POINT('',#11088);
#2937=VERTEX_POINT('',#11092);
#2938=VERTEX_POINT('',#11094);
#2939=VERTEX_POINT('',#11098);
#2940=VERTEX_POINT('',#11100);
#2941=VERTEX_POINT('',#11104);
#2942=VERTEX_POINT('',#11106);
#2943=VERTEX_POINT('',#11110);
#2944=VERTEX_POINT('',#11112);
#2945=VERTEX_POINT('',#11116);
#2946=VERTEX_POINT('',#11118);
#2947=VERTEX_POINT('',#11122);
#2948=VERTEX_POINT('',#11124);
#2949=VERTEX_POINT('',#11128);
#2950=VERTEX_POINT('',#11130);
#2951=VERTEX_POINT('',#11140);
#2952=VERTEX_POINT('',#11141);
#2953=VERTEX_POINT('',#11143);
#2954=VERTEX_POINT('',#11145);
#2955=VERTEX_POINT('',#11149);
#2956=VERTEX_POINT('',#11151);
#2957=VERTEX_POINT('',#11155);
#2958=VERTEX_POINT('',#11156);
#2959=VERTEX_POINT('',#11158);
#2960=VERTEX_POINT('',#11160);
#2961=VERTEX_POINT('',#11167);
#2962=VERTEX_POINT('',#11168);
#2963=VERTEX_POINT('',#11170);
#2964=VERTEX_POINT('',#11172);
#2965=VERTEX_POINT('',#11179);
#2966=VERTEX_POINT('',#11181);
#2967=VERTEX_POINT('',#11188);
#2968=VERTEX_POINT('',#11190);
#2969=VERTEX_POINT('',#11194);
#2970=VERTEX_POINT('',#11196);
#2971=VERTEX_POINT('',#11232);
#2972=VERTEX_POINT('',#11233);
#2973=VERTEX_POINT('',#11298);
#2974=VERTEX_POINT('',#11300);
#2975=VERTEX_POINT('',#11318);
#2976=VERTEX_POINT('',#11319);
#2977=VERTEX_POINT('',#11321);
#2978=VERTEX_POINT('',#11323);
#2979=VERTEX_POINT('',#11366);
#2980=VERTEX_POINT('',#11455);
#2981=VERTEX_POINT('',#11478);
#2982=VERTEX_POINT('',#11480);
#2983=VERTEX_POINT('',#11487);
#2984=VERTEX_POINT('',#11489);
#2985=VERTEX_POINT('',#11493);
#2986=VERTEX_POINT('',#11495);
#2987=VERTEX_POINT('',#11499);
#2988=VERTEX_POINT('',#11501);
#2989=VERTEX_POINT('',#11505);
#2990=VERTEX_POINT('',#11507);
#2991=VERTEX_POINT('',#11525);
#2992=VERTEX_POINT('',#11527);
#2993=VERTEX_POINT('',#11531);
#2994=VERTEX_POINT('',#11533);
#2995=VERTEX_POINT('',#11537);
#2996=VERTEX_POINT('',#11539);
#2997=VERTEX_POINT('',#11544);
#2998=VERTEX_POINT('',#11545);
#2999=VERTEX_POINT('',#11547);
#3000=VERTEX_POINT('',#11549);
#3001=VERTEX_POINT('',#11551);
#3002=VERTEX_POINT('',#11559);
#3003=VERTEX_POINT('',#11561);
#3004=VERTEX_POINT('',#11563);
#3005=VERTEX_POINT('',#11565);
#3006=VERTEX_POINT('',#11569);
#3007=VERTEX_POINT('',#11570);
#3008=VERTEX_POINT('',#11572);
#3009=VERTEX_POINT('',#11574);
#3010=VERTEX_POINT('',#11578);
#3011=VERTEX_POINT('',#11580);
#3012=VERTEX_POINT('',#11584);
#3013=VERTEX_POINT('',#11586);
#3014=VERTEX_POINT('',#11590);
#3015=VERTEX_POINT('',#11592);
#3016=VERTEX_POINT('',#11596);
#3017=VERTEX_POINT('',#11597);
#3018=VERTEX_POINT('',#11599);
#3019=VERTEX_POINT('',#11601);
#3020=VERTEX_POINT('',#11605);
#3021=VERTEX_POINT('',#11607);
#3022=VERTEX_POINT('',#11611);
#3023=VERTEX_POINT('',#11613);
#3024=VERTEX_POINT('',#11620);
#3025=VERTEX_POINT('',#11622);
#3026=EDGE_CURVE('',#2476,#2477,#2141,.T.);
#3027=EDGE_CURVE('',#2477,#2478,#1177,.T.);
#3028=EDGE_CURVE('',#2478,#2479,#2142,.T.);
#3029=EDGE_CURVE('',#2479,#2476,#1178,.T.);
#3030=EDGE_CURVE('',#2478,#2480,#2143,.T.);
#3031=EDGE_CURVE('',#2480,#2479,#2144,.T.);
#3032=EDGE_CURVE('',#2481,#2477,#373,.F.);
#3033=EDGE_CURVE('',#2476,#2482,#1179,.T.);
#3034=EDGE_CURVE('',#2482,#2481,#2145,.T.);
#3035=EDGE_CURVE('',#2483,#2481,#374,.F.);
#3036=EDGE_CURVE('',#2482,#2483,#2146,.T.);
#3037=EDGE_CURVE('',#2482,#2484,#1180,.T.);
#3038=EDGE_CURVE('',#2485,#2484,#2147,.T.);
#3039=EDGE_CURVE('',#2485,#2483,#1181,.T.);
#3040=EDGE_CURVE('',#2486,#2479,#1182,.T.);
#3041=EDGE_CURVE('',#2487,#2486,#1183,.T.);
#3042=EDGE_CURVE('',#2484,#2487,#1184,.T.);
#3043=EDGE_CURVE('',#2488,#2486,#2148,.T.);
#3044=EDGE_CURVE('',#2486,#2489,#2149,.T.);
#3045=EDGE_CURVE('',#2489,#2488,#2150,.T.);
#3046=EDGE_CURVE('',#2490,#2487,#2151,.T.);
#3047=EDGE_CURVE('',#2488,#2490,#1185,.T.);
#3048=EDGE_CURVE('',#2491,#2490,#375,.T.);
#3049=EDGE_CURVE('',#2491,#2484,#2152,.T.);
#3050=EDGE_CURVE('',#2485,#2491,#376,.T.);
#3051=EDGE_CURVE('',#2492,#2488,#1186,.T.);
#3052=EDGE_CURVE('',#2493,#2492,#1187,.T.);
#3053=EDGE_CURVE('',#2490,#2493,#2153,.T.);
#3054=EDGE_CURVE('',#2489,#2494,#1188,.T.);
#3055=EDGE_CURVE('',#2492,#2494,#2154,.T.);
#3056=EDGE_CURVE('',#2480,#2489,#1189,.T.);
#3057=EDGE_CURVE('',#2495,#2496,#2155,.T.);
#3058=EDGE_CURVE('',#2496,#2497,#2156,.T.);
#3059=EDGE_CURVE('',#2497,#2495,#2157,.T.);
#3060=EDGE_CURVE('',#2498,#2499,#2158,.T.);
#3061=EDGE_CURVE('',#2499,#2496,#1190,.T.);
#3062=EDGE_CURVE('',#2495,#2498,#1191,.T.);
#3063=EDGE_CURVE('',#2500,#2498,#377,.T.);
#3064=EDGE_CURVE('',#2500,#2501,#2159,.T.);
#3065=EDGE_CURVE('',#2501,#2499,#1192,.T.);
#3066=EDGE_CURVE('',#2502,#2500,#378,.T.);
#3067=EDGE_CURVE('',#2502,#2501,#2160,.T.);
#3068=EDGE_CURVE('',#2498,#2477,#2161,.T.);
#3069=EDGE_CURVE('',#2478,#2495,#1193,.T.);
#3070=EDGE_CURVE('',#2497,#2480,#1194,.T.);
#3071=EDGE_CURVE('',#2503,#2493,#2162,.T.);
#3072=EDGE_CURVE('',#2492,#2504,#2163,.T.);
#3073=EDGE_CURVE('',#2504,#2503,#1195,.T.);
#3074=EDGE_CURVE('',#2494,#2504,#2164,.T.);
#3075=EDGE_CURVE('',#2505,#2493,#379,.F.);
#3076=EDGE_CURVE('',#2503,#2506,#1196,.T.);
#3077=EDGE_CURVE('',#2506,#2505,#2165,.T.);
#3078=EDGE_CURVE('',#2507,#2505,#380,.F.);
#3079=EDGE_CURVE('',#2506,#2507,#2166,.T.);
#3080=EDGE_CURVE('',#2502,#2507,#1197,.T.);
#3081=EDGE_CURVE('',#2506,#2501,#1198,.T.);
#3082=EDGE_CURVE('',#2496,#2504,#1199,.T.);
#3083=EDGE_CURVE('',#2508,#2509,#2167,.T.);
#3084=EDGE_CURVE('',#2509,#2510,#1200,.T.);
#3085=EDGE_CURVE('',#2510,#2511,#2168,.T.);
#3086=EDGE_CURVE('',#2511,#2508,#1201,.T.);
#3087=EDGE_CURVE('',#2512,#2513,#2169,.T.);
#3088=EDGE_CURVE('',#2513,#2511,#2170,.T.);
#3089=EDGE_CURVE('',#2510,#2512,#2171,.T.);
#3090=EDGE_CURVE('',#2514,#2515,#2172,.T.);
#3091=EDGE_CURVE('',#2515,#2513,#1202,.T.);
#3092=EDGE_CURVE('',#2512,#2514,#1203,.T.);
#3093=EDGE_CURVE('',#2516,#2517,#2173,.T.);
#3094=EDGE_CURVE('',#2517,#2515,#2174,.T.);
#3095=EDGE_CURVE('',#2514,#2516,#2175,.T.);
#3096=EDGE_CURVE('',#2518,#2519,#2176,.T.);
#3097=EDGE_CURVE('',#2519,#2517,#1204,.T.);
#3098=EDGE_CURVE('',#2516,#2518,#1205,.T.);
#3099=EDGE_CURVE('',#2520,#2521,#2177,.T.);
#3100=EDGE_CURVE('',#2521,#2519,#2178,.T.);
#3101=EDGE_CURVE('',#2518,#2520,#2179,.T.);
#3102=EDGE_CURVE('',#2522,#2523,#2180,.T.);
#3103=EDGE_CURVE('',#2523,#2521,#1206,.T.);
#3104=EDGE_CURVE('',#2520,#2522,#1207,.T.);
#3105=EDGE_CURVE('',#2508,#2523,#2181,.T.);
#3106=EDGE_CURVE('',#2522,#2509,#2182,.T.);
#3107=EDGE_CURVE('',#2521,#2524,#1208,.T.);
#3108=EDGE_CURVE('',#2525,#2524,#2183,.T.);
#3109=EDGE_CURVE('',#2525,#2519,#1209,.T.);
#3110=EDGE_CURVE('',#2526,#2523,#1210,.T.);
#3111=EDGE_CURVE('',#2524,#2526,#1211,.T.);
#3112=EDGE_CURVE('',#2508,#2527,#1212,.T.);
#3113=EDGE_CURVE('',#2526,#2527,#2184,.T.);
#3114=EDGE_CURVE('',#2528,#2511,#1213,.T.);
#3115=EDGE_CURVE('',#2527,#2528,#1214,.T.);
#3116=EDGE_CURVE('',#2529,#2529,#2185,.T.);
#3117=EDGE_CURVE('',#2530,#2530,#2186,.T.);
#3118=EDGE_CURVE('',#2531,#2531,#2187,.T.);
#3119=EDGE_CURVE('',#2532,#2532,#2188,.T.);
#3120=EDGE_CURVE('',#2527,#2533,#2189,.T.);
#3121=EDGE_CURVE('',#2533,#2534,#2190,.T.);
#3122=EDGE_CURVE('',#2534,#2526,#2191,.T.);
#3123=EDGE_CURVE('',#2535,#2524,#2192,.T.);
#3124=EDGE_CURVE('',#2534,#2535,#1215,.T.);
#3125=EDGE_CURVE('',#2536,#2525,#2193,.T.);
#3126=EDGE_CURVE('',#2535,#2536,#2194,.T.);
#3127=EDGE_CURVE('',#2537,#2538,#2195,.T.);
#3128=EDGE_CURVE('',#2538,#2525,#1216,.T.);
#3129=EDGE_CURVE('',#2536,#2537,#1217,.T.);
#3130=EDGE_CURVE('',#2539,#2540,#2196,.T.);
#3131=EDGE_CURVE('',#2540,#2538,#2197,.T.);
#3132=EDGE_CURVE('',#2537,#2539,#2198,.T.);
#3133=EDGE_CURVE('',#2541,#2542,#2199,.T.);
#3134=EDGE_CURVE('',#2542,#2540,#1218,.T.);
#3135=EDGE_CURVE('',#2539,#2541,#1219,.T.);
#3136=EDGE_CURVE('',#2543,#2528,#2200,.T.);
#3137=EDGE_CURVE('',#2528,#2542,#2201,.T.);
#3138=EDGE_CURVE('',#2541,#2543,#2202,.T.);
#3139=EDGE_CURVE('',#2543,#2533,#1220,.T.);
#3140=EDGE_CURVE('',#2540,#2515,#1221,.T.);
#3141=EDGE_CURVE('',#2513,#2542,#1222,.T.);
#3142=EDGE_CURVE('',#2544,#2544,#2203,.T.);
#3143=EDGE_CURVE('',#2545,#2545,#2204,.T.);
#3144=EDGE_CURVE('',#2546,#2546,#2205,.T.);
#3145=EDGE_CURVE('',#2547,#2547,#2206,.T.);
#3146=EDGE_CURVE('',#2548,#2548,#2207,.T.);
#3147=EDGE_CURVE('',#2549,#2549,#2208,.T.);
#3148=EDGE_CURVE('',#2549,#2544,#2209,.T.);
#3149=EDGE_CURVE('',#2550,#2550,#2210,.T.);
#3150=EDGE_CURVE('',#2550,#2549,#1223,.T.);
#3151=EDGE_CURVE('',#2494,#2497,#1224,.T.);
#3152=EDGE_CURVE('',#2517,#2538,#1225,.T.);
#3153=EDGE_CURVE('',#2551,#2551,#2211,.T.);
#3154=EDGE_CURVE('',#2552,#2552,#2212,.T.);
#3155=EDGE_CURVE('',#2548,#2551,#1226,.T.);
#3156=EDGE_CURVE('',#2552,#2532,#1227,.T.);
#3157=EDGE_CURVE('',#2553,#2553,#2213,.T.);
#3158=EDGE_CURVE('',#2554,#2554,#2214,.T.);
#3159=EDGE_CURVE('',#2547,#2553,#1228,.T.);
#3160=EDGE_CURVE('',#2554,#2531,#1229,.T.);
#3161=EDGE_CURVE('',#2555,#2555,#2215,.T.);
#3162=EDGE_CURVE('',#2556,#2556,#2216,.T.);
#3163=EDGE_CURVE('',#2546,#2555,#1230,.T.);
#3164=EDGE_CURVE('',#2556,#2530,#1231,.T.);
#3165=EDGE_CURVE('',#2557,#2557,#2217,.T.);
#3166=EDGE_CURVE('',#2558,#2558,#2218,.T.);
#3167=EDGE_CURVE('',#2545,#2557,#1232,.T.);
#3168=EDGE_CURVE('',#2558,#2529,#1233,.T.);
#3169=EDGE_CURVE('',#2559,#2559,#2219,.F.);
#3170=EDGE_CURVE('',#2559,#2560,#1234,.T.);
#3171=EDGE_CURVE('',#2560,#2560,#2220,.F.);
#3172=EDGE_CURVE('',#2561,#2561,#2221,.F.);
#3173=EDGE_CURVE('',#2561,#2562,#1235,.T.);
#3174=EDGE_CURVE('',#2562,#2562,#2222,.F.);
#3175=EDGE_CURVE('',#2563,#2564,#2223,.T.);
#3176=EDGE_CURVE('',#2565,#2563,#2224,.T.);
#3177=EDGE_CURVE('',#2565,#2566,#1236,.T.);
#3178=EDGE_CURVE('',#2567,#2566,#2225,.T.);
#3179=EDGE_CURVE('',#2564,#2567,#1237,.T.);
#3180=EDGE_CURVE('',#2564,#2565,#2226,.T.);
#3181=EDGE_CURVE('',#2566,#2567,#2227,.T.);
#3182=EDGE_CURVE('',#2568,#2569,#1238,.T.);
#3183=EDGE_CURVE('',#2570,#2568,#1239,.T.);
#3184=EDGE_CURVE('',#2571,#2570,#1240,.T.);
#3185=EDGE_CURVE('',#2563,#2571,#1241,.T.);
#3186=EDGE_CURVE('',#2569,#2563,#1242,.T.);
#3187=EDGE_CURVE('',#2572,#2573,#1243,.T.);
#3188=EDGE_CURVE('',#2572,#2570,#1244,.T.);
#3189=EDGE_CURVE('',#2573,#2568,#1245,.T.);
#3190=EDGE_CURVE('',#2574,#2575,#1246,.T.);
#3191=EDGE_CURVE('',#2574,#2569,#1247,.T.);
#3192=EDGE_CURVE('',#2575,#2571,#1248,.T.);
#3193=EDGE_CURVE('',#2576,#2573,#1249,.T.);
#3194=EDGE_CURVE('',#2577,#2576,#1250,.T.);
#3195=EDGE_CURVE('',#2572,#2577,#1251,.T.);
#3196=EDGE_CURVE('',#2578,#2575,#1252,.T.);
#3197=EDGE_CURVE('',#2579,#2578,#1253,.T.);
#3198=EDGE_CURVE('',#2574,#2579,#1254,.T.);
#3199=EDGE_CURVE('',#2580,#2581,#1255,.T.);
#3200=EDGE_CURVE('',#2580,#2576,#1256,.T.);
#3201=EDGE_CURVE('',#2581,#2579,#1257,.T.);
#3202=EDGE_CURVE('',#2582,#2580,#1258,.T.);
#3203=EDGE_CURVE('',#2582,#2577,#1259,.T.);
#3204=EDGE_CURVE('',#2583,#2582,#1260,.T.);
#3205=EDGE_CURVE('',#2583,#2578,#1261,.T.);
#3206=EDGE_CURVE('',#2581,#2583,#1262,.T.);
#3207=EDGE_CURVE('',#2584,#2585,#1263,.T.);
#3208=EDGE_CURVE('',#2586,#2584,#1264,.T.);
#3209=EDGE_CURVE('',#2587,#2586,#1265,.T.);
#3210=EDGE_CURVE('',#2585,#2587,#1266,.T.);
#3211=EDGE_CURVE('',#2588,#2584,#1267,.T.);
#3212=EDGE_CURVE('',#2589,#2588,#1268,.T.);
#3213=EDGE_CURVE('',#2589,#2590,#1269,.T.);
#3214=EDGE_CURVE('',#2590,#2591,#1270,.T.);
#3215=EDGE_CURVE('',#2591,#2586,#2228,.T.);
#3216=EDGE_CURVE('',#2590,#2592,#1271,.T.);
#3217=EDGE_CURVE('',#2593,#2592,#1272,.T.);
#3218=EDGE_CURVE('',#2591,#2593,#1273,.T.);
#3219=EDGE_CURVE('',#2587,#2593,#2229,.T.);
#3220=EDGE_CURVE('',#2585,#2594,#1274,.T.);
#3221=EDGE_CURVE('',#2592,#2595,#1275,.T.);
#3222=EDGE_CURVE('',#2594,#2595,#1276,.T.);
#3223=EDGE_CURVE('',#2595,#2589,#2230,.T.);
#3224=EDGE_CURVE('',#2596,#2597,#2231,.T.);
#3225=EDGE_CURVE('',#2597,#2596,#2232,.T.);
#3226=EDGE_CURVE('',#2598,#2598,#2233,.F.);
#3227=EDGE_CURVE('',#2599,#2599,#2234,.F.);
#3228=EDGE_CURVE('',#2594,#2588,#2235,.T.);
#3229=EDGE_CURVE('',#2600,#2600,#2236,.F.);
#3230=EDGE_CURVE('',#2600,#2599,#1277,.T.);
#3231=EDGE_CURVE('',#2601,#2601,#2237,.F.);
#3232=EDGE_CURVE('',#2601,#2598,#1278,.T.);
#3233=EDGE_CURVE('',#2602,#2603,#2238,.T.);
#3234=EDGE_CURVE('',#2604,#2602,#2239,.T.);
#3235=EDGE_CURVE('',#2604,#2597,#1279,.T.);
#3236=EDGE_CURVE('',#2603,#2596,#1280,.T.);
#3237=EDGE_CURVE('',#2603,#2604,#2240,.T.);
#3238=EDGE_CURVE('',#2605,#2606,#1281,.T.);
#3239=EDGE_CURVE('',#2607,#2605,#1282,.T.);
#3240=EDGE_CURVE('',#2608,#2607,#1283,.T.);
#3241=EDGE_CURVE('',#2602,#2608,#1284,.T.);
#3242=EDGE_CURVE('',#2606,#2602,#1285,.T.);
#3243=EDGE_CURVE('',#2609,#2610,#1286,.T.);
#3244=EDGE_CURVE('',#2609,#2607,#1287,.T.);
#3245=EDGE_CURVE('',#2610,#2605,#1288,.T.);
#3246=EDGE_CURVE('',#2611,#2612,#1289,.T.);
#3247=EDGE_CURVE('',#2611,#2606,#1290,.T.);
#3248=EDGE_CURVE('',#2612,#2608,#1291,.T.);
#3249=EDGE_CURVE('',#2613,#2610,#1292,.T.);
#3250=EDGE_CURVE('',#2614,#2613,#1293,.T.);
#3251=EDGE_CURVE('',#2609,#2614,#1294,.T.);
#3252=EDGE_CURVE('',#2615,#2612,#1295,.T.);
#3253=EDGE_CURVE('',#2616,#2615,#1296,.T.);
#3254=EDGE_CURVE('',#2611,#2616,#1297,.T.);
#3255=EDGE_CURVE('',#2617,#2618,#1298,.T.);
#3256=EDGE_CURVE('',#2617,#2616,#1299,.T.);
#3257=EDGE_CURVE('',#2618,#2615,#1300,.T.);
#3258=EDGE_CURVE('',#2619,#2617,#1301,.T.);
#3259=EDGE_CURVE('',#2619,#2613,#1302,.T.);
#3260=EDGE_CURVE('',#2620,#2619,#1303,.T.);
#3261=EDGE_CURVE('',#2620,#2614,#1304,.T.);
#3262=EDGE_CURVE('',#2618,#2620,#1305,.T.);
#3263=EDGE_CURVE('',#2621,#2621,#2241,.T.);
#3264=EDGE_CURVE('',#2621,#2622,#1306,.T.);
#3265=EDGE_CURVE('',#2622,#2622,#2242,.T.);
#3266=EDGE_CURVE('',#2623,#2623,#2243,.T.);
#3267=EDGE_CURVE('',#2623,#2624,#1307,.T.);
#3268=EDGE_CURVE('',#2624,#2624,#2244,.T.);
#3269=EDGE_CURVE('',#2625,#2626,#2245,.T.);
#3270=EDGE_CURVE('',#2626,#2627,#1308,.T.);
#3271=EDGE_CURVE('',#2628,#2627,#2246,.T.);
#3272=EDGE_CURVE('',#2625,#2628,#1309,.T.);
#3273=EDGE_CURVE('',#2629,#2625,#89,.T.);
#3274=EDGE_CURVE('',#2630,#2628,#90,.T.);
#3275=EDGE_CURVE('',#2629,#2630,#1310,.T.);
#3276=EDGE_CURVE('',#2631,#2629,#2247,.T.);
#3277=EDGE_CURVE('',#2632,#2630,#2248,.T.);
#3278=EDGE_CURVE('',#2631,#2632,#1311,.T.);
#3279=EDGE_CURVE('',#2626,#2631,#91,.T.);
#3280=EDGE_CURVE('',#2627,#2632,#92,.T.);
#3281=EDGE_CURVE('',#2633,#2633,#2249,.T.);
#3282=EDGE_CURVE('',#2633,#2634,#1312,.T.);
#3283=EDGE_CURVE('',#2634,#2634,#2250,.T.);
#3284=EDGE_CURVE('',#2635,#2635,#2251,.T.);
#3285=EDGE_CURVE('',#2635,#2636,#1313,.T.);
#3286=EDGE_CURVE('',#2636,#2636,#2252,.T.);
#3287=EDGE_CURVE('',#2637,#2638,#1314,.T.);
#3288=EDGE_CURVE('',#2637,#2639,#1315,.T.);
#3289=EDGE_CURVE('',#2640,#2639,#1316,.T.);
#3290=EDGE_CURVE('',#2638,#2640,#1317,.T.);
#3291=EDGE_CURVE('',#2641,#2640,#1318,.T.);
#3292=EDGE_CURVE('',#2639,#2642,#1319,.T.);
#3293=EDGE_CURVE('',#2642,#2641,#1320,.T.);
#3294=EDGE_CURVE('',#2643,#2644,#1321,.T.);
#3295=EDGE_CURVE('',#2641,#2644,#1322,.T.);
#3296=EDGE_CURVE('',#2643,#2642,#1323,.T.);
#3297=EDGE_CURVE('',#2644,#2645,#1324,.T.);
#3298=EDGE_CURVE('',#2646,#2645,#1325,.T.);
#3299=EDGE_CURVE('',#2638,#2646,#1326,.T.);
#3300=EDGE_CURVE('',#2647,#2643,#1327,.T.);
#3301=EDGE_CURVE('',#2648,#2637,#1328,.T.);
#3302=EDGE_CURVE('',#2647,#2648,#1329,.T.);
#3303=EDGE_CURVE('',#2648,#2649,#2253,.T.);
#3304=EDGE_CURVE('',#2650,#2649,#381,.T.);
#3305=EDGE_CURVE('',#2650,#2651,#382,.F.);
#3306=EDGE_CURVE('',#2652,#2651,#383,.T.);
#3307=EDGE_CURVE('',#2653,#2652,#384,.T.);
#3308=EDGE_CURVE('',#2654,#2653,#385,.T.);
#3309=EDGE_CURVE('',#2655,#2654,#386,.T.);
#3310=EDGE_CURVE('',#2656,#2655,#387,.T.);
#3311=EDGE_CURVE('',#2656,#2657,#388,.F.);
#3312=EDGE_CURVE('',#2657,#2646,#2254,.T.);
#3313=EDGE_CURVE('',#2647,#2645,#2255,.T.);
#3314=EDGE_CURVE('',#2658,#2659,#1330,.T.);
#3315=EDGE_CURVE('',#2658,#2660,#1331,.T.);
#3316=EDGE_CURVE('',#2661,#2660,#1332,.T.);
#3317=EDGE_CURVE('',#2662,#2661,#1333,.T.);
#3318=EDGE_CURVE('',#2659,#2662,#1334,.T.);
#3319=EDGE_CURVE('',#2662,#2663,#1335,.T.);
#3320=EDGE_CURVE('',#2664,#2661,#1336,.T.);
#3321=EDGE_CURVE('',#2663,#2664,#1337,.T.);
#3322=EDGE_CURVE('',#2663,#2665,#1338,.T.);
#3323=EDGE_CURVE('',#2666,#2664,#1339,.T.);
#3324=EDGE_CURVE('',#2665,#2666,#1340,.T.);
#3325=EDGE_CURVE('',#2665,#2658,#1341,.T.);
#3326=EDGE_CURVE('',#2660,#2666,#1342,.T.);
#3327=EDGE_CURVE('',#2667,#2657,#1343,.T.);
#3328=EDGE_CURVE('',#2668,#2667,#2256,.T.);
#3329=EDGE_CURVE('',#2669,#2668,#1344,.T.);
#3330=EDGE_CURVE('',#2670,#2669,#2257,.T.);
#3331=EDGE_CURVE('',#2649,#2670,#1345,.T.);
#3332=EDGE_CURVE('',#2671,#2672,#2258,.T.);
#3333=EDGE_CURVE('',#2672,#2659,#2259,.T.);
#3334=EDGE_CURVE('',#2659,#2671,#2260,.T.);
#3335=EDGE_CURVE('',#2673,#2674,#2261,.T.);
#3336=EDGE_CURVE('',#2672,#2673,#1346,.T.);
#3337=EDGE_CURVE('',#2671,#2674,#1347,.T.);
#3338=EDGE_CURVE('',#2674,#2673,#2262,.T.);
#3339=EDGE_CURVE('',#2675,#2656,#389,.F.);
#3340=EDGE_CURVE('',#2675,#2676,#1348,.T.);
#3341=EDGE_CURVE('',#2676,#2667,#2263,.T.);
#3342=EDGE_CURVE('',#2677,#2668,#2264,.T.);
#3343=EDGE_CURVE('',#2676,#2677,#2265,.T.);
#3344=EDGE_CURVE('',#2678,#2669,#2266,.T.);
#3345=EDGE_CURVE('',#2677,#2678,#1349,.T.);
#3346=EDGE_CURVE('',#2679,#2670,#2267,.T.);
#3347=EDGE_CURVE('',#2678,#2679,#2268,.T.);
#3348=EDGE_CURVE('',#2679,#2680,#1350,.T.);
#3349=EDGE_CURVE('',#2680,#2650,#390,.T.);
#3350=EDGE_CURVE('',#2681,#2679,#1351,.T.);
#3351=EDGE_CURVE('',#2682,#2681,#1352,.T.);
#3352=EDGE_CURVE('',#2683,#2682,#1353,.T.);
#3353=EDGE_CURVE('',#2684,#2683,#391,.T.);
#3354=EDGE_CURVE('',#2680,#2684,#392,.T.);
#3355=EDGE_CURVE('',#2678,#2685,#1354,.T.);
#3356=EDGE_CURVE('',#2681,#2685,#81,.T.);
#3357=EDGE_CURVE('',#2686,#2677,#1355,.T.);
#3358=EDGE_CURVE('',#2687,#2686,#1356,.T.);
#3359=EDGE_CURVE('',#2688,#2687,#2269,.T.);
#3360=EDGE_CURVE('',#2689,#2688,#1357,.T.);
#3361=EDGE_CURVE('',#2690,#2689,#2270,.T.);
#3362=EDGE_CURVE('',#2691,#2690,#1358,.T.);
#3363=EDGE_CURVE('',#2692,#2691,#2271,.T.);
#3364=EDGE_CURVE('',#2693,#2692,#1359,.T.);
#3365=EDGE_CURVE('',#2694,#2693,#2272,.T.);
#3366=EDGE_CURVE('',#2695,#2694,#1360,.T.);
#3367=EDGE_CURVE('',#2696,#2695,#2273,.T.);
#3368=EDGE_CURVE('',#2697,#2696,#1361,.T.);
#3369=EDGE_CURVE('',#2698,#2697,#2274,.T.);
#3370=EDGE_CURVE('',#2685,#2698,#1362,.T.);
#3371=EDGE_CURVE('',#2699,#2699,#2275,.T.);
#3372=EDGE_CURVE('',#2700,#2700,#2276,.T.);
#3373=EDGE_CURVE('',#2701,#2701,#2277,.T.);
#3374=EDGE_CURVE('',#2702,#2703,#1363,.T.);
#3375=EDGE_CURVE('',#2703,#2704,#1364,.T.);
#3376=EDGE_CURVE('',#2704,#2705,#1365,.T.);
#3377=EDGE_CURVE('',#2705,#2702,#1366,.T.);
#3378=EDGE_CURVE('',#2676,#2706,#1367,.T.);
#3379=EDGE_CURVE('',#2686,#2706,#82,.T.);
#3380=EDGE_CURVE('',#2675,#2707,#393,.F.);
#3381=EDGE_CURVE('',#2708,#2707,#394,.T.);
#3382=EDGE_CURVE('',#2709,#2708,#1368,.T.);
#3383=EDGE_CURVE('',#2706,#2709,#1369,.T.);
#3384=EDGE_CURVE('',#2682,#2710,#2278,.T.);
#3385=EDGE_CURVE('',#2710,#2711,#83,.T.);
#3386=EDGE_CURVE('',#2711,#2682,#84,.T.);
#3387=EDGE_CURVE('',#2681,#2712,#2279,.T.);
#3388=EDGE_CURVE('',#2712,#2710,#1370,.T.);
#3389=EDGE_CURVE('',#2685,#2712,#85,.T.);
#3390=EDGE_CURVE('',#2711,#2713,#1371,.T.);
#3391=EDGE_CURVE('',#2713,#2683,#2280,.T.);
#3392=EDGE_CURVE('',#2710,#2714,#1372,.T.);
#3393=EDGE_CURVE('',#2715,#2714,#2281,.T.);
#3394=EDGE_CURVE('',#2715,#2711,#1373,.T.);
#3395=EDGE_CURVE('',#2716,#2698,#2282,.T.);
#3396=EDGE_CURVE('',#2697,#2717,#2283,.T.);
#3397=EDGE_CURVE('',#2717,#2716,#2284,.T.);
#3398=EDGE_CURVE('',#2714,#2718,#2285,.T.);
#3399=EDGE_CURVE('',#2718,#2719,#2286,.T.);
#3400=EDGE_CURVE('',#2719,#2715,#2287,.T.);
#3401=EDGE_CURVE('',#2714,#2716,#1374,.T.);
#3402=EDGE_CURVE('',#2717,#2718,#1375,.T.);
#3403=EDGE_CURVE('',#2716,#2712,#1376,.T.);
#3404=EDGE_CURVE('',#2720,#2719,#1377,.T.);
#3405=EDGE_CURVE('',#2721,#2720,#2288,.T.);
#3406=EDGE_CURVE('',#2722,#2721,#1378,.T.);
#3407=EDGE_CURVE('',#2723,#2722,#2289,.T.);
#3408=EDGE_CURVE('',#2724,#2723,#1379,.T.);
#3409=EDGE_CURVE('',#2725,#2724,#2290,.T.);
#3410=EDGE_CURVE('',#2726,#2725,#1380,.T.);
#3411=EDGE_CURVE('',#2727,#2726,#2291,.T.);
#3412=EDGE_CURVE('',#2728,#2727,#1381,.T.);
#3413=EDGE_CURVE('',#2729,#2728,#2292,.T.);
#3414=EDGE_CURVE('',#2730,#2729,#1382,.T.);
#3415=EDGE_CURVE('',#2731,#2730,#1383,.T.);
#3416=EDGE_CURVE('',#2653,#2731,#395,.T.);
#3417=EDGE_CURVE('',#2713,#2653,#396,.T.);
#3418=EDGE_CURVE('',#2732,#2732,#2293,.T.);
#3419=EDGE_CURVE('',#2733,#2733,#2294,.T.);
#3420=EDGE_CURVE('',#2734,#2734,#2295,.T.);
#3421=EDGE_CURVE('',#2735,#2736,#2296,.T.);
#3422=EDGE_CURVE('',#2736,#2735,#2297,.T.);
#3423=EDGE_CURVE('',#2737,#2737,#2298,.F.);
#3424=EDGE_CURVE('',#2738,#2738,#2299,.F.);
#3425=EDGE_CURVE('',#2718,#2739,#1384,.T.);
#3426=EDGE_CURVE('',#2720,#2739,#2300,.T.);
#3427=EDGE_CURVE('',#2740,#2696,#2301,.T.);
#3428=EDGE_CURVE('',#2695,#2741,#2302,.T.);
#3429=EDGE_CURVE('',#2741,#2740,#2303,.T.);
#3430=EDGE_CURVE('',#2739,#2742,#2304,.T.);
#3431=EDGE_CURVE('',#2742,#2721,#2305,.T.);
#3432=EDGE_CURVE('',#2739,#2740,#1385,.T.);
#3433=EDGE_CURVE('',#2741,#2742,#1386,.T.);
#3434=EDGE_CURVE('',#2740,#2717,#1387,.T.);
#3435=EDGE_CURVE('',#2742,#2743,#1388,.T.);
#3436=EDGE_CURVE('',#2722,#2743,#2306,.T.);
#3437=EDGE_CURVE('',#2744,#2694,#2307,.T.);
#3438=EDGE_CURVE('',#2693,#2745,#2308,.T.);
#3439=EDGE_CURVE('',#2745,#2744,#2309,.T.);
#3440=EDGE_CURVE('',#2743,#2746,#2310,.T.);
#3441=EDGE_CURVE('',#2746,#2723,#2311,.T.);
#3442=EDGE_CURVE('',#2743,#2744,#1389,.T.);
#3443=EDGE_CURVE('',#2745,#2746,#1390,.T.);
#3444=EDGE_CURVE('',#2744,#2741,#1391,.T.);
#3445=EDGE_CURVE('',#2746,#2747,#1392,.T.);
#3446=EDGE_CURVE('',#2724,#2747,#2312,.T.);
#3447=EDGE_CURVE('',#2748,#2692,#2313,.T.);
#3448=EDGE_CURVE('',#2691,#2749,#2314,.T.);
#3449=EDGE_CURVE('',#2749,#2748,#2315,.T.);
#3450=EDGE_CURVE('',#2747,#2750,#2316,.T.);
#3451=EDGE_CURVE('',#2750,#2725,#2317,.T.);
#3452=EDGE_CURVE('',#2747,#2748,#1393,.T.);
#3453=EDGE_CURVE('',#2749,#2750,#1394,.T.);
#3454=EDGE_CURVE('',#2748,#2745,#1395,.T.);
#3455=EDGE_CURVE('',#2750,#2751,#1396,.T.);
#3456=EDGE_CURVE('',#2726,#2751,#2318,.T.);
#3457=EDGE_CURVE('',#2752,#2690,#2319,.T.);
#3458=EDGE_CURVE('',#2689,#2753,#2320,.T.);
#3459=EDGE_CURVE('',#2753,#2752,#2321,.T.);
#3460=EDGE_CURVE('',#2751,#2754,#2322,.T.);
#3461=EDGE_CURVE('',#2754,#2727,#2323,.T.);
#3462=EDGE_CURVE('',#2751,#2752,#1397,.T.);
#3463=EDGE_CURVE('',#2753,#2754,#1398,.T.);
#3464=EDGE_CURVE('',#2752,#2749,#1399,.T.);
#3465=EDGE_CURVE('',#2755,#2729,#2324,.T.);
#3466=EDGE_CURVE('',#2728,#2756,#2325,.T.);
#3467=EDGE_CURVE('',#2756,#2755,#2326,.T.);
#3468=EDGE_CURVE('',#2687,#2757,#2327,.T.);
#3469=EDGE_CURVE('',#2757,#2758,#2328,.T.);
#3470=EDGE_CURVE('',#2758,#2688,#2329,.T.);
#3471=EDGE_CURVE('',#2756,#2758,#1400,.T.);
#3472=EDGE_CURVE('',#2757,#2755,#1401,.T.);
#3473=EDGE_CURVE('',#2755,#2759,#1402,.T.);
#3474=EDGE_CURVE('',#2730,#2759,#86,.T.);
#3475=EDGE_CURVE('',#2760,#2757,#1403,.T.);
#3476=EDGE_CURVE('',#2759,#2760,#1404,.T.);
#3477=EDGE_CURVE('',#2760,#2686,#87,.T.);
#3478=EDGE_CURVE('',#2759,#2709,#2330,.T.);
#3479=EDGE_CURVE('',#2709,#2730,#88,.T.);
#3480=EDGE_CURVE('',#2760,#2706,#2331,.T.);
#3481=EDGE_CURVE('',#2708,#2731,#2332,.T.);
#3482=EDGE_CURVE('',#2758,#2753,#1405,.T.);
#3483=EDGE_CURVE('',#2754,#2756,#1406,.T.);
#3484=EDGE_CURVE('',#2707,#2761,#397,.T.);
#3485=EDGE_CURVE('',#2761,#2762,#2333,.T.);
#3486=EDGE_CURVE('',#2762,#2731,#398,.T.);
#3487=EDGE_CURVE('',#2761,#2763,#399,.T.);
#3488=EDGE_CURVE('',#2763,#2762,#400,.T.);
#3489=EDGE_CURVE('',#2764,#2684,#401,.T.);
#3490=EDGE_CURVE('',#2713,#2765,#402,.T.);
#3491=EDGE_CURVE('',#2765,#2764,#2334,.T.);
#3492=EDGE_CURVE('',#2766,#2764,#403,.T.);
#3493=EDGE_CURVE('',#2765,#2766,#404,.T.);
#3494=EDGE_CURVE('',#2654,#2767,#2335,.T.);
#3495=EDGE_CURVE('',#2763,#2767,#405,.T.);
#3496=EDGE_CURVE('',#2768,#2766,#406,.T.);
#3497=EDGE_CURVE('',#2768,#2652,#2336,.T.);
#3498=EDGE_CURVE('',#2768,#2653,#407,.T.);
#3499=EDGE_CURVE('',#2653,#2767,#408,.T.);
#3500=EDGE_CURVE('',#2769,#2769,#2337,.T.);
#3501=EDGE_CURVE('',#2769,#2738,#1407,.T.);
#3502=EDGE_CURVE('',#2770,#2770,#2338,.T.);
#3503=EDGE_CURVE('',#2770,#2737,#1408,.T.);
#3504=EDGE_CURVE('',#2771,#2772,#1409,.T.);
#3505=EDGE_CURVE('',#2771,#2773,#1410,.T.);
#3506=EDGE_CURVE('',#2774,#2773,#1411,.T.);
#3507=EDGE_CURVE('',#2772,#2774,#1412,.T.);
#3508=EDGE_CURVE('',#2703,#2775,#1413,.T.);
#3509=EDGE_CURVE('',#2776,#2775,#1414,.T.);
#3510=EDGE_CURVE('',#2704,#2776,#1415,.T.);
#3511=EDGE_CURVE('',#2773,#2776,#1416,.T.);
#3512=EDGE_CURVE('',#2775,#2774,#1417,.T.);
#3513=EDGE_CURVE('',#2705,#2777,#1418,.T.);
#3514=EDGE_CURVE('',#2778,#2777,#1419,.T.);
#3515=EDGE_CURVE('',#2702,#2778,#1420,.T.);
#3516=EDGE_CURVE('',#2779,#2780,#1421,.T.);
#3517=EDGE_CURVE('',#2779,#2781,#1422,.T.);
#3518=EDGE_CURVE('',#2782,#2781,#1423,.T.);
#3519=EDGE_CURVE('',#2783,#2782,#1424,.T.);
#3520=EDGE_CURVE('',#2780,#2783,#1425,.T.);
#3521=EDGE_CURVE('',#2777,#2782,#1426,.T.);
#3522=EDGE_CURVE('',#2781,#2778,#1427,.T.);
#3523=EDGE_CURVE('',#2772,#2779,#1428,.T.);
#3524=EDGE_CURVE('',#2783,#2771,#1429,.T.);
#3525=EDGE_CURVE('',#2784,#2735,#1430,.T.);
#3526=EDGE_CURVE('',#2780,#2784,#2339,.T.);
#3527=EDGE_CURVE('',#2785,#2780,#2340,.T.);
#3528=EDGE_CURVE('',#2785,#2736,#1431,.T.);
#3529=EDGE_CURVE('',#2784,#2785,#2341,.T.);
#3530=EDGE_CURVE('',#2701,#2734,#1432,.T.);
#3531=EDGE_CURVE('',#2700,#2733,#1433,.T.);
#3532=EDGE_CURVE('',#2699,#2732,#1434,.T.);
#3533=EDGE_CURVE('',#2786,#2786,#2342,.T.);
#3534=EDGE_CURVE('',#2786,#2787,#1435,.T.);
#3535=EDGE_CURVE('',#2787,#2787,#2343,.T.);
#3536=EDGE_CURVE('',#2788,#2789,#2344,.T.);
#3537=EDGE_CURVE('',#2788,#2790,#1436,.T.);
#3538=EDGE_CURVE('',#2790,#2791,#2345,.T.);
#3539=EDGE_CURVE('',#2791,#2789,#1437,.T.);
#3540=EDGE_CURVE('',#2792,#2791,#2346,.T.);
#3541=EDGE_CURVE('',#2793,#2792,#1438,.T.);
#3542=EDGE_CURVE('',#2789,#2793,#2347,.T.);
#3543=EDGE_CURVE('',#2793,#2794,#2348,.T.);
#3544=EDGE_CURVE('',#2792,#2795,#2349,.T.);
#3545=EDGE_CURVE('',#2795,#2794,#1439,.T.);
#3546=EDGE_CURVE('',#2796,#2788,#2350,.T.);
#3547=EDGE_CURVE('',#2797,#2796,#2351,.T.);
#3548=EDGE_CURVE('',#2798,#2797,#2352,.T.);
#3549=EDGE_CURVE('',#2794,#2798,#2353,.T.);
#3550=EDGE_CURVE('',#2790,#2795,#2354,.T.);
#3551=EDGE_CURVE('',#2798,#2799,#1440,.T.);
#3552=EDGE_CURVE('',#2799,#2800,#1441,.T.);
#3553=EDGE_CURVE('',#2800,#2796,#1442,.T.);
#3554=EDGE_CURVE('',#2797,#2801,#1443,.T.);
#3555=EDGE_CURVE('',#2801,#2798,#1444,.T.);
#3556=EDGE_CURVE('',#2796,#2802,#1445,.T.);
#3557=EDGE_CURVE('',#2802,#2797,#1446,.T.);
#3558=EDGE_CURVE('',#2803,#2804,#1447,.T.);
#3559=EDGE_CURVE('',#2805,#2803,#1448,.T.);
#3560=EDGE_CURVE('',#2806,#2805,#1449,.T.);
#3561=EDGE_CURVE('',#2806,#2804,#1450,.T.);
#3562=EDGE_CURVE('',#2804,#2807,#2355,.T.);
#3563=EDGE_CURVE('',#2808,#2806,#2356,.T.);
#3564=EDGE_CURVE('',#2808,#2807,#1451,.T.);
#3565=EDGE_CURVE('',#2807,#2809,#1452,.T.);
#3566=EDGE_CURVE('',#2810,#2808,#1453,.T.);
#3567=EDGE_CURVE('',#2809,#2810,#1454,.T.);
#3568=EDGE_CURVE('',#2805,#2811,#1455,.T.);
#3569=EDGE_CURVE('',#2811,#2812,#1456,.T.);
#3570=EDGE_CURVE('',#2813,#2812,#1457,.T.);
#3571=EDGE_CURVE('',#2813,#2814,#1458,.T.);
#3572=EDGE_CURVE('',#2814,#2810,#1459,.T.);
#3573=EDGE_CURVE('',#2803,#2815,#1460,.T.);
#3574=EDGE_CURVE('',#2815,#2811,#1461,.T.);
#3575=EDGE_CURVE('',#2816,#2817,#2357,.T.);
#3576=EDGE_CURVE('',#2818,#2816,#1462,.T.);
#3577=EDGE_CURVE('',#2819,#2818,#2358,.T.);
#3578=EDGE_CURVE('',#2819,#2817,#1463,.T.);
#3579=EDGE_CURVE('',#2817,#2820,#1464,.T.);
#3580=EDGE_CURVE('',#2821,#2819,#1465,.T.);
#3581=EDGE_CURVE('',#2820,#2821,#1466,.T.);
#3582=EDGE_CURVE('',#2822,#2816,#1467,.T.);
#3583=EDGE_CURVE('',#2823,#2822,#1468,.T.);
#3584=EDGE_CURVE('',#2818,#2823,#1469,.T.);
#3585=EDGE_CURVE('',#2824,#2823,#1470,.T.);
#3586=EDGE_CURVE('',#2825,#2824,#1471,.T.);
#3587=EDGE_CURVE('',#2826,#2825,#1472,.T.);
#3588=EDGE_CURVE('',#2826,#2827,#1473,.T.);
#3589=EDGE_CURVE('',#2821,#2827,#1474,.T.);
#3590=EDGE_CURVE('',#2828,#2822,#1475,.T.);
#3591=EDGE_CURVE('',#2824,#2828,#1476,.T.);
#3592=EDGE_CURVE('',#2827,#2829,#1477,.T.);
#3593=EDGE_CURVE('',#2820,#2829,#1478,.T.);
#3594=EDGE_CURVE('',#2829,#2830,#1479,.T.);
#3595=EDGE_CURVE('',#2831,#2830,#1480,.T.);
#3596=EDGE_CURVE('',#2828,#2831,#1481,.T.);
#3597=EDGE_CURVE('',#2832,#2830,#1482,.T.);
#3598=EDGE_CURVE('',#2832,#2833,#1483,.T.);
#3599=EDGE_CURVE('',#2833,#2831,#1484,.T.);
#3600=EDGE_CURVE('',#2825,#2800,#1485,.T.);
#3601=EDGE_CURVE('',#2826,#2799,#1486,.T.);
#3602=EDGE_CURVE('',#2834,#2809,#1487,.T.);
#3603=EDGE_CURVE('',#2834,#2835,#1488,.T.);
#3604=EDGE_CURVE('',#2836,#2835,#1489,.T.);
#3605=EDGE_CURVE('',#2836,#2815,#1490,.T.);
#3606=EDGE_CURVE('',#2814,#2834,#1491,.T.);
#3607=EDGE_CURVE('',#2837,#2835,#1492,.T.);
#3608=EDGE_CURVE('',#2837,#2838,#1493,.T.);
#3609=EDGE_CURVE('',#2838,#2836,#1494,.T.);
#3610=EDGE_CURVE('',#2838,#2832,#1495,.T.);
#3611=EDGE_CURVE('',#2812,#2801,#1496,.T.);
#3612=EDGE_CURVE('',#2813,#2802,#1497,.T.);
#3613=EDGE_CURVE('',#2833,#2837,#1498,.T.);
#3614=EDGE_CURVE('',#2839,#2839,#2359,.T.);
#3615=EDGE_CURVE('',#2839,#2840,#1499,.T.);
#3616=EDGE_CURVE('',#2840,#2840,#2360,.T.);
#3617=EDGE_CURVE('',#2841,#2841,#2361,.T.);
#3618=EDGE_CURVE('',#2841,#2842,#1500,.T.);
#3619=EDGE_CURVE('',#2842,#2842,#2362,.T.);
#3620=EDGE_CURVE('',#2843,#2843,#2363,.T.);
#3621=EDGE_CURVE('',#2843,#2844,#1501,.T.);
#3622=EDGE_CURVE('',#2844,#2844,#2364,.T.);
#3623=EDGE_CURVE('',#2845,#2845,#2365,.T.);
#3624=EDGE_CURVE('',#2845,#2846,#1502,.T.);
#3625=EDGE_CURVE('',#2846,#2846,#2366,.T.);
#3626=EDGE_CURVE('',#2847,#2848,#2367,.T.);
#3627=EDGE_CURVE('',#2848,#2849,#1503,.T.);
#3628=EDGE_CURVE('',#2850,#2849,#2368,.T.);
#3629=EDGE_CURVE('',#2847,#2850,#1504,.T.);
#3630=EDGE_CURVE('',#2847,#2851,#1505,.T.);
#3631=EDGE_CURVE('',#2852,#2850,#1506,.T.);
#3632=EDGE_CURVE('',#2851,#2852,#1507,.T.);
#3633=EDGE_CURVE('',#2853,#2851,#2369,.T.);
#3634=EDGE_CURVE('',#2854,#2852,#2370,.T.);
#3635=EDGE_CURVE('',#2853,#2854,#1508,.T.);
#3636=EDGE_CURVE('',#2855,#2853,#2371,.T.);
#3637=EDGE_CURVE('',#2856,#2854,#2372,.T.);
#3638=EDGE_CURVE('',#2855,#2856,#1509,.T.);
#3639=EDGE_CURVE('',#2857,#2855,#1510,.T.);
#3640=EDGE_CURVE('',#2858,#2856,#1511,.T.);
#3641=EDGE_CURVE('',#2857,#2858,#1512,.T.);
#3642=EDGE_CURVE('',#2859,#2857,#2373,.T.);
#3643=EDGE_CURVE('',#2860,#2858,#2374,.T.);
#3644=EDGE_CURVE('',#2859,#2860,#1513,.T.);
#3645=EDGE_CURVE('',#2861,#2859,#2375,.T.);
#3646=EDGE_CURVE('',#2862,#2860,#2376,.T.);
#3647=EDGE_CURVE('',#2861,#2862,#1514,.T.);
#3648=EDGE_CURVE('',#2863,#2861,#2377,.T.);
#3649=EDGE_CURVE('',#2864,#2862,#2378,.T.);
#3650=EDGE_CURVE('',#2863,#2864,#1515,.T.);
#3651=EDGE_CURVE('',#2865,#2863,#1516,.T.);
#3652=EDGE_CURVE('',#2866,#2864,#1517,.T.);
#3653=EDGE_CURVE('',#2865,#2866,#1518,.T.);
#3654=EDGE_CURVE('',#2867,#2865,#2379,.T.);
#3655=EDGE_CURVE('',#2868,#2866,#2380,.T.);
#3656=EDGE_CURVE('',#2867,#2868,#1519,.T.);
#3657=EDGE_CURVE('',#2869,#2867,#2381,.T.);
#3658=EDGE_CURVE('',#2870,#2868,#2382,.T.);
#3659=EDGE_CURVE('',#2869,#2870,#1520,.T.);
#3660=EDGE_CURVE('',#2871,#2869,#2383,.T.);
#3661=EDGE_CURVE('',#2872,#2870,#2384,.T.);
#3662=EDGE_CURVE('',#2871,#2872,#1521,.T.);
#3663=EDGE_CURVE('',#2873,#2871,#1522,.T.);
#3664=EDGE_CURVE('',#2874,#2872,#1523,.T.);
#3665=EDGE_CURVE('',#2873,#2874,#1524,.T.);
#3666=EDGE_CURVE('',#2875,#2873,#2385,.T.);
#3667=EDGE_CURVE('',#2876,#2874,#2386,.T.);
#3668=EDGE_CURVE('',#2875,#2876,#1525,.T.);
#3669=EDGE_CURVE('',#2877,#2875,#2387,.T.);
#3670=EDGE_CURVE('',#2878,#2876,#2388,.T.);
#3671=EDGE_CURVE('',#2877,#2878,#1526,.T.);
#3672=EDGE_CURVE('',#2879,#2877,#2389,.T.);
#3673=EDGE_CURVE('',#2880,#2878,#2390,.T.);
#3674=EDGE_CURVE('',#2879,#2880,#1527,.T.);
#3675=EDGE_CURVE('',#2881,#2879,#1528,.T.);
#3676=EDGE_CURVE('',#2882,#2880,#1529,.T.);
#3677=EDGE_CURVE('',#2881,#2882,#1530,.T.);
#3678=EDGE_CURVE('',#2883,#2881,#2391,.T.);
#3679=EDGE_CURVE('',#2884,#2882,#2392,.T.);
#3680=EDGE_CURVE('',#2883,#2884,#1531,.T.);
#3681=EDGE_CURVE('',#2885,#2883,#2393,.T.);
#3682=EDGE_CURVE('',#2886,#2884,#2394,.T.);
#3683=EDGE_CURVE('',#2885,#2886,#1532,.T.);
#3684=EDGE_CURVE('',#2887,#2885,#2395,.T.);
#3685=EDGE_CURVE('',#2888,#2886,#2396,.T.);
#3686=EDGE_CURVE('',#2887,#2888,#1533,.T.);
#3687=EDGE_CURVE('',#2889,#2887,#1534,.T.);
#3688=EDGE_CURVE('',#2890,#2888,#1535,.T.);
#3689=EDGE_CURVE('',#2889,#2890,#1536,.T.);
#3690=EDGE_CURVE('',#2891,#2889,#2397,.T.);
#3691=EDGE_CURVE('',#2892,#2890,#2398,.T.);
#3692=EDGE_CURVE('',#2891,#2892,#1537,.T.);
#3693=EDGE_CURVE('',#2893,#2891,#2399,.T.);
#3694=EDGE_CURVE('',#2894,#2892,#2400,.T.);
#3695=EDGE_CURVE('',#2893,#2894,#1538,.T.);
#3696=EDGE_CURVE('',#2895,#2893,#2401,.T.);
#3697=EDGE_CURVE('',#2896,#2894,#2402,.T.);
#3698=EDGE_CURVE('',#2895,#2896,#1539,.T.);
#3699=EDGE_CURVE('',#2897,#2895,#1540,.T.);
#3700=EDGE_CURVE('',#2898,#2896,#1541,.T.);
#3701=EDGE_CURVE('',#2897,#2898,#1542,.T.);
#3702=EDGE_CURVE('',#2899,#2897,#2403,.T.);
#3703=EDGE_CURVE('',#2900,#2898,#2404,.T.);
#3704=EDGE_CURVE('',#2899,#2900,#1543,.T.);
#3705=EDGE_CURVE('',#2901,#2899,#2405,.T.);
#3706=EDGE_CURVE('',#2902,#2900,#2406,.T.);
#3707=EDGE_CURVE('',#2901,#2902,#1544,.T.);
#3708=EDGE_CURVE('',#2903,#2901,#2407,.T.);
#3709=EDGE_CURVE('',#2904,#2902,#2408,.T.);
#3710=EDGE_CURVE('',#2903,#2904,#1545,.T.);
#3711=EDGE_CURVE('',#2905,#2903,#1546,.T.);
#3712=EDGE_CURVE('',#2906,#2904,#1547,.T.);
#3713=EDGE_CURVE('',#2905,#2906,#1548,.T.);
#3714=EDGE_CURVE('',#2907,#2905,#2409,.T.);
#3715=EDGE_CURVE('',#2908,#2906,#2410,.T.);
#3716=EDGE_CURVE('',#2907,#2908,#1549,.T.);
#3717=EDGE_CURVE('',#2909,#2907,#2411,.T.);
#3718=EDGE_CURVE('',#2910,#2908,#2412,.T.);
#3719=EDGE_CURVE('',#2909,#2910,#1550,.T.);
#3720=EDGE_CURVE('',#2911,#2909,#2413,.T.);
#3721=EDGE_CURVE('',#2912,#2910,#2414,.T.);
#3722=EDGE_CURVE('',#2911,#2912,#1551,.T.);
#3723=EDGE_CURVE('',#2913,#2911,#1552,.T.);
#3724=EDGE_CURVE('',#2914,#2912,#1553,.T.);
#3725=EDGE_CURVE('',#2913,#2914,#1554,.T.);
#3726=EDGE_CURVE('',#2915,#2913,#2415,.T.);
#3727=EDGE_CURVE('',#2916,#2914,#2416,.T.);
#3728=EDGE_CURVE('',#2915,#2916,#1555,.T.);
#3729=EDGE_CURVE('',#2917,#2915,#2417,.T.);
#3730=EDGE_CURVE('',#2918,#2916,#2418,.T.);
#3731=EDGE_CURVE('',#2917,#2918,#1556,.T.);
#3732=EDGE_CURVE('',#2919,#2917,#2419,.T.);
#3733=EDGE_CURVE('',#2920,#2918,#2420,.T.);
#3734=EDGE_CURVE('',#2919,#2920,#1557,.T.);
#3735=EDGE_CURVE('',#2921,#2919,#1558,.T.);
#3736=EDGE_CURVE('',#2922,#2920,#1559,.T.);
#3737=EDGE_CURVE('',#2921,#2922,#1560,.T.);
#3738=EDGE_CURVE('',#2923,#2921,#2421,.T.);
#3739=EDGE_CURVE('',#2924,#2922,#2422,.T.);
#3740=EDGE_CURVE('',#2923,#2924,#1561,.T.);
#3741=EDGE_CURVE('',#2925,#2923,#2423,.T.);
#3742=EDGE_CURVE('',#2926,#2924,#2424,.T.);
#3743=EDGE_CURVE('',#2925,#2926,#1562,.T.);
#3744=EDGE_CURVE('',#2927,#2925,#2425,.T.);
#3745=EDGE_CURVE('',#2928,#2926,#2426,.T.);
#3746=EDGE_CURVE('',#2927,#2928,#1563,.T.);
#3747=EDGE_CURVE('',#2929,#2927,#1564,.T.);
#3748=EDGE_CURVE('',#2930,#2928,#1565,.T.);
#3749=EDGE_CURVE('',#2929,#2930,#1566,.T.);
#3750=EDGE_CURVE('',#2931,#2929,#2427,.T.);
#3751=EDGE_CURVE('',#2932,#2930,#2428,.T.);
#3752=EDGE_CURVE('',#2931,#2932,#1567,.T.);
#3753=EDGE_CURVE('',#2933,#2931,#2429,.T.);
#3754=EDGE_CURVE('',#2934,#2932,#2430,.T.);
#3755=EDGE_CURVE('',#2933,#2934,#1568,.T.);
#3756=EDGE_CURVE('',#2935,#2933,#2431,.T.);
#3757=EDGE_CURVE('',#2936,#2934,#2432,.T.);
#3758=EDGE_CURVE('',#2935,#2936,#1569,.T.);
#3759=EDGE_CURVE('',#2937,#2935,#1570,.T.);
#3760=EDGE_CURVE('',#2938,#2936,#1571,.T.);
#3761=EDGE_CURVE('',#2937,#2938,#1572,.T.);
#3762=EDGE_CURVE('',#2939,#2937,#2433,.T.);
#3763=EDGE_CURVE('',#2940,#2938,#2434,.T.);
#3764=EDGE_CURVE('',#2939,#2940,#1573,.T.);
#3765=EDGE_CURVE('',#2941,#2939,#2435,.T.);
#3766=EDGE_CURVE('',#2942,#2940,#2436,.T.);
#3767=EDGE_CURVE('',#2941,#2942,#1574,.T.);
#3768=EDGE_CURVE('',#2943,#2941,#2437,.T.);
#3769=EDGE_CURVE('',#2944,#2942,#2438,.T.);
#3770=EDGE_CURVE('',#2943,#2944,#1575,.T.);
#3771=EDGE_CURVE('',#2945,#2943,#1576,.T.);
#3772=EDGE_CURVE('',#2946,#2944,#1577,.T.);
#3773=EDGE_CURVE('',#2945,#2946,#1578,.T.);
#3774=EDGE_CURVE('',#2947,#2945,#2439,.T.);
#3775=EDGE_CURVE('',#2948,#2946,#2440,.T.);
#3776=EDGE_CURVE('',#2947,#2948,#1579,.T.);
#3777=EDGE_CURVE('',#2949,#2947,#2441,.T.);
#3778=EDGE_CURVE('',#2950,#2948,#2442,.T.);
#3779=EDGE_CURVE('',#2949,#2950,#1580,.T.);
#3780=EDGE_CURVE('',#2848,#2949,#1581,.T.);
#3781=EDGE_CURVE('',#2849,#2950,#1582,.T.);
#3782=EDGE_CURVE('',#2951,#2952,#2443,.T.);
#3783=EDGE_CURVE('',#2952,#2953,#1583,.T.);
#3784=EDGE_CURVE('',#2953,#2954,#2444,.T.);
#3785=EDGE_CURVE('',#2954,#2951,#1584,.T.);
#3786=EDGE_CURVE('',#2952,#2955,#2445,.T.);
#3787=EDGE_CURVE('',#2956,#2955,#1585,.T.);
#3788=EDGE_CURVE('',#2953,#2956,#2446,.T.);
#3789=EDGE_CURVE('',#2957,#2958,#2447,.T.);
#3790=EDGE_CURVE('',#2958,#2959,#1586,.T.);
#3791=EDGE_CURVE('',#2959,#2960,#2448,.T.);
#3792=EDGE_CURVE('',#2960,#2957,#1587,.T.);
#3793=EDGE_CURVE('',#2959,#2954,#1588,.T.);
#3794=EDGE_CURVE('',#2951,#2958,#1589,.T.);
#3795=EDGE_CURVE('',#2961,#2962,#2449,.T.);
#3796=EDGE_CURVE('',#2962,#2963,#1590,.T.);
#3797=EDGE_CURVE('',#2963,#2964,#2450,.T.);
#3798=EDGE_CURVE('',#2964,#2961,#1591,.T.);
#3799=EDGE_CURVE('',#2963,#2960,#2451,.T.);
#3800=EDGE_CURVE('',#2962,#2957,#2452,.T.);
#3801=EDGE_CURVE('',#2955,#2965,#2453,.T.);
#3802=EDGE_CURVE('',#2965,#2966,#1592,.T.);
#3803=EDGE_CURVE('',#2966,#2956,#2454,.T.);
#3804=EDGE_CURVE('',#2966,#2964,#1593,.T.);
#3805=EDGE_CURVE('',#2961,#2965,#1594,.T.);
#3806=EDGE_CURVE('',#2967,#2967,#2455,.T.);
#3807=EDGE_CURVE('',#2967,#2968,#1595,.T.);
#3808=EDGE_CURVE('',#2968,#2968,#2456,.T.);
#3809=EDGE_CURVE('',#2969,#2969,#2457,.T.);
#3810=EDGE_CURVE('',#2969,#2970,#1596,.T.);
#3811=EDGE_CURVE('',#2970,#2970,#2458,.T.);
#3812=EDGE_CURVE('',#2971,#2972,#409,.T.);
#3813=EDGE_CURVE('',#2972,#2973,#1597,.T.);
#3814=EDGE_CURVE('',#2974,#2973,#93,.T.);
#3815=EDGE_CURVE('',#2974,#2971,#1598,.T.);
#3816=EDGE_CURVE('',#2975,#2976,#1599,.T.);
#3817=EDGE_CURVE('',#2977,#2976,#1600,.T.);
#3818=EDGE_CURVE('',#2977,#2978,#1601,.T.);
#3819=EDGE_CURVE('',#2975,#2978,#1602,.T.);
#3820=EDGE_CURVE('',#2976,#2979,#410,.T.);
#3821=EDGE_CURVE('',#2980,#2979,#1603,.T.);
#3822=EDGE_CURVE('',#2977,#2980,#94,.T.);
#3823=EDGE_CURVE('',#2979,#2981,#1604,.T.);
#3824=EDGE_CURVE('',#2982,#2981,#1605,.T.);
#3825=EDGE_CURVE('',#2982,#2980,#1606,.T.);
#3826=EDGE_CURVE('',#2981,#2971,#1607,.T.);
#3827=EDGE_CURVE('',#2982,#2974,#1608,.T.);
#3828=EDGE_CURVE('',#2983,#2983,#2459,.T.);
#3829=EDGE_CURVE('',#2983,#2984,#1609,.T.);
#3830=EDGE_CURVE('',#2984,#2984,#2460,.T.);
#3831=EDGE_CURVE('',#2985,#2985,#2461,.T.);
#3832=EDGE_CURVE('',#2985,#2986,#1610,.T.);
#3833=EDGE_CURVE('',#2986,#2986,#2462,.T.);
#3834=EDGE_CURVE('',#2975,#2987,#1611,.T.);
#3835=EDGE_CURVE('',#2988,#2978,#1612,.T.);
#3836=EDGE_CURVE('',#2987,#2988,#1613,.T.);
#3837=EDGE_CURVE('',#2989,#2987,#2463,.T.);
#3838=EDGE_CURVE('',#2990,#2988,#2464,.T.);
#3839=EDGE_CURVE('',#2989,#2990,#1614,.T.);
#3840=EDGE_CURVE('',#2989,#2972,#1615,.T.);
#3841=EDGE_CURVE('',#2973,#2990,#1616,.T.);
#3842=EDGE_CURVE('',#2991,#2991,#2465,.T.);
#3843=EDGE_CURVE('',#2991,#2992,#1617,.T.);
#3844=EDGE_CURVE('',#2992,#2992,#2466,.T.);
#3845=EDGE_CURVE('',#2993,#2993,#2467,.T.);
#3846=EDGE_CURVE('',#2993,#2994,#1618,.T.);
#3847=EDGE_CURVE('',#2994,#2994,#2468,.T.);
#3848=EDGE_CURVE('',#2995,#2995,#2469,.T.);
#3849=EDGE_CURVE('',#2995,#2996,#1619,.T.);
#3850=EDGE_CURVE('',#2996,#2996,#2470,.T.);
#3851=EDGE_CURVE('',#2997,#2998,#2471,.T.);
#3852=EDGE_CURVE('',#2999,#2997,#2472,.T.);
#3853=EDGE_CURVE('',#2999,#3000,#1620,.T.);
#3854=EDGE_CURVE('',#3001,#3000,#2473,.T.);
#3855=EDGE_CURVE('',#2998,#3001,#1621,.T.);
#3856=EDGE_CURVE('',#2998,#2999,#2474,.T.);
#3857=EDGE_CURVE('',#3000,#3001,#2475,.T.);
#3858=EDGE_CURVE('',#3002,#2997,#1622,.T.);
#3859=EDGE_CURVE('',#2997,#3003,#1623,.T.);
#3860=EDGE_CURVE('',#3003,#3004,#1624,.T.);
#3861=EDGE_CURVE('',#3004,#3005,#1625,.T.);
#3862=EDGE_CURVE('',#3005,#3002,#1626,.T.);
#3863=EDGE_CURVE('',#3006,#3007,#1627,.T.);
#3864=EDGE_CURVE('',#3008,#3007,#1628,.T.);
#3865=EDGE_CURVE('',#3009,#3008,#1629,.T.);
#3866=EDGE_CURVE('',#3006,#3009,#1630,.T.);
#3867=EDGE_CURVE('',#3007,#3010,#1631,.T.);
#3868=EDGE_CURVE('',#3011,#3010,#1632,.T.);
#3869=EDGE_CURVE('',#3008,#3011,#1633,.T.);
#3870=EDGE_CURVE('',#3010,#3012,#1634,.T.);
#3871=EDGE_CURVE('',#3013,#3012,#1635,.T.);
#3872=EDGE_CURVE('',#3011,#3013,#1636,.T.);
#3873=EDGE_CURVE('',#3014,#3012,#1637,.T.);
#3874=EDGE_CURVE('',#3014,#3015,#1638,.T.);
#3875=EDGE_CURVE('',#3015,#3013,#1639,.T.);
#3876=EDGE_CURVE('',#3016,#3017,#1640,.T.);
#3877=EDGE_CURVE('',#3018,#3017,#1641,.T.);
#3878=EDGE_CURVE('',#3018,#3019,#1642,.T.);
#3879=EDGE_CURVE('',#3016,#3019,#1643,.T.);
#3880=EDGE_CURVE('',#3017,#3020,#1644,.T.);
#3881=EDGE_CURVE('',#3021,#3020,#1645,.T.);
#3882=EDGE_CURVE('',#3021,#3018,#1646,.T.);
#3883=EDGE_CURVE('',#3020,#3022,#1647,.T.);
#3884=EDGE_CURVE('',#3023,#3022,#1648,.T.);
#3885=EDGE_CURVE('',#3023,#3021,#1649,.T.);
#3886=EDGE_CURVE('',#3022,#3003,#1650,.T.);
#3887=EDGE_CURVE('',#3023,#3002,#1651,.T.);
#3888=EDGE_CURVE('',#3024,#3019,#1652,.T.);
#3889=EDGE_CURVE('',#3024,#3025,#1653,.T.);
#3890=EDGE_CURVE('',#3025,#3016,#1654,.T.);
#3891=EDGE_CURVE('',#3015,#3024,#1655,.T.);
#3892=EDGE_CURVE('',#3009,#3005,#1656,.T.);
#3893=EDGE_CURVE('',#3006,#3004,#1657,.T.);
#3894=EDGE_CURVE('',#3025,#3014,#1658,.T.);
#3895=ORIENTED_EDGE('',*,*,#3026,.T.);
#3896=ORIENTED_EDGE('',*,*,#3027,.T.);
#3897=ORIENTED_EDGE('',*,*,#3028,.T.);
#3898=ORIENTED_EDGE('',*,*,#3029,.T.);
#3899=ORIENTED_EDGE('',*,*,#3028,.F.);
#3900=ORIENTED_EDGE('',*,*,#3030,.T.);
#3901=ORIENTED_EDGE('',*,*,#3031,.T.);
#3902=ORIENTED_EDGE('',*,*,#3032,.T.);
#3903=ORIENTED_EDGE('',*,*,#3026,.F.);
#3904=ORIENTED_EDGE('',*,*,#3033,.T.);
#3905=ORIENTED_EDGE('',*,*,#3034,.T.);
#3906=ORIENTED_EDGE('',*,*,#3035,.T.);
#3907=ORIENTED_EDGE('',*,*,#3034,.F.);
#3908=ORIENTED_EDGE('',*,*,#3036,.T.);
#3909=ORIENTED_EDGE('',*,*,#3036,.F.);
#3910=ORIENTED_EDGE('',*,*,#3037,.T.);
#3911=ORIENTED_EDGE('',*,*,#3038,.F.);
#3912=ORIENTED_EDGE('',*,*,#3039,.T.);
#3913=ORIENTED_EDGE('',*,*,#3033,.F.);
#3914=ORIENTED_EDGE('',*,*,#3029,.F.);
#3915=ORIENTED_EDGE('',*,*,#3040,.F.);
#3916=ORIENTED_EDGE('',*,*,#3041,.F.);
#3917=ORIENTED_EDGE('',*,*,#3042,.F.);
#3918=ORIENTED_EDGE('',*,*,#3037,.F.);
#3919=ORIENTED_EDGE('',*,*,#3043,.T.);
#3920=ORIENTED_EDGE('',*,*,#3044,.T.);
#3921=ORIENTED_EDGE('',*,*,#3045,.T.);
#3922=ORIENTED_EDGE('',*,*,#3046,.T.);
#3923=ORIENTED_EDGE('',*,*,#3041,.T.);
#3924=ORIENTED_EDGE('',*,*,#3043,.F.);
#3925=ORIENTED_EDGE('',*,*,#3047,.T.);
#3926=ORIENTED_EDGE('',*,*,#3048,.F.);
#3927=ORIENTED_EDGE('',*,*,#3049,.T.);
#3928=ORIENTED_EDGE('',*,*,#3042,.T.);
#3929=ORIENTED_EDGE('',*,*,#3046,.F.);
#3930=ORIENTED_EDGE('',*,*,#3050,.F.);
#3931=ORIENTED_EDGE('',*,*,#3038,.T.);
#3932=ORIENTED_EDGE('',*,*,#3049,.F.);
#3933=ORIENTED_EDGE('',*,*,#3047,.F.);
#3934=ORIENTED_EDGE('',*,*,#3051,.F.);
#3935=ORIENTED_EDGE('',*,*,#3052,.F.);
#3936=ORIENTED_EDGE('',*,*,#3053,.F.);
#3937=ORIENTED_EDGE('',*,*,#3045,.F.);
#3938=ORIENTED_EDGE('',*,*,#3054,.T.);
#3939=ORIENTED_EDGE('',*,*,#3055,.F.);
#3940=ORIENTED_EDGE('',*,*,#3051,.T.);
#3941=ORIENTED_EDGE('',*,*,#3031,.F.);
#3942=ORIENTED_EDGE('',*,*,#3056,.T.);
#3943=ORIENTED_EDGE('',*,*,#3044,.F.);
#3944=ORIENTED_EDGE('',*,*,#3040,.T.);
#3945=ORIENTED_EDGE('',*,*,#3057,.T.);
#3946=ORIENTED_EDGE('',*,*,#3058,.T.);
#3947=ORIENTED_EDGE('',*,*,#3059,.T.);
#3948=ORIENTED_EDGE('',*,*,#3060,.T.);
#3949=ORIENTED_EDGE('',*,*,#3061,.T.);
#3950=ORIENTED_EDGE('',*,*,#3057,.F.);
#3951=ORIENTED_EDGE('',*,*,#3062,.T.);
#3952=ORIENTED_EDGE('',*,*,#3063,.F.);
#3953=ORIENTED_EDGE('',*,*,#3064,.T.);
#3954=ORIENTED_EDGE('',*,*,#3065,.T.);
#3955=ORIENTED_EDGE('',*,*,#3060,.F.);
#3956=ORIENTED_EDGE('',*,*,#3066,.F.);
#3957=ORIENTED_EDGE('',*,*,#3067,.T.);
#3958=ORIENTED_EDGE('',*,*,#3064,.F.);
#3959=ORIENTED_EDGE('',*,*,#3027,.F.);
#3960=ORIENTED_EDGE('',*,*,#3068,.F.);
#3961=ORIENTED_EDGE('',*,*,#3062,.F.);
#3962=ORIENTED_EDGE('',*,*,#3069,.F.);
#3963=ORIENTED_EDGE('',*,*,#3030,.F.);
#3964=ORIENTED_EDGE('',*,*,#3069,.T.);
#3965=ORIENTED_EDGE('',*,*,#3059,.F.);
#3966=ORIENTED_EDGE('',*,*,#3070,.T.);
#3967=ORIENTED_EDGE('',*,*,#3071,.T.);
#3968=ORIENTED_EDGE('',*,*,#3052,.T.);
#3969=ORIENTED_EDGE('',*,*,#3072,.T.);
#3970=ORIENTED_EDGE('',*,*,#3073,.T.);
#3971=ORIENTED_EDGE('',*,*,#3072,.F.);
#3972=ORIENTED_EDGE('',*,*,#3055,.T.);
#3973=ORIENTED_EDGE('',*,*,#3074,.T.);
#3974=ORIENTED_EDGE('',*,*,#3075,.T.);
#3975=ORIENTED_EDGE('',*,*,#3071,.F.);
#3976=ORIENTED_EDGE('',*,*,#3076,.T.);
#3977=ORIENTED_EDGE('',*,*,#3077,.T.);
#3978=ORIENTED_EDGE('',*,*,#3078,.T.);
#3979=ORIENTED_EDGE('',*,*,#3077,.F.);
#3980=ORIENTED_EDGE('',*,*,#3079,.T.);
#3981=ORIENTED_EDGE('',*,*,#3067,.F.);
#3982=ORIENTED_EDGE('',*,*,#3080,.T.);
#3983=ORIENTED_EDGE('',*,*,#3079,.F.);
#3984=ORIENTED_EDGE('',*,*,#3081,.T.);
#3985=ORIENTED_EDGE('',*,*,#3065,.F.);
#3986=ORIENTED_EDGE('',*,*,#3081,.F.);
#3987=ORIENTED_EDGE('',*,*,#3076,.F.);
#3988=ORIENTED_EDGE('',*,*,#3073,.F.);
#3989=ORIENTED_EDGE('',*,*,#3082,.F.);
#3990=ORIENTED_EDGE('',*,*,#3061,.F.);
#3991=ORIENTED_EDGE('',*,*,#3083,.T.);
#3992=ORIENTED_EDGE('',*,*,#3084,.T.);
#3993=ORIENTED_EDGE('',*,*,#3085,.T.);
#3994=ORIENTED_EDGE('',*,*,#3086,.T.);
#3995=ORIENTED_EDGE('',*,*,#3087,.T.);
#3996=ORIENTED_EDGE('',*,*,#3088,.T.);
#3997=ORIENTED_EDGE('',*,*,#3085,.F.);
#3998=ORIENTED_EDGE('',*,*,#3089,.T.);
#3999=ORIENTED_EDGE('',*,*,#3090,.T.);
#4000=ORIENTED_EDGE('',*,*,#3091,.T.);
#4001=ORIENTED_EDGE('',*,*,#3087,.F.);
#4002=ORIENTED_EDGE('',*,*,#3092,.T.);
#4003=ORIENTED_EDGE('',*,*,#3093,.T.);
#4004=ORIENTED_EDGE('',*,*,#3094,.T.);
#4005=ORIENTED_EDGE('',*,*,#3090,.F.);
#4006=ORIENTED_EDGE('',*,*,#3095,.T.);
#4007=ORIENTED_EDGE('',*,*,#3096,.T.);
#4008=ORIENTED_EDGE('',*,*,#3097,.T.);
#4009=ORIENTED_EDGE('',*,*,#3093,.F.);
#4010=ORIENTED_EDGE('',*,*,#3098,.T.);
#4011=ORIENTED_EDGE('',*,*,#3099,.T.);
#4012=ORIENTED_EDGE('',*,*,#3100,.T.);
#4013=ORIENTED_EDGE('',*,*,#3096,.F.);
#4014=ORIENTED_EDGE('',*,*,#3101,.T.);
#4015=ORIENTED_EDGE('',*,*,#3102,.T.);
#4016=ORIENTED_EDGE('',*,*,#3103,.T.);
#4017=ORIENTED_EDGE('',*,*,#3099,.F.);
#4018=ORIENTED_EDGE('',*,*,#3104,.T.);
#4019=ORIENTED_EDGE('',*,*,#3083,.F.);
#4020=ORIENTED_EDGE('',*,*,#3105,.T.);
#4021=ORIENTED_EDGE('',*,*,#3102,.F.);
#4022=ORIENTED_EDGE('',*,*,#3106,.T.);
#4023=ORIENTED_EDGE('',*,*,#3100,.F.);
#4024=ORIENTED_EDGE('',*,*,#3107,.T.);
#4025=ORIENTED_EDGE('',*,*,#3108,.F.);
#4026=ORIENTED_EDGE('',*,*,#3109,.T.);
#4027=ORIENTED_EDGE('',*,*,#3103,.F.);
#4028=ORIENTED_EDGE('',*,*,#3110,.F.);
#4029=ORIENTED_EDGE('',*,*,#3111,.F.);
#4030=ORIENTED_EDGE('',*,*,#3107,.F.);
#4031=ORIENTED_EDGE('',*,*,#3105,.F.);
#4032=ORIENTED_EDGE('',*,*,#3112,.T.);
#4033=ORIENTED_EDGE('',*,*,#3113,.F.);
#4034=ORIENTED_EDGE('',*,*,#3110,.T.);
#4035=ORIENTED_EDGE('',*,*,#3086,.F.);
#4036=ORIENTED_EDGE('',*,*,#3114,.F.);
#4037=ORIENTED_EDGE('',*,*,#3115,.F.);
#4038=ORIENTED_EDGE('',*,*,#3112,.F.);
#4039=ORIENTED_EDGE('',*,*,#3084,.F.);
#4040=ORIENTED_EDGE('',*,*,#3106,.F.);
#4041=ORIENTED_EDGE('',*,*,#3104,.F.);
#4042=ORIENTED_EDGE('',*,*,#3101,.F.);
#4043=ORIENTED_EDGE('',*,*,#3098,.F.);
#4044=ORIENTED_EDGE('',*,*,#3095,.F.);
#4045=ORIENTED_EDGE('',*,*,#3092,.F.);
#4046=ORIENTED_EDGE('',*,*,#3089,.F.);
#4047=ORIENTED_EDGE('',*,*,#3116,.T.);
#4048=ORIENTED_EDGE('',*,*,#3117,.T.);
#4049=ORIENTED_EDGE('',*,*,#3118,.T.);
#4050=ORIENTED_EDGE('',*,*,#3119,.T.);
#4051=ORIENTED_EDGE('',*,*,#3120,.T.);
#4052=ORIENTED_EDGE('',*,*,#3121,.T.);
#4053=ORIENTED_EDGE('',*,*,#3122,.T.);
#4054=ORIENTED_EDGE('',*,*,#3113,.T.);
#4055=ORIENTED_EDGE('',*,*,#3123,.T.);
#4056=ORIENTED_EDGE('',*,*,#3111,.T.);
#4057=ORIENTED_EDGE('',*,*,#3122,.F.);
#4058=ORIENTED_EDGE('',*,*,#3124,.T.);
#4059=ORIENTED_EDGE('',*,*,#3125,.T.);
#4060=ORIENTED_EDGE('',*,*,#3108,.T.);
#4061=ORIENTED_EDGE('',*,*,#3123,.F.);
#4062=ORIENTED_EDGE('',*,*,#3126,.T.);
#4063=ORIENTED_EDGE('',*,*,#3127,.T.);
#4064=ORIENTED_EDGE('',*,*,#3128,.T.);
#4065=ORIENTED_EDGE('',*,*,#3125,.F.);
#4066=ORIENTED_EDGE('',*,*,#3129,.T.);
#4067=ORIENTED_EDGE('',*,*,#3130,.T.);
#4068=ORIENTED_EDGE('',*,*,#3131,.T.);
#4069=ORIENTED_EDGE('',*,*,#3127,.F.);
#4070=ORIENTED_EDGE('',*,*,#3132,.T.);
#4071=ORIENTED_EDGE('',*,*,#3133,.T.);
#4072=ORIENTED_EDGE('',*,*,#3134,.T.);
#4073=ORIENTED_EDGE('',*,*,#3130,.F.);
#4074=ORIENTED_EDGE('',*,*,#3135,.T.);
#4075=ORIENTED_EDGE('',*,*,#3136,.T.);
#4076=ORIENTED_EDGE('',*,*,#3137,.T.);
#4077=ORIENTED_EDGE('',*,*,#3133,.F.);
#4078=ORIENTED_EDGE('',*,*,#3138,.T.);
#4079=ORIENTED_EDGE('',*,*,#3136,.F.);
#4080=ORIENTED_EDGE('',*,*,#3139,.T.);
#4081=ORIENTED_EDGE('',*,*,#3120,.F.);
#4082=ORIENTED_EDGE('',*,*,#3115,.T.);
#4083=ORIENTED_EDGE('',*,*,#3091,.F.);
#4084=ORIENTED_EDGE('',*,*,#3140,.F.);
#4085=ORIENTED_EDGE('',*,*,#3134,.F.);
#4086=ORIENTED_EDGE('',*,*,#3141,.F.);
#4087=ORIENTED_EDGE('',*,*,#3088,.F.);
#4088=ORIENTED_EDGE('',*,*,#3141,.T.);
#4089=ORIENTED_EDGE('',*,*,#3137,.F.);
#4090=ORIENTED_EDGE('',*,*,#3114,.T.);
#4091=ORIENTED_EDGE('',*,*,#3121,.F.);
#4092=ORIENTED_EDGE('',*,*,#3139,.F.);
#4093=ORIENTED_EDGE('',*,*,#3138,.F.);
#4094=ORIENTED_EDGE('',*,*,#3135,.F.);
#4095=ORIENTED_EDGE('',*,*,#3132,.F.);
#4096=ORIENTED_EDGE('',*,*,#3129,.F.);
#4097=ORIENTED_EDGE('',*,*,#3126,.F.);
#4098=ORIENTED_EDGE('',*,*,#3124,.F.);
#4099=ORIENTED_EDGE('',*,*,#3142,.F.);
#4100=ORIENTED_EDGE('',*,*,#3143,.T.);
#4101=ORIENTED_EDGE('',*,*,#3144,.T.);
#4102=ORIENTED_EDGE('',*,*,#3145,.T.);
#4103=ORIENTED_EDGE('',*,*,#3146,.T.);
#4104=ORIENTED_EDGE('',*,*,#3147,.T.);
#4105=ORIENTED_EDGE('',*,*,#3148,.T.);
#4106=ORIENTED_EDGE('',*,*,#3142,.T.);
#4107=ORIENTED_EDGE('',*,*,#3148,.F.);
#4108=ORIENTED_EDGE('',*,*,#3149,.F.);
#4109=ORIENTED_EDGE('',*,*,#3150,.T.);
#4110=ORIENTED_EDGE('',*,*,#3147,.F.);
#4111=ORIENTED_EDGE('',*,*,#3150,.F.);
#4112=ORIENTED_EDGE('',*,*,#3053,.T.);
#4113=ORIENTED_EDGE('',*,*,#3075,.F.);
#4114=ORIENTED_EDGE('',*,*,#3078,.F.);
#4115=ORIENTED_EDGE('',*,*,#3080,.F.);
#4116=ORIENTED_EDGE('',*,*,#3066,.T.);
#4117=ORIENTED_EDGE('',*,*,#3063,.T.);
#4118=ORIENTED_EDGE('',*,*,#3068,.T.);
#4119=ORIENTED_EDGE('',*,*,#3032,.F.);
#4120=ORIENTED_EDGE('',*,*,#3035,.F.);
#4121=ORIENTED_EDGE('',*,*,#3039,.F.);
#4122=ORIENTED_EDGE('',*,*,#3050,.T.);
#4123=ORIENTED_EDGE('',*,*,#3048,.T.);
#4124=ORIENTED_EDGE('',*,*,#3058,.F.);
#4125=ORIENTED_EDGE('',*,*,#3082,.T.);
#4126=ORIENTED_EDGE('',*,*,#3074,.F.);
#4127=ORIENTED_EDGE('',*,*,#3151,.T.);
#4128=ORIENTED_EDGE('',*,*,#3070,.F.);
#4129=ORIENTED_EDGE('',*,*,#3151,.F.);
#4130=ORIENTED_EDGE('',*,*,#3054,.F.);
#4131=ORIENTED_EDGE('',*,*,#3056,.F.);
#4132=ORIENTED_EDGE('',*,*,#3094,.F.);
#4133=ORIENTED_EDGE('',*,*,#3152,.T.);
#4134=ORIENTED_EDGE('',*,*,#3131,.F.);
#4135=ORIENTED_EDGE('',*,*,#3140,.T.);
#4136=ORIENTED_EDGE('',*,*,#3097,.F.);
#4137=ORIENTED_EDGE('',*,*,#3109,.F.);
#4138=ORIENTED_EDGE('',*,*,#3128,.F.);
#4139=ORIENTED_EDGE('',*,*,#3152,.F.);
#4140=ORIENTED_EDGE('',*,*,#3153,.F.);
#4141=ORIENTED_EDGE('',*,*,#3154,.T.);
#4142=ORIENTED_EDGE('',*,*,#3146,.F.);
#4143=ORIENTED_EDGE('',*,*,#3155,.T.);
#4144=ORIENTED_EDGE('',*,*,#3153,.T.);
#4145=ORIENTED_EDGE('',*,*,#3155,.F.);
#4146=ORIENTED_EDGE('',*,*,#3154,.F.);
#4147=ORIENTED_EDGE('',*,*,#3156,.T.);
#4148=ORIENTED_EDGE('',*,*,#3119,.F.);
#4149=ORIENTED_EDGE('',*,*,#3156,.F.);
#4150=ORIENTED_EDGE('',*,*,#3157,.F.);
#4151=ORIENTED_EDGE('',*,*,#3158,.T.);
#4152=ORIENTED_EDGE('',*,*,#3145,.F.);
#4153=ORIENTED_EDGE('',*,*,#3159,.T.);
#4154=ORIENTED_EDGE('',*,*,#3157,.T.);
#4155=ORIENTED_EDGE('',*,*,#3159,.F.);
#4156=ORIENTED_EDGE('',*,*,#3158,.F.);
#4157=ORIENTED_EDGE('',*,*,#3160,.T.);
#4158=ORIENTED_EDGE('',*,*,#3118,.F.);
#4159=ORIENTED_EDGE('',*,*,#3160,.F.);
#4160=ORIENTED_EDGE('',*,*,#3161,.F.);
#4161=ORIENTED_EDGE('',*,*,#3162,.T.);
#4162=ORIENTED_EDGE('',*,*,#3144,.F.);
#4163=ORIENTED_EDGE('',*,*,#3163,.T.);
#4164=ORIENTED_EDGE('',*,*,#3161,.T.);
#4165=ORIENTED_EDGE('',*,*,#3163,.F.);
#4166=ORIENTED_EDGE('',*,*,#3162,.F.);
#4167=ORIENTED_EDGE('',*,*,#3164,.T.);
#4168=ORIENTED_EDGE('',*,*,#3117,.F.);
#4169=ORIENTED_EDGE('',*,*,#3164,.F.);
#4170=ORIENTED_EDGE('',*,*,#3165,.F.);
#4171=ORIENTED_EDGE('',*,*,#3166,.T.);
#4172=ORIENTED_EDGE('',*,*,#3143,.F.);
#4173=ORIENTED_EDGE('',*,*,#3167,.T.);
#4174=ORIENTED_EDGE('',*,*,#3165,.T.);
#4175=ORIENTED_EDGE('',*,*,#3167,.F.);
#4176=ORIENTED_EDGE('',*,*,#3166,.F.);
#4177=ORIENTED_EDGE('',*,*,#3168,.T.);
#4178=ORIENTED_EDGE('',*,*,#3116,.F.);
#4179=ORIENTED_EDGE('',*,*,#3168,.F.);
#4180=ORIENTED_EDGE('',*,*,#3149,.T.);
#4181=ORIENTED_EDGE('',*,*,#3169,.F.);
#4182=ORIENTED_EDGE('',*,*,#3170,.T.);
#4183=ORIENTED_EDGE('',*,*,#3171,.F.);
#4184=ORIENTED_EDGE('',*,*,#3170,.F.);
#4185=ORIENTED_EDGE('',*,*,#3172,.F.);
#4186=ORIENTED_EDGE('',*,*,#3173,.T.);
#4187=ORIENTED_EDGE('',*,*,#3174,.F.);
#4188=ORIENTED_EDGE('',*,*,#3173,.F.);
#4189=ORIENTED_EDGE('',*,*,#3175,.F.);
#4190=ORIENTED_EDGE('',*,*,#3176,.F.);
#4191=ORIENTED_EDGE('',*,*,#3177,.T.);
#4192=ORIENTED_EDGE('',*,*,#3178,.F.);
#4193=ORIENTED_EDGE('',*,*,#3179,.F.);
#4194=ORIENTED_EDGE('',*,*,#3180,.F.);
#4195=ORIENTED_EDGE('',*,*,#3179,.T.);
#4196=ORIENTED_EDGE('',*,*,#3181,.F.);
#4197=ORIENTED_EDGE('',*,*,#3177,.F.);
#4198=ORIENTED_EDGE('',*,*,#3182,.F.);
#4199=ORIENTED_EDGE('',*,*,#3183,.F.);
#4200=ORIENTED_EDGE('',*,*,#3184,.F.);
#4201=ORIENTED_EDGE('',*,*,#3185,.F.);
#4202=ORIENTED_EDGE('',*,*,#3175,.T.);
#4203=ORIENTED_EDGE('',*,*,#3180,.T.);
#4204=ORIENTED_EDGE('',*,*,#3176,.T.);
#4205=ORIENTED_EDGE('',*,*,#3186,.F.);
#4206=ORIENTED_EDGE('',*,*,#3187,.F.);
#4207=ORIENTED_EDGE('',*,*,#3188,.T.);
#4208=ORIENTED_EDGE('',*,*,#3183,.T.);
#4209=ORIENTED_EDGE('',*,*,#3189,.F.);
#4210=ORIENTED_EDGE('',*,*,#3190,.F.);
#4211=ORIENTED_EDGE('',*,*,#3191,.T.);
#4212=ORIENTED_EDGE('',*,*,#3186,.T.);
#4213=ORIENTED_EDGE('',*,*,#3185,.T.);
#4214=ORIENTED_EDGE('',*,*,#3192,.F.);
#4215=ORIENTED_EDGE('',*,*,#3187,.T.);
#4216=ORIENTED_EDGE('',*,*,#3193,.F.);
#4217=ORIENTED_EDGE('',*,*,#3194,.F.);
#4218=ORIENTED_EDGE('',*,*,#3195,.F.);
#4219=ORIENTED_EDGE('',*,*,#3169,.T.);
#4220=ORIENTED_EDGE('',*,*,#3190,.T.);
#4221=ORIENTED_EDGE('',*,*,#3196,.F.);
#4222=ORIENTED_EDGE('',*,*,#3197,.F.);
#4223=ORIENTED_EDGE('',*,*,#3198,.F.);
#4224=ORIENTED_EDGE('',*,*,#3172,.T.);
#4225=ORIENTED_EDGE('',*,*,#3199,.F.);
#4226=ORIENTED_EDGE('',*,*,#3200,.T.);
#4227=ORIENTED_EDGE('',*,*,#3193,.T.);
#4228=ORIENTED_EDGE('',*,*,#3189,.T.);
#4229=ORIENTED_EDGE('',*,*,#3182,.T.);
#4230=ORIENTED_EDGE('',*,*,#3191,.F.);
#4231=ORIENTED_EDGE('',*,*,#3198,.T.);
#4232=ORIENTED_EDGE('',*,*,#3201,.F.);
#4233=ORIENTED_EDGE('',*,*,#3202,.F.);
#4234=ORIENTED_EDGE('',*,*,#3203,.T.);
#4235=ORIENTED_EDGE('',*,*,#3194,.T.);
#4236=ORIENTED_EDGE('',*,*,#3200,.F.);
#4237=ORIENTED_EDGE('',*,*,#3204,.F.);
#4238=ORIENTED_EDGE('',*,*,#3205,.T.);
#4239=ORIENTED_EDGE('',*,*,#3196,.T.);
#4240=ORIENTED_EDGE('',*,*,#3192,.T.);
#4241=ORIENTED_EDGE('',*,*,#3184,.T.);
#4242=ORIENTED_EDGE('',*,*,#3188,.F.);
#4243=ORIENTED_EDGE('',*,*,#3195,.T.);
#4244=ORIENTED_EDGE('',*,*,#3203,.F.);
#4245=ORIENTED_EDGE('',*,*,#3206,.F.);
#4246=ORIENTED_EDGE('',*,*,#3201,.T.);
#4247=ORIENTED_EDGE('',*,*,#3197,.T.);
#4248=ORIENTED_EDGE('',*,*,#3205,.F.);
#4249=ORIENTED_EDGE('',*,*,#3207,.F.);
#4250=ORIENTED_EDGE('',*,*,#3208,.F.);
#4251=ORIENTED_EDGE('',*,*,#3209,.F.);
#4252=ORIENTED_EDGE('',*,*,#3210,.F.);
#4253=ORIENTED_EDGE('',*,*,#3211,.F.);
#4254=ORIENTED_EDGE('',*,*,#3212,.F.);
#4255=ORIENTED_EDGE('',*,*,#3213,.T.);
#4256=ORIENTED_EDGE('',*,*,#3214,.T.);
#4257=ORIENTED_EDGE('',*,*,#3215,.T.);
#4258=ORIENTED_EDGE('',*,*,#3208,.T.);
#4259=ORIENTED_EDGE('',*,*,#3171,.T.);
#4260=ORIENTED_EDGE('',*,*,#3174,.T.);
#4261=ORIENTED_EDGE('',*,*,#3178,.T.);
#4262=ORIENTED_EDGE('',*,*,#3181,.T.);
#4263=ORIENTED_EDGE('',*,*,#3216,.T.);
#4264=ORIENTED_EDGE('',*,*,#3217,.F.);
#4265=ORIENTED_EDGE('',*,*,#3218,.F.);
#4266=ORIENTED_EDGE('',*,*,#3214,.F.);
#4267=ORIENTED_EDGE('',*,*,#3218,.T.);
#4268=ORIENTED_EDGE('',*,*,#3219,.F.);
#4269=ORIENTED_EDGE('',*,*,#3209,.T.);
#4270=ORIENTED_EDGE('',*,*,#3215,.F.);
#4271=ORIENTED_EDGE('',*,*,#3220,.F.);
#4272=ORIENTED_EDGE('',*,*,#3210,.T.);
#4273=ORIENTED_EDGE('',*,*,#3219,.T.);
#4274=ORIENTED_EDGE('',*,*,#3217,.T.);
#4275=ORIENTED_EDGE('',*,*,#3221,.T.);
#4276=ORIENTED_EDGE('',*,*,#3222,.F.);
#4277=ORIENTED_EDGE('',*,*,#3199,.T.);
#4278=ORIENTED_EDGE('',*,*,#3206,.T.);
#4279=ORIENTED_EDGE('',*,*,#3204,.T.);
#4280=ORIENTED_EDGE('',*,*,#3202,.T.);
#4281=ORIENTED_EDGE('',*,*,#3223,.F.);
#4282=ORIENTED_EDGE('',*,*,#3221,.F.);
#4283=ORIENTED_EDGE('',*,*,#3216,.F.);
#4284=ORIENTED_EDGE('',*,*,#3213,.F.);
#4285=ORIENTED_EDGE('',*,*,#3224,.T.);
#4286=ORIENTED_EDGE('',*,*,#3225,.T.);
#4287=ORIENTED_EDGE('',*,*,#3226,.T.);
#4288=ORIENTED_EDGE('',*,*,#3227,.T.);
#4289=ORIENTED_EDGE('',*,*,#3222,.T.);
#4290=ORIENTED_EDGE('',*,*,#3223,.T.);
#4291=ORIENTED_EDGE('',*,*,#3212,.T.);
#4292=ORIENTED_EDGE('',*,*,#3228,.F.);
#4293=ORIENTED_EDGE('',*,*,#3229,.F.);
#4294=ORIENTED_EDGE('',*,*,#3230,.T.);
#4295=ORIENTED_EDGE('',*,*,#3227,.F.);
#4296=ORIENTED_EDGE('',*,*,#3230,.F.);
#4297=ORIENTED_EDGE('',*,*,#3231,.F.);
#4298=ORIENTED_EDGE('',*,*,#3232,.T.);
#4299=ORIENTED_EDGE('',*,*,#3226,.F.);
#4300=ORIENTED_EDGE('',*,*,#3232,.F.);
#4301=ORIENTED_EDGE('',*,*,#3233,.F.);
#4302=ORIENTED_EDGE('',*,*,#3234,.F.);
#4303=ORIENTED_EDGE('',*,*,#3235,.T.);
#4304=ORIENTED_EDGE('',*,*,#3224,.F.);
#4305=ORIENTED_EDGE('',*,*,#3236,.F.);
#4306=ORIENTED_EDGE('',*,*,#3237,.F.);
#4307=ORIENTED_EDGE('',*,*,#3236,.T.);
#4308=ORIENTED_EDGE('',*,*,#3225,.F.);
#4309=ORIENTED_EDGE('',*,*,#3235,.F.);
#4310=ORIENTED_EDGE('',*,*,#3238,.F.);
#4311=ORIENTED_EDGE('',*,*,#3239,.F.);
#4312=ORIENTED_EDGE('',*,*,#3240,.F.);
#4313=ORIENTED_EDGE('',*,*,#3241,.F.);
#4314=ORIENTED_EDGE('',*,*,#3233,.T.);
#4315=ORIENTED_EDGE('',*,*,#3237,.T.);
#4316=ORIENTED_EDGE('',*,*,#3234,.T.);
#4317=ORIENTED_EDGE('',*,*,#3242,.F.);
#4318=ORIENTED_EDGE('',*,*,#3243,.F.);
#4319=ORIENTED_EDGE('',*,*,#3244,.T.);
#4320=ORIENTED_EDGE('',*,*,#3239,.T.);
#4321=ORIENTED_EDGE('',*,*,#3245,.F.);
#4322=ORIENTED_EDGE('',*,*,#3246,.F.);
#4323=ORIENTED_EDGE('',*,*,#3247,.T.);
#4324=ORIENTED_EDGE('',*,*,#3242,.T.);
#4325=ORIENTED_EDGE('',*,*,#3241,.T.);
#4326=ORIENTED_EDGE('',*,*,#3248,.F.);
#4327=ORIENTED_EDGE('',*,*,#3243,.T.);
#4328=ORIENTED_EDGE('',*,*,#3249,.F.);
#4329=ORIENTED_EDGE('',*,*,#3250,.F.);
#4330=ORIENTED_EDGE('',*,*,#3251,.F.);
#4331=ORIENTED_EDGE('',*,*,#3229,.T.);
#4332=ORIENTED_EDGE('',*,*,#3246,.T.);
#4333=ORIENTED_EDGE('',*,*,#3252,.F.);
#4334=ORIENTED_EDGE('',*,*,#3253,.F.);
#4335=ORIENTED_EDGE('',*,*,#3254,.F.);
#4336=ORIENTED_EDGE('',*,*,#3231,.T.);
#4337=ORIENTED_EDGE('',*,*,#3255,.F.);
#4338=ORIENTED_EDGE('',*,*,#3256,.T.);
#4339=ORIENTED_EDGE('',*,*,#3253,.T.);
#4340=ORIENTED_EDGE('',*,*,#3257,.F.);
#4341=ORIENTED_EDGE('',*,*,#3258,.F.);
#4342=ORIENTED_EDGE('',*,*,#3259,.T.);
#4343=ORIENTED_EDGE('',*,*,#3249,.T.);
#4344=ORIENTED_EDGE('',*,*,#3245,.T.);
#4345=ORIENTED_EDGE('',*,*,#3238,.T.);
#4346=ORIENTED_EDGE('',*,*,#3247,.F.);
#4347=ORIENTED_EDGE('',*,*,#3254,.T.);
#4348=ORIENTED_EDGE('',*,*,#3256,.F.);
#4349=ORIENTED_EDGE('',*,*,#3260,.F.);
#4350=ORIENTED_EDGE('',*,*,#3261,.T.);
#4351=ORIENTED_EDGE('',*,*,#3250,.T.);
#4352=ORIENTED_EDGE('',*,*,#3259,.F.);
#4353=ORIENTED_EDGE('',*,*,#3262,.F.);
#4354=ORIENTED_EDGE('',*,*,#3257,.T.);
#4355=ORIENTED_EDGE('',*,*,#3252,.T.);
#4356=ORIENTED_EDGE('',*,*,#3248,.T.);
#4357=ORIENTED_EDGE('',*,*,#3240,.T.);
#4358=ORIENTED_EDGE('',*,*,#3244,.F.);
#4359=ORIENTED_EDGE('',*,*,#3251,.T.);
#4360=ORIENTED_EDGE('',*,*,#3261,.F.);
#4361=ORIENTED_EDGE('',*,*,#3220,.T.);
#4362=ORIENTED_EDGE('',*,*,#3228,.T.);
#4363=ORIENTED_EDGE('',*,*,#3211,.T.);
#4364=ORIENTED_EDGE('',*,*,#3207,.T.);
#4365=ORIENTED_EDGE('',*,*,#3255,.T.);
#4366=ORIENTED_EDGE('',*,*,#3262,.T.);
#4367=ORIENTED_EDGE('',*,*,#3260,.T.);
#4368=ORIENTED_EDGE('',*,*,#3258,.T.);
#4369=ORIENTED_EDGE('',*,*,#3263,.F.);
#4370=ORIENTED_EDGE('',*,*,#3264,.T.);
#4371=ORIENTED_EDGE('',*,*,#3265,.T.);
#4372=ORIENTED_EDGE('',*,*,#3264,.F.);
#4373=ORIENTED_EDGE('',*,*,#3265,.F.);
#4374=ORIENTED_EDGE('',*,*,#3266,.F.);
#4375=ORIENTED_EDGE('',*,*,#3267,.T.);
#4376=ORIENTED_EDGE('',*,*,#3268,.T.);
#4377=ORIENTED_EDGE('',*,*,#3267,.F.);
#4378=ORIENTED_EDGE('',*,*,#3268,.F.);
#4379=ORIENTED_EDGE('',*,*,#3269,.T.);
#4380=ORIENTED_EDGE('',*,*,#3270,.T.);
#4381=ORIENTED_EDGE('',*,*,#3271,.F.);
#4382=ORIENTED_EDGE('',*,*,#3272,.F.);
#4383=ORIENTED_EDGE('',*,*,#3273,.T.);
#4384=ORIENTED_EDGE('',*,*,#3272,.T.);
#4385=ORIENTED_EDGE('',*,*,#3274,.F.);
#4386=ORIENTED_EDGE('',*,*,#3275,.F.);
#4387=ORIENTED_EDGE('',*,*,#3276,.T.);
#4388=ORIENTED_EDGE('',*,*,#3275,.T.);
#4389=ORIENTED_EDGE('',*,*,#3277,.F.);
#4390=ORIENTED_EDGE('',*,*,#3278,.F.);
#4391=ORIENTED_EDGE('',*,*,#3279,.T.);
#4392=ORIENTED_EDGE('',*,*,#3278,.T.);
#4393=ORIENTED_EDGE('',*,*,#3280,.F.);
#4394=ORIENTED_EDGE('',*,*,#3270,.F.);
#4395=ORIENTED_EDGE('',*,*,#3280,.T.);
#4396=ORIENTED_EDGE('',*,*,#3277,.T.);
#4397=ORIENTED_EDGE('',*,*,#3274,.T.);
#4398=ORIENTED_EDGE('',*,*,#3271,.T.);
#4399=ORIENTED_EDGE('',*,*,#3279,.F.);
#4400=ORIENTED_EDGE('',*,*,#3269,.F.);
#4401=ORIENTED_EDGE('',*,*,#3273,.F.);
#4402=ORIENTED_EDGE('',*,*,#3276,.F.);
#4403=ORIENTED_EDGE('',*,*,#3263,.T.);
#4404=ORIENTED_EDGE('',*,*,#3266,.T.);
#4405=ORIENTED_EDGE('',*,*,#3281,.F.);
#4406=ORIENTED_EDGE('',*,*,#3282,.T.);
#4407=ORIENTED_EDGE('',*,*,#3283,.F.);
#4408=ORIENTED_EDGE('',*,*,#3282,.F.);
#4409=ORIENTED_EDGE('',*,*,#3284,.F.);
#4410=ORIENTED_EDGE('',*,*,#3285,.T.);
#4411=ORIENTED_EDGE('',*,*,#3286,.F.);
#4412=ORIENTED_EDGE('',*,*,#3285,.F.);
#4413=ORIENTED_EDGE('',*,*,#3287,.F.);
#4414=ORIENTED_EDGE('',*,*,#3288,.T.);
#4415=ORIENTED_EDGE('',*,*,#3289,.F.);
#4416=ORIENTED_EDGE('',*,*,#3290,.F.);
#4417=ORIENTED_EDGE('',*,*,#3291,.T.);
#4418=ORIENTED_EDGE('',*,*,#3289,.T.);
#4419=ORIENTED_EDGE('',*,*,#3292,.T.);
#4420=ORIENTED_EDGE('',*,*,#3293,.T.);
#4421=ORIENTED_EDGE('',*,*,#3281,.T.);
#4422=ORIENTED_EDGE('',*,*,#3294,.T.);
#4423=ORIENTED_EDGE('',*,*,#3295,.F.);
#4424=ORIENTED_EDGE('',*,*,#3293,.F.);
#4425=ORIENTED_EDGE('',*,*,#3296,.F.);
#4426=ORIENTED_EDGE('',*,*,#3297,.T.);
#4427=ORIENTED_EDGE('',*,*,#3298,.F.);
#4428=ORIENTED_EDGE('',*,*,#3299,.F.);
#4429=ORIENTED_EDGE('',*,*,#3290,.T.);
#4430=ORIENTED_EDGE('',*,*,#3291,.F.);
#4431=ORIENTED_EDGE('',*,*,#3295,.T.);
#4432=ORIENTED_EDGE('',*,*,#3300,.T.);
#4433=ORIENTED_EDGE('',*,*,#3296,.T.);
#4434=ORIENTED_EDGE('',*,*,#3292,.F.);
#4435=ORIENTED_EDGE('',*,*,#3288,.F.);
#4436=ORIENTED_EDGE('',*,*,#3301,.F.);
#4437=ORIENTED_EDGE('',*,*,#3302,.F.);
#4438=ORIENTED_EDGE('',*,*,#3302,.T.);
#4439=ORIENTED_EDGE('',*,*,#3303,.T.);
#4440=ORIENTED_EDGE('',*,*,#3304,.F.);
#4441=ORIENTED_EDGE('',*,*,#3305,.T.);
#4442=ORIENTED_EDGE('',*,*,#3306,.F.);
#4443=ORIENTED_EDGE('',*,*,#3307,.F.);
#4444=ORIENTED_EDGE('',*,*,#3308,.F.);
#4445=ORIENTED_EDGE('',*,*,#3309,.F.);
#4446=ORIENTED_EDGE('',*,*,#3310,.F.);
#4447=ORIENTED_EDGE('',*,*,#3311,.T.);
#4448=ORIENTED_EDGE('',*,*,#3312,.T.);
#4449=ORIENTED_EDGE('',*,*,#3298,.T.);
#4450=ORIENTED_EDGE('',*,*,#3313,.F.);
#4451=ORIENTED_EDGE('',*,*,#3314,.F.);
#4452=ORIENTED_EDGE('',*,*,#3315,.T.);
#4453=ORIENTED_EDGE('',*,*,#3316,.F.);
#4454=ORIENTED_EDGE('',*,*,#3317,.F.);
#4455=ORIENTED_EDGE('',*,*,#3318,.F.);
#4456=ORIENTED_EDGE('',*,*,#3319,.F.);
#4457=ORIENTED_EDGE('',*,*,#3317,.T.);
#4458=ORIENTED_EDGE('',*,*,#3320,.F.);
#4459=ORIENTED_EDGE('',*,*,#3321,.F.);
#4460=ORIENTED_EDGE('',*,*,#3322,.F.);
#4461=ORIENTED_EDGE('',*,*,#3321,.T.);
#4462=ORIENTED_EDGE('',*,*,#3323,.F.);
#4463=ORIENTED_EDGE('',*,*,#3324,.F.);
#4464=ORIENTED_EDGE('',*,*,#3325,.F.);
#4465=ORIENTED_EDGE('',*,*,#3324,.T.);
#4466=ORIENTED_EDGE('',*,*,#3326,.F.);
#4467=ORIENTED_EDGE('',*,*,#3315,.F.);
#4468=ORIENTED_EDGE('',*,*,#3326,.T.);
#4469=ORIENTED_EDGE('',*,*,#3323,.T.);
#4470=ORIENTED_EDGE('',*,*,#3320,.T.);
#4471=ORIENTED_EDGE('',*,*,#3316,.T.);
#4472=ORIENTED_EDGE('',*,*,#3286,.T.);
#4473=ORIENTED_EDGE('',*,*,#3299,.T.);
#4474=ORIENTED_EDGE('',*,*,#3312,.F.);
#4475=ORIENTED_EDGE('',*,*,#3327,.F.);
#4476=ORIENTED_EDGE('',*,*,#3328,.F.);
#4477=ORIENTED_EDGE('',*,*,#3329,.F.);
#4478=ORIENTED_EDGE('',*,*,#3330,.F.);
#4479=ORIENTED_EDGE('',*,*,#3331,.F.);
#4480=ORIENTED_EDGE('',*,*,#3303,.F.);
#4481=ORIENTED_EDGE('',*,*,#3301,.T.);
#4482=ORIENTED_EDGE('',*,*,#3287,.T.);
#4483=ORIENTED_EDGE('',*,*,#3332,.T.);
#4484=ORIENTED_EDGE('',*,*,#3333,.T.);
#4485=ORIENTED_EDGE('',*,*,#3318,.T.);
#4486=ORIENTED_EDGE('',*,*,#3319,.T.);
#4487=ORIENTED_EDGE('',*,*,#3322,.T.);
#4488=ORIENTED_EDGE('',*,*,#3325,.T.);
#4489=ORIENTED_EDGE('',*,*,#3314,.T.);
#4490=ORIENTED_EDGE('',*,*,#3334,.T.);
#4491=ORIENTED_EDGE('',*,*,#3335,.F.);
#4492=ORIENTED_EDGE('',*,*,#3336,.F.);
#4493=ORIENTED_EDGE('',*,*,#3332,.F.);
#4494=ORIENTED_EDGE('',*,*,#3337,.T.);
#4495=ORIENTED_EDGE('',*,*,#3338,.F.);
#4496=ORIENTED_EDGE('',*,*,#3337,.F.);
#4497=ORIENTED_EDGE('',*,*,#3334,.F.);
#4498=ORIENTED_EDGE('',*,*,#3333,.F.);
#4499=ORIENTED_EDGE('',*,*,#3336,.T.);
#4500=ORIENTED_EDGE('',*,*,#3339,.F.);
#4501=ORIENTED_EDGE('',*,*,#3340,.T.);
#4502=ORIENTED_EDGE('',*,*,#3341,.T.);
#4503=ORIENTED_EDGE('',*,*,#3327,.T.);
#4504=ORIENTED_EDGE('',*,*,#3311,.F.);
#4505=ORIENTED_EDGE('',*,*,#3342,.T.);
#4506=ORIENTED_EDGE('',*,*,#3328,.T.);
#4507=ORIENTED_EDGE('',*,*,#3341,.F.);
#4508=ORIENTED_EDGE('',*,*,#3343,.T.);
#4509=ORIENTED_EDGE('',*,*,#3344,.T.);
#4510=ORIENTED_EDGE('',*,*,#3329,.T.);
#4511=ORIENTED_EDGE('',*,*,#3342,.F.);
#4512=ORIENTED_EDGE('',*,*,#3345,.T.);
#4513=ORIENTED_EDGE('',*,*,#3346,.T.);
#4514=ORIENTED_EDGE('',*,*,#3330,.T.);
#4515=ORIENTED_EDGE('',*,*,#3344,.F.);
#4516=ORIENTED_EDGE('',*,*,#3347,.T.);
#4517=ORIENTED_EDGE('',*,*,#3304,.T.);
#4518=ORIENTED_EDGE('',*,*,#3331,.T.);
#4519=ORIENTED_EDGE('',*,*,#3346,.F.);
#4520=ORIENTED_EDGE('',*,*,#3348,.T.);
#4521=ORIENTED_EDGE('',*,*,#3349,.T.);
#4522=ORIENTED_EDGE('',*,*,#3348,.F.);
#4523=ORIENTED_EDGE('',*,*,#3350,.F.);
#4524=ORIENTED_EDGE('',*,*,#3351,.F.);
#4525=ORIENTED_EDGE('',*,*,#3352,.F.);
#4526=ORIENTED_EDGE('',*,*,#3353,.F.);
#4527=ORIENTED_EDGE('',*,*,#3354,.F.);
#4528=ORIENTED_EDGE('',*,*,#3347,.F.);
#4529=ORIENTED_EDGE('',*,*,#3355,.T.);
#4530=ORIENTED_EDGE('',*,*,#3356,.F.);
#4531=ORIENTED_EDGE('',*,*,#3350,.T.);
#4532=ORIENTED_EDGE('',*,*,#3345,.F.);
#4533=ORIENTED_EDGE('',*,*,#3357,.F.);
#4534=ORIENTED_EDGE('',*,*,#3358,.F.);
#4535=ORIENTED_EDGE('',*,*,#3359,.F.);
#4536=ORIENTED_EDGE('',*,*,#3360,.F.);
#4537=ORIENTED_EDGE('',*,*,#3361,.F.);
#4538=ORIENTED_EDGE('',*,*,#3362,.F.);
#4539=ORIENTED_EDGE('',*,*,#3363,.F.);
#4540=ORIENTED_EDGE('',*,*,#3364,.F.);
#4541=ORIENTED_EDGE('',*,*,#3365,.F.);
#4542=ORIENTED_EDGE('',*,*,#3366,.F.);
#4543=ORIENTED_EDGE('',*,*,#3367,.F.);
#4544=ORIENTED_EDGE('',*,*,#3368,.F.);
#4545=ORIENTED_EDGE('',*,*,#3369,.F.);
#4546=ORIENTED_EDGE('',*,*,#3370,.F.);
#4547=ORIENTED_EDGE('',*,*,#3355,.F.);
#4548=ORIENTED_EDGE('',*,*,#3371,.T.);
#4549=ORIENTED_EDGE('',*,*,#3372,.T.);
#4550=ORIENTED_EDGE('',*,*,#3373,.T.);
#4551=ORIENTED_EDGE('',*,*,#3374,.T.);
#4552=ORIENTED_EDGE('',*,*,#3375,.T.);
#4553=ORIENTED_EDGE('',*,*,#3376,.T.);
#4554=ORIENTED_EDGE('',*,*,#3377,.T.);
#4555=ORIENTED_EDGE('',*,*,#3343,.F.);
#4556=ORIENTED_EDGE('',*,*,#3378,.T.);
#4557=ORIENTED_EDGE('',*,*,#3379,.F.);
#4558=ORIENTED_EDGE('',*,*,#3357,.T.);
#4559=ORIENTED_EDGE('',*,*,#3340,.F.);
#4560=ORIENTED_EDGE('',*,*,#3380,.T.);
#4561=ORIENTED_EDGE('',*,*,#3381,.F.);
#4562=ORIENTED_EDGE('',*,*,#3382,.F.);
#4563=ORIENTED_EDGE('',*,*,#3383,.F.);
#4564=ORIENTED_EDGE('',*,*,#3378,.F.);
#4565=ORIENTED_EDGE('',*,*,#3384,.T.);
#4566=ORIENTED_EDGE('',*,*,#3385,.T.);
#4567=ORIENTED_EDGE('',*,*,#3386,.T.);
#4568=ORIENTED_EDGE('',*,*,#3384,.F.);
#4569=ORIENTED_EDGE('',*,*,#3351,.T.);
#4570=ORIENTED_EDGE('',*,*,#3387,.T.);
#4571=ORIENTED_EDGE('',*,*,#3388,.T.);
#4572=ORIENTED_EDGE('',*,*,#3387,.F.);
#4573=ORIENTED_EDGE('',*,*,#3356,.T.);
#4574=ORIENTED_EDGE('',*,*,#3389,.T.);
#4575=ORIENTED_EDGE('',*,*,#3386,.F.);
#4576=ORIENTED_EDGE('',*,*,#3390,.T.);
#4577=ORIENTED_EDGE('',*,*,#3391,.T.);
#4578=ORIENTED_EDGE('',*,*,#3352,.T.);
#4579=ORIENTED_EDGE('',*,*,#3385,.F.);
#4580=ORIENTED_EDGE('',*,*,#3392,.T.);
#4581=ORIENTED_EDGE('',*,*,#3393,.F.);
#4582=ORIENTED_EDGE('',*,*,#3394,.T.);
#4583=ORIENTED_EDGE('',*,*,#3395,.T.);
#4584=ORIENTED_EDGE('',*,*,#3369,.T.);
#4585=ORIENTED_EDGE('',*,*,#3396,.T.);
#4586=ORIENTED_EDGE('',*,*,#3397,.T.);
#4587=ORIENTED_EDGE('',*,*,#3393,.T.);
#4588=ORIENTED_EDGE('',*,*,#3398,.T.);
#4589=ORIENTED_EDGE('',*,*,#3399,.T.);
#4590=ORIENTED_EDGE('',*,*,#3400,.T.);
#4591=ORIENTED_EDGE('',*,*,#3398,.F.);
#4592=ORIENTED_EDGE('',*,*,#3401,.T.);
#4593=ORIENTED_EDGE('',*,*,#3397,.F.);
#4594=ORIENTED_EDGE('',*,*,#3402,.T.);
#4595=ORIENTED_EDGE('',*,*,#3388,.F.);
#4596=ORIENTED_EDGE('',*,*,#3403,.F.);
#4597=ORIENTED_EDGE('',*,*,#3401,.F.);
#4598=ORIENTED_EDGE('',*,*,#3392,.F.);
#4599=ORIENTED_EDGE('',*,*,#3400,.F.);
#4600=ORIENTED_EDGE('',*,*,#3404,.F.);
#4601=ORIENTED_EDGE('',*,*,#3405,.F.);
#4602=ORIENTED_EDGE('',*,*,#3406,.F.);
#4603=ORIENTED_EDGE('',*,*,#3407,.F.);
#4604=ORIENTED_EDGE('',*,*,#3408,.F.);
#4605=ORIENTED_EDGE('',*,*,#3409,.F.);
#4606=ORIENTED_EDGE('',*,*,#3410,.F.);
#4607=ORIENTED_EDGE('',*,*,#3411,.F.);
#4608=ORIENTED_EDGE('',*,*,#3412,.F.);
#4609=ORIENTED_EDGE('',*,*,#3413,.F.);
#4610=ORIENTED_EDGE('',*,*,#3414,.F.);
#4611=ORIENTED_EDGE('',*,*,#3415,.F.);
#4612=ORIENTED_EDGE('',*,*,#3416,.F.);
#4613=ORIENTED_EDGE('',*,*,#3417,.F.);
#4614=ORIENTED_EDGE('',*,*,#3390,.F.);
#4615=ORIENTED_EDGE('',*,*,#3394,.F.);
#4616=ORIENTED_EDGE('',*,*,#3418,.T.);
#4617=ORIENTED_EDGE('',*,*,#3419,.T.);
#4618=ORIENTED_EDGE('',*,*,#3420,.T.);
#4619=ORIENTED_EDGE('',*,*,#3421,.T.);
#4620=ORIENTED_EDGE('',*,*,#3422,.T.);
#4621=ORIENTED_EDGE('',*,*,#3423,.T.);
#4622=ORIENTED_EDGE('',*,*,#3424,.T.);
#4623=ORIENTED_EDGE('',*,*,#3399,.F.);
#4624=ORIENTED_EDGE('',*,*,#3425,.T.);
#4625=ORIENTED_EDGE('',*,*,#3426,.F.);
#4626=ORIENTED_EDGE('',*,*,#3404,.T.);
#4627=ORIENTED_EDGE('',*,*,#3427,.T.);
#4628=ORIENTED_EDGE('',*,*,#3367,.T.);
#4629=ORIENTED_EDGE('',*,*,#3428,.T.);
#4630=ORIENTED_EDGE('',*,*,#3429,.T.);
#4631=ORIENTED_EDGE('',*,*,#3426,.T.);
#4632=ORIENTED_EDGE('',*,*,#3430,.T.);
#4633=ORIENTED_EDGE('',*,*,#3431,.T.);
#4634=ORIENTED_EDGE('',*,*,#3405,.T.);
#4635=ORIENTED_EDGE('',*,*,#3430,.F.);
#4636=ORIENTED_EDGE('',*,*,#3432,.T.);
#4637=ORIENTED_EDGE('',*,*,#3429,.F.);
#4638=ORIENTED_EDGE('',*,*,#3433,.T.);
#4639=ORIENTED_EDGE('',*,*,#3402,.F.);
#4640=ORIENTED_EDGE('',*,*,#3434,.F.);
#4641=ORIENTED_EDGE('',*,*,#3432,.F.);
#4642=ORIENTED_EDGE('',*,*,#3425,.F.);
#4643=ORIENTED_EDGE('',*,*,#3431,.F.);
#4644=ORIENTED_EDGE('',*,*,#3435,.T.);
#4645=ORIENTED_EDGE('',*,*,#3436,.F.);
#4646=ORIENTED_EDGE('',*,*,#3406,.T.);
#4647=ORIENTED_EDGE('',*,*,#3437,.T.);
#4648=ORIENTED_EDGE('',*,*,#3365,.T.);
#4649=ORIENTED_EDGE('',*,*,#3438,.T.);
#4650=ORIENTED_EDGE('',*,*,#3439,.T.);
#4651=ORIENTED_EDGE('',*,*,#3436,.T.);
#4652=ORIENTED_EDGE('',*,*,#3440,.T.);
#4653=ORIENTED_EDGE('',*,*,#3441,.T.);
#4654=ORIENTED_EDGE('',*,*,#3407,.T.);
#4655=ORIENTED_EDGE('',*,*,#3440,.F.);
#4656=ORIENTED_EDGE('',*,*,#3442,.T.);
#4657=ORIENTED_EDGE('',*,*,#3439,.F.);
#4658=ORIENTED_EDGE('',*,*,#3443,.T.);
#4659=ORIENTED_EDGE('',*,*,#3433,.F.);
#4660=ORIENTED_EDGE('',*,*,#3444,.F.);
#4661=ORIENTED_EDGE('',*,*,#3442,.F.);
#4662=ORIENTED_EDGE('',*,*,#3435,.F.);
#4663=ORIENTED_EDGE('',*,*,#3441,.F.);
#4664=ORIENTED_EDGE('',*,*,#3445,.T.);
#4665=ORIENTED_EDGE('',*,*,#3446,.F.);
#4666=ORIENTED_EDGE('',*,*,#3408,.T.);
#4667=ORIENTED_EDGE('',*,*,#3447,.T.);
#4668=ORIENTED_EDGE('',*,*,#3363,.T.);
#4669=ORIENTED_EDGE('',*,*,#3448,.T.);
#4670=ORIENTED_EDGE('',*,*,#3449,.T.);
#4671=ORIENTED_EDGE('',*,*,#3446,.T.);
#4672=ORIENTED_EDGE('',*,*,#3450,.T.);
#4673=ORIENTED_EDGE('',*,*,#3451,.T.);
#4674=ORIENTED_EDGE('',*,*,#3409,.T.);
#4675=ORIENTED_EDGE('',*,*,#3450,.F.);
#4676=ORIENTED_EDGE('',*,*,#3452,.T.);
#4677=ORIENTED_EDGE('',*,*,#3449,.F.);
#4678=ORIENTED_EDGE('',*,*,#3453,.T.);
#4679=ORIENTED_EDGE('',*,*,#3443,.F.);
#4680=ORIENTED_EDGE('',*,*,#3454,.F.);
#4681=ORIENTED_EDGE('',*,*,#3452,.F.);
#4682=ORIENTED_EDGE('',*,*,#3445,.F.);
#4683=ORIENTED_EDGE('',*,*,#3451,.F.);
#4684=ORIENTED_EDGE('',*,*,#3455,.T.);
#4685=ORIENTED_EDGE('',*,*,#3456,.F.);
#4686=ORIENTED_EDGE('',*,*,#3410,.T.);
#4687=ORIENTED_EDGE('',*,*,#3457,.T.);
#4688=ORIENTED_EDGE('',*,*,#3361,.T.);
#4689=ORIENTED_EDGE('',*,*,#3458,.T.);
#4690=ORIENTED_EDGE('',*,*,#3459,.T.);
#4691=ORIENTED_EDGE('',*,*,#3456,.T.);
#4692=ORIENTED_EDGE('',*,*,#3460,.T.);
#4693=ORIENTED_EDGE('',*,*,#3461,.T.);
#4694=ORIENTED_EDGE('',*,*,#3411,.T.);
#4695=ORIENTED_EDGE('',*,*,#3460,.F.);
#4696=ORIENTED_EDGE('',*,*,#3462,.T.);
#4697=ORIENTED_EDGE('',*,*,#3459,.F.);
#4698=ORIENTED_EDGE('',*,*,#3463,.T.);
#4699=ORIENTED_EDGE('',*,*,#3448,.F.);
#4700=ORIENTED_EDGE('',*,*,#3362,.T.);
#4701=ORIENTED_EDGE('',*,*,#3457,.F.);
#4702=ORIENTED_EDGE('',*,*,#3464,.T.);
#4703=ORIENTED_EDGE('',*,*,#3453,.F.);
#4704=ORIENTED_EDGE('',*,*,#3464,.F.);
#4705=ORIENTED_EDGE('',*,*,#3462,.F.);
#4706=ORIENTED_EDGE('',*,*,#3455,.F.);
#4707=ORIENTED_EDGE('',*,*,#3465,.T.);
#4708=ORIENTED_EDGE('',*,*,#3413,.T.);
#4709=ORIENTED_EDGE('',*,*,#3466,.T.);
#4710=ORIENTED_EDGE('',*,*,#3467,.T.);
#4711=ORIENTED_EDGE('',*,*,#3468,.T.);
#4712=ORIENTED_EDGE('',*,*,#3469,.T.);
#4713=ORIENTED_EDGE('',*,*,#3470,.T.);
#4714=ORIENTED_EDGE('',*,*,#3359,.T.);
#4715=ORIENTED_EDGE('',*,*,#3467,.F.);
#4716=ORIENTED_EDGE('',*,*,#3471,.T.);
#4717=ORIENTED_EDGE('',*,*,#3469,.F.);
#4718=ORIENTED_EDGE('',*,*,#3472,.T.);
#4719=ORIENTED_EDGE('',*,*,#3465,.F.);
#4720=ORIENTED_EDGE('',*,*,#3473,.T.);
#4721=ORIENTED_EDGE('',*,*,#3474,.F.);
#4722=ORIENTED_EDGE('',*,*,#3414,.T.);
#4723=ORIENTED_EDGE('',*,*,#3472,.F.);
#4724=ORIENTED_EDGE('',*,*,#3475,.F.);
#4725=ORIENTED_EDGE('',*,*,#3476,.F.);
#4726=ORIENTED_EDGE('',*,*,#3473,.F.);
#4727=ORIENTED_EDGE('',*,*,#3468,.F.);
#4728=ORIENTED_EDGE('',*,*,#3358,.T.);
#4729=ORIENTED_EDGE('',*,*,#3477,.F.);
#4730=ORIENTED_EDGE('',*,*,#3475,.T.);
#4731=ORIENTED_EDGE('',*,*,#3478,.T.);
#4732=ORIENTED_EDGE('',*,*,#3479,.T.);
#4733=ORIENTED_EDGE('',*,*,#3474,.T.);
#4734=ORIENTED_EDGE('',*,*,#3478,.F.);
#4735=ORIENTED_EDGE('',*,*,#3476,.T.);
#4736=ORIENTED_EDGE('',*,*,#3480,.T.);
#4737=ORIENTED_EDGE('',*,*,#3383,.T.);
#4738=ORIENTED_EDGE('',*,*,#3480,.F.);
#4739=ORIENTED_EDGE('',*,*,#3477,.T.);
#4740=ORIENTED_EDGE('',*,*,#3379,.T.);
#4741=ORIENTED_EDGE('',*,*,#3479,.F.);
#4742=ORIENTED_EDGE('',*,*,#3382,.T.);
#4743=ORIENTED_EDGE('',*,*,#3481,.T.);
#4744=ORIENTED_EDGE('',*,*,#3415,.T.);
#4745=ORIENTED_EDGE('',*,*,#3389,.F.);
#4746=ORIENTED_EDGE('',*,*,#3370,.T.);
#4747=ORIENTED_EDGE('',*,*,#3395,.F.);
#4748=ORIENTED_EDGE('',*,*,#3403,.T.);
#4749=ORIENTED_EDGE('',*,*,#3396,.F.);
#4750=ORIENTED_EDGE('',*,*,#3368,.T.);
#4751=ORIENTED_EDGE('',*,*,#3427,.F.);
#4752=ORIENTED_EDGE('',*,*,#3434,.T.);
#4753=ORIENTED_EDGE('',*,*,#3428,.F.);
#4754=ORIENTED_EDGE('',*,*,#3366,.T.);
#4755=ORIENTED_EDGE('',*,*,#3437,.F.);
#4756=ORIENTED_EDGE('',*,*,#3444,.T.);
#4757=ORIENTED_EDGE('',*,*,#3438,.F.);
#4758=ORIENTED_EDGE('',*,*,#3364,.T.);
#4759=ORIENTED_EDGE('',*,*,#3447,.F.);
#4760=ORIENTED_EDGE('',*,*,#3454,.T.);
#4761=ORIENTED_EDGE('',*,*,#3458,.F.);
#4762=ORIENTED_EDGE('',*,*,#3360,.T.);
#4763=ORIENTED_EDGE('',*,*,#3470,.F.);
#4764=ORIENTED_EDGE('',*,*,#3482,.T.);
#4765=ORIENTED_EDGE('',*,*,#3463,.F.);
#4766=ORIENTED_EDGE('',*,*,#3482,.F.);
#4767=ORIENTED_EDGE('',*,*,#3471,.F.);
#4768=ORIENTED_EDGE('',*,*,#3483,.F.);
#4769=ORIENTED_EDGE('',*,*,#3461,.F.);
#4770=ORIENTED_EDGE('',*,*,#3483,.T.);
#4771=ORIENTED_EDGE('',*,*,#3466,.F.);
#4772=ORIENTED_EDGE('',*,*,#3412,.T.);
#4773=ORIENTED_EDGE('',*,*,#3484,.T.);
#4774=ORIENTED_EDGE('',*,*,#3485,.T.);
#4775=ORIENTED_EDGE('',*,*,#3486,.T.);
#4776=ORIENTED_EDGE('',*,*,#3481,.F.);
#4777=ORIENTED_EDGE('',*,*,#3381,.T.);
#4778=ORIENTED_EDGE('',*,*,#3487,.T.);
#4779=ORIENTED_EDGE('',*,*,#3488,.T.);
#4780=ORIENTED_EDGE('',*,*,#3485,.F.);
#4781=ORIENTED_EDGE('',*,*,#3489,.T.);
#4782=ORIENTED_EDGE('',*,*,#3353,.T.);
#4783=ORIENTED_EDGE('',*,*,#3391,.F.);
#4784=ORIENTED_EDGE('',*,*,#3490,.T.);
#4785=ORIENTED_EDGE('',*,*,#3491,.T.);
#4786=ORIENTED_EDGE('',*,*,#3492,.T.);
#4787=ORIENTED_EDGE('',*,*,#3491,.F.);
#4788=ORIENTED_EDGE('',*,*,#3493,.T.);
#4789=ORIENTED_EDGE('',*,*,#3487,.F.);
#4790=ORIENTED_EDGE('',*,*,#3484,.F.);
#4791=ORIENTED_EDGE('',*,*,#3380,.F.);
#4792=ORIENTED_EDGE('',*,*,#3339,.T.);
#4793=ORIENTED_EDGE('',*,*,#3310,.T.);
#4794=ORIENTED_EDGE('',*,*,#3309,.T.);
#4795=ORIENTED_EDGE('',*,*,#3494,.T.);
#4796=ORIENTED_EDGE('',*,*,#3495,.F.);
#4797=ORIENTED_EDGE('',*,*,#3492,.F.);
#4798=ORIENTED_EDGE('',*,*,#3496,.F.);
#4799=ORIENTED_EDGE('',*,*,#3497,.T.);
#4800=ORIENTED_EDGE('',*,*,#3306,.T.);
#4801=ORIENTED_EDGE('',*,*,#3305,.F.);
#4802=ORIENTED_EDGE('',*,*,#3349,.F.);
#4803=ORIENTED_EDGE('',*,*,#3354,.T.);
#4804=ORIENTED_EDGE('',*,*,#3489,.F.);
#4805=ORIENTED_EDGE('',*,*,#3497,.F.);
#4806=ORIENTED_EDGE('',*,*,#3498,.T.);
#4807=ORIENTED_EDGE('',*,*,#3307,.T.);
#4808=ORIENTED_EDGE('',*,*,#3490,.F.);
#4809=ORIENTED_EDGE('',*,*,#3417,.T.);
#4810=ORIENTED_EDGE('',*,*,#3498,.F.);
#4811=ORIENTED_EDGE('',*,*,#3496,.T.);
#4812=ORIENTED_EDGE('',*,*,#3493,.F.);
#4813=ORIENTED_EDGE('',*,*,#3494,.F.);
#4814=ORIENTED_EDGE('',*,*,#3308,.T.);
#4815=ORIENTED_EDGE('',*,*,#3499,.T.);
#4816=ORIENTED_EDGE('',*,*,#3488,.F.);
#4817=ORIENTED_EDGE('',*,*,#3495,.T.);
#4818=ORIENTED_EDGE('',*,*,#3499,.F.);
#4819=ORIENTED_EDGE('',*,*,#3416,.T.);
#4820=ORIENTED_EDGE('',*,*,#3486,.F.);
#4821=ORIENTED_EDGE('',*,*,#3313,.T.);
#4822=ORIENTED_EDGE('',*,*,#3297,.F.);
#4823=ORIENTED_EDGE('',*,*,#3294,.F.);
#4824=ORIENTED_EDGE('',*,*,#3300,.F.);
#4825=ORIENTED_EDGE('',*,*,#3283,.T.);
#4826=ORIENTED_EDGE('',*,*,#3284,.T.);
#4827=ORIENTED_EDGE('',*,*,#3335,.T.);
#4828=ORIENTED_EDGE('',*,*,#3338,.T.);
#4829=ORIENTED_EDGE('',*,*,#3500,.F.);
#4830=ORIENTED_EDGE('',*,*,#3501,.T.);
#4831=ORIENTED_EDGE('',*,*,#3424,.F.);
#4832=ORIENTED_EDGE('',*,*,#3501,.F.);
#4833=ORIENTED_EDGE('',*,*,#3502,.F.);
#4834=ORIENTED_EDGE('',*,*,#3503,.T.);
#4835=ORIENTED_EDGE('',*,*,#3423,.F.);
#4836=ORIENTED_EDGE('',*,*,#3503,.F.);
#4837=ORIENTED_EDGE('',*,*,#3504,.F.);
#4838=ORIENTED_EDGE('',*,*,#3505,.T.);
#4839=ORIENTED_EDGE('',*,*,#3506,.F.);
#4840=ORIENTED_EDGE('',*,*,#3507,.F.);
#4841=ORIENTED_EDGE('',*,*,#3375,.F.);
#4842=ORIENTED_EDGE('',*,*,#3508,.T.);
#4843=ORIENTED_EDGE('',*,*,#3509,.F.);
#4844=ORIENTED_EDGE('',*,*,#3510,.F.);
#4845=ORIENTED_EDGE('',*,*,#3511,.T.);
#4846=ORIENTED_EDGE('',*,*,#3509,.T.);
#4847=ORIENTED_EDGE('',*,*,#3512,.T.);
#4848=ORIENTED_EDGE('',*,*,#3506,.T.);
#4849=ORIENTED_EDGE('',*,*,#3500,.T.);
#4850=ORIENTED_EDGE('',*,*,#3377,.F.);
#4851=ORIENTED_EDGE('',*,*,#3513,.T.);
#4852=ORIENTED_EDGE('',*,*,#3514,.F.);
#4853=ORIENTED_EDGE('',*,*,#3515,.F.);
#4854=ORIENTED_EDGE('',*,*,#3516,.F.);
#4855=ORIENTED_EDGE('',*,*,#3517,.T.);
#4856=ORIENTED_EDGE('',*,*,#3518,.F.);
#4857=ORIENTED_EDGE('',*,*,#3519,.F.);
#4858=ORIENTED_EDGE('',*,*,#3520,.F.);
#4859=ORIENTED_EDGE('',*,*,#3521,.T.);
#4860=ORIENTED_EDGE('',*,*,#3518,.T.);
#4861=ORIENTED_EDGE('',*,*,#3522,.T.);
#4862=ORIENTED_EDGE('',*,*,#3514,.T.);
#4863=ORIENTED_EDGE('',*,*,#3502,.T.);
#4864=ORIENTED_EDGE('',*,*,#3374,.F.);
#4865=ORIENTED_EDGE('',*,*,#3515,.T.);
#4866=ORIENTED_EDGE('',*,*,#3522,.F.);
#4867=ORIENTED_EDGE('',*,*,#3517,.F.);
#4868=ORIENTED_EDGE('',*,*,#3523,.F.);
#4869=ORIENTED_EDGE('',*,*,#3507,.T.);
#4870=ORIENTED_EDGE('',*,*,#3512,.F.);
#4871=ORIENTED_EDGE('',*,*,#3508,.F.);
#4872=ORIENTED_EDGE('',*,*,#3376,.F.);
#4873=ORIENTED_EDGE('',*,*,#3510,.T.);
#4874=ORIENTED_EDGE('',*,*,#3511,.F.);
#4875=ORIENTED_EDGE('',*,*,#3505,.F.);
#4876=ORIENTED_EDGE('',*,*,#3524,.F.);
#4877=ORIENTED_EDGE('',*,*,#3519,.T.);
#4878=ORIENTED_EDGE('',*,*,#3521,.F.);
#4879=ORIENTED_EDGE('',*,*,#3513,.F.);
#4880=ORIENTED_EDGE('',*,*,#3525,.F.);
#4881=ORIENTED_EDGE('',*,*,#3526,.F.);
#4882=ORIENTED_EDGE('',*,*,#3527,.F.);
#4883=ORIENTED_EDGE('',*,*,#3528,.T.);
#4884=ORIENTED_EDGE('',*,*,#3421,.F.);
#4885=ORIENTED_EDGE('',*,*,#3528,.F.);
#4886=ORIENTED_EDGE('',*,*,#3529,.F.);
#4887=ORIENTED_EDGE('',*,*,#3525,.T.);
#4888=ORIENTED_EDGE('',*,*,#3422,.F.);
#4889=ORIENTED_EDGE('',*,*,#3516,.T.);
#4890=ORIENTED_EDGE('',*,*,#3526,.T.);
#4891=ORIENTED_EDGE('',*,*,#3529,.T.);
#4892=ORIENTED_EDGE('',*,*,#3527,.T.);
#4893=ORIENTED_EDGE('',*,*,#3520,.T.);
#4894=ORIENTED_EDGE('',*,*,#3524,.T.);
#4895=ORIENTED_EDGE('',*,*,#3504,.T.);
#4896=ORIENTED_EDGE('',*,*,#3523,.T.);
#4897=ORIENTED_EDGE('',*,*,#3373,.F.);
#4898=ORIENTED_EDGE('',*,*,#3530,.T.);
#4899=ORIENTED_EDGE('',*,*,#3420,.F.);
#4900=ORIENTED_EDGE('',*,*,#3530,.F.);
#4901=ORIENTED_EDGE('',*,*,#3372,.F.);
#4902=ORIENTED_EDGE('',*,*,#3531,.T.);
#4903=ORIENTED_EDGE('',*,*,#3419,.F.);
#4904=ORIENTED_EDGE('',*,*,#3531,.F.);
#4905=ORIENTED_EDGE('',*,*,#3371,.F.);
#4906=ORIENTED_EDGE('',*,*,#3532,.T.);
#4907=ORIENTED_EDGE('',*,*,#3418,.F.);
#4908=ORIENTED_EDGE('',*,*,#3532,.F.);
#4909=ORIENTED_EDGE('',*,*,#3533,.F.);
#4910=ORIENTED_EDGE('',*,*,#3534,.T.);
#4911=ORIENTED_EDGE('',*,*,#3535,.F.);
#4912=ORIENTED_EDGE('',*,*,#3534,.F.);
#4913=ORIENTED_EDGE('',*,*,#3533,.T.);
#4914=ORIENTED_EDGE('',*,*,#3536,.F.);
#4915=ORIENTED_EDGE('',*,*,#3537,.T.);
#4916=ORIENTED_EDGE('',*,*,#3538,.T.);
#4917=ORIENTED_EDGE('',*,*,#3539,.T.);
#4918=ORIENTED_EDGE('',*,*,#3539,.F.);
#4919=ORIENTED_EDGE('',*,*,#3540,.F.);
#4920=ORIENTED_EDGE('',*,*,#3541,.F.);
#4921=ORIENTED_EDGE('',*,*,#3542,.F.);
#4922=ORIENTED_EDGE('',*,*,#3543,.F.);
#4923=ORIENTED_EDGE('',*,*,#3541,.T.);
#4924=ORIENTED_EDGE('',*,*,#3544,.T.);
#4925=ORIENTED_EDGE('',*,*,#3545,.T.);
#4926=ORIENTED_EDGE('',*,*,#3537,.F.);
#4927=ORIENTED_EDGE('',*,*,#3546,.F.);
#4928=ORIENTED_EDGE('',*,*,#3547,.F.);
#4929=ORIENTED_EDGE('',*,*,#3548,.F.);
#4930=ORIENTED_EDGE('',*,*,#3549,.F.);
#4931=ORIENTED_EDGE('',*,*,#3545,.F.);
#4932=ORIENTED_EDGE('',*,*,#3550,.F.);
#4933=ORIENTED_EDGE('',*,*,#3550,.T.);
#4934=ORIENTED_EDGE('',*,*,#3544,.F.);
#4935=ORIENTED_EDGE('',*,*,#3540,.T.);
#4936=ORIENTED_EDGE('',*,*,#3538,.F.);
#4937=ORIENTED_EDGE('',*,*,#3535,.T.);
#4938=ORIENTED_EDGE('',*,*,#3536,.T.);
#4939=ORIENTED_EDGE('',*,*,#3542,.T.);
#4940=ORIENTED_EDGE('',*,*,#3543,.T.);
#4941=ORIENTED_EDGE('',*,*,#3549,.T.);
#4942=ORIENTED_EDGE('',*,*,#3551,.T.);
#4943=ORIENTED_EDGE('',*,*,#3552,.T.);
#4944=ORIENTED_EDGE('',*,*,#3553,.T.);
#4945=ORIENTED_EDGE('',*,*,#3546,.T.);
#4946=ORIENTED_EDGE('',*,*,#3548,.T.);
#4947=ORIENTED_EDGE('',*,*,#3554,.T.);
#4948=ORIENTED_EDGE('',*,*,#3555,.T.);
#4949=ORIENTED_EDGE('',*,*,#3547,.T.);
#4950=ORIENTED_EDGE('',*,*,#3556,.T.);
#4951=ORIENTED_EDGE('',*,*,#3557,.T.);
#4952=ORIENTED_EDGE('',*,*,#3558,.F.);
#4953=ORIENTED_EDGE('',*,*,#3559,.F.);
#4954=ORIENTED_EDGE('',*,*,#3560,.F.);
#4955=ORIENTED_EDGE('',*,*,#3561,.T.);
#4956=ORIENTED_EDGE('',*,*,#3562,.F.);
#4957=ORIENTED_EDGE('',*,*,#3561,.F.);
#4958=ORIENTED_EDGE('',*,*,#3563,.F.);
#4959=ORIENTED_EDGE('',*,*,#3564,.T.);
#4960=ORIENTED_EDGE('',*,*,#3565,.F.);
#4961=ORIENTED_EDGE('',*,*,#3564,.F.);
#4962=ORIENTED_EDGE('',*,*,#3566,.F.);
#4963=ORIENTED_EDGE('',*,*,#3567,.F.);
#4964=ORIENTED_EDGE('',*,*,#3566,.T.);
#4965=ORIENTED_EDGE('',*,*,#3563,.T.);
#4966=ORIENTED_EDGE('',*,*,#3560,.T.);
#4967=ORIENTED_EDGE('',*,*,#3568,.T.);
#4968=ORIENTED_EDGE('',*,*,#3569,.T.);
#4969=ORIENTED_EDGE('',*,*,#3570,.F.);
#4970=ORIENTED_EDGE('',*,*,#3571,.T.);
#4971=ORIENTED_EDGE('',*,*,#3572,.T.);
#4972=ORIENTED_EDGE('',*,*,#3559,.T.);
#4973=ORIENTED_EDGE('',*,*,#3573,.T.);
#4974=ORIENTED_EDGE('',*,*,#3574,.T.);
#4975=ORIENTED_EDGE('',*,*,#3568,.F.);
#4976=ORIENTED_EDGE('',*,*,#3575,.F.);
#4977=ORIENTED_EDGE('',*,*,#3576,.F.);
#4978=ORIENTED_EDGE('',*,*,#3577,.F.);
#4979=ORIENTED_EDGE('',*,*,#3578,.T.);
#4980=ORIENTED_EDGE('',*,*,#3579,.F.);
#4981=ORIENTED_EDGE('',*,*,#3578,.F.);
#4982=ORIENTED_EDGE('',*,*,#3580,.F.);
#4983=ORIENTED_EDGE('',*,*,#3581,.F.);
#4984=ORIENTED_EDGE('',*,*,#3582,.F.);
#4985=ORIENTED_EDGE('',*,*,#3583,.F.);
#4986=ORIENTED_EDGE('',*,*,#3584,.F.);
#4987=ORIENTED_EDGE('',*,*,#3576,.T.);
#4988=ORIENTED_EDGE('',*,*,#3580,.T.);
#4989=ORIENTED_EDGE('',*,*,#3577,.T.);
#4990=ORIENTED_EDGE('',*,*,#3584,.T.);
#4991=ORIENTED_EDGE('',*,*,#3585,.F.);
#4992=ORIENTED_EDGE('',*,*,#3586,.F.);
#4993=ORIENTED_EDGE('',*,*,#3587,.F.);
#4994=ORIENTED_EDGE('',*,*,#3588,.T.);
#4995=ORIENTED_EDGE('',*,*,#3589,.F.);
#4996=ORIENTED_EDGE('',*,*,#3583,.T.);
#4997=ORIENTED_EDGE('',*,*,#3590,.F.);
#4998=ORIENTED_EDGE('',*,*,#3591,.F.);
#4999=ORIENTED_EDGE('',*,*,#3585,.T.);
#5000=ORIENTED_EDGE('',*,*,#3581,.T.);
#5001=ORIENTED_EDGE('',*,*,#3589,.T.);
#5002=ORIENTED_EDGE('',*,*,#3592,.T.);
#5003=ORIENTED_EDGE('',*,*,#3593,.F.);
#5004=ORIENTED_EDGE('',*,*,#3579,.T.);
#5005=ORIENTED_EDGE('',*,*,#3593,.T.);
#5006=ORIENTED_EDGE('',*,*,#3594,.T.);
#5007=ORIENTED_EDGE('',*,*,#3595,.F.);
#5008=ORIENTED_EDGE('',*,*,#3596,.F.);
#5009=ORIENTED_EDGE('',*,*,#3590,.T.);
#5010=ORIENTED_EDGE('',*,*,#3582,.T.);
#5011=ORIENTED_EDGE('',*,*,#3575,.T.);
#5012=ORIENTED_EDGE('',*,*,#3595,.T.);
#5013=ORIENTED_EDGE('',*,*,#3597,.F.);
#5014=ORIENTED_EDGE('',*,*,#3598,.T.);
#5015=ORIENTED_EDGE('',*,*,#3599,.T.);
#5016=ORIENTED_EDGE('',*,*,#3587,.T.);
#5017=ORIENTED_EDGE('',*,*,#3600,.T.);
#5018=ORIENTED_EDGE('',*,*,#3552,.F.);
#5019=ORIENTED_EDGE('',*,*,#3601,.F.);
#5020=ORIENTED_EDGE('',*,*,#3565,.T.);
#5021=ORIENTED_EDGE('',*,*,#3602,.F.);
#5022=ORIENTED_EDGE('',*,*,#3603,.T.);
#5023=ORIENTED_EDGE('',*,*,#3604,.F.);
#5024=ORIENTED_EDGE('',*,*,#3605,.T.);
#5025=ORIENTED_EDGE('',*,*,#3573,.F.);
#5026=ORIENTED_EDGE('',*,*,#3558,.T.);
#5027=ORIENTED_EDGE('',*,*,#3562,.T.);
#5028=ORIENTED_EDGE('',*,*,#3567,.T.);
#5029=ORIENTED_EDGE('',*,*,#3572,.F.);
#5030=ORIENTED_EDGE('',*,*,#3606,.T.);
#5031=ORIENTED_EDGE('',*,*,#3602,.T.);
#5032=ORIENTED_EDGE('',*,*,#3604,.T.);
#5033=ORIENTED_EDGE('',*,*,#3607,.F.);
#5034=ORIENTED_EDGE('',*,*,#3608,.T.);
#5035=ORIENTED_EDGE('',*,*,#3609,.T.);
#5036=ORIENTED_EDGE('',*,*,#3610,.T.);
#5037=ORIENTED_EDGE('',*,*,#3597,.T.);
#5038=ORIENTED_EDGE('',*,*,#3594,.F.);
#5039=ORIENTED_EDGE('',*,*,#3592,.F.);
#5040=ORIENTED_EDGE('',*,*,#3588,.F.);
#5041=ORIENTED_EDGE('',*,*,#3601,.T.);
#5042=ORIENTED_EDGE('',*,*,#3551,.F.);
#5043=ORIENTED_EDGE('',*,*,#3555,.F.);
#5044=ORIENTED_EDGE('',*,*,#3611,.F.);
#5045=ORIENTED_EDGE('',*,*,#3569,.F.);
#5046=ORIENTED_EDGE('',*,*,#3574,.F.);
#5047=ORIENTED_EDGE('',*,*,#3605,.F.);
#5048=ORIENTED_EDGE('',*,*,#3609,.F.);
#5049=ORIENTED_EDGE('',*,*,#3570,.T.);
#5050=ORIENTED_EDGE('',*,*,#3611,.T.);
#5051=ORIENTED_EDGE('',*,*,#3554,.F.);
#5052=ORIENTED_EDGE('',*,*,#3557,.F.);
#5053=ORIENTED_EDGE('',*,*,#3612,.F.);
#5054=ORIENTED_EDGE('',*,*,#3613,.T.);
#5055=ORIENTED_EDGE('',*,*,#3607,.T.);
#5056=ORIENTED_EDGE('',*,*,#3603,.F.);
#5057=ORIENTED_EDGE('',*,*,#3606,.F.);
#5058=ORIENTED_EDGE('',*,*,#3571,.F.);
#5059=ORIENTED_EDGE('',*,*,#3612,.T.);
#5060=ORIENTED_EDGE('',*,*,#3556,.F.);
#5061=ORIENTED_EDGE('',*,*,#3553,.F.);
#5062=ORIENTED_EDGE('',*,*,#3600,.F.);
#5063=ORIENTED_EDGE('',*,*,#3586,.T.);
#5064=ORIENTED_EDGE('',*,*,#3591,.T.);
#5065=ORIENTED_EDGE('',*,*,#3596,.T.);
#5066=ORIENTED_EDGE('',*,*,#3599,.F.);
#5067=ORIENTED_EDGE('',*,*,#3598,.F.);
#5068=ORIENTED_EDGE('',*,*,#3610,.F.);
#5069=ORIENTED_EDGE('',*,*,#3608,.F.);
#5070=ORIENTED_EDGE('',*,*,#3613,.F.);
#5071=ORIENTED_EDGE('',*,*,#3614,.F.);
#5072=ORIENTED_EDGE('',*,*,#3615,.T.);
#5073=ORIENTED_EDGE('',*,*,#3616,.F.);
#5074=ORIENTED_EDGE('',*,*,#3615,.F.);
#5075=ORIENTED_EDGE('',*,*,#3617,.F.);
#5076=ORIENTED_EDGE('',*,*,#3618,.T.);
#5077=ORIENTED_EDGE('',*,*,#3619,.F.);
#5078=ORIENTED_EDGE('',*,*,#3618,.F.);
#5079=ORIENTED_EDGE('',*,*,#3620,.F.);
#5080=ORIENTED_EDGE('',*,*,#3621,.T.);
#5081=ORIENTED_EDGE('',*,*,#3622,.F.);
#5082=ORIENTED_EDGE('',*,*,#3621,.F.);
#5083=ORIENTED_EDGE('',*,*,#3623,.F.);
#5084=ORIENTED_EDGE('',*,*,#3624,.T.);
#5085=ORIENTED_EDGE('',*,*,#3625,.T.);
#5086=ORIENTED_EDGE('',*,*,#3624,.F.);
#5087=ORIENTED_EDGE('',*,*,#3626,.T.);
#5088=ORIENTED_EDGE('',*,*,#3627,.T.);
#5089=ORIENTED_EDGE('',*,*,#3628,.F.);
#5090=ORIENTED_EDGE('',*,*,#3629,.F.);
#5091=ORIENTED_EDGE('',*,*,#3630,.F.);
#5092=ORIENTED_EDGE('',*,*,#3629,.T.);
#5093=ORIENTED_EDGE('',*,*,#3631,.F.);
#5094=ORIENTED_EDGE('',*,*,#3632,.F.);
#5095=ORIENTED_EDGE('',*,*,#3633,.T.);
#5096=ORIENTED_EDGE('',*,*,#3632,.T.);
#5097=ORIENTED_EDGE('',*,*,#3634,.F.);
#5098=ORIENTED_EDGE('',*,*,#3635,.F.);
#5099=ORIENTED_EDGE('',*,*,#3636,.T.);
#5100=ORIENTED_EDGE('',*,*,#3635,.T.);
#5101=ORIENTED_EDGE('',*,*,#3637,.F.);
#5102=ORIENTED_EDGE('',*,*,#3638,.F.);
#5103=ORIENTED_EDGE('',*,*,#3639,.T.);
#5104=ORIENTED_EDGE('',*,*,#3638,.T.);
#5105=ORIENTED_EDGE('',*,*,#3640,.F.);
#5106=ORIENTED_EDGE('',*,*,#3641,.F.);
#5107=ORIENTED_EDGE('',*,*,#3642,.T.);
#5108=ORIENTED_EDGE('',*,*,#3641,.T.);
#5109=ORIENTED_EDGE('',*,*,#3643,.F.);
#5110=ORIENTED_EDGE('',*,*,#3644,.F.);
#5111=ORIENTED_EDGE('',*,*,#3645,.T.);
#5112=ORIENTED_EDGE('',*,*,#3644,.T.);
#5113=ORIENTED_EDGE('',*,*,#3646,.F.);
#5114=ORIENTED_EDGE('',*,*,#3647,.F.);
#5115=ORIENTED_EDGE('',*,*,#3648,.T.);
#5116=ORIENTED_EDGE('',*,*,#3647,.T.);
#5117=ORIENTED_EDGE('',*,*,#3649,.F.);
#5118=ORIENTED_EDGE('',*,*,#3650,.F.);
#5119=ORIENTED_EDGE('',*,*,#3651,.T.);
#5120=ORIENTED_EDGE('',*,*,#3650,.T.);
#5121=ORIENTED_EDGE('',*,*,#3652,.F.);
#5122=ORIENTED_EDGE('',*,*,#3653,.F.);
#5123=ORIENTED_EDGE('',*,*,#3654,.T.);
#5124=ORIENTED_EDGE('',*,*,#3653,.T.);
#5125=ORIENTED_EDGE('',*,*,#3655,.F.);
#5126=ORIENTED_EDGE('',*,*,#3656,.F.);
#5127=ORIENTED_EDGE('',*,*,#3657,.T.);
#5128=ORIENTED_EDGE('',*,*,#3656,.T.);
#5129=ORIENTED_EDGE('',*,*,#3658,.F.);
#5130=ORIENTED_EDGE('',*,*,#3659,.F.);
#5131=ORIENTED_EDGE('',*,*,#3660,.T.);
#5132=ORIENTED_EDGE('',*,*,#3659,.T.);
#5133=ORIENTED_EDGE('',*,*,#3661,.F.);
#5134=ORIENTED_EDGE('',*,*,#3662,.F.);
#5135=ORIENTED_EDGE('',*,*,#3663,.T.);
#5136=ORIENTED_EDGE('',*,*,#3662,.T.);
#5137=ORIENTED_EDGE('',*,*,#3664,.F.);
#5138=ORIENTED_EDGE('',*,*,#3665,.F.);
#5139=ORIENTED_EDGE('',*,*,#3666,.T.);
#5140=ORIENTED_EDGE('',*,*,#3665,.T.);
#5141=ORIENTED_EDGE('',*,*,#3667,.F.);
#5142=ORIENTED_EDGE('',*,*,#3668,.F.);
#5143=ORIENTED_EDGE('',*,*,#3669,.T.);
#5144=ORIENTED_EDGE('',*,*,#3668,.T.);
#5145=ORIENTED_EDGE('',*,*,#3670,.F.);
#5146=ORIENTED_EDGE('',*,*,#3671,.F.);
#5147=ORIENTED_EDGE('',*,*,#3672,.T.);
#5148=ORIENTED_EDGE('',*,*,#3671,.T.);
#5149=ORIENTED_EDGE('',*,*,#3673,.F.);
#5150=ORIENTED_EDGE('',*,*,#3674,.F.);
#5151=ORIENTED_EDGE('',*,*,#3675,.T.);
#5152=ORIENTED_EDGE('',*,*,#3674,.T.);
#5153=ORIENTED_EDGE('',*,*,#3676,.F.);
#5154=ORIENTED_EDGE('',*,*,#3677,.F.);
#5155=ORIENTED_EDGE('',*,*,#3678,.T.);
#5156=ORIENTED_EDGE('',*,*,#3677,.T.);
#5157=ORIENTED_EDGE('',*,*,#3679,.F.);
#5158=ORIENTED_EDGE('',*,*,#3680,.F.);
#5159=ORIENTED_EDGE('',*,*,#3681,.T.);
#5160=ORIENTED_EDGE('',*,*,#3680,.T.);
#5161=ORIENTED_EDGE('',*,*,#3682,.F.);
#5162=ORIENTED_EDGE('',*,*,#3683,.F.);
#5163=ORIENTED_EDGE('',*,*,#3684,.T.);
#5164=ORIENTED_EDGE('',*,*,#3683,.T.);
#5165=ORIENTED_EDGE('',*,*,#3685,.F.);
#5166=ORIENTED_EDGE('',*,*,#3686,.F.);
#5167=ORIENTED_EDGE('',*,*,#3687,.T.);
#5168=ORIENTED_EDGE('',*,*,#3686,.T.);
#5169=ORIENTED_EDGE('',*,*,#3688,.F.);
#5170=ORIENTED_EDGE('',*,*,#3689,.F.);
#5171=ORIENTED_EDGE('',*,*,#3690,.T.);
#5172=ORIENTED_EDGE('',*,*,#3689,.T.);
#5173=ORIENTED_EDGE('',*,*,#3691,.F.);
#5174=ORIENTED_EDGE('',*,*,#3692,.F.);
#5175=ORIENTED_EDGE('',*,*,#3693,.T.);
#5176=ORIENTED_EDGE('',*,*,#3692,.T.);
#5177=ORIENTED_EDGE('',*,*,#3694,.F.);
#5178=ORIENTED_EDGE('',*,*,#3695,.F.);
#5179=ORIENTED_EDGE('',*,*,#3696,.T.);
#5180=ORIENTED_EDGE('',*,*,#3695,.T.);
#5181=ORIENTED_EDGE('',*,*,#3697,.F.);
#5182=ORIENTED_EDGE('',*,*,#3698,.F.);
#5183=ORIENTED_EDGE('',*,*,#3699,.T.);
#5184=ORIENTED_EDGE('',*,*,#3698,.T.);
#5185=ORIENTED_EDGE('',*,*,#3700,.F.);
#5186=ORIENTED_EDGE('',*,*,#3701,.F.);
#5187=ORIENTED_EDGE('',*,*,#3702,.T.);
#5188=ORIENTED_EDGE('',*,*,#3701,.T.);
#5189=ORIENTED_EDGE('',*,*,#3703,.F.);
#5190=ORIENTED_EDGE('',*,*,#3704,.F.);
#5191=ORIENTED_EDGE('',*,*,#3705,.T.);
#5192=ORIENTED_EDGE('',*,*,#3704,.T.);
#5193=ORIENTED_EDGE('',*,*,#3706,.F.);
#5194=ORIENTED_EDGE('',*,*,#3707,.F.);
#5195=ORIENTED_EDGE('',*,*,#3708,.T.);
#5196=ORIENTED_EDGE('',*,*,#3707,.T.);
#5197=ORIENTED_EDGE('',*,*,#3709,.F.);
#5198=ORIENTED_EDGE('',*,*,#3710,.F.);
#5199=ORIENTED_EDGE('',*,*,#3711,.T.);
#5200=ORIENTED_EDGE('',*,*,#3710,.T.);
#5201=ORIENTED_EDGE('',*,*,#3712,.F.);
#5202=ORIENTED_EDGE('',*,*,#3713,.F.);
#5203=ORIENTED_EDGE('',*,*,#3714,.T.);
#5204=ORIENTED_EDGE('',*,*,#3713,.T.);
#5205=ORIENTED_EDGE('',*,*,#3715,.F.);
#5206=ORIENTED_EDGE('',*,*,#3716,.F.);
#5207=ORIENTED_EDGE('',*,*,#3717,.T.);
#5208=ORIENTED_EDGE('',*,*,#3716,.T.);
#5209=ORIENTED_EDGE('',*,*,#3718,.F.);
#5210=ORIENTED_EDGE('',*,*,#3719,.F.);
#5211=ORIENTED_EDGE('',*,*,#3720,.T.);
#5212=ORIENTED_EDGE('',*,*,#3719,.T.);
#5213=ORIENTED_EDGE('',*,*,#3721,.F.);
#5214=ORIENTED_EDGE('',*,*,#3722,.F.);
#5215=ORIENTED_EDGE('',*,*,#3723,.T.);
#5216=ORIENTED_EDGE('',*,*,#3722,.T.);
#5217=ORIENTED_EDGE('',*,*,#3724,.F.);
#5218=ORIENTED_EDGE('',*,*,#3725,.F.);
#5219=ORIENTED_EDGE('',*,*,#3726,.T.);
#5220=ORIENTED_EDGE('',*,*,#3725,.T.);
#5221=ORIENTED_EDGE('',*,*,#3727,.F.);
#5222=ORIENTED_EDGE('',*,*,#3728,.F.);
#5223=ORIENTED_EDGE('',*,*,#3729,.T.);
#5224=ORIENTED_EDGE('',*,*,#3728,.T.);
#5225=ORIENTED_EDGE('',*,*,#3730,.F.);
#5226=ORIENTED_EDGE('',*,*,#3731,.F.);
#5227=ORIENTED_EDGE('',*,*,#3732,.T.);
#5228=ORIENTED_EDGE('',*,*,#3731,.T.);
#5229=ORIENTED_EDGE('',*,*,#3733,.F.);
#5230=ORIENTED_EDGE('',*,*,#3734,.F.);
#5231=ORIENTED_EDGE('',*,*,#3735,.T.);
#5232=ORIENTED_EDGE('',*,*,#3734,.T.);
#5233=ORIENTED_EDGE('',*,*,#3736,.F.);
#5234=ORIENTED_EDGE('',*,*,#3737,.F.);
#5235=ORIENTED_EDGE('',*,*,#3738,.T.);
#5236=ORIENTED_EDGE('',*,*,#3737,.T.);
#5237=ORIENTED_EDGE('',*,*,#3739,.F.);
#5238=ORIENTED_EDGE('',*,*,#3740,.F.);
#5239=ORIENTED_EDGE('',*,*,#3741,.T.);
#5240=ORIENTED_EDGE('',*,*,#3740,.T.);
#5241=ORIENTED_EDGE('',*,*,#3742,.F.);
#5242=ORIENTED_EDGE('',*,*,#3743,.F.);
#5243=ORIENTED_EDGE('',*,*,#3744,.T.);
#5244=ORIENTED_EDGE('',*,*,#3743,.T.);
#5245=ORIENTED_EDGE('',*,*,#3745,.F.);
#5246=ORIENTED_EDGE('',*,*,#3746,.F.);
#5247=ORIENTED_EDGE('',*,*,#3747,.T.);
#5248=ORIENTED_EDGE('',*,*,#3746,.T.);
#5249=ORIENTED_EDGE('',*,*,#3748,.F.);
#5250=ORIENTED_EDGE('',*,*,#3749,.F.);
#5251=ORIENTED_EDGE('',*,*,#3750,.T.);
#5252=ORIENTED_EDGE('',*,*,#3749,.T.);
#5253=ORIENTED_EDGE('',*,*,#3751,.F.);
#5254=ORIENTED_EDGE('',*,*,#3752,.F.);
#5255=ORIENTED_EDGE('',*,*,#3753,.T.);
#5256=ORIENTED_EDGE('',*,*,#3752,.T.);
#5257=ORIENTED_EDGE('',*,*,#3754,.F.);
#5258=ORIENTED_EDGE('',*,*,#3755,.F.);
#5259=ORIENTED_EDGE('',*,*,#3756,.T.);
#5260=ORIENTED_EDGE('',*,*,#3755,.T.);
#5261=ORIENTED_EDGE('',*,*,#3757,.F.);
#5262=ORIENTED_EDGE('',*,*,#3758,.F.);
#5263=ORIENTED_EDGE('',*,*,#3759,.T.);
#5264=ORIENTED_EDGE('',*,*,#3758,.T.);
#5265=ORIENTED_EDGE('',*,*,#3760,.F.);
#5266=ORIENTED_EDGE('',*,*,#3761,.F.);
#5267=ORIENTED_EDGE('',*,*,#3762,.T.);
#5268=ORIENTED_EDGE('',*,*,#3761,.T.);
#5269=ORIENTED_EDGE('',*,*,#3763,.F.);
#5270=ORIENTED_EDGE('',*,*,#3764,.F.);
#5271=ORIENTED_EDGE('',*,*,#3765,.T.);
#5272=ORIENTED_EDGE('',*,*,#3764,.T.);
#5273=ORIENTED_EDGE('',*,*,#3766,.F.);
#5274=ORIENTED_EDGE('',*,*,#3767,.F.);
#5275=ORIENTED_EDGE('',*,*,#3768,.T.);
#5276=ORIENTED_EDGE('',*,*,#3767,.T.);
#5277=ORIENTED_EDGE('',*,*,#3769,.F.);
#5278=ORIENTED_EDGE('',*,*,#3770,.F.);
#5279=ORIENTED_EDGE('',*,*,#3771,.T.);
#5280=ORIENTED_EDGE('',*,*,#3770,.T.);
#5281=ORIENTED_EDGE('',*,*,#3772,.F.);
#5282=ORIENTED_EDGE('',*,*,#3773,.F.);
#5283=ORIENTED_EDGE('',*,*,#3774,.T.);
#5284=ORIENTED_EDGE('',*,*,#3773,.T.);
#5285=ORIENTED_EDGE('',*,*,#3775,.F.);
#5286=ORIENTED_EDGE('',*,*,#3776,.F.);
#5287=ORIENTED_EDGE('',*,*,#3777,.T.);
#5288=ORIENTED_EDGE('',*,*,#3776,.T.);
#5289=ORIENTED_EDGE('',*,*,#3778,.F.);
#5290=ORIENTED_EDGE('',*,*,#3779,.F.);
#5291=ORIENTED_EDGE('',*,*,#3780,.T.);
#5292=ORIENTED_EDGE('',*,*,#3779,.T.);
#5293=ORIENTED_EDGE('',*,*,#3781,.F.);
#5294=ORIENTED_EDGE('',*,*,#3627,.F.);
#5295=ORIENTED_EDGE('',*,*,#3781,.T.);
#5296=ORIENTED_EDGE('',*,*,#3778,.T.);
#5297=ORIENTED_EDGE('',*,*,#3775,.T.);
#5298=ORIENTED_EDGE('',*,*,#3772,.T.);
#5299=ORIENTED_EDGE('',*,*,#3769,.T.);
#5300=ORIENTED_EDGE('',*,*,#3766,.T.);
#5301=ORIENTED_EDGE('',*,*,#3763,.T.);
#5302=ORIENTED_EDGE('',*,*,#3760,.T.);
#5303=ORIENTED_EDGE('',*,*,#3757,.T.);
#5304=ORIENTED_EDGE('',*,*,#3754,.T.);
#5305=ORIENTED_EDGE('',*,*,#3751,.T.);
#5306=ORIENTED_EDGE('',*,*,#3748,.T.);
#5307=ORIENTED_EDGE('',*,*,#3745,.T.);
#5308=ORIENTED_EDGE('',*,*,#3742,.T.);
#5309=ORIENTED_EDGE('',*,*,#3739,.T.);
#5310=ORIENTED_EDGE('',*,*,#3736,.T.);
#5311=ORIENTED_EDGE('',*,*,#3733,.T.);
#5312=ORIENTED_EDGE('',*,*,#3730,.T.);
#5313=ORIENTED_EDGE('',*,*,#3727,.T.);
#5314=ORIENTED_EDGE('',*,*,#3724,.T.);
#5315=ORIENTED_EDGE('',*,*,#3721,.T.);
#5316=ORIENTED_EDGE('',*,*,#3718,.T.);
#5317=ORIENTED_EDGE('',*,*,#3715,.T.);
#5318=ORIENTED_EDGE('',*,*,#3712,.T.);
#5319=ORIENTED_EDGE('',*,*,#3709,.T.);
#5320=ORIENTED_EDGE('',*,*,#3706,.T.);
#5321=ORIENTED_EDGE('',*,*,#3703,.T.);
#5322=ORIENTED_EDGE('',*,*,#3700,.T.);
#5323=ORIENTED_EDGE('',*,*,#3697,.T.);
#5324=ORIENTED_EDGE('',*,*,#3694,.T.);
#5325=ORIENTED_EDGE('',*,*,#3691,.T.);
#5326=ORIENTED_EDGE('',*,*,#3688,.T.);
#5327=ORIENTED_EDGE('',*,*,#3685,.T.);
#5328=ORIENTED_EDGE('',*,*,#3682,.T.);
#5329=ORIENTED_EDGE('',*,*,#3679,.T.);
#5330=ORIENTED_EDGE('',*,*,#3676,.T.);
#5331=ORIENTED_EDGE('',*,*,#3673,.T.);
#5332=ORIENTED_EDGE('',*,*,#3670,.T.);
#5333=ORIENTED_EDGE('',*,*,#3667,.T.);
#5334=ORIENTED_EDGE('',*,*,#3664,.T.);
#5335=ORIENTED_EDGE('',*,*,#3661,.T.);
#5336=ORIENTED_EDGE('',*,*,#3658,.T.);
#5337=ORIENTED_EDGE('',*,*,#3655,.T.);
#5338=ORIENTED_EDGE('',*,*,#3652,.T.);
#5339=ORIENTED_EDGE('',*,*,#3649,.T.);
#5340=ORIENTED_EDGE('',*,*,#3646,.T.);
#5341=ORIENTED_EDGE('',*,*,#3643,.T.);
#5342=ORIENTED_EDGE('',*,*,#3640,.T.);
#5343=ORIENTED_EDGE('',*,*,#3637,.T.);
#5344=ORIENTED_EDGE('',*,*,#3634,.T.);
#5345=ORIENTED_EDGE('',*,*,#3631,.T.);
#5346=ORIENTED_EDGE('',*,*,#3628,.T.);
#5347=ORIENTED_EDGE('',*,*,#3614,.T.);
#5348=ORIENTED_EDGE('',*,*,#3617,.T.);
#5349=ORIENTED_EDGE('',*,*,#3620,.T.);
#5350=ORIENTED_EDGE('',*,*,#3623,.T.);
#5351=ORIENTED_EDGE('',*,*,#3780,.F.);
#5352=ORIENTED_EDGE('',*,*,#3626,.F.);
#5353=ORIENTED_EDGE('',*,*,#3630,.T.);
#5354=ORIENTED_EDGE('',*,*,#3633,.F.);
#5355=ORIENTED_EDGE('',*,*,#3636,.F.);
#5356=ORIENTED_EDGE('',*,*,#3639,.F.);
#5357=ORIENTED_EDGE('',*,*,#3642,.F.);
#5358=ORIENTED_EDGE('',*,*,#3645,.F.);
#5359=ORIENTED_EDGE('',*,*,#3648,.F.);
#5360=ORIENTED_EDGE('',*,*,#3651,.F.);
#5361=ORIENTED_EDGE('',*,*,#3654,.F.);
#5362=ORIENTED_EDGE('',*,*,#3657,.F.);
#5363=ORIENTED_EDGE('',*,*,#3660,.F.);
#5364=ORIENTED_EDGE('',*,*,#3663,.F.);
#5365=ORIENTED_EDGE('',*,*,#3666,.F.);
#5366=ORIENTED_EDGE('',*,*,#3669,.F.);
#5367=ORIENTED_EDGE('',*,*,#3672,.F.);
#5368=ORIENTED_EDGE('',*,*,#3675,.F.);
#5369=ORIENTED_EDGE('',*,*,#3678,.F.);
#5370=ORIENTED_EDGE('',*,*,#3681,.F.);
#5371=ORIENTED_EDGE('',*,*,#3684,.F.);
#5372=ORIENTED_EDGE('',*,*,#3687,.F.);
#5373=ORIENTED_EDGE('',*,*,#3690,.F.);
#5374=ORIENTED_EDGE('',*,*,#3693,.F.);
#5375=ORIENTED_EDGE('',*,*,#3696,.F.);
#5376=ORIENTED_EDGE('',*,*,#3699,.F.);
#5377=ORIENTED_EDGE('',*,*,#3702,.F.);
#5378=ORIENTED_EDGE('',*,*,#3705,.F.);
#5379=ORIENTED_EDGE('',*,*,#3708,.F.);
#5380=ORIENTED_EDGE('',*,*,#3711,.F.);
#5381=ORIENTED_EDGE('',*,*,#3714,.F.);
#5382=ORIENTED_EDGE('',*,*,#3717,.F.);
#5383=ORIENTED_EDGE('',*,*,#3720,.F.);
#5384=ORIENTED_EDGE('',*,*,#3723,.F.);
#5385=ORIENTED_EDGE('',*,*,#3726,.F.);
#5386=ORIENTED_EDGE('',*,*,#3729,.F.);
#5387=ORIENTED_EDGE('',*,*,#3732,.F.);
#5388=ORIENTED_EDGE('',*,*,#3735,.F.);
#5389=ORIENTED_EDGE('',*,*,#3738,.F.);
#5390=ORIENTED_EDGE('',*,*,#3741,.F.);
#5391=ORIENTED_EDGE('',*,*,#3744,.F.);
#5392=ORIENTED_EDGE('',*,*,#3747,.F.);
#5393=ORIENTED_EDGE('',*,*,#3750,.F.);
#5394=ORIENTED_EDGE('',*,*,#3753,.F.);
#5395=ORIENTED_EDGE('',*,*,#3756,.F.);
#5396=ORIENTED_EDGE('',*,*,#3759,.F.);
#5397=ORIENTED_EDGE('',*,*,#3762,.F.);
#5398=ORIENTED_EDGE('',*,*,#3765,.F.);
#5399=ORIENTED_EDGE('',*,*,#3768,.F.);
#5400=ORIENTED_EDGE('',*,*,#3771,.F.);
#5401=ORIENTED_EDGE('',*,*,#3774,.F.);
#5402=ORIENTED_EDGE('',*,*,#3777,.F.);
#5403=ORIENTED_EDGE('',*,*,#3616,.T.);
#5404=ORIENTED_EDGE('',*,*,#3619,.T.);
#5405=ORIENTED_EDGE('',*,*,#3622,.T.);
#5406=ORIENTED_EDGE('',*,*,#3625,.F.);
#5407=ORIENTED_EDGE('',*,*,#3782,.T.);
#5408=ORIENTED_EDGE('',*,*,#3783,.T.);
#5409=ORIENTED_EDGE('',*,*,#3784,.T.);
#5410=ORIENTED_EDGE('',*,*,#3785,.T.);
#5411=ORIENTED_EDGE('',*,*,#3783,.F.);
#5412=ORIENTED_EDGE('',*,*,#3786,.T.);
#5413=ORIENTED_EDGE('',*,*,#3787,.F.);
#5414=ORIENTED_EDGE('',*,*,#3788,.F.);
#5415=ORIENTED_EDGE('',*,*,#3789,.T.);
#5416=ORIENTED_EDGE('',*,*,#3790,.T.);
#5417=ORIENTED_EDGE('',*,*,#3791,.T.);
#5418=ORIENTED_EDGE('',*,*,#3792,.T.);
#5419=ORIENTED_EDGE('',*,*,#3785,.F.);
#5420=ORIENTED_EDGE('',*,*,#3793,.F.);
#5421=ORIENTED_EDGE('',*,*,#3790,.F.);
#5422=ORIENTED_EDGE('',*,*,#3794,.F.);
#5423=ORIENTED_EDGE('',*,*,#3795,.T.);
#5424=ORIENTED_EDGE('',*,*,#3796,.T.);
#5425=ORIENTED_EDGE('',*,*,#3797,.T.);
#5426=ORIENTED_EDGE('',*,*,#3798,.T.);
#5427=ORIENTED_EDGE('',*,*,#3792,.F.);
#5428=ORIENTED_EDGE('',*,*,#3799,.F.);
#5429=ORIENTED_EDGE('',*,*,#3796,.F.);
#5430=ORIENTED_EDGE('',*,*,#3800,.T.);
#5431=ORIENTED_EDGE('',*,*,#3801,.T.);
#5432=ORIENTED_EDGE('',*,*,#3802,.T.);
#5433=ORIENTED_EDGE('',*,*,#3803,.T.);
#5434=ORIENTED_EDGE('',*,*,#3787,.T.);
#5435=ORIENTED_EDGE('',*,*,#3798,.F.);
#5436=ORIENTED_EDGE('',*,*,#3804,.F.);
#5437=ORIENTED_EDGE('',*,*,#3802,.F.);
#5438=ORIENTED_EDGE('',*,*,#3805,.F.);
#5439=ORIENTED_EDGE('',*,*,#3806,.F.);
#5440=ORIENTED_EDGE('',*,*,#3807,.T.);
#5441=ORIENTED_EDGE('',*,*,#3808,.T.);
#5442=ORIENTED_EDGE('',*,*,#3807,.F.);
#5443=ORIENTED_EDGE('',*,*,#3809,.F.);
#5444=ORIENTED_EDGE('',*,*,#3810,.T.);
#5445=ORIENTED_EDGE('',*,*,#3811,.T.);
#5446=ORIENTED_EDGE('',*,*,#3810,.F.);
#5447=ORIENTED_EDGE('',*,*,#3799,.T.);
#5448=ORIENTED_EDGE('',*,*,#3791,.F.);
#5449=ORIENTED_EDGE('',*,*,#3793,.T.);
#5450=ORIENTED_EDGE('',*,*,#3784,.F.);
#5451=ORIENTED_EDGE('',*,*,#3788,.T.);
#5452=ORIENTED_EDGE('',*,*,#3803,.F.);
#5453=ORIENTED_EDGE('',*,*,#3804,.T.);
#5454=ORIENTED_EDGE('',*,*,#3797,.F.);
#5455=ORIENTED_EDGE('',*,*,#3809,.T.);
#5456=ORIENTED_EDGE('',*,*,#3806,.T.);
#5457=ORIENTED_EDGE('',*,*,#3795,.F.);
#5458=ORIENTED_EDGE('',*,*,#3805,.T.);
#5459=ORIENTED_EDGE('',*,*,#3801,.F.);
#5460=ORIENTED_EDGE('',*,*,#3786,.F.);
#5461=ORIENTED_EDGE('',*,*,#3782,.F.);
#5462=ORIENTED_EDGE('',*,*,#3794,.T.);
#5463=ORIENTED_EDGE('',*,*,#3789,.F.);
#5464=ORIENTED_EDGE('',*,*,#3800,.F.);
#5465=ORIENTED_EDGE('',*,*,#3811,.F.);
#5466=ORIENTED_EDGE('',*,*,#3808,.F.);
#5467=ORIENTED_EDGE('',*,*,#3812,.T.);
#5468=ORIENTED_EDGE('',*,*,#3813,.T.);
#5469=ORIENTED_EDGE('',*,*,#3814,.F.);
#5470=ORIENTED_EDGE('',*,*,#3815,.T.);
#5471=ORIENTED_EDGE('',*,*,#3816,.T.);
#5472=ORIENTED_EDGE('',*,*,#3817,.F.);
#5473=ORIENTED_EDGE('',*,*,#3818,.T.);
#5474=ORIENTED_EDGE('',*,*,#3819,.F.);
#5475=ORIENTED_EDGE('',*,*,#3820,.T.);
#5476=ORIENTED_EDGE('',*,*,#3821,.F.);
#5477=ORIENTED_EDGE('',*,*,#3822,.F.);
#5478=ORIENTED_EDGE('',*,*,#3817,.T.);
#5479=ORIENTED_EDGE('',*,*,#3823,.T.);
#5480=ORIENTED_EDGE('',*,*,#3824,.F.);
#5481=ORIENTED_EDGE('',*,*,#3825,.T.);
#5482=ORIENTED_EDGE('',*,*,#3821,.T.);
#5483=ORIENTED_EDGE('',*,*,#3826,.T.);
#5484=ORIENTED_EDGE('',*,*,#3815,.F.);
#5485=ORIENTED_EDGE('',*,*,#3827,.F.);
#5486=ORIENTED_EDGE('',*,*,#3824,.T.);
#5487=ORIENTED_EDGE('',*,*,#3828,.F.);
#5488=ORIENTED_EDGE('',*,*,#3829,.T.);
#5489=ORIENTED_EDGE('',*,*,#3830,.T.);
#5490=ORIENTED_EDGE('',*,*,#3829,.F.);
#5491=ORIENTED_EDGE('',*,*,#3831,.F.);
#5492=ORIENTED_EDGE('',*,*,#3832,.T.);
#5493=ORIENTED_EDGE('',*,*,#3833,.T.);
#5494=ORIENTED_EDGE('',*,*,#3832,.F.);
#5495=ORIENTED_EDGE('',*,*,#3834,.F.);
#5496=ORIENTED_EDGE('',*,*,#3819,.T.);
#5497=ORIENTED_EDGE('',*,*,#3835,.F.);
#5498=ORIENTED_EDGE('',*,*,#3836,.F.);
#5499=ORIENTED_EDGE('',*,*,#3837,.T.);
#5500=ORIENTED_EDGE('',*,*,#3836,.T.);
#5501=ORIENTED_EDGE('',*,*,#3838,.F.);
#5502=ORIENTED_EDGE('',*,*,#3839,.F.);
#5503=ORIENTED_EDGE('',*,*,#3840,.F.);
#5504=ORIENTED_EDGE('',*,*,#3839,.T.);
#5505=ORIENTED_EDGE('',*,*,#3841,.F.);
#5506=ORIENTED_EDGE('',*,*,#3813,.F.);
#5507=ORIENTED_EDGE('',*,*,#3841,.T.);
#5508=ORIENTED_EDGE('',*,*,#3838,.T.);
#5509=ORIENTED_EDGE('',*,*,#3835,.T.);
#5510=ORIENTED_EDGE('',*,*,#3818,.F.);
#5511=ORIENTED_EDGE('',*,*,#3822,.T.);
#5512=ORIENTED_EDGE('',*,*,#3825,.F.);
#5513=ORIENTED_EDGE('',*,*,#3827,.T.);
#5514=ORIENTED_EDGE('',*,*,#3814,.T.);
#5515=ORIENTED_EDGE('',*,*,#3831,.T.);
#5516=ORIENTED_EDGE('',*,*,#3828,.T.);
#5517=ORIENTED_EDGE('',*,*,#3834,.T.);
#5518=ORIENTED_EDGE('',*,*,#3837,.F.);
#5519=ORIENTED_EDGE('',*,*,#3840,.T.);
#5520=ORIENTED_EDGE('',*,*,#3812,.F.);
#5521=ORIENTED_EDGE('',*,*,#3826,.F.);
#5522=ORIENTED_EDGE('',*,*,#3823,.F.);
#5523=ORIENTED_EDGE('',*,*,#3820,.F.);
#5524=ORIENTED_EDGE('',*,*,#3816,.F.);
#5525=ORIENTED_EDGE('',*,*,#3833,.F.);
#5526=ORIENTED_EDGE('',*,*,#3830,.F.);
#5527=ORIENTED_EDGE('',*,*,#3842,.F.);
#5528=ORIENTED_EDGE('',*,*,#3843,.T.);
#5529=ORIENTED_EDGE('',*,*,#3844,.F.);
#5530=ORIENTED_EDGE('',*,*,#3843,.F.);
#5531=ORIENTED_EDGE('',*,*,#3845,.F.);
#5532=ORIENTED_EDGE('',*,*,#3846,.T.);
#5533=ORIENTED_EDGE('',*,*,#3847,.F.);
#5534=ORIENTED_EDGE('',*,*,#3846,.F.);
#5535=ORIENTED_EDGE('',*,*,#3848,.F.);
#5536=ORIENTED_EDGE('',*,*,#3849,.T.);
#5537=ORIENTED_EDGE('',*,*,#3850,.F.);
#5538=ORIENTED_EDGE('',*,*,#3849,.F.);
#5539=ORIENTED_EDGE('',*,*,#3848,.T.);
#5540=ORIENTED_EDGE('',*,*,#3851,.F.);
#5541=ORIENTED_EDGE('',*,*,#3852,.F.);
#5542=ORIENTED_EDGE('',*,*,#3853,.T.);
#5543=ORIENTED_EDGE('',*,*,#3854,.F.);
#5544=ORIENTED_EDGE('',*,*,#3855,.F.);
#5545=ORIENTED_EDGE('',*,*,#3856,.F.);
#5546=ORIENTED_EDGE('',*,*,#3855,.T.);
#5547=ORIENTED_EDGE('',*,*,#3857,.F.);
#5548=ORIENTED_EDGE('',*,*,#3853,.F.);
#5549=ORIENTED_EDGE('',*,*,#3857,.T.);
#5550=ORIENTED_EDGE('',*,*,#3854,.T.);
#5551=ORIENTED_EDGE('',*,*,#3850,.T.);
#5552=ORIENTED_EDGE('',*,*,#3858,.T.);
#5553=ORIENTED_EDGE('',*,*,#3851,.T.);
#5554=ORIENTED_EDGE('',*,*,#3856,.T.);
#5555=ORIENTED_EDGE('',*,*,#3852,.T.);
#5556=ORIENTED_EDGE('',*,*,#3859,.T.);
#5557=ORIENTED_EDGE('',*,*,#3860,.T.);
#5558=ORIENTED_EDGE('',*,*,#3861,.T.);
#5559=ORIENTED_EDGE('',*,*,#3862,.T.);
#5560=ORIENTED_EDGE('',*,*,#3863,.T.);
#5561=ORIENTED_EDGE('',*,*,#3864,.F.);
#5562=ORIENTED_EDGE('',*,*,#3865,.F.);
#5563=ORIENTED_EDGE('',*,*,#3866,.F.);
#5564=ORIENTED_EDGE('',*,*,#3842,.T.);
#5565=ORIENTED_EDGE('',*,*,#3867,.T.);
#5566=ORIENTED_EDGE('',*,*,#3868,.F.);
#5567=ORIENTED_EDGE('',*,*,#3869,.F.);
#5568=ORIENTED_EDGE('',*,*,#3864,.T.);
#5569=ORIENTED_EDGE('',*,*,#3870,.T.);
#5570=ORIENTED_EDGE('',*,*,#3871,.F.);
#5571=ORIENTED_EDGE('',*,*,#3872,.F.);
#5572=ORIENTED_EDGE('',*,*,#3868,.T.);
#5573=ORIENTED_EDGE('',*,*,#3844,.T.);
#5574=ORIENTED_EDGE('',*,*,#3871,.T.);
#5575=ORIENTED_EDGE('',*,*,#3873,.F.);
#5576=ORIENTED_EDGE('',*,*,#3874,.T.);
#5577=ORIENTED_EDGE('',*,*,#3875,.T.);
#5578=ORIENTED_EDGE('',*,*,#3876,.T.);
#5579=ORIENTED_EDGE('',*,*,#3877,.F.);
#5580=ORIENTED_EDGE('',*,*,#3878,.T.);
#5581=ORIENTED_EDGE('',*,*,#3879,.F.);
#5582=ORIENTED_EDGE('',*,*,#3847,.T.);
#5583=ORIENTED_EDGE('',*,*,#3880,.T.);
#5584=ORIENTED_EDGE('',*,*,#3881,.F.);
#5585=ORIENTED_EDGE('',*,*,#3882,.T.);
#5586=ORIENTED_EDGE('',*,*,#3877,.T.);
#5587=ORIENTED_EDGE('',*,*,#3883,.T.);
#5588=ORIENTED_EDGE('',*,*,#3884,.F.);
#5589=ORIENTED_EDGE('',*,*,#3885,.T.);
#5590=ORIENTED_EDGE('',*,*,#3881,.T.);
#5591=ORIENTED_EDGE('',*,*,#3845,.T.);
#5592=ORIENTED_EDGE('',*,*,#3884,.T.);
#5593=ORIENTED_EDGE('',*,*,#3886,.T.);
#5594=ORIENTED_EDGE('',*,*,#3859,.F.);
#5595=ORIENTED_EDGE('',*,*,#3858,.F.);
#5596=ORIENTED_EDGE('',*,*,#3887,.F.);
#5597=ORIENTED_EDGE('',*,*,#3879,.T.);
#5598=ORIENTED_EDGE('',*,*,#3888,.F.);
#5599=ORIENTED_EDGE('',*,*,#3889,.T.);
#5600=ORIENTED_EDGE('',*,*,#3890,.T.);
#5601=ORIENTED_EDGE('',*,*,#3891,.T.);
#5602=ORIENTED_EDGE('',*,*,#3888,.T.);
#5603=ORIENTED_EDGE('',*,*,#3878,.F.);
#5604=ORIENTED_EDGE('',*,*,#3882,.F.);
#5605=ORIENTED_EDGE('',*,*,#3885,.F.);
#5606=ORIENTED_EDGE('',*,*,#3887,.T.);
#5607=ORIENTED_EDGE('',*,*,#3862,.F.);
#5608=ORIENTED_EDGE('',*,*,#3892,.F.);
#5609=ORIENTED_EDGE('',*,*,#3865,.T.);
#5610=ORIENTED_EDGE('',*,*,#3869,.T.);
#5611=ORIENTED_EDGE('',*,*,#3872,.T.);
#5612=ORIENTED_EDGE('',*,*,#3875,.F.);
#5613=ORIENTED_EDGE('',*,*,#3866,.T.);
#5614=ORIENTED_EDGE('',*,*,#3892,.T.);
#5615=ORIENTED_EDGE('',*,*,#3861,.F.);
#5616=ORIENTED_EDGE('',*,*,#3893,.F.);
#5617=ORIENTED_EDGE('',*,*,#3894,.T.);
#5618=ORIENTED_EDGE('',*,*,#3873,.T.);
#5619=ORIENTED_EDGE('',*,*,#3870,.F.);
#5620=ORIENTED_EDGE('',*,*,#3867,.F.);
#5621=ORIENTED_EDGE('',*,*,#3863,.F.);
#5622=ORIENTED_EDGE('',*,*,#3893,.T.);
#5623=ORIENTED_EDGE('',*,*,#3860,.F.);
#5624=ORIENTED_EDGE('',*,*,#3886,.F.);
#5625=ORIENTED_EDGE('',*,*,#3883,.F.);
#5626=ORIENTED_EDGE('',*,*,#3880,.F.);
#5627=ORIENTED_EDGE('',*,*,#3876,.F.);
#5628=ORIENTED_EDGE('',*,*,#3890,.F.);
#5629=ORIENTED_EDGE('',*,*,#3889,.F.);
#5630=ORIENTED_EDGE('',*,*,#3891,.F.);
#5631=ORIENTED_EDGE('',*,*,#3874,.F.);
#5632=ORIENTED_EDGE('',*,*,#3894,.F.);
#5633=CYLINDRICAL_SURFACE('',#6246,5.);
#5634=CYLINDRICAL_SURFACE('',#6252,5.);
#5635=CYLINDRICAL_SURFACE('',#6256,5.);
#5636=CYLINDRICAL_SURFACE('',#6263,5.);
#5637=CYLINDRICAL_SURFACE('',#6265,5.);
#5638=CYLINDRICAL_SURFACE('',#6270,5.);
#5639=CYLINDRICAL_SURFACE('',#6272,5.);
#5640=CYLINDRICAL_SURFACE('',#6277,5.);
#5641=CYLINDRICAL_SURFACE('',#6279,5.);
#5642=CYLINDRICAL_SURFACE('',#6285,5.);
#5643=CYLINDRICAL_SURFACE('',#6286,5.);
#5644=CYLINDRICAL_SURFACE('',#6291,5.);
#5645=CYLINDRICAL_SURFACE('',#6295,5.);
#5646=CYLINDRICAL_SURFACE('',#6297,1.);
#5647=CYLINDRICAL_SURFACE('',#6304,1.);
#5648=CYLINDRICAL_SURFACE('',#6310,1.);
#5649=CYLINDRICAL_SURFACE('',#6316,1.);
#5650=CYLINDRICAL_SURFACE('',#6321,3.);
#5651=CYLINDRICAL_SURFACE('',#6324,3.);
#5652=CYLINDRICAL_SURFACE('',#6336,1.);
#5653=CYLINDRICAL_SURFACE('',#6341,1.);
#5654=CYLINDRICAL_SURFACE('',#6347,1.);
#5655=CYLINDRICAL_SURFACE('',#6353,1.);
#5656=CYLINDRICAL_SURFACE('',#6355,3.);
#5657=CYLINDRICAL_SURFACE('',#6365,50.);
#5658=CYLINDRICAL_SURFACE('',#6367,5.);
#5659=CYLINDRICAL_SURFACE('',#6369,3.);
#5660=CYLINDRICAL_SURFACE('',#6374,4.);
#5661=CYLINDRICAL_SURFACE('',#6375,2.25);
#5662=CYLINDRICAL_SURFACE('',#6379,4.);
#5663=CYLINDRICAL_SURFACE('',#6380,2.25);
#5664=CYLINDRICAL_SURFACE('',#6384,4.);
#5665=CYLINDRICAL_SURFACE('',#6385,2.25);
#5666=CYLINDRICAL_SURFACE('',#6389,4.);
#5667=CYLINDRICAL_SURFACE('',#6390,2.25);
#5668=CYLINDRICAL_SURFACE('',#6393,1.03775);
#5669=CYLINDRICAL_SURFACE('',#6396,1.03775);
#5670=CYLINDRICAL_SURFACE('',#6399,6.);
#5671=CYLINDRICAL_SURFACE('',#6403,2.5);
#5672=CYLINDRICAL_SURFACE('',#6419,30.5388572933124);
#5673=CYLINDRICAL_SURFACE('',#6428,50.);
#5674=CYLINDRICAL_SURFACE('',#6430,1.03775);
#5675=CYLINDRICAL_SURFACE('',#6432,1.03775);
#5676=CYLINDRICAL_SURFACE('',#6434,6.);
#5677=CYLINDRICAL_SURFACE('',#6437,2.5);
#5678=CYLINDRICAL_SURFACE('',#6450,2.5);
#5679=CYLINDRICAL_SURFACE('',#6454,2.5);
#5680=CYLINDRICAL_SURFACE('',#6458,30.539);
#5681=CYLINDRICAL_SURFACE('',#6461,20.);
#5682=CYLINDRICAL_SURFACE('',#6468,1.03775);
#5683=CYLINDRICAL_SURFACE('',#6471,1.03775);
#5684=CYLINDRICAL_SURFACE('',#6479,20.);
#5685=CYLINDRICAL_SURFACE('',#6494,2.75);
#5686=CYLINDRICAL_SURFACE('',#6496,6.);
#5687=CYLINDRICAL_SURFACE('',#6498,1.);
#5688=CYLINDRICAL_SURFACE('',#6503,1.);
#5689=CYLINDRICAL_SURFACE('',#6508,1.);
#5690=CYLINDRICAL_SURFACE('',#6510,0.7);
#5691=CYLINDRICAL_SURFACE('',#6522,0.7);
#5692=CYLINDRICAL_SURFACE('',#6528,5.);
#5693=CYLINDRICAL_SURFACE('',#6531,0.7);
#5694=CYLINDRICAL_SURFACE('',#6533,0.7);
#5695=CYLINDRICAL_SURFACE('',#6543,5.);
#5696=CYLINDRICAL_SURFACE('',#6558,0.7);
#5697=CYLINDRICAL_SURFACE('',#6567,5.);
#5698=CYLINDRICAL_SURFACE('',#6569,0.7);
#5699=CYLINDRICAL_SURFACE('',#6578,5.);
#5700=CYLINDRICAL_SURFACE('',#6580,0.7);
#5701=CYLINDRICAL_SURFACE('',#6589,5.);
#5702=CYLINDRICAL_SURFACE('',#6591,0.7);
#5703=CYLINDRICAL_SURFACE('',#6600,5.);
#5704=CYLINDRICAL_SURFACE('',#6601,0.7);
#5705=CYLINDRICAL_SURFACE('',#6611,5.);
#5706=CYLINDRICAL_SURFACE('',#6612,0.7);
#5707=CYLINDRICAL_SURFACE('',#6615,0.7);
#5708=CYLINDRICAL_SURFACE('',#6619,5.);
#5709=CYLINDRICAL_SURFACE('',#6621,0.7);
#5710=CYLINDRICAL_SURFACE('',#6623,0.7);
#5711=CYLINDRICAL_SURFACE('',#6624,0.7);
#5712=CYLINDRICAL_SURFACE('',#6625,0.7);
#5713=CYLINDRICAL_SURFACE('',#6626,0.7);
#5714=CYLINDRICAL_SURFACE('',#6627,0.7);
#5715=CYLINDRICAL_SURFACE('',#6629,0.7);
#5716=CYLINDRICAL_SURFACE('',#6635,1.03775);
#5717=CYLINDRICAL_SURFACE('',#6637,1.03775);
#5718=CYLINDRICAL_SURFACE('',#6647,6.00000000000001);
#5719=CYLINDRICAL_SURFACE('',#6650,2.75);
#5720=CYLINDRICAL_SURFACE('',#6653,1.75);
#5721=CYLINDRICAL_SURFACE('',#6654,1.75);
#5722=CYLINDRICAL_SURFACE('',#6655,1.75);
#5723=CYLINDRICAL_SURFACE('',#6657,2.5);
#5724=CYLINDRICAL_SURFACE('',#6661,0.25);
#5725=CYLINDRICAL_SURFACE('',#6664,1.3);
#5726=CYLINDRICAL_SURFACE('',#6667,0.25);
#5727=CYLINDRICAL_SURFACE('',#6670,6.2);
#5728=CYLINDRICAL_SURFACE('',#6681,1.25);
#5729=CYLINDRICAL_SURFACE('',#6687,1.25);
#5730=CYLINDRICAL_SURFACE('',#6706,2.4);
#5731=CYLINDRICAL_SURFACE('',#6709,1.3);
#5732=CYLINDRICAL_SURFACE('',#6712,1.3);
#5733=CYLINDRICAL_SURFACE('',#6715,1.75);
#5734=CYLINDRICAL_SURFACE('',#6718,4.);
#5735=CYLINDRICAL_SURFACE('',#6722,12.09);
#5736=CYLINDRICAL_SURFACE('',#6725,4.94120866697575);
#5737=CYLINDRICAL_SURFACE('',#6729,4.94120866697575);
#5738=CYLINDRICAL_SURFACE('',#6732,12.09);
#5739=CYLINDRICAL_SURFACE('',#6735,4.94120866697575);
#5740=CYLINDRICAL_SURFACE('',#6739,4.94120866697575);
#5741=CYLINDRICAL_SURFACE('',#6742,12.09);
#5742=CYLINDRICAL_SURFACE('',#6745,4.94120866697575);
#5743=CYLINDRICAL_SURFACE('',#6749,4.94120866697575);
#5744=CYLINDRICAL_SURFACE('',#6752,12.09);
#5745=CYLINDRICAL_SURFACE('',#6755,4.94120866697576);
#5746=CYLINDRICAL_SURFACE('',#6759,4.94120866697575);
#5747=CYLINDRICAL_SURFACE('',#6762,12.09);
#5748=CYLINDRICAL_SURFACE('',#6765,4.94120866697575);
#5749=CYLINDRICAL_SURFACE('',#6769,4.94120866697575);
#5750=CYLINDRICAL_SURFACE('',#6772,12.09);
#5751=CYLINDRICAL_SURFACE('',#6775,4.94120866697575);
#5752=CYLINDRICAL_SURFACE('',#6779,4.94120866697575);
#5753=CYLINDRICAL_SURFACE('',#6782,12.09);
#5754=CYLINDRICAL_SURFACE('',#6785,4.94120866697575);
#5755=CYLINDRICAL_SURFACE('',#6789,4.94120866697575);
#5756=CYLINDRICAL_SURFACE('',#6792,12.09);
#5757=CYLINDRICAL_SURFACE('',#6795,4.94120866697577);
#5758=CYLINDRICAL_SURFACE('',#6799,4.94120866697575);
#5759=CYLINDRICAL_SURFACE('',#6802,12.09);
#5760=CYLINDRICAL_SURFACE('',#6805,4.94120866697575);
#5761=CYLINDRICAL_SURFACE('',#6809,4.94120866697575);
#5762=CYLINDRICAL_SURFACE('',#6812,12.09);
#5763=CYLINDRICAL_SURFACE('',#6815,4.94120866697575);
#5764=CYLINDRICAL_SURFACE('',#6819,4.94120866697576);
#5765=CYLINDRICAL_SURFACE('',#6822,12.09);
#5766=CYLINDRICAL_SURFACE('',#6825,4.94120866697576);
#5767=CYLINDRICAL_SURFACE('',#6829,4.94120866697575);
#5768=CYLINDRICAL_SURFACE('',#6832,12.09);
#5769=CYLINDRICAL_SURFACE('',#6835,4.94120866697575);
#5770=CYLINDRICAL_SURFACE('',#6839,4.94120866697575);
#5771=CYLINDRICAL_SURFACE('',#6842,12.09);
#5772=CYLINDRICAL_SURFACE('',#6849,3.);
#5773=CYLINDRICAL_SURFACE('',#6852,4.);
#5774=CYLINDRICAL_SURFACE('',#6855,3.);
#5775=CYLINDRICAL_SURFACE('',#6859,3.);
#5776=CYLINDRICAL_SURFACE('',#6862,4.);
#5777=CYLINDRICAL_SURFACE('',#6865,3.);
#5778=CYLINDRICAL_SURFACE('',#6869,1.5);
#5779=CYLINDRICAL_SURFACE('',#6872,1.5);
#5780=CYLINDRICAL_SURFACE('',#6881,1.75);
#5781=CYLINDRICAL_SURFACE('',#6884,1.75);
#5782=CYLINDRICAL_SURFACE('',#6888,5.);
#5783=CYLINDRICAL_SURFACE('',#6903,1.25);
#5784=CYLINDRICAL_SURFACE('',#6906,1.25);
#5785=CYLINDRICAL_SURFACE('',#6909,2.5);
#5786=CYLINDRICAL_SURFACE('',#6913,6.);
#5787=CYLINDRICAL_SURFACE('',#6917,2.5);
#5788=ADVANCED_FACE('',(#415),#5633,.T.);
#5789=ADVANCED_FACE('',(#416),#411,.T.);
#5790=ADVANCED_FACE('',(#417),#5634,.T.);
#5791=ADVANCED_FACE('',(#418),#346,.T.);
#5792=ADVANCED_FACE('',(#419),#5635,.F.);
#5793=ADVANCED_FACE('',(#420),#203,.T.);
#5794=ADVANCED_FACE('',(#421),#412,.T.);
#5795=ADVANCED_FACE('',(#422),#5636,.T.);
#5796=ADVANCED_FACE('',(#423),#5637,.T.);
#5797=ADVANCED_FACE('',(#424),#347,.T.);
#5798=ADVANCED_FACE('',(#425),#204,.T.);
#5799=ADVANCED_FACE('',(#426),#5638,.T.);
#5800=ADVANCED_FACE('',(#427),#5639,.T.);
#5801=ADVANCED_FACE('',(#428),#413,.T.);
#5802=ADVANCED_FACE('',(#429),#5640,.T.);
#5803=ADVANCED_FACE('',(#430),#5641,.T.);
#5804=ADVANCED_FACE('',(#431),#348,.T.);
#5805=ADVANCED_FACE('',(#432),#205,.T.);
#5806=ADVANCED_FACE('',(#433),#5642,.T.);
#5807=ADVANCED_FACE('',(#434),#5643,.T.);
#5808=ADVANCED_FACE('',(#435),#414,.T.);
#5809=ADVANCED_FACE('',(#436),#5644,.T.);
#5810=ADVANCED_FACE('',(#437),#349,.T.);
#5811=ADVANCED_FACE('',(#438),#5645,.F.);
#5812=ADVANCED_FACE('',(#439),#206,.T.);
#5813=ADVANCED_FACE('',(#440),#5646,.T.);
#5814=ADVANCED_FACE('',(#441),#350,.T.);
#5815=ADVANCED_FACE('',(#442),#5647,.T.);
#5816=ADVANCED_FACE('',(#443),#351,.T.);
#5817=ADVANCED_FACE('',(#444),#5648,.T.);
#5818=ADVANCED_FACE('',(#445),#352,.T.);
#5819=ADVANCED_FACE('',(#446),#5649,.T.);
#5820=ADVANCED_FACE('',(#447),#353,.T.);
#5821=ADVANCED_FACE('',(#448),#5650,.T.);
#5822=ADVANCED_FACE('',(#449),#207,.T.);
#5823=ADVANCED_FACE('',(#450),#5651,.T.);
#5824=ADVANCED_FACE('',(#451),#208,.T.);
#5825=ADVANCED_FACE('',(#452,#135,#136,#137,#138),#209,.F.);
#5826=ADVANCED_FACE('',(#453),#354,.T.);
#5827=ADVANCED_FACE('',(#454),#5652,.T.);
#5828=ADVANCED_FACE('',(#455),#355,.T.);
#5829=ADVANCED_FACE('',(#456),#5653,.T.);
#5830=ADVANCED_FACE('',(#457),#356,.T.);
#5831=ADVANCED_FACE('',(#458),#5654,.T.);
#5832=ADVANCED_FACE('',(#459),#357,.T.);
#5833=ADVANCED_FACE('',(#460),#5655,.T.);
#5834=ADVANCED_FACE('',(#461),#210,.T.);
#5835=ADVANCED_FACE('',(#462),#5656,.T.);
#5836=ADVANCED_FACE('',(#463,#139,#140,#141,#142,#143),#211,.T.);
#5837=ADVANCED_FACE('',(#464),#358,.F.);
#5838=ADVANCED_FACE('',(#465,#144),#5657,.T.);
#5839=ADVANCED_FACE('',(#466),#5658,.T.);
#5840=ADVANCED_FACE('',(#467),#212,.T.);
#5841=ADVANCED_FACE('',(#468),#5659,.T.);
#5842=ADVANCED_FACE('',(#469),#213,.T.);
#5843=ADVANCED_FACE('',(#470,#145),#214,.F.);
#5844=ADVANCED_FACE('',(#471),#5660,.F.);
#5845=ADVANCED_FACE('',(#472),#5661,.F.);
#5846=ADVANCED_FACE('',(#473,#146),#215,.F.);
#5847=ADVANCED_FACE('',(#474),#5662,.F.);
#5848=ADVANCED_FACE('',(#475),#5663,.F.);
#5849=ADVANCED_FACE('',(#476,#147),#216,.F.);
#5850=ADVANCED_FACE('',(#477),#5664,.F.);
#5851=ADVANCED_FACE('',(#478),#5665,.F.);
#5852=ADVANCED_FACE('',(#479,#148),#217,.F.);
#5853=ADVANCED_FACE('',(#480),#5666,.F.);
#5854=ADVANCED_FACE('',(#481),#5667,.F.);
#5855=ADVANCED_FACE('',(#482),#218,.T.);
#5856=ADVANCED_FACE('',(#483),#5668,.F.);
#5857=ADVANCED_FACE('',(#484),#5669,.F.);
#5858=ADVANCED_FACE('',(#485),#5670,.F.);
#5859=ADVANCED_FACE('',(#486),#5671,.F.);
#5860=ADVANCED_FACE('',(#487),#219,.F.);
#5861=ADVANCED_FACE('',(#488),#220,.F.);
#5862=ADVANCED_FACE('',(#489),#221,.F.);
#5863=ADVANCED_FACE('',(#490,#149),#222,.F.);
#5864=ADVANCED_FACE('',(#491,#150),#223,.F.);
#5865=ADVANCED_FACE('',(#492),#224,.F.);
#5866=ADVANCED_FACE('',(#493),#225,.F.);
#5867=ADVANCED_FACE('',(#494),#226,.F.);
#5868=ADVANCED_FACE('',(#495),#227,.F.);
#5869=ADVANCED_FACE('',(#496),#228,.T.);
#5870=ADVANCED_FACE('',(#497,#151,#152,#153),#229,.F.);
#5871=ADVANCED_FACE('',(#498),#230,.T.);
#5872=ADVANCED_FACE('',(#499),#5672,.T.);
#5873=ADVANCED_FACE('',(#500,#154),#231,.T.);
#5874=ADVANCED_FACE('',(#501,#155,#156,#157),#232,.F.);
#5875=ADVANCED_FACE('',(#502),#5673,.T.);
#5876=ADVANCED_FACE('',(#503),#5674,.F.);
#5877=ADVANCED_FACE('',(#504),#5675,.F.);
#5878=ADVANCED_FACE('',(#505),#5676,.F.);
#5879=ADVANCED_FACE('',(#506),#5677,.F.);
#5880=ADVANCED_FACE('',(#507),#233,.F.);
#5881=ADVANCED_FACE('',(#508),#234,.F.);
#5882=ADVANCED_FACE('',(#509),#235,.F.);
#5883=ADVANCED_FACE('',(#510,#158),#236,.F.);
#5884=ADVANCED_FACE('',(#511,#159),#237,.F.);
#5885=ADVANCED_FACE('',(#512),#238,.F.);
#5886=ADVANCED_FACE('',(#513),#239,.F.);
#5887=ADVANCED_FACE('',(#514),#240,.F.);
#5888=ADVANCED_FACE('',(#515),#241,.F.);
#5889=ADVANCED_FACE('',(#516,#160),#242,.T.);
#5890=ADVANCED_FACE('',(#517),#5678,.F.);
#5891=ADVANCED_FACE('',(#518),#243,.T.);
#5892=ADVANCED_FACE('',(#519),#5679,.F.);
#5893=ADVANCED_FACE('',(#520),#244,.T.);
#5894=ADVANCED_FACE('',(#521),#5680,.T.);
#5895=ADVANCED_FACE('',(#522),#95,.T.);
#5896=ADVANCED_FACE('',(#523),#5681,.T.);
#5897=ADVANCED_FACE('',(#524),#96,.T.);
#5898=ADVANCED_FACE('',(#525),#245,.T.);
#5899=ADVANCED_FACE('',(#526,#161,#162),#246,.F.);
#5900=ADVANCED_FACE('',(#527),#5682,.F.);
#5901=ADVANCED_FACE('',(#528),#5683,.F.);
#5902=ADVANCED_FACE('',(#529),#247,.T.);
#5903=ADVANCED_FACE('',(#530,#163),#248,.T.);
#5904=ADVANCED_FACE('',(#531),#249,.T.);
#5905=ADVANCED_FACE('',(#532),#250,.T.);
#5906=ADVANCED_FACE('',(#533),#251,.T.);
#5907=ADVANCED_FACE('',(#534),#5684,.T.);
#5908=ADVANCED_FACE('',(#535),#252,.T.);
#5909=ADVANCED_FACE('',(#536),#253,.T.);
#5910=ADVANCED_FACE('',(#537),#254,.T.);
#5911=ADVANCED_FACE('',(#538),#255,.T.);
#5912=ADVANCED_FACE('',(#539,#164),#256,.T.);
#5913=ADVANCED_FACE('',(#540,#165),#257,.F.);
#5914=ADVANCED_FACE('',(#541),#5685,.F.);
#5915=ADVANCED_FACE('',(#542),#5686,.F.);
#5916=ADVANCED_FACE('',(#543),#5687,.F.);
#5917=ADVANCED_FACE('',(#544),#359,.F.);
#5918=ADVANCED_FACE('',(#545),#5688,.F.);
#5919=ADVANCED_FACE('',(#546),#360,.F.);
#5920=ADVANCED_FACE('',(#547),#5689,.F.);
#5921=ADVANCED_FACE('',(#548),#258,.T.);
#5922=ADVANCED_FACE('',(#549),#5690,.T.);
#5923=ADVANCED_FACE('',(#550,#166,#167,#168,#169),#259,.T.);
#5924=ADVANCED_FACE('',(#551),#5691,.T.);
#5925=ADVANCED_FACE('',(#552),#260,.T.);
#5926=ADVANCED_FACE('',(#553),#67,.T.);
#5927=ADVANCED_FACE('',(#554),#5692,.F.);
#5928=ADVANCED_FACE('',(#555),#68,.T.);
#5929=ADVANCED_FACE('',(#556),#5693,.T.);
#5930=ADVANCED_FACE('',(#557),#5694,.T.);
#5931=ADVANCED_FACE('',(#558),#361,.T.);
#5932=ADVANCED_FACE('',(#559),#362,.T.);
#5933=ADVANCED_FACE('',(#560),#5695,.T.);
#5934=ADVANCED_FACE('',(#561),#261,.T.);
#5935=ADVANCED_FACE('',(#562,#170,#171,#172,#173,#174,#175),#262,.F.);
#5936=ADVANCED_FACE('',(#563),#5696,.T.);
#5937=ADVANCED_FACE('',(#564),#363,.T.);
#5938=ADVANCED_FACE('',(#565),#364,.T.);
#5939=ADVANCED_FACE('',(#566),#5697,.T.);
#5940=ADVANCED_FACE('',(#567),#263,.T.);
#5941=ADVANCED_FACE('',(#568),#5698,.T.);
#5942=ADVANCED_FACE('',(#569),#365,.T.);
#5943=ADVANCED_FACE('',(#570),#366,.T.);
#5944=ADVANCED_FACE('',(#571),#5699,.T.);
#5945=ADVANCED_FACE('',(#572),#264,.T.);
#5946=ADVANCED_FACE('',(#573),#5700,.T.);
#5947=ADVANCED_FACE('',(#574),#367,.T.);
#5948=ADVANCED_FACE('',(#575),#368,.T.);
#5949=ADVANCED_FACE('',(#576),#5701,.T.);
#5950=ADVANCED_FACE('',(#577),#265,.T.);
#5951=ADVANCED_FACE('',(#578),#5702,.T.);
#5952=ADVANCED_FACE('',(#579),#369,.T.);
#5953=ADVANCED_FACE('',(#580),#370,.T.);
#5954=ADVANCED_FACE('',(#581),#5703,.T.);
#5955=ADVANCED_FACE('',(#582),#5704,.T.);
#5956=ADVANCED_FACE('',(#583),#266,.T.);
#5957=ADVANCED_FACE('',(#584),#371,.T.);
#5958=ADVANCED_FACE('',(#585),#372,.T.);
#5959=ADVANCED_FACE('',(#586),#5705,.T.);
#5960=ADVANCED_FACE('',(#587),#5706,.T.);
#5961=ADVANCED_FACE('',(#588),#267,.T.);
#5962=ADVANCED_FACE('',(#589),#5707,.T.);
#5963=ADVANCED_FACE('',(#590),#69,.T.);
#5964=ADVANCED_FACE('',(#591),#5708,.F.);
#5965=ADVANCED_FACE('',(#592),#70,.T.);
#5966=ADVANCED_FACE('',(#593),#5709,.T.);
#5967=ADVANCED_FACE('',(#594),#5710,.T.);
#5968=ADVANCED_FACE('',(#595),#5711,.T.);
#5969=ADVANCED_FACE('',(#596),#5712,.T.);
#5970=ADVANCED_FACE('',(#597),#5713,.T.);
#5971=ADVANCED_FACE('',(#598),#5714,.T.);
#5972=ADVANCED_FACE('',(#599),#268,.T.);
#5973=ADVANCED_FACE('',(#600),#5715,.T.);
#5974=ADVANCED_FACE('',(#601),#71,.F.);
#5975=ADVANCED_FACE('',(#602),#72,.F.);
#5976=ADVANCED_FACE('',(#603),#73,.F.);
#5977=ADVANCED_FACE('',(#604),#74,.F.);
#5978=ADVANCED_FACE('',(#605),#75,.T.);
#5979=ADVANCED_FACE('',(#606),#76,.T.);
#5980=ADVANCED_FACE('',(#607),#77,.T.);
#5981=ADVANCED_FACE('',(#608),#78,.F.);
#5982=ADVANCED_FACE('',(#609),#79,.T.);
#5983=ADVANCED_FACE('',(#610),#80,.F.);
#5984=ADVANCED_FACE('',(#611,#176,#177,#178),#269,.T.);
#5985=ADVANCED_FACE('',(#612),#5716,.F.);
#5986=ADVANCED_FACE('',(#613),#5717,.F.);
#5987=ADVANCED_FACE('',(#614),#270,.T.);
#5988=ADVANCED_FACE('',(#615),#271,.T.);
#5989=ADVANCED_FACE('',(#616,#179),#272,.T.);
#5990=ADVANCED_FACE('',(#617),#273,.T.);
#5991=ADVANCED_FACE('',(#618),#274,.T.);
#5992=ADVANCED_FACE('',(#619,#180),#275,.T.);
#5993=ADVANCED_FACE('',(#620),#276,.T.);
#5994=ADVANCED_FACE('',(#621),#277,.T.);
#5995=ADVANCED_FACE('',(#622),#5718,.F.);
#5996=ADVANCED_FACE('',(#623),#5719,.F.);
#5997=ADVANCED_FACE('',(#624),#278,.T.);
#5998=ADVANCED_FACE('',(#625),#5720,.F.);
#5999=ADVANCED_FACE('',(#626),#5721,.F.);
#6000=ADVANCED_FACE('',(#627),#5722,.F.);
#6001=ADVANCED_FACE('',(#628),#5723,.T.);
#6002=ADVANCED_FACE('',(#629),#279,.T.);
#6003=ADVANCED_FACE('',(#630),#5724,.F.);
#6004=ADVANCED_FACE('',(#631),#5725,.T.);
#6005=ADVANCED_FACE('',(#632),#5726,.F.);
#6006=ADVANCED_FACE('',(#633),#5727,.T.);
#6007=ADVANCED_FACE('',(#634,#181),#280,.T.);
#6008=ADVANCED_FACE('',(#635),#281,.T.);
#6009=ADVANCED_FACE('',(#636),#282,.T.);
#6010=ADVANCED_FACE('',(#637),#283,.T.);
#6011=ADVANCED_FACE('',(#638),#284,.F.);
#6012=ADVANCED_FACE('',(#639),#5728,.F.);
#6013=ADVANCED_FACE('',(#640),#285,.F.);
#6014=ADVANCED_FACE('',(#641),#286,.T.);
#6015=ADVANCED_FACE('',(#642),#287,.T.);
#6016=ADVANCED_FACE('',(#643),#5729,.F.);
#6017=ADVANCED_FACE('',(#644),#288,.F.);
#6018=ADVANCED_FACE('',(#645),#289,.F.);
#6019=ADVANCED_FACE('',(#646),#290,.T.);
#6020=ADVANCED_FACE('',(#647),#291,.T.);
#6021=ADVANCED_FACE('',(#648),#292,.T.);
#6022=ADVANCED_FACE('',(#649),#293,.T.);
#6023=ADVANCED_FACE('',(#650),#294,.T.);
#6024=ADVANCED_FACE('',(#651),#295,.T.);
#6025=ADVANCED_FACE('',(#652),#296,.T.);
#6026=ADVANCED_FACE('',(#653),#297,.T.);
#6027=ADVANCED_FACE('',(#654),#298,.T.);
#6028=ADVANCED_FACE('',(#655),#299,.T.);
#6029=ADVANCED_FACE('',(#656),#300,.T.);
#6030=ADVANCED_FACE('',(#657),#301,.T.);
#6031=ADVANCED_FACE('',(#658),#302,.F.);
#6032=ADVANCED_FACE('',(#659),#5730,.F.);
#6033=ADVANCED_FACE('',(#660),#5731,.F.);
#6034=ADVANCED_FACE('',(#661),#5732,.F.);
#6035=ADVANCED_FACE('',(#662),#5733,.F.);
#6036=ADVANCED_FACE('',(#663),#5734,.T.);
#6037=ADVANCED_FACE('',(#664),#303,.T.);
#6038=ADVANCED_FACE('',(#665),#5735,.T.);
#6039=ADVANCED_FACE('',(#666),#5736,.T.);
#6040=ADVANCED_FACE('',(#667),#304,.T.);
#6041=ADVANCED_FACE('',(#668),#5737,.T.);
#6042=ADVANCED_FACE('',(#669),#5738,.T.);
#6043=ADVANCED_FACE('',(#670),#5739,.T.);
#6044=ADVANCED_FACE('',(#671),#305,.T.);
#6045=ADVANCED_FACE('',(#672),#5740,.T.);
#6046=ADVANCED_FACE('',(#673),#5741,.T.);
#6047=ADVANCED_FACE('',(#674),#5742,.T.);
#6048=ADVANCED_FACE('',(#675),#306,.T.);
#6049=ADVANCED_FACE('',(#676),#5743,.T.);
#6050=ADVANCED_FACE('',(#677),#5744,.T.);
#6051=ADVANCED_FACE('',(#678),#5745,.T.);
#6052=ADVANCED_FACE('',(#679),#307,.T.);
#6053=ADVANCED_FACE('',(#680),#5746,.T.);
#6054=ADVANCED_FACE('',(#681),#5747,.T.);
#6055=ADVANCED_FACE('',(#682),#5748,.T.);
#6056=ADVANCED_FACE('',(#683),#308,.T.);
#6057=ADVANCED_FACE('',(#684),#5749,.T.);
#6058=ADVANCED_FACE('',(#685),#5750,.T.);
#6059=ADVANCED_FACE('',(#686),#5751,.T.);
#6060=ADVANCED_FACE('',(#687),#309,.T.);
#6061=ADVANCED_FACE('',(#688),#5752,.T.);
#6062=ADVANCED_FACE('',(#689),#5753,.T.);
#6063=ADVANCED_FACE('',(#690),#5754,.T.);
#6064=ADVANCED_FACE('',(#691),#310,.T.);
#6065=ADVANCED_FACE('',(#692),#5755,.T.);
#6066=ADVANCED_FACE('',(#693),#5756,.T.);
#6067=ADVANCED_FACE('',(#694),#5757,.T.);
#6068=ADVANCED_FACE('',(#695),#311,.T.);
#6069=ADVANCED_FACE('',(#696),#5758,.T.);
#6070=ADVANCED_FACE('',(#697),#5759,.T.);
#6071=ADVANCED_FACE('',(#698),#5760,.T.);
#6072=ADVANCED_FACE('',(#699),#312,.T.);
#6073=ADVANCED_FACE('',(#700),#5761,.T.);
#6074=ADVANCED_FACE('',(#701),#5762,.T.);
#6075=ADVANCED_FACE('',(#702),#5763,.T.);
#6076=ADVANCED_FACE('',(#703),#313,.T.);
#6077=ADVANCED_FACE('',(#704),#5764,.T.);
#6078=ADVANCED_FACE('',(#705),#5765,.T.);
#6079=ADVANCED_FACE('',(#706),#5766,.T.);
#6080=ADVANCED_FACE('',(#707),#314,.T.);
#6081=ADVANCED_FACE('',(#708),#5767,.T.);
#6082=ADVANCED_FACE('',(#709),#5768,.T.);
#6083=ADVANCED_FACE('',(#710),#5769,.T.);
#6084=ADVANCED_FACE('',(#711),#315,.T.);
#6085=ADVANCED_FACE('',(#712),#5770,.T.);
#6086=ADVANCED_FACE('',(#713),#5771,.T.);
#6087=ADVANCED_FACE('',(#714),#316,.T.);
#6088=ADVANCED_FACE('',(#715,#182,#183,#184,#185),#317,.T.);
#6089=ADVANCED_FACE('',(#716,#186,#187,#188,#189),#318,.F.);
#6090=ADVANCED_FACE('',(#717),#5772,.F.);
#6091=ADVANCED_FACE('',(#718),#5773,.T.);
#6092=ADVANCED_FACE('',(#719),#5774,.F.);
#6093=ADVANCED_FACE('',(#720),#319,.T.);
#6094=ADVANCED_FACE('',(#721),#5775,.F.);
#6095=ADVANCED_FACE('',(#722),#5776,.T.);
#6096=ADVANCED_FACE('',(#723),#5777,.F.);
#6097=ADVANCED_FACE('',(#724),#320,.T.);
#6098=ADVANCED_FACE('',(#725),#5778,.F.);
#6099=ADVANCED_FACE('',(#726),#5779,.F.);
#6100=ADVANCED_FACE('',(#727,#190,#191),#321,.T.);
#6101=ADVANCED_FACE('',(#728,#192,#193),#322,.F.);
#6102=ADVANCED_FACE('',(#729),#97,.T.);
#6103=ADVANCED_FACE('',(#730),#323,.T.);
#6104=ADVANCED_FACE('',(#731),#98,.T.);
#6105=ADVANCED_FACE('',(#732),#324,.T.);
#6106=ADVANCED_FACE('',(#733),#325,.T.);
#6107=ADVANCED_FACE('',(#734),#5780,.F.);
#6108=ADVANCED_FACE('',(#735),#5781,.F.);
#6109=ADVANCED_FACE('',(#736),#326,.T.);
#6110=ADVANCED_FACE('',(#737),#5782,.T.);
#6111=ADVANCED_FACE('',(#738),#327,.T.);
#6112=ADVANCED_FACE('',(#739,#194,#195),#328,.T.);
#6113=ADVANCED_FACE('',(#740,#196,#197),#329,.F.);
#6114=ADVANCED_FACE('',(#741),#5783,.F.);
#6115=ADVANCED_FACE('',(#742),#5784,.F.);
#6116=ADVANCED_FACE('',(#743),#5785,.T.);
#6117=ADVANCED_FACE('',(#744),#330,.T.);
#6118=ADVANCED_FACE('',(#745),#5786,.T.);
#6119=ADVANCED_FACE('',(#746),#5787,.T.);
#6120=ADVANCED_FACE('',(#747,#198),#331,.T.);
#6121=ADVANCED_FACE('',(#748),#332,.T.);
#6122=ADVANCED_FACE('',(#749,#199),#333,.T.);
#6123=ADVANCED_FACE('',(#750),#334,.T.);
#6124=ADVANCED_FACE('',(#751,#200),#335,.T.);
#6125=ADVANCED_FACE('',(#752),#336,.T.);
#6126=ADVANCED_FACE('',(#753,#201),#337,.T.);
#6127=ADVANCED_FACE('',(#754),#338,.T.);
#6128=ADVANCED_FACE('',(#755,#202),#339,.T.);
#6129=ADVANCED_FACE('',(#756),#340,.T.);
#6130=ADVANCED_FACE('',(#757),#341,.T.);
#6131=ADVANCED_FACE('',(#758),#342,.T.);
#6132=ADVANCED_FACE('',(#759),#343,.T.);
#6133=ADVANCED_FACE('',(#760),#344,.T.);
#6134=ADVANCED_FACE('',(#761),#345,.F.);
#6135=CLOSED_SHELL('',(#5788,#5789,#5790,#5791,#5792,#5793,#5794,#5795,
#5796,#5797,#5798,#5799,#5800,#5801,#5802,#5803,#5804,#5805,#5806,#5807,
#5808,#5809,#5810,#5811,#5812,#5813,#5814,#5815,#5816,#5817,#5818,#5819,
#5820,#5821,#5822,#5823,#5824,#5825,#5826,#5827,#5828,#5829,#5830,#5831,
#5832,#5833,#5834,#5835,#5836,#5837,#5838,#5839,#5840,#5841,#5842,#5843,
#5844,#5845,#5846,#5847,#5848,#5849,#5850,#5851,#5852,#5853,#5854,#5855));
#6136=CLOSED_SHELL('',(#5856,#5857,#5858,#5859,#5860,#5861,#5862,#5863,
#5864,#5865,#5866,#5867,#5868,#5869,#5870,#5871,#5872,#5873,#5874,#5875,
#5876,#5877,#5878,#5879,#5880,#5881,#5882,#5883,#5884,#5885,#5886,#5887,
#5888,#5889));
#6137=CLOSED_SHELL('',(#5890,#5891,#5892,#5893,#5894,#5895,#5896,#5897,
#5898,#5899));
#6138=CLOSED_SHELL('',(#5900,#5901,#5902,#5903,#5904,#5905,#5906,#5907,
#5908,#5909,#5910,#5911,#5912,#5913,#5914,#5915,#5916,#5917,#5918,#5919,
#5920,#5921,#5922,#5923,#5924,#5925,#5926,#5927,#5928,#5929,#5930,#5931,
#5932,#5933,#5934,#5935,#5936,#5937,#5938,#5939,#5940,#5941,#5942,#5943,
#5944,#5945,#5946,#5947,#5948,#5949,#5950,#5951,#5952,#5953,#5954,#5955,
#5956,#5957,#5958,#5959,#5960,#5961,#5962,#5963,#5964,#5965,#5966,#5967,
#5968,#5969,#5970,#5971,#5972,#5973,#5974,#5975,#5976,#5977,#5978,#5979,
#5980,#5981,#5982,#5983,#5984,#5985,#5986,#5987,#5988,#5989,#5990,#5991,
#5992,#5993,#5994,#5995,#5996,#5997,#5998,#5999,#6000));
#6139=CLOSED_SHELL('',(#6001,#6002,#6003,#6004,#6005,#6006,#6007,#6008,
#6009,#6010,#6011,#6012,#6013,#6014,#6015,#6016,#6017,#6018,#6019,#6020,
#6021,#6022,#6023,#6024,#6025,#6026,#6027,#6028,#6029,#6030,#6031));
#6140=CLOSED_SHELL('',(#6032,#6033,#6034,#6035,#6036,#6037,#6038,#6039,
#6040,#6041,#6042,#6043,#6044,#6045,#6046,#6047,#6048,#6049,#6050,#6051,
#6052,#6053,#6054,#6055,#6056,#6057,#6058,#6059,#6060,#6061,#6062,#6063,
#6064,#6065,#6066,#6067,#6068,#6069,#6070,#6071,#6072,#6073,#6074,#6075,
#6076,#6077,#6078,#6079,#6080,#6081,#6082,#6083,#6084,#6085,#6086,#6087,
#6088,#6089));
#6141=CLOSED_SHELL('',(#6090,#6091,#6092,#6093,#6094,#6095,#6096,#6097,
#6098,#6099,#6100,#6101));
#6142=CLOSED_SHELL('',(#6102,#6103,#6104,#6105,#6106,#6107,#6108,#6109,
#6110,#6111,#6112,#6113));
#6143=CLOSED_SHELL('',(#6114,#6115,#6116,#6117,#6118,#6119,#6120,#6121,
#6122,#6123,#6124,#6125,#6126,#6127,#6128,#6129,#6130,#6131,#6132,#6133,
#6134));
#6144=DERIVED_UNIT_ELEMENT(#6162,1.);
#6145=DERIVED_UNIT_ELEMENT(#11664,-3.);
#6146=DERIVED_UNIT_ELEMENT(#6162,1.);
#6147=DERIVED_UNIT_ELEMENT(#11664,-3.);
#6148=DERIVED_UNIT_ELEMENT(#6162,1.);
#6149=DERIVED_UNIT_ELEMENT(#11664,-3.);
#6150=DERIVED_UNIT_ELEMENT(#6162,1.);
#6151=DERIVED_UNIT_ELEMENT(#11664,-3.);
#6152=DERIVED_UNIT_ELEMENT(#6162,1.);
#6153=DERIVED_UNIT_ELEMENT(#11664,-3.);
#6154=DERIVED_UNIT_ELEMENT(#6162,1.);
#6155=DERIVED_UNIT_ELEMENT(#11664,-3.);
#6156=DERIVED_UNIT_ELEMENT(#6162,1.);
#6157=DERIVED_UNIT_ELEMENT(#11664,-3.);
#6158=DERIVED_UNIT_ELEMENT(#6162,1.);
#6159=DERIVED_UNIT_ELEMENT(#11664,-3.);
#6160=DERIVED_UNIT_ELEMENT(#6162,1.);
#6161=DERIVED_UNIT_ELEMENT(#11664,-3.);
#6162=(
MASS_UNIT()
NAMED_UNIT(*)
SI_UNIT(.KILO.,.GRAM.)
);
#6163=DERIVED_UNIT((#6144,#6145));
#6164=DERIVED_UNIT((#6146,#6147));
#6165=DERIVED_UNIT((#6148,#6149));
#6166=DERIVED_UNIT((#6150,#6151));
#6167=DERIVED_UNIT((#6152,#6153));
#6168=DERIVED_UNIT((#6154,#6155));
#6169=DERIVED_UNIT((#6156,#6157));
#6170=DERIVED_UNIT((#6158,#6159));
#6171=DERIVED_UNIT((#6160,#6161));
#6172=MEASURE_REPRESENTATION_ITEM('density measure',
POSITIVE_RATIO_MEASURE(7850.),#6163);
#6173=MEASURE_REPRESENTATION_ITEM('density measure',
POSITIVE_RATIO_MEASURE(7850.),#6164);
#6174=MEASURE_REPRESENTATION_ITEM('density measure',
POSITIVE_RATIO_MEASURE(7850.),#6165);
#6175=MEASURE_REPRESENTATION_ITEM('density measure',
POSITIVE_RATIO_MEASURE(7850.),#6166);
#6176=MEASURE_REPRESENTATION_ITEM('density measure',
POSITIVE_RATIO_MEASURE(7850.),#6167);
#6177=MEASURE_REPRESENTATION_ITEM('density measure',
POSITIVE_RATIO_MEASURE(7850.),#6168);
#6178=MEASURE_REPRESENTATION_ITEM('density measure',
POSITIVE_RATIO_MEASURE(7850.),#6169);
#6179=MEASURE_REPRESENTATION_ITEM('density measure',
POSITIVE_RATIO_MEASURE(7850.),#6170);
#6180=MEASURE_REPRESENTATION_ITEM('density measure',
POSITIVE_RATIO_MEASURE(7850.),#6171);
#6181=PROPERTY_DEFINITION_REPRESENTATION(#6226,#6199);
#6182=PROPERTY_DEFINITION_REPRESENTATION(#6227,#6200);
#6183=PROPERTY_DEFINITION_REPRESENTATION(#6228,#6201);
#6184=PROPERTY_DEFINITION_REPRESENTATION(#6229,#6202);
#6185=PROPERTY_DEFINITION_REPRESENTATION(#6230,#6203);
#6186=PROPERTY_DEFINITION_REPRESENTATION(#6231,#6204);
#6187=PROPERTY_DEFINITION_REPRESENTATION(#6232,#6205);
#6188=PROPERTY_DEFINITION_REPRESENTATION(#6233,#6206);
#6189=PROPERTY_DEFINITION_REPRESENTATION(#6234,#6207);
#6190=PROPERTY_DEFINITION_REPRESENTATION(#6235,#6208);
#6191=PROPERTY_DEFINITION_REPRESENTATION(#6236,#6209);
#6192=PROPERTY_DEFINITION_REPRESENTATION(#6237,#6210);
#6193=PROPERTY_DEFINITION_REPRESENTATION(#6238,#6211);
#6194=PROPERTY_DEFINITION_REPRESENTATION(#6239,#6212);
#6195=PROPERTY_DEFINITION_REPRESENTATION(#6240,#6213);
#6196=PROPERTY_DEFINITION_REPRESENTATION(#6241,#6214);
#6197=PROPERTY_DEFINITION_REPRESENTATION(#6242,#6215);
#6198=PROPERTY_DEFINITION_REPRESENTATION(#6243,#6216);
#6199=REPRESENTATION('material name',(#6217),#11652);
#6200=REPRESENTATION('density',(#6172),#11652);
#6201=REPRESENTATION('material name',(#6218),#11653);
#6202=REPRESENTATION('density',(#6173),#11653);
#6203=REPRESENTATION('material name',(#6219),#11654);
#6204=REPRESENTATION('density',(#6174),#11654);
#6205=REPRESENTATION('material name',(#6220),#11656);
#6206=REPRESENTATION('density',(#6175),#11656);
#6207=REPRESENTATION('material name',(#6221),#11657);
#6208=REPRESENTATION('density',(#6176),#11657);
#6209=REPRESENTATION('material name',(#6222),#11658);
#6210=REPRESENTATION('density',(#6177),#11658);
#6211=REPRESENTATION('material name',(#6223),#11659);
#6212=REPRESENTATION('density',(#6178),#11659);
#6213=REPRESENTATION('material name',(#6224),#11660);
#6214=REPRESENTATION('density',(#6179),#11660);
#6215=REPRESENTATION('material name',(#6225),#11661);
#6216=REPRESENTATION('density',(#6180),#11661);
#6217=DESCRIPTIVE_REPRESENTATION_ITEM('Steel','Steel');
#6218=DESCRIPTIVE_REPRESENTATION_ITEM('Steel','Steel');
#6219=DESCRIPTIVE_REPRESENTATION_ITEM('Steel','Steel');
#6220=DESCRIPTIVE_REPRESENTATION_ITEM('Steel','Steel');
#6221=DESCRIPTIVE_REPRESENTATION_ITEM('Steel','Steel');
#6222=DESCRIPTIVE_REPRESENTATION_ITEM('Steel','Steel');
#6223=DESCRIPTIVE_REPRESENTATION_ITEM('Steel','Steel');
#6224=DESCRIPTIVE_REPRESENTATION_ITEM('Steel','Steel');
#6225=DESCRIPTIVE_REPRESENTATION_ITEM('Steel','Steel');
#6226=PROPERTY_DEFINITION('material property','material name',#11716);
#6227=PROPERTY_DEFINITION('material property','density of part',#11716);
#6228=PROPERTY_DEFINITION('material property','material name',#11717);
#6229=PROPERTY_DEFINITION('material property','density of part',#11717);
#6230=PROPERTY_DEFINITION('material property','material name',#11718);
#6231=PROPERTY_DEFINITION('material property','density of part',#11718);
#6232=PROPERTY_DEFINITION('material property','material name',#11720);
#6233=PROPERTY_DEFINITION('material property','density of part',#11720);
#6234=PROPERTY_DEFINITION('material property','material name',#11721);
#6235=PROPERTY_DEFINITION('material property','density of part',#11721);
#6236=PROPERTY_DEFINITION('material property','material name',#11722);
#6237=PROPERTY_DEFINITION('material property','density of part',#11722);
#6238=PROPERTY_DEFINITION('material property','material name',#11723);
#6239=PROPERTY_DEFINITION('material property','density of part',#11723);
#6240=PROPERTY_DEFINITION('material property','material name',#11724);
#6241=PROPERTY_DEFINITION('material property','density of part',#11724);
#6242=PROPERTY_DEFINITION('material property','material name',#11725);
#6243=PROPERTY_DEFINITION('material property','density of part',#11725);
#6244=AXIS2_PLACEMENT_3D('',#8817,#6941,#6942);
#6245=AXIS2_PLACEMENT_3D('',#8818,#6943,#6944);
#6246=AXIS2_PLACEMENT_3D('',#8819,#6945,#6946);
#6247=AXIS2_PLACEMENT_3D('',#8822,#6947,#6948);
#6248=AXIS2_PLACEMENT_3D('',#8826,#6950,#6951);
#6249=AXIS2_PLACEMENT_3D('',#8828,#6953,#6954);
#6250=AXIS2_PLACEMENT_3D('',#8830,#6955,#6956);
#6251=AXIS2_PLACEMENT_3D('',#8831,#6957,#6958);
#6252=AXIS2_PLACEMENT_3D('',#8832,#6959,#6960);
#6253=AXIS2_PLACEMENT_3D('',#8842,#6962,#6963);
#6254=AXIS2_PLACEMENT_3D('',#8843,#6964,#6965);
#6255=AXIS2_PLACEMENT_3D('',#8853,#6966,#6967);
#6256=AXIS2_PLACEMENT_3D('',#8854,#6968,#6969);
#6257=AXIS2_PLACEMENT_3D('',#8858,#6971,#6972);
#6258=AXIS2_PLACEMENT_3D('',#8860,#6974,#6975);
#6259=AXIS2_PLACEMENT_3D('',#8866,#6979,#6980);
#6260=AXIS2_PLACEMENT_3D('',#8868,#6981,#6982);
#6261=AXIS2_PLACEMENT_3D('',#8870,#6983,#6984);
#6262=AXIS2_PLACEMENT_3D('',#8871,#6985,#6986);
#6263=AXIS2_PLACEMENT_3D('',#8872,#6987,#6988);
#6264=AXIS2_PLACEMENT_3D('',#8874,#6989,#6990);
#6265=AXIS2_PLACEMENT_3D('',#8876,#6992,#6993);
#6266=AXIS2_PLACEMENT_3D('',#8884,#6994,#6995);
#6267=AXIS2_PLACEMENT_3D('',#8885,#6996,#6997);
#6268=AXIS2_PLACEMENT_3D('',#8894,#6998,#6999);
#6269=AXIS2_PLACEMENT_3D('',#8899,#7002,#7003);
#6270=AXIS2_PLACEMENT_3D('',#8900,#7004,#7005);
#6271=AXIS2_PLACEMENT_3D('',#8903,#7007,#7008);
#6272=AXIS2_PLACEMENT_3D('',#8904,#7009,#7010);
#6273=AXIS2_PLACEMENT_3D('',#8906,#7012,#7013);
#6274=AXIS2_PLACEMENT_3D('',#8909,#7014,#7015);
#6275=AXIS2_PLACEMENT_3D('',#8911,#7016,#7017);
#6276=AXIS2_PLACEMENT_3D('',#8912,#7018,#7019);
#6277=AXIS2_PLACEMENT_3D('',#8913,#7020,#7021);
#6278=AXIS2_PLACEMENT_3D('',#8916,#7022,#7023);
#6279=AXIS2_PLACEMENT_3D('',#8919,#7026,#7027);
#6280=AXIS2_PLACEMENT_3D('',#8928,#7028,#7029);
#6281=AXIS2_PLACEMENT_3D('',#8930,#7031,#7032);
#6282=AXIS2_PLACEMENT_3D('',#8940,#7033,#7034);
#6283=AXIS2_PLACEMENT_3D('',#8941,#7035,#7036);
#6284=AXIS2_PLACEMENT_3D('',#8942,#7037,#7038);
#6285=AXIS2_PLACEMENT_3D('',#8944,#7040,#7041);
#6286=AXIS2_PLACEMENT_3D('',#8946,#7043,#7044);
#6287=AXIS2_PLACEMENT_3D('',#8948,#7045,#7046);
#6288=AXIS2_PLACEMENT_3D('',#8950,#7047,#7048);
#6289=AXIS2_PLACEMENT_3D('',#8952,#7050,#7051);
#6290=AXIS2_PLACEMENT_3D('',#8953,#7052,#7053);
#6291=AXIS2_PLACEMENT_3D('',#8954,#7054,#7055);
#6292=AXIS2_PLACEMENT_3D('',#8964,#7057,#7058);
#6293=AXIS2_PLACEMENT_3D('',#8965,#7059,#7060);
#6294=AXIS2_PLACEMENT_3D('',#8975,#7061,#7062);
#6295=AXIS2_PLACEMENT_3D('',#8976,#7063,#7064);
#6296=AXIS2_PLACEMENT_3D('',#8979,#7067,#7068);
#6297=AXIS2_PLACEMENT_3D('',#8981,#7070,#7071);
#6298=AXIS2_PLACEMENT_3D('',#8984,#7072,#7073);
#6299=AXIS2_PLACEMENT_3D('',#8988,#7075,#7076);
#6300=AXIS2_PLACEMENT_3D('',#8990,#7078,#7079);
#6301=AXIS2_PLACEMENT_3D('',#8993,#7080,#7081);
#6302=AXIS2_PLACEMENT_3D('',#8994,#7082,#7083);
#6303=AXIS2_PLACEMENT_3D('',#8995,#7084,#7085);
#6304=AXIS2_PLACEMENT_3D('',#8996,#7086,#7087);
#6305=AXIS2_PLACEMENT_3D('',#8999,#7088,#7089);
#6306=AXIS2_PLACEMENT_3D('',#9002,#7092,#7093);
#6307=AXIS2_PLACEMENT_3D('',#9005,#7094,#7095);
#6308=AXIS2_PLACEMENT_3D('',#9006,#7096,#7097);
#6309=AXIS2_PLACEMENT_3D('',#9007,#7098,#7099);
#6310=AXIS2_PLACEMENT_3D('',#9008,#7100,#7101);
#6311=AXIS2_PLACEMENT_3D('',#9011,#7102,#7103);
#6312=AXIS2_PLACEMENT_3D('',#9014,#7106,#7107);
#6313=AXIS2_PLACEMENT_3D('',#9017,#7108,#7109);
#6314=AXIS2_PLACEMENT_3D('',#9018,#7110,#7111);
#6315=AXIS2_PLACEMENT_3D('',#9019,#7112,#7113);
#6316=AXIS2_PLACEMENT_3D('',#9020,#7114,#7115);
#6317=AXIS2_PLACEMENT_3D('',#9023,#7116,#7117);
#6318=AXIS2_PLACEMENT_3D('',#9026,#7120,#7121);
#6319=AXIS2_PLACEMENT_3D('',#9027,#7122,#7123);
#6320=AXIS2_PLACEMENT_3D('',#9028,#7124,#7125);
#6321=AXIS2_PLACEMENT_3D('',#9029,#7126,#7127);
#6322=AXIS2_PLACEMENT_3D('',#9033,#7129,#7130);
#6323=AXIS2_PLACEMENT_3D('',#9035,#7132,#7133);
#6324=AXIS2_PLACEMENT_3D('',#9039,#7136,#7137);
#6325=AXIS2_PLACEMENT_3D('',#9042,#7139,#7140);
#6326=AXIS2_PLACEMENT_3D('',#9043,#7141,#7142);
#6327=AXIS2_PLACEMENT_3D('',#9047,#7145,#7146);
#6328=AXIS2_PLACEMENT_3D('',#9049,#7147,#7148);
#6329=AXIS2_PLACEMENT_3D('',#9051,#7149,#7150);
#6330=AXIS2_PLACEMENT_3D('',#9053,#7151,#7152);
#6331=AXIS2_PLACEMENT_3D('',#9055,#7153,#7154);
#6332=AXIS2_PLACEMENT_3D('',#9056,#7155,#7156);
#6333=AXIS2_PLACEMENT_3D('',#9058,#7157,#7158);
#6334=AXIS2_PLACEMENT_3D('',#9060,#7159,#7160);
#6335=AXIS2_PLACEMENT_3D('',#9061,#7161,#7162);
#6336=AXIS2_PLACEMENT_3D('',#9062,#7163,#7164);
#6337=AXIS2_PLACEMENT_3D('',#9064,#7165,#7166);
#6338=AXIS2_PLACEMENT_3D('',#9066,#7168,#7169);
#6339=AXIS2_PLACEMENT_3D('',#9068,#7170,#7171);
#6340=AXIS2_PLACEMENT_3D('',#9069,#7172,#7173);
#6341=AXIS2_PLACEMENT_3D('',#9070,#7174,#7175);
#6342=AXIS2_PLACEMENT_3D('',#9073,#7176,#7177);
#6343=AXIS2_PLACEMENT_3D('',#9076,#7180,#7181);
#6344=AXIS2_PLACEMENT_3D('',#9079,#7182,#7183);
#6345=AXIS2_PLACEMENT_3D('',#9080,#7184,#7185);
#6346=AXIS2_PLACEMENT_3D('',#9081,#7186,#7187);
#6347=AXIS2_PLACEMENT_3D('',#9082,#7188,#7189);
#6348=AXIS2_PLACEMENT_3D('',#9085,#7190,#7191);
#6349=AXIS2_PLACEMENT_3D('',#9088,#7194,#7195);
#6350=AXIS2_PLACEMENT_3D('',#9090,#7196,#7197);
#6351=AXIS2_PLACEMENT_3D('',#9091,#7198,#7199);
#6352=AXIS2_PLACEMENT_3D('',#9092,#7200,#7201);
#6353=AXIS2_PLACEMENT_3D('',#9093,#7202,#7203);
#6354=AXIS2_PLACEMENT_3D('',#9095,#7205,#7206);
#6355=AXIS2_PLACEMENT_3D('',#9098,#7209,#7210);
#6356=AXIS2_PLACEMENT_3D('',#9099,#7211,#7212);
#6357=AXIS2_PLACEMENT_3D('',#9101,#7213,#7214);
#6358=AXIS2_PLACEMENT_3D('',#9103,#7215,#7216);
#6359=AXIS2_PLACEMENT_3D('',#9105,#7217,#7218);
#6360=AXIS2_PLACEMENT_3D('',#9107,#7219,#7220);
#6361=AXIS2_PLACEMENT_3D('',#9109,#7221,#7222);
#6362=AXIS2_PLACEMENT_3D('',#9110,#7223,#7224);
#6363=AXIS2_PLACEMENT_3D('',#9112,#7225,#7226);
#6364=AXIS2_PLACEMENT_3D('',#9113,#7227,#7228);
#6365=AXIS2_PLACEMENT_3D('',#9114,#7229,#7230);
#6366=AXIS2_PLACEMENT_3D('',#9116,#7231,#7232);
#6367=AXIS2_PLACEMENT_3D('',#9118,#7234,#7235);
#6368=AXIS2_PLACEMENT_3D('',#9120,#7237,#7238);
#6369=AXIS2_PLACEMENT_3D('',#9121,#7239,#7240);
#6370=AXIS2_PLACEMENT_3D('',#9123,#7242,#7243);
#6371=AXIS2_PLACEMENT_3D('',#9124,#7244,#7245);
#6372=AXIS2_PLACEMENT_3D('',#9126,#7246,#7247);
#6373=AXIS2_PLACEMENT_3D('',#9128,#7248,#7249);
#6374=AXIS2_PLACEMENT_3D('',#9129,#7250,#7251);
#6375=AXIS2_PLACEMENT_3D('',#9131,#7253,#7254);
#6376=AXIS2_PLACEMENT_3D('',#9133,#7256,#7257);
#6377=AXIS2_PLACEMENT_3D('',#9135,#7258,#7259);
#6378=AXIS2_PLACEMENT_3D('',#9137,#7260,#7261);
#6379=AXIS2_PLACEMENT_3D('',#9138,#7262,#7263);
#6380=AXIS2_PLACEMENT_3D('',#9140,#7265,#7266);
#6381=AXIS2_PLACEMENT_3D('',#9142,#7268,#7269);
#6382=AXIS2_PLACEMENT_3D('',#9144,#7270,#7271);
#6383=AXIS2_PLACEMENT_3D('',#9146,#7272,#7273);
#6384=AXIS2_PLACEMENT_3D('',#9147,#7274,#7275);
#6385=AXIS2_PLACEMENT_3D('',#9149,#7277,#7278);
#6386=AXIS2_PLACEMENT_3D('',#9151,#7280,#7281);
#6387=AXIS2_PLACEMENT_3D('',#9153,#7282,#7283);
#6388=AXIS2_PLACEMENT_3D('',#9155,#7284,#7285);
#6389=AXIS2_PLACEMENT_3D('',#9156,#7286,#7287);
#6390=AXIS2_PLACEMENT_3D('',#9158,#7289,#7290);
#6391=AXIS2_PLACEMENT_3D('',#9160,#7292,#7293);
#6392=AXIS2_PLACEMENT_3D('',#9161,#7294,#7295);
#6393=AXIS2_PLACEMENT_3D('',#9162,#7296,#7297);
#6394=AXIS2_PLACEMENT_3D('',#9164,#7298,#7299);
#6395=AXIS2_PLACEMENT_3D('',#9167,#7301,#7302);
#6396=AXIS2_PLACEMENT_3D('',#9168,#7303,#7304);
#6397=AXIS2_PLACEMENT_3D('',#9170,#7305,#7306);
#6398=AXIS2_PLACEMENT_3D('',#9173,#7308,#7309);
#6399=AXIS2_PLACEMENT_3D('',#9174,#7310,#7311);
#6400=AXIS2_PLACEMENT_3D('',#9177,#7312,#7313);
#6401=AXIS2_PLACEMENT_3D('',#9179,#7314,#7315);
#6402=AXIS2_PLACEMENT_3D('',#9183,#7317,#7318);
#6403=AXIS2_PLACEMENT_3D('',#9185,#7320,#7321);
#6404=AXIS2_PLACEMENT_3D('',#9186,#7322,#7323);
#6405=AXIS2_PLACEMENT_3D('',#9187,#7324,#7325);
#6406=AXIS2_PLACEMENT_3D('',#9188,#7326,#7327);
#6407=AXIS2_PLACEMENT_3D('',#9198,#7333,#7334);
#6408=AXIS2_PLACEMENT_3D('',#9204,#7338,#7339);
#6409=AXIS2_PLACEMENT_3D('',#9210,#7343,#7344);
#6410=AXIS2_PLACEMENT_3D('',#9216,#7348,#7349);
#6411=AXIS2_PLACEMENT_3D('',#9222,#7353,#7354);
#6412=AXIS2_PLACEMENT_3D('',#9228,#7358,#7359);
#6413=AXIS2_PLACEMENT_3D('',#9232,#7362,#7363);
#6414=AXIS2_PLACEMENT_3D('',#9236,#7366,#7367);
#6415=AXIS2_PLACEMENT_3D('',#9238,#7369,#7370);
#6416=AXIS2_PLACEMENT_3D('',#9247,#7375,#7376);
#6417=AXIS2_PLACEMENT_3D('',#9256,#7381,#7382);
#6418=AXIS2_PLACEMENT_3D('',#9257,#7383,#7384);
#6419=AXIS2_PLACEMENT_3D('',#9263,#7388,#7389);
#6420=AXIS2_PLACEMENT_3D('',#9264,#7390,#7391);
#6421=AXIS2_PLACEMENT_3D('',#9265,#7392,#7393);
#6422=AXIS2_PLACEMENT_3D('',#9271,#7397,#7398);
#6423=AXIS2_PLACEMENT_3D('',#9272,#7399,#7400);
#6424=AXIS2_PLACEMENT_3D('',#9275,#7401,#7402);
#6425=AXIS2_PLACEMENT_3D('',#9276,#7403,#7404);
#6426=AXIS2_PLACEMENT_3D('',#9278,#7405,#7406);
#6427=AXIS2_PLACEMENT_3D('',#9280,#7407,#7408);
#6428=AXIS2_PLACEMENT_3D('',#9281,#7409,#7410);
#6429=AXIS2_PLACEMENT_3D('',#9282,#7411,#7412);
#6430=AXIS2_PLACEMENT_3D('',#9283,#7413,#7414);
#6431=AXIS2_PLACEMENT_3D('',#9285,#7415,#7416);
#6432=AXIS2_PLACEMENT_3D('',#9287,#7418,#7419);
#6433=AXIS2_PLACEMENT_3D('',#9289,#7420,#7421);
#6434=AXIS2_PLACEMENT_3D('',#9291,#7423,#7424);
#6435=AXIS2_PLACEMENT_3D('',#9294,#7425,#7426);
#6436=AXIS2_PLACEMENT_3D('',#9296,#7427,#7428);
#6437=AXIS2_PLACEMENT_3D('',#9299,#7431,#7432);
#6438=AXIS2_PLACEMENT_3D('',#9300,#7433,#7434);
#6439=AXIS2_PLACEMENT_3D('',#9301,#7435,#7436);
#6440=AXIS2_PLACEMENT_3D('',#9311,#7442,#7443);
#6441=AXIS2_PLACEMENT_3D('',#9317,#7447,#7448);
#6442=AXIS2_PLACEMENT_3D('',#9323,#7452,#7453);
#6443=AXIS2_PLACEMENT_3D('',#9329,#7457,#7458);
#6444=AXIS2_PLACEMENT_3D('',#9335,#7462,#7463);
#6445=AXIS2_PLACEMENT_3D('',#9341,#7467,#7468);
#6446=AXIS2_PLACEMENT_3D('',#9345,#7471,#7472);
#6447=AXIS2_PLACEMENT_3D('',#9349,#7475,#7476);
#6448=AXIS2_PLACEMENT_3D('',#9351,#7478,#7479);
#6449=AXIS2_PLACEMENT_3D('',#9352,#7480,#7481);
#6450=AXIS2_PLACEMENT_3D('',#9353,#7482,#7483);
#6451=AXIS2_PLACEMENT_3D('',#9355,#7484,#7485);
#6452=AXIS2_PLACEMENT_3D('',#9358,#7487,#7488);
#6453=AXIS2_PLACEMENT_3D('',#9359,#7489,#7490);
#6454=AXIS2_PLACEMENT_3D('',#9360,#7491,#7492);
#6455=AXIS2_PLACEMENT_3D('',#9362,#7493,#7494);
#6456=AXIS2_PLACEMENT_3D('',#9365,#7496,#7497);
#6457=AXIS2_PLACEMENT_3D('',#9366,#7498,#7499);
#6458=AXIS2_PLACEMENT_3D('',#9367,#7500,#7501);
#6459=AXIS2_PLACEMENT_3D('',#9370,#7502,#7503);
#6460=AXIS2_PLACEMENT_3D('',#9374,#7505,#7506);
#6461=AXIS2_PLACEMENT_3D('',#9479,#7509,#7510);
#6462=AXIS2_PLACEMENT_3D('',#9481,#7511,#7512);
#6463=AXIS2_PLACEMENT_3D('',#9483,#7513,#7514);
#6464=AXIS2_PLACEMENT_3D('',#9585,#7516,#7517);
#6465=AXIS2_PLACEMENT_3D('',#9586,#7518,#7519);
#6466=AXIS2_PLACEMENT_3D('',#9587,#7520,#7521);
#6467=AXIS2_PLACEMENT_3D('',#9588,#7522,#7523);
#6468=AXIS2_PLACEMENT_3D('',#9589,#7524,#7525);
#6469=AXIS2_PLACEMENT_3D('',#9591,#7526,#7527);
#6470=AXIS2_PLACEMENT_3D('',#9594,#7529,#7530);
#6471=AXIS2_PLACEMENT_3D('',#9595,#7531,#7532);
#6472=AXIS2_PLACEMENT_3D('',#9597,#7533,#7534);
#6473=AXIS2_PLACEMENT_3D('',#9600,#7536,#7537);
#6474=AXIS2_PLACEMENT_3D('',#9601,#7538,#7539);
#6475=AXIS2_PLACEMENT_3D('',#9610,#7544,#7545);
#6476=AXIS2_PLACEMENT_3D('',#9616,#7549,#7550);
#6477=AXIS2_PLACEMENT_3D('',#9622,#7554,#7555);
#6478=AXIS2_PLACEMENT_3D('',#9628,#7559,#7560);
#6479=AXIS2_PLACEMENT_3D('',#9634,#7564,#7565);
#6480=AXIS2_PLACEMENT_3D('',#9636,#7566,#7567);
#6481=AXIS2_PLACEMENT_3D('',#9686,#7568,#7569);
#6482=AXIS2_PLACEMENT_3D('',#9687,#7570,#7571);
#6483=AXIS2_PLACEMENT_3D('',#9688,#7572,#7573);
#6484=AXIS2_PLACEMENT_3D('',#9699,#7579,#7580);
#6485=AXIS2_PLACEMENT_3D('',#9705,#7584,#7585);
#6486=AXIS2_PLACEMENT_3D('',#9711,#7589,#7590);
#6487=AXIS2_PLACEMENT_3D('',#9714,#7593,#7594);
#6488=AXIS2_PLACEMENT_3D('',#9715,#7595,#7596);
#6489=AXIS2_PLACEMENT_3D('',#9719,#7598,#7599);
#6490=AXIS2_PLACEMENT_3D('',#9723,#7601,#7602);
#6491=AXIS2_PLACEMENT_3D('',#9727,#7604,#7605);
#6492=AXIS2_PLACEMENT_3D('',#9728,#7606,#7607);
#6493=AXIS2_PLACEMENT_3D('',#9729,#7608,#7609);
#6494=AXIS2_PLACEMENT_3D('',#9730,#7610,#7611);
#6495=AXIS2_PLACEMENT_3D('',#9733,#7612,#7613);
#6496=AXIS2_PLACEMENT_3D('',#9736,#7616,#7617);
#6497=AXIS2_PLACEMENT_3D('',#9737,#7618,#7619);
#6498=AXIS2_PLACEMENT_3D('',#9738,#7620,#7621);
#6499=AXIS2_PLACEMENT_3D('',#9754,#7623,#7624);
#6500=AXIS2_PLACEMENT_3D('',#9755,#7625,#7626);
#6501=AXIS2_PLACEMENT_3D('',#9757,#7627,#7628);
#6502=AXIS2_PLACEMENT_3D('',#9758,#7629,#7630);
#6503=AXIS2_PLACEMENT_3D('',#9759,#7631,#7632);
#6504=AXIS2_PLACEMENT_3D('',#9761,#7633,#7634);
#6505=AXIS2_PLACEMENT_3D('',#9763,#7636,#7637);
#6506=AXIS2_PLACEMENT_3D('',#9765,#7638,#7639);
#6507=AXIS2_PLACEMENT_3D('',#9766,#7640,#7641);
#6508=AXIS2_PLACEMENT_3D('',#9767,#7642,#7643);
#6509=AXIS2_PLACEMENT_3D('',#9780,#7645,#7646);
#6510=AXIS2_PLACEMENT_3D('',#9798,#7650,#7651);
#6511=AXIS2_PLACEMENT_3D('',#9801,#7653,#7654);
#6512=AXIS2_PLACEMENT_3D('',#9802,#7655,#7656);
#6513=AXIS2_PLACEMENT_3D('',#9808,#7659,#7660);
#6514=AXIS2_PLACEMENT_3D('',#9812,#7662,#7663);
#6515=AXIS2_PLACEMENT_3D('',#9816,#7665,#7666);
#6516=AXIS2_PLACEMENT_3D('',#9820,#7668,#7669);
#6517=AXIS2_PLACEMENT_3D('',#9824,#7671,#7672);
#6518=AXIS2_PLACEMENT_3D('',#9828,#7674,#7675);
#6519=AXIS2_PLACEMENT_3D('',#9831,#7677,#7678);
#6520=AXIS2_PLACEMENT_3D('',#9833,#7679,#7680);
#6521=AXIS2_PLACEMENT_3D('',#9835,#7681,#7682);
#6522=AXIS2_PLACEMENT_3D('',#9844,#7687,#7688);
#6523=AXIS2_PLACEMENT_3D('',#9847,#7690,#7691);
#6524=AXIS2_PLACEMENT_3D('',#9848,#7692,#7693);
#6525=AXIS2_PLACEMENT_3D('',#9895,#7696,#7697);
#6526=AXIS2_PLACEMENT_3D('',#9897,#7698,#7699);
#6527=AXIS2_PLACEMENT_3D('',#9898,#7700,#7701);
#6528=AXIS2_PLACEMENT_3D('',#9899,#7702,#7703);
#6529=AXIS2_PLACEMENT_3D('',#9901,#7704,#7705);
#6530=AXIS2_PLACEMENT_3D('',#9933,#7707,#7708);
#6531=AXIS2_PLACEMENT_3D('',#9934,#7709,#7710);
#6532=AXIS2_PLACEMENT_3D('',#9937,#7712,#7713);
#6533=AXIS2_PLACEMENT_3D('',#9938,#7714,#7715);
#6534=AXIS2_PLACEMENT_3D('',#9942,#7717,#7718);
#6535=AXIS2_PLACEMENT_3D('',#9944,#7720,#7721);
#6536=AXIS2_PLACEMENT_3D('',#9946,#7722,#7723);
#6537=AXIS2_PLACEMENT_3D('',#9948,#7724,#7725);
#6538=AXIS2_PLACEMENT_3D('',#9949,#7726,#7727);
#6539=AXIS2_PLACEMENT_3D('',#9950,#7728,#7729);
#6540=AXIS2_PLACEMENT_3D('',#9952,#7730,#7731);
#6541=AXIS2_PLACEMENT_3D('',#9954,#7732,#7733);
#6542=AXIS2_PLACEMENT_3D('',#9955,#7734,#7735);
#6543=AXIS2_PLACEMENT_3D('',#9956,#7736,#7737);
#6544=AXIS2_PLACEMENT_3D('',#9959,#7740,#7741);
#6545=AXIS2_PLACEMENT_3D('',#9961,#7743,#7744);
#6546=AXIS2_PLACEMENT_3D('',#9965,#7746,#7747);
#6547=AXIS2_PLACEMENT_3D('',#9969,#7749,#7750);
#6548=AXIS2_PLACEMENT_3D('',#9973,#7752,#7753);
#6549=AXIS2_PLACEMENT_3D('',#9977,#7755,#7756);
#6550=AXIS2_PLACEMENT_3D('',#9981,#7758,#7759);
#6551=AXIS2_PLACEMENT_3D('',#10001,#7762,#7763);
#6552=AXIS2_PLACEMENT_3D('',#10003,#7764,#7765);
#6553=AXIS2_PLACEMENT_3D('',#10005,#7766,#7767);
#6554=AXIS2_PLACEMENT_3D('',#10008,#7768,#7769);
#6555=AXIS2_PLACEMENT_3D('',#10009,#7770,#7771);
#6556=AXIS2_PLACEMENT_3D('',#10011,#7772,#7773);
#6557=AXIS2_PLACEMENT_3D('',#10013,#7774,#7775);
#6558=AXIS2_PLACEMENT_3D('',#10014,#7776,#7777);
#6559=AXIS2_PLACEMENT_3D('',#10017,#7779,#7780);
#6560=AXIS2_PLACEMENT_3D('',#10018,#7781,#7782);
#6561=AXIS2_PLACEMENT_3D('',#10020,#7783,#7784);
#6562=AXIS2_PLACEMENT_3D('',#10022,#7785,#7786);
#6563=AXIS2_PLACEMENT_3D('',#10023,#7787,#7788);
#6564=AXIS2_PLACEMENT_3D('',#10024,#7789,#7790);
#6565=AXIS2_PLACEMENT_3D('',#10026,#7791,#7792);
#6566=AXIS2_PLACEMENT_3D('',#10027,#7793,#7794);
#6567=AXIS2_PLACEMENT_3D('',#10028,#7795,#7796);
#6568=AXIS2_PLACEMENT_3D('',#10031,#7799,#7800);
#6569=AXIS2_PLACEMENT_3D('',#10033,#7802,#7803);
#6570=AXIS2_PLACEMENT_3D('',#10036,#7805,#7806);
#6571=AXIS2_PLACEMENT_3D('',#10037,#7807,#7808);
#6572=AXIS2_PLACEMENT_3D('',#10039,#7809,#7810);
#6573=AXIS2_PLACEMENT_3D('',#10041,#7811,#7812);
#6574=AXIS2_PLACEMENT_3D('',#10042,#7813,#7814);
#6575=AXIS2_PLACEMENT_3D('',#10043,#7815,#7816);
#6576=AXIS2_PLACEMENT_3D('',#10045,#7817,#7818);
#6577=AXIS2_PLACEMENT_3D('',#10046,#7819,#7820);
#6578=AXIS2_PLACEMENT_3D('',#10047,#7821,#7822);
#6579=AXIS2_PLACEMENT_3D('',#10050,#7825,#7826);
#6580=AXIS2_PLACEMENT_3D('',#10052,#7828,#7829);
#6581=AXIS2_PLACEMENT_3D('',#10055,#7831,#7832);
#6582=AXIS2_PLACEMENT_3D('',#10056,#7833,#7834);
#6583=AXIS2_PLACEMENT_3D('',#10058,#7835,#7836);
#6584=AXIS2_PLACEMENT_3D('',#10060,#7837,#7838);
#6585=AXIS2_PLACEMENT_3D('',#10061,#7839,#7840);
#6586=AXIS2_PLACEMENT_3D('',#10062,#7841,#7842);
#6587=AXIS2_PLACEMENT_3D('',#10064,#7843,#7844);
#6588=AXIS2_PLACEMENT_3D('',#10065,#7845,#7846);
#6589=AXIS2_PLACEMENT_3D('',#10066,#7847,#7848);
#6590=AXIS2_PLACEMENT_3D('',#10069,#7851,#7852);
#6591=AXIS2_PLACEMENT_3D('',#10071,#7854,#7855);
#6592=AXIS2_PLACEMENT_3D('',#10074,#7857,#7858);
#6593=AXIS2_PLACEMENT_3D('',#10075,#7859,#7860);
#6594=AXIS2_PLACEMENT_3D('',#10077,#7861,#7862);
#6595=AXIS2_PLACEMENT_3D('',#10079,#7863,#7864);
#6596=AXIS2_PLACEMENT_3D('',#10080,#7865,#7866);
#6597=AXIS2_PLACEMENT_3D('',#10081,#7867,#7868);
#6598=AXIS2_PLACEMENT_3D('',#10083,#7869,#7870);
#6599=AXIS2_PLACEMENT_3D('',#10084,#7871,#7872);
#6600=AXIS2_PLACEMENT_3D('',#10085,#7873,#7874);
#6601=AXIS2_PLACEMENT_3D('',#10088,#7877,#7878);
#6602=AXIS2_PLACEMENT_3D('',#10090,#7880,#7881);
#6603=AXIS2_PLACEMENT_3D('',#10091,#7882,#7883);
#6604=AXIS2_PLACEMENT_3D('',#10093,#7884,#7885);
#6605=AXIS2_PLACEMENT_3D('',#10095,#7886,#7887);
#6606=AXIS2_PLACEMENT_3D('',#10096,#7888,#7889);
#6607=AXIS2_PLACEMENT_3D('',#10097,#7890,#7891);
#6608=AXIS2_PLACEMENT_3D('',#10099,#7892,#7893);
#6609=AXIS2_PLACEMENT_3D('',#10101,#7894,#7895);
#6610=AXIS2_PLACEMENT_3D('',#10102,#7896,#7897);
#6611=AXIS2_PLACEMENT_3D('',#10103,#7898,#7899);
#6612=AXIS2_PLACEMENT_3D('',#10106,#7902,#7903);
#6613=AXIS2_PLACEMENT_3D('',#10109,#7905,#7906);
#6614=AXIS2_PLACEMENT_3D('',#10110,#7907,#7908);
#6615=AXIS2_PLACEMENT_3D('',#10114,#7911,#7912);
#6616=AXIS2_PLACEMENT_3D('',#10115,#7913,#7914);
#6617=AXIS2_PLACEMENT_3D('',#10140,#7915,#7916);
#6618=AXIS2_PLACEMENT_3D('',#10141,#7917,#7918);
#6619=AXIS2_PLACEMENT_3D('',#10142,#7919,#7920);
#6620=AXIS2_PLACEMENT_3D('',#10143,#7921,#7922);
#6621=AXIS2_PLACEMENT_3D('',#10168,#7923,#7924);
#6622=AXIS2_PLACEMENT_3D('',#10169,#7925,#7926);
#6623=AXIS2_PLACEMENT_3D('',#10170,#7927,#7928);
#6624=AXIS2_PLACEMENT_3D('',#10171,#7929,#7930);
#6625=AXIS2_PLACEMENT_3D('',#10172,#7931,#7932);
#6626=AXIS2_PLACEMENT_3D('',#10173,#7933,#7934);
#6627=AXIS2_PLACEMENT_3D('',#10174,#7935,#7936);
#6628=AXIS2_PLACEMENT_3D('',#10176,#7938,#7939);
#6629=AXIS2_PLACEMENT_3D('',#10178,#7941,#7942);
#6630=AXIS2_PLACEMENT_3D('',#10232,#7943,#7944);
#6631=AXIS2_PLACEMENT_3D('',#10333,#7945,#7946);
#6632=AXIS2_PLACEMENT_3D('',#10396,#7947,#7948);
#6633=AXIS2_PLACEMENT_3D('',#10449,#7949,#7950);
#6634=AXIS2_PLACEMENT_3D('',#10566,#7951,#7952);
#6635=AXIS2_PLACEMENT_3D('',#10567,#7953,#7954);
#6636=AXIS2_PLACEMENT_3D('',#10569,#7955,#7956);
#6637=AXIS2_PLACEMENT_3D('',#10571,#7958,#7959);
#6638=AXIS2_PLACEMENT_3D('',#10573,#7960,#7961);
#6639=AXIS2_PLACEMENT_3D('',#10575,#7963,#7964);
#6640=AXIS2_PLACEMENT_3D('',#10584,#7969,#7970);
#6641=AXIS2_PLACEMENT_3D('',#10590,#7974,#7975);
#6642=AXIS2_PLACEMENT_3D('',#10593,#7978,#7979);
#6643=AXIS2_PLACEMENT_3D('',#10599,#7983,#7984);
#6644=AXIS2_PLACEMENT_3D('',#10610,#7990,#7991);
#6645=AXIS2_PLACEMENT_3D('',#10613,#7994,#7995);
#6646=AXIS2_PLACEMENT_3D('',#10615,#7997,#7998);
#6647=AXIS2_PLACEMENT_3D('',#10617,#8000,#8001);
#6648=AXIS2_PLACEMENT_3D('',#10620,#8003,#8004);
#6649=AXIS2_PLACEMENT_3D('',#10622,#8005,#8006);
#6650=AXIS2_PLACEMENT_3D('',#10624,#8008,#8009);
#6651=AXIS2_PLACEMENT_3D('',#10625,#8010,#8011);
#6652=AXIS2_PLACEMENT_3D('',#10626,#8012,#8013);
#6653=AXIS2_PLACEMENT_3D('',#10627,#8014,#8015);
#6654=AXIS2_PLACEMENT_3D('',#10629,#8017,#8018);
#6655=AXIS2_PLACEMENT_3D('',#10631,#8020,#8021);
#6656=AXIS2_PLACEMENT_3D('',#10633,#8023,#8024);
#6657=AXIS2_PLACEMENT_3D('',#10634,#8025,#8026);
#6658=AXIS2_PLACEMENT_3D('',#10636,#8027,#8028);
#6659=AXIS2_PLACEMENT_3D('',#10639,#8030,#8031);
#6660=AXIS2_PLACEMENT_3D('',#10640,#8032,#8033);
#6661=AXIS2_PLACEMENT_3D('',#10641,#8034,#8035);
#6662=AXIS2_PLACEMENT_3D('',#10644,#8036,#8037);
#6663=AXIS2_PLACEMENT_3D('',#10648,#8039,#8040);
#6664=AXIS2_PLACEMENT_3D('',#10650,#8042,#8043);
#6665=AXIS2_PLACEMENT_3D('',#10652,#8044,#8045);
#6666=AXIS2_PLACEMENT_3D('',#10655,#8047,#8048);
#6667=AXIS2_PLACEMENT_3D('',#10656,#8049,#8050);
#6668=AXIS2_PLACEMENT_3D('',#10658,#8051,#8052);
#6669=AXIS2_PLACEMENT_3D('',#10660,#8053,#8054);
#6670=AXIS2_PLACEMENT_3D('',#10662,#8056,#8057);
#6671=AXIS2_PLACEMENT_3D('',#10664,#8058,#8059);
#6672=AXIS2_PLACEMENT_3D('',#10666,#8060,#8061);
#6673=AXIS2_PLACEMENT_3D('',#10668,#8062,#8063);
#6674=AXIS2_PLACEMENT_3D('',#10669,#8064,#8065);
#6675=AXIS2_PLACEMENT_3D('',#10670,#8066,#8067);
#6676=AXIS2_PLACEMENT_3D('',#10671,#8068,#8069);
#6677=AXIS2_PLACEMENT_3D('',#10672,#8070,#8071);
#6678=AXIS2_PLACEMENT_3D('',#10678,#8075,#8076);
#6679=AXIS2_PLACEMENT_3D('',#10682,#8079,#8080);
#6680=AXIS2_PLACEMENT_3D('',#10686,#8083,#8084);
#6681=AXIS2_PLACEMENT_3D('',#10695,#8089,#8090);
#6682=AXIS2_PLACEMENT_3D('',#10697,#8091,#8092);
#6683=AXIS2_PLACEMENT_3D('',#10699,#8093,#8094);
#6684=AXIS2_PLACEMENT_3D('',#10701,#8096,#8097);
#6685=AXIS2_PLACEMENT_3D('',#10707,#8101,#8102);
#6686=AXIS2_PLACEMENT_3D('',#10717,#8108,#8109);
#6687=AXIS2_PLACEMENT_3D('',#10721,#8112,#8113);
#6688=AXIS2_PLACEMENT_3D('',#10724,#8114,#8115);
#6689=AXIS2_PLACEMENT_3D('',#10728,#8117,#8118);
#6690=AXIS2_PLACEMENT_3D('',#10730,#8120,#8121);
#6691=AXIS2_PLACEMENT_3D('',#10736,#8125,#8126);
#6692=AXIS2_PLACEMENT_3D('',#10742,#8130,#8131);
#6693=AXIS2_PLACEMENT_3D('',#10752,#8137,#8138);
#6694=AXIS2_PLACEMENT_3D('',#10756,#8141,#8142);
#6695=AXIS2_PLACEMENT_3D('',#10760,#8145,#8146);
#6696=AXIS2_PLACEMENT_3D('',#10766,#8150,#8151);
#6697=AXIS2_PLACEMENT_3D('',#10772,#8155,#8156);
#6698=AXIS2_PLACEMENT_3D('',#10775,#8159,#8160);
#6699=AXIS2_PLACEMENT_3D('',#10783,#8165,#8166);
#6700=AXIS2_PLACEMENT_3D('',#10785,#8168,#8169);
#6701=AXIS2_PLACEMENT_3D('',#10791,#8173,#8174);
#6702=AXIS2_PLACEMENT_3D('',#10794,#8177,#8178);
#6703=AXIS2_PLACEMENT_3D('',#10796,#8180,#8181);
#6704=AXIS2_PLACEMENT_3D('',#10798,#8183,#8184);
#6705=AXIS2_PLACEMENT_3D('',#10799,#8185,#8186);
#6706=AXIS2_PLACEMENT_3D('',#10800,#8187,#8188);
#6707=AXIS2_PLACEMENT_3D('',#10802,#8189,#8190);
#6708=AXIS2_PLACEMENT_3D('',#10805,#8192,#8193);
#6709=AXIS2_PLACEMENT_3D('',#10806,#8194,#8195);
#6710=AXIS2_PLACEMENT_3D('',#10808,#8196,#8197);
#6711=AXIS2_PLACEMENT_3D('',#10811,#8199,#8200);
#6712=AXIS2_PLACEMENT_3D('',#10812,#8201,#8202);
#6713=AXIS2_PLACEMENT_3D('',#10814,#8203,#8204);
#6714=AXIS2_PLACEMENT_3D('',#10817,#8206,#8207);
#6715=AXIS2_PLACEMENT_3D('',#10818,#8208,#8209);
#6716=AXIS2_PLACEMENT_3D('',#10820,#8210,#8211);
#6717=AXIS2_PLACEMENT_3D('',#10823,#8213,#8214);
#6718=AXIS2_PLACEMENT_3D('',#10824,#8215,#8216);
#6719=AXIS2_PLACEMENT_3D('',#10827,#8217,#8218);
#6720=AXIS2_PLACEMENT_3D('',#10831,#8220,#8221);
#6721=AXIS2_PLACEMENT_3D('',#10833,#8223,#8224);
#6722=AXIS2_PLACEMENT_3D('',#10839,#8228,#8229);
#6723=AXIS2_PLACEMENT_3D('',#10841,#8230,#8231);
#6724=AXIS2_PLACEMENT_3D('',#10843,#8232,#8233);
#6725=AXIS2_PLACEMENT_3D('',#10845,#8235,#8236);
#6726=AXIS2_PLACEMENT_3D('',#10847,#8237,#8238);
#6727=AXIS2_PLACEMENT_3D('',#10849,#8239,#8240);
#6728=AXIS2_PLACEMENT_3D('',#10851,#8242,#8243);
#6729=AXIS2_PLACEMENT_3D('',#10857,#8247,#8248);
#6730=AXIS2_PLACEMENT_3D('',#10859,#8249,#8250);
#6731=AXIS2_PLACEMENT_3D('',#10861,#8251,#8252);
#6732=AXIS2_PLACEMENT_3D('',#10863,#8254,#8255);
#6733=AXIS2_PLACEMENT_3D('',#10865,#8256,#8257);
#6734=AXIS2_PLACEMENT_3D('',#10867,#8258,#8259);
#6735=AXIS2_PLACEMENT_3D('',#10869,#8261,#8262);
#6736=AXIS2_PLACEMENT_3D('',#10871,#8263,#8264);
#6737=AXIS2_PLACEMENT_3D('',#10873,#8265,#8266);
#6738=AXIS2_PLACEMENT_3D('',#10875,#8268,#8269);
#6739=AXIS2_PLACEMENT_3D('',#10881,#8273,#8274);
#6740=AXIS2_PLACEMENT_3D('',#10883,#8275,#8276);
#6741=AXIS2_PLACEMENT_3D('',#10885,#8277,#8278);
#6742=AXIS2_PLACEMENT_3D('',#10887,#8280,#8281);
#6743=AXIS2_PLACEMENT_3D('',#10889,#8282,#8283);
#6744=AXIS2_PLACEMENT_3D('',#10891,#8284,#8285);
#6745=AXIS2_PLACEMENT_3D('',#10893,#8287,#8288);
#6746=AXIS2_PLACEMENT_3D('',#10895,#8289,#8290);
#6747=AXIS2_PLACEMENT_3D('',#10897,#8291,#8292);
#6748=AXIS2_PLACEMENT_3D('',#10899,#8294,#8295);
#6749=AXIS2_PLACEMENT_3D('',#10905,#8299,#8300);
#6750=AXIS2_PLACEMENT_3D('',#10907,#8301,#8302);
#6751=AXIS2_PLACEMENT_3D('',#10909,#8303,#8304);
#6752=AXIS2_PLACEMENT_3D('',#10911,#8306,#8307);
#6753=AXIS2_PLACEMENT_3D('',#10913,#8308,#8309);
#6754=AXIS2_PLACEMENT_3D('',#10915,#8310,#8311);
#6755=AXIS2_PLACEMENT_3D('',#10917,#8313,#8314);
#6756=AXIS2_PLACEMENT_3D('',#10919,#8315,#8316);
#6757=AXIS2_PLACEMENT_3D('',#10921,#8317,#8318);
#6758=AXIS2_PLACEMENT_3D('',#10923,#8320,#8321);
#6759=AXIS2_PLACEMENT_3D('',#10929,#8325,#8326);
#6760=AXIS2_PLACEMENT_3D('',#10931,#8327,#8328);
#6761=AXIS2_PLACEMENT_3D('',#10933,#8329,#8330);
#6762=AXIS2_PLACEMENT_3D('',#10935,#8332,#8333);
#6763=AXIS2_PLACEMENT_3D('',#10937,#8334,#8335);
#6764=AXIS2_PLACEMENT_3D('',#10939,#8336,#8337);
#6765=AXIS2_PLACEMENT_3D('',#10941,#8339,#8340);
#6766=AXIS2_PLACEMENT_3D('',#10943,#8341,#8342);
#6767=AXIS2_PLACEMENT_3D('',#10945,#8343,#8344);
#6768=AXIS2_PLACEMENT_3D('',#10947,#8346,#8347);
#6769=AXIS2_PLACEMENT_3D('',#10953,#8351,#8352);
#6770=AXIS2_PLACEMENT_3D('',#10955,#8353,#8354);
#6771=AXIS2_PLACEMENT_3D('',#10957,#8355,#8356);
#6772=AXIS2_PLACEMENT_3D('',#10959,#8358,#8359);
#6773=AXIS2_PLACEMENT_3D('',#10961,#8360,#8361);
#6774=AXIS2_PLACEMENT_3D('',#10963,#8362,#8363);
#6775=AXIS2_PLACEMENT_3D('',#10965,#8365,#8366);
#6776=AXIS2_PLACEMENT_3D('',#10967,#8367,#8368);
#6777=AXIS2_PLACEMENT_3D('',#10969,#8369,#8370);
#6778=AXIS2_PLACEMENT_3D('',#10971,#8372,#8373);
#6779=AXIS2_PLACEMENT_3D('',#10977,#8377,#8378);
#6780=AXIS2_PLACEMENT_3D('',#10979,#8379,#8380);
#6781=AXIS2_PLACEMENT_3D('',#10981,#8381,#8382);
#6782=AXIS2_PLACEMENT_3D('',#10983,#8384,#8385);
#6783=AXIS2_PLACEMENT_3D('',#10985,#8386,#8387);
#6784=AXIS2_PLACEMENT_3D('',#10987,#8388,#8389);
#6785=AXIS2_PLACEMENT_3D('',#10989,#8391,#8392);
#6786=AXIS2_PLACEMENT_3D('',#10991,#8393,#8394);
#6787=AXIS2_PLACEMENT_3D('',#10993,#8395,#8396);
#6788=AXIS2_PLACEMENT_3D('',#10995,#8398,#8399);
#6789=AXIS2_PLACEMENT_3D('',#11001,#8403,#8404);
#6790=AXIS2_PLACEMENT_3D('',#11003,#8405,#8406);
#6791=AXIS2_PLACEMENT_3D('',#11005,#8407,#8408);
#6792=AXIS2_PLACEMENT_3D('',#11007,#8410,#8411);
#6793=AXIS2_PLACEMENT_3D('',#11009,#8412,#8413);
#6794=AXIS2_PLACEMENT_3D('',#11011,#8414,#8415);
#6795=AXIS2_PLACEMENT_3D('',#11013,#8417,#8418);
#6796=AXIS2_PLACEMENT_3D('',#11015,#8419,#8420);
#6797=AXIS2_PLACEMENT_3D('',#11017,#8421,#8422);
#6798=AXIS2_PLACEMENT_3D('',#11019,#8424,#8425);
#6799=AXIS2_PLACEMENT_3D('',#11025,#8429,#8430);
#6800=AXIS2_PLACEMENT_3D('',#11027,#8431,#8432);
#6801=AXIS2_PLACEMENT_3D('',#11029,#8433,#8434);
#6802=AXIS2_PLACEMENT_3D('',#11031,#8436,#8437);
#6803=AXIS2_PLACEMENT_3D('',#11033,#8438,#8439);
#6804=AXIS2_PLACEMENT_3D('',#11035,#8440,#8441);
#6805=AXIS2_PLACEMENT_3D('',#11037,#8443,#8444);
#6806=AXIS2_PLACEMENT_3D('',#11039,#8445,#8446);
#6807=AXIS2_PLACEMENT_3D('',#11041,#8447,#8448);
#6808=AXIS2_PLACEMENT_3D('',#11043,#8450,#8451);
#6809=AXIS2_PLACEMENT_3D('',#11049,#8455,#8456);
#6810=AXIS2_PLACEMENT_3D('',#11051,#8457,#8458);
#6811=AXIS2_PLACEMENT_3D('',#11053,#8459,#8460);
#6812=AXIS2_PLACEMENT_3D('',#11055,#8462,#8463);
#6813=AXIS2_PLACEMENT_3D('',#11057,#8464,#8465);
#6814=AXIS2_PLACEMENT_3D('',#11059,#8466,#8467);
#6815=AXIS2_PLACEMENT_3D('',#11061,#8469,#8470);
#6816=AXIS2_PLACEMENT_3D('',#11063,#8471,#8472);
#6817=AXIS2_PLACEMENT_3D('',#11065,#8473,#8474);
#6818=AXIS2_PLACEMENT_3D('',#11067,#8476,#8477);
#6819=AXIS2_PLACEMENT_3D('',#11073,#8481,#8482);
#6820=AXIS2_PLACEMENT_3D('',#11075,#8483,#8484);
#6821=AXIS2_PLACEMENT_3D('',#11077,#8485,#8486);
#6822=AXIS2_PLACEMENT_3D('',#11079,#8488,#8489);
#6823=AXIS2_PLACEMENT_3D('',#11081,#8490,#8491);
#6824=AXIS2_PLACEMENT_3D('',#11083,#8492,#8493);
#6825=AXIS2_PLACEMENT_3D('',#11085,#8495,#8496);
#6826=AXIS2_PLACEMENT_3D('',#11087,#8497,#8498);
#6827=AXIS2_PLACEMENT_3D('',#11089,#8499,#8500);
#6828=AXIS2_PLACEMENT_3D('',#11091,#8502,#8503);
#6829=AXIS2_PLACEMENT_3D('',#11097,#8507,#8508);
#6830=AXIS2_PLACEMENT_3D('',#11099,#8509,#8510);
#6831=AXIS2_PLACEMENT_3D('',#11101,#8511,#8512);
#6832=AXIS2_PLACEMENT_3D('',#11103,#8514,#8515);
#6833=AXIS2_PLACEMENT_3D('',#11105,#8516,#8517);
#6834=AXIS2_PLACEMENT_3D('',#11107,#8518,#8519);
#6835=AXIS2_PLACEMENT_3D('',#11109,#8521,#8522);
#6836=AXIS2_PLACEMENT_3D('',#11111,#8523,#8524);
#6837=AXIS2_PLACEMENT_3D('',#11113,#8525,#8526);
#6838=AXIS2_PLACEMENT_3D('',#11115,#8528,#8529);
#6839=AXIS2_PLACEMENT_3D('',#11121,#8533,#8534);
#6840=AXIS2_PLACEMENT_3D('',#11123,#8535,#8536);
#6841=AXIS2_PLACEMENT_3D('',#11125,#8537,#8538);
#6842=AXIS2_PLACEMENT_3D('',#11127,#8540,#8541);
#6843=AXIS2_PLACEMENT_3D('',#11129,#8542,#8543);
#6844=AXIS2_PLACEMENT_3D('',#11131,#8544,#8545);
#6845=AXIS2_PLACEMENT_3D('',#11133,#8547,#8548);
#6846=AXIS2_PLACEMENT_3D('',#11136,#8551,#8552);
#6847=AXIS2_PLACEMENT_3D('',#11137,#8553,#8554);
#6848=AXIS2_PLACEMENT_3D('',#11138,#8555,#8556);
#6849=AXIS2_PLACEMENT_3D('',#11139,#8557,#8558);
#6850=AXIS2_PLACEMENT_3D('',#11142,#8559,#8560);
#6851=AXIS2_PLACEMENT_3D('',#11146,#8562,#8563);
#6852=AXIS2_PLACEMENT_3D('',#11148,#8565,#8566);
#6853=AXIS2_PLACEMENT_3D('',#11150,#8567,#8568);
#6854=AXIS2_PLACEMENT_3D('',#11153,#8570,#8571);
#6855=AXIS2_PLACEMENT_3D('',#11154,#8572,#8573);
#6856=AXIS2_PLACEMENT_3D('',#11157,#8574,#8575);
#6857=AXIS2_PLACEMENT_3D('',#11161,#8577,#8578);
#6858=AXIS2_PLACEMENT_3D('',#11163,#8580,#8581);
#6859=AXIS2_PLACEMENT_3D('',#11166,#8584,#8585);
#6860=AXIS2_PLACEMENT_3D('',#11169,#8586,#8587);
#6861=AXIS2_PLACEMENT_3D('',#11173,#8589,#8590);
#6862=AXIS2_PLACEMENT_3D('',#11175,#8592,#8593);
#6863=AXIS2_PLACEMENT_3D('',#11176,#8594,#8595);
#6864=AXIS2_PLACEMENT_3D('',#11177,#8596,#8597);
#6865=AXIS2_PLACEMENT_3D('',#11178,#8598,#8599);
#6866=AXIS2_PLACEMENT_3D('',#11180,#8600,#8601);
#6867=AXIS2_PLACEMENT_3D('',#11183,#8603,#8604);
#6868=AXIS2_PLACEMENT_3D('',#11184,#8605,#8606);
#6869=AXIS2_PLACEMENT_3D('',#11187,#8609,#8610);
#6870=AXIS2_PLACEMENT_3D('',#11189,#8611,#8612);
#6871=AXIS2_PLACEMENT_3D('',#11192,#8614,#8615);
#6872=AXIS2_PLACEMENT_3D('',#11193,#8616,#8617);
#6873=AXIS2_PLACEMENT_3D('',#11195,#8618,#8619);
#6874=AXIS2_PLACEMENT_3D('',#11198,#8621,#8622);
#6875=AXIS2_PLACEMENT_3D('',#11199,#8623,#8624);
#6876=AXIS2_PLACEMENT_3D('',#11200,#8625,#8626);
#6877=AXIS2_PLACEMENT_3D('',#11201,#8627,#8628);
#6878=AXIS2_PLACEMENT_3D('',#11317,#8631,#8632);
#6879=AXIS2_PLACEMENT_3D('',#11477,#8638,#8639);
#6880=AXIS2_PLACEMENT_3D('',#11483,#8643,#8644);
#6881=AXIS2_PLACEMENT_3D('',#11486,#8647,#8648);
#6882=AXIS2_PLACEMENT_3D('',#11488,#8649,#8650);
#6883=AXIS2_PLACEMENT_3D('',#11491,#8652,#8653);
#6884=AXIS2_PLACEMENT_3D('',#11492,#8654,#8655);
#6885=AXIS2_PLACEMENT_3D('',#11494,#8656,#8657);
#6886=AXIS2_PLACEMENT_3D('',#11497,#8659,#8660);
#6887=AXIS2_PLACEMENT_3D('',#11498,#8661,#8662);
#6888=AXIS2_PLACEMENT_3D('',#11504,#8666,#8667);
#6889=AXIS2_PLACEMENT_3D('',#11506,#8668,#8669);
#6890=AXIS2_PLACEMENT_3D('',#11508,#8670,#8671);
#6891=AXIS2_PLACEMENT_3D('',#11510,#8673,#8674);
#6892=AXIS2_PLACEMENT_3D('',#11513,#8677,#8678);
#6893=AXIS2_PLACEMENT_3D('',#11514,#8679,#8680);
#6894=AXIS2_PLACEMENT_3D('',#11515,#8681,#8682);
#6895=AXIS2_PLACEMENT_3D('',#11516,#8683,#8684);
#6896=AXIS2_PLACEMENT_3D('',#11517,#8685,#8686);
#6897=AXIS2_PLACEMENT_3D('',#11518,#8687,#8688);
#6898=AXIS2_PLACEMENT_3D('',#11519,#8689,#8690);
#6899=AXIS2_PLACEMENT_3D('',#11520,#8691,#8692);
#6900=AXIS2_PLACEMENT_3D('',#11521,#8693,#8694);
#6901=AXIS2_PLACEMENT_3D('',#11522,#8695,#8696);
#6902=AXIS2_PLACEMENT_3D('',#11523,#8697,#8698);
#6903=AXIS2_PLACEMENT_3D('',#11524,#8699,#8700);
#6904=AXIS2_PLACEMENT_3D('',#11526,#8701,#8702);
#6905=AXIS2_PLACEMENT_3D('',#11529,#8704,#8705);
#6906=AXIS2_PLACEMENT_3D('',#11530,#8706,#8707);
#6907=AXIS2_PLACEMENT_3D('',#11532,#8708,#8709);
#6908=AXIS2_PLACEMENT_3D('',#11535,#8711,#8712);
#6909=AXIS2_PLACEMENT_3D('',#11536,#8713,#8714);
#6910=AXIS2_PLACEMENT_3D('',#11538,#8715,#8716);
#6911=AXIS2_PLACEMENT_3D('',#11541,#8718,#8719);
#6912=AXIS2_PLACEMENT_3D('',#11542,#8720,#8721);
#6913=AXIS2_PLACEMENT_3D('',#11543,#8722,#8723);
#6914=AXIS2_PLACEMENT_3D('',#11546,#8724,#8725);
#6915=AXIS2_PLACEMENT_3D('',#11548,#8726,#8727);
#6916=AXIS2_PLACEMENT_3D('',#11552,#8729,#8730);
#6917=AXIS2_PLACEMENT_3D('',#11554,#8732,#8733);
#6918=AXIS2_PLACEMENT_3D('',#11555,#8734,#8735);
#6919=AXIS2_PLACEMENT_3D('',#11556,#8736,#8737);
#6920=AXIS2_PLACEMENT_3D('',#11557,#8738,#8739);
#6921=AXIS2_PLACEMENT_3D('',#11558,#8740,#8741);
#6922=AXIS2_PLACEMENT_3D('',#11568,#8747,#8748);
#6923=AXIS2_PLACEMENT_3D('',#11577,#8753,#8754);
#6924=AXIS2_PLACEMENT_3D('',#11583,#8758,#8759);
#6925=AXIS2_PLACEMENT_3D('',#11589,#8763,#8764);
#6926=AXIS2_PLACEMENT_3D('',#11595,#8768,#8769);
#6927=AXIS2_PLACEMENT_3D('',#11604,#8774,#8775);
#6928=AXIS2_PLACEMENT_3D('',#11610,#8779,#8780);
#6929=AXIS2_PLACEMENT_3D('',#11616,#8784,#8785);
#6930=AXIS2_PLACEMENT_3D('',#11619,#8788,#8789);
#6931=AXIS2_PLACEMENT_3D('',#11625,#8793,#8794);
#6932=AXIS2_PLACEMENT_3D('',#11628,#8797,#8798);
#6933=AXIS2_PLACEMENT_3D('',#11630,#8800,#8801);
#6934=AXIS2_PLACEMENT_3D('',#11632,#8803,#8804);
#6935=AXIS2_PLACEMENT_3D('',#11633,#8805,#8806);
#6936=AXIS2_PLACEMENT_3D('',#11634,#8807,#8808);
#6937=AXIS2_PLACEMENT_3D('',#11635,#8809,#8810);
#6938=AXIS2_PLACEMENT_3D('',#11636,#8811,#8812);
#6939=AXIS2_PLACEMENT_3D('',#11637,#8813,#8814);
#6940=AXIS2_PLACEMENT_3D('',#11638,#8815,#8816);
#6941=DIRECTION('axis',(0.,0.,1.));
#6942=DIRECTION('refdir',(1.,0.,0.));
#6943=DIRECTION('axis',(0.,0.,1.));
#6944=DIRECTION('refdir',(1.,0.,0.));
#6945=DIRECTION('center_axis',(0.,1.,0.));
#6946=DIRECTION('ref_axis',(0.707106781186547,0.,-0.707106781186547));
#6947=DIRECTION('center_axis',(0.,1.,0.));
#6948=DIRECTION('ref_axis',(1.,0.,0.));
#6949=DIRECTION('',(0.,1.,0.));
#6950=DIRECTION('center_axis',(0.,-1.,0.));
#6951=DIRECTION('ref_axis',(0.,0.,-1.));
#6952=DIRECTION('',(0.,-1.,0.));
#6953=DIRECTION('center_axis',(0.408248290463863,-0.816496580927727,-0.408248290463863));
#6954=DIRECTION('ref_axis',(0.577350269189626,0.577350269189626,-0.577350269189626));
#6955=DIRECTION('center_axis',(1.,0.,0.));
#6956=DIRECTION('ref_axis',(0.,0.707106781186548,-0.707106781186548));
#6957=DIRECTION('center_axis',(0.,0.,-1.));
#6958=DIRECTION('ref_axis',(0.707106781186548,0.707106781186548,0.));
#6959=DIRECTION('center_axis',(0.,1.,0.));
#6960=DIRECTION('ref_axis',(0.707106781186547,0.,-0.707106781186547));
#6961=DIRECTION('',(0.,-1.,0.));
#6962=DIRECTION('center_axis',(0.,1.,0.));
#6963=DIRECTION('ref_axis',(1.,0.,0.));
#6964=DIRECTION('center_axis',(0.,0.,-1.));
#6965=DIRECTION('ref_axis',(-1.,0.,0.));
#6966=DIRECTION('center_axis',(0.,0.,1.));
#6967=DIRECTION('ref_axis',(-0.953462589245592,-0.301511344577763,0.));
#6968=DIRECTION('center_axis',(0.,0.,1.));
#6969=DIRECTION('ref_axis',(-0.953462589245593,-0.301511344577763,0.));
#6970=DIRECTION('',(0.,0.,1.));
#6971=DIRECTION('center_axis',(0.,0.,-1.));
#6972=DIRECTION('ref_axis',(-0.953462589245592,-0.301511344577763,0.));
#6973=DIRECTION('',(0.,0.,-1.));
#6974=DIRECTION('center_axis',(1.,0.,0.));
#6975=DIRECTION('ref_axis',(0.,0.,-1.));
#6976=DIRECTION('',(0.,0.,-1.));
#6977=DIRECTION('',(0.,1.,0.));
#6978=DIRECTION('',(0.,1.,0.));
#6979=DIRECTION('center_axis',(0.408248290463863,-0.816496580927727,0.408248290463863));
#6980=DIRECTION('ref_axis',(0.577350269189626,0.577350269189626,0.577350269189626));
#6981=DIRECTION('center_axis',(0.,1.,0.));
#6982=DIRECTION('ref_axis',(0.,0.,1.));
#6983=DIRECTION('center_axis',(0.,0.,1.));
#6984=DIRECTION('ref_axis',(0.707106781186548,0.707106781186548,0.));
#6985=DIRECTION('center_axis',(1.,0.,0.));
#6986=DIRECTION('ref_axis',(0.,0.707106781186548,0.707106781186548));
#6987=DIRECTION('center_axis',(0.,1.,0.));
#6988=DIRECTION('ref_axis',(0.707106781186547,0.,0.707106781186547));
#6989=DIRECTION('center_axis',(0.,1.,0.));
#6990=DIRECTION('ref_axis',(0.,0.,1.));
#6991=DIRECTION('',(0.,-1.,0.));
#6992=DIRECTION('center_axis',(0.,-1.,0.));
#6993=DIRECTION('ref_axis',(0.707106781186547,0.,0.707106781186547));
#6994=DIRECTION('center_axis',(0.,1.,0.));
#6995=DIRECTION('ref_axis',(0.,0.,1.));
#6996=DIRECTION('center_axis',(0.,0.,1.));
#6997=DIRECTION('ref_axis',(1.,0.,0.));
#6998=DIRECTION('center_axis',(0.,0.,1.));
#6999=DIRECTION('ref_axis',(1.,0.,0.));
#7000=DIRECTION('',(1.,0.,0.));
#7001=DIRECTION('',(0.,1.,0.));
#7002=DIRECTION('center_axis',(0.,0.,1.));
#7003=DIRECTION('ref_axis',(-1.,0.,0.));
#7004=DIRECTION('center_axis',(1.,0.,0.));
#7005=DIRECTION('ref_axis',(0.,0.707106781186547,0.707106781186547));
#7006=DIRECTION('',(-1.,0.,0.));
#7007=DIRECTION('center_axis',(-1.,0.,0.));
#7008=DIRECTION('ref_axis',(0.,0.707106781186548,0.707106781186548));
#7009=DIRECTION('center_axis',(0.,0.,-1.));
#7010=DIRECTION('ref_axis',(0.707106781186547,0.707106781186547,0.));
#7011=DIRECTION('',(0.,0.,1.));
#7012=DIRECTION('center_axis',(-0.408248290463863,-0.816496580927727,-0.408248290463863));
#7013=DIRECTION('ref_axis',(-0.577350269189626,0.577350269189626,-0.577350269189626));
#7014=DIRECTION('center_axis',(0.,1.,0.));
#7015=DIRECTION('ref_axis',(0.,0.,-1.));
#7016=DIRECTION('center_axis',(0.,0.,-1.));
#7017=DIRECTION('ref_axis',(-0.707106781186548,0.707106781186548,0.));
#7018=DIRECTION('center_axis',(-1.,0.,0.));
#7019=DIRECTION('ref_axis',(0.,0.707106781186548,-0.707106781186548));
#7020=DIRECTION('center_axis',(0.,1.,0.));
#7021=DIRECTION('ref_axis',(-0.707106781186547,0.,-0.707106781186547));
#7022=DIRECTION('center_axis',(0.,1.,0.));
#7023=DIRECTION('ref_axis',(0.,0.,-1.));
#7024=DIRECTION('',(0.,1.,0.));
#7025=DIRECTION('',(0.,-1.,0.));
#7026=DIRECTION('center_axis',(0.,-1.,0.));
#7027=DIRECTION('ref_axis',(-0.707106781186547,0.,-0.707106781186547));
#7028=DIRECTION('center_axis',(0.,1.,0.));
#7029=DIRECTION('ref_axis',(0.,0.,-1.));
#7030=DIRECTION('',(0.,1.,0.));
#7031=DIRECTION('center_axis',(0.,0.,-1.));
#7032=DIRECTION('ref_axis',(-1.,0.,0.));
#7033=DIRECTION('center_axis',(0.,0.,1.));
#7034=DIRECTION('ref_axis',(0.953462589245592,-0.301511344577763,0.));
#7035=DIRECTION('center_axis',(0.,0.,-1.));
#7036=DIRECTION('ref_axis',(-1.,0.,0.));
#7037=DIRECTION('center_axis',(0.,0.,-1.));
#7038=DIRECTION('ref_axis',(-1.,0.,0.));
#7039=DIRECTION('',(-1.,0.,0.));
#7040=DIRECTION('center_axis',(-1.,0.,0.));
#7041=DIRECTION('ref_axis',(0.,0.707106781186547,-0.707106781186547));
#7042=DIRECTION('',(1.,0.,0.));
#7043=DIRECTION('center_axis',(0.,1.,0.));
#7044=DIRECTION('ref_axis',(-0.707106781186547,0.,0.707106781186547));
#7045=DIRECTION('center_axis',(0.,1.,0.));
#7046=DIRECTION('ref_axis',(-1.,0.,0.));
#7047=DIRECTION('center_axis',(0.,-1.,0.));
#7048=DIRECTION('ref_axis',(0.,0.,1.));
#7049=DIRECTION('',(0.,-1.,0.));
#7050=DIRECTION('center_axis',(-0.408248290463863,-0.816496580927727,0.408248290463863));
#7051=DIRECTION('ref_axis',(-0.577350269189626,0.577350269189626,0.577350269189626));
#7052=DIRECTION('center_axis',(0.,0.,1.));
#7053=DIRECTION('ref_axis',(-0.707106781186548,0.707106781186548,0.));
#7054=DIRECTION('center_axis',(0.,1.,0.));
#7055=DIRECTION('ref_axis',(-0.707106781186547,0.,0.707106781186547));
#7056=DIRECTION('',(0.,-1.,0.));
#7057=DIRECTION('center_axis',(0.,1.,0.));
#7058=DIRECTION('ref_axis',(-1.,0.,0.));
#7059=DIRECTION('center_axis',(0.,0.,1.));
#7060=DIRECTION('ref_axis',(1.,0.,0.));
#7061=DIRECTION('center_axis',(0.,0.,-1.));
#7062=DIRECTION('ref_axis',(0.953462589245592,-0.301511344577763,0.));
#7063=DIRECTION('center_axis',(0.,0.,-1.));
#7064=DIRECTION('ref_axis',(0.953462589245593,-0.301511344577763,0.));
#7065=DIRECTION('',(0.,0.,1.));
#7066=DIRECTION('',(0.,0.,-1.));
#7067=DIRECTION('center_axis',(-1.,0.,0.));
#7068=DIRECTION('ref_axis',(0.,0.,1.));
#7069=DIRECTION('',(0.,0.,1.));
#7070=DIRECTION('center_axis',(1.,0.,0.));
#7071=DIRECTION('ref_axis',(0.,-0.707106781186546,-0.707106781186549));
#7072=DIRECTION('center_axis',(1.,0.,0.));
#7073=DIRECTION('ref_axis',(0.,-1.,0.));
#7074=DIRECTION('',(1.,0.,0.));
#7075=DIRECTION('center_axis',(-1.,0.,0.));
#7076=DIRECTION('ref_axis',(0.,0.,-1.));
#7077=DIRECTION('',(-1.,0.,0.));
#7078=DIRECTION('center_axis',(0.,0.,1.));
#7079=DIRECTION('ref_axis',(1.,0.,0.));
#7080=DIRECTION('center_axis',(0.,-1.,0.));
#7081=DIRECTION('ref_axis',(0.,0.,-1.));
#7082=DIRECTION('center_axis',(0.,0.,-1.));
#7083=DIRECTION('ref_axis',(0.707106781186548,-0.707106781186548,0.));
#7084=DIRECTION('center_axis',(0.,0.,1.));
#7085=DIRECTION('ref_axis',(0.707106781186548,-0.707106781186548,0.));
#7086=DIRECTION('center_axis',(0.,1.,0.));
#7087=DIRECTION('ref_axis',(0.707106781186546,0.,-0.707106781186549));
#7088=DIRECTION('center_axis',(0.,-1.,0.));
#7089=DIRECTION('ref_axis',(0.,0.,-1.));
#7090=DIRECTION('',(0.,-1.,0.));
#7091=DIRECTION('',(0.,1.,0.));
#7092=DIRECTION('center_axis',(0.,0.,1.));
#7093=DIRECTION('ref_axis',(1.,0.,0.));
#7094=DIRECTION('center_axis',(1.,0.,0.));
#7095=DIRECTION('ref_axis',(0.,0.,-1.));
#7096=DIRECTION('center_axis',(0.,0.,-1.));
#7097=DIRECTION('ref_axis',(0.707106781186548,0.707106781186548,0.));
#7098=DIRECTION('center_axis',(0.,0.,1.));
#7099=DIRECTION('ref_axis',(0.707106781186548,0.707106781186548,0.));
#7100=DIRECTION('center_axis',(-1.,0.,0.));
#7101=DIRECTION('ref_axis',(0.,0.707106781186546,-0.707106781186549));
#7102=DIRECTION('center_axis',(1.,0.,0.));
#7103=DIRECTION('ref_axis',(0.,0.,-1.));
#7104=DIRECTION('',(1.,0.,0.));
#7105=DIRECTION('',(-1.,0.,0.));
#7106=DIRECTION('center_axis',(0.,0.,1.));
#7107=DIRECTION('ref_axis',(1.,0.,0.));
#7108=DIRECTION('center_axis',(0.,1.,0.));
#7109=DIRECTION('ref_axis',(0.,0.,-1.));
#7110=DIRECTION('center_axis',(0.,0.,-1.));
#7111=DIRECTION('ref_axis',(-0.707106781186548,0.707106781186548,0.));
#7112=DIRECTION('center_axis',(0.,0.,1.));
#7113=DIRECTION('ref_axis',(-0.707106781186548,0.707106781186548,0.));
#7114=DIRECTION('center_axis',(0.,-1.,0.));
#7115=DIRECTION('ref_axis',(-0.707106781186546,0.,-0.707106781186549));
#7116=DIRECTION('center_axis',(0.,1.,0.));
#7117=DIRECTION('ref_axis',(0.,0.,-1.));
#7118=DIRECTION('',(0.,1.,0.));
#7119=DIRECTION('',(0.,-1.,0.));
#7120=DIRECTION('center_axis',(0.,0.,1.));
#7121=DIRECTION('ref_axis',(1.,0.,0.));
#7122=DIRECTION('center_axis',(0.,0.,-1.));
#7123=DIRECTION('ref_axis',(-0.707106781186548,-0.707106781186548,0.));
#7124=DIRECTION('center_axis',(0.,0.,1.));
#7125=DIRECTION('ref_axis',(-0.707106781186548,-0.707106781186548,0.));
#7126=DIRECTION('center_axis',(0.,0.,1.));
#7127=DIRECTION('ref_axis',(-0.707106781186548,0.707106781186548,0.));
#7128=DIRECTION('',(0.,0.,1.));
#7129=DIRECTION('center_axis',(0.,0.,1.));
#7130=DIRECTION('ref_axis',(-0.707106781186548,0.707106781186548,0.));
#7131=DIRECTION('',(0.,0.,-1.));
#7132=DIRECTION('center_axis',(-1.,0.,0.));
#7133=DIRECTION('ref_axis',(0.,-1.,0.));
#7134=DIRECTION('',(0.,0.,-1.));
#7135=DIRECTION('',(0.,-1.,0.));
#7136=DIRECTION('center_axis',(0.,0.,1.));
#7137=DIRECTION('ref_axis',(-0.707106781186548,-0.707106781186548,0.));
#7138=DIRECTION('',(0.,0.,1.));
#7139=DIRECTION('center_axis',(0.,0.,1.));
#7140=DIRECTION('ref_axis',(-0.707106781186548,-0.707106781186548,0.));
#7141=DIRECTION('center_axis',(0.,-1.,0.));
#7142=DIRECTION('ref_axis',(1.,0.,0.));
#7143=DIRECTION('',(0.,0.,-1.));
#7144=DIRECTION('',(1.,0.,0.));
#7145=DIRECTION('center_axis',(0.,0.,1.));
#7146=DIRECTION('ref_axis',(1.,0.,0.));
#7147=DIRECTION('center_axis',(0.,0.,1.));
#7148=DIRECTION('ref_axis',(1.,0.,0.));
#7149=DIRECTION('center_axis',(0.,0.,1.));
#7150=DIRECTION('ref_axis',(1.,0.,0.));
#7151=DIRECTION('center_axis',(0.,0.,1.));
#7152=DIRECTION('ref_axis',(1.,0.,0.));
#7153=DIRECTION('center_axis',(0.,0.,1.));
#7154=DIRECTION('ref_axis',(1.,0.,0.));
#7155=DIRECTION('center_axis',(0.,0.,-1.));
#7156=DIRECTION('ref_axis',(-1.,0.,0.));
#7157=DIRECTION('center_axis',(-1.,0.,0.));
#7158=DIRECTION('ref_axis',(0.,-1.,0.));
#7159=DIRECTION('center_axis',(0.,0.,-1.));
#7160=DIRECTION('ref_axis',(-0.707106781186548,-0.707106781186548,0.));
#7161=DIRECTION('center_axis',(0.,-1.,0.));
#7162=DIRECTION('ref_axis',(0.,0.,1.));
#7163=DIRECTION('center_axis',(0.,-1.,0.));
#7164=DIRECTION('ref_axis',(-0.707106781186547,0.,0.707106781186548));
#7165=DIRECTION('center_axis',(0.,-1.,0.));
#7166=DIRECTION('ref_axis',(0.,0.,1.));
#7167=DIRECTION('',(0.,1.,0.));
#7168=DIRECTION('center_axis',(0.,0.,-1.));
#7169=DIRECTION('ref_axis',(-1.,0.,0.));
#7170=DIRECTION('center_axis',(-1.,0.,0.));
#7171=DIRECTION('ref_axis',(0.,0.,1.));
#7172=DIRECTION('center_axis',(0.,0.,-1.));
#7173=DIRECTION('ref_axis',(-0.707106781186548,0.707106781186548,0.));
#7174=DIRECTION('center_axis',(-1.,0.,0.));
#7175=DIRECTION('ref_axis',(0.,0.707106781186547,0.707106781186548));
#7176=DIRECTION('center_axis',(-1.,0.,0.));
#7177=DIRECTION('ref_axis',(0.,0.,1.));
#7178=DIRECTION('',(-1.,0.,0.));
#7179=DIRECTION('',(1.,0.,0.));
#7180=DIRECTION('center_axis',(0.,0.,-1.));
#7181=DIRECTION('ref_axis',(-1.,0.,0.));
#7182=DIRECTION('center_axis',(0.,1.,0.));
#7183=DIRECTION('ref_axis',(0.,0.,1.));
#7184=DIRECTION('center_axis',(0.,0.,1.));
#7185=DIRECTION('ref_axis',(0.707106781186548,0.707106781186548,0.));
#7186=DIRECTION('center_axis',(0.,0.,-1.));
#7187=DIRECTION('ref_axis',(0.707106781186548,0.707106781186548,0.));
#7188=DIRECTION('center_axis',(0.,1.,0.));
#7189=DIRECTION('ref_axis',(0.707106781186547,0.,0.707106781186548));
#7190=DIRECTION('center_axis',(0.,1.,0.));
#7191=DIRECTION('ref_axis',(0.,0.,1.));
#7192=DIRECTION('',(0.,1.,0.));
#7193=DIRECTION('',(0.,-1.,0.));
#7194=DIRECTION('center_axis',(0.,0.,-1.));
#7195=DIRECTION('ref_axis',(-1.,0.,0.));
#7196=DIRECTION('center_axis',(1.,0.,0.));
#7197=DIRECTION('ref_axis',(0.,0.,1.));
#7198=DIRECTION('center_axis',(0.,0.,1.));
#7199=DIRECTION('ref_axis',(0.707106781186548,-0.707106781186548,0.));
#7200=DIRECTION('center_axis',(0.,0.,-1.));
#7201=DIRECTION('ref_axis',(0.707106781186548,-0.707106781186548,0.));
#7202=DIRECTION('center_axis',(1.,0.,0.));
#7203=DIRECTION('ref_axis',(0.,-0.707106781186547,0.707106781186548));
#7204=DIRECTION('',(-1.,0.,0.));
#7205=DIRECTION('center_axis',(1.,0.,0.));
#7206=DIRECTION('ref_axis',(0.,1.,0.));
#7207=DIRECTION('',(0.,0.,-1.));
#7208=DIRECTION('',(0.,0.,1.));
#7209=DIRECTION('center_axis',(0.,0.,1.));
#7210=DIRECTION('ref_axis',(0.707106781186548,-0.707106781186548,0.));
#7211=DIRECTION('center_axis',(0.,0.,1.));
#7212=DIRECTION('ref_axis',(1.,0.,0.));
#7213=DIRECTION('center_axis',(0.,0.,1.));
#7214=DIRECTION('ref_axis',(-1.,0.,0.));
#7215=DIRECTION('center_axis',(0.,0.,-1.));
#7216=DIRECTION('ref_axis',(1.,0.,0.));
#7217=DIRECTION('center_axis',(0.,0.,-1.));
#7218=DIRECTION('ref_axis',(1.,0.,0.));
#7219=DIRECTION('center_axis',(0.,0.,-1.));
#7220=DIRECTION('ref_axis',(1.,0.,0.));
#7221=DIRECTION('center_axis',(0.,0.,-1.));
#7222=DIRECTION('ref_axis',(1.,0.,0.));
#7223=DIRECTION('center_axis',(0.,0.,-1.));
#7224=DIRECTION('ref_axis',(-1.,0.,0.));
#7225=DIRECTION('center_axis',(0.,0.,-1.));
#7226=DIRECTION('ref_axis',(-1.,0.,0.));
#7227=DIRECTION('center_axis',(-1.22464679914735E-16,-1.,0.));
#7228=DIRECTION('ref_axis',(1.,-1.22464679914735E-16,0.));
#7229=DIRECTION('center_axis',(0.,0.,1.));
#7230=DIRECTION('ref_axis',(-1.,0.,0.));
#7231=DIRECTION('center_axis',(0.,0.,1.));
#7232=DIRECTION('ref_axis',(-1.,0.,0.));
#7233=DIRECTION('',(0.,0.,-1.));
#7234=DIRECTION('center_axis',(0.,0.,1.));
#7235=DIRECTION('ref_axis',(-0.707106781186547,0.707106781186547,0.));
#7236=DIRECTION('',(0.,0.,-1.));
#7237=DIRECTION('center_axis',(0.,1.,0.));
#7238=DIRECTION('ref_axis',(0.,0.,1.));
#7239=DIRECTION('center_axis',(0.,0.,1.));
#7240=DIRECTION('ref_axis',(0.707106781186548,0.707106781186548,0.));
#7241=DIRECTION('',(0.,0.,1.));
#7242=DIRECTION('center_axis',(0.,1.,0.));
#7243=DIRECTION('ref_axis',(-1.,0.,0.));
#7244=DIRECTION('center_axis',(0.,0.,-1.));
#7245=DIRECTION('ref_axis',(1.,0.,0.));
#7246=DIRECTION('center_axis',(0.,0.,-1.));
#7247=DIRECTION('ref_axis',(1.,0.,0.));
#7248=DIRECTION('center_axis',(0.,0.,-1.));
#7249=DIRECTION('ref_axis',(1.,0.,0.));
#7250=DIRECTION('center_axis',(0.,0.,-1.));
#7251=DIRECTION('ref_axis',(1.,0.,0.));
#7252=DIRECTION('',(0.,0.,-1.));
#7253=DIRECTION('center_axis',(0.,0.,-1.));
#7254=DIRECTION('ref_axis',(1.,0.,0.));
#7255=DIRECTION('',(0.,0.,-1.));
#7256=DIRECTION('center_axis',(0.,0.,-1.));
#7257=DIRECTION('ref_axis',(1.,0.,0.));
#7258=DIRECTION('center_axis',(0.,0.,-1.));
#7259=DIRECTION('ref_axis',(1.,0.,0.));
#7260=DIRECTION('center_axis',(0.,0.,-1.));
#7261=DIRECTION('ref_axis',(1.,0.,0.));
#7262=DIRECTION('center_axis',(0.,0.,-1.));
#7263=DIRECTION('ref_axis',(1.,0.,0.));
#7264=DIRECTION('',(0.,0.,-1.));
#7265=DIRECTION('center_axis',(0.,0.,-1.));
#7266=DIRECTION('ref_axis',(1.,0.,0.));
#7267=DIRECTION('',(0.,0.,-1.));
#7268=DIRECTION('center_axis',(0.,0.,-1.));
#7269=DIRECTION('ref_axis',(1.,0.,0.));
#7270=DIRECTION('center_axis',(0.,0.,-1.));
#7271=DIRECTION('ref_axis',(1.,0.,0.));
#7272=DIRECTION('center_axis',(0.,0.,-1.));
#7273=DIRECTION('ref_axis',(1.,0.,0.));
#7274=DIRECTION('center_axis',(0.,0.,-1.));
#7275=DIRECTION('ref_axis',(1.,0.,0.));
#7276=DIRECTION('',(0.,0.,-1.));
#7277=DIRECTION('center_axis',(0.,0.,-1.));
#7278=DIRECTION('ref_axis',(1.,0.,0.));
#7279=DIRECTION('',(0.,0.,-1.));
#7280=DIRECTION('center_axis',(0.,0.,-1.));
#7281=DIRECTION('ref_axis',(1.,0.,0.));
#7282=DIRECTION('center_axis',(0.,0.,-1.));
#7283=DIRECTION('ref_axis',(1.,0.,0.));
#7284=DIRECTION('center_axis',(0.,0.,-1.));
#7285=DIRECTION('ref_axis',(1.,0.,0.));
#7286=DIRECTION('center_axis',(0.,0.,-1.));
#7287=DIRECTION('ref_axis',(1.,0.,0.));
#7288=DIRECTION('',(0.,0.,-1.));
#7289=DIRECTION('center_axis',(0.,0.,-1.));
#7290=DIRECTION('ref_axis',(1.,0.,0.));
#7291=DIRECTION('',(0.,0.,-1.));
#7292=DIRECTION('center_axis',(0.,0.,1.));
#7293=DIRECTION('ref_axis',(-1.,0.,0.));
#7294=DIRECTION('axis',(0.,0.,1.));
#7295=DIRECTION('refdir',(1.,0.,0.));
#7296=DIRECTION('center_axis',(0.,-1.,0.));
#7297=DIRECTION('ref_axis',(-1.,0.,0.));
#7298=DIRECTION('center_axis',(0.,1.,0.));
#7299=DIRECTION('ref_axis',(-1.,0.,0.));
#7300=DIRECTION('',(0.,-1.,0.));
#7301=DIRECTION('center_axis',(0.,-1.,0.));
#7302=DIRECTION('ref_axis',(-1.,0.,0.));
#7303=DIRECTION('center_axis',(0.,-1.,0.));
#7304=DIRECTION('ref_axis',(-1.,0.,0.));
#7305=DIRECTION('center_axis',(0.,1.,0.));
#7306=DIRECTION('ref_axis',(-1.,0.,0.));
#7307=DIRECTION('',(0.,-1.,0.));
#7308=DIRECTION('center_axis',(0.,-1.,0.));
#7309=DIRECTION('ref_axis',(-1.,0.,0.));
#7310=DIRECTION('center_axis',(0.,-1.,0.));
#7311=DIRECTION('ref_axis',(-6.12323399573677E-17,0.,1.));
#7312=DIRECTION('center_axis',(0.,-1.,0.));
#7313=DIRECTION('ref_axis',(-1.,0.,0.));
#7314=DIRECTION('center_axis',(0.,-1.,0.));
#7315=DIRECTION('ref_axis',(-1.,0.,0.));
#7316=DIRECTION('',(0.,-1.,0.));
#7317=DIRECTION('center_axis',(0.,1.,0.));
#7318=DIRECTION('ref_axis',(-1.,0.,0.));
#7319=DIRECTION('',(0.,-1.,0.));
#7320=DIRECTION('center_axis',(0.,-1.,0.));
#7321=DIRECTION('ref_axis',(-6.12323399573677E-17,0.,-1.));
#7322=DIRECTION('center_axis',(0.,-1.,0.));
#7323=DIRECTION('ref_axis',(-1.,0.,0.));
#7324=DIRECTION('center_axis',(0.,1.,0.));
#7325=DIRECTION('ref_axis',(-1.,0.,0.));
#7326=DIRECTION('center_axis',(0.,-1.,0.));
#7327=DIRECTION('ref_axis',(0.,0.,-1.));
#7328=DIRECTION('',(0.,0.,1.));
#7329=DIRECTION('',(1.,0.,0.));
#7330=DIRECTION('',(0.,0.,-1.));
#7331=DIRECTION('',(-1.,0.,0.));
#7332=DIRECTION('',(-1.,0.,0.));
#7333=DIRECTION('center_axis',(0.,0.,-1.));
#7334=DIRECTION('ref_axis',(1.,0.,0.));
#7335=DIRECTION('',(1.,0.,0.));
#7336=DIRECTION('',(0.,-1.,0.));
#7337=DIRECTION('',(0.,-1.,0.));
#7338=DIRECTION('center_axis',(0.,0.,1.));
#7339=DIRECTION('ref_axis',(-1.,0.,0.));
#7340=DIRECTION('',(-1.,0.,0.));
#7341=DIRECTION('',(0.,-1.,0.));
#7342=DIRECTION('',(0.,-1.,0.));
#7343=DIRECTION('center_axis',(0.,-1.,0.));
#7344=DIRECTION('ref_axis',(0.,0.,-1.));
#7345=DIRECTION('',(0.,0.,1.));
#7346=DIRECTION('',(1.,0.,0.));
#7347=DIRECTION('',(0.,0.,-1.));
#7348=DIRECTION('center_axis',(0.,-1.,0.));
#7349=DIRECTION('ref_axis',(0.,0.,-1.));
#7350=DIRECTION('',(0.,0.,-1.));
#7351=DIRECTION('',(-1.,0.,0.));
#7352=DIRECTION('',(0.,0.,1.));
#7353=DIRECTION('center_axis',(1.,0.,0.));
#7354=DIRECTION('ref_axis',(0.,0.,1.));
#7355=DIRECTION('',(0.,0.,1.));
#7356=DIRECTION('',(0.,-1.,0.));
#7357=DIRECTION('',(0.,-1.,0.));
#7358=DIRECTION('center_axis',(0.,0.,-1.));
#7359=DIRECTION('ref_axis',(1.,0.,0.));
#7360=DIRECTION('',(1.,0.,0.));
#7361=DIRECTION('',(0.,-1.,0.));
#7362=DIRECTION('center_axis',(-1.,0.,0.));
#7363=DIRECTION('ref_axis',(0.,0.,-1.));
#7364=DIRECTION('',(0.,0.,-1.));
#7365=DIRECTION('',(0.,-1.,0.));
#7366=DIRECTION('center_axis',(0.,0.,1.));
#7367=DIRECTION('ref_axis',(-1.,0.,0.));
#7368=DIRECTION('',(-1.,0.,0.));
#7369=DIRECTION('center_axis',(-1.,0.,0.));
#7370=DIRECTION('ref_axis',(0.,0.,1.));
#7371=DIRECTION('',(0.,1.,0.));
#7372=DIRECTION('',(0.,0.,-1.));
#7373=DIRECTION('',(0.,-1.,0.));
#7374=DIRECTION('',(0.,0.,1.));
#7375=DIRECTION('center_axis',(0.,1.,0.));
#7376=DIRECTION('ref_axis',(1.,0.,0.));
#7377=DIRECTION('',(-1.,0.,0.));
#7378=DIRECTION('',(0.,0.,1.));
#7379=DIRECTION('',(1.,0.,-2.46519032881566E-33));
#7380=DIRECTION('',(0.,0.,1.));
#7381=DIRECTION('center_axis',(0.,-1.,0.));
#7382=DIRECTION('ref_axis',(-0.669448192838746,0.,-0.742858746401318));
#7383=DIRECTION('center_axis',(1.,0.,0.));
#7384=DIRECTION('ref_axis',(0.,0.,-1.));
#7385=DIRECTION('',(0.,1.,0.));
#7386=DIRECTION('',(0.,0.,-1.));
#7387=DIRECTION('',(0.,1.,0.));
#7388=DIRECTION('center_axis',(0.,1.,0.));
#7389=DIRECTION('ref_axis',(-0.287347885566345,0.,0.957826285221151));
#7390=DIRECTION('center_axis',(0.,1.,0.));
#7391=DIRECTION('ref_axis',(-0.669448192838746,0.,-0.742858746401318));
#7392=DIRECTION('center_axis',(0.,1.,0.));
#7393=DIRECTION('ref_axis',(1.,0.,0.));
#7394=DIRECTION('',(1.,0.,0.));
#7395=DIRECTION('',(-1.,0.,2.46519032881566E-33));
#7396=DIRECTION('',(0.,0.,-1.));
#7397=DIRECTION('center_axis',(0.,0.,1.));
#7398=DIRECTION('ref_axis',(1.,0.,0.));
#7399=DIRECTION('center_axis',(0.,0.,1.));
#7400=DIRECTION('ref_axis',(1.,0.,0.));
#7401=DIRECTION('center_axis',(0.,0.,1.));
#7402=DIRECTION('ref_axis',(-1.,0.,0.));
#7403=DIRECTION('center_axis',(0.,0.,1.));
#7404=DIRECTION('ref_axis',(-1.,0.,0.));
#7405=DIRECTION('center_axis',(0.,0.,-1.));
#7406=DIRECTION('ref_axis',(-1.,0.,0.));
#7407=DIRECTION('center_axis',(0.,0.,-1.));
#7408=DIRECTION('ref_axis',(-1.,0.,0.));
#7409=DIRECTION('center_axis',(0.,0.,1.));
#7410=DIRECTION('ref_axis',(-1.,1.22464679914735E-16,0.));
#7411=DIRECTION('center_axis',(0.,0.,1.));
#7412=DIRECTION('ref_axis',(1.,0.,0.));
#7413=DIRECTION('center_axis',(0.,0.,-1.));
#7414=DIRECTION('ref_axis',(-1.,0.,0.));
#7415=DIRECTION('center_axis',(0.,0.,1.));
#7416=DIRECTION('ref_axis',(-1.,0.,0.));
#7417=DIRECTION('',(0.,0.,-1.));
#7418=DIRECTION('center_axis',(0.,0.,-1.));
#7419=DIRECTION('ref_axis',(-1.,0.,0.));
#7420=DIRECTION('center_axis',(0.,0.,1.));
#7421=DIRECTION('ref_axis',(-1.,0.,0.));
#7422=DIRECTION('',(0.,0.,-1.));
#7423=DIRECTION('center_axis',(0.,0.,-1.));
#7424=DIRECTION('ref_axis',(-6.12323399573677E-17,1.,0.));
#7425=DIRECTION('center_axis',(0.,0.,-1.));
#7426=DIRECTION('ref_axis',(-1.,0.,0.));
#7427=DIRECTION('center_axis',(0.,0.,-1.));
#7428=DIRECTION('ref_axis',(-1.,0.,0.));
#7429=DIRECTION('',(0.,0.,-1.));
#7430=DIRECTION('',(0.,0.,-1.));
#7431=DIRECTION('center_axis',(0.,0.,-1.));
#7432=DIRECTION('ref_axis',(1.83697019872103E-16,-1.,0.));
#7433=DIRECTION('center_axis',(0.,0.,-1.));
#7434=DIRECTION('ref_axis',(-1.,0.,0.));
#7435=DIRECTION('center_axis',(0.,0.,-1.));
#7436=DIRECTION('ref_axis',(-1.,0.,0.));
#7437=DIRECTION('',(0.,1.,0.));
#7438=DIRECTION('',(-1.,0.,0.));
#7439=DIRECTION('',(0.,-1.,0.));
#7440=DIRECTION('',(1.,0.,0.));
#7441=DIRECTION('',(1.,0.,0.));
#7442=DIRECTION('center_axis',(0.,-1.,0.));
#7443=DIRECTION('ref_axis',(-1.,0.,0.));
#7444=DIRECTION('',(-1.,0.,0.));
#7445=DIRECTION('',(0.,0.,-1.));
#7446=DIRECTION('',(0.,0.,-1.));
#7447=DIRECTION('center_axis',(0.,1.,0.));
#7448=DIRECTION('ref_axis',(1.,0.,0.));
#7449=DIRECTION('',(1.,0.,0.));
#7450=DIRECTION('',(0.,0.,-1.));
#7451=DIRECTION('',(0.,0.,-1.));
#7452=DIRECTION('center_axis',(0.,0.,-1.));
#7453=DIRECTION('ref_axis',(-1.,0.,0.));
#7454=DIRECTION('',(0.,1.,0.));
#7455=DIRECTION('',(-1.,0.,0.));
#7456=DIRECTION('',(0.,-1.,0.));
#7457=DIRECTION('center_axis',(0.,0.,-1.));
#7458=DIRECTION('ref_axis',(-1.,0.,0.));
#7459=DIRECTION('',(0.,-1.,0.));
#7460=DIRECTION('',(1.,0.,0.));
#7461=DIRECTION('',(0.,1.,0.));
#7462=DIRECTION('center_axis',(0.,1.,0.));
#7463=DIRECTION('ref_axis',(1.,0.,0.));
#7464=DIRECTION('',(1.,0.,0.));
#7465=DIRECTION('',(0.,0.,-1.));
#7466=DIRECTION('',(0.,0.,-1.));
#7467=DIRECTION('center_axis',(-1.,0.,0.));
#7468=DIRECTION('ref_axis',(0.,1.,0.));
#7469=DIRECTION('',(0.,1.,0.));
#7470=DIRECTION('',(0.,0.,-1.));
#7471=DIRECTION('center_axis',(0.,-1.,0.));
#7472=DIRECTION('ref_axis',(-1.,0.,0.));
#7473=DIRECTION('',(-1.,0.,0.));
#7474=DIRECTION('',(0.,0.,-1.));
#7475=DIRECTION('center_axis',(1.,0.,0.));
#7476=DIRECTION('ref_axis',(0.,-1.,0.));
#7477=DIRECTION('',(0.,-1.,0.));
#7478=DIRECTION('center_axis',(0.,0.,1.));
#7479=DIRECTION('ref_axis',(1.,0.,0.));
#7480=DIRECTION('axis',(0.,0.,1.));
#7481=DIRECTION('refdir',(1.,0.,0.));
#7482=DIRECTION('center_axis',(0.,0.,1.));
#7483=DIRECTION('ref_axis',(1.,0.,0.));
#7484=DIRECTION('center_axis',(0.,0.,1.));
#7485=DIRECTION('ref_axis',(1.,0.,0.));
#7486=DIRECTION('',(0.,0.,1.));
#7487=DIRECTION('center_axis',(0.,0.,1.));
#7488=DIRECTION('ref_axis',(1.,0.,0.));
#7489=DIRECTION('center_axis',(0.,0.,-1.));
#7490=DIRECTION('ref_axis',(1.,0.,0.));
#7491=DIRECTION('center_axis',(0.,0.,1.));
#7492=DIRECTION('ref_axis',(1.,0.,0.));
#7493=DIRECTION('center_axis',(0.,0.,1.));
#7494=DIRECTION('ref_axis',(1.,0.,0.));
#7495=DIRECTION('',(0.,0.,1.));
#7496=DIRECTION('center_axis',(0.,0.,1.));
#7497=DIRECTION('ref_axis',(1.,0.,0.));
#7498=DIRECTION('center_axis',(0.,0.,-1.));
#7499=DIRECTION('ref_axis',(1.,0.,0.));
#7500=DIRECTION('center_axis',(0.,0.,1.));
#7501=DIRECTION('ref_axis',(1.,0.,0.));
#7502=DIRECTION('center_axis',(0.,0.,1.));
#7503=DIRECTION('ref_axis',(1.,0.,0.));
#7504=DIRECTION('',(0.,0.,1.));
#7505=DIRECTION('center_axis',(0.,0.,1.));
#7506=DIRECTION('ref_axis',(1.,0.,0.));
#7507=DIRECTION('',(0.,0.,1.));
#7508=DIRECTION('',(0.,0.,1.));
#7509=DIRECTION('center_axis',(0.,0.,1.));
#7510=DIRECTION('ref_axis',(1.,0.,0.));
#7511=DIRECTION('center_axis',(0.,0.,1.));
#7512=DIRECTION('ref_axis',(1.,0.,0.));
#7513=DIRECTION('center_axis',(0.,0.,1.));
#7514=DIRECTION('ref_axis',(1.,0.,0.));
#7515=DIRECTION('',(0.,0.,1.));
#7516=DIRECTION('center_axis',(0.,0.,1.));
#7517=DIRECTION('ref_axis',(1.,0.,0.));
#7518=DIRECTION('center_axis',(0.,0.,1.));
#7519=DIRECTION('ref_axis',(1.,0.,0.));
#7520=DIRECTION('axis',(0.,0.,1.));
#7521=DIRECTION('refdir',(1.,0.,0.));
#7522=DIRECTION('axis',(0.,0.,1.));
#7523=DIRECTION('refdir',(1.,0.,0.));
#7524=DIRECTION('center_axis',(1.,0.,0.));
#7525=DIRECTION('ref_axis',(0.,-1.,0.));
#7526=DIRECTION('center_axis',(1.,0.,0.));
#7527=DIRECTION('ref_axis',(0.,-1.,0.));
#7528=DIRECTION('',(1.,0.,0.));
#7529=DIRECTION('center_axis',(-1.,0.,0.));
#7530=DIRECTION('ref_axis',(0.,-1.,0.));
#7531=DIRECTION('center_axis',(-1.,0.,0.));
#7532=DIRECTION('ref_axis',(0.,-1.,0.));
#7533=DIRECTION('center_axis',(-1.,0.,0.));
#7534=DIRECTION('ref_axis',(0.,-1.,0.));
#7535=DIRECTION('',(-1.,0.,0.));
#7536=DIRECTION('center_axis',(1.,0.,0.));
#7537=DIRECTION('ref_axis',(0.,-1.,0.));
#7538=DIRECTION('center_axis',(0.,1.,0.));
#7539=DIRECTION('ref_axis',(0.,0.,-1.));
#7540=DIRECTION('',(0.,0.,1.));
#7541=DIRECTION('',(-1.,0.,0.));
#7542=DIRECTION('',(0.,0.,-1.));
#7543=DIRECTION('',(-1.,0.,0.));
#7544=DIRECTION('center_axis',(-1.,0.,0.));
#7545=DIRECTION('ref_axis',(0.,0.,1.));
#7546=DIRECTION('',(0.,1.,0.));
#7547=DIRECTION('',(0.,-1.,0.));
#7548=DIRECTION('',(0.,0.,1.));
#7549=DIRECTION('center_axis',(0.,-1.,0.));
#7550=DIRECTION('ref_axis',(0.,0.,-1.));
#7551=DIRECTION('',(0.,0.,1.));
#7552=DIRECTION('',(1.,0.,0.));
#7553=DIRECTION('',(-1.,0.,0.));
#7554=DIRECTION('center_axis',(0.,0.,1.));
#7555=DIRECTION('ref_axis',(0.,-1.,0.));
#7556=DIRECTION('',(0.,1.,0.));
#7557=DIRECTION('',(1.,0.,0.));
#7558=DIRECTION('',(0.,-1.,0.));
#7559=DIRECTION('center_axis',(0.,0.,-1.));
#7560=DIRECTION('ref_axis',(0.,1.,0.));
#7561=DIRECTION('',(0.,-1.,0.));
#7562=DIRECTION('',(0.,1.,0.));
#7563=DIRECTION('',(-1.,0.,0.));
#7564=DIRECTION('center_axis',(1.,0.,0.));
#7565=DIRECTION('ref_axis',(0.,1.,0.));
#7566=DIRECTION('center_axis',(1.,0.,0.));
#7567=DIRECTION('ref_axis',(0.,1.,0.));
#7568=DIRECTION('center_axis',(1.,0.,0.));
#7569=DIRECTION('ref_axis',(0.,1.,0.));
#7570=DIRECTION('center_axis',(1.,0.,0.));
#7571=DIRECTION('ref_axis',(0.,1.,0.));
#7572=DIRECTION('center_axis',(0.,-1.,0.));
#7573=DIRECTION('ref_axis',(0.,0.,1.));
#7574=DIRECTION('',(0.,0.,-1.));
#7575=DIRECTION('',(-1.,0.,0.));
#7576=DIRECTION('',(0.,0.,1.));
#7577=DIRECTION('',(-1.,0.,0.));
#7578=DIRECTION('',(0.,0.,-1.));
#7579=DIRECTION('center_axis',(0.,0.,-1.));
#7580=DIRECTION('ref_axis',(0.,-1.,0.));
#7581=DIRECTION('',(0.,1.,0.));
#7582=DIRECTION('',(0.,-1.,0.));
#7583=DIRECTION('',(-1.,0.,0.));
#7584=DIRECTION('center_axis',(0.,1.,0.));
#7585=DIRECTION('ref_axis',(0.,0.,-1.));
#7586=DIRECTION('',(0.,0.,1.));
#7587=DIRECTION('',(0.,0.,-1.));
#7588=DIRECTION('',(-1.,0.,0.));
#7589=DIRECTION('center_axis',(0.,0.,1.));
#7590=DIRECTION('ref_axis',(0.,1.,0.));
#7591=DIRECTION('',(0.,-1.,0.));
#7592=DIRECTION('',(0.,1.,0.));
#7593=DIRECTION('center_axis',(-1.,0.,0.));
#7594=DIRECTION('ref_axis',(0.,0.,1.));
#7595=DIRECTION('center_axis',(1.,0.,0.));
#7596=DIRECTION('ref_axis',(0.,1.,0.));
#7597=DIRECTION('',(0.,0.,-1.));
#7598=DIRECTION('center_axis',(-1.,0.,0.));
#7599=DIRECTION('ref_axis',(0.,0.707106781186548,0.707106781186548));
#7600=DIRECTION('',(0.,1.,0.));
#7601=DIRECTION('center_axis',(-1.,0.,0.));
#7602=DIRECTION('ref_axis',(0.,-0.707106781186548,0.707106781186548));
#7603=DIRECTION('',(0.,0.,1.));
#7604=DIRECTION('center_axis',(1.,0.,0.));
#7605=DIRECTION('ref_axis',(0.,-1.,0.));
#7606=DIRECTION('center_axis',(1.,0.,0.));
#7607=DIRECTION('ref_axis',(0.,-1.,0.));
#7608=DIRECTION('center_axis',(1.,0.,0.));
#7609=DIRECTION('ref_axis',(0.,-1.,0.));
#7610=DIRECTION('center_axis',(1.,0.,0.));
#7611=DIRECTION('ref_axis',(0.,-1.,0.));
#7612=DIRECTION('center_axis',(-1.,0.,0.));
#7613=DIRECTION('ref_axis',(0.,-1.,0.));
#7614=DIRECTION('',(1.,0.,0.));
#7615=DIRECTION('',(1.,0.,0.));
#7616=DIRECTION('center_axis',(1.,0.,0.));
#7617=DIRECTION('ref_axis',(0.,1.,-1.22464679914735E-16));
#7618=DIRECTION('center_axis',(-1.,0.,0.));
#7619=DIRECTION('ref_axis',(0.,-1.,0.));
#7620=DIRECTION('center_axis',(0.,0.,-1.));
#7621=DIRECTION('ref_axis',(0.707106781186549,-0.707106781186546,0.));
#7622=DIRECTION('',(0.,0.,1.));
#7623=DIRECTION('center_axis',(0.,5.5511151231258E-16,1.));
#7624=DIRECTION('ref_axis',(0.,-1.,5.5511151231258E-16));
#7625=DIRECTION('center_axis',(-1.,0.,0.));
#7626=DIRECTION('ref_axis',(0.,0.,1.));
#7627=DIRECTION('center_axis',(0.,-1.,0.));
#7628=DIRECTION('ref_axis',(0.,0.,-1.));
#7629=DIRECTION('center_axis',(1.,0.,0.));
#7630=DIRECTION('ref_axis',(0.,0.707106781186548,0.707106781186548));
#7631=DIRECTION('center_axis',(0.,1.,0.));
#7632=DIRECTION('ref_axis',(0.707106781186548,0.,-0.707106781186548));
#7633=DIRECTION('center_axis',(0.,-1.,0.));
#7634=DIRECTION('ref_axis',(0.,0.,-1.));
#7635=DIRECTION('',(0.,-1.,0.));
#7636=DIRECTION('center_axis',(-1.,0.,0.));
#7637=DIRECTION('ref_axis',(0.,0.,1.));
#7638=DIRECTION('center_axis',(0.,-5.55111512312579E-16,-1.));
#7639=DIRECTION('ref_axis',(0.,1.,-5.55111512312579E-16));
#7640=DIRECTION('center_axis',(1.,0.,0.));
#7641=DIRECTION('ref_axis',(0.,-0.707106781186548,0.707106781186548));
#7642=DIRECTION('center_axis',(0.,0.,-1.));
#7643=DIRECTION('ref_axis',(0.707106781186548,0.707106781186548,0.));
#7644=DIRECTION('',(0.,0.,-1.));
#7645=DIRECTION('center_axis',(1.85075698166528E-16,-1.,0.));
#7646=DIRECTION('ref_axis',(1.,1.85075698166528E-16,0.));
#7647=DIRECTION('',(1.,1.85075698166528E-16,0.));
#7648=DIRECTION('',(0.,0.,1.));
#7649=DIRECTION('',(-1.,-1.85075698166528E-16,0.));
#7650=DIRECTION('center_axis',(1.,1.85075698166528E-16,0.));
#7651=DIRECTION('ref_axis',(0.,-0.707106781186547,0.707106781186548));
#7652=DIRECTION('',(-1.,-1.85075698166528E-16,0.));
#7653=DIRECTION('center_axis',(-0.22365397608865,-0.97466860982579,0.));
#7654=DIRECTION('ref_axis',(0.97466860982579,-0.22365397608865,0.));
#7655=DIRECTION('center_axis',(0.,0.,1.));
#7656=DIRECTION('ref_axis',(1.,0.,0.));
#7657=DIRECTION('',(1.,0.,0.));
#7658=DIRECTION('',(0.707106781186546,-0.707106781186549,0.));
#7659=DIRECTION('center_axis',(0.,0.,-1.));
#7660=DIRECTION('ref_axis',(0.38268343236509,0.923879532511287,0.));
#7661=DIRECTION('',(1.,5.55111512312578E-16,0.));
#7662=DIRECTION('center_axis',(0.,0.,-1.));
#7663=DIRECTION('ref_axis',(-0.471858445081041,0.881674320713551,0.));
#7664=DIRECTION('',(0.554699215611405,0.832050948079558,0.));
#7665=DIRECTION('center_axis',(0.,0.,-1.));
#7666=DIRECTION('ref_axis',(-0.957092197251539,0.28978358469765,0.));
#7667=DIRECTION('',(-1.1842378929335E-15,1.,0.));
#7668=DIRECTION('center_axis',(0.,0.,-1.));
#7669=DIRECTION('ref_axis',(-0.957092197251539,-0.289783584697652,0.));
#7670=DIRECTION('',(-0.554699215611405,0.832050948079558,0.));
#7671=DIRECTION('center_axis',(0.,0.,-1.));
#7672=DIRECTION('ref_axis',(-0.471858445081041,-0.881674320713551,0.));
#7673=DIRECTION('',(-1.,-8.32667268468868E-16,0.));
#7674=DIRECTION('center_axis',(0.,0.,-1.));
#7675=DIRECTION('ref_axis',(0.471858445081041,-0.881674320713551,0.));
#7676=DIRECTION('',(-0.554699215611405,-0.832050948079558,0.));
#7677=DIRECTION('center_axis',(0.,0.,-1.));
#7678=DIRECTION('ref_axis',(-1.,0.,0.));
#7679=DIRECTION('center_axis',(0.,0.,-1.));
#7680=DIRECTION('ref_axis',(-1.,0.,0.));
#7681=DIRECTION('center_axis',(0.,0.,-1.));
#7682=DIRECTION('ref_axis',(-1.,0.,0.));
#7683=DIRECTION('',(-1.,0.,0.));
#7684=DIRECTION('',(0.,1.,0.));
#7685=DIRECTION('',(1.,0.,0.));
#7686=DIRECTION('',(0.,-1.,0.));
#7687=DIRECTION('center_axis',(-1.,0.,0.));
#7688=DIRECTION('ref_axis',(0.,0.707106781186545,0.70710678118655));
#7689=DIRECTION('',(-1.,0.,0.));
#7690=DIRECTION('center_axis',(-0.284252323408791,0.958749506720449,0.));
#7691=DIRECTION('ref_axis',(0.958749506720449,0.284252323408791,0.));
#7692=DIRECTION('center_axis',(0.,1.,0.));
#7693=DIRECTION('ref_axis',(-1.,0.,0.));
#7694=DIRECTION('',(1.,0.,0.));
#7695=DIRECTION('',(0.,0.,-1.));
#7696=DIRECTION('center_axis',(-4.45630629518181E-17,8.32667268468868E-17,
1.));
#7697=DIRECTION('ref_axis',(-8.88178419700126E-16,1.,-8.32667268468868E-17));
#7698=DIRECTION('center_axis',(0.93503462597368,-0.3545564105051,1.12467625848917E-15));
#7699=DIRECTION('ref_axis',(-0.3545564105051,-0.93503462597368,1.7736128128756E-16));
#7700=DIRECTION('center_axis',(-0.223653976088651,-0.97466860982579,0.));
#7701=DIRECTION('ref_axis',(0.97466860982579,-0.223653976088651,1.7736128128756E-16));
#7702=DIRECTION('center_axis',(0.,0.,1.));
#7703=DIRECTION('ref_axis',(-0.47185844508104,0.881674320713552,0.));
#7704=DIRECTION('center_axis',(0.,0.,1.));
#7705=DIRECTION('ref_axis',(0.,1.,0.));
#7706=DIRECTION('',(0.,0.,-1.));
#7707=DIRECTION('center_axis',(0.93503462597368,-0.3545564105051,1.12467625848917E-15));
#7708=DIRECTION('ref_axis',(-0.3545564105051,-0.93503462597368,0.));
#7709=DIRECTION('center_axis',(-1.,-1.85075698166528E-16,0.));
#7710=DIRECTION('ref_axis',(0.,-0.707106781186547,-0.707106781186548));
#7711=DIRECTION('',(1.,1.85075698166528E-16,0.));
#7712=DIRECTION('center_axis',(-1.,0.,0.));
#7713=DIRECTION('ref_axis',(0.,-3.1720657846433E-14,-1.));
#7714=DIRECTION('center_axis',(-0.554699215611405,-0.832050948079558,0.));
#7715=DIRECTION('ref_axis',(0.58834886767975,-0.39223157687768,-0.70710678118655));
#7716=DIRECTION('',(-0.554699215611405,-0.832050948079558,0.));
#7717=DIRECTION('center_axis',(-0.554699215611405,-0.832050948079558,-8.79764461735648E-16));
#7718=DIRECTION('ref_axis',(6.34413156928661E-15,-3.1720657846433E-15,-1.));
#7719=DIRECTION('',(0.554699215611405,0.832050948079558,0.));
#7720=DIRECTION('center_axis',(0.,0.,1.));
#7721=DIRECTION('ref_axis',(1.,0.,0.));
#7722=DIRECTION('center_axis',(-0.554699215611405,-0.832050948079558,8.79764461735648E-16));
#7723=DIRECTION('ref_axis',(0.832050948079558,-0.554699215611405,0.));
#7724=DIRECTION('center_axis',(1.,0.,0.));
#7725=DIRECTION('ref_axis',(0.,-7.93016446160826E-16,1.));
#7726=DIRECTION('center_axis',(0.,0.,1.));
#7727=DIRECTION('ref_axis',(0.471858445081041,-0.881674320713551,0.));
#7728=DIRECTION('center_axis',(0.,0.,1.));
#7729=DIRECTION('ref_axis',(1.,0.,0.));
#7730=DIRECTION('center_axis',(0.,0.,-1.));
#7731=DIRECTION('ref_axis',(0.471858445081041,-0.881674320713551,0.));
#7732=DIRECTION('center_axis',(1.,0.,0.));
#7733=DIRECTION('ref_axis',(0.,-1.,0.));
#7734=DIRECTION('center_axis',(0.,0.,1.));
#7735=DIRECTION('ref_axis',(0.471858445081041,-0.881674320713551,0.));
#7736=DIRECTION('center_axis',(0.,0.,1.));
#7737=DIRECTION('ref_axis',(0.47185844508104,-0.881674320713552,0.));
#7738=DIRECTION('',(0.,0.,1.));
#7739=DIRECTION('',(0.,0.,-1.));
#7740=DIRECTION('center_axis',(0.832050948079558,-0.554699215611405,0.));
#7741=DIRECTION('ref_axis',(0.554699215611405,0.832050948079558,0.));
#7742=DIRECTION('',(0.554699215611405,0.832050948079558,0.));
#7743=DIRECTION('center_axis',(0.,0.,1.));
#7744=DIRECTION('ref_axis',(1.,0.,0.));
#7745=DIRECTION('',(1.,8.32667268468868E-16,0.));
#7746=DIRECTION('center_axis',(0.,0.,1.));
#7747=DIRECTION('ref_axis',(-0.471858445081041,-0.881674320713551,0.));
#7748=DIRECTION('',(0.554699215611405,-0.832050948079558,0.));
#7749=DIRECTION('center_axis',(0.,0.,1.));
#7750=DIRECTION('ref_axis',(-0.957092197251539,-0.289783584697652,0.));
#7751=DIRECTION('',(1.1842378929335E-15,-1.,0.));
#7752=DIRECTION('center_axis',(0.,0.,1.));
#7753=DIRECTION('ref_axis',(-0.957092197251539,0.28978358469765,0.));
#7754=DIRECTION('',(-0.554699215611405,-0.832050948079558,0.));
#7755=DIRECTION('center_axis',(0.,0.,1.));
#7756=DIRECTION('ref_axis',(-0.471858445081041,0.881674320713551,0.));
#7757=DIRECTION('',(-1.,-5.55111512312578E-16,0.));
#7758=DIRECTION('center_axis',(0.,0.,1.));
#7759=DIRECTION('ref_axis',(0.38268343236509,0.923879532511287,0.));
#7760=DIRECTION('',(-0.707106781186546,0.707106781186549,0.));
#7761=DIRECTION('',(-1.,0.,0.));
#7762=DIRECTION('center_axis',(0.,0.,1.));
#7763=DIRECTION('ref_axis',(-1.,0.,0.));
#7764=DIRECTION('center_axis',(0.,0.,1.));
#7765=DIRECTION('ref_axis',(-1.,0.,0.));
#7766=DIRECTION('center_axis',(0.,0.,1.));
#7767=DIRECTION('ref_axis',(-1.,0.,0.));
#7768=DIRECTION('center_axis',(0.,0.,1.));
#7769=DIRECTION('ref_axis',(-1.,0.,0.));
#7770=DIRECTION('center_axis',(0.,0.,1.));
#7771=DIRECTION('ref_axis',(-1.,0.,0.));
#7772=DIRECTION('center_axis',(0.,0.,-1.));
#7773=DIRECTION('ref_axis',(-1.,0.,0.));
#7774=DIRECTION('center_axis',(0.,0.,-1.));
#7775=DIRECTION('ref_axis',(-1.,0.,0.));
#7776=DIRECTION('center_axis',(-1.,-8.32667268468868E-16,0.));
#7777=DIRECTION('ref_axis',(0.,-0.707106781186548,-0.707106781186547));
#7778=DIRECTION('',(-1.,-8.32667268468868E-16,0.));
#7779=DIRECTION('center_axis',(-1.,0.,0.));
#7780=DIRECTION('ref_axis',(0.,-7.93016446160826E-16,-1.));
#7781=DIRECTION('center_axis',(0.,0.,1.));
#7782=DIRECTION('ref_axis',(1.,0.,0.));
#7783=DIRECTION('center_axis',(-1.,0.,0.));
#7784=DIRECTION('ref_axis',(0.,-1.,0.));
#7785=DIRECTION('center_axis',(0.554699215611408,-0.832050948079556,-3.95898051522477E-15));
#7786=DIRECTION('ref_axis',(0.,-4.75809867696496E-15,1.));
#7787=DIRECTION('center_axis',(0.,0.,1.));
#7788=DIRECTION('ref_axis',(-0.471858445081041,-0.881674320713551,0.));
#7789=DIRECTION('center_axis',(0.,0.,1.));
#7790=DIRECTION('ref_axis',(1.,0.,0.));
#7791=DIRECTION('center_axis',(0.,0.,-1.));
#7792=DIRECTION('ref_axis',(-0.471858445081041,-0.881674320713551,0.));
#7793=DIRECTION('center_axis',(0.554699215611408,-0.832050948079556,3.95898051522477E-15));
#7794=DIRECTION('ref_axis',(-0.832050948079556,-0.554699215611408,0.));
#7795=DIRECTION('center_axis',(0.,0.,1.));
#7796=DIRECTION('ref_axis',(-0.471858445081041,-0.881674320713551,0.));
#7797=DIRECTION('',(0.,0.,1.));
#7798=DIRECTION('',(0.,0.,-1.));
#7799=DIRECTION('center_axis',(8.32667268468868E-16,-1.,0.));
#7800=DIRECTION('ref_axis',(1.,8.32667268468868E-16,0.));
#7801=DIRECTION('',(1.,8.32667268468868E-16,0.));
#7802=DIRECTION('center_axis',(-0.554699215611405,0.832050948079558,0.));
#7803=DIRECTION('ref_axis',(-0.588348867679749,-0.392231576877684,-0.707106781186549));
#7804=DIRECTION('',(-0.554699215611405,0.832050948079558,0.));
#7805=DIRECTION('center_axis',(-0.554699215611407,0.832050948079557,-2.63932034348319E-15));
#7806=DIRECTION('ref_axis',(0.,-3.1720657846433E-15,-1.));
#7807=DIRECTION('center_axis',(0.,0.,1.));
#7808=DIRECTION('ref_axis',(1.,0.,0.));
#7809=DIRECTION('center_axis',(-0.554699215611407,0.832050948079557,2.63932034348318E-15));
#7810=DIRECTION('ref_axis',(-0.832050948079557,-0.554699215611407,0.));
#7811=DIRECTION('center_axis',(0.,-1.,0.));
#7812=DIRECTION('ref_axis',(0.,0.,1.));
#7813=DIRECTION('center_axis',(0.,0.,1.));
#7814=DIRECTION('ref_axis',(-0.957092197251539,-0.289783584697652,0.));
#7815=DIRECTION('center_axis',(0.,0.,1.));
#7816=DIRECTION('ref_axis',(1.,0.,0.));
#7817=DIRECTION('center_axis',(0.,0.,-1.));
#7818=DIRECTION('ref_axis',(-0.957092197251539,-0.289783584697652,0.));
#7819=DIRECTION('center_axis',(0.,-1.,0.));
#7820=DIRECTION('ref_axis',(-1.,0.,0.));
#7821=DIRECTION('center_axis',(0.,0.,1.));
#7822=DIRECTION('ref_axis',(-0.957092197251539,-0.289783584697652,0.));
#7823=DIRECTION('',(0.,0.,1.));
#7824=DIRECTION('',(0.,0.,-1.));
#7825=DIRECTION('center_axis',(-0.832050948079558,-0.554699215611405,0.));
#7826=DIRECTION('ref_axis',(0.554699215611405,-0.832050948079558,0.));
#7827=DIRECTION('',(0.554699215611405,-0.832050948079558,0.));
#7828=DIRECTION('center_axis',(-1.1842378929335E-15,1.,0.));
#7829=DIRECTION('ref_axis',(-0.707106781186549,0.,-0.707106781186546));
#7830=DIRECTION('',(-1.1842378929335E-15,1.,0.));
#7831=DIRECTION('center_axis',(0.,1.,0.));
#7832=DIRECTION('ref_axis',(0.,0.,-1.));
#7833=DIRECTION('center_axis',(0.,0.,1.));
#7834=DIRECTION('ref_axis',(1.,0.,0.));
#7835=DIRECTION('center_axis',(0.,1.,0.));
#7836=DIRECTION('ref_axis',(-1.,0.,0.));
#7837=DIRECTION('center_axis',(-0.554699215611407,-0.832050948079557,0.));
#7838=DIRECTION('ref_axis',(0.,0.,1.));
#7839=DIRECTION('center_axis',(0.,0.,1.));
#7840=DIRECTION('ref_axis',(-0.957092197251539,0.28978358469765,0.));
#7841=DIRECTION('center_axis',(0.,0.,1.));
#7842=DIRECTION('ref_axis',(1.,0.,0.));
#7843=DIRECTION('center_axis',(0.,0.,-1.));
#7844=DIRECTION('ref_axis',(-0.957092197251539,0.28978358469765,0.));
#7845=DIRECTION('center_axis',(-0.554699215611407,-0.832050948079557,0.));
#7846=DIRECTION('ref_axis',(-0.832050948079557,0.554699215611407,0.));
#7847=DIRECTION('center_axis',(0.,0.,1.));
#7848=DIRECTION('ref_axis',(-0.957092197251539,0.289783584697651,0.));
#7849=DIRECTION('',(0.,0.,1.));
#7850=DIRECTION('',(0.,0.,-1.));
#7851=DIRECTION('center_axis',(-1.,-1.1842378929335E-15,0.));
#7852=DIRECTION('ref_axis',(1.1842378929335E-15,-1.,0.));
#7853=DIRECTION('',(1.1842378929335E-15,-1.,0.));
#7854=DIRECTION('center_axis',(0.554699215611405,0.832050948079558,0.));
#7855=DIRECTION('ref_axis',(-0.588348867679751,0.392231576877676,-0.707106781186552));
#7856=DIRECTION('',(0.554699215611405,0.832050948079558,0.));
#7857=DIRECTION('center_axis',(0.554699215611393,0.832050948079567,-7.03816961043751E-15));
#7858=DIRECTION('ref_axis',(-1.26882631385732E-14,0.,-1.));
#7859=DIRECTION('center_axis',(0.,0.,1.));
#7860=DIRECTION('ref_axis',(1.,0.,0.));
#7861=DIRECTION('center_axis',(0.554699215611393,0.832050948079567,7.03816961043751E-15));
#7862=DIRECTION('ref_axis',(-0.832050948079567,0.554699215611393,0.));
#7863=DIRECTION('center_axis',(-1.,0.,0.));
#7864=DIRECTION('ref_axis',(0.,-2.53765262771464E-14,1.));
#7865=DIRECTION('center_axis',(0.,0.,1.));
#7866=DIRECTION('ref_axis',(-0.471858445081041,0.881674320713551,0.));
#7867=DIRECTION('center_axis',(0.,0.,1.));
#7868=DIRECTION('ref_axis',(1.,0.,0.));
#7869=DIRECTION('center_axis',(0.,0.,-1.));
#7870=DIRECTION('ref_axis',(-0.471858445081041,0.881674320713551,0.));
#7871=DIRECTION('center_axis',(-1.,0.,0.));
#7872=DIRECTION('ref_axis',(0.,1.,0.));
#7873=DIRECTION('center_axis',(0.,0.,1.));
#7874=DIRECTION('ref_axis',(-0.471858445081041,0.881674320713551,0.));
#7875=DIRECTION('',(0.,0.,1.));
#7876=DIRECTION('',(0.,0.,-1.));
#7877=DIRECTION('center_axis',(-0.554699215611405,-0.832050948079558,0.));
#7878=DIRECTION('ref_axis',(-0.588348867679752,0.392231576877677,0.707106781186551));
#7879=DIRECTION('',(-0.554699215611405,-0.832050948079558,0.));
#7880=DIRECTION('center_axis',(-0.832050948079558,0.554699215611405,0.));
#7881=DIRECTION('ref_axis',(-0.554699215611405,-0.832050948079558,0.));
#7882=DIRECTION('center_axis',(0.,0.,-1.));
#7883=DIRECTION('ref_axis',(-1.,0.,0.));
#7884=DIRECTION('center_axis',(-0.707106781186548,0.707106781186548,0.));
#7885=DIRECTION('ref_axis',(0.707106781186547,0.707106781186547,0.));
#7886=DIRECTION('center_axis',(1.,0.,0.));
#7887=DIRECTION('ref_axis',(0.,0.,-1.));
#7888=DIRECTION('center_axis',(0.,0.,-1.));
#7889=DIRECTION('ref_axis',(0.38268343236509,0.923879532511287,0.));
#7890=DIRECTION('center_axis',(0.,0.,-1.));
#7891=DIRECTION('ref_axis',(-1.,0.,0.));
#7892=DIRECTION('center_axis',(-0.707106781186548,0.707106781186548,0.));
#7893=DIRECTION('ref_axis',(0.,0.,1.));
#7894=DIRECTION('center_axis',(0.,0.,1.));
#7895=DIRECTION('ref_axis',(0.38268343236509,0.923879532511287,0.));
#7896=DIRECTION('center_axis',(1.,0.,0.));
#7897=DIRECTION('ref_axis',(0.,1.,0.));
#7898=DIRECTION('center_axis',(0.,0.,1.));
#7899=DIRECTION('ref_axis',(0.382683432365091,0.923879532511286,0.));
#7900=DIRECTION('',(0.,0.,1.));
#7901=DIRECTION('',(0.,0.,-1.));
#7902=DIRECTION('center_axis',(0.707106781186546,-0.707106781186549,0.));
#7903=DIRECTION('ref_axis',(0.499999999999998,0.499999999999998,-0.707106781186551));
#7904=DIRECTION('',(0.707106781186546,-0.707106781186549,0.));
#7905=DIRECTION('center_axis',(0.878935023111675,0.476941532210898,0.));
#7906=DIRECTION('ref_axis',(-0.476941532210898,0.878935023111675,0.));
#7907=DIRECTION('center_axis',(0.707106781186549,0.707106781186546,0.));
#7908=DIRECTION('ref_axis',(-0.707106781186546,0.707106781186549,0.));
#7909=DIRECTION('',(-0.707106781186546,0.707106781186549,0.));
#7910=DIRECTION('',(0.,0.,1.));
#7911=DIRECTION('center_axis',(-0.707106781186546,0.707106781186549,0.));
#7912=DIRECTION('ref_axis',(0.499999999999998,0.499999999999998,0.707106781186551));
#7913=DIRECTION('center_axis',(0.878935023111676,0.476941532210897,0.));
#7914=DIRECTION('ref_axis',(-0.476941532210897,0.878935023111676,0.));
#7915=DIRECTION('center_axis',(0.,0.,1.));
#7916=DIRECTION('ref_axis',(-0.707106781186548,-0.707106781186547,0.));
#7917=DIRECTION('center_axis',(-0.284252323408791,0.958749506720449,0.));
#7918=DIRECTION('ref_axis',(0.958749506720449,0.28425232340879,0.));
#7919=DIRECTION('center_axis',(0.,0.,1.));
#7920=DIRECTION('ref_axis',(-0.382683432365091,-0.923879532511286,0.));
#7921=DIRECTION('center_axis',(0.,0.,1.));
#7922=DIRECTION('ref_axis',(-0.707106781186549,-0.707106781186546,0.));
#7923=DIRECTION('center_axis',(-1.,0.,0.));
#7924=DIRECTION('ref_axis',(0.,0.707106781186549,-0.707106781186546));
#7925=DIRECTION('center_axis',(-1.,0.,0.));
#7926=DIRECTION('ref_axis',(0.,1.,0.));
#7927=DIRECTION('center_axis',(0.554699215611405,0.832050948079558,0.));
#7928=DIRECTION('ref_axis',(0.58834886767975,-0.39223157687768,0.70710678118655));
#7929=DIRECTION('center_axis',(1.,8.32667268468868E-16,0.));
#7930=DIRECTION('ref_axis',(0.,-0.707106781186548,0.707106781186547));
#7931=DIRECTION('center_axis',(0.554699215611405,-0.832050948079558,0.));
#7932=DIRECTION('ref_axis',(-0.588348867679749,-0.392231576877684,0.707106781186549));
#7933=DIRECTION('center_axis',(1.1842378929335E-15,-1.,0.));
#7934=DIRECTION('ref_axis',(-0.707106781186549,0.,0.707106781186546));
#7935=DIRECTION('center_axis',(-1.,-5.55111512312578E-16,0.));
#7936=DIRECTION('ref_axis',(0.,0.707106781186549,0.707106781186546));
#7937=DIRECTION('',(-1.,-5.55111512312578E-16,0.));
#7938=DIRECTION('center_axis',(-5.55111512312578E-16,1.,0.));
#7939=DIRECTION('ref_axis',(-1.,-5.55111512312578E-16,0.));
#7940=DIRECTION('',(1.,5.55111512312578E-16,0.));
#7941=DIRECTION('center_axis',(1.,5.55111512312578E-16,0.));
#7942=DIRECTION('ref_axis',(0.,0.707106781186549,-0.707106781186546));
#7943=DIRECTION('center_axis',(-0.99863037865565,9.15482466638371E-17,-0.052319851166391));
#7944=DIRECTION('ref_axis',(-3.96508223080414E-16,1.,9.31794324238973E-15));
#7945=DIRECTION('center_axis',(-0.99863037865565,-2.38570389004913E-16,
-0.0523198511663942));
#7946=DIRECTION('ref_axis',(0.0523109095648356,-0.0184871876047638,-0.99845971007095));
#7947=DIRECTION('center_axis',(-0.193373168904669,-0.923422367293114,-0.331508595862231));
#7948=DIRECTION('ref_axis',(0.,-0.337886100980914,0.941187007328467));
#7949=DIRECTION('center_axis',(-0.19337316890467,0.923422367293113,-0.331508595862232));
#7950=DIRECTION('ref_axis',(-0.435049154250851,0.222149952394619,0.872571849211678));
#7951=DIRECTION('center_axis',(1.,0.,0.));
#7952=DIRECTION('ref_axis',(0.,1.,0.));
#7953=DIRECTION('center_axis',(0.,0.,-1.));
#7954=DIRECTION('ref_axis',(-1.,0.,0.));
#7955=DIRECTION('center_axis',(0.,0.,-1.));
#7956=DIRECTION('ref_axis',(-1.,0.,0.));
#7957=DIRECTION('',(0.,0.,-1.));
#7958=DIRECTION('center_axis',(0.,0.,-1.));
#7959=DIRECTION('ref_axis',(-1.,0.,0.));
#7960=DIRECTION('center_axis',(0.,0.,-1.));
#7961=DIRECTION('ref_axis',(-1.,0.,0.));
#7962=DIRECTION('',(0.,0.,-1.));
#7963=DIRECTION('center_axis',(1.,0.,0.));
#7964=DIRECTION('ref_axis',(0.,1.,0.));
#7965=DIRECTION('',(0.,-1.,0.));
#7966=DIRECTION('',(0.,0.,1.));
#7967=DIRECTION('',(0.,1.,0.));
#7968=DIRECTION('',(0.,0.,1.));
#7969=DIRECTION('center_axis',(-1.,0.,0.));
#7970=DIRECTION('ref_axis',(0.,-1.,0.));
#7971=DIRECTION('',(0.,0.,1.));
#7972=DIRECTION('',(0.,-1.,0.));
#7973=DIRECTION('',(0.,0.,1.));
#7974=DIRECTION('center_axis',(0.,0.,1.));
#7975=DIRECTION('ref_axis',(1.,0.,0.));
#7976=DIRECTION('',(-1.,0.,0.));
#7977=DIRECTION('',(1.,0.,0.));
#7978=DIRECTION('center_axis',(1.,0.,0.));
#7979=DIRECTION('ref_axis',(0.,1.,0.));
#7980=DIRECTION('',(0.,0.,1.));
#7981=DIRECTION('',(0.,1.,0.));
#7982=DIRECTION('',(0.,0.,1.));
#7983=DIRECTION('center_axis',(-1.,0.,0.));
#7984=DIRECTION('ref_axis',(0.,-1.,0.));
#7985=DIRECTION('',(0.,1.,0.));
#7986=DIRECTION('',(0.,0.,1.));
#7987=DIRECTION('',(0.,-1.,0.));
#7988=DIRECTION('',(0.,0.,1.));
#7989=DIRECTION('',(0.,1.,0.));
#7990=DIRECTION('center_axis',(0.,0.,1.));
#7991=DIRECTION('ref_axis',(1.,0.,0.));
#7992=DIRECTION('',(-1.,0.,0.));
#7993=DIRECTION('',(1.,0.,0.));
#7994=DIRECTION('center_axis',(0.,-1.,0.));
#7995=DIRECTION('ref_axis',(1.,0.,0.));
#7996=DIRECTION('',(1.,0.,0.));
#7997=DIRECTION('center_axis',(0.,1.,0.));
#7998=DIRECTION('ref_axis',(-1.,0.,0.));
#7999=DIRECTION('',(-1.,0.,0.));
#8000=DIRECTION('center_axis',(0.,0.,1.));
#8001=DIRECTION('ref_axis',(1.,2.09798136933558E-15,0.));
#8002=DIRECTION('',(0.,0.,-1.));
#8003=DIRECTION('center_axis',(0.,0.,-1.));
#8004=DIRECTION('ref_axis',(-1.,0.,0.));
#8005=DIRECTION('center_axis',(0.,0.,-1.));
#8006=DIRECTION('ref_axis',(-1.,0.,0.));
#8007=DIRECTION('',(0.,0.,-1.));
#8008=DIRECTION('center_axis',(0.,0.,1.));
#8009=DIRECTION('ref_axis',(-1.,0.,0.));
#8010=DIRECTION('center_axis',(0.,0.,-1.));
#8011=DIRECTION('ref_axis',(-1.,0.,0.));
#8012=DIRECTION('center_axis',(0.,0.,1.));
#8013=DIRECTION('ref_axis',(-1.,0.,0.));
#8014=DIRECTION('center_axis',(0.,0.,-1.));
#8015=DIRECTION('ref_axis',(-1.,0.,0.));
#8016=DIRECTION('',(0.,0.,-1.));
#8017=DIRECTION('center_axis',(0.,0.,-1.));
#8018=DIRECTION('ref_axis',(-1.,0.,0.));
#8019=DIRECTION('',(0.,0.,-1.));
#8020=DIRECTION('center_axis',(0.,0.,-1.));
#8021=DIRECTION('ref_axis',(-1.,0.,0.));
#8022=DIRECTION('',(0.,0.,-1.));
#8023=DIRECTION('axis',(0.,0.,1.));
#8024=DIRECTION('refdir',(1.,0.,0.));
#8025=DIRECTION('center_axis',(0.,0.,1.));
#8026=DIRECTION('ref_axis',(-1.,0.,0.));
#8027=DIRECTION('center_axis',(0.,0.,1.));
#8028=DIRECTION('ref_axis',(-1.,0.,0.));
#8029=DIRECTION('',(0.,0.,-1.));
#8030=DIRECTION('center_axis',(0.,0.,-1.));
#8031=DIRECTION('ref_axis',(-1.,0.,0.));
#8032=DIRECTION('center_axis',(0.,0.,1.));
#8033=DIRECTION('ref_axis',(-1.,0.,0.));
#8034=DIRECTION('center_axis',(0.,0.,1.));
#8035=DIRECTION('ref_axis',(-0.631842905102515,-0.775096473525467,0.));
#8036=DIRECTION('center_axis',(0.,0.,1.));
#8037=DIRECTION('ref_axis',(-0.631842905102515,-0.775096473525467,0.));
#8038=DIRECTION('',(0.,0.,1.));
#8039=DIRECTION('center_axis',(0.,0.,1.));
#8040=DIRECTION('ref_axis',(-0.631842905102515,-0.775096473525467,0.));
#8041=DIRECTION('',(0.,0.,-1.));
#8042=DIRECTION('center_axis',(0.,0.,1.));
#8043=DIRECTION('ref_axis',(1.,1.22464679914735E-16,0.));
#8044=DIRECTION('center_axis',(0.,0.,1.));
#8045=DIRECTION('ref_axis',(-1.,0.,0.));
#8046=DIRECTION('',(0.,0.,1.));
#8047=DIRECTION('center_axis',(0.,0.,-1.));
#8048=DIRECTION('ref_axis',(-1.,0.,0.));
#8049=DIRECTION('center_axis',(0.,0.,1.));
#8050=DIRECTION('ref_axis',(-0.631842905102515,0.775096473525466,0.));
#8051=DIRECTION('center_axis',(0.,0.,1.));
#8052=DIRECTION('ref_axis',(-0.631842905102515,0.775096473525466,0.));
#8053=DIRECTION('center_axis',(0.,0.,1.));
#8054=DIRECTION('ref_axis',(-0.631842905102515,0.775096473525466,0.));
#8055=DIRECTION('',(0.,0.,-1.));
#8056=DIRECTION('center_axis',(0.,0.,1.));
#8057=DIRECTION('ref_axis',(-1.,0.,0.));
#8058=DIRECTION('center_axis',(0.,0.,-1.));
#8059=DIRECTION('ref_axis',(-1.,0.,0.));
#8060=DIRECTION('center_axis',(0.,0.,-1.));
#8061=DIRECTION('ref_axis',(-1.,0.,0.));
#8062=DIRECTION('center_axis',(0.,0.,-1.));
#8063=DIRECTION('ref_axis',(-1.,0.,0.));
#8064=DIRECTION('center_axis',(0.,0.,-1.));
#8065=DIRECTION('ref_axis',(-1.,0.,0.));
#8066=DIRECTION('center_axis',(0.,0.,1.));
#8067=DIRECTION('ref_axis',(-1.,0.,0.));
#8068=DIRECTION('center_axis',(0.,0.,1.));
#8069=DIRECTION('ref_axis',(-1.,0.,0.));
#8070=DIRECTION('center_axis',(0.,0.,1.));
#8071=DIRECTION('ref_axis',(1.,0.,0.));
#8072=DIRECTION('',(1.,0.,0.));
#8073=DIRECTION('',(0.,1.,0.));
#8074=DIRECTION('',(-1.,0.,0.));
#8075=DIRECTION('center_axis',(0.,0.,1.));
#8076=DIRECTION('ref_axis',(1.,0.,0.));
#8077=DIRECTION('',(0.,-1.,0.));
#8078=DIRECTION('',(1.,0.,0.));
#8079=DIRECTION('center_axis',(0.,0.,1.));
#8080=DIRECTION('ref_axis',(1.,0.,0.));
#8081=DIRECTION('',(-1.,0.,0.));
#8082=DIRECTION('',(0.,-1.,0.));
#8083=DIRECTION('center_axis',(0.,-1.,0.));
#8084=DIRECTION('ref_axis',(-1.,0.,0.));
#8085=DIRECTION('',(1.,0.,0.));
#8086=DIRECTION('',(0.,0.,-1.));
#8087=DIRECTION('',(-1.,0.,0.));
#8088=DIRECTION('',(0.,0.,-1.));
#8089=DIRECTION('center_axis',(0.,0.,-1.));
#8090=DIRECTION('ref_axis',(1.,1.01064309961486E-15,0.));
#8091=DIRECTION('center_axis',(0.,0.,1.));
#8092=DIRECTION('ref_axis',(-1.,0.,0.));
#8093=DIRECTION('center_axis',(0.,0.,-1.));
#8094=DIRECTION('ref_axis',(-1.,0.,0.));
#8095=DIRECTION('',(0.,0.,-1.));
#8096=DIRECTION('center_axis',(0.,1.,0.));
#8097=DIRECTION('ref_axis',(1.,0.,0.));
#8098=DIRECTION('',(-1.,0.,0.));
#8099=DIRECTION('',(1.,0.,0.));
#8100=DIRECTION('',(0.,0.,1.));
#8101=DIRECTION('center_axis',(0.,0.,1.));
#8102=DIRECTION('ref_axis',(-1.,0.,0.));
#8103=DIRECTION('',(0.,-1.,0.));
#8104=DIRECTION('',(1.,0.,0.));
#8105=DIRECTION('',(0.,-1.,0.));
#8106=DIRECTION('',(-1.,0.,0.));
#8107=DIRECTION('',(0.,-1.,0.));
#8108=DIRECTION('center_axis',(-1.,0.,0.));
#8109=DIRECTION('ref_axis',(0.,0.,-1.));
#8110=DIRECTION('',(0.,-1.,0.));
#8111=DIRECTION('',(0.,0.,1.));
#8112=DIRECTION('center_axis',(0.,0.,-1.));
#8113=DIRECTION('ref_axis',(-1.,0.,0.));
#8114=DIRECTION('center_axis',(0.,0.,1.));
#8115=DIRECTION('ref_axis',(-1.,0.,0.));
#8116=DIRECTION('',(0.,0.,-1.));
#8117=DIRECTION('center_axis',(0.,0.,-1.));
#8118=DIRECTION('ref_axis',(-1.,0.,0.));
#8119=DIRECTION('',(0.,0.,-1.));
#8120=DIRECTION('center_axis',(0.,-1.,0.));
#8121=DIRECTION('ref_axis',(-1.,0.,0.));
#8122=DIRECTION('',(1.,0.,0.));
#8123=DIRECTION('',(-1.,0.,0.));
#8124=DIRECTION('',(0.,0.,1.));
#8125=DIRECTION('center_axis',(0.,1.,0.));
#8126=DIRECTION('ref_axis',(1.,0.,0.));
#8127=DIRECTION('',(-1.,0.,0.));
#8128=DIRECTION('',(0.,0.,-1.));
#8129=DIRECTION('',(1.,0.,0.));
#8130=DIRECTION('center_axis',(0.,0.,1.));
#8131=DIRECTION('ref_axis',(-1.,0.,0.));
#8132=DIRECTION('',(0.,-1.,0.));
#8133=DIRECTION('',(1.,0.,0.));
#8134=DIRECTION('',(0.,1.,0.));
#8135=DIRECTION('',(1.,0.,0.));
#8136=DIRECTION('',(0.,-1.,0.));
#8137=DIRECTION('center_axis',(1.,0.,0.));
#8138=DIRECTION('ref_axis',(0.,0.,1.));
#8139=DIRECTION('',(0.,-1.,0.));
#8140=DIRECTION('',(0.,0.,-1.));
#8141=DIRECTION('center_axis',(1.,0.,0.));
#8142=DIRECTION('ref_axis',(0.,0.,1.));
#8143=DIRECTION('',(0.,0.,-1.));
#8144=DIRECTION('',(0.,-1.,0.));
#8145=DIRECTION('center_axis',(0.,0.,-1.));
#8146=DIRECTION('ref_axis',(1.,0.,0.));
#8147=DIRECTION('',(-1.,0.,0.));
#8148=DIRECTION('',(0.,-1.,0.));
#8149=DIRECTION('',(-1.,0.,0.));
#8150=DIRECTION('center_axis',(1.,0.,0.));
#8151=DIRECTION('ref_axis',(0.,1.,0.));
#8152=DIRECTION('',(0.,0.,1.));
#8153=DIRECTION('',(0.,1.,0.));
#8154=DIRECTION('',(0.,0.,1.));
#8155=DIRECTION('center_axis',(1.,0.,0.));
#8156=DIRECTION('ref_axis',(0.,1.,0.));
#8157=DIRECTION('',(0.,0.,1.));
#8158=DIRECTION('',(0.,0.,1.));
#8159=DIRECTION('center_axis',(0.,0.,-1.));
#8160=DIRECTION('ref_axis',(1.,0.,0.));
#8161=DIRECTION('',(0.,-1.,0.));
#8162=DIRECTION('',(1.,0.,0.));
#8163=DIRECTION('',(0.,1.,0.));
#8164=DIRECTION('',(-1.,0.,0.));
#8165=DIRECTION('center_axis',(-1.,0.,0.));
#8166=DIRECTION('ref_axis',(0.,0.,-1.));
#8167=DIRECTION('',(0.,0.,-1.));
#8168=DIRECTION('center_axis',(-1.,0.,0.));
#8169=DIRECTION('ref_axis',(0.,-1.,0.));
#8170=DIRECTION('',(0.,0.,1.));
#8171=DIRECTION('',(0.,-1.,0.));
#8172=DIRECTION('',(0.,0.,1.));
#8173=DIRECTION('center_axis',(0.,-1.,0.));
#8174=DIRECTION('ref_axis',(1.,0.,0.));
#8175=DIRECTION('',(1.,0.,0.));
#8176=DIRECTION('',(0.,0.,1.));
#8177=DIRECTION('center_axis',(-1.,0.,0.));
#8178=DIRECTION('ref_axis',(0.,-1.,0.));
#8179=DIRECTION('',(0.,0.,1.));
#8180=DIRECTION('center_axis',(0.,1.,0.));
#8181=DIRECTION('ref_axis',(-1.,0.,0.));
#8182=DIRECTION('',(-1.,0.,0.));
#8183=DIRECTION('center_axis',(0.,0.,1.));
#8184=DIRECTION('ref_axis',(1.,0.,0.));
#8185=DIRECTION('axis',(0.,0.,1.));
#8186=DIRECTION('refdir',(1.,0.,0.));
#8187=DIRECTION('center_axis',(0.,0.,-1.));
#8188=DIRECTION('ref_axis',(-1.,0.,0.));
#8189=DIRECTION('center_axis',(0.,0.,-1.));
#8190=DIRECTION('ref_axis',(-1.,0.,0.));
#8191=DIRECTION('',(0.,0.,-1.));
#8192=DIRECTION('center_axis',(0.,0.,1.));
#8193=DIRECTION('ref_axis',(-1.,0.,0.));
#8194=DIRECTION('center_axis',(0.,0.,-1.));
#8195=DIRECTION('ref_axis',(-1.,0.,0.));
#8196=DIRECTION('center_axis',(0.,0.,-1.));
#8197=DIRECTION('ref_axis',(-1.,0.,0.));
#8198=DIRECTION('',(0.,0.,-1.));
#8199=DIRECTION('center_axis',(0.,0.,1.));
#8200=DIRECTION('ref_axis',(-1.,0.,0.));
#8201=DIRECTION('center_axis',(0.,0.,-1.));
#8202=DIRECTION('ref_axis',(-1.,0.,0.));
#8203=DIRECTION('center_axis',(0.,0.,-1.));
#8204=DIRECTION('ref_axis',(-1.,0.,0.));
#8205=DIRECTION('',(0.,0.,-1.));
#8206=DIRECTION('center_axis',(0.,0.,1.));
#8207=DIRECTION('ref_axis',(-1.,0.,0.));
#8208=DIRECTION('center_axis',(0.,0.,1.));
#8209=DIRECTION('ref_axis',(1.,0.,0.));
#8210=DIRECTION('center_axis',(0.,0.,-1.));
#8211=DIRECTION('ref_axis',(1.,0.,0.));
#8212=DIRECTION('',(0.,0.,-1.));
#8213=DIRECTION('center_axis',(0.,0.,-1.));
#8214=DIRECTION('ref_axis',(1.,0.,0.));
#8215=DIRECTION('center_axis',(0.,0.,1.));
#8216=DIRECTION('ref_axis',(1.,0.,0.));
#8217=DIRECTION('center_axis',(0.,0.,1.));
#8218=DIRECTION('ref_axis',(1.,0.,0.));
#8219=DIRECTION('',(0.,0.,1.));
#8220=DIRECTION('center_axis',(0.,0.,1.));
#8221=DIRECTION('ref_axis',(1.,0.,0.));
#8222=DIRECTION('',(0.,0.,1.));
#8223=DIRECTION('center_axis',(0.,-1.,0.));
#8224=DIRECTION('ref_axis',(1.,0.,0.));
#8225=DIRECTION('',(-1.,0.,0.));
#8226=DIRECTION('',(1.,0.,0.));
#8227=DIRECTION('',(0.,0.,1.));
#8228=DIRECTION('center_axis',(0.,0.,1.));
#8229=DIRECTION('ref_axis',(1.,0.,0.));
#8230=DIRECTION('center_axis',(0.,0.,1.));
#8231=DIRECTION('ref_axis',(1.,0.,0.));
#8232=DIRECTION('center_axis',(0.,0.,1.));
#8233=DIRECTION('ref_axis',(1.,0.,0.));
#8234=DIRECTION('',(0.,0.,1.));
#8235=DIRECTION('center_axis',(0.,0.,1.));
#8236=DIRECTION('ref_axis',(-0.284707228370956,-0.958614517996326,0.));
#8237=DIRECTION('center_axis',(0.,0.,1.));
#8238=DIRECTION('ref_axis',(-0.284707228370956,-0.958614517996326,0.));
#8239=DIRECTION('center_axis',(0.,0.,1.));
#8240=DIRECTION('ref_axis',(-0.284707228370956,-0.958614517996326,0.));
#8241=DIRECTION('',(0.,0.,1.));
#8242=DIRECTION('center_axis',(-0.965925826289069,-0.25881904510252,0.));
#8243=DIRECTION('ref_axis',(0.25881904510252,-0.965925826289068,0.));
#8244=DIRECTION('',(0.25881904510252,-0.965925826289068,0.));
#8245=DIRECTION('',(0.25881904510252,-0.965925826289068,0.));
#8246=DIRECTION('',(0.,0.,1.));
#8247=DIRECTION('center_axis',(0.,0.,1.));
#8248=DIRECTION('ref_axis',(-0.25881904510252,0.965925826289069,0.));
#8249=DIRECTION('center_axis',(0.,0.,1.));
#8250=DIRECTION('ref_axis',(-0.25881904510252,0.965925826289069,0.));
#8251=DIRECTION('center_axis',(0.,0.,1.));
#8252=DIRECTION('ref_axis',(-0.25881904510252,0.965925826289069,0.));
#8253=DIRECTION('',(0.,0.,1.));
#8254=DIRECTION('center_axis',(0.,0.,1.));
#8255=DIRECTION('ref_axis',(1.,0.,0.));
#8256=DIRECTION('center_axis',(0.,0.,1.));
#8257=DIRECTION('ref_axis',(1.,0.,0.));
#8258=DIRECTION('center_axis',(0.,0.,1.));
#8259=DIRECTION('ref_axis',(1.,0.,0.));
#8260=DIRECTION('',(0.,0.,1.));
#8261=DIRECTION('center_axis',(0.,0.,1.));
#8262=DIRECTION('ref_axis',(-0.523113758983908,-0.852262867407542,0.));
#8263=DIRECTION('center_axis',(0.,0.,1.));
#8264=DIRECTION('ref_axis',(-0.523113758983908,-0.852262867407542,0.));
#8265=DIRECTION('center_axis',(0.,0.,1.));
#8266=DIRECTION('ref_axis',(-0.523113758983908,-0.852262867407542,0.));
#8267=DIRECTION('',(0.,0.,1.));
#8268=DIRECTION('center_axis',(-1.,0.,0.));
#8269=DIRECTION('ref_axis',(0.,-1.,0.));
#8270=DIRECTION('',(0.,-1.,0.));
#8271=DIRECTION('',(0.,-1.,0.));
#8272=DIRECTION('',(0.,0.,1.));
#8273=DIRECTION('center_axis',(0.,0.,1.));
#8274=DIRECTION('ref_axis',(8.98746116143817E-16,1.,0.));
#8275=DIRECTION('center_axis',(0.,0.,1.));
#8276=DIRECTION('ref_axis',(8.98746116143817E-16,1.,0.));
#8277=DIRECTION('center_axis',(0.,0.,1.));
#8278=DIRECTION('ref_axis',(8.98746116143817E-16,1.,0.));
#8279=DIRECTION('',(0.,0.,1.));
#8280=DIRECTION('center_axis',(0.,0.,1.));
#8281=DIRECTION('ref_axis',(1.,0.,0.));
#8282=DIRECTION('center_axis',(0.,0.,1.));
#8283=DIRECTION('ref_axis',(1.,0.,0.));
#8284=DIRECTION('center_axis',(0.,0.,1.));
#8285=DIRECTION('ref_axis',(1.,0.,0.));
#8286=DIRECTION('',(0.,0.,1.));
#8287=DIRECTION('center_axis',(0.,0.,1.));
#8288=DIRECTION('ref_axis',(-0.725870951408469,-0.687830910835915,0.));
#8289=DIRECTION('center_axis',(0.,0.,1.));
#8290=DIRECTION('ref_axis',(-0.725870951408469,-0.687830910835915,0.));
#8291=DIRECTION('center_axis',(0.,0.,1.));
#8292=DIRECTION('ref_axis',(-0.725870951408469,-0.687830910835915,0.));
#8293=DIRECTION('',(0.,0.,1.));
#8294=DIRECTION('center_axis',(-0.965925826289069,0.25881904510252,0.));
#8295=DIRECTION('ref_axis',(-0.25881904510252,-0.965925826289068,0.));
#8296=DIRECTION('',(-0.25881904510252,-0.965925826289068,0.));
#8297=DIRECTION('',(-0.25881904510252,-0.965925826289068,0.));
#8298=DIRECTION('',(0.,0.,1.));
#8299=DIRECTION('center_axis',(0.,0.,1.));
#8300=DIRECTION('ref_axis',(0.258819045102522,0.965925826289068,0.));
#8301=DIRECTION('center_axis',(0.,0.,1.));
#8302=DIRECTION('ref_axis',(0.258819045102522,0.965925826289068,0.));
#8303=DIRECTION('center_axis',(0.,0.,1.));
#8304=DIRECTION('ref_axis',(0.258819045102522,0.965925826289068,0.));
#8305=DIRECTION('',(0.,0.,1.));
#8306=DIRECTION('center_axis',(0.,0.,1.));
#8307=DIRECTION('ref_axis',(1.,0.,0.));
#8308=DIRECTION('center_axis',(0.,0.,1.));
#8309=DIRECTION('ref_axis',(1.,0.,0.));
#8310=DIRECTION('center_axis',(0.,0.,1.));
#8311=DIRECTION('ref_axis',(1.,0.,0.));
#8312=DIRECTION('',(0.,0.,1.));
#8313=DIRECTION('center_axis',(0.,0.,1.));
#8314=DIRECTION('ref_axis',(-0.879161238053006,-0.476524414385146,0.));
#8315=DIRECTION('center_axis',(0.,0.,1.));
#8316=DIRECTION('ref_axis',(-0.879161238053006,-0.476524414385146,0.));
#8317=DIRECTION('center_axis',(0.,0.,1.));
#8318=DIRECTION('ref_axis',(-0.879161238053006,-0.476524414385146,0.));
#8319=DIRECTION('',(0.,0.,1.));
#8320=DIRECTION('center_axis',(-0.866025403784438,0.500000000000001,0.));
#8321=DIRECTION('ref_axis',(-0.500000000000001,-0.866025403784438,0.));
#8322=DIRECTION('',(-0.500000000000001,-0.866025403784438,0.));
#8323=DIRECTION('',(-0.500000000000001,-0.866025403784438,0.));
#8324=DIRECTION('',(0.,0.,1.));
#8325=DIRECTION('center_axis',(0.,0.,1.));
#8326=DIRECTION('ref_axis',(0.500000000000001,0.866025403784438,0.));
#8327=DIRECTION('center_axis',(0.,0.,1.));
#8328=DIRECTION('ref_axis',(0.500000000000001,0.866025403784438,0.));
#8329=DIRECTION('center_axis',(0.,0.,1.));
#8330=DIRECTION('ref_axis',(0.500000000000001,0.866025403784438,0.));
#8331=DIRECTION('',(0.,0.,1.));
#8332=DIRECTION('center_axis',(0.,0.,1.));
#8333=DIRECTION('ref_axis',(1.,0.,0.));
#8334=DIRECTION('center_axis',(0.,0.,1.));
#8335=DIRECTION('ref_axis',(1.,0.,0.));
#8336=DIRECTION('center_axis',(0.,0.,1.));
#8337=DIRECTION('ref_axis',(1.,0.,0.));
#8338=DIRECTION('',(0.,0.,1.));
#8339=DIRECTION('center_axis',(0.,0.,1.));
#8340=DIRECTION('ref_axis',(-0.972538139206871,-0.232743566587858,0.));
#8341=DIRECTION('center_axis',(0.,0.,1.));
#8342=DIRECTION('ref_axis',(-0.972538139206871,-0.232743566587858,0.));
#8343=DIRECTION('center_axis',(0.,0.,1.));
#8344=DIRECTION('ref_axis',(-0.972538139206871,-0.232743566587858,0.));
#8345=DIRECTION('',(0.,0.,1.));
#8346=DIRECTION('center_axis',(-0.707106781186548,0.707106781186548,0.));
#8347=DIRECTION('ref_axis',(-0.707106781186548,-0.707106781186548,0.));
#8348=DIRECTION('',(-0.707106781186548,-0.707106781186548,0.));
#8349=DIRECTION('',(-0.707106781186548,-0.707106781186548,0.));
#8350=DIRECTION('',(0.,0.,1.));
#8351=DIRECTION('center_axis',(0.,0.,1.));
#8352=DIRECTION('ref_axis',(0.707106781186548,0.707106781186547,0.));
#8353=DIRECTION('center_axis',(0.,0.,1.));
#8354=DIRECTION('ref_axis',(0.707106781186548,0.707106781186547,0.));
#8355=DIRECTION('center_axis',(0.,0.,1.));
#8356=DIRECTION('ref_axis',(0.707106781186548,0.707106781186547,0.));
#8357=DIRECTION('',(0.,0.,1.));
#8358=DIRECTION('center_axis',(0.,0.,1.));
#8359=DIRECTION('ref_axis',(1.,0.,0.));
#8360=DIRECTION('center_axis',(0.,0.,1.));
#8361=DIRECTION('ref_axis',(1.,0.,0.));
#8362=DIRECTION('center_axis',(0.,0.,1.));
#8363=DIRECTION('ref_axis',(1.,0.,0.));
#8364=DIRECTION('',(0.,0.,1.));
#8365=DIRECTION('center_axis',(0.,0.,1.));
#8366=DIRECTION('ref_axis',(-0.999638173369054,0.0268983706454632,0.));
#8367=DIRECTION('center_axis',(0.,0.,1.));
#8368=DIRECTION('ref_axis',(-0.999638173369054,0.0268983706454632,0.));
#8369=DIRECTION('center_axis',(0.,0.,1.));
#8370=DIRECTION('ref_axis',(-0.999638173369054,0.0268983706454632,0.));
#8371=DIRECTION('',(0.,0.,1.));
#8372=DIRECTION('center_axis',(-0.500000000000001,0.866025403784438,0.));
#8373=DIRECTION('ref_axis',(-0.866025403784438,-0.500000000000001,0.));
#8374=DIRECTION('',(-0.866025403784438,-0.500000000000001,0.));
#8375=DIRECTION('',(-0.866025403784438,-0.500000000000001,0.));
#8376=DIRECTION('',(0.,0.,1.));
#8377=DIRECTION('center_axis',(0.,0.,1.));
#8378=DIRECTION('ref_axis',(0.866025403784439,0.499999999999999,0.));
#8379=DIRECTION('center_axis',(0.,0.,1.));
#8380=DIRECTION('ref_axis',(0.866025403784439,0.499999999999999,0.));
#8381=DIRECTION('center_axis',(0.,0.,1.));
#8382=DIRECTION('ref_axis',(0.866025403784439,0.499999999999999,0.));
#8383=DIRECTION('',(0.,0.,1.));
#8384=DIRECTION('center_axis',(0.,0.,1.));
#8385=DIRECTION('ref_axis',(1.,0.,0.));
#8386=DIRECTION('center_axis',(0.,0.,1.));
#8387=DIRECTION('ref_axis',(1.,0.,0.));
#8388=DIRECTION('center_axis',(0.,0.,1.));
#8389=DIRECTION('ref_axis',(1.,0.,0.));
#8390=DIRECTION('',(0.,0.,1.));
#8391=DIRECTION('center_axis',(0.,0.,1.));
#8392=DIRECTION('ref_axis',(-0.958614517996326,0.284707228370956,0.));
#8393=DIRECTION('center_axis',(0.,0.,1.));
#8394=DIRECTION('ref_axis',(-0.958614517996326,0.284707228370956,0.));
#8395=DIRECTION('center_axis',(0.,0.,1.));
#8396=DIRECTION('ref_axis',(-0.958614517996326,0.284707228370956,0.));
#8397=DIRECTION('',(0.,0.,1.));
#8398=DIRECTION('center_axis',(-0.25881904510252,0.965925826289069,0.));
#8399=DIRECTION('ref_axis',(-0.965925826289068,-0.25881904510252,0.));
#8400=DIRECTION('',(-0.965925826289068,-0.25881904510252,0.));
#8401=DIRECTION('',(-0.965925826289068,-0.25881904510252,0.));
#8402=DIRECTION('',(0.,0.,1.));
#8403=DIRECTION('center_axis',(0.,0.,1.));
#8404=DIRECTION('ref_axis',(0.965925826289069,0.25881904510252,0.));
#8405=DIRECTION('center_axis',(0.,0.,1.));
#8406=DIRECTION('ref_axis',(0.965925826289069,0.25881904510252,0.));
#8407=DIRECTION('center_axis',(0.,0.,1.));
#8408=DIRECTION('ref_axis',(0.965925826289069,0.25881904510252,0.));
#8409=DIRECTION('',(0.,0.,1.));
#8410=DIRECTION('center_axis',(0.,0.,1.));
#8411=DIRECTION('ref_axis',(1.,0.,0.));
#8412=DIRECTION('center_axis',(0.,0.,1.));
#8413=DIRECTION('ref_axis',(1.,0.,0.));
#8414=DIRECTION('center_axis',(0.,0.,1.));
#8415=DIRECTION('ref_axis',(1.,0.,0.));
#8416=DIRECTION('',(0.,0.,1.));
#8417=DIRECTION('center_axis',(0.,0.,1.));
#8418=DIRECTION('ref_axis',(-0.852262867407542,0.523113758983908,0.));
#8419=DIRECTION('center_axis',(0.,0.,1.));
#8420=DIRECTION('ref_axis',(-0.852262867407542,0.523113758983908,0.));
#8421=DIRECTION('center_axis',(0.,0.,1.));
#8422=DIRECTION('ref_axis',(-0.852262867407542,0.523113758983908,0.));
#8423=DIRECTION('',(0.,0.,1.));
#8424=DIRECTION('center_axis',(0.,1.,0.));
#8425=DIRECTION('ref_axis',(-1.,0.,0.));
#8426=DIRECTION('',(-1.,0.,0.));
#8427=DIRECTION('',(-1.,0.,0.));
#8428=DIRECTION('',(0.,0.,1.));
#8429=DIRECTION('center_axis',(0.,0.,1.));
#8430=DIRECTION('ref_axis',(1.,-8.98746116143817E-16,0.));
#8431=DIRECTION('center_axis',(0.,0.,1.));
#8432=DIRECTION('ref_axis',(1.,-8.98746116143817E-16,0.));
#8433=DIRECTION('center_axis',(0.,0.,1.));
#8434=DIRECTION('ref_axis',(1.,-8.98746116143817E-16,0.));
#8435=DIRECTION('',(0.,0.,1.));
#8436=DIRECTION('center_axis',(0.,0.,1.));
#8437=DIRECTION('ref_axis',(1.,0.,0.));
#8438=DIRECTION('center_axis',(0.,0.,1.));
#8439=DIRECTION('ref_axis',(1.,0.,0.));
#8440=DIRECTION('center_axis',(0.,0.,1.));
#8441=DIRECTION('ref_axis',(1.,0.,0.));
#8442=DIRECTION('',(0.,0.,1.));
#8443=DIRECTION('center_axis',(0.,0.,1.));
#8444=DIRECTION('ref_axis',(-0.687830910835915,0.725870951408469,0.));
#8445=DIRECTION('center_axis',(0.,0.,1.));
#8446=DIRECTION('ref_axis',(-0.687830910835915,0.725870951408469,0.));
#8447=DIRECTION('center_axis',(0.,0.,1.));
#8448=DIRECTION('ref_axis',(-0.687830910835915,0.725870951408469,0.));
#8449=DIRECTION('',(0.,0.,1.));
#8450=DIRECTION('center_axis',(0.25881904510252,0.965925826289069,0.));
#8451=DIRECTION('ref_axis',(-0.965925826289068,0.25881904510252,0.));
#8452=DIRECTION('',(-0.965925826289068,0.25881904510252,0.));
#8453=DIRECTION('',(-0.965925826289068,0.25881904510252,0.));
#8454=DIRECTION('',(0.,0.,1.));
#8455=DIRECTION('center_axis',(0.,0.,1.));
#8456=DIRECTION('ref_axis',(0.965925826289068,-0.258819045102522,0.));
#8457=DIRECTION('center_axis',(0.,0.,1.));
#8458=DIRECTION('ref_axis',(0.965925826289068,-0.258819045102522,0.));
#8459=DIRECTION('center_axis',(0.,0.,1.));
#8460=DIRECTION('ref_axis',(0.965925826289068,-0.258819045102522,0.));
#8461=DIRECTION('',(0.,0.,1.));
#8462=DIRECTION('center_axis',(0.,0.,1.));
#8463=DIRECTION('ref_axis',(1.,0.,0.));
#8464=DIRECTION('center_axis',(0.,0.,1.));
#8465=DIRECTION('ref_axis',(1.,0.,0.));
#8466=DIRECTION('center_axis',(0.,0.,1.));
#8467=DIRECTION('ref_axis',(1.,0.,0.));
#8468=DIRECTION('',(0.,0.,1.));
#8469=DIRECTION('center_axis',(0.,0.,1.));
#8470=DIRECTION('ref_axis',(-0.476524414385146,0.879161238053006,0.));
#8471=DIRECTION('center_axis',(0.,0.,1.));
#8472=DIRECTION('ref_axis',(-0.476524414385146,0.879161238053006,0.));
#8473=DIRECTION('center_axis',(0.,0.,1.));
#8474=DIRECTION('ref_axis',(-0.476524414385146,0.879161238053006,0.));
#8475=DIRECTION('',(0.,0.,1.));
#8476=DIRECTION('center_axis',(0.500000000000001,0.866025403784438,0.));
#8477=DIRECTION('ref_axis',(-0.866025403784438,0.500000000000001,0.));
#8478=DIRECTION('',(-0.866025403784438,0.500000000000001,0.));
#8479=DIRECTION('',(-0.866025403784438,0.500000000000001,0.));
#8480=DIRECTION('',(0.,0.,1.));
#8481=DIRECTION('center_axis',(0.,0.,1.));
#8482=DIRECTION('ref_axis',(0.866025403784438,-0.500000000000002,0.));
#8483=DIRECTION('center_axis',(0.,0.,1.));
#8484=DIRECTION('ref_axis',(0.866025403784438,-0.500000000000002,0.));
#8485=DIRECTION('center_axis',(0.,0.,1.));
#8486=DIRECTION('ref_axis',(0.866025403784438,-0.500000000000002,0.));
#8487=DIRECTION('',(0.,0.,1.));
#8488=DIRECTION('center_axis',(0.,0.,1.));
#8489=DIRECTION('ref_axis',(1.,0.,0.));
#8490=DIRECTION('center_axis',(0.,0.,1.));
#8491=DIRECTION('ref_axis',(1.,0.,0.));
#8492=DIRECTION('center_axis',(0.,0.,1.));
#8493=DIRECTION('ref_axis',(1.,0.,0.));
#8494=DIRECTION('',(0.,0.,1.));
#8495=DIRECTION('center_axis',(0.,0.,1.));
#8496=DIRECTION('ref_axis',(-0.232743566587857,0.972538139206871,0.));
#8497=DIRECTION('center_axis',(0.,0.,1.));
#8498=DIRECTION('ref_axis',(-0.232743566587857,0.972538139206871,0.));
#8499=DIRECTION('center_axis',(0.,0.,1.));
#8500=DIRECTION('ref_axis',(-0.232743566587857,0.972538139206871,0.));
#8501=DIRECTION('',(0.,0.,1.));
#8502=DIRECTION('center_axis',(0.707106781186551,0.707106781186544,0.));
#8503=DIRECTION('ref_axis',(-0.707106781186544,0.707106781186551,0.));
#8504=DIRECTION('',(-0.707106781186544,0.707106781186551,0.));
#8505=DIRECTION('',(-0.707106781186544,0.707106781186551,0.));
#8506=DIRECTION('',(0.,0.,1.));
#8507=DIRECTION('center_axis',(0.,0.,1.));
#8508=DIRECTION('ref_axis',(0.707106781186547,-0.707106781186548,0.));
#8509=DIRECTION('center_axis',(0.,0.,1.));
#8510=DIRECTION('ref_axis',(0.707106781186547,-0.707106781186548,0.));
#8511=DIRECTION('center_axis',(0.,0.,1.));
#8512=DIRECTION('ref_axis',(0.707106781186547,-0.707106781186548,0.));
#8513=DIRECTION('',(0.,0.,1.));
#8514=DIRECTION('center_axis',(0.,0.,1.));
#8515=DIRECTION('ref_axis',(1.,0.,0.));
#8516=DIRECTION('center_axis',(0.,0.,1.));
#8517=DIRECTION('ref_axis',(1.,0.,0.));
#8518=DIRECTION('center_axis',(0.,0.,1.));
#8519=DIRECTION('ref_axis',(1.,0.,0.));
#8520=DIRECTION('',(0.,0.,1.));
#8521=DIRECTION('center_axis',(0.,0.,1.));
#8522=DIRECTION('ref_axis',(0.0268983706454637,0.999638173369054,0.));
#8523=DIRECTION('center_axis',(0.,0.,1.));
#8524=DIRECTION('ref_axis',(0.0268983706454637,0.999638173369054,0.));
#8525=DIRECTION('center_axis',(0.,0.,1.));
#8526=DIRECTION('ref_axis',(0.0268983706454637,0.999638173369054,0.));
#8527=DIRECTION('',(0.,0.,1.));
#8528=DIRECTION('center_axis',(0.866025403784438,0.500000000000001,0.));
#8529=DIRECTION('ref_axis',(-0.500000000000001,0.866025403784438,0.));
#8530=DIRECTION('',(-0.500000000000001,0.866025403784438,0.));
#8531=DIRECTION('',(-0.500000000000001,0.866025403784438,0.));
#8532=DIRECTION('',(0.,0.,1.));
#8533=DIRECTION('center_axis',(0.,0.,1.));
#8534=DIRECTION('ref_axis',(0.499999999999998,-0.86602540378444,0.));
#8535=DIRECTION('center_axis',(0.,0.,1.));
#8536=DIRECTION('ref_axis',(0.499999999999998,-0.86602540378444,0.));
#8537=DIRECTION('center_axis',(0.,0.,1.));
#8538=DIRECTION('ref_axis',(0.499999999999998,-0.86602540378444,0.));
#8539=DIRECTION('',(0.,0.,1.));
#8540=DIRECTION('center_axis',(0.,0.,1.));
#8541=DIRECTION('ref_axis',(1.,0.,0.));
#8542=DIRECTION('center_axis',(0.,0.,1.));
#8543=DIRECTION('ref_axis',(1.,0.,0.));
#8544=DIRECTION('center_axis',(0.,0.,1.));
#8545=DIRECTION('ref_axis',(1.,0.,0.));
#8546=DIRECTION('',(0.,0.,1.));
#8547=DIRECTION('center_axis',(0.,1.,0.));
#8548=DIRECTION('ref_axis',(-1.,0.,0.));
#8549=DIRECTION('',(-1.,0.,0.));
#8550=DIRECTION('',(-1.,0.,0.));
#8551=DIRECTION('center_axis',(0.,0.,1.));
#8552=DIRECTION('ref_axis',(1.,0.,0.));
#8553=DIRECTION('center_axis',(0.,0.,1.));
#8554=DIRECTION('ref_axis',(1.,0.,0.));
#8555=DIRECTION('axis',(0.,0.,1.));
#8556=DIRECTION('refdir',(1.,0.,0.));
#8557=DIRECTION('center_axis',(0.,0.,1.));
#8558=DIRECTION('ref_axis',(-0.327326835353988,-0.944911182523068,0.));
#8559=DIRECTION('center_axis',(0.,0.,-1.));
#8560=DIRECTION('ref_axis',(-0.327326835353988,-0.944911182523068,0.));
#8561=DIRECTION('',(0.,0.,1.));
#8562=DIRECTION('center_axis',(0.,0.,1.));
#8563=DIRECTION('ref_axis',(-0.327326835353988,-0.944911182523068,0.));
#8564=DIRECTION('',(0.,0.,-1.));
#8565=DIRECTION('center_axis',(0.,0.,1.));
#8566=DIRECTION('ref_axis',(-1.,1.45473230946492E-15,0.));
#8567=DIRECTION('center_axis',(0.,0.,1.));
#8568=DIRECTION('ref_axis',(1.,0.,0.));
#8569=DIRECTION('',(0.,0.,-1.));
#8570=DIRECTION('center_axis',(0.,0.,1.));
#8571=DIRECTION('ref_axis',(1.,0.,0.));
#8572=DIRECTION('center_axis',(0.,0.,1.));
#8573=DIRECTION('ref_axis',(0.327326835353989,-0.944911182523068,0.));
#8574=DIRECTION('center_axis',(0.,0.,-1.));
#8575=DIRECTION('ref_axis',(0.327326835353989,-0.944911182523068,0.));
#8576=DIRECTION('',(0.,0.,1.));
#8577=DIRECTION('center_axis',(0.,0.,1.));
#8578=DIRECTION('ref_axis',(0.327326835353989,-0.944911182523068,0.));
#8579=DIRECTION('',(0.,0.,-1.));
#8580=DIRECTION('center_axis',(0.,1.,0.));
#8581=DIRECTION('ref_axis',(-1.,0.,0.));
#8582=DIRECTION('',(-1.,0.,0.));
#8583=DIRECTION('',(1.,0.,0.));
#8584=DIRECTION('center_axis',(0.,0.,1.));
#8585=DIRECTION('ref_axis',(0.327326835353989,0.944911182523068,0.));
#8586=DIRECTION('center_axis',(0.,0.,-1.));
#8587=DIRECTION('ref_axis',(0.327326835353989,0.944911182523068,0.));
#8588=DIRECTION('',(0.,0.,1.));
#8589=DIRECTION('center_axis',(0.,0.,1.));
#8590=DIRECTION('ref_axis',(0.327326835353989,0.944911182523068,0.));
#8591=DIRECTION('',(0.,0.,-1.));
#8592=DIRECTION('center_axis',(0.,0.,1.));
#8593=DIRECTION('ref_axis',(1.,0.,0.));
#8594=DIRECTION('center_axis',(0.,0.,1.));
#8595=DIRECTION('ref_axis',(1.,0.,0.));
#8596=DIRECTION('center_axis',(0.,0.,1.));
#8597=DIRECTION('ref_axis',(1.,0.,0.));
#8598=DIRECTION('center_axis',(0.,0.,1.));
#8599=DIRECTION('ref_axis',(-0.327326835353987,0.944911182523069,0.));
#8600=DIRECTION('center_axis',(0.,0.,-1.));
#8601=DIRECTION('ref_axis',(-0.327326835353987,0.944911182523069,0.));
#8602=DIRECTION('',(0.,0.,1.));
#8603=DIRECTION('center_axis',(0.,0.,1.));
#8604=DIRECTION('ref_axis',(-0.327326835353987,0.944911182523069,0.));
#8605=DIRECTION('center_axis',(5.60605400351677E-16,-1.,0.));
#8606=DIRECTION('ref_axis',(1.,5.60605400351677E-16,0.));
#8607=DIRECTION('',(1.,5.60605400351677E-16,0.));
#8608=DIRECTION('',(-1.,-5.60605400351677E-16,0.));
#8609=DIRECTION('center_axis',(0.,0.,1.));
#8610=DIRECTION('ref_axis',(1.,0.,0.));
#8611=DIRECTION('center_axis',(0.,0.,-1.));
#8612=DIRECTION('ref_axis',(1.,0.,0.));
#8613=DIRECTION('',(0.,0.,-1.));
#8614=DIRECTION('center_axis',(0.,0.,-1.));
#8615=DIRECTION('ref_axis',(1.,0.,0.));
#8616=DIRECTION('center_axis',(0.,0.,1.));
#8617=DIRECTION('ref_axis',(1.,0.,0.));
#8618=DIRECTION('center_axis',(0.,0.,-1.));
#8619=DIRECTION('ref_axis',(1.,0.,0.));
#8620=DIRECTION('',(0.,0.,-1.));
#8621=DIRECTION('center_axis',(0.,0.,-1.));
#8622=DIRECTION('ref_axis',(1.,0.,0.));
#8623=DIRECTION('center_axis',(0.,0.,1.));
#8624=DIRECTION('ref_axis',(1.,0.,0.));
#8625=DIRECTION('center_axis',(0.,0.,1.));
#8626=DIRECTION('ref_axis',(1.,0.,0.));
#8627=DIRECTION('axis',(0.,0.,1.));
#8628=DIRECTION('refdir',(1.,0.,0.));
#8629=DIRECTION('',(0.,0.,1.));
#8630=DIRECTION('',(0.,0.,-1.));
#8631=DIRECTION('center_axis',(-3.27825540775171E-8,0.999999999999999,0.));
#8632=DIRECTION('ref_axis',(0.999999999999999,3.27825540775171E-8,0.));
#8633=DIRECTION('',(-0.999999999999999,-3.27825540775171E-8,0.));
#8634=DIRECTION('',(0.,0.,-1.));
#8635=DIRECTION('',(0.999999999999999,3.27825540775171E-8,0.));
#8636=DIRECTION('',(0.,0.,1.));
#8637=DIRECTION('',(0.,0.,-1.));
#8638=DIRECTION('center_axis',(-0.320303313863006,0.947315041117989,0.));
#8639=DIRECTION('ref_axis',(0.947315041117989,0.320303313863006,0.));
#8640=DIRECTION('',(-0.947315041117989,-0.320303313863006,0.));
#8641=DIRECTION('',(0.,0.,-1.));
#8642=DIRECTION('',(0.947315041117989,0.320303313863006,0.));
#8643=DIRECTION('center_axis',(-0.7905725384305,-0.612368403397461,0.));
#8644=DIRECTION('ref_axis',(-0.612368403397461,0.7905725384305,0.));
#8645=DIRECTION('',(0.612368403397461,-0.7905725384305,0.));
#8646=DIRECTION('',(0.612368403397461,-0.7905725384305,0.));
#8647=DIRECTION('center_axis',(0.,0.,1.));
#8648=DIRECTION('ref_axis',(1.,0.,0.));
#8649=DIRECTION('center_axis',(0.,0.,-1.));
#8650=DIRECTION('ref_axis',(1.,0.,0.));
#8651=DIRECTION('',(0.,0.,-1.));
#8652=DIRECTION('center_axis',(0.,0.,-1.));
#8653=DIRECTION('ref_axis',(1.,0.,0.));
#8654=DIRECTION('center_axis',(0.,0.,1.));
#8655=DIRECTION('ref_axis',(1.,0.,0.));
#8656=DIRECTION('center_axis',(0.,0.,-1.));
#8657=DIRECTION('ref_axis',(1.,0.,0.));
#8658=DIRECTION('',(0.,0.,-1.));
#8659=DIRECTION('center_axis',(0.,0.,-1.));
#8660=DIRECTION('ref_axis',(1.,0.,0.));
#8661=DIRECTION('center_axis',(0.,1.,0.));
#8662=DIRECTION('ref_axis',(-1.,0.,0.));
#8663=DIRECTION('',(1.,0.,0.));
#8664=DIRECTION('',(-1.,0.,0.));
#8665=DIRECTION('',(0.,0.,1.));
#8666=DIRECTION('center_axis',(0.,0.,1.));
#8667=DIRECTION('ref_axis',(1.,0.,0.));
#8668=DIRECTION('center_axis',(0.,0.,1.));
#8669=DIRECTION('ref_axis',(1.,0.,0.));
#8670=DIRECTION('center_axis',(0.,0.,1.));
#8671=DIRECTION('ref_axis',(1.,0.,0.));
#8672=DIRECTION('',(0.,0.,1.));
#8673=DIRECTION('center_axis',(0.,-1.,0.));
#8674=DIRECTION('ref_axis',(1.,0.,0.));
#8675=DIRECTION('',(-1.,0.,0.));
#8676=DIRECTION('',(1.,0.,0.));
#8677=DIRECTION('center_axis',(0.,0.,1.));
#8678=DIRECTION('ref_axis',(1.,0.,0.));
#8679=DIRECTION('center_axis',(0.,0.,1.));
#8680=DIRECTION('ref_axis',(1.,0.,0.));
#8681=DIRECTION('',(-1.93154142344836E-19,0.,1.));
#8682=DIRECTION('',(1.,4.46627323807101E-18,-7.87748444737227E-20));
#8683=DIRECTION('',(-1.71544469967545E-16,1.11022302462516E-16,-0.999999999999951));
#8684=DIRECTION('',(-1.00000000000001,-4.58795851019668E-16,-1.4290709286401E-15));
#8685=DIRECTION('',(-1.52462511719279E-16,3.88578058618805E-16,-0.9999999999999));
#8686=DIRECTION('',(0.188353328278107,-0.9821013306816,3.89688281643461E-14));
#8687=DIRECTION('',(1.21237489151697E-16,0.,0.9999999999999));
#8688=DIRECTION('',(-0.315644115511875,-0.948877648773933,3.74145159298707E-14));
#8689=DIRECTION('',(5.22348584459838E-17,0.,-0.9999999999999));
#8690=DIRECTION('',(-0.999862112284044,-0.0166059151786336,-8.12717948495199E-16));
#8691=DIRECTION('',(-1.1950276567572E-16,-5.55111512312578E-17,-0.9999999999999));
#8692=DIRECTION('',(0.248574077047369,0.968612888733197,-3.83026943495709E-14));
#8693=DIRECTION('',(1.71544469954974E-16,-3.88578058618805E-16,0.999999999999899));
#8694=DIRECTION('',(-0.87350720844135,-0.486811212690334,1.81521464526228E-14));
#8695=DIRECTION('',(-5.35832735886014E-17,5.55111512312578E-17,-0.9999999999999));
#8696=DIRECTION('',(-0.318343553811146,0.947975411994899,-3.81916720471084E-14));
#8697=DIRECTION('axis',(0.,0.,1.));
#8698=DIRECTION('refdir',(1.,0.,0.));
#8699=DIRECTION('center_axis',(0.,0.,-1.));
#8700=DIRECTION('ref_axis',(-1.,0.,0.));
#8701=DIRECTION('center_axis',(0.,0.,-1.));
#8702=DIRECTION('ref_axis',(-1.,0.,0.));
#8703=DIRECTION('',(0.,0.,-1.));
#8704=DIRECTION('center_axis',(0.,0.,1.));
#8705=DIRECTION('ref_axis',(-1.,0.,0.));
#8706=DIRECTION('center_axis',(0.,0.,-1.));
#8707=DIRECTION('ref_axis',(-1.,0.,0.));
#8708=DIRECTION('center_axis',(0.,0.,-1.));
#8709=DIRECTION('ref_axis',(-1.,0.,0.));
#8710=DIRECTION('',(0.,0.,-1.));
#8711=DIRECTION('center_axis',(0.,0.,1.));
#8712=DIRECTION('ref_axis',(-1.,0.,0.));
#8713=DIRECTION('center_axis',(0.,0.,1.));
#8714=DIRECTION('ref_axis',(-1.,0.,0.));
#8715=DIRECTION('center_axis',(0.,0.,1.));
#8716=DIRECTION('ref_axis',(-1.,0.,0.));
#8717=DIRECTION('',(0.,0.,-1.));
#8718=DIRECTION('center_axis',(0.,0.,-1.));
#8719=DIRECTION('ref_axis',(-1.,0.,0.));
#8720=DIRECTION('center_axis',(0.,0.,1.));
#8721=DIRECTION('ref_axis',(-1.,0.,0.));
#8722=DIRECTION('center_axis',(0.,0.,1.));
#8723=DIRECTION('ref_axis',(1.,-1.22464679914735E-16,0.));
#8724=DIRECTION('center_axis',(0.,0.,-1.));
#8725=DIRECTION('ref_axis',(-1.,0.,0.));
#8726=DIRECTION('center_axis',(0.,0.,-1.));
#8727=DIRECTION('ref_axis',(-1.,0.,0.));
#8728=DIRECTION('',(0.,0.,1.));
#8729=DIRECTION('center_axis',(0.,0.,1.));
#8730=DIRECTION('ref_axis',(-1.,0.,0.));
#8731=DIRECTION('',(0.,0.,1.));
#8732=DIRECTION('center_axis',(0.,0.,1.));
#8733=DIRECTION('ref_axis',(-1.,0.,0.));
#8734=DIRECTION('center_axis',(0.,0.,-1.));
#8735=DIRECTION('ref_axis',(-1.,0.,0.));
#8736=DIRECTION('center_axis',(0.,0.,1.));
#8737=DIRECTION('ref_axis',(-1.,0.,0.));
#8738=DIRECTION('center_axis',(0.,0.,1.));
#8739=DIRECTION('ref_axis',(-1.,0.,0.));
#8740=DIRECTION('center_axis',(0.,0.,1.));
#8741=DIRECTION('ref_axis',(1.,0.,0.));
#8742=DIRECTION('',(-1.77635683940025E-16,1.,0.));
#8743=DIRECTION('',(-1.77635683940025E-16,1.,0.));
#8744=DIRECTION('',(-1.,0.,0.));
#8745=DIRECTION('',(0.,-1.,0.));
#8746=DIRECTION('',(1.,-4.62592926927149E-17,0.));
#8747=DIRECTION('center_axis',(0.,0.,1.));
#8748=DIRECTION('ref_axis',(1.,0.,0.));
#8749=DIRECTION('',(-1.,0.,0.));
#8750=DIRECTION('',(0.,1.,0.));
#8751=DIRECTION('',(-1.,0.,0.));
#8752=DIRECTION('',(0.,-1.,0.));
#8753=DIRECTION('center_axis',(-1.,0.,0.));
#8754=DIRECTION('ref_axis',(0.,0.,1.));
#8755=DIRECTION('',(0.,0.,-1.));
#8756=DIRECTION('',(0.,1.,0.));
#8757=DIRECTION('',(0.,0.,-1.));
#8758=DIRECTION('center_axis',(0.,0.,-1.));
#8759=DIRECTION('ref_axis',(-1.,0.,0.));
#8760=DIRECTION('',(1.,0.,0.));
#8761=DIRECTION('',(0.,1.,0.));
#8762=DIRECTION('',(1.,0.,0.));
#8763=DIRECTION('center_axis',(-1.,0.,0.));
#8764=DIRECTION('ref_axis',(0.,-1.,0.));
#8765=DIRECTION('',(0.,0.,1.));
#8766=DIRECTION('',(0.,-1.,0.));
#8767=DIRECTION('',(0.,0.,1.));
#8768=DIRECTION('center_axis',(0.,0.,-1.));
#8769=DIRECTION('ref_axis',(-1.,0.,0.));
#8770=DIRECTION('',(1.,0.,0.));
#8771=DIRECTION('',(0.,1.,0.));
#8772=DIRECTION('',(-1.,0.,0.));
#8773=DIRECTION('',(1.77635683940025E-16,-1.,0.));
#8774=DIRECTION('center_axis',(1.,0.,0.));
#8775=DIRECTION('ref_axis',(0.,0.,-1.));
#8776=DIRECTION('',(0.,0.,1.));
#8777=DIRECTION('',(0.,1.,0.));
#8778=DIRECTION('',(0.,0.,-1.));
#8779=DIRECTION('center_axis',(0.,0.,1.));
#8780=DIRECTION('ref_axis',(1.,0.,0.));
#8781=DIRECTION('',(-1.,0.,0.));
#8782=DIRECTION('',(-1.77635683940025E-16,1.,0.));
#8783=DIRECTION('',(1.,0.,0.));
#8784=DIRECTION('center_axis',(1.,1.77635683940025E-16,0.));
#8785=DIRECTION('ref_axis',(-1.77635683940025E-16,1.,0.));
#8786=DIRECTION('',(0.,0.,1.));
#8787=DIRECTION('',(0.,0.,1.));
#8788=DIRECTION('center_axis',(1.,1.77635683940025E-16,0.));
#8789=DIRECTION('ref_axis',(-1.77635683940025E-16,1.,0.));
#8790=DIRECTION('',(0.,0.,1.));
#8791=DIRECTION('',(-1.77635683940025E-16,1.,0.));
#8792=DIRECTION('',(0.,0.,1.));
#8793=DIRECTION('center_axis',(-4.62592926927149E-17,-1.,0.));
#8794=DIRECTION('ref_axis',(1.,-4.62592926927149E-17,0.));
#8795=DIRECTION('',(1.,-4.62592926927149E-17,0.));
#8796=DIRECTION('',(0.,0.,1.));
#8797=DIRECTION('center_axis',(-1.,0.,0.));
#8798=DIRECTION('ref_axis',(0.,-1.,0.));
#8799=DIRECTION('',(0.,0.,1.));
#8800=DIRECTION('center_axis',(0.,1.,0.));
#8801=DIRECTION('ref_axis',(-1.,0.,0.));
#8802=DIRECTION('',(-1.,0.,0.));
#8803=DIRECTION('center_axis',(0.,0.,1.));
#8804=DIRECTION('ref_axis',(1.,0.,0.));
#8805=DIRECTION('',(0.,0.,1.));
#8806=DIRECTION('',(1.,0.,0.));
#8807=DIRECTION('',(6.1232339957376E-17,-6.1232339957376E-17,1.00000000000014));
#8808=DIRECTION('',(-0.0328117977875326,0.999461547997675,6.32085124380504E-17));
#8809=DIRECTION('',(0.999461547997767,0.0328117977875334,-5.91902261245739E-17));
#8810=DIRECTION('',(8.75914564445157E-17,2.33938953271147E-15,1.00000000000005));
#8811=DIRECTION('',(0.999461547997696,0.0328117977875312,-1.21430643318376E-16));
#8812=DIRECTION('',(-0.0109900299163735,0.334761063197027,0.942238955790745));
#8813=DIRECTION('',(-0.00904232670009874,0.275433181176365,-0.961277690906805));
#8814=DIRECTION('',(0.999461547998133,0.0328117977737774,-2.46569883899221E-13));
#8815=DIRECTION('',(0.999461547997774,0.0328117977875336,-1.97672296834381E-16));
#8816=DIRECTION('',(0.0315412492117009,-0.960760089009232,-0.275581568623696));
#8817=CARTESIAN_POINT('',(0.,0.,0.));
#8818=CARTESIAN_POINT('',(0.,0.,0.));
#8819=CARTESIAN_POINT('Origin',(35.,0.,45.));
#8820=CARTESIAN_POINT('',(40.,35.7071421427142,45.));
#8821=CARTESIAN_POINT('',(35.,35.7071421427142,40.));
#8822=CARTESIAN_POINT('Origin',(35.,35.7071421427142,45.));
#8823=CARTESIAN_POINT('',(35.,65.,40.));
#8824=CARTESIAN_POINT('',(35.,0.,40.));
#8825=CARTESIAN_POINT('',(40.,65.,45.));
#8826=CARTESIAN_POINT('Origin',(35.,65.,45.));
#8827=CARTESIAN_POINT('',(40.,0.,45.));
#8828=CARTESIAN_POINT('Origin',(35.,65.,45.));
#8829=CARTESIAN_POINT('',(35.,70.,45.));
#8830=CARTESIAN_POINT('Origin',(35.,65.,45.));
#8831=CARTESIAN_POINT('Origin',(35.,65.,45.));
#8832=CARTESIAN_POINT('Origin',(35.,0.,45.));
#8833=CARTESIAN_POINT('',(38.7298334620742,31.6227766016838,41.6700837330059));
#8834=CARTESIAN_POINT('Ctrl Pts',(35.,35.7071421427142,40.));
#8835=CARTESIAN_POINT('Ctrl Pts',(35.682827804859,35.037837019539,40.));
#8836=CARTESIAN_POINT('Ctrl Pts',(36.3992445825609,34.2937369275279,40.1455170271721));
#8837=CARTESIAN_POINT('Ctrl Pts',(37.683944671446,32.8753311701639,40.7260111583258));
#8838=CARTESIAN_POINT('Ctrl Pts',(38.2591191717709,32.1992815146234,41.1428374690527));
#8839=CARTESIAN_POINT('Ctrl Pts',(38.7298334620743,31.6227766016836,41.6700837330061));
#8840=CARTESIAN_POINT('',(40.,31.6227766016838,45.));
#8841=CARTESIAN_POINT('',(40.,0.,45.));
#8842=CARTESIAN_POINT('Origin',(35.,31.6227766016838,45.));
#8843=CARTESIAN_POINT('Origin',(45.,31.6227766016838,45.));
#8844=CARTESIAN_POINT('',(40.9090909090909,28.7479787288034,45.));
#8845=CARTESIAN_POINT('Ctrl Pts',(38.7298334620641,31.6227766016962,41.6700837329946));
#8846=CARTESIAN_POINT('Ctrl Pts',(38.744172813295,31.605214554817,41.6861452155537));
#8847=CARTESIAN_POINT('Ctrl Pts',(38.7583930098878,31.5877740593561,41.7021994137622));
#8848=CARTESIAN_POINT('Ctrl Pts',(39.6682475885177,30.4703581256144,42.7372194028933));
#8849=CARTESIAN_POINT('Ctrl Pts',(40.3883241025206,29.4888263420506,44.050233843251));
#8850=CARTESIAN_POINT('Ctrl Pts',(40.9064457134053,28.7517426321822,44.9951750200249));
#8851=CARTESIAN_POINT('Ctrl Pts',(40.9077683762431,28.7498607260392,44.997587510124));
#8852=CARTESIAN_POINT('Ctrl Pts',(40.9090909090909,28.7479787288034,45.));
#8853=CARTESIAN_POINT('Origin',(45.,31.6227766016838,45.));
#8854=CARTESIAN_POINT('Origin',(45.,31.6227766016838,10.));
#8855=CARTESIAN_POINT('',(40.,31.6227766016838,75.));
#8856=CARTESIAN_POINT('',(40.,31.6227766016838,10.));
#8857=CARTESIAN_POINT('',(40.9090909090909,28.7479787288034,75.));
#8858=CARTESIAN_POINT('Origin',(45.,31.6227766016838,75.));
#8859=CARTESIAN_POINT('',(40.9090909090909,28.7479787288034,10.));
#8860=CARTESIAN_POINT('Origin',(40.,0.,80.));
#8861=CARTESIAN_POINT('',(40.,65.,75.));
#8862=CARTESIAN_POINT('',(40.,65.,70.));
#8863=CARTESIAN_POINT('',(40.,35.7071421427142,75.));
#8864=CARTESIAN_POINT('',(40.,0.,75.));
#8865=CARTESIAN_POINT('',(40.,0.,75.));
#8866=CARTESIAN_POINT('Origin',(35.,65.,75.));
#8867=CARTESIAN_POINT('',(35.,65.,80.));
#8868=CARTESIAN_POINT('Origin',(35.,65.,75.));
#8869=CARTESIAN_POINT('',(35.,70.,75.));
#8870=CARTESIAN_POINT('Origin',(35.,65.,75.));
#8871=CARTESIAN_POINT('Origin',(35.,65.,75.));
#8872=CARTESIAN_POINT('Origin',(35.,0.,75.));
#8873=CARTESIAN_POINT('',(35.,35.7071421427142,80.));
#8874=CARTESIAN_POINT('Origin',(35.,35.7071421427142,75.));
#8875=CARTESIAN_POINT('',(35.,0.,80.));
#8876=CARTESIAN_POINT('Origin',(35.,0.,75.));
#8877=CARTESIAN_POINT('',(38.7298334620742,31.6227766016838,78.3299162669941));
#8878=CARTESIAN_POINT('Ctrl Pts',(38.7298334620743,31.6227766016836,78.3299162669939));
#8879=CARTESIAN_POINT('Ctrl Pts',(38.2591191717709,32.1992815146234,78.8571625309473));
#8880=CARTESIAN_POINT('Ctrl Pts',(37.683944671446,32.8753311701639,79.2739888416742));
#8881=CARTESIAN_POINT('Ctrl Pts',(36.3992445825609,34.2937369275279,79.8544829728279));
#8882=CARTESIAN_POINT('Ctrl Pts',(35.682827804859,35.037837019539,80.));
#8883=CARTESIAN_POINT('Ctrl Pts',(35.,35.7071421427142,80.));
#8884=CARTESIAN_POINT('Origin',(35.,31.6227766016838,75.));
#8885=CARTESIAN_POINT('Origin',(45.,31.6227766016838,75.));
#8886=CARTESIAN_POINT('Ctrl Pts',(40.9090909090909,28.7479787288034,75.));
#8887=CARTESIAN_POINT('Ctrl Pts',(40.907768376237,28.7498607260478,75.0024124898871));
#8888=CARTESIAN_POINT('Ctrl Pts',(40.9064457134119,28.7517426321727,75.004824979963));
#8889=CARTESIAN_POINT('Ctrl Pts',(40.3883241065067,29.48882633638,75.9497661494791));
#8890=CARTESIAN_POINT('Ctrl Pts',(39.6682475908997,30.470358122689,77.262780594397));
#8891=CARTESIAN_POINT('Ctrl Pts',(38.7583930098911,31.5877740593521,78.297800586234));
#8892=CARTESIAN_POINT('Ctrl Pts',(38.7441728133017,31.6052145548088,78.3138547844388));
#8893=CARTESIAN_POINT('Ctrl Pts',(38.7298334620742,31.6227766016838,78.3299162669941));
#8894=CARTESIAN_POINT('Origin',(-40.,0.,80.));
#8895=CARTESIAN_POINT('',(-35.,65.,80.));
#8896=CARTESIAN_POINT('',(-20.,65.,80.));
#8897=CARTESIAN_POINT('',(-35.,35.7071421427142,80.));
#8898=CARTESIAN_POINT('',(-35.,0.,80.));
#8899=CARTESIAN_POINT('Origin',(0.,0.,80.));
#8900=CARTESIAN_POINT('Origin',(-20.,65.,75.));
#8901=CARTESIAN_POINT('',(-35.,70.,75.));
#8902=CARTESIAN_POINT('',(-20.,70.,75.));
#8903=CARTESIAN_POINT('Origin',(-35.,65.,75.));
#8904=CARTESIAN_POINT('Origin',(35.,65.,70.));
#8905=CARTESIAN_POINT('',(35.,70.,70.));
#8906=CARTESIAN_POINT('Origin',(-35.,65.,45.));
#8907=CARTESIAN_POINT('',(-35.,65.,40.));
#8908=CARTESIAN_POINT('',(-40.,65.,45.));
#8909=CARTESIAN_POINT('Origin',(-35.,65.,45.));
#8910=CARTESIAN_POINT('',(-35.,70.,45.));
#8911=CARTESIAN_POINT('Origin',(-35.,65.,45.));
#8912=CARTESIAN_POINT('Origin',(-35.,65.,45.));
#8913=CARTESIAN_POINT('Origin',(-35.,0.,45.));
#8914=CARTESIAN_POINT('',(-35.,35.7071421427142,40.));
#8915=CARTESIAN_POINT('',(-40.,35.7071421427142,45.));
#8916=CARTESIAN_POINT('Origin',(-35.,35.7071421427142,45.));
#8917=CARTESIAN_POINT('',(-40.,0.,45.));
#8918=CARTESIAN_POINT('',(-35.,0.,40.));
#8919=CARTESIAN_POINT('Origin',(-35.,0.,45.));
#8920=CARTESIAN_POINT('',(-38.7298334620742,31.6227766016838,41.6700837330059));
#8921=CARTESIAN_POINT('Ctrl Pts',(-38.7298334620743,31.6227766016836,41.6700837330061));
#8922=CARTESIAN_POINT('Ctrl Pts',(-38.2591191717709,32.1992815146234,41.1428374690527));
#8923=CARTESIAN_POINT('Ctrl Pts',(-37.683944671446,32.8753311701638,40.7260111583258));
#8924=CARTESIAN_POINT('Ctrl Pts',(-36.3992445825609,34.2937369275279,40.1455170271721));
#8925=CARTESIAN_POINT('Ctrl Pts',(-35.682827804859,35.037837019539,40.));
#8926=CARTESIAN_POINT('Ctrl Pts',(-35.,35.7071421427142,40.));
#8927=CARTESIAN_POINT('',(-40.,31.6227766016838,45.));
#8928=CARTESIAN_POINT('Origin',(-35.,31.6227766016838,45.));
#8929=CARTESIAN_POINT('',(-40.,0.,45.));
#8930=CARTESIAN_POINT('Origin',(-45.,31.6227766016838,45.));
#8931=CARTESIAN_POINT('',(-40.9090909090909,28.7479787288034,45.));
#8932=CARTESIAN_POINT('Ctrl Pts',(-40.9090909090909,28.7479787288034,45.));
#8933=CARTESIAN_POINT('Ctrl Pts',(-40.9077683763842,28.7498607258383,44.9975875103815));
#8934=CARTESIAN_POINT('Ctrl Pts',(-40.9064457132634,28.751742632384,44.9951750197705));
#8935=CARTESIAN_POINT('Ctrl Pts',(-40.3883292376208,29.4888190368183,44.0502432081376));
#8936=CARTESIAN_POINT('Ctrl Pts',(-39.6682506566273,30.4703543575895,42.7372228930717));
#8937=CARTESIAN_POINT('Ctrl Pts',(-38.7583930098912,31.5877740593521,41.702199413766));
#8938=CARTESIAN_POINT('Ctrl Pts',(-38.7441728133017,31.6052145548088,41.6861452155612));
#8939=CARTESIAN_POINT('Ctrl Pts',(-38.7298334620742,31.6227766016838,41.6700837330059));
#8940=CARTESIAN_POINT('Origin',(-45.,31.6227766016838,45.));
#8941=CARTESIAN_POINT('Origin',(40.,0.,40.));
#8942=CARTESIAN_POINT('Origin',(0.,0.,40.));
#8943=CARTESIAN_POINT('',(20.,65.,40.));
#8944=CARTESIAN_POINT('Origin',(20.,65.,45.));
#8945=CARTESIAN_POINT('',(20.,70.,45.));
#8946=CARTESIAN_POINT('Origin',(-35.,0.,75.));
#8947=CARTESIAN_POINT('',(-40.,35.7071421427142,75.));
#8948=CARTESIAN_POINT('Origin',(-35.,35.7071421427142,75.));
#8949=CARTESIAN_POINT('',(-40.,65.,75.));
#8950=CARTESIAN_POINT('Origin',(-35.,65.,75.));
#8951=CARTESIAN_POINT('',(-40.,0.,75.));
#8952=CARTESIAN_POINT('Origin',(-35.,65.,75.));
#8953=CARTESIAN_POINT('Origin',(-35.,65.,75.));
#8954=CARTESIAN_POINT('Origin',(-35.,0.,75.));
#8955=CARTESIAN_POINT('',(-38.7298334620742,31.6227766016838,78.3299162669941));
#8956=CARTESIAN_POINT('Ctrl Pts',(-35.,35.7071421427142,80.));
#8957=CARTESIAN_POINT('Ctrl Pts',(-35.682827804859,35.037837019539,80.));
#8958=CARTESIAN_POINT('Ctrl Pts',(-36.3992445825609,34.2937369275279,79.8544829728279));
#8959=CARTESIAN_POINT('Ctrl Pts',(-37.683944671446,32.8753311701638,79.2739888416742));
#8960=CARTESIAN_POINT('Ctrl Pts',(-38.2591191717709,32.1992815146234,78.8571625309473));
#8961=CARTESIAN_POINT('Ctrl Pts',(-38.7298334620743,31.6227766016836,78.3299162669939));
#8962=CARTESIAN_POINT('',(-40.,31.6227766016838,75.));
#8963=CARTESIAN_POINT('',(-40.,0.,75.));
#8964=CARTESIAN_POINT('Origin',(-35.,31.6227766016838,75.));
#8965=CARTESIAN_POINT('Origin',(-45.,31.6227766016838,75.));
#8966=CARTESIAN_POINT('',(-40.9090909090909,28.7479787288034,75.));
#8967=CARTESIAN_POINT('Ctrl Pts',(-38.7298334620641,31.6227766016962,78.3299162670054));
#8968=CARTESIAN_POINT('Ctrl Pts',(-38.744172813295,31.605214554817,78.3138547844464));
#8969=CARTESIAN_POINT('Ctrl Pts',(-38.7583930098878,31.5877740593561,78.2978005862378));
#8970=CARTESIAN_POINT('Ctrl Pts',(-39.6682459227578,30.4703601713772,77.2627824920192));
#8971=CARTESIAN_POINT('Ctrl Pts',(-40.388321314543,29.4888303082486,75.9497712411864));
#8972=CARTESIAN_POINT('Ctrl Pts',(-40.9064457134906,28.7517426320608,75.0048249798218));
#8973=CARTESIAN_POINT('Ctrl Pts',(-40.9077683761585,28.7498607261596,75.0024124900303));
#8974=CARTESIAN_POINT('Ctrl Pts',(-40.9090909090909,28.7479787288034,75.));
#8975=CARTESIAN_POINT('Origin',(-45.,31.6227766016838,75.));
#8976=CARTESIAN_POINT('Origin',(-45.,31.6227766016838,10.));
#8977=CARTESIAN_POINT('',(-40.9090909090909,28.7479787288034,10.));
#8978=CARTESIAN_POINT('',(-40.,31.6227766016838,10.));
#8979=CARTESIAN_POINT('Origin',(-40.,0.,40.));
#8980=CARTESIAN_POINT('',(-40.,65.,50.));
#8981=CARTESIAN_POINT('Origin',(-35.,-69.,1.));
#8982=CARTESIAN_POINT('',(-67.,-70.,1.));
#8983=CARTESIAN_POINT('',(-67.,-69.,0.));
#8984=CARTESIAN_POINT('Origin',(-67.,-69.,1.));
#8985=CARTESIAN_POINT('',(67.,-69.,0.));
#8986=CARTESIAN_POINT('',(-35.,-69.,0.));
#8987=CARTESIAN_POINT('',(67.,-70.,1.));
#8988=CARTESIAN_POINT('Origin',(67.,-69.,1.));
#8989=CARTESIAN_POINT('',(-35.,-70.,1.));
#8990=CARTESIAN_POINT('Origin',(67.,-67.,1.));
#8991=CARTESIAN_POINT('',(69.,-67.,0.));
#8992=CARTESIAN_POINT('',(70.,-67.,1.));
#8993=CARTESIAN_POINT('Origin',(69.,-67.,1.));
#8994=CARTESIAN_POINT('Origin',(67.,-67.,1.));
#8995=CARTESIAN_POINT('Origin',(67.,-67.,0.));
#8996=CARTESIAN_POINT('Origin',(69.,-35.,1.));
#8997=CARTESIAN_POINT('',(69.,67.,0.));
#8998=CARTESIAN_POINT('',(70.,67.,1.));
#8999=CARTESIAN_POINT('Origin',(69.,67.,1.));
#9000=CARTESIAN_POINT('',(70.,-35.,1.));
#9001=CARTESIAN_POINT('',(69.,-35.,0.));
#9002=CARTESIAN_POINT('Origin',(67.,67.,1.));
#9003=CARTESIAN_POINT('',(67.,69.,0.));
#9004=CARTESIAN_POINT('',(67.,70.,1.));
#9005=CARTESIAN_POINT('Origin',(67.,69.,1.));
#9006=CARTESIAN_POINT('Origin',(67.,67.,1.));
#9007=CARTESIAN_POINT('Origin',(67.,67.,0.));
#9008=CARTESIAN_POINT('Origin',(35.,69.,1.));
#9009=CARTESIAN_POINT('',(-67.,69.,0.));
#9010=CARTESIAN_POINT('',(-67.,70.,1.));
#9011=CARTESIAN_POINT('Origin',(-67.,69.,1.));
#9012=CARTESIAN_POINT('',(35.,70.,1.));
#9013=CARTESIAN_POINT('',(35.,69.,0.));
#9014=CARTESIAN_POINT('Origin',(-67.,67.,1.));
#9015=CARTESIAN_POINT('',(-69.,67.,0.));
#9016=CARTESIAN_POINT('',(-70.,67.,1.));
#9017=CARTESIAN_POINT('Origin',(-69.,67.,1.));
#9018=CARTESIAN_POINT('Origin',(-67.,67.,1.));
#9019=CARTESIAN_POINT('Origin',(-67.,67.,0.));
#9020=CARTESIAN_POINT('Origin',(-69.,35.,1.));
#9021=CARTESIAN_POINT('',(-69.,-67.,0.));
#9022=CARTESIAN_POINT('',(-70.,-67.,1.));
#9023=CARTESIAN_POINT('Origin',(-69.,-67.,1.));
#9024=CARTESIAN_POINT('',(-70.,35.,1.));
#9025=CARTESIAN_POINT('',(-69.,35.,0.));
#9026=CARTESIAN_POINT('Origin',(-67.,-67.,1.));
#9027=CARTESIAN_POINT('Origin',(-67.,-67.,1.));
#9028=CARTESIAN_POINT('Origin',(-67.,-67.,0.));
#9029=CARTESIAN_POINT('Origin',(-67.,67.,0.));
#9030=CARTESIAN_POINT('',(-70.,67.,9.));
#9031=CARTESIAN_POINT('',(-70.,67.,0.));
#9032=CARTESIAN_POINT('',(-67.,70.,9.));
#9033=CARTESIAN_POINT('Origin',(-67.,67.,9.));
#9034=CARTESIAN_POINT('',(-67.,70.,0.));
#9035=CARTESIAN_POINT('Origin',(-70.,70.,0.));
#9036=CARTESIAN_POINT('',(-70.,-67.,9.));
#9037=CARTESIAN_POINT('',(-70.,-67.,0.));
#9038=CARTESIAN_POINT('',(-70.,35.,9.));
#9039=CARTESIAN_POINT('Origin',(-67.,-67.,0.));
#9040=CARTESIAN_POINT('',(-67.,-70.,9.));
#9041=CARTESIAN_POINT('',(-67.,-70.,0.));
#9042=CARTESIAN_POINT('Origin',(-67.,-67.,9.));
#9043=CARTESIAN_POINT('Origin',(-70.,-70.,0.));
#9044=CARTESIAN_POINT('',(67.,-70.,9.));
#9045=CARTESIAN_POINT('',(67.,-70.,0.));
#9046=CARTESIAN_POINT('',(-35.,-70.,9.));
#9047=CARTESIAN_POINT('Origin',(0.,0.,0.));
#9048=CARTESIAN_POINT('',(-52.25,-50.,0.));
#9049=CARTESIAN_POINT('Origin',(-50.,-50.,0.));
#9050=CARTESIAN_POINT('',(47.75,50.,0.));
#9051=CARTESIAN_POINT('Origin',(50.,50.,0.));
#9052=CARTESIAN_POINT('',(47.75,-50.,0.));
#9053=CARTESIAN_POINT('Origin',(50.,-50.,0.));
#9054=CARTESIAN_POINT('',(-52.25,50.,0.));
#9055=CARTESIAN_POINT('Origin',(-50.,50.,0.));
#9056=CARTESIAN_POINT('Origin',(-67.,-67.,9.));
#9057=CARTESIAN_POINT('',(-67.,-69.,10.));
#9058=CARTESIAN_POINT('Origin',(-67.,-69.,9.));
#9059=CARTESIAN_POINT('',(-69.,-67.,10.));
#9060=CARTESIAN_POINT('Origin',(-67.,-67.,10.));
#9061=CARTESIAN_POINT('Origin',(-69.,-67.,9.));
#9062=CARTESIAN_POINT('Origin',(-69.,35.,9.));
#9063=CARTESIAN_POINT('',(-69.,67.,10.));
#9064=CARTESIAN_POINT('Origin',(-69.,67.,9.));
#9065=CARTESIAN_POINT('',(-69.,35.,10.));
#9066=CARTESIAN_POINT('Origin',(-67.,67.,9.));
#9067=CARTESIAN_POINT('',(-67.,69.,10.));
#9068=CARTESIAN_POINT('Origin',(-67.,69.,9.));
#9069=CARTESIAN_POINT('Origin',(-67.,67.,10.));
#9070=CARTESIAN_POINT('Origin',(35.,69.,9.));
#9071=CARTESIAN_POINT('',(67.,69.,10.));
#9072=CARTESIAN_POINT('',(67.,70.,9.));
#9073=CARTESIAN_POINT('Origin',(67.,69.,9.));
#9074=CARTESIAN_POINT('',(35.,70.,9.));
#9075=CARTESIAN_POINT('',(35.,69.,10.));
#9076=CARTESIAN_POINT('Origin',(67.,67.,9.));
#9077=CARTESIAN_POINT('',(69.,67.,10.));
#9078=CARTESIAN_POINT('',(70.,67.,9.));
#9079=CARTESIAN_POINT('Origin',(69.,67.,9.));
#9080=CARTESIAN_POINT('Origin',(67.,67.,9.));
#9081=CARTESIAN_POINT('Origin',(67.,67.,10.));
#9082=CARTESIAN_POINT('Origin',(69.,-35.,9.));
#9083=CARTESIAN_POINT('',(69.,-67.,10.));
#9084=CARTESIAN_POINT('',(70.,-67.,9.));
#9085=CARTESIAN_POINT('Origin',(69.,-67.,9.));
#9086=CARTESIAN_POINT('',(70.,-35.,9.));
#9087=CARTESIAN_POINT('',(69.,-35.,10.));
#9088=CARTESIAN_POINT('Origin',(67.,-67.,9.));
#9089=CARTESIAN_POINT('',(67.,-69.,10.));
#9090=CARTESIAN_POINT('Origin',(67.,-69.,9.));
#9091=CARTESIAN_POINT('Origin',(67.,-67.,9.));
#9092=CARTESIAN_POINT('Origin',(67.,-67.,10.));
#9093=CARTESIAN_POINT('Origin',(-35.,-69.,9.));
#9094=CARTESIAN_POINT('',(-35.,-69.,10.));
#9095=CARTESIAN_POINT('Origin',(70.,-70.,0.));
#9096=CARTESIAN_POINT('',(70.,67.,0.));
#9097=CARTESIAN_POINT('',(70.,-67.,0.));
#9098=CARTESIAN_POINT('Origin',(67.,-67.,0.));
#9099=CARTESIAN_POINT('Origin',(0.,0.,10.));
#9100=CARTESIAN_POINT('',(53.,6.49062803548097E-15,10.));
#9101=CARTESIAN_POINT('Origin',(0.,0.,10.));
#9102=CARTESIAN_POINT('',(-54.,-50.,10.));
#9103=CARTESIAN_POINT('Origin',(-50.,-50.,10.));
#9104=CARTESIAN_POINT('',(46.,50.,10.));
#9105=CARTESIAN_POINT('Origin',(50.,50.,10.));
#9106=CARTESIAN_POINT('',(46.,-50.,10.));
#9107=CARTESIAN_POINT('Origin',(50.,-50.,10.));
#9108=CARTESIAN_POINT('',(-54.,50.,10.));
#9109=CARTESIAN_POINT('Origin',(-50.,50.,10.));
#9110=CARTESIAN_POINT('Origin',(0.,0.,13.));
#9111=CARTESIAN_POINT('',(50.,-6.12323399573676E-15,13.));
#9112=CARTESIAN_POINT('Origin',(0.,0.,13.));
#9113=CARTESIAN_POINT('Origin',(53.,-6.49062803548097E-15,13.));
#9114=CARTESIAN_POINT('Origin',(0.,0.,10.));
#9115=CARTESIAN_POINT('',(50.,6.12323399573676E-15,110.));
#9116=CARTESIAN_POINT('Origin',(0.,0.,110.));
#9117=CARTESIAN_POINT('',(50.,6.12323399573676E-15,10.));
#9118=CARTESIAN_POINT('Origin',(-35.,65.,50.));
#9119=CARTESIAN_POINT('',(-35.,70.,50.));
#9120=CARTESIAN_POINT('Origin',(0.,70.,60.));
#9121=CARTESIAN_POINT('Origin',(67.,67.,0.));
#9122=CARTESIAN_POINT('',(67.,70.,0.));
#9123=CARTESIAN_POINT('Origin',(70.,70.,0.));
#9124=CARTESIAN_POINT('Origin',(-50.,50.,6.));
#9125=CARTESIAN_POINT('',(-54.,50.,6.));
#9126=CARTESIAN_POINT('Origin',(-50.,50.,6.));
#9127=CARTESIAN_POINT('',(-52.25,50.,6.));
#9128=CARTESIAN_POINT('Origin',(-50.,50.,6.));
#9129=CARTESIAN_POINT('Origin',(-50.,50.,8.));
#9130=CARTESIAN_POINT('',(-54.,50.,8.));
#9131=CARTESIAN_POINT('Origin',(-50.,50.,0.));
#9132=CARTESIAN_POINT('',(-52.25,50.,0.));
#9133=CARTESIAN_POINT('Origin',(50.,-50.,6.));
#9134=CARTESIAN_POINT('',(46.,-50.,6.));
#9135=CARTESIAN_POINT('Origin',(50.,-50.,6.));
#9136=CARTESIAN_POINT('',(47.75,-50.,6.));
#9137=CARTESIAN_POINT('Origin',(50.,-50.,6.));
#9138=CARTESIAN_POINT('Origin',(50.,-50.,8.));
#9139=CARTESIAN_POINT('',(46.,-50.,8.));
#9140=CARTESIAN_POINT('Origin',(50.,-50.,0.));
#9141=CARTESIAN_POINT('',(47.75,-50.,0.));
#9142=CARTESIAN_POINT('Origin',(50.,50.,6.));
#9143=CARTESIAN_POINT('',(46.,50.,6.));
#9144=CARTESIAN_POINT('Origin',(50.,50.,6.));
#9145=CARTESIAN_POINT('',(47.75,50.,6.));
#9146=CARTESIAN_POINT('Origin',(50.,50.,6.));
#9147=CARTESIAN_POINT('Origin',(50.,50.,8.));
#9148=CARTESIAN_POINT('',(46.,50.,8.));
#9149=CARTESIAN_POINT('Origin',(50.,50.,0.));
#9150=CARTESIAN_POINT('',(47.75,50.,0.));
#9151=CARTESIAN_POINT('Origin',(-50.,-50.,6.));
#9152=CARTESIAN_POINT('',(-54.,-50.,6.));
#9153=CARTESIAN_POINT('Origin',(-50.,-50.,6.));
#9154=CARTESIAN_POINT('',(-52.25,-50.,6.));
#9155=CARTESIAN_POINT('Origin',(-50.,-50.,6.));
#9156=CARTESIAN_POINT('Origin',(-50.,-50.,8.));
#9157=CARTESIAN_POINT('',(-54.,-50.,8.));
#9158=CARTESIAN_POINT('Origin',(-50.,-50.,0.));
#9159=CARTESIAN_POINT('',(-52.25,-50.,0.));
#9160=CARTESIAN_POINT('Origin',(0.,0.,110.));
#9161=CARTESIAN_POINT('',(0.,0.,0.));
#9162=CARTESIAN_POINT('Origin',(40.4441828263683,2.,27.1860572454388));
#9163=CARTESIAN_POINT('',(41.4819328263684,2.,27.1860572454388));
#9164=CARTESIAN_POINT('Origin',(40.4441828263683,2.,27.1860572454388));
#9165=CARTESIAN_POINT('',(41.4819328263684,-5.,27.1860572454388));
#9166=CARTESIAN_POINT('',(41.4819328263684,2.,27.1860572454388));
#9167=CARTESIAN_POINT('Origin',(40.4441828263683,-5.,27.1860572454388));
#9168=CARTESIAN_POINT('Origin',(40.4441828263683,2.,56.1860572454388));
#9169=CARTESIAN_POINT('',(41.4819328263684,2.,56.1860572454388));
#9170=CARTESIAN_POINT('Origin',(40.4441828263683,2.,56.1860572454388));
#9171=CARTESIAN_POINT('',(41.4819328263684,-5.,56.1860572454388));
#9172=CARTESIAN_POINT('',(41.4819328263684,2.,56.1860572454388));
#9173=CARTESIAN_POINT('Origin',(40.4441828263683,-5.,56.1860572454388));
#9174=CARTESIAN_POINT('Origin',(40.4441828263683,1.,47.6860572454388));
#9175=CARTESIAN_POINT('',(40.4441828263683,1.,53.6860572454388));
#9176=CARTESIAN_POINT('',(38.136490518676,1.,42.1475957069773));
#9177=CARTESIAN_POINT('Origin',(40.4441828263683,1.,47.6860572454388));
#9178=CARTESIAN_POINT('',(42.7518751340607,1.,42.1475957069773));
#9179=CARTESIAN_POINT('Origin',(40.4441828263683,1.,47.6860572454388));
#9180=CARTESIAN_POINT('',(42.7518751340607,-5.,42.1475957069773));
#9181=CARTESIAN_POINT('',(42.7518751340607,1.,42.1475957069773));
#9182=CARTESIAN_POINT('',(38.136490518676,-5.,42.1475957069773));
#9183=CARTESIAN_POINT('Origin',(40.4441828263683,-5.,47.6860572454388));
#9184=CARTESIAN_POINT('',(38.136490518676,1.,42.1475957069773));
#9185=CARTESIAN_POINT('Origin',(40.4441828263683,1.,41.1860572454388));
#9186=CARTESIAN_POINT('Origin',(40.4441828263683,1.,41.1860572454388));
#9187=CARTESIAN_POINT('Origin',(40.4441828263683,-5.,41.1860572454388));
#9188=CARTESIAN_POINT('Origin',(40.4441828263683,1.,41.6860572454388));
#9189=CARTESIAN_POINT('',(46.6941828263683,1.,29.6860572454388));
#9190=CARTESIAN_POINT('',(46.6941828263683,1.,53.6860572454388));
#9191=CARTESIAN_POINT('',(46.6941828263683,1.,58.6860572454388));
#9192=CARTESIAN_POINT('',(34.1941828263683,1.,29.6860572454388));
#9193=CARTESIAN_POINT('',(46.6941828263683,1.,29.6860572454388));
#9194=CARTESIAN_POINT('',(34.1941828263683,1.,53.6860572454388));
#9195=CARTESIAN_POINT('',(34.1941828263683,1.,24.6860572454388));
#9196=CARTESIAN_POINT('',(46.6941828263683,1.,53.6860572454388));
#9197=CARTESIAN_POINT('',(46.6941828263683,1.,53.6860572454388));
#9198=CARTESIAN_POINT('Origin',(34.1941828263683,2.,29.6860572454388));
#9199=CARTESIAN_POINT('',(34.1941828263683,2.,29.6860572454388));
#9200=CARTESIAN_POINT('',(46.6941828263683,2.,29.6860572454388));
#9201=CARTESIAN_POINT('',(37.3191828263683,2.,29.6860572454388));
#9202=CARTESIAN_POINT('',(34.1941828263683,2.,29.6860572454388));
#9203=CARTESIAN_POINT('',(46.6941828263683,2.,29.6860572454388));
#9204=CARTESIAN_POINT('Origin',(46.6941828263683,2.,53.6860572454388));
#9205=CARTESIAN_POINT('',(46.6941828263683,2.,53.6860572454388));
#9206=CARTESIAN_POINT('',(34.1941828263683,2.,53.6860572454388));
#9207=CARTESIAN_POINT('',(43.5691828263683,2.,53.6860572454388));
#9208=CARTESIAN_POINT('',(46.6941828263683,2.,53.6860572454388));
#9209=CARTESIAN_POINT('',(34.1941828263683,2.,53.6860572454388));
#9210=CARTESIAN_POINT('Origin',(40.4441828263683,2.,41.6860572454388));
#9211=CARTESIAN_POINT('',(46.6941828263683,2.,24.6860572454388));
#9212=CARTESIAN_POINT('',(46.6941828263683,2.,24.6860572454388));
#9213=CARTESIAN_POINT('',(34.1941828263683,2.,24.6860572454388));
#9214=CARTESIAN_POINT('',(34.1941828263683,2.,24.6860572454388));
#9215=CARTESIAN_POINT('',(34.1941828263683,2.,58.6860572454388));
#9216=CARTESIAN_POINT('Origin',(40.4441828263683,2.,41.6860572454388));
#9217=CARTESIAN_POINT('',(34.1941828263683,2.,58.6860572454388));
#9218=CARTESIAN_POINT('',(34.1941828263683,2.,58.6860572454388));
#9219=CARTESIAN_POINT('',(46.6941828263683,2.,58.6860572454388));
#9220=CARTESIAN_POINT('',(46.6941828263683,2.,58.6860572454388));
#9221=CARTESIAN_POINT('',(46.6941828263683,2.,24.6860572454388));
#9222=CARTESIAN_POINT('Origin',(46.6941828263683,5.,24.6860572454388));
#9223=CARTESIAN_POINT('',(46.6941828263683,5.,24.6860572454388));
#9224=CARTESIAN_POINT('',(46.6941828263683,5.,58.6860572454388));
#9225=CARTESIAN_POINT('',(46.6941828263683,5.,31.8992572574072));
#9226=CARTESIAN_POINT('',(46.6941828263683,5.,24.6860572454388));
#9227=CARTESIAN_POINT('',(46.6941828263683,5.,58.6860572454388));
#9228=CARTESIAN_POINT('Origin',(34.1941828263683,5.,24.6860572454388));
#9229=CARTESIAN_POINT('',(34.1941828263683,5.,24.6860572454388));
#9230=CARTESIAN_POINT('',(37.3191828263683,5.,24.6860572454388));
#9231=CARTESIAN_POINT('',(34.1941828263683,5.,24.6860572454388));
#9232=CARTESIAN_POINT('Origin',(34.1941828263683,5.,58.6860572454388));
#9233=CARTESIAN_POINT('',(34.1941828263683,5.,58.6860572454388));
#9234=CARTESIAN_POINT('',(34.1941828263683,5.,48.8992572574072));
#9235=CARTESIAN_POINT('',(34.1941828263683,5.,58.6860572454388));
#9236=CARTESIAN_POINT('Origin',(46.6941828263683,5.,58.6860572454388));
#9237=CARTESIAN_POINT('',(43.5691828263683,5.,58.6860572454388));
#9238=CARTESIAN_POINT('Origin',(20.,0.,0.));
#9239=CARTESIAN_POINT('',(20.,-5.,10.));
#9240=CARTESIAN_POINT('',(20.,5.,10.));
#9241=CARTESIAN_POINT('',(20.,0.,10.));
#9242=CARTESIAN_POINT('',(20.,-5.,25.));
#9243=CARTESIAN_POINT('',(20.,-5.,25.));
#9244=CARTESIAN_POINT('',(20.,5.,25.));
#9245=CARTESIAN_POINT('',(20.,0.,25.));
#9246=CARTESIAN_POINT('',(20.,5.,25.));
#9247=CARTESIAN_POINT('Origin',(40.4441828263683,-5.,39.1124572693756));
#9248=CARTESIAN_POINT('',(49.749371855331,-5.,10.));
#9249=CARTESIAN_POINT('',(20.2220914131842,-5.,10.));
#9250=CARTESIAN_POINT('',(49.749371855331,-5.,-7.33378637861028E-32));
#9251=CARTESIAN_POINT('',(49.749371855331,-5.,0.));
#9252=CARTESIAN_POINT('',(70.,-5.,0.));
#9253=CARTESIAN_POINT('',(20.,-5.,0.));
#9254=CARTESIAN_POINT('',(70.,-5.,40.));
#9255=CARTESIAN_POINT('',(70.,-5.,-1.23259516440783E-31));
#9256=CARTESIAN_POINT('Origin',(40.4441828263683,-5.,47.6860572454388));
#9257=CARTESIAN_POINT('Origin',(70.,0.,40.));
#9258=CARTESIAN_POINT('',(70.,5.,0.));
#9259=CARTESIAN_POINT('',(70.,0.,-1.23259516440783E-31));
#9260=CARTESIAN_POINT('',(70.,5.,40.));
#9261=CARTESIAN_POINT('',(70.,5.,-1.23259516440783E-31));
#9262=CARTESIAN_POINT('',(70.,0.,40.));
#9263=CARTESIAN_POINT('Origin',(40.4441828263683,0.,47.6860572454388));
#9264=CARTESIAN_POINT('Origin',(40.4441828263683,5.,47.6860572454388));
#9265=CARTESIAN_POINT('Origin',(40.4441828263683,5.,39.1124572693756));
#9266=CARTESIAN_POINT('',(49.749371855331,5.,10.));
#9267=CARTESIAN_POINT('',(20.2220914131842,5.,10.));
#9268=CARTESIAN_POINT('',(49.749371855331,5.,-7.33378637861028E-32));
#9269=CARTESIAN_POINT('',(20.,5.,0.));
#9270=CARTESIAN_POINT('',(49.749371855331,5.,0.));
#9271=CARTESIAN_POINT('Origin',(0.,0.,0.));
#9272=CARTESIAN_POINT('Origin',(0.,0.,0.));
#9273=CARTESIAN_POINT('',(2.30769230769231,-5.53846153846154,-1.11022302462516E-15));
#9274=CARTESIAN_POINT('',(-2.30769230769231,-5.53846153846154,-1.11022302462516E-15));
#9275=CARTESIAN_POINT('Origin',(0.,-4.44089209850063E-15,0.));
#9276=CARTESIAN_POINT('Origin',(0.,-6.5,0.));
#9277=CARTESIAN_POINT('',(1.03775,8.5,0.));
#9278=CARTESIAN_POINT('Origin',(0.,8.5,0.));
#9279=CARTESIAN_POINT('',(1.03775,-20.5,0.));
#9280=CARTESIAN_POINT('Origin',(0.,-20.5,0.));
#9281=CARTESIAN_POINT('Origin',(0.,0.,0.));
#9282=CARTESIAN_POINT('Origin',(0.,0.,10.));
#9283=CARTESIAN_POINT('Origin',(0.,-20.5,7.));
#9284=CARTESIAN_POINT('',(1.03775,-20.5,7.));
#9285=CARTESIAN_POINT('Origin',(0.,-20.5,7.));
#9286=CARTESIAN_POINT('',(1.03775,-20.5,7.));
#9287=CARTESIAN_POINT('Origin',(0.,8.5,7.));
#9288=CARTESIAN_POINT('',(1.03775,8.5,7.));
#9289=CARTESIAN_POINT('Origin',(0.,8.5,7.));
#9290=CARTESIAN_POINT('',(1.03775,8.5,7.));
#9291=CARTESIAN_POINT('Origin',(0.,-4.44089209850063E-15,6.));
#9292=CARTESIAN_POINT('',(0.,6.,6.));
#9293=CARTESIAN_POINT('',(2.30769230769231,-5.53846153846154,6.));
#9294=CARTESIAN_POINT('Origin',(0.,-4.44089209850063E-15,6.));
#9295=CARTESIAN_POINT('',(-2.30769230769231,-5.53846153846154,6.));
#9296=CARTESIAN_POINT('Origin',(0.,-4.44089209850063E-15,6.));
#9297=CARTESIAN_POINT('',(-2.30769230769231,-5.53846153846154,6.));
#9298=CARTESIAN_POINT('',(2.30769230769231,-5.53846153846154,6.));
#9299=CARTESIAN_POINT('Origin',(0.,-6.5,6.));
#9300=CARTESIAN_POINT('Origin',(0.,-6.5,6.));
#9301=CARTESIAN_POINT('Origin',(0.,-6.,6.));
#9302=CARTESIAN_POINT('',(-6.25,-18.,6.));
#9303=CARTESIAN_POINT('',(-6.25,6.,6.));
#9304=CARTESIAN_POINT('',(-6.25,11.,6.));
#9305=CARTESIAN_POINT('',(6.25,-18.,6.));
#9306=CARTESIAN_POINT('',(-6.25,-18.,6.));
#9307=CARTESIAN_POINT('',(6.25,6.,6.));
#9308=CARTESIAN_POINT('',(6.25,-23.,6.));
#9309=CARTESIAN_POINT('',(-6.25,6.,6.));
#9310=CARTESIAN_POINT('',(-6.25,6.,6.));
#9311=CARTESIAN_POINT('Origin',(6.25,-18.,7.));
#9312=CARTESIAN_POINT('',(6.25,-18.,7.));
#9313=CARTESIAN_POINT('',(-6.25,-18.,7.));
#9314=CARTESIAN_POINT('',(3.125,-18.,7.));
#9315=CARTESIAN_POINT('',(6.25,-18.,7.));
#9316=CARTESIAN_POINT('',(-6.25,-18.,7.));
#9317=CARTESIAN_POINT('Origin',(-6.25,6.,7.));
#9318=CARTESIAN_POINT('',(-6.25,6.,7.));
#9319=CARTESIAN_POINT('',(6.25,6.,7.));
#9320=CARTESIAN_POINT('',(-3.125,6.,7.));
#9321=CARTESIAN_POINT('',(-6.25,6.,7.));
#9322=CARTESIAN_POINT('',(6.25,6.,7.));
#9323=CARTESIAN_POINT('Origin',(0.,-6.,7.));
#9324=CARTESIAN_POINT('',(-6.25,-23.,7.));
#9325=CARTESIAN_POINT('',(-6.25,11.,7.));
#9326=CARTESIAN_POINT('',(6.25,-23.,7.));
#9327=CARTESIAN_POINT('',(-6.25,-23.,7.));
#9328=CARTESIAN_POINT('',(6.25,-23.,7.));
#9329=CARTESIAN_POINT('Origin',(0.,-6.,7.));
#9330=CARTESIAN_POINT('',(6.25,11.,7.));
#9331=CARTESIAN_POINT('',(6.25,-23.,7.));
#9332=CARTESIAN_POINT('',(-6.25,11.,7.));
#9333=CARTESIAN_POINT('',(6.25,11.,7.));
#9334=CARTESIAN_POINT('',(-6.25,11.,7.));
#9335=CARTESIAN_POINT('Origin',(-6.25,11.,10.));
#9336=CARTESIAN_POINT('',(-6.25,11.,10.));
#9337=CARTESIAN_POINT('',(6.25,11.,10.));
#9338=CARTESIAN_POINT('',(-3.125,11.,10.));
#9339=CARTESIAN_POINT('',(-6.25,11.,10.));
#9340=CARTESIAN_POINT('',(6.25,11.,10.));
#9341=CARTESIAN_POINT('Origin',(-6.25,-23.,10.));
#9342=CARTESIAN_POINT('',(-6.25,-23.,10.));
#9343=CARTESIAN_POINT('',(-6.25,-11.5,10.));
#9344=CARTESIAN_POINT('',(-6.25,-23.,10.));
#9345=CARTESIAN_POINT('Origin',(6.25,-23.,10.));
#9346=CARTESIAN_POINT('',(6.25,-23.,10.));
#9347=CARTESIAN_POINT('',(3.125,-23.,10.));
#9348=CARTESIAN_POINT('',(6.25,-23.,10.));
#9349=CARTESIAN_POINT('Origin',(6.25,11.,10.));
#9350=CARTESIAN_POINT('',(6.25,5.5,10.));
#9351=CARTESIAN_POINT('Origin',(0.,0.,10.));
#9352=CARTESIAN_POINT('',(0.,0.,0.));
#9353=CARTESIAN_POINT('Origin',(0.,0.,0.));
#9354=CARTESIAN_POINT('',(-2.5,3.06161699786838E-16,0.));
#9355=CARTESIAN_POINT('Origin',(0.,0.,0.));
#9356=CARTESIAN_POINT('',(-2.5,3.06161699786838E-16,4.));
#9357=CARTESIAN_POINT('',(-2.5,-3.06161699786838E-16,0.));
#9358=CARTESIAN_POINT('Origin',(0.,0.,4.));
#9359=CARTESIAN_POINT('Origin',(0.,0.,4.));
#9360=CARTESIAN_POINT('Origin',(0.,120.,0.));
#9361=CARTESIAN_POINT('',(-2.5,120.,0.));
#9362=CARTESIAN_POINT('Origin',(0.,120.,0.));
#9363=CARTESIAN_POINT('',(-2.5,120.,4.));
#9364=CARTESIAN_POINT('',(-2.5,120.,0.));
#9365=CARTESIAN_POINT('Origin',(0.,120.,4.));
#9366=CARTESIAN_POINT('Origin',(0.,120.,4.));
#9367=CARTESIAN_POINT('Origin',(0.,0.,0.));
#9368=CARTESIAN_POINT('',(-30.539,0.,0.));
#9369=CARTESIAN_POINT('',(30.539,0.,0.));
#9370=CARTESIAN_POINT('Origin',(0.,0.,0.));
#9371=CARTESIAN_POINT('',(30.539,0.,10.));
#9372=CARTESIAN_POINT('',(30.539,0.,0.));
#9373=CARTESIAN_POINT('',(-30.539,0.,10.));
#9374=CARTESIAN_POINT('Origin',(0.,0.,10.));
#9375=CARTESIAN_POINT('',(-30.539,0.,0.));
#9376=CARTESIAN_POINT('Ctrl Pts',(-20.,120.,0.));
#9377=CARTESIAN_POINT('Ctrl Pts',(-20.,120.,10.));
#9378=CARTESIAN_POINT('Ctrl Pts',(-20.0000000292122,118.627722047559,0.));
#9379=CARTESIAN_POINT('Ctrl Pts',(-20.0000000292122,118.627722047559,10.));
#9380=CARTESIAN_POINT('Ctrl Pts',(-19.9376764850248,115.933732431401,0.));
#9381=CARTESIAN_POINT('Ctrl Pts',(-19.9376764850248,115.933732431401,10.));
#9382=CARTESIAN_POINT('Ctrl Pts',(-19.6572229233837,112.044444608819,0.));
#9383=CARTESIAN_POINT('Ctrl Pts',(-19.6572229233837,112.044444608819,10.));
#9384=CARTESIAN_POINT('Ctrl Pts',(-18.9403433975459,107.13676985626,0.));
#9385=CARTESIAN_POINT('Ctrl Pts',(-18.9403433975459,107.13676985626,10.));
#9386=CARTESIAN_POINT('Ctrl Pts',(-17.65596800581,101.321681717735,0.));
#9387=CARTESIAN_POINT('Ctrl Pts',(-17.65596800581,101.321681717735,10.));
#9388=CARTESIAN_POINT('Ctrl Pts',(-16.2248553174321,95.6467109324828,0.));
#9389=CARTESIAN_POINT('Ctrl Pts',(-16.2248553174321,95.6467109324828,10.));
#9390=CARTESIAN_POINT('Ctrl Pts',(-14.9004077394375,89.9411156919393,0.));
#9391=CARTESIAN_POINT('Ctrl Pts',(-14.9004077394375,89.9411156919393,10.));
#9392=CARTESIAN_POINT('Ctrl Pts',(-13.9014237302887,84.0873896918166,0.));
#9393=CARTESIAN_POINT('Ctrl Pts',(-13.9014237302887,84.0873896918166,10.));
#9394=CARTESIAN_POINT('Ctrl Pts',(-13.3660334587605,78.0653078740523,0.));
#9395=CARTESIAN_POINT('Ctrl Pts',(-13.3660334587605,78.0653078740523,10.));
#9396=CARTESIAN_POINT('Ctrl Pts',(-13.3647094221738,71.9193112558465,0.));
#9397=CARTESIAN_POINT('Ctrl Pts',(-13.3647094221738,71.9193112558465,10.));
#9398=CARTESIAN_POINT('Ctrl Pts',(-13.9112062304082,65.7277339476239,0.));
#9399=CARTESIAN_POINT('Ctrl Pts',(-13.9112062304082,65.7277339476239,10.));
#9400=CARTESIAN_POINT('Ctrl Pts',(-14.9727400602974,59.5726135658983,0.));
#9401=CARTESIAN_POINT('Ctrl Pts',(-14.9727400602974,59.5726135658983,10.));
#9402=CARTESIAN_POINT('Ctrl Pts',(-16.4790055272933,53.5085715540788,0.));
#9403=CARTESIAN_POINT('Ctrl Pts',(-16.4790055272933,53.5085715540788,10.));
#9404=CARTESIAN_POINT('Ctrl Pts',(-18.3304844294397,47.5345461240141,0.));
#9405=CARTESIAN_POINT('Ctrl Pts',(-18.3304844294397,47.5345461240141,10.));
#9406=CARTESIAN_POINT('Ctrl Pts',(-20.4074278569056,41.6160295248004,0.));
#9407=CARTESIAN_POINT('Ctrl Pts',(-20.4074278569056,41.6160295248004,10.));
#9408=CARTESIAN_POINT('Ctrl Pts',(-22.5782462017338,35.7038708266014,0.));
#9409=CARTESIAN_POINT('Ctrl Pts',(-22.5782462017338,35.7038708266014,10.));
#9410=CARTESIAN_POINT('Ctrl Pts',(-24.7076307645515,29.7541982847054,0.));
#9411=CARTESIAN_POINT('Ctrl Pts',(-24.7076307645515,29.7541982847054,10.));
#9412=CARTESIAN_POINT('Ctrl Pts',(-26.6644838252297,23.7473231893313,0.));
#9413=CARTESIAN_POINT('Ctrl Pts',(-26.6644838252297,23.7473231893313,10.));
#9414=CARTESIAN_POINT('Ctrl Pts',(-28.3301034124066,17.7088099638424,0.));
#9415=CARTESIAN_POINT('Ctrl Pts',(-28.3301034124066,17.7088099638424,10.));
#9416=CARTESIAN_POINT('Ctrl Pts',(-29.6026898031483,11.6918876253428,0.));
#9417=CARTESIAN_POINT('Ctrl Pts',(-29.6026898031483,11.6918876253428,10.));
#9418=CARTESIAN_POINT('Ctrl Pts',(-30.2422176397273,6.94510314568782,0.));
#9419=CARTESIAN_POINT('Ctrl Pts',(-30.2422176397273,6.94510314568782,10.));
#9420=CARTESIAN_POINT('Ctrl Pts',(-30.4850394280026,3.44604649484369,0.));
#9421=CARTESIAN_POINT('Ctrl Pts',(-30.4850394280026,3.44604649484369,10.));
#9422=CARTESIAN_POINT('Ctrl Pts',(-30.539,1.14363345569128,0.));
#9423=CARTESIAN_POINT('Ctrl Pts',(-30.539,1.14363345569128,10.));
#9424=CARTESIAN_POINT('Ctrl Pts',(-30.539,0.,0.));
#9425=CARTESIAN_POINT('Ctrl Pts',(-30.539,0.,10.));
#9426=CARTESIAN_POINT('',(-20.,120.,0.));
#9427=CARTESIAN_POINT('Ctrl Pts',(-20.,120.,0.));
#9428=CARTESIAN_POINT('Ctrl Pts',(-20.0000000292122,118.627722047559,0.));
#9429=CARTESIAN_POINT('Ctrl Pts',(-19.9376764850248,115.933732431401,0.));
#9430=CARTESIAN_POINT('Ctrl Pts',(-19.6572229233837,112.044444608819,0.));
#9431=CARTESIAN_POINT('Ctrl Pts',(-18.9403433975459,107.13676985626,0.));
#9432=CARTESIAN_POINT('Ctrl Pts',(-17.65596800581,101.321681717735,0.));
#9433=CARTESIAN_POINT('Ctrl Pts',(-16.2248553174321,95.6467109324828,0.));
#9434=CARTESIAN_POINT('Ctrl Pts',(-14.9004077394375,89.9411156919393,0.));
#9435=CARTESIAN_POINT('Ctrl Pts',(-13.9014237302887,84.0873896918166,0.));
#9436=CARTESIAN_POINT('Ctrl Pts',(-13.3660334587605,78.0653078740523,0.));
#9437=CARTESIAN_POINT('Ctrl Pts',(-13.3647094221738,71.9193112558465,0.));
#9438=CARTESIAN_POINT('Ctrl Pts',(-13.9112062304082,65.7277339476239,0.));
#9439=CARTESIAN_POINT('Ctrl Pts',(-14.9727400602974,59.5726135658983,0.));
#9440=CARTESIAN_POINT('Ctrl Pts',(-16.4790055272933,53.5085715540788,0.));
#9441=CARTESIAN_POINT('Ctrl Pts',(-18.3304844294397,47.5345461240141,0.));
#9442=CARTESIAN_POINT('Ctrl Pts',(-20.4074278569056,41.6160295248004,0.));
#9443=CARTESIAN_POINT('Ctrl Pts',(-22.5782462017338,35.7038708266014,0.));
#9444=CARTESIAN_POINT('Ctrl Pts',(-24.7076307645515,29.7541982847054,0.));
#9445=CARTESIAN_POINT('Ctrl Pts',(-26.6644838252297,23.7473231893313,0.));
#9446=CARTESIAN_POINT('Ctrl Pts',(-28.3301034124066,17.7088099638424,0.));
#9447=CARTESIAN_POINT('Ctrl Pts',(-29.6026898031483,11.6918876253428,0.));
#9448=CARTESIAN_POINT('Ctrl Pts',(-30.2422176397273,6.94510314568782,0.));
#9449=CARTESIAN_POINT('Ctrl Pts',(-30.4850394280026,3.44604649484369,0.));
#9450=CARTESIAN_POINT('Ctrl Pts',(-30.539,1.14363345569128,0.));
#9451=CARTESIAN_POINT('Ctrl Pts',(-30.539,0.,0.));
#9452=CARTESIAN_POINT('',(-20.,120.,10.));
#9453=CARTESIAN_POINT('Ctrl Pts',(-20.,120.,10.));
#9454=CARTESIAN_POINT('Ctrl Pts',(-20.0000000292122,118.627722047559,10.));
#9455=CARTESIAN_POINT('Ctrl Pts',(-19.9376764850248,115.933732431401,10.));
#9456=CARTESIAN_POINT('Ctrl Pts',(-19.6572229233837,112.044444608819,10.));
#9457=CARTESIAN_POINT('Ctrl Pts',(-18.9403433975459,107.13676985626,10.));
#9458=CARTESIAN_POINT('Ctrl Pts',(-17.65596800581,101.321681717735,10.));
#9459=CARTESIAN_POINT('Ctrl Pts',(-16.2248553174321,95.6467109324828,10.));
#9460=CARTESIAN_POINT('Ctrl Pts',(-14.9004077394375,89.9411156919393,10.));
#9461=CARTESIAN_POINT('Ctrl Pts',(-13.9014237302887,84.0873896918166,10.));
#9462=CARTESIAN_POINT('Ctrl Pts',(-13.3660334587605,78.0653078740523,10.));
#9463=CARTESIAN_POINT('Ctrl Pts',(-13.3647094221738,71.9193112558465,10.));
#9464=CARTESIAN_POINT('Ctrl Pts',(-13.9112062304082,65.7277339476239,10.));
#9465=CARTESIAN_POINT('Ctrl Pts',(-14.9727400602974,59.5726135658983,10.));
#9466=CARTESIAN_POINT('Ctrl Pts',(-16.4790055272933,53.5085715540788,10.));
#9467=CARTESIAN_POINT('Ctrl Pts',(-18.3304844294397,47.5345461240141,10.));
#9468=CARTESIAN_POINT('Ctrl Pts',(-20.4074278569056,41.6160295248004,10.));
#9469=CARTESIAN_POINT('Ctrl Pts',(-22.5782462017338,35.7038708266014,10.));
#9470=CARTESIAN_POINT('Ctrl Pts',(-24.7076307645515,29.7541982847054,10.));
#9471=CARTESIAN_POINT('Ctrl Pts',(-26.6644838252297,23.7473231893313,10.));
#9472=CARTESIAN_POINT('Ctrl Pts',(-28.3301034124066,17.7088099638424,10.));
#9473=CARTESIAN_POINT('Ctrl Pts',(-29.6026898031483,11.6918876253428,10.));
#9474=CARTESIAN_POINT('Ctrl Pts',(-30.2422176397273,6.94510314568782,10.));
#9475=CARTESIAN_POINT('Ctrl Pts',(-30.4850394280026,3.44604649484369,10.));
#9476=CARTESIAN_POINT('Ctrl Pts',(-30.539,1.14363345569128,10.));
#9477=CARTESIAN_POINT('Ctrl Pts',(-30.539,0.,10.));
#9478=CARTESIAN_POINT('',(-20.,120.,0.));
#9479=CARTESIAN_POINT('Origin',(0.,120.,0.));
#9480=CARTESIAN_POINT('',(20.,120.,0.));
#9481=CARTESIAN_POINT('Origin',(0.,120.,0.));
#9482=CARTESIAN_POINT('',(20.,120.,10.));
#9483=CARTESIAN_POINT('Origin',(0.,120.,10.));
#9484=CARTESIAN_POINT('',(20.,120.,0.));
#9485=CARTESIAN_POINT('Ctrl Pts',(30.539,0.,0.));
#9486=CARTESIAN_POINT('Ctrl Pts',(30.539,0.,10.));
#9487=CARTESIAN_POINT('Ctrl Pts',(30.539,1.07851448258579,0.));
#9488=CARTESIAN_POINT('Ctrl Pts',(30.539,1.07851448258579,10.));
#9489=CARTESIAN_POINT('Ctrl Pts',(30.4943386624362,3.27561636361725,0.));
#9490=CARTESIAN_POINT('Ctrl Pts',(30.4943386624362,3.27561636361725,10.));
#9491=CARTESIAN_POINT('Ctrl Pts',(30.2933628095463,6.6914857737646,0.));
#9492=CARTESIAN_POINT('Ctrl Pts',(30.2933628095463,6.6914857737646,10.));
#9493=CARTESIAN_POINT('Ctrl Pts',(29.7578006302624,11.4626386493651,0.));
#9494=CARTESIAN_POINT('Ctrl Pts',(29.7578006302624,11.4626386493651,10.));
#9495=CARTESIAN_POINT('Ctrl Pts',(28.6528580954035,17.65497888912,0.));
#9496=CARTESIAN_POINT('Ctrl Pts',(28.6528580954035,17.65497888912,10.));
#9497=CARTESIAN_POINT('Ctrl Pts',(27.1406923417996,23.9143209036678,0.));
#9498=CARTESIAN_POINT('Ctrl Pts',(27.1406923417996,23.9143209036678,10.));
#9499=CARTESIAN_POINT('Ctrl Pts',(25.2760122959699,30.094374784705,0.));
#9500=CARTESIAN_POINT('Ctrl Pts',(25.2760122959699,30.094374784705,10.));
#9501=CARTESIAN_POINT('Ctrl Pts',(23.1494665788765,36.1084149337793,0.));
#9502=CARTESIAN_POINT('Ctrl Pts',(23.1494665788765,36.1084149337793,10.));
#9503=CARTESIAN_POINT('Ctrl Pts',(20.8973529459248,41.9731148856745,0.));
#9504=CARTESIAN_POINT('Ctrl Pts',(20.8973529459248,41.9731148856745,10.));
#9505=CARTESIAN_POINT('Ctrl Pts',(18.6819627496694,47.7676295625584,0.));
#9506=CARTESIAN_POINT('Ctrl Pts',(18.6819627496694,47.7676295625584,10.));
#9507=CARTESIAN_POINT('Ctrl Pts',(16.672913108094,53.595323231683,0.));
#9508=CARTESIAN_POINT('Ctrl Pts',(16.672913108094,53.595323231683,10.));
#9509=CARTESIAN_POINT('Ctrl Pts',(15.0281762020605,59.5445053677228,0.));
#9510=CARTESIAN_POINT('Ctrl Pts',(15.0281762020605,59.5445053677228,10.));
#9511=CARTESIAN_POINT('Ctrl Pts',(13.8753010201141,65.6510860924787,0.));
#9512=CARTESIAN_POINT('Ctrl Pts',(13.8753010201141,65.6510860924787,10.));
#9513=CARTESIAN_POINT('Ctrl Pts',(13.2908484165904,71.8553815890535,0.));
#9514=CARTESIAN_POINT('Ctrl Pts',(13.2908484165904,71.8553815890535,10.));
#9515=CARTESIAN_POINT('Ctrl Pts',(13.298116135557,78.0447058121038,0.));
#9516=CARTESIAN_POINT('Ctrl Pts',(13.298116135557,78.0447058121038,10.));
#9517=CARTESIAN_POINT('Ctrl Pts',(13.8651303110925,84.1009976222232,0.));
#9518=CARTESIAN_POINT('Ctrl Pts',(13.8651303110925,84.1009976222232,10.));
#9519=CARTESIAN_POINT('Ctrl Pts',(14.900909725895,89.946548431865,0.));
#9520=CARTESIAN_POINT('Ctrl Pts',(14.900909725895,89.946548431865,10.));
#9521=CARTESIAN_POINT('Ctrl Pts',(16.2510740980234,95.5905609900526,0.));
#9522=CARTESIAN_POINT('Ctrl Pts',(16.2510740980234,95.5905609900526,10.));
#9523=CARTESIAN_POINT('Ctrl Pts',(17.6914390079565,101.17830505055,0.));
#9524=CARTESIAN_POINT('Ctrl Pts',(17.6914390079565,101.17830505055,10.));
#9525=CARTESIAN_POINT('Ctrl Pts',(18.9705672877884,106.931080287304,0.));
#9526=CARTESIAN_POINT('Ctrl Pts',(18.9705672877884,106.931080287304,10.));
#9527=CARTESIAN_POINT('Ctrl Pts',(19.676292148558,111.854419748979,0.));
#9528=CARTESIAN_POINT('Ctrl Pts',(19.676292148558,111.854419748979,10.));
#9529=CARTESIAN_POINT('Ctrl Pts',(19.9472675019571,115.813612736494,0.));
#9530=CARTESIAN_POINT('Ctrl Pts',(19.9472675019571,115.813612736494,10.));
#9531=CARTESIAN_POINT('Ctrl Pts',(20.0032077678636,118.582899733092,0.));
#9532=CARTESIAN_POINT('Ctrl Pts',(20.0032077678636,118.582899733092,10.));
#9533=CARTESIAN_POINT('Ctrl Pts',(20.,120.,0.));
#9534=CARTESIAN_POINT('Ctrl Pts',(20.,120.,10.));
#9535=CARTESIAN_POINT('Ctrl Pts',(30.539,0.,0.));
#9536=CARTESIAN_POINT('Ctrl Pts',(30.539,1.07851448258579,0.));
#9537=CARTESIAN_POINT('Ctrl Pts',(30.4943386624362,3.27561636361725,0.));
#9538=CARTESIAN_POINT('Ctrl Pts',(30.2933628095463,6.6914857737646,0.));
#9539=CARTESIAN_POINT('Ctrl Pts',(29.7578006302624,11.4626386493651,0.));
#9540=CARTESIAN_POINT('Ctrl Pts',(28.6528580954035,17.65497888912,0.));
#9541=CARTESIAN_POINT('Ctrl Pts',(27.1406923417996,23.9143209036678,0.));
#9542=CARTESIAN_POINT('Ctrl Pts',(25.2760122959699,30.094374784705,0.));
#9543=CARTESIAN_POINT('Ctrl Pts',(23.1494665788765,36.1084149337793,0.));
#9544=CARTESIAN_POINT('Ctrl Pts',(20.8973529459248,41.9731148856745,0.));
#9545=CARTESIAN_POINT('Ctrl Pts',(18.6819627496694,47.7676295625584,0.));
#9546=CARTESIAN_POINT('Ctrl Pts',(16.672913108094,53.595323231683,0.));
#9547=CARTESIAN_POINT('Ctrl Pts',(15.0281762020605,59.5445053677228,0.));
#9548=CARTESIAN_POINT('Ctrl Pts',(13.8753010201141,65.6510860924787,0.));
#9549=CARTESIAN_POINT('Ctrl Pts',(13.2908484165904,71.8553815890535,0.));
#9550=CARTESIAN_POINT('Ctrl Pts',(13.298116135557,78.0447058121038,0.));
#9551=CARTESIAN_POINT('Ctrl Pts',(13.8651303110925,84.1009976222232,0.));
#9552=CARTESIAN_POINT('Ctrl Pts',(14.900909725895,89.946548431865,0.));
#9553=CARTESIAN_POINT('Ctrl Pts',(16.2510740980234,95.5905609900526,0.));
#9554=CARTESIAN_POINT('Ctrl Pts',(17.6914390079565,101.17830505055,0.));
#9555=CARTESIAN_POINT('Ctrl Pts',(18.9705672877884,106.931080287304,0.));
#9556=CARTESIAN_POINT('Ctrl Pts',(19.676292148558,111.854419748979,0.));
#9557=CARTESIAN_POINT('Ctrl Pts',(19.9472675019571,115.813612736494,0.));
#9558=CARTESIAN_POINT('Ctrl Pts',(20.0032077678636,118.582899733092,0.));
#9559=CARTESIAN_POINT('Ctrl Pts',(20.,120.,0.));
#9560=CARTESIAN_POINT('Ctrl Pts',(30.539,0.,10.));
#9561=CARTESIAN_POINT('Ctrl Pts',(30.539,1.07851448258579,10.));
#9562=CARTESIAN_POINT('Ctrl Pts',(30.4943386624362,3.27561636361725,10.));
#9563=CARTESIAN_POINT('Ctrl Pts',(30.2933628095463,6.6914857737646,10.));
#9564=CARTESIAN_POINT('Ctrl Pts',(29.7578006302624,11.4626386493651,10.));
#9565=CARTESIAN_POINT('Ctrl Pts',(28.6528580954035,17.65497888912,10.));
#9566=CARTESIAN_POINT('Ctrl Pts',(27.1406923417996,23.9143209036678,10.));
#9567=CARTESIAN_POINT('Ctrl Pts',(25.2760122959699,30.094374784705,10.));
#9568=CARTESIAN_POINT('Ctrl Pts',(23.1494665788765,36.1084149337793,10.));
#9569=CARTESIAN_POINT('Ctrl Pts',(20.8973529459248,41.9731148856745,10.));
#9570=CARTESIAN_POINT('Ctrl Pts',(18.6819627496694,47.7676295625584,10.));
#9571=CARTESIAN_POINT('Ctrl Pts',(16.672913108094,53.595323231683,10.));
#9572=CARTESIAN_POINT('Ctrl Pts',(15.0281762020605,59.5445053677228,10.));
#9573=CARTESIAN_POINT('Ctrl Pts',(13.8753010201141,65.6510860924787,10.));
#9574=CARTESIAN_POINT('Ctrl Pts',(13.2908484165904,71.8553815890535,10.));
#9575=CARTESIAN_POINT('Ctrl Pts',(13.298116135557,78.0447058121038,10.));
#9576=CARTESIAN_POINT('Ctrl Pts',(13.8651303110925,84.1009976222232,10.));
#9577=CARTESIAN_POINT('Ctrl Pts',(14.900909725895,89.946548431865,10.));
#9578=CARTESIAN_POINT('Ctrl Pts',(16.2510740980234,95.5905609900526,10.));
#9579=CARTESIAN_POINT('Ctrl Pts',(17.6914390079565,101.17830505055,10.));
#9580=CARTESIAN_POINT('Ctrl Pts',(18.9705672877884,106.931080287304,10.));
#9581=CARTESIAN_POINT('Ctrl Pts',(19.676292148558,111.854419748979,10.));
#9582=CARTESIAN_POINT('Ctrl Pts',(19.9472675019571,115.813612736494,10.));
#9583=CARTESIAN_POINT('Ctrl Pts',(20.0032077678636,118.582899733092,10.));
#9584=CARTESIAN_POINT('Ctrl Pts',(20.,120.,10.));
#9585=CARTESIAN_POINT('Origin',(0.,54.7305,10.));
#9586=CARTESIAN_POINT('Origin',(0.,54.7305,0.));
#9587=CARTESIAN_POINT('',(0.,0.,0.));
#9588=CARTESIAN_POINT('',(0.,0.,0.));
#9589=CARTESIAN_POINT('Origin',(5.41401428673392,7.88971192635525,20.));
#9590=CARTESIAN_POINT('',(5.41401428673392,8.92746192635525,20.));
#9591=CARTESIAN_POINT('Origin',(5.41401428673392,7.88971192635525,20.));
#9592=CARTESIAN_POINT('',(12.4140142867339,8.92746192635525,20.));
#9593=CARTESIAN_POINT('',(5.41401428673392,8.92746192635525,20.));
#9594=CARTESIAN_POINT('Origin',(12.4140142867339,7.88971192635525,20.));
#9595=CARTESIAN_POINT('Origin',(6.41401428673392,36.8897119263552,20.));
#9596=CARTESIAN_POINT('',(12.4140142867339,37.9274619263552,20.));
#9597=CARTESIAN_POINT('Origin',(12.4140142867339,36.8897119263552,20.));
#9598=CARTESIAN_POINT('',(5.41401428673392,37.9274619263552,20.));
#9599=CARTESIAN_POINT('',(6.41401428673392,37.9274619263552,20.));
#9600=CARTESIAN_POINT('Origin',(5.41401428673392,36.8897119263552,20.));
#9601=CARTESIAN_POINT('Origin',(6.41401428673392,10.3897119263553,26.25));
#9602=CARTESIAN_POINT('',(6.41401428673392,10.3897119263553,13.75));
#9603=CARTESIAN_POINT('',(6.41401428673392,10.3897119263553,26.25));
#9604=CARTESIAN_POINT('',(6.41401428673392,10.3897119263553,23.125));
#9605=CARTESIAN_POINT('',(5.41401428673392,10.3897119263553,13.75));
#9606=CARTESIAN_POINT('',(6.41401428673392,10.3897119263553,13.75));
#9607=CARTESIAN_POINT('',(5.41401428673392,10.3897119263553,26.25));
#9608=CARTESIAN_POINT('',(5.41401428673392,10.3897119263553,26.25));
#9609=CARTESIAN_POINT('',(6.41401428673392,10.3897119263553,26.25));
#9610=CARTESIAN_POINT('Origin',(5.41401428673392,7.88971192635525,20.));
#9611=CARTESIAN_POINT('',(5.41401428673392,5.38971192635525,26.25));
#9612=CARTESIAN_POINT('',(5.41401428673392,39.3897119263553,26.25));
#9613=CARTESIAN_POINT('',(5.41401428673392,5.38971192635525,13.75));
#9614=CARTESIAN_POINT('',(5.41401428673392,5.38971192635525,13.75));
#9615=CARTESIAN_POINT('',(5.41401428673392,5.38971192635525,26.25));
#9616=CARTESIAN_POINT('Origin',(6.41401428673392,5.38971192635525,26.25));
#9617=CARTESIAN_POINT('',(12.4140142867339,5.38971192635525,13.75));
#9618=CARTESIAN_POINT('',(12.4140142867339,5.38971192635525,26.25));
#9619=CARTESIAN_POINT('',(12.4140142867339,5.38971192635525,23.125));
#9620=CARTESIAN_POINT('',(6.41401428673392,5.38971192635525,26.25));
#9621=CARTESIAN_POINT('',(6.41401428673392,5.38971192635525,13.75));
#9622=CARTESIAN_POINT('Origin',(6.41401428673392,9.39135673439192,26.25));
#9623=CARTESIAN_POINT('',(12.4140142867339,9.39135673439192,26.25));
#9624=CARTESIAN_POINT('',(12.4140142867339,8.39094553238276,26.25));
#9625=CARTESIAN_POINT('',(6.41401428673392,9.39135673439192,26.25));
#9626=CARTESIAN_POINT('',(6.41401428673392,9.39135673439193,26.25));
#9627=CARTESIAN_POINT('',(6.41401428673392,16.8897119263553,26.25));
#9628=CARTESIAN_POINT('Origin',(6.41401428673392,5.38971192635525,13.75));
#9629=CARTESIAN_POINT('',(12.4140142867339,9.39135673439192,13.75));
#9630=CARTESIAN_POINT('',(12.4140142867339,6.39012312836442,13.75));
#9631=CARTESIAN_POINT('',(6.41401428673392,9.39135673439192,13.75));
#9632=CARTESIAN_POINT('',(6.41401428673392,19.3897119263553,13.75));
#9633=CARTESIAN_POINT('',(6.41401428673392,9.39135673439192,13.75));
#9634=CARTESIAN_POINT('Origin',(6.41401428673392,28.3897119263553,20.));
#9635=CARTESIAN_POINT('',(6.41401428673392,17.3897119263553,3.29670691150993));
#9636=CARTESIAN_POINT('Origin',(6.41401428673392,28.3897119263553,20.));
#9637=CARTESIAN_POINT('',(6.36466219717328,17.6999836627047,3.09645866543611));
#9638=CARTESIAN_POINT('Ctrl Pts',(6.36466219717328,17.6999836627047,3.09645866543611));
#9639=CARTESIAN_POINT('Ctrl Pts',(6.39851982127701,17.5962465966562,3.16206154858219));
#9640=CARTESIAN_POINT('Ctrl Pts',(6.41401428673392,17.4895312278863,3.23097063357813));
#9641=CARTESIAN_POINT('Ctrl Pts',(6.41401428673392,17.3897119263553,3.29670691150993));
#9642=CARTESIAN_POINT('',(6.41401425654602,17.7367612724634,3.07325659301989));
#9643=CARTESIAN_POINT('Ctrl Pts',(6.41380336420387,17.7368395191883,3.07293636104616));
#9644=CARTESIAN_POINT('Ctrl Pts',(6.39745116241954,17.7245226885846,3.08069574344469));
#9645=CARTESIAN_POINT('Ctrl Pts',(6.38099746580382,17.7122706678316,3.08843304432713));
#9646=CARTESIAN_POINT('Ctrl Pts',(6.36444342832026,17.7000838375745,3.0961474700544));
#9647=CARTESIAN_POINT('',(7.93172573605483,21.631989906737,1.17625985343066));
#9648=CARTESIAN_POINT('Ctrl Pts',(7.93172573605483,21.631989906737,1.17625985343066));
#9649=CARTESIAN_POINT('Ctrl Pts',(8.03033701591145,21.2697574021218,1.30630130925182));
#9650=CARTESIAN_POINT('Ctrl Pts',(8.15495062454452,20.1657867640747,1.73711818458404));
#9651=CARTESIAN_POINT('Ctrl Pts',(7.59706589983446,18.7932198177332,2.42935037390667));
#9652=CARTESIAN_POINT('Ctrl Pts',(6.73133171528192,17.9760087126526,2.92226405826489));
#9653=CARTESIAN_POINT('Ctrl Pts',(6.41380336420387,17.7368395191883,3.07293636104616));
#9654=CARTESIAN_POINT('',(6.41401428673392,28.3897119263553,0.));
#9655=CARTESIAN_POINT('Ctrl Pts',(6.41401428673392,28.3897119263553,-2.22044604925031E-15));
#9656=CARTESIAN_POINT('Ctrl Pts',(6.41766386218934,28.3718697405744,-2.22153856803563E-15));
#9657=CARTESIAN_POINT('Ctrl Pts',(6.42130653181339,28.3540277731975,3.21267924308541E-5));
#9658=CARTESIAN_POINT('Ctrl Pts',(6.89127770503933,26.0626051419179,0.0046476735410297));
#9659=CARTESIAN_POINT('Ctrl Pts',(7.3531572470163,23.7572671892195,0.413285387261998));
#9660=CARTESIAN_POINT('Ctrl Pts',(7.93172573605483,21.631989906737,1.17625985343066));
#9661=CARTESIAN_POINT('',(7.93172573605483,35.1474339459735,1.17625985343066));
#9662=CARTESIAN_POINT('Ctrl Pts',(7.93172573605483,35.1474339459735,1.17625985343066));
#9663=CARTESIAN_POINT('Ctrl Pts',(7.35315724701629,33.0221566634911,0.413285387261996));
#9664=CARTESIAN_POINT('Ctrl Pts',(6.89121839022466,30.7168154963082,0.0047129509312369));
#9665=CARTESIAN_POINT('Ctrl Pts',(6.42130684699737,28.4253960967655,3.17803252909214E-5));
#9666=CARTESIAN_POINT('Ctrl Pts',(6.41766386219232,28.407554112155,-2.21984737873937E-15));
#9667=CARTESIAN_POINT('Ctrl Pts',(6.41401428673392,28.3897119263553,-2.22044604925031E-15));
#9668=CARTESIAN_POINT('',(6.41401426304832,39.0426625704429,3.07325658684953));
#9669=CARTESIAN_POINT('Ctrl Pts',(6.41396983413815,39.0427688521653,3.07299311499288));
#9670=CARTESIAN_POINT('Ctrl Pts',(7.06429840397025,38.551206487885,2.76503804815317));
#9671=CARTESIAN_POINT('Ctrl Pts',(7.79986519825068,37.6407938774454,2.23841933557435));
#9672=CARTESIAN_POINT('Ctrl Pts',(8.11116061793231,36.2469631931742,1.59585031493379));
#9673=CARTESIAN_POINT('Ctrl Pts',(8.03058622036764,35.5105818626435,1.30662994214581));
#9674=CARTESIAN_POINT('Ctrl Pts',(7.93172573605482,35.1474339459735,1.17625985343066));
#9675=CARTESIAN_POINT('',(6.36466219717125,39.0794401899996,3.09645866543217));
#9676=CARTESIAN_POINT('Ctrl Pts',(6.36463745007987,39.0796135312158,3.09612999880831));
#9677=CARTESIAN_POINT('Ctrl Pts',(6.36497519206745,39.0793642868338,3.09597311504711));
#9678=CARTESIAN_POINT('Ctrl Pts',(6.38152014157987,39.067151579262,3.08828634702584));
#9679=CARTESIAN_POINT('Ctrl Pts',(6.39796245307308,39.0548683145713,3.08057321270733));
#9680=CARTESIAN_POINT('Ctrl Pts',(6.41396983413816,39.0427688521653,3.07299311499287));
#9681=CARTESIAN_POINT('',(6.41401428673392,39.3897119263552,3.29670691150993));
#9682=CARTESIAN_POINT('Ctrl Pts',(6.41401428673392,39.3897119263552,3.29670691150993));
#9683=CARTESIAN_POINT('Ctrl Pts',(6.41401428673392,39.2898926248222,3.23097063357681));
#9684=CARTESIAN_POINT('Ctrl Pts',(6.39851982127637,39.18317725605,3.16206154857943));
#9685=CARTESIAN_POINT('Ctrl Pts',(6.36466219717125,39.0794401899996,3.09645866543217));
#9686=CARTESIAN_POINT('Origin',(6.41401428673392,28.3897119263553,20.));
#9687=CARTESIAN_POINT('Origin',(12.4140142867339,28.3897119263553,20.));
#9688=CARTESIAN_POINT('Origin',(6.41401428673392,34.3897119263553,13.75));
#9689=CARTESIAN_POINT('',(6.41401428673392,34.3897119263553,26.25));
#9690=CARTESIAN_POINT('',(6.41401428673392,34.3897119263553,20.));
#9691=CARTESIAN_POINT('',(6.41401428673392,34.3897119263552,16.875));
#9692=CARTESIAN_POINT('',(5.41401428673392,34.3897119263553,26.25));
#9693=CARTESIAN_POINT('',(6.41401428673392,34.3897119263553,26.25));
#9694=CARTESIAN_POINT('',(5.41401428673392,34.3897119263553,13.75));
#9695=CARTESIAN_POINT('',(5.41401428673392,34.3897119263553,26.25));
#9696=CARTESIAN_POINT('',(6.41401428673392,34.3897119263553,13.75));
#9697=CARTESIAN_POINT('',(6.41401428673392,34.3897119263553,13.75));
#9698=CARTESIAN_POINT('',(6.41401428673392,34.3897119263552,16.875));
#9699=CARTESIAN_POINT('Origin',(6.41401428673392,39.3897119263553,13.75));
#9700=CARTESIAN_POINT('',(6.41401428673392,39.3897119263553,13.75));
#9701=CARTESIAN_POINT('',(6.41401428673392,33.8897119263552,13.75));
#9702=CARTESIAN_POINT('',(5.41401428673392,39.3897119263553,13.75));
#9703=CARTESIAN_POINT('',(5.41401428673392,5.38971192635525,13.75));
#9704=CARTESIAN_POINT('',(6.41401428673392,39.3897119263553,13.75));
#9705=CARTESIAN_POINT('Origin',(6.41401428673392,39.3897119263553,26.25));
#9706=CARTESIAN_POINT('',(6.41401428673392,39.3897119263553,26.25));
#9707=CARTESIAN_POINT('',(6.41401428673392,39.3897119263552,23.125));
#9708=CARTESIAN_POINT('',(5.41401428673392,39.3897119263553,26.25));
#9709=CARTESIAN_POINT('',(5.41401428673392,39.3897119263553,13.75));
#9710=CARTESIAN_POINT('',(6.41401428673392,39.3897119263553,26.25));
#9711=CARTESIAN_POINT('Origin',(6.41401428673392,34.3897119263553,26.25));
#9712=CARTESIAN_POINT('',(6.41401428673392,31.3897119263553,26.25));
#9713=CARTESIAN_POINT('',(5.41401428673392,39.3897119263553,26.25));
#9714=CARTESIAN_POINT('Origin',(5.41401428673392,36.8897119263553,20.));
#9715=CARTESIAN_POINT('Origin',(6.41401428673392,28.3897119263553,20.));
#9716=CARTESIAN_POINT('',(6.41401428673392,39.3897119263552,4.3));
#9717=CARTESIAN_POINT('',(6.41401428673392,39.3897119263552,10.));
#9718=CARTESIAN_POINT('',(6.41401428673392,37.6897119263553,6.));
#9719=CARTESIAN_POINT('Origin',(6.41401428673392,37.6897119263553,4.3));
#9720=CARTESIAN_POINT('',(6.41401428673392,19.0897119263553,6.));
#9721=CARTESIAN_POINT('',(6.41401428673392,27.1380175724069,6.));
#9722=CARTESIAN_POINT('',(6.41401428673392,17.3897119263553,4.3));
#9723=CARTESIAN_POINT('Origin',(6.41401428673392,19.0897119263553,4.3));
#9724=CARTESIAN_POINT('',(6.41401428673392,17.3897119263553,10.));
#9725=CARTESIAN_POINT('',(6.41401428673392,22.9522119263553,22.5364529859629));
#9726=CARTESIAN_POINT('',(6.41401428673392,22.9522119263553,17.4635470140371));
#9727=CARTESIAN_POINT('Origin',(6.41401428673392,21.8897119263553,20.));
#9728=CARTESIAN_POINT('Origin',(6.41401428673392,28.3897119263553,20.));
#9729=CARTESIAN_POINT('Origin',(6.41401428673392,28.3897119263553,20.));
#9730=CARTESIAN_POINT('Origin',(6.41401428673392,21.8897119263553,20.));
#9731=CARTESIAN_POINT('',(12.4140142867339,22.9522119263553,17.4635470140371));
#9732=CARTESIAN_POINT('',(12.4140142867339,22.9522119263553,22.5364529859629));
#9733=CARTESIAN_POINT('Origin',(12.4140142867339,21.8897119263553,20.));
#9734=CARTESIAN_POINT('',(6.41401428673392,22.9522119263553,17.4635470140371));
#9735=CARTESIAN_POINT('',(6.41401428673392,22.9522119263553,22.5364529859629));
#9736=CARTESIAN_POINT('Origin',(6.41401428673392,28.3897119263553,20.));
#9737=CARTESIAN_POINT('Origin',(12.4140142867339,28.3897119263553,20.));
#9738=CARTESIAN_POINT('Origin',(5.41401428673392,39.3897119263552,10.));
#9739=CARTESIAN_POINT('',(5.41401428673393,38.3897119263553,2.48816837540157));
#9740=CARTESIAN_POINT('Ctrl Pts',(6.36466219716702,39.0794401899866,3.09645866542397));
#9741=CARTESIAN_POINT('Ctrl Pts',(6.33825828057829,38.9985406906442,3.04529816316488));
#9742=CARTESIAN_POINT('Ctrl Pts',(6.30154813534353,38.9210750951298,2.99438154545541));
#9743=CARTESIAN_POINT('Ctrl Pts',(6.21141829668323,38.7808489999272,2.8967115796544));
#9744=CARTESIAN_POINT('Ctrl Pts',(6.1591315381694,38.7177223150092,2.85001099618502));
#9745=CARTESIAN_POINT('Ctrl Pts',(6.01026827168257,38.5776836618089,2.73769237528812));
#9746=CARTESIAN_POINT('Ctrl Pts',(5.90473074183711,38.5091567301828,2.67386782586587));
#9747=CARTESIAN_POINT('Ctrl Pts',(5.69659742868774,38.4255681242529,2.57562287635872));
#9748=CARTESIAN_POINT('Ctrl Pts',(5.59923227818028,38.4017556882161,2.53786839650039));
#9749=CARTESIAN_POINT('Ctrl Pts',(5.47005519649036,38.3908955855816,2.50150652447841));
#9750=CARTESIAN_POINT('Ctrl Pts',(5.44209949838457,38.3897119263553,2.49442217211279));
#9751=CARTESIAN_POINT('Ctrl Pts',(5.41401428673393,38.3897119263553,2.48816837540157));
#9752=CARTESIAN_POINT('',(5.41401428673392,38.3897119263553,4.3));
#9753=CARTESIAN_POINT('',(5.41401428673392,38.3897119263553,10.));
#9754=CARTESIAN_POINT('Origin',(5.41401428673392,39.3897119263552,4.3));
#9755=CARTESIAN_POINT('Origin',(5.41401428673392,37.6897119263553,4.3));
#9756=CARTESIAN_POINT('',(5.41401428673392,37.6897119263553,5.));
#9757=CARTESIAN_POINT('Origin',(5.41401428673392,37.6897119263553,6.));
#9758=CARTESIAN_POINT('Origin',(5.41401428673392,37.6897119263553,4.3));
#9759=CARTESIAN_POINT('Origin',(5.41401428673392,27.1380175724069,6.));
#9760=CARTESIAN_POINT('',(5.41401428673392,19.0897119263553,5.));
#9761=CARTESIAN_POINT('Origin',(5.41401428673392,19.0897119263553,6.));
#9762=CARTESIAN_POINT('',(5.41401428673392,27.1380175724069,5.));
#9763=CARTESIAN_POINT('Origin',(5.41401428673392,19.0897119263553,4.3));
#9764=CARTESIAN_POINT('',(5.41401428673392,18.3897119263553,4.3));
#9765=CARTESIAN_POINT('Origin',(5.41401428673392,17.3897119263553,4.3));
#9766=CARTESIAN_POINT('Origin',(5.41401428673392,19.0897119263553,4.3));
#9767=CARTESIAN_POINT('Origin',(5.41401428673392,17.3897119263553,10.));
#9768=CARTESIAN_POINT('',(5.41401428673239,18.3897119263553,2.48816837540088));
#9769=CARTESIAN_POINT('',(5.41401428673392,18.3897119263553,10.));
#9770=CARTESIAN_POINT('Ctrl Pts',(5.41401428673231,18.3897119263553,2.48816837540121));
#9771=CARTESIAN_POINT('Ctrl Pts',(5.43501606991508,18.3897119263553,2.49284488929868));
#9772=CARTESIAN_POINT('Ctrl Pts',(5.45595216493021,18.389050165985,2.49798747695707));
#9773=CARTESIAN_POINT('Ctrl Pts',(5.59165587145225,18.3805151847235,2.5342327123258));
#9774=CARTESIAN_POINT('Ctrl Pts',(5.70169118078657,18.3536470136385,2.57702592686397));
#9775=CARTESIAN_POINT('Ctrl Pts',(5.93176590118535,18.2566946962679,2.68810930871551));
#9776=CARTESIAN_POINT('Ctrl Pts',(6.05091694112621,18.1742912974094,2.76269477142559));
#9777=CARTESIAN_POINT('Ctrl Pts',(6.24754207980677,17.9608004207318,2.92602125015373));
#9778=CARTESIAN_POINT('Ctrl Pts',(6.32048148657879,17.8353498442965,3.01085366298951));
#9779=CARTESIAN_POINT('Ctrl Pts',(6.36466219716702,17.6999836627239,3.09645866542397));
#9780=CARTESIAN_POINT('Origin',(-30.5712728654898,18.3897119263552,0.));
#9781=CARTESIAN_POINT('',(-27.8953502827658,18.3897119263552,4.3));
#9782=CARTESIAN_POINT('',(-33.5737001035151,18.3897119263552,4.3));
#9783=CARTESIAN_POINT('',(-27.8953502827658,18.3897119263552,0.7));
#9784=CARTESIAN_POINT('',(-27.8953502827658,18.3897119263552,0.));
#9785=CARTESIAN_POINT('',(1.3339007868982,18.3897119263553,0.7));
#9786=CARTESIAN_POINT('',(-33.5737001035151,18.3897119263552,0.7));
#9787=CARTESIAN_POINT('',(1.6454987014074,18.3897119263553,0.708163536623967));
#9788=CARTESIAN_POINT('Ctrl Pts',(1.6454987014074,18.3897119263553,0.708163536623964));
#9789=CARTESIAN_POINT('Ctrl Pts',(1.54172624275982,18.3897119263553,0.702726730666868));
#9790=CARTESIAN_POINT('Ctrl Pts',(1.43781248636632,18.3897119263553,0.7));
#9791=CARTESIAN_POINT('Ctrl Pts',(1.33390078689821,18.3897119263553,0.7));
#9792=CARTESIAN_POINT('Ctrl Pts',(5.41401428673231,18.3897119263553,2.48816837540121));
#9793=CARTESIAN_POINT('Ctrl Pts',(5.0176662615169,18.3897119263553,2.39991267672858));
#9794=CARTESIAN_POINT('Ctrl Pts',(4.60671762301429,18.3897119263553,2.27786299085855));
#9795=CARTESIAN_POINT('Ctrl Pts',(3.09268098298749,18.3897119263553,1.69619928506002));
#9796=CARTESIAN_POINT('Ctrl Pts',(2.24454423353605,18.3897119263553,1.13457776873863));
#9797=CARTESIAN_POINT('Ctrl Pts',(1.6454987014074,18.3897119263553,0.708163536623966));
#9798=CARTESIAN_POINT('Origin',(-33.5737001035151,19.0897119263552,4.3));
#9799=CARTESIAN_POINT('',(-30.9459020270711,19.0897119263552,5.));
#9800=CARTESIAN_POINT('',(-33.5737001035151,19.0897119263552,5.));
#9801=CARTESIAN_POINT('Origin',(-30.9459020270711,19.0897119263552,4.3));
#9802=CARTESIAN_POINT('Origin',(-36.5761273415404,25.8863232184586,5.));
#9803=CARTESIAN_POINT('',(-30.8662184634758,37.6897119263553,5.));
#9804=CARTESIAN_POINT('',(-21.5761981556775,37.6897119263553,5.));
#9805=CARTESIAN_POINT('',(-39.6052675085558,46.4287609714352,5.));
#9806=CARTESIAN_POINT('',(-29.4453611326025,36.2688545954819,5.));
#9807=CARTESIAN_POINT('',(-42.6458266676579,47.6882018123331,5.));
#9808=CARTESIAN_POINT('Origin',(-42.6458266676579,43.3882018123331,5.));
#9809=CARTESIAN_POINT('',(-53.8988362730685,47.688201812333,5.));
#9810=CARTESIAN_POINT('',(-38.5754430986664,47.6882018123331,5.));
#9811=CARTESIAN_POINT('',(-57.4766553498106,45.7734084394621,5.));
#9812=CARTESIAN_POINT('Origin',(-53.8988362730685,43.3882018123331,5.));
#9813=CARTESIAN_POINT('',(-65.1538047900082,34.2576548734072,5.));
#9814=CARTESIAN_POINT('',(-58.1083576436949,44.8258525790285,5.));
#9815=CARTESIAN_POINT('',(-65.8759857132661,31.8724482462782,5.));
#9816=CARTESIAN_POINT('Origin',(-61.5759857132661,31.8724482462782,5.));
#9817=CARTESIAN_POINT('',(-65.8759857132661,19.900198190639,5.));
#9818=CARTESIAN_POINT('',(-65.8759857132661,29.6363232184586,5.));
#9819=CARTESIAN_POINT('',(-65.1538047900082,17.51499156351,5.));
#9820=CARTESIAN_POINT('Origin',(-61.5759857132661,19.900198190639,5.));
#9821=CARTESIAN_POINT('',(-57.4766553498106,5.99923799745513,5.));
#9822=CARTESIAN_POINT('',(-63.1089710724317,14.4477331548259,5.));
#9823=CARTESIAN_POINT('',(-53.8988362730685,4.08444462458418,5.));
#9824=CARTESIAN_POINT('Origin',(-53.8988362730685,8.38444462458417,5.));
#9825=CARTESIAN_POINT('',(-43.2506814385164,4.08444462458418,5.));
#9826=CARTESIAN_POINT('',(-46.5754430986664,4.08444462458418,5.));
#9827=CARTESIAN_POINT('',(-39.6728623617743,5.99923799745514,5.));
#9828=CARTESIAN_POINT('Origin',(-43.2506814385164,8.38444462458418,5.));
#9829=CARTESIAN_POINT('',(-35.3492865013401,12.4846183486837,5.));
#9830=CARTESIAN_POINT('',(-38.8226877638093,8.38477060865091,5.));
#9831=CARTESIAN_POINT('Origin',(-40.5726877638093,8.38477060865091,5.));
#9832=CARTESIAN_POINT('',(-54.822687692943,8.38326471339949,5.));
#9833=CARTESIAN_POINT('Origin',(-56.572687692943,8.38326471339949,5.));
#9834=CARTESIAN_POINT('',(-59.8259857132661,28.3897119263552,5.));
#9835=CARTESIAN_POINT('Origin',(-61.5759857132661,28.3897119263552,5.));
#9836=CARTESIAN_POINT('',(-23.5859857132661,22.1393232184587,5.));
#9837=CARTESIAN_POINT('',(-57.5859857132661,22.1393232184587,5.));
#9838=CARTESIAN_POINT('',(-44.5810565274032,22.1393232184587,5.));
#9839=CARTESIAN_POINT('',(-57.5859857132661,34.6393232184587,5.));
#9840=CARTESIAN_POINT('',(-57.5859857132661,30.2628232184586,5.));
#9841=CARTESIAN_POINT('',(-23.5859857132661,34.6393232184587,5.));
#9842=CARTESIAN_POINT('',(-44.5810565274032,34.6393232184587,5.));
#9843=CARTESIAN_POINT('',(-23.5859857132661,24.0128232184586,5.));
#9844=CARTESIAN_POINT('Origin',(-21.5761981556775,37.6897119263553,4.3));
#9845=CARTESIAN_POINT('',(-28.5052011579492,38.3897119263553,4.3));
#9846=CARTESIAN_POINT('',(-21.5761981556775,38.3897119263553,4.3));
#9847=CARTESIAN_POINT('Origin',(-30.8662184634758,37.6897119263553,4.3));
#9848=CARTESIAN_POINT('Origin',(-6.57626896981467,38.3897119263553,0.));
#9849=CARTESIAN_POINT('',(1.64549870140738,38.3897119263553,0.708163536623971));
#9850=CARTESIAN_POINT('Ctrl Pts',(1.64549870140738,38.3897119263553,0.708163536623971));
#9851=CARTESIAN_POINT('Ctrl Pts',(2.24402308182081,38.3897119263553,1.1342068010967));
#9852=CARTESIAN_POINT('Ctrl Pts',(3.1149292280769,38.3897119263535,1.71230717811708));
#9853=CARTESIAN_POINT('Ctrl Pts',(4.6217161239558,38.3897119263535,2.28077579413833));
#9854=CARTESIAN_POINT('Ctrl Pts',(5.01514564731571,38.3897119263553,2.39935140594325));
#9855=CARTESIAN_POINT('Ctrl Pts',(5.41401428673393,38.3897119263553,2.48816837540157));
#9856=CARTESIAN_POINT('',(1.3339007868982,38.3897119263553,0.7));
#9857=CARTESIAN_POINT('Ctrl Pts',(1.33390078689822,38.3897119263553,0.700000000000001));
#9858=CARTESIAN_POINT('Ctrl Pts',(1.43781248636632,38.3897119263553,0.700000000000001));
#9859=CARTESIAN_POINT('Ctrl Pts',(1.54172624275983,38.3897119263553,0.702726730666869));
#9860=CARTESIAN_POINT('Ctrl Pts',(1.64549870140741,38.3897119263553,0.708163536623966));
#9861=CARTESIAN_POINT('',(-28.5052011579492,38.3897119263553,0.7));
#9862=CARTESIAN_POINT('',(-21.5761981556775,38.3897119263553,0.7));
#9863=CARTESIAN_POINT('',(-28.5052011579492,38.3897119263553,0.));
#9864=CARTESIAN_POINT('Ctrl Pts',(-30.9459020270711,19.0897119263552,0.));
#9865=CARTESIAN_POINT('Ctrl Pts',(-31.1949187970848,18.4330059819354,2.28891370181816E-15));
#9866=CARTESIAN_POINT('Ctrl Pts',(-31.608465588668,17.342402179173,0.0917371211766268));
#9867=CARTESIAN_POINT('Ctrl Pts',(-31.9796949936453,16.3633976045867,0.386190869252184));
#9868=CARTESIAN_POINT('Ctrl Pts',(-32.0556050231636,16.1632080044123,0.595280244880333));
#9869=CARTESIAN_POINT('Ctrl Pts',(-32.0556050231636,16.1632080044123,0.699999999999993));
#9870=CARTESIAN_POINT('Ctrl Pts',(-30.9459020270711,19.0897119263552,-8.36381856829556E-32));
#9871=CARTESIAN_POINT('Ctrl Pts',(-31.0170980388603,18.5281728984574,2.28891370181816E-15));
#9872=CARTESIAN_POINT('Ctrl Pts',(-31.1474840610727,17.6102698856438,0.231071759486055));
#9873=CARTESIAN_POINT('Ctrl Pts',(-31.4446060844146,17.0202319377496,0.606536409156554));
#9874=CARTESIAN_POINT('Ctrl Pts',(-31.5364092506548,16.9420036518492,0.670650491506255));
#9875=CARTESIAN_POINT('Ctrl Pts',(-31.5364092506548,16.9420036518492,0.699999999999993));
#9876=CARTESIAN_POINT('Ctrl Pts',(-30.9459020270711,19.0897119263552,1.94789959524036E-31));
#9877=CARTESIAN_POINT('Ctrl Pts',(-30.7059117119676,18.6947150023708,2.20438850029395E-15));
#9878=CARTESIAN_POINT('Ctrl Pts',(-30.3219427376619,18.0680121175397,0.335854123477422));
#9879=CARTESIAN_POINT('Ctrl Pts',(-30.2127459072901,17.971161098132,0.780218124723119));
#9880=CARTESIAN_POINT('Ctrl Pts',(-30.2359318561281,18.0403684217507,0.730281652829532));
#9881=CARTESIAN_POINT('Ctrl Pts',(-30.2359318561281,18.0403684217507,0.699999999999994));
#9882=CARTESIAN_POINT('Ctrl Pts',(-30.9459020270711,19.0897119263552,1.8818591778665E-31));
#9883=CARTESIAN_POINT('Ctrl Pts',(-30.3947253850748,18.8612571062843,1.97194419610234E-15));
#9884=CARTESIAN_POINT('Ctrl Pts',(-29.4838351725203,18.4962802463174,0.196354517014787));
#9885=CARTESIAN_POINT('Ctrl Pts',(-28.7365455585104,18.3769785683042,0.550918640491817));
#9886=CARTESIAN_POINT('Ctrl Pts',(-28.597346641193,18.3897119263553,0.651525728511651));
#9887=CARTESIAN_POINT('Ctrl Pts',(-28.597346641193,18.3897119263553,0.699999999999996));
#9888=CARTESIAN_POINT('Ctrl Pts',(-30.9459020270711,19.0897119263552,0.));
#9889=CARTESIAN_POINT('Ctrl Pts',(-30.2613598164065,18.9326322936758,1.84515639381602E-15));
#9890=CARTESIAN_POINT('Ctrl Pts',(-29.124527807429,18.6717672197527,0.0917371211766264));
#9891=CARTESIAN_POINT('Ctrl Pts',(-28.1040254632175,18.4375959285161,0.386190869252185));
#9892=CARTESIAN_POINT('Ctrl Pts',(-27.8953502827658,18.3897119263553,0.595280244880336));
#9893=CARTESIAN_POINT('Ctrl Pts',(-27.8953502827658,18.3897119263553,0.699999999999996));
#9894=CARTESIAN_POINT('',(-32.0556050231636,16.1632080044123,0.7));
#9895=CARTESIAN_POINT('Origin',(-27.8953502827658,13.3897119263553,0.7));
#9896=CARTESIAN_POINT('',(-30.9459020270711,19.0897119263552,0.));
#9897=CARTESIAN_POINT('Origin',(-30.9459020270711,19.0897119263553,0.7));
#9898=CARTESIAN_POINT('Origin',(-30.9459020270711,19.0897119263552,0.7));
#9899=CARTESIAN_POINT('Origin',(-27.8953502827658,13.3897119263552,0.));
#9900=CARTESIAN_POINT('',(-32.0556050231636,16.1632080044123,4.3));
#9901=CARTESIAN_POINT('Origin',(-27.8953502827658,13.3897119263552,4.3));
#9902=CARTESIAN_POINT('',(-32.0556050231636,16.1632080044123,0.));
#9903=CARTESIAN_POINT('Ctrl Pts',(-30.9459020270711,19.0897119263552,5.));
#9904=CARTESIAN_POINT('Ctrl Pts',(-30.2613598164065,18.9326322936758,5.));
#9905=CARTESIAN_POINT('Ctrl Pts',(-29.1245431052388,18.6717707300905,4.90825391805808));
#9906=CARTESIAN_POINT('Ctrl Pts',(-28.1040367827628,18.4375985259747,4.61380552934169));
#9907=CARTESIAN_POINT('Ctrl Pts',(-27.8953502827658,18.3897119263552,4.40471975511966));
#9908=CARTESIAN_POINT('Ctrl Pts',(-27.8953502827658,18.3897119263552,4.3));
#9909=CARTESIAN_POINT('Ctrl Pts',(-30.9459020270711,19.0897119263552,5.));
#9910=CARTESIAN_POINT('Ctrl Pts',(-30.4391805746309,18.8374653771538,5.));
#9911=CARTESIAN_POINT('Ctrl Pts',(-29.6031229451304,18.436794415662,4.76883379537436));
#9912=CARTESIAN_POINT('Ctrl Pts',(-28.9473560299009,18.3566946141385,4.39342422476968));
#9913=CARTESIAN_POINT('Ctrl Pts',(-28.8313454273353,18.3897119263552,4.32934950849374));
#9914=CARTESIAN_POINT('Ctrl Pts',(-28.8313454273353,18.3897119263552,4.3));
#9915=CARTESIAN_POINT('Ctrl Pts',(-30.9459020270711,19.0897119263553,5.));
#9916=CARTESIAN_POINT('Ctrl Pts',(-30.7503669015237,18.6709232732403,5.));
#9917=CARTESIAN_POINT('Ctrl Pts',(-30.4419280008977,18.0038536160743,4.66400588895557));
#9918=CARTESIAN_POINT('Ctrl Pts',(-30.4218726562425,17.8591975863349,4.21975938811775));
#9919=CARTESIAN_POINT('Ctrl Pts',(-30.4666060834859,17.9168964305951,4.26971834717046));
#9920=CARTESIAN_POINT('Ctrl Pts',(-30.4666060834859,17.9168964305951,4.3));
#9921=CARTESIAN_POINT('Ctrl Pts',(-30.9459020270711,19.0897119263552,5.));
#9922=CARTESIAN_POINT('Ctrl Pts',(-31.0615532284164,18.5043811693269,5.));
#9923=CARTESIAN_POINT('Ctrl Pts',(-31.2631501162711,17.5440503480852,4.80357737593843));
#9924=CARTESIAN_POINT('Ctrl Pts',(-31.578388435999,16.856060584293,4.44906285550915));
#9925=CARTESIAN_POINT('Ctrl Pts',(-31.666208193782,16.74730473999,4.34847427148834));
#9926=CARTESIAN_POINT('Ctrl Pts',(-31.666208193782,16.74730473999,4.3));
#9927=CARTESIAN_POINT('Ctrl Pts',(-30.9459020270711,19.0897119263552,5.));
#9928=CARTESIAN_POINT('Ctrl Pts',(-31.1949187970848,18.4330059819354,5.));
#9929=CARTESIAN_POINT('Ctrl Pts',(-31.6084600237647,17.3424168549118,4.90825391805808));
#9930=CARTESIAN_POINT('Ctrl Pts',(-31.9796908759203,16.3634084638333,4.61380552934168));
#9931=CARTESIAN_POINT('Ctrl Pts',(-32.0556050231636,16.1632080044123,4.40471975511966));
#9932=CARTESIAN_POINT('Ctrl Pts',(-32.0556050231636,16.1632080044123,4.3));
#9933=CARTESIAN_POINT('Origin',(-30.9459020270711,19.0897119263553,4.3));
#9934=CARTESIAN_POINT('Origin',(-33.5737001035151,19.0897119263552,0.7));
#9935=CARTESIAN_POINT('',(1.3339007868982,19.0897119263552,0.));
#9936=CARTESIAN_POINT('',(-33.5737001035151,19.0897119263552,0.));
#9937=CARTESIAN_POINT('Origin',(1.3339007868982,19.0897119263553,0.7));
#9938=CARTESIAN_POINT('Origin',(-35.3492865013401,12.4846183486837,0.7));
#9939=CARTESIAN_POINT('',(-39.0904266981186,5.61094854652716,0.7));
#9940=CARTESIAN_POINT('',(-34.7668508376844,12.0963288977558,0.7));
#9941=CARTESIAN_POINT('',(-39.6728623617743,5.99923799745514,0.));
#9942=CARTESIAN_POINT('Origin',(-39.6728623617743,5.99923799745514,0.7));
#9943=CARTESIAN_POINT('',(-35.3492865013401,12.4846183486837,0.));
#9944=CARTESIAN_POINT('Origin',(-43.2506814385164,8.38444462458418,4.3));
#9945=CARTESIAN_POINT('',(-39.0904266981186,5.61094854652716,4.3));
#9946=CARTESIAN_POINT('Origin',(-39.6728623617743,5.99923799745514,4.3));
#9947=CARTESIAN_POINT('',(-43.2506814385164,3.38444462458418,4.3));
#9948=CARTESIAN_POINT('Origin',(-43.2506814385164,4.08444462458418,4.3));
#9949=CARTESIAN_POINT('Origin',(-43.2506814385164,8.38444462458418,4.3));
#9950=CARTESIAN_POINT('Origin',(-43.2506814385164,8.38444462458418,0.7));
#9951=CARTESIAN_POINT('',(-43.2506814385164,3.38444462458418,0.7));
#9952=CARTESIAN_POINT('Origin',(-43.2506814385164,8.38444462458418,0.7));
#9953=CARTESIAN_POINT('',(-43.2506814385164,4.08444462458418,0.));
#9954=CARTESIAN_POINT('Origin',(-43.2506814385164,4.08444462458418,0.7));
#9955=CARTESIAN_POINT('Origin',(-43.2506814385164,8.38444462458418,0.));
#9956=CARTESIAN_POINT('Origin',(-43.2506814385164,8.38444462458418,0.));
#9957=CARTESIAN_POINT('',(-39.0904266981186,5.61094854652715,0.));
#9958=CARTESIAN_POINT('',(-43.2506814385164,3.38444462458418,0.));
#9959=CARTESIAN_POINT('Origin',(-40.5747588557924,3.38444462458419,0.));
#9960=CARTESIAN_POINT('',(-34.7668508376844,12.0963288977558,4.3));
#9961=CARTESIAN_POINT('Origin',(-36.5761273415404,25.8863232184586,0.));
#9962=CARTESIAN_POINT('',(-53.8988362730685,4.08444462458418,0.));
#9963=CARTESIAN_POINT('',(-46.5754430986664,4.08444462458418,0.));
#9964=CARTESIAN_POINT('',(-57.4766553498106,5.99923799745513,0.));
#9965=CARTESIAN_POINT('Origin',(-53.8988362730685,8.38444462458417,0.));
#9966=CARTESIAN_POINT('',(-65.1538047900082,17.51499156351,0.));
#9967=CARTESIAN_POINT('',(-63.1089710724317,14.4477331548259,0.));
#9968=CARTESIAN_POINT('',(-65.8759857132661,19.900198190639,0.));
#9969=CARTESIAN_POINT('Origin',(-61.5759857132661,19.900198190639,0.));
#9970=CARTESIAN_POINT('',(-65.8759857132661,31.8724482462782,0.));
#9971=CARTESIAN_POINT('',(-65.8759857132661,29.6363232184586,0.));
#9972=CARTESIAN_POINT('',(-65.1538047900082,34.2576548734072,0.));
#9973=CARTESIAN_POINT('Origin',(-61.5759857132661,31.8724482462782,0.));
#9974=CARTESIAN_POINT('',(-57.4766553498106,45.7734084394621,0.));
#9975=CARTESIAN_POINT('',(-58.1083576436949,44.8258525790285,0.));
#9976=CARTESIAN_POINT('',(-53.8988362730685,47.688201812333,0.));
#9977=CARTESIAN_POINT('Origin',(-53.8988362730685,43.3882018123331,0.));
#9978=CARTESIAN_POINT('',(-42.6458266676579,47.6882018123331,0.));
#9979=CARTESIAN_POINT('',(-38.5754430986664,47.6882018123331,0.));
#9980=CARTESIAN_POINT('',(-39.6052675085558,46.4287609714352,0.));
#9981=CARTESIAN_POINT('Origin',(-42.6458266676579,43.3882018123331,0.));
#9982=CARTESIAN_POINT('',(-30.8662184634758,37.6897119263553,0.));
#9983=CARTESIAN_POINT('',(-29.4453611326025,36.2688545954819,0.));
#9984=CARTESIAN_POINT('',(1.3339007868982,37.6897119263553,0.));
#9985=CARTESIAN_POINT('',(-21.5761981556775,37.6897119263553,0.));
#9986=CARTESIAN_POINT('Ctrl Pts',(6.41401428673392,28.3897119263553,-2.22044604925031E-15));
#9987=CARTESIAN_POINT('Ctrl Pts',(6.41080960780123,28.3946071542911,-2.21942485558325E-15));
#9988=CARTESIAN_POINT('Ctrl Pts',(6.40759916392883,28.3995077185254,1.56262159763651E-15));
#9989=CARTESIAN_POINT('Ctrl Pts',(4.47705263063594,31.3514588105797,-1.68257155680033E-13));
#9990=CARTESIAN_POINT('Ctrl Pts',(2.49240692530145,34.358125238034,1.69773722958078E-15));
#9991=CARTESIAN_POINT('Ctrl Pts',(1.33390078689821,37.6897119263553,1.11022302462516E-15));
#9992=CARTESIAN_POINT('Ctrl Pts',(1.33390078689821,19.0897119263552,0.));
#9993=CARTESIAN_POINT('Ctrl Pts',(1.56560201457886,19.7560292640195,9.86443391216707E-17));
#9994=CARTESIAN_POINT('Ctrl Pts',(2.09636287181896,21.0620556762155,-1.6587200920959E-14));
#9995=CARTESIAN_POINT('Ctrl Pts',(3.68740757210102,24.2274079007591,2.37389805705402E-14));
#9996=CARTESIAN_POINT('Ctrl Pts',(5.24616725106004,26.6055405840344,-1.14180727890173E-13));
#9997=CARTESIAN_POINT('Ctrl Pts',(6.40760270364974,28.3799185593737,1.57419386824284E-15));
#9998=CARTESIAN_POINT('Ctrl Pts',(6.41080960780123,28.3848166984194,-2.22146724291737E-15));
#9999=CARTESIAN_POINT('Ctrl Pts',(6.41401428673392,28.3897119263553,-2.22044604925031E-15));
#10000=CARTESIAN_POINT('',(-38.8226877638093,8.38477060865091,0.));
#10001=CARTESIAN_POINT('Origin',(-40.5726877638093,8.38477060865091,0.));
#10002=CARTESIAN_POINT('',(-54.822687692943,8.38326471339949,0.));
#10003=CARTESIAN_POINT('Origin',(-56.572687692943,8.38326471339949,0.));
#10004=CARTESIAN_POINT('',(-59.8259857132661,28.3897119263552,0.));
#10005=CARTESIAN_POINT('Origin',(-61.5759857132661,28.3897119263552,0.));
#10006=CARTESIAN_POINT('',(-40.0234857132661,25.8528702324958,0.));
#10007=CARTESIAN_POINT('',(-40.0234857132661,30.9257762044215,0.));
#10008=CARTESIAN_POINT('Origin',(-34.5859857132661,28.3893232184587,0.));
#10009=CARTESIAN_POINT('Origin',(-41.0859857132661,28.3893232184587,0.));
#10010=CARTESIAN_POINT('',(-25.0482357132661,28.3893232184587,0.));
#10011=CARTESIAN_POINT('Origin',(-26.0859857132661,28.3893232184587,0.));
#10012=CARTESIAN_POINT('',(-54.0482357132661,28.3893232184587,0.));
#10013=CARTESIAN_POINT('Origin',(-55.0859857132661,28.3893232184587,0.));
#10014=CARTESIAN_POINT('Origin',(-46.5754430986664,4.08444462458418,0.7));
#10015=CARTESIAN_POINT('',(-53.8988362730685,3.38444462458418,0.7));
#10016=CARTESIAN_POINT('',(-46.5754430986664,3.38444462458418,0.7));
#10017=CARTESIAN_POINT('Origin',(-53.8988362730685,4.08444462458418,0.7));
#10018=CARTESIAN_POINT('Origin',(-53.8988362730685,8.38444462458417,4.3));
#10019=CARTESIAN_POINT('',(-53.8988362730685,3.38444462458418,4.3));
#10020=CARTESIAN_POINT('Origin',(-53.8988362730685,4.08444462458418,4.3));
#10021=CARTESIAN_POINT('',(-58.0590910134663,5.61094854652715,4.3));
#10022=CARTESIAN_POINT('Origin',(-57.4766553498106,5.99923799745514,4.3));
#10023=CARTESIAN_POINT('Origin',(-53.8988362730685,8.38444462458417,4.3));
#10024=CARTESIAN_POINT('Origin',(-53.8988362730685,8.38444462458417,0.7));
#10025=CARTESIAN_POINT('',(-58.0590910134663,5.61094854652715,0.7));
#10026=CARTESIAN_POINT('Origin',(-53.8988362730685,8.38444462458417,0.7));
#10027=CARTESIAN_POINT('Origin',(-57.4766553498106,5.99923799745514,0.7));
#10028=CARTESIAN_POINT('Origin',(-53.8988362730685,8.38444462458417,0.));
#10029=CARTESIAN_POINT('',(-53.8988362730685,3.38444462458418,0.));
#10030=CARTESIAN_POINT('',(-58.0590910134663,5.61094854652715,0.));
#10031=CARTESIAN_POINT('Origin',(-56.5747588557924,3.38444462458417,0.));
#10032=CARTESIAN_POINT('',(-46.5754430986664,3.38444462458418,4.3));
#10033=CARTESIAN_POINT('Origin',(-63.1089710724317,14.4477331548259,0.7));
#10034=CARTESIAN_POINT('',(-65.7362404536639,17.126702112582,0.7));
#10035=CARTESIAN_POINT('',(-63.6914067360874,14.0594437038979,0.7));
#10036=CARTESIAN_POINT('Origin',(-65.1538047900082,17.51499156351,0.7));
#10037=CARTESIAN_POINT('Origin',(-61.5759857132661,19.900198190639,4.3));
#10038=CARTESIAN_POINT('',(-65.7362404536639,17.126702112582,4.3));
#10039=CARTESIAN_POINT('Origin',(-65.1538047900082,17.51499156351,4.3));
#10040=CARTESIAN_POINT('',(-66.575985713266,19.900198190639,4.3));
#10041=CARTESIAN_POINT('Origin',(-65.8759857132661,19.900198190639,4.3));
#10042=CARTESIAN_POINT('Origin',(-61.5759857132661,19.900198190639,4.3));
#10043=CARTESIAN_POINT('Origin',(-61.5759857132661,19.900198190639,0.7));
#10044=CARTESIAN_POINT('',(-66.575985713266,19.900198190639,0.7));
#10045=CARTESIAN_POINT('Origin',(-61.5759857132661,19.900198190639,0.7));
#10046=CARTESIAN_POINT('Origin',(-65.8759857132661,19.900198190639,0.7));
#10047=CARTESIAN_POINT('Origin',(-61.5759857132661,19.900198190639,0.));
#10048=CARTESIAN_POINT('',(-65.7362404536639,17.126702112582,0.));
#10049=CARTESIAN_POINT('',(-66.575985713266,19.900198190639,0.));
#10050=CARTESIAN_POINT('Origin',(-66.575985713266,18.3863232184586,0.));
#10051=CARTESIAN_POINT('',(-63.6914067360874,14.0594437038979,4.3));
#10052=CARTESIAN_POINT('Origin',(-65.8759857132661,29.6363232184586,0.7));
#10053=CARTESIAN_POINT('',(-66.5759857132661,31.8724482462782,0.7));
#10054=CARTESIAN_POINT('',(-66.5759857132661,29.6363232184586,0.7));
#10055=CARTESIAN_POINT('Origin',(-65.8759857132661,31.8724482462782,0.7));
#10056=CARTESIAN_POINT('Origin',(-61.5759857132661,31.8724482462782,4.3));
#10057=CARTESIAN_POINT('',(-66.5759857132661,31.8724482462782,4.3));
#10058=CARTESIAN_POINT('Origin',(-65.8759857132661,31.8724482462782,4.3));
#10059=CARTESIAN_POINT('',(-65.7362404536639,34.6459443243352,4.3));
#10060=CARTESIAN_POINT('Origin',(-65.1538047900082,34.2576548734072,4.3));
#10061=CARTESIAN_POINT('Origin',(-61.5759857132661,31.8724482462782,4.3));
#10062=CARTESIAN_POINT('Origin',(-61.5759857132661,31.8724482462782,0.7));
#10063=CARTESIAN_POINT('',(-65.7362404536639,34.6459443243352,0.7));
#10064=CARTESIAN_POINT('Origin',(-61.5759857132661,31.8724482462782,0.7));
#10065=CARTESIAN_POINT('Origin',(-65.1538047900082,34.2576548734072,0.7));
#10066=CARTESIAN_POINT('Origin',(-61.5759857132661,31.8724482462782,0.));
#10067=CARTESIAN_POINT('',(-66.5759857132661,31.8724482462782,0.));
#10068=CARTESIAN_POINT('',(-65.7362404536639,34.6459443243352,0.));
#10069=CARTESIAN_POINT('Origin',(-66.5759857132661,33.3863232184586,0.));
#10070=CARTESIAN_POINT('',(-66.5759857132661,29.6363232184586,4.3));
#10071=CARTESIAN_POINT('Origin',(-58.1083576436949,44.8258525790285,0.7));
#10072=CARTESIAN_POINT('',(-58.0590910134663,46.1616978903901,0.7));
#10073=CARTESIAN_POINT('',(-58.6907933073506,45.2141420299565,0.7));
#10074=CARTESIAN_POINT('Origin',(-57.4766553498106,45.7734084394621,0.7));
#10075=CARTESIAN_POINT('Origin',(-53.8988362730685,43.3882018123331,4.3));
#10076=CARTESIAN_POINT('',(-58.0590910134663,46.1616978903901,4.3));
#10077=CARTESIAN_POINT('Origin',(-57.4766553498106,45.7734084394621,4.3));
#10078=CARTESIAN_POINT('',(-53.8988362730685,48.3882018123331,4.3));
#10079=CARTESIAN_POINT('Origin',(-53.8988362730685,47.6882018123331,4.3));
#10080=CARTESIAN_POINT('Origin',(-53.8988362730685,43.3882018123331,4.3));
#10081=CARTESIAN_POINT('Origin',(-53.8988362730685,43.3882018123331,0.7));
#10082=CARTESIAN_POINT('',(-53.8988362730685,48.3882018123331,0.7));
#10083=CARTESIAN_POINT('Origin',(-53.8988362730685,43.3882018123331,0.7));
#10084=CARTESIAN_POINT('Origin',(-53.8988362730685,47.6882018123331,0.7));
#10085=CARTESIAN_POINT('Origin',(-53.8988362730685,43.3882018123331,0.));
#10086=CARTESIAN_POINT('',(-58.0590910134663,46.1616978903901,0.));
#10087=CARTESIAN_POINT('',(-53.8988362730685,48.3882018123331,0.));
#10088=CARTESIAN_POINT('Origin',(-58.1083576436949,44.8258525790285,4.3));
#10089=CARTESIAN_POINT('',(-58.6907933073506,45.2141420299565,4.3));
#10090=CARTESIAN_POINT('Origin',(-56.5747588557924,48.3882018123331,0.));
#10091=CARTESIAN_POINT('Origin',(-42.6458266676579,43.3882018123331,0.7));
#10092=CARTESIAN_POINT('',(-39.1102927617252,46.9237357182658,0.7));
#10093=CARTESIAN_POINT('Origin',(-39.6052675085558,46.4287609714352,0.7));
#10094=CARTESIAN_POINT('',(-42.6458266676579,48.3882018123331,0.7));
#10095=CARTESIAN_POINT('Origin',(-42.6458266676579,47.6882018123331,0.7));
#10096=CARTESIAN_POINT('Origin',(-42.6458266676579,43.3882018123331,0.7));
#10097=CARTESIAN_POINT('Origin',(-42.6458266676579,43.3882018123331,4.3));
#10098=CARTESIAN_POINT('',(-39.1102927617252,46.9237357182658,4.3));
#10099=CARTESIAN_POINT('Origin',(-39.6052675085558,46.4287609714352,4.3));
#10100=CARTESIAN_POINT('',(-42.6458266676579,48.3882018123331,4.3));
#10101=CARTESIAN_POINT('Origin',(-42.6458266676579,43.3882018123331,4.3));
#10102=CARTESIAN_POINT('Origin',(-42.6458266676579,47.6882018123331,4.3));
#10103=CARTESIAN_POINT('Origin',(-42.6458266676579,43.3882018123331,0.));
#10104=CARTESIAN_POINT('',(-42.6458266676579,48.3882018123331,0.));
#10105=CARTESIAN_POINT('',(-39.1102927617252,46.9237357182658,0.));
#10106=CARTESIAN_POINT('Origin',(-29.4453611326025,36.2688545954819,0.7));
#10107=CARTESIAN_POINT('',(-32.0407350638819,39.8541780204225,0.7));
#10108=CARTESIAN_POINT('',(-28.9503863857719,36.7638293423125,0.7));
#10109=CARTESIAN_POINT('Origin',(-30.8662184634758,37.6897119263553,0.7));
#10110=CARTESIAN_POINT('Origin',(-30.5762689698147,38.3897119263553,0.));
#10111=CARTESIAN_POINT('',(-32.0407350638819,39.8541780204225,4.3));
#10112=CARTESIAN_POINT('',(-28.9503863857719,36.7638293423125,4.3));
#10113=CARTESIAN_POINT('',(-32.0407350638819,39.8541780204225,0.));
#10114=CARTESIAN_POINT('Origin',(-29.4453611326025,36.2688545954819,4.3));
#10115=CARTESIAN_POINT('Origin',(-30.8662184634758,37.6897119263553,4.3));
#10116=CARTESIAN_POINT('Ctrl Pts',(-30.8662184634758,37.6897119263553,0.));
#10117=CARTESIAN_POINT('Ctrl Pts',(-30.3364074190443,37.8467915590347,0.));
#10118=CARTESIAN_POINT('Ctrl Pts',(-29.4565846723843,38.1076434897768,0.0917702609727561));
#10119=CARTESIAN_POINT('Ctrl Pts',(-28.6667408546133,38.3418182546739,0.386204651911491));
#10120=CARTESIAN_POINT('Ctrl Pts',(-28.5052011579492,38.3897119263552,0.59528024488034));
#10121=CARTESIAN_POINT('Ctrl Pts',(-28.5052011579492,38.3897119263552,0.7));
#10122=CARTESIAN_POINT('Ctrl Pts',(-30.8662184634758,37.6897119263553,0.));
#10123=CARTESIAN_POINT('Ctrl Pts',(-30.6008647367919,37.9563333667146,4.86463348180856E-17));
#10124=CARTESIAN_POINT('Ctrl Pts',(-30.1659678788627,38.3748895390295,0.252674637645557));
#10125=CARTESIAN_POINT('Ctrl Pts',(-29.8624417282927,38.4280586053979,0.628080924733288));
#10126=CARTESIAN_POINT('Ctrl Pts',(-29.8141980969449,38.3897119263552,0.67731290469787));
#10127=CARTESIAN_POINT('Ctrl Pts',(-29.8141980969449,38.3897119263552,0.7));
#10128=CARTESIAN_POINT('Ctrl Pts',(-30.8662184634758,37.6897119263553,1.92543341438565E-31));
#10129=CARTESIAN_POINT('Ctrl Pts',(-30.8653220545394,38.0658751743944,1.34751532320505E-31));
#10130=CARTESIAN_POINT('Ctrl Pts',(-30.8768766641465,38.6693575995042,0.252674637645557));
#10131=CARTESIAN_POINT('Ctrl Pts',(-31.0539058561035,38.9215792062181,0.628080924733287));
#10132=CARTESIAN_POINT('Ctrl Pts',(-31.1151344517656,38.9285774083062,0.67731290469787));
#10133=CARTESIAN_POINT('Ctrl Pts',(-31.1151344517656,38.9285774083062,0.7));
#10134=CARTESIAN_POINT('Ctrl Pts',(-30.8662184634758,37.6897119263553,0.));
#10135=CARTESIAN_POINT('Ctrl Pts',(-31.1297793722869,38.1754169820742,-1.45939004454257E-16));
#10136=CARTESIAN_POINT('Ctrl Pts',(-31.5674578335791,38.981995781593,0.0917702609727563));
#10137=CARTESIAN_POINT('Ctrl Pts',(-31.9603751889617,39.7060862654587,0.386204651911491));
#10138=CARTESIAN_POINT('Ctrl Pts',(-32.0407350638819,39.8541780204225,0.595280244880341));
#10139=CARTESIAN_POINT('Ctrl Pts',(-32.0407350638819,39.8541780204225,0.7));
#10140=CARTESIAN_POINT('Origin',(-28.5052011579492,43.3897119263553,0.7));
#10141=CARTESIAN_POINT('Origin',(-30.8662184634758,37.6897119263553,0.7));
#10142=CARTESIAN_POINT('Origin',(-28.5052011579492,43.3897119263553,0.));
#10143=CARTESIAN_POINT('Origin',(-28.5052011579492,43.3897119263553,4.3));
#10144=CARTESIAN_POINT('Ctrl Pts',(-30.8662184634758,37.6897119263553,5.));
#10145=CARTESIAN_POINT('Ctrl Pts',(-31.1297793722869,38.1754169820743,5.));
#10146=CARTESIAN_POINT('Ctrl Pts',(-31.5674551258213,38.9819907915827,4.90822574132924));
#10147=CARTESIAN_POINT('Ctrl Pts',(-31.9603732131066,39.7060826242404,4.613793603857));
#10148=CARTESIAN_POINT('Ctrl Pts',(-32.0407350638819,39.8541780204225,4.40471975511966));
#10149=CARTESIAN_POINT('Ctrl Pts',(-32.0407350638819,39.8541780204225,4.30000000000001));
#10150=CARTESIAN_POINT('Ctrl Pts',(-30.8662184634758,37.6897119263553,5.));
#10151=CARTESIAN_POINT('Ctrl Pts',(-30.8653220545394,38.0658751743944,5.));
#10152=CARTESIAN_POINT('Ctrl Pts',(-30.8768743575268,38.6693637719275,4.74727115890783));
#10153=CARTESIAN_POINT('Ctrl Pts',(-31.0538990297988,38.921591132737,4.37188657247315));
#10154=CARTESIAN_POINT('Ctrl Pts',(-31.1151344517656,38.9285774083062,4.32268709530214));
#10155=CARTESIAN_POINT('Ctrl Pts',(-31.1151344517656,38.9285774083062,4.30000000000001));
#10156=CARTESIAN_POINT('Ctrl Pts',(-30.8662184634758,37.6897119263553,5.));
#10157=CARTESIAN_POINT('Ctrl Pts',(-30.6008647367919,37.9563333667146,5.));
#10158=CARTESIAN_POINT('Ctrl Pts',(-30.1659651453268,38.3748955346182,4.74727115890783));
#10159=CARTESIAN_POINT('Ctrl Pts',(-29.8624381218967,38.4280718656466,4.37188657247315));
#10160=CARTESIAN_POINT('Ctrl Pts',(-29.814198096945,38.3897119263553,4.32268709530213));
#10161=CARTESIAN_POINT('Ctrl Pts',(-29.814198096945,38.3897119263553,4.30000000000001));
#10162=CARTESIAN_POINT('Ctrl Pts',(-30.8662184634758,37.6897119263553,5.));
#10163=CARTESIAN_POINT('Ctrl Pts',(-30.3364074190444,37.8467915590347,5.));
#10164=CARTESIAN_POINT('Ctrl Pts',(-29.4565901155284,38.1076418759806,4.90822574132924));
#10165=CARTESIAN_POINT('Ctrl Pts',(-28.666744826484,38.3418170770843,4.613793603857));
#10166=CARTESIAN_POINT('Ctrl Pts',(-28.5052011579492,38.3897119263553,4.40471975511966));
#10167=CARTESIAN_POINT('Ctrl Pts',(-28.5052011579492,38.3897119263553,4.3));
#10168=CARTESIAN_POINT('Origin',(-21.5761981556775,37.6897119263553,0.7));
#10169=CARTESIAN_POINT('Origin',(1.3339007868982,37.6897119263553,0.7));
#10170=CARTESIAN_POINT('Origin',(-35.3492865013401,12.4846183486837,4.3));
#10171=CARTESIAN_POINT('Origin',(-46.5754430986664,4.08444462458418,4.3));
#10172=CARTESIAN_POINT('Origin',(-63.1089710724317,14.4477331548259,4.3));
#10173=CARTESIAN_POINT('Origin',(-65.8759857132661,29.6363232184586,4.3));
#10174=CARTESIAN_POINT('Origin',(-38.5754430986664,47.6882018123331,4.3));
#10175=CARTESIAN_POINT('',(-38.5754430986664,48.3882018123331,4.3));
#10176=CARTESIAN_POINT('Origin',(-40.5747588557924,48.3882018123331,0.));
#10177=CARTESIAN_POINT('',(-38.5754430986664,48.3882018123331,0.7));
#10178=CARTESIAN_POINT('Origin',(-38.5754430986664,47.6882018123331,0.7));
#10179=CARTESIAN_POINT('Ctrl Pts',(1.6821163381028,37.7026529576786,0.00924173957430108));
#10180=CARTESIAN_POINT('Ctrl Pts',(1.5661818125479,37.6982848570823,0.00308686490588979));
#10181=CARTESIAN_POINT('Ctrl Pts',(1.45005617844314,37.6939694750114,8.35551397500803E-16));
#10182=CARTESIAN_POINT('Ctrl Pts',(1.33390078689822,37.6897119263553,8.32667268468867E-16));
#10183=CARTESIAN_POINT('Ctrl Pts',(1.68191614274411,37.9095919966616,0.0130628736637815));
#10184=CARTESIAN_POINT('Ctrl Pts',(1.56608004289094,37.9060843718473,0.00559674381568641));
#10185=CARTESIAN_POINT('Ctrl Pts',(1.45009530736002,37.9025940532879,0.00131279274783157));
#10186=CARTESIAN_POINT('Ctrl Pts',(1.33390078689822,37.8991514365946,8.32667268468867E-16));
#10187=CARTESIAN_POINT('Ctrl Pts',(1.67260076565455,38.2648548222158,0.190865721777529));
#10188=CARTESIAN_POINT('Ctrl Pts',(1.55994273460149,38.2638054951906,0.182883001645703));
#10189=CARTESIAN_POINT('Ctrl Pts',(1.44697006333645,38.2627701122464,0.177830327660102));
#10190=CARTESIAN_POINT('Ctrl Pts',(1.33390078689822,38.2617331420338,0.175806040354264));
#10191=CARTESIAN_POINT('Ctrl Pts',(1.65362035420953,38.3897119263553,0.553145335457888));
#10192=CARTESIAN_POINT('Ctrl Pts',(1.54718714994146,38.3897226597227,0.546949389967587));
#10193=CARTESIAN_POINT('Ctrl Pts',(1.44055434428695,38.3897009480083,0.543523318689931));
#10194=CARTESIAN_POINT('Ctrl Pts',(1.33390078689822,38.3897119263553,0.542920367320511));
#10195=CARTESIAN_POINT('Ctrl Pts',(1.64549870140741,38.3897119263553,0.708163536623966));
#10196=CARTESIAN_POINT('Ctrl Pts',(1.54172624275983,38.3897119263553,0.702726730666869));
#10197=CARTESIAN_POINT('Ctrl Pts',(1.43781248636632,38.3897119263553,0.700000000000001));
#10198=CARTESIAN_POINT('Ctrl Pts',(1.33390078689822,38.3897119263553,0.700000000000001));
#10199=CARTESIAN_POINT('',(1.6613057694197,38.3211557151544,0.406453612710558));
#10200=CARTESIAN_POINT('Ctrl Pts',(1.64549870140738,38.3897119263553,0.708163536623964));
#10201=CARTESIAN_POINT('Ctrl Pts',(1.62082876221583,38.3897119263553,0.690602912910936));
#10202=CARTESIAN_POINT('Ctrl Pts',(1.59999566289709,38.389128374147,0.673373141322984));
#10203=CARTESIAN_POINT('Ctrl Pts',(1.58326081764853,38.3879547709937,0.656309785434501));
#10204=CARTESIAN_POINT('Ctrl Pts',(1.57525475322125,38.3873933112182,0.648146559270182));
#10205=CARTESIAN_POINT('Ctrl Pts',(1.56818667920847,38.3866964976283,0.640022058294967));
#10206=CARTESIAN_POINT('Ctrl Pts',(1.56208536352695,38.3858618593605,0.631922228879703));
#10207=CARTESIAN_POINT('Ctrl Pts',(1.55335139150296,38.3846670830759,0.620327404549212));
#10208=CARTESIAN_POINT('Ctrl Pts',(1.54578699166668,38.383078574831,0.607700985475337));
#10209=CARTESIAN_POINT('Ctrl Pts',(1.54073074707193,38.3809431347817,0.594202669639604));
#10210=CARTESIAN_POINT('Ctrl Pts',(1.53967337815357,38.3804965685817,0.591379883014578));
#10211=CARTESIAN_POINT('Ctrl Pts',(1.5387258541384,38.3800260789867,0.588519049603005));
#10212=CARTESIAN_POINT('Ctrl Pts',(1.53790067839419,38.3795302708131,0.585621796466067));
#10213=CARTESIAN_POINT('Ctrl Pts',(1.53432753689702,38.3773833429952,0.573076232101169));
#10214=CARTESIAN_POINT('Ctrl Pts',(1.53320349402682,38.3748617422079,0.560422811465662));
#10215=CARTESIAN_POINT('Ctrl Pts',(1.5347583957472,38.371912979936,0.547625874301465));
#10216=CARTESIAN_POINT('Ctrl Pts',(1.53632388855489,38.3689441324084,0.534741771834697));
#10217=CARTESIAN_POINT('Ctrl Pts',(1.54050302537682,38.365736520245,0.522563738031743));
#10218=CARTESIAN_POINT('Ctrl Pts',(1.54643714443907,38.3624028192034,0.511131354504406));
#10219=CARTESIAN_POINT('Ctrl Pts',(1.55275302717479,38.3588546489302,0.498963483757109));
#10220=CARTESIAN_POINT('Ctrl Pts',(1.56106030942637,38.3551599598498,0.487634604676966));
#10221=CARTESIAN_POINT('Ctrl Pts',(1.5702663600396,38.351495174962,0.477282213633345));
#10222=CARTESIAN_POINT('Ctrl Pts',(1.57379355125101,38.3500910552595,0.473315815419796));
#10223=CARTESIAN_POINT('Ctrl Pts',(1.57745233301581,38.3486914865881,0.4694923549908));
#10224=CARTESIAN_POINT('Ctrl Pts',(1.58118007680091,38.3473068257179,0.465817980574592));
#10225=CARTESIAN_POINT('Ctrl Pts',(1.59304354092299,38.3429001723903,0.45412436331686));
#10226=CARTESIAN_POINT('Ctrl Pts',(1.60647595907233,38.3383171296597,0.443078627678352));
#10227=CARTESIAN_POINT('Ctrl Pts',(1.62062987240237,38.3337006988733,0.432802395755605));
#10228=CARTESIAN_POINT('Ctrl Pts',(1.63380237933803,38.3294043629319,0.423238698909488));
#10229=CARTESIAN_POINT('Ctrl Pts',(1.64759926727185,38.3250797271525,0.414341218330844));
#10230=CARTESIAN_POINT('Ctrl Pts',(1.66132048093883,38.3208538328728,0.406172813556854));
#10231=CARTESIAN_POINT('',(1.68211633810276,37.7026529576786,0.0092417395742994));
#10232=CARTESIAN_POINT('Origin',(1.64549870140738,37.6897119263553,0.708163536623965));
#10233=CARTESIAN_POINT('Ctrl Pts',(1.6821163381028,37.7026529576786,0.00924173957430108));
#10234=CARTESIAN_POINT('Ctrl Pts',(1.5661818125479,37.6982848570823,0.00308686490588979));
#10235=CARTESIAN_POINT('Ctrl Pts',(1.45005617844314,37.6939694750114,8.35551397500803E-16));
#10236=CARTESIAN_POINT('Ctrl Pts',(1.33390078689822,37.6897119263553,8.32667268468867E-16));
#10237=CARTESIAN_POINT('Ctrl Pts',(3.09222425774954,37.7588078792278,0.239019673286156));
#10238=CARTESIAN_POINT('Ctrl Pts',(2.63260339188523,37.7394957518404,0.11189282928723));
#10239=CARTESIAN_POINT('Ctrl Pts',(2.15899890587059,37.7206206081145,0.0345590677999688));
#10240=CARTESIAN_POINT('Ctrl Pts',(1.68211633810276,37.7026529576786,0.00924173957429844));
#10241=CARTESIAN_POINT('Ctrl Pts',(3.08950465709671,37.8631720974323,0.249008249253365));
#10242=CARTESIAN_POINT('Ctrl Pts',(2.63129719704055,37.8461064735503,0.119463047656947));
#10243=CARTESIAN_POINT('Ctrl Pts',(2.15860605911601,37.8293316467898,0.0394015777466363));
#10244=CARTESIAN_POINT('Ctrl Pts',(1.68200935706836,37.8132377014693,0.0112836893985165));
#10245=CARTESIAN_POINT('Ctrl Pts',(3.06856463469238,38.1012838720774,0.325916969040099));
#10246=CARTESIAN_POINT('Ctrl Pts',(2.61687747280534,38.0908128653949,0.193996447907233));
#10247=CARTESIAN_POINT('Ctrl Pts',(2.15006909348806,38.0803871722311,0.110417501384609));
#10248=CARTESIAN_POINT('Ctrl Pts',(1.67850619797383,38.0702520291356,0.0781485793986356));
#10249=CARTESIAN_POINT('Ctrl Pts',(3.0182384087154,38.2705453795953,0.510755625697285));
#10250=CARTESIAN_POINT('Ctrl Pts',(2.57922697052161,38.2661806783569,0.383910198215637));
#10251=CARTESIAN_POINT('Ctrl Pts',(2.12592821025231,38.2617455822229,0.304015424021329));
#10252=CARTESIAN_POINT('Ctrl Pts',(1.66826580302688,38.2575062200303,0.273607267744989));
#10253=CARTESIAN_POINT('Ctrl Pts',(2.98474291725774,38.3279681985001,0.633778195439298));
#10254=CARTESIAN_POINT('Ctrl Pts',(2.55396219638031,38.325677090203,0.511216711315501));
#10255=CARTESIAN_POINT('Ctrl Pts',(2.10952051494329,38.3233855549049,0.434603099200536));
#10256=CARTESIAN_POINT('Ctrl Pts',(1.6613057694197,38.3211557151544,0.406453612710557));
#10257=CARTESIAN_POINT('',(3.09222425774954,37.7588078792278,0.239019673286155));
#10258=CARTESIAN_POINT('Ctrl Pts',(1.6613057694197,38.3211557151544,0.406453612710558));
#10259=CARTESIAN_POINT('Ctrl Pts',(1.73161734229388,38.2993896013737,0.364583403819982));
#10260=CARTESIAN_POINT('Ctrl Pts',(1.82754304849711,38.2716430521331,0.325368574174193));
#10261=CARTESIAN_POINT('Ctrl Pts',(2.09261526605365,38.188169882996,0.245256151334785));
#10262=CARTESIAN_POINT('Ctrl Pts',(2.30069779799899,38.11733679298,0.202771579721677));
#10263=CARTESIAN_POINT('Ctrl Pts',(2.7247801788604,37.9388855077209,0.184236403099604));
#10264=CARTESIAN_POINT('Ctrl Pts',(2.90996110061266,37.8497243033479,0.198741240908259));
#10265=CARTESIAN_POINT('Ctrl Pts',(3.09222425774954,37.7588078792278,0.239019673286156));
#10266=CARTESIAN_POINT('Ctrl Pts',(3.09222425774954,37.7588078792278,0.239019673286156));
#10267=CARTESIAN_POINT('Ctrl Pts',(2.63260339188523,37.7394957518404,0.11189282928723));
#10268=CARTESIAN_POINT('Ctrl Pts',(2.15899890587059,37.7206206081145,0.0345590677999688));
#10269=CARTESIAN_POINT('Ctrl Pts',(1.68211633810276,37.7026529576786,0.00924173957429844));
#10270=CARTESIAN_POINT('Ctrl Pts',(1.6454987014074,18.3897119263553,0.708163536623964));
#10271=CARTESIAN_POINT('Ctrl Pts',(1.54172624275982,18.3897119263553,0.702726730666868));
#10272=CARTESIAN_POINT('Ctrl Pts',(1.43781248636632,18.3897119263553,0.7));
#10273=CARTESIAN_POINT('Ctrl Pts',(1.33390078689821,18.3897119263553,0.7));
#10274=CARTESIAN_POINT('Ctrl Pts',(1.65632757181023,18.3897119263553,0.50147260173586));
#10275=CARTESIAN_POINT('Ctrl Pts',(1.54898676756063,18.3896787431312,0.494998315772033));
#10276=CARTESIAN_POINT('Ctrl Pts',(1.44149166277145,18.3897453441841,0.491389028180317));
#10277=CARTESIAN_POINT('Ctrl Pts',(1.33390078689821,18.3897119263553,0.49056048976068));
#10278=CARTESIAN_POINT('Ctrl Pts',(1.67508919819382,18.5610743248969,0.143368944291194));
#10279=CARTESIAN_POINT('Ctrl Pts',(1.56160839766659,18.5625436248072,0.135213022391511));
#10280=CARTESIAN_POINT('Ctrl Pts',(1.44781140476226,18.5639763726419,0.130019527636101));
#10281=CARTESIAN_POINT('Ctrl Pts',(1.33390078689821,18.5654290497446,0.12787209650332));
#10282=CARTESIAN_POINT('Ctrl Pts',(1.68196619158377,18.9215666157947,0.0121075901414087));
#10283=CARTESIAN_POINT('Ctrl Pts',(1.56612267909959,18.9253012049519,0.00499005108093084));
#10284=CARTESIAN_POINT('Ctrl Pts',(1.45006612943692,18.9289742360896,0.000964415711470971));
#10285=CARTESIAN_POINT('Ctrl Pts',(1.33390078689821,18.9326322936758,-6.84271036922114E-16));
#10286=CARTESIAN_POINT('Ctrl Pts',(1.68211633810278,19.0767708950319,0.00924173957429844));
#10287=CARTESIAN_POINT('Ctrl Pts',(1.56618181254789,19.0811389956282,0.00308686490588773));
#10288=CARTESIAN_POINT('Ctrl Pts',(1.45005617844313,19.0854543776991,-7.19420915882429E-16));
#10289=CARTESIAN_POINT('Ctrl Pts',(1.33390078689821,19.0897119263553,-6.93889390390723E-16));
#10290=CARTESIAN_POINT('',(1.66130576941971,18.4582681375561,0.406453612710561));
#10291=CARTESIAN_POINT('Ctrl Pts',(1.66126862543798,18.457697917221,0.406181510331801));
#10292=CARTESIAN_POINT('Ctrl Pts',(1.6566547423463,18.4562598167157,0.408928729914565));
#10293=CARTESIAN_POINT('Ctrl Pts',(1.65214816731338,18.4548463894571,0.411689131865748));
#10294=CARTESIAN_POINT('Ctrl Pts',(1.64775274231425,18.453457461365,0.414461964835151));
#10295=CARTESIAN_POINT('Ctrl Pts',(1.63457369346448,18.4492929605082,0.422775905162488));
#10296=CARTESIAN_POINT('Ctrl Pts',(1.6210747950234,18.4449347699108,0.432033913814667));
#10297=CARTESIAN_POINT('Ctrl Pts',(1.60818810745529,18.4405654324117,0.442137902989801));
#10298=CARTESIAN_POINT('Ctrl Pts',(1.59527650595656,18.4361876476394,0.452261426283682));
#10299=CARTESIAN_POINT('Ctrl Pts',(1.58297921210187,18.4317983172283,0.463234092405972));
#10300=CARTESIAN_POINT('Ctrl Pts',(1.57227740165087,18.4275602330639,0.474934812445136));
#10301=CARTESIAN_POINT('Ctrl Pts',(1.57043414863076,18.4268302760654,0.476950115150079));
#10302=CARTESIAN_POINT('Ctrl Pts',(1.56863833502022,18.4261047659477,0.478986966593389));
#10303=CARTESIAN_POINT('Ctrl Pts',(1.56689510852383,18.4253844902923,0.481044689306938));
#10304=CARTESIAN_POINT('Ctrl Pts',(1.55811966519603,18.4217586056426,0.491403314014895));
#10305=CARTESIAN_POINT('Ctrl Pts',(1.55022424479359,18.4180829908734,0.502812640490304));
#10306=CARTESIAN_POINT('Ctrl Pts',(1.54439170215711,18.4145442037852,0.515153195324995));
#10307=CARTESIAN_POINT('Ctrl Pts',(1.54256076689479,18.4134333177669,0.519027107341035));
#10308=CARTESIAN_POINT('Ctrl Pts',(1.54093347470569,18.4123358296857,0.522992648737351));
#10309=CARTESIAN_POINT('Ctrl Pts',(1.53954739775563,18.4112573671909,0.527045788066371));
#10310=CARTESIAN_POINT('Ctrl Pts',(1.53533786806617,18.4079820657071,0.539355213124135));
#10311=CARTESIAN_POINT('Ctrl Pts',(1.53348646818148,18.4049906854694,0.552055564006753));
#10312=CARTESIAN_POINT('Ctrl Pts',(1.53444507747653,18.4023215403586,0.565169925459861));
#10313=CARTESIAN_POINT('Ctrl Pts',(1.53538525410434,18.3997037190393,0.578032116751626));
#10314=CARTESIAN_POINT('Ctrl Pts',(1.53896250764376,18.3975787137391,0.590390765744475));
#10315=CARTESIAN_POINT('Ctrl Pts',(1.54445432598336,18.3958417259282,0.602219885711014));
#10316=CARTESIAN_POINT('Ctrl Pts',(1.55088637753609,18.3938073550778,0.616074224063656));
#10317=CARTESIAN_POINT('Ctrl Pts',(1.55986847213274,18.3923332371589,0.629025912956628));
#10318=CARTESIAN_POINT('Ctrl Pts',(1.56986668233663,18.3912561955111,0.640837814929936));
#10319=CARTESIAN_POINT('Ctrl Pts',(1.57190237128845,18.3910369040841,0.643242781204571));
#10320=CARTESIAN_POINT('Ctrl Pts',(1.57398001481927,18.390834047331,0.645600532612339));
#10321=CARTESIAN_POINT('Ctrl Pts',(1.57608643000786,18.3906461884911,0.647909110059931));
#10322=CARTESIAN_POINT('Ctrl Pts',(1.58929214623301,18.3894684479661,0.662382239014642));
#10323=CARTESIAN_POINT('Ctrl Pts',(1.60471412584195,18.388790469133,0.676085451390015));
#10324=CARTESIAN_POINT('Ctrl Pts',(1.6206094741399,18.3884495808943,0.688660786290778));
#10325=CARTESIAN_POINT('Ctrl Pts',(1.62891288327261,18.3882715077586,0.695229887433106));
#10326=CARTESIAN_POINT('Ctrl Pts',(1.63734458950036,18.388185048353,0.701491306546962));
#10327=CARTESIAN_POINT('Ctrl Pts',(1.64565161716446,18.3881637931489,0.707394302721965));
#10328=CARTESIAN_POINT('',(1.68211633810278,19.0767708950319,0.00924173957429922));
#10329=CARTESIAN_POINT('Ctrl Pts',(1.33390078689821,19.0897119263553,-6.93889390390723E-16));
#10330=CARTESIAN_POINT('Ctrl Pts',(1.45005617844313,19.0854543776991,-7.19420915882429E-16));
#10331=CARTESIAN_POINT('Ctrl Pts',(1.56618181254789,19.0811389956282,0.00308686490588773));
#10332=CARTESIAN_POINT('Ctrl Pts',(1.68211633810278,19.0767708950319,0.00924173957429844));
#10333=CARTESIAN_POINT('Origin',(1.6454987014074,19.0897119263553,0.708163536623964));
#10334=CARTESIAN_POINT('Ctrl Pts',(1.68211633810278,19.0767708950319,0.00924173957429886));
#10335=CARTESIAN_POINT('Ctrl Pts',(2.15899890587059,19.058803244596,0.0345590677999699));
#10336=CARTESIAN_POINT('Ctrl Pts',(2.63260339188523,19.0399281008701,0.11189282928723));
#10337=CARTESIAN_POINT('Ctrl Pts',(3.09222425774954,19.0206159734827,0.239019673286154));
#10338=CARTESIAN_POINT('Ctrl Pts',(1.68200935706838,18.9661861512412,0.011283689398518));
#10339=CARTESIAN_POINT('Ctrl Pts',(2.15860605911602,18.9500922059207,0.0394015777466384));
#10340=CARTESIAN_POINT('Ctrl Pts',(2.63129719704055,18.9333173791602,0.119463047656948));
#10341=CARTESIAN_POINT('Ctrl Pts',(3.0895046570967,18.9162517552782,0.249008249253364));
#10342=CARTESIAN_POINT('Ctrl Pts',(1.67850721130795,18.7091609998962,0.0781292378639674));
#10343=CARTESIAN_POINT('Ctrl Pts',(2.15007010682217,18.6990258568008,0.110398159849942));
#10344=CARTESIAN_POINT('Ctrl Pts',(2.61688147307523,18.6886013401252,0.193981755676748));
#10345=CARTESIAN_POINT('Ctrl Pts',(3.06856863496226,18.6781303334427,0.325902276809612));
#10346=CARTESIAN_POINT('Ctrl Pts',(1.66826580302689,18.5219176326802,0.273607267744995));
#10347=CARTESIAN_POINT('Ctrl Pts',(2.12592821025231,18.5176782704876,0.304015424021336));
#10348=CARTESIAN_POINT('Ctrl Pts',(2.57922697052161,18.5132431743536,0.383910198215642));
#10349=CARTESIAN_POINT('Ctrl Pts',(3.01823840871539,18.5088784731152,0.510755625697288));
#10350=CARTESIAN_POINT('Ctrl Pts',(1.66130576941971,18.4582681375561,0.406453612710564));
#10351=CARTESIAN_POINT('Ctrl Pts',(2.10952051494329,18.4560382978056,0.434603099200544));
#10352=CARTESIAN_POINT('Ctrl Pts',(2.55396219638031,18.4537467625075,0.511216711315507));
#10353=CARTESIAN_POINT('Ctrl Pts',(2.98474291725773,18.4514556542104,0.633778195439302));
#10354=CARTESIAN_POINT('',(3.09222425774954,19.0206159734827,0.239019673286153));
#10355=CARTESIAN_POINT('Ctrl Pts',(3.09222425774954,19.0206159734827,0.239019673286153));
#10356=CARTESIAN_POINT('Ctrl Pts',(2.88623306714901,18.9178635426358,0.193497570128384));
#10357=CARTESIAN_POINT('Ctrl Pts',(2.67624615495256,18.8175620213887,0.180869137281404));
#10358=CARTESIAN_POINT('Ctrl Pts',(2.31916048118846,18.6723705434026,0.207382817623105));
#10359=CARTESIAN_POINT('Ctrl Pts',(2.17620064846496,18.6203155930247,0.229867127941786));
#10360=CARTESIAN_POINT('Ctrl Pts',(1.88450287559675,18.5241897584312,0.302892853937463));
#10361=CARTESIAN_POINT('Ctrl Pts',(1.75138500694673,18.4861536598555,0.352811853071518));
#10362=CARTESIAN_POINT('Ctrl Pts',(1.66130576941971,18.4582681375561,0.406453612710564));
#10363=CARTESIAN_POINT('Ctrl Pts',(1.68211633810278,19.0767708950319,0.00924173957429886));
#10364=CARTESIAN_POINT('Ctrl Pts',(2.15899890587059,19.058803244596,0.0345590677999699));
#10365=CARTESIAN_POINT('Ctrl Pts',(2.63260339188523,19.0399281008701,0.11189282928723));
#10366=CARTESIAN_POINT('Ctrl Pts',(3.09222425774954,19.0206159734827,0.239019673286154));
#10367=CARTESIAN_POINT('Ctrl Pts',(1.43545365381616,38.3021278132305,0.00698901794920451));
#10368=CARTESIAN_POINT('Ctrl Pts',(2.1444152646899,38.1796463584492,0.0378541607939362));
#10369=CARTESIAN_POINT('Ctrl Pts',(3.17444801853137,37.7845745247627,0.240627345893984));
#10370=CARTESIAN_POINT('Ctrl Pts',(4.12747086246158,37.1321615886536,0.498136930994844));
#10371=CARTESIAN_POINT('Ctrl Pts',(4.77104514104511,36.5360963941868,0.663019712744765));
#10372=CARTESIAN_POINT('Ctrl Pts',(5.12695441852788,36.1183103555662,0.73799078269626));
#10373=CARTESIAN_POINT('Ctrl Pts',(5.32143081054973,35.8418508374913,0.764568904729933));
#10374=CARTESIAN_POINT('Ctrl Pts',(1.70162198196628,38.4383362967211,1.61877199385517));
#10375=CARTESIAN_POINT('Ctrl Pts',(2.60834453211495,38.3131014120829,1.59890393988291));
#10376=CARTESIAN_POINT('Ctrl Pts',(3.99007001868211,37.9055254842616,1.58639258505444));
#10377=CARTESIAN_POINT('Ctrl Pts',(5.15384687532225,37.0625438738006,1.42614257072213));
#10378=CARTESIAN_POINT('Ctrl Pts',(5.75807933318329,36.319515770781,1.2615277917608));
#10379=CARTESIAN_POINT('Ctrl Pts',(6.0124205377501,35.8415761264872,1.1562698772535));
#10380=CARTESIAN_POINT('Ctrl Pts',(6.12943676736541,35.5543025288595,1.09421908233819));
#10381=CARTESIAN_POINT('Ctrl Pts',(2.08878028427136,39.2652583615815,3.14005833639841));
#10382=CARTESIAN_POINT('Ctrl Pts',(3.28059909590641,39.1013732760809,3.04242778424103));
#10383=CARTESIAN_POINT('Ctrl Pts',(5.13358620428565,38.532639788795,2.7101969726603));
#10384=CARTESIAN_POINT('Ctrl Pts',(6.47251928326724,37.2491014496787,2.05224334274854));
#10385=CARTESIAN_POINT('Ctrl Pts',(6.93356510738772,36.2164001867144,1.58875990868646));
#10386=CARTESIAN_POINT('Ctrl Pts',(7.02096883331591,35.6301221774976,1.35353566699411));
#10387=CARTESIAN_POINT('Ctrl Pts',(7.03024996527453,35.3146591480989,1.23629369483723));
#10388=CARTESIAN_POINT('Ctrl Pts',(2.47877967721309,40.5305426617648,4.10659793958085));
#10389=CARTESIAN_POINT('Ctrl Pts',(3.95794518576105,40.3090685444706,3.93741579971419));
#10390=CARTESIAN_POINT('Ctrl Pts',(6.28436135757059,39.5038757784478,3.31815439142384));
#10391=CARTESIAN_POINT('Ctrl Pts',(7.79608061658374,37.6577394080282,2.246231384135));
#10392=CARTESIAN_POINT('Ctrl Pts',(8.11116061793231,36.2469631931742,1.59585031493379));
#10393=CARTESIAN_POINT('Ctrl Pts',(8.03058622036764,35.5105818626435,1.30662994214581));
#10394=CARTESIAN_POINT('Ctrl Pts',(7.93172573605482,35.1474339459735,1.17625985343066));
#10395=CARTESIAN_POINT('',(5.32143081054972,35.8418508374913,0.764568904729932));
#10396=CARTESIAN_POINT('Origin',(7.93172573605483,37.174750551859,-4.47086219054014));
#10397=CARTESIAN_POINT('Ctrl Pts',(3.08968394837441,37.7593620739403,0.238150005014956));
#10398=CARTESIAN_POINT('Ctrl Pts',(3.15966564058284,37.7245289084131,0.253728542919659));
#10399=CARTESIAN_POINT('Ctrl Pts',(3.22828349252024,37.6887213755374,0.269548660643846));
#10400=CARTESIAN_POINT('Ctrl Pts',(3.2955496310958,37.6520621373198,0.285436511808234));
#10401=CARTESIAN_POINT('Ctrl Pts',(3.65095944049648,37.4583680567082,0.369382138444414));
#10402=CARTESIAN_POINT('Ctrl Pts',(3.96863372180655,37.2408970780051,0.455218666811367));
#10403=CARTESIAN_POINT('Ctrl Pts',(4.28904990843775,36.9697183536152,0.538791770183659));
#10404=CARTESIAN_POINT('Ctrl Pts',(4.44925800175335,36.8341289914202,0.580578321869804));
#10405=CARTESIAN_POINT('Ctrl Pts',(4.61015157139923,36.6851126928035,0.621799017307285));
#10406=CARTESIAN_POINT('Ctrl Pts',(4.77957567559286,36.50615803384,0.661152132513899));
#10407=CARTESIAN_POINT('Ctrl Pts',(4.94899977978649,36.3272033748765,0.700505247720512));
#10408=CARTESIAN_POINT('Ctrl Pts',(5.12695441852788,36.1183103555662,0.73799078269626));
#10409=CARTESIAN_POINT('Ctrl Pts',(5.32143081054972,35.8418508374913,0.764568904729933));
#10410=CARTESIAN_POINT('Ctrl Pts',(5.32143081054972,20.9375730152192,0.764568904729933));
#10411=CARTESIAN_POINT('Ctrl Pts',(5.12744464861168,20.6618103877608,0.738057780005581));
#10412=CARTESIAN_POINT('Ctrl Pts',(4.59598719998059,20.0425455746333,0.624909310807909));
#10413=CARTESIAN_POINT('Ctrl Pts',(3.82319594997233,19.411341550922,0.41242147537031));
#10414=CARTESIAN_POINT('Ctrl Pts',(2.78537082344039,18.8289343128937,0.155521872294171));
#10415=CARTESIAN_POINT('Ctrl Pts',(1.9085993149858,18.5590314744698,0.0275831434430271));
#10416=CARTESIAN_POINT('Ctrl Pts',(1.4353803518224,18.4772833761666,0.00698582705190715));
#10417=CARTESIAN_POINT('Ctrl Pts',(6.12943676736541,21.225121323851,1.09421908233819));
#10418=CARTESIAN_POINT('Ctrl Pts',(6.01271550864837,20.9385718766375,1.15611346152572));
#10419=CARTESIAN_POINT('Ctrl Pts',(5.63255676922824,20.2273054847645,1.31340651016712));
#10420=CARTESIAN_POINT('Ctrl Pts',(4.81187264211155,19.4008432236665,1.49430632613235));
#10421=CARTESIAN_POINT('Ctrl Pts',(3.45643853449048,18.6972763110498,1.59403401100883));
#10422=CARTESIAN_POINT('Ctrl Pts',(2.3067480842501,18.4246607770265,1.60551177044852));
#10423=CARTESIAN_POINT('Ctrl Pts',(1.70152816957277,18.3410745551208,1.61877405665762));
#10424=CARTESIAN_POINT('Ctrl Pts',(7.03024996527453,21.4647647046116,1.23629369483723));
#10425=CARTESIAN_POINT('Ctrl Pts',(7.02099222890675,21.1500968846764,1.35324012705098));
#10426=CARTESIAN_POINT('Ctrl Pts',(6.89240916333869,20.2740454528556,1.70470901325832));
#10427=CARTESIAN_POINT('Ctrl Pts',(6.12745440931111,19.0479971926817,2.28829235291338));
#10428=CARTESIAN_POINT('Ctrl Pts',(4.40798271044392,17.9953522859741,2.85849199655206));
#10429=CARTESIAN_POINT('Ctrl Pts',(2.88417297597184,17.6235304264185,3.07490657533244));
#10430=CARTESIAN_POINT('Ctrl Pts',(2.08865701181929,17.5141484989296,3.14006842994211));
#10431=CARTESIAN_POINT('Ctrl Pts',(7.93172573605483,21.631989906737,1.17625985343066));
#10432=CARTESIAN_POINT('Ctrl Pts',(8.03033701591145,21.2697574021218,1.30630130925182));
#10433=CARTESIAN_POINT('Ctrl Pts',(8.15495062454452,20.1657867640747,1.73711818458404));
#10434=CARTESIAN_POINT('Ctrl Pts',(7.44918334316134,18.4293835264,2.61284538897751));
#10435=CARTESIAN_POINT('Ctrl Pts',(5.36594156355361,16.9186307538303,3.59715795923758));
#10436=CARTESIAN_POINT('Ctrl Pts',(3.46594090440979,16.3966756926907,3.99369867598121));
#10437=CARTESIAN_POINT('Ctrl Pts',(2.47862674131882,16.2488582929417,4.10661543119182));
#10438=CARTESIAN_POINT('',(5.32143081054972,20.9375730152192,0.764568904729932));
#10439=CARTESIAN_POINT('Ctrl Pts',(5.32143081054972,20.9375730152192,0.764568904729933));
#10440=CARTESIAN_POINT('Ctrl Pts',(5.12744464861168,20.6618103877608,0.738057780005581));
#10441=CARTESIAN_POINT('Ctrl Pts',(4.95029216573465,20.4553887833849,0.700341623606358));
#10442=CARTESIAN_POINT('Ctrl Pts',(4.78067109381608,20.2756941122203,0.66103166364437));
#10443=CARTESIAN_POINT('Ctrl Pts',(4.44142894997894,19.9163047698911,0.582411743720392));
#10444=CARTESIAN_POINT('Ctrl Pts',(4.13231244997564,19.6638231604066,0.497416609545353));
#10445=CARTESIAN_POINT('Ctrl Pts',(3.804783345552,19.4405144826596,0.412102441945144));
#10446=CARTESIAN_POINT('Ctrl Pts',(3.57933782907927,19.2868061877094,0.353378816113736));
#10447=CARTESIAN_POINT('Ctrl Pts',(3.34516865457437,19.1469196571585,0.294504036298977));
#10448=CARTESIAN_POINT('Ctrl Pts',(3.09320666296771,19.0209916101062,0.239114631463298));
#10449=CARTESIAN_POINT('Origin',(7.93172573605483,19.6046733008515,-4.47086219054014));
#10450=CARTESIAN_POINT('Ctrl Pts',(7.93172573605483,21.631989906737,1.17625985343066));
#10451=CARTESIAN_POINT('Ctrl Pts',(7.3531572470163,23.7572671892195,0.413285387261998));
#10452=CARTESIAN_POINT('Ctrl Pts',(6.89127770503933,26.0626051419179,0.0046476735410297));
#10453=CARTESIAN_POINT('Ctrl Pts',(6.42130653181339,28.3540277731975,3.21267924308541E-5));
#10454=CARTESIAN_POINT('Ctrl Pts',(6.41766386218934,28.3718697405744,-2.22153856803563E-15));
#10455=CARTESIAN_POINT('Ctrl Pts',(6.41401428673392,28.3897119263553,-2.22044604925031E-15));
#10456=CARTESIAN_POINT('Ctrl Pts',(7.03024996527453,21.4647647046116,1.23629369483723));
#10457=CARTESIAN_POINT('Ctrl Pts',(6.78683511411506,23.6730877633471,0.420951171064774));
#10458=CARTESIAN_POINT('Ctrl Pts',(6.60408532443254,26.0166622712803,0.00577565252184619));
#10459=CARTESIAN_POINT('Ctrl Pts',(6.41691520583997,28.3533409447317,2.81470999688087E-5));
#10460=CARTESIAN_POINT('Ctrl Pts',(6.4154665430957,28.371524005001,-2.22153856803563E-15));
#10461=CARTESIAN_POINT('Ctrl Pts',(6.41401428673392,28.3897119263553,-2.22044604925031E-15));
#10462=CARTESIAN_POINT('Ctrl Pts',(6.12943676736541,21.225121323851,1.09421908233819));
#10463=CARTESIAN_POINT('Ctrl Pts',(6.21975472827272,23.5952245956146,0.374724178734818));
#10464=CARTESIAN_POINT('Ctrl Pts',(6.31698261897712,25.9698370174909,0.00499263082575296));
#10465=CARTESIAN_POINT('Ctrl Pts',(6.41252338416302,28.3526589418416,2.57175207809315E-5));
#10466=CARTESIAN_POINT('Ctrl Pts',(6.41326922400205,28.3711782694276,-2.22153856803563E-15));
#10467=CARTESIAN_POINT('Ctrl Pts',(6.41401428673392,28.3897119263553,-2.22044604925031E-15));
#10468=CARTESIAN_POINT('Ctrl Pts',(5.32143081054972,20.9375730152192,0.764568904729931));
#10469=CARTESIAN_POINT('Ctrl Pts',(5.6421448972848,23.5135984096511,0.268635501720298));
#10470=CARTESIAN_POINT('Ctrl Pts',(6.0313537585877,25.9235381519861,0.00302098780376399));
#10471=CARTESIAN_POINT('Ctrl Pts',(6.40812349973863,28.3519740433475,2.08824149968789E-5));
#10472=CARTESIAN_POINT('Ctrl Pts',(6.41107190490841,28.3708325338541,-2.22153856803563E-15));
#10473=CARTESIAN_POINT('Ctrl Pts',(6.41401428673392,28.3897119263553,-2.22044604925031E-15));
#10474=CARTESIAN_POINT('Ctrl Pts',(5.32143081054972,20.9375730152192,0.764568904729931));
#10475=CARTESIAN_POINT('Ctrl Pts',(5.6421448972848,23.5135984096511,0.268635501720298));
#10476=CARTESIAN_POINT('Ctrl Pts',(6.0313537585877,25.9235381519861,0.00302098780376399));
#10477=CARTESIAN_POINT('Ctrl Pts',(6.40812349973863,28.3519740433475,2.08824149968789E-5));
#10478=CARTESIAN_POINT('Ctrl Pts',(6.41107190490841,28.3708325338541,-2.22153856803563E-15));
#10479=CARTESIAN_POINT('Ctrl Pts',(6.41401428673392,28.3897119263553,-2.22044604925031E-15));
#10480=CARTESIAN_POINT('Ctrl Pts',(6.41401428673392,28.3897119263553,-2.22044604925031E-15));
#10481=CARTESIAN_POINT('Ctrl Pts',(6.41302529431721,28.3833661911106,-2.22156335783574E-15));
#10482=CARTESIAN_POINT('Ctrl Pts',(6.41203626867306,28.3770179202564,4.27726546841825E-6));
#10483=CARTESIAN_POINT('Ctrl Pts',(6.05326834703984,26.0762325757972,-3.4678686663462E-5));
#10484=CARTESIAN_POINT('Ctrl Pts',(5.57589426824044,23.0006008593658,0.324422301678461));
#10485=CARTESIAN_POINT('Ctrl Pts',(5.29782418504027,19.5747646660037,1.11955690470125));
#10486=CARTESIAN_POINT('Ctrl Pts',(5.26611564394236,18.316661505864,1.49060633133785));
#10487=CARTESIAN_POINT('Ctrl Pts',(5.2731366684925,17.7199054718383,1.68652681168369));
#10488=CARTESIAN_POINT('Ctrl Pts',(6.41401428673392,28.3897119263553,-2.22044604925031E-15));
#10489=CARTESIAN_POINT('Ctrl Pts',(6.41229151118924,28.3838840772701,3.80837196129239E-5));
#10490=CARTESIAN_POINT('Ctrl Pts',(6.41055391434329,28.3779514596721,-3.50414056473825E-5));
#10491=CARTESIAN_POINT('Ctrl Pts',(5.78485464348146,26.2548518270884,0.00289036535478353));
#10492=CARTESIAN_POINT('Ctrl Pts',(4.94755851091644,23.4024635224469,0.104582619628865));
#10493=CARTESIAN_POINT('Ctrl Pts',(4.36522922746306,20.0052078598289,0.395357317264933));
#10494=CARTESIAN_POINT('Ctrl Pts',(4.25133915703419,18.7104892399402,0.539836105708919));
#10495=CARTESIAN_POINT('Ctrl Pts',(4.22938628618548,18.0828530214554,0.618073003737973));
#10496=CARTESIAN_POINT('Ctrl Pts',(6.41401428673392,28.3897119263553,-2.22044604925031E-15));
#10497=CARTESIAN_POINT('Ctrl Pts',(6.41153511970334,28.3843409027722,-2.22426755267786E-15));
#10498=CARTESIAN_POINT('Ctrl Pts',(6.40909309782839,28.3789436020833,1.57713910518996E-15));
#10499=CARTESIAN_POINT('Ctrl Pts',(5.51405322002653,26.430208359261,-1.14242030255893E-13));
#10500=CARTESIAN_POINT('Ctrl Pts',(4.31745981949999,23.8148868779787,2.37960428349739E-14));
#10501=CARTESIAN_POINT('Ctrl Pts',(3.23178566720119,20.5331560088021,-1.64679482756841E-14));
#10502=CARTESIAN_POINT('Ctrl Pts',(2.91106339950575,19.2319853388496,-7.36865592832095E-16));
#10503=CARTESIAN_POINT('Ctrl Pts',(2.78574759814188,18.5848553519359,-7.11061054963688E-17));
#10504=CARTESIAN_POINT('Ctrl Pts',(6.41401428673392,28.3897119263553,-2.22044604925031E-15));
#10505=CARTESIAN_POINT('Ctrl Pts',(6.41080960780123,28.3848166984194,-2.22146724291737E-15));
#10506=CARTESIAN_POINT('Ctrl Pts',(6.40760270364974,28.3799185593737,1.57419386824284E-15));
#10507=CARTESIAN_POINT('Ctrl Pts',(5.24616725106004,26.6055405840344,-1.14180727890173E-13));
#10508=CARTESIAN_POINT('Ctrl Pts',(3.68740757210102,24.2274079007591,2.37389805705402E-14));
#10509=CARTESIAN_POINT('Ctrl Pts',(2.09636287181896,21.0620556762155,-1.6587200920959E-14));
#10510=CARTESIAN_POINT('Ctrl Pts',(1.56560201457886,19.7560292640195,9.86443391216707E-17));
#10511=CARTESIAN_POINT('Ctrl Pts',(1.33390078689821,19.0897119263552,0.));
#10512=CARTESIAN_POINT('Ctrl Pts',(5.32143081054972,35.8418508374913,0.764568904729931));
#10513=CARTESIAN_POINT('Ctrl Pts',(5.64214489728481,33.2658254430593,0.268635501720299));
#10514=CARTESIAN_POINT('Ctrl Pts',(6.03130196261881,30.8557032531002,0.00306341811253871));
#10515=CARTESIAN_POINT('Ctrl Pts',(6.40812377495075,28.427450779038,2.0657211148941E-5));
#10516=CARTESIAN_POINT('Ctrl Pts',(6.41107190491139,28.4085913188753,-2.21862762161426E-15));
#10517=CARTESIAN_POINT('Ctrl Pts',(6.41401428673392,28.3897119263553,-2.22044604925031E-15));
#10518=CARTESIAN_POINT('Ctrl Pts',(6.12943676736541,35.5543025288595,1.09421908233819));
#10519=CARTESIAN_POINT('Ctrl Pts',(6.21975472827273,33.1841992570959,0.374724178734817));
#10520=CARTESIAN_POINT('Ctrl Pts',(6.31698005956547,30.8094651693295,0.00500530771259966));
#10521=CARTESIAN_POINT('Ctrl Pts',(6.41252339775184,28.4267655575865,2.56504967286749E-5));
#10522=CARTESIAN_POINT('Ctrl Pts',(6.41326922400503,28.4082455833019,-2.21903420732263E-15));
#10523=CARTESIAN_POINT('Ctrl Pts',(6.41401428673392,28.3897119263553,-2.22044604925031E-15));
#10524=CARTESIAN_POINT('Ctrl Pts',(7.03024996527453,35.3146591480989,1.23629369483723));
#10525=CARTESIAN_POINT('Ctrl Pts',(6.78683511411506,33.1063360893634,0.420951171064769));
#10526=CARTESIAN_POINT('Ctrl Pts',(6.60405750308677,30.7627223747341,0.00578488861603181));
#10527=CARTESIAN_POINT('Ctrl Pts',(6.41691535366662,28.4260831165087,2.80983708202176E-5));
#10528=CARTESIAN_POINT('Ctrl Pts',(6.41546654309868,28.4078998477284,-2.219440793031E-15));
#10529=CARTESIAN_POINT('Ctrl Pts',(6.41401428673392,28.3897119263553,-2.22044604925031E-15));
#10530=CARTESIAN_POINT('Ctrl Pts',(7.93172573605483,35.1474339459735,1.17625985343066));
#10531=CARTESIAN_POINT('Ctrl Pts',(7.35315724701629,33.0221566634911,0.413285387261996));
#10532=CARTESIAN_POINT('Ctrl Pts',(6.89121839022466,30.7168154963082,0.0047129509312369));
#10533=CARTESIAN_POINT('Ctrl Pts',(6.42130684699737,28.4253960967655,3.17803252909214E-5));
#10534=CARTESIAN_POINT('Ctrl Pts',(6.41766386219232,28.407554112155,-2.21984737873937E-15));
#10535=CARTESIAN_POINT('Ctrl Pts',(6.41401428673392,28.3897119263553,-2.22044604925031E-15));
#10536=CARTESIAN_POINT('Ctrl Pts',(6.41401428673392,28.3897119263553,-2.22044604925031E-15));
#10537=CARTESIAN_POINT('Ctrl Pts',(6.41107190491139,28.4085913188753,-2.21862762161426E-15));
#10538=CARTESIAN_POINT('Ctrl Pts',(6.40812377495075,28.427450779038,2.0657211148941E-5));
#10539=CARTESIAN_POINT('Ctrl Pts',(6.03130196261881,30.8557032531002,0.00306341811253871));
#10540=CARTESIAN_POINT('Ctrl Pts',(5.64214489728481,33.2658254430593,0.268635501720299));
#10541=CARTESIAN_POINT('Ctrl Pts',(5.32143081054972,35.8418508374913,0.764568904729931));
#10542=CARTESIAN_POINT('Ctrl Pts',(5.2731366684925,39.0595183808722,1.68652681168369));
#10543=CARTESIAN_POINT('Ctrl Pts',(5.2380315457418,36.0757382107438,0.706924409954538));
#10544=CARTESIAN_POINT('Ctrl Pts',(5.81137985648085,32.235853238809,-0.00459774896854205));
#10545=CARTESIAN_POINT('Ctrl Pts',(6.41204018606836,28.4024024097646,9.55549277968499E-6));
#10546=CARTESIAN_POINT('Ctrl Pts',(6.41302529431721,28.3960576615999,-2.21983483994749E-15));
#10547=CARTESIAN_POINT('Ctrl Pts',(6.41401428673392,28.3897119263553,-2.22044604925031E-15));
#10548=CARTESIAN_POINT('Ctrl Pts',(4.22938628618548,38.6965708312551,0.618073003737975));
#10549=CARTESIAN_POINT('Ctrl Pts',(4.33493653118406,35.5600656419501,0.231064505221298));
#10550=CARTESIAN_POINT('Ctrl Pts',(5.36440114958055,31.9332128257962,-0.00048639482408625));
#10551=CARTESIAN_POINT('Ctrl Pts',(6.41056240278073,28.4014466262365,1.98015268353833E-6));
#10552=CARTESIAN_POINT('Ctrl Pts',(6.41228673214522,28.3955741591636,-2.21969817849274E-15));
#10553=CARTESIAN_POINT('Ctrl Pts',(6.41401428673392,28.3897119263553,-2.22044604925031E-15));
#10554=CARTESIAN_POINT('Ctrl Pts',(2.78574759814188,38.1945685007746,1.11022302462516E-15));
#10555=CARTESIAN_POINT('Ctrl Pts',(3.41039010512878,34.9588631571262,0.00703726944542497));
#10556=CARTESIAN_POINT('Ctrl Pts',(4.92107342832203,31.6422941399609,8.27831949581539E-5));
#10557=CARTESIAN_POINT('Ctrl Pts',(6.40908037961588,28.4004772205988,-8.58132131798238E-8));
#10558=CARTESIAN_POINT('Ctrl Pts',(6.41154816997322,28.3950906567274,-2.219561517038E-15));
#10559=CARTESIAN_POINT('Ctrl Pts',(6.41401428673392,28.3897119263553,-2.22044604925031E-15));
#10560=CARTESIAN_POINT('Ctrl Pts',(1.33390078689821,37.6897119263553,1.11022302462516E-15));
#10561=CARTESIAN_POINT('Ctrl Pts',(2.49240692530145,34.358125238034,1.69773722958078E-15));
#10562=CARTESIAN_POINT('Ctrl Pts',(4.47705263063594,31.3514588105797,-1.68257155680033E-13));
#10563=CARTESIAN_POINT('Ctrl Pts',(6.40759916392883,28.3995077185254,1.56262159763651E-15));
#10564=CARTESIAN_POINT('Ctrl Pts',(6.41080960780123,28.3946071542911,-2.21942485558325E-15));
#10565=CARTESIAN_POINT('Ctrl Pts',(6.41401428673392,28.3897119263553,-2.22044604925031E-15));
#10566=CARTESIAN_POINT('Origin',(12.4140142867339,28.3897119263553,20.));
#10567=CARTESIAN_POINT('Origin',(-55.0859857132661,28.3893232184587,7.));
#10568=CARTESIAN_POINT('',(-54.0482357132661,28.3893232184587,7.));
#10569=CARTESIAN_POINT('Origin',(-55.0859857132661,28.3893232184587,7.));
#10570=CARTESIAN_POINT('',(-54.0482357132661,28.3893232184587,7.));
#10571=CARTESIAN_POINT('Origin',(-26.0859857132661,28.3893232184587,7.));
#10572=CARTESIAN_POINT('',(-25.0482357132661,28.3893232184587,7.));
#10573=CARTESIAN_POINT('Origin',(-26.0859857132661,28.3893232184587,7.));
#10574=CARTESIAN_POINT('',(-25.0482357132661,28.3893232184587,7.));
#10575=CARTESIAN_POINT('Origin',(-52.5859857132661,22.1393232184587,5.));
#10576=CARTESIAN_POINT('',(-52.5859857132661,34.6393232184587,6.));
#10577=CARTESIAN_POINT('',(-52.5859857132661,22.1393232184587,6.));
#10578=CARTESIAN_POINT('',(-52.5859857132661,34.6393232184587,6.));
#10579=CARTESIAN_POINT('',(-52.5859857132661,34.6393232184587,7.));
#10580=CARTESIAN_POINT('',(-52.5859857132661,34.6393232184587,5.));
#10581=CARTESIAN_POINT('',(-52.5859857132661,22.1393232184587,7.));
#10582=CARTESIAN_POINT('',(-52.5859857132661,34.6393232184587,7.));
#10583=CARTESIAN_POINT('',(-52.5859857132661,22.1393232184587,5.));
#10584=CARTESIAN_POINT('Origin',(-57.5859857132661,34.6393232184587,5.));
#10585=CARTESIAN_POINT('',(-57.5859857132661,22.1393232184587,7.));
#10586=CARTESIAN_POINT('',(-57.5859857132661,22.1393232184587,5.));
#10587=CARTESIAN_POINT('',(-57.5859857132661,34.6393232184587,7.));
#10588=CARTESIAN_POINT('',(-57.5859857132661,22.1393232184587,7.));
#10589=CARTESIAN_POINT('',(-57.5859857132661,34.6393232184587,5.));
#10590=CARTESIAN_POINT('Origin',(-55.0859857132661,28.3893232184587,7.));
#10591=CARTESIAN_POINT('',(-57.5859857132661,34.6393232184587,7.));
#10592=CARTESIAN_POINT('',(-23.5859857132661,22.1393232184587,7.));
#10593=CARTESIAN_POINT('Origin',(-23.5859857132661,22.1393232184587,5.));
#10594=CARTESIAN_POINT('',(-23.5859857132661,34.6393232184587,7.));
#10595=CARTESIAN_POINT('',(-23.5859857132661,34.6393232184587,5.));
#10596=CARTESIAN_POINT('',(-23.5859857132661,22.1393232184587,7.));
#10597=CARTESIAN_POINT('',(-23.5859857132661,34.6393232184587,7.));
#10598=CARTESIAN_POINT('',(-23.5859857132661,22.1393232184587,5.));
#10599=CARTESIAN_POINT('Origin',(-28.5859857132661,34.6393232184587,5.));
#10600=CARTESIAN_POINT('',(-28.5859857132661,22.1393232184587,6.));
#10601=CARTESIAN_POINT('',(-28.5859857132661,28.3893232184587,6.));
#10602=CARTESIAN_POINT('',(-28.5859857132661,34.6393232184587,6.));
#10603=CARTESIAN_POINT('',(-28.5859857132661,22.1393232184587,7.));
#10604=CARTESIAN_POINT('',(-28.5859857132661,22.1393232184587,5.));
#10605=CARTESIAN_POINT('',(-28.5859857132661,34.6393232184587,7.));
#10606=CARTESIAN_POINT('',(-28.5859857132661,34.6393232184587,7.));
#10607=CARTESIAN_POINT('',(-28.5859857132661,34.6393232184587,6.));
#10608=CARTESIAN_POINT('',(-28.5859857132661,34.6393232184587,5.));
#10609=CARTESIAN_POINT('',(-28.5859857132661,34.6393232184587,6.));
#10610=CARTESIAN_POINT('Origin',(-26.0859857132661,28.3893232184587,7.));
#10611=CARTESIAN_POINT('',(-57.5859857132661,34.6393232184587,7.));
#10612=CARTESIAN_POINT('',(-23.5859857132661,22.1393232184587,7.));
#10613=CARTESIAN_POINT('Origin',(-52.5859857132661,22.1393232184587,5.));
#10614=CARTESIAN_POINT('',(-23.5859857132661,22.1393232184587,6.));
#10615=CARTESIAN_POINT('Origin',(-28.5859857132661,34.6393232184587,5.));
#10616=CARTESIAN_POINT('',(-57.5859857132661,34.6393232184587,6.));
#10617=CARTESIAN_POINT('Origin',(-34.5859857132661,28.3893232184587,5.));
#10618=CARTESIAN_POINT('',(-40.0234857132661,25.8528702324958,6.));
#10619=CARTESIAN_POINT('',(-40.0234857132661,25.8528702324958,5.));
#10620=CARTESIAN_POINT('Origin',(-34.5859857132661,28.3893232184587,6.));
#10621=CARTESIAN_POINT('',(-40.0234857132661,30.9257762044215,6.));
#10622=CARTESIAN_POINT('Origin',(-34.5859857132661,28.3893232184587,6.));
#10623=CARTESIAN_POINT('',(-40.0234857132661,30.9257762044215,5.));
#10624=CARTESIAN_POINT('Origin',(-41.0859857132661,28.3893232184587,5.));
#10625=CARTESIAN_POINT('Origin',(-41.0859857132661,28.3893232184587,6.));
#10626=CARTESIAN_POINT('Origin',(-40.5859857132661,28.3893232184587,6.));
#10627=CARTESIAN_POINT('Origin',(-61.5759857132661,28.3897119263552,5.));
#10628=CARTESIAN_POINT('',(-59.8259857132661,28.3897119263552,5.));
#10629=CARTESIAN_POINT('Origin',(-56.572687692943,8.38326471339949,5.));
#10630=CARTESIAN_POINT('',(-54.822687692943,8.38326471339949,5.));
#10631=CARTESIAN_POINT('Origin',(-40.5726877638093,8.38477060865091,5.));
#10632=CARTESIAN_POINT('',(-38.8226877638093,8.38477060865091,5.));
#10633=CARTESIAN_POINT('',(0.,0.,0.));
#10634=CARTESIAN_POINT('Origin',(-5.1,3.7964050773568E-16,26.75));
#10635=CARTESIAN_POINT('',(-2.6,6.85802207522518E-16,30.05));
#10636=CARTESIAN_POINT('Origin',(-5.1,3.7964050773568E-16,30.05));
#10637=CARTESIAN_POINT('',(-2.6,6.85802207522518E-16,26.75));
#10638=CARTESIAN_POINT('',(-2.6,6.85802207522518E-16,26.75));
#10639=CARTESIAN_POINT('Origin',(-5.1,3.7964050773568E-16,26.75));
#10640=CARTESIAN_POINT('Origin',(-5.1,5.55111512312578E-16,30.05));
#10641=CARTESIAN_POINT('Origin',(1.16129032258065,1.54878775058365,22.5));
#10642=CARTESIAN_POINT('',(0.918604651162792,1.48875721761529,22.5));
#10643=CARTESIAN_POINT('',(1.15140478668054,1.29898327468306,22.5));
#10644=CARTESIAN_POINT('Origin',(1.16129032258065,1.54878775058365,22.5));
#10645=CARTESIAN_POINT('',(0.918604651162792,1.48875721761529,26.75));
#10646=CARTESIAN_POINT('',(0.918604651162792,1.48875721761529,22.5));
#10647=CARTESIAN_POINT('',(1.15140478668054,1.29898327468306,26.75));
#10648=CARTESIAN_POINT('Origin',(1.16129032258065,1.54878775058365,26.75));
#10649=CARTESIAN_POINT('',(1.15140478668054,1.29898327468306,22.5));
#10650=CARTESIAN_POINT('Origin',(1.1,0.,22.5));
#10651=CARTESIAN_POINT('',(1.15140478668054,-1.29898327468306,26.75));
#10652=CARTESIAN_POINT('Origin',(1.1,0.,26.75));
#10653=CARTESIAN_POINT('',(1.15140478668054,-1.29898327468306,22.5));
#10654=CARTESIAN_POINT('',(1.15140478668054,-1.29898327468306,22.5));
#10655=CARTESIAN_POINT('Origin',(1.1,0.,22.5));
#10656=CARTESIAN_POINT('Origin',(1.16129032258065,-1.54878775058365,22.5));
#10657=CARTESIAN_POINT('',(0.918604651162792,-1.48875721761529,22.5));
#10658=CARTESIAN_POINT('Origin',(1.16129032258065,-1.54878775058365,22.5));
#10659=CARTESIAN_POINT('',(0.918604651162792,-1.48875721761529,26.75));
#10660=CARTESIAN_POINT('Origin',(1.16129032258065,-1.54878775058365,26.75));
#10661=CARTESIAN_POINT('',(0.918604651162792,-1.48875721761529,22.5));
#10662=CARTESIAN_POINT('Origin',(-5.1,3.7964050773568E-16,22.5));
#10663=CARTESIAN_POINT('',(-5.1,6.2,22.5));
#10664=CARTESIAN_POINT('Origin',(-5.1,3.7964050773568E-16,22.5));
#10665=CARTESIAN_POINT('',(-11.3,3.7964050773568E-16,22.5));
#10666=CARTESIAN_POINT('Origin',(-5.1,3.7964050773568E-16,22.5));
#10667=CARTESIAN_POINT('',(-5.1,-6.2,22.5));
#10668=CARTESIAN_POINT('Origin',(-5.1,3.7964050773568E-16,22.5));
#10669=CARTESIAN_POINT('Origin',(-5.1,3.7964050773568E-16,22.5));
#10670=CARTESIAN_POINT('Origin',(-5.1,3.7964050773568E-16,26.75));
#10671=CARTESIAN_POINT('Origin',(-4.45,0.,26.75));
#10672=CARTESIAN_POINT('Origin',(0.,0.,22.5));
#10673=CARTESIAN_POINT('',(11.3,-6.2,22.5));
#10674=CARTESIAN_POINT('',(-11.3,-6.2,22.5));
#10675=CARTESIAN_POINT('',(11.3,6.2,22.5));
#10676=CARTESIAN_POINT('',(11.3,-6.2,22.5));
#10677=CARTESIAN_POINT('',(11.3,6.2,22.5));
#10678=CARTESIAN_POINT('Origin',(0.,0.,22.5));
#10679=CARTESIAN_POINT('',(-11.3,-6.2,22.5));
#10680=CARTESIAN_POINT('',(-11.3,6.2,22.5));
#10681=CARTESIAN_POINT('',(-11.3,-6.2,22.5));
#10682=CARTESIAN_POINT('Origin',(0.,0.,22.5));
#10683=CARTESIAN_POINT('',(-11.3,6.2,22.5));
#10684=CARTESIAN_POINT('',(11.3,6.2,22.5));
#10685=CARTESIAN_POINT('',(-11.3,6.2,22.5));
#10686=CARTESIAN_POINT('Origin',(-14.9224972160322,-0.550000000000002,18.25));
#10687=CARTESIAN_POINT('',(-16.3,-0.550000000000002,15.85));
#10688=CARTESIAN_POINT('',(-14.9224972160322,-0.550000000000002,15.85));
#10689=CARTESIAN_POINT('',(-15.6112486080161,-0.550000000000003,15.85));
#10690=CARTESIAN_POINT('',(-16.3,-0.550000000000002,18.25));
#10691=CARTESIAN_POINT('',(-16.3,-0.550000000000003,18.25));
#10692=CARTESIAN_POINT('',(-14.9224972160322,-0.550000000000002,18.25));
#10693=CARTESIAN_POINT('',(-13.1112486080161,-0.550000000000003,18.25));
#10694=CARTESIAN_POINT('',(-14.9224972160322,-0.550000000000002,18.25));
#10695=CARTESIAN_POINT('Origin',(-13.8,-8.45006291411674E-16,18.25));
#10696=CARTESIAN_POINT('',(-14.9224972160322,0.549999999999998,15.85));
#10697=CARTESIAN_POINT('Origin',(-13.8,-8.45006291411674E-16,15.85));
#10698=CARTESIAN_POINT('',(-14.9224972160322,0.549999999999998,18.25));
#10699=CARTESIAN_POINT('Origin',(-13.8,-8.45006291411674E-16,18.25));
#10700=CARTESIAN_POINT('',(-14.9224972160322,0.549999999999998,18.25));
#10701=CARTESIAN_POINT('Origin',(-16.3,0.549999999999998,18.25));
#10702=CARTESIAN_POINT('',(-16.3,0.549999999999998,15.85));
#10703=CARTESIAN_POINT('',(-16.3,0.549999999999998,15.85));
#10704=CARTESIAN_POINT('',(-16.3,0.549999999999998,18.25));
#10705=CARTESIAN_POINT('',(-13.8,0.549999999999998,18.25));
#10706=CARTESIAN_POINT('',(-16.3,0.549999999999998,18.25));
#10707=CARTESIAN_POINT('Origin',(-11.3,6.2,18.25));
#10708=CARTESIAN_POINT('',(-16.3,-6.2,18.25));
#10709=CARTESIAN_POINT('',(-16.3,6.2,18.25));
#10710=CARTESIAN_POINT('',(-11.3,-6.2,18.25));
#10711=CARTESIAN_POINT('',(-5.65,-6.2,18.25));
#10712=CARTESIAN_POINT('',(-11.3,6.2,18.25));
#10713=CARTESIAN_POINT('',(-11.3,6.2,18.25));
#10714=CARTESIAN_POINT('',(-16.3,6.2,18.25));
#10715=CARTESIAN_POINT('',(-11.3,6.2,18.25));
#10716=CARTESIAN_POINT('',(-16.3,6.2,18.25));
#10717=CARTESIAN_POINT('Origin',(-16.3,6.2,18.25));
#10718=CARTESIAN_POINT('',(-16.3,-6.2,15.85));
#10719=CARTESIAN_POINT('',(-16.3,6.2,15.85));
#10720=CARTESIAN_POINT('',(-16.3,-6.2,17.65));
#10721=CARTESIAN_POINT('Origin',(13.8141323655931,0.,18.25));
#10722=CARTESIAN_POINT('',(14.9366295816253,0.549999999999998,15.85));
#10723=CARTESIAN_POINT('',(14.9366295816253,-0.550000000000002,15.85));
#10724=CARTESIAN_POINT('Origin',(13.8141323655931,0.,15.85));
#10725=CARTESIAN_POINT('',(14.9366295816253,0.549999999999998,18.25));
#10726=CARTESIAN_POINT('',(14.9366295816253,0.549999999999998,18.25));
#10727=CARTESIAN_POINT('',(14.9366295816253,-0.550000000000002,18.25));
#10728=CARTESIAN_POINT('Origin',(13.8141323655931,0.,18.25));
#10729=CARTESIAN_POINT('',(14.9366295816253,-0.550000000000002,18.25));
#10730=CARTESIAN_POINT('Origin',(16.3,-0.550000000000002,18.25));
#10731=CARTESIAN_POINT('',(16.3,-0.550000000000003,15.85));
#10732=CARTESIAN_POINT('',(13.8,-0.550000000000003,15.85));
#10733=CARTESIAN_POINT('',(16.3,-0.550000000000002,18.25));
#10734=CARTESIAN_POINT('',(16.3,-0.550000000000003,18.25));
#10735=CARTESIAN_POINT('',(16.3,-0.550000000000003,17.05));
#10736=CARTESIAN_POINT('Origin',(14.9366295816253,0.549999999999998,18.25));
#10737=CARTESIAN_POINT('',(16.3,0.549999999999998,15.85));
#10738=CARTESIAN_POINT('',(13.1183147908127,0.549999999999998,15.85));
#10739=CARTESIAN_POINT('',(16.3,0.549999999999998,18.25));
#10740=CARTESIAN_POINT('',(16.3,0.549999999999998,17.05));
#10741=CARTESIAN_POINT('',(15.6183147908127,0.549999999999998,18.25));
#10742=CARTESIAN_POINT('Origin',(16.3,6.2,18.25));
#10743=CARTESIAN_POINT('',(16.3,6.2,18.25));
#10744=CARTESIAN_POINT('',(16.3,6.2,18.25));
#10745=CARTESIAN_POINT('',(11.3,6.2,18.25));
#10746=CARTESIAN_POINT('',(11.3,6.2,18.25));
#10747=CARTESIAN_POINT('',(11.3,-6.2,18.25));
#10748=CARTESIAN_POINT('',(11.3,0.,18.25));
#10749=CARTESIAN_POINT('',(16.3,-6.2,18.25));
#10750=CARTESIAN_POINT('',(8.15,-6.2,18.25));
#10751=CARTESIAN_POINT('',(16.3,6.2,18.25));
#10752=CARTESIAN_POINT('Origin',(16.3,6.2,15.85));
#10753=CARTESIAN_POINT('',(16.3,6.2,15.85));
#10754=CARTESIAN_POINT('',(16.3,6.2,15.85));
#10755=CARTESIAN_POINT('',(16.3,6.2,18.25));
#10756=CARTESIAN_POINT('Origin',(16.3,6.2,15.85));
#10757=CARTESIAN_POINT('',(16.3,-6.2,15.85));
#10758=CARTESIAN_POINT('',(16.3,-6.2,16.45));
#10759=CARTESIAN_POINT('',(16.3,6.2,15.85));
#10760=CARTESIAN_POINT('Origin',(11.3,6.2,15.85));
#10761=CARTESIAN_POINT('',(11.3,-6.2,15.85));
#10762=CARTESIAN_POINT('',(5.65,-6.2,15.85));
#10763=CARTESIAN_POINT('',(11.3,6.2,15.85));
#10764=CARTESIAN_POINT('',(11.3,0.,15.85));
#10765=CARTESIAN_POINT('',(16.3,6.2,15.85));
#10766=CARTESIAN_POINT('Origin',(11.3,-6.2,0.));
#10767=CARTESIAN_POINT('',(11.3,-6.2,0.));
#10768=CARTESIAN_POINT('',(11.3,-6.2,0.));
#10769=CARTESIAN_POINT('',(11.3,6.2,0.));
#10770=CARTESIAN_POINT('',(11.3,-6.2,0.));
#10771=CARTESIAN_POINT('',(11.3,6.2,0.));
#10772=CARTESIAN_POINT('Origin',(11.3,-6.2,0.));
#10773=CARTESIAN_POINT('',(11.3,6.2,0.));
#10774=CARTESIAN_POINT('',(11.3,-6.2,0.));
#10775=CARTESIAN_POINT('Origin',(-16.3,6.2,15.85));
#10776=CARTESIAN_POINT('',(-16.3,6.2,15.85));
#10777=CARTESIAN_POINT('',(-16.3,6.2,15.85));
#10778=CARTESIAN_POINT('',(-11.3,6.2,15.85));
#10779=CARTESIAN_POINT('',(-16.3,6.2,15.85));
#10780=CARTESIAN_POINT('',(-11.3,-6.2,15.85));
#10781=CARTESIAN_POINT('',(-11.3,6.2,15.85));
#10782=CARTESIAN_POINT('',(-8.15,-6.2,15.85));
#10783=CARTESIAN_POINT('Origin',(-16.3,6.2,18.25));
#10784=CARTESIAN_POINT('',(-16.3,6.2,18.25));
#10785=CARTESIAN_POINT('Origin',(-11.3,6.2,0.));
#10786=CARTESIAN_POINT('',(-11.3,6.2,0.));
#10787=CARTESIAN_POINT('',(-11.3,6.2,0.));
#10788=CARTESIAN_POINT('',(-11.3,-6.2,0.));
#10789=CARTESIAN_POINT('',(-11.3,6.2,0.));
#10790=CARTESIAN_POINT('',(-11.3,-6.2,0.));
#10791=CARTESIAN_POINT('Origin',(-11.3,-6.2,0.));
#10792=CARTESIAN_POINT('',(-11.3,-6.2,0.));
#10793=CARTESIAN_POINT('',(-11.3,-6.2,0.));
#10794=CARTESIAN_POINT('Origin',(-11.3,6.2,0.));
#10795=CARTESIAN_POINT('',(-11.3,6.2,0.));
#10796=CARTESIAN_POINT('Origin',(11.3,6.2,0.));
#10797=CARTESIAN_POINT('',(11.3,6.2,0.));
#10798=CARTESIAN_POINT('Origin',(0.,0.,0.));
#10799=CARTESIAN_POINT('',(0.,0.,0.));
#10800=CARTESIAN_POINT('Origin',(0.,0.,10.));
#10801=CARTESIAN_POINT('',(2.4,2.93915231795365E-16,10.));
#10802=CARTESIAN_POINT('Origin',(0.,0.,10.));
#10803=CARTESIAN_POINT('',(2.4,2.93915231795365E-16,0.));
#10804=CARTESIAN_POINT('',(2.4,-2.93915231795365E-16,10.));
#10805=CARTESIAN_POINT('Origin',(0.,0.,0.));
#10806=CARTESIAN_POINT('Origin',(4.5,0.,10.));
#10807=CARTESIAN_POINT('',(5.8,1.59204083889156E-16,10.));
#10808=CARTESIAN_POINT('Origin',(4.5,0.,10.));
#10809=CARTESIAN_POINT('',(5.8,1.59204083889156E-16,0.));
#10810=CARTESIAN_POINT('',(5.8,-1.59204083889156E-16,10.));
#10811=CARTESIAN_POINT('Origin',(4.5,0.,0.));
#10812=CARTESIAN_POINT('Origin',(-4.5,0.,10.));
#10813=CARTESIAN_POINT('',(-3.2,1.59204083889156E-16,10.));
#10814=CARTESIAN_POINT('Origin',(-4.5,0.,10.));
#10815=CARTESIAN_POINT('',(-3.2,1.59204083889156E-16,0.));
#10816=CARTESIAN_POINT('',(-3.2,-1.59204083889156E-16,10.));
#10817=CARTESIAN_POINT('Origin',(-4.5,0.,0.));
#10818=CARTESIAN_POINT('Origin',(30.75,0.,0.));
#10819=CARTESIAN_POINT('',(29.,-2.14313189850787E-16,10.));
#10820=CARTESIAN_POINT('Origin',(30.75,0.,10.));
#10821=CARTESIAN_POINT('',(29.,-2.14313189850787E-16,0.));
#10822=CARTESIAN_POINT('',(29.,-2.14313189850787E-16,0.));
#10823=CARTESIAN_POINT('Origin',(30.75,0.,0.));
#10824=CARTESIAN_POINT('Origin',(30.75,0.,0.));
#10825=CARTESIAN_POINT('',(30.75,-4.,0.));
#10826=CARTESIAN_POINT('',(30.75,4.,0.));
#10827=CARTESIAN_POINT('Origin',(30.75,0.,0.));
#10828=CARTESIAN_POINT('',(30.75,4.,10.));
#10829=CARTESIAN_POINT('',(30.75,4.,0.));
#10830=CARTESIAN_POINT('',(30.75,-4.,10.));
#10831=CARTESIAN_POINT('Origin',(30.75,0.,10.));
#10832=CARTESIAN_POINT('',(30.75,-4.,0.));
#10833=CARTESIAN_POINT('Origin',(11.4091235421482,-4.,0.));
#10834=CARTESIAN_POINT('',(11.4091235421482,-4.,0.));
#10835=CARTESIAN_POINT('',(30.75,-4.,0.));
#10836=CARTESIAN_POINT('',(11.4091235421482,-4.,10.));
#10837=CARTESIAN_POINT('',(30.75,-4.,10.));
#10838=CARTESIAN_POINT('',(11.4091235421482,-4.,0.));
#10839=CARTESIAN_POINT('Origin',(0.,0.,0.));
#10840=CARTESIAN_POINT('',(-11.3655842014111,-4.12208633590252,0.));
#10841=CARTESIAN_POINT('Origin',(0.,0.,0.));
#10842=CARTESIAN_POINT('',(-11.3655842014111,-4.12208633590252,10.));
#10843=CARTESIAN_POINT('Origin',(0.,0.,10.));
#10844=CARTESIAN_POINT('',(-11.3655842014111,-4.12208633590252,0.));
#10845=CARTESIAN_POINT('Origin',(-12.6444631102501,0.650754728612741,0.));
#10846=CARTESIAN_POINT('',(-14.0512609346273,-4.08595963599949,0.));
#10847=CARTESIAN_POINT('Origin',(-12.6444631102501,0.650754728612741,0.));
#10848=CARTESIAN_POINT('',(-14.0512609346273,-4.08595963599949,10.));
#10849=CARTESIAN_POINT('Origin',(-12.6444631102501,0.650754728612741,10.));
#10850=CARTESIAN_POINT('',(-14.0512609346273,-4.08595963599949,0.));
#10851=CARTESIAN_POINT('Origin',(-14.2117287425909,-3.48708562370027,0.));
#10852=CARTESIAN_POINT('',(-14.2117287425909,-3.48708562370027,0.));
#10853=CARTESIAN_POINT('',(-14.2117287425909,-3.48708562370027,0.));
#10854=CARTESIAN_POINT('',(-14.2117287425909,-3.48708562370027,10.));
#10855=CARTESIAN_POINT('',(-14.2117287425909,-3.48708562370027,10.));
#10856=CARTESIAN_POINT('',(-14.2117287425909,-3.48708562370027,0.));
#10857=CARTESIAN_POINT('Origin',(-10.6250489063854,-6.88580168173652,0.));
#10858=CARTESIAN_POINT('',(-11.9039278152244,-2.11296061722126,0.));
#10859=CARTESIAN_POINT('Origin',(-10.6250489063854,-6.88580168173652,0.));
#10860=CARTESIAN_POINT('',(-11.9039278152244,-2.11296061722126,10.));
#10861=CARTESIAN_POINT('Origin',(-10.6250489063854,-6.88580168173652,10.));
#10862=CARTESIAN_POINT('',(-11.9039278152244,-2.11296061722126,0.));
#10863=CARTESIAN_POINT('Origin',(0.,0.,0.));
#10864=CARTESIAN_POINT('',(-12.0451857602944,-1.04,0.));
#10865=CARTESIAN_POINT('Origin',(0.,0.,0.));
#10866=CARTESIAN_POINT('',(-12.0451857602944,-1.04,10.));
#10867=CARTESIAN_POINT('Origin',(0.,0.,10.));
#10868=CARTESIAN_POINT('',(-12.0451857602944,-1.04,0.));
#10869=CARTESIAN_POINT('Origin',(-12.0451857602944,3.90120866697576,0.));
#10870=CARTESIAN_POINT('',(-14.63,-0.309999999999997,0.));
#10871=CARTESIAN_POINT('Origin',(-12.0451857602944,3.90120866697576,0.));
#10872=CARTESIAN_POINT('',(-14.63,-0.309999999999997,10.));
#10873=CARTESIAN_POINT('Origin',(-12.0451857602944,3.90120866697576,10.));
#10874=CARTESIAN_POINT('',(-14.63,-0.309999999999997,0.));
#10875=CARTESIAN_POINT('Origin',(-14.63,0.310000000000003,0.));
#10876=CARTESIAN_POINT('',(-14.63,0.310000000000003,0.));
#10877=CARTESIAN_POINT('',(-14.63,0.310000000000003,0.));
#10878=CARTESIAN_POINT('',(-14.63,0.310000000000003,10.));
#10879=CARTESIAN_POINT('',(-14.63,0.310000000000003,10.));
#10880=CARTESIAN_POINT('',(-14.63,0.310000000000003,0.));
#10881=CARTESIAN_POINT('Origin',(-12.0451857602944,-3.90120866697575,0.));
#10882=CARTESIAN_POINT('',(-12.0451857602944,1.04,0.));
#10883=CARTESIAN_POINT('Origin',(-12.0451857602944,-3.90120866697575,0.));
#10884=CARTESIAN_POINT('',(-12.0451857602944,1.04,10.));
#10885=CARTESIAN_POINT('Origin',(-12.0451857602944,-3.90120866697575,10.));
#10886=CARTESIAN_POINT('',(-12.0451857602944,1.04,0.));
#10887=CARTESIAN_POINT('Origin',(0.,0.,0.));
#10888=CARTESIAN_POINT('',(-11.9039278152244,2.11296061722126,0.));
#10889=CARTESIAN_POINT('Origin',(0.,0.,0.));
#10890=CARTESIAN_POINT('',(-11.9039278152244,2.11296061722126,10.));
#10891=CARTESIAN_POINT('Origin',(0.,0.,10.));
#10892=CARTESIAN_POINT('',(-11.9039278152244,2.11296061722126,0.));
#10893=CARTESIAN_POINT('Origin',(-10.6250489063854,6.88580168173652,0.));
#10894=CARTESIAN_POINT('',(-14.2117287425909,3.48708562370027,0.));
#10895=CARTESIAN_POINT('Origin',(-10.6250489063854,6.88580168173652,0.));
#10896=CARTESIAN_POINT('',(-14.2117287425909,3.48708562370027,10.));
#10897=CARTESIAN_POINT('Origin',(-10.6250489063854,6.88580168173652,10.));
#10898=CARTESIAN_POINT('',(-14.2117287425909,3.48708562370027,0.));
#10899=CARTESIAN_POINT('Origin',(-14.0512609346273,4.08595963599949,0.));
#10900=CARTESIAN_POINT('',(-14.0512609346273,4.08595963599949,0.));
#10901=CARTESIAN_POINT('',(-14.0512609346273,4.08595963599949,0.));
#10902=CARTESIAN_POINT('',(-14.0512609346273,4.08595963599949,10.));
#10903=CARTESIAN_POINT('',(-14.0512609346273,4.08595963599949,10.));
#10904=CARTESIAN_POINT('',(-14.0512609346273,4.08595963599949,0.));
#10905=CARTESIAN_POINT('Origin',(-12.6444631102501,-0.650754728612738,0.));
#10906=CARTESIAN_POINT('',(-11.3655842014111,4.12208633590252,0.));
#10907=CARTESIAN_POINT('Origin',(-12.6444631102501,-0.650754728612738,0.));
#10908=CARTESIAN_POINT('',(-11.3655842014111,4.12208633590252,10.));
#10909=CARTESIAN_POINT('Origin',(-12.6444631102501,-0.650754728612738,10.));
#10910=CARTESIAN_POINT('',(-11.3655842014111,4.12208633590252,0.));
#10911=CARTESIAN_POINT('Origin',(0.,0.,0.));
#10912=CARTESIAN_POINT('',(-10.9514368617176,5.1219264602114,0.));
#10913=CARTESIAN_POINT('Origin',(0.,0.,0.));
#10914=CARTESIAN_POINT('',(-10.9514368617176,5.1219264602114,10.));
#10915=CARTESIAN_POINT('Origin',(0.,0.,10.));
#10916=CARTESIAN_POINT('',(-10.9514368617176,5.1219264602114,0.));
#10917=CARTESIAN_POINT('Origin',(-8.48083252822969,9.40113869121225,0.));
#10918=CARTESIAN_POINT('',(-12.8249516573663,7.04653212482683,0.));
#10919=CARTESIAN_POINT('Origin',(-8.48083252822969,9.40113869121225,0.));
#10920=CARTESIAN_POINT('',(-12.8249516573663,7.04653212482683,10.));
#10921=CARTESIAN_POINT('Origin',(-8.48083252822969,9.40113869121225,10.));
#10922=CARTESIAN_POINT('',(-12.8249516573663,7.04653212482683,0.));
#10923=CARTESIAN_POINT('Origin',(-12.5149516573663,7.58346787517318,0.));
#10924=CARTESIAN_POINT('',(-12.5149516573663,7.58346787517318,0.));
#10925=CARTESIAN_POINT('',(-12.5149516573663,7.58346787517318,0.));
#10926=CARTESIAN_POINT('',(-12.5149516573663,7.58346787517318,10.));
#10927=CARTESIAN_POINT('',(-12.5149516573663,7.58346787517318,10.));
#10928=CARTESIAN_POINT('',(-12.5149516573663,7.58346787517318,0.));
#10929=CARTESIAN_POINT('Origin',(-12.3820411952054,2.6440470690822,0.));
#10930=CARTESIAN_POINT('',(-9.91143686171756,6.92325930008304,0.));
#10931=CARTESIAN_POINT('Origin',(-12.3820411952054,2.6440470690822,0.));
#10932=CARTESIAN_POINT('',(-9.91143686171756,6.92325930008304,10.));
#10933=CARTESIAN_POINT('Origin',(-12.3820411952054,2.6440470690822,10.));
#10934=CARTESIAN_POINT('',(-9.91143686171756,6.92325930008304,0.));
#10935=CARTESIAN_POINT('Origin',(0.,0.,0.));
#10936=CARTESIAN_POINT('',(-9.25262358418985,7.78184147932183,0.));
#10937=CARTESIAN_POINT('Origin',(0.,0.,0.));
#10938=CARTESIAN_POINT('',(-9.25262358418985,7.78184147932183,10.));
#10939=CARTESIAN_POINT('Origin',(0.,0.,10.));
#10940=CARTESIAN_POINT('',(-9.25262358418985,7.78184147932183,0.));
#10941=CARTESIAN_POINT('Origin',(-5.75866142851356,11.2758036349981,0.));
#10942=CARTESIAN_POINT('',(-10.564175310927,10.1257691065914,0.));
#10943=CARTESIAN_POINT('Origin',(-5.75866142851356,11.2758036349981,0.));
#10944=CARTESIAN_POINT('',(-10.564175310927,10.1257691065914,10.));
#10945=CARTESIAN_POINT('Origin',(-5.75866142851356,11.2758036349981,10.));
#10946=CARTESIAN_POINT('',(-10.564175310927,10.1257691065914,0.));
#10947=CARTESIAN_POINT('Origin',(-10.1257691065914,10.564175310927,0.));
#10948=CARTESIAN_POINT('',(-10.1257691065914,10.564175310927,0.));
#10949=CARTESIAN_POINT('',(-10.1257691065914,10.564175310927,0.));
#10950=CARTESIAN_POINT('',(-10.1257691065914,10.564175310927,10.));
#10951=CARTESIAN_POINT('',(-10.1257691065914,10.564175310927,10.));
#10952=CARTESIAN_POINT('',(-10.1257691065914,10.564175310927,0.));
#10953=CARTESIAN_POINT('Origin',(-11.2758036349981,5.75866142851356,0.));
#10954=CARTESIAN_POINT('',(-7.78184147932183,9.25262358418985,0.));
#10955=CARTESIAN_POINT('Origin',(-11.2758036349981,5.75866142851356,0.));
#10956=CARTESIAN_POINT('',(-7.78184147932183,9.25262358418985,10.));
#10957=CARTESIAN_POINT('Origin',(-11.2758036349981,5.75866142851356,10.));
#10958=CARTESIAN_POINT('',(-7.78184147932183,9.25262358418985,0.));
#10959=CARTESIAN_POINT('Origin',(0.,0.,0.));
#10960=CARTESIAN_POINT('',(-6.92325930008304,9.91143686171757,0.));
#10961=CARTESIAN_POINT('Origin',(0.,0.,0.));
#10962=CARTESIAN_POINT('',(-6.92325930008304,9.91143686171757,10.));
#10963=CARTESIAN_POINT('Origin',(0.,0.,10.));
#10964=CARTESIAN_POINT('',(-6.92325930008304,9.91143686171757,0.));
#10965=CARTESIAN_POINT('Origin',(-2.64404706908219,12.3820411952054,0.));
#10966=CARTESIAN_POINT('',(-7.58346787517318,12.5149516573663,0.));
#10967=CARTESIAN_POINT('Origin',(-2.64404706908219,12.3820411952054,0.));
#10968=CARTESIAN_POINT('',(-7.58346787517318,12.5149516573663,10.));
#10969=CARTESIAN_POINT('Origin',(-2.64404706908219,12.3820411952054,10.));
#10970=CARTESIAN_POINT('',(-7.58346787517318,12.5149516573663,0.));
#10971=CARTESIAN_POINT('Origin',(-7.04653212482682,12.8249516573663,0.));
#10972=CARTESIAN_POINT('',(-7.04653212482682,12.8249516573663,0.));
#10973=CARTESIAN_POINT('',(-7.04653212482682,12.8249516573663,0.));
#10974=CARTESIAN_POINT('',(-7.04653212482683,12.8249516573663,10.));
#10975=CARTESIAN_POINT('',(-7.04653212482682,12.8249516573663,10.));
#10976=CARTESIAN_POINT('',(-7.04653212482682,12.8249516573663,0.));
#10977=CARTESIAN_POINT('Origin',(-9.40113869121225,8.48083252822969,0.));
#10978=CARTESIAN_POINT('',(-5.1219264602114,10.9514368617176,0.));
#10979=CARTESIAN_POINT('Origin',(-9.40113869121225,8.48083252822969,0.));
#10980=CARTESIAN_POINT('',(-5.1219264602114,10.9514368617176,10.));
#10981=CARTESIAN_POINT('Origin',(-9.40113869121225,8.48083252822969,10.));
#10982=CARTESIAN_POINT('',(-5.1219264602114,10.9514368617176,0.));
#10983=CARTESIAN_POINT('Origin',(0.,0.,0.));
#10984=CARTESIAN_POINT('',(-4.12208633590252,11.3655842014111,0.));
#10985=CARTESIAN_POINT('Origin',(0.,0.,0.));
#10986=CARTESIAN_POINT('',(-4.12208633590252,11.3655842014111,10.));
#10987=CARTESIAN_POINT('Origin',(0.,0.,10.));
#10988=CARTESIAN_POINT('',(-4.12208633590252,11.3655842014111,0.));
#10989=CARTESIAN_POINT('Origin',(0.650754728612741,12.6444631102501,0.));
#10990=CARTESIAN_POINT('',(-4.08595963599949,14.0512609346273,0.));
#10991=CARTESIAN_POINT('Origin',(0.650754728612741,12.6444631102501,0.));
#10992=CARTESIAN_POINT('',(-4.08595963599949,14.0512609346273,10.));
#10993=CARTESIAN_POINT('Origin',(0.650754728612741,12.6444631102501,10.));
#10994=CARTESIAN_POINT('',(-4.08595963599949,14.0512609346273,0.));
#10995=CARTESIAN_POINT('Origin',(-3.48708562370027,14.2117287425909,0.));
#10996=CARTESIAN_POINT('',(-3.48708562370027,14.2117287425909,0.));
#10997=CARTESIAN_POINT('',(-3.48708562370027,14.2117287425909,0.));
#10998=CARTESIAN_POINT('',(-3.48708562370027,14.2117287425909,10.));
#10999=CARTESIAN_POINT('',(-3.48708562370027,14.2117287425909,10.));
#11000=CARTESIAN_POINT('',(-3.48708562370027,14.2117287425909,0.));
#11001=CARTESIAN_POINT('Origin',(-6.88580168173652,10.6250489063854,0.));
#11002=CARTESIAN_POINT('',(-2.11296061722126,11.9039278152244,0.));
#11003=CARTESIAN_POINT('Origin',(-6.88580168173652,10.6250489063854,0.));
#11004=CARTESIAN_POINT('',(-2.11296061722126,11.9039278152244,10.));
#11005=CARTESIAN_POINT('Origin',(-6.88580168173652,10.6250489063854,10.));
#11006=CARTESIAN_POINT('',(-2.11296061722126,11.9039278152244,0.));
#11007=CARTESIAN_POINT('Origin',(0.,0.,0.));
#11008=CARTESIAN_POINT('',(-1.04,12.0451857602944,0.));
#11009=CARTESIAN_POINT('Origin',(0.,0.,0.));
#11010=CARTESIAN_POINT('',(-1.04,12.0451857602944,10.));
#11011=CARTESIAN_POINT('Origin',(0.,0.,10.));
#11012=CARTESIAN_POINT('',(-1.04,12.0451857602944,0.));
#11013=CARTESIAN_POINT('Origin',(3.90120866697576,12.0451857602944,0.));
#11014=CARTESIAN_POINT('',(-0.310000000000001,14.63,0.));
#11015=CARTESIAN_POINT('Origin',(3.90120866697576,12.0451857602944,0.));
#11016=CARTESIAN_POINT('',(-0.310000000000001,14.63,10.));
#11017=CARTESIAN_POINT('Origin',(3.90120866697576,12.0451857602944,10.));
#11018=CARTESIAN_POINT('',(-0.310000000000001,14.63,0.));
#11019=CARTESIAN_POINT('Origin',(0.31,14.63,0.));
#11020=CARTESIAN_POINT('',(0.31,14.63,0.));
#11021=CARTESIAN_POINT('',(0.31,14.63,0.));
#11022=CARTESIAN_POINT('',(0.310000000000001,14.63,10.));
#11023=CARTESIAN_POINT('',(0.31,14.63,10.));
#11024=CARTESIAN_POINT('',(0.31,14.63,0.));
#11025=CARTESIAN_POINT('Origin',(-3.90120866697575,12.0451857602944,0.));
#11026=CARTESIAN_POINT('',(1.04,12.0451857602944,0.));
#11027=CARTESIAN_POINT('Origin',(-3.90120866697575,12.0451857602944,0.));
#11028=CARTESIAN_POINT('',(1.04,12.0451857602944,10.));
#11029=CARTESIAN_POINT('Origin',(-3.90120866697575,12.0451857602944,10.));
#11030=CARTESIAN_POINT('',(1.04,12.0451857602944,0.));
#11031=CARTESIAN_POINT('Origin',(0.,0.,0.));
#11032=CARTESIAN_POINT('',(2.11296061722127,11.9039278152244,0.));
#11033=CARTESIAN_POINT('Origin',(0.,0.,0.));
#11034=CARTESIAN_POINT('',(2.11296061722127,11.9039278152244,10.));
#11035=CARTESIAN_POINT('Origin',(0.,0.,10.));
#11036=CARTESIAN_POINT('',(2.11296061722127,11.9039278152244,0.));
#11037=CARTESIAN_POINT('Origin',(6.88580168173653,10.6250489063854,0.));
#11038=CARTESIAN_POINT('',(3.48708562370028,14.2117287425908,0.));
#11039=CARTESIAN_POINT('Origin',(6.88580168173653,10.6250489063854,0.));
#11040=CARTESIAN_POINT('',(3.48708562370028,14.2117287425908,10.));
#11041=CARTESIAN_POINT('Origin',(6.88580168173653,10.6250489063854,10.));
#11042=CARTESIAN_POINT('',(3.48708562370028,14.2117287425908,0.));
#11043=CARTESIAN_POINT('Origin',(4.0859596359995,14.0512609346273,0.));
#11044=CARTESIAN_POINT('',(4.0859596359995,14.0512609346273,0.));
#11045=CARTESIAN_POINT('',(4.0859596359995,14.0512609346273,0.));
#11046=CARTESIAN_POINT('',(4.0859596359995,14.0512609346273,10.));
#11047=CARTESIAN_POINT('',(4.0859596359995,14.0512609346273,10.));
#11048=CARTESIAN_POINT('',(4.0859596359995,14.0512609346273,0.));
#11049=CARTESIAN_POINT('Origin',(-0.65075472861273,12.6444631102501,0.));
#11050=CARTESIAN_POINT('',(4.12208633590253,11.3655842014111,0.));
#11051=CARTESIAN_POINT('Origin',(-0.65075472861273,12.6444631102501,0.));
#11052=CARTESIAN_POINT('',(4.12208633590253,11.3655842014111,10.));
#11053=CARTESIAN_POINT('Origin',(-0.65075472861273,12.6444631102501,10.));
#11054=CARTESIAN_POINT('',(4.12208633590253,11.3655842014111,0.));
#11055=CARTESIAN_POINT('Origin',(0.,0.,0.));
#11056=CARTESIAN_POINT('',(5.12192646021141,10.9514368617176,0.));
#11057=CARTESIAN_POINT('Origin',(0.,0.,0.));
#11058=CARTESIAN_POINT('',(5.12192646021141,10.9514368617176,10.));
#11059=CARTESIAN_POINT('Origin',(0.,0.,10.));
#11060=CARTESIAN_POINT('',(5.12192646021141,10.9514368617176,0.));
#11061=CARTESIAN_POINT('Origin',(9.40113869121226,8.48083252822969,0.));
#11062=CARTESIAN_POINT('',(7.04653212482683,12.8249516573663,0.));
#11063=CARTESIAN_POINT('Origin',(9.40113869121226,8.48083252822969,0.));
#11064=CARTESIAN_POINT('',(7.04653212482683,12.8249516573663,10.));
#11065=CARTESIAN_POINT('Origin',(9.40113869121226,8.48083252822969,10.));
#11066=CARTESIAN_POINT('',(7.04653212482683,12.8249516573663,0.));
#11067=CARTESIAN_POINT('Origin',(7.58346787517318,12.5149516573663,0.));
#11068=CARTESIAN_POINT('',(7.58346787517318,12.5149516573663,0.));
#11069=CARTESIAN_POINT('',(7.58346787517318,12.5149516573663,0.));
#11070=CARTESIAN_POINT('',(7.58346787517318,12.5149516573663,10.));
#11071=CARTESIAN_POINT('',(7.58346787517318,12.5149516573663,10.));
#11072=CARTESIAN_POINT('',(7.58346787517318,12.5149516573663,0.));
#11073=CARTESIAN_POINT('Origin',(2.6440470690822,12.3820411952054,0.));
#11074=CARTESIAN_POINT('',(6.92325930008304,9.91143686171756,0.));
#11075=CARTESIAN_POINT('Origin',(2.6440470690822,12.3820411952054,0.));
#11076=CARTESIAN_POINT('',(6.92325930008304,9.91143686171756,10.));
#11077=CARTESIAN_POINT('Origin',(2.6440470690822,12.3820411952054,10.));
#11078=CARTESIAN_POINT('',(6.92325930008304,9.91143686171756,0.));
#11079=CARTESIAN_POINT('Origin',(0.,0.,0.));
#11080=CARTESIAN_POINT('',(7.78184147932183,9.25262358418985,0.));
#11081=CARTESIAN_POINT('Origin',(0.,0.,0.));
#11082=CARTESIAN_POINT('',(7.78184147932183,9.25262358418985,10.));
#11083=CARTESIAN_POINT('Origin',(0.,0.,10.));
#11084=CARTESIAN_POINT('',(7.78184147932183,9.25262358418985,0.));
#11085=CARTESIAN_POINT('Origin',(11.2758036349981,5.75866142851355,0.));
#11086=CARTESIAN_POINT('',(10.1257691065914,10.564175310927,0.));
#11087=CARTESIAN_POINT('Origin',(11.2758036349981,5.75866142851355,0.));
#11088=CARTESIAN_POINT('',(10.1257691065914,10.564175310927,10.));
#11089=CARTESIAN_POINT('Origin',(11.2758036349981,5.75866142851355,10.));
#11090=CARTESIAN_POINT('',(10.1257691065914,10.564175310927,0.));
#11091=CARTESIAN_POINT('Origin',(10.564175310927,10.1257691065914,0.));
#11092=CARTESIAN_POINT('',(10.564175310927,10.1257691065914,0.));
#11093=CARTESIAN_POINT('',(10.564175310927,10.1257691065914,0.));
#11094=CARTESIAN_POINT('',(10.564175310927,10.1257691065914,10.));
#11095=CARTESIAN_POINT('',(10.564175310927,10.1257691065914,10.));
#11096=CARTESIAN_POINT('',(10.564175310927,10.1257691065914,0.));
#11097=CARTESIAN_POINT('Origin',(5.75866142851356,11.2758036349981,0.));
#11098=CARTESIAN_POINT('',(9.25262358418985,7.78184147932183,0.));
#11099=CARTESIAN_POINT('Origin',(5.75866142851356,11.2758036349981,0.));
#11100=CARTESIAN_POINT('',(9.25262358418985,7.78184147932183,10.));
#11101=CARTESIAN_POINT('Origin',(5.75866142851356,11.2758036349981,10.));
#11102=CARTESIAN_POINT('',(9.25262358418985,7.78184147932183,0.));
#11103=CARTESIAN_POINT('Origin',(0.,0.,0.));
#11104=CARTESIAN_POINT('',(9.91143686171757,6.92325930008303,0.));
#11105=CARTESIAN_POINT('Origin',(0.,0.,0.));
#11106=CARTESIAN_POINT('',(9.91143686171757,6.92325930008303,10.));
#11107=CARTESIAN_POINT('Origin',(0.,0.,10.));
#11108=CARTESIAN_POINT('',(9.91143686171757,6.92325930008303,0.));
#11109=CARTESIAN_POINT('Origin',(12.3820411952055,2.64404706908219,0.));
#11110=CARTESIAN_POINT('',(12.5149516573663,7.58346787517317,0.));
#11111=CARTESIAN_POINT('Origin',(12.3820411952055,2.64404706908219,0.));
#11112=CARTESIAN_POINT('',(12.5149516573663,7.58346787517317,10.));
#11113=CARTESIAN_POINT('Origin',(12.3820411952055,2.64404706908219,10.));
#11114=CARTESIAN_POINT('',(12.5149516573663,7.58346787517317,0.));
#11115=CARTESIAN_POINT('Origin',(12.8249516573663,7.04653212482681,0.));
#11116=CARTESIAN_POINT('',(12.8249516573663,7.04653212482681,0.));
#11117=CARTESIAN_POINT('',(12.8249516573663,7.04653212482681,0.));
#11118=CARTESIAN_POINT('',(12.8249516573663,7.04653212482681,10.));
#11119=CARTESIAN_POINT('',(12.8249516573663,7.04653212482681,10.));
#11120=CARTESIAN_POINT('',(12.8249516573663,7.04653212482681,0.));
#11121=CARTESIAN_POINT('Origin',(8.4808325282297,9.40113869121225,0.));
#11122=CARTESIAN_POINT('',(10.9514368617176,5.1219264602114,0.));
#11123=CARTESIAN_POINT('Origin',(8.4808325282297,9.40113869121225,0.));
#11124=CARTESIAN_POINT('',(10.9514368617176,5.1219264602114,10.));
#11125=CARTESIAN_POINT('Origin',(8.4808325282297,9.40113869121225,10.));
#11126=CARTESIAN_POINT('',(10.9514368617176,5.1219264602114,0.));
#11127=CARTESIAN_POINT('Origin',(0.,0.,0.));
#11128=CARTESIAN_POINT('',(11.4091235421482,4.,0.));
#11129=CARTESIAN_POINT('Origin',(0.,0.,0.));
#11130=CARTESIAN_POINT('',(11.4091235421482,4.,10.));
#11131=CARTESIAN_POINT('Origin',(0.,0.,10.));
#11132=CARTESIAN_POINT('',(11.4091235421482,4.,0.));
#11133=CARTESIAN_POINT('Origin',(30.75,4.,0.));
#11134=CARTESIAN_POINT('',(30.75,4.,0.));
#11135=CARTESIAN_POINT('',(30.75,4.,10.));
#11136=CARTESIAN_POINT('Origin',(10.06,1.27,10.));
#11137=CARTESIAN_POINT('Origin',(10.06,1.27,0.));
#11138=CARTESIAN_POINT('',(0.,0.,0.));
#11139=CARTESIAN_POINT('Origin',(-11.1698729810778,5.5,0.));
#11140=CARTESIAN_POINT('',(-11.1698729810778,2.5,0.));
#11141=CARTESIAN_POINT('',(-13.025641703473,3.14285714285714,0.));
#11142=CARTESIAN_POINT('Origin',(-11.1698729810778,5.5,0.));
#11143=CARTESIAN_POINT('',(-13.025641703473,3.14285714285714,4.));
#11144=CARTESIAN_POINT('',(-13.025641703473,3.14285714285714,0.));
#11145=CARTESIAN_POINT('',(-11.1698729810778,2.5,4.));
#11146=CARTESIAN_POINT('Origin',(-11.1698729810778,5.5,4.));
#11147=CARTESIAN_POINT('',(-11.1698729810778,2.5,0.));
#11148=CARTESIAN_POINT('Origin',(-15.5,0.,0.));
#11149=CARTESIAN_POINT('',(-13.025641703473,-3.14285714285715,0.));
#11150=CARTESIAN_POINT('Origin',(-15.5,0.,0.));
#11151=CARTESIAN_POINT('',(-13.025641703473,-3.14285714285715,4.));
#11152=CARTESIAN_POINT('',(-13.025641703473,-3.14285714285715,0.));
#11153=CARTESIAN_POINT('Origin',(-15.5,0.,4.));
#11154=CARTESIAN_POINT('Origin',(11.1698729810778,5.5,0.));
#11155=CARTESIAN_POINT('',(13.025641703473,3.14285714285714,0.));
#11156=CARTESIAN_POINT('',(11.1698729810778,2.5,0.));
#11157=CARTESIAN_POINT('Origin',(11.1698729810778,5.5,0.));
#11158=CARTESIAN_POINT('',(11.1698729810778,2.5,4.));
#11159=CARTESIAN_POINT('',(11.1698729810778,2.5,0.));
#11160=CARTESIAN_POINT('',(13.025641703473,3.14285714285714,4.));
#11161=CARTESIAN_POINT('Origin',(11.1698729810778,5.5,4.));
#11162=CARTESIAN_POINT('',(13.025641703473,3.14285714285714,0.));
#11163=CARTESIAN_POINT('Origin',(12.3775010008008,2.5,0.));
#11164=CARTESIAN_POINT('',(-12.3775010008009,2.5,4.));
#11165=CARTESIAN_POINT('',(-12.3775010008009,2.5,0.));
#11166=CARTESIAN_POINT('Origin',(11.1698729810778,-5.5,0.));
#11167=CARTESIAN_POINT('',(11.1698729810778,-2.5,0.));
#11168=CARTESIAN_POINT('',(13.025641703473,-3.14285714285714,0.));
#11169=CARTESIAN_POINT('Origin',(11.1698729810778,-5.5,0.));
#11170=CARTESIAN_POINT('',(13.025641703473,-3.14285714285714,4.));
#11171=CARTESIAN_POINT('',(13.025641703473,-3.14285714285714,0.));
#11172=CARTESIAN_POINT('',(11.1698729810778,-2.5,4.));
#11173=CARTESIAN_POINT('Origin',(11.1698729810778,-5.5,4.));
#11174=CARTESIAN_POINT('',(11.1698729810778,-2.5,0.));
#11175=CARTESIAN_POINT('Origin',(15.5,0.,0.));
#11176=CARTESIAN_POINT('Origin',(15.5,0.,4.));
#11177=CARTESIAN_POINT('Origin',(15.5,0.,0.));
#11178=CARTESIAN_POINT('Origin',(-11.1698729810778,-5.50000000000001,0.));
#11179=CARTESIAN_POINT('',(-11.1698729810778,-2.50000000000001,0.));
#11180=CARTESIAN_POINT('Origin',(-11.1698729810778,-5.50000000000001,0.));
#11181=CARTESIAN_POINT('',(-11.1698729810778,-2.50000000000001,4.));
#11182=CARTESIAN_POINT('',(-11.1698729810778,-2.50000000000001,0.));
#11183=CARTESIAN_POINT('Origin',(-11.1698729810778,-5.50000000000001,4.));
#11184=CARTESIAN_POINT('Origin',(-12.3775010008009,-2.50000000000001,0.));
#11185=CARTESIAN_POINT('',(12.3775010008008,-2.5,4.));
#11186=CARTESIAN_POINT('',(12.3775010008008,-2.5,0.));
#11187=CARTESIAN_POINT('Origin',(15.5,0.,0.));
#11188=CARTESIAN_POINT('',(14.,-1.83697019872103E-16,4.));
#11189=CARTESIAN_POINT('Origin',(15.5,0.,4.));
#11190=CARTESIAN_POINT('',(14.,-1.83697019872103E-16,0.));
#11191=CARTESIAN_POINT('',(14.,-1.83697019872103E-16,0.));
#11192=CARTESIAN_POINT('Origin',(15.5,0.,0.));
#11193=CARTESIAN_POINT('Origin',(-15.5,0.,0.));
#11194=CARTESIAN_POINT('',(-17.,-1.83697019872103E-16,4.));
#11195=CARTESIAN_POINT('Origin',(-15.5,0.,4.));
#11196=CARTESIAN_POINT('',(-17.,-1.83697019872103E-16,0.));
#11197=CARTESIAN_POINT('',(-17.,-1.83697019872103E-16,0.));
#11198=CARTESIAN_POINT('Origin',(-15.5,0.,0.));
#11199=CARTESIAN_POINT('Origin',(0.,0.,4.));
#11200=CARTESIAN_POINT('Origin',(0.,0.,0.));
#11201=CARTESIAN_POINT('',(0.,0.,0.));
#11202=CARTESIAN_POINT('Ctrl Pts',(-11.0000001639128,-5.,4.5));
#11203=CARTESIAN_POINT('Ctrl Pts',(-11.0000001639128,-5.,-0.450000000000003));
#11204=CARTESIAN_POINT('Ctrl Pts',(-11.7237111292159,-5.18610163189579,
4.5));
#11205=CARTESIAN_POINT('Ctrl Pts',(-11.7237111292159,-5.18610163189579,
-0.450000000000003));
#11206=CARTESIAN_POINT('Ctrl Pts',(-13.1646684008568,-5.54461477475234,
4.5));
#11207=CARTESIAN_POINT('Ctrl Pts',(-13.1646684008568,-5.54461477475234,
-0.450000000000003));
#11208=CARTESIAN_POINT('Ctrl Pts',(-15.3067115449973,-6.04131669620324,
4.5));
#11209=CARTESIAN_POINT('Ctrl Pts',(-15.3067115449973,-6.04131669620324,
-0.450000000000003));
#11210=CARTESIAN_POINT('Ctrl Pts',(-18.1233349563675,-6.62007683413422,
4.5));
#11211=CARTESIAN_POINT('Ctrl Pts',(-18.1233349563675,-6.62007683413422,
-0.450000000000003));
#11212=CARTESIAN_POINT('Ctrl Pts',(-21.5737746697608,-7.19456989026048,
4.5));
#11213=CARTESIAN_POINT('Ctrl Pts',(-21.5737746697608,-7.19456989026048,
-0.450000000000003));
#11214=CARTESIAN_POINT('Ctrl Pts',(-24.9470273328936,-7.60560497305977,
4.5));
#11215=CARTESIAN_POINT('Ctrl Pts',(-24.9470273328936,-7.60560497305977,
-0.450000000000003));
#11216=CARTESIAN_POINT('Ctrl Pts',(-28.2358542104752,-7.83785271061962,
4.5));
#11217=CARTESIAN_POINT('Ctrl Pts',(-28.2358542104752,-7.83785271061962,
-0.450000000000003));
#11218=CARTESIAN_POINT('Ctrl Pts',(-31.4347630379063,-7.87968220841128,
4.5));
#11219=CARTESIAN_POINT('Ctrl Pts',(-31.4347630379063,-7.87968220841128,
-0.450000000000003));
#11220=CARTESIAN_POINT('Ctrl Pts',(-34.544909461335,-7.73354076266597,4.5));
#11221=CARTESIAN_POINT('Ctrl Pts',(-34.544909461335,-7.73354076266597,-0.450000000000003));
#11222=CARTESIAN_POINT('Ctrl Pts',(-37.572011192604,-7.41153669448951,4.5));
#11223=CARTESIAN_POINT('Ctrl Pts',(-37.572011192604,-7.41153669448951,-0.450000000000003));
#11224=CARTESIAN_POINT('Ctrl Pts',(-39.9322074847803,-7.02372728967027,
4.5));
#11225=CARTESIAN_POINT('Ctrl Pts',(-39.9322074847803,-7.02372728967027,
-0.450000000000003));
#11226=CARTESIAN_POINT('Ctrl Pts',(-41.6698942829893,-6.66412924129223,
4.5));
#11227=CARTESIAN_POINT('Ctrl Pts',(-41.6698942829893,-6.66412924129223,
-0.450000000000003));
#11228=CARTESIAN_POINT('Ctrl Pts',(-42.814157752385,-6.39433792827146,4.5));
#11229=CARTESIAN_POINT('Ctrl Pts',(-42.814157752385,-6.39433792827146,-0.450000000000003));
#11230=CARTESIAN_POINT('Ctrl Pts',(-43.3827409494761,-6.25192758162117,
4.5));
#11231=CARTESIAN_POINT('Ctrl Pts',(-43.3827409494761,-6.25192758162117,
-0.450000000000003));
#11232=CARTESIAN_POINT('',(-43.3827409494761,-6.25192758162117,0.));
#11233=CARTESIAN_POINT('',(-11.0000001639128,-5.00000007450581,0.));
#11234=CARTESIAN_POINT('Ctrl Pts',(-43.3827409494761,-6.25192758162117,
0.));
#11235=CARTESIAN_POINT('Ctrl Pts',(-42.9584400270163,-6.35820022872133,
0.));
#11236=CARTESIAN_POINT('Ctrl Pts',(-42.5317696745487,-6.45945516591135,
0.));
#11237=CARTESIAN_POINT('Ctrl Pts',(-42.1027184086685,-6.55566807493957,
0.));
#11238=CARTESIAN_POINT('Ctrl Pts',(-41.6663449848924,-6.65352294651992,
0.));
#11239=CARTESIAN_POINT('Ctrl Pts',(-41.2275086476994,-6.74616213963758,
0.));
#11240=CARTESIAN_POINT('Ctrl Pts',(-40.786174187447,-6.83351109130855,0.));
#11241=CARTESIAN_POINT('Ctrl Pts',(-40.3288152521667,-6.92403160835865,
0.));
#11242=CARTESIAN_POINT('Ctrl Pts',(-39.868773442301,-7.00887063815173,0.));
#11243=CARTESIAN_POINT('Ctrl Pts',(-39.4059852745055,-7.08789374286745,
0.));
#11244=CARTESIAN_POINT('Ctrl Pts',(-38.9076666840666,-7.17298382272327,
0.));
#11245=CARTESIAN_POINT('Ctrl Pts',(-38.4061636410419,-7.25133023036858,
0.));
#11246=CARTESIAN_POINT('Ctrl Pts',(-37.9013712247399,-7.3227107766727,0.));
#11247=CARTESIAN_POINT('Ctrl Pts',(-37.3085607770925,-7.40653757802969,
0.));
#11248=CARTESIAN_POINT('Ctrl Pts',(-36.7112135175972,-7.48075683424074,
0.));
#11249=CARTESIAN_POINT('Ctrl Pts',(-36.109128535607,-7.54494307954348,0.));
#11250=CARTESIAN_POINT('Ctrl Pts',(-35.3887875570027,-7.62173619702246,
0.));
#11251=CARTESIAN_POINT('Ctrl Pts',(-34.6616624053291,-7.68416256286463,
0.));
#11252=CARTESIAN_POINT('Ctrl Pts',(-33.9273904723788,-7.73145428656915,
0.));
#11253=CARTESIAN_POINT('Ctrl Pts',(-33.4551551253275,-7.76186920855387,
0.));
#11254=CARTESIAN_POINT('Ctrl Pts',(-32.9799629778667,-7.78602255426577,
0.));
#11255=CARTESIAN_POINT('Ctrl Pts',(-32.5017274588764,-7.80373099321363,
0.));
#11256=CARTESIAN_POINT('Ctrl Pts',(-32.070915851161,-7.81968338643897,0.));
#11257=CARTESIAN_POINT('Ctrl Pts',(-31.6376341778451,-7.83040495511941,
0.));
#11258=CARTESIAN_POINT('Ctrl Pts',(-31.2018350424578,-7.83579532838873,
0.));
#11259=CARTESIAN_POINT('Ctrl Pts',(-30.785461620351,-7.84094542617997,0.));
#11260=CARTESIAN_POINT('Ctrl Pts',(-30.3667900021417,-7.84122866513984,
0.));
#11261=CARTESIAN_POINT('Ctrl Pts',(-29.9457980729245,-7.83659821283196,
0.));
#11262=CARTESIAN_POINT('Ctrl Pts',(-29.5376985238845,-7.83210956265234,
0.));
#11263=CARTESIAN_POINT('Ctrl Pts',(-29.1274185068627,-7.82300336489185,
1.37514608801689E-17));
#11264=CARTESIAN_POINT('Ctrl Pts',(-28.7149580002894,-7.80927957387231,
0.));
#11265=CARTESIAN_POINT('Ctrl Pts',(-28.2950743456477,-7.79530879258055,
-1.39989491333316E-17));
#11266=CARTESIAN_POINT('Ctrl Pts',(-27.8729308085195,-7.77655228868447,
0.));
#11267=CARTESIAN_POINT('Ctrl Pts',(-27.4485512895786,-7.75306067631761,
0.));
#11268=CARTESIAN_POINT('Ctrl Pts',(-26.9844466214362,-7.7273700704447,0.));
#11269=CARTESIAN_POINT('Ctrl Pts',(-26.5176680135201,-7.6960168984452,0.));
#11270=CARTESIAN_POINT('Ctrl Pts',(-26.0482753826033,-7.65912804525957,
0.));
#11271=CARTESIAN_POINT('Ctrl Pts',(-25.4965827110776,-7.61577135701386,
0.));
#11272=CARTESIAN_POINT('Ctrl Pts',(-24.9412795651785,-7.56476881597469,
-8.73127559190061E-16));
#11273=CARTESIAN_POINT('Ctrl Pts',(-24.3824953557989,-7.50639447384171,
-8.88178419700125E-16));
#11274=CARTESIAN_POINT('Ctrl Pts',(-23.607594045515,-7.4254430914538,-9.09050397351568E-16));
#11275=CARTESIAN_POINT('Ctrl Pts',(-22.8259990234822,-7.33031652614577,
-8.69422129741144E-16));
#11276=CARTESIAN_POINT('Ctrl Pts',(-22.0380995626864,-7.22183913605936,
-8.88178419700125E-16));
#11277=CARTESIAN_POINT('Ctrl Pts',(-21.3248139447026,-7.12363452230458,
-9.05158494621056E-16));
#11278=CARTESIAN_POINT('Ctrl Pts',(-20.6063640383799,-7.01449356491812,
0.));
#11279=CARTESIAN_POINT('Ctrl Pts',(-19.8830377201365,-6.89502589590112,
0.));
#11280=CARTESIAN_POINT('Ctrl Pts',(-19.2882487371629,-6.79678800304329,
0.));
#11281=CARTESIAN_POINT('Ctrl Pts',(-18.6901629081492,-6.69156842387566,
-1.1962277616737E-17));
#11282=CARTESIAN_POINT('Ctrl Pts',(-18.0889240564689,-6.57967173121328,
0.));
#11283=CARTESIAN_POINT('Ctrl Pts',(-17.5094126143384,-6.47181873143926,
1.15299880130285E-17));
#11284=CARTESIAN_POINT('Ctrl Pts',(-16.9269722498802,-6.3577631924296,0.));
#11285=CARTESIAN_POINT('Ctrl Pts',(-16.3417091718346,-6.23773003099878,
0.));
#11286=CARTESIAN_POINT('Ctrl Pts',(-15.7976662777577,-6.12615082674061,
0.));
#11287=CARTESIAN_POINT('Ctrl Pts',(-15.2511842165987,-6.00940623131262,
-8.78610846561901E-16));
#11288=CARTESIAN_POINT('Ctrl Pts',(-14.7023274511114,-5.88763275661744,
-8.88178419700125E-16));
#11289=CARTESIAN_POINT('Ctrl Pts',(-14.1610978288045,-5.76755149706013,
-8.97613037840246E-16));
#11290=CARTESIAN_POINT('Ctrl Pts',(-13.6175591204537,-5.64258031718986,
-8.97690640749178E-18));
#11291=CARTESIAN_POINT('Ctrl Pts',(-13.0717515580492,-5.51280441574859,
0.));
#11292=CARTESIAN_POINT('Ctrl Pts',(-12.5317170716843,-5.38440117053039,
8.8819565261397E-18));
#11293=CARTESIAN_POINT('Ctrl Pts',(-11.9894614927953,-5.2512943476872,0.));
#11294=CARTESIAN_POINT('Ctrl Pts',(-11.44500196578,-5.11352025367838,0.));
#11295=CARTESIAN_POINT('Ctrl Pts',(-11.2968313669635,-5.07602606173615,
0.));
#11296=CARTESIAN_POINT('Ctrl Pts',(-11.1484974134807,-5.03818593582461,
0.));
#11297=CARTESIAN_POINT('Ctrl Pts',(-11.0000001639128,-5.,0.));
#11298=CARTESIAN_POINT('',(-11.0000001639128,-5.00000007450581,4.5));
#11299=CARTESIAN_POINT('',(-11.0000001639128,-5.00000007450581,0.));
#11300=CARTESIAN_POINT('',(-43.3827409494761,-6.25192758162117,4.5));
#11301=CARTESIAN_POINT('Ctrl Pts',(-43.3827409494761,-6.25192758162117,
4.5));
#11302=CARTESIAN_POINT('Ctrl Pts',(-42.814157752385,-6.39433792827146,4.5));
#11303=CARTESIAN_POINT('Ctrl Pts',(-41.6698942829893,-6.66412924129223,
4.5));
#11304=CARTESIAN_POINT('Ctrl Pts',(-39.9322074847803,-7.02372728967027,
4.5));
#11305=CARTESIAN_POINT('Ctrl Pts',(-37.572011192604,-7.41153669448951,4.5));
#11306=CARTESIAN_POINT('Ctrl Pts',(-34.544909461335,-7.73354076266597,4.5));
#11307=CARTESIAN_POINT('Ctrl Pts',(-31.4347630379063,-7.87968220841128,
4.5));
#11308=CARTESIAN_POINT('Ctrl Pts',(-28.2358542104752,-7.83785271061962,
4.5));
#11309=CARTESIAN_POINT('Ctrl Pts',(-24.9470273328936,-7.60560497305977,
4.5));
#11310=CARTESIAN_POINT('Ctrl Pts',(-21.5737746697608,-7.19456989026048,
4.5));
#11311=CARTESIAN_POINT('Ctrl Pts',(-18.1233349563675,-6.62007683413422,
4.5));
#11312=CARTESIAN_POINT('Ctrl Pts',(-15.3067115449973,-6.04131669620324,
4.5));
#11313=CARTESIAN_POINT('Ctrl Pts',(-13.1646684008568,-5.54461477475234,
4.5));
#11314=CARTESIAN_POINT('Ctrl Pts',(-11.7237111292159,-5.18610163189579,
4.5));
#11315=CARTESIAN_POINT('Ctrl Pts',(-11.0000001639128,-5.,4.5));
#11316=CARTESIAN_POINT('',(-43.3827409494761,-6.25192758162117,4.5));
#11317=CARTESIAN_POINT('Origin',(-13.9900001639128,4.99999990198016,4.5));
#11318=CARTESIAN_POINT('',(-11.0000001639128,5.00000007450581,0.));
#11319=CARTESIAN_POINT('',(-13.9900001639128,4.99999990198016,0.));
#11320=CARTESIAN_POINT('',(-21.995000411031,4.99999963955581,0.));
#11321=CARTESIAN_POINT('',(-13.9900001639128,4.99999990198016,4.5));
#11322=CARTESIAN_POINT('',(-13.9900001639128,4.99999990198016,4.5));
#11323=CARTESIAN_POINT('',(-11.0000001639128,5.00000007450581,4.5));
#11324=CARTESIAN_POINT('',(-13.9900001639128,4.99999990198016,4.5));
#11325=CARTESIAN_POINT('',(-11.0000001639128,5.00000007450581,0.));
#11326=CARTESIAN_POINT('Ctrl Pts',(-42.4734910637756,3.20672384315767,4.5));
#11327=CARTESIAN_POINT('Ctrl Pts',(-42.4734910637756,3.20672384315767,-0.450000000000003));
#11328=CARTESIAN_POINT('Ctrl Pts',(-42.1182295036445,3.041365193512,4.5));
#11329=CARTESIAN_POINT('Ctrl Pts',(-42.1182295036445,3.041365193512,-0.450000000000003));
#11330=CARTESIAN_POINT('Ctrl Pts',(-41.4029027546819,2.72576490896026,4.5));
#11331=CARTESIAN_POINT('Ctrl Pts',(-41.4029027546819,2.72576490896026,-0.450000000000003));
#11332=CARTESIAN_POINT('Ctrl Pts',(-40.3155018348703,2.29771524982371,4.5));
#11333=CARTESIAN_POINT('Ctrl Pts',(-40.3155018348703,2.29771524982371,-0.450000000000003));
#11334=CARTESIAN_POINT('Ctrl Pts',(-38.8366020036777,1.81834565926024,4.5));
#11335=CARTESIAN_POINT('Ctrl Pts',(-38.8366020036777,1.81834565926024,-0.450000000000003));
#11336=CARTESIAN_POINT('Ctrl Pts',(-36.9392399612602,1.37464808198151,4.5));
#11337=CARTESIAN_POINT('Ctrl Pts',(-36.9392399612602,1.37464808198151,-0.450000000000003));
#11338=CARTESIAN_POINT('Ctrl Pts',(-34.9943120660725,1.08923907517015,4.5));
#11339=CARTESIAN_POINT('Ctrl Pts',(-34.9943120660725,1.08923907517015,-0.450000000000003));
#11340=CARTESIAN_POINT('Ctrl Pts',(-33.0060141783801,0.961970177535339,
4.5));
#11341=CARTESIAN_POINT('Ctrl Pts',(-33.0060141783801,0.961970177535339,
-0.450000000000003));
#11342=CARTESIAN_POINT('Ctrl Pts',(-30.9832481878582,0.986863739320685,
4.5));
#11343=CARTESIAN_POINT('Ctrl Pts',(-30.9832481878582,0.986863739320685,
-0.450000000000003));
#11344=CARTESIAN_POINT('Ctrl Pts',(-28.9415164949073,1.14869034905193,4.5));
#11345=CARTESIAN_POINT('Ctrl Pts',(-28.9415164949073,1.14869034905193,-0.450000000000003));
#11346=CARTESIAN_POINT('Ctrl Pts',(-26.9002279494428,1.42663971422999,4.5));
#11347=CARTESIAN_POINT('Ctrl Pts',(-26.9002279494428,1.42663971422999,-0.450000000000003));
#11348=CARTESIAN_POINT('Ctrl Pts',(-24.8801898100817,1.79748861477804,4.5));
#11349=CARTESIAN_POINT('Ctrl Pts',(-24.8801898100817,1.79748861477804,-0.450000000000003));
#11350=CARTESIAN_POINT('Ctrl Pts',(-22.9010124286139,2.2385132787298,4.5));
#11351=CARTESIAN_POINT('Ctrl Pts',(-22.9010124286139,2.2385132787298,-0.450000000000003));
#11352=CARTESIAN_POINT('Ctrl Pts',(-20.9787030504704,2.72999554167218,4.5));
#11353=CARTESIAN_POINT('Ctrl Pts',(-20.9787030504704,2.72999554167218,-0.450000000000003));
#11354=CARTESIAN_POINT('Ctrl Pts',(-19.1223973684334,3.25809649806824,4.5));
#11355=CARTESIAN_POINT('Ctrl Pts',(-19.1223973684334,3.25809649806824,-0.450000000000003));
#11356=CARTESIAN_POINT('Ctrl Pts',(-17.3358278920315,3.81423169149772,4.5));
#11357=CARTESIAN_POINT('Ctrl Pts',(-17.3358278920315,3.81423169149772,-0.450000000000003));
#11358=CARTESIAN_POINT('Ctrl Pts',(-15.9628398542616,4.2778192387691,4.5));
#11359=CARTESIAN_POINT('Ctrl Pts',(-15.9628398542616,4.2778192387691,-0.450000000000003));
#11360=CARTESIAN_POINT('Ctrl Pts',(-14.9643528458662,4.6351776774461,4.5));
#11361=CARTESIAN_POINT('Ctrl Pts',(-14.9643528458662,4.6351776774461,-0.450000000000003));
#11362=CARTESIAN_POINT('Ctrl Pts',(-14.3124859056139,4.87768162984819,4.5));
#11363=CARTESIAN_POINT('Ctrl Pts',(-14.3124859056139,4.87768162984819,-0.450000000000003));
#11364=CARTESIAN_POINT('Ctrl Pts',(-13.9900001639128,4.99999990198016,4.5));
#11365=CARTESIAN_POINT('Ctrl Pts',(-13.9900001639128,4.99999990198016,-0.450000000000003));
#11366=CARTESIAN_POINT('',(-42.4734910637756,3.20672384315767,0.));
#11367=CARTESIAN_POINT('Ctrl Pts',(-13.9900001639128,4.99999990198016,0.));
#11368=CARTESIAN_POINT('Ctrl Pts',(-14.3643116980655,4.85802419832543,0.));
#11369=CARTESIAN_POINT('Ctrl Pts',(-14.744193505813,4.71776974592304,0.));
#11370=CARTESIAN_POINT('Ctrl Pts',(-15.1296693633528,4.57925053140742,0.));
#11371=CARTESIAN_POINT('Ctrl Pts',(-15.4869171071209,4.45087497717676,0.));
#11372=CARTESIAN_POINT('Ctrl Pts',(-15.8489717433324,4.32398872190366,0.));
#11373=CARTESIAN_POINT('Ctrl Pts',(-16.2158691478016,4.19864085439002,0.));
#11374=CARTESIAN_POINT('Ctrl Pts',(-16.5453014435884,4.08609267262587,0.));
#11375=CARTESIAN_POINT('Ctrl Pts',(-16.8786392081381,3.97478447657734,0.));
#11376=CARTESIAN_POINT('Ctrl Pts',(-17.2159007153642,3.86479176048708,0.));
#11377=CARTESIAN_POINT('Ctrl Pts',(-17.5282978219563,3.76290819086353,0.));
#11378=CARTESIAN_POINT('Ctrl Pts',(-17.8440620974151,3.66215315668649,0.));
#11379=CARTESIAN_POINT('Ctrl Pts',(-18.1631888750722,3.56262558515864,0.));
#11380=CARTESIAN_POINT('Ctrl Pts',(-18.4645993087168,3.46862329329822,0.));
#11381=CARTESIAN_POINT('Ctrl Pts',(-18.7690096935441,3.37571589028354,0.));
#11382=CARTESIAN_POINT('Ctrl Pts',(-19.0763909018048,3.28402418618719,0.));
#11383=CARTESIAN_POINT('Ctrl Pts',(-19.367841071638,3.19708470513565,0.));
#11384=CARTESIAN_POINT('Ctrl Pts',(-19.6619624282132,3.11123812825393,0.));
#11385=CARTESIAN_POINT('Ctrl Pts',(-19.9587018241183,3.02662280870724,0.));
#11386=CARTESIAN_POINT('Ctrl Pts',(-20.2421743191436,2.94579054955908,0.));
#11387=CARTESIAN_POINT('Ctrl Pts',(-20.5280362946087,2.8660818488836,0.));
#11388=CARTESIAN_POINT('Ctrl Pts',(-20.8162100786646,2.78765141723635,0.));
#11389=CARTESIAN_POINT('Ctrl Pts',(-21.0960280091094,2.71149514528635,0.));
#11390=CARTESIAN_POINT('Ctrl Pts',(-21.3780258785097,2.63654401717366,0.));
#11391=CARTESIAN_POINT('Ctrl Pts',(-21.6620980982372,2.56297377459488,0.));
#11392=CARTESIAN_POINT('Ctrl Pts',(-21.940598405546,2.49084656980653,0.));
#11393=CARTESIAN_POINT('Ctrl Pts',(-22.2210926343497,2.42004660893989,7.92135201417632E-18));
#11394=CARTESIAN_POINT('Ctrl Pts',(-22.5034449242599,2.35077313664603,0.));
#11395=CARTESIAN_POINT('Ctrl Pts',(-22.7866380654338,2.28129336644422,-7.94494197285013E-18));
#11396=CARTESIAN_POINT('Ctrl Pts',(-23.0717005815813,2.21334909946234,-8.96479797996468E-16));
#11397=CARTESIAN_POINT('Ctrl Pts',(-23.3584552189225,2.14717658256197,-8.88178419700125E-16));
#11398=CARTESIAN_POINT('Ctrl Pts',(-23.6621290475078,2.0770997330973,-8.79387240756487E-16));
#11399=CARTESIAN_POINT('Ctrl Pts',(-23.967700319282,2.0090101113759,9.22968438945147E-18));
#11400=CARTESIAN_POINT('Ctrl Pts',(-24.2749126988967,1.94322738299608,0.));
#11401=CARTESIAN_POINT('Ctrl Pts',(-24.608975297077,1.87169527486452,-1.00363544964922E-17));
#11402=CARTESIAN_POINT('Ctrl Pts',(-24.9449779931035,1.80289131067313,-8.98790362435139E-16));
#11403=CARTESIAN_POINT('Ctrl Pts',(-25.2825436225678,1.73726663991408,-8.88178419700125E-16));
#11404=CARTESIAN_POINT('Ctrl Pts',(-25.6639409840887,1.66312083212585,-8.76188552822483E-16));
#11405=CARTESIAN_POINT('Ctrl Pts',(-26.0473330991016,1.59303420376582,0.));
#11406=CARTESIAN_POINT('Ctrl Pts',(-26.4321244799968,1.52769854851034,0.));
#11407=CARTESIAN_POINT('Ctrl Pts',(-27.0134602050538,1.4289906449402,0.));
#11408=CARTESIAN_POINT('Ctrl Pts',(-27.5979888751139,1.34113094781869,0.));
#11409=CARTESIAN_POINT('Ctrl Pts',(-28.1835394701134,1.26656952748495,0.));
#11410=CARTESIAN_POINT('Ctrl Pts',(-28.5648075335522,1.21802054029126,0.));
#11411=CARTESIAN_POINT('Ctrl Pts',(-28.946505964354,1.17511125300324,-1.26798328950891E-17));
#11412=CARTESIAN_POINT('Ctrl Pts',(-29.3280396217671,1.13849563207756,0.));
#11413=CARTESIAN_POINT('Ctrl Pts',(-29.6637565845074,1.10627701962443,1.11571676702305E-17));
#11414=CARTESIAN_POINT('Ctrl Pts',(-29.9993454070502,1.07893180632521,0.));
#11415=CARTESIAN_POINT('Ctrl Pts',(-30.334419911792,1.05687424823222,0.));
#11416=CARTESIAN_POINT('Ctrl Pts',(-30.6443317787725,1.03647311680357,0.));
#11417=CARTESIAN_POINT('Ctrl Pts',(-30.9538033641689,1.02059562508835,-8.7893226840295E-16));
#11418=CARTESIAN_POINT('Ctrl Pts',(-31.2625523947748,1.00953525778502,-8.88178419700125E-16));
#11419=CARTESIAN_POINT('Ctrl Pts',(-31.5534945778008,0.999112788111239,
-8.96891306790685E-16));
#11420=CARTESIAN_POINT('Ctrl Pts',(-31.8437949266646,0.992968096652708,
0.));
#11421=CARTESIAN_POINT('Ctrl Pts',(-32.1332423831727,0.991310958991712,
0.));
#11422=CARTESIAN_POINT('Ctrl Pts',(-32.4111841618152,0.989719693362678,
0.));
#11423=CARTESIAN_POINT('Ctrl Pts',(-32.6883393083727,0.992266568159487,
0.));
#11424=CARTESIAN_POINT('Ctrl Pts',(-32.9645478863953,0.999099335875555,
0.));
#11425=CARTESIAN_POINT('Ctrl Pts',(-33.244153477458,1.00601613791524,0.));
#11426=CARTESIAN_POINT('Ctrl Pts',(-33.5227889243147,1.01732505526865,-8.80736512370255E-16));
#11427=CARTESIAN_POINT('Ctrl Pts',(-33.8003203195626,1.03313467896699,-8.88178419700125E-16));
#11428=CARTESIAN_POINT('Ctrl Pts',(-34.0892598734954,1.04959417038837,-8.95926232816484E-16));
#11429=CARTESIAN_POINT('Ctrl Pts',(-34.3770028296397,1.07093172609625,0.));
#11430=CARTESIAN_POINT('Ctrl Pts',(-34.6634323515315,1.09722368400561,0.));
#11431=CARTESIAN_POINT('Ctrl Pts',(-34.9639242237057,1.12480645411648,0.));
#11432=CARTESIAN_POINT('Ctrl Pts',(-35.2629706363279,1.15784170596809,0.));
#11433=CARTESIAN_POINT('Ctrl Pts',(-35.5604721968754,1.19637237736419,0.));
#11434=CARTESIAN_POINT('Ctrl Pts',(-35.8861112162899,1.23854724874206,0.));
#11435=CARTESIAN_POINT('Ctrl Pts',(-36.2098992539255,1.2873060240003,0.));
#11436=CARTESIAN_POINT('Ctrl Pts',(-36.5317477681022,1.34265575450069,0.));
#11437=CARTESIAN_POINT('Ctrl Pts',(-36.8794463639478,1.40245103932482,0.));
#11438=CARTESIAN_POINT('Ctrl Pts',(-37.2248815588307,1.46993782558342,0.));
#11439=CARTESIAN_POINT('Ctrl Pts',(-37.567987568541,1.54507724722212,0.));
#11440=CARTESIAN_POINT('Ctrl Pts',(-37.9497725667342,1.62868727777444,0.));
#11441=CARTESIAN_POINT('Ctrl Pts',(-38.3286738861863,1.72177146791335,-8.7957850715454E-16));
#11442=CARTESIAN_POINT('Ctrl Pts',(-38.7046524599993,1.82423374652675,-8.88178419700125E-16));
#11443=CARTESIAN_POINT('Ctrl Pts',(-39.1696510272782,1.95095589527093,-8.98814523167046E-16));
#11444=CARTESIAN_POINT('Ctrl Pts',(-39.6301793382508,2.09201931751111,-8.78120457000765E-16));
#11445=CARTESIAN_POINT('Ctrl Pts',(-40.0862357361746,2.24721663402456,-8.88178419700125E-16));
#11446=CARTESIAN_POINT('Ctrl Pts',(-40.491129055039,2.3850030061664,-8.97108021207524E-16));
#11447=CARTESIAN_POINT('Ctrl Pts',(-40.8925002486444,2.53392711866517,0.));
#11448=CARTESIAN_POINT('Ctrl Pts',(-41.2903697423818,2.69387329841575,0.));
#11449=CARTESIAN_POINT('Ctrl Pts',(-41.6381779492786,2.83369450827146,0.));
#11450=CARTESIAN_POINT('Ctrl Pts',(-41.9833111924732,2.98193809744565,-7.15859142534703E-18));
#11451=CARTESIAN_POINT('Ctrl Pts',(-42.3257789387466,3.13856898096035,0.));
#11452=CARTESIAN_POINT('Ctrl Pts',(-42.3750715538715,3.16111342767623,1.03036182474395E-18));
#11453=CARTESIAN_POINT('Ctrl Pts',(-42.4243089275571,3.18383171931299,0.));
#11454=CARTESIAN_POINT('Ctrl Pts',(-42.4734910637756,3.20672384315767,0.));
#11455=CARTESIAN_POINT('',(-42.4734910637756,3.20672384315767,4.5));
#11456=CARTESIAN_POINT('',(-42.4734910637756,3.20672384315767,4.5));
#11457=CARTESIAN_POINT('Ctrl Pts',(-13.9900001639128,4.99999990198016,4.5));
#11458=CARTESIAN_POINT('Ctrl Pts',(-14.3124859056139,4.87768162984819,4.5));
#11459=CARTESIAN_POINT('Ctrl Pts',(-14.9643528458662,4.6351776774461,4.5));
#11460=CARTESIAN_POINT('Ctrl Pts',(-15.9628398542616,4.2778192387691,4.5));
#11461=CARTESIAN_POINT('Ctrl Pts',(-17.3358278920315,3.81423169149772,4.5));
#11462=CARTESIAN_POINT('Ctrl Pts',(-19.1223973684334,3.25809649806824,4.5));
#11463=CARTESIAN_POINT('Ctrl Pts',(-20.9787030504704,2.72999554167218,4.5));
#11464=CARTESIAN_POINT('Ctrl Pts',(-22.9010124286139,2.2385132787298,4.5));
#11465=CARTESIAN_POINT('Ctrl Pts',(-24.8801898100817,1.79748861477804,4.5));
#11466=CARTESIAN_POINT('Ctrl Pts',(-26.9002279494428,1.42663971422999,4.5));
#11467=CARTESIAN_POINT('Ctrl Pts',(-28.9415164949073,1.14869034905193,4.5));
#11468=CARTESIAN_POINT('Ctrl Pts',(-30.9832481878582,0.986863739320685,
4.5));
#11469=CARTESIAN_POINT('Ctrl Pts',(-33.0060141783801,0.961970177535339,
4.5));
#11470=CARTESIAN_POINT('Ctrl Pts',(-34.9943120660725,1.08923907517015,4.5));
#11471=CARTESIAN_POINT('Ctrl Pts',(-36.9392399612602,1.37464808198151,4.5));
#11472=CARTESIAN_POINT('Ctrl Pts',(-38.8366020036777,1.81834565926024,4.5));
#11473=CARTESIAN_POINT('Ctrl Pts',(-40.3155018348703,2.29771524982371,4.5));
#11474=CARTESIAN_POINT('Ctrl Pts',(-41.4029027546819,2.72576490896026,4.5));
#11475=CARTESIAN_POINT('Ctrl Pts',(-42.1182295036445,3.041365193512,4.5));
#11476=CARTESIAN_POINT('Ctrl Pts',(-42.4734910637756,3.20672384315767,4.5));
#11477=CARTESIAN_POINT('Origin',(-49.0000007301569,1.00000001490116,4.5));
#11478=CARTESIAN_POINT('',(-49.0000007301569,1.00000001490116,0.));
#11479=CARTESIAN_POINT('',(-40.8448038602018,3.7574106642339,2.77555756156289E-16));
#11480=CARTESIAN_POINT('',(-49.0000007301569,1.00000001490116,4.5));
#11481=CARTESIAN_POINT('',(-49.0000007301569,1.00000001490116,4.5));
#11482=CARTESIAN_POINT('',(-49.0000007301569,1.00000001490116,4.5));
#11483=CARTESIAN_POINT('Origin',(-43.3827409494761,-6.25192758162117,4.5));
#11484=CARTESIAN_POINT('',(-42.0383277568987,-7.98757583593761,-2.77555756156289E-16));
#11485=CARTESIAN_POINT('',(-49.0000007301569,1.00000001490116,4.5));
#11486=CARTESIAN_POINT('Origin',(-11.,0.,0.));
#11487=CARTESIAN_POINT('',(-12.75,-2.14313189850787E-16,4.5));
#11488=CARTESIAN_POINT('Origin',(-11.,0.,4.5));
#11489=CARTESIAN_POINT('',(-12.75,-2.14313189850787E-16,0.));
#11490=CARTESIAN_POINT('',(-12.75,-2.14313189850787E-16,0.));
#11491=CARTESIAN_POINT('Origin',(-11.,0.,0.));
#11492=CARTESIAN_POINT('Origin',(11.,0.,0.));
#11493=CARTESIAN_POINT('',(9.25,-2.14313189850787E-16,4.5));
#11494=CARTESIAN_POINT('Origin',(11.,0.,4.5));
#11495=CARTESIAN_POINT('',(9.25,-2.14313189850787E-16,0.));
#11496=CARTESIAN_POINT('',(9.25,-2.14313189850787E-16,0.));
#11497=CARTESIAN_POINT('Origin',(11.,0.,0.));
#11498=CARTESIAN_POINT('Origin',(11.0000001639128,5.00000007450581,0.));
#11499=CARTESIAN_POINT('',(11.0000001639128,5.00000007450581,0.));
#11500=CARTESIAN_POINT('',(-11.0000001639128,5.00000007450581,0.));
#11501=CARTESIAN_POINT('',(11.0000001639128,5.00000007450581,4.5));
#11502=CARTESIAN_POINT('',(-11.0000001639128,5.00000007450581,4.5));
#11503=CARTESIAN_POINT('',(11.0000001639128,5.00000007450581,0.));
#11504=CARTESIAN_POINT('Origin',(11.,0.,0.));
#11505=CARTESIAN_POINT('',(11.0000001639128,-5.00000007450581,0.));
#11506=CARTESIAN_POINT('Origin',(11.,0.,0.));
#11507=CARTESIAN_POINT('',(11.0000001639128,-5.00000007450581,4.5));
#11508=CARTESIAN_POINT('Origin',(11.,0.,4.5));
#11509=CARTESIAN_POINT('',(11.0000001639128,-5.00000007450581,0.));
#11510=CARTESIAN_POINT('Origin',(-11.0000001639128,-5.00000007450581,0.));
#11511=CARTESIAN_POINT('',(11.0000001639128,-5.00000007450581,0.));
#11512=CARTESIAN_POINT('',(11.0000001639128,-5.00000007450581,4.5));
#11513=CARTESIAN_POINT('Origin',(0.,0.,4.5));
#11514=CARTESIAN_POINT('Origin',(0.,0.,0.));
#11515=CARTESIAN_POINT('',(0.,8.88178419700125E-16,0.));
#11516=CARTESIAN_POINT('',(-39.6859857132658,28.389323218459,26.7499999999985));
#11517=CARTESIAN_POINT('',(-34.5859857132659,28.389323218459,-1.77635683940025E-13));
#11518=CARTESIAN_POINT('',(-61.5759857132661,28.3897119263552,-9.99999999999901));
#11519=CARTESIAN_POINT('',(-25.0748250234079,8.64216229391993,5.6843418860808E-13));
#11520=CARTESIAN_POINT('',(-60.425585887177,-6.63023506196361,1.45661260830821E-12));
#11521=CARTESIAN_POINT('',(-19.1855415758605,3.54463063959543,8.17124146124115E-13));
#11522=CARTESIAN_POINT('',(-67.7802631733332,-11.216005305384,4.50000000000109));
#11523=CARTESIAN_POINT('',(0.,0.,0.));
#11524=CARTESIAN_POINT('Origin',(-14.5,0.,23.));
#11525=CARTESIAN_POINT('',(-13.25,1.53080849893419E-16,23.));
#11526=CARTESIAN_POINT('Origin',(-14.5,0.,23.));
#11527=CARTESIAN_POINT('',(-13.25,1.53080849893419E-16,20.));
#11528=CARTESIAN_POINT('',(-13.25,-1.53080849893419E-16,23.));
#11529=CARTESIAN_POINT('Origin',(-14.5,0.,20.));
#11530=CARTESIAN_POINT('Origin',(14.5,0.,23.));
#11531=CARTESIAN_POINT('',(15.75,1.53080849893419E-16,23.));
#11532=CARTESIAN_POINT('Origin',(14.5,0.,23.));
#11533=CARTESIAN_POINT('',(15.75,1.53080849893419E-16,20.));
#11534=CARTESIAN_POINT('',(15.75,-1.53080849893419E-16,23.));
#11535=CARTESIAN_POINT('Origin',(14.5,0.,20.));
#11536=CARTESIAN_POINT('Origin',(6.,5.32907043879141E-16,30.));
#11537=CARTESIAN_POINT('',(8.5,8.39068743665979E-16,34.));
#11538=CARTESIAN_POINT('Origin',(6.,5.32907043879141E-16,34.));
#11539=CARTESIAN_POINT('',(8.5,8.39068743665979E-16,30.));
#11540=CARTESIAN_POINT('',(8.5,8.39068743665979E-16,30.));
#11541=CARTESIAN_POINT('Origin',(6.,5.32907043879141E-16,30.));
#11542=CARTESIAN_POINT('Origin',(6.,5.55111512312578E-16,34.));
#11543=CARTESIAN_POINT('Origin',(6.,5.32907043879141E-16,24.));
#11544=CARTESIAN_POINT('',(12.,1.6431300685043E-15,24.));
#11545=CARTESIAN_POINT('',(0.46153846153846,-2.30769230769231,24.));
#11546=CARTESIAN_POINT('Origin',(6.,5.32907043879141E-16,24.));
#11547=CARTESIAN_POINT('',(0.461538461538459,2.30769230769231,24.));
#11548=CARTESIAN_POINT('Origin',(6.,5.32907043879141E-16,24.));
#11549=CARTESIAN_POINT('',(0.461538461538459,2.30769230769231,30.));
#11550=CARTESIAN_POINT('',(0.461538461538459,2.30769230769231,24.));
#11551=CARTESIAN_POINT('',(0.46153846153846,-2.30769230769231,30.));
#11552=CARTESIAN_POINT('Origin',(6.,5.32907043879141E-16,30.));
#11553=CARTESIAN_POINT('',(0.46153846153846,-2.30769230769231,24.));
#11554=CARTESIAN_POINT('Origin',(-0.500000000000002,2.18007429174362E-16,
24.));
#11555=CARTESIAN_POINT('Origin',(-0.500000000000002,2.18007429174362E-16,
24.));
#11556=CARTESIAN_POINT('Origin',(-0.500000000000002,2.18007429174362E-16,
30.));
#11557=CARTESIAN_POINT('Origin',(4.5,0.,30.));
#11558=CARTESIAN_POINT('Origin',(-2.22044604925031E-15,0.,24.));
#11559=CARTESIAN_POINT('',(12.,-6.25,24.));
#11560=CARTESIAN_POINT('',(12.,-6.25,24.));
#11561=CARTESIAN_POINT('',(12.,6.25,24.));
#11562=CARTESIAN_POINT('',(12.,-6.25,24.));
#11563=CARTESIAN_POINT('',(-12.,6.25,24.));
#11564=CARTESIAN_POINT('',(12.,6.25,24.));
#11565=CARTESIAN_POINT('',(-12.,-6.25,24.));
#11566=CARTESIAN_POINT('',(-12.,6.25,24.));
#11567=CARTESIAN_POINT('',(-12.,-6.25,24.));
#11568=CARTESIAN_POINT('Origin',(-17.,-6.25,23.));
#11569=CARTESIAN_POINT('',(-12.,6.25,23.));
#11570=CARTESIAN_POINT('',(-17.,6.25,23.));
#11571=CARTESIAN_POINT('',(-8.5,6.25,23.));
#11572=CARTESIAN_POINT('',(-17.,-6.25,23.));
#11573=CARTESIAN_POINT('',(-17.,-6.25,23.));
#11574=CARTESIAN_POINT('',(-12.,-6.25,23.));
#11575=CARTESIAN_POINT('',(-12.,-6.25,23.));
#11576=CARTESIAN_POINT('',(-12.,0.,23.));
#11577=CARTESIAN_POINT('Origin',(-17.,-6.25,20.));
#11578=CARTESIAN_POINT('',(-17.,6.25,20.));
#11579=CARTESIAN_POINT('',(-17.,6.25,20.75));
#11580=CARTESIAN_POINT('',(-17.,-6.25,20.));
#11581=CARTESIAN_POINT('',(-17.,-6.25,20.));
#11582=CARTESIAN_POINT('',(-17.,-6.25,23.));
#11583=CARTESIAN_POINT('Origin',(-12.,-6.25,20.));
#11584=CARTESIAN_POINT('',(-12.,6.25,20.));
#11585=CARTESIAN_POINT('',(-6.,6.25,20.));
#11586=CARTESIAN_POINT('',(-12.,-6.25,20.));
#11587=CARTESIAN_POINT('',(-12.,0.,20.));
#11588=CARTESIAN_POINT('',(-17.,-6.25,20.));
#11589=CARTESIAN_POINT('Origin',(-12.,6.25,0.));
#11590=CARTESIAN_POINT('',(-12.,6.25,0.));
#11591=CARTESIAN_POINT('',(-12.,6.25,0.));
#11592=CARTESIAN_POINT('',(-12.,-6.25,0.));
#11593=CARTESIAN_POINT('',(-12.,6.25,0.));
#11594=CARTESIAN_POINT('',(-12.,-6.25,0.));
#11595=CARTESIAN_POINT('Origin',(17.,-6.25,20.));
#11596=CARTESIAN_POINT('',(12.,6.25,20.));
#11597=CARTESIAN_POINT('',(17.,6.25,20.));
#11598=CARTESIAN_POINT('',(8.5,6.25,20.));
#11599=CARTESIAN_POINT('',(17.,-6.25,20.));
#11600=CARTESIAN_POINT('',(17.,-6.25,20.));
#11601=CARTESIAN_POINT('',(12.,-6.25,20.));
#11602=CARTESIAN_POINT('',(17.,-6.25,20.));
#11603=CARTESIAN_POINT('',(12.,-6.25,20.));
#11604=CARTESIAN_POINT('Origin',(17.,-6.25,23.));
#11605=CARTESIAN_POINT('',(17.,6.25,23.));
#11606=CARTESIAN_POINT('',(17.,6.25,22.25));
#11607=CARTESIAN_POINT('',(17.,-6.25,23.));
#11608=CARTESIAN_POINT('',(17.,-6.25,23.));
#11609=CARTESIAN_POINT('',(17.,-6.25,23.));
#11610=CARTESIAN_POINT('Origin',(12.,-6.25,23.));
#11611=CARTESIAN_POINT('',(12.,6.25,23.));
#11612=CARTESIAN_POINT('',(6.,6.25,23.));
#11613=CARTESIAN_POINT('',(12.,-6.25,23.));
#11614=CARTESIAN_POINT('',(12.,-6.25,23.));
#11615=CARTESIAN_POINT('',(12.,-6.25,23.));
#11616=CARTESIAN_POINT('Origin',(12.,-6.25,0.));
#11617=CARTESIAN_POINT('',(12.,6.25,0.));
#11618=CARTESIAN_POINT('',(12.,-6.25,0.));
#11619=CARTESIAN_POINT('Origin',(12.,-6.25,0.));
#11620=CARTESIAN_POINT('',(12.,-6.25,0.));
#11621=CARTESIAN_POINT('',(12.,-6.25,0.));
#11622=CARTESIAN_POINT('',(12.,6.25,0.));
#11623=CARTESIAN_POINT('',(12.,-6.25,0.));
#11624=CARTESIAN_POINT('',(12.,6.25,0.));
#11625=CARTESIAN_POINT('Origin',(-12.,-6.25,0.));
#11626=CARTESIAN_POINT('',(-12.,-6.25,0.));
#11627=CARTESIAN_POINT('',(-12.,-6.25,0.));
#11628=CARTESIAN_POINT('Origin',(-12.,6.25,0.));
#11629=CARTESIAN_POINT('',(-12.,6.25,0.));
#11630=CARTESIAN_POINT('Origin',(12.,6.25,0.));
#11631=CARTESIAN_POINT('',(12.,6.25,0.));
#11632=CARTESIAN_POINT('Origin',(-2.22044604925031E-15,0.,0.));
#11633=CARTESIAN_POINT('',(0.,0.,0.));
#11634=CARTESIAN_POINT('',(2.41457072830058E-15,2.16897236789971E-16,110.));
#11635=CARTESIAN_POINT('',(-26.3135850485251,39.6021106304586,151.686057245446));
#11636=CARTESIAN_POINT('',(3.67026139140826,40.5864645640846,157.686057245447));
#11637=CARTESIAN_POINT('',(-5.74168249882818,-51.0616156690545,224.928261977612));
#11638=CARTESIAN_POINT('',(-22.7928460536027,-67.6411214760874,199.532516225775));
#11639=UNCERTAINTY_MEASURE_WITH_UNIT(LENGTH_MEASURE(0.01),#11663,
'DISTANCE_ACCURACY_VALUE',
'Maximum model space distance between geometric entities at asserted c
onnectivities');
#11640=UNCERTAINTY_MEASURE_WITH_UNIT(LENGTH_MEASURE(0.01),#11663,
'DISTANCE_ACCURACY_VALUE',
'Maximum model space distance between geometric entities at asserted c
onnectivities');
#11641=UNCERTAINTY_MEASURE_WITH_UNIT(LENGTH_MEASURE(0.01),#11663,
'DISTANCE_ACCURACY_VALUE',
'Maximum model space distance between geometric entities at asserted c
onnectivities');
#11642=UNCERTAINTY_MEASURE_WITH_UNIT(LENGTH_MEASURE(0.01),#11663,
'DISTANCE_ACCURACY_VALUE',
'Maximum model space distance between geometric entities at asserted c
onnectivities');
#11643=UNCERTAINTY_MEASURE_WITH_UNIT(LENGTH_MEASURE(0.01),#11663,
'DISTANCE_ACCURACY_VALUE',
'Maximum model space distance between geometric entities at asserted c
onnectivities');
#11644=UNCERTAINTY_MEASURE_WITH_UNIT(LENGTH_MEASURE(0.01),#11663,
'DISTANCE_ACCURACY_VALUE',
'Maximum model space distance between geometric entities at asserted c
onnectivities');
#11645=UNCERTAINTY_MEASURE_WITH_UNIT(LENGTH_MEASURE(0.01),#11663,
'DISTANCE_ACCURACY_VALUE',
'Maximum model space distance between geometric entities at asserted c
onnectivities');
#11646=UNCERTAINTY_MEASURE_WITH_UNIT(LENGTH_MEASURE(0.01),#11663,
'DISTANCE_ACCURACY_VALUE',
'Maximum model space distance between geometric entities at asserted c
onnectivities');
#11647=UNCERTAINTY_MEASURE_WITH_UNIT(LENGTH_MEASURE(0.01),#11663,
'DISTANCE_ACCURACY_VALUE',
'Maximum model space distance between geometric entities at asserted c
onnectivities');
#11648=UNCERTAINTY_MEASURE_WITH_UNIT(LENGTH_MEASURE(0.01),#11663,
'DISTANCE_ACCURACY_VALUE',
'Maximum model space distance between geometric entities at asserted c
onnectivities');
#11649=UNCERTAINTY_MEASURE_WITH_UNIT(LENGTH_MEASURE(0.01),#11663,
'DISTANCE_ACCURACY_VALUE',
'Maximum model space distance between geometric entities at asserted c
onnectivities');
#11650=UNCERTAINTY_MEASURE_WITH_UNIT(LENGTH_MEASURE(0.01),#11663,
'DISTANCE_ACCURACY_VALUE',
'Maximum model space distance between geometric entities at asserted c
onnectivities');
#11651=(
GEOMETRIC_REPRESENTATION_CONTEXT(3)
GLOBAL_UNCERTAINTY_ASSIGNED_CONTEXT((#11639))
GLOBAL_UNIT_ASSIGNED_CONTEXT((#11663,#11665,#11666))
REPRESENTATION_CONTEXT('','3D')
);
#11652=(
GEOMETRIC_REPRESENTATION_CONTEXT(3)
GLOBAL_UNCERTAINTY_ASSIGNED_CONTEXT((#11640))
GLOBAL_UNIT_ASSIGNED_CONTEXT((#11663,#11665,#11666))
REPRESENTATION_CONTEXT('','3D')
);
#11653=(
GEOMETRIC_REPRESENTATION_CONTEXT(3)
GLOBAL_UNCERTAINTY_ASSIGNED_CONTEXT((#11641))
GLOBAL_UNIT_ASSIGNED_CONTEXT((#11663,#11665,#11666))
REPRESENTATION_CONTEXT('','3D')
);
#11654=(
GEOMETRIC_REPRESENTATION_CONTEXT(3)
GLOBAL_UNCERTAINTY_ASSIGNED_CONTEXT((#11642))
GLOBAL_UNIT_ASSIGNED_CONTEXT((#11663,#11665,#11666))
REPRESENTATION_CONTEXT('','3D')
);
#11655=(
GEOMETRIC_REPRESENTATION_CONTEXT(3)
GLOBAL_UNCERTAINTY_ASSIGNED_CONTEXT((#11643))
GLOBAL_UNIT_ASSIGNED_CONTEXT((#11663,#11665,#11666))
REPRESENTATION_CONTEXT('','3D')
);
#11656=(
GEOMETRIC_REPRESENTATION_CONTEXT(3)
GLOBAL_UNCERTAINTY_ASSIGNED_CONTEXT((#11644))
GLOBAL_UNIT_ASSIGNED_CONTEXT((#11663,#11665,#11666))
REPRESENTATION_CONTEXT('','3D')
);
#11657=(
GEOMETRIC_REPRESENTATION_CONTEXT(3)
GLOBAL_UNCERTAINTY_ASSIGNED_CONTEXT((#11645))
GLOBAL_UNIT_ASSIGNED_CONTEXT((#11663,#11665,#11666))
REPRESENTATION_CONTEXT('','3D')
);
#11658=(
GEOMETRIC_REPRESENTATION_CONTEXT(3)
GLOBAL_UNCERTAINTY_ASSIGNED_CONTEXT((#11646))
GLOBAL_UNIT_ASSIGNED_CONTEXT((#11663,#11665,#11666))
REPRESENTATION_CONTEXT('','3D')
);
#11659=(
GEOMETRIC_REPRESENTATION_CONTEXT(3)
GLOBAL_UNCERTAINTY_ASSIGNED_CONTEXT((#11647))
GLOBAL_UNIT_ASSIGNED_CONTEXT((#11663,#11665,#11666))
REPRESENTATION_CONTEXT('','3D')
);
#11660=(
GEOMETRIC_REPRESENTATION_CONTEXT(3)
GLOBAL_UNCERTAINTY_ASSIGNED_CONTEXT((#11648))
GLOBAL_UNIT_ASSIGNED_CONTEXT((#11663,#11665,#11666))
REPRESENTATION_CONTEXT('','3D')
);
#11661=(
GEOMETRIC_REPRESENTATION_CONTEXT(3)
GLOBAL_UNCERTAINTY_ASSIGNED_CONTEXT((#11649))
GLOBAL_UNIT_ASSIGNED_CONTEXT((#11663,#11665,#11666))
REPRESENTATION_CONTEXT('','3D')
);
#11662=(
GEOMETRIC_REPRESENTATION_CONTEXT(3)
GLOBAL_UNCERTAINTY_ASSIGNED_CONTEXT((#11650))
GLOBAL_UNIT_ASSIGNED_CONTEXT((#11663,#11665,#11666))
REPRESENTATION_CONTEXT('','3D')
);
#11663=(
LENGTH_UNIT()
NAMED_UNIT(*)
SI_UNIT(.MILLI.,.METRE.)
);
#11664=(
LENGTH_UNIT()
NAMED_UNIT(*)
SI_UNIT($,.METRE.)
);
#11665=(
NAMED_UNIT(*)
PLANE_ANGLE_UNIT()
SI_UNIT($,.RADIAN.)
);
#11666=(
NAMED_UNIT(*)
SI_UNIT($,.STERADIAN.)
SOLID_ANGLE_UNIT()
);
#11667=SHAPE_DEFINITION_REPRESENTATION(#11678,#11703);
#11668=SHAPE_DEFINITION_REPRESENTATION(#11679,#11704);
#11669=SHAPE_DEFINITION_REPRESENTATION(#11680,#11705);
#11670=SHAPE_DEFINITION_REPRESENTATION(#11681,#11706);
#11671=SHAPE_DEFINITION_REPRESENTATION(#11682,#11707);
#11672=SHAPE_DEFINITION_REPRESENTATION(#11683,#11708);
#11673=SHAPE_DEFINITION_REPRESENTATION(#11684,#11709);
#11674=SHAPE_DEFINITION_REPRESENTATION(#11685,#11710);
#11675=SHAPE_DEFINITION_REPRESENTATION(#11686,#11711);
#11676=SHAPE_DEFINITION_REPRESENTATION(#11687,#11712);
#11677=SHAPE_DEFINITION_REPRESENTATION(#11696,#11713);
#11678=PRODUCT_DEFINITION_SHAPE('',$,#11715);
#11679=PRODUCT_DEFINITION_SHAPE('',$,#11716);
#11680=PRODUCT_DEFINITION_SHAPE('',$,#11717);
#11681=PRODUCT_DEFINITION_SHAPE('',$,#11718);
#11682=PRODUCT_DEFINITION_SHAPE('',$,#11719);
#11683=PRODUCT_DEFINITION_SHAPE('',$,#11720);
#11684=PRODUCT_DEFINITION_SHAPE('',$,#11721);
#11685=PRODUCT_DEFINITION_SHAPE('',$,#11722);
#11686=PRODUCT_DEFINITION_SHAPE('',$,#11723);
#11687=PRODUCT_DEFINITION_SHAPE('',$,#11724);
#11688=PRODUCT_DEFINITION_SHAPE($,$,#53);
#11689=PRODUCT_DEFINITION_SHAPE($,$,#54);
#11690=PRODUCT_DEFINITION_SHAPE($,$,#55);
#11691=PRODUCT_DEFINITION_SHAPE($,$,#56);
#11692=PRODUCT_DEFINITION_SHAPE($,$,#57);
#11693=PRODUCT_DEFINITION_SHAPE($,$,#58);
#11694=PRODUCT_DEFINITION_SHAPE($,$,#59);
#11695=PRODUCT_DEFINITION_SHAPE($,$,#60);
#11696=PRODUCT_DEFINITION_SHAPE('',$,#11725);
#11697=PRODUCT_DEFINITION_SHAPE($,$,#61);
#11698=PRODUCT_DEFINITION_SHAPE($,$,#62);
#11699=PRODUCT_DEFINITION_SHAPE($,$,#63);
#11700=PRODUCT_DEFINITION_SHAPE($,$,#64);
#11701=PRODUCT_DEFINITION_SHAPE($,$,#65);
#11702=PRODUCT_DEFINITION_SHAPE($,$,#66);
#11703=SHAPE_REPRESENTATION('',(#6244,#6935,#6936,#6937,#6938,#6939,#6940),
#11651);
#11704=SHAPE_REPRESENTATION('',(#6245),#11652);
#11705=SHAPE_REPRESENTATION('',(#6392),#11653);
#11706=SHAPE_REPRESENTATION('',(#6449),#11654);
#11707=SHAPE_REPRESENTATION('',(#6466,#6894,#6895,#6896,#6897,#6898,#6899,
#6900,#6901),#11655);
#11708=SHAPE_REPRESENTATION('',(#6467),#11656);
#11709=SHAPE_REPRESENTATION('',(#6656),#11657);
#11710=SHAPE_REPRESENTATION('',(#6705),#11658);
#11711=SHAPE_REPRESENTATION('',(#6848),#11659);
#11712=SHAPE_REPRESENTATION('',(#6877),#11660);
#11713=SHAPE_REPRESENTATION('',(#6902),#11661);
#11714=PRODUCT_DEFINITION_CONTEXT('part definition',#11749,'design');
#11715=PRODUCT_DEFINITION('2026-08-23-17-56-22-955','Robotic Arm',#11726,
#11714);
#11716=PRODUCT_DEFINITION('2026-08-18-15-37-16-751','Base',#11727,#11714);
#11717=PRODUCT_DEFINITION('2026-08-19-17-00-12-411','Base Link',#11728,
#11714);
#11718=PRODUCT_DEFINITION('2026-08-19-17-32-45-715','Linker',#11729,#11714);
#11719=PRODUCT_DEFINITION('2026-08-23-01-23-45-156','Gripper 2.0',#11730,
#11714);
#11720=PRODUCT_DEFINITION('2026-08-20-15-56-53-692','Gripper Base',#11731,
#11714);
#11721=PRODUCT_DEFINITION('2026-08-19-23-11-10-944','Servo',#11732,#11714);
#11722=PRODUCT_DEFINITION('2026-08-19-19-26-28-269','Gear',#11733,#11714);
#11723=PRODUCT_DEFINITION('2026-08-19-23-00-53-516','Link',#11734,#11714);
#11724=PRODUCT_DEFINITION('2026-08-19-22-23-44-975',
'Gripper Holder 3.0',#11735,#11714);
#11725=PRODUCT_DEFINITION('2026-08-23-17-35-19-332','SG90',#11736,#11714);
#11726=PRODUCT_DEFINITION_FORMATION('',$,#11751);
#11727=PRODUCT_DEFINITION_FORMATION('',$,#11752);
#11728=PRODUCT_DEFINITION_FORMATION('',$,#11753);
#11729=PRODUCT_DEFINITION_FORMATION('',$,#11754);
#11730=PRODUCT_DEFINITION_FORMATION('',$,#11755);
#11731=PRODUCT_DEFINITION_FORMATION('',$,#11756);
#11732=PRODUCT_DEFINITION_FORMATION('',$,#11757);
#11733=PRODUCT_DEFINITION_FORMATION('',$,#11758);
#11734=PRODUCT_DEFINITION_FORMATION('',$,#11759);
#11735=PRODUCT_DEFINITION_FORMATION('',$,#11760);
#11736=PRODUCT_DEFINITION_FORMATION('',$,#11761);
#11737=PRODUCT_RELATED_PRODUCT_CATEGORY('Robotic Arm','Robotic Arm',(#11751));
#11738=PRODUCT_RELATED_PRODUCT_CATEGORY('Base','Base',(#11752));
#11739=PRODUCT_RELATED_PRODUCT_CATEGORY('Base Link','Base Link',(#11753));
#11740=PRODUCT_RELATED_PRODUCT_CATEGORY('Linker','Linker',(#11754));
#11741=PRODUCT_RELATED_PRODUCT_CATEGORY('Gripper 2.0','Gripper 2.0',(#11755));
#11742=PRODUCT_RELATED_PRODUCT_CATEGORY('Gripper Base','Gripper Base',(#11756));
#11743=PRODUCT_RELATED_PRODUCT_CATEGORY('Servo','Servo',(#11757));
#11744=PRODUCT_RELATED_PRODUCT_CATEGORY('Gear','Gear',(#11758));
#11745=PRODUCT_RELATED_PRODUCT_CATEGORY('Link','Link',(#11759));
#11746=PRODUCT_RELATED_PRODUCT_CATEGORY('Gripper Holder 3.0',
'Gripper Holder 3.0',(#11760));
#11747=PRODUCT_RELATED_PRODUCT_CATEGORY('SG90','SG90',(#11761));
#11748=APPLICATION_PROTOCOL_DEFINITION('international standard',
'automotive_design',2009,#11749);
#11749=APPLICATION_CONTEXT(
'Core Data for Automotive Mechanical Design Process');
#11750=PRODUCT_CONTEXT('part definition',#11749,'mechanical');
#11751=PRODUCT('2026-08-23-17-56-22-955','Robotic Arm',$,(#11750));
#11752=PRODUCT('2026-08-18-15-37-16-751','Base',$,(#11750));
#11753=PRODUCT('2026-08-19-17-00-12-411','Base Link',$,(#11750));
#11754=PRODUCT('2026-08-19-17-32-45-715','Linker',$,(#11750));
#11755=PRODUCT('2026-08-23-01-23-45-156','Gripper 2.0',$,(#11750));
#11756=PRODUCT('2026-08-20-15-56-53-692','Gripper Base',$,(#11750));
#11757=PRODUCT('2026-08-19-23-11-10-944','Servo',$,(#11750));
#11758=PRODUCT('2026-08-19-19-26-28-269','Gear',$,(#11750));
#11759=PRODUCT('2026-08-19-23-00-53-516','Link',$,(#11750));
#11760=PRODUCT('2026-08-19-22-23-44-975','Gripper Holder 3.0',$,(#11750));
#11761=PRODUCT('2026-08-23-17-35-19-332','SG90',$,(#11750));
#11762=PRESENTATION_STYLE_ASSIGNMENT((#11763));
#11763=SURFACE_STYLE_USAGE(.BOTH.,#11764);
#11764=SURFACE_SIDE_STYLE('',(#11765));
#11765=SURFACE_STYLE_FILL_AREA(#11766);
#11766=FILL_AREA_STYLE('Steel - Satin',(#11767));
#11767=FILL_AREA_STYLE_COLOUR('Steel - Satin',#11768);
#11768=COLOUR_RGB('Steel - Satin',0.627450980392157,0.627450980392157,0.627450980392157);
ENDSEC;
END-ISO-10303-21;
